{
  "type": "FeatureCollection",
  "features": [
    {
      "type": "Feature",
      "geometry": {
        "type": "Polygon",
        "coordinates": [
          [
            [
              77.75887503313105,
              12.967893383404489
            ],
            [
              77.75487165282864,
              12.980391114022254
            ],
            [
              77.74225551215812,
              12.982936997605167
            ],
            [
              77.73364428008253,
              12.97298652986285
            ],
            [
              77.73764747750296,
              12.960490292628823
            ],
            [
              77.75026209016245,
              12.95794302975336
            ],
            [
              77.75887503313105,
              12.967893383404489
            ]
          ]
        ]
      },
      "properties": {
        "rank": 1,
        "hex_id": "87618921dffffff",
        "name": "Hagaduru",
        "final_affluence_score": 86.7807,
        "affluence_tier": "Very High Affluence",
        "spatial_relation": "local_signal",
        "confidence_score": 1.0,
        "countable_family_tam": 1855.0,
        "direct_family_tam": 2080.0,
        "direct_total_units": 2445.0,
        "direct_luxury_society_tam": 1855.0,
        "conservative_50l_plus_family_tam": 1855.0,
        "conservative_50l_plus_share_of_direct_tam": 0.8918,
        "estimated_40l_plus_family_tam_linear_25_50_split": 1855.0,
        "estimated_40l_plus_share_linear_25_50_split": 0.8918,
        "nearby_family_tam_weighted_context": 2434.75,
        "society_cluster_tam_weighted_context_not_counted": 3265.09,
        "market_price_per_sqft": 11886.256119673619,
        "refined_budget_segment": "Ultra Premium",
        "premium_candidate_score": 0.6753790463627243,
        "rental_yield_pct": 3.0,
        "yearly_appreciation_pct": 17.6,
        "society_score": 0.922817,
        "society_cluster_score": 0.951974,
        "hospital_score": 0.729698,
        "market_score": 0.962829,
        "sez_workplace_score": 0.841902,
        "habitability_score": 0.781218,
        "habitability_class": "dense_habitable",
        "habitable_for_residential_tam": true,
        "societies_direct_count": 11,
        "societies_nearby_count": 25,
        "society_cluster_project_count": 33,
        "hospitals_nearby_count": 51,
        "top_societies": "Prestige Waterford (Ultra Luxury, TAM 586) | Gopalan Atlantis (Super Luxury, TAM 326) | Brigade Cosmopolis (Ultra Luxury, TAM 128) | Prestige Palms (Super Luxury, TAM 218) | UKN Miraya Rose (Ultra Luxury, TAM 71)",
        "top_hospitals": "Aster Women & Children Hospital (Ultra Premium, 7.7 min) | Aster Whitefield Hospital (Ultra Premium, 7.7 min) | RxDx Healthcare (Ultra Premium, 8.8 min) | Kauvery Hospital (Ultra Premium, 10.0 min) | Cloudnine Hospital (Super Premium, 4.6 min)",
        "quality_flags": "",
        "commute_score": 92.1,
        "commute_band": "Excellent commute convenience",
        "centroid_lat": 12.970440444431349,
        "centroid_lon": 77.74625887408514,
        "zone": "East"
      }
    },
    {
      "type": "Feature",
      "geometry": {
        "type": "Polygon",
        "coordinates": [
          [
            [
              77.73764747750296,
              12.960490292628823
            ],
            [
              77.73364428008253,
              12.97298652986285
            ],
            [
              77.72103125205474,
              12.975531639661957
            ],
            [
              77.71242294979669,
              12.965581892899152
            ],
            [
              77.71642596317876,
              12.953087150331617
            ],
            [
              77.72903746313843,
              12.950540659860676
            ],
            [
              77.73764747750296,
              12.960490292628823
            ]
          ]
        ]
      },
      "properties": {
        "rank": 2,
        "hex_id": "87618920affffff",
        "name": "Kundalahalli-AECS Layout E Block",
        "final_affluence_score": 82.921,
        "affluence_tier": "Very High Affluence",
        "spatial_relation": "core_cluster",
        "confidence_score": 1.0,
        "countable_family_tam": 1670.0,
        "direct_family_tam": 3105.0,
        "direct_total_units": 3653.0,
        "direct_luxury_society_tam": 1345.0,
        "conservative_50l_plus_family_tam": 1345.0,
        "conservative_50l_plus_share_of_direct_tam": 0.4332,
        "estimated_40l_plus_family_tam_linear_25_50_split": 1670.0,
        "estimated_40l_plus_share_linear_25_50_split": 0.5378,
        "nearby_family_tam_weighted_context": 3284.74,
        "society_cluster_tam_weighted_context_not_counted": 4853.29,
        "market_price_per_sqft": 8497.370431893687,
        "refined_budget_segment": "Premium Candidate",
        "premium_candidate_score": 0.13755772820467732,
        "rental_yield_pct": 2.3303571428571432,
        "yearly_appreciation_pct": 14.629867256637167,
        "society_score": 0.918378,
        "society_cluster_score": 0.98541,
        "hospital_score": 0.810647,
        "market_score": 0.652074,
        "sez_workplace_score": 0.835812,
        "habitability_score": 0.747427,
        "habitability_class": "habitable",
        "habitable_for_residential_tam": true,
        "societies_direct_count": 10,
        "societies_nearby_count": 18,
        "society_cluster_project_count": 47,
        "hospitals_nearby_count": 74,
        "top_societies": "Divyasree Republic Of Whitefield (Super Luxury, TAM 1,105) | Spectra Palmwoods (Ultra Luxury, TAM 178) | The Residences at Brigade Tech Gardens (Ultra Luxury, TAM 62) | Sumadhura Lake Breeze (Premium, TAM 163) | Mahaveer Tranquil (Premium, TAM 162)",
        "top_hospitals": "Kauvery Hospital (Ultra Premium, 4.1 min) | RxDx Healthcare (Ultra Premium, 6.7 min) | Brookefield Hospital (Ultra Premium, 2.0 min) | Kinder Women's Hospital and Fertility Centre (Ultra Premium, 7.3 min) | Aster Women & Children Hospital (Ultra Premium, 10.9 min)",
        "quality_flags": "",
        "commute_score": 91.8,
        "commute_band": "Excellent commute convenience",
        "centroid_lat": 12.963036580356444,
        "centroid_lon": 77.72503443040411,
        "zone": "East"
      }
    },
    {
      "type": "Feature",
      "geometry": {
        "type": "Polygon",
        "coordinates": [
          [
            [
              77.6167704019308,
              13.04325861736531
            ],
            [
              77.61276664570687,
              13.055741075605894
            ],
            [
              77.60016629279933,
              13.058272462931056
            ],
            [
              77.59157122600067,
              13.048322782528361
            ],
            [
              77.59557479146217,
              13.035841821216849
            ],
            [
              77.6081736147646,
              13.033309043379829
            ],
            [
              77.6167704019308,
              13.04325861736531
            ]
          ]
        ]
      },
      "properties": {
        "rank": 3,
        "hex_id": "8761892c8ffffff",
        "name": "Kempapura-Byatarayanapura",
        "final_affluence_score": 81.4496,
        "affluence_tier": "Very High Affluence",
        "spatial_relation": "local_signal",
        "confidence_score": 1.0,
        "countable_family_tam": 1050.0,
        "direct_family_tam": 1050.0,
        "direct_total_units": 1234.0,
        "direct_luxury_society_tam": 1023.0,
        "conservative_50l_plus_family_tam": 1023.0,
        "conservative_50l_plus_share_of_direct_tam": 0.9743,
        "estimated_40l_plus_family_tam_linear_25_50_split": 1050.0,
        "estimated_40l_plus_share_linear_25_50_split": 1.0,
        "nearby_family_tam_weighted_context": 1209.47,
        "society_cluster_tam_weighted_context_not_counted": 1736.98,
        "market_price_per_sqft": 10088.12420262664,
        "refined_budget_segment": "Premium",
        "premium_candidate_score": 0.5547177889524202,
        "rental_yield_pct": 3.161290322580645,
        "yearly_appreciation_pct": 14.245454545454544,
        "society_score": 0.855214,
        "society_cluster_score": 0.872641,
        "hospital_score": 0.797466,
        "market_score": 0.870667,
        "sez_workplace_score": 0.883828,
        "habitability_score": 0.907807,
        "habitability_class": "dense_habitable",
        "habitable_for_residential_tam": true,
        "societies_direct_count": 5,
        "societies_nearby_count": 13,
        "society_cluster_project_count": 24,
        "hospitals_nearby_count": 109,
        "top_societies": "Embassy Lake Terraces (Ultra Luxury, TAM 397) | SNN Clermont (Ultra Luxury, TAM 365) | Sobha Petunia (Ultra Luxury, TAM 133) | Prestige Misty Waters (Super Luxury, TAM 128) | Canopy Calyx (Premium, TAM 27)",
        "top_hospitals": "Aster CMI Hospital (Ultra Premium, 6.1 min) | Mind and Brain hospital (Ultra Premium, 7.2 min) | Trilife Hospital (Ultra Premium, 11.9 min) | Cloudnine Hospital - HRBR (Ultra Premium, 13.0 min) | People Tree Hospitals (Ultra Premium, 15.7 min)",
        "quality_flags": "",
        "commute_score": 89.1,
        "commute_band": "Excellent commute convenience",
        "centroid_lat": 13.045791188877198,
        "centroid_lon": 77.6041700259799,
        "zone": "North"
      }
    },
    {
      "type": "Feature",
      "geometry": {
        "type": "Polygon",
        "coordinates": [
          [
            [
              77.7072181061678,
              12.908199065210942
            ],
            [
              77.70321571390919,
              12.920694888214346
            ],
            [
              77.69060885677601,
              12.923241989594747
            ],
            [
              77.6820059199165,
              12.913294649941497
            ],
            [
              77.68600812653077,
              12.900800325107035
            ],
            [
              77.69861345592952,
              12.898251841757961
            ],
            [
              77.7072181061678,
              12.908199065210942
            ]
          ]
        ]
      },
      "properties": {
        "rank": 4,
        "hex_id": "876189272ffffff",
        "name": "Chikkakanneli-Gunjur",
        "final_affluence_score": 80.9801,
        "affluence_tier": "Very High Affluence",
        "spatial_relation": "core_cluster",
        "confidence_score": 1.0,
        "countable_family_tam": 2581.0,
        "direct_family_tam": 3450.0,
        "direct_total_units": 4056.0,
        "direct_luxury_society_tam": 2305.0,
        "conservative_50l_plus_family_tam": 1683.0,
        "conservative_50l_plus_share_of_direct_tam": 0.4878,
        "estimated_40l_plus_family_tam_linear_25_50_split": 2581.0,
        "estimated_40l_plus_share_linear_25_50_split": 0.7481,
        "nearby_family_tam_weighted_context": 3778.99,
        "society_cluster_tam_weighted_context_not_counted": 5332.3,
        "market_price_per_sqft": 10063.868852459014,
        "refined_budget_segment": "Mid-Segment",
        "premium_candidate_score": 0.1684989494639561,
        "rental_yield_pct": 4.0,
        "yearly_appreciation_pct": 10.024342105263159,
        "society_score": 0.88589,
        "society_cluster_score": 0.99838,
        "hospital_score": 0.82683,
        "market_score": 0.683931,
        "sez_workplace_score": 0.593065,
        "habitability_score": 0.649691,
        "habitability_class": "habitable",
        "habitable_for_residential_tam": true,
        "societies_direct_count": 15,
        "societies_nearby_count": 26,
        "society_cluster_project_count": 56,
        "hospitals_nearby_count": 93,
        "top_societies": "SJR Palazza City (Super Luxury, TAM 840) | Assetz East Point (Super Luxury, TAM 361) | DSR Woodwinds (Ultra Luxury, TAM 128) | Saran Mulberry Woods (Ultra Luxury, TAM 128) | Prestige Jade Pavilion (Super Luxury, TAM 226)",
        "top_hospitals": "Sakra World Hospital (Ultra Premium, 6.8 min) | Belenus Champion Hospital (Ultra Premium, 3.5 min) | Manipal Hospital (Ultra Premium, 8.2 min) | Cloudnine Hospital (Ultra Premium, 9.5 min) | Apollo Clinic (Ultra Premium, 7.7 min)",
        "quality_flags": "",
        "commute_score": 89.2,
        "commute_band": "Excellent commute convenience",
        "centroid_lat": 12.910747344032684,
        "centroid_lon": 77.6946112289725,
        "zone": "South-East"
      }
    },
    {
      "type": "Feature",
      "geometry": {
        "type": "Polygon",
        "coordinates": [
          [
            [
              77.68600812653077,
              12.900800325107035
            ],
            [
              77.6820059199165,
              12.913294649941497
            ],
            [
              77.66940217992729,
              12.915840982900002
            ],
            [
              77.66080217462051,
              12.905894374368255
            ],
            [
              77.6648041944373,
              12.89340154898132
            ],
            [
              77.67740640663867,
              12.89085383267999
            ],
            [
              77.68600812653077,
              12.900800325107035
            ]
          ]
        ]
      },
      "properties": {
        "rank": 5,
        "hex_id": "876189273ffffff",
        "name": "Halanayakanahalli-Kasavanahalli",
        "final_affluence_score": 80.7482,
        "affluence_tier": "Very High Affluence",
        "spatial_relation": "core_cluster",
        "confidence_score": 1.0,
        "countable_family_tam": 5770.0,
        "direct_family_tam": 6471.0,
        "direct_total_units": 7608.0,
        "direct_luxury_society_tam": 5185.0,
        "conservative_50l_plus_family_tam": 3796.0,
        "conservative_50l_plus_share_of_direct_tam": 0.5866,
        "estimated_40l_plus_family_tam_linear_25_50_split": 5770.0,
        "estimated_40l_plus_share_linear_25_50_split": 0.8917,
        "nearby_family_tam_weighted_context": 6924.41,
        "society_cluster_tam_weighted_context_not_counted": 8486.89,
        "market_price_per_sqft": 8107.636085626911,
        "refined_budget_segment": "Premium",
        "premium_candidate_score": 0.3047765013695179,
        "rental_yield_pct": 2.536,
        "yearly_appreciation_pct": 6.05474006116208,
        "society_score": 0.944074,
        "society_cluster_score": 1.0,
        "hospital_score": 0.832834,
        "market_score": 0.644988,
        "sez_workplace_score": 0.064258,
        "habitability_score": 0.669926,
        "habitability_class": "habitable",
        "habitable_for_residential_tam": true,
        "societies_direct_count": 20,
        "societies_nearby_count": 38,
        "society_cluster_project_count": 62,
        "hospitals_nearby_count": 102,
        "top_societies": "Prestige Ferns Residency (Super Luxury, TAM 1,261) | Salarpuria Sattva Senorita (Ultra Luxury, TAM 360) | Bren Imperia (Super Luxury, TAM 835) | Klassik Landmark (Super Luxury, TAM 502) | Golden Woods (Ultra Luxury, TAM 128)",
        "top_hospitals": "Manipal Hospital (Ultra Premium, 5.5 min) | Cloudnine Hospital (Ultra Premium, 6.8 min) | Sakra World Hospital (Ultra Premium, 10.2 min) | Apollo Clinic (Ultra Premium, 7.7 min) | Aarogya Hastha Hospitals (Ultra Premium, 0.9 min)",
        "quality_flags": "",
        "commute_score": 86.3,
        "commute_band": "Excellent commute convenience",
        "centroid_lat": 12.903347835989598,
        "centroid_lon": 77.6734043657855,
        "zone": "South-East"
      }
    },
    {
      "type": "Feature",
      "geometry": {
        "type": "Polygon",
        "coordinates": [
          [
            [
              77.72382881697631,
              12.89315195781238
            ],
            [
              77.71982655057417,
              12.905649813514117
            ],
            [
              77.7072181061678,
              12.908199065210942
            ],
            [
              77.69861345592952,
              12.898251841757961
            ],
            [
              77.70261553761596,
              12.885755484054581
            ],
            [
              77.7152224545372,
              12.883204851806845
            ],
            [
              77.72382881697631,
              12.89315195781238
            ]
          ]
        ]
      },
      "properties": {
        "rank": 6,
        "hex_id": "876189276ffffff",
        "name": "Kodathi",
        "final_affluence_score": 80.249,
        "affluence_tier": "Very High Affluence",
        "spatial_relation": "independent_anchor",
        "confidence_score": 0.9333,
        "countable_family_tam": 1999.0,
        "direct_family_tam": 2606.0,
        "direct_total_units": 3065.0,
        "direct_luxury_society_tam": 1417.0,
        "conservative_50l_plus_family_tam": 830.0,
        "conservative_50l_plus_share_of_direct_tam": 0.3185,
        "estimated_40l_plus_family_tam_linear_25_50_split": 1999.0,
        "estimated_40l_plus_share_linear_25_50_split": 0.7671,
        "nearby_family_tam_weighted_context": 2936.29,
        "society_cluster_tam_weighted_context_not_counted": 3642.91,
        "market_price_per_sqft": 12077.455947136565,
        "refined_budget_segment": "Mid-Segment",
        "premium_candidate_score": 0.3789950615297324,
        "rental_yield_pct": null,
        "yearly_appreciation_pct": 10.1,
        "society_score": 0.905157,
        "society_cluster_score": 0.93477,
        "hospital_score": 0.722794,
        "market_score": 0.78514,
        "sez_workplace_score": 0.647877,
        "habitability_score": 0.454485,
        "habitability_class": "sparse_habitable",
        "habitable_for_residential_tam": true,
        "societies_direct_count": 6,
        "societies_nearby_count": 11,
        "society_cluster_project_count": 18,
        "hospitals_nearby_count": 63,
        "top_societies": "Godrej Park Retreat (Super Luxury, TAM 830) | Mana Capitol (Luxury, TAM 587) | Ahad Euphoria (Premium, TAM 582) | Brigade Parkside East (Aspirational Premium, TAM 240) | Confident Leo (Aspirational Premium, TAM 207)",
        "top_hospitals": "Belenus Champion Hospital (Ultra Premium, 3.0 min) | Manipal Hospital (Ultra Premium, 11.3 min) | Sakra World Hospital (Ultra Premium, 13.5 min) | Cloudnine Hospital (Ultra Premium, 12.6 min) | Apollo Clinic (Ultra Premium, 13.5 min)",
        "quality_flags": "",
        "commute_score": 85.9,
        "commute_band": "Excellent commute convenience",
        "centroid_lat": 12.895702385980305,
        "centroid_lon": 77.71122035305417,
        "zone": "South-East"
      }
    },
    {
      "type": "Feature",
      "geometry": {
        "type": "Polygon",
        "coordinates": [
          [
            [
              77.74225551215812,
              12.982936997605167
            ],
            [
              77.73825200441254,
              12.995432687991622
            ],
            [
              77.72563744812238,
              12.99797641708178
            ],
            [
              77.71702792812148,
              12.988025836494474
            ],
            [
              77.72103125205474,
              12.975531639661957
            ],
            [
              77.73364428008253,
              12.97298652986285
            ],
            [
              77.74225551215812,
              12.982936997605167
            ]
          ]
        ]
      },
      "properties": {
        "rank": 7,
        "hex_id": "876189219ffffff",
        "name": "Bharath Aikya Ward-S.M Krishna Ward",
        "final_affluence_score": 79.8115,
        "affluence_tier": "High Affluence",
        "spatial_relation": "core_cluster",
        "confidence_score": 1.0,
        "countable_family_tam": 4521.0,
        "direct_family_tam": 4781.0,
        "direct_total_units": 5623.0,
        "direct_luxury_society_tam": 4521.0,
        "conservative_50l_plus_family_tam": 4521.0,
        "conservative_50l_plus_share_of_direct_tam": 0.9456,
        "estimated_40l_plus_family_tam_linear_25_50_split": 4521.0,
        "estimated_40l_plus_share_linear_25_50_split": 0.9456,
        "nearby_family_tam_weighted_context": 5114.55,
        "society_cluster_tam_weighted_context_not_counted": 6368.4,
        "market_price_per_sqft": 4443.4192439862545,
        "refined_budget_segment": "Premium Candidate",
        "premium_candidate_score": 0.20029684914326812,
        "rental_yield_pct": null,
        "yearly_appreciation_pct": 17.802542372881355,
        "society_score": 0.96876,
        "society_cluster_score": 0.998577,
        "hospital_score": 0.789356,
        "market_score": 0.408671,
        "sez_workplace_score": 0.670495,
        "habitability_score": 0.57708,
        "habitability_class": "habitable",
        "habitable_for_residential_tam": true,
        "societies_direct_count": 8,
        "societies_nearby_count": 24,
        "society_cluster_project_count": 43,
        "hospitals_nearby_count": 65,
        "top_societies": "Prestige Shantiniketan (Ultra Luxury, TAM 2,552) | Total Environment Pursuit of A Radical Rhapsody (Ultra Luxury, TAM 1,157) | Total Windmills Of Your Mind (Ultra Luxury, TAM 344) | The Five Summits Address (Ultra Luxury, TAM 190) | Vaswani Exquisite (Ultra Luxury, TAM 128)",
        "top_hospitals": "Aster Women & Children Hospital (Ultra Premium, 1.2 min) | Aster Whitefield Hospital (Ultra Premium, 1.2 min) | Kinder Women's Hospital and Fertility Centre (Ultra Premium, 6.4 min) | RxDx Healthcare (Ultra Premium, 9.1 min) | Medicover Hospitals - Bangalore (Mid-Premium, 2.6 min)",
        "quality_flags": "",
        "commute_score": 88.0,
        "commute_band": "Excellent commute convenience",
        "centroid_lat": 12.985481905108067,
        "centroid_lon": 77.72964093694527,
        "zone": "East"
      }
    },
    {
      "type": "Feature",
      "geometry": {
        "type": "Polygon",
        "coordinates": [
          [
            [
              77.62241448575068,
              12.878603904171367
            ],
            [
              77.61841284298353,
              12.891093726833853
            ],
            [
              77.60581846752578,
              12.893637762330513
            ],
            [
              77.59722726305384,
              12.883693362621853
            ],
            [
              77.60122871557114,
              12.87120504323304
            ],
            [
              77.61382156308967,
              12.8686596202815
            ],
            [
              77.62241448575068,
              12.878603904171367
            ]
          ]
        ]
      },
      "properties": {
        "rank": 8,
        "hex_id": "876189241ffffff",
        "name": "Vijaya Bank Layout-Beguru",
        "final_affluence_score": 78.7616,
        "affluence_tier": "High Affluence",
        "spatial_relation": "local_signal",
        "confidence_score": 1.0,
        "countable_family_tam": 1818.0,
        "direct_family_tam": 2062.0,
        "direct_total_units": 2425.0,
        "direct_luxury_society_tam": 910.0,
        "conservative_50l_plus_family_tam": 542.0,
        "conservative_50l_plus_share_of_direct_tam": 0.2629,
        "estimated_40l_plus_family_tam_linear_25_50_split": 1818.0,
        "estimated_40l_plus_share_linear_25_50_split": 0.8817,
        "nearby_family_tam_weighted_context": 2695.77,
        "society_cluster_tam_weighted_context_not_counted": 3910.61,
        "market_price_per_sqft": 12940.952741020794,
        "refined_budget_segment": "Premium Candidate",
        "premium_candidate_score": 0.4433151289672425,
        "rental_yield_pct": null,
        "yearly_appreciation_pct": 31.7,
        "society_score": 0.891407,
        "society_cluster_score": 0.950124,
        "hospital_score": 0.824584,
        "market_score": 0.69942,
        "sez_workplace_score": 0.219363,
        "habitability_score": 0.808009,
        "habitability_class": "dense_habitable",
        "habitable_for_residential_tam": true,
        "societies_direct_count": 9,
        "societies_nearby_count": 25,
        "society_cluster_project_count": 36,
        "hospitals_nearby_count": 114,
        "top_societies": "Paramount Pilatus (Super Luxury, TAM 265) | Keya Spring (Super Luxury, TAM 230) | Hiranandani QueensGate (Luxury, TAM 368) | Sona Vistaas (Premium, TAM 511) | JJ Elita (Super Luxury, TAM 47)",
        "top_hospitals": "Apollo Hospital (Ultra Premium, 5.6 min) | Fortis Hospital (Ultra Premium, 5.9 min) | Aster RV Hospital (Ultra Premium, 9.8 min) | Cadabams Hospitals (Ultra Premium, 8.6 min) | Chirag Global Hospitals (Ultra Premium, 6.1 min)",
        "quality_flags": "",
        "commute_score": 92.8,
        "commute_band": "Excellent commute convenience",
        "centroid_lat": 12.881149119034715,
        "centroid_lon": 77.60982008745884,
        "zone": "South"
      }
    },
    {
      "type": "Feature",
      "geometry": {
        "type": "Polygon",
        "coordinates": [
          [
            [
              77.72563744812238,
              12.99797641708178
            ],
            [
              77.72163381364496,
              13.010470064501751
            ],
            [
              77.70902084362781,
              13.013011637611934
            ],
            [
              77.70041303688207,
              13.0030609454259
            ],
            [
              77.70441648661719,
              12.990568791728345
            ],
            [
              77.71702792812148,
              12.988025836494474
            ],
            [
              77.72563744812238,
              12.99797641708178
            ]
          ]
        ]
      },
      "properties": {
        "rank": 9,
        "hex_id": "8761892e6ffffff",
        "name": "Hoodi-Basavanapura",
        "final_affluence_score": 78.4179,
        "affluence_tier": "High Affluence",
        "spatial_relation": "local_signal",
        "confidence_score": 1.0,
        "countable_family_tam": 1123.0,
        "direct_family_tam": 1305.0,
        "direct_total_units": 1536.0,
        "direct_luxury_society_tam": 1123.0,
        "conservative_50l_plus_family_tam": 911.0,
        "conservative_50l_plus_share_of_direct_tam": 0.6981,
        "estimated_40l_plus_family_tam_linear_25_50_split": 1123.0,
        "estimated_40l_plus_share_linear_25_50_split": 0.8605,
        "nearby_family_tam_weighted_context": 1696.94,
        "society_cluster_tam_weighted_context_not_counted": 3010.41,
        "market_price_per_sqft": 10210.0,
        "refined_budget_segment": "Premium",
        "premium_candidate_score": 0.4527729569397699,
        "rental_yield_pct": 3.0,
        "yearly_appreciation_pct": 22.4,
        "society_score": 0.848748,
        "society_cluster_score": 0.966861,
        "hospital_score": 0.793525,
        "market_score": 0.785949,
        "sez_workplace_score": 0.560719,
        "habitability_score": 0.797434,
        "habitability_class": "dense_habitable",
        "habitable_for_residential_tam": true,
        "societies_direct_count": 5,
        "societies_nearby_count": 14,
        "society_cluster_project_count": 29,
        "hospitals_nearby_count": 77,
        "top_societies": "Godrej United (Ultra Luxury, TAM 437) | Gopalan Grandeur (Super Luxury, TAM 474) | Sumadhura Nandanam (Luxury, TAM 212) | Ittina Akkala (Aspirational Premium, TAM 128) | Sowparnika Skanda (Aspirational Premium, TAM 54)",
        "top_hospitals": "Aster Women & Children Hospital (Ultra Premium, 6.0 min) | Aster Whitefield Hospital (Ultra Premium, 6.0 min) | Kinder Women's Hospital and Fertility Centre (Ultra Premium, 5.1 min) | RxDx Healthcare (Ultra Premium, 7.8 min) | Cloudnine Hospital - Whitefield (Ultra Premium, 14.9 min)",
        "quality_flags": "",
        "commute_score": 91.9,
        "commute_band": "Excellent commute convenience",
        "centroid_lat": 13.000519169571705,
        "centroid_lon": 77.71302445863543,
        "zone": "East"
      }
    },
    {
      "type": "Feature",
      "geometry": {
        "type": "Polygon",
        "coordinates": [
          [
            [
              77.73304035022656,
              12.938043879457956
            ],
            [
              77.72903746313843,
              12.950540659860676
            ],
            [
              77.71642596317876,
              12.953087150331617
            ],
            [
              77.70781887846209,
              12.943138241033457
            ],
            [
              77.71182158128592,
              12.930642956408834
            ],
            [
              77.72443155337177,
              12.928095085304786
            ],
            [
              77.73304035022656,
              12.938043879457956
            ]
          ]
        ]
      },
      "properties": {
        "rank": 10,
        "hex_id": "876189208ffffff",
        "name": "Panathur",
        "final_affluence_score": 78.2859,
        "affluence_tier": "High Affluence",
        "spatial_relation": "local_signal",
        "confidence_score": 0.8667,
        "countable_family_tam": 5783.0,
        "direct_family_tam": 6297.0,
        "direct_total_units": 7409.0,
        "direct_luxury_society_tam": 258.0,
        "conservative_50l_plus_family_tam": 258.0,
        "conservative_50l_plus_share_of_direct_tam": 0.041,
        "estimated_40l_plus_family_tam_linear_25_50_split": 5783.0,
        "estimated_40l_plus_share_linear_25_50_split": 0.9184,
        "nearby_family_tam_weighted_context": 6476.28,
        "society_cluster_tam_weighted_context_not_counted": 7997.13,
        "market_price_per_sqft": 6392.0,
        "refined_budget_segment": "Premium",
        "premium_candidate_score": 0.4162416454245923,
        "rental_yield_pct": 4.0,
        "yearly_appreciation_pct": 0.8,
        "society_score": 0.890566,
        "society_cluster_score": 0.955256,
        "hospital_score": 0.802804,
        "market_score": 0.536907,
        "sez_workplace_score": 0.698645,
        "habitability_score": 0.485052,
        "habitability_class": "sparse_habitable",
        "habitable_for_residential_tam": true,
        "societies_direct_count": 4,
        "societies_nearby_count": 12,
        "society_cluster_project_count": 32,
        "hospitals_nearby_count": 74,
        "top_societies": "Sobha Dream Acres (Premium, TAM 5,525) | Vaswani Menlo Park (Super Luxury, TAM 258) | Keerthi Gardenia (Aspirational Premium, TAM 260) | Ecolife Elements of Nature (Aspirational Premium, TAM 254) | Rohan Ekanta (Premium, TAM 599)",
        "top_hospitals": "Kauvery Hospital (Ultra Premium, 4.7 min) | Sakra World Hospital (Ultra Premium, 9.2 min) | RxDx Healthcare (Ultra Premium, 11.1 min) | Apollo Clinic (Ultra Premium, 10.4 min) | Brookefield Hospital (Ultra Premium, 6.4 min)",
        "quality_flags": "",
        "commute_score": 88.6,
        "commute_band": "Excellent commute convenience",
        "centroid_lat": 12.940591547372382,
        "centroid_lon": 77.72042883104749,
        "zone": "East"
      }
    },
    {
      "type": "Feature",
      "geometry": {
        "type": "Polygon",
        "coordinates": [
          [
            [
              77.69060885677601,
              12.923241989594747
            ],
            [
              77.68660633937125,
              12.935735777160621
            ],
            [
              77.67400107139919,
              12.938280726734327
            ],
            [
              77.6653998490952,
              12.928333272128084
            ],
            [
              77.66940217992729,
              12.915840982900002
            ],
            [
              77.6820059199165,
              12.913294649941497
            ],
            [
              77.69060885677601,
              12.923241989594747
            ]
          ]
        ]
      },
      "properties": {
        "rank": 11,
        "hex_id": "876189254ffffff",
        "name": "Bellanduru",
        "final_affluence_score": 78.1748,
        "affluence_tier": "High Affluence",
        "spatial_relation": "local_signal",
        "confidence_score": 0.8667,
        "countable_family_tam": 3363.0,
        "direct_family_tam": 3491.0,
        "direct_total_units": 4104.0,
        "direct_luxury_society_tam": 3007.0,
        "conservative_50l_plus_family_tam": 2078.0,
        "conservative_50l_plus_share_of_direct_tam": 0.5952,
        "estimated_40l_plus_family_tam_linear_25_50_split": 3363.0,
        "estimated_40l_plus_share_linear_25_50_split": 0.9633,
        "nearby_family_tam_weighted_context": 3753.18,
        "society_cluster_tam_weighted_context_not_counted": 5291.43,
        "market_price_per_sqft": 5468.0,
        "refined_budget_segment": "Premium",
        "premium_candidate_score": 0.4471348985276562,
        "rental_yield_pct": 3.0,
        "yearly_appreciation_pct": 13.2,
        "society_score": 0.930342,
        "society_cluster_score": 0.994528,
        "hospital_score": 0.901568,
        "market_score": 0.432693,
        "sez_workplace_score": 0.43089,
        "habitability_score": 0.694639,
        "habitability_class": "habitable",
        "habitable_for_residential_tam": true,
        "societies_direct_count": 18,
        "societies_nearby_count": 32,
        "society_cluster_project_count": 59,
        "hospitals_nearby_count": 125,
        "top_societies": "Mantri Espana (Ultra Luxury, TAM 288) | Sterling Ascentia (Super Luxury, TAM 333) | Divyasree Elan Homes (Super Luxury, TAM 323) | DNR Reflection (Ultra Luxury, TAM 128) | Sobha Marvella (Ultra Luxury, TAM 128)",
        "top_hospitals": "Sakra World Hospital (Ultra Premium, 2.9 min) | Apollo Clinic (Ultra Premium, 0.6 min) | Cloudnine Hospital (Ultra Premium, 3.9 min) | Manipal Hospital (Ultra Premium, 5.1 min) | Cloudnine Hospital (Super Premium, 1.8 min)",
        "quality_flags": "",
        "commute_score": 86.7,
        "commute_band": "Excellent commute convenience",
        "centroid_lat": 12.925788117578268,
        "centroid_lon": 77.67800356819558,
        "zone": "South-East"
      }
    },
    {
      "type": "Feature",
      "geometry": {
        "type": "Polygon",
        "coordinates": [
          [
            [
              77.58463601345703,
              12.886236634896898
            ],
            [
              77.58063444042838,
              12.898722918015578
            ],
            [
              77.56804479063038,
              12.901264038133743
            ],
            [
              77.55945824236939,
              12.89132026536951
            ],
            [
              77.56345962307482,
              12.878835486959629
            ],
            [
              77.57604774464342,
              12.876292976607806
            ],
            [
              77.58463601345703,
              12.886236634896898
            ]
          ]
        ]
      },
      "properties": {
        "rank": 12,
        "hex_id": "876189248ffffff",
        "name": "RBI Layout-Harinagar",
        "final_affluence_score": 77.8034,
        "affluence_tier": "High Affluence",
        "spatial_relation": "local_signal",
        "confidence_score": 1.0,
        "countable_family_tam": 3847.0,
        "direct_family_tam": 4103.0,
        "direct_total_units": 4825.0,
        "direct_luxury_society_tam": 3719.0,
        "conservative_50l_plus_family_tam": 2142.0,
        "conservative_50l_plus_share_of_direct_tam": 0.5221,
        "estimated_40l_plus_family_tam_linear_25_50_split": 3847.0,
        "estimated_40l_plus_share_linear_25_50_split": 0.9376,
        "nearby_family_tam_weighted_context": 4213.99,
        "society_cluster_tam_weighted_context_not_counted": 4949.26,
        "market_price_per_sqft": 7208.683168316832,
        "refined_budget_segment": "Premium Candidate",
        "premium_candidate_score": 0.18644853819920343,
        "rental_yield_pct": null,
        "yearly_appreciation_pct": 41.32524752475248,
        "society_score": 0.909337,
        "society_cluster_score": 0.957562,
        "hospital_score": 0.827426,
        "market_score": 0.567511,
        "sez_workplace_score": 0.386584,
        "habitability_score": 0.91468,
        "habitability_class": "dense_habitable",
        "habitable_for_residential_tam": true,
        "societies_direct_count": 6,
        "societies_nearby_count": 15,
        "society_cluster_project_count": 28,
        "hospitals_nearby_count": 113,
        "top_societies": "Prestige Falcon City (Ultra Luxury, TAM 2,142) | Elita Promenade (Luxury, TAM 1,337) | Majestic Fortune (Luxury, TAM 240) | Brigade Millennium (Premium, TAM 128) | Adarsh Nest (Aspirational Premium, TAM 128)",
        "top_hospitals": "Aster RV Hospital (Ultra Premium, 7.2 min) | Fortis Hospital (Ultra Premium, 6.6 min) | Apollo Hospital (Ultra Premium, 7.4 min) | DHEE Hospitals (Ultra Premium, 5.1 min) | Astra Superspeciality Hospital (Super Premium, 2.7 min)",
        "quality_flags": "",
        "commute_score": 92.9,
        "commute_band": "Excellent commute convenience",
        "centroid_lat": 12.888778935824455,
        "centroid_lon": 77.572046339589,
        "zone": "South"
      }
    },
    {
      "type": "Feature",
      "geometry": {
        "type": "Polygon",
        "coordinates": [
          [
            [
              77.63797207698173,
              13.050675366061661
            ],
            [
              77.63396813114657,
              13.063159319957304
            ],
            [
              77.62136465059086,
              13.065691480159256
            ],
            [
              77.61276664570687,
              13.055741075605894
            ],
            [
              77.6167704019308,
              13.04325861736531
            ],
            [
              77.62937235293006,
              13.040725068023567
            ],
            [
              77.63797207698173,
              13.050675366061661
            ]
          ]
        ]
      },
      "properties": {
        "rank": 13,
        "hex_id": "8761892ceffffff",
        "name": "Thanisandra-Jakkur",
        "final_affluence_score": 77.3648,
        "affluence_tier": "High Affluence",
        "spatial_relation": "local_signal",
        "confidence_score": 1.0,
        "countable_family_tam": 2066.0,
        "direct_family_tam": 2066.0,
        "direct_total_units": 2431.0,
        "direct_luxury_society_tam": 2066.0,
        "conservative_50l_plus_family_tam": 2066.0,
        "conservative_50l_plus_share_of_direct_tam": 1.0,
        "estimated_40l_plus_family_tam_linear_25_50_split": 2066.0,
        "estimated_40l_plus_share_linear_25_50_split": 1.0,
        "nearby_family_tam_weighted_context": 2179.16,
        "society_cluster_tam_weighted_context_not_counted": 2552.95,
        "market_price_per_sqft": 6213.456140350877,
        "refined_budget_segment": "Premium",
        "premium_candidate_score": 0.3113619884944747,
        "rental_yield_pct": null,
        "yearly_appreciation_pct": 38.3,
        "society_score": 0.877154,
        "society_cluster_score": 0.882781,
        "hospital_score": 0.796387,
        "market_score": 0.517216,
        "sez_workplace_score": 1.0,
        "habitability_score": 0.757465,
        "habitability_class": "dense_habitable",
        "habitable_for_residential_tam": true,
        "societies_direct_count": 5,
        "societies_nearby_count": 11,
        "society_cluster_project_count": 20,
        "hospitals_nearby_count": 103,
        "top_societies": "G Corp The Icon (Ultra Luxury, TAM 969) | Mantri Manyata Lithos (Ultra Luxury, TAM 449) | Karle Zenith Residences (Ultra Luxury, TAM 337) | Valmark Regency Pinnacle Heights (Super Luxury, TAM 235) | NR Royal Manor (Super Luxury, TAM 76)",
        "top_hospitals": "Trilife Hospital (Ultra Premium, 10.1 min) | Aster CMI Hospital (Ultra Premium, 12.9 min) | Cloudnine Hospital - HRBR (Ultra Premium, 11.2 min) | Cloudnine Hospital (Super Premium, 3.6 min) | Shishuka Children's Specialty Hospital (Ultra Premium, 8.8 min)",
        "quality_flags": "",
        "commute_score": 86.9,
        "commute_band": "Excellent commute convenience",
        "centroid_lat": 13.053208709972496,
        "centroid_lon": 77.62536857407567,
        "zone": "North"
      }
    },
    {
      "type": "Feature",
      "geometry": {
        "type": "Polygon",
        "coordinates": [
          [
            [
              77.58922392554182,
              12.90866743229472
            ],
            [
              77.58522204060961,
              12.921153180016537
            ],
            [
              77.57263086238557,
              12.923692909856529
            ],
            [
              77.56404309779887,
              12.91374828225525
            ],
            [
              77.56804479063038,
              12.901264038133743
            ],
            [
              77.58063444042838,
              12.898722918015578
            ],
            [
              77.58922392554182,
              12.90866743229472
            ]
          ]
        ]
      },
      "properties": {
        "rank": 14,
        "hex_id": "87618924affffff",
        "name": "Sarakki-Kumaraswamy Layout",
        "final_affluence_score": 76.618,
        "affluence_tier": "High Affluence",
        "spatial_relation": "local_signal",
        "confidence_score": 1.0,
        "countable_family_tam": 1081.0,
        "direct_family_tam": 1357.0,
        "direct_total_units": 1596.0,
        "direct_luxury_society_tam": 965.0,
        "conservative_50l_plus_family_tam": 965.0,
        "conservative_50l_plus_share_of_direct_tam": 0.7111,
        "estimated_40l_plus_family_tam_linear_25_50_split": 1081.0,
        "estimated_40l_plus_share_linear_25_50_split": 0.7966,
        "nearby_family_tam_weighted_context": 1483.74,
        "society_cluster_tam_weighted_context_not_counted": 2098.53,
        "market_price_per_sqft": 11874.23157894737,
        "refined_budget_segment": "Mixed/Diverse",
        "premium_candidate_score": 0.2670020240782436,
        "rental_yield_pct": 2.0,
        "yearly_appreciation_pct": 26.779620379620383,
        "society_score": 0.814349,
        "society_cluster_score": 0.835128,
        "hospital_score": 0.901115,
        "market_score": 0.700682,
        "sez_workplace_score": 0.45916,
        "habitability_score": 0.984684,
        "habitability_class": "dense_habitable",
        "habitable_for_residential_tam": true,
        "societies_direct_count": 8,
        "societies_nearby_count": 13,
        "society_cluster_project_count": 32,
        "hospitals_nearby_count": 144,
        "top_societies": "Total Environment Learning To Fly (Ultra Luxury, TAM 173) | Shriram Southern Crest (Super Luxury, TAM 351) | SNN Raj Spiritua (Ultra Luxury, TAM 128) | Adarsh Gardens (Super Luxury, TAM 207) | Adarsh Palace (Super Luxury, TAM 106)",
        "top_hospitals": "Aster RV Hospital (Ultra Premium, 1.6 min) | Cloudnine Hospital - Jayanagar (Ultra Premium, 6.6 min) | Cadabams Hospitals (Ultra Premium, 3.5 min) | Fortis Hospital (Ultra Premium, 7.3 min) | Apollo Hospital (Ultra Premium, 7.9 min)",
        "quality_flags": "",
        "commute_score": 96.7,
        "commute_band": "Excellent commute convenience",
        "centroid_lat": 12.91120834342894,
        "centroid_lon": 77.57663272339414,
        "zone": "South"
      }
    },
    {
      "type": "Feature",
      "geometry": {
        "type": "Polygon",
        "coordinates": [
          [
            [
              77.68140830245561,
              12.87835897425475
            ],
            [
              77.67740640663867,
              12.89085383267999
            ],
            [
              77.6648041944373,
              12.89340154898132
            ],
            [
              77.65620540592592,
              12.883455790158333
            ],
            [
              77.66020711472075,
              12.870962432289412
            ],
            [
              77.6728077993293,
              12.868413332688785
            ],
            [
              77.68140830245561,
              12.87835897425475
            ]
          ]
        ]
      },
      "properties": {
        "rank": 15,
        "hex_id": "876189271ffffff",
        "name": "Singasandra-Kudlu",
        "final_affluence_score": 76.4801,
        "affluence_tier": "High Affluence",
        "spatial_relation": "local_signal",
        "confidence_score": 1.0,
        "countable_family_tam": 2644.0,
        "direct_family_tam": 2850.0,
        "direct_total_units": 3353.0,
        "direct_luxury_society_tam": 1624.0,
        "conservative_50l_plus_family_tam": 1624.0,
        "conservative_50l_plus_share_of_direct_tam": 0.5698,
        "estimated_40l_plus_family_tam_linear_25_50_split": 2644.0,
        "estimated_40l_plus_share_linear_25_50_split": 0.9277,
        "nearby_family_tam_weighted_context": 3066.0,
        "society_cluster_tam_weighted_context_not_counted": 4330.32,
        "market_price_per_sqft": 8326.247058823528,
        "refined_budget_segment": "Mid-Segment",
        "premium_candidate_score": 0.16705432811165374,
        "rental_yield_pct": 3.237804878048781,
        "yearly_appreciation_pct": 12.459756097560977,
        "society_score": 0.895576,
        "society_cluster_score": 0.98061,
        "hospital_score": 0.766312,
        "market_score": 0.617092,
        "sez_workplace_score": 0.294442,
        "habitability_score": 0.652158,
        "habitability_class": "habitable",
        "habitable_for_residential_tam": true,
        "societies_direct_count": 4,
        "societies_nearby_count": 10,
        "society_cluster_project_count": 33,
        "hospitals_nearby_count": 83,
        "top_societies": "SNN Raj Etternia (Ultra Luxury, TAM 698) | Mahaveer Ranches (Super Luxury, TAM 926) | SJR Blue Waters (Premium, TAM 1,020) | GR Sagar Nivas (Aspirational Premium, TAM 206) | Sobha Silicon Oasis (Super Luxury, TAM 779)",
        "top_hospitals": "Kauvery Hospitals (Ultra Premium, 10.1 min) | Manipal Hospital (Ultra Premium, 10.2 min) | Cloudnine Hospital (Ultra Premium, 11.5 min) | Lotus Multispeciality Center (Ultra Premium, 11.4 min) | Sakra World Hospital (Ultra Premium, 14.9 min)",
        "quality_flags": "",
        "commute_score": 90.7,
        "commute_band": "Excellent commute convenience",
        "centroid_lat": 12.880907867993628,
        "centroid_lon": 77.66880606935062,
        "zone": "South-East"
      }
    },
    {
      "type": "Feature",
      "geometry": {
        "type": "Polygon",
        "coordinates": [
          [
            [
              77.72103125205474,
              12.975531639661957
            ],
            [
              77.71702792812148,
              12.988025836494474
            ],
            [
              77.70441648661719,
              12.990568791728345
            ],
            [
              77.6958098976455,
              12.980618932217368
            ],
            [
              77.69981303661072,
              12.968126230220362
            ],
            [
              77.71242294979669,
              12.965581892899152
            ],
            [
              77.72103125205474,
              12.975531639661957
            ]
          ]
        ]
      },
      "properties": {
        "rank": 16,
        "hex_id": "8761892e4ffffff",
        "name": "Bharath Aikya Ward-Friend's Layout",
        "final_affluence_score": 76.1603,
        "affluence_tier": "High Affluence",
        "spatial_relation": "local_signal",
        "confidence_score": 1.0,
        "countable_family_tam": 1615.0,
        "direct_family_tam": 2540.0,
        "direct_total_units": 2987.0,
        "direct_luxury_society_tam": 1159.0,
        "conservative_50l_plus_family_tam": 1159.0,
        "conservative_50l_plus_share_of_direct_tam": 0.4563,
        "estimated_40l_plus_family_tam_linear_25_50_split": 1615.0,
        "estimated_40l_plus_share_linear_25_50_split": 0.6358,
        "nearby_family_tam_weighted_context": 2933.1,
        "society_cluster_tam_weighted_context_not_counted": 4336.55,
        "market_price_per_sqft": 7617.0,
        "refined_budget_segment": "Mixed - Affordable leaning",
        "premium_candidate_score": 0.021758002553276704,
        "rental_yield_pct": 4.0,
        "yearly_appreciation_pct": 36.4,
        "society_score": 0.902766,
        "society_cluster_score": 0.999258,
        "hospital_score": 0.835178,
        "market_score": 0.454936,
        "sez_workplace_score": 0.430204,
        "habitability_score": 0.755916,
        "habitability_class": "dense_habitable",
        "habitable_for_residential_tam": true,
        "societies_direct_count": 9,
        "societies_nearby_count": 25,
        "society_cluster_project_count": 39,
        "hospitals_nearby_count": 88,
        "top_societies": "Brigade Lakefront (Ultra Luxury, TAM 903) | SJR Vogue Residences (Ultra Luxury, TAM 128) | Godrej Air Nxt (Super Luxury, TAM 128) | Bren Avalon (Premium, TAM 328) | Sterling Brookside (Premium, TAM 128)",
        "top_hospitals": "RxDx Healthcare (Ultra Premium, 4.5 min) | Kinder Women's Hospital and Fertility Centre (Ultra Premium, 2.9 min) | Aster Women & Children Hospital (Ultra Premium, 8.9 min) | Kauvery Hospital (Ultra Premium, 6.1 min) | Aster Whitefield Hospital (Ultra Premium, 8.9 min)",
        "quality_flags": "",
        "commute_score": 90.8,
        "commute_band": "Excellent commute convenience",
        "centroid_lat": 12.978075773792176,
        "centroid_lon": 77.70841979093245,
        "zone": "East"
      }
    },
    {
      "type": "Feature",
      "geometry": {
        "type": "Polygon",
        "coordinates": [
          [
            [
              77.71182158128592,
              12.930642956408834
            ],
            [
              77.70781887846209,
              12.943138241033457
            ],
            [
              77.69521049339984,
              12.945683960404041
            ],
            [
              77.68660633937125,
              12.935735777160621
            ],
            [
              77.69060885677601,
              12.923241989594747
            ],
            [
              77.70321571390919,
              12.920694888214346
            ],
            [
              77.71182158128592,
              12.930642956408834
            ]
          ]
        ]
      },
      "properties": {
        "rank": 17,
        "hex_id": "876189209ffffff",
        "name": "Panathur",
        "final_affluence_score": 76.0953,
        "affluence_tier": "High Affluence",
        "spatial_relation": "local_signal",
        "confidence_score": 0.9333,
        "countable_family_tam": 1349.0,
        "direct_family_tam": 1519.0,
        "direct_total_units": 1787.0,
        "direct_luxury_society_tam": 1152.0,
        "conservative_50l_plus_family_tam": 329.0,
        "conservative_50l_plus_share_of_direct_tam": 0.2166,
        "estimated_40l_plus_family_tam_linear_25_50_split": 1349.0,
        "estimated_40l_plus_share_linear_25_50_split": 0.8881,
        "nearby_family_tam_weighted_context": 1686.64,
        "society_cluster_tam_weighted_context_not_counted": 3254.66,
        "market_price_per_sqft": 6859.477611940298,
        "refined_budget_segment": "Premium",
        "premium_candidate_score": 0.43919165516458214,
        "rental_yield_pct": 2.0,
        "yearly_appreciation_pct": 34.73731343283582,
        "society_score": 0.811583,
        "society_cluster_score": 0.906615,
        "hospital_score": 0.847045,
        "market_score": 0.577996,
        "sez_workplace_score": 0.761996,
        "habitability_score": 0.690656,
        "habitability_class": "habitable",
        "habitable_for_residential_tam": true,
        "societies_direct_count": 7,
        "societies_nearby_count": 14,
        "society_cluster_project_count": 35,
        "hospitals_nearby_count": 101,
        "top_societies": "Krishvi Gavakshi (Super Luxury, TAM 258) | Rohan Iksha (Luxury, TAM 400) | Prestige Sunnyside (Luxury, TAM 336) | Prestige Summer Fields (Super Luxury, TAM 71) | Prestige Silversun (Luxury, TAM 87)",
        "top_hospitals": "Sakra World Hospital (Ultra Premium, 4.7 min) | Apollo Clinic (Ultra Premium, 5.6 min) | Cloudnine Hospital (Ultra Premium, 9.0 min) | Manipal Hospital (Ultra Premium, 10.2 min) | Kauvery Hospital (Ultra Premium, 9.0 min)",
        "quality_flags": "",
        "commute_score": 87.5,
        "commute_band": "Excellent commute convenience",
        "centroid_lat": 12.933189853706523,
        "centroid_lon": 77.69921317630948,
        "zone": "East"
      }
    },
    {
      "type": "Feature",
      "geometry": {
        "type": "Polygon",
        "coordinates": [
          [
            [
              77.6305558663009,
              13.110557995956475
            ],
            [
              77.626551174516,
              13.123038759911639
            ],
            [
              77.61394623161485,
              13.125565975507294
            ],
            [
              77.60534751097302,
              13.11561381775512
            ],
            [
              77.6093520126667,
              13.103134547380492
            ],
            [
              77.62195542537361,
              13.100605941177612
            ],
            [
              77.6305558663009,
              13.110557995956475
            ]
          ]
        ]
      },
      "properties": {
        "rank": 18,
        "hex_id": "8761892dbffffff",
        "name": "Kogilu",
        "final_affluence_score": 74.2186,
        "affluence_tier": "High Affluence",
        "spatial_relation": "independent_anchor",
        "confidence_score": 0.9333,
        "countable_family_tam": 2908.0,
        "direct_family_tam": 3217.0,
        "direct_total_units": 3785.0,
        "direct_luxury_society_tam": 2487.0,
        "conservative_50l_plus_family_tam": 2487.0,
        "conservative_50l_plus_share_of_direct_tam": 0.7731,
        "estimated_40l_plus_family_tam_linear_25_50_split": 2908.0,
        "estimated_40l_plus_share_linear_25_50_split": 0.9039,
        "nearby_family_tam_weighted_context": 3325.13,
        "society_cluster_tam_weighted_context_not_counted": 3813.89,
        "market_price_per_sqft": 9975.566734279919,
        "refined_budget_segment": "Mid-Segment",
        "premium_candidate_score": 0.2043663458506812,
        "rental_yield_pct": 3.0,
        "yearly_appreciation_pct": 4.2,
        "society_score": 0.875293,
        "society_cluster_score": 0.911503,
        "hospital_score": 0.519685,
        "market_score": 0.745823,
        "sez_workplace_score": 0.536588,
        "habitability_score": 0.648715,
        "habitability_class": "habitable",
        "habitable_for_residential_tam": true,
        "societies_direct_count": 5,
        "societies_nearby_count": 10,
        "society_cluster_project_count": 15,
        "hospitals_nearby_count": 44,
        "top_societies": "Bhartiya City Nikoo Homes 6 (Super Luxury, TAM 2,395) | Nitesh Central Park (Super Luxury, TAM 92) | Sattva Exotic (Premium, TAM 293) | Mittal Elanza (Premium, TAM 128) | Nitesh Columbus Square (Aspirational Premium, TAM 309)",
        "top_hospitals": "Manipal Hospital (Super Premium, 5.3 min) | Maarga (Ultra Premium, 10.3 min) | Aster CMI Hospital (Ultra Premium, 20.3 min) | Mind and Brain hospital (Ultra Premium, 17.5 min) | Regal Hospital (Super Premium, 11.6 min)",
        "quality_flags": "",
        "commute_score": 83.7,
        "commute_band": "Excellent commute convenience",
        "centroid_lat": 13.113086397174515,
        "centroid_lon": 77.61795090079774,
        "zone": "North"
      }
    },
    {
      "type": "Feature",
      "geometry": {
        "type": "Polygon",
        "coordinates": [
          [
            [
              77.76348581367697,
              12.990342300154946
            ],
            [
              77.75948212327596,
              13.00283948281214
            ],
            [
              77.74686445440048,
              13.005383987066203
            ],
            [
              77.73825200441254,
              12.995432687991622
            ],
            [
              77.74225551215812,
              12.982936997605167
            ],
            [
              77.75487165282864,
              12.980391114022254
            ],
            [
              77.76348581367697,
              12.990342300154946
            ]
          ]
        ]
      },
      "properties": {
        "rank": 19,
        "hex_id": "876189218ffffff",
        "name": "Belathur-S.M Krishna Ward",
        "final_affluence_score": 73.8945,
        "affluence_tier": "High Affluence",
        "spatial_relation": "local_signal",
        "confidence_score": 1.0,
        "countable_family_tam": 1416.0,
        "direct_family_tam": 1416.0,
        "direct_total_units": 1665.0,
        "direct_luxury_society_tam": 704.0,
        "conservative_50l_plus_family_tam": 704.0,
        "conservative_50l_plus_share_of_direct_tam": 0.4972,
        "estimated_40l_plus_family_tam_linear_25_50_split": 1416.0,
        "estimated_40l_plus_share_linear_25_50_split": 1.0,
        "nearby_family_tam_weighted_context": 1634.24,
        "society_cluster_tam_weighted_context_not_counted": 2831.19,
        "market_price_per_sqft": 6662.661207778915,
        "refined_budget_segment": "Mid-Segment",
        "premium_candidate_score": 0.03980707860771887,
        "rental_yield_pct": 3.0,
        "yearly_appreciation_pct": 10.592307692307692,
        "society_score": 0.83513,
        "society_cluster_score": 0.923644,
        "hospital_score": 0.686207,
        "market_score": 0.514126,
        "sez_workplace_score": 0.841968,
        "habitability_score": 0.61279,
        "habitability_class": "habitable",
        "habitable_for_residential_tam": true,
        "societies_direct_count": 6,
        "societies_nearby_count": 16,
        "society_cluster_project_count": 34,
        "hospitals_nearby_count": 42,
        "top_societies": "Prestige Silver Oak (Ultra Luxury, TAM 151) | Brigade Woods (Super Luxury, TAM 283) | Sobha Habitech (Super Luxury, TAM 270) | MJR Pearl (Premium, TAM 354) | SV Legacy (Premium, TAM 230)",
        "top_hospitals": "Aster Women & Children Hospital (Ultra Premium, 7.2 min) | Aster Whitefield Hospital (Ultra Premium, 7.2 min) | RxDx Healthcare (Ultra Premium, 10.8 min) | Kinder Women's Hospital and Fertility Centre (Ultra Premium, 12.4 min) | Kauvery Hospital (Ultra Premium, 14.9 min)",
        "quality_flags": "",
        "commute_score": 90.7,
        "commute_band": "Excellent commute convenience",
        "centroid_lat": 12.992887982337216,
        "centroid_lon": 77.75086812657474,
        "zone": "East"
      }
    },
    {
      "type": "Feature",
      "geometry": {
        "type": "Polygon",
        "coordinates": [
          [
            [
              77.63619469054706,
              12.945909731811764
            ],
            [
              77.63219211340875,
              12.958397941629139
            ],
            [
              77.61959315295744,
              12.960937814500827
            ],
            [
              77.61099829845135,
              12.950990865140152
            ],
            [
              77.61500068601029,
              12.938504155268323
            ],
            [
              77.62759811793447,
              12.935962894813166
            ],
            [
              77.63619469054706,
              12.945909731811764
            ]
          ]
        ]
      },
      "properties": {
        "rank": 20,
        "hex_id": "87618925effffff",
        "name": "Ejipura-Sri Lakshmi Devi Ward",
        "final_affluence_score": 73.6507,
        "affluence_tier": "High Affluence",
        "spatial_relation": "local_signal",
        "confidence_score": 0.9,
        "countable_family_tam": 2282.0,
        "direct_family_tam": 2282.0,
        "direct_total_units": 2684.0,
        "direct_luxury_society_tam": 2282.0,
        "conservative_50l_plus_family_tam": 2282.0,
        "conservative_50l_plus_share_of_direct_tam": 1.0,
        "estimated_40l_plus_family_tam_linear_25_50_split": 2282.0,
        "estimated_40l_plus_share_linear_25_50_split": 1.0,
        "nearby_family_tam_weighted_context": 2288.88,
        "society_cluster_tam_weighted_context_not_counted": 2573.09,
        "market_price_per_sqft": 13086.153846153846,
        "refined_budget_segment": "Mixed/Diverse",
        "premium_candidate_score": 0.4864716891764182,
        "rental_yield_pct": 3.0,
        "yearly_appreciation_pct": 33.9,
        "society_score": 0.753717,
        "society_cluster_score": 0.824295,
        "hospital_score": 0.933812,
        "market_score": 0.684067,
        "sez_workplace_score": 0.595251,
        "habitability_score": 0.835381,
        "habitability_class": "dense_habitable",
        "habitable_for_residential_tam": true,
        "societies_direct_count": 2,
        "societies_nearby_count": 3,
        "society_cluster_project_count": 18,
        "hospitals_nearby_count": 172,
        "top_societies": "KHB National Games Village (Ultra Luxury, TAM 2,154) | KMB La Palazzo (Ultra Luxury, TAM 128) | Esteem Splendor (Super Luxury, TAM 106)",
        "top_hospitals": "Vikram Aura Hospital (Ultra Premium, 5.8 min) | Apollo Spectra Hospitals (Ultra Premium, 6.1 min) | Apollo Cradle & Children’s Hospital (Ultra Premium, 4.8 min) | Manipal Hospitals Old Airport Road (Ultra Premium, 11.8 min) | Sita Bhateja Specialty Hospital (Ultra Premium, 8.2 min)",
        "quality_flags": "",
        "commute_score": 90.1,
        "commute_band": "Excellent commute convenience",
        "centroid_lat": 12.948450785504814,
        "centroid_lon": 77.62359570770249,
        "zone": "Central"
      }
    },
    {
      "type": "Feature",
      "geometry": {
        "type": "Polygon",
        "coordinates": [
          [
            [
              77.61782289438702,
              12.856169267353224
            ],
            [
              77.61382156308967,
              12.8686596202815
            ],
            [
              77.60122871557114,
              12.87120504323304
            ],
            [
              77.5926387273725,
              12.861261500667666
            ],
            [
              77.59663986819682,
              12.848772652120452
            ],
            [
              77.60923118797214,
              12.846225841760095
            ],
            [
              77.61782289438702,
              12.856169267353224
            ]
          ]
        ]
      },
      "properties": {
        "rank": 21,
        "hex_id": "87618926affffff",
        "name": "Yelenahalli-Doddakammanahalli",
        "final_affluence_score": 73.2168,
        "affluence_tier": "High Affluence",
        "spatial_relation": "independent_anchor",
        "confidence_score": 1.0,
        "countable_family_tam": 1945.0,
        "direct_family_tam": 2167.0,
        "direct_total_units": 2548.0,
        "direct_luxury_society_tam": 1945.0,
        "conservative_50l_plus_family_tam": 1945.0,
        "conservative_50l_plus_share_of_direct_tam": 0.8976,
        "estimated_40l_plus_family_tam_linear_25_50_split": 1945.0,
        "estimated_40l_plus_share_linear_25_50_split": 0.8976,
        "nearby_family_tam_weighted_context": 2382.5,
        "society_cluster_tam_weighted_context_not_counted": 3252.31,
        "market_price_per_sqft": 7167.237885462555,
        "refined_budget_segment": "Premium Candidate",
        "premium_candidate_score": 0.2750467185273614,
        "rental_yield_pct": 1.0,
        "yearly_appreciation_pct": 1.1761467889908255,
        "society_score": 0.830137,
        "society_cluster_score": 0.92667,
        "hospital_score": 0.721023,
        "market_score": 0.590478,
        "sez_workplace_score": 0.808363,
        "habitability_score": 0.493789,
        "habitability_class": "sparse_habitable",
        "habitable_for_residential_tam": true,
        "societies_direct_count": 4,
        "societies_nearby_count": 16,
        "society_cluster_project_count": 27,
        "hospitals_nearby_count": 91,
        "top_societies": "Prestige Song of the South (Super Luxury, TAM 1,850) | Valmark Apas (Ultra Luxury, TAM 95) | Nandi Deepa (Aspirational Premium, TAM 128) | Damden Zephyr (Aspirational Premium, TAM 94) | Sipani Pennantia (Premium, TAM 128)",
        "top_hospitals": "Apollo Hospital (Ultra Premium, 9.4 min) | Fortis Hospital (Ultra Premium, 9.6 min) | Aster RV Hospital (Ultra Premium, 15.0 min) | Cadabams Hospitals (Ultra Premium, 13.8 min) | Chirag Global Hospitals (Ultra Premium, 11.3 min)",
        "quality_flags": "",
        "commute_score": 86.5,
        "commute_band": "Excellent commute convenience",
        "centroid_lat": 12.858715869184987,
        "centroid_lon": 77.60523002388764,
        "zone": "South"
      }
    },
    {
      "type": "Feature",
      "geometry": {
        "type": "Polygon",
        "coordinates": [
          [
            [
              77.6093520126667,
              13.103134547380492
            ],
            [
              77.60534751097302,
              13.11561381775512
            ],
            [
              77.59274569775081,
              13.118140257669552
            ],
            [
              77.58414991674455,
              13.108188819189806
            ],
            [
              77.58815422719552,
              13.095711043669471
            ],
            [
              77.60075451017535,
              13.093183211774992
            ],
            [
              77.6093520126667,
              13.103134547380492
            ]
          ]
        ]
      },
      "properties": {
        "rank": 22,
        "hex_id": "876016966ffffff",
        "name": "Yelahanka Old Town",
        "final_affluence_score": 73.0185,
        "affluence_tier": "High Affluence",
        "spatial_relation": "local_signal",
        "confidence_score": 1.0,
        "countable_family_tam": 250.0,
        "direct_family_tam": 636.0,
        "direct_total_units": 748.0,
        "direct_luxury_society_tam": 250.0,
        "conservative_50l_plus_family_tam": 0.0,
        "conservative_50l_plus_share_of_direct_tam": 0.0,
        "estimated_40l_plus_family_tam_linear_25_50_split": 250.0,
        "estimated_40l_plus_share_linear_25_50_split": 0.3931,
        "nearby_family_tam_weighted_context": 1069.7,
        "society_cluster_tam_weighted_context_not_counted": 1919.51,
        "market_price_per_sqft": 9762.380818619582,
        "refined_budget_segment": "Mid-Segment",
        "premium_candidate_score": 0.22940557323870273,
        "rental_yield_pct": 3.0,
        "yearly_appreciation_pct": 18.3,
        "society_score": 0.758021,
        "society_cluster_score": 0.862568,
        "hospital_score": 0.593336,
        "market_score": 0.771586,
        "sez_workplace_score": 0.952387,
        "habitability_score": 0.661505,
        "habitability_class": "habitable",
        "habitable_for_residential_tam": true,
        "societies_direct_count": 3,
        "societies_nearby_count": 10,
        "society_cluster_project_count": 23,
        "hospitals_nearby_count": 57,
        "top_societies": "Sobha Palm Court (Luxury, TAM 250) | Century Breeze (Aspirational Premium, TAM 258) | SLV Icon (Aspirational Premium, TAM 128) | Bhartiya City Nikoo Homes 6 (Super Luxury, TAM 2,395) | RMZ Galleria Residences (Super Luxury, TAM 274)",
        "top_hospitals": "Maarga (Ultra Premium, 4.6 min) | Manipal Hospital (Super Premium, 3.8 min) | Aster CMI Hospital (Ultra Premium, 15.4 min) | Mind and Brain hospital (Ultra Premium, 12.1 min) | Medstar Speciality Hospital (Ultra Premium, 11.5 min)",
        "quality_flags": "",
        "commute_score": 86.8,
        "commute_band": "Excellent commute convenience",
        "centroid_lat": 13.105662173394162,
        "centroid_lon": 77.59675017614923,
        "zone": "North"
      }
    },
    {
      "type": "Feature",
      "geometry": {
        "type": "Polygon",
        "coordinates": [
          [
            [
              77.6648041944373,
              12.89340154898132
            ],
            [
              77.66080217462051,
              12.905894374368255
            ],
            [
              77.64820155396173,
              12.908439940205968
            ],
            [
              77.63960448123957,
              12.89849406537367
            ],
            [
              77.64360631310693,
              12.886002740711307
            ],
            [
              77.65620540592592,
              12.883455790158333
            ],
            [
              77.6648041944373,
              12.89340154898132
            ]
          ]
        ]
      },
      "properties": {
        "rank": 23,
        "hex_id": "876189246ffffff",
        "name": "Kudlu-Agara",
        "final_affluence_score": 72.8174,
        "affluence_tier": "High Affluence",
        "spatial_relation": "local_signal",
        "confidence_score": 1.0,
        "countable_family_tam": 1351.0,
        "direct_family_tam": 1426.0,
        "direct_total_units": 1677.0,
        "direct_luxury_society_tam": 1351.0,
        "conservative_50l_plus_family_tam": 1351.0,
        "conservative_50l_plus_share_of_direct_tam": 0.9474,
        "estimated_40l_plus_family_tam_linear_25_50_split": 1351.0,
        "estimated_40l_plus_share_linear_25_50_split": 0.9474,
        "nearby_family_tam_weighted_context": 1881.02,
        "society_cluster_tam_weighted_context_not_counted": 3422.81,
        "market_price_per_sqft": 14131.464864864865,
        "refined_budget_segment": "Mid-Segment",
        "premium_candidate_score": 0.3818159243749657,
        "rental_yield_pct": 3.9,
        "yearly_appreciation_pct": 5.180000000000001,
        "society_score": 0.796872,
        "society_cluster_score": 0.968225,
        "hospital_score": 0.835025,
        "market_score": 0.6256,
        "sez_workplace_score": 0.199145,
        "habitability_score": 0.736629,
        "habitability_class": "habitable",
        "habitable_for_residential_tam": true,
        "societies_direct_count": 6,
        "societies_nearby_count": 14,
        "society_cluster_project_count": 34,
        "hospitals_nearby_count": 114,
        "top_societies": "Purva Skywood (Super Luxury, TAM 619) | Sobha Daffodil (Super Luxury, TAM 367) | RBD Stillwaters (Super Luxury, TAM 169) | Purva Skydale (Super Luxury, TAM 128) | ND Sepal (Super Luxury, TAM 68)",
        "top_hospitals": "Lotus Multispeciality Center (Ultra Premium, 4.2 min) | Greenview Medical Center (Ultra Premium, 7.0 min) | Cloudnine Hospital (Ultra Premium, 9.9 min) | Kauvery Hospitals (Ultra Premium, 10.8 min) | Sai Thunga Hospitals (Ultra Premium, 6.4 min)",
        "quality_flags": "",
        "commute_score": 92.9,
        "commute_band": "Excellent commute convenience",
        "centroid_lat": 12.895948293224926,
        "centroid_lon": 77.65220355232918,
        "zone": "South-East"
      }
    },
    {
      "type": "Feature",
      "geometry": {
        "type": "Polygon",
        "coordinates": [
          [
            [
              77.60475869979786,
              13.080703374086884
            ],
            [
              77.60075451017535,
              13.093183211774992
            ],
            [
              77.58815422719552,
              13.095711043669471
            ],
            [
              77.57955966416368,
              13.085760429825562
            ],
            [
              77.5835636623201,
              13.073282088108456
            ],
            [
              77.59616241525423,
              13.070752864264927
            ],
            [
              77.60475869979786,
              13.080703374086884
            ]
          ]
        ]
      },
      "properties": {
        "rank": 24,
        "hex_id": "876016964ffffff",
        "name": "Byatarayanapura-Nyayanga Badavane",
        "final_affluence_score": 72.332,
        "affluence_tier": "High Affluence",
        "spatial_relation": "local_signal",
        "confidence_score": 1.0,
        "countable_family_tam": 616.0,
        "direct_family_tam": 1044.0,
        "direct_total_units": 1227.0,
        "direct_luxury_society_tam": 548.0,
        "conservative_50l_plus_family_tam": 548.0,
        "conservative_50l_plus_share_of_direct_tam": 0.5249,
        "estimated_40l_plus_family_tam_linear_25_50_split": 616.0,
        "estimated_40l_plus_share_linear_25_50_split": 0.59,
        "nearby_family_tam_weighted_context": 1157.74,
        "society_cluster_tam_weighted_context_not_counted": 1662.74,
        "market_price_per_sqft": 11860.287292817678,
        "refined_budget_segment": "Premium",
        "premium_candidate_score": 0.579626204908063,
        "rental_yield_pct": null,
        "yearly_appreciation_pct": 26.1,
        "society_score": 0.761158,
        "society_cluster_score": 0.745218,
        "hospital_score": 0.665924,
        "market_score": 0.782033,
        "sez_workplace_score": 0.575613,
        "habitability_score": 0.498913,
        "habitability_class": "sparse_habitable",
        "habitable_for_residential_tam": true,
        "societies_direct_count": 7,
        "societies_nearby_count": 16,
        "society_cluster_project_count": 29,
        "hospitals_nearby_count": 76,
        "top_societies": "RMZ Galleria Residences (Super Luxury, TAM 274) | Century Horizon (Super Luxury, TAM 129) | Legacy Casero (Super Luxury, TAM 128) | Crown Aura (Ultra Luxury, TAM 17) | Sobha Amber (Premium, TAM 68)",
        "top_hospitals": "Maarga (Ultra Premium, 4.3 min) | Aster CMI Hospital (Ultra Premium, 9.6 min) | Mind and Brain hospital (Ultra Premium, 9.8 min) | Manipal Hospital (Super Premium, 6.8 min) | Medstar Speciality Hospital (Ultra Premium, 9.2 min)",
        "quality_flags": "",
        "commute_score": 85.7,
        "commute_band": "Excellent commute convenience",
        "centroid_lat": 13.083232391602872,
        "centroid_lon": 77.59215839337584,
        "zone": "North"
      }
    },
    {
      "type": "Feature",
      "geometry": {
        "type": "Polygon",
        "coordinates": [
          [
            [
              77.76809750220508,
              13.012791497782638
            ],
            [
              77.76409350171288,
              13.025288128799872
            ],
            [
              77.75147430443855,
              13.027831253690323
            ],
            [
              77.74286063633697,
              13.0178791269266
            ],
            [
              77.74686445440048,
              13.005383987066203
            ],
            [
              77.75948212327596,
              13.00283948281214
            ],
            [
              77.76809750220508,
              13.012791497782638
            ]
          ]
        ]
      },
      "properties": {
        "rank": 25,
        "hex_id": "87618921affffff",
        "name": "Belathur",
        "final_affluence_score": 72.0094,
        "affluence_tier": "High Affluence",
        "spatial_relation": "local_signal",
        "confidence_score": 0.8667,
        "countable_family_tam": 3137.0,
        "direct_family_tam": 4021.0,
        "direct_total_units": 4730.0,
        "direct_luxury_society_tam": 3009.0,
        "conservative_50l_plus_family_tam": 1295.0,
        "conservative_50l_plus_share_of_direct_tam": 0.3221,
        "estimated_40l_plus_family_tam_linear_25_50_split": 3137.0,
        "estimated_40l_plus_share_linear_25_50_split": 0.7802,
        "nearby_family_tam_weighted_context": 4222.97,
        "society_cluster_tam_weighted_context_not_counted": 4654.53,
        "market_price_per_sqft": 5797.0,
        "refined_budget_segment": "Mid-Segment",
        "premium_candidate_score": 0.0,
        "rental_yield_pct": 3.0,
        "yearly_appreciation_pct": 22.399999999999995,
        "society_score": 0.931693,
        "society_cluster_score": 0.898471,
        "hospital_score": 0.518401,
        "market_score": 0.415105,
        "sez_workplace_score": 0.628809,
        "habitability_score": 0.549151,
        "habitability_class": "habitable",
        "habitable_for_residential_tam": true,
        "societies_direct_count": 10,
        "societies_nearby_count": 16,
        "society_cluster_project_count": 20,
        "hospitals_nearby_count": 31,
        "top_societies": "AWHO Sandeep Vihar (Super Luxury, TAM 1,295) | Pavani Mirabilia (Luxury, TAM 1,177) | Alpine Viva (Luxury, TAM 340) | Parkway Tivoli (Luxury, TAM 197) | SBR Horizon (Premium, TAM 128)",
        "top_hospitals": "Aster Women & Children Hospital (Ultra Premium, 13.7 min) | Aster Whitefield Hospital (Ultra Premium, 13.7 min) | RxDx Healthcare (Ultra Premium, 17.2 min) | Kinder Women's Hospital and Fertility Centre (Ultra Premium, 18.9 min) | Kauvery Hospital (Ultra Premium, 19.1 min)",
        "quality_flags": "",
        "commute_score": 86.1,
        "commute_band": "Excellent commute convenience",
        "centroid_lat": 13.01533580108481,
        "centroid_lon": 77.75547828685279,
        "zone": "East"
      }
    },
    {
      "type": "Feature",
      "geometry": {
        "type": "Polygon",
        "coordinates": [
          [
            [
              77.56345962307482,
              12.878835486959629
            ],
            [
              77.55945824236939,
              12.89132026536951
            ],
            [
              77.54687172271711,
              12.893860623497554
            ],
            [
              77.53828811232322,
              12.883917594816841
            ],
            [
              77.54228929955882,
              12.871434322385074
            ],
            [
              77.55487429093682,
              12.868892572658837
            ],
            [
              77.56345962307482,
              12.878835486959629
            ]
          ]
        ]
      },
      "properties": {
        "rank": 26,
        "hex_id": "876189249ffffff",
        "name": "Anjanapura-Vasanthapura",
        "final_affluence_score": 70.9414,
        "affluence_tier": "High Affluence",
        "spatial_relation": "local_signal",
        "confidence_score": 1.0,
        "countable_family_tam": 2454.0,
        "direct_family_tam": 2595.0,
        "direct_total_units": 3052.0,
        "direct_luxury_society_tam": 2454.0,
        "conservative_50l_plus_family_tam": 2454.0,
        "conservative_50l_plus_share_of_direct_tam": 0.9457,
        "estimated_40l_plus_family_tam_linear_25_50_split": 2454.0,
        "estimated_40l_plus_share_linear_25_50_split": 0.9457,
        "nearby_family_tam_weighted_context": 3063.8,
        "society_cluster_tam_weighted_context_not_counted": 4360.65,
        "market_price_per_sqft": 4832.532319391635,
        "refined_budget_segment": "Mid-Segment",
        "premium_candidate_score": 0.039052044334315715,
        "rental_yield_pct": null,
        "yearly_appreciation_pct": 19.323870967741936,
        "society_score": 0.892364,
        "society_cluster_score": 0.98505,
        "hospital_score": 0.745757,
        "market_score": 0.398591,
        "sez_workplace_score": 0.0,
        "habitability_score": 0.647236,
        "habitability_class": "habitable",
        "habitable_for_residential_tam": true,
        "societies_direct_count": 3,
        "societies_nearby_count": 10,
        "society_cluster_project_count": 23,
        "hospitals_nearby_count": 86,
        "top_societies": "Mantri Serenity (Super Luxury, TAM 2,326) | Comfort Heights (Super Luxury, TAM 128) | Suraj Ganga Socrates (Aspirational Premium, TAM 141) | Prestige Falcon City (Ultra Luxury, TAM 2,142) | Mahindra Eden (Super Luxury, TAM 592)",
        "top_hospitals": "DHEE Hospitals (Ultra Premium, 1.4 min) | Aster RV Hospital (Ultra Premium, 10.8 min) | Astra Superspeciality Hospital (Super Premium, 4.1 min) | Fortis Hospital (Ultra Premium, 12.5 min) | Cloudnine Hospital - Jayanagar (Ultra Premium, 14.4 min)",
        "quality_flags": "",
        "commute_score": 93.1,
        "commute_band": "Excellent commute convenience",
        "centroid_lat": 12.881377026374158,
        "centroid_lon": 77.55087307866201,
        "zone": "South-West"
      }
    },
    {
      "type": "Feature",
      "geometry": {
        "type": "Polygon",
        "coordinates": [
          [
            [
              77.66940217992729,
              12.915840982900002
            ],
            [
              77.6653998490952,
              12.928333272128084
            ],
            [
              77.65279770040128,
              12.93087745320773
            ],
            [
              77.64419941085475,
              12.920930729818794
            ],
            [
              77.64820155396173,
              12.908439940205968
            ],
            [
              77.66080217462051,
              12.905894374368255
            ],
            [
              77.66940217992729,
              12.915840982900002
            ]
          ]
        ]
      },
      "properties": {
        "rank": 27,
        "hex_id": "876189255ffffff",
        "name": "Iblur-Agaram",
        "final_affluence_score": 70.7294,
        "affluence_tier": "High Affluence",
        "spatial_relation": "local_signal",
        "confidence_score": 0.9333,
        "countable_family_tam": 259.0,
        "direct_family_tam": 1420.0,
        "direct_total_units": 1670.0,
        "direct_luxury_society_tam": 0.0,
        "conservative_50l_plus_family_tam": 0.0,
        "conservative_50l_plus_share_of_direct_tam": 0.0,
        "estimated_40l_plus_family_tam_linear_25_50_split": 259.0,
        "estimated_40l_plus_share_linear_25_50_split": 0.1824,
        "nearby_family_tam_weighted_context": 1924.12,
        "society_cluster_tam_weighted_context_not_counted": 3444.93,
        "market_price_per_sqft": 11175.956221198157,
        "refined_budget_segment": "Mid-Segment",
        "premium_candidate_score": 0.2692650368915649,
        "rental_yield_pct": 3.0,
        "yearly_appreciation_pct": 17.5,
        "society_score": 0.72193,
        "society_cluster_score": 0.920063,
        "hospital_score": 0.902654,
        "market_score": 0.628196,
        "sez_workplace_score": 0.390734,
        "habitability_score": 0.582073,
        "habitability_class": "habitable",
        "habitable_for_residential_tam": true,
        "societies_direct_count": 4,
        "societies_nearby_count": 25,
        "society_cluster_project_count": 52,
        "hospitals_nearby_count": 134,
        "top_societies": "SJR Redwoods (Premium, TAM 131) | Mantri Flora (Premium, TAM 128) | Ozone Evergreens (Aspirational Premium, TAM 775) | Corporate Suncity Apartments (Aspirational Premium, TAM 386) | DNR Reflection (Ultra Luxury, TAM 128)",
        "top_hospitals": "Lotus Multispeciality Center (Ultra Premium, 1.8 min) | Cloudnine Hospital (Ultra Premium, 5.9 min) | Greenview Medical Center (Ultra Premium, 5.4 min) | Sai Thunga Hospitals (Ultra Premium, 2.4 min) | Sakra World Hospital (Ultra Premium, 9.3 min)",
        "quality_flags": "",
        "commute_score": 91.6,
        "commute_band": "Excellent commute convenience",
        "centroid_lat": 12.91838634287126,
        "centroid_lon": 77.65680000993144,
        "zone": "South-East"
      }
    },
    {
      "type": "Feature",
      "geometry": {
        "type": "Polygon",
        "coordinates": [
          [
            [
              77.60122871557114,
              12.87120504323304
            ],
            [
              77.59722726305384,
              12.883693362621853
            ],
            [
              77.58463601345703,
              12.886236634896898
            ],
            [
              77.57604774464342,
              12.876292976607806
            ],
            [
              77.58004900576243,
              12.863806161764774
            ],
            [
              77.5926387273725,
              12.861261500667666
            ],
            [
              77.60122871557114,
              12.87120504323304
            ]
          ]
        ]
      },
      "properties": {
        "rank": 28,
        "hex_id": "87618924cffffff",
        "name": "Hulimavu-Yelenahalli",
        "final_affluence_score": 69.7866,
        "affluence_tier": "Upper-Mid / Emerging Affluence",
        "spatial_relation": "local_signal",
        "confidence_score": 1.0,
        "countable_family_tam": 898.0,
        "direct_family_tam": 1660.0,
        "direct_total_units": 1951.0,
        "direct_luxury_society_tam": 642.0,
        "conservative_50l_plus_family_tam": 166.0,
        "conservative_50l_plus_share_of_direct_tam": 0.1,
        "estimated_40l_plus_family_tam_linear_25_50_split": 898.0,
        "estimated_40l_plus_share_linear_25_50_split": 0.541,
        "nearby_family_tam_weighted_context": 1795.19,
        "society_cluster_tam_weighted_context_not_counted": 2853.84,
        "market_price_per_sqft": 7622.132947976878,
        "refined_budget_segment": "Mixed/Diverse",
        "premium_candidate_score": 0.12665661616551768,
        "rental_yield_pct": 3.0,
        "yearly_appreciation_pct": 11.022522522522523,
        "society_score": 0.747062,
        "society_cluster_score": 0.859152,
        "hospital_score": 0.776987,
        "market_score": 0.573169,
        "sez_workplace_score": 0.455935,
        "habitability_score": 0.753809,
        "habitability_class": "dense_habitable",
        "habitable_for_residential_tam": true,
        "societies_direct_count": 9,
        "societies_nearby_count": 18,
        "society_cluster_project_count": 36,
        "hospitals_nearby_count": 100,
        "top_societies": "Mantri Pinnacle (Ultra Luxury, TAM 128) | Prestige Notting Hill (Luxury, TAM 245) | Valmark Orchard Square (Luxury, TAM 231) | Axis Experia (Super Luxury, TAM 38) | Sipani Pennantia (Premium, TAM 128)",
        "top_hospitals": "Apollo Hospital (Ultra Premium, 6.2 min) | Fortis Hospital (Ultra Premium, 6.4 min) | Aster RV Hospital (Ultra Premium, 11.0 min) | Cadabams Hospitals (Ultra Premium, 10.6 min) | Chirag Global Hospitals (Ultra Premium, 8.1 min)",
        "quality_flags": "",
        "commute_score": 90.8,
        "commute_band": "Excellent commute convenience",
        "centroid_lat": 12.873749495353788,
        "centroid_lon": 77.58863744244883,
        "zone": "South"
      }
    },
    {
      "type": "Feature",
      "geometry": {
        "type": "Polygon",
        "coordinates": [
          [
            [
              77.60581846752578,
              12.893637762330513
            ],
            [
              77.60181670332167,
              12.906125548887028
            ],
            [
              77.58922392554182,
              12.90866743229472
            ],
            [
              77.58063444042838,
              12.898722918015578
            ],
            [
              77.58463601345703,
              12.886236634896898
            ],
            [
              77.59722726305384,
              12.883693362621853
            ],
            [
              77.60581846752578,
              12.893637762330513
            ]
          ]
        ]
      },
      "properties": {
        "rank": 29,
        "hex_id": "87618924effffff",
        "name": "Doresanipalya-Puttenahalli",
        "final_affluence_score": 69.7127,
        "affluence_tier": "Upper-Mid / Emerging Affluence",
        "spatial_relation": "local_signal",
        "confidence_score": 1.0,
        "countable_family_tam": 1732.0,
        "direct_family_tam": 2116.0,
        "direct_total_units": 2487.0,
        "direct_luxury_society_tam": 1273.0,
        "conservative_50l_plus_family_tam": 1034.0,
        "conservative_50l_plus_share_of_direct_tam": 0.4887,
        "estimated_40l_plus_family_tam_linear_25_50_split": 1732.0,
        "estimated_40l_plus_share_linear_25_50_split": 0.8185,
        "nearby_family_tam_weighted_context": 2379.23,
        "society_cluster_tam_weighted_context_not_counted": 3259.61,
        "market_price_per_sqft": 4642.818840579711,
        "refined_budget_segment": "Mid-Segment",
        "premium_candidate_score": 0.0,
        "rental_yield_pct": null,
        "yearly_appreciation_pct": null,
        "society_score": 0.809508,
        "society_cluster_score": 0.903852,
        "hospital_score": 0.876959,
        "market_score": 0.323684,
        "sez_workplace_score": 0.32063,
        "habitability_score": 0.895715,
        "habitability_class": "dense_habitable",
        "habitable_for_residential_tam": true,
        "societies_direct_count": 12,
        "societies_nearby_count": 20,
        "society_cluster_project_count": 45,
        "hospitals_nearby_count": 125,
        "top_societies": "Mahindra Lifespace Windchimes (Super Luxury, TAM 343) | Mantri Elite (Ultra Luxury, TAM 128) | Mahaveer Sitara (Super Luxury, TAM 184) | Brigade Palmsprings (Super Luxury, TAM 184) | Sobha Tulip (Super Luxury, TAM 100)",
        "top_hospitals": "Fortis Hospital (Ultra Premium, 1.5 min) | Apollo Hospital (Ultra Premium, 3.1 min) | Aster RV Hospital (Ultra Premium, 4.8 min) | Cadabams Hospitals (Ultra Premium, 3.4 min) | Cloudnine Hospital - Jayanagar (Ultra Premium, 9.2 min)",
        "quality_flags": "",
        "commute_score": 92.2,
        "commute_band": "Excellent commute convenience",
        "centroid_lat": 12.896180826069546,
        "centroid_lon": 77.59322566636698,
        "zone": "South"
      }
    },
    {
      "type": "Feature",
      "geometry": {
        "type": "Polygon",
        "coordinates": [
          [
            [
              77.60016629279933,
              13.058272462931056
            ],
            [
              77.59616241525423,
              13.070752864264927
            ],
            [
              77.5835636623201,
              13.073282088108456
            ],
            [
              77.57497031705977,
              13.063332302535443
            ],
            [
              77.57897400291556,
              13.0508533982883
            ],
            [
              77.59157122600067,
              13.048322782528361
            ],
            [
              77.60016629279933,
              13.058272462931056
            ]
          ]
        ]
      },
      "properties": {
        "rank": 30,
        "hex_id": "8761892cbffffff",
        "name": "Byatarayanapura",
        "final_affluence_score": 69.52,
        "affluence_tier": "Upper-Mid / Emerging Affluence",
        "spatial_relation": "local_signal",
        "confidence_score": 1.0,
        "countable_family_tam": 800.0,
        "direct_family_tam": 1219.0,
        "direct_total_units": 1430.0,
        "direct_luxury_society_tam": 706.0,
        "conservative_50l_plus_family_tam": 706.0,
        "conservative_50l_plus_share_of_direct_tam": 0.5792,
        "estimated_40l_plus_family_tam_linear_25_50_split": 800.0,
        "estimated_40l_plus_share_linear_25_50_split": 0.6563,
        "nearby_family_tam_weighted_context": 1428.08,
        "society_cluster_tam_weighted_context_not_counted": 2025.22,
        "market_price_per_sqft": 6736.0,
        "refined_budget_segment": "Mid-Segment",
        "premium_candidate_score": 0.06040309948062087,
        "rental_yield_pct": 3.0,
        "yearly_appreciation_pct": null,
        "society_score": 0.769001,
        "society_cluster_score": 0.829825,
        "hospital_score": 0.776341,
        "market_score": 0.485015,
        "sez_workplace_score": 0.534125,
        "habitability_score": 0.812445,
        "habitability_class": "dense_habitable",
        "habitable_for_residential_tam": true,
        "societies_direct_count": 10,
        "societies_nearby_count": 17,
        "society_cluster_project_count": 35,
        "hospitals_nearby_count": 99,
        "top_societies": "L&T Raintree Boulevard (Ultra Luxury, TAM 128) | Brigade Caladium (Ultra Luxury, TAM 128) | RMZ Latitude (Ultra Luxury, TAM 104) | Bearys Lakeside Habitat (Ultra Luxury, TAM 90) | G Corp Mahalakshmi (Super Luxury, TAM 128)",
        "top_hospitals": "Aster CMI Hospital (Ultra Premium, 1.9 min) | Mind and Brain hospital (Ultra Premium, 1.7 min) | Medstar Speciality Hospital (Ultra Premium, 1.1 min) | People Tree Hospitals (Ultra Premium, 13.9 min) | Maarga (Ultra Premium, 10.7 min)",
        "quality_flags": "",
        "commute_score": 87.7,
        "commute_band": "Excellent commute convenience",
        "centroid_lat": 13.060802871917549,
        "centroid_lon": 77.5875675162762,
        "zone": "North"
      }
    },
    {
      "type": "Feature",
      "geometry": {
        "type": "Polygon",
        "coordinates": [
          [
            [
              77.70261553761596,
              12.885755484054581
            ],
            [
              77.69861345592952,
              12.898251841757961
            ],
            [
              77.68600812653077,
              12.900800325107035
            ],
            [
              77.67740640663867,
              12.89085383267999
            ],
            [
              77.68140830245561,
              12.87835897425475
            ],
            [
              77.69401210431467,
              12.875809108979723
            ],
            [
              77.70261553761596,
              12.885755484054581
            ]
          ]
        ]
      },
      "properties": {
        "rank": 31,
        "hex_id": "876189270ffffff",
        "name": "Halanayakanahalli",
        "final_affluence_score": 69.3785,
        "affluence_tier": "Upper-Mid / Emerging Affluence",
        "spatial_relation": "local_signal",
        "confidence_score": 0.8667,
        "countable_family_tam": 514.0,
        "direct_family_tam": 1071.0,
        "direct_total_units": 1260.0,
        "direct_luxury_society_tam": 514.0,
        "conservative_50l_plus_family_tam": 514.0,
        "conservative_50l_plus_share_of_direct_tam": 0.4799,
        "estimated_40l_plus_family_tam_linear_25_50_split": 514.0,
        "estimated_40l_plus_share_linear_25_50_split": 0.4799,
        "nearby_family_tam_weighted_context": 1392.47,
        "society_cluster_tam_weighted_context_not_counted": 3320.45,
        "market_price_per_sqft": 5460.0,
        "refined_budget_segment": "Mid-Segment",
        "premium_candidate_score": 0.0,
        "rental_yield_pct": 4.0,
        "yearly_appreciation_pct": 5.2,
        "society_score": 0.809865,
        "society_cluster_score": 0.956655,
        "hospital_score": 0.745854,
        "market_score": 0.368095,
        "sez_workplace_score": 0.414668,
        "habitability_score": 0.366973,
        "habitability_class": "sparse_habitable",
        "habitable_for_residential_tam": true,
        "societies_direct_count": 3,
        "societies_nearby_count": 7,
        "society_cluster_project_count": 42,
        "hospitals_nearby_count": 72,
        "top_societies": "JRC Wild Woods (Ultra Luxury, TAM 514) | Ahad Excellencia (Aspirational Premium, TAM 429) | Brigade Gem (Aspirational Premium, TAM 128) | Assetz 63 Degree East (Super Luxury, TAM 1,572) | Klassik Landmark (Super Luxury, TAM 502)",
        "top_hospitals": "Manipal Hospital (Ultra Premium, 10.6 min) | Sakra World Hospital (Ultra Premium, 12.7 min) | Cloudnine Hospital (Ultra Premium, 11.9 min) | Belenus Champion Hospital (Ultra Premium, 8.3 min) | Apollo Clinic (Ultra Premium, 12.8 min)",
        "quality_flags": "",
        "commute_score": 81.9,
        "commute_band": "Excellent commute convenience",
        "centroid_lat": 12.888305144358416,
        "centroid_lon": 77.6900101880072,
        "zone": "South-East"
      }
    },
    {
      "type": "Feature",
      "geometry": {
        "type": "Polygon",
        "coordinates": [
          [
            [
              77.62595980531125,
              13.088124608791846
            ],
            [
              77.62195542537361,
              13.100605941177612
            ],
            [
              77.6093520126667,
              13.103134547380492
            ],
            [
              77.60075451017535,
              13.093183211774992
            ],
            [
              77.60475869979786,
              13.080703374086884
            ],
            [
              77.6173605825069,
              13.078173377306992
            ],
            [
              77.62595980531125,
              13.088124608791846
            ]
          ]
        ]
      },
      "properties": {
        "rank": 32,
        "hex_id": "8761892d9ffffff",
        "name": "Sampigehalli-Akash Ward",
        "final_affluence_score": 69.2816,
        "affluence_tier": "Upper-Mid / Emerging Affluence",
        "spatial_relation": "local_signal",
        "confidence_score": 0.9333,
        "countable_family_tam": 297.0,
        "direct_family_tam": 603.0,
        "direct_total_units": 709.0,
        "direct_luxury_society_tam": 297.0,
        "conservative_50l_plus_family_tam": 169.0,
        "conservative_50l_plus_share_of_direct_tam": 0.2803,
        "estimated_40l_plus_family_tam_linear_25_50_split": 297.0,
        "estimated_40l_plus_share_linear_25_50_split": 0.4925,
        "nearby_family_tam_weighted_context": 1003.04,
        "society_cluster_tam_weighted_context_not_counted": 1979.55,
        "market_price_per_sqft": 10450.0,
        "refined_budget_segment": "Premium Candidate",
        "premium_candidate_score": 0.33684539898410065,
        "rental_yield_pct": 3.0,
        "yearly_appreciation_pct": 1.0,
        "society_score": 0.685949,
        "society_cluster_score": 0.850812,
        "hospital_score": 0.617701,
        "market_score": 0.708585,
        "sez_workplace_score": 1.0,
        "habitability_score": 0.4382,
        "habitability_class": "sparse_habitable",
        "habitable_for_residential_tam": true,
        "societies_direct_count": 3,
        "societies_nearby_count": 16,
        "society_cluster_project_count": 25,
        "hospitals_nearby_count": 58,
        "top_societies": "Bollineni Astra (Super Luxury, TAM 169) | Radiant Jasmine Gardens (Luxury, TAM 128) | DS Max Synergy (Aspirational Premium, TAM 306) | Bhartiya City Nikoo Homes 6 (Super Luxury, TAM 2,395) | Legacy Casero (Super Luxury, TAM 128)",
        "top_hospitals": "Aster CMI Hospital (Ultra Premium, 14.1 min) | Maarga (Ultra Premium, 10.3 min) | Regal Hospital (Super Premium, 6.3 min) | Mind and Brain hospital (Ultra Premium, 14.3 min) | Manipal Hospital (Super Premium, 8.9 min)",
        "quality_flags": "",
        "commute_score": 83.0,
        "commute_band": "Excellent commute convenience",
        "centroid_lat": 13.09065440013934,
        "centroid_lon": 77.6133563698551,
        "zone": "North"
      }
    },
    {
      "type": "Feature",
      "geometry": {
        "type": "Polygon",
        "coordinates": [
          [
            [
              77.59381274222542,
              12.931098546657477
            ],
            [
              77.58981054539578,
              12.943583755310296
            ],
            [
              77.57721783854912,
              12.946122094829187
            ],
            [
              77.56862885743394,
              12.936176616018486
            ],
            [
              77.57263086238557,
              12.923692909856529
            ],
            [
              77.58522204060961,
              12.921153180016537
            ],
            [
              77.59381274222542,
              12.931098546657477
            ]
          ]
        ]
      },
      "properties": {
        "rank": 33,
        "hex_id": "876189259ffffff",
        "name": "Sunkenahalli-Devagiri Temple Ward",
        "final_affluence_score": 69.0703,
        "affluence_tier": "Upper-Mid / Emerging Affluence",
        "spatial_relation": "local_signal",
        "confidence_score": 1.0,
        "countable_family_tam": 623.0,
        "direct_family_tam": 623.0,
        "direct_total_units": 731.0,
        "direct_luxury_society_tam": 623.0,
        "conservative_50l_plus_family_tam": 623.0,
        "conservative_50l_plus_share_of_direct_tam": 1.0,
        "estimated_40l_plus_family_tam_linear_25_50_split": 623.0,
        "estimated_40l_plus_share_linear_25_50_split": 1.0,
        "nearby_family_tam_weighted_context": 749.66,
        "society_cluster_tam_weighted_context_not_counted": 1085.46,
        "market_price_per_sqft": 11260.066459902524,
        "refined_budget_segment": "Premium Candidate",
        "premium_candidate_score": 0.39176720001317145,
        "rental_yield_pct": 1.6595744680851063,
        "yearly_appreciation_pct": 11.751063829787233,
        "society_score": 0.669825,
        "society_cluster_score": 0.735044,
        "hospital_score": 0.925007,
        "market_score": 0.750246,
        "sez_workplace_score": 0.226932,
        "habitability_score": 0.96008,
        "habitability_class": "dense_habitable",
        "habitable_for_residential_tam": true,
        "societies_direct_count": 5,
        "societies_nearby_count": 16,
        "society_cluster_project_count": 25,
        "hospitals_nearby_count": 158,
        "top_societies": "Alpine Regency (Ultra Luxury, TAM 128) | RRBC Parasmani Regency (Ultra Luxury, TAM 128) | Pramuk MM Meridian (Ultra Luxury, TAM 111) | Bharath Housing Society (Super Luxury, TAM 128) | Sycon Heritage (Super Luxury, TAM 128)",
        "top_hospitals": "Cloudnine Hospital - Jayanagar (Ultra Premium, 0.9 min) | Apollo Speciality Hospitals (Ultra Premium, 1.8 min) | Aster RV Hospital (Ultra Premium, 5.9 min) | Apollo Cradle & Children’s Hospital (Super Premium, 4.8 min) | Cadabams Hospitals (Ultra Premium, 7.2 min)",
        "quality_flags": "",
        "commute_score": 95.6,
        "commute_band": "Excellent commute convenience",
        "centroid_lat": 12.933638067954629,
        "centroid_lon": 77.58122001160162,
        "zone": "Central"
      }
    },
    {
      "type": "Feature",
      "geometry": {
        "type": "Polygon",
        "coordinates": [
          [
            [
              77.75608506248084,
              13.050278790155323
            ],
            [
              77.75208062380324,
              13.062772817930075
            ],
            [
              77.7394614815607,
              13.065312404686352
            ],
            [
              77.73084830712234,
              13.055359344478028
            ],
            [
              77.73485256266676,
              13.042866806913848
            ],
            [
              77.74747017606435,
              13.040325839346691
            ],
            [
              77.75608506248084,
              13.050278790155323
            ]
          ]
        ]
      },
      "properties": {
        "rank": 34,
        "hex_id": "8761892f6ffffff",
        "name": "Cheemasandra",
        "final_affluence_score": 68.7659,
        "affluence_tier": "Upper-Mid / Emerging Affluence",
        "spatial_relation": "local_signal",
        "confidence_score": 1.0,
        "countable_family_tam": 3498.0,
        "direct_family_tam": 3498.0,
        "direct_total_units": 4115.0,
        "direct_luxury_society_tam": 2931.0,
        "conservative_50l_plus_family_tam": 631.0,
        "conservative_50l_plus_share_of_direct_tam": 0.1804,
        "estimated_40l_plus_family_tam_linear_25_50_split": 3498.0,
        "estimated_40l_plus_share_linear_25_50_split": 1.0,
        "nearby_family_tam_weighted_context": 3584.14,
        "society_cluster_tam_weighted_context_not_counted": 4117.12,
        "market_price_per_sqft": 10707.237315875613,
        "refined_budget_segment": "Mid-Segment",
        "premium_candidate_score": 0.27894191871079954,
        "rental_yield_pct": 4.0,
        "yearly_appreciation_pct": 9.4,
        "society_score": 0.90732,
        "society_cluster_score": 0.854771,
        "hospital_score": 0.365192,
        "market_score": 0.725615,
        "sez_workplace_score": 0.0,
        "habitability_score": 0.414814,
        "habitability_class": "sparse_habitable",
        "habitable_for_residential_tam": true,
        "societies_direct_count": 4,
        "societies_nearby_count": 9,
        "society_cluster_project_count": 12,
        "hospitals_nearby_count": 29,
        "top_societies": "Brigade Buena Vista (Super Luxury, TAM 631) | Prestige Tranquility (Luxury, TAM 2,013) | Sattva Bliss (Luxury, TAM 287) | Sattva East Crest (Premium, TAM 567) | SBR Keerthi (Aspirational Premium, TAM 184)",
        "top_hospitals": "Aster Women & Children Hospital (Ultra Premium, 24.9 min) | Aster Whitefield Hospital (Ultra Premium, 24.9 min) | Kinder Women's Hospital and Fertility Centre (Ultra Premium, 23.9 min) | RxDx Healthcare (Ultra Premium, 26.6 min) | Altor Hospital (Super Premium, 17.3 min)",
        "quality_flags": "",
        "commute_score": 80.3,
        "commute_band": "Excellent commute convenience",
        "centroid_lat": 13.052819556772363,
        "centroid_lon": 77.74346590176135,
        "zone": "North-East"
      }
    },
    {
      "type": "Feature",
      "geometry": {
        "type": "Polygon",
        "coordinates": [
          [
            [
              77.54687172271711,
              12.893860623497554
            ],
            [
              77.54287022313342,
              12.906343362748975
            ],
            [
              77.53028530727103,
              12.90888156717843
            ],
            [
              77.5217034197858,
              12.898938425366655
            ],
            [
              77.52570472497577,
              12.886457192253484
            ],
            [
              77.53828811232322,
              12.883917594816841
            ],
            [
              77.54687172271711,
              12.893860623497554
            ]
          ]
        ]
      },
      "properties": {
        "rank": 35,
        "hex_id": "876014516ffffff",
        "name": "Subramanyapura",
        "final_affluence_score": 68.7465,
        "affluence_tier": "Upper-Mid / Emerging Affluence",
        "spatial_relation": "local_signal",
        "confidence_score": 0.9333,
        "countable_family_tam": 2473.0,
        "direct_family_tam": 3136.0,
        "direct_total_units": 3688.0,
        "direct_luxury_society_tam": 951.0,
        "conservative_50l_plus_family_tam": 0.0,
        "conservative_50l_plus_share_of_direct_tam": 0.0,
        "estimated_40l_plus_family_tam_linear_25_50_split": 2473.0,
        "estimated_40l_plus_share_linear_25_50_split": 0.7886,
        "nearby_family_tam_weighted_context": 3394.78,
        "society_cluster_tam_weighted_context_not_counted": 4110.95,
        "market_price_per_sqft": 4483.366972477064,
        "refined_budget_segment": "Mid-Segment",
        "premium_candidate_score": 0.0,
        "rental_yield_pct": null,
        "yearly_appreciation_pct": 24.3,
        "society_score": 0.88594,
        "society_cluster_score": 0.895816,
        "hospital_score": 0.718916,
        "market_score": 0.368725,
        "sez_workplace_score": 0.0,
        "habitability_score": 0.577031,
        "habitability_class": "habitable",
        "habitable_for_residential_tam": true,
        "societies_direct_count": 7,
        "societies_nearby_count": 15,
        "society_cluster_project_count": 24,
        "hospitals_nearby_count": 84,
        "top_societies": "Prestige Lake Ridge (Luxury, TAM 951) | Brigade 7 Gardens (Premium, TAM 576) | Brigade Omega (Premium, TAM 442) | Rohan Akriti (Premium, TAM 376) | Mantri Alpyne (Premium, TAM 128)",
        "top_hospitals": "DHEE Hospitals (Ultra Premium, 6.3 min) | Pathway Hospitals (Ultra Premium, 3.7 min) | Astra Superspeciality Hospital (Super Premium, 7.0 min) | Aster RV Hospital (Ultra Premium, 15.7 min) | SS Sparsh Hospital (Ultra Premium, 9.4 min)",
        "quality_flags": "",
        "commute_score": 86.8,
        "commute_band": "Excellent commute convenience",
        "centroid_lat": 12.89640001017449,
        "centroid_lon": 77.5342867815502,
        "zone": "South-West"
      }
    },
    {
      "type": "Feature",
      "geometry": {
        "type": "Polygon",
        "coordinates": [
          [
            [
              77.57897400291556,
              13.0508533982883
            ],
            [
              77.57497031705977,
              13.063332302535443
            ],
            [
              77.56237469607154,
              13.065860754755194
            ],
            [
              77.55378429111347,
              13.055911696014908
            ],
            [
              77.55778778413058,
              13.043434290125761
            ],
            [
              77.57038187522377,
              13.040904444620127
            ],
            [
              77.57897400291556,
              13.0508533982883
            ]
          ]
        ]
      },
      "properties": {
        "rank": 36,
        "hex_id": "876014596ffffff",
        "name": "Geddalahalli-Kodigehalli",
        "final_affluence_score": 68.2125,
        "affluence_tier": "Upper-Mid / Emerging Affluence",
        "spatial_relation": "local_signal",
        "confidence_score": 1.0,
        "countable_family_tam": 1262.0,
        "direct_family_tam": 1405.0,
        "direct_total_units": 1652.0,
        "direct_luxury_society_tam": 1262.0,
        "conservative_50l_plus_family_tam": 644.0,
        "conservative_50l_plus_share_of_direct_tam": 0.4584,
        "estimated_40l_plus_family_tam_linear_25_50_split": 1262.0,
        "estimated_40l_plus_share_linear_25_50_split": 0.8982,
        "nearby_family_tam_weighted_context": 1455.56,
        "society_cluster_tam_weighted_context_not_counted": 1742.72,
        "market_price_per_sqft": 12903.385080645163,
        "refined_budget_segment": "Premium Candidate",
        "premium_candidate_score": 0.4869825791491202,
        "rental_yield_pct": null,
        "yearly_appreciation_pct": 12.92014652014652,
        "society_score": 0.761397,
        "society_cluster_score": 0.737052,
        "hospital_score": 0.772454,
        "market_score": 0.698795,
        "sez_workplace_score": 0.04937,
        "habitability_score": 0.751868,
        "habitability_class": "dense_habitable",
        "habitable_for_residential_tam": true,
        "societies_direct_count": 6,
        "societies_nearby_count": 8,
        "society_cluster_project_count": 17,
        "hospitals_nearby_count": 102,
        "top_societies": "Pebble Bay (Ultra Luxury, TAM 510) | Prestige Fairfield (Ultra Luxury, TAM 134) | Hiranandani Glen Gate (Luxury, TAM 245) | Hiranandani Glen Classic (Luxury, TAM 245) | SMC Beverly Villas (Luxury, TAM 128)",
        "top_hospitals": "People Tree Hospitals (Ultra Premium, 9.5 min) | Aster CMI Hospital (Ultra Premium, 10.5 min) | Mind and Brain hospital (Ultra Premium, 8.0 min) | Smiles Institute of Gastroenterology (Ultra Premium, 6.8 min) | Medstar Speciality Hospital (Ultra Premium, 8.6 min)",
        "quality_flags": "",
        "commute_score": 87.5,
        "commute_band": "Excellent commute convenience",
        "centroid_lat": 13.053383036127002,
        "centroid_lon": 77.56637835764623,
        "zone": "North"
      }
    },
    {
      "type": "Feature",
      "geometry": {
        "type": "Polygon",
        "coordinates": [
          [
            [
              77.63901197762837,
              12.863565862032056
            ],
            [
              77.63501045700713,
              12.876057718068129
            ],
            [
              77.62241448575068,
              12.878603904171367
            ],
            [
              77.61382156308967,
              12.8686596202815
            ],
            [
              77.61782289438702,
              12.856169267353224
            ],
            [
              77.6304173379489,
              12.853621695209254
            ],
            [
              77.63901197762837,
              12.863565862032056
            ]
          ]
        ]
      },
      "properties": {
        "rank": 37,
        "hex_id": "876189245ffffff",
        "name": "Beguru-Yelenahalli",
        "final_affluence_score": 68.1122,
        "affluence_tier": "Upper-Mid / Emerging Affluence",
        "spatial_relation": "local_signal",
        "confidence_score": 0.9333,
        "countable_family_tam": 1965.0,
        "direct_family_tam": 2093.0,
        "direct_total_units": 2462.0,
        "direct_luxury_society_tam": 1683.0,
        "conservative_50l_plus_family_tam": 0.0,
        "conservative_50l_plus_share_of_direct_tam": 0.0,
        "estimated_40l_plus_family_tam_linear_25_50_split": 1965.0,
        "estimated_40l_plus_share_linear_25_50_split": 0.9388,
        "nearby_family_tam_weighted_context": 2323.09,
        "society_cluster_tam_weighted_context_not_counted": 2937.45,
        "market_price_per_sqft": 5105.370967741936,
        "refined_budget_segment": "Mid-Segment",
        "premium_candidate_score": 0.02166156389015669,
        "rental_yield_pct": 4.0,
        "yearly_appreciation_pct": 19.9,
        "society_score": 0.771967,
        "society_cluster_score": 0.837187,
        "hospital_score": 0.763512,
        "market_score": 0.456075,
        "sez_workplace_score": 0.578328,
        "habitability_score": 0.454272,
        "habitability_class": "sparse_habitable",
        "habitable_for_residential_tam": true,
        "societies_direct_count": 3,
        "societies_nearby_count": 9,
        "society_cluster_project_count": 15,
        "hospitals_nearby_count": 99,
        "top_societies": "DLF Westend Heights (Luxury, TAM 1,683) | Windsor Troika (Premium, TAM 282) | Golden Hasmitha Nandana (Aspirational Premium, TAM 128) | Prestige Song of the South (Super Luxury, TAM 1,850) | Mahindra Zen (Luxury, TAM 194)",
        "top_hospitals": "Apollo Hospital (Ultra Premium, 11.8 min) | Kauvery Hospitals (Ultra Premium, 12.1 min) | Fortis Hospital (Ultra Premium, 12.1 min) | Aster RV Hospital (Ultra Premium, 15.9 min) | Greenview Medical Center (Ultra Premium, 14.1 min)",
        "quality_flags": "",
        "commute_score": 84.6,
        "commute_band": "Excellent commute convenience",
        "centroid_lat": 12.86611322653557,
        "centroid_lon": 77.62641598408287,
        "zone": "South"
      }
    },
    {
      "type": "Feature",
      "geometry": {
        "type": "Polygon",
        "coordinates": [
          [
            [
              77.53486679317479,
              12.931306262518286
            ],
            [
              77.5308648628625,
              12.943786420478702
            ],
            [
              77.5182800237099,
              12.946321075280036
            ],
            [
              77.50969864410038,
              12.936376966582108
            ],
            [
              77.51370037931676,
              12.923898313809277
            ],
            [
              77.52628368951703,
              12.921362264549604
            ],
            [
              77.53486679317479,
              12.931306262518286
            ]
          ]
        ]
      },
      "properties": {
        "rank": 38,
        "hex_id": "8760145a1ffffff",
        "name": "Bangarappa Nagara-Rajarajeshwari Nagara",
        "final_affluence_score": 68.0225,
        "affluence_tier": "Upper-Mid / Emerging Affluence",
        "spatial_relation": "local_signal",
        "confidence_score": 1.0,
        "countable_family_tam": 1354.0,
        "direct_family_tam": 2078.0,
        "direct_total_units": 2444.0,
        "direct_luxury_society_tam": 1098.0,
        "conservative_50l_plus_family_tam": 700.0,
        "conservative_50l_plus_share_of_direct_tam": 0.3369,
        "estimated_40l_plus_family_tam_linear_25_50_split": 1354.0,
        "estimated_40l_plus_share_linear_25_50_split": 0.6516,
        "nearby_family_tam_weighted_context": 2098.89,
        "society_cluster_tam_weighted_context_not_counted": 2268.42,
        "market_price_per_sqft": 10119.62569213732,
        "refined_budget_segment": "Mixed/Diverse",
        "premium_candidate_score": 0.230927598952143,
        "rental_yield_pct": null,
        "yearly_appreciation_pct": 16.9,
        "society_score": 0.77618,
        "society_cluster_score": 0.748986,
        "hospital_score": 0.755381,
        "market_score": 0.576881,
        "sez_workplace_score": 0.526281,
        "habitability_score": 0.702892,
        "habitability_class": "habitable",
        "habitable_for_residential_tam": true,
        "societies_direct_count": 8,
        "societies_nearby_count": 9,
        "society_cluster_project_count": 14,
        "hospitals_nearby_count": 104,
        "top_societies": "Sattva Divinity (Super Luxury, TAM 700) | Navami Landmaark (Luxury, TAM 398) | Birla Apple Spire (Premium, TAM 128) | Salarpuria Sattva Melody (Premium, TAM 128) | GRC Brundavan (Aspirational Premium, TAM 423)",
        "top_hospitals": "SS Sparsh Hospital (Ultra Premium, 2.0 min) | Aster RV Hospital (Ultra Premium, 16.9 min) | Kusuma Hospital (Ultra Premium, 8.5 min) | Pathway Hospitals (Ultra Premium, 9.8 min) | Cloudnine Hospital - Jayanagar (Ultra Premium, 16.7 min)",
        "quality_flags": "",
        "commute_score": 90.7,
        "commute_band": "Excellent commute convenience",
        "centroid_lat": 12.933842101009484,
        "centroid_lon": 77.52228192831954,
        "zone": "South-West"
      }
    },
    {
      "type": "Feature",
      "geometry": {
        "type": "Polygon",
        "coordinates": [
          [
            [
              77.61040912426928,
              12.916070802110092
            ],
            [
              77.60640704838463,
              12.928558052160831
            ],
            [
              77.59381274222542,
              12.931098546657477
            ],
            [
              77.58522204060961,
              12.921153180016537
            ],
            [
              77.58922392554182,
              12.90866743229472
            ],
            [
              77.60181670332167,
              12.906125548887028
            ],
            [
              77.61040912426928,
              12.916070802110092
            ]
          ]
        ]
      },
      "properties": {
        "rank": 39,
        "hex_id": "87618925dffffff",
        "name": "J.P Nagar-N.S Palya",
        "final_affluence_score": 67.7761,
        "affluence_tier": "Upper-Mid / Emerging Affluence",
        "spatial_relation": "local_signal",
        "confidence_score": 1.0,
        "countable_family_tam": 766.0,
        "direct_family_tam": 903.0,
        "direct_total_units": 1061.0,
        "direct_luxury_society_tam": 306.0,
        "conservative_50l_plus_family_tam": 306.0,
        "conservative_50l_plus_share_of_direct_tam": 0.3389,
        "estimated_40l_plus_family_tam_linear_25_50_split": 766.0,
        "estimated_40l_plus_share_linear_25_50_split": 0.8483,
        "nearby_family_tam_weighted_context": 977.61,
        "society_cluster_tam_weighted_context_not_counted": 1328.76,
        "market_price_per_sqft": 10165.887713588287,
        "refined_budget_segment": "Mixed/Diverse",
        "premium_candidate_score": 0.24635600130766017,
        "rental_yield_pct": 2.5285714285714285,
        "yearly_appreciation_pct": 16.747744360902253,
        "society_score": 0.658707,
        "society_cluster_score": 0.719287,
        "hospital_score": 0.920706,
        "market_score": 0.696334,
        "sez_workplace_score": 0.116455,
        "habitability_score": 1.0,
        "habitability_class": "dense_habitable",
        "habitable_for_residential_tam": true,
        "societies_direct_count": 8,
        "societies_nearby_count": 14,
        "society_cluster_project_count": 28,
        "hospitals_nearby_count": 145,
        "top_societies": "Oakyard Apartment (Ultra Luxury, TAM 128) | Sobha Opal (Super Luxury, TAM 105) | B and B Opulent Spire (Super Luxury, TAM 73) | Casa Ansal Apartments (Premium, TAM 204) | Mantri Elegance (Premium, TAM 128)",
        "top_hospitals": "Aster RV Hospital (Ultra Premium, 4.3 min) | Cloudnine Hospital - Jayanagar (Ultra Premium, 6.3 min) | Apollo Hospital (Ultra Premium, 5.9 min) | Fortis Hospital (Ultra Premium, 5.9 min) | Cadabams Hospitals (Ultra Premium, 4.5 min)",
        "quality_flags": "",
        "commute_score": 96.5,
        "commute_band": "Excellent commute convenience",
        "centroid_lat": 12.918612477422963,
        "centroid_lon": 77.5978147948778,
        "zone": "South"
      }
    },
    {
      "type": "Feature",
      "geometry": {
        "type": "Polygon",
        "coordinates": [
          [
            [
              77.65917981340942,
              13.058092063409074
            ],
            [
              77.65517567911537,
              13.070577511684107
            ],
            [
              77.6425690730906,
              13.073110446075106
            ],
            [
              77.63396813114657,
              13.063159319957304
            ],
            [
              77.63797207698173,
              13.050675366061661
            ],
            [
              77.65057715350021,
              13.048141043904701
            ],
            [
              77.65917981340942,
              13.058092063409074
            ]
          ]
        ]
      },
      "properties": {
        "rank": 40,
        "hex_id": "8761892c3ffffff",
        "name": "Thanisandra-Byrathi",
        "final_affluence_score": 67.7111,
        "affluence_tier": "Upper-Mid / Emerging Affluence",
        "spatial_relation": "local_signal",
        "confidence_score": 1.0,
        "countable_family_tam": 561.0,
        "direct_family_tam": 983.0,
        "direct_total_units": 1155.0,
        "direct_luxury_society_tam": 128.0,
        "conservative_50l_plus_family_tam": 128.0,
        "conservative_50l_plus_share_of_direct_tam": 0.1302,
        "estimated_40l_plus_family_tam_linear_25_50_split": 561.0,
        "estimated_40l_plus_share_linear_25_50_split": 0.5707,
        "nearby_family_tam_weighted_context": 1466.26,
        "society_cluster_tam_weighted_context_not_counted": 2459.68,
        "market_price_per_sqft": 8609.0,
        "refined_budget_segment": "Mid-Segment",
        "premium_candidate_score": 0.07603289667633095,
        "rental_yield_pct": 2.0,
        "yearly_appreciation_pct": 10.0,
        "society_score": 0.717678,
        "society_cluster_score": 0.836518,
        "hospital_score": 0.749232,
        "market_score": 0.62143,
        "sez_workplace_score": 0.438118,
        "habitability_score": 0.71605,
        "habitability_class": "habitable",
        "habitable_for_residential_tam": true,
        "societies_direct_count": 5,
        "societies_nearby_count": 12,
        "society_cluster_project_count": 19,
        "hospitals_nearby_count": 89,
        "top_societies": "Expat The Wisdom Tree Community (Super Luxury, TAM 128) | Sobha Chrysanthemum (Premium, TAM 433) | Trendsquare Ambience (Aspirational Premium, TAM 166) | Arge Helios (Aspirational Premium, TAM 128) | Golden Palms (Aspirational Premium, TAM 128)",
        "top_hospitals": "Trilife Hospital (Ultra Premium, 11.3 min) | Shishuka Children's Specialty Hospital (Ultra Premium, 8.4 min) | Cloudnine Hospital - HRBR (Ultra Premium, 12.1 min) | Cura Hospitals (Ultra Premium, 9.7 min) | Cloudnine Hospital (Super Premium, 5.8 min)",
        "quality_flags": "",
        "commute_score": 88.1,
        "commute_band": "Excellent commute convenience",
        "centroid_lat": 13.060626181030178,
        "centroid_lon": 77.64657318572792,
        "zone": "North-East"
      }
    },
    {
      "type": "Feature",
      "geometry": {
        "type": "Polygon",
        "coordinates": [
          [
            [
              77.71642596317876,
              12.953087150331617
            ],
            [
              77.71242294979669,
              12.965581892899152
            ],
            [
              77.69981303661072,
              12.968126230220362
            ],
            [
              77.69120766521141,
              12.958177207023983
            ],
            [
              77.69521049339984,
              12.945683960404041
            ],
            [
              77.70781887846209,
              12.943138241033457
            ],
            [
              77.71642596317876,
              12.953087150331617
            ]
          ]
        ]
      },
      "properties": {
        "rank": 41,
        "hex_id": "87618920bffffff",
        "name": "Priyadarshini Ward-Marathahalli",
        "final_affluence_score": 67.7108,
        "affluence_tier": "Upper-Mid / Emerging Affluence",
        "spatial_relation": "cluster_edge",
        "confidence_score": 1.0,
        "countable_family_tam": 553.0,
        "direct_family_tam": 937.0,
        "direct_total_units": 1100.0,
        "direct_luxury_society_tam": 425.0,
        "conservative_50l_plus_family_tam": 0.0,
        "conservative_50l_plus_share_of_direct_tam": 0.0,
        "estimated_40l_plus_family_tam_linear_25_50_split": 553.0,
        "estimated_40l_plus_share_linear_25_50_split": 0.5902,
        "nearby_family_tam_weighted_context": 1106.77,
        "society_cluster_tam_weighted_context_not_counted": 2568.63,
        "market_price_per_sqft": 8739.44536423841,
        "refined_budget_segment": "Mixed - Mid-Segment leaning",
        "premium_candidate_score": 0.1350043932760337,
        "rental_yield_pct": 2.3294117647058825,
        "yearly_appreciation_pct": 25.654779411764707,
        "society_score": 0.635014,
        "society_cluster_score": 0.831821,
        "hospital_score": 0.845198,
        "market_score": 0.617707,
        "sez_workplace_score": 0.469116,
        "habitability_score": 0.901661,
        "habitability_class": "dense_habitable",
        "habitable_for_residential_tam": true,
        "societies_direct_count": 5,
        "societies_nearby_count": 12,
        "society_cluster_project_count": 28,
        "hospitals_nearby_count": 96,
        "top_societies": "Rohan Vasantha (Luxury, TAM 425) | Abhinav Amara Courtyard (Premium, TAM 128) | Rohan Mihira (Aspirational Premium, TAM 128) | Kethana Orchids (Aspirational Premium, TAM 128) | Pavani Prestige (Aspirational Premium, TAM 128)",
        "top_hospitals": "Sakra World Hospital (Ultra Premium, 7.6 min) | Manipal Hospitals Old Airport Road (Ultra Premium, 10.5 min) | Kauvery Hospital (Ultra Premium, 5.6 min) | Apollo Clinic (Ultra Premium, 8.8 min) | Cloudnine Hospital (Ultra Premium, 12.1 min)",
        "quality_flags": "",
        "commute_score": 92.4,
        "commute_band": "Excellent commute convenience",
        "centroid_lat": 12.955632666064936,
        "centroid_lon": 77.70381603022665,
        "zone": "East"
      }
    },
    {
      "type": "Feature",
      "geometry": {
        "type": "Polygon",
        "coordinates": [
          [
            [
              77.64820155396173,
              12.908439940205968
            ],
            [
              77.64419941085475,
              12.920930729818794
            ],
            [
              77.63160038362213,
              12.923474143706562
            ],
            [
              77.62300502786228,
              12.913528154112775
            ],
            [
              77.62700698209287,
              12.901038865390992
            ],
            [
              77.63960448123957,
              12.89849406537367
            ],
            [
              77.64820155396173,
              12.908439940205968
            ]
          ]
        ]
      },
      "properties": {
        "rank": 42,
        "hex_id": "876189242ffffff",
        "name": "HSR Layout",
        "final_affluence_score": 66.9916,
        "affluence_tier": "Upper-Mid / Emerging Affluence",
        "spatial_relation": "local_signal",
        "confidence_score": 1.0,
        "countable_family_tam": 256.0,
        "direct_family_tam": 384.0,
        "direct_total_units": 450.0,
        "direct_luxury_society_tam": 256.0,
        "conservative_50l_plus_family_tam": 256.0,
        "conservative_50l_plus_share_of_direct_tam": 0.6667,
        "estimated_40l_plus_family_tam_linear_25_50_split": 256.0,
        "estimated_40l_plus_share_linear_25_50_split": 0.6667,
        "nearby_family_tam_weighted_context": 488.46,
        "society_cluster_tam_weighted_context_not_counted": 1073.93,
        "market_price_per_sqft": 12772.248580399493,
        "refined_budget_segment": "Mid-Segment",
        "premium_candidate_score": 0.39241980121382947,
        "rental_yield_pct": 1.995913084939718,
        "yearly_appreciation_pct": 34.79477406124036,
        "society_score": 0.571693,
        "society_cluster_score": 0.720023,
        "hospital_score": 0.899872,
        "market_score": 0.826858,
        "sez_workplace_score": 0.522215,
        "habitability_score": 0.954012,
        "habitability_class": "dense_habitable",
        "habitable_for_residential_tam": true,
        "societies_direct_count": 3,
        "societies_nearby_count": 8,
        "society_cluster_project_count": 21,
        "hospitals_nearby_count": 133,
        "top_societies": "Adarsh Esplanade (Ultra Luxury, TAM 128) | Sattva Greenage (Super Luxury, TAM 128) | Vaswani Fernhill Gardens (Aspirational Premium, TAM 128) | SNN Raj Grandeur (Super Luxury, TAM 316) | K Raheja Vivarea (Ultra Luxury, TAM 107)",
        "top_hospitals": "Greenview Medical Center (Ultra Premium, 1.9 min) | Lotus Multispeciality Center (Ultra Premium, 3.4 min) | Cloudnine Hospital (Ultra Premium, 8.7 min) | Apollo Spectra Hospitals (Ultra Premium, 8.5 min) | Aster RV Hospital (Ultra Premium, 12.1 min)",
        "quality_flags": "",
        "commute_score": 95.7,
        "commute_band": "Excellent commute convenience",
        "centroid_lat": 12.910984533466168,
        "centroid_lon": 77.63560250473422,
        "zone": "South-East"
      }
    },
    {
      "type": "Feature",
      "geometry": {
        "type": "Polygon",
        "coordinates": [
          [
            [
              77.72843413012046,
              12.915597765412699
            ],
            [
              77.72443155337177,
              12.928095085304786
            ],
            [
              77.71182158128592,
              12.930642956408834
            ],
            [
              77.70321571390919,
              12.920694888214346
            ],
            [
              77.7072181061678,
              12.908199065210942
            ],
            [
              77.71982655057417,
              12.905649813514117
            ],
            [
              77.72843413012046,
              12.915597765412699
            ]
          ]
        ]
      },
      "properties": {
        "rank": 43,
        "hex_id": "87618920dffffff",
        "name": "Panathur",
        "final_affluence_score": 66.7983,
        "affluence_tier": "Upper-Mid / Emerging Affluence",
        "spatial_relation": "local_signal",
        "confidence_score": 0.8533,
        "countable_family_tam": 0.0,
        "direct_family_tam": 306.0,
        "direct_total_units": 360.0,
        "direct_luxury_society_tam": 0.0,
        "conservative_50l_plus_family_tam": 0.0,
        "conservative_50l_plus_share_of_direct_tam": 0.0,
        "estimated_40l_plus_family_tam_linear_25_50_split": 0.0,
        "estimated_40l_plus_share_linear_25_50_split": 0.0,
        "nearby_family_tam_weighted_context": 402.7,
        "society_cluster_tam_weighted_context_not_counted": 2657.8,
        "market_price_per_sqft": 12280.168539325843,
        "refined_budget_segment": "Premium",
        "premium_candidate_score": 0.7076113446633606,
        "rental_yield_pct": 2.0,
        "yearly_appreciation_pct": null,
        "society_score": 0.564802,
        "society_cluster_score": 0.869846,
        "hospital_score": 0.739116,
        "market_score": 0.818468,
        "sez_workplace_score": 0.806329,
        "habitability_score": 0.260824,
        "habitability_class": "sparse_habitable",
        "habitable_for_residential_tam": true,
        "societies_direct_count": 1,
        "societies_nearby_count": 4,
        "society_cluster_project_count": 26,
        "hospitals_nearby_count": 67,
        "top_societies": "CLPD Arcadia (Aspirational Premium, TAM 306) | Rohan Ekanta (Premium, TAM 599) | Saran Mulberry Woods (Ultra Luxury, TAM 128) | New Dimensions Fifth Element (Aspirational Premium, TAM 92)",
        "top_hospitals": "Belenus Champion Hospital (Ultra Premium, 4.1 min) | Sakra World Hospital (Ultra Premium, 13.9 min) | Manipal Hospital (Ultra Premium, 13.6 min) | Cloudnine Hospital (Ultra Premium, 14.9 min) | Kauvery Hospital (Ultra Premium, 12.6 min)",
        "quality_flags": "",
        "commute_score": 83.0,
        "commute_band": "Excellent commute convenience",
        "centroid_lat": 12.918146813474408,
        "centroid_lon": 77.71582413866699,
        "zone": "South-East"
      }
    },
    {
      "type": "Feature",
      "geometry": {
        "type": "Polygon",
        "coordinates": [
          [
            [
              77.59557479146217,
              13.035841821216849
            ],
            [
              77.59157122600067,
              13.048322782528361
            ],
            [
              77.57897400291556,
              13.0508533982883
            ],
            [
              77.57038187522377,
              13.040904444620127
            ],
            [
              77.57438524877288,
              13.028424981510149
            ],
            [
              77.58698094220568,
              13.025892973867968
            ],
            [
              77.59557479146217,
              13.035841821216849
            ]
          ]
        ]
      },
      "properties": {
        "rank": 44,
        "hex_id": "8761892c9ffffff",
        "name": "Nagashettyhalli-Bhoopasandra",
        "final_affluence_score": 66.3775,
        "affluence_tier": "Upper-Mid / Emerging Affluence",
        "spatial_relation": "local_signal",
        "confidence_score": 1.0,
        "countable_family_tam": 436.0,
        "direct_family_tam": 564.0,
        "direct_total_units": 662.0,
        "direct_luxury_society_tam": 436.0,
        "conservative_50l_plus_family_tam": 436.0,
        "conservative_50l_plus_share_of_direct_tam": 0.773,
        "estimated_40l_plus_family_tam_linear_25_50_split": 436.0,
        "estimated_40l_plus_share_linear_25_50_split": 0.773,
        "nearby_family_tam_weighted_context": 732.26,
        "society_cluster_tam_weighted_context_not_counted": 1158.46,
        "market_price_per_sqft": 10851.791501976282,
        "refined_budget_segment": "Premium Candidate",
        "premium_candidate_score": 0.41710788665574094,
        "rental_yield_pct": 4.0,
        "yearly_appreciation_pct": 18.9296875,
        "society_score": 0.641651,
        "society_cluster_score": 0.763092,
        "hospital_score": 0.839323,
        "market_score": 0.750302,
        "sez_workplace_score": 0.309203,
        "habitability_score": 0.824389,
        "habitability_class": "dense_habitable",
        "habitable_for_residential_tam": true,
        "societies_direct_count": 4,
        "societies_nearby_count": 11,
        "society_cluster_project_count": 19,
        "hospitals_nearby_count": 121,
        "top_societies": "Hoysala Infantry Towers (Ultra Luxury, TAM 128) | Siroya Environ (Super Luxury, TAM 180) | Hoysala Vijay Enclave 1 (Super Luxury, TAM 128) | Bhaskara Nest (Aspirational Premium, TAM 128) | Pebble Bay (Ultra Luxury, TAM 510)",
        "top_hospitals": "Aster CMI Hospital (Ultra Premium, 9.0 min) | Mind and Brain hospital (Ultra Premium, 7.0 min) | People Tree Hospitals (Ultra Premium, 11.6 min) | Smiles Institute of Gastroenterology (Ultra Premium, 5.7 min) | Manipal Hospital, Millers Road ( Vikram Hospitals ) (Ultra Premium, 13.7 min)",
        "quality_flags": "",
        "commute_score": 91.0,
        "commute_band": "Excellent commute convenience",
        "centroid_lat": 13.03837362164046,
        "centroid_lon": 77.5829775446413,
        "zone": "North"
      }
    },
    {
      "type": "Feature",
      "geometry": {
        "type": "Polygon",
        "coordinates": [
          [
            [
              77.62136465059086,
              13.065691480159256
            ],
            [
              77.6173605825069,
              13.078173377306992
            ],
            [
              77.60475869979786,
              13.080703374086884
            ],
            [
              77.59616241525423,
              13.070752864264927
            ],
            [
              77.60016629279933,
              13.058272462931056
            ],
            [
              77.61276664570687,
              13.055741075605894
            ],
            [
              77.62136465059086,
              13.065691480159256
            ]
          ]
        ]
      },
      "properties": {
        "rank": 45,
        "hex_id": "8761892caffffff",
        "name": "Jakkur-Amruthahalli",
        "final_affluence_score": 66.3746,
        "affluence_tier": "Upper-Mid / Emerging Affluence",
        "spatial_relation": "local_signal",
        "confidence_score": 1.0,
        "countable_family_tam": 317.0,
        "direct_family_tam": 986.0,
        "direct_total_units": 1160.0,
        "direct_luxury_society_tam": 189.0,
        "conservative_50l_plus_family_tam": 189.0,
        "conservative_50l_plus_share_of_direct_tam": 0.1917,
        "estimated_40l_plus_family_tam_linear_25_50_split": 317.0,
        "estimated_40l_plus_share_linear_25_50_split": 0.3215,
        "nearby_family_tam_weighted_context": 1079.78,
        "society_cluster_tam_weighted_context_not_counted": 1692.23,
        "market_price_per_sqft": 9052.686746987953,
        "refined_budget_segment": "Mid-Segment",
        "premium_candidate_score": 0.03360007327855049,
        "rental_yield_pct": 2.0,
        "yearly_appreciation_pct": 54.9,
        "society_score": 0.654281,
        "society_cluster_score": 0.7896,
        "hospital_score": 0.755032,
        "market_score": 0.513375,
        "sez_workplace_score": 0.965123,
        "habitability_score": 0.740185,
        "habitability_class": "habitable",
        "habitable_for_residential_tam": true,
        "societies_direct_count": 8,
        "societies_nearby_count": 17,
        "society_cluster_project_count": 33,
        "hospitals_nearby_count": 90,
        "top_societies": "Sobha HRC Pristine (Ultra Luxury, TAM 128) | Sobha Emerald (Super Luxury, TAM 61) | Prestige Dorchester (Premium, TAM 128) | Skyline Beverly Park (Aspirational Premium, TAM 219) | HRC Ibbani (Aspirational Premium, TAM 204)",
        "top_hospitals": "Aster CMI Hospital (Ultra Premium, 7.6 min) | Mind and Brain hospital (Ultra Premium, 7.9 min) | Maarga (Ultra Premium, 9.8 min) | Trilife Hospital (Ultra Premium, 14.1 min) | Medstar Speciality Hospital (Ultra Premium, 7.3 min)",
        "quality_flags": "",
        "commute_score": 87.1,
        "commute_band": "Excellent commute convenience",
        "centroid_lat": 13.06822266160523,
        "centroid_lon": 77.60876274498547,
        "zone": "North"
      }
    },
    {
      "type": "Feature",
      "geometry": {
        "type": "Polygon",
        "coordinates": [
          [
            [
              77.61959315295744,
              12.960937814500827
            ],
            [
              77.61559045373052,
              12.97342398052109
            ],
            [
              77.60299309022385,
              12.975961697070938
            ],
            [
              77.59439995499558,
              12.966014636595766
            ],
            [
              77.59840246371652,
              12.953529970683636
            ],
            [
              77.61099829845135,
              12.950990865140152
            ],
            [
              77.61959315295744,
              12.960937814500827
            ]
          ]
        ]
      },
      "properties": {
        "rank": 46,
        "hex_id": "87618925affffff",
        "name": "Ashokanagar-Sampangirama Nagar",
        "final_affluence_score": 66.0071,
        "affluence_tier": "Upper-Mid / Emerging Affluence",
        "spatial_relation": "local_signal",
        "confidence_score": 1.0,
        "countable_family_tam": 287.0,
        "direct_family_tam": 399.0,
        "direct_total_units": 468.0,
        "direct_luxury_society_tam": 287.0,
        "conservative_50l_plus_family_tam": 159.0,
        "conservative_50l_plus_share_of_direct_tam": 0.3985,
        "estimated_40l_plus_family_tam_linear_25_50_split": 287.0,
        "estimated_40l_plus_share_linear_25_50_split": 0.7193,
        "nearby_family_tam_weighted_context": 459.96,
        "society_cluster_tam_weighted_context_not_counted": 861.21,
        "market_price_per_sqft": 15550.110674525216,
        "refined_budget_segment": "Ultra Premium",
        "premium_candidate_score": 0.6690294845359852,
        "rental_yield_pct": 2.0,
        "yearly_appreciation_pct": 9.6,
        "society_score": 0.572573,
        "society_cluster_score": 0.686553,
        "hospital_score": 0.928466,
        "market_score": 0.868339,
        "sez_workplace_score": 0.217402,
        "habitability_score": 0.845128,
        "habitability_class": "dense_habitable",
        "habitable_for_residential_tam": true,
        "societies_direct_count": 4,
        "societies_nearby_count": 9,
        "society_cluster_project_count": 14,
        "hospitals_nearby_count": 181,
        "top_societies": "Symbiosis Adithya (Super Luxury, TAM 128) | Century Renata (Ultra Luxury, TAM 31) | Express Apartment (Luxury, TAM 128) | DRA Ranka Park (Aspirational Premium, TAM 112) | Prestige Richmond (Super Luxury, TAM 128)",
        "top_hospitals": "Vikram Aura Hospital (Ultra Premium, 7.5 min) | Sita Bhateja Specialty Hospital (Ultra Premium, 5.1 min) | Apollo Spectra Hospitals (Ultra Premium, 8.7 min) | Cloudnine Hospital - Jayanagar (Ultra Premium, 11.0 min) | HCG  - The Specialist in Cancer Care (Ultra Premium, 7.2 min)",
        "quality_flags": "",
        "commute_score": 95.2,
        "commute_band": "Excellent commute convenience",
        "centroid_lat": 12.963476712834238,
        "centroid_lon": 77.60699576651213,
        "zone": "Central"
      }
    },
    {
      "type": "Feature",
      "geometry": {
        "type": "Polygon",
        "coordinates": [
          [
            [
              77.65458097637621,
              13.0356550359765
            ],
            [
              77.65057715350021,
              13.048141043904701
            ],
            [
              77.63797207698173,
              13.050675366061661
            ],
            [
              77.62937235293006,
              13.040725068023567
            ],
            [
              77.63337598712278,
              13.028240555589917
            ],
            [
              77.64597953433073,
              13.025704845700318
            ],
            [
              77.65458097637621,
              13.0356550359765
            ]
          ]
        ]
      },
      "properties": {
        "rank": 47,
        "hex_id": "8761892c1ffffff",
        "name": "HBR Layout-Chellakere",
        "final_affluence_score": 65.7448,
        "affluence_tier": "Upper-Mid / Emerging Affluence",
        "spatial_relation": "local_signal",
        "confidence_score": 1.0,
        "countable_family_tam": 349.0,
        "direct_family_tam": 710.0,
        "direct_total_units": 835.0,
        "direct_luxury_society_tam": 128.0,
        "conservative_50l_plus_family_tam": 0.0,
        "conservative_50l_plus_share_of_direct_tam": 0.0,
        "estimated_40l_plus_family_tam_linear_25_50_split": 349.0,
        "estimated_40l_plus_share_linear_25_50_split": 0.4915,
        "nearby_family_tam_weighted_context": 719.54,
        "society_cluster_tam_weighted_context_not_counted": 1182.4,
        "market_price_per_sqft": 7363.275109170306,
        "refined_budget_segment": "Mid-Segment",
        "premium_candidate_score": 0.10500402545902238,
        "rental_yield_pct": 4.506024096385542,
        "yearly_appreciation_pct": 5.631884057971015,
        "society_score": 0.632044,
        "society_cluster_score": 0.685947,
        "hospital_score": 0.834928,
        "market_score": 0.624912,
        "sez_workplace_score": 0.730169,
        "habitability_score": 0.815027,
        "habitability_class": "dense_habitable",
        "habitable_for_residential_tam": true,
        "societies_direct_count": 5,
        "societies_nearby_count": 6,
        "society_cluster_project_count": 17,
        "hospitals_nearby_count": 115,
        "top_societies": "Bairavi Cruz Luxor (Luxury, TAM 128) | Mantri Splendor (Premium, TAM 221) | Nava Gokulam (Aspirational Premium, TAM 153) | Blue Berry Homes (Aspirational Premium, TAM 150) | Jain Heights (Aspirational Premium, TAM 58)",
        "top_hospitals": "Trilife Hospital (Ultra Premium, 6.3 min) | Shishuka Children's Specialty Hospital (Ultra Premium, 3.5 min) | Cloudnine Hospital - HRBR (Ultra Premium, 7.2 min) | Cura Hospitals (Ultra Premium, 4.7 min) | Aster CMI Hospital (Ultra Premium, 14.8 min)",
        "quality_flags": "",
        "commute_score": 90.4,
        "commute_band": "Excellent commute convenience",
        "centroid_lat": 13.038190540883377,
        "centroid_lon": 77.64197587805353,
        "zone": "North-East"
      }
    },
    {
      "type": "Feature",
      "geometry": {
        "type": "Polygon",
        "coordinates": [
          [
            [
              77.63160038362213,
              12.923474143706562
            ],
            [
              77.62759811793447,
              12.935962894813166
            ],
            [
              77.61500068601029,
              12.938504155268323
            ],
            [
              77.60640704838463,
              12.928558052160831
            ],
            [
              77.61040912426928,
              12.916070802110092
            ],
            [
              77.62300502786228,
              12.913528154112775
            ],
            [
              77.63160038362213,
              12.923474143706562
            ]
          ]
        ]
      },
      "properties": {
        "rank": 48,
        "hex_id": "87618925cffffff",
        "name": "Koramangala 4th Block-A Adugodi",
        "final_affluence_score": 65.6777,
        "affluence_tier": "Upper-Mid / Emerging Affluence",
        "spatial_relation": "local_signal",
        "confidence_score": 1.0,
        "countable_family_tam": 363.0,
        "direct_family_tam": 619.0,
        "direct_total_units": 726.0,
        "direct_luxury_society_tam": 107.0,
        "conservative_50l_plus_family_tam": 107.0,
        "conservative_50l_plus_share_of_direct_tam": 0.1729,
        "estimated_40l_plus_family_tam_linear_25_50_split": 363.0,
        "estimated_40l_plus_share_linear_25_50_split": 0.5864,
        "nearby_family_tam_weighted_context": 793.25,
        "society_cluster_tam_weighted_context_not_counted": 1545.75,
        "market_price_per_sqft": 4292.379679144384,
        "refined_budget_segment": "Premium",
        "premium_candidate_score": 0.29622953043120165,
        "rental_yield_pct": null,
        "yearly_appreciation_pct": null,
        "society_score": 0.682429,
        "society_cluster_score": 0.790245,
        "hospital_score": 0.92248,
        "market_score": 0.453831,
        "sez_workplace_score": 0.418048,
        "habitability_score": 0.933784,
        "habitability_class": "dense_habitable",
        "habitable_for_residential_tam": true,
        "societies_direct_count": 5,
        "societies_nearby_count": 14,
        "society_cluster_project_count": 26,
        "hospitals_nearby_count": 161,
        "top_societies": "K Raheja Vivarea (Ultra Luxury, TAM 107) | Malabar Mansion (Premium, TAM 128) | Prestige St Johns Wood (Premium, TAM 128) | Royal Residency (Aspirational Premium, TAM 128) | Comfort Palace (Aspirational Premium, TAM 128)",
        "top_hospitals": "Apollo Spectra Hospitals (Ultra Premium, 2.4 min) | Greenview Medical Center (Ultra Premium, 5.8 min) | Apollo Cradle & Children’s Hospital (Ultra Premium, 3.4 min) | Aster RV Hospital (Ultra Premium, 10.1 min) | Cloudnine Hospital - Jayanagar (Ultra Premium, 9.3 min)",
        "quality_flags": "",
        "commute_score": 92.6,
        "commute_band": "Excellent commute convenience",
        "centroid_lat": 12.92601658449896,
        "centroid_lon": 77.61900292915767,
        "zone": "South-East"
      }
    },
    {
      "type": "Feature",
      "geometry": {
        "type": "Polygon",
        "coordinates": [
          [
            [
              77.71922441058571,
              12.870706463975587
            ],
            [
              77.7152224545372,
              12.883204851806845
            ],
            [
              77.70261553761596,
              12.885755484054581
            ],
            [
              77.69401210431467,
              12.875809108979723
            ],
            [
              77.698013875422,
              12.863312220255505
            ],
            [
              77.71061926505253,
              12.86076020750038
            ],
            [
              77.71922441058571,
              12.870706463975587
            ]
          ]
        ]
      },
      "properties": {
        "rank": 49,
        "hex_id": "876189274ffffff",
        "name": "Avalahalli-Gattahalli",
        "final_affluence_score": 65.4635,
        "affluence_tier": "Upper-Mid / Emerging Affluence",
        "spatial_relation": "local_signal",
        "confidence_score": 0.92,
        "countable_family_tam": 1572.0,
        "direct_family_tam": 1572.0,
        "direct_total_units": 1850.0,
        "direct_luxury_society_tam": 1572.0,
        "conservative_50l_plus_family_tam": 1572.0,
        "conservative_50l_plus_share_of_direct_tam": 1.0,
        "estimated_40l_plus_family_tam_linear_25_50_split": 1572.0,
        "estimated_40l_plus_share_linear_25_50_split": 1.0,
        "nearby_family_tam_weighted_context": 1631.84,
        "society_cluster_tam_weighted_context_not_counted": 2185.43,
        "market_price_per_sqft": 6035.458333333334,
        "refined_budget_segment": "Mid-Segment",
        "premium_candidate_score": 0.02502899929547169,
        "rental_yield_pct": 3.0,
        "yearly_appreciation_pct": 5.770731707317074,
        "society_score": 0.796062,
        "society_cluster_score": 0.853427,
        "hospital_score": 0.675276,
        "market_score": 0.449249,
        "sez_workplace_score": 0.409251,
        "habitability_score": 0.30666,
        "habitability_class": "sparse_habitable",
        "habitable_for_residential_tam": true,
        "societies_direct_count": 1,
        "societies_nearby_count": 4,
        "society_cluster_project_count": 10,
        "hospitals_nearby_count": 62,
        "top_societies": "Assetz 63 Degree East (Super Luxury, TAM 1,572) | JRC Wild Woods (Ultra Luxury, TAM 514) | TG Ascent (Aspirational Premium, TAM 265) | TG Epitome (Aspirational Premium, TAM 79)",
        "top_hospitals": "Kauvery Hospitals (Ultra Premium, 15.6 min) | Manipal Hospital (Ultra Premium, 15.0 min) | Sakra World Hospital (Ultra Premium, 17.1 min) | Cloudnine Hospital (Ultra Premium, 16.3 min) | Belenus Champion Hospital (Ultra Premium, 12.7 min)",
        "quality_flags": "",
        "commute_score": 83.4,
        "commute_band": "Excellent commute convenience",
        "centroid_lat": 12.873258272207037,
        "centroid_lon": 77.70661747400068,
        "zone": "South-East"
      }
    },
    {
      "type": "Feature",
      "geometry": {
        "type": "Polygon",
        "coordinates": [
          [
            [
              77.67680938434218,
              12.855917944350958
            ],
            [
              77.6728077993293,
              12.868413332688785
            ],
            [
              77.66020711472075,
              12.870962432289412
            ],
            [
              77.65160954280292,
              12.861017526808235
            ],
            [
              77.65561094056918,
              12.84852364013451
            ],
            [
              77.66821009777998,
              12.84597315727976
            ],
            [
              77.67680938434218,
              12.855917944350958
            ]
          ]
        ]
      },
      "properties": {
        "rank": 50,
        "hex_id": "876189262ffffff",
        "name": "Veerasandra-Chikkathoguru",
        "final_affluence_score": 65.3604,
        "affluence_tier": "Upper-Mid / Emerging Affluence",
        "spatial_relation": "local_signal",
        "confidence_score": 1.0,
        "countable_family_tam": 907.0,
        "direct_family_tam": 2215.0,
        "direct_total_units": 2606.0,
        "direct_luxury_society_tam": 907.0,
        "conservative_50l_plus_family_tam": 907.0,
        "conservative_50l_plus_share_of_direct_tam": 0.4095,
        "estimated_40l_plus_family_tam_linear_25_50_split": 907.0,
        "estimated_40l_plus_share_linear_25_50_split": 0.4095,
        "nearby_family_tam_weighted_context": 2354.93,
        "society_cluster_tam_weighted_context_not_counted": 3715.69,
        "market_price_per_sqft": 5447.291106514996,
        "refined_budget_segment": "Mid-Segment",
        "premium_candidate_score": 0.0,
        "rental_yield_pct": 4.0,
        "yearly_appreciation_pct": 33.9,
        "society_score": 0.762213,
        "society_cluster_score": 0.892359,
        "hospital_score": 0.68868,
        "market_score": 0.472476,
        "sez_workplace_score": 0.285352,
        "habitability_score": 0.657059,
        "habitability_class": "habitable",
        "habitable_for_residential_tam": true,
        "societies_direct_count": 6,
        "societies_nearby_count": 11,
        "society_cluster_project_count": 30,
        "hospitals_nearby_count": 66,
        "top_societies": "Sobha Silicon Oasis (Super Luxury, TAM 779) | Salarpuria Symphony (Super Luxury, TAM 128) | Kolte Patil I Towers Exente (Aspirational Premium, TAM 372) | Keerthi Royal Palms (Aspirational Premium, TAM 324) | SJR Fiesta Homes (Aspirational Premium, TAM 323)",
        "top_hospitals": "Kauvery Hospitals (Ultra Premium, 2.8 min) | Springleaf Healthcare (Ultra Premium, 1.3 min) | Apollo Cradle & Children's Hospital (Super Premium, 5.5 min) | Lotus Multispeciality Center (Ultra Premium, 15.5 min) | E City Hospitals (Super Premium, 4.3 min)",
        "quality_flags": "",
        "commute_score": 91.2,
        "commute_band": "Excellent commute convenience",
        "centroid_lat": 12.858468220901814,
        "centroid_lon": 77.66420867868248,
        "zone": "South-East"
      }
    },
    {
      "type": "Feature",
      "geometry": {
        "type": "Polygon",
        "coordinates": [
          [
            [
              77.7302445515902,
              13.020421475272244
            ],
            [
              77.72624060657571,
              13.03291456960263
            ],
            [
              77.71362610785117,
              13.035454760554298
            ],
            [
              77.70501708312975,
              13.025503239333926
            ],
            [
              77.70902084362781,
              13.013011637611934
            ],
            [
              77.72163381364496,
              13.010470064501751
            ],
            [
              77.7302445515902,
              13.020421475272244
            ]
          ]
        ]
      },
      "properties": {
        "rank": 51,
        "hex_id": "8761892f5ffffff",
        "name": "Kitthaganur-Bhattarahalli",
        "final_affluence_score": 64.3319,
        "affluence_tier": "Upper-Mid / Emerging Affluence",
        "spatial_relation": "local_signal",
        "confidence_score": 1.0,
        "countable_family_tam": 1189.0,
        "direct_family_tam": 1468.0,
        "direct_total_units": 1726.0,
        "direct_luxury_society_tam": 763.0,
        "conservative_50l_plus_family_tam": 763.0,
        "conservative_50l_plus_share_of_direct_tam": 0.5198,
        "estimated_40l_plus_family_tam_linear_25_50_split": 1189.0,
        "estimated_40l_plus_share_linear_25_50_split": 0.8099,
        "nearby_family_tam_weighted_context": 1550.28,
        "society_cluster_tam_weighted_context_not_counted": 1695.91,
        "market_price_per_sqft": 4363.870967741936,
        "refined_budget_segment": "Mixed - Affordable leaning",
        "premium_candidate_score": 0.0003138327452831393,
        "rental_yield_pct": null,
        "yearly_appreciation_pct": 35.3,
        "society_score": 0.80691,
        "society_cluster_score": 0.742017,
        "hospital_score": 0.705467,
        "market_score": 0.325925,
        "sez_workplace_score": 0.370888,
        "habitability_score": 0.703627,
        "habitability_class": "habitable",
        "habitable_for_residential_tam": true,
        "societies_direct_count": 6,
        "societies_nearby_count": 8,
        "society_cluster_project_count": 9,
        "hospitals_nearby_count": 62,
        "top_societies": "Sobha Lake Gardens (Super Luxury, TAM 507) | Pashmina Waterfront (Ultra Luxury, TAM 128) | OHANA (Super Luxury, TAM 128) | Concorde Auriga (Premium, TAM 426) | Vaishno Spark (Aspirational Premium, TAM 146)",
        "top_hospitals": "Aster Women & Children Hospital (Ultra Premium, 12.2 min) | Aster Whitefield Hospital (Ultra Premium, 12.2 min) | Kinder Women's Hospital and Fertility Centre (Ultra Premium, 11.3 min) | Altor Hospital (Super Premium, 4.7 min) | RxDx Healthcare (Ultra Premium, 13.9 min)",
        "quality_flags": "",
        "commute_score": 87.7,
        "commute_band": "Excellent commute convenience",
        "centroid_lat": 13.022962846086328,
        "centroid_lon": 77.71763003354417,
        "zone": "North-East"
      }
    },
    {
      "type": "Feature",
      "geometry": {
        "type": "Polygon",
        "coordinates": [
          [
            [
              77.64360631310693,
              12.886002740711307
            ],
            [
              77.63960448123957,
              12.89849406537367
            ],
            [
              77.62700698209287,
              12.901038865390992
            ],
            [
              77.61841284298353,
              12.891093726833853
            ],
            [
              77.62241448575068,
              12.878603904171367
            ],
            [
              77.63501045700713,
              12.876057718068129
            ],
            [
              77.64360631310693,
              12.886002740711307
            ]
          ]
        ]
      },
      "properties": {
        "rank": 52,
        "hex_id": "876189240ffffff",
        "name": "Devarachikkanahalli-Kudlu",
        "final_affluence_score": 64.1894,
        "affluence_tier": "Upper-Mid / Emerging Affluence",
        "spatial_relation": "local_signal",
        "confidence_score": 1.0,
        "countable_family_tam": 824.0,
        "direct_family_tam": 824.0,
        "direct_total_units": 969.0,
        "direct_luxury_society_tam": 824.0,
        "conservative_50l_plus_family_tam": 220.0,
        "conservative_50l_plus_share_of_direct_tam": 0.267,
        "estimated_40l_plus_family_tam_linear_25_50_split": 824.0,
        "estimated_40l_plus_share_linear_25_50_split": 1.0,
        "nearby_family_tam_weighted_context": 1059.96,
        "society_cluster_tam_weighted_context_not_counted": 1746.76,
        "market_price_per_sqft": 6351.0,
        "refined_budget_segment": "Affordable",
        "premium_candidate_score": 0.009300007004075139,
        "rental_yield_pct": 3.2941176470588234,
        "yearly_appreciation_pct": 9.21875,
        "society_score": 0.677045,
        "society_cluster_score": 0.785881,
        "hospital_score": 0.834444,
        "market_score": 0.432007,
        "sez_workplace_score": 0.414182,
        "habitability_score": 0.832481,
        "habitability_class": "dense_habitable",
        "habitable_for_residential_tam": true,
        "societies_direct_count": 2,
        "societies_nearby_count": 9,
        "society_cluster_project_count": 21,
        "hospitals_nearby_count": 116,
        "top_societies": "Salarpuria Sattva Cadenza (Super Luxury, TAM 220) | Purva Westend (Luxury, TAM 604) | Sattva Greenage (Super Luxury, TAM 128) | Sona Vistaas (Premium, TAM 511) | SNN Raj Grandeur (Super Luxury, TAM 316)",
        "top_hospitals": "Apollo Hospital (Ultra Premium, 8.4 min) | Fortis Hospital (Ultra Premium, 9.8 min) | Aster RV Hospital (Ultra Premium, 12.5 min) | Lotus Multispeciality Center (Ultra Premium, 10.1 min) | Greenview Medical Center (Ultra Premium, 10.4 min)",
        "quality_flags": "",
        "commute_score": 92.4,
        "commute_band": "Excellent commute convenience",
        "centroid_lat": 12.88854871961537,
        "centroid_lon": 77.63100879181822,
        "zone": "South-East"
      }
    },
    {
      "type": "Feature",
      "geometry": {
        "type": "Polygon",
        "coordinates": [
          [
            [
              77.65739475263413,
              12.953315272407584
            ],
            [
              77.65339198706756,
              12.96580498089541
            ],
            [
              77.64078990307624,
              12.968345622399562
            ],
            [
              77.63219211340875,
              12.958397941629139
            ],
            [
              77.63619469054706,
              12.945909731811764
            ],
            [
              77.64879524606121,
              12.943367704095584
            ],
            [
              77.65739475263413,
              12.953315272407584
            ]
          ]
        ]
      },
      "properties": {
        "rank": 53,
        "hex_id": "876189253ffffff",
        "name": "Kodihalli-Domluru",
        "final_affluence_score": 64.12,
        "affluence_tier": "Upper-Mid / Emerging Affluence",
        "spatial_relation": "local_signal",
        "confidence_score": 1.0,
        "countable_family_tam": 331.0,
        "direct_family_tam": 536.0,
        "direct_total_units": 629.0,
        "direct_luxury_society_tam": 331.0,
        "conservative_50l_plus_family_tam": 331.0,
        "conservative_50l_plus_share_of_direct_tam": 0.6175,
        "estimated_40l_plus_family_tam_linear_25_50_split": 331.0,
        "estimated_40l_plus_share_linear_25_50_split": 0.6175,
        "nearby_family_tam_weighted_context": 557.53,
        "society_cluster_tam_weighted_context_not_counted": 872.48,
        "market_price_per_sqft": 6251.257246376812,
        "refined_budget_segment": "Premium Candidate",
        "premium_candidate_score": 0.015016610474405296,
        "rental_yield_pct": 3.4918032786885247,
        "yearly_appreciation_pct": 10.9,
        "society_score": 0.643783,
        "society_cluster_score": 0.675822,
        "hospital_score": 0.891701,
        "market_score": 0.566439,
        "sez_workplace_score": 0.533328,
        "habitability_score": 0.775647,
        "habitability_class": "dense_habitable",
        "habitable_for_residential_tam": true,
        "societies_direct_count": 5,
        "societies_nearby_count": 7,
        "society_cluster_project_count": 13,
        "hospitals_nearby_count": 145,
        "top_societies": "Prestige Leela Residences (Ultra Luxury, TAM 75) | IBC Golden Enclave (Super Luxury, TAM 128) | Brigade Jacaranda (Super Luxury, TAM 128) | Bharat Golf View Apartment (Aspirational Premium, TAM 128) | Saravana Natasha Golf View (Aspirational Premium, TAM 77)",
        "top_hospitals": "Manipal Hospitals Old Airport Road (Ultra Premium, 9.5 min) | Apollo Spectra Hospitals (Ultra Premium, 7.5 min) | Vikram Aura Hospital (Ultra Premium, 12.7 min) | Apollo Cradle & Children’s Hospital (Ultra Premium, 8.0 min) | Cloudnine Hospital - Whitefield (Ultra Premium, 12.0 min)",
        "quality_flags": "",
        "commute_score": 86.9,
        "commute_band": "Excellent commute convenience",
        "centroid_lat": 12.955857094253217,
        "centroid_lon": 77.64479264694246,
        "zone": "East"
      }
    },
    {
      "type": "Feature",
      "geometry": {
        "type": "Polygon",
        "coordinates": [
          [
            [
              77.60758462195614,
              12.998393718516281
            ],
            [
              77.6035814894712,
              13.010877287933496
            ],
            [
              77.59098419557743,
              13.013411456247441
            ],
            [
              77.58239156366041,
              13.00346344558585
            ],
            [
              77.58639450493624,
              12.990981375325305
            ],
            [
              77.59899026961779,
              12.988445816571021
            ],
            [
              77.60758462195614,
              12.998393718516281
            ]
          ]
        ]
      },
      "properties": {
        "rank": 54,
        "hex_id": "8760145b6ffffff",
        "name": "Ramaswamy Palya-Jayamahal",
        "final_affluence_score": 63.4368,
        "affluence_tier": "Upper-Mid / Emerging Affluence",
        "spatial_relation": "local_signal",
        "confidence_score": 1.0,
        "countable_family_tam": 703.0,
        "direct_family_tam": 703.0,
        "direct_total_units": 824.0,
        "direct_luxury_society_tam": 575.0,
        "conservative_50l_plus_family_tam": 575.0,
        "conservative_50l_plus_share_of_direct_tam": 0.8179,
        "estimated_40l_plus_family_tam_linear_25_50_split": 703.0,
        "estimated_40l_plus_share_linear_25_50_split": 1.0,
        "nearby_family_tam_weighted_context": 724.01,
        "society_cluster_tam_weighted_context_not_counted": 789.88,
        "market_price_per_sqft": 11106.708333333334,
        "refined_budget_segment": "Premium",
        "premium_candidate_score": 0.4856118032518335,
        "rental_yield_pct": null,
        "yearly_appreciation_pct": 14.4,
        "society_score": 0.617971,
        "society_cluster_score": 0.599323,
        "hospital_score": 0.922829,
        "market_score": 0.684009,
        "sez_workplace_score": 0.264468,
        "habitability_score": 0.721187,
        "habitability_class": "habitable",
        "habitable_for_residential_tam": true,
        "societies_direct_count": 7,
        "societies_nearby_count": 9,
        "society_cluster_project_count": 12,
        "hospitals_nearby_count": 168,
        "top_societies": "Embassy Woods (Ultra Luxury, TAM 128) | Raheja Gardenia (Ultra Luxury, TAM 128) | Embassy Habitat (Super Luxury, TAM 296) | Neeladri Mahal (Premium, TAM 128) | Mittal Luxuria (Ultra Luxury, TAM 8)",
        "top_hospitals": "Manipal Hospital, Millers Road ( Vikram Hospitals ) (Ultra Premium, 4.6 min) | Fortis Hospital (Ultra Premium, 4.6 min) | Vikram Aura Hospital (Ultra Premium, 9.2 min) | Aster CMI Hospital (Ultra Premium, 12.0 min) | Sparsh Hospital (Super Premium, 5.5 min)",
        "quality_flags": "",
        "commute_score": 93.4,
        "commute_band": "Excellent commute convenience",
        "centroid_lat": 13.000929070055921,
        "centroid_lon": 77.59498730472522,
        "zone": "Central"
      }
    },
    {
      "type": "Feature",
      "geometry": {
        "type": "Polygon",
        "coordinates": [
          [
            [
              77.62700698209287,
              12.901038865390992
            ],
            [
              77.62300502786228,
              12.913528154112775
            ],
            [
              77.61040912426928,
              12.916070802110092
            ],
            [
              77.60181670332167,
              12.906125548887028
            ],
            [
              77.60581846752578,
              12.893637762330513
            ],
            [
              77.61841284298353,
              12.891093726833853
            ],
            [
              77.62700698209287,
              12.901038865390992
            ]
          ]
        ]
      },
      "properties": {
        "rank": 55,
        "hex_id": "876189243ffffff",
        "name": "Kodi Chikkanahalli",
        "final_affluence_score": 63.4244,
        "affluence_tier": "Upper-Mid / Emerging Affluence",
        "spatial_relation": "local_signal",
        "confidence_score": 1.0,
        "countable_family_tam": 444.0,
        "direct_family_tam": 771.0,
        "direct_total_units": 906.0,
        "direct_luxury_society_tam": 444.0,
        "conservative_50l_plus_family_tam": 444.0,
        "conservative_50l_plus_share_of_direct_tam": 0.5759,
        "estimated_40l_plus_family_tam_linear_25_50_split": 444.0,
        "estimated_40l_plus_share_linear_25_50_split": 0.5759,
        "nearby_family_tam_weighted_context": 856.34,
        "society_cluster_tam_weighted_context_not_counted": 1431.21,
        "market_price_per_sqft": 5740.27696793003,
        "refined_budget_segment": "Mixed/Diverse",
        "premium_candidate_score": 0.10485395647521527,
        "rental_yield_pct": 2.0,
        "yearly_appreciation_pct": 27.7,
        "society_score": 0.631895,
        "society_cluster_score": 0.75216,
        "hospital_score": 0.890229,
        "market_score": 0.441631,
        "sez_workplace_score": 0.53978,
        "habitability_score": 0.885829,
        "habitability_class": "dense_habitable",
        "habitable_for_residential_tam": true,
        "societies_direct_count": 4,
        "societies_nearby_count": 11,
        "society_cluster_project_count": 29,
        "hospitals_nearby_count": 126,
        "top_societies": "SNN Raj Grandeur (Super Luxury, TAM 316) | Vinayaka Enclave (Ultra Luxury, TAM 128) | Janhavi Enclave (Aspirational Premium, TAM 199) | Emmanuel Ashley Park (Aspirational Premium, TAM 128) | Mantri Elite (Ultra Luxury, TAM 128)",
        "top_hospitals": "Apollo Hospital (Ultra Premium, 4.2 min) | Aster RV Hospital (Ultra Premium, 6.2 min) | Fortis Hospital (Ultra Premium, 6.7 min) | Cadabams Hospitals (Ultra Premium, 5.0 min) | Chirag Global Hospitals (Ultra Premium, 2.5 min)",
        "quality_flags": "",
        "commute_score": 94.5,
        "commute_band": "Excellent commute convenience",
        "centroid_lat": 12.903582693240693,
        "centroid_lon": 77.61441105581265,
        "zone": "South"
      }
    },
    {
      "type": "Feature",
      "geometry": {
        "type": "Polygon",
        "coordinates": [
          [
            [
              77.55887535951022,
              12.856407263632107
            ],
            [
              77.55487429093682,
              12.868892572658837
            ],
            [
              77.54228929955882,
              12.871434322385074
            ],
            [
              77.53370690511008,
              12.86149215463902
            ],
            [
              77.53770777999175,
              12.849008352697474
            ],
            [
              77.55029124329248,
              12.846465211419991
            ],
            [
              77.55887535951022,
              12.856407263632107
            ]
          ]
        ]
      },
      "properties": {
        "rank": 56,
        "hex_id": "876014532ffffff",
        "name": "Talagattapura",
        "final_affluence_score": 63.2097,
        "affluence_tier": "Upper-Mid / Emerging Affluence",
        "spatial_relation": "local_signal",
        "confidence_score": 0.8667,
        "countable_family_tam": 1585.0,
        "direct_family_tam": 3613.0,
        "direct_total_units": 4250.0,
        "direct_luxury_society_tam": 829.0,
        "conservative_50l_plus_family_tam": 720.0,
        "conservative_50l_plus_share_of_direct_tam": 0.1993,
        "estimated_40l_plus_family_tam_linear_25_50_split": 1585.0,
        "estimated_40l_plus_share_linear_25_50_split": 0.4387,
        "nearby_family_tam_weighted_context": 3622.23,
        "society_cluster_tam_weighted_context_not_counted": 3912.14,
        "market_price_per_sqft": 3300.0,
        "refined_budget_segment": "Affordable",
        "premium_candidate_score": 0.0,
        "rental_yield_pct": null,
        "yearly_appreciation_pct": 8.2,
        "society_score": 0.881461,
        "society_cluster_score": 0.805712,
        "hospital_score": 0.637248,
        "market_score": 0.184583,
        "sez_workplace_score": 0.0,
        "habitability_score": 0.284805,
        "habitability_class": "sparse_habitable",
        "habitable_for_residential_tam": true,
        "societies_direct_count": 6,
        "societies_nearby_count": 7,
        "society_cluster_project_count": 11,
        "hospitals_nearby_count": 67,
        "top_societies": "Mahindra Eden (Super Luxury, TAM 592) | Sobha Arena (Ultra Luxury, TAM 128) | Godrej Eternity (Premium, TAM 756) | Maya Indradhanush (Luxury, TAM 109) | Purva Highland (Aspirational Premium, TAM 1,351)",
        "top_hospitals": "DHEE Hospitals (Ultra Premium, 8.0 min) | Aster RV Hospital (Ultra Premium, 15.5 min) | Astra Superspeciality Hospital (Super Premium, 8.8 min) | Apollo Hospital (Ultra Premium, 17.8 min) | Fortis Hospital (Ultra Premium, 18.0 min)",
        "quality_flags": "",
        "commute_score": 87.2,
        "commute_band": "Excellent commute convenience",
        "centroid_lat": 12.85895019415925,
        "centroid_lon": 77.54629034322566,
        "zone": "South-West"
      }
    },
    {
      "type": "Feature",
      "geometry": {
        "type": "Polygon",
        "coordinates": [
          [
            [
              77.56804479063038,
              12.901264038133743
            ],
            [
              77.56404309779887,
              12.91374828225525
            ],
            [
              77.55145504967537,
              12.916287248739732
            ],
            [
              77.54287022313342,
              12.906343362748975
            ],
            [
              77.54687172271711,
              12.893860623497554
            ],
            [
              77.55945824236939,
              12.89132026536951
            ],
            [
              77.56804479063038,
              12.901264038133743
            ]
          ]
        ]
      },
      "properties": {
        "rank": 57,
        "hex_id": "87618924bffffff",
        "name": "Kane Muneshwara Ward-Sarvabhouma Nagar",
        "final_affluence_score": 62.9341,
        "affluence_tier": "Upper-Mid / Emerging Affluence",
        "spatial_relation": "local_signal",
        "confidence_score": 1.0,
        "countable_family_tam": 411.0,
        "direct_family_tam": 539.0,
        "direct_total_units": 632.0,
        "direct_luxury_society_tam": 128.0,
        "conservative_50l_plus_family_tam": 0.0,
        "conservative_50l_plus_share_of_direct_tam": 0.0,
        "estimated_40l_plus_family_tam_linear_25_50_split": 411.0,
        "estimated_40l_plus_share_linear_25_50_split": 0.7625,
        "nearby_family_tam_weighted_context": 850.06,
        "society_cluster_tam_weighted_context_not_counted": 2304.13,
        "market_price_per_sqft": 4992.162440027416,
        "refined_budget_segment": "Mixed - Affordable leaning",
        "premium_candidate_score": 0.09279216651019064,
        "rental_yield_pct": 4.0,
        "yearly_appreciation_pct": 14.4,
        "society_score": 0.676409,
        "society_cluster_score": 0.893388,
        "hospital_score": 0.82327,
        "market_score": 0.415323,
        "sez_workplace_score": 0.233013,
        "habitability_score": 0.97117,
        "habitability_class": "dense_habitable",
        "habitable_for_residential_tam": true,
        "societies_direct_count": 5,
        "societies_nearby_count": 15,
        "society_cluster_project_count": 28,
        "hospitals_nearby_count": 115,
        "top_societies": "Oasis Nine (Luxury, TAM 128) | The Infiniti (Premium, TAM 128) | Poornaprajna Housing Society (Premium, TAM 128) | Nanda Kanaka Ecstasy (Aspirational Premium, TAM 128) | Happy Valley Pearl (Premium, TAM 27)",
        "top_hospitals": "Aster RV Hospital (Ultra Premium, 8.5 min) | Cloudnine Hospital - Jayanagar (Ultra Premium, 10.2 min) | Astra Superspeciality Hospital (Super Premium, 3.9 min) | DHEE Hospitals (Ultra Premium, 7.2 min) | Cadabams Hospitals (Ultra Premium, 7.9 min)",
        "quality_flags": "",
        "commute_score": 94.2,
        "commute_band": "Excellent commute convenience",
        "centroid_lat": 12.903804186389538,
        "centroid_lon": 77.55545671789247,
        "zone": "South-West"
      }
    },
    {
      "type": "Feature",
      "geometry": {
        "type": "Polygon",
        "coordinates": [
          [
            [
              77.78010862681312,
              12.975296418764492
            ],
            [
              77.7761050647863,
              12.98779564148166
            ],
            [
              77.76348581367697,
              12.990342300154946
            ],
            [
              77.75487165282864,
              12.980391114022254
            ],
            [
              77.75887503313105,
              12.967893383404489
            ],
            [
              77.77149275628796,
              12.96534534681966
            ],
            [
              77.78010862681312,
              12.975296418764492
            ]
          ]
        ]
      },
      "properties": {
        "rank": 58,
        "hex_id": "87618921cffffff",
        "name": "Hagaduru-Channasandra",
        "final_affluence_score": 62.5528,
        "affluence_tier": "Upper-Mid / Emerging Affluence",
        "spatial_relation": "local_signal",
        "confidence_score": 1.0,
        "countable_family_tam": 1156.0,
        "direct_family_tam": 1486.0,
        "direct_total_units": 1747.0,
        "direct_luxury_society_tam": 962.0,
        "conservative_50l_plus_family_tam": 499.0,
        "conservative_50l_plus_share_of_direct_tam": 0.3358,
        "estimated_40l_plus_family_tam_linear_25_50_split": 1156.0,
        "estimated_40l_plus_share_linear_25_50_split": 0.7779,
        "nearby_family_tam_weighted_context": 1582.23,
        "society_cluster_tam_weighted_context_not_counted": 2061.04,
        "market_price_per_sqft": 5493.134920634921,
        "refined_budget_segment": "Mid-Segment",
        "premium_candidate_score": 0.008816221201168185,
        "rental_yield_pct": 3.6916890080428955,
        "yearly_appreciation_pct": 7.0383720930232565,
        "society_score": 0.724732,
        "society_cluster_score": 0.806626,
        "hospital_score": 0.590151,
        "market_score": 0.427564,
        "sez_workplace_score": 0.896824,
        "habitability_score": 0.631161,
        "habitability_class": "habitable",
        "habitable_for_residential_tam": true,
        "societies_direct_count": 7,
        "societies_nearby_count": 11,
        "society_cluster_project_count": 24,
        "hospitals_nearby_count": 32,
        "top_societies": "Sowparnika Sanvi (Ultra Luxury, TAM 371) | Alembic Urban Forest (Super Luxury, TAM 128) | Gopalan Aqua (Luxury, TAM 274) | DSR Green Fields (Luxury, TAM 189) | DSR Sunrise Towers (Premium, TAM 194)",
        "top_hospitals": "Aster Women & Children Hospital (Ultra Premium, 10.7 min) | Aster Whitefield Hospital (Ultra Premium, 10.7 min) | RxDx Healthcare (Ultra Premium, 14.3 min) | Kinder Women's Hospital and Fertility Centre (Ultra Premium, 15.9 min) | Kauvery Hospital (Ultra Premium, 16.2 min)",
        "quality_flags": "",
        "commute_score": 88.0,
        "commute_band": "Excellent commute convenience",
        "centroid_lat": 12.977844254396246,
        "centroid_lon": 77.76748935802465,
        "zone": "East"
      }
    },
    {
      "type": "Feature",
      "geometry": {
        "type": "Polygon",
        "coordinates": [
          [
            [
              77.65279770040128,
              12.93087745320773
            ],
            [
              77.64879524606121,
              12.943367704095584
            ],
            [
              77.63619469054706,
              12.945909731811764
            ],
            [
              77.62759811793447,
              12.935962894813166
            ],
            [
              77.63160038362213,
              12.923474143706562
            ],
            [
              77.64419941085475,
              12.920930729818794
            ],
            [
              77.65279770040128,
              12.93087745320773
            ]
          ]
        ]
      },
      "properties": {
        "rank": 59,
        "hex_id": "876189251ffffff",
        "name": "Koramangala 1st Block",
        "final_affluence_score": 62.3825,
        "affluence_tier": "Upper-Mid / Emerging Affluence",
        "spatial_relation": "local_signal",
        "confidence_score": 0.8667,
        "countable_family_tam": 931.0,
        "direct_family_tam": 931.0,
        "direct_total_units": 1094.0,
        "direct_luxury_society_tam": 455.0,
        "conservative_50l_plus_family_tam": 455.0,
        "conservative_50l_plus_share_of_direct_tam": 0.4887,
        "estimated_40l_plus_family_tam_linear_25_50_split": 931.0,
        "estimated_40l_plus_share_linear_25_50_split": 1.0,
        "nearby_family_tam_weighted_context": 974.2,
        "society_cluster_tam_weighted_context_not_counted": 1429.2,
        "market_price_per_sqft": 4285.0,
        "refined_budget_segment": "Mid-Segment",
        "premium_candidate_score": 0.0,
        "rental_yield_pct": null,
        "yearly_appreciation_pct": null,
        "society_score": 0.677405,
        "society_cluster_score": 0.76299,
        "hospital_score": 0.92356,
        "market_score": 0.261718,
        "sez_workplace_score": 0.53307,
        "habitability_score": 0.523948,
        "habitability_class": "habitable",
        "habitable_for_residential_tam": true,
        "societies_direct_count": 4,
        "societies_nearby_count": 8,
        "society_cluster_project_count": 15,
        "hospitals_nearby_count": 159,
        "top_societies": "G Corp Residences (Ultra Luxury, TAM 199) | Advaitha Aksha (Ultra Luxury, TAM 128) | Prestige PineWood (Ultra Luxury, TAM 128) | K Raheja Residency (Premium, TAM 476) | K Raheja Vivarea (Ultra Luxury, TAM 107)",
        "top_hospitals": "Apollo Spectra Hospitals (Ultra Premium, 4.9 min) | Greenview Medical Center (Ultra Premium, 4.6 min) | Marvel Multispeciality Hospital (Super Premium, 2.8 min) | Apollo Cradle & Children’s Hospital (Ultra Premium, 5.4 min) | Lotus Multispeciality Center (Ultra Premium, 7.9 min)",
        "quality_flags": "",
        "commute_score": 86.6,
        "commute_band": "Excellent commute convenience",
        "centroid_lat": 12.933420660781271,
        "centroid_lon": 77.64019712303944,
        "zone": "South-East"
      }
    },
    {
      "type": "Feature",
      "geometry": {
        "type": "Polygon",
        "coordinates": [
          [
            [
              77.61500068601029,
              12.938504155268323
            ],
            [
              77.61099829845135,
              12.950990865140152
            ],
            [
              77.59840246371652,
              12.953529970683636
            ],
            [
              77.58981054539578,
              12.943583755310296
            ],
            [
              77.59381274222542,
              12.931098546657477
            ],
            [
              77.60640704838463,
              12.928558052160831
            ],
            [
              77.61500068601029,
              12.938504155268323
            ]
          ]
        ]
      },
      "properties": {
        "rank": 60,
        "hex_id": "876189258ffffff",
        "name": "A Adugodi-Lakkasandra",
        "final_affluence_score": 61.5506,
        "affluence_tier": "Upper-Mid / Emerging Affluence",
        "spatial_relation": "local_signal",
        "confidence_score": 1.0,
        "countable_family_tam": 525.0,
        "direct_family_tam": 525.0,
        "direct_total_units": 617.0,
        "direct_luxury_society_tam": 397.0,
        "conservative_50l_plus_family_tam": 234.0,
        "conservative_50l_plus_share_of_direct_tam": 0.4457,
        "estimated_40l_plus_family_tam_linear_25_50_split": 525.0,
        "estimated_40l_plus_share_linear_25_50_split": 1.0,
        "nearby_family_tam_weighted_context": 564.53,
        "society_cluster_tam_weighted_context_not_counted": 1217.57,
        "market_price_per_sqft": 5430.028524857375,
        "refined_budget_segment": "Mixed - Affordable leaning",
        "premium_candidate_score": 0.13331950741302015,
        "rental_yield_pct": 2.0,
        "yearly_appreciation_pct": 30.56530612244898,
        "society_score": 0.603763,
        "society_cluster_score": 0.75893,
        "hospital_score": 0.92238,
        "market_score": 0.430545,
        "sez_workplace_score": 0.407807,
        "habitability_score": 0.939476,
        "habitability_class": "dense_habitable",
        "habitable_for_residential_tam": true,
        "societies_direct_count": 4,
        "societies_nearby_count": 7,
        "society_cluster_project_count": 27,
        "hospitals_nearby_count": 173,
        "top_societies": "Prestige Acropolis (Ultra Luxury, TAM 128) | Esteem Splendor (Super Luxury, TAM 106) | Sai Krishna Wilson Vintage (Luxury, TAM 163) | Gopalan Wilson Manor (Premium, TAM 128) | Alpine Regency (Ultra Luxury, TAM 128)",
        "top_hospitals": "Vikram Aura Hospital (Ultra Premium, 6.3 min) | Cloudnine Hospital - Jayanagar (Ultra Premium, 7.0 min) | Apollo Spectra Hospitals (Ultra Premium, 6.5 min) | Aster RV Hospital (Ultra Premium, 9.4 min) | Sita Bhateja Specialty Hospital (Ultra Premium, 5.4 min)",
        "quality_flags": "",
        "commute_score": 93.8,
        "commute_band": "Excellent commute convenience",
        "centroid_lat": 12.941044442112094,
        "centroid_lon": 77.60240482818996,
        "zone": "Central"
      }
    },
    {
      "type": "Feature",
      "geometry": {
        "type": "Polygon",
        "coordinates": [
          [
            [
              77.64716697565827,
              13.095545788321605
            ],
            [
              77.64316240655769,
              13.108028614130147
            ],
            [
              77.6305558663009,
              13.110557995956475
            ],
            [
              77.62195542537361,
              13.100605941177612
            ],
            [
              77.62595980531125,
              13.088124608791846
            ],
            [
              77.63856481561949,
              13.085593837762232
            ],
            [
              77.64716697565827,
              13.095545788321605
            ]
          ]
        ]
      },
      "properties": {
        "rank": 61,
        "hex_id": "8761892d8ffffff",
        "name": "Kogilu",
        "final_affluence_score": 61.5138,
        "affluence_tier": "Upper-Mid / Emerging Affluence",
        "spatial_relation": "local_signal",
        "confidence_score": 0.9333,
        "countable_family_tam": 428.0,
        "direct_family_tam": 2969.0,
        "direct_total_units": 3492.0,
        "direct_luxury_society_tam": 428.0,
        "conservative_50l_plus_family_tam": 0.0,
        "conservative_50l_plus_share_of_direct_tam": 0.0,
        "estimated_40l_plus_family_tam_linear_25_50_split": 428.0,
        "estimated_40l_plus_share_linear_25_50_split": 0.1442,
        "nearby_family_tam_weighted_context": 3026.9,
        "society_cluster_tam_weighted_context_not_counted": 3434.74,
        "market_price_per_sqft": 2019.0625,
        "refined_budget_segment": "Mid-Segment",
        "premium_candidate_score": 0.0,
        "rental_yield_pct": null,
        "yearly_appreciation_pct": 0.0,
        "society_score": 0.793916,
        "society_cluster_score": 0.778302,
        "hospital_score": 0.578751,
        "market_score": 0.16448,
        "sez_workplace_score": 0.707844,
        "habitability_score": 0.533111,
        "habitability_class": "habitable",
        "habitable_for_residential_tam": true,
        "societies_direct_count": 4,
        "societies_nearby_count": 6,
        "society_cluster_project_count": 11,
        "hospitals_nearby_count": 53,
        "top_societies": "Brigade Northridge (Luxury, TAM 428) | Sobha Dream Gardens (Aspirational Premium, TAM 1,513) | Brigade Bricklane (Aspirational Premium, TAM 637) | Orchid Piccadilly (Aspirational Premium, TAM 391) | DS Max Synergy (Aspirational Premium, TAM 306)",
        "top_hospitals": "Maarga (Ultra Premium, 11.4 min) | Regal Hospital (Super Premium, 4.5 min) | Cloudnine Hospital (Super Premium, 8.9 min) | Manipal Hospital (Super Premium, 10.0 min) | Aster CMI Hospital (Ultra Premium, 21.5 min)",
        "quality_flags": "",
        "commute_score": 84.2,
        "commute_band": "Excellent commute convenience",
        "centroid_lat": 13.09807635481477,
        "centroid_lon": 77.63456041334582,
        "zone": "North"
      }
    },
    {
      "type": "Feature",
      "geometry": {
        "type": "Polygon",
        "coordinates": [
          [
            [
              77.67221137198204,
              12.833477242707943
            ],
            [
              77.66821009777998,
              12.84597315727976
            ],
            [
              77.65561094056918,
              12.84852364013451
            ],
            [
              77.64701458504308,
              12.838579591627019
            ],
            [
              77.65101567177418,
              12.826085179826142
            ],
            [
              77.66361330178232,
              12.823533313763956
            ],
            [
              77.67221137198204,
              12.833477242707943
            ]
          ]
        ]
      },
      "properties": {
        "rank": 62,
        "hex_id": "876189260ffffff",
        "name": "Maragondanahalli",
        "final_affluence_score": 60.957,
        "affluence_tier": "Upper-Mid / Emerging Affluence",
        "spatial_relation": "local_signal",
        "confidence_score": 0.8667,
        "countable_family_tam": 3714.0,
        "direct_family_tam": 5964.0,
        "direct_total_units": 7016.0,
        "direct_luxury_society_tam": 2143.0,
        "conservative_50l_plus_family_tam": 128.0,
        "conservative_50l_plus_share_of_direct_tam": 0.0215,
        "estimated_40l_plus_family_tam_linear_25_50_split": 3714.0,
        "estimated_40l_plus_share_linear_25_50_split": 0.6227,
        "nearby_family_tam_weighted_context": 6772.47,
        "society_cluster_tam_weighted_context_not_counted": 8176.49,
        "market_price_per_sqft": null,
        "refined_budget_segment": "Premium",
        "premium_candidate_score": 0.3908206881812353,
        "rental_yield_pct": null,
        "yearly_appreciation_pct": null,
        "society_score": 0.820392,
        "society_cluster_score": 0.874064,
        "hospital_score": 0.594402,
        "market_score": 0.264969,
        "sez_workplace_score": 0.023702,
        "habitability_score": 0.600867,
        "habitability_class": "habitable",
        "habitable_for_residential_tam": true,
        "societies_direct_count": 12,
        "societies_nearby_count": 20,
        "society_cluster_project_count": 25,
        "hospitals_nearby_count": 52,
        "top_societies": "Prestige Sunrise Park (Luxury, TAM 1,624) | The Lake View Address (Super Luxury, TAM 128) | Mahendra Elena 5 (Luxury, TAM 255) | Godrej Nurture (Premium, TAM 1,002) | Genesis Ecosphere (Luxury, TAM 136)",
        "top_hospitals": "Kauvery Hospitals (Ultra Premium, 6.2 min) | Springleaf Healthcare (Ultra Premium, 6.8 min) | Cloudnine Hospital - Electronics City (Super Premium, 6.7 min) | E City Hospitals (Super Premium, 4.7 min) | Apollo Cradle & Children's Hospital (Super Premium, 11.2 min)",
        "quality_flags": "",
        "commute_score": 87.3,
        "commute_band": "Excellent commute convenience",
        "centroid_lat": 12.836028902024847,
        "centroid_lon": 77.6596121935727,
        "zone": "South-East"
      }
    },
    {
      "type": "Feature",
      "geometry": {
        "type": "Polygon",
        "coordinates": [
          [
            [
              77.63337598712278,
              13.028240555589917
            ],
            [
              77.62937235293006,
              13.040725068023567
            ],
            [
              77.6167704019308,
              13.04325861736531
            ],
            [
              77.6081736147646,
              13.033309043379829
            ],
            [
              77.61217705912217,
              13.020826027715902
            ],
            [
              77.6247774807611,
              13.018291089268551
            ],
            [
              77.63337598712278,
              13.028240555589917
            ]
          ]
        ]
      },
      "properties": {
        "rank": 63,
        "hex_id": "8761892ccffffff",
        "name": "Hennur-Lingarajpura",
        "final_affluence_score": 60.8077,
        "affluence_tier": "Upper-Mid / Emerging Affluence",
        "spatial_relation": "local_signal",
        "confidence_score": 1.0,
        "countable_family_tam": 128.0,
        "direct_family_tam": 128.0,
        "direct_total_units": 150.0,
        "direct_luxury_society_tam": 128.0,
        "conservative_50l_plus_family_tam": 0.0,
        "conservative_50l_plus_share_of_direct_tam": 0.0,
        "estimated_40l_plus_family_tam_linear_25_50_split": 128.0,
        "estimated_40l_plus_share_linear_25_50_split": 1.0,
        "nearby_family_tam_weighted_context": 215.58,
        "society_cluster_tam_weighted_context_not_counted": 671.16,
        "market_price_per_sqft": 19620.02043269231,
        "refined_budget_segment": "Premium Candidate",
        "premium_candidate_score": 0.48979898670898925,
        "rental_yield_pct": null,
        "yearly_appreciation_pct": null,
        "society_score": 0.483348,
        "society_cluster_score": 0.699866,
        "hospital_score": 0.856904,
        "market_score": 0.737667,
        "sez_workplace_score": 0.636331,
        "habitability_score": 0.986551,
        "habitability_class": "dense_habitable",
        "habitable_for_residential_tam": true,
        "societies_direct_count": 1,
        "societies_nearby_count": 7,
        "society_cluster_project_count": 15,
        "hospitals_nearby_count": 128,
        "top_societies": "Janya Gardenia (Luxury, TAM 128) | Sobha Petunia (Ultra Luxury, TAM 133) | SNN Clermont (Ultra Luxury, TAM 365) | Karle Zenith Residences (Ultra Luxury, TAM 337) | Bairavi Cruz Luxor (Luxury, TAM 128)",
        "top_hospitals": "Trilife Hospital (Ultra Premium, 6.8 min) | Shishuka Children's Specialty Hospital (Ultra Premium, 3.6 min) | Aster CMI Hospital (Ultra Premium, 11.1 min) | Cloudnine Hospital - HRBR (Ultra Premium, 8.4 min) | Cura Hospitals (Ultra Premium, 5.2 min)",
        "quality_flags": "",
        "commute_score": 90.4,
        "commute_band": "Excellent commute convenience",
        "centroid_lat": 13.03077528816037,
        "centroid_lon": 77.62077401362596,
        "zone": "North-East"
      }
    },
    {
      "type": "Feature",
      "geometry": {
        "type": "Polygon",
        "coordinates": [
          [
            [
              77.55145504967537,
              12.916287248739732
            ],
            [
              77.54745323774935,
              12.928769451140624
            ],
            [
              77.53486679317479,
              12.931306262518286
            ],
            [
              77.52628368951703,
              12.921362264549604
            ],
            [
              77.53028530727103,
              12.90888156717843
            ],
            [
              77.54287022313342,
              12.906343362748975
            ],
            [
              77.55145504967537,
              12.916287248739732
            ]
          ]
        ]
      },
      "properties": {
        "rank": 64,
        "hex_id": "8760145a5ffffff",
        "name": "Kamakya Layout-Subramanyapura",
        "final_affluence_score": 60.4345,
        "affluence_tier": "Upper-Mid / Emerging Affluence",
        "spatial_relation": "local_signal",
        "confidence_score": 1.0,
        "countable_family_tam": 393.0,
        "direct_family_tam": 578.0,
        "direct_total_units": 680.0,
        "direct_luxury_society_tam": 393.0,
        "conservative_50l_plus_family_tam": 265.0,
        "conservative_50l_plus_share_of_direct_tam": 0.4585,
        "estimated_40l_plus_family_tam_linear_25_50_split": 393.0,
        "estimated_40l_plus_share_linear_25_50_split": 0.6799,
        "nearby_family_tam_weighted_context": 632.91,
        "society_cluster_tam_weighted_context_not_counted": 1161.51,
        "market_price_per_sqft": 6127.196702002355,
        "refined_budget_segment": "Mid-Segment",
        "premium_candidate_score": 0.03387438461473948,
        "rental_yield_pct": 1.0,
        "yearly_appreciation_pct": 14.920212765957446,
        "society_score": 0.656291,
        "society_cluster_score": 0.701446,
        "hospital_score": 0.800411,
        "market_score": 0.480744,
        "sez_workplace_score": 0.000101,
        "habitability_score": 0.889033,
        "habitability_class": "dense_habitable",
        "habitable_for_residential_tam": true,
        "societies_direct_count": 4,
        "societies_nearby_count": 9,
        "society_cluster_project_count": 22,
        "hospitals_nearby_count": 113,
        "top_societies": "Tata The Promont (Ultra Luxury, TAM 265) | Prestige South Ridge (Luxury, TAM 128) | Rainbow Waterfront (Aspirational Premium, TAM 144) | Durga Devi Enclave (Aspirational Premium, TAM 41) | The Infiniti (Premium, TAM 128)",
        "top_hospitals": "Aster RV Hospital (Ultra Premium, 11.8 min) | Cloudnine Hospital - Jayanagar (Ultra Premium, 11.8 min) | Pathway Hospitals (Ultra Premium, 6.4 min) | SS Sparsh Hospital (Ultra Premium, 7.9 min) | DHEE Hospitals (Ultra Premium, 10.2 min)",
        "quality_flags": "",
        "commute_score": 92.2,
        "commute_band": "Excellent commute convenience",
        "centroid_lat": 12.918825242848884,
        "centroid_lon": 77.53886857994219,
        "zone": "South-West"
      }
    },
    {
      "type": "Feature",
      "geometry": {
        "type": "Polygon",
        "coordinates": [
          [
            [
              77.6425690730906,
              13.073110446075106
            ],
            [
              77.63856481561949,
              13.085593837762232
            ],
            [
              77.62595980531125,
              13.088124608791846
            ],
            [
              77.6173605825069,
              13.078173377306992
            ],
            [
              77.62136465059086,
              13.065691480159256
            ],
            [
              77.63396813114657,
              13.063159319957304
            ],
            [
              77.6425690730906,
              13.073110446075106
            ]
          ]
        ]
      },
      "properties": {
        "rank": 65,
        "hex_id": "8761892ddffffff",
        "name": "Sampigehalli-Jakkur",
        "final_affluence_score": 60.0099,
        "affluence_tier": "Upper-Mid / Emerging Affluence",
        "spatial_relation": "local_signal",
        "confidence_score": 1.0,
        "countable_family_tam": 279.0,
        "direct_family_tam": 327.0,
        "direct_total_units": 384.0,
        "direct_luxury_society_tam": 279.0,
        "conservative_50l_plus_family_tam": 279.0,
        "conservative_50l_plus_share_of_direct_tam": 0.8532,
        "estimated_40l_plus_family_tam_linear_25_50_split": 279.0,
        "estimated_40l_plus_share_linear_25_50_split": 0.8532,
        "nearby_family_tam_weighted_context": 481.28,
        "society_cluster_tam_weighted_context_not_counted": 1564.19,
        "market_price_per_sqft": 5509.158215010142,
        "refined_budget_segment": "Mid-Segment",
        "premium_candidate_score": 0.011381467968489451,
        "rental_yield_pct": 2.6666666666666665,
        "yearly_appreciation_pct": 4.266666666666667,
        "society_score": 0.58434,
        "society_cluster_score": 0.785433,
        "hospital_score": 0.697268,
        "market_score": 0.4315,
        "sez_workplace_score": 0.972071,
        "habitability_score": 0.678609,
        "habitability_class": "habitable",
        "habitable_for_residential_tam": true,
        "societies_direct_count": 2,
        "societies_nearby_count": 9,
        "society_cluster_project_count": 24,
        "hospitals_nearby_count": 76,
        "top_societies": "Sobha City Casa Paradiso (Super Luxury, TAM 279) | Mithuna White Pearl (Aspirational Premium, TAM 48) | Valmark Regency Pinnacle Heights (Super Luxury, TAM 235) | Orchid Piccadilly (Aspirational Premium, TAM 391) | Expat The Wisdom Tree Community (Super Luxury, TAM 128)",
        "top_hospitals": "Regal Hospital (Super Premium, 2.5 min) | Cloudnine Hospital (Super Premium, 4.1 min) | Trilife Hospital (Ultra Premium, 14.7 min) | Aster CMI Hospital (Ultra Premium, 17.5 min) | Cloudnine Hospital - HRBR (Ultra Premium, 15.8 min)",
        "quality_flags": "",
        "commute_score": 86.0,
        "commute_band": "Excellent commute convenience",
        "centroid_lat": 13.075642401292981,
        "centroid_lon": 77.62996404057931,
        "zone": "North"
      }
    },
    {
      "type": "Feature",
      "geometry": {
        "type": "Polygon",
        "coordinates": [
          [
            [
              77.69981303661072,
              12.968126230220362
            ],
            [
              77.6958098976455,
              12.980618932217368
            ],
            [
              77.68320157312286,
              12.983161114901938
            ],
            [
              77.67459791621893,
              12.973211979054092
            ],
            [
              77.67860086906154,
              12.960720773172516
            ],
            [
              77.69120766521141,
              12.958177207023983
            ],
            [
              77.69981303661072,
              12.968126230220362
            ]
          ]
        ]
      },
      "properties": {
        "rank": 66,
        "hex_id": "8761892e5ffffff",
        "name": "Vignananagara-Sangama Ward",
        "final_affluence_score": 59.8403,
        "affluence_tier": "Upper-Mid / Emerging Affluence",
        "spatial_relation": "local_signal",
        "confidence_score": 1.0,
        "countable_family_tam": 579.0,
        "direct_family_tam": 899.0,
        "direct_total_units": 1056.0,
        "direct_luxury_society_tam": 256.0,
        "conservative_50l_plus_family_tam": 256.0,
        "conservative_50l_plus_share_of_direct_tam": 0.2848,
        "estimated_40l_plus_family_tam_linear_25_50_split": 579.0,
        "estimated_40l_plus_share_linear_25_50_split": 0.644,
        "nearby_family_tam_weighted_context": 942.65,
        "society_cluster_tam_weighted_context_not_counted": 1613.79,
        "market_price_per_sqft": 4901.201418439717,
        "refined_budget_segment": "Affordable",
        "premium_candidate_score": 0.0202870110839342,
        "rental_yield_pct": 4.0,
        "yearly_appreciation_pct": null,
        "society_score": 0.625689,
        "society_cluster_score": 0.750024,
        "hospital_score": 0.847435,
        "market_score": 0.337348,
        "sez_workplace_score": 0.565585,
        "habitability_score": 0.850615,
        "habitability_class": "dense_habitable",
        "habitable_for_residential_tam": true,
        "societies_direct_count": 4,
        "societies_nearby_count": 7,
        "society_cluster_project_count": 26,
        "hospitals_nearby_count": 110,
        "top_societies": "Durga Petals (Super Luxury, TAM 128) | Akme Ballet (Super Luxury, TAM 128) | Jain Heights East Parade (Premium, TAM 323) | Tata Sherwood Apartments (Aspirational Premium, TAM 320) | Sri Lorven Castle (Aspirational Premium, TAM 128)",
        "top_hospitals": "Manipal Hospitals Old Airport Road (Ultra Premium, 12.2 min) | Kinder Women's Hospital and Fertility Centre (Ultra Premium, 8.0 min) | Rainbow Children's Hospital (Ultra Premium, 4.1 min) | Sakra World Hospital (Ultra Premium, 12.1 min) | RxDx Healthcare (Ultra Premium, 10.9 min)",
        "quality_flags": "",
        "commute_score": 86.1,
        "commute_band": "Excellent commute convenience",
        "centroid_lat": 12.9706695922839,
        "centroid_lon": 77.68720469177536,
        "zone": "East"
      }
    },
    {
      "type": "Feature",
      "geometry": {
        "type": "Polygon",
        "coordinates": [
          [
            [
              77.54228929955882,
              12.871434322385074
            ],
            [
              77.53828811232322,
              12.883917594816841
            ],
            [
              77.52570472497577,
              12.886457192253484
            ],
            [
              77.51712405345997,
              12.876514910222616
            ],
            [
              77.52112504608027,
              12.864033145036695
            ],
            [
              77.53370690511008,
              12.86149215463902
            ],
            [
              77.54228929955882,
              12.871434322385074
            ]
          ]
        ]
      },
      "properties": {
        "rank": 67,
        "hex_id": "876014514ffffff",
        "name": "Talagattapura",
        "final_affluence_score": 59.7854,
        "affluence_tier": "Upper-Mid / Emerging Affluence",
        "spatial_relation": "local_signal",
        "confidence_score": 0.8667,
        "countable_family_tam": 2368.0,
        "direct_family_tam": 2574.0,
        "direct_total_units": 3028.0,
        "direct_luxury_society_tam": 940.0,
        "conservative_50l_plus_family_tam": 756.0,
        "conservative_50l_plus_share_of_direct_tam": 0.2937,
        "estimated_40l_plus_family_tam_linear_25_50_split": 2368.0,
        "estimated_40l_plus_share_linear_25_50_split": 0.92,
        "nearby_family_tam_weighted_context": 2785.25,
        "society_cluster_tam_weighted_context_not_counted": 4006.06,
        "market_price_per_sqft": null,
        "refined_budget_segment": "Affordable",
        "premium_candidate_score": 0.0,
        "rental_yield_pct": null,
        "yearly_appreciation_pct": null,
        "society_score": 0.867332,
        "society_cluster_score": 0.924721,
        "hospital_score": 0.655288,
        "market_score": 0.053514,
        "sez_workplace_score": 0.0,
        "habitability_score": 0.440103,
        "habitability_class": "sparse_habitable",
        "habitable_for_residential_tam": true,
        "societies_direct_count": 4,
        "societies_nearby_count": 12,
        "society_cluster_project_count": 20,
        "hospitals_nearby_count": 67,
        "top_societies": "Sobha Forest View (Super Luxury, TAM 756) | Prestige Primrose Hills (Premium, TAM 1,428) | Sobha Forest Edge (Luxury, TAM 184) | Hara Vijaya Heights (Aspirational Premium, TAM 206) | Sobha Arena (Ultra Luxury, TAM 128)",
        "top_hospitals": "DHEE Hospitals (Ultra Premium, 5.8 min) | Aster RV Hospital (Ultra Premium, 15.3 min) | Astra Superspeciality Hospital (Super Premium, 8.5 min) | Pathway Hospitals (Ultra Premium, 9.5 min) | Fortis Hospital (Ultra Premium, 16.9 min)",
        "quality_flags": "",
        "commute_score": 90.1,
        "commute_band": "Excellent commute convenience",
        "centroid_lat": 12.873975101584408,
        "centroid_lon": 77.52970588676098,
        "zone": "South-West"
      }
    },
    {
      "type": "Feature",
      "geometry": {
        "type": "Polygon",
        "coordinates": [
          [
            [
              77.59840246371652,
              12.953529970683636
            ],
            [
              77.59439995499558,
              12.966014636595766
            ],
            [
              77.58180571932974,
              12.968551585752211
            ],
            [
              77.57321552148336,
              12.958605259360855
            ],
            [
              77.57721783854912,
              12.946122094829187
            ],
            [
              77.58981054539578,
              12.943583755310296
            ],
            [
              77.59840246371652,
              12.953529970683636
            ]
          ]
        ]
      },
      "properties": {
        "rank": 68,
        "hex_id": "87618925bffffff",
        "name": "Ashoka Pillar-Dharmaraya Swamy Temple Ward",
        "final_affluence_score": 59.7206,
        "affluence_tier": "Upper-Mid / Emerging Affluence",
        "spatial_relation": "local_signal",
        "confidence_score": 1.0,
        "countable_family_tam": 285.0,
        "direct_family_tam": 285.0,
        "direct_total_units": 334.0,
        "direct_luxury_society_tam": 285.0,
        "conservative_50l_plus_family_tam": 285.0,
        "conservative_50l_plus_share_of_direct_tam": 1.0,
        "estimated_40l_plus_family_tam_linear_25_50_split": 285.0,
        "estimated_40l_plus_share_linear_25_50_split": 1.0,
        "nearby_family_tam_weighted_context": 411.84,
        "society_cluster_tam_weighted_context_not_counted": 698.35,
        "market_price_per_sqft": 9905.781659388647,
        "refined_budget_segment": "Premium Candidate",
        "premium_candidate_score": 0.2721090546135282,
        "rental_yield_pct": null,
        "yearly_appreciation_pct": null,
        "society_score": 0.572374,
        "society_cluster_score": 0.659648,
        "hospital_score": 0.91828,
        "market_score": 0.565291,
        "sez_workplace_score": 0.129104,
        "habitability_score": 0.916532,
        "habitability_class": "dense_habitable",
        "habitable_for_residential_tam": true,
        "societies_direct_count": 3,
        "societies_nearby_count": 13,
        "society_cluster_project_count": 19,
        "hospitals_nearby_count": 177,
        "top_societies": "SVG Manhattan (Ultra Luxury, TAM 128) | Prestige Richmond (Super Luxury, TAM 128) | Prestige Botanique (Ultra Luxury, TAM 29) | Symbiosis Adithya (Super Luxury, TAM 128) | Brigade Vintage (Super Luxury, TAM 128)",
        "top_hospitals": "Cloudnine Hospital - Jayanagar (Ultra Premium, 5.4 min) | Vikram Aura Hospital (Ultra Premium, 7.3 min) | Sita Bhateja Specialty Hospital (Ultra Premium, 4.0 min) | Trustwell Hospitals (Super Premium, 4.5 min) | Apollo Speciality Hospitals (Ultra Premium, 5.3 min)",
        "quality_flags": "",
        "commute_score": 94.5,
        "commute_band": "Excellent commute convenience",
        "centroid_lat": 12.956068102101629,
        "centroid_lon": 77.58580820442012,
        "zone": "Central"
      }
    },
    {
      "type": "Feature",
      "geometry": {
        "type": "Polygon",
        "coordinates": [
          [
            [
              77.68320157312286,
              12.983161114901938
            ],
            [
              77.67919830928513,
              12.99565177359669
            ],
            [
              77.66659157531416,
              12.998191800161356
            ],
            [
              77.65798963408243,
              12.988242552908835
            ],
            [
              77.66199271086889,
              12.97575339049564
            ],
            [
              77.67459791621893,
              12.973211979054092
            ],
            [
              77.68320157312286,
              12.983161114901938
            ]
          ]
        ]
      },
      "properties": {
        "rank": 69,
        "hex_id": "8761892e1ffffff",
        "name": "Uday Nagar-G.M Palya",
        "final_affluence_score": 59.091,
        "affluence_tier": "Upper-Mid / Emerging Affluence",
        "spatial_relation": "local_signal",
        "confidence_score": 1.0,
        "countable_family_tam": 689.0,
        "direct_family_tam": 945.0,
        "direct_total_units": 1110.0,
        "direct_luxury_society_tam": 689.0,
        "conservative_50l_plus_family_tam": 689.0,
        "conservative_50l_plus_share_of_direct_tam": 0.7291,
        "estimated_40l_plus_family_tam_linear_25_50_split": 689.0,
        "estimated_40l_plus_share_linear_25_50_split": 0.7291,
        "nearby_family_tam_weighted_context": 1017.52,
        "society_cluster_tam_weighted_context_not_counted": 1279.35,
        "market_price_per_sqft": 4798.531645569621,
        "refined_budget_segment": "Mixed - Affordable leaning",
        "premium_candidate_score": 0.006242694071243168,
        "rental_yield_pct": 4.60233918128655,
        "yearly_appreciation_pct": 16.4,
        "society_score": 0.615336,
        "society_cluster_score": 0.680016,
        "hospital_score": 0.876023,
        "market_score": 0.389049,
        "sez_workplace_score": 0.56388,
        "habitability_score": 0.964777,
        "habitability_class": "dense_habitable",
        "habitable_for_residential_tam": true,
        "societies_direct_count": 4,
        "societies_nearby_count": 9,
        "society_cluster_project_count": 15,
        "hospitals_nearby_count": 122,
        "top_societies": "Purva Seasons (Super Luxury, TAM 561) | Sattva Magnificia (Ultra Luxury, TAM 128) | Harsha Pride (Aspirational Premium, TAM 128) | Sri Lorven Castle (Aspirational Premium, TAM 128) | Brigade Paramount (Luxury, TAM 69)",
        "top_hospitals": "Cloudnine Hospital - Whitefield (Ultra Premium, 5.7 min) | Manipal Hospitals Old Airport Road (Ultra Premium, 10.7 min) | Cloudnine Hospital - HRBR (Ultra Premium, 10.7 min) | Trilife Hospital (Ultra Premium, 13.0 min) | Vikram Aura Hospital (Ultra Premium, 14.1 min)",
        "quality_flags": "",
        "commute_score": 91.6,
        "commute_band": "Excellent commute convenience",
        "centroid_lat": 12.985702321810678,
        "centroid_lon": 77.67059481829274,
        "zone": "East"
      }
    },
    {
      "type": "Feature",
      "geometry": {
        "type": "Polygon",
        "coordinates": [
          [
            [
              77.60299309022385,
              12.975961697070938
            ],
            [
              77.59899026961779,
              12.988445816571021
            ],
            [
              77.58639450493624,
              12.990981375325305
            ],
            [
              77.57780309015591,
              12.98103420498328
            ],
            [
              77.58180571932974,
              12.968551585752211
            ],
            [
              77.59439995499558,
              12.966014636595766
            ],
            [
              77.60299309022385,
              12.975961697070938
            ]
          ]
        ]
      },
      "properties": {
        "rank": 70,
        "hex_id": "8760145b4ffffff",
        "name": "Ashokanagar-Sampangirama Nagar",
        "final_affluence_score": 59.085,
        "affluence_tier": "Upper-Mid / Emerging Affluence",
        "spatial_relation": "local_signal",
        "confidence_score": 1.0,
        "countable_family_tam": 384.0,
        "direct_family_tam": 384.0,
        "direct_total_units": 450.0,
        "direct_luxury_society_tam": 384.0,
        "conservative_50l_plus_family_tam": 384.0,
        "conservative_50l_plus_share_of_direct_tam": 1.0,
        "estimated_40l_plus_family_tam_linear_25_50_split": 384.0,
        "estimated_40l_plus_share_linear_25_50_split": 1.0,
        "nearby_family_tam_weighted_context": 446.66,
        "society_cluster_tam_weighted_context_not_counted": 630.69,
        "market_price_per_sqft": 10384.027777777777,
        "refined_budget_segment": "Affordable",
        "premium_candidate_score": 0.2455508601111978,
        "rental_yield_pct": 1.0,
        "yearly_appreciation_pct": 42.9,
        "society_score": 0.562558,
        "society_cluster_score": 0.625308,
        "hospital_score": 0.929132,
        "market_score": 0.553929,
        "sez_workplace_score": 0.194648,
        "habitability_score": 0.614331,
        "habitability_class": "habitable",
        "habitable_for_residential_tam": true,
        "societies_direct_count": 3,
        "societies_nearby_count": 9,
        "society_cluster_project_count": 18,
        "hospitals_nearby_count": 175,
        "top_societies": "Casa Lavelle (Ultra Luxury, TAM 128) | The Embassy (Ultra Luxury, TAM 128) | Golden Orchids (Ultra Luxury, TAM 128) | Embassy Woods (Ultra Luxury, TAM 128) | Embassy Habitat (Super Luxury, TAM 296)",
        "top_hospitals": "Manipal Hospital, Millers Road ( Vikram Hospitals ) (Ultra Premium, 3.5 min) | Fortis Hospital (Ultra Premium, 2.7 min) | Vikram Aura Hospital (Ultra Premium, 7.1 min) | HCG  - The Specialist in Cancer Care (Ultra Premium, 3.6 min) | Sparsh Hospital (Super Premium, 2.2 min)",
        "quality_flags": "",
        "commute_score": 92.6,
        "commute_band": "Excellent commute convenience",
        "centroid_lat": 12.978498438569202,
        "centroid_lon": 77.59039730205839,
        "zone": "Central"
      }
    },
    {
      "type": "Feature",
      "geometry": {
        "type": "Polygon",
        "coordinates": [
          [
            [
              77.66020711472075,
              12.870962432289412
            ],
            [
              77.65620540592592,
              12.883455790158333
            ],
            [
              77.64360631310693,
              12.886002740711307
            ],
            [
              77.63501045700713,
              12.876057718068129
            ],
            [
              77.63901197762837,
              12.863565862032056
            ],
            [
              77.65160954280292,
              12.861017526808235
            ],
            [
              77.66020711472075,
              12.870962432289412
            ]
          ]
        ]
      },
      "properties": {
        "rank": 71,
        "hex_id": "876189244ffffff",
        "name": "Singasandra-Chikkathoguru",
        "final_affluence_score": 58.9151,
        "affluence_tier": "Upper-Mid / Emerging Affluence",
        "spatial_relation": "local_signal",
        "confidence_score": 1.0,
        "countable_family_tam": 194.0,
        "direct_family_tam": 194.0,
        "direct_total_units": 228.0,
        "direct_luxury_society_tam": 194.0,
        "conservative_50l_plus_family_tam": 0.0,
        "conservative_50l_plus_share_of_direct_tam": 0.0,
        "estimated_40l_plus_family_tam_linear_25_50_split": 194.0,
        "estimated_40l_plus_share_linear_25_50_split": 1.0,
        "nearby_family_tam_weighted_context": 346.36,
        "society_cluster_tam_weighted_context_not_counted": 1296.18,
        "market_price_per_sqft": 5694.909810126581,
        "refined_budget_segment": "Affordable",
        "premium_candidate_score": 0.009785021413429549,
        "rental_yield_pct": 3.0,
        "yearly_appreciation_pct": null,
        "society_score": 0.609743,
        "society_cluster_score": 0.779416,
        "hospital_score": 0.786645,
        "market_score": 0.378718,
        "sez_workplace_score": 0.360492,
        "habitability_score": 0.686842,
        "habitability_class": "habitable",
        "habitable_for_residential_tam": true,
        "societies_direct_count": 1,
        "societies_nearby_count": 6,
        "society_cluster_project_count": 19,
        "hospitals_nearby_count": 99,
        "top_societies": "Mahindra Zen (Luxury, TAM 194) | Sobha Silicon Oasis (Super Luxury, TAM 779) | Salarpuria Symphony (Super Luxury, TAM 128) | Salarpuria Sattva Cadenza (Super Luxury, TAM 220) | Prestige Casabella (Aspirational Premium, TAM 178)",
        "top_hospitals": "Kauvery Hospitals (Ultra Premium, 7.6 min) | Lotus Multispeciality Center (Ultra Premium, 9.7 min) | Greenview Medical Center (Ultra Premium, 10.9 min) | Apollo Cradle & Children's Hospital (Super Premium, 3.6 min) | Springleaf Healthcare (Ultra Premium, 7.2 min)",
        "quality_flags": "",
        "commute_score": 93.0,
        "commute_band": "Excellent commute convenience",
        "centroid_lat": 12.873510560761737,
        "centroid_lon": 77.64760800030511,
        "zone": "South-East"
      }
    },
    {
      "type": "Feature",
      "geometry": {
        "type": "Polygon",
        "coordinates": [
          [
            [
              77.66377955709052,
              13.08052935677789
            ],
            [
              77.65977511138507,
              13.093014241728296
            ],
            [
              77.64716697565827,
              13.095545788321605
            ],
            [
              77.63856481561949,
              13.085593837762232
            ],
            [
              77.6425690730906,
              13.073110446075106
            ],
            [
              77.65517567911537,
              13.070577511684107
            ],
            [
              77.66377955709052,
              13.08052935677789
            ]
          ]
        ]
      },
      "properties": {
        "rank": 72,
        "hex_id": "8761892dcffffff",
        "name": "Kannuru",
        "final_affluence_score": 58.5111,
        "affluence_tier": "Upper-Mid / Emerging Affluence",
        "spatial_relation": "local_signal",
        "confidence_score": 0.8667,
        "countable_family_tam": 2552.0,
        "direct_family_tam": 2552.0,
        "direct_total_units": 3002.0,
        "direct_luxury_society_tam": 305.0,
        "conservative_50l_plus_family_tam": 128.0,
        "conservative_50l_plus_share_of_direct_tam": 0.0502,
        "estimated_40l_plus_family_tam_linear_25_50_split": 2552.0,
        "estimated_40l_plus_share_linear_25_50_split": 1.0,
        "nearby_family_tam_weighted_context": 2618.66,
        "society_cluster_tam_weighted_context_not_counted": 3291.4,
        "market_price_per_sqft": null,
        "refined_budget_segment": "Affordable",
        "premium_candidate_score": 0.0,
        "rental_yield_pct": null,
        "yearly_appreciation_pct": null,
        "society_score": 0.810578,
        "society_cluster_score": 0.792096,
        "hospital_score": 0.616813,
        "market_score": 0.058255,
        "sez_workplace_score": 0.403224,
        "habitability_score": 0.459884,
        "habitability_class": "sparse_habitable",
        "habitable_for_residential_tam": true,
        "societies_direct_count": 4,
        "societies_nearby_count": 7,
        "society_cluster_project_count": 15,
        "hospitals_nearby_count": 62,
        "top_societies": "Mantri Webcity (Premium, TAM 1,870) | Casagrand Boulevard (Super Luxury, TAM 128) | Pride Pegasus (Luxury, TAM 177) | Shriram Luxor (Premium, TAM 377) | Sobha City Casa Paradiso (Super Luxury, TAM 279)",
        "top_hospitals": "Regal Hospital (Super Premium, 3.7 min) | Cloudnine Hospital (Super Premium, 7.1 min) | Trilife Hospital (Ultra Premium, 16.5 min) | Shishuka Children's Specialty Hospital (Ultra Premium, 13.6 min) | Cloudnine Hospital - HRBR (Ultra Premium, 17.3 min)",
        "quality_flags": "",
        "commute_score": 84.8,
        "commute_band": "Excellent commute convenience",
        "centroid_lat": 13.08306208708069,
        "centroid_lon": 77.65117139985458,
        "zone": "North-East"
      }
    },
    {
      "type": "Feature",
      "geometry": {
        "type": "Polygon",
        "coordinates": [
          [
            [
              77.70441648661719,
              12.990568791728345
            ],
            [
              77.70041303688207,
              13.0030609454259
            ],
            [
              77.6878031837918,
              13.00560174460931
            ],
            [
              77.67919830928513,
              12.99565177359669
            ],
            [
              77.68320157312286,
              12.983161114901938
            ],
            [
              77.6958098976455,
              12.980618932217368
            ],
            [
              77.70441648661719,
              12.990568791728345
            ]
          ]
        ]
      },
      "properties": {
        "rank": 73,
        "hex_id": "8761892e0ffffff",
        "name": "Garudachar Palya",
        "final_affluence_score": 57.9186,
        "affluence_tier": "Upper-Mid / Emerging Affluence",
        "spatial_relation": "local_signal",
        "confidence_score": 1.0,
        "countable_family_tam": 386.0,
        "direct_family_tam": 616.0,
        "direct_total_units": 724.0,
        "direct_luxury_society_tam": 386.0,
        "conservative_50l_plus_family_tam": 386.0,
        "conservative_50l_plus_share_of_direct_tam": 0.6266,
        "estimated_40l_plus_family_tam_linear_25_50_split": 386.0,
        "estimated_40l_plus_share_linear_25_50_split": 0.6266,
        "nearby_family_tam_weighted_context": 690.41,
        "society_cluster_tam_weighted_context_not_counted": 1341.08,
        "market_price_per_sqft": null,
        "refined_budget_segment": "Affordable",
        "premium_candidate_score": 0.02399380621928551,
        "rental_yield_pct": null,
        "yearly_appreciation_pct": null,
        "society_score": 0.652743,
        "society_cluster_score": 0.791012,
        "hospital_score": 0.844402,
        "market_score": 0.115851,
        "sez_workplace_score": 0.665522,
        "habitability_score": 0.824088,
        "habitability_class": "dense_habitable",
        "habitable_for_residential_tam": true,
        "societies_direct_count": 5,
        "societies_nearby_count": 7,
        "society_cluster_project_count": 22,
        "hospitals_nearby_count": 101,
        "top_societies": "Brigade Metropolis (Ultra Luxury, TAM 128) | Candeur Carlisle (Super Luxury, TAM 258) | Sai Krupa Harmony (Aspirational Premium, TAM 128) | Saakara Dhaaruni Residences (Aspirational Premium, TAM 61) | Neeladri Paradise (Aspirational Premium, TAM 41)",
        "top_hospitals": "Kinder Women's Hospital and Fertility Centre (Ultra Premium, 4.3 min) | RxDx Healthcare (Ultra Premium, 7.5 min) | Aster Women & Children Hospital (Ultra Premium, 9.6 min) | Aster Whitefield Hospital (Ultra Premium, 9.6 min) | Cloudnine Hospital - Whitefield (Ultra Premium, 10.4 min)",
        "quality_flags": "",
        "commute_score": 91.0,
        "commute_band": "Excellent commute convenience",
        "centroid_lat": 12.99311077077413,
        "centroid_lon": 77.69180661336213,
        "zone": "East"
      }
    },
    {
      "type": "Feature",
      "geometry": {
        "type": "Polygon",
        "coordinates": [
          [
            [
              77.64998304578211,
              13.013218281790842
            ],
            [
              77.64597953433073,
              13.025704845700318
            ],
            [
              77.63337598712278,
              13.028240555589917
            ],
            [
              77.6247774807611,
              13.018291089268551
            ],
            [
              77.62878080330495,
              13.00580602196781
            ],
            [
              77.64138282139817,
              13.003268924380468
            ],
            [
              77.64998304578211,
              13.013218281790842
            ]
          ]
        ]
      },
      "properties": {
        "rank": 74,
        "hex_id": "8761892eaffffff",
        "name": "HRBR Layout-Subbayanapalya",
        "final_affluence_score": 57.9149,
        "affluence_tier": "Upper-Mid / Emerging Affluence",
        "spatial_relation": "local_signal",
        "confidence_score": 1.0,
        "countable_family_tam": 288.0,
        "direct_family_tam": 288.0,
        "direct_total_units": 338.0,
        "direct_luxury_society_tam": 288.0,
        "conservative_50l_plus_family_tam": 288.0,
        "conservative_50l_plus_share_of_direct_tam": 1.0,
        "estimated_40l_plus_family_tam_linear_25_50_split": 288.0,
        "estimated_40l_plus_share_linear_25_50_split": 1.0,
        "nearby_family_tam_weighted_context": 318.13,
        "society_cluster_tam_weighted_context_not_counted": 453.91,
        "market_price_per_sqft": 7735.791717417783,
        "refined_budget_segment": "Mid-Segment",
        "premium_candidate_score": 0.1031907271134378,
        "rental_yield_pct": 3.0,
        "yearly_appreciation_pct": null,
        "society_score": 0.500231,
        "society_cluster_score": 0.538698,
        "hospital_score": 0.912268,
        "market_score": 0.621183,
        "sez_workplace_score": 0.523334,
        "habitability_score": 1.0,
        "habitability_class": "dense_habitable",
        "habitable_for_residential_tam": true,
        "societies_direct_count": 2,
        "societies_nearby_count": 6,
        "society_cluster_project_count": 11,
        "hospitals_nearby_count": 141,
        "top_societies": "Prestige North Point (Super Luxury, TAM 160) | Jal Vayu Vihar (Super Luxury, TAM 128) | Bairavi Cruz Luxor (Luxury, TAM 128) | Spectra Raintree (Luxury, TAM 27) | Chowriappa Grazia (Aspirational Premium, TAM 13)",
        "top_hospitals": "Trilife Hospital (Ultra Premium, 1.6 min) | Cloudnine Hospital - HRBR (Ultra Premium, 4.2 min) | Cura Hospitals (Ultra Premium, 1.4 min) | Shishuka Children's Specialty Hospital (Ultra Premium, 3.4 min) | Cloudnine Hospital - Whitefield (Ultra Premium, 9.9 min)",
        "quality_flags": "",
        "commute_score": 93.8,
        "commute_band": "Excellent commute convenience",
        "centroid_lat": 13.015755173949387,
        "centroid_lon": 77.63737947662257,
        "zone": "North-East"
      }
    },
    {
      "type": "Feature",
      "geometry": {
        "type": "Polygon",
        "coordinates": [
          [
            [
              77.74686445440048,
              13.005383987066203
            ],
            [
              77.74286063633697,
              13.0178791269266
            ],
            [
              77.7302445515902,
              13.020421475272244
            ],
            [
              77.72163381364496,
              13.010470064501751
            ],
            [
              77.72563744812238,
              12.99797641708178
            ],
            [
              77.73825200441254,
              12.995432687991622
            ],
            [
              77.74686445440048,
              13.005383987066203
            ]
          ]
        ]
      },
      "properties": {
        "rank": 75,
        "hex_id": "87618921bffffff",
        "name": "Kurudusonnenahalli",
        "final_affluence_score": 57.725,
        "affluence_tier": "Upper-Mid / Emerging Affluence",
        "spatial_relation": "local_signal",
        "confidence_score": 0.9333,
        "countable_family_tam": 400.0,
        "direct_family_tam": 400.0,
        "direct_total_units": 471.0,
        "direct_luxury_society_tam": 400.0,
        "conservative_50l_plus_family_tam": 0.0,
        "conservative_50l_plus_share_of_direct_tam": 0.0,
        "estimated_40l_plus_family_tam_linear_25_50_split": 400.0,
        "estimated_40l_plus_share_linear_25_50_split": 1.0,
        "nearby_family_tam_weighted_context": 638.99,
        "society_cluster_tam_weighted_context_not_counted": 1662.92,
        "market_price_per_sqft": 3461.395348837209,
        "refined_budget_segment": "Affordable",
        "premium_candidate_score": 0.0,
        "rental_yield_pct": null,
        "yearly_appreciation_pct": null,
        "society_score": 0.659154,
        "society_cluster_score": 0.843938,
        "hospital_score": 0.69969,
        "market_score": 0.155847,
        "sez_workplace_score": 0.600332,
        "habitability_score": 0.477505,
        "habitability_class": "sparse_habitable",
        "habitable_for_residential_tam": true,
        "societies_direct_count": 1,
        "societies_nearby_count": 7,
        "society_cluster_project_count": 24,
        "hospitals_nearby_count": 57,
        "top_societies": "Shriram Blue (Luxury, TAM 400) | Sobha Lake Gardens (Super Luxury, TAM 507) | Prestige Shantiniketan (Ultra Luxury, TAM 2,552) | Green Edge Casero (Aspirational Premium, TAM 99) | Vaishno Spark (Aspirational Premium, TAM 146)",
        "top_hospitals": "Aster Women & Children Hospital (Ultra Premium, 10.1 min) | Aster Whitefield Hospital (Ultra Premium, 10.1 min) | Kinder Women's Hospital and Fertility Centre (Ultra Premium, 9.1 min) | RxDx Healthcare (Ultra Premium, 11.8 min) | Cloudnine Hospital - Whitefield (Ultra Premium, 18.7 min)",
        "quality_flags": "",
        "commute_score": 85.6,
        "commute_band": "Excellent commute convenience",
        "centroid_lat": 13.007927514308019,
        "centroid_lon": 77.73424835087951,
        "zone": "East"
      }
    },
    {
      "type": "Feature",
      "geometry": {
        "type": "Polygon",
        "coordinates": [
          [
            [
              77.5560392806423,
              12.93871419081567
            ],
            [
              77.55203715637984,
              12.951195852696246
            ],
            [
              77.53944918289585,
              12.953731270979132
            ],
            [
              77.5308648628625,
              12.943786420478702
            ],
            [
              77.53486679317479,
              12.931306262518286
            ],
            [
              77.54745323774935,
              12.928769451140624
            ],
            [
              77.5560392806423,
              12.93871419081567
            ]
          ]
        ]
      },
      "properties": {
        "rank": 76,
        "hex_id": "8760145a0ffffff",
        "name": "Swamy Vivekananda Ward-Deepanjali Nagara",
        "final_affluence_score": 57.5128,
        "affluence_tier": "Upper-Mid / Emerging Affluence",
        "spatial_relation": "local_signal",
        "confidence_score": 1.0,
        "countable_family_tam": 366.0,
        "direct_family_tam": 366.0,
        "direct_total_units": 430.0,
        "direct_luxury_society_tam": 366.0,
        "conservative_50l_plus_family_tam": 0.0,
        "conservative_50l_plus_share_of_direct_tam": 0.0,
        "estimated_40l_plus_family_tam_linear_25_50_split": 366.0,
        "estimated_40l_plus_share_linear_25_50_split": 1.0,
        "nearby_family_tam_weighted_context": 448.74,
        "society_cluster_tam_weighted_context_not_counted": 748.92,
        "market_price_per_sqft": 9848.163820366857,
        "refined_budget_segment": "Mid-Segment",
        "premium_candidate_score": 0.21552581679168173,
        "rental_yield_pct": 2.0,
        "yearly_appreciation_pct": 34.324,
        "society_score": 0.516836,
        "society_cluster_score": 0.617954,
        "hospital_score": 0.844276,
        "market_score": 0.670462,
        "sez_workplace_score": 0.255298,
        "habitability_score": 1.0,
        "habitability_class": "dense_habitable",
        "habitable_for_residential_tam": true,
        "societies_direct_count": 1,
        "societies_nearby_count": 5,
        "society_cluster_project_count": 11,
        "hospitals_nearby_count": 124,
        "top_societies": "Pride Enchanta (Luxury, TAM 366) | Prestige South Ridge (Luxury, TAM 128) | Sattva Divinity (Super Luxury, TAM 700) | Birla Apple Spire (Premium, TAM 128) | Sai Sumukha Telecom Clusters (Aspirational Premium, TAM 85)",
        "top_hospitals": "Cloudnine Hospital - Jayanagar (Ultra Premium, 9.3 min) | Kusuma Hospital (Ultra Premium, 1.7 min) | Aster RV Hospital (Ultra Premium, 12.7 min) | Apollo Speciality Hospitals (Ultra Premium, 9.1 min) | Rangadore Memorial Hospital (Ultra Premium, 7.6 min)",
        "quality_flags": "",
        "commute_score": 96.1,
        "commute_band": "Excellent commute convenience",
        "centroid_lat": 12.941250792313227,
        "centroid_lon": 77.54345128214575,
        "zone": "South-West"
      }
    },
    {
      "type": "Feature",
      "geometry": {
        "type": "Polygon",
        "coordinates": [
          [
            [
              77.68039360799987,
              13.065508705507735
            ],
            [
              77.67638928640046,
              13.07799564688489
            ],
            [
              77.66377955709052,
              13.08052935677789
            ],
            [
              77.65517567911537,
              13.070577511684107
            ],
            [
              77.65917981340942,
              13.058092063409074
            ],
            [
              77.67178801326469,
              13.055556967125689
            ],
            [
              77.68039360799987,
              13.065508705507735
            ]
          ]
        ]
      },
      "properties": {
        "rank": 77,
        "hex_id": "8761892c2ffffff",
        "name": "Doddagubbi",
        "final_affluence_score": 57.046,
        "affluence_tier": "Upper-Mid / Emerging Affluence",
        "spatial_relation": "local_signal",
        "confidence_score": 0.8667,
        "countable_family_tam": 1125.0,
        "direct_family_tam": 1171.0,
        "direct_total_units": 1377.0,
        "direct_luxury_society_tam": 1125.0,
        "conservative_50l_plus_family_tam": 0.0,
        "conservative_50l_plus_share_of_direct_tam": 0.0,
        "estimated_40l_plus_family_tam_linear_25_50_split": 1125.0,
        "estimated_40l_plus_share_linear_25_50_split": 0.9607,
        "nearby_family_tam_weighted_context": 1428.54,
        "society_cluster_tam_weighted_context_not_counted": 1948.66,
        "market_price_per_sqft": 6900.0,
        "refined_budget_segment": "Affordable",
        "premium_candidate_score": 0.02106470069814779,
        "rental_yield_pct": null,
        "yearly_appreciation_pct": null,
        "society_score": 0.733002,
        "society_cluster_score": 0.697154,
        "hospital_score": 0.632198,
        "market_score": 0.362696,
        "sez_workplace_score": 0.0,
        "habitability_score": 0.439357,
        "habitability_class": "sparse_habitable",
        "habitable_for_residential_tam": true,
        "societies_direct_count": 2,
        "societies_nearby_count": 7,
        "society_cluster_project_count": 8,
        "hospitals_nearby_count": 62,
        "top_societies": "Purva Palm Beach (Luxury, TAM 1,125) | Griha Unnathi (Aspirational Premium, TAM 46) | Rohan Upavan (Luxury, TAM 850) | Casagrand Boulevard (Super Luxury, TAM 128) | Pride Pegasus (Luxury, TAM 177)",
        "top_hospitals": "Cloudnine Hospital - HRBR (Ultra Premium, 14.0 min) | Trilife Hospital (Ultra Premium, 16.4 min) | Shishuka Children's Specialty Hospital (Ultra Premium, 14.2 min) | Cura Hospitals (Ultra Premium, 15.4 min) | Cloudnine Hospital (Super Premium, 11.0 min)",
        "quality_flags": "",
        "commute_score": 83.2,
        "commute_band": "Excellent commute convenience",
        "centroid_lat": 13.068043598151121,
        "centroid_lon": 77.66778385772747,
        "zone": "North-East"
      }
    },
    {
      "type": "Feature",
      "geometry": {
        "type": "Polygon",
        "coordinates": [
          [
            [
              77.62418652531942,
              12.983371772502588
            ],
            [
              77.62018351443085,
              12.99585739099901
            ],
            [
              77.60758462195614,
              12.998393718516281
            ],
            [
              77.59899026961779,
              12.988445816571021
            ],
            [
              77.60299309022385,
              12.975961697070938
            ],
            [
              77.61559045373052,
              12.97342398052109
            ],
            [
              77.62418652531942,
              12.983371772502588
            ]
          ]
        ]
      },
      "properties": {
        "rank": 78,
        "hex_id": "8761892e9ffffff",
        "name": "Pulakeshi Nagar-Vasanth Nagar",
        "final_affluence_score": 56.9945,
        "affluence_tier": "Upper-Mid / Emerging Affluence",
        "spatial_relation": "local_signal",
        "confidence_score": 1.0,
        "countable_family_tam": 173.0,
        "direct_family_tam": 173.0,
        "direct_total_units": 202.0,
        "direct_luxury_society_tam": 173.0,
        "conservative_50l_plus_family_tam": 173.0,
        "conservative_50l_plus_share_of_direct_tam": 1.0,
        "estimated_40l_plus_family_tam_linear_25_50_split": 173.0,
        "estimated_40l_plus_share_linear_25_50_split": 1.0,
        "nearby_family_tam_weighted_context": 227.5,
        "society_cluster_tam_weighted_context_not_counted": 444.36,
        "market_price_per_sqft": 7124.742320819112,
        "refined_budget_segment": "Premium",
        "premium_candidate_score": 0.3326182668611337,
        "rental_yield_pct": 1.8275193798449614,
        "yearly_appreciation_pct": 26.33503184713376,
        "society_score": 0.485409,
        "society_cluster_score": 0.584796,
        "hospital_score": 0.930653,
        "market_score": 0.603919,
        "sez_workplace_score": 0.376444,
        "habitability_score": 0.868534,
        "habitability_class": "dense_habitable",
        "habitable_for_residential_tam": true,
        "societies_direct_count": 3,
        "societies_nearby_count": 8,
        "society_cluster_project_count": 17,
        "hospitals_nearby_count": 178,
        "top_societies": "Belvedere Court (Super Luxury, TAM 128) | HM Grandeur (Ultra Luxury, TAM 31) | Nitesh Logos (Ultra Luxury, TAM 14) | Raheja Gardenia (Ultra Luxury, TAM 128) | Golden Orchids (Ultra Luxury, TAM 128)",
        "top_hospitals": "Vikram Aura Hospital (Ultra Premium, 6.0 min) | Manipal Hospital, Millers Road ( Vikram Hospitals ) (Ultra Premium, 5.3 min) | Fortis Hospital (Ultra Premium, 4.1 min) | Trilife Hospital (Ultra Premium, 9.6 min) | Cloudnine Hospital - Whitefield (Ultra Premium, 9.2 min)",
        "quality_flags": "",
        "commute_score": 95.0,
        "commute_band": "Excellent commute convenience",
        "centroid_lat": 12.985909282285938,
        "centroid_lon": 77.611587610053,
        "zone": "Central"
      }
    },
    {
      "type": "Feature",
      "geometry": {
        "type": "Polygon",
        "coordinates": [
          [
            [
              77.67579202367094,
              13.043069464979773
            ],
            [
              77.67178801326469,
              13.055556967125689
            ],
            [
              77.65917981340942,
              13.058092063409074
            ],
            [
              77.65057715350021,
              13.048141043904701
            ],
            [
              77.65458097637621,
              13.0356550359765
            ],
            [
              77.66718764697227,
              13.0331185533352
            ],
            [
              77.67579202367094,
              13.043069464979773
            ]
          ]
        ]
      },
      "properties": {
        "rank": 79,
        "hex_id": "8761892c0ffffff",
        "name": "Horamavu",
        "final_affluence_score": 56.7375,
        "affluence_tier": "Upper-Mid / Emerging Affluence",
        "spatial_relation": "local_signal",
        "confidence_score": 0.9333,
        "countable_family_tam": 850.0,
        "direct_family_tam": 850.0,
        "direct_total_units": 1000.0,
        "direct_luxury_society_tam": 850.0,
        "conservative_50l_plus_family_tam": 0.0,
        "conservative_50l_plus_share_of_direct_tam": 0.0,
        "estimated_40l_plus_family_tam_linear_25_50_split": 850.0,
        "estimated_40l_plus_share_linear_25_50_split": 1.0,
        "nearby_family_tam_weighted_context": 974.37,
        "society_cluster_tam_weighted_context_not_counted": 1321.41,
        "market_price_per_sqft": 4707.669966996699,
        "refined_budget_segment": "Affordable",
        "premium_candidate_score": 0.0,
        "rental_yield_pct": 3.0,
        "yearly_appreciation_pct": 9.0,
        "society_score": 0.665495,
        "society_cluster_score": 0.617964,
        "hospital_score": 0.768399,
        "market_score": 0.329195,
        "sez_workplace_score": 0.023981,
        "habitability_score": 0.549634,
        "habitability_class": "habitable",
        "habitable_for_residential_tam": true,
        "societies_direct_count": 1,
        "societies_nearby_count": 6,
        "society_cluster_project_count": 11,
        "hospitals_nearby_count": 87,
        "top_societies": "Rohan Upavan (Luxury, TAM 850) | Purva Palm Beach (Luxury, TAM 1,125) | Prestige Gulmohar (Premium, TAM 343) | Griha Unnathi (Aspirational Premium, TAM 46) | Nava Gokulam (Aspirational Premium, TAM 153)",
        "top_hospitals": "Cloudnine Hospital - HRBR (Ultra Premium, 6.4 min) | Trilife Hospital (Ultra Premium, 8.9 min) | Shishuka Children's Specialty Hospital (Ultra Premium, 9.8 min) | IIGU Hospital-Indus Institute of Gastro Uro (Ultra Premium, 7.0 min) | Cura Hospitals (Ultra Premium, 11.1 min)",
        "quality_flags": "",
        "commute_score": 86.1,
        "commute_band": "Excellent commute convenience",
        "centroid_lat": 13.045605743533349,
        "centroid_lon": 77.66318380270546,
        "zone": "North-East"
      }
    },
    {
      "type": "Feature",
      "geometry": {
        "type": "Polygon",
        "coordinates": [
          [
            [
              77.65561094056918,
              12.84852364013451
            ],
            [
              77.65160954280292,
              12.861017526808235
            ],
            [
              77.63901197762837,
              12.863565862032056
            ],
            [
              77.6304173379489,
              12.853621695209254
            ],
            [
              77.63441854731755,
              12.841129311475733
            ],
            [
              77.64701458504308,
              12.838579591627019
            ],
            [
              77.65561094056918,
              12.84852364013451
            ]
          ]
        ]
      },
      "properties": {
        "rank": 80,
        "hex_id": "876189263ffffff",
        "name": "Chikkathoguru-Maragondanahalli",
        "final_affluence_score": 56.6646,
        "affluence_tier": "Upper-Mid / Emerging Affluence",
        "spatial_relation": "local_signal",
        "confidence_score": 1.0,
        "countable_family_tam": 0.0,
        "direct_family_tam": 2165.0,
        "direct_total_units": 2548.0,
        "direct_luxury_society_tam": 0.0,
        "conservative_50l_plus_family_tam": 0.0,
        "conservative_50l_plus_share_of_direct_tam": 0.0,
        "estimated_40l_plus_family_tam_linear_25_50_split": 0.0,
        "estimated_40l_plus_share_linear_25_50_split": 0.0,
        "nearby_family_tam_weighted_context": 2328.27,
        "society_cluster_tam_weighted_context_not_counted": 2943.87,
        "market_price_per_sqft": 5285.3015873015875,
        "refined_budget_segment": "Affordable",
        "premium_candidate_score": 0.04852473951809904,
        "rental_yield_pct": 5.0,
        "yearly_appreciation_pct": 2.9,
        "society_score": 0.643213,
        "society_cluster_score": 0.706927,
        "hospital_score": 0.693681,
        "market_score": 0.374134,
        "sez_workplace_score": 0.259548,
        "habitability_score": 0.515491,
        "habitability_class": "habitable",
        "habitable_for_residential_tam": true,
        "societies_direct_count": 5,
        "societies_nearby_count": 10,
        "society_cluster_project_count": 18,
        "hospitals_nearby_count": 70,
        "top_societies": "Ittina Mahavir (Aspirational Premium, TAM 870) | Godrej E City (Aspirational Premium, TAM 731) | PSR Krish Kamal (Aspirational Premium, TAM 298) | Prestige Casabella (Aspirational Premium, TAM 178) | SNN Raj Neeladri (Aspirational Premium, TAM 88)",
        "top_hospitals": "Kauvery Hospitals (Ultra Premium, 4.9 min) | Cloudnine Hospital - Electronics City (Super Premium, 2.0 min) | Springleaf Healthcare (Ultra Premium, 6.0 min) | E City Hospitals (Super Premium, 3.0 min) | Lotus Multispeciality Center (Ultra Premium, 15.2 min)",
        "quality_flags": "",
        "commute_score": 90.1,
        "commute_band": "Excellent commute convenience",
        "centroid_lat": 12.851073152790413,
        "centroid_lon": 77.64301335365074,
        "zone": "South"
      }
    },
    {
      "type": "Feature",
      "geometry": {
        "type": "Polygon",
        "coordinates": [
          [
            [
              77.70902084362781,
              13.013011637611934
            ],
            [
              77.70501708312975,
              13.025503239333926
            ],
            [
              77.69240570127695,
              13.028042654980545
            ],
            [
              77.6837996089657,
              13.01809185244208
            ],
            [
              77.6878031837918,
              13.00560174460931
            ],
            [
              77.70041303688207,
              13.0030609454259
            ],
            [
              77.70902084362781,
              13.013011637611934
            ]
          ]
        ]
      },
      "properties": {
        "rank": 81,
        "hex_id": "8761892e2ffffff",
        "name": "T.C Palya-Bhattarahalli",
        "final_affluence_score": 56.5252,
        "affluence_tier": "Upper-Mid / Emerging Affluence",
        "spatial_relation": "local_signal",
        "confidence_score": 0.9,
        "countable_family_tam": 411.0,
        "direct_family_tam": 411.0,
        "direct_total_units": 483.0,
        "direct_luxury_society_tam": 411.0,
        "conservative_50l_plus_family_tam": 0.0,
        "conservative_50l_plus_share_of_direct_tam": 0.0,
        "estimated_40l_plus_family_tam_linear_25_50_split": 411.0,
        "estimated_40l_plus_share_linear_25_50_split": 1.0,
        "nearby_family_tam_weighted_context": 419.36,
        "society_cluster_tam_weighted_context_not_counted": 718.91,
        "market_price_per_sqft": 6874.0,
        "refined_budget_segment": "Affordable",
        "premium_candidate_score": 5.311609313402697e-05,
        "rental_yield_pct": null,
        "yearly_appreciation_pct": null,
        "society_score": 0.590039,
        "society_cluster_score": 0.598319,
        "hospital_score": 0.765481,
        "market_score": 0.338702,
        "sez_workplace_score": 0.663508,
        "habitability_score": 0.854704,
        "habitability_class": "dense_habitable",
        "habitable_for_residential_tam": true,
        "societies_direct_count": 1,
        "societies_nearby_count": 2,
        "society_cluster_project_count": 15,
        "hospitals_nearby_count": 77,
        "top_societies": "Monarch Aqua (Luxury, TAM 411) | Pashmina Waterfront (Ultra Luxury, TAM 128)",
        "top_hospitals": "Altor Hospital (Super Premium, 1.9 min) | Aster Women & Children Hospital (Ultra Premium, 12.6 min) | Cloudnine Hospital - HRBR (Ultra Premium, 12.2 min) | Aster Whitefield Hospital (Ultra Premium, 12.6 min) | Cloudnine Hospital - Whitefield (Ultra Premium, 12.8 min)",
        "quality_flags": "",
        "commute_score": 89.1,
        "commute_band": "Excellent commute convenience",
        "centroid_lat": 13.015552233603552,
        "centroid_lon": 77.69640944175828,
        "zone": "North-East"
      }
    },
    {
      "type": "Feature",
      "geometry": {
        "type": "Polygon",
        "coordinates": [
          [
            [
              77.75147430443855,
              13.027831253690323
            ],
            [
              77.74747017606435,
              13.040325839346691
            ],
            [
              77.73485256266676,
              13.042866806913848
            ],
            [
              77.72624060657571,
              13.03291456960263
            ],
            [
              77.7302445515902,
              13.020421475272244
            ],
            [
              77.74286063633697,
              13.0178791269266
            ],
            [
              77.75147430443855,
              13.027831253690323
            ]
          ]
        ]
      },
      "properties": {
        "rank": 82,
        "hex_id": "8761892f4ffffff",
        "name": "Bidare Agrahara",
        "final_affluence_score": 56.4565,
        "affluence_tier": "Upper-Mid / Emerging Affluence",
        "spatial_relation": "local_signal",
        "confidence_score": 0.8667,
        "countable_family_tam": 946.0,
        "direct_family_tam": 946.0,
        "direct_total_units": 1113.0,
        "direct_luxury_society_tam": 946.0,
        "conservative_50l_plus_family_tam": 0.0,
        "conservative_50l_plus_share_of_direct_tam": 0.0,
        "estimated_40l_plus_family_tam_linear_25_50_split": 946.0,
        "estimated_40l_plus_share_linear_25_50_split": 1.0,
        "nearby_family_tam_weighted_context": 1070.21,
        "society_cluster_tam_weighted_context_not_counted": 1835.38,
        "market_price_per_sqft": 5489.0,
        "refined_budget_segment": "Mid-Segment",
        "premium_candidate_score": 0.0,
        "rental_yield_pct": null,
        "yearly_appreciation_pct": null,
        "society_score": 0.714275,
        "society_cluster_score": 0.763848,
        "hospital_score": 0.558056,
        "market_score": 0.289317,
        "sez_workplace_score": 0.0,
        "habitability_score": 0.423236,
        "habitability_class": "sparse_habitable",
        "habitable_for_residential_tam": true,
        "societies_direct_count": 1,
        "societies_nearby_count": 5,
        "society_cluster_project_count": 20,
        "hospitals_nearby_count": 47,
        "top_societies": "Sumadhura Eden Garden (Luxury, TAM 946) | Concorde Auriga (Premium, TAM 426) | Shriram Blue (Luxury, TAM 400) | Sattva East Crest (Premium, TAM 567) | Ruchira Iris (Aspirational Premium, TAM 176)",
        "top_hospitals": "Aster Women & Children Hospital (Ultra Premium, 17.3 min) | Aster Whitefield Hospital (Ultra Premium, 17.3 min) | Kinder Women's Hospital and Fertility Centre (Ultra Premium, 16.3 min) | RxDx Healthcare (Ultra Premium, 19.0 min) | Altor Hospital (Super Premium, 9.7 min)",
        "quality_flags": "",
        "commute_score": 85.8,
        "commute_band": "Excellent commute convenience",
        "centroid_lat": 13.030373400636345,
        "centroid_lon": 77.73885667241535,
        "zone": "North-East"
      }
    },
    {
      "type": "Feature",
      "geometry": {
        "type": "Polygon",
        "coordinates": [
          [
            [
              77.5835636623201,
              13.073282088108456
            ],
            [
              77.57955966416368,
              13.085760429825562
            ],
            [
              77.56696251308337,
              13.088287488726007
            ],
            [
              77.55837089053102,
              13.078337599229632
            ],
            [
              77.56237469607154,
              13.065860754755194
            ],
            [
              77.57497031705977,
              13.063332302535443
            ],
            [
              77.5835636623201,
              13.073282088108456
            ]
          ]
        ]
      },
      "properties": {
        "rank": 83,
        "hex_id": "876016965ffffff",
        "name": "Thindlu-Vidyaranyapura",
        "final_affluence_score": 56.1748,
        "affluence_tier": "Upper-Mid / Emerging Affluence",
        "spatial_relation": "local_signal",
        "confidence_score": 1.0,
        "countable_family_tam": 0.0,
        "direct_family_tam": 1208.0,
        "direct_total_units": 1422.0,
        "direct_luxury_society_tam": 0.0,
        "conservative_50l_plus_family_tam": 0.0,
        "conservative_50l_plus_share_of_direct_tam": 0.0,
        "estimated_40l_plus_family_tam_linear_25_50_split": 0.0,
        "estimated_40l_plus_share_linear_25_50_split": 0.0,
        "nearby_family_tam_weighted_context": 1253.36,
        "society_cluster_tam_weighted_context_not_counted": 1507.32,
        "market_price_per_sqft": 6469.0,
        "refined_budget_segment": "Mid-Segment",
        "premium_candidate_score": 0.00025722957522466455,
        "rental_yield_pct": null,
        "yearly_appreciation_pct": null,
        "society_score": 0.633337,
        "society_cluster_score": 0.590821,
        "hospital_score": 0.743351,
        "market_score": 0.366414,
        "sez_workplace_score": 0.004349,
        "habitability_score": 0.667725,
        "habitability_class": "habitable",
        "habitable_for_residential_tam": true,
        "societies_direct_count": 3,
        "societies_nearby_count": 8,
        "society_cluster_project_count": 16,
        "hospitals_nearby_count": 85,
        "top_societies": "Alpine Pyramid (Aspirational Premium, TAM 480) | Prestige Willow Tree (Aspirational Premium, TAM 383) | Sushantham Phase 1 (Aspirational Premium, TAM 345) | G Corp Mahalakshmi (Super Luxury, TAM 128) | Fortuna Acacia (Premium, TAM 94)",
        "top_hospitals": "Aster CMI Hospital (Ultra Premium, 7.6 min) | Mind and Brain hospital (Ultra Premium, 5.1 min) | People Tree Hospitals (Ultra Premium, 12.8 min) | Aveksha Hospital (Ultra Premium, 6.2 min) | Medstar Speciality Hospital (Ultra Premium, 5.7 min)",
        "quality_flags": "",
        "commute_score": 88.5,
        "commute_band": "Excellent commute convenience",
        "centroid_lat": 13.075810333106356,
        "centroid_lon": 77.57096648710527,
        "zone": "North"
      }
    },
    {
      "type": "Feature",
      "geometry": {
        "type": "Polygon",
        "coordinates": [
          [
            [
              77.57721783854912,
              12.946122094829187
            ],
            [
              77.57321552148336,
              12.958605259360855
            ],
            [
              77.56062441582668,
              12.961141442428561
            ],
            [
              77.55203715637984,
              12.951195852696246
            ],
            [
              77.5560392806423,
              12.93871419081567
            ],
            [
              77.56862885743394,
              12.936176616018486
            ],
            [
              77.57721783854912,
              12.946122094829187
            ]
          ]
        ]
      },
      "properties": {
        "rank": 84,
        "hex_id": "8760145a6ffffff",
        "name": "Kempambudhi Ward-N.R Colony",
        "final_affluence_score": 56.0593,
        "affluence_tier": "Upper-Mid / Emerging Affluence",
        "spatial_relation": "local_signal",
        "confidence_score": 1.0,
        "countable_family_tam": 532.0,
        "direct_family_tam": 617.0,
        "direct_total_units": 724.0,
        "direct_luxury_society_tam": 404.0,
        "conservative_50l_plus_family_tam": 276.0,
        "conservative_50l_plus_share_of_direct_tam": 0.4473,
        "estimated_40l_plus_family_tam_linear_25_50_split": 532.0,
        "estimated_40l_plus_share_linear_25_50_split": 0.8622,
        "nearby_family_tam_weighted_context": 676.99,
        "society_cluster_tam_weighted_context_not_counted": 803.09,
        "market_price_per_sqft": 5827.931279620854,
        "refined_budget_segment": "Mid-Segment",
        "premium_candidate_score": 0.07678804409556307,
        "rental_yield_pct": null,
        "yearly_appreciation_pct": null,
        "society_score": 0.58755,
        "society_cluster_score": 0.62396,
        "hospital_score": 0.900982,
        "market_score": 0.410117,
        "sez_workplace_score": 0.08225,
        "habitability_score": 0.999737,
        "habitability_class": "dense_habitable",
        "habitable_for_residential_tam": true,
        "societies_direct_count": 6,
        "societies_nearby_count": 10,
        "society_cluster_project_count": 13,
        "hospitals_nearby_count": 140,
        "top_societies": "Swamy Towers (Ultra Luxury, TAM 128) | Brigade Vintage (Super Luxury, TAM 128) | Bombay House (Luxury, TAM 128) | Brigade Park View (Premium, TAM 128) | Fateh Perfecta Charisma (Super Luxury, TAM 20)",
        "top_hospitals": "Cloudnine Hospital - Jayanagar (Ultra Premium, 6.0 min) | Rangadore Memorial Hospital (Ultra Premium, 2.4 min) | Apollo Speciality Hospitals (Ultra Premium, 5.9 min) | Sagar Chandramma Hospitals (Super Premium, 2.5 min) | Aster RV Hospital (Ultra Premium, 12.2 min)",
        "quality_flags": "",
        "commute_score": 94.2,
        "commute_band": "Excellent commute convenience",
        "centroid_lat": 12.948659460635453,
        "centroid_lon": 77.56462670857054,
        "zone": "Central"
      }
    },
    {
      "type": "Feature",
      "geometry": {
        "type": "Polygon",
        "coordinates": [
          [
            [
              77.67860086906154,
              12.960720773172516
            ],
            [
              77.67459791621893,
              12.973211979054092
            ],
            [
              77.66199271086889,
              12.97575339049564
            ],
            [
              77.65339198706756,
              12.96580498089541
            ],
            [
              77.65739475263413,
              12.953315272407584
            ],
            [
              77.66999842955849,
              12.950772476127161
            ],
            [
              77.67860086906154,
              12.960720773172516
            ]
          ]
        ]
      },
      "properties": {
        "rank": 85,
        "hex_id": "876189252ffffff",
        "name": "Jeevan Bhimanagar-L.B Shastri Nagar",
        "final_affluence_score": 55.9281,
        "affluence_tier": "Upper-Mid / Emerging Affluence",
        "spatial_relation": "local_signal",
        "confidence_score": 1.0,
        "countable_family_tam": 201.0,
        "direct_family_tam": 550.0,
        "direct_total_units": 646.0,
        "direct_luxury_society_tam": 201.0,
        "conservative_50l_plus_family_tam": 201.0,
        "conservative_50l_plus_share_of_direct_tam": 0.3655,
        "estimated_40l_plus_family_tam_linear_25_50_split": 201.0,
        "estimated_40l_plus_share_linear_25_50_split": 0.3655,
        "nearby_family_tam_weighted_context": 571.47,
        "society_cluster_tam_weighted_context_not_counted": 1035.68,
        "market_price_per_sqft": 5873.975257731958,
        "refined_budget_segment": "Affordable",
        "premium_candidate_score": 0.0974360936947182,
        "rental_yield_pct": 2.0,
        "yearly_appreciation_pct": 67.3,
        "society_score": 0.549821,
        "society_cluster_score": 0.677426,
        "hospital_score": 0.896376,
        "market_score": 0.388059,
        "sez_workplace_score": 0.476695,
        "habitability_score": 0.919233,
        "habitability_class": "dense_habitable",
        "habitable_for_residential_tam": true,
        "societies_direct_count": 4,
        "societies_nearby_count": 6,
        "society_cluster_project_count": 17,
        "hospitals_nearby_count": 134,
        "top_societies": "Godrej Athena (Ultra Luxury, TAM 128) | Salarpuria Splendor (Super Luxury, TAM 73) | Adithya Soigne (Aspirational Premium, TAM 221) | SMR Vinay Cascades (Aspirational Premium, TAM 128) | IBC Golden Enclave (Super Luxury, TAM 128)",
        "top_hospitals": "Manipal Hospitals Old Airport Road (Ultra Premium, 4.7 min) | Cloudnine Hospital - Whitefield (Ultra Premium, 6.4 min) | Sakra World Hospital (Ultra Premium, 13.5 min) | Manipal Clinic Indiranagar (Ultra Premium, 7.9 min) | Vikram Aura Hospital (Ultra Premium, 14.8 min)",
        "quality_flags": "",
        "commute_score": 91.5,
        "commute_band": "Excellent commute convenience",
        "centroid_lat": 12.96326336447476,
        "centroid_lon": 77.66599564270464,
        "zone": "East"
      }
    },
    {
      "type": "Feature",
      "geometry": {
        "type": "Polygon",
        "coordinates": [
          [
            [
              77.58004900576243,
              12.863806161764774
            ],
            [
              77.57604774464342,
              12.876292976607806
            ],
            [
              77.56345962307482,
              12.878835486959629
            ],
            [
              77.55487429093682,
              12.868892572658837
            ],
            [
              77.55887535951022,
              12.856407263632107
            ],
            [
              77.5714619530461,
              12.853863363092751
            ],
            [
              77.58004900576243,
              12.863806161764774
            ]
          ]
        ]
      },
      "properties": {
        "rank": 86,
        "hex_id": "87618924dffffff",
        "name": "Anjanapura-Harinagar",
        "final_affluence_score": 55.1402,
        "affluence_tier": "Upper-Mid / Emerging Affluence",
        "spatial_relation": "local_signal",
        "confidence_score": 0.9,
        "countable_family_tam": 0.0,
        "direct_family_tam": 346.0,
        "direct_total_units": 407.0,
        "direct_luxury_society_tam": 0.0,
        "conservative_50l_plus_family_tam": 0.0,
        "conservative_50l_plus_share_of_direct_tam": 0.0,
        "estimated_40l_plus_family_tam_linear_25_50_split": 0.0,
        "estimated_40l_plus_share_linear_25_50_split": 0.0,
        "nearby_family_tam_weighted_context": 351.6,
        "society_cluster_tam_weighted_context_not_counted": 1111.02,
        "market_price_per_sqft": 9510.456034482757,
        "refined_budget_segment": "Mid-Segment",
        "premium_candidate_score": 0.08412056864208389,
        "rental_yield_pct": 2.1333333333333333,
        "yearly_appreciation_pct": 26.187216681776974,
        "society_score": 0.470233,
        "society_cluster_score": 0.722751,
        "hospital_score": 0.712816,
        "market_score": 0.638254,
        "sez_workplace_score": 0.016392,
        "habitability_score": 0.599199,
        "habitability_class": "habitable",
        "habitable_for_residential_tam": true,
        "societies_direct_count": 1,
        "societies_nearby_count": 2,
        "society_cluster_project_count": 13,
        "hospitals_nearby_count": 83,
        "top_societies": "Arya Hamsa Grande (Aspirational Premium, TAM 346) | JCSV Pride (Aspirational Premium, TAM 68)",
        "top_hospitals": "Aster RV Hospital (Ultra Premium, 12.8 min) | DHEE Hospitals (Ultra Premium, 8.5 min) | Apollo Hospital (Ultra Premium, 11.8 min) | Fortis Hospital (Ultra Premium, 12.0 min) | Astra Superspeciality Hospital (Super Premium, 6.1 min)",
        "quality_flags": "",
        "commute_score": 90.2,
        "commute_band": "Excellent commute convenience",
        "centroid_lat": 12.866349852440369,
        "centroid_lon": 77.56746085997747,
        "zone": "South"
      }
    },
    {
      "type": "Feature",
      "geometry": {
        "type": "Polygon",
        "coordinates": [
          [
            [
              77.59274569775081,
              13.118140257669552
            ],
            [
              77.5887410750114,
              13.130617463326844
            ],
            [
              77.57614086315598,
              13.133141735494771
            ],
            [
              77.5675468048057,
              13.123190195387249
            ],
            [
              77.57155123537515,
              13.110714484739125
            ],
            [
              77.58414991674455,
              13.108188819189806
            ],
            [
              77.59274569775081,
              13.118140257669552
            ]
          ]
        ]
      },
      "properties": {
        "rank": 87,
        "hex_id": "876016962ffffff",
        "name": "Raja Kempegowda Ward",
        "final_affluence_score": 54.9505,
        "affluence_tier": "Mixed / Watchlist",
        "spatial_relation": "local_signal",
        "confidence_score": 0.8667,
        "countable_family_tam": 1027.0,
        "direct_family_tam": 1340.0,
        "direct_total_units": 1575.0,
        "direct_luxury_society_tam": 1027.0,
        "conservative_50l_plus_family_tam": 1027.0,
        "conservative_50l_plus_share_of_direct_tam": 0.7664,
        "estimated_40l_plus_family_tam_linear_25_50_split": 1027.0,
        "estimated_40l_plus_share_linear_25_50_split": 0.7664,
        "nearby_family_tam_weighted_context": 1399.25,
        "society_cluster_tam_weighted_context_not_counted": 1780.06,
        "market_price_per_sqft": 4152.0,
        "refined_budget_segment": "Mid-Segment",
        "premium_candidate_score": 0.0,
        "rental_yield_pct": null,
        "yearly_appreciation_pct": null,
        "society_score": 0.686825,
        "society_cluster_score": 0.750551,
        "hospital_score": 0.486762,
        "market_score": 0.195342,
        "sez_workplace_score": 0.952387,
        "habitability_score": 0.385472,
        "habitability_class": "sparse_habitable",
        "habitable_for_residential_tam": true,
        "societies_direct_count": 6,
        "societies_nearby_count": 8,
        "society_cluster_project_count": 14,
        "hospitals_nearby_count": 35,
        "top_societies": "NCC Urban Nagarjuna Meadows 2 (Super Luxury, TAM 444) | Sobha Althea (Ultra Luxury, TAM 150) | NCC Urban Mayfair (Super Luxury, TAM 305) | Prestige Monte Carlo (Super Luxury, TAM 128) | Veracious Vani Vilas (Aspirational Premium, TAM 221)",
        "top_hospitals": "Maarga (Ultra Premium, 6.1 min) | Aster CMI Hospital (Ultra Premium, 16.1 min) | Mind and Brain hospital (Ultra Premium, 16.4 min) | Manipal Hospital (Super Premium, 11.3 min) | Aveksha Hospital (Ultra Premium, 14.7 min)",
        "quality_flags": "",
        "commute_score": 82.0,
        "commute_band": "Excellent commute convenience",
        "centroid_lat": 13.120665716889533,
        "centroid_lon": 77.58014546205425,
        "zone": "North"
      }
    },
    {
      "type": "Feature",
      "geometry": {
        "type": "Polygon",
        "coordinates": [
          [
            [
              77.57263086238557,
              12.923692909856529
            ],
            [
              77.56862885743394,
              12.936176616018486
            ],
            [
              77.5560392806423,
              12.93871419081567
            ],
            [
              77.54745323774935,
              12.928769451140624
            ],
            [
              77.55145504967537,
              12.916287248739732
            ],
            [
              77.56404309779887,
              12.91374828225525
            ],
            [
              77.57263086238557,
              12.923692909856529
            ]
          ]
        ]
      },
      "properties": {
        "rank": 88,
        "hex_id": "8760145a4ffffff",
        "name": "Padmanabhanagara-Kathriguppe",
        "final_affluence_score": 54.7468,
        "affluence_tier": "Mixed / Watchlist",
        "spatial_relation": "local_signal",
        "confidence_score": 1.0,
        "countable_family_tam": 0.0,
        "direct_family_tam": 128.0,
        "direct_total_units": 150.0,
        "direct_luxury_society_tam": 0.0,
        "conservative_50l_plus_family_tam": 0.0,
        "conservative_50l_plus_share_of_direct_tam": 0.0,
        "estimated_40l_plus_family_tam_linear_25_50_split": 0.0,
        "estimated_40l_plus_share_linear_25_50_split": 0.0,
        "nearby_family_tam_weighted_context": 178.2,
        "society_cluster_tam_weighted_context_not_counted": 612.68,
        "market_price_per_sqft": 9247.72621641249,
        "refined_budget_segment": "Premium",
        "premium_candidate_score": 0.3303534975916167,
        "rental_yield_pct": 1.3433922996878251,
        "yearly_appreciation_pct": 15.356865464632456,
        "society_score": 0.365716,
        "society_cluster_score": 0.596603,
        "hospital_score": 0.86757,
        "market_score": 0.738461,
        "sez_workplace_score": 0.381373,
        "habitability_score": 1.0,
        "habitability_class": "dense_habitable",
        "habitable_for_residential_tam": true,
        "societies_direct_count": 1,
        "societies_nearby_count": 6,
        "society_cluster_project_count": 26,
        "hospitals_nearby_count": 133,
        "top_societies": "Sree Giri Residency (Aspirational Premium, TAM 128) | Pramuk MM Meridian (Ultra Luxury, TAM 111) | Bombay House (Luxury, TAM 128) | Prestige South Ridge (Luxury, TAM 128) | Nanda Kanaka Ecstasy (Aspirational Premium, TAM 128)",
        "top_hospitals": "Aster RV Hospital (Ultra Premium, 7.1 min) | Cloudnine Hospital - Jayanagar (Ultra Premium, 7.0 min) | Apollo Speciality Hospitals (Ultra Premium, 6.8 min) | Cadabams Hospitals (Ultra Premium, 8.1 min) | Fortis Hospital (Ultra Premium, 11.9 min)",
        "quality_flags": "",
        "commute_score": 95.6,
        "commute_band": "Excellent commute convenience",
        "centroid_lat": 12.926231666909041,
        "centroid_lon": 77.56004126112575,
        "zone": "South-West"
      }
    },
    {
      "type": "Feature",
      "geometry": {
        "type": "Polygon",
        "coordinates": [
          [
            [
              77.6878031837918,
              13.00560174460931
            ],
            [
              77.6837996089657,
              13.01809185244208
            ],
            [
              77.67119134617862,
              13.020630494093407
            ],
            [
              77.6625881873144,
              13.010680412825707
            ],
            [
              77.66659157531416,
              12.998191800161356
            ],
            [
              77.67919830928513,
              12.99565177359669
            ],
            [
              77.6878031837918,
              13.00560174460931
            ]
          ]
        ]
      },
      "properties": {
        "rank": 89,
        "hex_id": "8761892e3ffffff",
        "name": "K.S. Nissar Ahmed Ward",
        "final_affluence_score": 54.6964,
        "affluence_tier": "Mixed / Watchlist",
        "spatial_relation": "local_signal",
        "confidence_score": 0.92,
        "countable_family_tam": 169.0,
        "direct_family_tam": 297.0,
        "direct_total_units": 349.0,
        "direct_luxury_society_tam": 0.0,
        "conservative_50l_plus_family_tam": 0.0,
        "conservative_50l_plus_share_of_direct_tam": 0.0,
        "estimated_40l_plus_family_tam_linear_25_50_split": 169.0,
        "estimated_40l_plus_share_linear_25_50_split": 0.569,
        "nearby_family_tam_weighted_context": 321.97,
        "society_cluster_tam_weighted_context_not_counted": 571.5,
        "market_price_per_sqft": 9360.341778440139,
        "refined_budget_segment": "Mid-Segment",
        "premium_candidate_score": 0.16732495413099638,
        "rental_yield_pct": 5.0,
        "yearly_appreciation_pct": 28.1,
        "society_score": 0.430755,
        "society_cluster_score": 0.531855,
        "hospital_score": 0.827137,
        "market_score": 0.707551,
        "sez_workplace_score": 0.53247,
        "habitability_score": 0.980079,
        "habitability_class": "dense_habitable",
        "habitable_for_residential_tam": true,
        "societies_direct_count": 2,
        "societies_nearby_count": 4,
        "society_cluster_project_count": 12,
        "hospitals_nearby_count": 101,
        "top_societies": "V Classic (Premium, TAM 169) | Petra Park (Aspirational Premium, TAM 128) | Sattva Magnificia (Ultra Luxury, TAM 128) | Rakesh Fantasy Garden (Aspirational Premium, TAM 128)",
        "top_hospitals": "Cloudnine Hospital - HRBR (Ultra Premium, 5.4 min) | Trilife Hospital (Ultra Premium, 7.6 min) | Cloudnine Hospital - Whitefield (Ultra Premium, 9.6 min) | Surgecare Super Speciality Hospital (Ultra Premium, 3.2 min) | IIGU Hospital-Indus Institute of Gastro Uro (Ultra Premium, 5.7 min)",
        "quality_flags": "",
        "commute_score": 96.1,
        "commute_band": "Excellent commute convenience",
        "centroid_lat": 13.0081415670873,
        "centroid_lon": 77.67519490029329,
        "zone": "North-East"
      }
    },
    {
      "type": "Feature",
      "geometry": {
        "type": "Polygon",
        "coordinates": [
          [
            [
              77.59663986819682,
              12.848772652120452
            ],
            [
              77.5926387273725,
              12.861261500667666
            ],
            [
              77.58004900576243,
              12.863806161764774
            ],
            [
              77.5714619530461,
              12.853863363092751
            ],
            [
              77.5754629022494,
              12.841376020198334
            ],
            [
              77.58805109606908,
              12.83882997032599
            ],
            [
              77.59663986819682,
              12.848772652120452
            ]
          ]
        ]
      },
      "properties": {
        "rank": 90,
        "hex_id": "87618926bffffff",
        "name": "Anjanapura-Doddakammanahalli",
        "final_affluence_score": 54.259,
        "affluence_tier": "Mixed / Watchlist",
        "spatial_relation": "local_signal",
        "confidence_score": 1.0,
        "countable_family_tam": 619.0,
        "direct_family_tam": 687.0,
        "direct_total_units": 808.0,
        "direct_luxury_society_tam": 498.0,
        "conservative_50l_plus_family_tam": 498.0,
        "conservative_50l_plus_share_of_direct_tam": 0.7249,
        "estimated_40l_plus_family_tam_linear_25_50_split": 619.0,
        "estimated_40l_plus_share_linear_25_50_split": 0.901,
        "nearby_family_tam_weighted_context": 745.63,
        "society_cluster_tam_weighted_context_not_counted": 1044.11,
        "market_price_per_sqft": 4199.510835913313,
        "refined_budget_segment": "Mid-Segment",
        "premium_candidate_score": 0.0,
        "rental_yield_pct": null,
        "yearly_appreciation_pct": null,
        "society_score": 0.68797,
        "society_cluster_score": 0.664007,
        "hospital_score": 0.396515,
        "market_score": 0.334519,
        "sez_workplace_score": 0.560076,
        "habitability_score": 0.610744,
        "habitability_class": "habitable",
        "habitable_for_residential_tam": true,
        "societies_direct_count": 3,
        "societies_nearby_count": 5,
        "society_cluster_project_count": 14,
        "hospitals_nearby_count": 25,
        "top_societies": "Prestige Park Square (Super Luxury, TAM 498) | Jains Aashraya (Premium, TAM 121) | JCSV Pride (Aspirational Premium, TAM 68) | Arya Hamsa Grande (Aspirational Premium, TAM 346) | Damden Zephyr (Aspirational Premium, TAM 94)",
        "top_hospitals": "Kauvery Hospitals (Ultra Premium, 19.0 min) | Springleaf Healthcare (Ultra Premium, 17.6 min) | Lotus Multispeciality Center (Ultra Premium, 29.0 min) | Apollo Cradle & Children's Hospital (Super Premium, 19.1 min) | Greenview Medical Center (Ultra Premium, 30.2 min)",
        "quality_flags": "",
        "commute_score": 77.8,
        "commute_band": "Strong commute convenience",
        "centroid_lat": 12.851318492576846,
        "centroid_lon": 77.58405012291475,
        "zone": "South"
      }
    },
    {
      "type": "Feature",
      "geometry": {
        "type": "Polygon",
        "coordinates": [
          [
            [
              77.6934131193776,
              12.84086928112883
            ],
            [
              77.68941165885624,
              12.853366697194303
            ],
            [
              77.67680938434218,
              12.855917944350958
            ],
            [
              77.66821009777998,
              12.84597315727976
            ],
            [
              77.67221137198204,
              12.833477242707943
            ],
            [
              77.68481211934588,
              12.830924613715538
            ],
            [
              77.6934131193776,
              12.84086928112883
            ]
          ]
        ]
      },
      "properties": {
        "rank": 91,
        "hex_id": "876189266ffffff",
        "name": "Gulimangala-Veerasandra",
        "final_affluence_score": 53.9901,
        "affluence_tier": "Mixed / Watchlist",
        "spatial_relation": "local_signal",
        "confidence_score": 0.9333,
        "countable_family_tam": 128.0,
        "direct_family_tam": 656.0,
        "direct_total_units": 771.0,
        "direct_luxury_society_tam": 128.0,
        "conservative_50l_plus_family_tam": 128.0,
        "conservative_50l_plus_share_of_direct_tam": 0.1951,
        "estimated_40l_plus_family_tam_linear_25_50_split": 128.0,
        "estimated_40l_plus_share_linear_25_50_split": 0.1951,
        "nearby_family_tam_weighted_context": 867.87,
        "society_cluster_tam_weighted_context_not_counted": 1755.43,
        "market_price_per_sqft": 10679.09881422925,
        "refined_budget_segment": "Premium",
        "premium_candidate_score": 0.46454490933227766,
        "rental_yield_pct": null,
        "yearly_appreciation_pct": null,
        "society_score": 0.585057,
        "society_cluster_score": 0.700145,
        "hospital_score": 0.578246,
        "market_score": 0.603772,
        "sez_workplace_score": 0.007147,
        "habitability_score": 0.631129,
        "habitability_class": "habitable",
        "habitable_for_residential_tam": true,
        "societies_direct_count": 3,
        "societies_nearby_count": 8,
        "society_cluster_project_count": 17,
        "hospitals_nearby_count": 51,
        "top_societies": "SNN Raj Greenbay (Ultra Luxury, TAM 128) | Ajmera Nucleus (Aspirational Premium, TAM 299) | Pramuk Aqua Heights (Aspirational Premium, TAM 229) | The Lake View Address (Super Luxury, TAM 128) | Kolte Patil I Towers Exente (Aspirational Premium, TAM 372)",
        "top_hospitals": "Kauvery Hospitals (Ultra Premium, 7.6 min) | Springleaf Healthcare (Ultra Premium, 3.9 min) | E City Hospitals (Super Premium, 7.6 min) | Apollo Cradle & Children's Hospital (Super Premium, 10.3 min) | Cloudnine Hospital - Electronics City (Super Premium, 10.1 min)",
        "quality_flags": "",
        "commute_score": 91.9,
        "commute_band": "Excellent commute convenience",
        "centroid_lat": 12.843421704264816,
        "centroid_lon": 77.68081082435808,
        "zone": "South-East"
      }
    },
    {
      "type": "Feature",
      "geometry": {
        "type": "Polygon",
        "coordinates": [
          [
            [
              77.77549600843577,
              12.952845578709313
            ],
            [
              77.77149275628796,
              12.96534534681966
            ],
            [
              77.75887503313105,
              12.967893383404489
            ],
            [
              77.75026209016245,
              12.95794302975336
            ],
            [
              77.75426516035898,
              12.945444754854865
            ],
            [
              77.76688135575704,
              12.942895340395554
            ],
            [
              77.77549600843577,
              12.952845578709313
            ]
          ]
        ]
      },
      "properties": {
        "rank": 92,
        "hex_id": "876189203ffffff",
        "name": "Hagaduru",
        "final_affluence_score": 53.4592,
        "affluence_tier": "Mixed / Watchlist",
        "spatial_relation": "local_signal",
        "confidence_score": 0.8667,
        "countable_family_tam": 403.0,
        "direct_family_tam": 403.0,
        "direct_total_units": 474.0,
        "direct_luxury_society_tam": 403.0,
        "conservative_50l_plus_family_tam": 0.0,
        "conservative_50l_plus_share_of_direct_tam": 0.0,
        "estimated_40l_plus_family_tam_linear_25_50_split": 403.0,
        "estimated_40l_plus_share_linear_25_50_split": 1.0,
        "nearby_family_tam_weighted_context": 479.43,
        "society_cluster_tam_weighted_context_not_counted": 803.52,
        "market_price_per_sqft": 4580.0,
        "refined_budget_segment": "Mid-Segment",
        "premium_candidate_score": 0.0,
        "rental_yield_pct": 3.0,
        "yearly_appreciation_pct": null,
        "society_score": 0.591423,
        "society_cluster_score": 0.607687,
        "hospital_score": 0.609941,
        "market_score": 0.322527,
        "sez_workplace_score": 0.539034,
        "habitability_score": 0.383273,
        "habitability_class": "sparse_habitable",
        "habitable_for_residential_tam": true,
        "societies_direct_count": 1,
        "societies_nearby_count": 7,
        "society_cluster_project_count": 16,
        "hospitals_nearby_count": 36,
        "top_societies": "Orchid Whitefield (Luxury, TAM 403) | Sobha Rose (Super Luxury, TAM 128) | Brigade Cosmopolis (Ultra Luxury, TAM 128) | DSR Green Fields (Luxury, TAM 189) | Midtown Opulent (Aspirational Premium, TAM 190)",
        "top_hospitals": "Aster Women & Children Hospital (Ultra Premium, 15.6 min) | Aster Whitefield Hospital (Ultra Premium, 15.6 min) | Kauvery Hospital (Ultra Premium, 13.2 min) | RxDx Healthcare (Ultra Premium, 9.5 min) | Cloudnine Hospital (Super Premium, 7.8 min)",
        "quality_flags": "",
        "commute_score": 86.7,
        "commute_band": "Excellent commute convenience",
        "centroid_lat": 12.955394791767532,
        "centroid_lon": 77.76287826745089,
        "zone": "East"
      }
    },
    {
      "type": "Feature",
      "geometry": {
        "type": "Polygon",
        "coordinates": [
          [
            [
              77.57614086315598,
              13.133141735494771
            ],
            [
              77.57213612008105,
              13.145616873732235
            ],
            [
              77.55953751147317,
              13.148138976699245
            ],
            [
              77.55094517694859,
              13.138187336210363
            ],
            [
              77.55494972692668,
              13.12571369313531
            ],
            [
              77.5675468048057,
              13.123190195387249
            ],
            [
              77.57614086315598,
              13.133141735494771
            ]
          ]
        ]
      },
      "properties": {
        "rank": 93,
        "hex_id": "876016944ffffff",
        "name": "Shinganayakanahalli",
        "final_affluence_score": 53.0989,
        "affluence_tier": "Mixed / Watchlist",
        "spatial_relation": "local_signal",
        "confidence_score": 0.8667,
        "countable_family_tam": 894.0,
        "direct_family_tam": 2740.0,
        "direct_total_units": 3224.0,
        "direct_luxury_society_tam": 225.0,
        "conservative_50l_plus_family_tam": 225.0,
        "conservative_50l_plus_share_of_direct_tam": 0.0821,
        "estimated_40l_plus_family_tam_linear_25_50_split": 894.0,
        "estimated_40l_plus_share_linear_25_50_split": 0.3263,
        "nearby_family_tam_weighted_context": 2754.98,
        "society_cluster_tam_weighted_context_not_counted": 2934.11,
        "market_price_per_sqft": 2066.0,
        "refined_budget_segment": "Mid-Segment",
        "premium_candidate_score": 0.0,
        "rental_yield_pct": null,
        "yearly_appreciation_pct": null,
        "society_score": 0.761128,
        "society_cluster_score": 0.715007,
        "hospital_score": 0.398911,
        "market_score": 0.16517,
        "sez_workplace_score": 0.424951,
        "habitability_score": 0.31597,
        "habitability_class": "sparse_habitable",
        "habitable_for_residential_tam": true,
        "societies_direct_count": 5,
        "societies_nearby_count": 6,
        "society_cluster_project_count": 11,
        "hospitals_nearby_count": 26,
        "top_societies": "Vajram Tiara (Super Luxury, TAM 225) | Godrej Avenues (Premium, TAM 541) | Prestige Royale Gardens (Aspirational Premium, TAM 1,414) | Vaishnavi Serene (Premium, TAM 128) | Shriram Suhaana (Aspirational Premium, TAM 432)",
        "top_hospitals": "Maarga (Ultra Premium, 9.8 min) | Aster CMI Hospital (Ultra Premium, 19.8 min) | Mind and Brain hospital (Ultra Premium, 20.0 min) | Manipal Hospital (Super Premium, 15.0 min) | Aveksha Hospital (Ultra Premium, 18.4 min)",
        "quality_flags": "",
        "commute_score": 83.3,
        "commute_band": "Excellent commute convenience",
        "centroid_lat": 13.13566502646492,
        "centroid_lon": 77.56354223016126,
        "zone": "North"
      }
    },
    {
      "type": "Feature",
      "geometry": {
        "type": "Polygon",
        "coordinates": [
          [
            [
              77.57438524877288,
              13.028424981510149
            ],
            [
              77.57038187522377,
              13.040904444620127
            ],
            [
              77.55778778413058,
              13.043434290125761
            ],
            [
              77.54919859656368,
              13.033486065773731
            ],
            [
              77.55320177705151,
              13.021008102136088
            ],
            [
              77.56579433844672,
              13.018476863379618
            ],
            [
              77.57438524877288,
              13.028424981510149
            ]
          ]
        ]
      },
      "properties": {
        "rank": 94,
        "hex_id": "876014594ffffff",
        "name": "Dollars Colony",
        "final_affluence_score": 52.7764,
        "affluence_tier": "Mixed / Watchlist",
        "spatial_relation": "local_signal",
        "confidence_score": 1.0,
        "countable_family_tam": 0.0,
        "direct_family_tam": 0.0,
        "direct_total_units": 0.0,
        "direct_luxury_society_tam": 0.0,
        "conservative_50l_plus_family_tam": 0.0,
        "conservative_50l_plus_share_of_direct_tam": 0.0,
        "estimated_40l_plus_family_tam_linear_25_50_split": 0.0,
        "estimated_40l_plus_share_linear_25_50_split": 0.0,
        "nearby_family_tam_weighted_context": 89.8,
        "society_cluster_tam_weighted_context_not_counted": 333.76,
        "market_price_per_sqft": 12393.382744203724,
        "refined_budget_segment": "Premium Candidate",
        "premium_candidate_score": 0.6328048472554613,
        "rental_yield_pct": 3.0,
        "yearly_appreciation_pct": 7.72874251497006,
        "society_score": 0.321335,
        "society_cluster_score": 0.510982,
        "hospital_score": 0.8474,
        "market_score": 0.847823,
        "sez_workplace_score": 0.427654,
        "habitability_score": 0.95946,
        "habitability_class": "dense_habitable",
        "habitable_for_residential_tam": true,
        "societies_direct_count": 0,
        "societies_nearby_count": 6,
        "society_cluster_project_count": 9,
        "hospitals_nearby_count": 125,
        "top_societies": "Hoysala Infantry Towers (Ultra Luxury, TAM 128) | Pebble Bay (Ultra Luxury, TAM 510) | Prestige Fairfield (Ultra Luxury, TAM 134) | SMC Beverly Villas (Luxury, TAM 128) | Anriya Dwellington (Aspirational Premium, TAM 143)",
        "top_hospitals": "People Tree Hospitals (Ultra Premium, 8.0 min) | Smiles Institute of Gastroenterology (Ultra Premium, 0.9 min) | Aster CMI Hospital (Ultra Premium, 12.1 min) | Manipal Hospital Malleshwaram (Super Premium, 6.3 min) | Mind and Brain hospital (Ultra Premium, 10.2 min)",
        "quality_flags": "no_direct_society_tam",
        "commute_score": 95.6,
        "commute_band": "Excellent commute convenience",
        "centroid_lat": 13.030956012155452,
        "centroid_lon": 77.56179113325211,
        "zone": "North-West"
      }
    },
    {
      "type": "Feature",
      "geometry": {
        "type": "Polygon",
        "coordinates": [
          [
            [
              77.64078990307624,
              12.968345622399562
            ],
            [
              77.63678701449375,
              12.980833287254027
            ],
            [
              77.62418652531942,
              12.983371772502588
            ],
            [
              77.61559045373052,
              12.97342398052109
            ],
            [
              77.61959315295744,
              12.960937814500827
            ],
            [
              77.63219211340875,
              12.958397941629139
            ],
            [
              77.64078990307624,
              12.968345622399562
            ]
          ]
        ]
      },
      "properties": {
        "rank": 95,
        "hex_id": "8761892edffffff",
        "name": "Agaram",
        "final_affluence_score": 52.4908,
        "affluence_tier": "Mixed / Watchlist",
        "spatial_relation": "local_signal",
        "confidence_score": 1.0,
        "countable_family_tam": 30.0,
        "direct_family_tam": 30.0,
        "direct_total_units": 35.0,
        "direct_luxury_society_tam": 30.0,
        "conservative_50l_plus_family_tam": 0.0,
        "conservative_50l_plus_share_of_direct_tam": 0.0,
        "estimated_40l_plus_family_tam_linear_25_50_split": 30.0,
        "estimated_40l_plus_share_linear_25_50_split": 1.0,
        "nearby_family_tam_weighted_context": 69.68,
        "society_cluster_tam_weighted_context_not_counted": 367.96,
        "market_price_per_sqft": 9721.328075709778,
        "refined_budget_segment": "Premium",
        "premium_candidate_score": 0.4821485523339019,
        "rental_yield_pct": 2.0,
        "yearly_appreciation_pct": 24.699999999999996,
        "society_score": 0.31967,
        "society_cluster_score": 0.541667,
        "hospital_score": 0.942408,
        "market_score": 0.640484,
        "sez_workplace_score": 0.756716,
        "habitability_score": 0.860862,
        "habitability_class": "dense_habitable",
        "habitable_for_residential_tam": true,
        "societies_direct_count": 1,
        "societies_nearby_count": 5,
        "society_cluster_project_count": 10,
        "hospitals_nearby_count": 180,
        "top_societies": "Brigade Mayfair (Luxury, TAM 30) | Express Apartment (Luxury, TAM 128) | Brigade Jacaranda (Super Luxury, TAM 128) | Nitesh Logos (Ultra Luxury, TAM 14) | Saravana Natasha Golf View (Aspirational Premium, TAM 77)",
        "top_hospitals": "Vikram Aura Hospital (Ultra Premium, 4.7 min) | Manipal Hospitals Old Airport Road (Ultra Premium, 7.1 min) | Cloudnine Hospital - Whitefield (Ultra Premium, 6.3 min) | Manipal Clinic Indiranagar (Ultra Premium, 3.6 min) | Sita Bhateja Specialty Hospital (Ultra Premium, 7.2 min)",
        "quality_flags": "",
        "commute_score": 94.3,
        "commute_band": "Excellent commute convenience",
        "centroid_lat": 12.970885288952783,
        "centroid_lon": 77.6281893916558,
        "zone": "Central"
      }
    },
    {
      "type": "Feature",
      "geometry": {
        "type": "Polygon",
        "coordinates": [
          [
            [
              77.698013875422,
              12.863312220255505
            ],
            [
              77.69401210431467,
              12.875809108979723
            ],
            [
              77.68140830245561,
              12.87835897425475
            ],
            [
              77.6728077993293,
              12.868413332688785
            ],
            [
              77.67680938434218,
              12.855917944350958
            ],
            [
              77.68941165885624,
              12.853366697194303
            ],
            [
              77.698013875422,
              12.863312220255505
            ]
          ]
        ]
      },
      "properties": {
        "rank": 96,
        "hex_id": "876189275ffffff",
        "name": "Maruthi Seva Nagara",
        "final_affluence_score": 52.2292,
        "affluence_tier": "Mixed / Watchlist",
        "spatial_relation": "local_signal",
        "confidence_score": 0.8667,
        "countable_family_tam": 0.0,
        "direct_family_tam": 1032.0,
        "direct_total_units": 1215.0,
        "direct_luxury_society_tam": 0.0,
        "conservative_50l_plus_family_tam": 0.0,
        "conservative_50l_plus_share_of_direct_tam": 0.0,
        "estimated_40l_plus_family_tam_linear_25_50_split": 0.0,
        "estimated_40l_plus_share_linear_25_50_split": 0.0,
        "nearby_family_tam_weighted_context": 1201.72,
        "society_cluster_tam_weighted_context_not_counted": 2099.04,
        "market_price_per_sqft": null,
        "refined_budget_segment": "Mid-Segment",
        "premium_candidate_score": 0.0,
        "rental_yield_pct": null,
        "yearly_appreciation_pct": null,
        "society_score": 0.642909,
        "society_cluster_score": 0.805004,
        "hospital_score": 0.681724,
        "market_score": 0.105323,
        "sez_workplace_score": 0.179006,
        "habitability_score": 0.415258,
        "habitability_class": "sparse_habitable",
        "habitable_for_residential_tam": true,
        "societies_direct_count": 3,
        "societies_nearby_count": 9,
        "society_cluster_project_count": 16,
        "hospitals_nearby_count": 65,
        "top_societies": "Parkway Homes (Aspirational Premium, TAM 688) | TG Ascent (Aspirational Premium, TAM 265) | TG Epitome (Aspirational Premium, TAM 79) | JRC Wild Woods (Ultra Luxury, TAM 514) | SNN Raj Greenbay (Ultra Luxury, TAM 128)",
        "top_hospitals": "Kauvery Hospitals (Ultra Premium, 12.5 min) | Springleaf Healthcare (Ultra Premium, 6.9 min) | Manipal Hospital (Ultra Premium, 14.7 min) | Cloudnine Hospital (Ultra Premium, 16.0 min) | Lotus Multispeciality Center (Ultra Premium, 15.9 min)",
        "quality_flags": "",
        "commute_score": 86.6,
        "commute_band": "Excellent commute convenience",
        "centroid_lat": 12.865863261997985,
        "centroid_lon": 77.68541005320519,
        "zone": "South-East"
      }
    },
    {
      "type": "Feature",
      "geometry": {
        "type": "Polygon",
        "coordinates": [
          [
            [
              77.58639450493624,
              12.990981375325305
            ],
            [
              77.58239156366041,
              13.00346344558585
            ],
            [
              77.56979739968311,
              13.005996845074437
            ],
            [
              77.56120770651967,
              12.996049566113214
            ],
            [
              77.56521045543734,
              12.983568996280901
            ],
            [
              77.57780309015591,
              12.98103420498328
            ],
            [
              77.58639450493624,
              12.990981375325305
            ]
          ]
        ]
      },
      "properties": {
        "rank": 97,
        "hex_id": "8760145b0ffffff",
        "name": "Kodandarampura-Vasanth Nagar",
        "final_affluence_score": 51.5272,
        "affluence_tier": "Mixed / Watchlist",
        "spatial_relation": "local_signal",
        "confidence_score": 1.0,
        "countable_family_tam": 128.0,
        "direct_family_tam": 223.0,
        "direct_total_units": 262.0,
        "direct_luxury_society_tam": 128.0,
        "conservative_50l_plus_family_tam": 128.0,
        "conservative_50l_plus_share_of_direct_tam": 0.574,
        "estimated_40l_plus_family_tam_linear_25_50_split": 128.0,
        "estimated_40l_plus_share_linear_25_50_split": 0.574,
        "nearby_family_tam_weighted_context": 259.88,
        "society_cluster_tam_weighted_context_not_counted": 359.23,
        "market_price_per_sqft": 7194.397368421052,
        "refined_budget_segment": "Premium",
        "premium_candidate_score": 0.3362333664201066,
        "rental_yield_pct": null,
        "yearly_appreciation_pct": 36.4,
        "society_score": 0.435687,
        "society_cluster_score": 0.475286,
        "hospital_score": 0.925667,
        "market_score": 0.569213,
        "sez_workplace_score": 0.163107,
        "habitability_score": 0.969863,
        "habitability_class": "dense_habitable",
        "habitable_for_residential_tam": true,
        "societies_direct_count": 2,
        "societies_nearby_count": 6,
        "society_cluster_project_count": 9,
        "hospitals_nearby_count": 162,
        "top_societies": "Malleshwaram Mansion (Super Luxury, TAM 128) | Mithuna White Aspera (Aspirational Premium, TAM 95) | Embassy Habitat (Super Luxury, TAM 296) | Embassy Woods (Ultra Luxury, TAM 128) | Brigade Rhapsody (Ultra Luxury, TAM 7)",
        "top_hospitals": "Manipal Hospital, Millers Road ( Vikram Hospitals ) (Ultra Premium, 6.2 min) | Apollo Hospitals (Ultra Premium, 2.9 min) | Even Hospitals (Super Premium, 2.8 min) | People Tree Hospitals (Ultra Premium, 11.9 min) | Manipal Hospital Malleshwaram (Super Premium, 5.7 min)",
        "quality_flags": "",
        "commute_score": 94.7,
        "commute_band": "Excellent commute convenience",
        "centroid_lat": 12.99351595851659,
        "centroid_lon": 77.57380031692995,
        "zone": "Central"
      }
    },
    {
      "type": "Feature",
      "geometry": {
        "type": "Polygon",
        "coordinates": [
          [
            [
              77.67119134617862,
              13.020630494093407
            ],
            [
              77.66718764697227,
              13.0331185533352
            ],
            [
              77.65458097637621,
              13.0356550359765
            ],
            [
              77.64597953433073,
              13.025704845700318
            ],
            [
              77.64998304578211,
              13.013218281790842
            ],
            [
              77.6625881873144,
              13.010680412825707
            ],
            [
              77.67119134617862,
              13.020630494093407
            ]
          ]
        ]
      },
      "properties": {
        "rank": 98,
        "hex_id": "8761892c5ffffff",
        "name": "Banaswadi-Babusab Palya",
        "final_affluence_score": 50.7971,
        "affluence_tier": "Mixed / Watchlist",
        "spatial_relation": "local_signal",
        "confidence_score": 1.0,
        "countable_family_tam": 343.0,
        "direct_family_tam": 471.0,
        "direct_total_units": 554.0,
        "direct_luxury_society_tam": 0.0,
        "conservative_50l_plus_family_tam": 0.0,
        "conservative_50l_plus_share_of_direct_tam": 0.0,
        "estimated_40l_plus_family_tam_linear_25_50_split": 343.0,
        "estimated_40l_plus_share_linear_25_50_split": 0.7282,
        "nearby_family_tam_weighted_context": 511.53,
        "society_cluster_tam_weighted_context_not_counted": 678.38,
        "market_price_per_sqft": 5166.534109816972,
        "refined_budget_segment": "Mixed - Affordable leaning",
        "premium_candidate_score": 0.021215016977436725,
        "rental_yield_pct": 2.4201183431952664,
        "yearly_appreciation_pct": 21.808522727272724,
        "society_score": 0.456977,
        "society_cluster_score": 0.470271,
        "hospital_score": 0.8671,
        "market_score": 0.404818,
        "sez_workplace_score": 0.377904,
        "habitability_score": 0.979665,
        "habitability_class": "dense_habitable",
        "habitable_for_residential_tam": true,
        "societies_direct_count": 2,
        "societies_nearby_count": 6,
        "society_cluster_project_count": 11,
        "hospitals_nearby_count": 112,
        "top_societies": "Prestige Gulmohar (Premium, TAM 343) | Sycon Horamavu (Aspirational Premium, TAM 128) | Nava Gokulam (Aspirational Premium, TAM 153) | Petra Park (Aspirational Premium, TAM 128) | Rakesh Fantasy Garden (Aspirational Premium, TAM 128)",
        "top_hospitals": "Cloudnine Hospital - HRBR (Ultra Premium, 1.1 min) | Trilife Hospital (Ultra Premium, 3.5 min) | IIGU Hospital-Indus Institute of Gastro Uro (Ultra Premium, 1.6 min) | Shishuka Children's Specialty Hospital (Ultra Premium, 6.4 min) | Cura Hospitals (Ultra Premium, 5.8 min)",
        "quality_flags": "",
        "commute_score": 92.4,
        "commute_band": "Excellent commute convenience",
        "centroid_lat": 13.023168158523895,
        "centroid_lon": 77.65858465432468,
        "zone": "North-East"
      }
    },
    {
      "type": "Feature",
      "geometry": {
        "type": "Polygon",
        "coordinates": [
          [
            [
              77.62878080330495,
              13.00580602196781
            ],
            [
              77.6247774807611,
              13.018291089268551
            ],
            [
              77.61217705912217,
              13.020826027715902
            ],
            [
              77.6035814894712,
              13.010877287933496
            ],
            [
              77.60758462195614,
              12.998393718516281
            ],
            [
              77.62018351443085,
              12.99585739099901
            ],
            [
              77.62878080330495,
              13.00580602196781
            ]
          ]
        ]
      },
      "properties": {
        "rank": 99,
        "hex_id": "8761892ebffffff",
        "name": "Lingarajpura-Aruna Asif Ali Ward",
        "final_affluence_score": 50.4124,
        "affluence_tier": "Mixed / Watchlist",
        "spatial_relation": "local_signal",
        "confidence_score": 1.0,
        "countable_family_tam": 27.0,
        "direct_family_tam": 40.0,
        "direct_total_units": 47.0,
        "direct_luxury_society_tam": 27.0,
        "conservative_50l_plus_family_tam": 0.0,
        "conservative_50l_plus_share_of_direct_tam": 0.0,
        "estimated_40l_plus_family_tam_linear_25_50_split": 27.0,
        "estimated_40l_plus_share_linear_25_50_split": 0.675,
        "nearby_family_tam_weighted_context": 91.6,
        "society_cluster_tam_weighted_context_not_counted": 258.09,
        "market_price_per_sqft": 5984.770857814336,
        "refined_budget_segment": "Mid-Segment",
        "premium_candidate_score": 0.11146556537441288,
        "rental_yield_pct": 4.0,
        "yearly_appreciation_pct": 10.4,
        "society_score": 0.401623,
        "society_cluster_score": 0.491936,
        "hospital_score": 0.911338,
        "market_score": 0.470125,
        "sez_workplace_score": 0.503545,
        "habitability_score": 0.993801,
        "habitability_class": "dense_habitable",
        "habitable_for_residential_tam": true,
        "societies_direct_count": 2,
        "societies_nearby_count": 6,
        "society_cluster_project_count": 12,
        "hospitals_nearby_count": 157,
        "top_societies": "Spectra Raintree (Luxury, TAM 27) | Chowriappa Grazia (Aspirational Premium, TAM 13) | Prestige Woodland Park (Ultra Luxury, TAM 141) | Motwani Fairmont Towers (Ultra Luxury, TAM 128) | Belvedere Court (Super Luxury, TAM 128)",
        "top_hospitals": "Trilife Hospital (Ultra Premium, 6.8 min) | Manipal Hospital, Millers Road ( Vikram Hospitals ) (Ultra Premium, 8.0 min) | Shishuka Children's Specialty Hospital (Ultra Premium, 5.7 min) | Cloudnine Hospital - HRBR (Ultra Premium, 9.4 min) | Vikram Aura Hospital (Ultra Premium, 11.2 min)",
        "quality_flags": "",
        "commute_score": 92.1,
        "commute_band": "Excellent commute convenience",
        "centroid_lat": 13.00834214316295,
        "centroid_lon": 77.61618035902136,
        "zone": "Central"
      }
    },
    {
      "type": "Feature",
      "geometry": {
        "type": "Polygon",
        "coordinates": [
          [
            [
              77.77732360404194,
              13.057690706371973
            ],
            [
              77.77331898338952,
              13.070186223072806
            ],
            [
              77.76069672873592,
              13.072726589138227
            ],
            [
              77.75208062380324,
              13.062772817930075
            ],
            [
              77.75608506248084,
              13.050278790155323
            ],
            [
              77.76870578834789,
              13.047737044661615
            ],
            [
              77.77732360404194,
              13.057690706371973
            ]
          ]
        ]
      },
      "properties": {
        "rank": 100,
        "hex_id": "8761892abffffff",
        "name": "Nimbekayipura",
        "final_affluence_score": 49.6845,
        "affluence_tier": "Mixed / Watchlist",
        "spatial_relation": "local_signal",
        "confidence_score": 0.8667,
        "countable_family_tam": 638.0,
        "direct_family_tam": 1009.0,
        "direct_total_units": 1187.0,
        "direct_luxury_society_tam": 570.0,
        "conservative_50l_plus_family_tam": 0.0,
        "conservative_50l_plus_share_of_direct_tam": 0.0,
        "estimated_40l_plus_family_tam_linear_25_50_split": 638.0,
        "estimated_40l_plus_share_linear_25_50_split": 0.6323,
        "nearby_family_tam_weighted_context": 1125.95,
        "society_cluster_tam_weighted_context_not_counted": 1830.2,
        "market_price_per_sqft": 4200.0,
        "refined_budget_segment": "Affordable",
        "premium_candidate_score": 0.0,
        "rental_yield_pct": null,
        "yearly_appreciation_pct": 10.5,
        "society_score": 0.72448,
        "society_cluster_score": 0.693426,
        "hospital_score": 0.258304,
        "market_score": 0.2612,
        "sez_workplace_score": 0.0,
        "habitability_score": 0.311644,
        "habitability_class": "sparse_habitable",
        "habitable_for_residential_tam": true,
        "societies_direct_count": 4,
        "societies_nearby_count": 5,
        "society_cluster_project_count": 10,
        "hospitals_nearby_count": 21,
        "top_societies": "Brigade Golden Triangle (Luxury, TAM 570) | Aratt Cityscapes (Premium, TAM 68) | SBR Pravanika (Aspirational Premium, TAM 187) | SBR Keerthi (Aspirational Premium, TAM 184) | Shriram Greenfield (Aspirational Premium, TAM 1,398)",
        "top_hospitals": "Aster Women & Children Hospital (Ultra Premium, 26.4 min) | Aster Whitefield Hospital (Ultra Premium, 26.4 min) | Kinder Women's Hospital and Fertility Centre (Ultra Premium, 25.5 min) | RxDx Healthcare (Ultra Premium, 28.1 min) | Altor Hospital (Super Premium, 18.9 min)",
        "quality_flags": "",
        "commute_score": 80.1,
        "commute_band": "Excellent commute convenience",
        "centroid_lat": 13.060232251813717,
        "centroid_lon": 77.7647013316082,
        "zone": "North-East"
      }
    },
    {
      "type": "Feature",
      "geometry": {
        "type": "Polygon",
        "coordinates": [
          [
            [
              77.58815422719552,
              13.095711043669471
            ],
            [
              77.58414991674455,
              13.108188819189806
            ],
            [
              77.57155123537515,
              13.110714484739125
            ],
            [
              77.5629583950254,
              13.10076376811996
            ],
            [
              77.56696251308337,
              13.088287488726007
            ],
            [
              77.57955966416368,
              13.085760429825562
            ],
            [
              77.58815422719552,
              13.095711043669471
            ]
          ]
        ]
      },
      "properties": {
        "rank": 101,
        "hex_id": "876016960ffffff",
        "name": "Attur",
        "final_affluence_score": 49.6426,
        "affluence_tier": "Mixed / Watchlist",
        "spatial_relation": "local_signal",
        "confidence_score": 1.0,
        "countable_family_tam": 99.0,
        "direct_family_tam": 311.0,
        "direct_total_units": 366.0,
        "direct_luxury_society_tam": 99.0,
        "conservative_50l_plus_family_tam": 0.0,
        "conservative_50l_plus_share_of_direct_tam": 0.0,
        "estimated_40l_plus_family_tam_linear_25_50_split": 99.0,
        "estimated_40l_plus_share_linear_25_50_split": 0.3183,
        "nearby_family_tam_weighted_context": 354.65,
        "society_cluster_tam_weighted_context_not_counted": 771.45,
        "market_price_per_sqft": 6832.0,
        "refined_budget_segment": "Mid-Segment",
        "premium_candidate_score": 0.03456404079115282,
        "rental_yield_pct": 5.0,
        "yearly_appreciation_pct": 10.7,
        "society_score": 0.460231,
        "society_cluster_score": 0.589502,
        "hospital_score": 0.613201,
        "market_score": 0.493838,
        "sez_workplace_score": 0.378996,
        "habitability_score": 0.775863,
        "habitability_class": "dense_habitable",
        "habitable_for_residential_tam": true,
        "societies_direct_count": 2,
        "societies_nearby_count": 6,
        "society_cluster_project_count": 17,
        "hospitals_nearby_count": 60,
        "top_societies": "Inland Edilon (Luxury, TAM 99) | NCC Nagarjuna Aster Park (Aspirational Premium, TAM 212) | RMZ Galleria Residences (Super Luxury, TAM 274) | Prestige Monte Carlo (Super Luxury, TAM 128) | Arvind Bel Air (Aspirational Premium, TAM 128)",
        "top_hospitals": "Maarga (Ultra Premium, 2.4 min) | Aster CMI Hospital (Ultra Premium, 13.6 min) | Aveksha Hospital (Ultra Premium, 8.4 min) | Mind and Brain hospital (Ultra Premium, 13.8 min) | Manipal Hospital (Super Premium, 8.7 min)",
        "quality_flags": "",
        "commute_score": 86.7,
        "commute_band": "Excellent commute convenience",
        "centroid_lat": 13.098237895793932,
        "centroid_lon": 77.57555552183827,
        "zone": "North"
      }
    },
    {
      "type": "Feature",
      "geometry": {
        "type": "Polygon",
        "coordinates": [
          [
            [
              77.53944918289585,
              12.953731270979132
            ],
            [
              77.535446940031,
              12.966210885860367
            ],
            [
              77.52286057172859,
              12.968744146161134
            ],
            [
              77.51427797571942,
              12.95879918608375
            ],
            [
              77.5182800237099,
              12.946321075280036
            ],
            [
              77.5308648628625,
              12.943786420478702
            ],
            [
              77.53944918289585,
              12.953731270979132
            ]
          ]
        ]
      },
      "properties": {
        "rank": 102,
        "hex_id": "8760145a3ffffff",
        "name": "Attigupe-Hampi Nagar",
        "final_affluence_score": 49.1598,
        "affluence_tier": "Mixed / Watchlist",
        "spatial_relation": "local_signal",
        "confidence_score": 0.92,
        "countable_family_tam": 0.0,
        "direct_family_tam": 0.0,
        "direct_total_units": 0.0,
        "direct_luxury_society_tam": 0.0,
        "conservative_50l_plus_family_tam": 0.0,
        "conservative_50l_plus_share_of_direct_tam": 0.0,
        "estimated_40l_plus_family_tam_linear_25_50_split": 0.0,
        "estimated_40l_plus_share_linear_25_50_split": 0.0,
        "nearby_family_tam_weighted_context": 125.15,
        "society_cluster_tam_weighted_context_not_counted": 449.94,
        "market_price_per_sqft": 14380.851063829787,
        "refined_budget_segment": "Premium",
        "premium_candidate_score": 0.5504663965788064,
        "rental_yield_pct": null,
        "yearly_appreciation_pct": null,
        "society_score": 0.374829,
        "society_cluster_score": 0.557467,
        "hospital_score": 0.791273,
        "market_score": 0.704983,
        "sez_workplace_score": 0.244002,
        "habitability_score": 0.98623,
        "habitability_class": "dense_habitable",
        "habitable_for_residential_tam": true,
        "societies_direct_count": 0,
        "societies_nearby_count": 4,
        "society_cluster_project_count": 7,
        "hospitals_nearby_count": 109,
        "top_societies": "Pride Enchanta (Luxury, TAM 366) | Sattva Divinity (Super Luxury, TAM 700) | Birla Apple Spire (Premium, TAM 128) | Salarpuria Sattva Melody (Premium, TAM 128)",
        "top_hospitals": "Brains Super Speciality Hospital (Ultra Premium, 4.9 min) | SS Sparsh Hospital (Ultra Premium, 8.6 min) | Aster RV Hospital (Ultra Premium, 17.2 min) | Kusuma Hospital (Ultra Premium, 8.9 min) | Cloudnine Hospital - Jayanagar (Ultra Premium, 17.1 min)",
        "quality_flags": "no_direct_society_tam",
        "commute_score": 95.4,
        "commute_band": "Excellent commute convenience",
        "centroid_lat": 12.956265715452144,
        "centroid_lon": 77.52686278903664,
        "zone": "West"
      }
    },
    {
      "type": "Feature",
      "geometry": {
        "type": "Polygon",
        "coordinates": [
          [
            [
              77.65636550100561,
              13.140417230275805
            ],
            [
              77.65236030866576,
              13.152898913318896
            ],
            [
              77.6397507079239,
              13.155425516652139
            ],
            [
              77.63114783014302,
              13.145471826202265
            ],
            [
              77.63515283376879,
              13.132991634345869
            ],
            [
              77.64776090417013,
              13.13046364175221
            ],
            [
              77.65636550100561,
              13.140417230275805
            ]
          ]
        ]
      },
      "properties": {
        "rank": 103,
        "hex_id": "876016929ffffff",
        "name": "Sathanuru",
        "final_affluence_score": 49.0988,
        "affluence_tier": "Mixed / Watchlist",
        "spatial_relation": "local_signal",
        "confidence_score": 0.6667,
        "countable_family_tam": 1200.0,
        "direct_family_tam": 1200.0,
        "direct_total_units": 1412.0,
        "direct_luxury_society_tam": 741.0,
        "conservative_50l_plus_family_tam": 741.0,
        "conservative_50l_plus_share_of_direct_tam": 0.6175,
        "estimated_40l_plus_family_tam_linear_25_50_split": 1200.0,
        "estimated_40l_plus_share_linear_25_50_split": 1.0,
        "nearby_family_tam_weighted_context": 1200.0,
        "society_cluster_tam_weighted_context_not_counted": 1257.01,
        "market_price_per_sqft": null,
        "refined_budget_segment": "Premium",
        "premium_candidate_score": 0.4927987742594484,
        "rental_yield_pct": null,
        "yearly_appreciation_pct": null,
        "society_score": 0.722519,
        "society_cluster_score": 0.625005,
        "hospital_score": 0.332288,
        "market_score": 0.293491,
        "sez_workplace_score": 0.001751,
        "habitability_score": 0.238764,
        "habitability_class": "low_building_evidence",
        "habitable_for_residential_tam": true,
        "societies_direct_count": 2,
        "societies_nearby_count": 2,
        "society_cluster_project_count": 4,
        "hospitals_nearby_count": 22,
        "top_societies": "Purva Zenium (Super Luxury, TAM 741) | Godrej Aqua (Premium, TAM 459)",
        "top_hospitals": "Maarga (Ultra Premium, 17.3 min) | Manipal Hospital (Super Premium, 12.4 min) | Regal Hospital (Super Premium, 13.4 min) | Aster CMI Hospital (Ultra Premium, 27.4 min) | Mind and Brain hospital (Ultra Premium, 24.6 min)",
        "quality_flags": "",
        "commute_score": 78.6,
        "commute_band": "Strong commute convenience",
        "centroid_lat": 13.14294501923066,
        "centroid_lon": 77.64375587850313,
        "zone": "North"
      }
    },
    {
      "type": "Feature",
      "geometry": {
        "type": "Polygon",
        "coordinates": [
          [
            [
              77.64538602141837,
              12.990781808162094
            ],
            [
              77.64138282139817,
              13.003268924380468
            ],
            [
              77.62878080330495,
              13.00580602196781
            ],
            [
              77.62018351443085,
              12.99585739099901
            ],
            [
              77.62418652531942,
              12.983371772502588
            ],
            [
              77.63678701449375,
              12.980833287254027
            ],
            [
              77.64538602141837,
              12.990781808162094
            ]
          ]
        ]
      },
      "properties": {
        "rank": 104,
        "hex_id": "8761892e8ffffff",
        "name": "Old Baiyappanahalli-Maruthi Seva Nagara",
        "final_affluence_score": 48.8823,
        "affluence_tier": "Mixed / Watchlist",
        "spatial_relation": "local_signal",
        "confidence_score": 0.9,
        "countable_family_tam": 269.0,
        "direct_family_tam": 269.0,
        "direct_total_units": 316.0,
        "direct_luxury_society_tam": 269.0,
        "conservative_50l_plus_family_tam": 269.0,
        "conservative_50l_plus_share_of_direct_tam": 1.0,
        "estimated_40l_plus_family_tam_linear_25_50_split": 269.0,
        "estimated_40l_plus_share_linear_25_50_split": 1.0,
        "nearby_family_tam_weighted_context": 271.13,
        "society_cluster_tam_weighted_context_not_counted": 322.95,
        "market_price_per_sqft": 2391.360946745562,
        "refined_budget_segment": "Affordable",
        "premium_candidate_score": 0.022652105527882962,
        "rental_yield_pct": null,
        "yearly_appreciation_pct": null,
        "society_score": 0.488894,
        "society_cluster_score": 0.478757,
        "hospital_score": 0.933103,
        "market_score": 0.129157,
        "sez_workplace_score": 0.647994,
        "habitability_score": 0.682689,
        "habitability_class": "habitable",
        "habitable_for_residential_tam": true,
        "societies_direct_count": 2,
        "societies_nearby_count": 3,
        "society_cluster_project_count": 9,
        "hospitals_nearby_count": 165,
        "top_societies": "Prestige Woodland Park (Ultra Luxury, TAM 141) | Motwani Fairmont Towers (Ultra Luxury, TAM 128) | HM Grandeur (Ultra Luxury, TAM 31)",
        "top_hospitals": "Cloudnine Hospital - Whitefield (Ultra Premium, 4.8 min) | Trilife Hospital (Ultra Premium, 7.6 min) | Manipal Hospitals Old Airport Road (Ultra Premium, 10.8 min) | Vikram Aura Hospital (Ultra Premium, 10.1 min) | Cloudnine Hospital - HRBR (Ultra Premium, 9.9 min)",
        "quality_flags": "",
        "commute_score": 88.2,
        "commute_band": "Excellent commute convenience",
        "centroid_lat": 12.99332008753664,
        "centroid_lon": 77.63278398122625,
        "zone": "Central"
      }
    },
    {
      "type": "Feature",
      "geometry": {
        "type": "Polygon",
        "coordinates": [
          [
            [
              77.51370037931676,
              12.923898313809277
            ],
            [
              77.50969864410038,
              12.936376966582108
            ],
            [
              77.49711694143309,
              12.938910859204448
            ],
            [
              77.48853850325409,
              12.928967494877261
            ],
            [
              77.49254004223002,
              12.916490348557865
            ],
            [
              77.50512021590356,
              12.91395506011534
            ],
            [
              77.51370037931676,
              12.923898313809277
            ]
          ]
        ]
      },
      "properties": {
        "rank": 105,
        "hex_id": "8760145acffffff",
        "name": "Rajarajeshwari Nagara-Nagadevanahalli",
        "final_affluence_score": 48.8242,
        "affluence_tier": "Mixed / Watchlist",
        "spatial_relation": "local_signal",
        "confidence_score": 1.0,
        "countable_family_tam": 0.0,
        "direct_family_tam": 515.0,
        "direct_total_units": 605.0,
        "direct_luxury_society_tam": 0.0,
        "conservative_50l_plus_family_tam": 0.0,
        "conservative_50l_plus_share_of_direct_tam": 0.0,
        "estimated_40l_plus_family_tam_linear_25_50_split": 0.0,
        "estimated_40l_plus_share_linear_25_50_split": 0.0,
        "nearby_family_tam_weighted_context": 572.7,
        "society_cluster_tam_weighted_context_not_counted": 807.41,
        "market_price_per_sqft": 5475.763636363637,
        "refined_budget_segment": "Mid-Segment",
        "premium_candidate_score": 0.014015922540128355,
        "rental_yield_pct": null,
        "yearly_appreciation_pct": null,
        "society_score": 0.475921,
        "society_cluster_score": 0.489455,
        "hospital_score": 0.67464,
        "market_score": 0.386827,
        "sez_workplace_score": 0.768354,
        "habitability_score": 0.669213,
        "habitability_class": "habitable",
        "habitable_for_residential_tam": true,
        "societies_direct_count": 3,
        "societies_nearby_count": 6,
        "society_cluster_project_count": 12,
        "hospitals_nearby_count": 75,
        "top_societies": "MBR Shangri-la (Aspirational Premium, TAM 306) | Griha Mithra Grand Gandharva (Aspirational Premium, TAM 128) | Srinidhi Sri Pearl Park (Aspirational Premium, TAM 81) | Navami Landmaark (Luxury, TAM 398) | Gopalan Sanskriti (Luxury, TAM 153)",
        "top_hospitals": "SS Sparsh Hospital (Ultra Premium, 5.9 min) | Motherhood Hospital (Ultra Premium, 9.2 min) | Pathway Hospitals (Ultra Premium, 8.4 min) | Brains Super Speciality Hospital (Ultra Premium, 10.6 min) | Gleneagles Hospitals (Mid-Premium, 6.1 min)",
        "quality_flags": "",
        "commute_score": 89.4,
        "commute_band": "Excellent commute convenience",
        "centroid_lat": 12.926433390595747,
        "centroid_lon": 77.50111865025738,
        "zone": "South-West"
      }
    },
    {
      "type": "Feature",
      "geometry": {
        "type": "Polygon",
        "coordinates": [
          [
            [
              77.67400107139919,
              12.938280726734327
            ],
            [
              77.66999842955849,
              12.950772476127161
            ],
            [
              77.65739475263413,
              12.953315272407584
            ],
            [
              77.64879524606121,
              12.943367704095584
            ],
            [
              77.65279770040128,
              12.93087745320773
            ],
            [
              77.6653998490952,
              12.928333272128084
            ],
            [
              77.67400107139919,
              12.938280726734327
            ]
          ]
        ]
      },
      "properties": {
        "rank": 106,
        "hex_id": "876189250ffffff",
        "name": "Yamalur",
        "final_affluence_score": 48.7789,
        "affluence_tier": "Mixed / Watchlist",
        "spatial_relation": "local_signal",
        "confidence_score": 0.8667,
        "countable_family_tam": 128.0,
        "direct_family_tam": 128.0,
        "direct_total_units": 150.0,
        "direct_luxury_society_tam": 128.0,
        "conservative_50l_plus_family_tam": 128.0,
        "conservative_50l_plus_share_of_direct_tam": 1.0,
        "estimated_40l_plus_family_tam_linear_25_50_split": 128.0,
        "estimated_40l_plus_share_linear_25_50_split": 1.0,
        "nearby_family_tam_weighted_context": 268.62,
        "society_cluster_tam_weighted_context_not_counted": 1052.14,
        "market_price_per_sqft": null,
        "refined_budget_segment": "Affordable",
        "premium_candidate_score": 0.0,
        "rental_yield_pct": null,
        "yearly_appreciation_pct": null,
        "society_score": 0.50686,
        "society_cluster_score": 0.7479,
        "hospital_score": 0.861262,
        "market_score": 0.04,
        "sez_workplace_score": 0.30336,
        "habitability_score": 0.166216,
        "habitability_class": "low_building_evidence",
        "habitable_for_residential_tam": true,
        "societies_direct_count": 1,
        "societies_nearby_count": 10,
        "society_cluster_project_count": 30,
        "hospitals_nearby_count": 132,
        "top_societies": "Shriram Spandhana (Ultra Luxury, TAM 128) | Sobha Carnation (Luxury, TAM 184) | Sobha Primrose (Luxury, TAM 119) | Rohan Jharoka (Super Luxury, TAM 252) | Sobha Jasmine (Super Luxury, TAM 224)",
        "top_hospitals": "Manipal Hospitals Old Airport Road (Ultra Premium, 6.8 min) | Apollo Spectra Hospitals (Ultra Premium, 12.3 min) | Sakra World Hospital (Ultra Premium, 14.0 min) | Cloudnine Hospital - Whitefield (Ultra Premium, 13.5 min) | Vikram Aura Hospital (Ultra Premium, 15.2 min)",
        "quality_flags": "",
        "commute_score": 78.8,
        "commute_band": "Strong commute convenience",
        "centroid_lat": 12.940824702391295,
        "centroid_lon": 77.66139737332041,
        "zone": "South-East"
      }
    },
    {
      "type": "Feature",
      "geometry": {
        "type": "Polygon",
        "coordinates": [
          [
            [
              77.68881326927442,
              12.818426673988768
            ],
            [
              77.68481211934588,
              12.830924613715538
            ],
            [
              77.67221137198204,
              12.833477242707943
            ],
            [
              77.66361330178232,
              12.823533313763956
            ],
            [
              77.66761426516688,
              12.81103687663715
            ],
            [
              77.6802134855753,
              12.808482865856462
            ],
            [
              77.68881326927442,
              12.818426673988768
            ]
          ]
        ]
      },
      "properties": {
        "rank": 107,
        "hex_id": "876189264ffffff",
        "name": "Hyarandahalli-Hebbagodi",
        "final_affluence_score": 48.3152,
        "affluence_tier": "Mixed / Watchlist",
        "spatial_relation": "local_signal",
        "confidence_score": 1.0,
        "countable_family_tam": 286.0,
        "direct_family_tam": 286.0,
        "direct_total_units": 337.0,
        "direct_luxury_society_tam": 0.0,
        "conservative_50l_plus_family_tam": 0.0,
        "conservative_50l_plus_share_of_direct_tam": 0.0,
        "estimated_40l_plus_family_tam_linear_25_50_split": 286.0,
        "estimated_40l_plus_share_linear_25_50_split": 1.0,
        "nearby_family_tam_weighted_context": 1113.04,
        "society_cluster_tam_weighted_context_not_counted": 2693.61,
        "market_price_per_sqft": 4125.258134490239,
        "refined_budget_segment": "Mid-Segment",
        "premium_candidate_score": 0.038473327176059904,
        "rental_yield_pct": 2.0,
        "yearly_appreciation_pct": null,
        "society_score": 0.610786,
        "society_cluster_score": 0.719532,
        "hospital_score": 0.504093,
        "market_score": 0.355838,
        "sez_workplace_score": 0.0,
        "habitability_score": 0.799543,
        "habitability_class": "dense_habitable",
        "habitable_for_residential_tam": true,
        "societies_direct_count": 1,
        "societies_nearby_count": 7,
        "society_cluster_project_count": 11,
        "hospitals_nearby_count": 39,
        "top_societies": "Svamitva Emerald Square (Premium, TAM 286) | GM Infinite E City Town (Aspirational Premium, TAM 1,903) | The Lake View Address (Super Luxury, TAM 128) | Prestige Sunrise Park (Luxury, TAM 1,624) | GM Global Techies Town (Aspirational Premium, TAM 3,565)",
        "top_hospitals": "Kauvery Hospitals (Ultra Premium, 10.5 min) | Springleaf Healthcare (Ultra Premium, 10.1 min) | Mazumdar Shaw Medical Center (Premium, 6.9 min) | Cloudnine Hospital - Electronics City (Super Premium, 9.7 min) | Apollo Cradle & Children's Hospital (Super Premium, 13.2 min)",
        "quality_flags": "",
        "commute_score": 90.9,
        "commute_band": "Excellent commute convenience",
        "centroid_lat": 12.820980478471611,
        "centroid_lon": 77.67621250125752,
        "zone": "South-East"
      }
    },
    {
      "type": "Feature",
      "geometry": {
        "type": "Polygon",
        "coordinates": [
          [
            [
              77.66659157531416,
              12.998191800161356
            ],
            [
              77.6625881873144,
              13.010680412825707
            ],
            [
              77.64998304578211,
              13.013218281790842
            ],
            [
              77.64138282139817,
              13.003268924380468
            ],
            [
              77.64538602141837,
              12.990781808162094
            ],
            [
              77.65798963408243,
              12.988242552908835
            ],
            [
              77.66659157531416,
              12.998191800161356
            ]
          ]
        ]
      },
      "properties": {
        "rank": 108,
        "hex_id": "8761892eeffffff",
        "name": "Banaswadi-Kasturi Nagar",
        "final_affluence_score": 48.2221,
        "affluence_tier": "Mixed / Watchlist",
        "spatial_relation": "local_signal",
        "confidence_score": 0.9,
        "countable_family_tam": 69.0,
        "direct_family_tam": 197.0,
        "direct_total_units": 231.0,
        "direct_luxury_society_tam": 69.0,
        "conservative_50l_plus_family_tam": 0.0,
        "conservative_50l_plus_share_of_direct_tam": 0.0,
        "estimated_40l_plus_family_tam_linear_25_50_split": 69.0,
        "estimated_40l_plus_share_linear_25_50_split": 0.3503,
        "nearby_family_tam_weighted_context": 207.61,
        "society_cluster_tam_weighted_context_not_counted": 422.61,
        "market_price_per_sqft": 8986.83443708609,
        "refined_budget_segment": "Affordable",
        "premium_candidate_score": 0.13930528809329115,
        "rental_yield_pct": 4.0,
        "yearly_appreciation_pct": 10.406976744186046,
        "society_score": 0.370383,
        "society_cluster_score": 0.490547,
        "hospital_score": 0.872673,
        "market_score": 0.522925,
        "sez_workplace_score": 0.349203,
        "habitability_score": 0.713898,
        "habitability_class": "habitable",
        "habitable_for_residential_tam": true,
        "societies_direct_count": 2,
        "societies_nearby_count": 3,
        "society_cluster_project_count": 10,
        "hospitals_nearby_count": 130,
        "top_societies": "Brigade Paramount (Luxury, TAM 69) | Rakesh Fantasy Garden (Aspirational Premium, TAM 128) | Sattva Magnificia (Ultra Luxury, TAM 128)",
        "top_hospitals": "Cloudnine Hospital - Whitefield (Ultra Premium, 2.9 min) | Cloudnine Hospital - HRBR (Ultra Premium, 7.5 min) | Trilife Hospital (Ultra Premium, 9.0 min) | Manipal Hospitals Old Airport Road (Ultra Premium, 13.8 min) | Surgecare Super Speciality Hospital (Ultra Premium, 5.9 min)",
        "quality_flags": "",
        "commute_score": 86.3,
        "commute_band": "Excellent commute convenience",
        "centroid_lat": 13.000730850433882,
        "centroid_lon": 77.65398641237641,
        "zone": "North-East"
      }
    },
    {
      "type": "Feature",
      "geometry": {
        "type": "Polygon",
        "coordinates": [
          [
            [
              77.53028530727103,
              12.90888156717843
            ],
            [
              77.52628368951703,
              12.921362264549604
            ],
            [
              77.51370037931676,
              12.923898313809277
            ],
            [
              77.50512021590356,
              12.91395506011534
            ],
            [
              77.50912163834028,
              12.901475869040839
            ],
            [
              77.5217034197858,
              12.898938425366655
            ],
            [
              77.53028530727103,
              12.90888156717843
            ]
          ]
        ]
      },
      "properties": {
        "rank": 109,
        "hex_id": "876014512ffffff",
        "name": "Bangarappa Nagara-Rajarajeshwari Nagara",
        "final_affluence_score": 48.1979,
        "affluence_tier": "Mixed / Watchlist",
        "spatial_relation": "local_signal",
        "confidence_score": 0.9333,
        "countable_family_tam": 256.0,
        "direct_family_tam": 256.0,
        "direct_total_units": 300.0,
        "direct_luxury_society_tam": 0.0,
        "conservative_50l_plus_family_tam": 0.0,
        "conservative_50l_plus_share_of_direct_tam": 0.0,
        "estimated_40l_plus_family_tam_linear_25_50_split": 256.0,
        "estimated_40l_plus_share_linear_25_50_split": 1.0,
        "nearby_family_tam_weighted_context": 340.57,
        "society_cluster_tam_weighted_context_not_counted": 837.71,
        "market_price_per_sqft": 3750.0,
        "refined_budget_segment": "Mid-Segment",
        "premium_candidate_score": 0.12145553196508611,
        "rental_yield_pct": null,
        "yearly_appreciation_pct": null,
        "society_score": 0.434028,
        "society_cluster_score": 0.552622,
        "hospital_score": 0.728844,
        "market_score": 0.241121,
        "sez_workplace_score": 0.865271,
        "habitability_score": 0.809523,
        "habitability_class": "dense_habitable",
        "habitable_for_residential_tam": true,
        "societies_direct_count": 2,
        "societies_nearby_count": 6,
        "society_cluster_project_count": 18,
        "hospitals_nearby_count": 89,
        "top_societies": "Century Indus (Premium, TAM 128) | Youniverse Breathing Wall (Premium, TAM 128) | Mantri Alpyne (Premium, TAM 128) | Gopalan Florenza (Aspirational Premium, TAM 408) | Vaastu hill view 2 (Aspirational Premium, TAM 165)",
        "top_hospitals": "Pathway Hospitals (Ultra Premium, 2.7 min) | SS Sparsh Hospital (Ultra Premium, 4.2 min) | DHEE Hospitals (Ultra Premium, 11.7 min) | Aster RV Hospital (Ultra Premium, 16.7 min) | Motherhood Hospital (Ultra Premium, 13.6 min)",
        "quality_flags": "",
        "commute_score": 89.3,
        "commute_band": "Excellent commute convenience",
        "centroid_lat": 12.911418799644776,
        "centroid_lon": 77.51770197122235,
        "zone": "South-West"
      }
    },
    {
      "type": "Feature",
      "geometry": {
        "type": "Polygon",
        "coordinates": [
          [
            [
              77.59098419557743,
              13.013411456247441
            ],
            [
              77.58698094220568,
              13.025892973867968
            ],
            [
              77.57438524877288,
              13.028424981510149
            ],
            [
              77.56579433844672,
              13.018476863379618
            ],
            [
              77.56979739968311,
              13.005996845074437
            ],
            [
              77.58239156366041,
              13.00346344558585
            ],
            [
              77.59098419557743,
              13.013411456247441
            ]
          ]
        ]
      },
      "properties": {
        "rank": 110,
        "hex_id": "8760145b2ffffff",
        "name": "Sadashiva Nagara",
        "final_affluence_score": 47.3958,
        "affluence_tier": "Mixed / Watchlist",
        "spatial_relation": "local_signal",
        "confidence_score": 0.9,
        "countable_family_tam": 0.0,
        "direct_family_tam": 0.0,
        "direct_total_units": 0.0,
        "direct_luxury_society_tam": 0.0,
        "conservative_50l_plus_family_tam": 0.0,
        "conservative_50l_plus_share_of_direct_tam": 0.0,
        "estimated_40l_plus_family_tam_linear_25_50_split": 0.0,
        "estimated_40l_plus_share_linear_25_50_split": 0.0,
        "nearby_family_tam_weighted_context": 0.0,
        "society_cluster_tam_weighted_context_not_counted": 158.63,
        "market_price_per_sqft": 15649.54491017964,
        "refined_budget_segment": "Ultra Premium",
        "premium_candidate_score": 0.89082146299668,
        "rental_yield_pct": 1.0,
        "yearly_appreciation_pct": 14.323809523809523,
        "society_score": 0.099016,
        "society_cluster_score": 0.353627,
        "hospital_score": 0.88504,
        "market_score": 0.963871,
        "sez_workplace_score": 0.152965,
        "habitability_score": 0.675479,
        "habitability_class": "habitable",
        "habitable_for_residential_tam": true,
        "societies_direct_count": 0,
        "societies_nearby_count": 0,
        "society_cluster_project_count": 11,
        "hospitals_nearby_count": 144,
        "top_societies": "",
        "top_hospitals": "Aster CMI Hospital (Ultra Premium, 9.0 min) | Manipal Hospital, Millers Road ( Vikram Hospitals ) (Ultra Premium, 7.4 min) | People Tree Hospitals (Ultra Premium, 11.1 min) | Manipal Hospital Malleshwaram (Super Premium, 7.3 min) | Fortis Hospital (Ultra Premium, 9.0 min)",
        "quality_flags": "no_direct_society_tam",
        "commute_score": 91.7,
        "commute_band": "Excellent commute convenience",
        "centroid_lat": 13.015944648073184,
        "centroid_lon": 77.5783884782622,
        "zone": "North"
      }
    },
    {
      "type": "Feature",
      "geometry": {
        "type": "Polygon",
        "coordinates": [
          [
            [
              77.56521045543734,
              12.983568996280901
            ],
            [
              77.56120770651967,
              12.996049566113214
            ],
            [
              77.54861667462532,
              12.998582198083904
            ],
            [
              77.54002992123141,
              12.988635653400276
            ],
            [
              77.54403247664308,
              12.97615658526616
            ],
            [
              77.55662197923367,
              12.973622560119454
            ],
            [
              77.56521045543734,
              12.983568996280901
            ]
          ]
        ]
      },
      "properties": {
        "rank": 111,
        "hex_id": "8760145b1ffffff",
        "name": "Rajajinagara",
        "final_affluence_score": 45.3698,
        "affluence_tier": "Mixed / Watchlist",
        "spatial_relation": "local_signal",
        "confidence_score": 0.7,
        "countable_family_tam": 0.0,
        "direct_family_tam": 0.0,
        "direct_total_units": 0.0,
        "direct_luxury_society_tam": 0.0,
        "conservative_50l_plus_family_tam": 0.0,
        "conservative_50l_plus_share_of_direct_tam": 0.0,
        "estimated_40l_plus_family_tam_linear_25_50_split": 0.0,
        "estimated_40l_plus_share_linear_25_50_split": 0.0,
        "nearby_family_tam_weighted_context": 9.5,
        "society_cluster_tam_weighted_context_not_counted": 48.67,
        "market_price_per_sqft": 19214.53108348135,
        "refined_budget_segment": "Ultra Premium",
        "premium_candidate_score": 0.8202762052526663,
        "rental_yield_pct": 3.802841918294849,
        "yearly_appreciation_pct": 7.700000000000001,
        "society_score": 0.071345,
        "society_cluster_score": 0.103262,
        "hospital_score": 0.910901,
        "market_score": 0.9835,
        "sez_workplace_score": 0.269417,
        "habitability_score": 1.0,
        "habitability_class": "dense_habitable",
        "habitable_for_residential_tam": true,
        "societies_direct_count": 0,
        "societies_nearby_count": 1,
        "society_cluster_project_count": 2,
        "hospitals_nearby_count": 144,
        "top_societies": "Mithuna White Aspera (Aspirational Premium, TAM 95)",
        "top_hospitals": "People Tree Hospitals (Ultra Premium, 10.6 min) | Apollo Hospitals (Ultra Premium, 4.9 min) | Manipal Hospital, Millers Road ( Vikram Hospitals ) (Ultra Premium, 10.6 min) | Even Hospitals (Super Premium, 6.0 min) | HCG  - The Specialist in Cancer Care (Ultra Premium, 10.3 min)",
        "quality_flags": "no_direct_society_tam",
        "commute_score": 97.3,
        "commute_band": "Excellent commute convenience",
        "centroid_lat": 12.986102812430355,
        "centroid_lon": 77.55261939882277,
        "zone": "Central"
      }
    },
    {
      "type": "Feature",
      "geometry": {
        "type": "Polygon",
        "coordinates": [
          [
            [
              77.56237469607154,
              13.065860754755194
            ],
            [
              77.55837089053102,
              13.078337599229632
            ],
            [
              77.54577687351782,
              13.080863886449768
            ],
            [
              77.53718819246127,
              13.070914723884568
            ],
            [
              77.54119180423722,
              13.058439377922884
            ],
            [
              77.55378429111347,
              13.055911696014908
            ],
            [
              77.56237469607154,
              13.065860754755194
            ]
          ]
        ]
      },
      "properties": {
        "rank": 112,
        "hex_id": "876014592ffffff",
        "name": "Vidyaranyapura-Kuvempunagara",
        "final_affluence_score": 43.8986,
        "affluence_tier": "Mixed / Watchlist",
        "spatial_relation": "local_signal",
        "confidence_score": 1.0,
        "countable_family_tam": 0.0,
        "direct_family_tam": 0.0,
        "direct_total_units": 0.0,
        "direct_luxury_society_tam": 0.0,
        "conservative_50l_plus_family_tam": 0.0,
        "conservative_50l_plus_share_of_direct_tam": 0.0,
        "estimated_40l_plus_family_tam_linear_25_50_split": 0.0,
        "estimated_40l_plus_share_linear_25_50_split": 0.0,
        "nearby_family_tam_weighted_context": 136.81,
        "society_cluster_tam_weighted_context_not_counted": 444.95,
        "market_price_per_sqft": 6358.593220338982,
        "refined_budget_segment": "Premium Candidate",
        "premium_candidate_score": 0.16372355731383106,
        "rental_yield_pct": null,
        "yearly_appreciation_pct": 13.6,
        "society_score": 0.361919,
        "society_cluster_score": 0.496874,
        "hospital_score": 0.740982,
        "market_score": 0.50651,
        "sez_workplace_score": 0.0,
        "habitability_score": 0.703635,
        "habitability_class": "habitable",
        "habitable_for_residential_tam": true,
        "societies_direct_count": 0,
        "societies_nearby_count": 5,
        "society_cluster_project_count": 8,
        "hospitals_nearby_count": 79,
        "top_societies": "Sruthika Springfields (Ultra Luxury, TAM 319) | Prestige Willow Tree (Aspirational Premium, TAM 383) | Renaissance Woods (Aspirational Premium, TAM 131) | Sushantham Phase 1 (Aspirational Premium, TAM 345) | SMR Vinay Estella (Aspirational Premium, TAM 268)",
        "top_hospitals": "Aster CMI Hospital (Ultra Premium, 9.7 min) | People Tree Hospitals (Ultra Premium, 9.9 min) | Mind and Brain hospital (Ultra Premium, 7.2 min) | Smiles Institute of Gastroenterology (Ultra Premium, 7.3 min) | Aveksha Hospital (Ultra Premium, 6.6 min)",
        "quality_flags": "no_direct_society_tam",
        "commute_score": 90.9,
        "commute_band": "Excellent commute convenience",
        "centroid_lat": 13.068388228547782,
        "centroid_lon": 77.54978065423211,
        "zone": "North-West"
      }
    },
    {
      "type": "Feature",
      "geometry": {
        "type": "Polygon",
        "coordinates": [
          [
            [
              77.61217705912217,
              13.020826027715902
            ],
            [
              77.6081736147646,
              13.033309043379829
            ],
            [
              77.59557479146217,
              13.035841821216849
            ],
            [
              77.58698094220568,
              13.025892973867968
            ],
            [
              77.59098419557743,
              13.013411456247441
            ],
            [
              77.6035814894712,
              13.010877287933496
            ],
            [
              77.61217705912217,
              13.020826027715902
            ]
          ]
        ]
      },
      "properties": {
        "rank": 113,
        "hex_id": "8761892cdffffff",
        "name": "Dinnur",
        "final_affluence_score": 43.4675,
        "affluence_tier": "Mixed / Watchlist",
        "spatial_relation": "local_signal",
        "confidence_score": 0.9,
        "countable_family_tam": 0.0,
        "direct_family_tam": 0.0,
        "direct_total_units": 0.0,
        "direct_luxury_society_tam": 0.0,
        "conservative_50l_plus_family_tam": 0.0,
        "conservative_50l_plus_share_of_direct_tam": 0.0,
        "estimated_40l_plus_family_tam_linear_25_50_split": 0.0,
        "estimated_40l_plus_share_linear_25_50_split": 0.0,
        "nearby_family_tam_weighted_context": 51.29,
        "society_cluster_tam_weighted_context_not_counted": 260.22,
        "market_price_per_sqft": 4841.313725490196,
        "refined_budget_segment": "Mid-Segment",
        "premium_candidate_score": 0.0,
        "rental_yield_pct": 3.0,
        "yearly_appreciation_pct": 16.3,
        "society_score": 0.267992,
        "society_cluster_score": 0.488443,
        "hospital_score": 0.876716,
        "market_score": 0.380449,
        "sez_workplace_score": 0.396988,
        "habitability_score": 1.0,
        "habitability_class": "dense_habitable",
        "habitable_for_residential_tam": true,
        "societies_direct_count": 0,
        "societies_nearby_count": 3,
        "society_cluster_project_count": 12,
        "hospitals_nearby_count": 136,
        "top_societies": "Prestige Misty Waters (Super Luxury, TAM 128) | Janya Gardenia (Luxury, TAM 128) | Siroya Environ (Super Luxury, TAM 180)",
        "top_hospitals": "Aster CMI Hospital (Ultra Premium, 9.0 min) | Manipal Hospital, Millers Road ( Vikram Hospitals ) (Ultra Premium, 9.5 min) | Trilife Hospital (Ultra Premium, 11.3 min) | Shishuka Children's Specialty Hospital (Ultra Premium, 8.0 min) | Fortis Hospital (Ultra Premium, 9.5 min)",
        "quality_flags": "no_direct_society_tam",
        "commute_score": 89.5,
        "commute_band": "Excellent commute convenience",
        "centroid_lat": 13.023359989259546,
        "centroid_lon": 77.59957821262944,
        "zone": "North"
      }
    },
    {
      "type": "Feature",
      "geometry": {
        "type": "Polygon",
        "coordinates": [
          [
            [
              77.69240570127695,
              13.028042654980545
            ],
            [
              77.68840181546932,
              13.040532208276636
            ],
            [
              77.67579202367094,
              13.043069464979773
            ],
            [
              77.66718764697227,
              13.0331185533352
            ],
            [
              77.67119134617862,
              13.020630494093407
            ],
            [
              77.6837996089657,
              13.01809185244208
            ],
            [
              77.69240570127695,
              13.028042654980545
            ]
          ]
        ]
      },
      "properties": {
        "rank": 114,
        "hex_id": "8761892c4ffffff",
        "name": "Horamavu-Byrathi",
        "final_affluence_score": 43.3332,
        "affluence_tier": "Mixed / Watchlist",
        "spatial_relation": "local_signal",
        "confidence_score": 1.0,
        "countable_family_tam": 0.0,
        "direct_family_tam": 293.0,
        "direct_total_units": 345.0,
        "direct_luxury_society_tam": 0.0,
        "conservative_50l_plus_family_tam": 0.0,
        "conservative_50l_plus_share_of_direct_tam": 0.0,
        "estimated_40l_plus_family_tam_linear_25_50_split": 0.0,
        "estimated_40l_plus_share_linear_25_50_split": 0.0,
        "nearby_family_tam_weighted_context": 354.3,
        "society_cluster_tam_weighted_context_not_counted": 540.86,
        "market_price_per_sqft": 4795.794076163611,
        "refined_budget_segment": "Affordable",
        "premium_candidate_score": 0.0,
        "rental_yield_pct": 4.24712643678161,
        "yearly_appreciation_pct": 18.296183206106868,
        "society_score": 0.396052,
        "society_cluster_score": 0.434836,
        "hospital_score": 0.766931,
        "market_score": 0.353436,
        "sez_workplace_score": 0.050613,
        "habitability_score": 0.980352,
        "habitability_class": "dense_habitable",
        "habitable_for_residential_tam": true,
        "societies_direct_count": 2,
        "societies_nearby_count": 5,
        "society_cluster_project_count": 9,
        "hospitals_nearby_count": 81,
        "top_societies": "Oceanus Tranquil (Aspirational Premium, TAM 259) | Sri Aditya Nivas (Aspirational Premium, TAM 34) | Prestige Gulmohar (Premium, TAM 343) | V Classic (Premium, TAM 169) | Definer Hi Life (Aspirational Premium, TAM 115)",
        "top_hospitals": "Cloudnine Hospital - HRBR (Ultra Premium, 6.5 min) | Trilife Hospital (Ultra Premium, 9.9 min) | Surgecare Super Speciality Hospital (Ultra Premium, 5.4 min) | Cloudnine Hospital - Whitefield (Ultra Premium, 12.6 min) | IIGU Hospital-Indus Institute of Gastro Uro (Ultra Premium, 7.0 min)",
        "quality_flags": "",
        "commute_score": 92.0,
        "commute_band": "Excellent commute convenience",
        "centroid_lat": 13.030581092992172,
        "centroid_lon": 77.67979588891501,
        "zone": "North-East"
      }
    },
    {
      "type": "Feature",
      "geometry": {
        "type": "Polygon",
        "coordinates": [
          [
            [
              77.71362610785117,
              13.035454760554298
            ],
            [
              77.70962203659712,
              13.047945806625073
            ],
            [
              77.697009125787,
              13.050483838700892
            ],
            [
              77.68840181546932,
              13.040532208276636
            ],
            [
              77.69240570127695,
              13.028042654980545
            ],
            [
              77.70501708312975,
              13.025503239333926
            ],
            [
              77.71362610785117,
              13.035454760554298
            ]
          ]
        ]
      },
      "properties": {
        "rank": 115,
        "hex_id": "8761892f1ffffff",
        "name": "Kitthaganur",
        "final_affluence_score": 43.11,
        "affluence_tier": "Mixed / Watchlist",
        "spatial_relation": "local_signal",
        "confidence_score": 0.92,
        "countable_family_tam": 0.0,
        "direct_family_tam": 243.0,
        "direct_total_units": 285.0,
        "direct_luxury_society_tam": 0.0,
        "conservative_50l_plus_family_tam": 0.0,
        "conservative_50l_plus_share_of_direct_tam": 0.0,
        "estimated_40l_plus_family_tam_linear_25_50_split": 0.0,
        "estimated_40l_plus_share_linear_25_50_split": 0.0,
        "nearby_family_tam_weighted_context": 294.66,
        "society_cluster_tam_weighted_context_not_counted": 488.15,
        "market_price_per_sqft": 6257.88122605364,
        "refined_budget_segment": "Affordable",
        "premium_candidate_score": 0.04955324711049935,
        "rental_yield_pct": null,
        "yearly_appreciation_pct": 20.8,
        "society_score": 0.390958,
        "society_cluster_score": 0.445962,
        "hospital_score": 0.704812,
        "market_score": 0.394867,
        "sez_workplace_score": 0.209441,
        "habitability_score": 0.661038,
        "habitability_class": "habitable",
        "habitable_for_residential_tam": true,
        "societies_direct_count": 2,
        "societies_nearby_count": 4,
        "society_cluster_project_count": 9,
        "hospitals_nearby_count": 66,
        "top_societies": "DS Max Sky Shubham (Aspirational Premium, TAM 128) | Definer Hi Life (Aspirational Premium, TAM 115) | Oceanus Tranquil (Aspirational Premium, TAM 259) | Pashmina Waterfront (Ultra Luxury, TAM 128)",
        "top_hospitals": "Cloudnine Hospital - HRBR (Ultra Premium, 11.0 min) | Trilife Hospital (Ultra Premium, 13.4 min) | Aster Women & Children Hospital (Ultra Premium, 16.7 min) | Aster Whitefield Hospital (Ultra Premium, 16.7 min) | Altor Hospital (Super Premium, 6.8 min)",
        "quality_flags": "",
        "commute_score": 88.7,
        "commute_band": "Excellent commute convenience",
        "centroid_lat": 13.037993973456963,
        "centroid_lon": 77.7010131771724,
        "zone": "North-East"
      }
    },
    {
      "type": "Feature",
      "geometry": {
        "type": "Polygon",
        "coordinates": [
          [
            [
              77.66199271086889,
              12.97575339049564
            ],
            [
              77.65798963408243,
              12.988242552908835
            ],
            [
              77.64538602141837,
              12.990781808162094
            ],
            [
              77.63678701449375,
              12.980833287254027
            ],
            [
              77.64078990307624,
              12.968345622399562
            ],
            [
              77.65339198706756,
              12.96580498089541
            ],
            [
              77.66199271086889,
              12.97575339049564
            ]
          ]
        ]
      },
      "properties": {
        "rank": 116,
        "hex_id": "8761892ecffffff",
        "name": "Indiranagar",
        "final_affluence_score": 42.536,
        "affluence_tier": "Mixed / Watchlist",
        "spatial_relation": "local_signal",
        "confidence_score": 0.9,
        "countable_family_tam": 0.0,
        "direct_family_tam": 0.0,
        "direct_total_units": 0.0,
        "direct_luxury_society_tam": 0.0,
        "conservative_50l_plus_family_tam": 0.0,
        "conservative_50l_plus_share_of_direct_tam": 0.0,
        "estimated_40l_plus_family_tam_linear_25_50_split": 0.0,
        "estimated_40l_plus_share_linear_25_50_split": 0.0,
        "nearby_family_tam_weighted_context": 19.89,
        "society_cluster_tam_weighted_context_not_counted": 324.05,
        "market_price_per_sqft": 6147.672199170124,
        "refined_budget_segment": "Premium Candidate",
        "premium_candidate_score": 0.1825174293657914,
        "rental_yield_pct": 2.0,
        "yearly_appreciation_pct": 15.0,
        "society_score": 0.211404,
        "society_cluster_score": 0.48856,
        "hospital_score": 0.919745,
        "market_score": 0.482768,
        "sez_workplace_score": 0.389575,
        "habitability_score": 0.927839,
        "habitability_class": "dense_habitable",
        "habitable_for_residential_tam": true,
        "societies_direct_count": 0,
        "societies_nearby_count": 2,
        "society_cluster_project_count": 15,
        "hospitals_nearby_count": 157,
        "top_societies": "Brigade Jacaranda (Super Luxury, TAM 128) | Prestige Leela Residences (Ultra Luxury, TAM 75)",
        "top_hospitals": "Manipal Hospitals Old Airport Road (Ultra Premium, 5.6 min) | Cloudnine Hospital - Whitefield (Ultra Premium, 4.6 min) | Vikram Aura Hospital (Ultra Premium, 10.2 min) | Manipal Clinic Indiranagar (Ultra Premium, 4.2 min) | YOS Sports Health Specialists (Ultra Premium, 3.5 min)",
        "quality_flags": "no_direct_society_tam",
        "commute_score": 91.4,
        "commute_band": "Excellent commute convenience",
        "centroid_lat": 12.97829382657375,
        "centroid_lon": 77.64938907665191,
        "zone": "East"
      }
    },
    {
      "type": "Feature",
      "geometry": {
        "type": "Polygon",
        "coordinates": [
          [
            [
              77.56696251308337,
              13.088287488726007
            ],
            [
              77.5629583950254,
              13.10076376811996
            ],
            [
              77.55036284767795,
              13.103288660619597
            ],
            [
              77.54177294900201,
              13.093338668446785
            ],
            [
              77.54577687351782,
              13.080863886449768
            ],
            [
              77.55837089053102,
              13.078337599229632
            ],
            [
              77.56696251308337,
              13.088287488726007
            ]
          ]
        ]
      },
      "properties": {
        "rank": 117,
        "hex_id": "876016961ffffff",
        "name": "Singapura",
        "final_affluence_score": 41.5435,
        "affluence_tier": "Mixed / Watchlist",
        "spatial_relation": "local_signal",
        "confidence_score": 0.92,
        "countable_family_tam": 0.0,
        "direct_family_tam": 256.0,
        "direct_total_units": 300.0,
        "direct_luxury_society_tam": 0.0,
        "conservative_50l_plus_family_tam": 0.0,
        "conservative_50l_plus_share_of_direct_tam": 0.0,
        "estimated_40l_plus_family_tam_linear_25_50_split": 0.0,
        "estimated_40l_plus_share_linear_25_50_split": 0.0,
        "nearby_family_tam_weighted_context": 317.79,
        "society_cluster_tam_weighted_context_not_counted": 584.4,
        "market_price_per_sqft": 5871.769230769231,
        "refined_budget_segment": "Mid-Segment",
        "premium_candidate_score": 0.003239558610180075,
        "rental_yield_pct": 3.0,
        "yearly_appreciation_pct": 38.7,
        "society_score": 0.385399,
        "society_cluster_score": 0.467882,
        "hospital_score": 0.644622,
        "market_score": 0.463417,
        "sez_workplace_score": 0.00179,
        "habitability_score": 0.70212,
        "habitability_class": "habitable",
        "habitable_for_residential_tam": true,
        "societies_direct_count": 2,
        "societies_nearby_count": 4,
        "society_cluster_project_count": 8,
        "hospitals_nearby_count": 58,
        "top_societies": "Arvind Bel Air (Aspirational Premium, TAM 128) | Park Residency (Aspirational Premium, TAM 128) | SMR Vinay Estella (Aspirational Premium, TAM 268) | Prestige Willow Tree (Aspirational Premium, TAM 383)",
        "top_hospitals": "Aster CMI Hospital (Ultra Premium, 12.6 min) | Maarga (Ultra Premium, 7.8 min) | Aveksha Hospital (Ultra Premium, 4.2 min) | Mind and Brain hospital (Ultra Premium, 10.1 min) | People Tree Hospitals (Ultra Premium, 15.8 min)",
        "quality_flags": "",
        "commute_score": 88.4,
        "commute_band": "Excellent commute convenience",
        "centroid_lat": 13.090813568275784,
        "centroid_lon": 77.55436694105605,
        "zone": "North"
      }
    },
    {
      "type": "Feature",
      "geometry": {
        "type": "Polygon",
        "coordinates": [
          [
            [
              77.66838020762837,
              13.102966908771556
            ],
            [
              77.66437545051818,
              13.115451226726334
            ],
            [
              77.65176578489361,
              13.117981385491834
            ],
            [
              77.64316240655769,
              13.108028614130147
            ],
            [
              77.64716697565827,
              13.095545788321605
            ],
            [
              77.65977511138507,
              13.093014241728296
            ],
            [
              77.66838020762837,
              13.102966908771556
            ]
          ]
        ]
      },
      "properties": {
        "rank": 118,
        "hex_id": "8761892deffffff",
        "name": "Kannuru",
        "final_affluence_score": 40.9897,
        "affluence_tier": "Mixed / Watchlist",
        "spatial_relation": "local_signal",
        "confidence_score": 0.6667,
        "countable_family_tam": 0.0,
        "direct_family_tam": 0.0,
        "direct_total_units": 0.0,
        "direct_luxury_society_tam": 0.0,
        "conservative_50l_plus_family_tam": 0.0,
        "conservative_50l_plus_share_of_direct_tam": 0.0,
        "estimated_40l_plus_family_tam_linear_25_50_split": 0.0,
        "estimated_40l_plus_share_linear_25_50_split": 0.0,
        "nearby_family_tam_weighted_context": 125.93,
        "society_cluster_tam_weighted_context_not_counted": 528.83,
        "market_price_per_sqft": 10050.0,
        "refined_budget_segment": "Mid-Segment",
        "premium_candidate_score": 0.18343069831517717,
        "rental_yield_pct": 4.0,
        "yearly_appreciation_pct": 1.5,
        "society_score": 0.324885,
        "society_cluster_score": 0.457526,
        "hospital_score": 0.521216,
        "market_score": 0.620719,
        "sez_workplace_score": 0.0,
        "habitability_score": 0.296199,
        "habitability_class": "sparse_habitable",
        "habitable_for_residential_tam": true,
        "societies_direct_count": 0,
        "societies_nearby_count": 1,
        "society_cluster_project_count": 4,
        "hospitals_nearby_count": 45,
        "top_societies": "Sobha Dream Gardens (Aspirational Premium, TAM 1,513)",
        "top_hospitals": "Maarga (Ultra Premium, 18.5 min) | Trilife Hospital (Ultra Premium, 21.6 min) | Regal Hospital (Super Premium, 11.4 min) | Shishuka Children's Specialty Hospital (Ultra Premium, 18.7 min) | Cloudnine Hospital - HRBR (Ultra Premium, 22.4 min)",
        "quality_flags": "no_direct_society_tam",
        "commute_score": 86.3,
        "commute_band": "Excellent commute convenience",
        "centroid_lat": 13.105498251725166,
        "centroid_lon": 77.65577052064236,
        "zone": "North-East"
      }
    },
    {
      "type": "Feature",
      "geometry": {
        "type": "Polygon",
        "coordinates": [
          [
            [
              77.65176578489361,
              13.117981385491834
            ],
            [
              77.64776090417013,
              13.13046364175221
            ],
            [
              77.63515283376879,
              13.132991634345869
            ],
            [
              77.626551174516,
              13.123038759911639
            ],
            [
              77.6305558663009,
              13.110557995956475
            ],
            [
              77.64316240655769,
              13.108028614130147
            ],
            [
              77.65176578489361,
              13.117981385491834
            ]
          ]
        ]
      },
      "properties": {
        "rank": 119,
        "hex_id": "8761892daffffff",
        "name": "Byyappanahalli",
        "final_affluence_score": 40.8663,
        "affluence_tier": "Mixed / Watchlist",
        "spatial_relation": "local_signal",
        "confidence_score": 0.8333,
        "countable_family_tam": 0.0,
        "direct_family_tam": 0.0,
        "direct_total_units": 0.0,
        "direct_luxury_society_tam": 0.0,
        "conservative_50l_plus_family_tam": 0.0,
        "conservative_50l_plus_share_of_direct_tam": 0.0,
        "estimated_40l_plus_family_tam_linear_25_50_split": 0.0,
        "estimated_40l_plus_share_linear_25_50_split": 0.0,
        "nearby_family_tam_weighted_context": 0.0,
        "society_cluster_tam_weighted_context_not_counted": 585.38,
        "market_price_per_sqft": 14000.0,
        "refined_budget_segment": "Ultra Premium",
        "premium_candidate_score": 0.7517809118074595,
        "rental_yield_pct": 2.0,
        "yearly_appreciation_pct": 14.3,
        "society_score": 0.1485,
        "society_cluster_score": 0.530356,
        "hospital_score": 0.505855,
        "market_score": 0.832595,
        "sez_workplace_score": 0.015016,
        "habitability_score": 0.423913,
        "habitability_class": "sparse_habitable",
        "habitable_for_residential_tam": true,
        "societies_direct_count": 0,
        "societies_nearby_count": 0,
        "society_cluster_project_count": 8,
        "hospitals_nearby_count": 39,
        "top_societies": "",
        "top_hospitals": "Maarga (Ultra Premium, 13.8 min) | Manipal Hospital (Super Premium, 8.9 min) | Regal Hospital (Super Premium, 9.9 min) | Aster CMI Hospital (Ultra Premium, 23.9 min) | Mind and Brain hospital (Ultra Premium, 21.1 min)",
        "quality_flags": "no_direct_society_tam",
        "commute_score": 85.1,
        "commute_band": "Excellent commute convenience",
        "centroid_lat": 13.12051056323012,
        "centroid_lon": 77.6391576925841,
        "zone": "North"
      }
    },
    {
      "type": "Feature",
      "geometry": {
        "type": "Polygon",
        "coordinates": [
          [
            [
              77.49254004223002,
              12.916490348557865
            ],
            [
              77.48853850325409,
              12.928967494877261
            ],
            [
              77.47595993922123,
              12.931500626622519
            ],
            [
              77.46738444347578,
              12.921558009231985
            ],
            [
              77.47138578506784,
              12.909082370630214
            ],
            [
              77.48396282006705,
              12.906547841704734
            ],
            [
              77.49254004223002,
              12.916490348557865
            ]
          ]
        ]
      },
      "properties": {
        "rank": 120,
        "hex_id": "8760145adffffff",
        "name": "Kengal Hanumanthaiah West-Kengeri",
        "final_affluence_score": 38.9331,
        "affluence_tier": "Low Evidence",
        "spatial_relation": "low_evidence",
        "confidence_score": 0.92,
        "countable_family_tam": 0.0,
        "direct_family_tam": 85.0,
        "direct_total_units": 100.0,
        "direct_luxury_society_tam": 0.0,
        "conservative_50l_plus_family_tam": 0.0,
        "conservative_50l_plus_share_of_direct_tam": 0.0,
        "estimated_40l_plus_family_tam_linear_25_50_split": 0.0,
        "estimated_40l_plus_share_linear_25_50_split": 0.0,
        "nearby_family_tam_weighted_context": 142.25,
        "society_cluster_tam_weighted_context_not_counted": 254.03,
        "market_price_per_sqft": 14000.0,
        "refined_budget_segment": "Mixed/Diverse",
        "premium_candidate_score": 0.4397527274460187,
        "rental_yield_pct": 3.0,
        "yearly_appreciation_pct": 40.0,
        "society_score": 0.259438,
        "society_cluster_score": 0.308764,
        "hospital_score": 0.540397,
        "market_score": 0.677893,
        "sez_workplace_score": 0.201409,
        "habitability_score": 0.677591,
        "habitability_class": "habitable",
        "habitable_for_residential_tam": true,
        "societies_direct_count": 1,
        "societies_nearby_count": 4,
        "society_cluster_project_count": 6,
        "hospitals_nearby_count": 46,
        "top_societies": "DRA Ranka Aquagreens (Aspirational Premium, TAM 85) | MBR Shangri-la (Aspirational Premium, TAM 306) | Gopalan Sanskriti (Luxury, TAM 153) | Linea Sunflower (Aspirational Premium, TAM 74)",
        "top_hospitals": "Motherhood Hospital (Ultra Premium, 4.2 min) | SS Sparsh Hospital (Ultra Premium, 11.0 min) | Pathway Hospitals (Ultra Premium, 10.5 min) | Brains Super Speciality Hospital (Ultra Premium, 10.8 min) | Gleneagles Hospitals (Mid-Premium, 7.1 min)",
        "quality_flags": "",
        "commute_score": 93.8,
        "commute_band": "Excellent commute convenience",
        "centroid_lat": 12.919024664940528,
        "centroid_lon": 77.47996145111618,
        "zone": "South-West"
      }
    },
    {
      "type": "Feature",
      "geometry": {
        "type": "Polygon",
        "coordinates": [
          [
            [
              77.55778778413058,
              13.043434290125761
            ],
            [
              77.55378429111347,
              13.055911696014908
            ],
            [
              77.54119180423722,
              13.058439377922884
            ],
            [
              77.53260434059672,
              13.048491048596787
            ],
            [
              77.53660763962702,
              13.03601514233528
            ],
            [
              77.54919859656368,
              13.033486065773731
            ],
            [
              77.55778778413058,
              13.043434290125761
            ]
          ]
        ]
      },
      "properties": {
        "rank": 121,
        "hex_id": "876014590ffffff",
        "name": "HMT Ward",
        "final_affluence_score": 38.5694,
        "affluence_tier": "Low Evidence",
        "spatial_relation": "low_evidence",
        "confidence_score": 0.9,
        "countable_family_tam": 0.0,
        "direct_family_tam": 0.0,
        "direct_total_units": 0.0,
        "direct_luxury_society_tam": 0.0,
        "conservative_50l_plus_family_tam": 0.0,
        "conservative_50l_plus_share_of_direct_tam": 0.0,
        "estimated_40l_plus_family_tam_linear_25_50_split": 0.0,
        "estimated_40l_plus_share_linear_25_50_split": 0.0,
        "nearby_family_tam_weighted_context": 0.0,
        "society_cluster_tam_weighted_context_not_counted": 132.78,
        "market_price_per_sqft": 9759.12,
        "refined_budget_segment": "Mid-Segment",
        "premium_candidate_score": 0.23426817626791302,
        "rental_yield_pct": 1.981818181818182,
        "yearly_appreciation_pct": 3.4285714285714284,
        "society_score": 0.086761,
        "society_cluster_score": 0.309859,
        "hospital_score": 0.791622,
        "market_score": 0.664565,
        "sez_workplace_score": 0.651914,
        "habitability_score": 0.555588,
        "habitability_class": "habitable",
        "habitable_for_residential_tam": true,
        "societies_direct_count": 0,
        "societies_nearby_count": 0,
        "society_cluster_project_count": 6,
        "hospitals_nearby_count": 101,
        "top_societies": "",
        "top_hospitals": "People Tree Hospitals (Ultra Premium, 5.7 min) | Aster CMI Hospital (Ultra Premium, 12.0 min) | Smiles Institute of Gastroenterology (Ultra Premium, 5.3 min) | Mind and Brain hospital (Ultra Premium, 10.0 min) | SPARSH Hospital (Premium, 6.1 min)",
        "quality_flags": "no_direct_society_tam",
        "commute_score": 89.8,
        "commute_band": "Excellent commute convenience",
        "centroid_lat": 13.045963158127723,
        "centroid_lon": 77.5451952722818,
        "zone": "North-West"
      }
    },
    {
      "type": "Feature",
      "geometry": {
        "type": "Polygon",
        "coordinates": [
          [
            [
              77.61854135685135,
              13.147997651162102
            ],
            [
              77.61453623103421,
              13.160475775908598
            ],
            [
              77.60193135673734,
              13.162999431776283
            ],
            [
              77.59333313917337,
              13.153046354934645
            ],
            [
              77.59733807419504,
              13.14056972280619
            ],
            [
              77.60994141785629,
              13.138044674901233
            ],
            [
              77.61854135685135,
              13.147997651162102
            ]
          ]
        ]
      },
      "properties": {
        "rank": 122,
        "hex_id": "876016970ffffff",
        "name": "Bettahalasuru",
        "final_affluence_score": 38.4806,
        "affluence_tier": "Low Evidence",
        "spatial_relation": "low_evidence",
        "confidence_score": 0.5667,
        "countable_family_tam": 463.0,
        "direct_family_tam": 463.0,
        "direct_total_units": 545.0,
        "direct_luxury_society_tam": 463.0,
        "conservative_50l_plus_family_tam": 0.0,
        "conservative_50l_plus_share_of_direct_tam": 0.0,
        "estimated_40l_plus_family_tam_linear_25_50_split": 463.0,
        "estimated_40l_plus_share_linear_25_50_split": 1.0,
        "nearby_family_tam_weighted_context": 463.0,
        "society_cluster_tam_weighted_context_not_counted": 478.8,
        "market_price_per_sqft": 9050.0,
        "refined_budget_segment": "Mid-Segment",
        "premium_candidate_score": 0.006083322742682486,
        "rental_yield_pct": null,
        "yearly_appreciation_pct": null,
        "society_score": 0.458139,
        "society_cluster_score": 0.338536,
        "hospital_score": 0.303503,
        "market_score": 0.444982,
        "sez_workplace_score": 0.01579,
        "habitability_score": 0.278462,
        "habitability_class": "sparse_habitable",
        "habitable_for_residential_tam": true,
        "societies_direct_count": 1,
        "societies_nearby_count": 1,
        "society_cluster_project_count": 2,
        "hospitals_nearby_count": 19,
        "top_societies": "Mahaveer Celesse (Luxury, TAM 463)",
        "top_hospitals": "Maarga (Ultra Premium, 18.1 min) | Manipal Hospital (Super Premium, 13.2 min) | Aster CMI Hospital (Ultra Premium, 28.1 min) | Mind and Brain hospital (Ultra Premium, 25.4 min) | Medstar Speciality Hospital (Ultra Premium, 24.8 min)",
        "quality_flags": "",
        "commute_score": 76.2,
        "commute_band": "Strong commute convenience",
        "centroid_lat": 13.150522494082113,
        "centroid_lon": 77.60593645955335,
        "zone": "North"
      }
    },
    {
      "type": "Feature",
      "geometry": {
        "type": "Polygon",
        "coordinates": [
          [
            [
              77.46681253352831,
              12.886664438495007
            ],
            [
              77.4628115051572,
              12.899140613181643
            ],
            [
              77.45023761097514,
              12.90167438388953
            ],
            [
              77.44166627431524,
              12.891733378406954
            ],
            [
              77.44566710394037,
              12.87925871380825
            ],
            [
              77.45823946924884,
              12.876723544608142
            ],
            [
              77.46681253352831,
              12.886664438495007
            ]
          ]
        ]
      },
      "properties": {
        "rank": 123,
        "hex_id": "876014518ffffff",
        "name": "Kambipura",
        "final_affluence_score": 38.2848,
        "affluence_tier": "Low Evidence",
        "spatial_relation": "low_evidence",
        "confidence_score": 0.8,
        "countable_family_tam": 0.0,
        "direct_family_tam": 880.0,
        "direct_total_units": 1035.0,
        "direct_luxury_society_tam": 0.0,
        "conservative_50l_plus_family_tam": 0.0,
        "conservative_50l_plus_share_of_direct_tam": 0.0,
        "estimated_40l_plus_family_tam_linear_25_50_split": 0.0,
        "estimated_40l_plus_share_linear_25_50_split": 0.0,
        "nearby_family_tam_weighted_context": 936.1,
        "society_cluster_tam_weighted_context_not_counted": 1071.81,
        "market_price_per_sqft": 3594.607548043529,
        "refined_budget_segment": "Affordable",
        "premium_candidate_score": 8.380569860831484e-05,
        "rental_yield_pct": 3.9472578763127184,
        "yearly_appreciation_pct": 26.4,
        "society_score": 0.491801,
        "society_cluster_score": 0.453954,
        "hospital_score": 0.306495,
        "market_score": 0.335247,
        "sez_workplace_score": 0.0,
        "habitability_score": 0.453179,
        "habitability_class": "sparse_habitable",
        "habitable_for_residential_tam": true,
        "societies_direct_count": 1,
        "societies_nearby_count": 2,
        "society_cluster_project_count": 4,
        "hospitals_nearby_count": 17,
        "top_societies": "Brigade Panorama (Aspirational Premium, TAM 880) | Provident Sunworth (Aspirational Premium, TAM 850)",
        "top_hospitals": "Motherhood Hospital (Ultra Premium, 13.6 min) | Pathway Hospitals (Ultra Premium, 18.3 min) | SS Sparsh Hospital (Ultra Premium, 20.4 min) | Brains Super Speciality Hospital (Ultra Premium, 20.6 min) | DHEE Hospitals (Ultra Premium, 29.4 min)",
        "quality_flags": "",
        "commute_score": 84.8,
        "commute_band": "Excellent commute convenience",
        "centroid_lat": 12.889199393829593,
        "centroid_lon": 77.45423861143217,
        "zone": "South-West"
      }
    },
    {
      "type": "Feature",
      "geometry": {
        "type": "Polygon",
        "coordinates": [
          [
            [
              77.54119180423722,
              13.058439377922884
            ],
            [
              77.53718819246127,
              13.070914723884568
            ],
            [
              77.52459731167798,
              13.073440240737384
            ],
            [
              77.51601157312984,
              13.0634918076847
            ],
            [
              77.52001498999377,
              13.051017961504243
            ],
            [
              77.53260434059672,
              13.048491048596787
            ],
            [
              77.54119180423722,
              13.058439377922884
            ]
          ]
        ]
      },
      "properties": {
        "rank": 124,
        "hex_id": "876014593ffffff",
        "name": "Shettihalli-Abbigere",
        "final_affluence_score": 37.6055,
        "affluence_tier": "Low Evidence",
        "spatial_relation": "low_evidence",
        "confidence_score": 0.75,
        "countable_family_tam": 0.0,
        "direct_family_tam": 131.0,
        "direct_total_units": 154.0,
        "direct_luxury_society_tam": 0.0,
        "conservative_50l_plus_family_tam": 0.0,
        "conservative_50l_plus_share_of_direct_tam": 0.0,
        "estimated_40l_plus_family_tam_linear_25_50_split": 0.0,
        "estimated_40l_plus_share_linear_25_50_split": 0.0,
        "nearby_family_tam_weighted_context": 131.0,
        "society_cluster_tam_weighted_context_not_counted": 207.85,
        "market_price_per_sqft": 8059.622238061296,
        "refined_budget_segment": "Affordable",
        "premium_candidate_score": 0.07972659187205444,
        "rental_yield_pct": null,
        "yearly_appreciation_pct": 22.603016591251887,
        "society_score": 0.302693,
        "society_cluster_score": 0.333959,
        "hospital_score": 0.699194,
        "market_score": 0.471807,
        "sez_workplace_score": 0.317875,
        "habitability_score": 0.535409,
        "habitability_class": "habitable",
        "habitable_for_residential_tam": true,
        "societies_direct_count": 1,
        "societies_nearby_count": 1,
        "society_cluster_project_count": 3,
        "hospitals_nearby_count": 68,
        "top_societies": "Renaissance Woods (Aspirational Premium, TAM 131)",
        "top_hospitals": "People Tree Hospitals (Ultra Premium, 10.8 min) | Aveksha Hospital (Ultra Premium, 6.2 min) | Aster CMI Hospital (Ultra Premium, 16.5 min) | Smiles Institute of Gastroenterology (Ultra Premium, 9.9 min) | Mind and Brain hospital (Ultra Premium, 14.6 min)",
        "quality_flags": "",
        "commute_score": 88.2,
        "commute_band": "Excellent commute convenience",
        "centroid_lat": 13.060966081822219,
        "centroid_lon": 77.52860089793658,
        "zone": "North-West"
      }
    },
    {
      "type": "Feature",
      "geometry": {
        "type": "Polygon",
        "coordinates": [
          [
            [
              77.57155123537515,
              13.110714484739125
            ],
            [
              77.5675468048057,
              13.123190195387249
            ],
            [
              77.55494972692668,
              13.12571369313531
            ],
            [
              77.54635861042806,
              13.115762874987578
            ],
            [
              77.55036284767795,
              13.103288660619597
            ],
            [
              77.5629583950254,
              13.10076376811996
            ],
            [
              77.57155123537515,
              13.110714484739125
            ]
          ]
        ]
      },
      "properties": {
        "rank": 125,
        "hex_id": "876016963ffffff",
        "name": "Ramagondanahalli",
        "final_affluence_score": 37.463,
        "affluence_tier": "Low Evidence",
        "spatial_relation": "low_evidence",
        "confidence_score": 0.7867,
        "countable_family_tam": 0.0,
        "direct_family_tam": 0.0,
        "direct_total_units": 0.0,
        "direct_luxury_society_tam": 0.0,
        "conservative_50l_plus_family_tam": 0.0,
        "conservative_50l_plus_share_of_direct_tam": 0.0,
        "estimated_40l_plus_family_tam_linear_25_50_split": 0.0,
        "estimated_40l_plus_share_linear_25_50_split": 0.0,
        "nearby_family_tam_weighted_context": 41.63,
        "society_cluster_tam_weighted_context_not_counted": 427.32,
        "market_price_per_sqft": 6250.0,
        "refined_budget_segment": "Premium",
        "premium_candidate_score": 0.3718601328728983,
        "rental_yield_pct": null,
        "yearly_appreciation_pct": 55.2,
        "society_score": 0.249493,
        "society_cluster_score": 0.525268,
        "hospital_score": 0.541829,
        "market_score": 0.46458,
        "sez_workplace_score": 0.405924,
        "habitability_score": 0.449301,
        "habitability_class": "sparse_habitable",
        "habitable_for_residential_tam": true,
        "societies_direct_count": 0,
        "societies_nearby_count": 4,
        "society_cluster_project_count": 13,
        "hospitals_nearby_count": 44,
        "top_societies": "Inland Edilon (Luxury, TAM 99) | Prestige Monte Carlo (Super Luxury, TAM 128) | Vaishnavi Serene (Premium, TAM 128) | MN Orchid (Aspirational Premium, TAM 92)",
        "top_hospitals": "Maarga (Ultra Premium, 8.8 min) | Aveksha Hospital (Ultra Premium, 9.1 min) | Aster CMI Hospital (Ultra Premium, 20.2 min) | People Tree Hospitals (Ultra Premium, 20.9 min) | Mind and Brain hospital (Ultra Premium, 20.5 min)",
        "quality_flags": "no_direct_society_tam",
        "commute_score": 81.8,
        "commute_band": "Excellent commute convenience",
        "centroid_lat": 13.113239170014209,
        "centroid_lon": 77.55895413296273,
        "zone": "North"
      }
    },
    {
      "type": "Feature",
      "geometry": {
        "type": "Polygon",
        "coordinates": [
          [
            [
              77.54861667462532,
              12.998582198083904
            ],
            [
              77.54461380667267,
              13.011060715803346
            ],
            [
              77.53202437947817,
              13.0135911869826
            ],
            [
              77.52343935005993,
              13.003644535024735
            ],
            [
              77.5274420235817,
              12.991167519159818
            ],
            [
              77.54002992123141,
              12.988635653400276
            ],
            [
              77.54861667462532,
              12.998582198083904
            ]
          ]
        ]
      },
      "properties": {
        "rank": 126,
        "hex_id": "876014586ffffff",
        "name": "Basaveshwara Nagara",
        "final_affluence_score": 37.3707,
        "affluence_tier": "Low Evidence",
        "spatial_relation": "low_evidence",
        "confidence_score": 0.6,
        "countable_family_tam": 0.0,
        "direct_family_tam": 0.0,
        "direct_total_units": 0.0,
        "direct_luxury_society_tam": 0.0,
        "conservative_50l_plus_family_tam": 0.0,
        "conservative_50l_plus_share_of_direct_tam": 0.0,
        "estimated_40l_plus_family_tam_linear_25_50_split": 0.0,
        "estimated_40l_plus_share_linear_25_50_split": 0.0,
        "nearby_family_tam_weighted_context": 0.0,
        "society_cluster_tam_weighted_context_not_counted": 0.0,
        "market_price_per_sqft": 14015.844173441736,
        "refined_budget_segment": "Premium Candidate",
        "premium_candidate_score": 0.5335571736366063,
        "rental_yield_pct": 3.0,
        "yearly_appreciation_pct": 10.282611464968152,
        "society_score": 0.0,
        "society_cluster_score": 0.0,
        "hospital_score": 0.840003,
        "market_score": 0.826576,
        "sez_workplace_score": 0.383344,
        "habitability_score": 1.0,
        "habitability_class": "dense_habitable",
        "habitable_for_residential_tam": true,
        "societies_direct_count": 0,
        "societies_nearby_count": 0,
        "society_cluster_project_count": 0,
        "hospitals_nearby_count": 114,
        "top_societies": "",
        "top_hospitals": "People Tree Hospitals (Ultra Premium, 8.7 min) | Manipal Hospital Malleshwaram (Super Premium, 7.4 min) | OPTIMA Super Speciality Hospital  (Premium, 3.0 min) | RxDx Healthcare (Ultra Premium, 6.6 min) | Sanjeevini MultispecialIty Hospital (Premium, 3.1 min)",
        "quality_flags": "no_direct_society_tam",
        "commute_score": 95.3,
        "commute_band": "Excellent commute convenience",
        "centroid_lat": 13.001113854397865,
        "centroid_lon": 77.53602722216601,
        "zone": "North-West"
      }
    },
    {
      "type": "Feature",
      "geometry": {
        "type": "Polygon",
        "coordinates": [
          [
            [
              77.56979739968311,
              13.005996845074437
            ],
            [
              77.56579433844672,
              13.018476863379618
            ],
            [
              77.55320177705151,
              13.021008102136088
            ],
            [
              77.54461380667267,
              13.011060715803346
            ],
            [
              77.54861667462532,
              12.998582198083904
            ],
            [
              77.56120770651967,
              12.996049566113214
            ],
            [
              77.56979739968311,
              13.005996845074437
            ]
          ]
        ]
      },
      "properties": {
        "rank": 127,
        "hex_id": "8760145b3ffffff",
        "name": "Nalwadi Krishnaraja Wadiyar Ward-Malleshwaram",
        "final_affluence_score": 37.2655,
        "affluence_tier": "Low Evidence",
        "spatial_relation": "low_evidence",
        "confidence_score": 0.7,
        "countable_family_tam": 0.0,
        "direct_family_tam": 0.0,
        "direct_total_units": 0.0,
        "direct_luxury_society_tam": 0.0,
        "conservative_50l_plus_family_tam": 0.0,
        "conservative_50l_plus_share_of_direct_tam": 0.0,
        "estimated_40l_plus_family_tam_linear_25_50_split": 0.0,
        "estimated_40l_plus_share_linear_25_50_split": 0.0,
        "nearby_family_tam_weighted_context": 13.38,
        "society_cluster_tam_weighted_context_not_counted": 50.8,
        "market_price_per_sqft": 8339.782278481012,
        "refined_budget_segment": "Mid-Segment",
        "premium_candidate_score": 0.23932751939727306,
        "rental_yield_pct": 2.0232558139534884,
        "yearly_appreciation_pct": 1.9,
        "society_score": 0.051015,
        "society_cluster_score": 0.123523,
        "hospital_score": 0.903348,
        "market_score": 0.627488,
        "sez_workplace_score": 0.441852,
        "habitability_score": 0.961642,
        "habitability_class": "dense_habitable",
        "habitable_for_residential_tam": true,
        "societies_direct_count": 0,
        "societies_nearby_count": 1,
        "society_cluster_project_count": 2,
        "hospitals_nearby_count": 137,
        "top_societies": "Malleshwaram Mansion (Super Luxury, TAM 128)",
        "top_hospitals": "People Tree Hospitals (Ultra Premium, 6.0 min) | Manipal Hospital Malleshwaram (Super Premium, 2.6 min) | Cloudnine Hospital (Premium, 1.6 min) | RxDx Healthcare (Ultra Premium, 1.7 min) | Manipal Hospital, Millers Road ( Vikram Hospitals ) (Ultra Premium, 10.0 min)",
        "quality_flags": "no_direct_society_tam",
        "commute_score": 95.1,
        "commute_band": "Excellent commute convenience",
        "centroid_lat": 13.008529268490516,
        "centroid_lon": 77.55720481371395,
        "zone": "North-West"
      }
    },
    {
      "type": "Feature",
      "geometry": {
        "type": "Polygon",
        "coordinates": [
          [
            [
              77.58180571932974,
              12.968551585752211
            ],
            [
              77.57780309015591,
              12.98103420498328
            ],
            [
              77.56521045543734,
              12.983568996280901
            ],
            [
              77.55662197923367,
              12.973622560119454
            ],
            [
              77.56062441582668,
              12.961141442428561
            ],
            [
              77.57321552148336,
              12.958605259360855
            ],
            [
              77.58180571932974,
              12.968551585752211
            ]
          ]
        ]
      },
      "properties": {
        "rank": 128,
        "hex_id": "8760145b5ffffff",
        "name": "Nehru Nagar",
        "final_affluence_score": 37.1903,
        "affluence_tier": "Low Evidence",
        "spatial_relation": "low_evidence",
        "confidence_score": 0.9,
        "countable_family_tam": 0.0,
        "direct_family_tam": 0.0,
        "direct_total_units": 0.0,
        "direct_luxury_society_tam": 0.0,
        "conservative_50l_plus_family_tam": 0.0,
        "conservative_50l_plus_share_of_direct_tam": 0.0,
        "estimated_40l_plus_family_tam_linear_25_50_split": 0.0,
        "estimated_40l_plus_share_linear_25_50_split": 0.0,
        "nearby_family_tam_weighted_context": 2.76,
        "society_cluster_tam_weighted_context_not_counted": 83.86,
        "market_price_per_sqft": 8615.681492109037,
        "refined_budget_segment": "Mixed - Affordable leaning",
        "premium_candidate_score": 0.218997707764941,
        "rental_yield_pct": 2.903225806451613,
        "yearly_appreciation_pct": 30.078920308483283,
        "society_score": 0.071135,
        "society_cluster_score": 0.238586,
        "hospital_score": 0.92034,
        "market_score": 0.563605,
        "sez_workplace_score": 0.282338,
        "habitability_score": 0.919744,
        "habitability_class": "dense_habitable",
        "habitable_for_residential_tam": true,
        "societies_direct_count": 0,
        "societies_nearby_count": 1,
        "society_cluster_project_count": 9,
        "hospitals_nearby_count": 164,
        "top_societies": "Fateh Perfecta Charisma (Super Luxury, TAM 20)",
        "top_hospitals": "Apollo Hospitals (Ultra Premium, 3.8 min) | Manipal Hospital, Millers Road ( Vikram Hospitals ) (Ultra Premium, 8.6 min) | HCG  - The Specialist in Cancer Care (Ultra Premium, 5.7 min) | Cloudnine Hospital - Jayanagar (Ultra Premium, 9.9 min) | Rangadore Memorial Hospital (Ultra Premium, 4.1 min)",
        "quality_flags": "no_direct_society_tam",
        "commute_score": 95.2,
        "commute_band": "Excellent commute convenience",
        "centroid_lat": 12.971087560270856,
        "centroid_lon": 77.56921306043569,
        "zone": "Central"
      }
    },
    {
      "type": "Feature",
      "geometry": {
        "type": "Polygon",
        "coordinates": [
          [
            [
              77.48338895266149,
              12.871650295396153
            ],
            [
              77.47938803969207,
              12.884128512434776
            ],
            [
              77.46681253352831,
              12.886664438495007
            ],
            [
              77.45823946924884,
              12.876723544608142
            ],
            [
              77.46224018439375,
              12.86424683750253
            ],
            [
              77.47481416192026,
              12.861709514354638
            ],
            [
              77.48338895266149,
              12.871650295396153
            ]
          ]
        ]
      },
      "properties": {
        "rank": 129,
        "hex_id": "87601451cffffff",
        "name": "Kengeri Gollarahalli",
        "final_affluence_score": 36.6467,
        "affluence_tier": "Low Evidence",
        "spatial_relation": "low_evidence",
        "confidence_score": 0.5667,
        "countable_family_tam": 0.0,
        "direct_family_tam": 850.0,
        "direct_total_units": 1000.0,
        "direct_luxury_society_tam": 0.0,
        "conservative_50l_plus_family_tam": 0.0,
        "conservative_50l_plus_share_of_direct_tam": 0.0,
        "estimated_40l_plus_family_tam_linear_25_50_split": 0.0,
        "estimated_40l_plus_share_linear_25_50_split": 0.0,
        "nearby_family_tam_weighted_context": 850.0,
        "society_cluster_tam_weighted_context_not_counted": 983.08,
        "market_price_per_sqft": 2083.0,
        "refined_budget_segment": "Mid-Segment",
        "premium_candidate_score": 0.0,
        "rental_yield_pct": null,
        "yearly_appreciation_pct": 23.8,
        "society_score": 0.501096,
        "society_cluster_score": 0.41905,
        "hospital_score": 0.35635,
        "market_score": 0.193564,
        "sez_workplace_score": 0.0,
        "habitability_score": 0.367925,
        "habitability_class": "sparse_habitable",
        "habitable_for_residential_tam": true,
        "societies_direct_count": 1,
        "societies_nearby_count": 1,
        "society_cluster_project_count": 2,
        "hospitals_nearby_count": 20,
        "top_societies": "Provident Sunworth (Aspirational Premium, TAM 850)",
        "top_hospitals": "Motherhood Hospital (Ultra Premium, 16.1 min) | Pathway Hospitals (Ultra Premium, 15.6 min) | SS Sparsh Hospital (Ultra Premium, 19.4 min) | DHEE Hospitals (Ultra Premium, 22.4 min) | Gleneagles Hospitals (Mid-Premium, 12.1 min)",
        "quality_flags": "",
        "commute_score": 82.9,
        "commute_band": "Excellent commute convenience",
        "centroid_lat": 12.874187405126737,
        "centroid_lon": 77.47081341912646,
        "zone": "South-West"
      }
    },
    {
      "type": "Feature",
      "geometry": {
        "type": "Polygon",
        "coordinates": [
          [
            [
              77.63515283376879,
              13.132991634345869
            ],
            [
              77.63114783014302,
              13.145471826202265
            ],
            [
              77.61854135685135,
              13.147997651162102
            ],
            [
              77.60994141785629,
              13.138044674901233
            ],
            [
              77.61394623161485,
              13.125565975507294
            ],
            [
              77.626551174516,
              13.123038759911639
            ],
            [
              77.63515283376879,
              13.132991634345869
            ]
          ]
        ]
      },
      "properties": {
        "rank": 130,
        "hex_id": "876016974ffffff",
        "name": "Bharathi Nagar",
        "final_affluence_score": 36.6369,
        "affluence_tier": "Low Evidence",
        "spatial_relation": "low_evidence",
        "confidence_score": 0.7667,
        "countable_family_tam": 0.0,
        "direct_family_tam": 0.0,
        "direct_total_units": 0.0,
        "direct_luxury_society_tam": 0.0,
        "conservative_50l_plus_family_tam": 0.0,
        "conservative_50l_plus_share_of_direct_tam": 0.0,
        "estimated_40l_plus_family_tam_linear_25_50_split": 0.0,
        "estimated_40l_plus_share_linear_25_50_split": 0.0,
        "nearby_family_tam_weighted_context": 113.96,
        "society_cluster_tam_weighted_context_not_counted": 528.98,
        "market_price_per_sqft": 1728.0,
        "refined_budget_segment": "Mid-Segment",
        "premium_candidate_score": 0.0,
        "rental_yield_pct": null,
        "yearly_appreciation_pct": null,
        "society_score": 0.368124,
        "society_cluster_score": 0.584939,
        "hospital_score": 0.401174,
        "market_score": 0.18151,
        "sez_workplace_score": 0.300219,
        "habitability_score": 0.369904,
        "habitability_class": "sparse_habitable",
        "habitable_for_residential_tam": true,
        "societies_direct_count": 0,
        "societies_nearby_count": 3,
        "society_cluster_project_count": 7,
        "hospitals_nearby_count": 27,
        "top_societies": "Mahaveer Celesse (Luxury, TAM 463) | Sattva Exotic (Premium, TAM 293) | Nitesh Columbus Square (Aspirational Premium, TAM 309)",
        "top_hospitals": "Manipal Hospital (Super Premium, 7.1 min) | Maarga (Ultra Premium, 12.0 min) | Aster CMI Hospital (Ultra Premium, 22.1 min) | Mind and Brain hospital (Ultra Premium, 19.3 min) | Regal Hospital (Super Premium, 15.4 min)",
        "quality_flags": "no_direct_society_tam",
        "commute_score": 83.3,
        "commute_band": "Excellent commute convenience",
        "centroid_lat": 13.135518645405064,
        "centroid_lon": 77.62254633802239,
        "zone": "North"
      }
    },
    {
      "type": "Feature",
      "geometry": {
        "type": "Polygon",
        "coordinates": [
          [
            [
              77.65101567177418,
              12.826085179826142
            ],
            [
              77.64701458504308,
              12.838579591627019
            ],
            [
              77.63441854731755,
              12.841129311475733
            ],
            [
              77.62582512385642,
              12.831186004103374
            ],
            [
              77.62982602196605,
              12.818693096349076
            ],
            [
              77.64242053243798,
              12.816141991922994
            ],
            [
              77.65101567177418,
              12.826085179826142
            ]
          ]
        ]
      },
      "properties": {
        "rank": 131,
        "hex_id": "876189261ffffff",
        "name": "Bangipura",
        "final_affluence_score": 36.1657,
        "affluence_tier": "Low Evidence",
        "spatial_relation": "low_evidence",
        "confidence_score": 0.8667,
        "countable_family_tam": 0.0,
        "direct_family_tam": 0.0,
        "direct_total_units": 0.0,
        "direct_luxury_society_tam": 0.0,
        "conservative_50l_plus_family_tam": 0.0,
        "conservative_50l_plus_share_of_direct_tam": 0.0,
        "estimated_40l_plus_family_tam_linear_25_50_split": 0.0,
        "estimated_40l_plus_share_linear_25_50_split": 0.0,
        "nearby_family_tam_weighted_context": 225.33,
        "society_cluster_tam_weighted_context_not_counted": 1584.81,
        "market_price_per_sqft": null,
        "refined_budget_segment": "Mid-Segment",
        "premium_candidate_score": 0.0,
        "rental_yield_pct": null,
        "yearly_appreciation_pct": null,
        "society_score": 0.386112,
        "society_cluster_score": 0.628212,
        "hospital_score": 0.617264,
        "market_score": 0.151655,
        "sez_workplace_score": 0.031409,
        "habitability_score": 0.361274,
        "habitability_class": "sparse_habitable",
        "habitable_for_residential_tam": true,
        "societies_direct_count": 0,
        "societies_nearby_count": 7,
        "society_cluster_project_count": 14,
        "hospitals_nearby_count": 58,
        "top_societies": "PSR Krish Kamal (Aspirational Premium, TAM 298) | Ajmera Stone Park (Premium, TAM 357) | Genesis Ecosphere (Luxury, TAM 136) | Mahendra Elena 5 (Luxury, TAM 255) | Ittina Mahavir (Aspirational Premium, TAM 870)",
        "top_hospitals": "Kauvery Hospitals (Ultra Premium, 9.3 min) | Cloudnine Hospital - Electronics City (Super Premium, 3.9 min) | Springleaf Healthcare (Ultra Premium, 10.4 min) | Apollo Hospital (Ultra Premium, 19.5 min) | Fortis Hospital (Ultra Premium, 19.7 min)",
        "quality_flags": "no_direct_society_tam",
        "commute_score": 84.7,
        "commute_band": "Excellent commute convenience",
        "centroid_lat": 12.828636076618883,
        "centroid_lon": 77.63841961215766,
        "zone": "South"
      }
    },
    {
      "type": "Feature",
      "geometry": {
        "type": "Polygon",
        "coordinates": [
          [
            [
              77.59205192519426,
              12.826340596294706
            ],
            [
              77.58805109606908,
              12.83882997032599
            ],
            [
              77.5754629022494,
              12.841376020198334
            ],
            [
              77.56687706542778,
              12.831434084769198
            ],
            [
              77.57087770270937,
              12.818946217496661
            ],
            [
              77.58346436893507,
              12.816398778897593
            ],
            [
              77.59205192519426,
              12.826340596294706
            ]
          ]
        ]
      },
      "properties": {
        "rank": 132,
        "hex_id": "876189269ffffff",
        "name": "Bannerughatta",
        "final_affluence_score": 35.7992,
        "affluence_tier": "Low Evidence",
        "spatial_relation": "low_evidence",
        "confidence_score": 0.6167,
        "countable_family_tam": 0.0,
        "direct_family_tam": 0.0,
        "direct_total_units": 0.0,
        "direct_luxury_society_tam": 0.0,
        "conservative_50l_plus_family_tam": 0.0,
        "conservative_50l_plus_share_of_direct_tam": 0.0,
        "estimated_40l_plus_family_tam_linear_25_50_split": 0.0,
        "estimated_40l_plus_share_linear_25_50_split": 0.0,
        "nearby_family_tam_weighted_context": 8.3,
        "society_cluster_tam_weighted_context_not_counted": 119.67,
        "market_price_per_sqft": 9462.0,
        "refined_budget_segment": "Mid-Segment",
        "premium_candidate_score": 0.1325716616792676,
        "rental_yield_pct": 3.0,
        "yearly_appreciation_pct": 23.2,
        "society_score": 0.141392,
        "society_cluster_score": 0.353429,
        "hospital_score": 0.507475,
        "market_score": 0.682379,
        "sez_workplace_score": 0.532984,
        "habitability_score": 0.277959,
        "habitability_class": "sparse_habitable",
        "habitable_for_residential_tam": true,
        "societies_direct_count": 0,
        "societies_nearby_count": 1,
        "society_cluster_project_count": 3,
        "hospitals_nearby_count": 41,
        "top_societies": "Jains Aashraya (Premium, TAM 121)",
        "top_hospitals": "Apollo Hospital (Ultra Premium, 17.9 min) | Fortis Hospital (Ultra Premium, 18.2 min) | Aster RV Hospital (Ultra Premium, 23.5 min) | DHEE Hospitals (Ultra Premium, 21.9 min) | Cadabams Hospitals (Ultra Premium, 22.4 min)",
        "quality_flags": "no_direct_society_tam",
        "commute_score": 82.6,
        "commute_band": "Excellent commute convenience",
        "centroid_lat": 12.82888782503909,
        "centroid_lon": 77.57946370755614,
        "zone": "South"
      }
    },
    {
      "type": "Feature",
      "geometry": {
        "type": "Polygon",
        "coordinates": [
          [
            [
              77.48796404604242,
              12.89407015819228
            ],
            [
              77.48396282006705,
              12.906547841704734
            ],
            [
              77.47138578506784,
              12.909082370630214
            ],
            [
              77.4628115051572,
              12.899140613181643
            ],
            [
              77.46681253352831,
              12.886664438495007
            ],
            [
              77.47938803969207,
              12.884128512434776
            ],
            [
              77.48796404604242,
              12.89407015819228
            ]
          ]
        ]
      },
      "properties": {
        "rank": 133,
        "hex_id": "87601451effffff",
        "name": "Hemmigepura",
        "final_affluence_score": 35.749,
        "affluence_tier": "Low Evidence",
        "spatial_relation": "low_evidence",
        "confidence_score": 0.7833,
        "countable_family_tam": 0.0,
        "direct_family_tam": 74.0,
        "direct_total_units": 87.0,
        "direct_luxury_society_tam": 0.0,
        "conservative_50l_plus_family_tam": 0.0,
        "conservative_50l_plus_share_of_direct_tam": 0.0,
        "estimated_40l_plus_family_tam_linear_25_50_split": 0.0,
        "estimated_40l_plus_share_linear_25_50_split": 0.0,
        "nearby_family_tam_weighted_context": 141.35,
        "society_cluster_tam_weighted_context_not_counted": 402.11,
        "market_price_per_sqft": 9866.783783783783,
        "refined_budget_segment": "Mid-Segment",
        "premium_candidate_score": 0.08871320326814561,
        "rental_yield_pct": null,
        "yearly_appreciation_pct": 19.8,
        "society_score": 0.306689,
        "society_cluster_score": 0.378537,
        "hospital_score": 0.338105,
        "market_score": 0.630683,
        "sez_workplace_score": 0.0,
        "habitability_score": 0.384048,
        "habitability_class": "sparse_habitable",
        "habitable_for_residential_tam": true,
        "societies_direct_count": 1,
        "societies_nearby_count": 2,
        "society_cluster_project_count": 5,
        "hospitals_nearby_count": 25,
        "top_societies": "Linea Sunflower (Aspirational Premium, TAM 74) | Provident Sunworth (Aspirational Premium, TAM 850)",
        "top_hospitals": "Pathway Hospitals (Ultra Premium, 15.8 min) | Motherhood Hospital (Ultra Premium, 19.9 min) | DHEE Hospitals (Ultra Premium, 19.5 min) | SS Sparsh Hospital (Ultra Premium, 20.9 min) | Astra Superspeciality Hospital (Super Premium, 22.3 min)",
        "quality_flags": "",
        "commute_score": 83.6,
        "commute_band": "Excellent commute convenience",
        "centroid_lat": 12.896605871272072,
        "centroid_lon": 77.47538698381705,
        "zone": "South-West"
      }
    },
    {
      "type": "Feature",
      "geometry": {
        "type": "Polygon",
        "coordinates": [
          [
            [
              77.54403247664308,
              12.97615658526616
            ],
            [
              77.54002992123141,
              12.988635653400276
            ],
            [
              77.5274420235817,
              12.991167519159818
            ],
            [
              77.51885821096964,
              12.981221711328736
            ],
            [
              77.52286057172859,
              12.968744146161134
            ],
            [
              77.535446940031,
              12.966210885860367
            ],
            [
              77.54403247664308,
              12.97615658526616
            ]
          ]
        ]
      },
      "properties": {
        "rank": 134,
        "hex_id": "876014584ffffff",
        "name": "Kamakshipalya",
        "final_affluence_score": 35.2906,
        "affluence_tier": "Low Evidence",
        "spatial_relation": "low_evidence",
        "confidence_score": 0.6,
        "countable_family_tam": 0.0,
        "direct_family_tam": 0.0,
        "direct_total_units": 0.0,
        "direct_luxury_society_tam": 0.0,
        "conservative_50l_plus_family_tam": 0.0,
        "conservative_50l_plus_share_of_direct_tam": 0.0,
        "estimated_40l_plus_family_tam_linear_25_50_split": 0.0,
        "estimated_40l_plus_share_linear_25_50_split": 0.0,
        "nearby_family_tam_weighted_context": 0.0,
        "society_cluster_tam_weighted_context_not_counted": 0.0,
        "market_price_per_sqft": 10598.511858945674,
        "refined_budget_segment": "Mid-Segment",
        "premium_candidate_score": 0.22894108170345703,
        "rental_yield_pct": 1.0,
        "yearly_appreciation_pct": 30.900000000000002,
        "society_score": 0.0,
        "society_cluster_score": 0.0,
        "hospital_score": 0.82169,
        "market_score": 0.742904,
        "sez_workplace_score": 0.313459,
        "habitability_score": 1.0,
        "habitability_class": "dense_habitable",
        "habitable_for_residential_tam": true,
        "societies_direct_count": 0,
        "societies_nearby_count": 0,
        "society_cluster_project_count": 0,
        "hospitals_nearby_count": 116,
        "top_societies": "",
        "top_hospitals": "People Tree Hospitals (Ultra Premium, 13.7 min) | Apollo Hospitals (Ultra Premium, 11.0 min) | Brains Super Speciality Hospital (Ultra Premium, 8.2 min) | Vijayanagar Hospital (Super Premium, 1.6 min) | Manipal Hospital, Millers Road ( Vikram Hospitals ) (Ultra Premium, 16.7 min)",
        "quality_flags": "no_direct_society_tam",
        "commute_score": 95.7,
        "commute_band": "Excellent commute convenience",
        "centroid_lat": 12.978689635679574,
        "centroid_lon": 77.5314445535825,
        "zone": "West"
      }
    },
    {
      "type": "Feature",
      "geometry": {
        "type": "Polygon",
        "coordinates": [
          [
            [
              77.5182800237099,
              12.946321075280036
            ],
            [
              77.51427797571942,
              12.95879918608375
            ],
            [
              77.5016947438606,
              12.961331682842884
            ],
            [
              77.49311508946208,
              12.951387464664366
            ],
            [
              77.49711694143309,
              12.938910859204448
            ],
            [
              77.50969864410038,
              12.936376966582108
            ],
            [
              77.5182800237099,
              12.946321075280036
            ]
          ]
        ]
      },
      "properties": {
        "rank": 135,
        "hex_id": "8760145aeffffff",
        "name": "Jnana Bharathi Ward-Vinayaka Layout",
        "final_affluence_score": 34.907,
        "affluence_tier": "Low Evidence",
        "spatial_relation": "low_evidence",
        "confidence_score": 0.9,
        "countable_family_tam": 0.0,
        "direct_family_tam": 0.0,
        "direct_total_units": 0.0,
        "direct_luxury_society_tam": 0.0,
        "conservative_50l_plus_family_tam": 0.0,
        "conservative_50l_plus_share_of_direct_tam": 0.0,
        "estimated_40l_plus_family_tam_linear_25_50_split": 0.0,
        "estimated_40l_plus_share_linear_25_50_split": 0.0,
        "nearby_family_tam_weighted_context": 77.85,
        "society_cluster_tam_weighted_context_not_counted": 358.49,
        "market_price_per_sqft": null,
        "refined_budget_segment": "Affordable",
        "premium_candidate_score": 0.08521643829053276,
        "rental_yield_pct": null,
        "yearly_appreciation_pct": null,
        "society_score": 0.297538,
        "society_cluster_score": 0.486353,
        "hospital_score": 0.73436,
        "market_score": 0.119325,
        "sez_workplace_score": 0.228281,
        "habitability_score": 0.478748,
        "habitability_class": "sparse_habitable",
        "habitable_for_residential_tam": true,
        "societies_direct_count": 0,
        "societies_nearby_count": 3,
        "society_cluster_project_count": 8,
        "hospitals_nearby_count": 96,
        "top_societies": "Navami Landmaark (Luxury, TAM 398) | GRC Brundavan (Aspirational Premium, TAM 423) | Griha Mithra Grand Gandharva (Aspirational Premium, TAM 128)",
        "top_hospitals": "Brains Super Speciality Hospital (Ultra Premium, 1.0 min) | SS Sparsh Hospital (Ultra Premium, 7.7 min) | Motherhood Hospital (Ultra Premium, 10.7 min) | Aster RV Hospital (Ultra Premium, 20.6 min) | Kusuma Hospital (Ultra Premium, 12.3 min)",
        "quality_flags": "no_direct_society_tam",
        "commute_score": 88.9,
        "commute_band": "Excellent commute convenience",
        "centroid_lat": 12.948854756685657,
        "centroid_lon": 77.50569676560454,
        "zone": "West"
      }
    },
    {
      "type": "Feature",
      "geometry": {
        "type": "Polygon",
        "coordinates": [
          [
            [
              77.697009125787,
              13.050483838700892
            ],
            [
              77.69300492900467,
              13.062972833786029
            ],
            [
              77.68039360799987,
              13.065508705507735
            ],
            [
              77.67178801326469,
              13.055556967125689
            ],
            [
              77.67579202367094,
              13.043069464979773
            ],
            [
              77.68840181546932,
              13.040532208276636
            ],
            [
              77.697009125787,
              13.050483838700892
            ]
          ]
        ]
      },
      "properties": {
        "rank": 136,
        "hex_id": "8761892c6ffffff",
        "name": "Ramapura",
        "final_affluence_score": 34.3448,
        "affluence_tier": "Low Evidence",
        "spatial_relation": "low_evidence",
        "confidence_score": 0.7667,
        "countable_family_tam": 0.0,
        "direct_family_tam": 0.0,
        "direct_total_units": 0.0,
        "direct_luxury_society_tam": 0.0,
        "conservative_50l_plus_family_tam": 0.0,
        "conservative_50l_plus_share_of_direct_tam": 0.0,
        "estimated_40l_plus_family_tam_linear_25_50_split": 0.0,
        "estimated_40l_plus_share_linear_25_50_split": 0.0,
        "nearby_family_tam_weighted_context": 18.8,
        "society_cluster_tam_weighted_context_not_counted": 320.19,
        "market_price_per_sqft": 11650.0,
        "refined_budget_segment": "Mid-Segment",
        "premium_candidate_score": 0.13622271649638226,
        "rental_yield_pct": null,
        "yearly_appreciation_pct": 5.4,
        "society_score": 0.163242,
        "society_cluster_score": 0.431465,
        "hospital_score": 0.683596,
        "market_score": 0.523194,
        "sez_workplace_score": 0.0,
        "habitability_score": 0.367151,
        "habitability_class": "sparse_habitable",
        "habitable_for_residential_tam": true,
        "societies_direct_count": 0,
        "societies_nearby_count": 1,
        "society_cluster_project_count": 7,
        "hospitals_nearby_count": 68,
        "top_societies": "Oceanus Tranquil (Aspirational Premium, TAM 259)",
        "top_hospitals": "Cloudnine Hospital - HRBR (Ultra Premium, 10.1 min) | Trilife Hospital (Ultra Premium, 12.5 min) | Shishuka Children's Specialty Hospital (Ultra Premium, 14.7 min) | IIGU Hospital-Indus Institute of Gastro Uro (Ultra Premium, 10.7 min) | Surgecare Super Speciality Hospital (Ultra Premium, 11.7 min)",
        "quality_flags": "no_direct_society_tam",
        "commute_score": 84.2,
        "commute_band": "Excellent commute convenience",
        "centroid_lat": 13.053020892212093,
        "centroid_lon": 77.68439778436657,
        "zone": "North-East"
      }
    },
    {
      "type": "Feature",
      "geometry": {
        "type": "Polygon",
        "coordinates": [
          [
            [
              77.61323220779337,
              12.833734962241266
            ],
            [
              77.60923118797214,
              12.846225841760095
            ],
            [
              77.59663986819682,
              12.848772652120452
            ],
            [
              77.58805109606908,
              12.83882997032599
            ],
            [
              77.59205192519426,
              12.826340596294706
            ],
            [
              77.60464171742242,
              12.823792398573131
            ],
            [
              77.61323220779337,
              12.833734962241266
            ]
          ]
        ]
      },
      "properties": {
        "rank": 137,
        "hex_id": "876189268ffffff",
        "name": "Basavanapura",
        "final_affluence_score": 33.648,
        "affluence_tier": "Low Evidence",
        "spatial_relation": "low_evidence",
        "confidence_score": 0.6933,
        "countable_family_tam": 0.0,
        "direct_family_tam": 0.0,
        "direct_total_units": 0.0,
        "direct_luxury_society_tam": 0.0,
        "conservative_50l_plus_family_tam": 0.0,
        "conservative_50l_plus_share_of_direct_tam": 0.0,
        "estimated_40l_plus_family_tam_linear_25_50_split": 0.0,
        "estimated_40l_plus_share_linear_25_50_split": 0.0,
        "nearby_family_tam_weighted_context": 53.34,
        "society_cluster_tam_weighted_context_not_counted": 159.09,
        "market_price_per_sqft": 1907.0,
        "refined_budget_segment": "Affordable",
        "premium_candidate_score": 0.0,
        "rental_yield_pct": null,
        "yearly_appreciation_pct": null,
        "society_score": 0.287303,
        "society_cluster_score": 0.406604,
        "hospital_score": 0.603197,
        "market_score": 0.160261,
        "sez_workplace_score": 0.489627,
        "habitability_score": 0.432874,
        "habitability_class": "sparse_habitable",
        "habitable_for_residential_tam": true,
        "societies_direct_count": 0,
        "societies_nearby_count": 2,
        "society_cluster_project_count": 3,
        "hospitals_nearby_count": 62,
        "top_societies": "Prestige Park Square (Super Luxury, TAM 498) | Jains Aashraya (Premium, TAM 121)",
        "top_hospitals": "Apollo Hospital (Ultra Premium, 14.0 min) | Fortis Hospital (Ultra Premium, 14.2 min) | Aster RV Hospital (Ultra Premium, 19.6 min) | DHEE Hospitals (Ultra Premium, 18.0 min) | Cadabams Hospitals (Ultra Premium, 18.4 min)",
        "quality_flags": "no_direct_society_tam",
        "commute_score": 83.9,
        "commute_band": "Excellent commute convenience",
        "centroid_lat": 12.836282950994622,
        "centroid_lon": 77.60064086489054,
        "zone": "South"
      }
    },
    {
      "type": "Feature",
      "geometry": {
        "type": "Polygon",
        "coordinates": [
          [
            [
              77.63441854731755,
              12.841129311475733
            ],
            [
              77.6304173379489,
              12.853621695209254
            ],
            [
              77.61782289438702,
              12.856169267353224
            ],
            [
              77.60923118797214,
              12.846225841760095
            ],
            [
              77.61323220779337,
              12.833734962241266
            ],
            [
              77.62582512385642,
              12.831186004103374
            ],
            [
              77.63441854731755,
              12.841129311475733
            ]
          ]
        ]
      },
      "properties": {
        "rank": 138,
        "hex_id": "87618926effffff",
        "name": "Mylasandra",
        "final_affluence_score": 33.5898,
        "affluence_tier": "Low Evidence",
        "spatial_relation": "low_evidence",
        "confidence_score": 0.7667,
        "countable_family_tam": 0.0,
        "direct_family_tam": 0.0,
        "direct_total_units": 0.0,
        "direct_luxury_society_tam": 0.0,
        "conservative_50l_plus_family_tam": 0.0,
        "conservative_50l_plus_share_of_direct_tam": 0.0,
        "estimated_40l_plus_family_tam_linear_25_50_split": 0.0,
        "estimated_40l_plus_share_linear_25_50_split": 0.0,
        "nearby_family_tam_weighted_context": 0.0,
        "society_cluster_tam_weighted_context_not_counted": 424.95,
        "market_price_per_sqft": 5166.0,
        "refined_budget_segment": "Mid-Segment",
        "premium_candidate_score": 0.0,
        "rental_yield_pct": null,
        "yearly_appreciation_pct": null,
        "society_score": 0.155034,
        "society_cluster_score": 0.553692,
        "hospital_score": 0.659122,
        "market_score": 0.337538,
        "sez_workplace_score": 0.28765,
        "habitability_score": 0.430309,
        "habitability_class": "sparse_habitable",
        "habitable_for_residential_tam": true,
        "societies_direct_count": 0,
        "societies_nearby_count": 0,
        "society_cluster_project_count": 7,
        "hospitals_nearby_count": 71,
        "top_societies": "",
        "top_hospitals": "Kauvery Hospitals (Ultra Premium, 11.7 min) | Apollo Hospital (Ultra Premium, 14.9 min) | Fortis Hospital (Ultra Premium, 15.1 min) | Cloudnine Hospital - Electronics City (Super Premium, 7.0 min) | Aster RV Hospital (Ultra Premium, 20.5 min)",
        "quality_flags": "no_direct_society_tam",
        "commute_score": 84.9,
        "commute_band": "Excellent commute convenience",
        "centroid_lat": 12.843678061532723,
        "centroid_lon": 77.62182408131967,
        "zone": "South"
      }
    },
    {
      "type": "Feature",
      "geometry": {
        "type": "Polygon",
        "coordinates": [
          [
            [
              77.73862773048175,
              12.773249982548176
            ],
            [
              77.734626957631,
              12.785753981244987
            ],
            [
              77.72202145112041,
              12.788313039654408
            ],
            [
              77.71341824394985,
              12.778369476889804
            ],
            [
              77.71741883303957,
              12.765866980269788
            ],
            [
              77.73002281334156,
              12.763306544339523
            ],
            [
              77.73862773048175,
              12.773249982548176
            ]
          ]
        ]
      },
      "properties": {
        "rank": 139,
        "hex_id": "876189341ffffff",
        "name": "Marasuru Agrahara",
        "final_affluence_score": 33.3957,
        "affluence_tier": "Low Evidence",
        "spatial_relation": "low_evidence",
        "confidence_score": 0.5667,
        "countable_family_tam": 0.0,
        "direct_family_tam": 394.0,
        "direct_total_units": 464.0,
        "direct_luxury_society_tam": 0.0,
        "conservative_50l_plus_family_tam": 0.0,
        "conservative_50l_plus_share_of_direct_tam": 0.0,
        "estimated_40l_plus_family_tam_linear_25_50_split": 0.0,
        "estimated_40l_plus_share_linear_25_50_split": 0.0,
        "nearby_family_tam_weighted_context": 394.0,
        "society_cluster_tam_weighted_context_not_counted": 406.0,
        "market_price_per_sqft": 6320.0,
        "refined_budget_segment": "Affordable",
        "premium_candidate_score": 4.408335094387152e-05,
        "rental_yield_pct": null,
        "yearly_appreciation_pct": null,
        "society_score": 0.429061,
        "society_cluster_score": 0.261605,
        "hospital_score": 0.211376,
        "market_score": 0.306017,
        "sez_workplace_score": 0.0,
        "habitability_score": 0.164889,
        "habitability_class": "low_building_evidence",
        "habitable_for_residential_tam": true,
        "societies_direct_count": 1,
        "societies_nearby_count": 1,
        "society_cluster_project_count": 2,
        "hospitals_nearby_count": 11,
        "top_societies": "Signature Splendor (Aspirational Premium, TAM 394)",
        "top_hospitals": "Sri Sai Hospitals (Super Premium, 4.9 min) | Kauvery Hospitals (Ultra Premium, 22.7 min) | Mazumdar Shaw Medical Center (Premium, 10.6 min) | Springleaf Healthcare (Ultra Premium, 22.3 min) | Cloudnine Hospital - Electronics City (Super Premium, 25.0 min)",
        "quality_flags": "",
        "commute_score": 75.5,
        "commute_band": "Strong commute convenience",
        "centroid_lat": 12.775810213522284,
        "centroid_lon": 77.72602220495548,
        "zone": "South-East"
      }
    },
    {
      "type": "Feature",
      "geometry": {
        "type": "Polygon",
        "coordinates": [
          [
            [
              77.49711694143309,
              12.938910859204448
            ],
            [
              77.49311508946208,
              12.951387464664366
            ],
            [
              77.48053499619735,
              12.95391919918548
            ],
            [
              77.47195828441349,
              12.943975725473974
            ],
            [
              77.47595993922123,
              12.931500626622519
            ],
            [
              77.48853850325409,
              12.928967494877261
            ],
            [
              77.49711694143309,
              12.938910859204448
            ]
          ]
        ]
      },
      "properties": {
        "rank": 140,
        "hex_id": "8760145a8ffffff",
        "name": "1st Block-5th Block",
        "final_affluence_score": 32.5554,
        "affluence_tier": "Low Evidence",
        "spatial_relation": "low_evidence",
        "confidence_score": 0.75,
        "countable_family_tam": 0.0,
        "direct_family_tam": 0.0,
        "direct_total_units": 0.0,
        "direct_luxury_society_tam": 0.0,
        "conservative_50l_plus_family_tam": 0.0,
        "conservative_50l_plus_share_of_direct_tam": 0.0,
        "estimated_40l_plus_family_tam_linear_25_50_split": 0.0,
        "estimated_40l_plus_share_linear_25_50_split": 0.0,
        "nearby_family_tam_weighted_context": 0.0,
        "society_cluster_tam_weighted_context_not_counted": 61.81,
        "market_price_per_sqft": 12650.414634146342,
        "refined_budget_segment": "Premium Candidate",
        "premium_candidate_score": 0.3761432352486191,
        "rental_yield_pct": null,
        "yearly_appreciation_pct": 49.80533333333334,
        "society_score": 0.026764,
        "society_cluster_score": 0.095586,
        "hospital_score": 0.621574,
        "market_score": 0.716757,
        "sez_workplace_score": 0.372195,
        "habitability_score": 0.741794,
        "habitability_class": "habitable",
        "habitable_for_residential_tam": true,
        "societies_direct_count": 0,
        "societies_nearby_count": 0,
        "society_cluster_project_count": 3,
        "hospitals_nearby_count": 65,
        "top_societies": "",
        "top_hospitals": "Motherhood Hospital (Ultra Premium, 4.9 min) | Brains Super Speciality Hospital (Ultra Premium, 6.8 min) | SS Sparsh Hospital (Ultra Premium, 10.3 min) | People Tree Hospitals (Ultra Premium, 22.6 min) | Aster RV Hospital (Ultra Premium, 24.3 min)",
        "quality_flags": "no_direct_society_tam",
        "commute_score": 91.8,
        "commute_band": "Excellent commute convenience",
        "centroid_lat": 12.941443778845336,
        "centroid_lon": 77.48453682123274,
        "zone": "West"
      }
    },
    {
      "type": "Feature",
      "geometry": {
        "type": "Polygon",
        "coordinates": [
          [
            [
              77.73485256266676,
              13.042866806913848
            ],
            [
              77.73084830712234,
              13.055359344478028
            ],
            [
              77.7182322794959,
              13.057898153238009
            ],
            [
              77.70962203659712,
              13.047945806625073
            ],
            [
              77.71362610785117,
              13.035454760554298
            ],
            [
              77.72624060657571,
              13.03291456960263
            ],
            [
              77.73485256266676,
              13.042866806913848
            ]
          ]
        ]
      },
      "properties": {
        "rank": 141,
        "hex_id": "8761892f0ffffff",
        "name": "Hirandahalli",
        "final_affluence_score": 32.3636,
        "affluence_tier": "Low Evidence",
        "spatial_relation": "low_evidence",
        "confidence_score": 0.7667,
        "countable_family_tam": 0.0,
        "direct_family_tam": 0.0,
        "direct_total_units": 0.0,
        "direct_luxury_society_tam": 0.0,
        "conservative_50l_plus_family_tam": 0.0,
        "conservative_50l_plus_share_of_direct_tam": 0.0,
        "estimated_40l_plus_family_tam_linear_25_50_split": 0.0,
        "estimated_40l_plus_share_linear_25_50_split": 0.0,
        "nearby_family_tam_weighted_context": 35.91,
        "society_cluster_tam_weighted_context_not_counted": 340.29,
        "market_price_per_sqft": null,
        "refined_budget_segment": "Affordable",
        "premium_candidate_score": 0.0,
        "rental_yield_pct": null,
        "yearly_appreciation_pct": null,
        "society_score": 0.255695,
        "society_cluster_score": 0.506913,
        "hospital_score": 0.575881,
        "market_score": 0.065165,
        "sez_workplace_score": 0.204705,
        "habitability_score": 0.304157,
        "habitability_class": "sparse_habitable",
        "habitable_for_residential_tam": true,
        "societies_direct_count": 0,
        "societies_nearby_count": 2,
        "society_cluster_project_count": 10,
        "hospitals_nearby_count": 49,
        "top_societies": "Concorde Auriga (Premium, TAM 426) | Nexsa Acuity (Aspirational Premium, TAM 20)",
        "top_hospitals": "Cloudnine Hospital - HRBR (Ultra Premium, 18.4 min) | Aster Women & Children Hospital (Ultra Premium, 19.5 min) | Aster Whitefield Hospital (Ultra Premium, 19.5 min) | Trilife Hospital (Ultra Premium, 20.8 min) | Kinder Women's Hospital and Fertility Centre (Ultra Premium, 18.6 min)",
        "quality_flags": "no_direct_society_tam",
        "commute_score": 78.0,
        "commute_band": "Strong commute convenience",
        "centroid_lat": 13.045406796018074,
        "centroid_lon": 77.72223651586722,
        "zone": "North-East"
      }
    },
    {
      "type": "Feature",
      "geometry": {
        "type": "Polygon",
        "coordinates": [
          [
            [
              77.53202437947817,
              13.0135911869826
            ],
            [
              77.5280213931993,
              13.026067649878684
            ],
            [
              77.515433572579,
              13.028595958805681
            ],
            [
              77.50685026830111,
              13.018649200821507
            ],
            [
              77.51085305922454,
              13.006174239934582
            ],
            [
              77.52343935005993,
              13.003644535024735
            ],
            [
              77.53202437947817,
              13.0135911869826
            ]
          ]
        ]
      },
      "properties": {
        "rank": 142,
        "hex_id": "876014582ffffff",
        "name": "Parvathi Nagar-Rajeshwarinagar",
        "final_affluence_score": 29.3756,
        "affluence_tier": "Low Evidence",
        "spatial_relation": "low_evidence",
        "confidence_score": 0.6,
        "countable_family_tam": 0.0,
        "direct_family_tam": 0.0,
        "direct_total_units": 0.0,
        "direct_luxury_society_tam": 0.0,
        "conservative_50l_plus_family_tam": 0.0,
        "conservative_50l_plus_share_of_direct_tam": 0.0,
        "estimated_40l_plus_family_tam_linear_25_50_split": 0.0,
        "estimated_40l_plus_share_linear_25_50_split": 0.0,
        "nearby_family_tam_weighted_context": 0.0,
        "society_cluster_tam_weighted_context_not_counted": 0.0,
        "market_price_per_sqft": 9211.9975399754,
        "refined_budget_segment": "Mid-Segment",
        "premium_candidate_score": 0.06423537928182692,
        "rental_yield_pct": 1.0,
        "yearly_appreciation_pct": 12.1,
        "society_score": 0.0,
        "society_cluster_score": 0.0,
        "hospital_score": 0.783902,
        "market_score": 0.574201,
        "sez_workplace_score": 0.43216,
        "habitability_score": 0.908968,
        "habitability_class": "dense_habitable",
        "habitable_for_residential_tam": true,
        "societies_direct_count": 0,
        "societies_nearby_count": 0,
        "society_cluster_project_count": 0,
        "hospitals_nearby_count": 91,
        "top_societies": "",
        "top_hospitals": "People Tree Hospitals (Ultra Premium, 5.9 min) | SPARSH Hospital (Premium, 6.3 min) | Manipal Hospital Malleshwaram (Super Premium, 12.0 min) | Prakriya Hospitals (Premium, 7.6 min) | Aster CMI Hospital (Ultra Premium, 19.7 min)",
        "quality_flags": "no_direct_society_tam",
        "commute_score": 93.0,
        "commute_band": "Excellent commute convenience",
        "centroid_lat": 13.01612068199846,
        "centroid_lon": 77.51943653304859,
        "zone": "North-West"
      }
    },
    {
      "type": "Feature",
      "geometry": {
        "type": "Polygon",
        "coordinates": [
          [
            [
              77.80134825529073,
              12.982699394811736
            ],
            [
              77.79734451269826,
              12.99520010834235
            ],
            [
              77.78472215335881,
              12.997747543413212
            ],
            [
              77.7761050647863,
              12.98779564148166
            ],
            [
              77.78010862681312,
              12.975296418764492
            ],
            [
              77.79272945826018,
              12.972747607164806
            ],
            [
              77.80134825529073,
              12.982699394811736
            ]
          ]
        ]
      },
      "properties": {
        "rank": 143,
        "hex_id": "876189211ffffff",
        "name": "Bangalore East-Channasandra",
        "final_affluence_score": 29.1998,
        "affluence_tier": "Low Evidence",
        "spatial_relation": "low_evidence",
        "confidence_score": 0.8,
        "countable_family_tam": 0.0,
        "direct_family_tam": 0.0,
        "direct_total_units": 0.0,
        "direct_luxury_society_tam": 0.0,
        "conservative_50l_plus_family_tam": 0.0,
        "conservative_50l_plus_share_of_direct_tam": 0.0,
        "estimated_40l_plus_family_tam_linear_25_50_split": 0.0,
        "estimated_40l_plus_share_linear_25_50_split": 0.0,
        "nearby_family_tam_weighted_context": 27.08,
        "society_cluster_tam_weighted_context_not_counted": 102.41,
        "market_price_per_sqft": 7246.584734364492,
        "refined_budget_segment": "Mixed - Mid-Segment leaning",
        "premium_candidate_score": 0.08863420808231134,
        "rental_yield_pct": 2.0,
        "yearly_appreciation_pct": 26.444046400545886,
        "society_score": 0.108952,
        "society_cluster_score": 0.197601,
        "hospital_score": 0.492394,
        "market_score": 0.588429,
        "sez_workplace_score": 0.214387,
        "habitability_score": 0.429782,
        "habitability_class": "sparse_habitable",
        "habitable_for_residential_tam": true,
        "societies_direct_count": 0,
        "societies_nearby_count": 1,
        "society_cluster_project_count": 4,
        "hospitals_nearby_count": 23,
        "top_societies": "GK Tropical Springs (Aspirational Premium, TAM 190)",
        "top_hospitals": "Aster Women & Children Hospital (Ultra Premium, 13.8 min) | Aster Whitefield Hospital (Ultra Premium, 13.8 min) | RxDx Healthcare (Ultra Premium, 17.4 min) | Kinder Women's Hospital and Fertility Centre (Ultra Premium, 19.0 min) | Kauvery Hospital (Ultra Premium, 19.3 min)",
        "quality_flags": "no_direct_society_tam",
        "commute_score": 86.8,
        "commute_band": "Excellent commute convenience",
        "centroid_lat": 12.985248006354677,
        "centroid_lon": 77.78872587896907,
        "zone": "East"
      }
    },
    {
      "type": "Feature",
      "geometry": {
        "type": "Polygon",
        "coordinates": [
          [
            [
              77.52286057172859,
              12.968744146161134
            ],
            [
              77.51885821096964,
              12.981221711328736
            ],
            [
              77.50627344972142,
              12.983752812183166
            ],
            [
              77.4976925788999,
              12.973807743777266
            ],
            [
              77.5016947438606,
              12.961331682842884
            ],
            [
              77.51427797571942,
              12.95879918608375
            ],
            [
              77.52286057172859,
              12.968744146161134
            ]
          ]
        ]
      },
      "properties": {
        "rank": 144,
        "hex_id": "876014585ffffff",
        "name": "Mallathahalli-Srigandada Kaval",
        "final_affluence_score": 29.0499,
        "affluence_tier": "Low Evidence",
        "spatial_relation": "low_evidence",
        "confidence_score": 0.6,
        "countable_family_tam": 0.0,
        "direct_family_tam": 0.0,
        "direct_total_units": 0.0,
        "direct_luxury_society_tam": 0.0,
        "conservative_50l_plus_family_tam": 0.0,
        "conservative_50l_plus_share_of_direct_tam": 0.0,
        "estimated_40l_plus_family_tam_linear_25_50_split": 0.0,
        "estimated_40l_plus_share_linear_25_50_split": 0.0,
        "nearby_family_tam_weighted_context": 0.0,
        "society_cluster_tam_weighted_context_not_counted": 0.0,
        "market_price_per_sqft": 15000.0,
        "refined_budget_segment": "Mid-Segment",
        "premium_candidate_score": 0.296704236592678,
        "rental_yield_pct": 2.0,
        "yearly_appreciation_pct": 13.199999999999998,
        "society_score": 0.0,
        "society_cluster_score": 0.0,
        "hospital_score": 0.730145,
        "market_score": 0.611335,
        "sez_workplace_score": 0.0,
        "habitability_score": 0.894079,
        "habitability_class": "dense_habitable",
        "habitable_for_residential_tam": true,
        "societies_direct_count": 0,
        "societies_nearby_count": 0,
        "society_cluster_project_count": 0,
        "hospitals_nearby_count": 93,
        "top_societies": "",
        "top_hospitals": "People Tree Hospitals (Ultra Premium, 14.9 min) | Cloudnine Hospital (Super Premium, 1.5 min) | Brains Super Speciality Hospital (Ultra Premium, 6.5 min) | SS Sparsh Hospital (Ultra Premium, 12.2 min) | Motherhood Hospital (Ultra Premium, 15.9 min)",
        "quality_flags": "no_direct_society_tam",
        "commute_score": 92.9,
        "commute_band": "Excellent commute convenience",
        "centroid_lat": 12.971276432143622,
        "centroid_lon": 77.51027578437949,
        "zone": "West"
      }
    },
    {
      "type": "Feature",
      "geometry": {
        "type": "Polygon",
        "coordinates": [
          [
            [
              77.56062441582668,
              12.961141442428561
            ],
            [
              77.55662197923367,
              12.973622560119454
            ],
            [
              77.54403247664308,
              12.97615658526616
            ],
            [
              77.535446940031,
              12.966210885860367
            ],
            [
              77.53944918289585,
              12.953731270979132
            ],
            [
              77.55203715637984,
              12.951195852696246
            ],
            [
              77.56062441582668,
              12.961141442428561
            ]
          ]
        ]
      },
      "properties": {
        "rank": 145,
        "hex_id": "8760145a2ffffff",
        "name": "Bapuji Nagara",
        "final_affluence_score": 27.9666,
        "affluence_tier": "Low Evidence",
        "spatial_relation": "low_evidence",
        "confidence_score": 0.75,
        "countable_family_tam": 0.0,
        "direct_family_tam": 0.0,
        "direct_total_units": 0.0,
        "direct_luxury_society_tam": 0.0,
        "conservative_50l_plus_family_tam": 0.0,
        "conservative_50l_plus_share_of_direct_tam": 0.0,
        "estimated_40l_plus_family_tam_linear_25_50_split": 0.0,
        "estimated_40l_plus_share_linear_25_50_split": 0.0,
        "nearby_family_tam_weighted_context": 0.0,
        "society_cluster_tam_weighted_context_not_counted": 70.03,
        "market_price_per_sqft": 3750.0,
        "refined_budget_segment": "Affordable",
        "premium_candidate_score": 0.04849588848384476,
        "rental_yield_pct": null,
        "yearly_appreciation_pct": 29.300000000000004,
        "society_score": 0.053311,
        "society_cluster_score": 0.190395,
        "hospital_score": 0.882922,
        "market_score": 0.261594,
        "sez_workplace_score": 0.261245,
        "habitability_score": 0.979349,
        "habitability_class": "dense_habitable",
        "habitable_for_residential_tam": true,
        "societies_direct_count": 0,
        "societies_nearby_count": 0,
        "society_cluster_project_count": 3,
        "hospitals_nearby_count": 138,
        "top_societies": "",
        "top_hospitals": "Cloudnine Hospital - Jayanagar (Ultra Premium, 11.9 min) | Rangadore Memorial Hospital (Ultra Premium, 6.8 min) | HCG  - The Specialist in Cancer Care (Ultra Premium, 9.3 min) | Kusuma Hospital (Ultra Premium, 5.8 min) | Apollo Hospitals (Ultra Premium, 9.2 min)",
        "quality_flags": "no_direct_society_tam",
        "commute_score": 94.0,
        "commute_band": "Excellent commute convenience",
        "centroid_lat": 12.963676651272365,
        "centroid_lon": 77.54803488836966,
        "zone": "West"
      }
    },
    {
      "type": "Feature",
      "geometry": {
        "type": "Polygon",
        "coordinates": [
          [
            [
              77.72202145112041,
              12.788313039654408
            ],
            [
              77.7180205518674,
              12.800815021447246
            ],
            [
              77.70541662985235,
              12.80337193822064
            ],
            [
              77.6968151338292,
              12.793428252148141
            ],
            [
              77.70081584839319,
              12.780927772608175
            ],
            [
              77.71341824394985,
              12.778369476889804
            ],
            [
              77.72202145112041,
              12.788313039654408
            ]
          ]
        ]
      },
      "properties": {
        "rank": 146,
        "hex_id": "87618934effffff",
        "name": "Iggaluru",
        "final_affluence_score": 27.3811,
        "affluence_tier": "Low Evidence",
        "spatial_relation": "low_evidence",
        "confidence_score": 0.6333,
        "countable_family_tam": 128.0,
        "direct_family_tam": 128.0,
        "direct_total_units": 150.0,
        "direct_luxury_society_tam": 0.0,
        "conservative_50l_plus_family_tam": 0.0,
        "conservative_50l_plus_share_of_direct_tam": 0.0,
        "estimated_40l_plus_family_tam_linear_25_50_split": 128.0,
        "estimated_40l_plus_share_linear_25_50_split": 1.0,
        "nearby_family_tam_weighted_context": 128.0,
        "society_cluster_tam_weighted_context_not_counted": 175.11,
        "market_price_per_sqft": 4864.904472427269,
        "refined_budget_segment": "Affordable",
        "premium_candidate_score": 0.0,
        "rental_yield_pct": 3.9769865392965693,
        "yearly_appreciation_pct": 11.4161094224924,
        "society_score": 0.234081,
        "society_cluster_score": 0.206494,
        "hospital_score": 0.291807,
        "market_score": 0.399603,
        "sez_workplace_score": 0.454733,
        "habitability_score": 0.510423,
        "habitability_class": "habitable",
        "habitable_for_residential_tam": true,
        "societies_direct_count": 1,
        "societies_nearby_count": 1,
        "society_cluster_project_count": 2,
        "hospitals_nearby_count": 13,
        "top_societies": "GPR Grande Layout (Premium, TAM 128)",
        "top_hospitals": "Kauvery Hospitals (Ultra Premium, 17.2 min) | Mazumdar Shaw Medical Center (Premium, 5.1 min) | Springleaf Healthcare (Ultra Premium, 16.9 min) | Sri Sai Hospitals (Super Premium, 11.1 min) | Apollo Cradle & Children's Hospital (Super Premium, 20.0 min)",
        "quality_flags": "",
        "commute_score": 83.8,
        "commute_band": "Excellent commute convenience",
        "centroid_lat": 12.790871129969476,
        "centroid_lon": 77.70941750954374,
        "zone": "South-East"
      }
    },
    {
      "type": "Feature",
      "geometry": {
        "type": "Polygon",
        "coordinates": [
          [
            [
              77.71723895380842,
              13.245031459079982
            ],
            [
              77.71323214291053,
              13.257513782140151
            ],
            [
              77.70061017093155,
              13.260036399931126
            ],
            [
              77.69199654114914,
              13.250078081252932
            ],
            [
              77.69600316654619,
              13.237597242336264
            ],
            [
              77.7086236075082,
              13.235073237952246
            ],
            [
              77.71723895380842,
              13.245031459079982
            ]
          ]
        ]
      },
      "properties": {
        "rank": 147,
        "hex_id": "876016911ffffff",
        "name": "Manchappanahosahalli",
        "final_affluence_score": 27.1072,
        "affluence_tier": "Low Evidence",
        "spatial_relation": "low_evidence",
        "confidence_score": 0.7033,
        "countable_family_tam": 0.0,
        "direct_family_tam": 126.0,
        "direct_total_units": 148.0,
        "direct_luxury_society_tam": 0.0,
        "conservative_50l_plus_family_tam": 0.0,
        "conservative_50l_plus_share_of_direct_tam": 0.0,
        "estimated_40l_plus_family_tam_linear_25_50_split": 0.0,
        "estimated_40l_plus_share_linear_25_50_split": 0.0,
        "nearby_family_tam_weighted_context": 237.19,
        "society_cluster_tam_weighted_context_not_counted": 444.54,
        "market_price_per_sqft": 6300.0,
        "refined_budget_segment": "Affordable",
        "premium_candidate_score": 0.012359601600083741,
        "rental_yield_pct": 3.0,
        "yearly_appreciation_pct": 5.0,
        "society_score": 0.378042,
        "society_cluster_score": 0.433644,
        "hospital_score": 0.0,
        "market_score": 0.459821,
        "sez_workplace_score": 0.0,
        "habitability_score": 0.351818,
        "habitability_class": "sparse_habitable",
        "habitable_for_residential_tam": true,
        "societies_direct_count": 1,
        "societies_nearby_count": 4,
        "society_cluster_project_count": 5,
        "hospitals_nearby_count": 0,
        "top_societies": "Pristine Hill View Elitus Euphoria (Aspirational Premium, TAM 126) | House of Hiranandani Devanahalli (Luxury, TAM 680) | Hiranandani Cypress (Luxury, TAM 119) | Hiranandani Crossgate (Aspirational Premium, TAM 83)",
        "top_hospitals": "",
        "quality_flags": "",
        "commute_score": 58.6,
        "commute_band": "Moderate commute convenience",
        "centroid_lat": 13.247555263434664,
        "centroid_lon": 77.70461696205227,
        "zone": "North"
      }
    },
    {
      "type": "Feature",
      "geometry": {
        "type": "Polygon",
        "coordinates": [
          [
            [
              77.7995124511572,
              12.87782897081299
            ],
            [
              77.79551007635482,
              12.890333875130843
            ],
            [
              77.78289224822306,
              12.892888963258807
            ],
            [
              77.77427832204114,
              12.882940522020634
            ],
            [
              77.77828051629993,
              12.870437112785734
            ],
            [
              77.79089681756597,
              12.867880649706386
            ],
            [
              77.7995124511572,
              12.87782897081299
            ]
          ]
        ]
      },
      "properties": {
        "rank": 148,
        "hex_id": "876189221ffffff",
        "name": "Valagere Kallahalli",
        "final_affluence_score": 26.1565,
        "affluence_tier": "Low Evidence",
        "spatial_relation": "low_evidence",
        "confidence_score": 0.6167,
        "countable_family_tam": 0.0,
        "direct_family_tam": 0.0,
        "direct_total_units": 0.0,
        "direct_luxury_society_tam": 0.0,
        "conservative_50l_plus_family_tam": 0.0,
        "conservative_50l_plus_share_of_direct_tam": 0.0,
        "estimated_40l_plus_family_tam_linear_25_50_split": 0.0,
        "estimated_40l_plus_share_linear_25_50_split": 0.0,
        "nearby_family_tam_weighted_context": 97.03,
        "society_cluster_tam_weighted_context_not_counted": 271.99,
        "market_price_per_sqft": null,
        "refined_budget_segment": "Affordable",
        "premium_candidate_score": 0.0,
        "rental_yield_pct": null,
        "yearly_appreciation_pct": null,
        "society_score": 0.391514,
        "society_cluster_score": 0.524381,
        "hospital_score": 0.229381,
        "market_score": 0.177785,
        "sez_workplace_score": 0.0,
        "habitability_score": 0.273418,
        "habitability_class": "sparse_habitable",
        "habitable_for_residential_tam": true,
        "societies_direct_count": 0,
        "societies_nearby_count": 1,
        "society_cluster_project_count": 3,
        "hospitals_nearby_count": 8,
        "top_societies": "Prestige City Avalon Park (Super Luxury, TAM 808)",
        "top_hospitals": "Belenus Champion Hospital (Ultra Premium, 18.7 min) | Kauvery Hospital (Ultra Premium, 28.2 min) | RxDx Healthcare (Ultra Premium, 24.6 min) | Vasundhara Agrawal, Diet and Lifestyle Consultant (Ultra Premium, 24.0 min) | Cloudnine Hospital (Super Premium, 22.9 min)",
        "quality_flags": "no_direct_society_tam",
        "commute_score": 75.4,
        "commute_band": "Strong commute convenience",
        "centroid_lat": 12.88038523249224,
        "centroid_lon": 77.78689460599458,
        "zone": "South-East"
      }
    },
    {
      "type": "Feature",
      "geometry": {
        "type": "Polygon",
        "coordinates": [
          [
            [
              77.47138578506784,
              12.909082370630214
            ],
            [
              77.46738444347578,
              12.921558009231985
            ],
            [
              77.45480902022159,
              12.924090381401315
            ],
            [
              77.44623646790916,
              12.914148513511096
            ],
            [
              77.45023761097514,
              12.90167438388953
            ],
            [
              77.4628115051572,
              12.899140613181643
            ],
            [
              77.47138578506784,
              12.909082370630214
            ]
          ]
        ]
      },
      "properties": {
        "rank": 149,
        "hex_id": "87601451affffff",
        "name": "Kommagatta",
        "final_affluence_score": 25.4715,
        "affluence_tier": "Low Evidence",
        "spatial_relation": "low_evidence",
        "confidence_score": 0.6667,
        "countable_family_tam": 128.0,
        "direct_family_tam": 128.0,
        "direct_total_units": 150.0,
        "direct_luxury_society_tam": 0.0,
        "conservative_50l_plus_family_tam": 0.0,
        "conservative_50l_plus_share_of_direct_tam": 0.0,
        "estimated_40l_plus_family_tam_linear_25_50_split": 128.0,
        "estimated_40l_plus_share_linear_25_50_split": 1.0,
        "nearby_family_tam_weighted_context": 128.0,
        "society_cluster_tam_weighted_context_not_counted": 231.77,
        "market_price_per_sqft": 4191.0,
        "refined_budget_segment": "Mid-Segment",
        "premium_candidate_score": 0.0,
        "rental_yield_pct": null,
        "yearly_appreciation_pct": null,
        "society_score": 0.253262,
        "society_cluster_score": 0.274996,
        "hospital_score": 0.296476,
        "market_score": 0.265754,
        "sez_workplace_score": 0.0,
        "habitability_score": 0.287709,
        "habitability_class": "sparse_habitable",
        "habitable_for_residential_tam": true,
        "societies_direct_count": 1,
        "societies_nearby_count": 1,
        "society_cluster_project_count": 4,
        "hospitals_nearby_count": 20,
        "top_societies": "BDA Sites (Premium, TAM 128)",
        "top_hospitals": "Motherhood Hospital (Ultra Premium, 9.8 min) | Pathway Hospitals (Ultra Premium, 19.2 min) | SS Sparsh Hospital (Ultra Premium, 21.2 min) | Brains Super Speciality Hospital (Ultra Premium, 21.4 min) | DHEE Hospitals (Ultra Premium, 30.2 min)",
        "quality_flags": "",
        "commute_score": 76.8,
        "commute_band": "Strong commute convenience",
        "centroid_lat": 12.911615927909343,
        "centroid_lon": 77.45881033404449,
        "zone": "South-West"
      }
    },
    {
      "type": "Feature",
      "geometry": {
        "type": "Polygon",
        "coordinates": [
          [
            [
              77.68421432490419,
              12.795984406148767
            ],
            [
              77.6802134855753,
              12.808482865856462
            ],
            [
              77.66761426516688,
              12.81103687663715
            ],
            [
              77.65901741112798,
              12.801093809451688
            ],
            [
              77.66301806368834,
              12.788596853449253
            ],
            [
              77.67561575733617,
              12.786041460929365
            ],
            [
              77.68421432490419,
              12.795984406148767
            ]
          ]
        ]
      },
      "properties": {
        "rank": 150,
        "hex_id": "87618934bffffff",
        "name": "Kachanayakanahalli",
        "final_affluence_score": 25.4473,
        "affluence_tier": "Low Evidence",
        "spatial_relation": "low_evidence",
        "confidence_score": 0.6167,
        "countable_family_tam": 0.0,
        "direct_family_tam": 0.0,
        "direct_total_units": 0.0,
        "direct_luxury_society_tam": 0.0,
        "conservative_50l_plus_family_tam": 0.0,
        "conservative_50l_plus_share_of_direct_tam": 0.0,
        "estimated_40l_plus_family_tam_linear_25_50_split": 0.0,
        "estimated_40l_plus_share_linear_25_50_split": 0.0,
        "nearby_family_tam_weighted_context": 24.96,
        "society_cluster_tam_weighted_context_not_counted": 626.57,
        "market_price_per_sqft": 3199.0,
        "refined_budget_segment": "Mid-Segment",
        "premium_candidate_score": 0.0,
        "rental_yield_pct": null,
        "yearly_appreciation_pct": null,
        "society_score": 0.220193,
        "society_cluster_score": 0.465296,
        "hospital_score": 0.290728,
        "market_score": 0.212466,
        "sez_workplace_score": 0.488957,
        "habitability_score": 0.516788,
        "habitability_class": "habitable",
        "habitable_for_residential_tam": true,
        "societies_direct_count": 0,
        "societies_nearby_count": 1,
        "society_cluster_project_count": 3,
        "hospitals_nearby_count": 16,
        "top_societies": "Svamitva Emerald Square (Premium, TAM 286)",
        "top_hospitals": "Kauvery Hospitals (Ultra Premium, 18.3 min) | Mazumdar Shaw Medical Center (Premium, 8.7 min) | Vijayashree Hospitals (Super Premium, 7.6 min) | Cloudnine Hospital - Electronics City (Super Premium, 12.1 min) | Springleaf Healthcare (Ultra Premium, 18.0 min)",
        "quality_flags": "no_direct_society_tam",
        "commute_score": 83.0,
        "commute_band": "Excellent commute convenience",
        "centroid_lat": 12.798539591930194,
        "centroid_lon": 77.6716150836952,
        "zone": "South-East"
      }
    },
    {
      "type": "Feature",
      "geometry": {
        "type": "Polygon",
        "coordinates": [
          [
            [
              77.53770777999175,
              12.849008352697474
            ],
            [
              77.53370690511008,
              12.86149215463902
            ],
            [
              77.52112504608027,
              12.864033145036695
            ],
            [
              77.51254559033079,
              12.854091726409534
            ],
            [
              77.51654627037578,
              12.841609432820409
            ],
            [
              77.52912660128523,
              12.839067049509538
            ],
            [
              77.53770777999175,
              12.849008352697474
            ]
          ]
        ]
      },
      "properties": {
        "rank": 151,
        "hex_id": "876014533ffffff",
        "name": "Talagattapura",
        "final_affluence_score": 24.4505,
        "affluence_tier": "Low Evidence",
        "spatial_relation": "low_evidence",
        "confidence_score": 0.92,
        "countable_family_tam": 0.0,
        "direct_family_tam": 0.0,
        "direct_total_units": 0.0,
        "direct_luxury_society_tam": 0.0,
        "conservative_50l_plus_family_tam": 0.0,
        "conservative_50l_plus_share_of_direct_tam": 0.0,
        "estimated_40l_plus_family_tam_linear_25_50_split": 0.0,
        "estimated_40l_plus_share_linear_25_50_split": 0.0,
        "nearby_family_tam_weighted_context": 207.02,
        "society_cluster_tam_weighted_context_not_counted": 990.67,
        "market_price_per_sqft": 7577.128640776699,
        "refined_budget_segment": "Mid-Segment",
        "premium_candidate_score": 0.08103397291428369,
        "rental_yield_pct": 2.071974808816914,
        "yearly_appreciation_pct": 20.33783175888439,
        "society_score": 0.437313,
        "society_cluster_score": 0.627631,
        "hospital_score": 0.578974,
        "market_score": 0.60815,
        "sez_workplace_score": 0.119767,
        "habitability_score": 0.178265,
        "habitability_class": "low_building_evidence",
        "habitable_for_residential_tam": false,
        "societies_direct_count": 0,
        "societies_nearby_count": 4,
        "society_cluster_project_count": 9,
        "hospitals_nearby_count": 46,
        "top_societies": "Hara Vijaya Heights (Aspirational Premium, TAM 206) | Sobha Arena (Ultra Luxury, TAM 128) | Prestige Primrose Hills (Premium, TAM 1,428) | Godrej Eternity (Premium, TAM 756)",
        "top_hospitals": "DHEE Hospitals (Ultra Premium, 10.0 min) | Aster RV Hospital (Ultra Premium, 19.5 min) | Astra Superspeciality Hospital (Super Premium, 12.7 min) | Fortis Hospital (Ultra Premium, 21.1 min) | Pathway Hospitals (Ultra Premium, 15.7 min)",
        "quality_flags": "low_overture_building_habitability | no_direct_society_tam",
        "commute_score": 89.7,
        "commute_band": "Excellent commute convenience",
        "centroid_lat": 12.851550524372266,
        "centroid_lon": 77.52512589536579,
        "zone": "South-West"
      }
    },
    {
      "type": "Feature",
      "geometry": {
        "type": "Polygon",
        "coordinates": [
          [
            [
              77.59733807419504,
              13.14056972280619
            ],
            [
              77.59333313917337,
              13.153046354934645
            ],
            [
              77.58073139663496,
              13.155569233692542
            ],
            [
              77.57213612008105,
              13.145616873732235
            ],
            [
              77.57614086315598,
              13.133141735494771
            ],
            [
              77.5887410750114,
              13.130617463326844
            ],
            [
              77.59733807419504,
              13.14056972280619
            ]
          ]
        ]
      },
      "properties": {
        "rank": 152,
        "hex_id": "876016971ffffff",
        "name": "Gantiganahalli",
        "final_affluence_score": 23.4048,
        "affluence_tier": "Low Evidence",
        "spatial_relation": "low_evidence",
        "confidence_score": 0.8667,
        "countable_family_tam": 0.0,
        "direct_family_tam": 0.0,
        "direct_total_units": 0.0,
        "direct_luxury_society_tam": 0.0,
        "conservative_50l_plus_family_tam": 0.0,
        "conservative_50l_plus_share_of_direct_tam": 0.0,
        "estimated_40l_plus_family_tam_linear_25_50_split": 0.0,
        "estimated_40l_plus_share_linear_25_50_split": 0.0,
        "nearby_family_tam_weighted_context": 249.47,
        "society_cluster_tam_weighted_context_not_counted": 747.08,
        "market_price_per_sqft": 6949.000000000001,
        "refined_budget_segment": "Premium",
        "premium_candidate_score": 0.35,
        "rental_yield_pct": null,
        "yearly_appreciation_pct": null,
        "society_score": 0.411544,
        "society_cluster_score": 0.579034,
        "hospital_score": 0.361477,
        "market_score": 0.408263,
        "sez_workplace_score": 0.584617,
        "habitability_score": 0.212447,
        "habitability_class": "low_building_evidence",
        "habitable_for_residential_tam": false,
        "societies_direct_count": 0,
        "societies_nearby_count": 5,
        "society_cluster_project_count": 8,
        "hospitals_nearby_count": 23,
        "top_societies": "Sobha Althea (Ultra Luxury, TAM 150) | Vajram Tiara (Super Luxury, TAM 225) | Godrej Avenues (Premium, TAM 541) | Prestige Royale Gardens (Aspirational Premium, TAM 1,414) | Shriram Suhaana (Aspirational Premium, TAM 432)",
        "top_hospitals": "Maarga (Ultra Premium, 12.0 min) | Aster CMI Hospital (Ultra Premium, 22.0 min) | Manipal Hospital (Super Premium, 12.1 min) | Mind and Brain hospital (Ultra Premium, 22.3 min) | Aveksha Hospital (Ultra Premium, 20.6 min)",
        "quality_flags": "low_overture_building_habitability | no_direct_society_tam",
        "commute_score": 80.5,
        "commute_band": "Excellent commute convenience",
        "centroid_lat": 13.143093789092276,
        "centroid_lon": 77.58473630796236,
        "zone": "North"
      }
    },
    {
      "type": "Feature",
      "geometry": {
        "type": "Polygon",
        "coordinates": [
          [
            [
              77.51085305922454,
              13.006174239934582
            ],
            [
              77.50685026830111,
              13.018649200821507
            ],
            [
              77.49426558615215,
              13.021176743422782
            ],
            [
              77.48568522503113,
              13.011230722485758
            ],
            [
              77.4896878194538,
              12.99875726487396
            ],
            [
              77.50227097177658,
              12.996228324926417
            ],
            [
              77.51085305922454,
              13.006174239934582
            ]
          ]
        ]
      },
      "properties": {
        "rank": 153,
        "hex_id": "876014583ffffff",
        "name": "Sunkadakatte-Hegganahalli",
        "final_affluence_score": 23.4027,
        "affluence_tier": "Low Evidence",
        "spatial_relation": "low_evidence",
        "confidence_score": 0.6,
        "countable_family_tam": 0.0,
        "direct_family_tam": 0.0,
        "direct_total_units": 0.0,
        "direct_luxury_society_tam": 0.0,
        "conservative_50l_plus_family_tam": 0.0,
        "conservative_50l_plus_share_of_direct_tam": 0.0,
        "estimated_40l_plus_family_tam_linear_25_50_split": 0.0,
        "estimated_40l_plus_share_linear_25_50_split": 0.0,
        "nearby_family_tam_weighted_context": 0.0,
        "society_cluster_tam_weighted_context_not_counted": 0.0,
        "market_price_per_sqft": 3938.054794520548,
        "refined_budget_segment": "Premium Candidate",
        "premium_candidate_score": 0.1287168324858782,
        "rental_yield_pct": null,
        "yearly_appreciation_pct": 8.7,
        "society_score": 0.0,
        "society_cluster_score": 0.0,
        "hospital_score": 0.684864,
        "market_score": 0.399479,
        "sez_workplace_score": 0.429918,
        "habitability_score": 0.972976,
        "habitability_class": "dense_habitable",
        "habitable_for_residential_tam": true,
        "societies_direct_count": 0,
        "societies_nearby_count": 0,
        "society_cluster_project_count": 0,
        "hospitals_nearby_count": 72,
        "top_societies": "",
        "top_hospitals": "People Tree Hospitals (Ultra Premium, 11.0 min) | SPARSH Hospital (Premium, 11.5 min) | Prakriya Hospitals (Premium, 10.5 min) | Aster CMI Hospital (Ultra Premium, 24.8 min) | Cloudnine Hospital (Super Premium, 9.1 min)",
        "quality_flags": "no_direct_society_tam",
        "commute_score": 89.1,
        "commute_band": "Excellent commute convenience",
        "centroid_lat": 13.008702969097945,
        "centroid_lon": 77.49826835057638,
        "zone": "West"
      }
    },
    {
      "type": "Feature",
      "geometry": {
        "type": "Polygon",
        "coordinates": [
          [
            [
              77.71462091074036,
              12.848261291220155
            ],
            [
              77.71061926505253,
              12.86076020750038
            ],
            [
              77.698013875422,
              12.863312220255505
            ],
            [
              77.68941165885624,
              12.853366697194303
            ],
            [
              77.6934131193776,
              12.84086928112883
            ],
            [
              77.7060169819118,
              12.838315887911357
            ],
            [
              77.71462091074036,
              12.848261291220155
            ]
          ]
        ]
      },
      "properties": {
        "rank": 154,
        "hex_id": "87618935bffffff",
        "name": "Chikkanagamangala",
        "final_affluence_score": 23.156,
        "affluence_tier": "Low Evidence",
        "spatial_relation": "low_evidence",
        "confidence_score": 0.7167,
        "countable_family_tam": 0.0,
        "direct_family_tam": 0.0,
        "direct_total_units": 0.0,
        "direct_luxury_society_tam": 0.0,
        "conservative_50l_plus_family_tam": 0.0,
        "conservative_50l_plus_share_of_direct_tam": 0.0,
        "estimated_40l_plus_family_tam_linear_25_50_split": 0.0,
        "estimated_40l_plus_share_linear_25_50_split": 0.0,
        "nearby_family_tam_weighted_context": 0.0,
        "society_cluster_tam_weighted_context_not_counted": 185.19,
        "market_price_per_sqft": 4591.0,
        "refined_budget_segment": "Affordable",
        "premium_candidate_score": 0.0,
        "rental_yield_pct": null,
        "yearly_appreciation_pct": 5.1,
        "society_score": 0.081453,
        "society_cluster_score": 0.290905,
        "hospital_score": 0.553469,
        "market_score": 0.274001,
        "sez_workplace_score": 0.0,
        "habitability_score": 0.263882,
        "habitability_class": "sparse_habitable",
        "habitable_for_residential_tam": true,
        "societies_direct_count": 0,
        "societies_nearby_count": 0,
        "society_cluster_project_count": 5,
        "hospitals_nearby_count": 42,
        "top_societies": "",
        "top_hospitals": "Kauvery Hospitals (Ultra Premium, 12.1 min) | Springleaf Healthcare (Ultra Premium, 9.1 min) | Manipal Hospital (Ultra Premium, 19.0 min) | Sakra World Hospital (Ultra Premium, 21.2 min) | Cloudnine Hospital (Ultra Premium, 20.4 min)",
        "quality_flags": "no_direct_society_tam",
        "commute_score": 85.7,
        "commute_band": "Excellent commute convenience",
        "centroid_lat": 12.850814479470863,
        "centroid_lon": 77.70201550129809,
        "zone": "South-East"
      }
    },
    {
      "type": "Feature",
      "geometry": {
        "type": "Polygon",
        "coordinates": [
          [
            [
              77.55320177705151,
              13.021008102136088
            ],
            [
              77.54919859656368,
              13.033486065773731
            ],
            [
              77.53660763962702,
              13.03601514233528
            ],
            [
              77.5280213931993,
              13.026067649878684
            ],
            [
              77.53202437947817,
              13.0135911869826
            ],
            [
              77.54461380667267,
              13.011060715803346
            ],
            [
              77.55320177705151,
              13.021008102136088
            ]
          ]
        ]
      },
      "properties": {
        "rank": 155,
        "hex_id": "876014595ffffff",
        "name": "Peenya-Dr. Puneeth Rajkumar Ward",
        "final_affluence_score": 22.7522,
        "affluence_tier": "Low Evidence",
        "spatial_relation": "low_evidence",
        "confidence_score": 0.6,
        "countable_family_tam": 0.0,
        "direct_family_tam": 0.0,
        "direct_total_units": 0.0,
        "direct_luxury_society_tam": 0.0,
        "conservative_50l_plus_family_tam": 0.0,
        "conservative_50l_plus_share_of_direct_tam": 0.0,
        "estimated_40l_plus_family_tam_linear_25_50_split": 0.0,
        "estimated_40l_plus_share_linear_25_50_split": 0.0,
        "nearby_family_tam_weighted_context": 0.0,
        "society_cluster_tam_weighted_context_not_counted": 0.0,
        "market_price_per_sqft": null,
        "refined_budget_segment": "Premium",
        "premium_candidate_score": 0.4192463559709785,
        "rental_yield_pct": null,
        "yearly_appreciation_pct": null,
        "society_score": 0.0,
        "society_cluster_score": 0.0,
        "hospital_score": 0.827786,
        "market_score": 0.240215,
        "sez_workplace_score": 0.215856,
        "habitability_score": 0.821353,
        "habitability_class": "dense_habitable",
        "habitable_for_residential_tam": true,
        "societies_direct_count": 0,
        "societies_nearby_count": 0,
        "society_cluster_project_count": 0,
        "hospitals_nearby_count": 113,
        "top_societies": "",
        "top_hospitals": "People Tree Hospitals (Ultra Premium, 2.0 min) | SPARSH Hospital (Premium, 2.7 min) | Manipal Hospital Malleshwaram (Super Premium, 8.2 min) | Smiles Institute of Gastroenterology (Ultra Premium, 8.1 min) | RxDx Healthcare (Ultra Premium, 7.6 min)",
        "quality_flags": "no_direct_society_tam",
        "commute_score": 90.7,
        "commute_band": "Excellent commute convenience",
        "centroid_lat": 13.023538364312383,
        "centroid_lon": 77.54061079499611,
        "zone": "North-West"
      }
    },
    {
      "type": "Feature",
      "geometry": {
        "type": "Polygon",
        "coordinates": [
          [
            [
              77.45023761097514,
              12.90167438388953
            ],
            [
              77.44623646790916,
              12.914148513511096
            ],
            [
              77.43366418757313,
              12.916680127404955
            ],
            [
              77.42509457968949,
              12.906739011576375
            ],
            [
              77.42909552308835,
              12.894266392195954
            ],
            [
              77.44166627431524,
              12.891733378406954
            ],
            [
              77.45023761097514,
              12.90167438388953
            ]
          ]
        ]
      },
      "properties": {
        "rank": 156,
        "hex_id": "87601451bffffff",
        "name": "Bheemanakuppe",
        "final_affluence_score": 21.9419,
        "affluence_tier": "Low Evidence",
        "spatial_relation": "low_evidence",
        "confidence_score": 0.5667,
        "countable_family_tam": 0.0,
        "direct_family_tam": 0.0,
        "direct_total_units": 0.0,
        "direct_luxury_society_tam": 0.0,
        "conservative_50l_plus_family_tam": 0.0,
        "conservative_50l_plus_share_of_direct_tam": 0.0,
        "estimated_40l_plus_family_tam_linear_25_50_split": 0.0,
        "estimated_40l_plus_share_linear_25_50_split": 0.0,
        "nearby_family_tam_weighted_context": 0.0,
        "society_cluster_tam_weighted_context_not_counted": 116.87,
        "market_price_per_sqft": 9000.0,
        "refined_budget_segment": "Mid-Segment",
        "premium_candidate_score": 0.03669938966077304,
        "rental_yield_pct": null,
        "yearly_appreciation_pct": null,
        "society_score": 0.058007,
        "society_cluster_score": 0.207167,
        "hospital_score": 0.308918,
        "market_score": 0.457753,
        "sez_workplace_score": 0.0,
        "habitability_score": 0.287245,
        "habitability_class": "sparse_habitable",
        "habitable_for_residential_tam": true,
        "societies_direct_count": 0,
        "societies_nearby_count": 0,
        "society_cluster_project_count": 2,
        "hospitals_nearby_count": 11,
        "top_societies": "",
        "top_hospitals": "Motherhood Hospital (Ultra Premium, 11.7 min) | Pathway Hospitals (Ultra Premium, 20.6 min) | SS Sparsh Hospital (Ultra Premium, 22.6 min) | Brains Super Speciality Hospital (Ultra Premium, 22.9 min) | Gleneagles Hospitals (Mid-Premium, 17.2 min)",
        "quality_flags": "no_direct_society_tam",
        "commute_score": 77.8,
        "commute_band": "Strong commute convenience",
        "centroid_lat": 12.90420718336465,
        "centroid_lon": 77.43766530218235,
        "zone": "South-West"
      }
    },
    {
      "type": "Feature",
      "geometry": {
        "type": "Polygon",
        "coordinates": [
          [
            [
              77.76166360023038,
              12.88549483935722
            ],
            [
              77.7576612777641,
              12.897996221558051
            ],
            [
              77.7450481373027,
              12.900548391648723
            ],
            [
              77.73643884676659,
              12.890600557292997
            ],
            [
              77.74044098660181,
              12.878100671635655
            ],
            [
              77.75305259988546,
              12.875547123791245
            ],
            [
              77.76166360023038,
              12.88549483935722
            ]
          ]
        ]
      },
      "properties": {
        "rank": 157,
        "hex_id": "876189228ffffff",
        "name": "Thigalachowdadenahalli",
        "final_affluence_score": 21.4711,
        "affluence_tier": "Low Evidence",
        "spatial_relation": "low_evidence",
        "confidence_score": 0.5667,
        "countable_family_tam": 0.0,
        "direct_family_tam": 0.0,
        "direct_total_units": 0.0,
        "direct_luxury_society_tam": 0.0,
        "conservative_50l_plus_family_tam": 0.0,
        "conservative_50l_plus_share_of_direct_tam": 0.0,
        "estimated_40l_plus_family_tam_linear_25_50_split": 0.0,
        "estimated_40l_plus_share_linear_25_50_split": 0.0,
        "nearby_family_tam_weighted_context": 0.0,
        "society_cluster_tam_weighted_context_not_counted": 90.83,
        "market_price_per_sqft": 8010.000000000001,
        "refined_budget_segment": "Mid-Segment",
        "premium_candidate_score": 0.0,
        "rental_yield_pct": null,
        "yearly_appreciation_pct": null,
        "society_score": 0.085371,
        "society_cluster_score": 0.304898,
        "hospital_score": 0.588025,
        "market_score": 0.330199,
        "sez_workplace_score": 0.0,
        "habitability_score": 0.476439,
        "habitability_class": "sparse_habitable",
        "habitable_for_residential_tam": true,
        "societies_direct_count": 0,
        "societies_nearby_count": 0,
        "society_cluster_project_count": 2,
        "hospitals_nearby_count": 37,
        "top_societies": "",
        "top_hospitals": "Belenus Champion Hospital (Ultra Premium, 14.3 min) | Sakra World Hospital (Ultra Premium, 21.0 min) | Kauvery Hospital (Ultra Premium, 18.6 min) | Apollo Clinic (Ultra Premium, 22.1 min) | Manipal Hospital (Ultra Premium, 23.8 min)",
        "quality_flags": "no_direct_society_tam",
        "commute_score": 84.2,
        "commute_band": "Excellent commute convenience",
        "centroid_lat": 12.888048184461383,
        "centroid_lon": 77.74905044149494,
        "zone": "South-East"
      }
    },
    {
      "type": "Feature",
      "geometry": {
        "type": "Polygon",
        "coordinates": [
          [
            [
              77.67758423010983,
              13.147842759384654
            ],
            [
              77.67357885021019,
              13.160325932337056
            ],
            [
              77.66096612420318,
              13.162853315362886
            ],
            [
              77.65236030866576,
              13.152898913318896
            ],
            [
              77.65636550100561,
              13.140417230275805
            ],
            [
              77.66897669672356,
              13.137888459366648
            ],
            [
              77.67758423010983,
              13.147842759384654
            ]
          ]
        ]
      },
      "properties": {
        "rank": 158,
        "hex_id": "876016928ffffff",
        "name": "Bagaluru",
        "final_affluence_score": 21.4242,
        "affluence_tier": "Low Evidence",
        "spatial_relation": "low_evidence",
        "confidence_score": 0.7167,
        "countable_family_tam": 0.0,
        "direct_family_tam": 0.0,
        "direct_total_units": 0.0,
        "direct_luxury_society_tam": 0.0,
        "conservative_50l_plus_family_tam": 0.0,
        "conservative_50l_plus_share_of_direct_tam": 0.0,
        "estimated_40l_plus_family_tam_linear_25_50_split": 0.0,
        "estimated_40l_plus_share_linear_25_50_split": 0.0,
        "nearby_family_tam_weighted_context": 30.56,
        "society_cluster_tam_weighted_context_not_counted": 617.69,
        "market_price_per_sqft": null,
        "refined_budget_segment": "Mid-Segment",
        "premium_candidate_score": 0.0,
        "rental_yield_pct": null,
        "yearly_appreciation_pct": null,
        "society_score": 0.215878,
        "society_cluster_score": 0.55156,
        "hospital_score": 0.197267,
        "market_score": 0.09,
        "sez_workplace_score": 0.0,
        "habitability_score": 0.263725,
        "habitability_class": "sparse_habitable",
        "habitable_for_residential_tam": true,
        "societies_direct_count": 0,
        "societies_nearby_count": 1,
        "society_cluster_project_count": 5,
        "hospitals_nearby_count": 12,
        "top_societies": "Jasper at Brigade El Dorado (Aspirational Premium, TAM 484)",
        "top_hospitals": "Maarga (Ultra Premium, 23.8 min) | Manipal Hospital (Super Premium, 18.8 min) | Regal Hospital (Super Premium, 19.8 min) | Cloudnine Hospital (Super Premium, 23.8 min) | K K Hospital (Super Premium, 23.0 min)",
        "quality_flags": "no_direct_society_tam",
        "commute_score": 74.1,
        "commute_band": "Strong commute convenience",
        "centroid_lat": 13.150371327553433,
        "centroid_lon": 77.66497148303694,
        "zone": "North"
      }
    },
    {
      "type": "Feature",
      "geometry": {
        "type": "Polygon",
        "coordinates": [
          [
            [
              77.5274420235817,
              12.991167519159818
            ],
            [
              77.52343935005993,
              13.003644535024735
            ],
            [
              77.51085305922454,
              13.006174239934582
            ],
            [
              77.50227097177658,
              12.996228324926417
            ],
            [
              77.50627344972142,
              12.983752812183166
            ],
            [
              77.51885821096964,
              12.981221711328736
            ],
            [
              77.5274420235817,
              12.991167519159818
            ]
          ]
        ]
      },
      "properties": {
        "rank": 159,
        "hex_id": "876014580ffffff",
        "name": "Kottegepalya",
        "final_affluence_score": 21.0274,
        "affluence_tier": "Low Evidence",
        "spatial_relation": "low_evidence",
        "confidence_score": 0.4667,
        "countable_family_tam": 0.0,
        "direct_family_tam": 0.0,
        "direct_total_units": 0.0,
        "direct_luxury_society_tam": 0.0,
        "conservative_50l_plus_family_tam": 0.0,
        "conservative_50l_plus_share_of_direct_tam": 0.0,
        "estimated_40l_plus_family_tam_linear_25_50_split": 0.0,
        "estimated_40l_plus_share_linear_25_50_split": 0.0,
        "nearby_family_tam_weighted_context": 0.0,
        "society_cluster_tam_weighted_context_not_counted": 0.0,
        "market_price_per_sqft": null,
        "refined_budget_segment": "Premium",
        "premium_candidate_score": 0.3811584438165616,
        "rental_yield_pct": null,
        "yearly_appreciation_pct": null,
        "society_score": 0.0,
        "society_cluster_score": 0.0,
        "hospital_score": 0.772802,
        "market_score": 0.196754,
        "sez_workplace_score": 0.463286,
        "habitability_score": 0.807011,
        "habitability_class": "dense_habitable",
        "habitable_for_residential_tam": true,
        "societies_direct_count": 0,
        "societies_nearby_count": 0,
        "society_cluster_project_count": 0,
        "hospitals_nearby_count": 100,
        "top_societies": "",
        "top_hospitals": "People Tree Hospitals (Ultra Premium, 9.4 min) | Manipal Hospital Malleshwaram (Super Premium, 11.9 min) | RxDx Healthcare (Ultra Premium, 11.0 min) | SPARSH Hospital (Premium, 9.8 min) | Cloudnine Hospital (Super Premium, 4.5 min)",
        "quality_flags": "no_direct_society_tam",
        "commute_score": 90.7,
        "commute_band": "Excellent commute convenience",
        "centroid_lat": 12.993698409678528,
        "centroid_lon": 77.51485570679118,
        "zone": "West"
      }
    },
    {
      "type": "Feature",
      "geometry": {
        "type": "Polygon",
        "coordinates": [
          [
            [
              77.710018317232,
              12.825816446863099
            ],
            [
              77.7060169819118,
              12.838315887911357
            ],
            [
              77.6934131193776,
              12.84086928112883
            ],
            [
              77.68481211934588,
              12.830924613715538
            ],
            [
              77.68881326927442,
              12.818426673988768
            ],
            [
              77.7014156049068,
              12.81587190035561
            ],
            [
              77.710018317232,
              12.825816446863099
            ]
          ]
        ]
      },
      "properties": {
        "rank": 160,
        "hex_id": "876189359ffffff",
        "name": "Kommasandra-Kitthiganahalli",
        "final_affluence_score": 20.9749,
        "affluence_tier": "Low Evidence",
        "spatial_relation": "low_evidence",
        "confidence_score": 0.65,
        "countable_family_tam": 0.0,
        "direct_family_tam": 0.0,
        "direct_total_units": 0.0,
        "direct_luxury_society_tam": 0.0,
        "conservative_50l_plus_family_tam": 0.0,
        "conservative_50l_plus_share_of_direct_tam": 0.0,
        "estimated_40l_plus_family_tam_linear_25_50_split": 0.0,
        "estimated_40l_plus_share_linear_25_50_split": 0.0,
        "nearby_family_tam_weighted_context": 0.0,
        "society_cluster_tam_weighted_context_not_counted": 23.67,
        "market_price_per_sqft": 5177.712930604093,
        "refined_budget_segment": "Affordable",
        "premium_candidate_score": 0.02647451819930813,
        "rental_yield_pct": 3.0,
        "yearly_appreciation_pct": 13.717346938775512,
        "society_score": 0.0,
        "society_cluster_score": 0.0,
        "hospital_score": 0.501423,
        "market_score": 0.428215,
        "sez_workplace_score": 0.0,
        "habitability_score": 0.513976,
        "habitability_class": "habitable",
        "habitable_for_residential_tam": true,
        "societies_direct_count": 0,
        "societies_nearby_count": 0,
        "society_cluster_project_count": 1,
        "hospitals_nearby_count": 37,
        "top_societies": "",
        "top_hospitals": "Kauvery Hospitals (Ultra Premium, 13.2 min) | Springleaf Healthcare (Ultra Premium, 8.4 min) | Manipal Hospital (Ultra Premium, 23.9 min) | Sakra World Hospital (Ultra Premium, 26.0 min) | Cloudnine Hospital (Ultra Premium, 25.2 min)",
        "quality_flags": "no_direct_society_tam",
        "commute_score": 89.6,
        "commute_band": "Excellent commute convenience",
        "centroid_lat": 12.828371015087217,
        "centroid_lon": 77.69741443473816,
        "zone": "South-East"
      }
    },
    {
      "type": "Feature",
      "geometry": {
        "type": "Polygon",
        "coordinates": [
          [
            [
              77.7450481373027,
              12.900548391648723
            ],
            [
              77.7410456873398,
              12.91304774406741
            ],
            [
              77.72843413012046,
              12.915597765412699
            ],
            [
              77.71982655057417,
              12.905649813514117
            ],
            [
              77.72382881697631,
              12.89315195781238
            ],
            [
              77.73643884676659,
              12.890600557292997
            ],
            [
              77.7450481373027,
              12.900548391648723
            ]
          ]
        ]
      },
      "properties": {
        "rank": 161,
        "hex_id": "87618922bffffff",
        "name": "Gunjur",
        "final_affluence_score": 20.7211,
        "affluence_tier": "Low Evidence",
        "spatial_relation": "low_evidence",
        "confidence_score": 0.7667,
        "countable_family_tam": 0.0,
        "direct_family_tam": 0.0,
        "direct_total_units": 0.0,
        "direct_luxury_society_tam": 0.0,
        "conservative_50l_plus_family_tam": 0.0,
        "conservative_50l_plus_share_of_direct_tam": 0.0,
        "estimated_40l_plus_family_tam_linear_25_50_split": 0.0,
        "estimated_40l_plus_share_linear_25_50_split": 0.0,
        "nearby_family_tam_weighted_context": 0.0,
        "society_cluster_tam_weighted_context_not_counted": 302.33,
        "market_price_per_sqft": 8685.0,
        "refined_budget_segment": "Mid-Segment",
        "premium_candidate_score": 0.09617058529348971,
        "rental_yield_pct": null,
        "yearly_appreciation_pct": 11.900000000000002,
        "society_score": 0.10406,
        "society_cluster_score": 0.371641,
        "hospital_score": 0.694757,
        "market_score": 0.505171,
        "sez_workplace_score": 0.321384,
        "habitability_score": 0.246054,
        "habitability_class": "low_building_evidence",
        "habitable_for_residential_tam": false,
        "societies_direct_count": 0,
        "societies_nearby_count": 0,
        "society_cluster_project_count": 6,
        "hospitals_nearby_count": 56,
        "top_societies": "",
        "top_hospitals": "Belenus Champion Hospital (Ultra Premium, 7.2 min) | Manipal Hospital (Ultra Premium, 15.5 min) | Cloudnine Hospital (Ultra Premium, 16.8 min) | Sakra World Hospital (Ultra Premium, 18.1 min) | Kauvery Hospital (Ultra Premium, 15.7 min)",
        "quality_flags": "low_overture_building_habitability | no_direct_society_tam",
        "commute_score": 82.5,
        "commute_band": "Excellent commute convenience",
        "centroid_lat": 12.903099588980485,
        "centroid_lon": 77.73243656126243,
        "zone": "South-East"
      }
    },
    {
      "type": "Feature",
      "geometry": {
        "type": "Polygon",
        "coordinates": [
          [
            [
              77.73583474284138,
              12.855653269110304
            ],
            [
              77.73183291314102,
              12.868153684324772
            ],
            [
              77.71922441058571,
              12.870706463975587
            ],
            [
              77.71061926505253,
              12.86076020750038
            ],
            [
              77.71462091074036,
              12.848261291220155
            ],
            [
              77.7272278862548,
              12.845707132482122
            ],
            [
              77.73583474284138,
              12.855653269110304
            ]
          ]
        ]
      },
      "properties": {
        "rank": 162,
        "hex_id": "87618935affffff",
        "name": "Kaggalipura",
        "final_affluence_score": 20.1741,
        "affluence_tier": "Low Evidence",
        "spatial_relation": "low_evidence",
        "confidence_score": 0.4667,
        "countable_family_tam": 0.0,
        "direct_family_tam": 0.0,
        "direct_total_units": 0.0,
        "direct_luxury_society_tam": 0.0,
        "conservative_50l_plus_family_tam": 0.0,
        "conservative_50l_plus_share_of_direct_tam": 0.0,
        "estimated_40l_plus_family_tam_linear_25_50_split": 0.0,
        "estimated_40l_plus_share_linear_25_50_split": 0.0,
        "nearby_family_tam_weighted_context": 0.0,
        "society_cluster_tam_weighted_context_not_counted": 0.0,
        "market_price_per_sqft": 6000.0,
        "refined_budget_segment": "Affordable",
        "premium_candidate_score": 0.0,
        "rental_yield_pct": null,
        "yearly_appreciation_pct": 33.3,
        "society_score": 0.0,
        "society_cluster_score": 0.0,
        "hospital_score": 0.539635,
        "market_score": 0.378847,
        "sez_workplace_score": 0.0,
        "habitability_score": 0.252978,
        "habitability_class": "sparse_habitable",
        "habitable_for_residential_tam": true,
        "societies_direct_count": 0,
        "societies_nearby_count": 0,
        "society_cluster_project_count": 0,
        "hospitals_nearby_count": 40,
        "top_societies": "",
        "top_hospitals": "Kauvery Hospitals (Ultra Premium, 17.6 min) | Belenus Champion Hospital (Ultra Premium, 15.1 min) | Manipal Hospital (Ultra Premium, 20.6 min) | Springleaf Healthcare (Ultra Premium, 14.6 min) | Sakra World Hospital (Ultra Premium, 22.8 min)",
        "quality_flags": "no_direct_society_tam",
        "commute_score": 83.4,
        "commute_band": "Excellent commute convenience",
        "centroid_lat": 12.858207223772013,
        "centroid_lon": 77.7232262211686,
        "zone": "South-East"
      }
    },
    {
      "type": "Feature",
      "geometry": {
        "type": "Polygon",
        "coordinates": [
          [
            [
              77.52112504608027,
              12.864033145036695
            ],
            [
              77.51712405345997,
              12.876514910222616
            ],
            [
              77.50454380057162,
              12.879053748265912
            ],
            [
              77.49596606894124,
              12.86911221544889
            ],
            [
              77.49996686580201,
              12.856631958774889
            ],
            [
              77.51254559033079,
              12.854091726409534
            ],
            [
              77.52112504608027,
              12.864033145036695
            ]
          ]
        ]
      },
      "properties": {
        "rank": 163,
        "hex_id": "876014515ffffff",
        "name": "Talagattapura",
        "final_affluence_score": 20.1592,
        "affluence_tier": "Low Evidence",
        "spatial_relation": "low_evidence",
        "confidence_score": 0.7867,
        "countable_family_tam": 0.0,
        "direct_family_tam": 0.0,
        "direct_total_units": 0.0,
        "direct_luxury_society_tam": 0.0,
        "conservative_50l_plus_family_tam": 0.0,
        "conservative_50l_plus_share_of_direct_tam": 0.0,
        "estimated_40l_plus_family_tam_linear_25_50_split": 0.0,
        "estimated_40l_plus_share_linear_25_50_split": 0.0,
        "nearby_family_tam_weighted_context": 181.93,
        "society_cluster_tam_weighted_context_not_counted": 584.97,
        "market_price_per_sqft": 12500.0,
        "refined_budget_segment": "Mid-Segment",
        "premium_candidate_score": 0.19790773293926622,
        "rental_yield_pct": null,
        "yearly_appreciation_pct": 10.6,
        "society_score": 0.377057,
        "society_cluster_score": 0.542229,
        "hospital_score": 0.566502,
        "market_score": 0.539333,
        "sez_workplace_score": 0.0,
        "habitability_score": 0.130143,
        "habitability_class": "low_building_evidence",
        "habitable_for_residential_tam": false,
        "societies_direct_count": 0,
        "societies_nearby_count": 4,
        "society_cluster_project_count": 6,
        "hospitals_nearby_count": 45,
        "top_societies": "Prestige Primrose Hills (Premium, TAM 1,428) | Raja Gardenia (Aspirational Premium, TAM 128) | Hara Vijaya Heights (Aspirational Premium, TAM 206) | Jayanagar Housing Co Op Society Plot (Aspirational Premium, TAM 128)",
        "top_hospitals": "DHEE Hospitals (Ultra Premium, 11.0 min) | Aster RV Hospital (Ultra Premium, 20.4 min) | Astra Superspeciality Hospital (Super Premium, 13.7 min) | Pathway Hospitals (Ultra Premium, 16.6 min) | Cloudnine Hospital - Jayanagar (Ultra Premium, 24.0 min)",
        "quality_flags": "low_overture_building_habitability | no_direct_society_tam",
        "commute_score": 86.6,
        "commute_band": "Excellent commute convenience",
        "centroid_lat": 12.866573165317927,
        "centroid_lon": 77.50854476705229,
        "zone": "South-West"
      }
    },
    {
      "type": "Feature",
      "geometry": {
        "type": "Polygon",
        "coordinates": [
          [
            [
              77.53376466869115,
              13.118285599632246
            ],
            [
              77.52976031295887,
              13.13075774627514
            ],
            [
              77.51716797870893,
              13.133278301614347
            ],
            [
              77.5085815312863,
              13.123328107829643
            ],
            [
              77.51258569162503,
              13.110857458887066
            ],
            [
              77.52517649505887,
              13.108335506030004
            ],
            [
              77.53376466869115,
              13.118285599632246
            ]
          ]
        ]
      },
      "properties": {
        "rank": 164,
        "hex_id": "87601696affffff",
        "name": "Kondashettihalli",
        "final_affluence_score": 19.7475,
        "affluence_tier": "Low Evidence",
        "spatial_relation": "low_evidence",
        "confidence_score": 0.5467,
        "countable_family_tam": 0.0,
        "direct_family_tam": 65.0,
        "direct_total_units": 77.0,
        "direct_luxury_society_tam": 0.0,
        "conservative_50l_plus_family_tam": 0.0,
        "conservative_50l_plus_share_of_direct_tam": 0.0,
        "estimated_40l_plus_family_tam_linear_25_50_split": 0.0,
        "estimated_40l_plus_share_linear_25_50_split": 0.0,
        "nearby_family_tam_weighted_context": 65.0,
        "society_cluster_tam_weighted_context_not_counted": 65.0,
        "market_price_per_sqft": null,
        "refined_budget_segment": "Premium",
        "premium_candidate_score": 0.35,
        "rental_yield_pct": null,
        "yearly_appreciation_pct": null,
        "society_score": 0.200237,
        "society_cluster_score": 0.064724,
        "hospital_score": 0.457458,
        "market_score": 0.17,
        "sez_workplace_score": 0.0,
        "habitability_score": 0.253149,
        "habitability_class": "sparse_habitable",
        "habitable_for_residential_tam": true,
        "societies_direct_count": 1,
        "societies_nearby_count": 1,
        "society_cluster_project_count": 1,
        "hospitals_nearby_count": 26,
        "top_societies": "NCC Urban Park View (Aspirational Premium, TAM 65)",
        "top_hospitals": "Maarga (Ultra Premium, 15.4 min) | Aveksha Hospital (Ultra Premium, 12.8 min) | Sparsh Hospital (Premium, 7.0 min) | Mind and Brain hospital (Ultra Premium, 20.0 min) | People Tree Hospitals (Ultra Premium, 24.6 min)",
        "quality_flags": "",
        "commute_score": 80.5,
        "commute_band": "Excellent commute convenience",
        "centroid_lat": 13.120807343921642,
        "centroid_lon": 77.52117230867114,
        "zone": "North-West"
      }
    },
    {
      "type": "Feature",
      "geometry": {
        "type": "Polygon",
        "coordinates": [
          [
            [
              77.52459731167798,
              13.073440240737384
            ],
            [
              77.52059358185225,
              13.085913524068577
            ],
            [
              77.5080043090366,
              13.088436874412384
            ],
            [
              77.49942029674558,
              13.0784883388806
            ],
            [
              77.50342383073443,
              13.066016555482515
            ],
            [
              77.51601157312984,
              13.0634918076847
            ],
            [
              77.52459731167798,
              13.073440240737384
            ]
          ]
        ]
      },
      "properties": {
        "rank": 165,
        "hex_id": "87601696dffffff",
        "name": "Abbigere",
        "final_affluence_score": 19.708,
        "affluence_tier": "Low Evidence",
        "spatial_relation": "low_evidence",
        "confidence_score": 0.6333,
        "countable_family_tam": 0.0,
        "direct_family_tam": 0.0,
        "direct_total_units": 0.0,
        "direct_luxury_society_tam": 0.0,
        "conservative_50l_plus_family_tam": 0.0,
        "conservative_50l_plus_share_of_direct_tam": 0.0,
        "estimated_40l_plus_family_tam_linear_25_50_split": 0.0,
        "estimated_40l_plus_share_linear_25_50_split": 0.0,
        "nearby_family_tam_weighted_context": 0.0,
        "society_cluster_tam_weighted_context_not_counted": 39.7,
        "market_price_per_sqft": null,
        "refined_budget_segment": "Premium",
        "premium_candidate_score": 0.2561078456427293,
        "rental_yield_pct": null,
        "yearly_appreciation_pct": null,
        "society_score": 0.039733,
        "society_cluster_score": 0.141904,
        "hospital_score": 0.636708,
        "market_score": 0.299198,
        "sez_workplace_score": 0.0,
        "habitability_score": 0.613763,
        "habitability_class": "habitable",
        "habitable_for_residential_tam": true,
        "societies_direct_count": 0,
        "societies_nearby_count": 0,
        "society_cluster_project_count": 2,
        "hospitals_nearby_count": 51,
        "top_societies": "",
        "top_hospitals": "People Tree Hospitals (Ultra Premium, 13.7 min) | Aveksha Hospital (Ultra Premium, 7.6 min) | Aster CMI Hospital (Ultra Premium, 20.5 min) | Prakriya Hospitals (Premium, 8.7 min) | Sparsh Hospital (Premium, 5.1 min)",
        "quality_flags": "no_direct_society_tam",
        "commute_score": 88.6,
        "commute_band": "Excellent commute convenience",
        "centroid_lat": 13.075964779078493,
        "centroid_lon": 77.51200801280034,
        "zone": "North-West"
      }
    },
    {
      "type": "Feature",
      "geometry": {
        "type": "Polygon",
        "coordinates": [
          [
            [
              77.53660763962702,
              13.03601514233528
            ],
            [
              77.53260434059672,
              13.048491048596787
            ],
            [
              77.52001498999377,
              13.051017961504243
            ],
            [
              77.5114304686825,
              13.041070364171537
            ],
            [
              77.515433572579,
              13.028595958805681
            ],
            [
              77.5280213931993,
              13.026067649878684
            ],
            [
              77.53660763962702,
              13.03601514233528
            ]
          ]
        ]
      },
      "properties": {
        "rank": 166,
        "hex_id": "876014591ffffff",
        "name": "Dasarahalli",
        "final_affluence_score": 19.5581,
        "affluence_tier": "Low Evidence",
        "spatial_relation": "low_evidence",
        "confidence_score": 0.6,
        "countable_family_tam": 0.0,
        "direct_family_tam": 0.0,
        "direct_total_units": 0.0,
        "direct_luxury_society_tam": 0.0,
        "conservative_50l_plus_family_tam": 0.0,
        "conservative_50l_plus_share_of_direct_tam": 0.0,
        "estimated_40l_plus_family_tam_linear_25_50_split": 0.0,
        "estimated_40l_plus_share_linear_25_50_split": 0.0,
        "nearby_family_tam_weighted_context": 0.0,
        "society_cluster_tam_weighted_context_not_counted": 0.0,
        "market_price_per_sqft": null,
        "refined_budget_segment": "Mid-Segment",
        "premium_candidate_score": 0.0,
        "rental_yield_pct": null,
        "yearly_appreciation_pct": null,
        "society_score": 0.0,
        "society_cluster_score": 0.0,
        "hospital_score": 0.773127,
        "market_score": 0.165636,
        "sez_workplace_score": 0.363929,
        "habitability_score": 0.758517,
        "habitability_class": "dense_habitable",
        "habitable_for_residential_tam": true,
        "societies_direct_count": 0,
        "societies_nearby_count": 0,
        "society_cluster_project_count": 0,
        "hospitals_nearby_count": 84,
        "top_societies": "",
        "top_hospitals": "People Tree Hospitals (Ultra Premium, 4.1 min) | SPARSH Hospital (Premium, 4.5 min) | Prakriya Hospitals (Premium, 3.7 min) | Aster CMI Hospital (Ultra Premium, 17.9 min) | Manipal Hospital Malleshwaram (Super Premium, 12.0 min)",
        "quality_flags": "no_direct_society_tam",
        "commute_score": 93.0,
        "commute_band": "Excellent commute convenience",
        "centroid_lat": 13.03854324181083,
        "centroid_lon": 77.52401826336072,
        "zone": "North-West"
      }
    },
    {
      "type": "Feature",
      "geometry": {
        "type": "Polygon",
        "coordinates": [
          [
            [
              77.49426558615215,
              13.021176743422782
            ],
            [
              77.4902626785353,
              13.033649646626566
            ],
            [
              77.47767960694357,
              13.036175025464008
            ],
            [
              77.46910097331116,
              13.026228899846345
            ],
            [
              77.47310368350372,
              13.013757500069467
            ],
            [
              77.48568522503113,
              13.011230722485758
            ],
            [
              77.49426558615215,
              13.021176743422782
            ]
          ]
        ]
      },
      "properties": {
        "rank": 167,
        "hex_id": "87601459dffffff",
        "name": "Dodda Bidarakallu",
        "final_affluence_score": 19.4086,
        "affluence_tier": "Low Evidence",
        "spatial_relation": "low_evidence",
        "confidence_score": 0.4667,
        "countable_family_tam": 0.0,
        "direct_family_tam": 0.0,
        "direct_total_units": 0.0,
        "direct_luxury_society_tam": 0.0,
        "conservative_50l_plus_family_tam": 0.0,
        "conservative_50l_plus_share_of_direct_tam": 0.0,
        "estimated_40l_plus_family_tam_linear_25_50_split": 0.0,
        "estimated_40l_plus_share_linear_25_50_split": 0.0,
        "nearby_family_tam_weighted_context": 0.0,
        "society_cluster_tam_weighted_context_not_counted": 0.0,
        "market_price_per_sqft": 7099.999999999999,
        "refined_budget_segment": "Affordable",
        "premium_candidate_score": 0.0034188117062034502,
        "rental_yield_pct": null,
        "yearly_appreciation_pct": null,
        "society_score": 0.0,
        "society_cluster_score": 0.0,
        "hospital_score": 0.592563,
        "market_score": 0.375813,
        "sez_workplace_score": 0.0,
        "habitability_score": 0.530632,
        "habitability_class": "habitable",
        "habitable_for_residential_tam": true,
        "societies_direct_count": 0,
        "societies_nearby_count": 0,
        "society_cluster_project_count": 0,
        "hospitals_nearby_count": 47,
        "top_societies": "",
        "top_hospitals": "People Tree Hospitals (Ultra Premium, 14.6 min) | Prakriya Hospitals (Premium, 8.5 min) | SPARSH Hospital (Premium, 15.0 min) | Motherhood Hospital (Ultra Premium, 23.3 min) | Smiles Institute of Gastroenterology (Ultra Premium, 22.0 min)",
        "quality_flags": "no_direct_society_tam",
        "commute_score": 86.9,
        "commute_band": "Excellent commute convenience",
        "centroid_lat": 13.023703309773767,
        "centroid_lon": 77.48168248751726,
        "zone": "North-West"
      }
    },
    {
      "type": "Feature",
      "geometry": {
        "type": "Polygon",
        "coordinates": [
          [
            [
              77.68499609937416,
              13.087948208363885
            ],
            [
              77.6809914665884,
              13.100434585299867
            ],
            [
              77.66838020762837,
              13.102966908771556
            ],
            [
              77.65977511138507,
              13.093014241728296
            ],
            [
              77.66377955709052,
              13.08052935677789
            ],
            [
              77.67638928640046,
              13.07799564688489
            ],
            [
              77.68499609937416,
              13.087948208363885
            ]
          ]
        ]
      },
      "properties": {
        "rank": 168,
        "hex_id": "8761892d1ffffff",
        "name": "Chikkagubbi-Doddenahalli",
        "final_affluence_score": 19.3258,
        "affluence_tier": "Low Evidence",
        "spatial_relation": "low_evidence",
        "confidence_score": 0.75,
        "countable_family_tam": 0.0,
        "direct_family_tam": 0.0,
        "direct_total_units": 0.0,
        "direct_luxury_society_tam": 0.0,
        "conservative_50l_plus_family_tam": 0.0,
        "conservative_50l_plus_share_of_direct_tam": 0.0,
        "estimated_40l_plus_family_tam_linear_25_50_split": 0.0,
        "estimated_40l_plus_share_linear_25_50_split": 0.0,
        "nearby_family_tam_weighted_context": 22.45,
        "society_cluster_tam_weighted_context_not_counted": 251.56,
        "market_price_per_sqft": 7269.0,
        "refined_budget_segment": "Mid-Segment",
        "premium_candidate_score": 0.09577504871541488,
        "rental_yield_pct": null,
        "yearly_appreciation_pct": 2.6,
        "society_score": 0.189005,
        "society_cluster_score": 0.383109,
        "hospital_score": 0.52839,
        "market_score": 0.504172,
        "sez_workplace_score": 0.546075,
        "habitability_score": 0.171209,
        "habitability_class": "low_building_evidence",
        "habitable_for_residential_tam": false,
        "societies_direct_count": 0,
        "societies_nearby_count": 1,
        "society_cluster_project_count": 3,
        "hospitals_nearby_count": 51,
        "top_societies": "Shriram Luxor (Premium, TAM 377)",
        "top_hospitals": "Trilife Hospital (Ultra Premium, 21.1 min) | Maarga (Ultra Premium, 18.3 min) | Regal Hospital (Super Premium, 11.3 min) | Shishuka Children's Specialty Hospital (Ultra Premium, 18.2 min) | Cloudnine Hospital - HRBR (Ultra Premium, 22.0 min)",
        "quality_flags": "low_overture_building_habitability | no_direct_society_tam",
        "commute_score": 82.7,
        "commute_band": "Excellent commute convenience",
        "centroid_lat": 13.090481715065367,
        "centroid_lon": 77.67238481959957,
        "zone": "North-East"
      }
    },
    {
      "type": "Feature",
      "geometry": {
        "type": "Polygon",
        "coordinates": [
          [
            [
              77.50627344972142,
              12.983752812183166
            ],
            [
              77.50227097177658,
              12.996228324926417
            ],
            [
              77.4896878194538,
              12.99875726487396
            ],
            [
              77.48110867498217,
              12.988812089388004
            ],
            [
              77.48511095620522,
              12.976338081031958
            ],
            [
              77.4976925788999,
              12.973807743777266
            ],
            [
              77.50627344972142,
              12.983752812183166
            ]
          ]
        ]
      },
      "properties": {
        "rank": 169,
        "hex_id": "876014581ffffff",
        "name": "Herohalli-Byadarahalli",
        "final_affluence_score": 19.3172,
        "affluence_tier": "Low Evidence",
        "spatial_relation": "low_evidence",
        "confidence_score": 0.6,
        "countable_family_tam": 0.0,
        "direct_family_tam": 0.0,
        "direct_total_units": 0.0,
        "direct_luxury_society_tam": 0.0,
        "conservative_50l_plus_family_tam": 0.0,
        "conservative_50l_plus_share_of_direct_tam": 0.0,
        "estimated_40l_plus_family_tam_linear_25_50_split": 0.0,
        "estimated_40l_plus_share_linear_25_50_split": 0.0,
        "nearby_family_tam_weighted_context": 0.0,
        "society_cluster_tam_weighted_context_not_counted": 0.0,
        "market_price_per_sqft": 4035.0,
        "refined_budget_segment": "Mixed - Mid-Segment leaning",
        "premium_candidate_score": 0.08875689286163918,
        "rental_yield_pct": null,
        "yearly_appreciation_pct": null,
        "society_score": 0.0,
        "society_cluster_score": 0.0,
        "hospital_score": 0.672074,
        "market_score": 0.306617,
        "sez_workplace_score": 0.0,
        "habitability_score": 0.748299,
        "habitability_class": "habitable",
        "habitable_for_residential_tam": true,
        "societies_direct_count": 0,
        "societies_nearby_count": 0,
        "society_cluster_project_count": 0,
        "hospitals_nearby_count": 74,
        "top_societies": "",
        "top_hospitals": "People Tree Hospitals (Ultra Premium, 14.8 min) | Motherhood Hospital (Ultra Premium, 14.7 min) | Cloudnine Hospital (Super Premium, 6.4 min) | Brains Super Speciality Hospital (Ultra Premium, 13.7 min) | Manipal Hospital Malleshwaram (Super Premium, 16.3 min)",
        "quality_flags": "no_direct_society_tam",
        "commute_score": 89.7,
        "commute_band": "Excellent commute convenience",
        "centroid_lat": 12.98628293821279,
        "centroid_lon": 77.49369027075385,
        "zone": "West"
      }
    },
    {
      "type": "Feature",
      "geometry": {
        "type": "Polygon",
        "coordinates": [
          [
            [
              77.47595993922123,
              12.931500626622519
            ],
            [
              77.47195828441349,
              12.943975725473974
            ],
            [
              77.45938133188866,
              12.946506699059992
            ],
            [
              77.45080756371988,
              12.93656397238129
            ],
            [
              77.45480902022159,
              12.924090381401315
            ],
            [
              77.46738444347578,
              12.921558009231985
            ],
            [
              77.47595993922123,
              12.931500626622519
            ]
          ]
        ]
      },
      "properties": {
        "rank": 170,
        "hex_id": "8760145a9ffffff",
        "name": "Kommagatta",
        "final_affluence_score": 19.2563,
        "affluence_tier": "Low Evidence",
        "spatial_relation": "low_evidence",
        "confidence_score": 0.5167,
        "countable_family_tam": 0.0,
        "direct_family_tam": 0.0,
        "direct_total_units": 0.0,
        "direct_luxury_society_tam": 0.0,
        "conservative_50l_plus_family_tam": 0.0,
        "conservative_50l_plus_share_of_direct_tam": 0.0,
        "estimated_40l_plus_family_tam_linear_25_50_split": 0.0,
        "estimated_40l_plus_share_linear_25_50_split": 0.0,
        "nearby_family_tam_weighted_context": 0.0,
        "society_cluster_tam_weighted_context_not_counted": 19.2,
        "market_price_per_sqft": 9150.0,
        "refined_budget_segment": "Mid-Segment",
        "premium_candidate_score": 0.005780153871571754,
        "rental_yield_pct": null,
        "yearly_appreciation_pct": 27.1,
        "society_score": 5e-06,
        "society_cluster_score": 1.9e-05,
        "hospital_score": 0.405249,
        "market_score": 0.415241,
        "sez_workplace_score": 0.0,
        "habitability_score": 0.344688,
        "habitability_class": "sparse_habitable",
        "habitable_for_residential_tam": true,
        "societies_direct_count": 0,
        "societies_nearby_count": 0,
        "society_cluster_project_count": 1,
        "hospitals_nearby_count": 29,
        "top_societies": "",
        "top_hospitals": "Motherhood Hospital (Ultra Premium, 5.4 min) | Brains Super Speciality Hospital (Ultra Premium, 12.5 min) | SS Sparsh Hospital (Ultra Premium, 16.0 min) | Pathway Hospitals (Ultra Premium, 15.6 min) | Kusuma Hospital (Ultra Premium, 21.6 min)",
        "quality_flags": "no_direct_society_tam",
        "commute_score": 85.0,
        "commute_band": "Excellent commute convenience",
        "centroid_lat": 12.934032785800657,
        "centroid_lon": 77.46338295907225,
        "zone": "West"
      }
    },
    {
      "type": "Feature",
      "geometry": {
        "type": "Polygon",
        "coordinates": [
          [
            [
              77.62982602196605,
              12.818693096349076
            ],
            [
              77.62582512385642,
              12.831186004103374
            ],
            [
              77.61323220779337,
              12.833734962241266
            ],
            [
              77.60464171742242,
              12.823792398573131
            ],
            [
              77.60864242576127,
              12.811300996139433
            ],
            [
              77.62123381452123,
              12.808750652056005
            ],
            [
              77.62982602196605,
              12.818693096349076
            ]
          ]
        ]
      },
      "properties": {
        "rank": 171,
        "hex_id": "87618926cffffff",
        "name": "Hullahalli",
        "final_affluence_score": 18.8277,
        "affluence_tier": "Low Evidence",
        "spatial_relation": "low_evidence",
        "confidence_score": 0.5333,
        "countable_family_tam": 0.0,
        "direct_family_tam": 0.0,
        "direct_total_units": 0.0,
        "direct_luxury_society_tam": 0.0,
        "conservative_50l_plus_family_tam": 0.0,
        "conservative_50l_plus_share_of_direct_tam": 0.0,
        "estimated_40l_plus_family_tam_linear_25_50_split": 0.0,
        "estimated_40l_plus_share_linear_25_50_split": 0.0,
        "nearby_family_tam_weighted_context": 0.0,
        "society_cluster_tam_weighted_context_not_counted": 0.0,
        "market_price_per_sqft": null,
        "refined_budget_segment": "Premium",
        "premium_candidate_score": 0.30323862165050347,
        "rental_yield_pct": null,
        "yearly_appreciation_pct": null,
        "society_score": 0.0,
        "society_cluster_score": 0.0,
        "hospital_score": 0.542935,
        "market_score": 0.251592,
        "sez_workplace_score": 0.47867,
        "habitability_score": 0.30566,
        "habitability_class": "sparse_habitable",
        "habitable_for_residential_tam": true,
        "societies_direct_count": 0,
        "societies_nearby_count": 0,
        "society_cluster_project_count": 0,
        "hospitals_nearby_count": 45,
        "top_societies": "",
        "top_hospitals": "Kauvery Hospitals (Ultra Premium, 13.4 min) | Apollo Hospital (Ultra Premium, 19.4 min) | Fortis Hospital (Ultra Premium, 19.7 min) | Cloudnine Hospital - Electronics City (Super Premium, 8.7 min) | Springleaf Healthcare (Ultra Premium, 14.5 min)",
        "quality_flags": "no_direct_society_tam",
        "commute_score": 83.0,
        "commute_band": "Excellent commute convenience",
        "centroid_lat": 12.821243231911938,
        "centroid_lon": 77.61723308332014,
        "zone": "South"
      }
    },
    {
      "type": "Feature",
      "geometry": {
        "type": "Polygon",
        "coordinates": [
          [
            [
              77.64182784942038,
              12.781209283982848
            ],
            [
              77.63782738477921,
              12.793704735003669
            ],
            [
              77.62523440136546,
              12.796257223957923
            ],
            [
              77.61664340973495,
              12.786315646371829
            ],
            [
              77.62064368530739,
              12.773821701607396
            ],
            [
              77.63323514185849,
              12.771267828175645
            ],
            [
              77.64182784942038,
              12.781209283982848
            ]
          ]
        ]
      },
      "properties": {
        "rank": 172,
        "hex_id": "876014c90ffffff",
        "name": "Jigani-Harapanahalli",
        "final_affluence_score": 18.7817,
        "affluence_tier": "Low Evidence",
        "spatial_relation": "low_evidence",
        "confidence_score": 0.6,
        "countable_family_tam": 0.0,
        "direct_family_tam": 0.0,
        "direct_total_units": 0.0,
        "direct_luxury_society_tam": 0.0,
        "conservative_50l_plus_family_tam": 0.0,
        "conservative_50l_plus_share_of_direct_tam": 0.0,
        "estimated_40l_plus_family_tam_linear_25_50_split": 0.0,
        "estimated_40l_plus_share_linear_25_50_split": 0.0,
        "nearby_family_tam_weighted_context": 0.0,
        "society_cluster_tam_weighted_context_not_counted": 0.0,
        "market_price_per_sqft": 4206.608695652173,
        "refined_budget_segment": "Premium Candidate",
        "premium_candidate_score": 0.20489968801455932,
        "rental_yield_pct": 5.0,
        "yearly_appreciation_pct": 42.9,
        "society_score": 0.0,
        "society_cluster_score": 0.0,
        "hospital_score": 0.256836,
        "market_score": 0.454973,
        "sez_workplace_score": 0.63514,
        "habitability_score": 0.561461,
        "habitability_class": "habitable",
        "habitable_for_residential_tam": true,
        "societies_direct_count": 0,
        "societies_nearby_count": 0,
        "society_cluster_project_count": 0,
        "hospitals_nearby_count": 16,
        "top_societies": "",
        "top_hospitals": "Vijayashree Hospitals (Super Premium, 3.3 min) | Kauvery Hospitals (Ultra Premium, 19.7 min) | Cloudnine Hospital - Electronics City (Super Premium, 14.3 min) | Mazumdar Shaw Medical Center (Premium, 15.9 min) | Springleaf Healthcare (Ultra Premium, 24.3 min)",
        "quality_flags": "no_direct_society_tam",
        "commute_score": 82.3,
        "commute_band": "Excellent commute convenience",
        "centroid_lat": 12.783762948902666,
        "centroid_lon": 77.6292348438216,
        "zone": "South"
      }
    },
    {
      "type": "Feature",
      "geometry": {
        "type": "Polygon",
        "coordinates": [
          [
            [
              77.515433572579,
              13.028595958805681
            ],
            [
              77.5114304686825,
              13.041070364171537
            ],
            [
              77.49884425650932,
              13.043596509389024
            ],
            [
              77.4902626785353,
              13.033649646626566
            ],
            [
              77.49426558615215,
              13.021176743422782
            ],
            [
              77.50685026830111,
              13.018649200821507
            ],
            [
              77.515433572579,
              13.028595958805681
            ]
          ]
        ]
      },
      "properties": {
        "rank": 173,
        "hex_id": "87601459cffffff",
        "name": "Nelagadaranahalli-Dodda Bidarakallu",
        "final_affluence_score": 18.6443,
        "affluence_tier": "Low Evidence",
        "spatial_relation": "low_evidence",
        "confidence_score": 0.6,
        "countable_family_tam": 0.0,
        "direct_family_tam": 0.0,
        "direct_total_units": 0.0,
        "direct_luxury_society_tam": 0.0,
        "conservative_50l_plus_family_tam": 0.0,
        "conservative_50l_plus_share_of_direct_tam": 0.0,
        "estimated_40l_plus_family_tam_linear_25_50_split": 0.0,
        "estimated_40l_plus_share_linear_25_50_split": 0.0,
        "nearby_family_tam_weighted_context": 0.0,
        "society_cluster_tam_weighted_context_not_counted": 0.0,
        "market_price_per_sqft": null,
        "refined_budget_segment": "Premium Candidate",
        "premium_candidate_score": 0.19633974673535617,
        "rental_yield_pct": null,
        "yearly_appreciation_pct": null,
        "society_score": 0.0,
        "society_cluster_score": 0.0,
        "hospital_score": 0.699749,
        "market_score": 0.272995,
        "sez_workplace_score": 0.0,
        "habitability_score": 0.818225,
        "habitability_class": "dense_habitable",
        "habitable_for_residential_tam": true,
        "societies_direct_count": 0,
        "societies_nearby_count": 0,
        "society_cluster_project_count": 0,
        "hospitals_nearby_count": 64,
        "top_societies": "",
        "top_hospitals": "People Tree Hospitals (Ultra Premium, 10.2 min) | Prakriya Hospitals (Premium, 4.0 min) | SPARSH Hospital (Premium, 10.6 min) | Raghavendra People Tree Hospital (Mid-Premium, 4.8 min) | Aster CMI Hospital (Ultra Premium, 24.2 min)",
        "quality_flags": "no_direct_society_tam",
        "commute_score": 90.4,
        "commute_band": "Excellent commute convenience",
        "centroid_lat": 13.03112329106445,
        "centroid_lon": 77.50284733405225,
        "zone": "North-West"
      }
    },
    {
      "type": "Feature",
      "geometry": {
        "type": "Polygon",
        "coordinates": [
          [
            [
              77.4896878194538,
              12.99875726487396
            ],
            [
              77.48568522503113,
              13.011230722485758
            ],
            [
              77.47310368350372,
              13.013757500069467
            ],
            [
              77.46452626654296,
              13.003812218751934
            ],
            [
              77.4685286633207,
              12.991340265679604
            ],
            [
              77.48110867498217,
              12.988812089388004
            ],
            [
              77.4896878194538,
              12.99875726487396
            ]
          ]
        ]
      },
      "properties": {
        "rank": 174,
        "hex_id": "87601458effffff",
        "name": "Andrahalli-Nada prabhu Kempegowda Nagara",
        "final_affluence_score": 18.4731,
        "affluence_tier": "Low Evidence",
        "spatial_relation": "low_evidence",
        "confidence_score": 0.6,
        "countable_family_tam": 0.0,
        "direct_family_tam": 0.0,
        "direct_total_units": 0.0,
        "direct_luxury_society_tam": 0.0,
        "conservative_50l_plus_family_tam": 0.0,
        "conservative_50l_plus_share_of_direct_tam": 0.0,
        "estimated_40l_plus_family_tam_linear_25_50_split": 0.0,
        "estimated_40l_plus_share_linear_25_50_split": 0.0,
        "nearby_family_tam_weighted_context": 0.0,
        "society_cluster_tam_weighted_context_not_counted": 0.0,
        "market_price_per_sqft": 6091.14979757085,
        "refined_budget_segment": "Affordable",
        "premium_candidate_score": 0.09685949872314471,
        "rental_yield_pct": null,
        "yearly_appreciation_pct": 15.5,
        "society_score": 0.0,
        "society_cluster_score": 0.0,
        "hospital_score": 0.547653,
        "market_score": 0.35851,
        "sez_workplace_score": 0.0,
        "habitability_score": 0.63217,
        "habitability_class": "habitable",
        "habitable_for_residential_tam": true,
        "societies_direct_count": 0,
        "societies_nearby_count": 0,
        "society_cluster_project_count": 0,
        "hospitals_nearby_count": 48,
        "top_societies": "",
        "top_hospitals": "People Tree Hospitals (Ultra Premium, 18.0 min) | Motherhood Hospital (Ultra Premium, 20.1 min) | Prakriya Hospitals (Premium, 13.1 min) | Brains Super Speciality Hospital (Ultra Premium, 18.2 min) | Cloudnine Hospital (Super Premium, 12.2 min)",
        "quality_flags": "no_direct_society_tam",
        "commute_score": 86.2,
        "commute_band": "Excellent commute convenience",
        "centroid_lat": 13.001285229492018,
        "centroid_lon": 77.47710625073786,
        "zone": "West"
      }
    },
    {
      "type": "Feature",
      "geometry": {
        "type": "Polygon",
        "coordinates": [
          [
            [
              77.70541662985235,
              12.80337193822064
            ],
            [
              77.7014156049068,
              12.81587190035561
            ],
            [
              77.68881326927442,
              12.818426673988768
            ],
            [
              77.6802134855753,
              12.808482865856462
            ],
            [
              77.68421432490419,
              12.795984406148767
            ],
            [
              77.6968151338292,
              12.793428252148141
            ],
            [
              77.70541662985235,
              12.80337193822064
            ]
          ]
        ]
      },
      "properties": {
        "rank": 175,
        "hex_id": "87618934affffff",
        "name": "Banahalli",
        "final_affluence_score": 18.4651,
        "affluence_tier": "Low Evidence",
        "spatial_relation": "low_evidence",
        "confidence_score": 0.5667,
        "countable_family_tam": 0.0,
        "direct_family_tam": 0.0,
        "direct_total_units": 0.0,
        "direct_luxury_society_tam": 0.0,
        "conservative_50l_plus_family_tam": 0.0,
        "conservative_50l_plus_share_of_direct_tam": 0.0,
        "estimated_40l_plus_family_tam_linear_25_50_split": 0.0,
        "estimated_40l_plus_share_linear_25_50_split": 0.0,
        "nearby_family_tam_weighted_context": 0.0,
        "society_cluster_tam_weighted_context_not_counted": 47.74,
        "market_price_per_sqft": 4800.0,
        "refined_budget_segment": "Affordable",
        "premium_candidate_score": 0.0,
        "rental_yield_pct": null,
        "yearly_appreciation_pct": 6.7,
        "society_score": 0.029137,
        "society_cluster_score": 0.104059,
        "hospital_score": 0.355457,
        "market_score": 0.275358,
        "sez_workplace_score": 0.490685,
        "habitability_score": 0.579795,
        "habitability_class": "habitable",
        "habitable_for_residential_tam": true,
        "societies_direct_count": 0,
        "societies_nearby_count": 0,
        "society_cluster_project_count": 2,
        "hospitals_nearby_count": 22,
        "top_societies": "",
        "top_hospitals": "Mazumdar Shaw Medical Center (Premium, 1.5 min) | Kauvery Hospitals (Ultra Premium, 13.3 min) | Springleaf Healthcare (Ultra Premium, 13.0 min) | Sri Sai Hospitals (Super Premium, 11.6 min) | Apollo Cradle & Children's Hospital (Super Premium, 16.0 min)",
        "quality_flags": "no_direct_society_tam",
        "commute_score": 86.8,
        "commute_band": "Excellent commute convenience",
        "centroid_lat": 12.80592788637075,
        "centroid_lon": 77.69281427411258,
        "zone": "South-East"
      }
    },
    {
      "type": "Feature",
      "geometry": {
        "type": "Polygon",
        "coordinates": [
          [
            [
              77.48511095620522,
              12.976338081031958
            ],
            [
              77.48110867498217,
              12.988812089388004
            ],
            [
              77.4685286633207,
              12.991340265679604
            ],
            [
              77.45995246282776,
              12.981395832286085
            ],
            [
              77.46395454618536,
              12.968923329581145
            ],
            [
              77.47653302817929,
              12.966393754621556
            ],
            [
              77.48511095620522,
              12.976338081031958
            ]
          ]
        ]
      },
      "properties": {
        "rank": 176,
        "hex_id": "87601458cffffff",
        "name": "Byadarahalli",
        "final_affluence_score": 18.3827,
        "affluence_tier": "Low Evidence",
        "spatial_relation": "low_evidence",
        "confidence_score": 0.5333,
        "countable_family_tam": 0.0,
        "direct_family_tam": 0.0,
        "direct_total_units": 0.0,
        "direct_luxury_society_tam": 0.0,
        "conservative_50l_plus_family_tam": 0.0,
        "conservative_50l_plus_share_of_direct_tam": 0.0,
        "estimated_40l_plus_family_tam_linear_25_50_split": 0.0,
        "estimated_40l_plus_share_linear_25_50_split": 0.0,
        "nearby_family_tam_weighted_context": 0.0,
        "society_cluster_tam_weighted_context_not_counted": 0.0,
        "market_price_per_sqft": 8888.0,
        "refined_budget_segment": "Affordable",
        "premium_candidate_score": 0.0007867514101679708,
        "rental_yield_pct": null,
        "yearly_appreciation_pct": null,
        "society_score": 0.0,
        "society_cluster_score": 0.0,
        "hospital_score": 0.5431,
        "market_score": 0.377796,
        "sez_workplace_score": 0.0,
        "habitability_score": 0.650675,
        "habitability_class": "habitable",
        "habitable_for_residential_tam": true,
        "societies_direct_count": 0,
        "societies_nearby_count": 0,
        "society_cluster_project_count": 0,
        "hospitals_nearby_count": 50,
        "top_societies": "",
        "top_hospitals": "Motherhood Hospital (Ultra Premium, 12.4 min) | People Tree Hospitals (Ultra Premium, 19.8 min) | Brains Super Speciality Hospital (Ultra Premium, 13.8 min) | SS Sparsh Hospital (Ultra Premium, 18.9 min) | Cloudnine Hospital (Super Premium, 10.6 min)",
        "quality_flags": "no_direct_society_tam",
        "commute_score": 88.1,
        "commute_band": "Excellent commute convenience",
        "centroid_lat": 12.978867443877977,
        "centroid_lon": 77.47253091720994,
        "zone": "West"
      }
    },
    {
      "type": "Feature",
      "geometry": {
        "type": "Polygon",
        "coordinates": [
          [
            [
              77.52001498999377,
              13.051017961504243
            ],
            [
              77.51601157312984,
              13.0634918076847
            ],
            [
              77.50342383073443,
              13.066016555482515
            ],
            [
              77.49484103570374,
              13.056068854521412
            ],
            [
              77.49884425650932,
              13.043596509389024
            ],
            [
              77.5114304686825,
              13.041070364171537
            ],
            [
              77.52001498999377,
              13.051017961504243
            ]
          ]
        ]
      },
      "properties": {
        "rank": 177,
        "hex_id": "87601459effffff",
        "name": "Manjunatha Nagar",
        "final_affluence_score": 18.3421,
        "affluence_tier": "Low Evidence",
        "spatial_relation": "low_evidence",
        "confidence_score": 0.6,
        "countable_family_tam": 0.0,
        "direct_family_tam": 0.0,
        "direct_total_units": 0.0,
        "direct_luxury_society_tam": 0.0,
        "conservative_50l_plus_family_tam": 0.0,
        "conservative_50l_plus_share_of_direct_tam": 0.0,
        "estimated_40l_plus_family_tam_linear_25_50_split": 0.0,
        "estimated_40l_plus_share_linear_25_50_split": 0.0,
        "nearby_family_tam_weighted_context": 0.0,
        "society_cluster_tam_weighted_context_not_counted": 0.0,
        "market_price_per_sqft": null,
        "refined_budget_segment": "Mid-Segment",
        "premium_candidate_score": 0.014060441821285713,
        "rental_yield_pct": null,
        "yearly_appreciation_pct": null,
        "society_score": 0.0,
        "society_cluster_score": 0.0,
        "hospital_score": 0.69691,
        "market_score": 0.223869,
        "sez_workplace_score": 0.198916,
        "habitability_score": 0.839046,
        "habitability_class": "dense_habitable",
        "habitable_for_residential_tam": true,
        "societies_direct_count": 0,
        "societies_nearby_count": 0,
        "society_cluster_project_count": 0,
        "hospitals_nearby_count": 61,
        "top_societies": "",
        "top_hospitals": "People Tree Hospitals (Ultra Premium, 9.4 min) | Prakriya Hospitals (Premium, 2.6 min) | Motherhood Hospital (Mid-Premium, 2.5 min) | SPARSH Hospital (Premium, 9.8 min) | Aster CMI Hospital (Ultra Premium, 22.1 min)",
        "quality_flags": "no_direct_society_tam",
        "commute_score": 91.7,
        "commute_band": "Excellent commute convenience",
        "centroid_lat": 13.053543896821738,
        "centroid_lon": 77.50742722139051,
        "zone": "North-West"
      }
    },
    {
      "type": "Feature",
      "geometry": {
        "type": "Polygon",
        "coordinates": [
          [
            [
              77.79856818409014,
              13.06510255165411
            ],
            [
              77.79456338262243,
              13.077599555994945
            ],
            [
              77.7819380177677,
              13.080140702682959
            ],
            [
              77.77331898338952,
              13.070186223072806
            ],
            [
              77.77732360404194,
              13.057690706371973
            ],
            [
              77.78994744017007,
              13.055148181639957
            ],
            [
              77.79856818409014,
              13.06510255165411
            ]
          ]
        ]
      },
      "properties": {
        "rank": 178,
        "hex_id": "8761892aaffffff",
        "name": "Bangalore East-Kannamangala",
        "final_affluence_score": 17.7298,
        "affluence_tier": "Low Evidence",
        "spatial_relation": "low_evidence",
        "confidence_score": 0.5833,
        "countable_family_tam": 0.0,
        "direct_family_tam": 0.0,
        "direct_total_units": 0.0,
        "direct_luxury_society_tam": 0.0,
        "conservative_50l_plus_family_tam": 0.0,
        "conservative_50l_plus_share_of_direct_tam": 0.0,
        "estimated_40l_plus_family_tam_linear_25_50_split": 0.0,
        "estimated_40l_plus_share_linear_25_50_split": 0.0,
        "nearby_family_tam_weighted_context": 0.0,
        "society_cluster_tam_weighted_context_not_counted": 51.81,
        "market_price_per_sqft": 3195.9459459459463,
        "refined_budget_segment": "Affordable",
        "premium_candidate_score": 0.0,
        "rental_yield_pct": 4.0,
        "yearly_appreciation_pct": 30.2,
        "society_score": 0.037558,
        "society_cluster_score": 0.134134,
        "hospital_score": 0.125317,
        "market_score": 0.291889,
        "sez_workplace_score": 0.0,
        "habitability_score": 0.633839,
        "habitability_class": "habitable",
        "habitable_for_residential_tam": true,
        "societies_direct_count": 0,
        "societies_nearby_count": 0,
        "society_cluster_project_count": 1,
        "hospitals_nearby_count": 10,
        "top_societies": "",
        "top_hospitals": "Aster Women & Children Hospital (Ultra Premium, 29.0 min) | Aster Whitefield Hospital (Ultra Premium, 29.0 min) | Altor Hospital (Super Premium, 21.4 min) | SRI RAM HOSPITAL (Ultra Premium, 23.0 min) | Hope Hospital (Premium, 18.9 min)",
        "quality_flags": "no_direct_society_tam",
        "commute_score": 80.3,
        "commute_band": "Excellent commute convenience",
        "centroid_lat": 13.067644877233086,
        "centroid_lon": 77.78594280215263,
        "zone": "North-East"
      }
    },
    {
      "type": "Feature",
      "geometry": {
        "type": "Polygon",
        "coordinates": [
          [
            [
              77.51654627037578,
              12.841609432820409
            ],
            [
              77.51254559033079,
              12.854091726409534
            ],
            [
              77.49996686580201,
              12.856631958774889
            ],
            [
              77.49139034975812,
              12.846691291828387
            ],
            [
              77.49539083382265,
              12.83421050785738
            ],
            [
              77.50796803018952,
              12.83166888121856
            ],
            [
              77.51654627037578,
              12.841609432820409
            ]
          ]
        ]
      },
      "properties": {
        "rank": 179,
        "hex_id": "876014506ffffff",
        "name": "Agara",
        "final_affluence_score": 17.636,
        "affluence_tier": "Low Evidence",
        "spatial_relation": "low_evidence",
        "confidence_score": 0.4667,
        "countable_family_tam": 0.0,
        "direct_family_tam": 0.0,
        "direct_total_units": 0.0,
        "direct_luxury_society_tam": 0.0,
        "conservative_50l_plus_family_tam": 0.0,
        "conservative_50l_plus_share_of_direct_tam": 0.0,
        "estimated_40l_plus_family_tam_linear_25_50_split": 0.0,
        "estimated_40l_plus_share_linear_25_50_split": 0.0,
        "nearby_family_tam_weighted_context": 0.0,
        "society_cluster_tam_weighted_context_not_counted": 0.0,
        "market_price_per_sqft": null,
        "refined_budget_segment": "Premium",
        "premium_candidate_score": 0.35,
        "rental_yield_pct": null,
        "yearly_appreciation_pct": null,
        "society_score": 0.0,
        "society_cluster_score": 0.0,
        "hospital_score": 0.456123,
        "market_score": 0.297973,
        "sez_workplace_score": 0.356906,
        "habitability_score": 0.304021,
        "habitability_class": "sparse_habitable",
        "habitable_for_residential_tam": true,
        "societies_direct_count": 0,
        "societies_nearby_count": 0,
        "society_cluster_project_count": 0,
        "hospitals_nearby_count": 23,
        "top_societies": "",
        "top_hospitals": "DHEE Hospitals (Ultra Premium, 13.3 min) | Aster RV Hospital (Ultra Premium, 22.8 min) | Astra Superspeciality Hospital (Super Premium, 16.0 min) | Fortis Hospital (Ultra Premium, 24.4 min) | Pathway Hospitals (Ultra Premium, 19.0 min)",
        "quality_flags": "no_direct_society_tam",
        "commute_score": 86.1,
        "commute_band": "Excellent commute convenience",
        "centroid_lat": 12.844150846938177,
        "centroid_lon": 77.50396751956187,
        "zone": "South-West"
      }
    },
    {
      "type": "Feature",
      "geometry": {
        "type": "Polygon",
        "coordinates": [
          [
            [
              77.55036284767795,
              13.103288660619597
            ],
            [
              77.54635861042806,
              13.115762874987578
            ],
            [
              77.53376466869115,
              13.118285599632246
            ],
            [
              77.52517649505887,
              13.108335506030004
            ],
            [
              77.52918053784072,
              13.095862789211473
            ],
            [
              77.54177294900201,
              13.093338668446785
            ],
            [
              77.55036284767795,
              13.103288660619597
            ]
          ]
        ]
      },
      "properties": {
        "rank": 180,
        "hex_id": "87601696effffff",
        "name": "Gune Agrahara",
        "final_affluence_score": 17.5755,
        "affluence_tier": "Low Evidence",
        "spatial_relation": "low_evidence",
        "confidence_score": 0.6667,
        "countable_family_tam": 0.0,
        "direct_family_tam": 0.0,
        "direct_total_units": 0.0,
        "direct_luxury_society_tam": 0.0,
        "conservative_50l_plus_family_tam": 0.0,
        "conservative_50l_plus_share_of_direct_tam": 0.0,
        "estimated_40l_plus_family_tam_linear_25_50_split": 0.0,
        "estimated_40l_plus_share_linear_25_50_split": 0.0,
        "nearby_family_tam_weighted_context": 7.02,
        "society_cluster_tam_weighted_context_not_counted": 75.0,
        "market_price_per_sqft": null,
        "refined_budget_segment": "Mid-Segment",
        "premium_candidate_score": 0.0,
        "rental_yield_pct": null,
        "yearly_appreciation_pct": null,
        "society_score": 0.079331,
        "society_cluster_score": 0.126372,
        "hospital_score": 0.565581,
        "market_score": 0.131635,
        "sez_workplace_score": 0.0,
        "habitability_score": 0.324775,
        "habitability_class": "sparse_habitable",
        "habitable_for_residential_tam": true,
        "societies_direct_count": 0,
        "societies_nearby_count": 1,
        "society_cluster_project_count": 4,
        "hospitals_nearby_count": 47,
        "top_societies": "NCC Urban Park View (Aspirational Premium, TAM 65)",
        "top_hospitals": "Maarga (Ultra Premium, 10.5 min) | Aveksha Hospital (Ultra Premium, 7.8 min) | Mind and Brain hospital (Ultra Premium, 15.2 min) | People Tree Hospitals (Ultra Premium, 19.5 min) | Aster CMI Hospital (Ultra Premium, 23.5 min)",
        "quality_flags": "no_direct_society_tam",
        "commute_score": 83.6,
        "commute_band": "Excellent commute convenience",
        "centroid_lat": 13.105812573265307,
        "centroid_lon": 77.537768880716,
        "zone": "North"
      }
    },
    {
      "type": "Feature",
      "geometry": {
        "type": "Polygon",
        "coordinates": [
          [
            [
              77.50342383073443,
              13.066016555482515
            ],
            [
              77.49942029674558,
              13.0784883388806
            ],
            [
              77.4868341644302,
              13.081010920116904
            ],
            [
              77.478253096843,
              13.071063116775166
            ],
            [
              77.48225643384933,
              13.05859283457585
            ],
            [
              77.49484103570374,
              13.056068854521412
            ],
            [
              77.50342383073443,
              13.066016555482515
            ]
          ]
        ]
      },
      "properties": {
        "rank": 181,
        "hex_id": "87601459affffff",
        "name": "Bagalagunte-Bangalore West",
        "final_affluence_score": 17.1473,
        "affluence_tier": "Low Evidence",
        "spatial_relation": "low_evidence",
        "confidence_score": 0.6,
        "countable_family_tam": 0.0,
        "direct_family_tam": 0.0,
        "direct_total_units": 0.0,
        "direct_luxury_society_tam": 0.0,
        "conservative_50l_plus_family_tam": 0.0,
        "conservative_50l_plus_share_of_direct_tam": 0.0,
        "estimated_40l_plus_family_tam_linear_25_50_split": 0.0,
        "estimated_40l_plus_share_linear_25_50_split": 0.0,
        "nearby_family_tam_weighted_context": 0.0,
        "society_cluster_tam_weighted_context_not_counted": 0.0,
        "market_price_per_sqft": 3693.0,
        "refined_budget_segment": "Mid-Segment",
        "premium_candidate_score": 0.0,
        "rental_yield_pct": null,
        "yearly_appreciation_pct": null,
        "society_score": 0.0,
        "society_cluster_score": 0.0,
        "hospital_score": 0.609158,
        "market_score": 0.29739,
        "sez_workplace_score": 0.0,
        "habitability_score": 0.605866,
        "habitability_class": "habitable",
        "habitable_for_residential_tam": true,
        "societies_direct_count": 0,
        "societies_nearby_count": 0,
        "society_cluster_project_count": 0,
        "hospitals_nearby_count": 39,
        "top_societies": "",
        "top_hospitals": "People Tree Hospitals (Ultra Premium, 14.5 min) | Prakriya Hospitals (Premium, 7.8 min) | Motherhood Hospital (Mid-Premium, 5.3 min) | Aveksha Hospital (Ultra Premium, 16.2 min) | Aster CMI Hospital (Ultra Premium, 26.4 min)",
        "quality_flags": "no_direct_society_tam",
        "commute_score": 89.0,
        "commute_band": "Excellent commute convenience",
        "centroid_lat": 13.068540325188309,
        "centroid_lon": 77.4908376716669,
        "zone": "North-West"
      }
    },
    {
      "type": "Feature",
      "geometry": {
        "type": "Polygon",
        "coordinates": [
          [
            [
              77.48225643384933,
              13.05859283457585
            ],
            [
              77.478253096843,
              13.071063116775166
            ],
            [
              77.46567010717766,
              13.073584930216601
            ],
            [
              77.45709198529701,
              13.063637861641519
            ],
            [
              77.46109512417638,
              13.051169081905076
            ],
            [
              77.47367658334144,
              13.048645868283081
            ],
            [
              77.48225643384933,
              13.05859283457585
            ]
          ]
        ]
      },
      "properties": {
        "rank": 182,
        "hex_id": "87601459bffffff",
        "name": "Bangalore West",
        "final_affluence_score": 16.5019,
        "affluence_tier": "Low Evidence",
        "spatial_relation": "low_evidence",
        "confidence_score": 0.5333,
        "countable_family_tam": 0.0,
        "direct_family_tam": 0.0,
        "direct_total_units": 0.0,
        "direct_luxury_society_tam": 0.0,
        "conservative_50l_plus_family_tam": 0.0,
        "conservative_50l_plus_share_of_direct_tam": 0.0,
        "estimated_40l_plus_family_tam_linear_25_50_split": 0.0,
        "estimated_40l_plus_share_linear_25_50_split": 0.0,
        "nearby_family_tam_weighted_context": 0.0,
        "society_cluster_tam_weighted_context_not_counted": 0.0,
        "market_price_per_sqft": 5500.0,
        "refined_budget_segment": "Mixed - Affordable leaning",
        "premium_candidate_score": 0.14850597609561753,
        "rental_yield_pct": null,
        "yearly_appreciation_pct": null,
        "society_score": 0.0,
        "society_cluster_score": 0.0,
        "hospital_score": 0.507609,
        "market_score": 0.342978,
        "sez_workplace_score": 0.0,
        "habitability_score": 0.566826,
        "habitability_class": "habitable",
        "habitable_for_residential_tam": true,
        "societies_direct_count": 0,
        "societies_nearby_count": 0,
        "society_cluster_project_count": 0,
        "hospitals_nearby_count": 23,
        "top_societies": "",
        "top_hospitals": "People Tree Hospitals (Ultra Premium, 15.8 min) | Prakriya Hospitals (Premium, 8.6 min) | SPARSH Hospital (Premium, 16.2 min) | Aveksha Hospital (Ultra Premium, 20.0 min) | Motherhood Hospital (Mid-Premium, 10.4 min)",
        "quality_flags": "no_direct_society_tam",
        "commute_score": 87.4,
        "commute_band": "Excellent commute convenience",
        "centroid_lat": 13.061115836958075,
        "centroid_lon": 77.46967341674234,
        "zone": "North-West"
      }
    },
    {
      "type": "Feature",
      "geometry": {
        "type": "Polygon",
        "coordinates": [
          [
            [
              77.49884425650932,
              13.043596509389024
            ],
            [
              77.49484103570374,
              13.056068854521412
            ],
            [
              77.48225643384933,
              13.05859283457585
            ],
            [
              77.47367658334144,
              13.048645868283081
            ],
            [
              77.47767960694357,
              13.036175025464008
            ],
            [
              77.4902626785353,
              13.033649646626566
            ],
            [
              77.49884425650932,
              13.043596509389024
            ]
          ]
        ]
      },
      "properties": {
        "rank": 183,
        "hex_id": "876014598ffffff",
        "name": "Manjunatha Nagar-Dodda Bidarakallu",
        "final_affluence_score": 15.1767,
        "affluence_tier": "Low Evidence",
        "spatial_relation": "low_evidence",
        "confidence_score": 0.5333,
        "countable_family_tam": 0.0,
        "direct_family_tam": 0.0,
        "direct_total_units": 0.0,
        "direct_luxury_society_tam": 0.0,
        "conservative_50l_plus_family_tam": 0.0,
        "conservative_50l_plus_share_of_direct_tam": 0.0,
        "estimated_40l_plus_family_tam_linear_25_50_split": 0.0,
        "estimated_40l_plus_share_linear_25_50_split": 0.0,
        "nearby_family_tam_weighted_context": 0.0,
        "society_cluster_tam_weighted_context_not_counted": 0.0,
        "market_price_per_sqft": null,
        "refined_budget_segment": "Mid-Segment",
        "premium_candidate_score": 0.0,
        "rental_yield_pct": null,
        "yearly_appreciation_pct": null,
        "society_score": 0.0,
        "society_cluster_score": 0.0,
        "hospital_score": 0.587272,
        "market_score": 0.209343,
        "sez_workplace_score": 0.0,
        "habitability_score": 0.599329,
        "habitability_class": "habitable",
        "habitable_for_residential_tam": true,
        "societies_direct_count": 0,
        "societies_nearby_count": 0,
        "society_cluster_project_count": 0,
        "hospitals_nearby_count": 35,
        "top_societies": "",
        "top_hospitals": "Prakriya Hospitals (Premium, 5.8 min) | People Tree Hospitals (Ultra Premium, 17.6 min) | Aster CMI Hospital (Ultra Premium, 27.3 min) | Raghavendra People Tree Hospital (Mid-Premium, 7.6 min) | Smiles Institute of Gastroenterology (Ultra Premium, 20.6 min)",
        "quality_flags": "no_direct_society_tam",
        "commute_score": 86.5,
        "commute_band": "Excellent commute convenience",
        "centroid_lat": 13.046121677435387,
        "centroid_lon": 77.48625962775722,
        "zone": "North-West"
      }
    },
    {
      "type": "Feature",
      "geometry": {
        "type": "Polygon",
        "coordinates": [
          [
            [
              77.5080043090366,
              13.088436874412384
            ],
            [
              77.50400046187005,
              13.100908092413713
            ],
            [
              77.49141279889537,
              13.103429274798296
            ],
            [
              77.48283051402504,
              13.093480638034915
            ],
            [
              77.4868341644302,
              13.081010920116904
            ],
            [
              77.49942029674558,
              13.0784883388806
            ],
            [
              77.5080043090366,
              13.088436874412384
            ]
          ]
        ]
      },
      "properties": {
        "rank": 184,
        "hex_id": "876016969ffffff",
        "name": "Soladevanahalli",
        "final_affluence_score": 15.1242,
        "affluence_tier": "Low Evidence",
        "spatial_relation": "low_evidence",
        "confidence_score": 0.4667,
        "countable_family_tam": 0.0,
        "direct_family_tam": 0.0,
        "direct_total_units": 0.0,
        "direct_luxury_society_tam": 0.0,
        "conservative_50l_plus_family_tam": 0.0,
        "conservative_50l_plus_share_of_direct_tam": 0.0,
        "estimated_40l_plus_family_tam_linear_25_50_split": 0.0,
        "estimated_40l_plus_share_linear_25_50_split": 0.0,
        "nearby_family_tam_weighted_context": 0.0,
        "society_cluster_tam_weighted_context_not_counted": 0.0,
        "market_price_per_sqft": null,
        "refined_budget_segment": "Premium",
        "premium_candidate_score": 0.4028216704288939,
        "rental_yield_pct": null,
        "yearly_appreciation_pct": null,
        "society_score": 0.0,
        "society_cluster_score": 0.0,
        "hospital_score": 0.581173,
        "market_score": 0.201368,
        "sez_workplace_score": 0.327599,
        "habitability_score": 0.467495,
        "habitability_class": "sparse_habitable",
        "habitable_for_residential_tam": true,
        "societies_direct_count": 0,
        "societies_nearby_count": 0,
        "society_cluster_project_count": 0,
        "hospitals_nearby_count": 34,
        "top_societies": "",
        "top_hospitals": "People Tree Hospitals (Ultra Premium, 17.2 min) | Aveksha Hospital (Ultra Premium, 12.9 min) | Sparsh Hospital (Premium, 6.2 min) | Prakriya Hospitals (Premium, 10.4 min) | Aster CMI Hospital (Ultra Premium, 25.8 min)",
        "quality_flags": "no_direct_society_tam",
        "commute_score": 85.4,
        "commute_band": "Excellent commute convenience",
        "centroid_lat": 13.090959245743282,
        "centroid_lon": 77.49541661945544,
        "zone": "North-West"
      }
    },
    {
      "type": "Feature",
      "geometry": {
        "type": "Polygon",
        "coordinates": [
          [
            [
              77.79673289120105,
              12.960246347128123
            ],
            [
              77.79272945826018,
              12.972747607164806
            ],
            [
              77.78010862681312,
              12.975296418764492
            ],
            [
              77.77149275628796,
              12.96534534681966
            ],
            [
              77.77549600843577,
              12.952845578709313
            ],
            [
              77.78811531218375,
              12.950295390617068
            ],
            [
              77.79673289120105,
              12.960246347128123
            ]
          ]
        ]
      },
      "properties": {
        "rank": 185,
        "hex_id": "876189202ffffff",
        "name": "Raja Kempegowda Ward-Hagaduru",
        "final_affluence_score": 14.8133,
        "affluence_tier": "Low Evidence",
        "spatial_relation": "low_evidence",
        "confidence_score": 0.6833,
        "countable_family_tam": 0.0,
        "direct_family_tam": 0.0,
        "direct_total_units": 0.0,
        "direct_luxury_society_tam": 0.0,
        "conservative_50l_plus_family_tam": 0.0,
        "conservative_50l_plus_share_of_direct_tam": 0.0,
        "estimated_40l_plus_family_tam_linear_25_50_split": 0.0,
        "estimated_40l_plus_share_linear_25_50_split": 0.0,
        "nearby_family_tam_weighted_context": 11.32,
        "society_cluster_tam_weighted_context_not_counted": 95.22,
        "market_price_per_sqft": 3700.0,
        "refined_budget_segment": "Affordable",
        "premium_candidate_score": 0.0,
        "rental_yield_pct": null,
        "yearly_appreciation_pct": 15.6,
        "society_score": 0.063078,
        "society_cluster_score": 0.225137,
        "hospital_score": 0.483012,
        "market_score": 0.260684,
        "sez_workplace_score": 0.317475,
        "habitability_score": 0.10202,
        "habitability_class": "low_building_evidence",
        "habitable_for_residential_tam": false,
        "societies_direct_count": 0,
        "societies_nearby_count": 1,
        "society_cluster_project_count": 3,
        "hospitals_nearby_count": 24,
        "top_societies": "DSR Green Fields (Luxury, TAM 189)",
        "top_hospitals": "Aster Women & Children Hospital (Ultra Premium, 19.6 min) | Aster Whitefield Hospital (Ultra Premium, 19.6 min) | RxDx Healthcare (Ultra Premium, 19.9 min) | Kauvery Hospital (Ultra Premium, 19.3 min) | RxDx Healthcare (Ultra Premium, 15.6 min)",
        "quality_flags": "low_overture_building_habitability | no_direct_society_tam",
        "commute_score": 77.1,
        "commute_band": "Strong commute convenience",
        "centroid_lat": 12.96279633471477,
        "centroid_lon": 77.78411204262262,
        "zone": "East"
      }
    },
    {
      "type": "Feature",
      "geometry": {
        "type": "Polygon",
        "coordinates": [
          [
            [
              77.62523440136546,
              12.796257223957923
            ],
            [
              77.62123381452123,
              12.808750652056005
            ],
            [
              77.60864242576127,
              12.811300996139433
            ],
            [
              77.60005315123206,
              12.801359298023351
            ],
            [
              77.60405354808225,
              12.788867376350815
            ],
            [
              77.61664340973495,
              12.786315646371829
            ],
            [
              77.62523440136546,
              12.796257223957923
            ]
          ]
        ]
      },
      "properties": {
        "rank": 186,
        "hex_id": "876014c93ffffff",
        "name": "Koppa-Harapanahalli",
        "final_affluence_score": 14.6336,
        "affluence_tier": "Low Evidence",
        "spatial_relation": "low_evidence",
        "confidence_score": 0.5333,
        "countable_family_tam": 0.0,
        "direct_family_tam": 0.0,
        "direct_total_units": 0.0,
        "direct_luxury_society_tam": 0.0,
        "conservative_50l_plus_family_tam": 0.0,
        "conservative_50l_plus_share_of_direct_tam": 0.0,
        "estimated_40l_plus_family_tam_linear_25_50_split": 0.0,
        "estimated_40l_plus_share_linear_25_50_split": 0.0,
        "nearby_family_tam_weighted_context": 0.0,
        "society_cluster_tam_weighted_context_not_counted": 0.0,
        "market_price_per_sqft": 3866.5853658536585,
        "refined_budget_segment": "Affordable",
        "premium_candidate_score": 0.0,
        "rental_yield_pct": null,
        "yearly_appreciation_pct": 53.3,
        "society_score": 0.0,
        "society_cluster_score": 0.0,
        "hospital_score": 0.358764,
        "market_score": 0.264421,
        "sez_workplace_score": 0.294634,
        "habitability_score": 0.342944,
        "habitability_class": "sparse_habitable",
        "habitable_for_residential_tam": true,
        "societies_direct_count": 0,
        "societies_nearby_count": 0,
        "society_cluster_project_count": 0,
        "hospitals_nearby_count": 22,
        "top_societies": "",
        "top_hospitals": "Kauvery Hospitals (Ultra Premium, 18.1 min) | Vijayashree Hospitals (Super Premium, 7.5 min) | Cloudnine Hospital - Electronics City (Super Premium, 12.7 min) | Apollo Hospital (Ultra Premium, 25.1 min) | Fortis Hospital (Ultra Premium, 25.3 min)",
        "quality_flags": "no_direct_society_tam",
        "commute_score": 82.4,
        "commute_band": "Excellent commute convenience",
        "centroid_lat": 12.798808744977505,
        "centroid_lon": 77.61264298987584,
        "zone": "South"
      }
    },
    {
      "type": "Feature",
      "geometry": {
        "type": "Polygon",
        "coordinates": [
          [
            [
              77.4685286633207,
              12.991340265679604
            ],
            [
              77.46452626654296,
              13.003812218751934
            ],
            [
              77.45194786778247,
              13.006338232625522
            ],
            [
              77.4433733959817,
              12.996393693497577
            ],
            [
              77.4473755939715,
              12.983923246227482
            ],
            [
              77.45995246282776,
              12.981395832286085
            ],
            [
              77.4685286633207,
              12.991340265679604
            ]
          ]
        ]
      },
      "properties": {
        "rank": 187,
        "hex_id": "876014588ffffff",
        "name": "Bangalore West-Nada prabhu Kempegowda Nagara",
        "final_affluence_score": 14.2718,
        "affluence_tier": "Low Evidence",
        "spatial_relation": "low_evidence",
        "confidence_score": 0.6,
        "countable_family_tam": 0.0,
        "direct_family_tam": 0.0,
        "direct_total_units": 0.0,
        "direct_luxury_society_tam": 0.0,
        "conservative_50l_plus_family_tam": 0.0,
        "conservative_50l_plus_share_of_direct_tam": 0.0,
        "estimated_40l_plus_family_tam_linear_25_50_split": 0.0,
        "estimated_40l_plus_share_linear_25_50_split": 0.0,
        "nearby_family_tam_weighted_context": 0.0,
        "society_cluster_tam_weighted_context_not_counted": 0.0,
        "market_price_per_sqft": null,
        "refined_budget_segment": "Premium",
        "premium_candidate_score": 0.24326824560591734,
        "rental_yield_pct": null,
        "yearly_appreciation_pct": null,
        "society_score": 0.0,
        "society_cluster_score": 0.0,
        "hospital_score": 0.427835,
        "market_score": 0.250736,
        "sez_workplace_score": 0.0,
        "habitability_score": 0.609447,
        "habitability_class": "habitable",
        "habitable_for_residential_tam": true,
        "societies_direct_count": 0,
        "societies_nearby_count": 0,
        "society_cluster_project_count": 0,
        "hospitals_nearby_count": 31,
        "top_societies": "",
        "top_hospitals": "Motherhood Hospital (Ultra Premium, 19.9 min) | Brains Super Speciality Hospital (Ultra Premium, 20.3 min) | People Tree Hospitals (Ultra Premium, 30.7 min) | Cloudnine Hospital (Super Premium, 14.9 min) | SS Sparsh Hospital (Ultra Premium, 25.3 min)",
        "quality_flags": "no_direct_society_tam",
        "commute_score": 82.1,
        "commute_band": "Excellent commute convenience",
        "centroid_lat": 12.993867467058907,
        "centroid_lon": 77.45595023668298,
        "zone": "West"
      }
    },
    {
      "type": "Feature",
      "geometry": {
        "type": "Polygon",
        "coordinates": [
          [
            [
              77.70161345753061,
              13.072925288454908
            ],
            [
              77.69760894978052,
              13.08541372165526
            ],
            [
              77.68499609937416,
              13.087948208363885
            ],
            [
              77.67638928640046,
              13.07799564688489
            ],
            [
              77.68039360799987,
              13.065508705507735
            ],
            [
              77.69300492900467,
              13.062972833786029
            ],
            [
              77.70161345753061,
              13.072925288454908
            ]
          ]
        ]
      },
      "properties": {
        "rank": 188,
        "hex_id": "8761892d5ffffff",
        "name": "Bande Bommasandra",
        "final_affluence_score": 14.1265,
        "affluence_tier": "Low Evidence",
        "spatial_relation": "low_evidence",
        "confidence_score": 0.4667,
        "countable_family_tam": 0.0,
        "direct_family_tam": 0.0,
        "direct_total_units": 0.0,
        "direct_luxury_society_tam": 0.0,
        "conservative_50l_plus_family_tam": 0.0,
        "conservative_50l_plus_share_of_direct_tam": 0.0,
        "estimated_40l_plus_family_tam_linear_25_50_split": 0.0,
        "estimated_40l_plus_share_linear_25_50_split": 0.0,
        "nearby_family_tam_weighted_context": 0.0,
        "society_cluster_tam_weighted_context_not_counted": 0.0,
        "market_price_per_sqft": null,
        "refined_budget_segment": "Affordable",
        "premium_candidate_score": 0.0,
        "rental_yield_pct": null,
        "yearly_appreciation_pct": null,
        "society_score": 0.0,
        "society_cluster_score": 0.0,
        "hospital_score": 0.581194,
        "market_score": 0.053414,
        "sez_workplace_score": 0.0,
        "habitability_score": 0.341841,
        "habitability_class": "sparse_habitable",
        "habitable_for_residential_tam": true,
        "societies_direct_count": 0,
        "societies_nearby_count": 0,
        "society_cluster_project_count": 0,
        "hospitals_nearby_count": 50,
        "top_societies": "",
        "top_hospitals": "Cloudnine Hospital - HRBR (Ultra Premium, 14.3 min) | Trilife Hospital (Ultra Premium, 16.7 min) | Shishuka Children's Specialty Hospital (Ultra Premium, 18.9 min) | IIGU Hospital-Indus Institute of Gastro Uro (Ultra Premium, 14.9 min) | Surgecare Super Speciality Hospital (Ultra Premium, 15.9 min)",
        "quality_flags": "no_direct_society_tam",
        "commute_score": 81.7,
        "commute_band": "Excellent commute convenience",
        "centroid_lat": 13.075460957433227,
        "centroid_lon": 77.68900058685668,
        "zone": "North-East"
      }
    },
    {
      "type": "Feature",
      "geometry": {
        "type": "Polygon",
        "coordinates": [
          [
            [
              77.58746488635495,
              12.803908883056906
            ],
            [
              77.58346436893507,
              12.816398778897593
            ],
            [
              77.57087770270937,
              12.818946217496661
            ],
            [
              77.56229308157988,
              12.809005148935084
            ],
            [
              77.56629340693378,
              12.796516760958147
            ],
            [
              77.57887854576194,
              12.793967933682403
            ],
            [
              77.58746488635495,
              12.803908883056906
            ]
          ]
        ]
      },
      "properties": {
        "rank": 189,
        "hex_id": "876014c9affffff",
        "name": "Bannerughatta",
        "final_affluence_score": 13.2737,
        "affluence_tier": "Low Evidence",
        "spatial_relation": "low_evidence",
        "confidence_score": 0.5333,
        "countable_family_tam": 0.0,
        "direct_family_tam": 0.0,
        "direct_total_units": 0.0,
        "direct_luxury_society_tam": 0.0,
        "conservative_50l_plus_family_tam": 0.0,
        "conservative_50l_plus_share_of_direct_tam": 0.0,
        "estimated_40l_plus_family_tam_linear_25_50_split": 0.0,
        "estimated_40l_plus_share_linear_25_50_split": 0.0,
        "nearby_family_tam_weighted_context": 0.0,
        "society_cluster_tam_weighted_context_not_counted": 0.0,
        "market_price_per_sqft": 6436.95652173913,
        "refined_budget_segment": "Affordable",
        "premium_candidate_score": 0.023247691211934204,
        "rental_yield_pct": null,
        "yearly_appreciation_pct": 18.21014492753623,
        "society_score": 0.0,
        "society_cluster_score": 0.0,
        "hospital_score": 0.434623,
        "market_score": 0.378628,
        "sez_workplace_score": 0.57749,
        "habitability_score": 0.239748,
        "habitability_class": "low_building_evidence",
        "habitable_for_residential_tam": false,
        "societies_direct_count": 0,
        "societies_nearby_count": 0,
        "society_cluster_project_count": 0,
        "hospitals_nearby_count": 30,
        "top_societies": "",
        "top_hospitals": "Apollo Hospital (Ultra Premium, 19.3 min) | Fortis Hospital (Ultra Premium, 19.6 min) | Aster RV Hospital (Ultra Premium, 24.9 min) | DHEE Hospitals (Ultra Premium, 23.3 min) | Cadabams Hospitals (Ultra Premium, 23.8 min)",
        "quality_flags": "low_overture_building_habitability | no_direct_society_tam",
        "commute_score": 82.4,
        "commute_band": "Excellent commute convenience",
        "centroid_lat": 12.80645750004005,
        "centroid_lon": 77.5748781961645,
        "zone": "South"
      }
    },
    {
      "type": "Feature",
      "geometry": {
        "type": "Polygon",
        "coordinates": [
          [
            [
              77.48053499619735,
              12.95391919918548
            ],
            [
              77.47653302817929,
              12.966393754621556
            ],
            [
              77.46395454618536,
              12.968923329581145
            ],
            [
              77.4553795619564,
              12.95897974773427
            ],
            [
              77.45938133188866,
              12.946506699059992
            ],
            [
              77.47195828441349,
              12.943975725473974
            ],
            [
              77.48053499619735,
              12.95391919918548
            ]
          ]
        ]
      },
      "properties": {
        "rank": 190,
        "hex_id": "8760145abffffff",
        "name": "Manganahalli",
        "final_affluence_score": 12.7776,
        "affluence_tier": "Low Evidence",
        "spatial_relation": "low_evidence",
        "confidence_score": 0.4667,
        "countable_family_tam": 0.0,
        "direct_family_tam": 0.0,
        "direct_total_units": 0.0,
        "direct_luxury_society_tam": 0.0,
        "conservative_50l_plus_family_tam": 0.0,
        "conservative_50l_plus_share_of_direct_tam": 0.0,
        "estimated_40l_plus_family_tam_linear_25_50_split": 0.0,
        "estimated_40l_plus_share_linear_25_50_split": 0.0,
        "nearby_family_tam_weighted_context": 0.0,
        "society_cluster_tam_weighted_context_not_counted": 0.0,
        "market_price_per_sqft": null,
        "refined_budget_segment": "Mid-Segment",
        "premium_candidate_score": 0.0,
        "rental_yield_pct": null,
        "yearly_appreciation_pct": null,
        "society_score": 0.0,
        "society_cluster_score": 0.0,
        "hospital_score": 0.464877,
        "market_score": 0.139074,
        "sez_workplace_score": 0.0,
        "habitability_score": 0.4818,
        "habitability_class": "sparse_habitable",
        "habitable_for_residential_tam": true,
        "societies_direct_count": 0,
        "societies_nearby_count": 0,
        "society_cluster_project_count": 0,
        "hospitals_nearby_count": 41,
        "top_societies": "",
        "top_hospitals": "Motherhood Hospital (Ultra Premium, 8.1 min) | Brains Super Speciality Hospital (Ultra Premium, 9.5 min) | SS Sparsh Hospital (Ultra Premium, 14.5 min) | People Tree Hospitals (Ultra Premium, 25.2 min) | Cloudnine Hospital (Super Premium, 11.8 min)",
        "quality_flags": "no_direct_society_tam",
        "commute_score": 84.6,
        "commute_band": "Excellent commute convenience",
        "centroid_lat": 12.95644996021873,
        "centroid_lon": 77.4679564867244,
        "zone": "West"
      }
    },
    {
      "type": "Feature",
      "geometry": {
        "type": "Polygon",
        "coordinates": [
          [
            [
              77.80596452794282,
              13.005152723479041
            ],
            [
              77.80196047570635,
              13.017652886821812
            ],
            [
              77.78933658828126,
              13.020198945329184
            ],
            [
              77.78071828146048,
              13.010246217056402
            ],
            [
              77.78472215335881,
              12.997747543413212
            ],
            [
              77.79734451269826,
              12.99520010834235
            ],
            [
              77.80596452794282,
              13.005152723479041
            ]
          ]
        ]
      },
      "properties": {
        "rank": 191,
        "hex_id": "876189213ffffff",
        "name": "Mallasandra",
        "final_affluence_score": 12.4204,
        "affluence_tier": "Low Evidence",
        "spatial_relation": "low_evidence",
        "confidence_score": 0.4667,
        "countable_family_tam": 0.0,
        "direct_family_tam": 0.0,
        "direct_total_units": 0.0,
        "direct_luxury_society_tam": 0.0,
        "conservative_50l_plus_family_tam": 0.0,
        "conservative_50l_plus_share_of_direct_tam": 0.0,
        "estimated_40l_plus_family_tam_linear_25_50_split": 0.0,
        "estimated_40l_plus_share_linear_25_50_split": 0.0,
        "nearby_family_tam_weighted_context": 0.0,
        "society_cluster_tam_weighted_context_not_counted": 0.0,
        "market_price_per_sqft": 9750.0,
        "refined_budget_segment": "Mid-Segment",
        "premium_candidate_score": 0.22875647942377098,
        "rental_yield_pct": null,
        "yearly_appreciation_pct": 3.2000000000000006,
        "society_score": 0.0,
        "society_cluster_score": 0.0,
        "hospital_score": 0.436533,
        "market_score": 0.694789,
        "sez_workplace_score": 0.0,
        "habitability_score": 0.218884,
        "habitability_class": "low_building_evidence",
        "habitable_for_residential_tam": false,
        "societies_direct_count": 0,
        "societies_nearby_count": 0,
        "society_cluster_project_count": 0,
        "hospitals_nearby_count": 20,
        "top_societies": "",
        "top_hospitals": "Aster Women & Children Hospital (Ultra Premium, 18.2 min) | Aster Whitefield Hospital (Ultra Premium, 18.2 min) | RxDx Healthcare (Ultra Premium, 21.8 min) | Kinder Women's Hospital and Fertility Centre (Ultra Premium, 23.4 min) | Kauvery Hospital (Ultra Premium, 23.7 min)",
        "quality_flags": "low_overture_building_habitability | no_direct_society_tam",
        "commute_score": 81.5,
        "commute_band": "Excellent commute convenience",
        "centroid_lat": 13.007699958942808,
        "centroid_lon": 77.79334062368474,
        "zone": "East"
      }
    },
    {
      "type": "Feature",
      "geometry": {
        "type": "Polygon",
        "coordinates": [
          [
            [
              77.738480796944,
              13.252465585624403
            ],
            [
              77.73447380170383,
              13.264949391545786
            ],
            [
              77.72184870906551,
              13.267472797200226
            ],
            [
              77.71323214291053,
              13.257513782140151
            ],
            [
              77.71723895380842,
              13.245031459079982
            ],
            [
              77.72986251548558,
              13.24250666821633
            ],
            [
              77.738480796944,
              13.252465585624403
            ]
          ]
        ]
      },
      "properties": {
        "rank": 192,
        "hex_id": "876016910ffffff",
        "name": "Rajamahal",
        "final_affluence_score": 11.8321,
        "affluence_tier": "Low Evidence",
        "spatial_relation": "low_evidence",
        "confidence_score": 0.5567,
        "countable_family_tam": 0.0,
        "direct_family_tam": 0.0,
        "direct_total_units": 0.0,
        "direct_luxury_society_tam": 0.0,
        "conservative_50l_plus_family_tam": 0.0,
        "conservative_50l_plus_share_of_direct_tam": 0.0,
        "estimated_40l_plus_family_tam_linear_25_50_split": 0.0,
        "estimated_40l_plus_share_linear_25_50_split": 0.0,
        "nearby_family_tam_weighted_context": 87.19,
        "society_cluster_tam_weighted_context_not_counted": 261.6,
        "market_price_per_sqft": 4258.0,
        "refined_budget_segment": "Mid-Segment",
        "premium_candidate_score": 0.0,
        "rental_yield_pct": null,
        "yearly_appreciation_pct": null,
        "society_score": 0.272693,
        "society_cluster_score": 0.370352,
        "hospital_score": 0.0,
        "market_score": 0.21663,
        "sez_workplace_score": 0.0,
        "habitability_score": 0.0,
        "habitability_class": "inhabitable",
        "habitable_for_residential_tam": false,
        "societies_direct_count": 0,
        "societies_nearby_count": 3,
        "society_cluster_project_count": 3,
        "hospitals_nearby_count": 0,
        "top_societies": "House of Hiranandani Devanahalli (Luxury, TAM 680) | Juniper at Brigade Orchards (Premium, TAM 420) | Pristine Hill View Elitus Euphoria (Aspirational Premium, TAM 126)",
        "top_hospitals": "",
        "quality_flags": "low_overture_building_habitability | no_direct_society_tam",
        "commute_score": 49.8,
        "commute_band": "Commute friction risk",
        "centroid_lat": 13.25499017736215,
        "centroid_lon": 77.72585568522557,
        "zone": "North-East"
      }
    },
    {
      "type": "Feature",
      "geometry": {
        "type": "Polygon",
        "coordinates": [
          [
            [
              77.50454380057162,
              12.879053748265912
            ],
            [
              77.50054269092011,
              12.891533473974267
            ],
            [
              77.48796404604242,
              12.89407015819228
            ],
            [
              77.47938803969207,
              12.884128512434776
            ],
            [
              77.48338895266149,
              12.871650295396153
            ],
            [
              77.49596606894124,
              12.86911221544889
            ],
            [
              77.50454380057162,
              12.879053748265912
            ]
          ]
        ]
      },
      "properties": {
        "rank": 193,
        "hex_id": "876014511ffffff",
        "name": "Hemmigepura",
        "final_affluence_score": 11.6506,
        "affluence_tier": "Low Evidence",
        "spatial_relation": "low_evidence",
        "confidence_score": 0.7833,
        "countable_family_tam": 0.0,
        "direct_family_tam": 0.0,
        "direct_total_units": 0.0,
        "direct_luxury_society_tam": 0.0,
        "conservative_50l_plus_family_tam": 0.0,
        "conservative_50l_plus_share_of_direct_tam": 0.0,
        "estimated_40l_plus_family_tam_linear_25_50_split": 0.0,
        "estimated_40l_plus_share_linear_25_50_split": 0.0,
        "nearby_family_tam_weighted_context": 0.0,
        "society_cluster_tam_weighted_context_not_counted": 188.69,
        "market_price_per_sqft": 3964.0,
        "refined_budget_segment": "Mixed - Mid-Segment leaning",
        "premium_candidate_score": 0.0,
        "rental_yield_pct": null,
        "yearly_appreciation_pct": null,
        "society_score": 0.071484,
        "society_cluster_score": 0.2553,
        "hospital_score": 0.505241,
        "market_score": 0.2375,
        "sez_workplace_score": 0.0,
        "habitability_score": 0.206273,
        "habitability_class": "low_building_evidence",
        "habitable_for_residential_tam": false,
        "societies_direct_count": 0,
        "societies_nearby_count": 0,
        "society_cluster_project_count": 5,
        "hospitals_nearby_count": 39,
        "top_societies": "",
        "top_hospitals": "Motherhood Hospital (Ultra Premium, 15.0 min) | Pathway Hospitals (Ultra Premium, 13.1 min) | DHEE Hospitals (Ultra Premium, 17.3 min) | SS Sparsh Hospital (Ultra Premium, 17.3 min) | Aster RV Hospital (Ultra Premium, 26.8 min)",
        "quality_flags": "low_overture_building_habitability | no_direct_society_tam",
        "commute_score": 82.9,
        "commute_band": "Excellent commute convenience",
        "centroid_lat": 12.881591615680934,
        "centroid_lon": 77.49196512901094,
        "zone": "South-West"
      }
    },
    {
      "type": "Feature",
      "geometry": {
        "type": "Polygon",
        "coordinates": [
          [
            [
              77.49599233745407,
              13.125847891330574
            ],
            [
              77.4919880602675,
              13.13831646970335
            ],
            [
              77.47940047790978,
              13.140834082403265
            ],
            [
              77.47081870411313,
              13.130884517010717
            ],
            [
              77.47482278383508,
              13.118417437752791
            ],
            [
              77.48740883509677,
              13.115898424773983
            ],
            [
              77.49599233745407,
              13.125847891330574
            ]
          ]
        ]
      },
      "properties": {
        "rank": 194,
        "hex_id": "87601694dffffff",
        "name": "Kodagithirumalapaura-Hesaraghatta",
        "final_affluence_score": 10.8701,
        "affluence_tier": "Low Evidence",
        "spatial_relation": "low_evidence",
        "confidence_score": 0.5333,
        "countable_family_tam": 0.0,
        "direct_family_tam": 0.0,
        "direct_total_units": 0.0,
        "direct_luxury_society_tam": 0.0,
        "conservative_50l_plus_family_tam": 0.0,
        "conservative_50l_plus_share_of_direct_tam": 0.0,
        "estimated_40l_plus_family_tam_linear_25_50_split": 0.0,
        "estimated_40l_plus_share_linear_25_50_split": 0.0,
        "nearby_family_tam_weighted_context": 0.0,
        "society_cluster_tam_weighted_context_not_counted": 0.0,
        "market_price_per_sqft": 4100.0,
        "refined_budget_segment": "Affordable",
        "premium_candidate_score": 0.0,
        "rental_yield_pct": null,
        "yearly_appreciation_pct": 105.0,
        "society_score": 0.0,
        "society_cluster_score": 0.0,
        "hospital_score": 0.307947,
        "market_score": 0.256836,
        "sez_workplace_score": 0.0,
        "habitability_score": 0.349011,
        "habitability_class": "sparse_habitable",
        "habitable_for_residential_tam": true,
        "societies_direct_count": 0,
        "societies_nearby_count": 0,
        "society_cluster_project_count": 0,
        "hospitals_nearby_count": 6,
        "top_societies": "",
        "top_hospitals": "Sparsh Hospital (Premium, 10.6 min) | Maarga (Ultra Premium, 26.0 min) | Aveksha Hospital (Ultra Premium, 23.4 min) | Prakriya Hospitals (Premium, 20.0 min) | Motherhood Hospital (Mid-Premium, 17.6 min)",
        "quality_flags": "no_direct_society_tam",
        "commute_score": 73.5,
        "commute_band": "Strong commute convenience",
        "centroid_lat": 13.12836669439919,
        "centroid_lon": 77.4834047280911,
        "zone": "North-West"
      }
    },
    {
      "type": "Feature",
      "geometry": {
        "type": "Polygon",
        "coordinates": [
          [
            [
              77.65842276733821,
              12.766157180454032
            ],
            [
              77.65442242560864,
              12.778654651652365
            ],
            [
              77.64182784942038,
              12.781209283982848
            ],
            [
              77.63323514185849,
              12.771267828175645
            ],
            [
              77.63723529544495,
              12.75877186306283
            ],
            [
              77.64982834501602,
              12.756215847674609
            ],
            [
              77.65842276733821,
              12.766157180454032
            ]
          ]
        ]
      },
      "properties": {
        "rank": 195,
        "hex_id": "876014c94ffffff",
        "name": "Vaderamanchanahalli",
        "final_affluence_score": 10.7811,
        "affluence_tier": "Low Evidence",
        "spatial_relation": "low_evidence",
        "confidence_score": 0.4667,
        "countable_family_tam": 0.0,
        "direct_family_tam": 0.0,
        "direct_total_units": 0.0,
        "direct_luxury_society_tam": 0.0,
        "conservative_50l_plus_family_tam": 0.0,
        "conservative_50l_plus_share_of_direct_tam": 0.0,
        "estimated_40l_plus_family_tam_linear_25_50_split": 0.0,
        "estimated_40l_plus_share_linear_25_50_split": 0.0,
        "nearby_family_tam_weighted_context": 0.0,
        "society_cluster_tam_weighted_context_not_counted": 0.0,
        "market_price_per_sqft": null,
        "refined_budget_segment": "Premium",
        "premium_candidate_score": 0.44113924050632913,
        "rental_yield_pct": null,
        "yearly_appreciation_pct": null,
        "society_score": 0.0,
        "society_cluster_score": 0.0,
        "hospital_score": 0.215996,
        "market_score": 0.17,
        "sez_workplace_score": 0.44231,
        "habitability_score": 0.580871,
        "habitability_class": "habitable",
        "habitable_for_residential_tam": true,
        "societies_direct_count": 0,
        "societies_nearby_count": 0,
        "society_cluster_project_count": 0,
        "hospitals_nearby_count": 13,
        "top_societies": "",
        "top_hospitals": "Vijayashree Hospitals (Super Premium, 3.5 min) | Kauvery Hospitals (Ultra Premium, 24.6 min) | Cloudnine Hospital - Electronics City (Super Premium, 17.2 min) | Mazumdar Shaw Medical Center (Premium, 15.9 min) | Springleaf Healthcare (Ultra Premium, 24.2 min)",
        "quality_flags": "no_direct_society_tam",
        "commute_score": 78.4,
        "commute_band": "Strong commute convenience",
        "centroid_lat": 12.768712987777686,
        "centroid_lon": 77.64582816950971,
        "zone": "South"
      }
    },
    {
      "type": "Feature",
      "geometry": {
        "type": "Polygon",
        "coordinates": [
          [
            [
              77.75050090633992,
              13.215008839969489
            ],
            [
              77.74649434929324,
              13.227495308561585
            ],
            [
              77.73386919981434,
              13.230022271036761
            ],
            [
              77.72525213817894,
              13.220064148703484
            ],
            [
              77.72925851158911,
              13.20757916393566
            ],
            [
              77.74188213055321,
              13.205050817674682
            ],
            [
              77.75050090633992,
              13.215008839969489
            ]
          ]
        ]
      },
      "properties": {
        "rank": 196,
        "hex_id": "876016933ffffff",
        "name": "Rayasandra",
        "final_affluence_score": 10.5347,
        "affluence_tier": "Low Evidence",
        "spatial_relation": "low_evidence",
        "confidence_score": 0.4167,
        "countable_family_tam": 0.0,
        "direct_family_tam": 0.0,
        "direct_total_units": 0.0,
        "direct_luxury_society_tam": 0.0,
        "conservative_50l_plus_family_tam": 0.0,
        "conservative_50l_plus_share_of_direct_tam": 0.0,
        "estimated_40l_plus_family_tam_linear_25_50_split": 0.0,
        "estimated_40l_plus_share_linear_25_50_split": 0.0,
        "nearby_family_tam_weighted_context": 57.92,
        "society_cluster_tam_weighted_context_not_counted": 219.34,
        "market_price_per_sqft": 8550.0,
        "refined_budget_segment": "Mid-Segment",
        "premium_candidate_score": 0.06713098062948182,
        "rental_yield_pct": 4.0,
        "yearly_appreciation_pct": 8.2,
        "society_score": 0.218979,
        "society_cluster_score": 0.317838,
        "hospital_score": 0.0,
        "market_score": 0.550767,
        "sez_workplace_score": 0.0,
        "habitability_score": 2.5e-05,
        "habitability_class": "inhabitable",
        "habitable_for_residential_tam": false,
        "societies_direct_count": 0,
        "societies_nearby_count": 1,
        "society_cluster_project_count": 2,
        "hospitals_nearby_count": 0,
        "top_societies": "Ivory at Brigade Orchards (Aspirational Premium, TAM 802)",
        "top_hospitals": "",
        "quality_flags": "low_overture_building_habitability | no_direct_society_tam",
        "commute_score": 55.0,
        "commute_band": "Moderate commute convenience",
        "centroid_lat": 13.217536987097875,
        "centroid_lon": 77.7378757381806,
        "zone": "North-East"
      }
    },
    {
      "type": "Feature",
      "geometry": {
        "type": "Polygon",
        "coordinates": [
          [
            [
              77.72662497530887,
              12.810759445801084
            ],
            [
              77.72262376589966,
              12.823260909083682
            ],
            [
              77.710018317232,
              12.825816446863099
            ],
            [
              77.7014156049068,
              12.81587190035561
            ],
            [
              77.70541662985235,
              12.80337193822064
            ],
            [
              77.7180205518674,
              12.800815021447246
            ],
            [
              77.72662497530887,
              12.810759445801084
            ]
          ]
        ]
      },
      "properties": {
        "rank": 197,
        "hex_id": "87618935dffffff",
        "name": "Hellalige",
        "final_affluence_score": 10.3952,
        "affluence_tier": "Low Evidence",
        "spatial_relation": "low_evidence",
        "confidence_score": 0.5467,
        "countable_family_tam": 0.0,
        "direct_family_tam": 0.0,
        "direct_total_units": 0.0,
        "direct_luxury_society_tam": 0.0,
        "conservative_50l_plus_family_tam": 0.0,
        "conservative_50l_plus_share_of_direct_tam": 0.0,
        "estimated_40l_plus_family_tam_linear_25_50_split": 0.0,
        "estimated_40l_plus_share_linear_25_50_split": 0.0,
        "nearby_family_tam_weighted_context": 12.89,
        "society_cluster_tam_weighted_context_not_counted": 33.54,
        "market_price_per_sqft": null,
        "refined_budget_segment": "Mid-Segment",
        "premium_candidate_score": 0.0,
        "rental_yield_pct": null,
        "yearly_appreciation_pct": null,
        "society_score": 0.004861,
        "society_cluster_score": 0.014402,
        "hospital_score": 0.336684,
        "market_score": 0.145152,
        "sez_workplace_score": 0.0,
        "habitability_score": 0.340328,
        "habitability_class": "sparse_habitable",
        "habitable_for_residential_tam": true,
        "societies_direct_count": 0,
        "societies_nearby_count": 1,
        "society_cluster_project_count": 1,
        "hospitals_nearby_count": 17,
        "top_societies": "GPR Grande Layout (Premium, TAM 128)",
        "top_hospitals": "Kauvery Hospitals (Ultra Premium, 17.2 min) | Mazumdar Shaw Medical Center (Premium, 5.1 min) | Springleaf Healthcare (Ultra Premium, 16.9 min) | Sri Sai Hospitals (Super Premium, 10.8 min) | Belenus Champion Hospital (Ultra Premium, 22.9 min)",
        "quality_flags": "no_direct_society_tam",
        "commute_score": 81.9,
        "commute_band": "Excellent commute convenience",
        "centroid_lat": 12.813316157612688,
        "centroid_lon": 77.71401950722758,
        "zone": "South-East"
      }
    },
    {
      "type": "Feature",
      "geometry": {
        "type": "Polygon",
        "coordinates": [
          [
            [
              77.87158984212755,
              13.13225535327474
            ],
            [
              77.86758388688,
              13.144755674827636
            ],
            [
              77.85494614707649,
              13.147296423430776
            ],
            [
              77.84631589172658,
              13.137338224410888
            ],
            [
              77.85032167010272,
              13.124839384392113
            ],
            [
              77.86295788098354,
              13.12229726185639
            ],
            [
              77.87158984212755,
              13.13225535327474
            ]
          ]
        ]
      },
      "properties": {
        "rank": 198,
        "hex_id": "876189294ffffff",
        "name": "Kundalahalli",
        "final_affluence_score": 10.0263,
        "affluence_tier": "Low Evidence",
        "spatial_relation": "low_evidence",
        "confidence_score": 0.3167,
        "countable_family_tam": 0.0,
        "direct_family_tam": 0.0,
        "direct_total_units": 0.0,
        "direct_luxury_society_tam": 0.0,
        "conservative_50l_plus_family_tam": 0.0,
        "conservative_50l_plus_share_of_direct_tam": 0.0,
        "estimated_40l_plus_family_tam_linear_25_50_split": 0.0,
        "estimated_40l_plus_share_linear_25_50_split": 0.0,
        "nearby_family_tam_weighted_context": 0.0,
        "society_cluster_tam_weighted_context_not_counted": 0.0,
        "market_price_per_sqft": 13700.0,
        "refined_budget_segment": "Ultra Premium",
        "premium_candidate_score": 0.7858446088730853,
        "rental_yield_pct": null,
        "yearly_appreciation_pct": 6.6,
        "society_score": 0.0,
        "society_cluster_score": 0.0,
        "hospital_score": 0.0,
        "market_score": 0.876388,
        "sez_workplace_score": 0.0,
        "habitability_score": 0.0,
        "habitability_class": "inhabitable",
        "habitable_for_residential_tam": false,
        "societies_direct_count": 0,
        "societies_nearby_count": 0,
        "society_cluster_project_count": 0,
        "hospitals_nearby_count": 0,
        "top_societies": "",
        "top_hospitals": "",
        "quality_flags": "low_overture_building_habitability | no_direct_society_tam",
        "commute_score": 55.0,
        "commute_band": "Moderate commute convenience",
        "centroid_lat": 13.13479728026889,
        "centroid_lon": 77.85895208763742,
        "zone": "North-East"
      }
    },
    {
      "type": "Feature",
      "geometry": {
        "type": "Polygon",
        "coordinates": [
          [
            [
              77.64642130812736,
              12.803647058672967
            ],
            [
              77.64242053243798,
              12.816141991922994
            ],
            [
              77.62982602196605,
              12.818693096349076
            ],
            [
              77.62123381452123,
              12.808750652056005
            ],
            [
              77.62523440136546,
              12.796257223957923
            ],
            [
              77.63782738477921,
              12.793704735003669
            ],
            [
              77.64642130812736,
              12.803647058672967
            ]
          ]
        ]
      },
      "properties": {
        "rank": 199,
        "hex_id": "876014c92ffffff",
        "name": "Hulimangala",
        "final_affluence_score": 9.9928,
        "affluence_tier": "Low Evidence",
        "spatial_relation": "low_evidence",
        "confidence_score": 0.5333,
        "countable_family_tam": 0.0,
        "direct_family_tam": 0.0,
        "direct_total_units": 0.0,
        "direct_luxury_society_tam": 0.0,
        "conservative_50l_plus_family_tam": 0.0,
        "conservative_50l_plus_share_of_direct_tam": 0.0,
        "estimated_40l_plus_family_tam_linear_25_50_split": 0.0,
        "estimated_40l_plus_share_linear_25_50_split": 0.0,
        "nearby_family_tam_weighted_context": 0.0,
        "society_cluster_tam_weighted_context_not_counted": 0.0,
        "market_price_per_sqft": 3798.0,
        "refined_budget_segment": "Premium",
        "premium_candidate_score": 0.39073123797305964,
        "rental_yield_pct": null,
        "yearly_appreciation_pct": null,
        "society_score": 0.0,
        "society_cluster_score": 0.0,
        "hospital_score": 0.382338,
        "market_score": 0.363729,
        "sez_workplace_score": 0.235941,
        "habitability_score": 0.170289,
        "habitability_class": "low_building_evidence",
        "habitable_for_residential_tam": false,
        "societies_direct_count": 0,
        "societies_nearby_count": 0,
        "society_cluster_project_count": 0,
        "hospitals_nearby_count": 28,
        "top_societies": "",
        "top_hospitals": "Kauvery Hospitals (Ultra Premium, 13.8 min) | Cloudnine Hospital - Electronics City (Super Premium, 8.5 min) | Springleaf Healthcare (Ultra Premium, 15.0 min) | Vijayashree Hospitals (Super Premium, 7.5 min) | Apollo Hospital (Ultra Premium, 25.2 min)",
        "quality_flags": "low_overture_building_habitability | no_direct_society_tam",
        "commute_score": 81.9,
        "commute_band": "Excellent commute convenience",
        "centroid_lat": 12.806199339554203,
        "centroid_lon": 77.6338267756174,
        "zone": "South"
      }
    },
    {
      "type": "Feature",
      "geometry": {
        "type": "Polygon",
        "coordinates": [
          [
            [
              77.75329368723303,
              13.132650721576923
            ],
            [
              77.74928818964081,
              13.145140995319197
            ],
            [
              77.73666604446242,
              13.147674275012118
            ],
            [
              77.72805092683764,
              13.137718663269967
            ],
            [
              77.73205624104517,
              13.125229876551733
            ],
            [
              77.744676856544,
              13.122695214550173
            ],
            [
              77.75329368723303,
              13.132650721576923
            ]
          ]
        ]
      },
      "properties": {
        "rank": 200,
        "hex_id": "876016924ffffff",
        "name": "Konadasanapura",
        "final_affluence_score": 9.8696,
        "affluence_tier": "Low Evidence",
        "spatial_relation": "low_evidence",
        "confidence_score": 0.4583,
        "countable_family_tam": 0.0,
        "direct_family_tam": 0.0,
        "direct_total_units": 0.0,
        "direct_luxury_society_tam": 0.0,
        "conservative_50l_plus_family_tam": 0.0,
        "conservative_50l_plus_share_of_direct_tam": 0.0,
        "estimated_40l_plus_family_tam_linear_25_50_split": 0.0,
        "estimated_40l_plus_share_linear_25_50_split": 0.0,
        "nearby_family_tam_weighted_context": 0.0,
        "society_cluster_tam_weighted_context_not_counted": 0.0,
        "market_price_per_sqft": 12067.39179404666,
        "refined_budget_segment": "Mid-Segment",
        "premium_candidate_score": 0.35025124697574905,
        "rental_yield_pct": 3.0,
        "yearly_appreciation_pct": 21.70337892196299,
        "society_score": 0.0,
        "society_cluster_score": 0.0,
        "hospital_score": 0.0,
        "market_score": 0.831719,
        "sez_workplace_score": 0.220776,
        "habitability_score": 0.231434,
        "habitability_class": "low_building_evidence",
        "habitable_for_residential_tam": false,
        "societies_direct_count": 0,
        "societies_nearby_count": 0,
        "society_cluster_project_count": 0,
        "hospitals_nearby_count": 1,
        "top_societies": "",
        "top_hospitals": "Ovum Clinic And Day Care Centre (Mid-Premium, 14.6 min)",
        "quality_flags": "low_overture_building_habitability | no_direct_society_tam",
        "commute_score": 74.3,
        "commute_band": "Strong commute convenience",
        "centroid_lat": 13.135185183533723,
        "centroid_lon": 77.74067152347605,
        "zone": "North-East"
      }
    },
    {
      "type": "Feature",
      "geometry": {
        "type": "Polygon",
        "coordinates": [
          [
            [
              77.81058170936562,
              13.027606325800956
            ],
            [
              77.80657734749282,
              13.04010593527457
            ],
            [
              77.7939519317889,
              13.042650617185386
            ],
            [
              77.7853324065189,
              13.032697066218029
            ],
            [
              77.78933658828126,
              13.020198945329184
            ],
            [
              77.80196047570635,
              13.017652886821812
            ],
            [
              77.81058170936562,
              13.027606325800956
            ]
          ]
        ]
      },
      "properties": {
        "rank": 201,
        "hex_id": "8761892acffffff",
        "name": "Kodihalli",
        "final_affluence_score": 9.8573,
        "affluence_tier": "Low Evidence",
        "spatial_relation": "low_evidence",
        "confidence_score": 0.4667,
        "countable_family_tam": 0.0,
        "direct_family_tam": 0.0,
        "direct_total_units": 0.0,
        "direct_luxury_society_tam": 0.0,
        "conservative_50l_plus_family_tam": 0.0,
        "conservative_50l_plus_share_of_direct_tam": 0.0,
        "estimated_40l_plus_family_tam_linear_25_50_split": 0.0,
        "estimated_40l_plus_share_linear_25_50_split": 0.0,
        "nearby_family_tam_weighted_context": 0.0,
        "society_cluster_tam_weighted_context_not_counted": 0.0,
        "market_price_per_sqft": 7377.0,
        "refined_budget_segment": "Premium",
        "premium_candidate_score": 0.4334113301963874,
        "rental_yield_pct": 1.0,
        "yearly_appreciation_pct": null,
        "society_score": 0.0,
        "society_cluster_score": 0.0,
        "hospital_score": 0.365747,
        "market_score": 0.551783,
        "sez_workplace_score": 0.0,
        "habitability_score": 0.188163,
        "habitability_class": "low_building_evidence",
        "habitable_for_residential_tam": false,
        "societies_direct_count": 0,
        "societies_nearby_count": 0,
        "society_cluster_project_count": 0,
        "hospitals_nearby_count": 18,
        "top_societies": "",
        "top_hospitals": "Aster Women & Children Hospital (Ultra Premium, 23.3 min) | Aster Whitefield Hospital (Ultra Premium, 23.3 min) | RxDx Healthcare (Ultra Premium, 26.9 min) | Kinder Women's Hospital and Fertility Centre (Ultra Premium, 28.5 min) | RxDx Healthcare (Ultra Premium, 25.1 min)",
        "quality_flags": "low_overture_building_habitability | no_direct_society_tam",
        "commute_score": 76.0,
        "commute_band": "Strong commute convenience",
        "centroid_lat": 13.030152185151714,
        "centroid_lon": 77.79795627697801,
        "zone": "East"
      }
    },
    {
      "type": "Feature",
      "geometry": {
        "type": "Polygon",
        "coordinates": [
          [
            [
              77.56412620152663,
              13.170564504013024
            ],
            [
              77.56012102610987,
              13.183036993512351
            ],
            [
              77.54752249146064,
              13.185555529621563
            ],
            [
              77.53893066367598,
              13.175602972437865
            ],
            [
              77.54293564529186,
              13.163131977133235
            ],
            [
              77.5555326487728,
              13.16061204481791
            ],
            [
              77.56412620152663,
              13.170564504013024
            ]
          ]
        ]
      },
      "properties": {
        "rank": 202,
        "hex_id": "876016942ffffff",
        "name": "Adde Viswanathapura",
        "final_affluence_score": 9.7202,
        "affluence_tier": "Low Evidence",
        "spatial_relation": "low_evidence",
        "confidence_score": 0.4667,
        "countable_family_tam": 0.0,
        "direct_family_tam": 0.0,
        "direct_total_units": 0.0,
        "direct_luxury_society_tam": 0.0,
        "conservative_50l_plus_family_tam": 0.0,
        "conservative_50l_plus_share_of_direct_tam": 0.0,
        "estimated_40l_plus_family_tam_linear_25_50_split": 0.0,
        "estimated_40l_plus_share_linear_25_50_split": 0.0,
        "nearby_family_tam_weighted_context": 0.0,
        "society_cluster_tam_weighted_context_not_counted": 0.0,
        "market_price_per_sqft": 3750.0,
        "refined_budget_segment": "Affordable",
        "premium_candidate_score": 0.0,
        "rental_yield_pct": null,
        "yearly_appreciation_pct": null,
        "society_score": 0.0,
        "society_cluster_score": 0.0,
        "hospital_score": 0.125194,
        "market_score": 0.31776,
        "sez_workplace_score": 0.0,
        "habitability_score": 0.260898,
        "habitability_class": "sparse_habitable",
        "habitable_for_residential_tam": true,
        "societies_direct_count": 0,
        "societies_nearby_count": 0,
        "society_cluster_project_count": 0,
        "hospitals_nearby_count": 10,
        "top_societies": "",
        "top_hospitals": "Maarga (Ultra Premium, 18.7 min) | Manipal Hospital (Super Premium, 23.9 min) | Aveksha Hospital (Ultra Premium, 27.3 min) | K K Hospital (Super Premium, 19.3 min) | Sparsh Hospital (Premium, 23.2 min)",
        "quality_flags": "no_direct_society_tam",
        "commute_score": 75.8,
        "commute_band": "Strong commute convenience",
        "centroid_lat": 13.173084229549113,
        "centroid_lon": 77.55152764209149,
        "zone": "North"
      }
    },
    {
      "type": "Feature",
      "geometry": {
        "type": "Polygon",
        "coordinates": [
          [
            [
              77.64434948897528,
              13.177859635566696
            ],
            [
              77.64034386168719,
              13.190338672222948
            ],
            [
              77.6277343270257,
              13.192861715831743
            ],
            [
              77.61913195071588,
              13.182907113471863
            ],
            [
              77.62313738858526,
              13.17042956703909
            ],
            [
              77.63574539246373,
              13.167905132742053
            ],
            [
              77.64434948897528,
              13.177859635566696
            ]
          ]
        ]
      },
      "properties": {
        "rank": 203,
        "hex_id": "87601690dffffff",
        "name": "Chikkajala",
        "final_affluence_score": 9.6104,
        "affluence_tier": "Low Evidence",
        "spatial_relation": "low_evidence",
        "confidence_score": 0.5167,
        "countable_family_tam": 0.0,
        "direct_family_tam": 0.0,
        "direct_total_units": 0.0,
        "direct_luxury_society_tam": 0.0,
        "conservative_50l_plus_family_tam": 0.0,
        "conservative_50l_plus_share_of_direct_tam": 0.0,
        "estimated_40l_plus_family_tam_linear_25_50_split": 0.0,
        "estimated_40l_plus_share_linear_25_50_split": 0.0,
        "nearby_family_tam_weighted_context": 0.0,
        "society_cluster_tam_weighted_context_not_counted": 28.86,
        "market_price_per_sqft": 6500.0,
        "refined_budget_segment": "Affordable",
        "premium_candidate_score": 0.009788820790199881,
        "rental_yield_pct": null,
        "yearly_appreciation_pct": 30.0,
        "society_score": 0.000361,
        "society_cluster_score": 0.001289,
        "hospital_score": 0.076032,
        "market_score": 0.322356,
        "sez_workplace_score": 0.0,
        "habitability_score": 0.284453,
        "habitability_class": "sparse_habitable",
        "habitable_for_residential_tam": true,
        "societies_direct_count": 0,
        "societies_nearby_count": 0,
        "society_cluster_project_count": 1,
        "hospitals_nearby_count": 6,
        "top_societies": "",
        "top_hospitals": "Maarga (Ultra Premium, 27.4 min) | Manipal Hospital (Super Premium, 22.5 min) | Regal Hospital (Super Premium, 30.8 min) | K K Hospital (Super Premium, 26.7 min) | Ashwini Hospital (Ultra Premium, 24.7 min)",
        "quality_flags": "no_direct_society_tam",
        "commute_score": 65.3,
        "commute_band": "Strong commute convenience",
        "centroid_lat": 13.180383866226435,
        "centroid_lon": 77.6317399321539,
        "zone": "North"
      }
    },
    {
      "type": "Feature",
      "geometry": {
        "type": "Polygon",
        "coordinates": [
          [
            [
              77.66096612420318,
              13.162853315362886
            ],
            [
              77.65696062025361,
              13.175334421520063
            ],
            [
              77.64434948897528,
              13.177859635566696
            ],
            [
              77.63574539246373,
              13.167905132742053
            ],
            [
              77.6397507079239,
              13.155425516652139
            ],
            [
              77.65236030866576,
              13.152898913318896
            ],
            [
              77.66096612420318,
              13.162853315362886
            ]
          ]
        ]
      },
      "properties": {
        "rank": 204,
        "hex_id": "87601692bffffff",
        "name": "Maranayakanahalli",
        "final_affluence_score": 9.3789,
        "affluence_tier": "Low Evidence",
        "spatial_relation": "low_evidence",
        "confidence_score": 0.6167,
        "countable_family_tam": 0.0,
        "direct_family_tam": 0.0,
        "direct_total_units": 0.0,
        "direct_luxury_society_tam": 0.0,
        "conservative_50l_plus_family_tam": 0.0,
        "conservative_50l_plus_share_of_direct_tam": 0.0,
        "estimated_40l_plus_family_tam_linear_25_50_split": 0.0,
        "estimated_40l_plus_share_linear_25_50_split": 0.0,
        "nearby_family_tam_weighted_context": 0.0,
        "society_cluster_tam_weighted_context_not_counted": 191.67,
        "market_price_per_sqft": null,
        "refined_budget_segment": "Affordable",
        "premium_candidate_score": 0.0,
        "rental_yield_pct": null,
        "yearly_appreciation_pct": null,
        "society_score": 0.115573,
        "society_cluster_score": 0.41276,
        "hospital_score": 0.202585,
        "market_score": 0.061884,
        "sez_workplace_score": 0.0,
        "habitability_score": 0.21849,
        "habitability_class": "low_building_evidence",
        "habitable_for_residential_tam": false,
        "societies_direct_count": 0,
        "societies_nearby_count": 0,
        "society_cluster_project_count": 3,
        "hospitals_nearby_count": 12,
        "top_societies": "",
        "top_hospitals": "Maarga (Ultra Premium, 21.3 min) | Manipal Hospital (Super Premium, 16.4 min) | Regal Hospital (Super Premium, 18.1 min) | Cloudnine Hospital (Super Premium, 22.5 min) | K K Hospital (Super Premium, 20.6 min)",
        "quality_flags": "low_overture_building_habitability | no_direct_society_tam",
        "commute_score": 74.2,
        "commute_band": "Strong commute convenience",
        "centroid_lat": 13.165379715507344,
        "centroid_lon": 77.64835497131189,
        "zone": "North"
      }
    },
    {
      "type": "Feature",
      "geometry": {
        "type": "Polygon",
        "coordinates": [
          [
            [
              77.49141279889537,
              13.103429274798296
            ],
            [
              77.48740883509677,
              13.115898424773983
            ],
            [
              77.47482278383508,
              13.118417437752791
            ],
            [
              77.46624222754778,
              13.108468701005306
            ],
            [
              77.4702459936608,
              13.096001051261425
            ],
            [
              77.48283051402504,
              13.093480638034915
            ],
            [
              77.49141279889537,
              13.103429274798296
            ]
          ]
        ]
      },
      "properties": {
        "rank": 205,
        "hex_id": "8760144b6ffffff",
        "name": "Kodagithirumalapaura",
        "final_affluence_score": 9.1398,
        "affluence_tier": "Low Evidence",
        "spatial_relation": "low_evidence",
        "confidence_score": 0.4667,
        "countable_family_tam": 0.0,
        "direct_family_tam": 0.0,
        "direct_total_units": 0.0,
        "direct_luxury_society_tam": 0.0,
        "conservative_50l_plus_family_tam": 0.0,
        "conservative_50l_plus_share_of_direct_tam": 0.0,
        "estimated_40l_plus_family_tam_linear_25_50_split": 0.0,
        "estimated_40l_plus_share_linear_25_50_split": 0.0,
        "nearby_family_tam_weighted_context": 0.0,
        "society_cluster_tam_weighted_context_not_counted": 0.0,
        "market_price_per_sqft": null,
        "refined_budget_segment": "Affordable",
        "premium_candidate_score": 0.0,
        "rental_yield_pct": null,
        "yearly_appreciation_pct": null,
        "society_score": 0.0,
        "society_cluster_score": 0.0,
        "hospital_score": 0.391635,
        "market_score": 0.079795,
        "sez_workplace_score": 0.198891,
        "habitability_score": 0.318597,
        "habitability_class": "sparse_habitable",
        "habitable_for_residential_tam": true,
        "societies_direct_count": 0,
        "societies_nearby_count": 0,
        "society_cluster_project_count": 0,
        "hospitals_nearby_count": 10,
        "top_societies": "",
        "top_hospitals": "People Tree Hospitals (Ultra Premium, 22.1 min) | Aveksha Hospital (Ultra Premium, 17.8 min) | Prakriya Hospitals (Premium, 15.3 min) | Sparsh Hospital (Premium, 12.6 min) | Smiles Institute of Gastroenterology (Ultra Premium, 24.1 min)",
        "quality_flags": "no_direct_society_tam",
        "commute_score": 75.9,
        "commute_band": "Strong commute convenience",
        "centroid_lat": 13.105949477670622,
        "centroid_lon": 77.47882672048286,
        "zone": "North-West"
      }
    },
    {
      "type": "Feature",
      "geometry": {
        "type": "Polygon",
        "coordinates": [
          [
            [
              77.82259391529706,
              12.99010230764626
            ],
            [
              77.81858999329879,
              13.002604510702705
            ],
            [
              77.80596452794282,
              13.005152723479041
            ],
            [
              77.79734451269826,
              12.99520010834235
            ],
            [
              77.80134825529073,
              12.982699394811736
            ],
            [
              77.81397219281591,
              12.980149806891044
            ],
            [
              77.82259391529706,
              12.99010230764626
            ]
          ]
        ]
      },
      "properties": {
        "rank": 206,
        "hex_id": "876189210ffffff",
        "name": "Kacharakanahalli",
        "final_affluence_score": 9.1241,
        "affluence_tier": "Low Evidence",
        "spatial_relation": "low_evidence",
        "confidence_score": 0.4667,
        "countable_family_tam": 0.0,
        "direct_family_tam": 0.0,
        "direct_total_units": 0.0,
        "direct_luxury_society_tam": 0.0,
        "conservative_50l_plus_family_tam": 0.0,
        "conservative_50l_plus_share_of_direct_tam": 0.0,
        "estimated_40l_plus_family_tam_linear_25_50_split": 0.0,
        "estimated_40l_plus_share_linear_25_50_split": 0.0,
        "nearby_family_tam_weighted_context": 0.0,
        "society_cluster_tam_weighted_context_not_counted": 0.0,
        "market_price_per_sqft": 5145.0,
        "refined_budget_segment": "Mid-Segment",
        "premium_candidate_score": 0.0,
        "rental_yield_pct": null,
        "yearly_appreciation_pct": null,
        "society_score": 0.0,
        "society_cluster_score": 0.0,
        "hospital_score": 0.414039,
        "market_score": 0.331066,
        "sez_workplace_score": 0.0,
        "habitability_score": 0.145845,
        "habitability_class": "low_building_evidence",
        "habitable_for_residential_tam": false,
        "societies_direct_count": 0,
        "societies_nearby_count": 0,
        "society_cluster_project_count": 0,
        "hospitals_nearby_count": 15,
        "top_societies": "",
        "top_hospitals": "Aster Women & Children Hospital (Ultra Premium, 20.0 min) | Aster Whitefield Hospital (Ultra Premium, 20.0 min) | RxDx Healthcare (Ultra Premium, 23.6 min) | Kinder Women's Hospital and Fertility Centre (Ultra Premium, 25.2 min) | Kauvery Hospital (Ultra Premium, 25.4 min)",
        "quality_flags": "low_overture_building_habitability | no_direct_society_tam",
        "commute_score": 74.3,
        "commute_band": "Strong commute convenience",
        "centroid_lat": 12.99265169640731,
        "centroid_lon": 77.80996843365637,
        "zone": "East"
      }
    },
    {
      "type": "Feature",
      "geometry": {
        "type": "Polygon",
        "coordinates": [
          [
            [
              77.42793065826923,
              13.081144501410419
            ],
            [
              77.42392729095887,
              13.0936091469023
            ],
            [
              77.41135068027711,
              13.09612585620468
            ],
            [
              77.40277896819158,
              13.086179324347214
            ],
            [
              77.40678213438719,
              13.073716182872277
            ],
            [
              77.41935721406053,
              13.071198069240479
            ],
            [
              77.42793065826923,
              13.081144501410419
            ]
          ]
        ]
      },
      "properties": {
        "rank": 207,
        "hex_id": "876014484ffffff",
        "name": "Arasinakunte",
        "final_affluence_score": 8.6833,
        "affluence_tier": "Low Evidence",
        "spatial_relation": "low_evidence",
        "confidence_score": 0.4667,
        "countable_family_tam": 0.0,
        "direct_family_tam": 0.0,
        "direct_total_units": 0.0,
        "direct_luxury_society_tam": 0.0,
        "conservative_50l_plus_family_tam": 0.0,
        "conservative_50l_plus_share_of_direct_tam": 0.0,
        "estimated_40l_plus_family_tam_linear_25_50_split": 0.0,
        "estimated_40l_plus_share_linear_25_50_split": 0.0,
        "nearby_family_tam_weighted_context": 0.0,
        "society_cluster_tam_weighted_context_not_counted": 0.0,
        "market_price_per_sqft": 3999.9999999999995,
        "refined_budget_segment": "Affordable",
        "premium_candidate_score": 0.0,
        "rental_yield_pct": null,
        "yearly_appreciation_pct": null,
        "society_score": 0.0,
        "society_cluster_score": 0.0,
        "hospital_score": 0.235623,
        "market_score": 0.250671,
        "sez_workplace_score": 0.0,
        "habitability_score": 0.380679,
        "habitability_class": "sparse_habitable",
        "habitable_for_residential_tam": true,
        "societies_direct_count": 0,
        "societies_nearby_count": 0,
        "society_cluster_project_count": 0,
        "hospitals_nearby_count": 2,
        "top_societies": "",
        "top_hospitals": "Prakriya Hospitals (Premium, 22.0 min) | Raghavendra People Tree Hospital (Mid-Premium, 23.8 min)",
        "quality_flags": "no_direct_society_tam",
        "commute_score": 68.4,
        "commute_band": "Strong commute convenience",
        "centroid_lat": 13.083662402014385,
        "centroid_lon": 77.41535401837021,
        "zone": "North-West"
      }
    },
    {
      "type": "Feature",
      "geometry": {
        "type": "Polygon",
        "coordinates": [
          [
            [
              77.88360682365818,
              13.09474914514117
            ],
            [
              77.87960131054767,
              13.107252087148904
            ],
            [
              77.86696352708381,
              13.109796369475157
            ],
            [
              77.85833278548584,
              13.099839082280758
            ],
            [
              77.86233812243073,
              13.087337622752548
            ],
            [
              77.87497437742265,
              13.084791967936713
            ],
            [
              77.88360682365818,
              13.09474914514117
            ]
          ]
        ]
      },
      "properties": {
        "rank": 208,
        "hex_id": "8761892b0ffffff",
        "name": "K.R Pura",
        "final_affluence_score": 8.4268,
        "affluence_tier": "Low Evidence",
        "spatial_relation": "low_evidence",
        "confidence_score": 0.3167,
        "countable_family_tam": 0.0,
        "direct_family_tam": 0.0,
        "direct_total_units": 0.0,
        "direct_luxury_society_tam": 0.0,
        "conservative_50l_plus_family_tam": 0.0,
        "conservative_50l_plus_share_of_direct_tam": 0.0,
        "estimated_40l_plus_family_tam_linear_25_50_split": 0.0,
        "estimated_40l_plus_share_linear_25_50_split": 0.0,
        "nearby_family_tam_weighted_context": 0.0,
        "society_cluster_tam_weighted_context_not_counted": 0.0,
        "market_price_per_sqft": 9754.0,
        "refined_budget_segment": "Mid-Segment",
        "premium_candidate_score": 0.17294685564520293,
        "rental_yield_pct": 3.0,
        "yearly_appreciation_pct": 19.8,
        "society_score": 0.0,
        "society_cluster_score": 0.0,
        "hospital_score": 0.0,
        "market_score": 0.696199,
        "sez_workplace_score": 0.0,
        "habitability_score": 0.0,
        "habitability_class": "inhabitable",
        "habitable_for_residential_tam": false,
        "societies_direct_count": 0,
        "societies_nearby_count": 0,
        "society_cluster_project_count": 0,
        "hospitals_nearby_count": 0,
        "top_societies": "",
        "top_hospitals": "",
        "quality_flags": "low_overture_building_habitability | no_direct_society_tam",
        "commute_score": 59.7,
        "commute_band": "Moderate commute convenience",
        "centroid_lat": 13.097294604407624,
        "centroid_lon": 77.8709690259072,
        "zone": "North-East"
      }
    },
    {
      "type": "Feature",
      "geometry": {
        "type": "Polygon",
        "coordinates": [
          [
            [
              77.67961628605863,
              12.773542484921439
            ],
            [
              77.67561575733617,
              12.786041460929365
            ],
            [
              77.66301806368834,
              12.788596853449253
            ],
            [
              77.65442242560864,
              12.778654651652365
            ],
            [
              77.65842276733821,
              12.766157180454032
            ],
            [
              77.67101893442029,
              12.763600406245606
            ],
            [
              77.67961628605863,
              12.773542484921439
            ]
          ]
        ]
      },
      "properties": {
        "rank": 209,
        "hex_id": "876189349ffffff",
        "name": "Rajapura",
        "final_affluence_score": 8.3993,
        "affluence_tier": "Low Evidence",
        "spatial_relation": "low_evidence",
        "confidence_score": 0.4667,
        "countable_family_tam": 0.0,
        "direct_family_tam": 0.0,
        "direct_total_units": 0.0,
        "direct_luxury_society_tam": 0.0,
        "conservative_50l_plus_family_tam": 0.0,
        "conservative_50l_plus_share_of_direct_tam": 0.0,
        "estimated_40l_plus_family_tam_linear_25_50_split": 0.0,
        "estimated_40l_plus_share_linear_25_50_split": 0.0,
        "nearby_family_tam_weighted_context": 0.0,
        "society_cluster_tam_weighted_context_not_counted": 0.0,
        "market_price_per_sqft": 5237.0,
        "refined_budget_segment": "Mid-Segment",
        "premium_candidate_score": 0.0,
        "rental_yield_pct": null,
        "yearly_appreciation_pct": null,
        "society_score": 0.0,
        "society_cluster_score": 0.0,
        "hospital_score": 0.196216,
        "market_score": 0.248667,
        "sez_workplace_score": 0.987688,
        "habitability_score": 0.097828,
        "habitability_class": "low_building_evidence",
        "habitable_for_residential_tam": false,
        "societies_direct_count": 0,
        "societies_nearby_count": 0,
        "society_cluster_project_count": 0,
        "hospitals_nearby_count": 13,
        "top_societies": "",
        "top_hospitals": "Vijayashree Hospitals (Super Premium, 8.9 min) | Kauvery Hospitals (Ultra Premium, 26.1 min) | Mazumdar Shaw Medical Center (Premium, 14.0 min) | Cloudnine Hospital - Electronics City (Super Premium, 18.7 min) | Springleaf Healthcare (Ultra Premium, 25.7 min)",
        "quality_flags": "low_overture_building_habitability | no_direct_society_tam",
        "commute_score": 72.5,
        "commute_band": "Strong commute convenience",
        "centroid_lat": 12.776099051951613,
        "centroid_lon": 77.66701857146283,
        "zone": "South"
      }
    },
    {
      "type": "Feature",
      "geometry": {
        "type": "Polygon",
        "coordinates": [
          [
            [
              77.55211024315405,
              13.207979314872773
            ],
            [
              77.54810463567775,
              13.22044914419301
            ],
            [
              77.5355061761847,
              13.222964109181527
            ],
            [
              77.52691485605484,
              13.213010642476284
            ],
            [
              77.53092026902605,
              13.200542306379388
            ],
            [
              77.54351719691162,
              13.19802594376451
            ],
            [
              77.55211024315405,
              13.207979314872773
            ]
          ]
        ]
      },
      "properties": {
        "rank": 210,
        "hex_id": "87601695effffff",
        "name": "Arakere",
        "final_affluence_score": 8.331,
        "affluence_tier": "Low Evidence",
        "spatial_relation": "low_evidence",
        "confidence_score": 0.3667,
        "countable_family_tam": 0.0,
        "direct_family_tam": 0.0,
        "direct_total_units": 0.0,
        "direct_luxury_society_tam": 0.0,
        "conservative_50l_plus_family_tam": 0.0,
        "conservative_50l_plus_share_of_direct_tam": 0.0,
        "estimated_40l_plus_family_tam_linear_25_50_split": 0.0,
        "estimated_40l_plus_share_linear_25_50_split": 0.0,
        "nearby_family_tam_weighted_context": 0.0,
        "society_cluster_tam_weighted_context_not_counted": 503.45,
        "market_price_per_sqft": 7936.0,
        "refined_budget_segment": "Mid-Segment",
        "premium_candidate_score": 0.1030128992819574,
        "rental_yield_pct": 5.0,
        "yearly_appreciation_pct": 24.0,
        "society_score": 0.111864,
        "society_cluster_score": 0.399515,
        "hospital_score": 0.0,
        "market_score": 0.560803,
        "sez_workplace_score": 0.0,
        "habitability_score": 0.086492,
        "habitability_class": "low_building_evidence",
        "habitable_for_residential_tam": false,
        "societies_direct_count": 0,
        "societies_nearby_count": 0,
        "society_cluster_project_count": 1,
        "hospitals_nearby_count": 0,
        "top_societies": "",
        "top_hospitals": "",
        "quality_flags": "low_overture_building_habitability | no_direct_society_tam",
        "commute_score": 61.2,
        "commute_band": "Moderate commute convenience",
        "centroid_lat": 13.210495470707736,
        "centroid_lon": 77.53951175847584,
        "zone": "North"
      }
    },
    {
      "type": "Feature",
      "geometry": {
        "type": "Polygon",
        "coordinates": [
          [
            [
              77.73122940581312,
              12.833206191392437
            ],
            [
              77.7272278862548,
              12.845707132482122
            ],
            [
              77.71462091074036,
              12.848261291220155
            ],
            [
              77.7060169819118,
              12.838315887911357
            ],
            [
              77.710018317232,
              12.825816446863099
            ],
            [
              77.72262376589966,
              12.823260909083682
            ],
            [
              77.73122940581312,
              12.833206191392437
            ]
          ]
        ]
      },
      "properties": {
        "rank": 211,
        "hex_id": "876189358ffffff",
        "name": "Singena Agrahara",
        "final_affluence_score": 8.1664,
        "affluence_tier": "Low Evidence",
        "spatial_relation": "low_evidence",
        "confidence_score": 0.4667,
        "countable_family_tam": 0.0,
        "direct_family_tam": 0.0,
        "direct_total_units": 0.0,
        "direct_luxury_society_tam": 0.0,
        "conservative_50l_plus_family_tam": 0.0,
        "conservative_50l_plus_share_of_direct_tam": 0.0,
        "estimated_40l_plus_family_tam_linear_25_50_split": 0.0,
        "estimated_40l_plus_share_linear_25_50_split": 0.0,
        "nearby_family_tam_weighted_context": 0.0,
        "society_cluster_tam_weighted_context_not_counted": 0.0,
        "market_price_per_sqft": 5554.0,
        "refined_budget_segment": "Mid-Segment",
        "premium_candidate_score": 0.0,
        "rental_yield_pct": null,
        "yearly_appreciation_pct": null,
        "society_score": 0.0,
        "society_cluster_score": 0.0,
        "hospital_score": 0.497724,
        "market_score": 0.294485,
        "sez_workplace_score": 0.0,
        "habitability_score": 0.246024,
        "habitability_class": "low_building_evidence",
        "habitable_for_residential_tam": false,
        "societies_direct_count": 0,
        "societies_nearby_count": 0,
        "society_cluster_project_count": 0,
        "hospitals_nearby_count": 30,
        "top_societies": "",
        "top_hospitals": "Kauvery Hospitals (Ultra Premium, 14.9 min) | Springleaf Healthcare (Ultra Premium, 11.9 min) | Belenus Champion Hospital (Ultra Premium, 18.5 min) | Mazumdar Shaw Medical Center (Premium, 10.1 min) | Manipal Hospital (Ultra Premium, 24.3 min)",
        "quality_flags": "low_overture_building_habitability | no_direct_society_tam",
        "commute_score": 84.7,
        "commute_band": "Excellent commute convenience",
        "centroid_lat": 12.835761524652405,
        "centroid_lon": 77.71862241103312,
        "zone": "South-East"
      }
    },
    {
      "type": "Feature",
      "geometry": {
        "type": "Polygon",
        "coordinates": [
          [
            [
              77.85123523964413,
              12.93752982602086
            ],
            [
              77.8472318892424,
              12.95003664274639
            ],
            [
              77.83460480104598,
              12.952590531867735
            ],
            [
              77.82598259066013,
              12.942638976526926
            ],
            [
              77.82998576329327,
              12.930133650086978
            ],
            [
              77.84261132436342,
              12.927578388701486
            ],
            [
              77.85123523964413,
              12.93752982602086
            ]
          ]
        ]
      },
      "properties": {
        "rank": 212,
        "hex_id": "876189230ffffff",
        "name": "Subramanyapura",
        "final_affluence_score": 8.1073,
        "affluence_tier": "Low Evidence",
        "spatial_relation": "low_evidence",
        "confidence_score": 0.4667,
        "countable_family_tam": 0.0,
        "direct_family_tam": 0.0,
        "direct_total_units": 0.0,
        "direct_luxury_society_tam": 0.0,
        "conservative_50l_plus_family_tam": 0.0,
        "conservative_50l_plus_share_of_direct_tam": 0.0,
        "estimated_40l_plus_family_tam_linear_25_50_split": 0.0,
        "estimated_40l_plus_share_linear_25_50_split": 0.0,
        "nearby_family_tam_weighted_context": 0.0,
        "society_cluster_tam_weighted_context_not_counted": 0.0,
        "market_price_per_sqft": 16000.0,
        "refined_budget_segment": "Premium",
        "premium_candidate_score": 0.6699035993538534,
        "rental_yield_pct": null,
        "yearly_appreciation_pct": null,
        "society_score": 0.0,
        "society_cluster_score": 0.0,
        "hospital_score": 0.08953,
        "market_score": 0.704618,
        "sez_workplace_score": 0.0,
        "habitability_score": 0.146228,
        "habitability_class": "low_building_evidence",
        "habitable_for_residential_tam": false,
        "societies_direct_count": 0,
        "societies_nearby_count": 0,
        "society_cluster_project_count": 0,
        "hospitals_nearby_count": 2,
        "top_societies": "",
        "top_hospitals": "RxDx Healthcare (Ultra Premium, 31.5 min) | Cloudnine Hospital (Super Premium, 29.8 min)",
        "quality_flags": "low_overture_building_habitability | no_direct_society_tam",
        "commute_score": 67.5,
        "commute_band": "Strong commute convenience",
        "centroid_lat": 12.940084888691555,
        "centroid_lon": 77.83860813611024,
        "zone": "East"
      }
    },
    {
      "type": "Feature",
      "geometry": {
        "type": "Polygon",
        "coordinates": [
          [
            [
              77.78750488787546,
              12.91534112402443
            ],
            [
              77.7835020742606,
              12.927843466026296
            ],
            [
              77.77088429801842,
              12.93039503057326
            ],
            [
              77.7622708629852,
              12.920445629533802
            ],
            [
              77.7662734953527,
              12.907944781681197
            ],
            [
              77.7788897442825,
              12.905391840718918
            ],
            [
              77.78750488787546,
              12.91534112402443
            ]
          ]
        ]
      },
      "properties": {
        "rank": 213,
        "hex_id": "876189205ffffff",
        "name": "Kattariguppe",
        "final_affluence_score": 7.8021,
        "affluence_tier": "Low Evidence",
        "spatial_relation": "low_evidence",
        "confidence_score": 0.4667,
        "countable_family_tam": 0.0,
        "direct_family_tam": 0.0,
        "direct_total_units": 0.0,
        "direct_luxury_society_tam": 0.0,
        "conservative_50l_plus_family_tam": 0.0,
        "conservative_50l_plus_share_of_direct_tam": 0.0,
        "estimated_40l_plus_family_tam_linear_25_50_split": 0.0,
        "estimated_40l_plus_share_linear_25_50_split": 0.0,
        "nearby_family_tam_weighted_context": 0.0,
        "society_cluster_tam_weighted_context_not_counted": 0.0,
        "market_price_per_sqft": 6004.0,
        "refined_budget_segment": "Mid-Segment",
        "premium_candidate_score": 0.00011105252663307208,
        "rental_yield_pct": null,
        "yearly_appreciation_pct": null,
        "society_score": 0.0,
        "society_cluster_score": 0.0,
        "hospital_score": 0.523977,
        "market_score": 0.385332,
        "sez_workplace_score": 0.0,
        "habitability_score": 0.172041,
        "habitability_class": "low_building_evidence",
        "habitable_for_residential_tam": false,
        "societies_direct_count": 0,
        "societies_nearby_count": 0,
        "society_cluster_project_count": 0,
        "hospitals_nearby_count": 25,
        "top_societies": "",
        "top_hospitals": "Belenus Champion Hospital (Ultra Premium, 17.2 min) | Sakra World Hospital (Ultra Premium, 23.1 min) | Kauvery Hospital (Ultra Premium, 20.6 min) | Aster Women & Children Hospital (Ultra Premium, 25.9 min) | RxDx Healthcare (Ultra Premium, 16.9 min)",
        "quality_flags": "low_overture_building_habitability | no_direct_society_tam",
        "commute_score": 75.6,
        "commute_band": "Strong commute convenience",
        "centroid_lat": 12.917893863585812,
        "centroid_lon": 77.77488709420392,
        "zone": "East"
      }
    },
    {
      "type": "Feature",
      "geometry": {
        "type": "Polygon",
        "coordinates": [
          [
            [
              77.85771362795984,
              13.064879120444079
            ],
            [
              77.85370860017841,
              13.0773811434374
            ],
            [
              77.84107544656571,
              13.079926013761398
            ],
            [
              77.83244884936283,
              13.069970234942591
            ],
            [
              77.8364536995855,
              13.057469696838892
            ],
            [
              77.84908532485284,
              13.05492345266238
            ],
            [
              77.85771362795984,
              13.064879120444079
            ]
          ]
        ]
      },
      "properties": {
        "rank": 214,
        "hex_id": "8761892a2ffffff",
        "name": "Kasavanahalli",
        "final_affluence_score": 7.7058,
        "affluence_tier": "Low Evidence",
        "spatial_relation": "low_evidence",
        "confidence_score": 0.3917,
        "countable_family_tam": 0.0,
        "direct_family_tam": 0.0,
        "direct_total_units": 0.0,
        "direct_luxury_society_tam": 0.0,
        "conservative_50l_plus_family_tam": 0.0,
        "conservative_50l_plus_share_of_direct_tam": 0.0,
        "estimated_40l_plus_family_tam_linear_25_50_split": 0.0,
        "estimated_40l_plus_share_linear_25_50_split": 0.0,
        "nearby_family_tam_weighted_context": 0.0,
        "society_cluster_tam_weighted_context_not_counted": 0.0,
        "market_price_per_sqft": 7782.0,
        "refined_budget_segment": "Premium",
        "premium_candidate_score": 0.6306159541271753,
        "rental_yield_pct": 3.0,
        "yearly_appreciation_pct": 6.3,
        "society_score": 0.0,
        "society_cluster_score": 0.0,
        "hospital_score": 0.0,
        "market_score": 0.615899,
        "sez_workplace_score": 0.0,
        "habitability_score": 0.040056,
        "habitability_class": "inhabitable",
        "habitable_for_residential_tam": false,
        "societies_direct_count": 0,
        "societies_nearby_count": 0,
        "society_cluster_project_count": 0,
        "hospitals_nearby_count": 1,
        "top_societies": "",
        "top_hospitals": "Ovum Clinic And Day Care Centre (Mid-Premium, 23.9 min)",
        "quality_flags": "low_overture_building_habitability | no_direct_society_tam",
        "commute_score": 62.9,
        "commute_band": "Moderate commute convenience",
        "centroid_lat": 13.067425167715317,
        "centroid_lon": 77.84508045921014,
        "zone": "East"
      }
    },
    {
      "type": "Feature",
      "geometry": {
        "type": "Polygon",
        "coordinates": [
          [
            [
              77.87897958159917,
              13.07228846134586
            ],
            [
              77.87497437742265,
              13.084791967936713
            ],
            [
              77.86233812243073,
              13.087337622752548
            ],
            [
              77.85370860017841,
              13.0773811434374
            ],
            [
              77.85771362795984,
              13.064879120444079
            ],
            [
              77.87034835467199,
              13.06233209316609
            ],
            [
              77.87897958159917,
              13.07228846134586
            ]
          ]
        ]
      },
      "properties": {
        "rank": 215,
        "hex_id": "8761892b5ffffff",
        "name": "Kasavanahalli",
        "final_affluence_score": 7.5819,
        "affluence_tier": "Low Evidence",
        "spatial_relation": "low_evidence",
        "confidence_score": 0.3167,
        "countable_family_tam": 0.0,
        "direct_family_tam": 0.0,
        "direct_total_units": 0.0,
        "direct_luxury_society_tam": 0.0,
        "conservative_50l_plus_family_tam": 0.0,
        "conservative_50l_plus_share_of_direct_tam": 0.0,
        "estimated_40l_plus_family_tam_linear_25_50_split": 0.0,
        "estimated_40l_plus_share_linear_25_50_split": 0.0,
        "nearby_family_tam_weighted_context": 0.0,
        "society_cluster_tam_weighted_context_not_counted": 0.0,
        "market_price_per_sqft": 8176.0,
        "refined_budget_segment": "Premium",
        "premium_candidate_score": 0.5109715407833111,
        "rental_yield_pct": 3.0,
        "yearly_appreciation_pct": 11.1,
        "society_score": 0.0,
        "society_cluster_score": 0.0,
        "hospital_score": 0.0,
        "market_score": 0.606751,
        "sez_workplace_score": 0.0,
        "habitability_score": 0.0,
        "habitability_class": "inhabitable",
        "habitable_for_residential_tam": false,
        "societies_direct_count": 0,
        "societies_nearby_count": 0,
        "society_cluster_project_count": 0,
        "hospitals_nearby_count": 0,
        "top_societies": "",
        "top_hospitals": "",
        "quality_flags": "low_overture_building_habitability | no_direct_society_tam",
        "commute_score": 56.4,
        "commute_band": "Moderate commute convenience",
        "centroid_lat": 13.074835292619829,
        "centroid_lon": 77.86634331216979,
        "zone": "East"
      }
    },
    {
      "type": "Feature",
      "geometry": {
        "type": "Polygon",
        "coordinates": [
          [
            [
              77.67017009269122,
              13.20772617720072
            ],
            [
              77.66616396554213,
              13.220206118582093
            ],
            [
              77.65354977260316,
              13.222728553983337
            ],
            [
              77.64494323802253,
              13.212772437336213
            ],
            [
              77.648949177132,
              13.200293983780355
            ],
            [
              77.6615618391427,
              13.197770159044918
            ],
            [
              77.67017009269122,
              13.20772617720072
            ]
          ]
        ]
      },
      "properties": {
        "rank": 216,
        "hex_id": "87601690effffff",
        "name": "Shettigere",
        "final_affluence_score": 7.5406,
        "affluence_tier": "Low Evidence",
        "spatial_relation": "low_evidence",
        "confidence_score": 0.3833,
        "countable_family_tam": 0.0,
        "direct_family_tam": 0.0,
        "direct_total_units": 0.0,
        "direct_luxury_society_tam": 0.0,
        "conservative_50l_plus_family_tam": 0.0,
        "conservative_50l_plus_share_of_direct_tam": 0.0,
        "estimated_40l_plus_family_tam_linear_25_50_split": 0.0,
        "estimated_40l_plus_share_linear_25_50_split": 0.0,
        "nearby_family_tam_weighted_context": 0.0,
        "society_cluster_tam_weighted_context_not_counted": 0.0,
        "market_price_per_sqft": 8958.567591763653,
        "refined_budget_segment": "Mid-Segment",
        "premium_candidate_score": 0.10733221315931195,
        "rental_yield_pct": null,
        "yearly_appreciation_pct": 10.4,
        "society_score": 0.0,
        "society_cluster_score": 0.0,
        "hospital_score": 0.0,
        "market_score": 0.624119,
        "sez_workplace_score": 0.0,
        "habitability_score": 0.185519,
        "habitability_class": "low_building_evidence",
        "habitable_for_residential_tam": false,
        "societies_direct_count": 0,
        "societies_nearby_count": 0,
        "society_cluster_project_count": 0,
        "hospitals_nearby_count": 0,
        "top_societies": "",
        "top_hospitals": "",
        "quality_flags": "low_overture_building_habitability | no_direct_society_tam",
        "commute_score": 60.6,
        "commute_band": "Moderate commute convenience",
        "centroid_lat": 13.210249799649874,
        "centroid_lon": 77.65755587843488,
        "zone": "North"
      }
    },
    {
      "type": "Feature",
      "geometry": {
        "type": "Polygon",
        "coordinates": [
          [
            [
              77.65354977260316,
              13.222728553983337
            ],
            [
              77.64954352167886,
              13.235206420772561
            ],
            [
              77.6369309248627,
              13.237726682935069
            ],
            [
              77.62832611042707,
              13.22777046904146
            ],
            [
              77.63233217238178,
              13.215294090232963
            ],
            [
              77.64494323802253,
              13.212772437336213
            ],
            [
              77.65354977260316,
              13.222728553983337
            ]
          ]
        ]
      },
      "properties": {
        "rank": 217,
        "hex_id": "87601690affffff",
        "name": "Bangalore North",
        "final_affluence_score": 7.5237,
        "affluence_tier": "Low Evidence",
        "spatial_relation": "low_evidence",
        "confidence_score": 0.3167,
        "countable_family_tam": 0.0,
        "direct_family_tam": 0.0,
        "direct_total_units": 0.0,
        "direct_luxury_society_tam": 0.0,
        "conservative_50l_plus_family_tam": 0.0,
        "conservative_50l_plus_share_of_direct_tam": 0.0,
        "estimated_40l_plus_family_tam_linear_25_50_split": 0.0,
        "estimated_40l_plus_share_linear_25_50_split": 0.0,
        "nearby_family_tam_weighted_context": 0.0,
        "society_cluster_tam_weighted_context_not_counted": 0.0,
        "market_price_per_sqft": 10050.0,
        "refined_budget_segment": "Mid-Segment",
        "premium_candidate_score": 0.0920188519150672,
        "rental_yield_pct": null,
        "yearly_appreciation_pct": null,
        "society_score": 0.0,
        "society_cluster_score": 0.0,
        "hospital_score": 0.0,
        "market_score": 0.633791,
        "sez_workplace_score": 0.0,
        "habitability_score": 0.059164,
        "habitability_class": "low_building_evidence",
        "habitable_for_residential_tam": false,
        "societies_direct_count": 0,
        "societies_nearby_count": 0,
        "society_cluster_project_count": 0,
        "hospitals_nearby_count": 0,
        "top_societies": "",
        "top_hospitals": "",
        "quality_flags": "low_overture_building_habitability | no_direct_society_tam",
        "commute_score": 61.3,
        "commute_band": "Moderate commute convenience",
        "centroid_lat": 13.22525000414523,
        "centroid_lon": 77.64093715392232,
        "zone": "North"
      }
    },
    {
      "type": "Feature",
      "geometry": {
        "type": "Polygon",
        "coordinates": [
          [
            [
              77.72925851158911,
              13.20757916393566
            ],
            [
              77.72525213817894,
              13.220064148703484
            ],
            [
              77.71263010726811,
              13.222590324757402
            ],
            [
              77.70401598062062,
              13.212632901211407
            ],
            [
              77.70802216923552,
              13.200149401550917
            ],
            [
              77.72064266957491,
              13.197621840327256
            ],
            [
              77.72925851158911,
              13.20757916393566
            ]
          ]
        ]
      },
      "properties": {
        "rank": 218,
        "hex_id": "876016906ffffff",
        "name": "Vunachuru",
        "final_affluence_score": 7.2133,
        "affluence_tier": "Low Evidence",
        "spatial_relation": "low_evidence",
        "confidence_score": 0.3967,
        "countable_family_tam": 0.0,
        "direct_family_tam": 0.0,
        "direct_total_units": 0.0,
        "direct_luxury_society_tam": 0.0,
        "conservative_50l_plus_family_tam": 0.0,
        "conservative_50l_plus_share_of_direct_tam": 0.0,
        "estimated_40l_plus_family_tam_linear_25_50_split": 0.0,
        "estimated_40l_plus_share_linear_25_50_split": 0.0,
        "nearby_family_tam_weighted_context": 61.9,
        "society_cluster_tam_weighted_context_not_counted": 179.97,
        "market_price_per_sqft": 1000.0,
        "refined_budget_segment": "Affordable",
        "premium_candidate_score": 0.0,
        "rental_yield_pct": null,
        "yearly_appreciation_pct": null,
        "society_score": 0.212414,
        "society_cluster_score": 0.274125,
        "hospital_score": 0.0,
        "market_score": 0.220117,
        "sez_workplace_score": 0.0,
        "habitability_score": 0.072489,
        "habitability_class": "low_building_evidence",
        "habitable_for_residential_tam": false,
        "societies_direct_count": 0,
        "societies_nearby_count": 1,
        "society_cluster_project_count": 1,
        "hospitals_nearby_count": 0,
        "top_societies": "Ivory at Brigade Orchards (Aspirational Premium, TAM 802)",
        "top_hospitals": "",
        "quality_flags": "low_overture_building_habitability | no_direct_society_tam",
        "commute_score": 58.2,
        "commute_band": "Moderate commute convenience",
        "centroid_lat": 13.210106525124212,
        "centroid_lon": 77.71663646130074,
        "zone": "North-East"
      }
    },
    {
      "type": "Feature",
      "geometry": {
        "type": "Polygon",
        "coordinates": [
          [
            [
              77.7524465317829,
              12.840595903706136
            ],
            [
              77.74844482914104,
              12.853098343555546
            ],
            [
              77.73583474284138,
              12.855653269110304
            ],
            [
              77.7272278862548,
              12.845707132482122
            ],
            [
              77.73122940581312,
              12.833206191392437
            ],
            [
              77.74383796532261,
              12.830649888172363
            ],
            [
              77.7524465317829,
              12.840595903706136
            ]
          ]
        ]
      },
      "properties": {
        "rank": 219,
        "hex_id": "87618935effffff",
        "name": "Muttanalluru",
        "final_affluence_score": 6.9239,
        "affluence_tier": "Low Evidence",
        "spatial_relation": "low_evidence",
        "confidence_score": 0.4667,
        "countable_family_tam": 0.0,
        "direct_family_tam": 0.0,
        "direct_total_units": 0.0,
        "direct_luxury_society_tam": 0.0,
        "conservative_50l_plus_family_tam": 0.0,
        "conservative_50l_plus_share_of_direct_tam": 0.0,
        "estimated_40l_plus_family_tam_linear_25_50_split": 0.0,
        "estimated_40l_plus_share_linear_25_50_split": 0.0,
        "nearby_family_tam_weighted_context": 0.0,
        "society_cluster_tam_weighted_context_not_counted": 0.0,
        "market_price_per_sqft": 2700.0,
        "refined_budget_segment": "Affordable",
        "premium_candidate_score": 0.0,
        "rental_yield_pct": null,
        "yearly_appreciation_pct": null,
        "society_score": 0.0,
        "society_cluster_score": 0.0,
        "hospital_score": 0.440045,
        "market_score": 0.265453,
        "sez_workplace_score": 0.0,
        "habitability_score": 0.243307,
        "habitability_class": "low_building_evidence",
        "habitable_for_residential_tam": false,
        "societies_direct_count": 0,
        "societies_nearby_count": 0,
        "society_cluster_project_count": 0,
        "hospitals_nearby_count": 24,
        "top_societies": "",
        "top_hospitals": "Kauvery Hospitals (Ultra Premium, 23.0 min) | Belenus Champion Hospital (Ultra Premium, 18.2 min) | Manipal Hospital (Ultra Premium, 25.9 min) | Springleaf Healthcare (Ultra Premium, 19.9 min) | Sakra World Hospital (Ultra Premium, 28.1 min)",
        "quality_flags": "low_overture_building_habitability | no_direct_society_tam",
        "commute_score": 78.2,
        "commute_band": "Strong commute convenience",
        "centroid_lat": 12.84315200329718,
        "centroid_lon": 77.73983642691228,
        "zone": "South-East"
      }
    },
    {
      "type": "Feature",
      "geometry": {
        "type": "Polygon",
        "coordinates": [
          [
            [
              77.4868341644302,
              13.081010920116904
            ],
            [
              77.48283051402504,
              13.093480638034915
            ],
            [
              77.4702459936608,
              13.096001051261425
            ],
            [
              77.46166665467884,
              13.086053146786812
            ],
            [
              77.46567010717766,
              13.073584930216601
            ],
            [
              77.478253096843,
              13.071063116775166
            ],
            [
              77.4868341644302,
              13.081010920116904
            ]
          ]
        ]
      },
      "properties": {
        "rank": 220,
        "hex_id": "8760144b4ffffff",
        "name": "D.V Gundappa Ward",
        "final_affluence_score": 6.9059,
        "affluence_tier": "Low Evidence",
        "spatial_relation": "low_evidence",
        "confidence_score": 0.4667,
        "countable_family_tam": 0.0,
        "direct_family_tam": 0.0,
        "direct_total_units": 0.0,
        "direct_luxury_society_tam": 0.0,
        "conservative_50l_plus_family_tam": 0.0,
        "conservative_50l_plus_share_of_direct_tam": 0.0,
        "estimated_40l_plus_family_tam_linear_25_50_split": 0.0,
        "estimated_40l_plus_share_linear_25_50_split": 0.0,
        "nearby_family_tam_weighted_context": 0.0,
        "society_cluster_tam_weighted_context_not_counted": 0.0,
        "market_price_per_sqft": null,
        "refined_budget_segment": "Mid-Segment",
        "premium_candidate_score": 0.0,
        "rental_yield_pct": null,
        "yearly_appreciation_pct": null,
        "society_score": 0.0,
        "society_cluster_score": 0.0,
        "hospital_score": 0.41805,
        "market_score": 0.174642,
        "sez_workplace_score": 0.216129,
        "habitability_score": 0.248165,
        "habitability_class": "low_building_evidence",
        "habitable_for_residential_tam": false,
        "societies_direct_count": 0,
        "societies_nearby_count": 0,
        "society_cluster_project_count": 0,
        "hospitals_nearby_count": 12,
        "top_societies": "",
        "top_hospitals": "People Tree Hospitals (Ultra Premium, 20.9 min) | Prakriya Hospitals (Premium, 12.8 min) | Aveksha Hospital (Ultra Premium, 18.4 min) | Motherhood Hospital (Mid-Premium, 10.3 min) | Sparsh Hospital (Premium, 13.2 min)",
        "quality_flags": "low_overture_building_habitability | no_direct_society_tam",
        "commute_score": 80.1,
        "commute_band": "Excellent commute convenience",
        "centroid_lat": 13.083532522760937,
        "centroid_lon": 77.47424961676968,
        "zone": "North-West"
      }
    },
    {
      "type": "Feature",
      "geometry": {
        "type": "Polygon",
        "coordinates": [
          [
            [
              77.77366969189787,
              12.84798557993054
            ],
            [
              77.76966780732835,
              12.860489517256378
            ],
            [
              77.75705461244318,
              12.863045210924675
            ],
            [
              77.74844482914104,
              12.853098343555546
            ],
            [
              77.7524465317829,
              12.840595903706136
            ],
            [
              77.7650581999359,
              12.83803883375029
            ],
            [
              77.77366969189787,
              12.84798557993054
            ]
          ]
        ]
      },
      "properties": {
        "rank": 222,
        "hex_id": "876189353ffffff",
        "name": "Kada Agrahara",
        "final_affluence_score": 6.8829,
        "affluence_tier": "Low Evidence",
        "spatial_relation": "low_evidence",
        "confidence_score": 0.5167,
        "countable_family_tam": 0.0,
        "direct_family_tam": 0.0,
        "direct_total_units": 0.0,
        "direct_luxury_society_tam": 0.0,
        "conservative_50l_plus_family_tam": 0.0,
        "conservative_50l_plus_share_of_direct_tam": 0.0,
        "estimated_40l_plus_family_tam_linear_25_50_split": 0.0,
        "estimated_40l_plus_share_linear_25_50_split": 0.0,
        "nearby_family_tam_weighted_context": 0.0,
        "society_cluster_tam_weighted_context_not_counted": 19.81,
        "market_price_per_sqft": 6590.0,
        "refined_budget_segment": "Affordable",
        "premium_candidate_score": 0.0260426940376276,
        "rental_yield_pct": null,
        "yearly_appreciation_pct": 14.0,
        "society_score": 2e-05,
        "society_cluster_score": 7.3e-05,
        "hospital_score": 0.272684,
        "market_score": 0.392434,
        "sez_workplace_score": 0.0,
        "habitability_score": 0.15482,
        "habitability_class": "low_building_evidence",
        "habitable_for_residential_tam": false,
        "societies_direct_count": 0,
        "societies_nearby_count": 0,
        "society_cluster_project_count": 1,
        "hospitals_nearby_count": 11,
        "top_societies": "",
        "top_hospitals": "Belenus Champion Hospital (Ultra Premium, 19.4 min) | Kauvery Hospitals (Ultra Premium, 26.6 min) | Springleaf Healthcare (Ultra Premium, 23.5 min) | Sri Sai Hospitals (Super Premium, 15.8 min) | Vasundhara Agrawal, Diet and Lifestyle Consultant (Ultra Premium, 24.6 min)",
        "quality_flags": "low_overture_building_habitability | no_direct_society_tam",
        "commute_score": 76.7,
        "commute_band": "Strong commute convenience",
        "centroid_lat": 12.850542447148563,
        "centroid_lon": 77.76105647913703,
        "zone": "South-East"
      }
    },
    {
      "type": "Feature",
      "geometry": {
        "type": "Polygon",
        "coordinates": [
          [
            [
              77.45652104444771,
              13.028753513612925
            ],
            [
              77.45251821919301,
              13.041222852855055
            ],
            [
              77.43993990486081,
              13.04374530135485
            ],
            [
              77.43136594640008,
              13.033799812119707
            ],
            [
              77.43536857216455,
              13.021331977716546
            ],
            [
              77.44794535615766,
              13.018808127712338
            ],
            [
              77.45652104444771,
              13.028753513612925
            ]
          ]
        ]
      },
      "properties": {
        "rank": 227,
        "hex_id": "8760144a4ffffff",
        "name": "Gowdanapalya",
        "final_affluence_score": 6.2782,
        "affluence_tier": "Low Evidence",
        "spatial_relation": "low_evidence",
        "confidence_score": 0.4667,
        "countable_family_tam": 0.0,
        "direct_family_tam": 0.0,
        "direct_total_units": 0.0,
        "direct_luxury_society_tam": 0.0,
        "conservative_50l_plus_family_tam": 0.0,
        "conservative_50l_plus_share_of_direct_tam": 0.0,
        "estimated_40l_plus_family_tam_linear_25_50_split": 0.0,
        "estimated_40l_plus_share_linear_25_50_split": 0.0,
        "nearby_family_tam_weighted_context": 0.0,
        "society_cluster_tam_weighted_context_not_counted": 0.0,
        "market_price_per_sqft": 5541.0,
        "refined_budget_segment": "Premium",
        "premium_candidate_score": 0.35,
        "rental_yield_pct": null,
        "yearly_appreciation_pct": 7.7,
        "society_score": 0.0,
        "society_cluster_score": 0.0,
        "hospital_score": 0.33753,
        "market_score": 0.411542,
        "sez_workplace_score": 0.0,
        "habitability_score": 0.139598,
        "habitability_class": "low_building_evidence",
        "habitable_for_residential_tam": false,
        "societies_direct_count": 0,
        "societies_nearby_count": 0,
        "society_cluster_project_count": 0,
        "hospitals_nearby_count": 12,
        "top_societies": "",
        "top_hospitals": "People Tree Hospitals (Ultra Premium, 27.3 min) | Prakriya Hospitals (Premium, 17.7 min) | Brains Super Speciality Hospital (Ultra Premium, 29.1 min) | Aveksha Hospital (Ultra Premium, 32.1 min) | Cloudnine Hospital (Super Premium, 23.8 min)",
        "quality_flags": "low_overture_building_habitability | no_direct_society_tam",
        "commute_score": 76.2,
        "commute_band": "Strong commute convenience",
        "centroid_lat": 13.031277151046304,
        "centroid_lon": 77.44394270183996,
        "zone": "West"
      }
    },
    {
      "type": "Feature",
      "geometry": {
        "type": "Polygon",
        "coordinates": [
          [
            [
              77.52918053784072,
              13.095862789211473
            ],
            [
              77.52517649505887,
              13.108335506030004
            ],
            [
              77.51258569162503,
              13.110857458887066
            ],
            [
              77.50400046187005,
              13.100908092413713
            ],
            [
              77.5080043090366,
              13.088436874412384
            ],
            [
              77.52059358185225,
              13.085913524068577
            ],
            [
              77.52918053784072,
              13.095862789211473
            ]
          ]
        ]
      },
      "properties": {
        "rank": 228,
        "hex_id": "876016968ffffff",
        "name": "Kalathammanahalli",
        "final_affluence_score": 6.1092,
        "affluence_tier": "Low Evidence",
        "spatial_relation": "low_evidence",
        "confidence_score": 0.5167,
        "countable_family_tam": 0.0,
        "direct_family_tam": 0.0,
        "direct_total_units": 0.0,
        "direct_luxury_society_tam": 0.0,
        "conservative_50l_plus_family_tam": 0.0,
        "conservative_50l_plus_share_of_direct_tam": 0.0,
        "estimated_40l_plus_family_tam_linear_25_50_split": 0.0,
        "estimated_40l_plus_share_linear_25_50_split": 0.0,
        "nearby_family_tam_weighted_context": 0.0,
        "society_cluster_tam_weighted_context_not_counted": 6.61,
        "market_price_per_sqft": null,
        "refined_budget_segment": "Affordable",
        "premium_candidate_score": 0.0,
        "rental_yield_pct": null,
        "yearly_appreciation_pct": null,
        "society_score": 0.0,
        "society_cluster_score": 0.0,
        "hospital_score": 0.565675,
        "market_score": 0.046503,
        "sez_workplace_score": 0.0,
        "habitability_score": 0.204225,
        "habitability_class": "low_building_evidence",
        "habitable_for_residential_tam": false,
        "societies_direct_count": 0,
        "societies_nearby_count": 0,
        "society_cluster_project_count": 1,
        "hospitals_nearby_count": 42,
        "top_societies": "",
        "top_hospitals": "Sparsh Hospital (Premium, 0.8 min) | Aveksha Hospital (Ultra Premium, 9.0 min) | People Tree Hospitals (Ultra Premium, 18.1 min) | Maarga (Ultra Premium, 15.5 min) | Mind and Brain hospital (Ultra Premium, 16.2 min)",
        "quality_flags": "low_overture_building_habitability | no_direct_society_tam",
        "commute_score": 82.8,
        "commute_band": "Excellent commute convenience",
        "centroid_lat": 13.0983859305427,
        "centroid_lon": 77.51658970849081,
        "zone": "North-West"
      }
    },
    {
      "type": "Feature",
      "geometry": {
        "type": "Polygon",
        "coordinates": [
          [
            [
              77.79028622236187,
              12.832921782911573
            ],
            [
              77.78628446649132,
              12.845427741943157
            ],
            [
              77.77366969189787,
              12.84798557993054
            ],
            [
              77.7650581999359,
              12.83803883375029
            ],
            [
              77.76905977480875,
              12.825534372017731
            ],
            [
              77.78167302292277,
              12.822975159167243
            ],
            [
              77.79028622236187,
              12.832921782911573
            ]
          ]
        ]
      },
      "properties": {
        "rank": 229,
        "hex_id": "876189350ffffff",
        "name": "Modihalli",
        "final_affluence_score": 6.044,
        "affluence_tier": "Low Evidence",
        "spatial_relation": "low_evidence",
        "confidence_score": 0.4667,
        "countable_family_tam": 0.0,
        "direct_family_tam": 0.0,
        "direct_total_units": 0.0,
        "direct_luxury_society_tam": 0.0,
        "conservative_50l_plus_family_tam": 0.0,
        "conservative_50l_plus_share_of_direct_tam": 0.0,
        "estimated_40l_plus_family_tam_linear_25_50_split": 0.0,
        "estimated_40l_plus_share_linear_25_50_split": 0.0,
        "nearby_family_tam_weighted_context": 0.0,
        "society_cluster_tam_weighted_context_not_counted": 0.0,
        "market_price_per_sqft": null,
        "refined_budget_segment": "Mid-Segment",
        "premium_candidate_score": 0.0,
        "rental_yield_pct": null,
        "yearly_appreciation_pct": null,
        "society_score": 0.0,
        "society_cluster_score": 0.0,
        "hospital_score": 0.094381,
        "market_score": 0.09,
        "sez_workplace_score": 0.368656,
        "habitability_score": 0.341688,
        "habitability_class": "sparse_habitable",
        "habitable_for_residential_tam": true,
        "societies_direct_count": 0,
        "societies_nearby_count": 0,
        "society_cluster_project_count": 0,
        "hospitals_nearby_count": 3,
        "top_societies": "",
        "top_hospitals": "Belenus Champion Hospital (Ultra Premium, 24.3 min) | Sri Sai Hospitals (Super Premium, 18.8 min) | Mazumdar Shaw Medical Center (Premium, 28.5 min)",
        "quality_flags": "no_direct_society_tam",
        "commute_score": 72.5,
        "commute_band": "Strong commute convenience",
        "centroid_lat": 12.835480793471367,
        "centroid_lon": 77.77767143043971,
        "zone": "South-East"
      }
    },
    {
      "type": "Feature",
      "geometry": {
        "type": "Polygon",
        "coordinates": [
          [
            [
              77.85032167010272,
              13.124839384392113
            ],
            [
              77.84631589172658,
              13.137338224410888
            ],
            [
              77.83368125533566,
              13.139878185665694
            ],
            [
              77.82505392659179,
              13.129920682222993
            ],
            [
              77.82905952693258,
              13.117423325030117
            ],
            [
              77.84169263433567,
              13.114881988451623
            ],
            [
              77.85032167010272,
              13.124839384392113
            ]
          ]
        ]
      },
      "properties": {
        "rank": 230,
        "hex_id": "876189295ffffff",
        "name": "Yelenahalli",
        "final_affluence_score": 6.0404,
        "affluence_tier": "Low Evidence",
        "spatial_relation": "low_evidence",
        "confidence_score": 0.3167,
        "countable_family_tam": 0.0,
        "direct_family_tam": 0.0,
        "direct_total_units": 0.0,
        "direct_luxury_society_tam": 0.0,
        "conservative_50l_plus_family_tam": 0.0,
        "conservative_50l_plus_share_of_direct_tam": 0.0,
        "estimated_40l_plus_family_tam_linear_25_50_split": 0.0,
        "estimated_40l_plus_share_linear_25_50_split": 0.0,
        "nearby_family_tam_weighted_context": 0.0,
        "society_cluster_tam_weighted_context_not_counted": 0.0,
        "market_price_per_sqft": 6916.0,
        "refined_budget_segment": "Mid-Segment",
        "premium_candidate_score": 0.03856981749131003,
        "rental_yield_pct": 3.0,
        "yearly_appreciation_pct": 24.3,
        "society_score": 0.0,
        "society_cluster_score": 0.0,
        "hospital_score": 0.0,
        "market_score": 0.497674,
        "sez_workplace_score": 0.0,
        "habitability_score": 0.241851,
        "habitability_class": "low_building_evidence",
        "habitable_for_residential_tam": false,
        "societies_direct_count": 0,
        "societies_nearby_count": 0,
        "society_cluster_project_count": 0,
        "hospitals_nearby_count": 0,
        "top_societies": "",
        "top_hospitals": "",
        "quality_flags": "low_overture_building_habitability | no_direct_society_tam",
        "commute_score": 58.9,
        "commute_band": "Moderate commute convenience",
        "centroid_lat": 13.127380524526018,
        "centroid_lon": 77.83768701832545,
        "zone": "North-East"
      }
    },
    {
      "type": "Feature",
      "geometry": {
        "type": "Polygon",
        "coordinates": [
          [
            [
              77.54054734098932,
              12.766697794719358
            ],
            [
              77.53654752100263,
              12.779185189490098
            ],
            [
              77.52396864075153,
              12.781732505123777
            ],
            [
              77.51539110805423,
              12.77179381733848
            ],
            [
              77.51939073346315,
              12.759307934071309
            ],
            [
              77.53196808642521,
              12.756759227090072
            ],
            [
              77.54054734098932,
              12.766697794719358
            ]
          ]
        ]
      },
      "properties": {
        "rank": 231,
        "hex_id": "876014524ffffff",
        "name": "Vaddarahalli",
        "final_affluence_score": 6.0052,
        "affluence_tier": "Low Evidence",
        "spatial_relation": "low_evidence",
        "confidence_score": 0.3167,
        "countable_family_tam": 0.0,
        "direct_family_tam": 0.0,
        "direct_total_units": 0.0,
        "direct_luxury_society_tam": 0.0,
        "conservative_50l_plus_family_tam": 0.0,
        "conservative_50l_plus_share_of_direct_tam": 0.0,
        "estimated_40l_plus_family_tam_linear_25_50_split": 0.0,
        "estimated_40l_plus_share_linear_25_50_split": 0.0,
        "nearby_family_tam_weighted_context": 0.0,
        "society_cluster_tam_weighted_context_not_counted": 0.0,
        "market_price_per_sqft": 6805.0,
        "refined_budget_segment": "Premium",
        "premium_candidate_score": 0.5501709664853989,
        "rental_yield_pct": null,
        "yearly_appreciation_pct": 1.4,
        "society_score": 0.0,
        "society_cluster_score": 0.0,
        "hospital_score": 0.0,
        "market_score": 0.434195,
        "sez_workplace_score": 0.275202,
        "habitability_score": 0.1271,
        "habitability_class": "low_building_evidence",
        "habitable_for_residential_tam": false,
        "societies_direct_count": 0,
        "societies_nearby_count": 0,
        "society_cluster_project_count": 0,
        "hospitals_nearby_count": 0,
        "top_societies": "",
        "top_hospitals": "",
        "quality_flags": "low_overture_building_habitability | no_direct_society_tam",
        "commute_score": 64.2,
        "commute_band": "Moderate commute convenience",
        "centroid_lat": 12.769246289203767,
        "centroid_lon": 77.5279684352484,
        "zone": "South"
      }
    },
    {
      "type": "Feature",
      "geometry": {
        "type": "Polygon",
        "coordinates": [
          [
            [
              77.78106362356075,
              12.788015909701135
            ],
            [
              77.77706248665224,
              12.800522908703998
            ],
            [
              77.76445076482447,
              12.803083496371103
            ],
            [
              77.75584170627955,
              12.793138459805208
            ],
            [
              77.75984266173693,
              12.780632960313564
            ],
            [
              77.77245285747166,
              12.778070997877949
            ],
            [
              77.78106362356075,
              12.788015909701135
            ]
          ]
        ]
      },
      "properties": {
        "rank": 232,
        "hex_id": "876189346ffffff",
        "name": "Indlabele",
        "final_affluence_score": 6.0015,
        "affluence_tier": "Low Evidence",
        "spatial_relation": "low_evidence",
        "confidence_score": 0.5467,
        "countable_family_tam": 0.0,
        "direct_family_tam": 0.0,
        "direct_total_units": 0.0,
        "direct_luxury_society_tam": 0.0,
        "conservative_50l_plus_family_tam": 0.0,
        "conservative_50l_plus_share_of_direct_tam": 0.0,
        "estimated_40l_plus_family_tam_linear_25_50_split": 0.0,
        "estimated_40l_plus_share_linear_25_50_split": 0.0,
        "nearby_family_tam_weighted_context": 18.72,
        "society_cluster_tam_weighted_context_not_counted": 41.7,
        "market_price_per_sqft": null,
        "refined_budget_segment": "Affordable",
        "premium_candidate_score": 0.0,
        "rental_yield_pct": null,
        "yearly_appreciation_pct": null,
        "society_score": 0.021966,
        "society_cluster_score": 0.047123,
        "hospital_score": 0.002611,
        "market_score": 0.139106,
        "sez_workplace_score": 0.259051,
        "habitability_score": 0.288608,
        "habitability_class": "sparse_habitable",
        "habitable_for_residential_tam": true,
        "societies_direct_count": 0,
        "societies_nearby_count": 1,
        "society_cluster_project_count": 1,
        "hospitals_nearby_count": 3,
        "top_societies": "AGS Layout (Premium, TAM 128)",
        "top_hospitals": "Sri Sai Hospitals (Super Premium, 8.3 min) | Mazumdar Shaw Medical Center (Premium, 17.9 min) | KIMS Hospitals (Mid-Premium, 24.9 min)",
        "quality_flags": "no_direct_society_tam",
        "commute_score": 69.0,
        "commute_band": "Strong commute convenience",
        "centroid_lat": 12.790577668958697,
        "centroid_lon": 77.76845188410682,
        "zone": "South-East"
      }
    },
    {
      "type": "Feature",
      "geometry": {
        "type": "Polygon",
        "coordinates": [
          [
            [
              77.54512799067606,
              12.789124633696904
            ],
            [
              77.54112785853395,
              12.801611512540882
            ],
            [
              77.52854745079672,
              12.804157436773705
            ],
            [
              77.51996870296593,
              12.794217873567325
            ],
            [
              77.52396864075153,
              12.781732505123777
            ],
            [
              77.53654752100263,
              12.779185189490098
            ],
            [
              77.54512799067606,
              12.789124633696904
            ]
          ]
        ]
      },
      "properties": {
        "rank": 234,
        "hex_id": "876014526ffffff",
        "name": "Tharalu",
        "final_affluence_score": 5.7949,
        "affluence_tier": "Low Evidence",
        "spatial_relation": "low_evidence",
        "confidence_score": 0.5167,
        "countable_family_tam": 0.0,
        "direct_family_tam": 0.0,
        "direct_total_units": 0.0,
        "direct_luxury_society_tam": 0.0,
        "conservative_50l_plus_family_tam": 0.0,
        "conservative_50l_plus_share_of_direct_tam": 0.0,
        "estimated_40l_plus_family_tam_linear_25_50_split": 0.0,
        "estimated_40l_plus_share_linear_25_50_split": 0.0,
        "nearby_family_tam_weighted_context": 0.0,
        "society_cluster_tam_weighted_context_not_counted": 12.19,
        "market_price_per_sqft": null,
        "refined_budget_segment": "Premium",
        "premium_candidate_score": 0.55,
        "rental_yield_pct": null,
        "yearly_appreciation_pct": null,
        "society_score": 0.0,
        "society_cluster_score": 0.0,
        "hospital_score": 0.179165,
        "market_score": 0.258054,
        "sez_workplace_score": 0.558469,
        "habitability_score": 0.105869,
        "habitability_class": "low_building_evidence",
        "habitable_for_residential_tam": false,
        "societies_direct_count": 0,
        "societies_nearby_count": 0,
        "society_cluster_project_count": 1,
        "hospitals_nearby_count": 3,
        "top_societies": "",
        "top_hospitals": "DHEE Hospitals (Ultra Premium, 25.1 min) | Astra Superspeciality Hospital (Super Premium, 27.8 min) | Vijayashree Hospitals (Super Premium, 31.1 min)",
        "quality_flags": "low_overture_building_habitability | no_direct_society_tam",
        "commute_score": 69.2,
        "commute_band": "Strong commute convenience",
        "centroid_lat": 12.791671737269136,
        "centroid_lon": 77.53254755759468,
        "zone": "South"
      }
    },
    {
      "type": "Feature",
      "geometry": {
        "type": "Polygon",
        "coordinates": [
          [
            [
              77.80412692732295,
              12.90028303945604
            ],
            [
              77.80012424306604,
              12.912787410889605
            ],
            [
              77.78750488787546,
              12.91534112402443
            ],
            [
              77.7788897442825,
              12.905391840718918
            ],
            [
              77.78289224822306,
              12.892888963258807
            ],
            [
              77.79551007635482,
              12.890333875130843
            ],
            [
              77.80412692732295,
              12.90028303945604
            ]
          ]
        ]
      },
      "properties": {
        "rank": 235,
        "hex_id": "876189223ffffff",
        "name": "Chikkanahalli Kamanahalli",
        "final_affluence_score": 5.7062,
        "affluence_tier": "Low Evidence",
        "spatial_relation": "low_evidence",
        "confidence_score": 0.5167,
        "countable_family_tam": 0.0,
        "direct_family_tam": 0.0,
        "direct_total_units": 0.0,
        "direct_luxury_society_tam": 0.0,
        "conservative_50l_plus_family_tam": 0.0,
        "conservative_50l_plus_share_of_direct_tam": 0.0,
        "estimated_40l_plus_family_tam_linear_25_50_split": 0.0,
        "estimated_40l_plus_share_linear_25_50_split": 0.0,
        "nearby_family_tam_weighted_context": 0.0,
        "society_cluster_tam_weighted_context_not_counted": 8.47,
        "market_price_per_sqft": null,
        "refined_budget_segment": "Affordable",
        "premium_candidate_score": 0.0,
        "rental_yield_pct": null,
        "yearly_appreciation_pct": null,
        "society_score": 0.0,
        "society_cluster_score": 0.0,
        "hospital_score": 0.383789,
        "market_score": 0.053414,
        "sez_workplace_score": 0.0,
        "habitability_score": 0.113433,
        "habitability_class": "low_building_evidence",
        "habitable_for_residential_tam": false,
        "societies_direct_count": 0,
        "societies_nearby_count": 0,
        "society_cluster_project_count": 1,
        "hospitals_nearby_count": 11,
        "top_societies": "",
        "top_hospitals": "Belenus Champion Hospital (Ultra Premium, 20.0 min) | Sakra World Hospital (Ultra Premium, 26.0 min) | Kauvery Hospital (Ultra Premium, 23.5 min) | Aster Women & Children Hospital (Ultra Premium, 28.8 min) | RxDx Healthcare (Ultra Premium, 19.8 min)",
        "quality_flags": "low_overture_building_habitability | no_direct_society_tam",
        "commute_score": 75.3,
        "commute_band": "Strong commute convenience",
        "centroid_lat": 12.902837926630392,
        "centroid_lon": 77.79150755525056,
        "zone": "East"
      }
    },
    {
      "type": "Feature",
      "geometry": {
        "type": "Polygon",
        "coordinates": [
          [
            [
              77.51258569162503,
              13.110857458887066
            ],
            [
              77.5085815312863,
              13.123328107829643
            ],
            [
              77.49599233745407,
              13.125847891330574
            ],
            [
              77.48740883509677,
              13.115898424773983
            ],
            [
              77.49141279889537,
              13.103429274798296
            ],
            [
              77.50400046187005,
              13.100908092413713
            ],
            [
              77.51258569162503,
              13.110857458887066
            ]
          ]
        ]
      },
      "properties": {
        "rank": 237,
        "hex_id": "87601696bffffff",
        "name": "Kumbarahalli",
        "final_affluence_score": 5.6732,
        "affluence_tier": "Low Evidence",
        "spatial_relation": "low_evidence",
        "confidence_score": 0.4667,
        "countable_family_tam": 0.0,
        "direct_family_tam": 0.0,
        "direct_total_units": 0.0,
        "direct_luxury_society_tam": 0.0,
        "conservative_50l_plus_family_tam": 0.0,
        "conservative_50l_plus_share_of_direct_tam": 0.0,
        "estimated_40l_plus_family_tam_linear_25_50_split": 0.0,
        "estimated_40l_plus_share_linear_25_50_split": 0.0,
        "nearby_family_tam_weighted_context": 0.0,
        "society_cluster_tam_weighted_context_not_counted": 0.0,
        "market_price_per_sqft": null,
        "refined_budget_segment": "Mid-Segment",
        "premium_candidate_score": 0.0,
        "rental_yield_pct": null,
        "yearly_appreciation_pct": null,
        "society_score": 0.0,
        "society_cluster_score": 0.0,
        "hospital_score": 0.463139,
        "market_score": 0.124254,
        "sez_workplace_score": 0.0,
        "habitability_score": 0.2319,
        "habitability_class": "low_building_evidence",
        "habitable_for_residential_tam": false,
        "societies_direct_count": 0,
        "societies_nearby_count": 0,
        "society_cluster_project_count": 0,
        "hospitals_nearby_count": 24,
        "top_societies": "",
        "top_hospitals": "Sparsh Hospital (Premium, 5.9 min) | Maarga (Ultra Premium, 18.0 min) | Aveksha Hospital (Ultra Premium, 14.1 min) | People Tree Hospitals (Ultra Premium, 23.8 min) | Mind and Brain hospital (Ultra Premium, 21.3 min)",
        "quality_flags": "low_overture_building_habitability | no_direct_society_tam",
        "commute_score": 80.1,
        "commute_band": "Excellent commute convenience",
        "centroid_lat": 13.113378431810315,
        "centroid_lon": 77.49999647133207,
        "zone": "North-West"
      }
    },
    {
      "type": "Feature",
      "geometry": {
        "type": "Polygon",
        "coordinates": [
          [
            [
              77.80229061270042,
              12.79539882684309
            ],
            [
              77.79828929549743,
              12.807907324071973
            ],
            [
              77.78567446931606,
              12.810468678307032
            ],
            [
              77.77706248665224,
              12.800522908703998
            ],
            [
              77.78106362356075,
              12.788015909701135
            ],
            [
              77.79367692370913,
              12.785453182076312
            ],
            [
              77.80229061270042,
              12.79539882684309
            ]
          ]
        ]
      },
      "properties": {
        "rank": 240,
        "hex_id": "876189373ffffff",
        "name": "Bidarakuppe",
        "final_affluence_score": 5.4888,
        "affluence_tier": "Low Evidence",
        "spatial_relation": "low_evidence",
        "confidence_score": 0.5167,
        "countable_family_tam": 0.0,
        "direct_family_tam": 0.0,
        "direct_total_units": 0.0,
        "direct_luxury_society_tam": 0.0,
        "conservative_50l_plus_family_tam": 0.0,
        "conservative_50l_plus_share_of_direct_tam": 0.0,
        "estimated_40l_plus_family_tam_linear_25_50_split": 0.0,
        "estimated_40l_plus_share_linear_25_50_split": 0.0,
        "nearby_family_tam_weighted_context": 0.0,
        "society_cluster_tam_weighted_context_not_counted": 14.55,
        "market_price_per_sqft": 6350.0,
        "refined_budget_segment": "Affordable",
        "premium_candidate_score": 0.00969883650425427,
        "rental_yield_pct": 2.9999999999999996,
        "yearly_appreciation_pct": 1.6,
        "society_score": 0.0,
        "society_cluster_score": 0.0,
        "hospital_score": 0.0,
        "market_score": 0.416408,
        "sez_workplace_score": 0.0,
        "habitability_score": 0.199643,
        "habitability_class": "low_building_evidence",
        "habitable_for_residential_tam": false,
        "societies_direct_count": 0,
        "societies_nearby_count": 0,
        "society_cluster_project_count": 1,
        "hospitals_nearby_count": 2,
        "top_societies": "",
        "top_hospitals": "Sri Sai Hospitals (Super Premium, 12.1 min) | Mazumdar Shaw Medical Center (Premium, 21.7 min)",
        "quality_flags": "low_overture_building_habitability | no_direct_society_tam",
        "commute_score": 66.9,
        "commute_band": "Strong commute convenience",
        "centroid_lat": 12.797961352180096,
        "centroid_lon": 77.78967576958851,
        "zone": "South-East"
      }
    },
    {
      "type": "Feature",
      "geometry": {
        "type": "Polygon",
        "coordinates": [
          [
            [
              77.51716797870893,
              13.133278301614347
            ],
            [
              77.5131635052036,
              13.145748377836613
            ],
            [
              77.50057278031564,
              13.14826676242354
            ],
            [
              77.4919880602675,
              13.13831646970335
            ],
            [
              77.49599233745407,
              13.125847891330574
            ],
            [
              77.5085815312863,
              13.123328107829643
            ],
            [
              77.51716797870893,
              13.133278301614347
            ]
          ]
        ]
      },
      "properties": {
        "rank": 241,
        "hex_id": "87601694cffffff",
        "name": "Shivakote",
        "final_affluence_score": 5.0698,
        "affluence_tier": "Low Evidence",
        "spatial_relation": "low_evidence",
        "confidence_score": 0.4667,
        "countable_family_tam": 0.0,
        "direct_family_tam": 0.0,
        "direct_total_units": 0.0,
        "direct_luxury_society_tam": 0.0,
        "conservative_50l_plus_family_tam": 0.0,
        "conservative_50l_plus_share_of_direct_tam": 0.0,
        "estimated_40l_plus_family_tam_linear_25_50_split": 0.0,
        "estimated_40l_plus_share_linear_25_50_split": 0.0,
        "nearby_family_tam_weighted_context": 0.0,
        "society_cluster_tam_weighted_context_not_counted": 0.0,
        "market_price_per_sqft": null,
        "refined_budget_segment": "Mid-Segment",
        "premium_candidate_score": 0.0,
        "rental_yield_pct": null,
        "yearly_appreciation_pct": null,
        "society_score": 0.0,
        "society_cluster_score": 0.0,
        "hospital_score": 0.241114,
        "market_score": 0.163045,
        "sez_workplace_score": 0.0,
        "habitability_score": 0.170648,
        "habitability_class": "low_building_evidence",
        "habitable_for_residential_tam": false,
        "societies_direct_count": 0,
        "societies_nearby_count": 0,
        "society_cluster_project_count": 0,
        "hospitals_nearby_count": 12,
        "top_societies": "",
        "top_hospitals": "Maarga (Ultra Premium, 19.8 min) | Aveksha Hospital (Ultra Premium, 17.2 min) | Mind and Brain hospital (Ultra Premium, 24.4 min) | Sparsh Hospital (Premium, 11.4 min) | Manipal Hospital (Super Premium, 26.1 min)",
        "quality_flags": "low_overture_building_habitability | no_direct_society_tam",
        "commute_score": 73.2,
        "commute_band": "Strong commute convenience",
        "centroid_lat": 13.135797876098804,
        "centroid_lon": 77.50457722750602,
        "zone": "North-West"
      }
    },
    {
      "type": "Feature",
      "geometry": {
        "type": "Polygon",
        "coordinates": [
          [
            [
              77.74783935804133,
              12.818146925023354
            ],
            [
              77.74383796532261,
              12.830649888172363
            ],
            [
              77.73122940581312,
              12.833206191392437
            ],
            [
              77.72262376589966,
              12.823260909083682
            ],
            [
              77.72662497530887,
              12.810759445801084
            ],
            [
              77.73923200822198,
              12.80820176496224
            ],
            [
              77.74783935804133,
              12.818146925023354
            ]
          ]
        ]
      },
      "properties": {
        "rank": 242,
        "hex_id": "87618935cffffff",
        "name": "Mutthanelleuru-amanikere",
        "final_affluence_score": 5.0585,
        "affluence_tier": "Low Evidence",
        "spatial_relation": "low_evidence",
        "confidence_score": 0.4667,
        "countable_family_tam": 0.0,
        "direct_family_tam": 0.0,
        "direct_total_units": 0.0,
        "direct_luxury_society_tam": 0.0,
        "conservative_50l_plus_family_tam": 0.0,
        "conservative_50l_plus_share_of_direct_tam": 0.0,
        "estimated_40l_plus_family_tam_linear_25_50_split": 0.0,
        "estimated_40l_plus_share_linear_25_50_split": 0.0,
        "nearby_family_tam_weighted_context": 0.0,
        "society_cluster_tam_weighted_context_not_counted": 0.0,
        "market_price_per_sqft": 4583.0,
        "refined_budget_segment": "Affordable",
        "premium_candidate_score": 0.0,
        "rental_yield_pct": null,
        "yearly_appreciation_pct": null,
        "society_score": 0.0,
        "society_cluster_score": 0.0,
        "hospital_score": 0.276085,
        "market_score": 0.206991,
        "sez_workplace_score": 0.0,
        "habitability_score": 0.182891,
        "habitability_class": "low_building_evidence",
        "habitable_for_residential_tam": false,
        "societies_direct_count": 0,
        "societies_nearby_count": 0,
        "society_cluster_project_count": 0,
        "hospitals_nearby_count": 16,
        "top_societies": "",
        "top_hospitals": "Sri Sai Hospitals (Super Premium, 8.1 min) | Belenus Champion Hospital (Ultra Premium, 21.6 min) | Springleaf Healthcare (Ultra Premium, 21.5 min) | Kauvery Hospitals (Ultra Premium, 29.9 min) | Mazumdar Shaw Medical Center (Premium, 17.8 min)",
        "quality_flags": "low_overture_building_habitability | no_direct_society_tam",
        "commute_score": 77.7,
        "commute_band": "Strong commute convenience",
        "centroid_lat": 12.820704401789964,
        "centroid_lon": 77.73523077981257,
        "zone": "South-East"
      }
    },
    {
      "type": "Feature",
      "geometry": {
        "type": "Polygon",
        "coordinates": [
          [
            [
              77.88636705169195,
              13.012310627829379
            ],
            [
              77.8823625984473,
              13.024817291721686
            ],
            [
              77.86972782837127,
              13.02736784546826
            ],
            [
              77.86109903946026,
              13.017413106301316
            ],
            [
              77.86510331678578,
              13.004907928062401
            ],
            [
              77.87773655922467,
              13.002356003335205
            ],
            [
              77.88636705169195,
              13.012310627829379
            ]
          ]
        ]
      },
      "properties": {
        "rank": 243,
        "hex_id": "87618938affffff",
        "name": "Kogilu",
        "final_affluence_score": 4.8169,
        "affluence_tier": "Low Evidence",
        "spatial_relation": "low_evidence",
        "confidence_score": 0.3167,
        "countable_family_tam": 0.0,
        "direct_family_tam": 0.0,
        "direct_total_units": 0.0,
        "direct_luxury_society_tam": 0.0,
        "conservative_50l_plus_family_tam": 0.0,
        "conservative_50l_plus_share_of_direct_tam": 0.0,
        "estimated_40l_plus_family_tam_linear_25_50_split": 0.0,
        "estimated_40l_plus_share_linear_25_50_split": 0.0,
        "nearby_family_tam_weighted_context": 0.0,
        "society_cluster_tam_weighted_context_not_counted": 0.0,
        "market_price_per_sqft": 6374.0,
        "refined_budget_segment": "Mid-Segment",
        "premium_candidate_score": 0.009242809247898394,
        "rental_yield_pct": 2.0,
        "yearly_appreciation_pct": 37.3,
        "society_score": 0.0,
        "society_cluster_score": 0.0,
        "hospital_score": 0.0,
        "market_score": 0.426517,
        "sez_workplace_score": 0.0,
        "habitability_score": 0.0,
        "habitability_class": "inhabitable",
        "habitable_for_residential_tam": false,
        "societies_direct_count": 0,
        "societies_nearby_count": 0,
        "society_cluster_project_count": 0,
        "hospitals_nearby_count": 0,
        "top_societies": "",
        "top_hospitals": "",
        "quality_flags": "low_overture_building_habitability | no_direct_society_tam",
        "commute_score": 56.8,
        "commute_band": "Moderate commute convenience",
        "centroid_lat": 13.014862356093056,
        "centroid_lon": 77.8737322674274,
        "zone": "East"
      }
    },
    {
      "type": "Feature",
      "geometry": {
        "type": "Polygon",
        "coordinates": [
          [
            [
              77.74868204363513,
              13.110204369339806
            ],
            [
              77.744676856544,
              13.122695214550173
            ],
            [
              77.73205624104517,
              13.125229876551733
            ],
            [
              77.7234423424044,
              13.115275075623506
            ],
            [
              77.72744734588419,
              13.10278571855592
            ],
            [
              77.7400664318978,
              13.10024967427259
            ],
            [
              77.74868204363513,
              13.110204369339806
            ]
          ]
        ]
      },
      "properties": {
        "rank": 244,
        "hex_id": "87618928bffffff",
        "name": "Sampigehalli",
        "final_affluence_score": 4.81,
        "affluence_tier": "Low Evidence",
        "spatial_relation": "low_evidence",
        "confidence_score": 0.4667,
        "countable_family_tam": 0.0,
        "direct_family_tam": 0.0,
        "direct_total_units": 0.0,
        "direct_luxury_society_tam": 0.0,
        "conservative_50l_plus_family_tam": 0.0,
        "conservative_50l_plus_share_of_direct_tam": 0.0,
        "estimated_40l_plus_family_tam_linear_25_50_split": 0.0,
        "estimated_40l_plus_share_linear_25_50_split": 0.0,
        "nearby_family_tam_weighted_context": 0.0,
        "society_cluster_tam_weighted_context_not_counted": 0.0,
        "market_price_per_sqft": 5599.0,
        "refined_budget_segment": "Mid-Segment",
        "premium_candidate_score": 0.0,
        "rental_yield_pct": null,
        "yearly_appreciation_pct": null,
        "society_score": 0.0,
        "society_cluster_score": 0.0,
        "hospital_score": 0.0,
        "market_score": 0.341195,
        "sez_workplace_score": 0.0,
        "habitability_score": 0.0,
        "habitability_class": "inhabitable",
        "habitable_for_residential_tam": false,
        "societies_direct_count": 0,
        "societies_nearby_count": 0,
        "society_cluster_project_count": 0,
        "hospitals_nearby_count": 3,
        "top_societies": "",
        "top_hospitals": "Altor Hospital (Super Premium, 28.1 min) | Hope Hospital (Premium, 25.6 min) | Ovum Clinic And Day Care Centre (Mid-Premium, 12.3 min)",
        "quality_flags": "low_overture_building_habitability | no_direct_society_tam",
        "commute_score": 69.5,
        "commute_band": "Strong commute convenience",
        "centroid_lat": 13.112740213126493,
        "centroid_lon": 77.73606140940895,
        "zone": "North-East"
      }
    },
    {
      "type": "Feature",
      "geometry": {
        "type": "Polygon",
        "coordinates": [
          [
            [
              77.58991518152413,
              13.200424943209555
            ],
            [
              77.58590950096914,
              13.212898342230586
            ],
            [
              77.57330629899144,
              13.215416260693594
            ],
            [
              77.5647103091691,
              13.205462174995208
            ],
            [
              77.5687157972963,
              13.192990267777676
            ],
            [
              77.58131746795355,
              13.190470954454796
            ],
            [
              77.58991518152413,
              13.200424943209555
            ]
          ]
        ]
      },
      "properties": {
        "rank": 245,
        "hex_id": "876016950ffffff",
        "name": "Maragondanahalli",
        "final_affluence_score": 4.7934,
        "affluence_tier": "Low Evidence",
        "spatial_relation": "low_evidence",
        "confidence_score": 0.5333,
        "countable_family_tam": 0.0,
        "direct_family_tam": 0.0,
        "direct_total_units": 0.0,
        "direct_luxury_society_tam": 0.0,
        "conservative_50l_plus_family_tam": 0.0,
        "conservative_50l_plus_share_of_direct_tam": 0.0,
        "estimated_40l_plus_family_tam_linear_25_50_split": 0.0,
        "estimated_40l_plus_share_linear_25_50_split": 0.0,
        "nearby_family_tam_weighted_context": 0.0,
        "society_cluster_tam_weighted_context_not_counted": 0.0,
        "market_price_per_sqft": 6503.588473205258,
        "refined_budget_segment": "Affordable",
        "premium_candidate_score": 0.013150279200899445,
        "rental_yield_pct": 3.276036400404449,
        "yearly_appreciation_pct": null,
        "society_score": 0.0,
        "society_cluster_score": 0.0,
        "hospital_score": 0.015608,
        "market_score": 0.39647,
        "sez_workplace_score": 0.0,
        "habitability_score": 0.071037,
        "habitability_class": "low_building_evidence",
        "habitable_for_residential_tam": false,
        "societies_direct_count": 0,
        "societies_nearby_count": 0,
        "society_cluster_project_count": 0,
        "hospitals_nearby_count": 5,
        "top_societies": "",
        "top_hospitals": "Maarga (Ultra Premium, 25.6 min) | Manipal Hospital (Super Premium, 30.8 min) | K K Hospital (Super Premium, 26.2 min) | Ashwini Hospital (Ultra Premium, 27.5 min) | Navachethana Hospital (Mid-Premium, 24.1 min)",
        "quality_flags": "low_overture_building_habitability | no_direct_society_tam",
        "commute_score": 65.3,
        "commute_band": "Strong commute convenience",
        "centroid_lat": 13.202944051099227,
        "centroid_lon": 77.57731195559981,
        "zone": "North"
      }
    },
    {
      "type": "Feature",
      "geometry": {
        "type": "Polygon",
        "coordinates": [
          [
            [
              77.74407130848059,
              13.087758261268867
            ],
            [
              77.7400664318978,
              13.10024967427259
            ],
            [
              77.72744734588419,
              13.10278571855592
            ],
            [
              77.71883466602571,
              13.09283173208792
            ],
            [
              77.72283935877067,
              13.080341808344837
            ],
            [
              77.7354569154935,
              13.077804381808159
            ],
            [
              77.74407130848059,
              13.087758261268867
            ]
          ]
        ]
      },
      "properties": {
        "rank": 248,
        "hex_id": "876189289ffffff",
        "name": "Manduru",
        "final_affluence_score": 4.7162,
        "affluence_tier": "Low Evidence",
        "spatial_relation": "low_evidence",
        "confidence_score": 0.5167,
        "countable_family_tam": 0.0,
        "direct_family_tam": 0.0,
        "direct_total_units": 0.0,
        "direct_luxury_society_tam": 0.0,
        "conservative_50l_plus_family_tam": 0.0,
        "conservative_50l_plus_share_of_direct_tam": 0.0,
        "estimated_40l_plus_family_tam_linear_25_50_split": 0.0,
        "estimated_40l_plus_share_linear_25_50_split": 0.0,
        "nearby_family_tam_weighted_context": 0.0,
        "society_cluster_tam_weighted_context_not_counted": 29.3,
        "market_price_per_sqft": 2582.9999999999995,
        "refined_budget_segment": "Mid-Segment",
        "premium_candidate_score": 0.0,
        "rental_yield_pct": null,
        "yearly_appreciation_pct": null,
        "society_score": 0.012801,
        "society_cluster_score": 0.045719,
        "hospital_score": 0.282754,
        "market_score": 0.186517,
        "sez_workplace_score": 0.102155,
        "habitability_score": 0.14663,
        "habitability_class": "low_building_evidence",
        "habitable_for_residential_tam": false,
        "societies_direct_count": 0,
        "societies_nearby_count": 0,
        "society_cluster_project_count": 1,
        "hospitals_nearby_count": 19,
        "top_societies": "",
        "top_hospitals": "Cloudnine Hospital - HRBR (Ultra Premium, 25.4 min) | Aster Women & Children Hospital (Ultra Premium, 30.3 min) | Aster Whitefield Hospital (Ultra Premium, 30.3 min) | Kinder Women's Hospital and Fertility Centre (Ultra Premium, 29.4 min) | IIGU Hospital-Indus Institute of Gastro Uro (Ultra Premium, 26.0 min)",
        "quality_flags": "low_overture_building_habitability | no_direct_society_tam",
        "commute_score": 77.7,
        "commute_band": "Strong commute convenience",
        "centroid_lat": 13.090295486857839,
        "centroid_lon": 77.73145220359093,
        "zone": "North-East"
      }
    },
    {
      "type": "Feature",
      "geometry": {
        "type": "Polygon",
        "coordinates": [
          [
            [
              77.6747734383998,
              13.230162939327094
            ],
            [
              77.67076699966098,
              13.242642292819578
            ],
            [
              77.65815127559793,
              13.245163338865234
            ],
            [
              77.64954352167886,
              13.235206420772561
            ],
            [
              77.65354977260316,
              13.222728553983337
            ],
            [
              77.66616396554213,
              13.220206118582093
            ],
            [
              77.6747734383998,
              13.230162939327094
            ]
          ]
        ]
      },
      "properties": {
        "rank": 251,
        "hex_id": "87601691dffffff",
        "name": "Bangalore North",
        "final_affluence_score": 4.2982,
        "affluence_tier": "Low Evidence",
        "spatial_relation": "low_evidence",
        "confidence_score": 0.3167,
        "countable_family_tam": 0.0,
        "direct_family_tam": 0.0,
        "direct_total_units": 0.0,
        "direct_luxury_society_tam": 0.0,
        "conservative_50l_plus_family_tam": 0.0,
        "conservative_50l_plus_share_of_direct_tam": 0.0,
        "estimated_40l_plus_family_tam_linear_25_50_split": 0.0,
        "estimated_40l_plus_share_linear_25_50_split": 0.0,
        "nearby_family_tam_weighted_context": 0.0,
        "society_cluster_tam_weighted_context_not_counted": 0.0,
        "market_price_per_sqft": 4600.0,
        "refined_budget_segment": "Affordable",
        "premium_candidate_score": 0.0,
        "rental_yield_pct": null,
        "yearly_appreciation_pct": null,
        "society_score": 0.0,
        "society_cluster_score": 0.0,
        "hospital_score": 0.0,
        "market_score": 0.292274,
        "sez_workplace_score": 0.0,
        "habitability_score": 0.129192,
        "habitability_class": "low_building_evidence",
        "habitable_for_residential_tam": false,
        "societies_direct_count": 0,
        "societies_nearby_count": 0,
        "society_cluster_project_count": 0,
        "hospitals_nearby_count": 0,
        "top_societies": "",
        "top_hospitals": "",
        "quality_flags": "low_overture_building_habitability | no_direct_society_tam",
        "commute_score": 62.0,
        "commute_band": "Moderate commute convenience",
        "centroid_lat": 13.232685172894493,
        "centroid_lon": 77.66215769316727,
        "zone": "North"
      }
    },
    {
      "type": "Feature",
      "geometry": {
        "type": "Polygon",
        "coordinates": [
          [
            [
              77.63233217238178,
              13.215294090232963
            ],
            [
              77.62832611042707,
              13.22777046904146
            ],
            [
              77.615716643044,
              13.230289948646258
            ],
            [
              77.60711476912138,
              13.220334441552904
            ],
            [
              77.61112064095262,
              13.207859552001025
            ],
            [
              77.62372857711044,
              13.205338680285028
            ],
            [
              77.63233217238178,
              13.215294090232963
            ]
          ]
        ]
      },
      "properties": {
        "rank": 254,
        "hex_id": "87601690bffffff",
        "name": "Hegganahalli",
        "final_affluence_score": 4.2156,
        "affluence_tier": "Low Evidence",
        "spatial_relation": "low_evidence",
        "confidence_score": 0.3833,
        "countable_family_tam": 0.0,
        "direct_family_tam": 0.0,
        "direct_total_units": 0.0,
        "direct_luxury_society_tam": 0.0,
        "conservative_50l_plus_family_tam": 0.0,
        "conservative_50l_plus_share_of_direct_tam": 0.0,
        "estimated_40l_plus_family_tam_linear_25_50_split": 0.0,
        "estimated_40l_plus_share_linear_25_50_split": 0.0,
        "nearby_family_tam_weighted_context": 0.0,
        "society_cluster_tam_weighted_context_not_counted": 0.0,
        "market_price_per_sqft": null,
        "refined_budget_segment": "Premium",
        "premium_candidate_score": 0.3387096774193548,
        "rental_yield_pct": null,
        "yearly_appreciation_pct": null,
        "society_score": 0.0,
        "society_cluster_score": 0.0,
        "hospital_score": 0.0,
        "market_score": 0.281856,
        "sez_workplace_score": 0.0,
        "habitability_score": 0.124812,
        "habitability_class": "low_building_evidence",
        "habitable_for_residential_tam": false,
        "societies_direct_count": 0,
        "societies_nearby_count": 0,
        "society_cluster_project_count": 0,
        "hospitals_nearby_count": 0,
        "top_societies": "",
        "top_hospitals": "",
        "quality_flags": "low_overture_building_habitability | no_direct_society_tam",
        "commute_score": 61.3,
        "commute_band": "Moderate commute convenience",
        "centroid_lat": 13.21781475831384,
        "centroid_lon": 77.61972268243943,
        "zone": "North"
      }
    },
    {
      "type": "Feature",
      "geometry": {
        "type": "Polygon",
        "coordinates": [
          [
            [
              77.70341513950163,
              13.177708696778385
            ],
            [
              77.69940926203873,
              13.190192779234987
            ],
            [
              77.68679188252511,
              13.192719556744281
            ],
            [
              77.67818191118704,
              13.18276363832466
            ],
            [
              77.68218760247125,
              13.170281043378052
            ],
            [
              77.69480345155354,
              13.167752879339764
            ],
            [
              77.70341513950163,
              13.177708696778385
            ]
          ]
        ]
      },
      "properties": {
        "rank": 255,
        "hex_id": "876016905ffffff",
        "name": "Chikkanahalli",
        "final_affluence_score": 4.1706,
        "affluence_tier": "Low Evidence",
        "spatial_relation": "low_evidence",
        "confidence_score": 0.3167,
        "countable_family_tam": 0.0,
        "direct_family_tam": 0.0,
        "direct_total_units": 0.0,
        "direct_luxury_society_tam": 0.0,
        "conservative_50l_plus_family_tam": 0.0,
        "conservative_50l_plus_share_of_direct_tam": 0.0,
        "estimated_40l_plus_family_tam_linear_25_50_split": 0.0,
        "estimated_40l_plus_share_linear_25_50_split": 0.0,
        "nearby_family_tam_weighted_context": 0.0,
        "society_cluster_tam_weighted_context_not_counted": 0.0,
        "market_price_per_sqft": 3500.0,
        "refined_budget_segment": "Affordable",
        "premium_candidate_score": 0.0,
        "rental_yield_pct": null,
        "yearly_appreciation_pct": 0.0,
        "society_score": 0.0,
        "society_cluster_score": 0.0,
        "hospital_score": 0.0,
        "market_score": 0.270259,
        "sez_workplace_score": 0.550284,
        "habitability_score": 0.18544,
        "habitability_class": "low_building_evidence",
        "habitable_for_residential_tam": false,
        "societies_direct_count": 0,
        "societies_nearby_count": 0,
        "society_cluster_project_count": 0,
        "hospitals_nearby_count": 0,
        "top_societies": "",
        "top_hospitals": "",
        "quality_flags": "low_overture_building_habitability | no_direct_society_tam",
        "commute_score": 66.8,
        "commute_band": "Strong commute convenience",
        "centroid_lat": 13.180236659427269,
        "centroid_lon": 77.69079773976567,
        "zone": "North-East"
      }
    },
    {
      "type": "Feature",
      "geometry": {
        "type": "Polygon",
        "coordinates": [
          [
            [
              77.51481372872303,
              12.736883730907284
            ],
            [
              77.51081441569643,
              12.749370125325642
            ],
            [
              77.49824019529461,
              12.751918079779818
            ],
            [
              77.48966681533034,
              12.741981032470875
            ],
            [
              77.49366593241548,
              12.729496151923206
            ],
            [
              77.506238625684,
              12.726946804818562
            ],
            [
              77.51481372872303,
              12.736883730907284
            ]
          ]
        ]
      },
      "properties": {
        "rank": 256,
        "hex_id": "876014cd6ffffff",
        "name": "Ravgodlu",
        "final_affluence_score": 4.1488,
        "affluence_tier": "Low Evidence",
        "spatial_relation": "low_evidence",
        "confidence_score": 0.3167,
        "countable_family_tam": 0.0,
        "direct_family_tam": 0.0,
        "direct_total_units": 0.0,
        "direct_luxury_society_tam": 0.0,
        "conservative_50l_plus_family_tam": 0.0,
        "conservative_50l_plus_share_of_direct_tam": 0.0,
        "estimated_40l_plus_family_tam_linear_25_50_split": 0.0,
        "estimated_40l_plus_share_linear_25_50_split": 0.0,
        "nearby_family_tam_weighted_context": 0.0,
        "society_cluster_tam_weighted_context_not_counted": 0.0,
        "market_price_per_sqft": 7100.0,
        "refined_budget_segment": "Affordable",
        "premium_candidate_score": 0.006221300644548854,
        "rental_yield_pct": null,
        "yearly_appreciation_pct": null,
        "society_score": 0.0,
        "society_cluster_score": 0.0,
        "hospital_score": 0.0,
        "market_score": 0.403869,
        "sez_workplace_score": 0.0,
        "habitability_score": 0.019213,
        "habitability_class": "inhabitable",
        "habitable_for_residential_tam": false,
        "societies_direct_count": 0,
        "societies_nearby_count": 0,
        "society_cluster_project_count": 0,
        "hospitals_nearby_count": 0,
        "top_societies": "",
        "top_hospitals": "",
        "quality_flags": "low_overture_building_habitability | no_direct_society_tam",
        "commute_score": 55.7,
        "commute_band": "Moderate commute convenience",
        "centroid_lat": 12.73943286419903,
        "centroid_lon": 77.50223948199753,
        "zone": "South"
      }
    },
    {
      "type": "Feature",
      "geometry": {
        "type": "Polygon",
        "coordinates": [
          [
            [
              77.3781952470743,
              13.126075835255797
            ],
            [
              77.37419154242421,
              13.13853425923709
            ],
            [
              77.36161979700262,
              13.14104445128629
            ],
            [
              77.35305328821556,
              13.131097627856112
            ],
            [
              77.35705678898674,
              13.118640708316546
            ],
            [
              77.36962700270081,
              13.116129107768208
            ],
            [
              77.3781952470743,
              13.126075835255797
            ]
          ]
        ]
      },
      "properties": {
        "rank": 257,
        "hex_id": "87601449dffffff",
        "name": "Bommanahalli",
        "final_affluence_score": 3.9985,
        "affluence_tier": "Low Evidence",
        "spatial_relation": "low_evidence",
        "confidence_score": 0.3167,
        "countable_family_tam": 0.0,
        "direct_family_tam": 0.0,
        "direct_total_units": 0.0,
        "direct_luxury_society_tam": 0.0,
        "conservative_50l_plus_family_tam": 0.0,
        "conservative_50l_plus_share_of_direct_tam": 0.0,
        "estimated_40l_plus_family_tam_linear_25_50_split": 0.0,
        "estimated_40l_plus_share_linear_25_50_split": 0.0,
        "nearby_family_tam_weighted_context": 0.0,
        "society_cluster_tam_weighted_context_not_counted": 0.0,
        "market_price_per_sqft": null,
        "refined_budget_segment": "Premium",
        "premium_candidate_score": 0.35,
        "rental_yield_pct": null,
        "yearly_appreciation_pct": null,
        "society_score": 0.0,
        "society_cluster_score": 0.0,
        "hospital_score": 0.0,
        "market_score": 0.275686,
        "sez_workplace_score": 0.479733,
        "habitability_score": 0.210387,
        "habitability_class": "low_building_evidence",
        "habitable_for_residential_tam": false,
        "societies_direct_count": 0,
        "societies_nearby_count": 0,
        "society_cluster_project_count": 0,
        "hospitals_nearby_count": 0,
        "top_societies": "",
        "top_hospitals": "",
        "quality_flags": "low_overture_building_habitability | no_direct_society_tam",
        "commute_score": 52.8,
        "commute_band": "Moderate commute convenience",
        "centroid_lat": 13.128587221429013,
        "centroid_lon": 77.36562347080655,
        "zone": "North-West"
      }
    },
    {
      "type": "Feature",
      "geometry": {
        "type": "Polygon",
        "coordinates": [
          [
            [
              77.35994124109692,
              13.036454582638422
            ],
            [
              77.35593879526259,
              13.048915273558393
            ],
            [
              77.34337317546834,
              13.051431099400046
            ],
            [
              77.33481153269048,
              13.041487642683235
            ],
            [
              77.3388137737736,
              13.029028460664273
            ],
            [
              77.35137786266225,
              13.026511226464889
            ],
            [
              77.35994124109692,
              13.036454582638422
            ]
          ]
        ]
      },
      "properties": {
        "rank": 258,
        "hex_id": "8760144a9ffffff",
        "name": "Bhattarahalli",
        "final_affluence_score": 3.7737,
        "affluence_tier": "Low Evidence",
        "spatial_relation": "low_evidence",
        "confidence_score": 0.3167,
        "countable_family_tam": 0.0,
        "direct_family_tam": 0.0,
        "direct_total_units": 0.0,
        "direct_luxury_society_tam": 0.0,
        "conservative_50l_plus_family_tam": 0.0,
        "conservative_50l_plus_share_of_direct_tam": 0.0,
        "estimated_40l_plus_family_tam_linear_25_50_split": 0.0,
        "estimated_40l_plus_share_linear_25_50_split": 0.0,
        "nearby_family_tam_weighted_context": 0.0,
        "society_cluster_tam_weighted_context_not_counted": 0.0,
        "market_price_per_sqft": 4363.0,
        "refined_budget_segment": "Mid-Segment",
        "premium_candidate_score": 0.0,
        "rental_yield_pct": null,
        "yearly_appreciation_pct": null,
        "society_score": 0.0,
        "society_cluster_score": 0.0,
        "hospital_score": 0.0,
        "market_score": 0.238883,
        "sez_workplace_score": 0.520501,
        "habitability_score": 0.0,
        "habitability_class": "inhabitable",
        "habitable_for_residential_tam": false,
        "societies_direct_count": 0,
        "societies_nearby_count": 0,
        "society_cluster_project_count": 0,
        "hospitals_nearby_count": 0,
        "top_societies": "",
        "top_hospitals": "",
        "quality_flags": "low_overture_building_habitability | no_direct_society_tam",
        "commute_score": 46.9,
        "commute_band": "Commute friction risk",
        "centroid_lat": 13.038971600705587,
        "centroid_lon": 77.34737558988074,
        "zone": "West"
      }
    },
    {
      "type": "Feature",
      "geometry": {
        "type": "Polygon",
        "coordinates": [
          [
            [
              77.77645368488797,
              12.765563484418813
            ],
            [
              77.77245285747166,
              12.778070997877949
            ],
            [
              77.75984266173693,
              12.780632960313564
            ],
            [
              77.75123481959942,
              12.77068878401049
            ],
            [
              77.75523546533807,
              12.758182771167224
            ],
            [
              77.76784413517304,
              12.755619434012747
            ],
            [
              77.77645368488797,
              12.765563484418813
            ]
          ]
        ]
      },
      "properties": {
        "rank": 259,
        "hex_id": "876189344ffffff",
        "name": "Attibele",
        "final_affluence_score": 3.7364,
        "affluence_tier": "Low Evidence",
        "spatial_relation": "low_evidence",
        "confidence_score": 0.5467,
        "countable_family_tam": 0.0,
        "direct_family_tam": 0.0,
        "direct_total_units": 0.0,
        "direct_luxury_society_tam": 0.0,
        "conservative_50l_plus_family_tam": 0.0,
        "conservative_50l_plus_share_of_direct_tam": 0.0,
        "estimated_40l_plus_family_tam_linear_25_50_split": 0.0,
        "estimated_40l_plus_share_linear_25_50_split": 0.0,
        "nearby_family_tam_weighted_context": 10.76,
        "society_cluster_tam_weighted_context_not_counted": 30.19,
        "market_price_per_sqft": null,
        "refined_budget_segment": "Affordable",
        "premium_candidate_score": 0.0,
        "rental_yield_pct": null,
        "yearly_appreciation_pct": null,
        "society_score": 0.002492,
        "society_cluster_score": 0.00785,
        "hospital_score": 0.0,
        "market_score": 0.04,
        "sez_workplace_score": 0.410345,
        "habitability_score": 0.292364,
        "habitability_class": "sparse_habitable",
        "habitable_for_residential_tam": true,
        "societies_direct_count": 0,
        "societies_nearby_count": 1,
        "society_cluster_project_count": 1,
        "hospitals_nearby_count": 2,
        "top_societies": "AGS Layout (Premium, TAM 128)",
        "top_hospitals": "Sri Sai Hospitals (Super Premium, 8.1 min) | Mazumdar Shaw Medical Center (Premium, 17.7 min)",
        "quality_flags": "no_direct_society_tam",
        "commute_score": 66.2,
        "commute_band": "Strong commute convenience",
        "centroid_lat": 12.768126617952738,
        "centroid_lon": 77.76384347137845,
        "zone": "South-East"
      }
    },
    {
      "type": "Feature",
      "geometry": {
        "type": "Polygon",
        "coordinates": [
          [
            [
              77.41709226589198,
              12.931681664873825
            ],
            [
              77.4130908955562,
              12.944151696240592
            ],
            [
              77.4005218484999,
              12.94667899213587
            ],
            [
              77.39195570163393,
              12.936737659364418
            ],
            [
              77.39595687046139,
              12.924269138540174
            ],
            [
              77.40852438794003,
              12.921740439948946
            ],
            [
              77.41709226589198,
              12.931681664873825
            ]
          ]
        ]
      },
      "properties": {
        "rank": 260,
        "hex_id": "876014431ffffff",
        "name": "Muddaiahanapalya",
        "final_affluence_score": 3.6844,
        "affluence_tier": "Low Evidence",
        "spatial_relation": "low_evidence",
        "confidence_score": 0.3917,
        "countable_family_tam": 0.0,
        "direct_family_tam": 0.0,
        "direct_total_units": 0.0,
        "direct_luxury_society_tam": 0.0,
        "conservative_50l_plus_family_tam": 0.0,
        "conservative_50l_plus_share_of_direct_tam": 0.0,
        "estimated_40l_plus_family_tam_linear_25_50_split": 0.0,
        "estimated_40l_plus_share_linear_25_50_split": 0.0,
        "nearby_family_tam_weighted_context": 0.0,
        "society_cluster_tam_weighted_context_not_counted": 0.0,
        "market_price_per_sqft": 5000.0,
        "refined_budget_segment": "Mid-Segment",
        "premium_candidate_score": 0.0,
        "rental_yield_pct": null,
        "yearly_appreciation_pct": null,
        "society_score": 0.0,
        "society_cluster_score": 0.0,
        "hospital_score": 0.2,
        "market_score": 0.246639,
        "sez_workplace_score": 0.0,
        "habitability_score": 0.010313,
        "habitability_class": "inhabitable",
        "habitable_for_residential_tam": false,
        "societies_direct_count": 0,
        "societies_nearby_count": 0,
        "society_cluster_project_count": 0,
        "hospitals_nearby_count": 1,
        "top_societies": "",
        "top_hospitals": "Motherhood Hospital (Ultra Premium, 25.8 min)",
        "quality_flags": "low_overture_building_habitability | no_direct_society_tam",
        "commute_score": 53.1,
        "commute_band": "Moderate commute convenience",
        "centroid_lat": 12.934210148254197,
        "centroid_lon": 77.40452318929408,
        "zone": "West"
      }
    },
    {
      "type": "Feature",
      "geometry": {
        "type": "Polygon",
        "coordinates": [
          [
            [
              77.39308191076508,
              13.006488849295751
            ],
            [
              77.38907968740467,
              13.018953670241402
            ],
            [
              77.37651082038398,
              13.021473831228993
            ],
            [
              77.3679457074432,
              13.011530576848061
            ],
            [
              77.37194772789209,
              12.999067264517747
            ],
            [
              77.38451506447007,
              12.996545697956739
            ],
            [
              77.39308191076508,
              13.006488849295751
            ]
          ]
        ]
      },
      "properties": {
        "rank": 263,
        "hex_id": "876014413ffffff",
        "name": "Bolamaranahalli",
        "final_affluence_score": 3.586,
        "affluence_tier": "Low Evidence",
        "spatial_relation": "low_evidence",
        "confidence_score": 0.3167,
        "countable_family_tam": 0.0,
        "direct_family_tam": 0.0,
        "direct_total_units": 0.0,
        "direct_luxury_society_tam": 0.0,
        "conservative_50l_plus_family_tam": 0.0,
        "conservative_50l_plus_share_of_direct_tam": 0.0,
        "estimated_40l_plus_family_tam_linear_25_50_split": 0.0,
        "estimated_40l_plus_share_linear_25_50_split": 0.0,
        "nearby_family_tam_weighted_context": 0.0,
        "society_cluster_tam_weighted_context_not_counted": 0.0,
        "market_price_per_sqft": 4600.0,
        "refined_budget_segment": "Affordable",
        "premium_candidate_score": 0.0,
        "rental_yield_pct": null,
        "yearly_appreciation_pct": null,
        "society_score": 0.0,
        "society_cluster_score": 0.0,
        "hospital_score": 0.0,
        "market_score": 0.274581,
        "sez_workplace_score": 0.217347,
        "habitability_score": 0.03753,
        "habitability_class": "inhabitable",
        "habitable_for_residential_tam": false,
        "societies_direct_count": 0,
        "societies_nearby_count": 0,
        "society_cluster_project_count": 0,
        "hospitals_nearby_count": 0,
        "top_societies": "",
        "top_hospitals": "",
        "quality_flags": "low_overture_building_habitability | no_direct_society_tam",
        "commute_score": 54.7,
        "commute_band": "Moderate commute convenience",
        "centroid_lat": 13.009010200622445,
        "centroid_lon": 77.38051301340671,
        "zone": "West"
      }
    },
    {
      "type": "Feature",
      "geometry": {
        "type": "Polygon",
        "coordinates": [
          [
            [
              77.5687157972963,
              13.192990267777676
            ],
            [
              77.5647103091691,
              13.205462174995208
            ],
            [
              77.55211024315405,
              13.207979314872773
            ],
            [
              77.54351719691162,
              13.19802594376451
            ],
            [
              77.54752249146064,
              13.185555529621563
            ],
            [
              77.56012102610987,
              13.183036993512351
            ],
            [
              77.5687157972963,
              13.192990267777676
            ]
          ]
        ]
      },
      "properties": {
        "rank": 264,
        "hex_id": "876016951ffffff",
        "name": "Adde Viswanathapura",
        "final_affluence_score": 3.5777,
        "affluence_tier": "Low Evidence",
        "spatial_relation": "low_evidence",
        "confidence_score": 0.4667,
        "countable_family_tam": 0.0,
        "direct_family_tam": 0.0,
        "direct_total_units": 0.0,
        "direct_luxury_society_tam": 0.0,
        "conservative_50l_plus_family_tam": 0.0,
        "conservative_50l_plus_share_of_direct_tam": 0.0,
        "estimated_40l_plus_family_tam_linear_25_50_split": 0.0,
        "estimated_40l_plus_share_linear_25_50_split": 0.0,
        "nearby_family_tam_weighted_context": 0.0,
        "society_cluster_tam_weighted_context_not_counted": 0.0,
        "market_price_per_sqft": null,
        "refined_budget_segment": "Affordable",
        "premium_candidate_score": 0.0,
        "rental_yield_pct": null,
        "yearly_appreciation_pct": null,
        "society_score": 0.0,
        "society_cluster_score": 0.0,
        "hospital_score": 0.068952,
        "market_score": 0.175385,
        "sez_workplace_score": 0.0,
        "habitability_score": 0.156896,
        "habitability_class": "low_building_evidence",
        "habitable_for_residential_tam": false,
        "societies_direct_count": 0,
        "societies_nearby_count": 0,
        "society_cluster_project_count": 0,
        "hospitals_nearby_count": 8,
        "top_societies": "",
        "top_hospitals": "Maarga (Ultra Premium, 21.5 min) | Manipal Hospital (Super Premium, 26.7 min) | K K Hospital (Super Premium, 22.1 min) | Sparsh Hospital (Premium, 26.1 min) | Navachethana Hospital (Mid-Premium, 20.0 min)",
        "quality_flags": "low_overture_building_habitability | no_direct_society_tam",
        "commute_score": 68.9,
        "commute_band": "Strong commute convenience",
        "centroid_lat": 13.195508597555833,
        "centroid_lon": 77.55611570664188,
        "zone": "North"
      }
    },
    {
      "type": "Feature",
      "geometry": {
        "type": "Polygon",
        "coordinates": [
          [
            [
              77.86972782837127,
              13.02736784546826
            ],
            [
              77.8657232420873,
              13.039872470175156
            ],
            [
              77.85309004346279,
              13.042420869886218
            ],
            [
              77.84446295930073,
              13.03246601729108
            ],
            [
              77.84846736873118,
              13.019962878414844
            ],
            [
              77.86109903946026,
              13.017413106301316
            ],
            [
              77.86972782837127,
              13.02736784546826
            ]
          ]
        ]
      },
      "properties": {
        "rank": 266,
        "hex_id": "8761892a4ffffff",
        "name": "Govindapura-Bangalore East",
        "final_affluence_score": 3.4106,
        "affluence_tier": "Low Evidence",
        "spatial_relation": "low_evidence",
        "confidence_score": 0.3833,
        "countable_family_tam": 0.0,
        "direct_family_tam": 0.0,
        "direct_total_units": 0.0,
        "direct_luxury_society_tam": 0.0,
        "conservative_50l_plus_family_tam": 0.0,
        "conservative_50l_plus_share_of_direct_tam": 0.0,
        "estimated_40l_plus_family_tam_linear_25_50_split": 0.0,
        "estimated_40l_plus_share_linear_25_50_split": 0.0,
        "nearby_family_tam_weighted_context": 0.0,
        "society_cluster_tam_weighted_context_not_counted": 0.0,
        "market_price_per_sqft": 4784.0,
        "refined_budget_segment": "Mid-Segment",
        "premium_candidate_score": 0.0,
        "rental_yield_pct": null,
        "yearly_appreciation_pct": null,
        "society_score": 0.0,
        "society_cluster_score": 0.0,
        "hospital_score": 0.0,
        "market_score": 0.276945,
        "sez_workplace_score": 0.0,
        "habitability_score": 0.0,
        "habitability_class": "inhabitable",
        "habitable_for_residential_tam": false,
        "societies_direct_count": 0,
        "societies_nearby_count": 0,
        "society_cluster_project_count": 0,
        "hospitals_nearby_count": 0,
        "top_societies": "",
        "top_hospitals": "",
        "quality_flags": "low_overture_building_habitability | no_direct_society_tam",
        "commute_score": 52.8,
        "commute_band": "Moderate commute convenience",
        "centroid_lat": 13.029917420670975,
        "centroid_lon": 77.85709461500893,
        "zone": "East"
      }
    },
    {
      "type": "Feature",
      "geometry": {
        "type": "Polygon",
        "coordinates": [
          [
            [
              77.39933981189617,
              13.133510934581864
            ],
            [
              77.39533590450701,
              13.1459708617483
            ],
            [
              77.38276100379468,
              13.148481820503171
            ],
            [
              77.37419154242421,
              13.13853425923709
            ],
            [
              77.3781952470743,
              13.126075835255797
            ],
            [
              77.39076861611116,
              13.123563469357892
            ],
            [
              77.39933981189617,
              13.133510934581864
            ]
          ]
        ]
      },
      "properties": {
        "rank": 268,
        "hex_id": "87601449cffffff",
        "name": "Kanigondanahalli",
        "final_affluence_score": 3.3293,
        "affluence_tier": "Low Evidence",
        "spatial_relation": "low_evidence",
        "confidence_score": 0.3167,
        "countable_family_tam": 0.0,
        "direct_family_tam": 0.0,
        "direct_total_units": 0.0,
        "direct_luxury_society_tam": 0.0,
        "conservative_50l_plus_family_tam": 0.0,
        "conservative_50l_plus_share_of_direct_tam": 0.0,
        "estimated_40l_plus_family_tam_linear_25_50_split": 0.0,
        "estimated_40l_plus_share_linear_25_50_split": 0.0,
        "nearby_family_tam_weighted_context": 0.0,
        "society_cluster_tam_weighted_context_not_counted": 0.0,
        "market_price_per_sqft": 4137.0,
        "refined_budget_segment": "Mid-Segment",
        "premium_candidate_score": 0.0,
        "rental_yield_pct": null,
        "yearly_appreciation_pct": null,
        "society_score": 0.0,
        "society_cluster_score": 0.0,
        "hospital_score": 0.0,
        "market_score": 0.296515,
        "sez_workplace_score": 0.0,
        "habitability_score": 0.113623,
        "habitability_class": "low_building_evidence",
        "habitable_for_residential_tam": false,
        "societies_direct_count": 0,
        "societies_nearby_count": 0,
        "society_cluster_project_count": 0,
        "hospitals_nearby_count": 0,
        "top_societies": "",
        "top_hospitals": "",
        "quality_flags": "low_overture_building_habitability | no_direct_society_tam",
        "commute_score": 51.7,
        "commute_band": "Moderate commute convenience",
        "centroid_lat": 13.136023086995168,
        "centroid_lon": 77.38676488102486,
        "zone": "North-West"
      }
    },
    {
      "type": "Feature",
      "geometry": {
        "type": "Polygon",
        "coordinates": [
          [
            [
              77.37651082038398,
              13.021473831228993
            ],
            [
              77.37250848543339,
              13.033936588505542
            ],
            [
              77.35994124109692,
              13.036454582638422
            ],
            [
              77.35137786266225,
              13.026511226464889
            ],
            [
              77.3553799937813,
              13.014049977947355
            ],
            [
              77.3679457074432,
              13.011530576848061
            ],
            [
              77.37651082038398,
              13.021473831228993
            ]
          ]
        ]
      },
      "properties": {
        "rank": 270,
        "hex_id": "8760144adffffff",
        "name": "Manchenahalli",
        "final_affluence_score": 3.2977,
        "affluence_tier": "Low Evidence",
        "spatial_relation": "low_evidence",
        "confidence_score": 0.3167,
        "countable_family_tam": 0.0,
        "direct_family_tam": 0.0,
        "direct_total_units": 0.0,
        "direct_luxury_society_tam": 0.0,
        "conservative_50l_plus_family_tam": 0.0,
        "conservative_50l_plus_share_of_direct_tam": 0.0,
        "estimated_40l_plus_family_tam_linear_25_50_split": 0.0,
        "estimated_40l_plus_share_linear_25_50_split": 0.0,
        "nearby_family_tam_weighted_context": 0.0,
        "society_cluster_tam_weighted_context_not_counted": 0.0,
        "market_price_per_sqft": null,
        "refined_budget_segment": "Mid-Segment",
        "premium_candidate_score": 0.0,
        "rental_yield_pct": null,
        "yearly_appreciation_pct": null,
        "society_score": 0.0,
        "society_cluster_score": 0.0,
        "hospital_score": 0.0,
        "market_score": 0.147285,
        "sez_workplace_score": 0.716284,
        "habitability_score": 0.022766,
        "habitability_class": "inhabitable",
        "habitable_for_residential_tam": false,
        "societies_direct_count": 0,
        "societies_nearby_count": 0,
        "society_cluster_project_count": 0,
        "hospitals_nearby_count": 0,
        "top_societies": "",
        "top_hospitals": "",
        "quality_flags": "low_overture_building_habitability | no_direct_society_tam",
        "commute_score": 47.6,
        "commute_band": "Commute friction risk",
        "centroid_lat": 13.023993016645056,
        "centroid_lon": 77.36394354516763,
        "zone": "West"
      }
    },
    {
      "type": "Feature",
      "geometry": {
        "type": "Polygon",
        "coordinates": [
          [
            [
              77.81242239584093,
              13.13245985744835
            ],
            [
              77.80841666487238,
              13.144955159375776
            ],
            [
              77.79578671267718,
              13.147492171763208
            ],
            [
              77.78716402104003,
              13.137535260347818
            ],
            [
              77.7911695718767,
              13.125041442705902
            ],
            [
              77.803797994765,
              13.122503052191773
            ],
            [
              77.81242239584093,
              13.13245985744835
            ]
          ]
        ]
      },
      "properties": {
        "rank": 272,
        "hex_id": "87618929cffffff",
        "name": "Kempapura",
        "final_affluence_score": 3.2108,
        "affluence_tier": "Low Evidence",
        "spatial_relation": "low_evidence",
        "confidence_score": 0.3167,
        "countable_family_tam": 0.0,
        "direct_family_tam": 0.0,
        "direct_total_units": 0.0,
        "direct_luxury_society_tam": 0.0,
        "conservative_50l_plus_family_tam": 0.0,
        "conservative_50l_plus_share_of_direct_tam": 0.0,
        "estimated_40l_plus_family_tam_linear_25_50_split": 0.0,
        "estimated_40l_plus_share_linear_25_50_split": 0.0,
        "nearby_family_tam_weighted_context": 0.0,
        "society_cluster_tam_weighted_context_not_counted": 0.0,
        "market_price_per_sqft": 4315.0,
        "refined_budget_segment": "Mid-Segment",
        "premium_candidate_score": 0.0,
        "rental_yield_pct": null,
        "yearly_appreciation_pct": null,
        "society_score": 0.0,
        "society_cluster_score": 0.0,
        "hospital_score": 0.0,
        "market_score": 0.269334,
        "sez_workplace_score": 0.0,
        "habitability_score": 0.14607,
        "habitability_class": "low_building_evidence",
        "habitable_for_residential_tam": false,
        "societies_direct_count": 0,
        "societies_nearby_count": 0,
        "society_cluster_project_count": 0,
        "hospitals_nearby_count": 0,
        "top_societies": "",
        "top_hospitals": "",
        "quality_flags": "low_overture_building_habitability | no_direct_society_tam",
        "commute_score": 50.8,
        "commute_band": "Moderate commute convenience",
        "centroid_lat": 13.134998050167875,
        "centroid_lon": 77.79979242701116,
        "zone": "North-East"
      }
    },
    {
      "type": "Feature",
      "geometry": {
        "type": "Polygon",
        "coordinates": [
          [
            [
              77.7128171208583,
              12.743421274963769
            ],
            [
              77.70881684193884,
              12.755924282727516
            ],
            [
              77.69621597264637,
              12.758483957340287
            ],
            [
              77.68761690862353,
              12.748542003034073
            ],
            [
              77.69161700240372,
              12.736040499730738
            ],
            [
              77.70421634562628,
              12.733479446275693
            ],
            [
              77.7128171208583,
              12.743421274963769
            ]
          ]
        ]
      },
      "properties": {
        "rank": 274,
        "hex_id": "87618936bffffff",
        "name": "Avuda Denahalli",
        "final_affluence_score": 3.1225,
        "affluence_tier": "Low Evidence",
        "spatial_relation": "low_evidence",
        "confidence_score": 0.4667,
        "countable_family_tam": 0.0,
        "direct_family_tam": 0.0,
        "direct_total_units": 0.0,
        "direct_luxury_society_tam": 0.0,
        "conservative_50l_plus_family_tam": 0.0,
        "conservative_50l_plus_share_of_direct_tam": 0.0,
        "estimated_40l_plus_family_tam_linear_25_50_split": 0.0,
        "estimated_40l_plus_share_linear_25_50_split": 0.0,
        "nearby_family_tam_weighted_context": 0.0,
        "society_cluster_tam_weighted_context_not_counted": 0.0,
        "market_price_per_sqft": 4250.0,
        "refined_budget_segment": "Affordable",
        "premium_candidate_score": 0.0,
        "rental_yield_pct": 4.0,
        "yearly_appreciation_pct": 25.0,
        "society_score": 0.0,
        "society_cluster_score": 0.0,
        "hospital_score": 0.008681,
        "market_score": 0.288603,
        "sez_workplace_score": 0.0,
        "habitability_score": 0.247162,
        "habitability_class": "low_building_evidence",
        "habitable_for_residential_tam": false,
        "societies_direct_count": 0,
        "societies_nearby_count": 0,
        "society_cluster_project_count": 0,
        "hospitals_nearby_count": 5,
        "top_societies": "",
        "top_hospitals": "Mazumdar Shaw Medical Center (Premium, 15.3 min) | Vijayashree Hospitals (Super Premium, 17.3 min) | Sri Sai Hospitals (Super Premium, 21.3 min) | First Eat Right Clinic (Mid-Premium, 23.8 min) | KIMS Hospitals (Mid-Premium, 22.3 min)",
        "quality_flags": "low_overture_building_habitability | no_direct_society_tam",
        "commute_score": 68.7,
        "commute_band": "Strong commute convenience",
        "centroid_lat": 12.745982122134876,
        "centroid_lon": 77.70021623170855,
        "zone": "South-East"
      }
    },
    {
      "type": "Feature",
      "geometry": {
        "type": "Polygon",
        "coordinates": [
          [
            [
              77.82905952693258,
              13.117423325030117
            ],
            [
              77.82505392659179,
              13.129920682222993
            ],
            [
              77.81242239584093,
              13.13245985744835
            ],
            [
              77.803797994765,
              13.122503052191773
            ],
            [
              77.80780341590761,
              13.110007179114973
            ],
            [
              77.82043341760709,
              13.107466627176532
            ],
            [
              77.82905952693258,
              13.117423325030117
            ]
          ]
        ]
      },
      "properties": {
        "rank": 275,
        "hex_id": "876189282ffffff",
        "name": "Bangalore North",
        "final_affluence_score": 3.1009,
        "affluence_tier": "Low Evidence",
        "spatial_relation": "low_evidence",
        "confidence_score": 0.3167,
        "countable_family_tam": 0.0,
        "direct_family_tam": 0.0,
        "direct_total_units": 0.0,
        "direct_luxury_society_tam": 0.0,
        "conservative_50l_plus_family_tam": 0.0,
        "conservative_50l_plus_share_of_direct_tam": 0.0,
        "estimated_40l_plus_family_tam_linear_25_50_split": 0.0,
        "estimated_40l_plus_share_linear_25_50_split": 0.0,
        "nearby_family_tam_weighted_context": 0.0,
        "society_cluster_tam_weighted_context_not_counted": 0.0,
        "market_price_per_sqft": 2750.0,
        "refined_budget_segment": "Affordable",
        "premium_candidate_score": 0.0,
        "rental_yield_pct": null,
        "yearly_appreciation_pct": null,
        "society_score": 0.0,
        "society_cluster_score": 0.0,
        "hospital_score": 0.0,
        "market_score": 0.238276,
        "sez_workplace_score": 0.0,
        "habitability_score": 0.230255,
        "habitability_class": "low_building_evidence",
        "habitable_for_residential_tam": false,
        "societies_direct_count": 0,
        "societies_nearby_count": 0,
        "society_cluster_project_count": 0,
        "hospitals_nearby_count": 0,
        "top_societies": "",
        "top_hospitals": "",
        "quality_flags": "low_overture_building_habitability | no_direct_society_tam",
        "commute_score": 57.4,
        "commute_band": "Moderate commute convenience",
        "centroid_lat": 13.119963679621751,
        "centroid_lon": 77.81642798009618,
        "zone": "North-East"
      }
    },
    {
      "type": "Feature",
      "geometry": {
        "type": "Polygon",
        "coordinates": [
          [
            [
              77.8456981033353,
              13.10238257872397
            ],
            [
              77.84169263433567,
              13.114881988451623
            ],
            [
              77.82905952693258,
              13.117423325030117
            ],
            [
              77.82043341760709,
              13.107466627176532
            ],
            [
              77.82443870834256,
              13.094968701393798
            ],
            [
              77.83707028695059,
              13.092425989517524
            ],
            [
              77.8456981033353,
              13.10238257872397
            ]
          ]
        ]
      },
      "properties": {
        "rank": 276,
        "hex_id": "876189286ffffff",
        "name": "Bangalore North",
        "final_affluence_score": 2.9757,
        "affluence_tier": "Low Evidence",
        "spatial_relation": "low_evidence",
        "confidence_score": 0.3917,
        "countable_family_tam": 0.0,
        "direct_family_tam": 0.0,
        "direct_total_units": 0.0,
        "direct_luxury_society_tam": 0.0,
        "conservative_50l_plus_family_tam": 0.0,
        "conservative_50l_plus_share_of_direct_tam": 0.0,
        "estimated_40l_plus_family_tam_linear_25_50_split": 0.0,
        "estimated_40l_plus_share_linear_25_50_split": 0.0,
        "nearby_family_tam_weighted_context": 0.0,
        "society_cluster_tam_weighted_context_not_counted": 0.0,
        "market_price_per_sqft": null,
        "refined_budget_segment": "Affordable",
        "premium_candidate_score": 0.0,
        "rental_yield_pct": null,
        "yearly_appreciation_pct": null,
        "society_score": 0.0,
        "society_cluster_score": 0.0,
        "hospital_score": 0.0,
        "market_score": 0.097315,
        "sez_workplace_score": 0.0,
        "habitability_score": 0.264401,
        "habitability_class": "sparse_habitable",
        "habitable_for_residential_tam": true,
        "societies_direct_count": 0,
        "societies_nearby_count": 0,
        "society_cluster_project_count": 0,
        "hospitals_nearby_count": 1,
        "top_societies": "",
        "top_hospitals": "Ovum Clinic And Day Care Centre (Mid-Premium, 24.9 min)",
        "quality_flags": "no_direct_society_tam",
        "commute_score": 61.4,
        "commute_band": "Moderate commute convenience",
        "centroid_lat": 13.104925093701125,
        "centroid_lon": 77.83306498039587,
        "zone": "North-East"
      }
    },
    {
      "type": "Feature",
      "geometry": {
        "type": "Polygon",
        "coordinates": [
          [
            [
              77.45079616049173,
              13.193206656499123
            ],
            [
              77.44679122298538,
              13.205668424156395
            ],
            [
              77.43420695426916,
              13.208178111338597
            ],
            [
              77.42562915534309,
              13.198227435346617
            ],
            [
              77.4296338928335,
              13.185767166118517
            ],
            [
              77.44221662954396,
              13.183256074454556
            ],
            [
              77.45079616049173,
              13.193206656499123
            ]
          ]
        ]
      },
      "properties": {
        "rank": 280,
        "hex_id": "876016861ffffff",
        "name": "Marasandra",
        "final_affluence_score": 2.8682,
        "affluence_tier": "Low Evidence",
        "spatial_relation": "low_evidence",
        "confidence_score": 0.3167,
        "countable_family_tam": 0.0,
        "direct_family_tam": 0.0,
        "direct_total_units": 0.0,
        "direct_luxury_society_tam": 0.0,
        "conservative_50l_plus_family_tam": 0.0,
        "conservative_50l_plus_share_of_direct_tam": 0.0,
        "estimated_40l_plus_family_tam_linear_25_50_split": 0.0,
        "estimated_40l_plus_share_linear_25_50_split": 0.0,
        "nearby_family_tam_weighted_context": 0.0,
        "society_cluster_tam_weighted_context_not_counted": 0.0,
        "market_price_per_sqft": 5110.0,
        "refined_budget_segment": "Mid-Segment",
        "premium_candidate_score": 0.0,
        "rental_yield_pct": null,
        "yearly_appreciation_pct": null,
        "society_score": 0.0,
        "society_cluster_score": 0.0,
        "hospital_score": 0.0,
        "market_score": 0.283613,
        "sez_workplace_score": 0.0,
        "habitability_score": 0.128411,
        "habitability_class": "low_building_evidence",
        "habitable_for_residential_tam": false,
        "societies_direct_count": 0,
        "societies_nearby_count": 0,
        "society_cluster_project_count": 0,
        "hospitals_nearby_count": 0,
        "top_societies": "",
        "top_hospitals": "",
        "quality_flags": "low_overture_building_habitability | no_direct_society_tam",
        "commute_score": 43.0,
        "commute_band": "Commute friction risk",
        "centroid_lat": 13.195717537350543,
        "centroid_lon": 77.43821186328275,
        "zone": "North-West"
      }
    },
    {
      "type": "Feature",
      "geometry": {
        "type": "Polygon",
        "coordinates": [
          [
            [
              77.41592012885727,
              13.118535798475719
            ],
            [
              77.41191633412899,
              13.13099780201893
            ],
            [
              77.39933981189617,
              13.133510934581864
            ],
            [
              77.39076861611116,
              13.123563469357892
            ],
            [
              77.39477220902205,
              13.111102968858749
            ],
            [
              77.40734719981273,
              13.108588430541898
            ],
            [
              77.41592012885727,
              13.118535798475719
            ]
          ]
        ]
      },
      "properties": {
        "rank": 282,
        "hex_id": "876014482ffffff",
        "name": "Mylanahalli",
        "final_affluence_score": 2.7064,
        "affluence_tier": "Low Evidence",
        "spatial_relation": "low_evidence",
        "confidence_score": 0.3167,
        "countable_family_tam": 0.0,
        "direct_family_tam": 0.0,
        "direct_total_units": 0.0,
        "direct_luxury_society_tam": 0.0,
        "conservative_50l_plus_family_tam": 0.0,
        "conservative_50l_plus_share_of_direct_tam": 0.0,
        "estimated_40l_plus_family_tam_linear_25_50_split": 0.0,
        "estimated_40l_plus_share_linear_25_50_split": 0.0,
        "nearby_family_tam_weighted_context": 0.0,
        "society_cluster_tam_weighted_context_not_counted": 0.0,
        "market_price_per_sqft": null,
        "refined_budget_segment": "Premium",
        "premium_candidate_score": 0.35,
        "rental_yield_pct": null,
        "yearly_appreciation_pct": null,
        "society_score": 0.0,
        "society_cluster_score": 0.0,
        "hospital_score": 0.0,
        "market_score": 0.227746,
        "sez_workplace_score": 0.0,
        "habitability_score": 0.110147,
        "habitability_class": "low_building_evidence",
        "habitable_for_residential_tam": false,
        "societies_direct_count": 0,
        "societies_nearby_count": 0,
        "society_cluster_project_count": 0,
        "hospitals_nearby_count": 0,
        "top_societies": "",
        "top_hospitals": "",
        "quality_flags": "low_overture_building_habitability | no_direct_society_tam",
        "commute_score": 50.2,
        "commute_band": "Moderate commute convenience",
        "centroid_lat": 13.121050123757108,
        "centroid_lon": 77.40334357700858,
        "zone": "North-West"
      }
    },
    {
      "type": "Feature",
      "geometry": {
        "type": "Polygon",
        "coordinates": [
          [
            [
              77.8558570226304,
              12.959988911002556
            ],
            [
              77.85185336324605,
              12.972495185251212
            ],
            [
              77.83922474773104,
              12.975047702071466
            ],
            [
              77.83060131920168,
              12.96509531694311
            ],
            [
              77.83460480104598,
              12.952590531867735
            ],
            [
              77.8472318892424,
              12.95003664274639
            ],
            [
              77.8558570226304,
              12.959988911002556
            ]
          ]
        ]
      },
      "properties": {
        "rank": 286,
        "hex_id": "876189232ffffff",
        "name": "Handhenahalli",
        "final_affluence_score": 2.3819,
        "affluence_tier": "Low Evidence",
        "spatial_relation": "low_evidence",
        "confidence_score": 0.4667,
        "countable_family_tam": 0.0,
        "direct_family_tam": 0.0,
        "direct_total_units": 0.0,
        "direct_luxury_society_tam": 0.0,
        "conservative_50l_plus_family_tam": 0.0,
        "conservative_50l_plus_share_of_direct_tam": 0.0,
        "estimated_40l_plus_family_tam_linear_25_50_split": 0.0,
        "estimated_40l_plus_share_linear_25_50_split": 0.0,
        "nearby_family_tam_weighted_context": 0.0,
        "society_cluster_tam_weighted_context_not_counted": 0.0,
        "market_price_per_sqft": 1382.0,
        "refined_budget_segment": "Affordable",
        "premium_candidate_score": 0.0,
        "rental_yield_pct": null,
        "yearly_appreciation_pct": null,
        "society_score": 0.0,
        "society_cluster_score": 0.0,
        "hospital_score": 0.040723,
        "market_score": 0.070464,
        "sez_workplace_score": 0.0,
        "habitability_score": 0.074504,
        "habitability_class": "low_building_evidence",
        "habitable_for_residential_tam": false,
        "societies_direct_count": 0,
        "societies_nearby_count": 0,
        "society_cluster_project_count": 0,
        "hospitals_nearby_count": 5,
        "top_societies": "",
        "top_hospitals": "Cloudnine Hospital (Super Premium, 26.7 min) | Aaxis Hospitals (Mid-Premium, 23.9 min) | Svastha Hospital (Mid-Premium, 23.8 min) | ANC Clinics (Mid-Premium, 22.6 min) | Miracle Hospital (Mid-Premium, 24.3 min)",
        "quality_flags": "low_overture_building_habitability | no_direct_society_tam",
        "commute_score": 69.4,
        "commute_band": "Strong commute convenience",
        "centroid_lat": 12.96254260185889,
        "centroid_lon": 77.8432283919277,
        "zone": "East"
      }
    },
    {
      "type": "Feature",
      "geometry": {
        "type": "Polygon",
        "coordinates": [
          [
            [
              77.37194772789209,
              12.999067264517747
            ],
            [
              77.3679457074432,
              13.011530576848061
            ],
            [
              77.3553799937813,
              13.014049977947355
            ],
            [
              77.3468178313191,
              13.00410747364661
            ],
            [
              77.35081964771841,
              12.991645671187218
            ],
            [
              77.36338383090599,
              12.989124863161624
            ],
            [
              77.37194772789209,
              12.999067264517747
            ]
          ]
        ]
      },
      "properties": {
        "rank": 287,
        "hex_id": "87601441effffff",
        "name": "Soladevanahalli",
        "final_affluence_score": 2.2579,
        "affluence_tier": "Low Evidence",
        "spatial_relation": "low_evidence",
        "confidence_score": 0.3167,
        "countable_family_tam": 0.0,
        "direct_family_tam": 0.0,
        "direct_total_units": 0.0,
        "direct_luxury_society_tam": 0.0,
        "conservative_50l_plus_family_tam": 0.0,
        "conservative_50l_plus_share_of_direct_tam": 0.0,
        "estimated_40l_plus_family_tam_linear_25_50_split": 0.0,
        "estimated_40l_plus_share_linear_25_50_split": 0.0,
        "nearby_family_tam_weighted_context": 0.0,
        "society_cluster_tam_weighted_context_not_counted": 0.0,
        "market_price_per_sqft": null,
        "refined_budget_segment": "Affordable",
        "premium_candidate_score": 0.0,
        "rental_yield_pct": null,
        "yearly_appreciation_pct": null,
        "society_score": 0.0,
        "society_cluster_score": 0.0,
        "hospital_score": 0.0,
        "market_score": 0.096081,
        "sez_workplace_score": 0.408996,
        "habitability_score": 0.0,
        "habitability_class": "inhabitable",
        "habitable_for_residential_tam": false,
        "societies_direct_count": 0,
        "societies_nearby_count": 0,
        "society_cluster_project_count": 0,
        "hospitals_nearby_count": 0,
        "top_societies": "",
        "top_hospitals": "",
        "quality_flags": "low_overture_building_habitability | no_direct_society_tam",
        "commute_score": 47.3,
        "commute_band": "Commute friction risk",
        "centroid_lat": 13.001587856422814,
        "centroid_lon": 77.35938198320639,
        "zone": "West"
      }
    },
    {
      "type": "Feature",
      "geometry": {
        "type": "Polygon",
        "coordinates": [
          [
            [
              77.41304803758518,
              13.20073635046643
            ],
            [
              77.40904318679006,
              13.213194535710173
            ],
            [
              77.39646368985088,
              13.21570127285921
            ],
            [
              77.38789057626005,
              13.205751231995984
            ],
            [
              77.39189522497335,
              13.193294546581612
            ],
            [
              77.40447318963687,
              13.190786402202782
            ],
            [
              77.41304803758518,
              13.20073635046643
            ]
          ]
        ]
      },
      "properties": {
        "rank": 289,
        "hex_id": "876016868ffffff",
        "name": "Raja Kempegowda Ward",
        "final_affluence_score": 2.1576,
        "affluence_tier": "Low Evidence",
        "spatial_relation": "low_evidence",
        "confidence_score": 0.3167,
        "countable_family_tam": 0.0,
        "direct_family_tam": 0.0,
        "direct_total_units": 0.0,
        "direct_luxury_society_tam": 0.0,
        "conservative_50l_plus_family_tam": 0.0,
        "conservative_50l_plus_share_of_direct_tam": 0.0,
        "estimated_40l_plus_family_tam_linear_25_50_split": 0.0,
        "estimated_40l_plus_share_linear_25_50_split": 0.0,
        "nearby_family_tam_weighted_context": 0.0,
        "society_cluster_tam_weighted_context_not_counted": 0.0,
        "market_price_per_sqft": 3518.0,
        "refined_budget_segment": "Mid-Segment",
        "premium_candidate_score": 0.0,
        "rental_yield_pct": null,
        "yearly_appreciation_pct": null,
        "society_score": 0.0,
        "society_cluster_score": 0.0,
        "hospital_score": 0.0,
        "market_score": 0.198904,
        "sez_workplace_score": 0.0,
        "habitability_score": 0.000984,
        "habitability_class": "inhabitable",
        "habitable_for_residential_tam": false,
        "societies_direct_count": 0,
        "societies_nearby_count": 0,
        "society_cluster_project_count": 0,
        "hospitals_nearby_count": 0,
        "top_societies": "",
        "top_hospitals": "",
        "quality_flags": "low_overture_building_habitability | no_direct_society_tam",
        "commute_score": 37.8,
        "commute_band": "Commute friction risk",
        "centroid_lat": 13.203244282689568,
        "centroid_lon": 77.4004685109206,
        "zone": "North-West"
      }
    },
    {
      "type": "Feature",
      "geometry": {
        "type": "Polygon",
        "coordinates": [
          [
            [
              77.62031355207017,
              13.252720559906146
            ],
            [
              77.61630705573063,
              13.26519426942021
            ],
            [
              77.60369765682441,
              13.26771018075406
            ],
            [
              77.59509628620533,
              13.257753776102133
            ],
            [
              77.5991025917164,
              13.245281554874103
            ],
            [
              77.61171045895546,
              13.242764250010913
            ],
            [
              77.62031355207017,
              13.252720559906146
            ]
          ]
        ]
      },
      "properties": {
        "rank": 293,
        "hex_id": "876016820ffffff",
        "name": "Jakkasandra",
        "final_affluence_score": 2.0845,
        "affluence_tier": "Low Evidence",
        "spatial_relation": "low_evidence",
        "confidence_score": 0.3167,
        "countable_family_tam": 0.0,
        "direct_family_tam": 0.0,
        "direct_total_units": 0.0,
        "direct_luxury_society_tam": 0.0,
        "conservative_50l_plus_family_tam": 0.0,
        "conservative_50l_plus_share_of_direct_tam": 0.0,
        "estimated_40l_plus_family_tam_linear_25_50_split": 0.0,
        "estimated_40l_plus_share_linear_25_50_split": 0.0,
        "nearby_family_tam_weighted_context": 0.0,
        "society_cluster_tam_weighted_context_not_counted": 0.0,
        "market_price_per_sqft": null,
        "refined_budget_segment": "Premium",
        "premium_candidate_score": 0.35,
        "rental_yield_pct": null,
        "yearly_appreciation_pct": null,
        "society_score": 0.0,
        "society_cluster_score": 0.0,
        "hospital_score": 0.0,
        "market_score": 0.19937,
        "sez_workplace_score": 0.0,
        "habitability_score": 0.0,
        "habitability_class": "inhabitable",
        "habitable_for_residential_tam": false,
        "societies_direct_count": 0,
        "societies_nearby_count": 0,
        "society_cluster_project_count": 0,
        "hospitals_nearby_count": 0,
        "top_societies": "",
        "top_hospitals": "",
        "quality_flags": "low_overture_building_habitability | no_direct_society_tam",
        "commute_score": 50.7,
        "commute_band": "Moderate commute convenience",
        "centroid_lat": 13.255237661136979,
        "centroid_lon": 77.60770413020514,
        "zone": "North"
      }
    },
    {
      "type": "Feature",
      "geometry": {
        "type": "Polygon",
        "coordinates": [
          [
            [
              77.70802216923552,
              13.200149401550917
            ],
            [
              77.70401598062062,
              13.212632901211407
            ],
            [
              77.69139707048042,
              13.215158292168747
            ],
            [
              77.6827858798631,
              13.205201570015996
            ],
            [
              77.68679188252511,
              13.192719556744281
            ],
            [
              77.69940926203873,
              13.190192779234987
            ],
            [
              77.70802216923552,
              13.200149401550917
            ]
          ]
        ]
      },
      "properties": {
        "rank": 295,
        "hex_id": "876016900ffffff",
        "name": "Mahadevakodagehalli",
        "final_affluence_score": 2.0309,
        "affluence_tier": "Low Evidence",
        "spatial_relation": "low_evidence",
        "confidence_score": 0.3167,
        "countable_family_tam": 0.0,
        "direct_family_tam": 0.0,
        "direct_total_units": 0.0,
        "direct_luxury_society_tam": 0.0,
        "conservative_50l_plus_family_tam": 0.0,
        "conservative_50l_plus_share_of_direct_tam": 0.0,
        "estimated_40l_plus_family_tam_linear_25_50_split": 0.0,
        "estimated_40l_plus_share_linear_25_50_split": 0.0,
        "nearby_family_tam_weighted_context": 0.0,
        "society_cluster_tam_weighted_context_not_counted": 0.0,
        "market_price_per_sqft": null,
        "refined_budget_segment": "Affordable",
        "premium_candidate_score": 0.0,
        "rental_yield_pct": null,
        "yearly_appreciation_pct": null,
        "society_score": 0.0,
        "society_cluster_score": 0.0,
        "hospital_score": 0.0,
        "market_score": 0.04,
        "sez_workplace_score": 0.367062,
        "habitability_score": 0.046669,
        "habitability_class": "inhabitable",
        "habitable_for_residential_tam": false,
        "societies_direct_count": 0,
        "societies_nearby_count": 0,
        "society_cluster_project_count": 0,
        "hospitals_nearby_count": 0,
        "top_societies": "",
        "top_hospitals": "",
        "quality_flags": "low_overture_building_habitability | no_direct_society_tam",
        "commute_score": 59.0,
        "commute_band": "Moderate commute convenience",
        "centroid_lat": 13.202675978123342,
        "centroid_lon": 77.69540323902125,
        "zone": "North-East"
      }
    },
    {
      "type": "Feature",
      "geometry": {
        "type": "Polygon",
        "coordinates": [
          [
            [
              77.85862260864562,
              12.877543846359337
            ],
            [
              77.85462000794665,
              12.890053760725191
            ],
            [
              77.84199440081358,
              12.892612539829328
            ],
            [
              77.83337292114702,
              12.882662775326393
            ],
            [
              77.83737534455314,
              12.87015435328742
            ],
            [
              77.8499994252012,
              12.867594203424193
            ],
            [
              77.85862260864562,
              12.877543846359337
            ]
          ]
        ]
      },
      "properties": {
        "rank": 297,
        "hex_id": "876189319ffffff",
        "name": "Gunduru",
        "final_affluence_score": 1.8907,
        "affluence_tier": "Low Evidence",
        "spatial_relation": "low_evidence",
        "confidence_score": 0.3833,
        "countable_family_tam": 0.0,
        "direct_family_tam": 0.0,
        "direct_total_units": 0.0,
        "direct_luxury_society_tam": 0.0,
        "conservative_50l_plus_family_tam": 0.0,
        "conservative_50l_plus_share_of_direct_tam": 0.0,
        "estimated_40l_plus_family_tam_linear_25_50_split": 0.0,
        "estimated_40l_plus_share_linear_25_50_split": 0.0,
        "nearby_family_tam_weighted_context": 0.0,
        "society_cluster_tam_weighted_context_not_counted": 0.0,
        "market_price_per_sqft": 3200.0,
        "refined_budget_segment": "Affordable",
        "premium_candidate_score": 0.0,
        "rental_yield_pct": null,
        "yearly_appreciation_pct": 14.3,
        "society_score": 0.0,
        "society_cluster_score": 0.0,
        "hospital_score": 0.0,
        "market_score": 0.178466,
        "sez_workplace_score": 0.0,
        "habitability_score": 0.000155,
        "habitability_class": "inhabitable",
        "habitable_for_residential_tam": false,
        "societies_direct_count": 0,
        "societies_nearby_count": 0,
        "society_cluster_project_count": 0,
        "hospitals_nearby_count": 0,
        "top_societies": "",
        "top_hospitals": "",
        "quality_flags": "low_overture_building_habitability | no_direct_society_tam",
        "commute_score": 49.7,
        "commute_band": "Commute friction risk",
        "centroid_lat": 12.880103797057588,
        "centroid_lon": 77.84599698642398,
        "zone": "East"
      }
    },
    {
      "type": "Feature",
      "geometry": {
        "type": "Polygon",
        "coordinates": [
          [
            [
              77.89099430978497,
              13.034772733696105
            ],
            [
              77.88698954781132,
              13.047278842940804
            ],
            [
              77.8743532499063,
              13.049828025675373
            ],
            [
              77.8657232420873,
              13.039872470175156
            ],
            [
              77.86972782837127,
              13.02736784546826
            ],
            [
              77.8823625984473,
              13.024817291721686
            ],
            [
              77.89099430978497,
              13.034772733696105
            ]
          ]
        ]
      },
      "properties": {
        "rank": 299,
        "hex_id": "876189399ffffff",
        "name": "Bangalore North",
        "final_affluence_score": 1.7962,
        "affluence_tier": "Low Evidence",
        "spatial_relation": "low_evidence",
        "confidence_score": 0.3167,
        "countable_family_tam": 0.0,
        "direct_family_tam": 0.0,
        "direct_total_units": 0.0,
        "direct_luxury_society_tam": 0.0,
        "conservative_50l_plus_family_tam": 0.0,
        "conservative_50l_plus_share_of_direct_tam": 0.0,
        "estimated_40l_plus_family_tam_linear_25_50_split": 0.0,
        "estimated_40l_plus_share_linear_25_50_split": 0.0,
        "nearby_family_tam_weighted_context": 0.0,
        "society_cluster_tam_weighted_context_not_counted": 0.0,
        "market_price_per_sqft": 1550.0,
        "refined_budget_segment": "Affordable",
        "premium_candidate_score": 0.0,
        "rental_yield_pct": null,
        "yearly_appreciation_pct": null,
        "society_score": 0.0,
        "society_cluster_score": 0.0,
        "hospital_score": 0.0,
        "market_score": 0.1103,
        "sez_workplace_score": 0.0,
        "habitability_score": 0.0,
        "habitability_class": "inhabitable",
        "habitable_for_residential_tam": false,
        "societies_direct_count": 0,
        "societies_nearby_count": 0,
        "society_cluster_project_count": 0,
        "hospitals_nearby_count": 0,
        "top_societies": "",
        "top_hospitals": "",
        "quality_flags": "low_overture_building_habitability | no_direct_society_tam",
        "commute_score": 51.2,
        "commute_band": "Moderate commute convenience",
        "centroid_lat": 13.037323091432214,
        "centroid_lon": 77.87835799784173,
        "zone": "East"
      }
    },
    {
      "type": "Feature",
      "geometry": {
        "type": "Polygon",
        "coordinates": [
          [
            [
              77.45537197189414,
              13.21561982529412
            ],
            [
              77.45136672036394,
              13.228081006416492
            ],
            [
              77.43878091944251,
              13.230589289091284
            ],
            [
              77.43020190253466,
              13.220637795152191
            ],
            [
              77.43420695426916,
              13.208178111338597
            ],
            [
              77.44679122298538,
              13.205668424156395
            ],
            [
              77.45537197189414,
              13.21561982529412
            ]
          ]
        ]
      },
      "properties": {
        "rank": 306,
        "hex_id": "876016863ffffff",
        "name": "Bangalore North",
        "final_affluence_score": 1.1053,
        "affluence_tier": "Low Evidence",
        "spatial_relation": "low_evidence",
        "confidence_score": 0.3167,
        "countable_family_tam": 0.0,
        "direct_family_tam": 0.0,
        "direct_total_units": 0.0,
        "direct_luxury_society_tam": 0.0,
        "conservative_50l_plus_family_tam": 0.0,
        "conservative_50l_plus_share_of_direct_tam": 0.0,
        "estimated_40l_plus_family_tam_linear_25_50_split": 0.0,
        "estimated_40l_plus_share_linear_25_50_split": 0.0,
        "nearby_family_tam_weighted_context": 0.0,
        "society_cluster_tam_weighted_context_not_counted": 0.0,
        "market_price_per_sqft": null,
        "refined_budget_segment": "Affordable",
        "premium_candidate_score": 0.0,
        "rental_yield_pct": null,
        "yearly_appreciation_pct": null,
        "society_score": 0.0,
        "society_cluster_score": 0.0,
        "hospital_score": 0.0,
        "market_score": 0.063999,
        "sez_workplace_score": 0.0,
        "habitability_score": 0.0,
        "habitability_class": "inhabitable",
        "habitable_for_residential_tam": false,
        "societies_direct_count": 0,
        "societies_nearby_count": 0,
        "society_cluster_project_count": 0,
        "hospitals_nearby_count": 0,
        "top_societies": "",
        "top_hospitals": "",
        "quality_flags": "low_overture_building_habitability | no_direct_society_tam",
        "commute_score": 42.4,
        "commute_band": "Commute friction risk",
        "centroid_lat": 13.218129302109283,
        "centroid_lon": 77.44278614262515,
        "zone": "North-West"
      }
    }
  ]
}
