project_id,city_id,name,locality,pincode,existing_source,query,osm_lat,osm_lon,osm_display_name,accepted,acceptance_reason,cache_status
project_d44efb5d13a3fad4,hyderabad,Pride,Madhapur,500081.0,validated_candidate_geocode,"Pride, Madhapur, 500081.0, Hyderabad, India",,,,False,no_osm_result,miss
project_b11b47ba4b9342e8,hyderabad,Udaya Sri Residency,Hitech City,500081.0,validated_candidate_geocode,"Udaya Sri Residency, Hitech City, 500081.0, Hyderabad, India",,,,False,no_osm_result,miss
project_41964052fa74f4cb,hyderabad,Babu Rao Mansion,Kondapur,500084.0,unmapped,"Babu Rao Mansion, Kondapur, 500084.0, Hyderabad, India",,,,False,no_osm_result,miss
project_aeb942ebb8666566,hyderabad,Abhiteja Classic,Kondapur,500084.0,validated_candidate_geocode,"Abhiteja Classic, Kondapur, 500084.0, Hyderabad, India",,,,False,no_osm_result,miss
project_762c63c879e51956,hyderabad,Silpa Singapore Township,IDA Uppal,500039.0,unmapped,"Silpa Singapore Township, IDA Uppal, 500039.0, Hyderabad, India",,,,False,no_osm_result,miss
project_55ca2a627dd95e19,hyderabad,Risinia Intelli Park,Bachupally,502325.0,validated_candidate_geocode,"Risinia Intelli Park, Bachupally, 502325.0, Hyderabad, India",,,,False,no_osm_result,miss
project_fd51fedc5bb0b7e4,hyderabad,Phoenix Port,Shamshabad,501218.0,unmapped,"Phoenix Port, Shamshabad, 501218.0, Hyderabad, India",,,,False,no_osm_result,miss
project_34e019b3c3f16030,hyderabad,Sai Nilay,"Kukatpally, NH 9",500072.0,unmapped,"Sai Nilay, Kukatpally, NH 9, 500072.0, Hyderabad, India",,,,False,no_osm_result,miss
project_a60b8065de372913,hyderabad,Avaniis Kollur Cyber County,"Kollur, Outer Ring Road",502300.0,unmapped,"Avaniis Kollur Cyber County, Kollur, Outer Ring Road, 502300.0, Hyderabad, India",,,,False,no_osm_result,miss
project_1201eafa5e190652,hyderabad,Prakruthi Residency,Kompally,500014.0,unmapped,"Prakruthi Residency, Kompally, 500014.0, Hyderabad, India",,,,False,no_osm_result,miss
project_939e64c148dfad5b,hyderabad,Gruhashilpis Saptapadi,"Kismatpur, Outer Ring Road",500030.0,unmapped,"Gruhashilpis Saptapadi, Kismatpur, Outer Ring Road, 500030.0, Hyderabad, India",,,,False,no_osm_result,miss
project_a10ecd33eaded531,hyderabad,Dharani Pharma Avenue,Kandukur,501359.0,unmapped,"Dharani Pharma Avenue, Kandukur, 501359.0, Hyderabad, India",,,,False,no_osm_result,miss
project_ceb233a616d2b6c2,hyderabad,Devi Golden Leaves Villas,Nagole,500068.0,validated_candidate_geocode,"Devi Golden Leaves Villas, Nagole, 500068.0, Hyderabad, India",,,,False,no_osm_result,miss
project_5410f8c76c7e126b,hyderabad,DRRs Happy Divine Nest,Nandigaon,502300.0,unmapped,"DRRs Happy Divine Nest, Nandigaon, 502300.0, Hyderabad, India",,,,False,no_osm_result,miss
project_5a62d7d72fe80235,hyderabad,VRR Duplex Houses,Nagaram,500083.0,unmapped,"VRR Duplex Houses, Nagaram, 500083.0, Hyderabad, India",,,,False,no_osm_result,miss
project_d6237f366c36bef4,hyderabad,Anandavalli Apartment,Malkajgiri,500047.0,validated_candidate_geocode,"Anandavalli Apartment, Malkajgiri, 500047.0, Hyderabad, India",,,,False,no_osm_result,miss
project_9730fd1f9063a23d,hyderabad,Sri Sakaram,"Vanasthalipuram, NH 9",500070.0,validated_candidate_geocode,"Sri Sakaram, Vanasthalipuram, NH 9, 500070.0, Hyderabad, India",,,,False,no_osm_result,miss
proj_cb34c11aa10b3a2b,bengaluru,Raja Prime Garden,"Palanahalli, Yelahanka",571606.0,unmapped,"Raja Prime Garden, Palanahalli, Yelahanka, 571606.0, Bengaluru, India",,,,False,no_osm_result,miss
proj_2ea0395c952f3d9a,bengaluru,aarya enclave,"Itpl, Whitefield",391410.0,unmapped,"aarya enclave, Itpl, Whitefield, 391410.0, Bengaluru, India",,,,False,no_osm_result,miss
proj_fcb0fbdb18a42b64,bengaluru,SB Infra Ananth Mansion,Malleshwaram,583201.0,unmapped,"SB Infra Ananth Mansion, Malleshwaram, 583201.0, Bengaluru, India",,,,False,no_osm_result,miss
proj_3f25e8763ec78ebd,bengaluru,Rishi Ferns Cottage,Koramangala,734008.0,unmapped,"Rishi Ferns Cottage, Koramangala, 734008.0, Bengaluru, India",,,,False,no_osm_result,miss
proj_daf5f02a92da9c2b,bengaluru,Marg Savithanjali,Old Madras Road,603110.0,unmapped,"Marg Savithanjali, Old Madras Road, 603110.0, Bengaluru, India",,,,False,no_osm_result,miss
proj_175de7cee5fab8fa,bengaluru,Arihant Frangipani,Old Madras Road,603103.0,unmapped,"Arihant Frangipani, Old Madras Road, 603103.0, Bengaluru, India",,,,False,no_osm_result,miss
proj_76dad660a16cffca,bengaluru,Arihant Heirloom,Old Madras Road,600130.0,unmapped,"Arihant Heirloom, Old Madras Road, 600130.0, Bengaluru, India",,,,False,no_osm_result,miss
proj_00b0c57beb8ea117,bengaluru,akshaya adair,Old Madras Road,603103.0,unmapped,"akshaya adair, Old Madras Road, 603103.0, Bengaluru, India",,,,False,no_osm_result,miss
proj_7ca94c7fc71a0593,bengaluru,Doshi Nakshatra I,Old Madras Road,600045.0,unmapped,"Doshi Nakshatra I, Old Madras Road, 600045.0, Bengaluru, India",,,,False,no_osm_result,miss
proj_42e9e29baa81a7a8,bengaluru,Jagannath Meadows 2,Old Madras Road,600130.0,unmapped,"Jagannath Meadows 2, Old Madras Road, 600130.0, Bengaluru, India",,,,False,no_osm_result,miss
proj_6ce8e43782e12756,bengaluru,K Raheja Park,Vijayanagar,400051.0,unmapped,"K Raheja Park, Vijayanagar, 400051.0, Bengaluru, India",,,,False,no_osm_result,miss
proj_50e85af9edf98056,bengaluru,Indico Coffee County Farms,Tumkur Road,411067.0,unmapped,"Indico Coffee County Farms, Tumkur Road, 411067.0, Bengaluru, India",,,,False,no_osm_result,miss
proj_752e203022568e72,bengaluru,Neelgund Eshan,Kalyan Nagar,580021.0,unmapped,"Neelgund Eshan, Kalyan Nagar, 580021.0, Bengaluru, India",,,,False,no_osm_result,miss
proj_d73e123036b06062,bengaluru,Fakruddins Limra Residency,Peenya,642104.0,unmapped,"Fakruddins Limra Residency, Peenya, 642104.0, Bengaluru, India",,,,False,no_osm_result,miss
proj_d00866fb3b85387f,bengaluru,AKS Residency,Electronic City,171011.0,unmapped,"AKS Residency, Electronic City, 171011.0, Bengaluru, India",,,,False,no_osm_result,miss
proj_e0ddd5dbd8f18664,bengaluru,Azmath E Hind,Arekere,193225.0,unmapped,"Azmath E Hind, Arekere, 193225.0, Bengaluru, India",,,,False,no_osm_result,miss
proj_73f0d9004c270113,bengaluru,Transpoorthi,Mysore Road,571130.0,unmapped,"Transpoorthi, Mysore Road, 571130.0, Bengaluru, India",,,,False,no_osm_result,miss
proj_016ebfbb1f1c1d97,bengaluru,Shrestha Residency,Nandi Hills,44400.0,unmapped,"Shrestha Residency, Nandi Hills, 44400.0, Bengaluru, India",,,,False,no_osm_result,miss
proj_c800f4bc738c7ca0,bengaluru,SKS Farms,Doddaballapura,572212.0,unmapped,"SKS Farms, Doddaballapura, 572212.0, Bengaluru, India",,,,False,no_osm_result,miss
proj_6b03f0df0216c3a8,bengaluru,Milestone Villas,Jigani,,unmapped,"Milestone Villas, Jigani, Bengaluru, India",,,,False,no_osm_result,miss
proj_e22416d1da2af152,bengaluru,MJ Areana,Jigani,,unmapped,"MJ Areana, Jigani, Bengaluru, India",,,,False,no_osm_result,miss
proj_8fa029d7cb1ef09e,bengaluru,VIP Cosmo Square,Jigani,641021.0,unmapped,"VIP Cosmo Square, Jigani, 641021.0, Bengaluru, India",,,,False,no_osm_result,miss
proj_68cf436da0b6879d,bengaluru,Manisha Enclave,"Kaggadasapura, Indira nagar",751021.0,unmapped,"Manisha Enclave, Kaggadasapura, Indira nagar, 751021.0, Bengaluru, India",,,,False,no_osm_result,miss
proj_549004b2a9fcd7f7,bengaluru,Shilpa Enclave,"Kaggadasapura, Indira nagar",800025.0,unmapped,"Shilpa Enclave, Kaggadasapura, Indira nagar, 800025.0, Bengaluru, India",,,,False,no_osm_result,miss
project_743cedc77c2bd1d6,mumbai,Supreme 19,Andheri West,400058.0,validated_candidate_geocode,"Supreme 19, Andheri West, 400058.0, Mumbai, India",,,,False,no_osm_result,miss
project_d5e23b24b95ea4e1,mumbai,Lodha Codename Seaview,Walkeshwar,400006.0,validated_candidate_geocode,"Lodha Codename Seaview, Walkeshwar, 400006.0, Mumbai, India",,,,False,no_osm_result,miss
project_65193dfbade73023,mumbai,Utility Mansion,Khar Danda,400047.0,unmapped,"Utility Mansion, Khar Danda, 400047.0, Mumbai, India",,,,False,no_osm_result,miss
project_545eeeb13f51d433,mumbai,Prestige Court,Khar West,400052.0,validated_candidate_geocode,"Prestige Court, Khar West, 400052.0, Mumbai, India",,,,False,no_osm_result,miss
project_6f67d19e920707e3,mumbai,Dream Park,Gandhi Bazar,400071.0,validated_candidate_geocode,"Dream Park, Gandhi Bazar, 400071.0, Mumbai, India",,,,False,no_osm_result,miss
project_cc01f0349df972d3,mumbai,Time Gold Residences,Vile Parle East,400057.0,unmapped,"Time Gold Residences, Vile Parle East, 400057.0, Mumbai, India",,,,False,no_osm_result,miss
project_b4181ca489013ab0,mumbai,Nahar 8 Towers,Powai,400076.0,unmapped,"Nahar 8 Towers, Powai, 400076.0, Mumbai, India",,,,False,no_osm_result,miss
project_fd8309496161da06,mumbai,Eden Tower,Chembur,400071.0,validated_candidate_geocode,"Eden Tower, Chembur, 400071.0, Mumbai, India",,,,False,no_osm_result,miss
project_dadc383ce8ed7e12,mumbai,Rodium Xenus,Matunga,400019.0,validated_candidate_geocode,"Rodium Xenus, Matunga, 400019.0, Mumbai, India",,,,False,no_osm_result,miss
project_34c4879558477048,mumbai,Panchatantra I,Andheri East,400069.0,validated_candidate_geocode,"Panchatantra I, Andheri East, 400069.0, Mumbai, India",,,,False,no_osm_result,miss
project_3c69d22b6999c707,mumbai,Satguru CHS Ltd,Kandivali West,400067.0,validated_candidate_geocode,"Satguru CHS Ltd, Kandivali West, 400067.0, Mumbai, India",,,,False,no_osm_result,miss
project_aa3519f3c7a60967,mumbai,Siddhatek Apartment,Kandivali West,400067.0,validated_candidate_geocode,"Siddhatek Apartment, Kandivali West, 400067.0, Mumbai, India",,,,False,no_osm_result,miss
project_ca168382b712274e,mumbai,Sugee Om Sat,Dadar East,400014.0,validated_candidate_geocode,"Sugee Om Sat, Dadar East, 400014.0, Mumbai, India",,,,False,no_osm_result,miss
project_057a74b0b058f24c,mumbai,Vasant Marvel Gold Colosseum,Bhandup West,400078.0,validated_candidate_geocode,"Vasant Marvel Gold Colosseum, Bhandup West, 400078.0, Mumbai, India",,,,False,no_osm_result,miss
project_610ec7b5d39280ac,mumbai,Square Gardens,Bhayandar West,401101.0,validated_candidate_geocode,"Square Gardens, Bhayandar West, 401101.0, Mumbai, India",,,,False,no_osm_result,miss
project_a8cb476aca04a301,mumbai,Aurigae Residency,Kandivali East,400101.0,validated_candidate_geocode,"Aurigae Residency, Kandivali East, 400101.0, Mumbai, India",,,,False,no_osm_result,miss
project_d1d03068297cf289,mumbai,Silicon Enclave,Chembur,400071.0,validated_candidate_geocode,"Silicon Enclave, Chembur, 400071.0, Mumbai, India",,,,False,no_osm_result,miss
project_4a716d5890d5d051,mumbai,Konark Residency,Vasai,401202.0,unmapped,"Konark Residency, Vasai, 401202.0, Mumbai, India",,,,False,no_osm_result,miss
project_4f6ad08878f718f0,mumbai,Gaurav Enclave,Mira Road Area,401107.0,validated_candidate_geocode,"Gaurav Enclave, Mira Road Area, 401107.0, Mumbai, India",,,,False,no_osm_result,miss
project_d7ecfce0175bc599,pune,Geras River of Joy,Kharadi,411014.0,validated_candidate_geocode,"Geras River of Joy, Kharadi, 411014.0, Pune, India",,,,False,no_osm_result,miss
project_be4fb1e9316e4f9b,pune,Jalan Aura County,Wagholi,412207.0,validated_candidate_geocode,"Jalan Aura County, Wagholi, 412207.0, Pune, India",,,,False,no_osm_result,miss
project_a4cb800bdfbf30eb,pune,Raj Heramba Regalia Residency,Bavdhan,411021.0,validated_candidate_geocode,"Raj Heramba Regalia Residency, Bavdhan, 411021.0, Pune, India",,,,False,no_osm_result,miss
project_525acad1bab9eb56,pune,Vastushodh AnandGram Wakhari,Solapur Road,412204.0,unmapped,"Vastushodh AnandGram Wakhari, Solapur Road, 412204.0, Pune, India",,,,False,no_osm_result,miss
project_50e004b8a923691f,delhi_ncr,Smartworld Le courtyard,"Sector 98, Noida Express Way",201303.0,unmapped,"Smartworld Le courtyard, Sector 98, Noida Express Way, 201303.0, Delhi NCR, India",,,,False,no_osm_result,miss
project_4d1cbfe9e9fe98b2,delhi_ncr,Blitzbay Smartworld Es,"Sector 98, Noida Express Way",201303.0,validated_candidate_geocode,"Blitzbay Smartworld Es, Sector 98, Noida Express Way, 201303.0, Delhi NCR, India",,,,False,no_osm_result,miss
project_20951b3998f2d41d,delhi_ncr,orchid petals,Sohna Road,122018.0,validated_candidate_geocode,"orchid petals, Sohna Road, 122018.0, Delhi NCR, India",,,,False,no_osm_result,miss
project_654b99191ce1d0f4,delhi_ncr,Tulip Monsella,Sector 53,122022.0,validated_candidate_geocode,"Tulip Monsella, Sector 53, 122022.0, Delhi NCR, India",,,,False,no_osm_result,miss
project_fb596a23724d3d68,delhi_ncr,Purvanchal Royal Park,"Sector 137, Noida Express Way",201305.0,validated_candidate_geocode,"Purvanchal Royal Park, Sector 137, Noida Express Way, 201305.0, Delhi NCR, India",,,,False,no_osm_result,miss
project_829ed9ba9f601660,delhi_ncr,DLF The Crest,Sector 54,122011.0,validated_candidate_geocode,"DLF The Crest, Sector 54, 122011.0, Delhi NCR, India",,,,False,no_osm_result,miss
project_2925012155e9acfc,delhi_ncr,Mahagun Medalleo Low Rise,"Sector 107, Dadri Road",201301.0,validated_candidate_geocode,"Mahagun Medalleo Low Rise, Sector 107, Dadri Road, 201301.0, Delhi NCR, India",,,,False,no_osm_result,miss
project_93e77cadbcc091b1,delhi_ncr,Central Park Resorts Sky Villas,Sector 48,122001.0,validated_candidate_geocode,"Central Park Resorts Sky Villas, Sector 48, 122001.0, Delhi NCR, India",,,,False,no_osm_result,miss
project_ff4020e15c7ea67b,delhi_ncr,Raheja Vedaanta,Sector 108,122017.0,validated_candidate_geocode,"Raheja Vedaanta, Sector 108, 122017.0, Delhi NCR, India",,,,False,no_osm_result,miss
project_33a02a9c764a32b4,delhi_ncr,Dlf Beverly Park 2,Sector 25,122022.0,validated_candidate_geocode,"Dlf Beverly Park 2, Sector 25, 122022.0, Delhi NCR, India",,,,False,no_osm_result,miss
project_adc207a1e03812b1,delhi_ncr,Sobha Aranya Phase 1,Sector 80,122101.0,validated_candidate_geocode,"Sobha Aranya Phase 1, Sector 80, 122101.0, Delhi NCR, India",,,,False,no_osm_result,miss
project_45c0bb1016c2619f,delhi_ncr,DLF The Magnolias,Sector 42,122002.0,validated_candidate_geocode,"DLF The Magnolias, Sector 42, 122002.0, Delhi NCR, India",,,,False,no_osm_result,miss
project_3ca0020059445f1d,delhi_ncr,Satya The Legend,Sector 57,122003.0,validated_candidate_geocode,"Satya The Legend, Sector 57, 122003.0, Delhi NCR, India",,,,False,no_osm_result,miss
project_e61cef50010342fc,delhi_ncr,JMD Gardens,Sector 33,122018.0,validated_candidate_geocode,"JMD Gardens, Sector 33, 122018.0, Delhi NCR, India",,,,False,no_osm_result,miss
project_ed9f2033e3853105,delhi_ncr,Unitech Palm,South City 1,122022.0,validated_candidate_geocode,"Unitech Palm, South City 1, 122022.0, Delhi NCR, India",,,,False,no_osm_result,miss
project_b9d23f1f849ec3cc,delhi_ncr,Belgravia Resort Residences,Sector 48,122001.0,validated_candidate_geocode,"Belgravia Resort Residences, Sector 48, 122001.0, Delhi NCR, India",,,,False,no_osm_result,miss
project_73d232ebe9ee9c5e,delhi_ncr,DLF Camellias,Golf Course Road,122003.0,validated_candidate_geocode,"DLF Camellias, Golf Course Road, 122003.0, Delhi NCR, India",,,,False,no_osm_result,miss
project_3c8608971ae8fa7e,delhi_ncr,The Legacy Phase 1,Sector 63A,122102.0,unmapped,"The Legacy Phase 1, Sector 63A, 122102.0, Delhi NCR, India",,,,False,no_osm_result,miss
project_dbf216d39513b6ff,delhi_ncr,Central Park Bellavista,Sector 48,122001.0,validated_candidate_geocode,"Central Park Bellavista, Sector 48, 122001.0, Delhi NCR, India",,,,False,no_osm_result,miss
project_6e230571b06dcfa7,delhi_ncr,DLF Westend Heights,Phase 5 DLF,122011.0,validated_candidate_geocode,"DLF Westend Heights, Phase 5 DLF, 122011.0, Delhi NCR, India",,,,False,no_osm_result,miss
project_763e18f7c9924ea6,delhi_ncr,Central Park The Selene Tower,Sector 32 Sohna,122102.0,unmapped,"Central Park The Selene Tower, Sector 32 Sohna, 122102.0, Delhi NCR, India",,,,False,no_osm_result,miss
project_4a749a80192c85cf,delhi_ncr,DLF Blaire,Phase 5 DLF,122011.0,validated_candidate_geocode,"DLF Blaire, Phase 5 DLF, 122011.0, Delhi NCR, India",,,,False,no_osm_result,miss
project_61866f9b01d91f12,delhi_ncr,M3M Altitude,Sector 65,122102.0,validated_candidate_geocode,"M3M Altitude, Sector 65, 122102.0, Delhi NCR, India",,,,False,no_osm_result,miss
project_40b2f8bf9b1a29ad,delhi_ncr,M3M Elie Saab,Sector 111,122017.0,validated_candidate_geocode,"M3M Elie Saab, Sector 111, 122017.0, Delhi NCR, India",,,,False,no_osm_result,miss
project_c7dd2e007142747b,delhi_ncr,Sobha Crescent,Sector 63A,122102.0,unmapped,"Sobha Crescent, Sector 63A, 122102.0, Delhi NCR, India",,,,False,no_osm_result,miss
project_cdbc34b7c8cf1f4b,delhi_ncr,Emaar MGF The Vilas,Sector 25,122022.0,validated_candidate_geocode,"Emaar MGF The Vilas, Sector 25, 122022.0, Delhi NCR, India",,,,False,no_osm_result,miss
project_48e580ebdd2a35c6,delhi_ncr,Silverglades Laburnum,Sushant Lok,122022.0,validated_candidate_geocode,"Silverglades Laburnum, Sushant Lok, 122022.0, Delhi NCR, India",,,,False,no_osm_result,miss
project_28af1261d541ba43,delhi_ncr,DLF The Pinnacle,Phase 5 DLF,122011.0,validated_candidate_geocode,"DLF The Pinnacle, Phase 5 DLF, 122011.0, Delhi NCR, India",,,,False,no_osm_result,miss
project_1091ccf71ba81a31,delhi_ncr,Max Estate 105,"Sector 105, Noida Express Way",201304.0,validated_candidate_geocode,"Max Estate 105, Sector 105, Noida Express Way, 201304.0, Delhi NCR, India",,,,False,no_osm_result,miss
project_de422a06121a432e,delhi_ncr,SS The Penthouses at the Hibiscus,Sector 50,122018.0,validated_candidate_geocode,"SS The Penthouses at the Hibiscus, Sector 50, 122018.0, Delhi NCR, India",,,,False,no_osm_result,miss
project_9ab4cdeb0fc55a9d,delhi_ncr,Harmony The Horizon Residences,"Vaibhav Khand, Indirapuram",201014.0,validated_candidate_geocode,"Harmony The Horizon Residences, Vaibhav Khand, Indirapuram, 201014.0, Delhi NCR, India",,,,False,no_osm_result,miss
project_cd330c793ce555f8,delhi_ncr,Shalimar Krrish Ibiza Town,Surajkund,121010.0,unmapped,"Shalimar Krrish Ibiza Town, Surajkund, 121010.0, Delhi NCR, India",,,,False,no_osm_result,miss
project_8e61312a3cebe5c0,delhi_ncr,Emaar Palm Terraces Select,Sector 66,122102.0,validated_candidate_geocode,"Emaar Palm Terraces Select, Sector 66, 122102.0, Delhi NCR, India",,,,False,no_osm_result,miss
project_654ba505ec8298fd,delhi_ncr,Silverglades Hightown Residences,Sushant Lok,122022.0,validated_candidate_geocode,"Silverglades Hightown Residences, Sushant Lok, 122022.0, Delhi NCR, India",,,,False,no_osm_result,miss
project_ad61a376610d9ca7,delhi_ncr,Tribeca Trump Tower,Sector 65,122102.0,validated_candidate_geocode,"Tribeca Trump Tower, Sector 65, 122102.0, Delhi NCR, India",,,,False,no_osm_result,miss
project_2d93eeca1ba43013,delhi_ncr,DLF Richmond Park,Sector 43,122022.0,validated_candidate_geocode,"DLF Richmond Park, Sector 43, 122022.0, Delhi NCR, India",,,,False,no_osm_result,miss
project_b6f73be7c17752be,delhi_ncr,The Vipul Tatvam Villas,Sector 48,122001.0,validated_candidate_geocode,"The Vipul Tatvam Villas, Sector 48, 122001.0, Delhi NCR, India",,,,False,no_osm_result,miss
project_1ded57d5b97bf680,delhi_ncr,Pioneer Araya,Sector 62,122102.0,validated_candidate_geocode,"Pioneer Araya, Sector 62, 122102.0, Delhi NCR, India",,,,False,no_osm_result,miss
project_edd80e5f94208247,delhi_ncr,Godrej Astra,Sector 54,122011.0,validated_candidate_geocode,"Godrej Astra, Sector 54, 122011.0, Delhi NCR, India",,,,False,no_osm_result,miss
project_b5c0ed1450af630c,delhi_ncr,TDI Ourania,Sector 53,122022.0,validated_candidate_geocode,"TDI Ourania, Sector 53, 122022.0, Delhi NCR, India",,,,False,no_osm_result,miss
project_569b91ce9e47a2ce,delhi_ncr,Unitech Nirvana Villas,Sector 50,122018.0,validated_candidate_geocode,"Unitech Nirvana Villas, Sector 50, 122018.0, Delhi NCR, India",,,,False,no_osm_result,miss
project_f97496acb3b17bd0,delhi_ncr,Godrej Sora,Sector 53,122022.0,validated_candidate_geocode,"Godrej Sora, Sector 53, 122022.0, Delhi NCR, India",,,,False,no_osm_result,miss
project_1dc4a51bc03fd64b,delhi_ncr,Alpha Corp Gurgaon One,Sector 22,122022.0,validated_candidate_geocode,"Alpha Corp Gurgaon One, Sector 22, 122022.0, Delhi NCR, India",,,,False,no_osm_result,miss
project_997af5ba6db4d45e,delhi_ncr,Ambience Caitriona,Sector 24,122022.0,validated_candidate_geocode,"Ambience Caitriona, Sector 24, 122022.0, Delhi NCR, India",,,,False,no_osm_result,miss
project_c792ca773337b4ab,delhi_ncr,Sahara Grace,Sector 28,122022.0,unmapped,"Sahara Grace, Sector 28, 122022.0, Delhi NCR, India",,,,False,no_osm_result,miss
project_7babc7d94905ec85,delhi_ncr,Emaar Palm Springs Plaza,Golf Course Road,122003.0,validated_candidate_geocode,"Emaar Palm Springs Plaza, Golf Course Road, 122003.0, Delhi NCR, India",,,,False,no_osm_result,miss
project_4d8b359fd5665a62,delhi_ncr,Shapoorji Pallonji The Dualis,Sector 46,122022.0,validated_candidate_geocode,"Shapoorji Pallonji The Dualis, Sector 46, 122022.0, Delhi NCR, India",,,,False,no_osm_result,miss
project_244bd6cdc13f7f11,delhi_ncr,Salcon The Verandas,Golf Course Road,122003.0,unmapped,"Salcon The Verandas, Golf Course Road, 122003.0, Delhi NCR, India",,,,False,no_osm_result,miss
project_e181a631f8eafa72,delhi_ncr,TGB Meghdutam,Sector 50,201304.0,validated_candidate_geocode,"TGB Meghdutam, Sector 50, 201304.0, Delhi NCR, India",,,,False,no_osm_result,miss
project_bfde112eaac4d83e,delhi_ncr,M3M Latitude,Sector 65,122102.0,validated_candidate_geocode,"M3M Latitude, Sector 65, 122102.0, Delhi NCR, India",,,,False,no_osm_result,miss
project_17dc72482170ae5e,delhi_ncr,M3M Polo Suites,Sector 65,122102.0,validated_candidate_geocode,"M3M Polo Suites, Sector 65, 122102.0, Delhi NCR, India",,,,False,no_osm_result,miss
project_d473754fcea21a59,delhi_ncr,Omaxe Twin Tower,Sector 50,201304.0,validated_candidate_geocode,"Omaxe Twin Tower, Sector 50, 201304.0, Delhi NCR, India",,,,False,no_osm_result,miss
project_73f7b3480949a537,delhi_ncr,Godrej Alira,Sector 39,122022.0,validated_candidate_geocode,"Godrej Alira, Sector 39, 122022.0, Delhi NCR, India",,,,False,no_osm_result,miss
project_a9b25077683de9c4,delhi_ncr,Antriksh Central Avenue,Sector 33,122018.0,validated_candidate_geocode,"Antriksh Central Avenue, Sector 33, 122018.0, Delhi NCR, India",,,,False,no_osm_result,miss
project_4cf380f86a7b7d7b,delhi_ncr,ABA Cleo Gold,Sector 121,201307.0,validated_candidate_geocode,"ABA Cleo Gold, Sector 121, 201307.0, Delhi NCR, India",,,,False,no_osm_result,miss
project_0def79c1830ca323,delhi_ncr,Dalcore The Falcon,Sector 53,122022.0,validated_candidate_geocode,"Dalcore The Falcon, Sector 53, 122022.0, Delhi NCR, India",,,,False,no_osm_result,miss
project_06a59b174523198e,delhi_ncr,M3M St. Andrews,Sector 65,122102.0,validated_candidate_geocode,"M3M St. Andrews, Sector 65, 122102.0, Delhi NCR, India",,,,False,no_osm_result,miss
project_23f230bb13927ade,delhi_ncr,Adani Oyster Grande Tower G,Sector 102,122006.0,validated_candidate_geocode,"Adani Oyster Grande Tower G, Sector 102, 122006.0, Delhi NCR, India",,,,False,no_osm_result,miss
project_d5fb01b5a755f591,delhi_ncr,Independent Floors at DLF City Phase III,Phase 3 DLF,122002.0,unmapped,"Independent Floors at DLF City Phase III, Phase 3 DLF, 122002.0, Delhi NCR, India",,,,False,no_osm_result,miss
project_375e866c1a947a33,delhi_ncr,lndependent Floors at DLF City Phase I II and III,Phase 1 DLF,122002.0,validated_candidate_geocode,"lndependent Floors at DLF City Phase I II and III, Phase 1 DLF, 122002.0, Delhi NCR, India",,,,False,no_osm_result,miss
project_70559a794648f972,delhi_ncr,Mahagun Marvella,Sector 78,201305.0,unmapped,"Mahagun Marvella, Sector 78, 201305.0, Delhi NCR, India",,,,False,no_osm_result,miss
project_ab95d4236783bd91,delhi_ncr,M3M Panorama Suites,Sector 65,122102.0,validated_candidate_geocode,"M3M Panorama Suites, Sector 65, 122102.0, Delhi NCR, India",,,,False,no_osm_result,miss
project_13a10fc22f19857c,delhi_ncr,Page 3 Noida,"Sector 128, Noida Express Way",201304.0,validated_candidate_geocode,"Page 3 Noida, Sector 128, Noida Express Way, 201304.0, Delhi NCR, India",,,,False,no_osm_result,miss
project_d5abfa0db711a880,delhi_ncr,Oriental villa,"Sushant Lok 3, Sector 57",122003.0,validated_candidate_geocode,"Oriental villa, Sushant Lok 3, Sector 57, 122003.0, Delhi NCR, India",,,,False,no_osm_result,miss
project_183ceda8b9bfc8b0,delhi_ncr,Laburnum Victory Floors 88A,Sector 89,122004.0,validated_candidate_geocode,"Laburnum Victory Floors 88A, Sector 89, 122004.0, Delhi NCR, India",,,,False,no_osm_result,miss
project_97644a67ccafe797,delhi_ncr,ATS Advantage,Indirapuram,201014.0,validated_candidate_geocode,"ATS Advantage, Indirapuram, 201014.0, Delhi NCR, India",,,,False,no_osm_result,miss
project_053b42a2ba184f1f,delhi_ncr,Elan The Emperor,Sector 106,122006.0,validated_candidate_geocode,"Elan The Emperor, Sector 106, 122006.0, Delhi NCR, India",,,,False,no_osm_result,miss
project_c3207897993e73c3,delhi_ncr,DLF Gardencity,Sector 91,122505.0,validated_candidate_geocode,"DLF Gardencity, Sector 91, 122505.0, Delhi NCR, India",,,,False,no_osm_result,miss
project_c5371f08ca8c35f7,delhi_ncr,DLF Privana North,"Sector 76, Delhi Gurgaon Expressway",122004.0,unmapped,"DLF Privana North, Sector 76, Delhi Gurgaon Expressway, 122004.0, Delhi NCR, India",,,,False,no_osm_result,miss
project_d52b35d2722eed97,delhi_ncr,DLF The Arbour,Sector 63,122102.0,validated_candidate_geocode,"DLF The Arbour, Sector 63, 122102.0, Delhi NCR, India",,,,False,no_osm_result,miss
project_7349b492cbb7b7bb,delhi_ncr,Shapoorji Pallonji,Sector 102,122006.0,validated_candidate_geocode,"Shapoorji Pallonji, Sector 102, 122006.0, Delhi NCR, India",,,,False,no_osm_result,miss
project_064d4c6e461e6b5a,delhi_ncr,DLF Privana South,"Sector 77, Delhi Gurgaon Expressway",122004.0,unmapped,"DLF Privana South, Sector 77, Delhi Gurgaon Expressway, 122004.0, Delhi NCR, India",,,,False,no_osm_result,miss
project_293e54788d870bce,delhi_ncr,Emaar Palm Garden,Sector 83,122004.0,validated_candidate_geocode,"Emaar Palm Garden, Sector 83, 122004.0, Delhi NCR, India",,,,False,no_osm_result,miss
project_de485d9dd9d10f58,delhi_ncr,Unitech Greenwood City,Sector 45,122022.0,validated_candidate_geocode,"Unitech Greenwood City, Sector 45, 122022.0, Delhi NCR, India",,,,False,no_osm_result,miss
project_f60d0fbdbb0accbd,delhi_ncr,Ireo The Grand Arch,Sector 58,122102.0,validated_candidate_geocode,"Ireo The Grand Arch, Sector 58, 122102.0, Delhi NCR, India",,,,False,no_osm_result,miss
project_7435909098b3457f,delhi_ncr,4S The Aurrum,Sector 59,122102.0,validated_candidate_geocode,"4S The Aurrum, Sector 59, 122102.0, Delhi NCR, India",,,,False,no_osm_result,miss
project_2a6f6e42feb4599c,delhi_ncr,Birla Navya Anaika,Sector 63A,122102.0,unmapped,"Birla Navya Anaika, Sector 63A, 122102.0, Delhi NCR, India",,,,False,no_osm_result,miss
project_d3b0c2e7f5000850,delhi_ncr,M3M Mansion Ph 2,Sector 113,122017.0,validated_candidate_geocode,"M3M Mansion Ph 2, Sector 113, 122017.0, Delhi NCR, India",,,,False,no_osm_result,miss
project_819de7885729e04a,delhi_ncr,Godrej Aristocrat,Sector 49,122018.0,validated_candidate_geocode,"Godrej Aristocrat, Sector 49, 122018.0, Delhi NCR, India",,,,False,no_osm_result,miss
project_a06b48bd0f573824,delhi_ncr,Max Estate 360,Sector 36A,122004.0,validated_candidate_geocode,"Max Estate 360, Sector 36A, 122004.0, Delhi NCR, India",,,,False,no_osm_result,miss
project_83b2c51d7f85ae9a,delhi_ncr,DLF Princeton Estate,Phase 5 DLF,122011.0,validated_candidate_geocode,"DLF Princeton Estate, Phase 5 DLF, 122011.0, Delhi NCR, India",,,,False,no_osm_result,miss
project_c38f26ec51ab9257,delhi_ncr,Tonino Lamborghini Residences,Sector 71,122004.0,validated_candidate_geocode,"Tonino Lamborghini Residences, Sector 71, 122004.0, Delhi NCR, India",,,,False,no_osm_result,miss
project_209b253a97cf7453,delhi_ncr,Parsvnath Exotica,Golf Course Road,122003.0,validated_candidate_geocode,"Parsvnath Exotica, Golf Course Road, 122003.0, Delhi NCR, India",,,,False,no_osm_result,miss
project_c28a68c5aa81162b,delhi_ncr,Eros Lakewood City,Surajkund,121010.0,validated_candidate_geocode,"Eros Lakewood City, Surajkund, 121010.0, Delhi NCR, India",,,,False,no_osm_result,miss
project_49b873cc0b93ca0c,delhi_ncr,Central Park Delphine,Sector 104,122006.0,validated_candidate_geocode,"Central Park Delphine, Sector 104, 122006.0, Delhi NCR, India",,,,False,no_osm_result,miss
project_49efeeb2bfec378a,delhi_ncr,ROF Atulyas,Sector 93,122505.0,validated_candidate_geocode,"ROF Atulyas, Sector 93, 122505.0, Delhi NCR, India",,,,False,no_osm_result,miss
project_2fc1d46f1238e212,delhi_ncr,L and T Green Reserve,"Sector 128, Noida Express Way",201304.0,validated_candidate_geocode,"L and T Green Reserve, Sector 128, Noida Express Way, 201304.0, Delhi NCR, India",,,,False,no_osm_result,miss
project_034efb6668f3bde3,delhi_ncr,Krisumi Waterside Residences,Sector 36A,122004.0,validated_candidate_geocode,"Krisumi Waterside Residences, Sector 36A, 122004.0, Delhi NCR, India",,,,False,no_osm_result,miss
project_0a5dc0c37c67398c,delhi_ncr,G 99 Gurgaon,Sector 99,122001.0,validated_candidate_geocode,"G 99 Gurgaon, Sector 99, 122001.0, Delhi NCR, India",,,,False,no_osm_result,miss
project_b3d1124b20ef64d9,delhi_ncr,Savfab Jasmine Grove,National Highway 24,201015.0,validated_candidate_geocode,"Savfab Jasmine Grove, National Highway 24, 201015.0, Delhi NCR, India",,,,False,no_osm_result,miss
project_59af17c6055e9da1,delhi_ncr,Conscient Elevate,Sector 59,122102.0,validated_candidate_geocode,"Conscient Elevate, Sector 59, 122102.0, Delhi NCR, India",,,,False,no_osm_result,miss
project_9821fa90da529d92,delhi_ncr,Unitech Uniworld City,Sector 30,122022.0,validated_candidate_geocode,"Unitech Uniworld City, Sector 30, 122022.0, Delhi NCR, India",,,,False,no_osm_result,miss
project_d7ad70ed5416114b,delhi_ncr,Experion The Trillion,Sector 48,122001.0,validated_candidate_geocode,"Experion The Trillion, Sector 48, 122001.0, Delhi NCR, India",,,,False,no_osm_result,miss
project_b31937f5fbebdb78,delhi_ncr,Emaar Digi Homes,Sector 62,122102.0,validated_candidate_geocode,"Emaar Digi Homes, Sector 62, 122102.0, Delhi NCR, India",,,,False,no_osm_result,miss
project_9225d75101e5a214,delhi_ncr,Emaar Amaris,Sector 62,122102.0,validated_candidate_geocode,"Emaar Amaris, Sector 62, 122102.0, Delhi NCR, India",,,,False,no_osm_result,miss
project_eba7135fe0e68c6c,delhi_ncr,Puri Aanand Vilas,Sector 81,121002.0,validated_candidate_geocode,"Puri Aanand Vilas, Sector 81, 121002.0, Delhi NCR, India",,,,False,no_osm_result,miss
project_9690d350f32ab7bf,delhi_ncr,BPTP Downtown 66,Sector 66,122102.0,validated_candidate_geocode,"BPTP Downtown 66, Sector 66, 122102.0, Delhi NCR, India",,,,False,no_osm_result,miss
project_b1a23838b644cfd5,delhi_ncr,Birla Pravaah,Sector 71,122004.0,validated_candidate_geocode,"Birla Pravaah, Sector 71, 122004.0, Delhi NCR, India",,,,False,no_osm_result,miss
project_64d839fec1b0e345,delhi_ncr,Elevate Reserve,Sector 62,122102.0,validated_candidate_geocode,"Elevate Reserve, Sector 62, 122102.0, Delhi NCR, India",,,,False,no_osm_result,miss
project_aba4d1f19975de3a,delhi_ncr,Paras Irene,Sector 70A,122101.0,validated_candidate_geocode,"Paras Irene, Sector 70A, 122101.0, Delhi NCR, India",,,,False,no_osm_result,miss
project_1a039c686d2c4162,delhi_ncr,Krisumi Waterfall Residences,Sector 36A,122004.0,validated_candidate_geocode,"Krisumi Waterfall Residences, Sector 36A, 122004.0, Delhi NCR, India",,,,False,no_osm_result,miss
project_0bbb6580b6cf57d7,delhi_ncr,Sobha City Phase 6,Sector 108,122017.0,validated_candidate_geocode,"Sobha City Phase 6, Sector 108, 122017.0, Delhi NCR, India",,,,False,no_osm_result,miss
project_bedcfb3a66c33897,delhi_ncr,Unitech Escape,Sector 50,122018.0,validated_candidate_geocode,"Unitech Escape, Sector 50, 122018.0, Delhi NCR, India",,,,False,no_osm_result,miss
project_593e470c9ca7ba15,delhi_ncr,TARC Ishva,Sector 63A,122102.0,validated_candidate_geocode,"TARC Ishva, Sector 63A, 122102.0, Delhi NCR, India",,,,False,no_osm_result,miss
project_8e10394c3e2e1a97,delhi_ncr,Mahindra Luminare,Sector 59,122102.0,validated_candidate_geocode,"Mahindra Luminare, Sector 59, 122102.0, Delhi NCR, India",,,,False,no_osm_result,miss
project_d1bf1ccb4f05b30b,delhi_ncr,M3M Skycity,Sector 65,122102.0,validated_candidate_geocode,"M3M Skycity, Sector 65, 122102.0, Delhi NCR, India",,,,False,no_osm_result,miss
project_a4e990c6c74db21e,delhi_ncr,Conscient Heritage One,Sector 62,122102.0,validated_candidate_geocode,"Conscient Heritage One, Sector 62, 122102.0, Delhi NCR, India",,,,False,no_osm_result,miss
project_e357f8acb5c97ae6,delhi_ncr,Platinum Heights,Vaishali Extension,201012.0,validated_candidate_geocode,"Platinum Heights, Vaishali Extension, 201012.0, Delhi NCR, India",,,,False,no_osm_result,miss
project_3b45128704e19cfd,delhi_ncr,Experion Elements,"Sector 45, Noida Express Way",201303.0,validated_candidate_geocode,"Experion Elements, Sector 45, Noida Express Way, 201303.0, Delhi NCR, India",,,,False,no_osm_result,miss
project_136c6f5cdd51eb2b,delhi_ncr,Sobha Altus,Sector 106,122006.0,validated_candidate_geocode,"Sobha Altus, Sector 106, 122006.0, Delhi NCR, India",,,,False,no_osm_result,miss
project_a91cbd31c6785ce0,delhi_ncr,DLF The Grove,Sector 54,122011.0,validated_candidate_geocode,"DLF The Grove, Sector 54, 122011.0, Delhi NCR, India",,,,False,no_osm_result,miss
project_08f144e8e1d80fb6,delhi_ncr,Godrej Riverine,"Sector 44, Dadri Road",201301.0,validated_candidate_geocode,"Godrej Riverine, Sector 44, Dadri Road, 201301.0, Delhi NCR, India",,,,False,no_osm_result,miss
project_7c54d901702dfa20,delhi_ncr,Paras Floret,Sector 59,122102.0,validated_candidate_geocode,"Paras Floret, Sector 59, 122102.0, Delhi NCR, India",,,,False,no_osm_result,miss
project_13f89b92ee522c6f,delhi_ncr,Today Blossoms 1,Sector 47,122018.0,unmapped,"Today Blossoms 1, Sector 47, 122018.0, Delhi NCR, India",,,,False,no_osm_result,miss
project_84a3dbfcdc83d743,delhi_ncr,Tulip Infratech Ace,Sector 89,122004.0,unmapped,"Tulip Infratech Ace, Sector 89, 122004.0, Delhi NCR, India",,,,False,no_osm_result,miss
project_16f85dbe4a995716,delhi_ncr,Kalpataru Vista,"Sector 128, Noida Express Way",201304.0,validated_candidate_geocode,"Kalpataru Vista, Sector 128, Noida Express Way, 201304.0, Delhi NCR, India",,,,False,no_osm_result,miss
project_4a1dd7ec305d6132,delhi_ncr,Anant The Estate Residences,Sector 63A,122102.0,unmapped,"Anant The Estate Residences, Sector 63A, 122102.0, Delhi NCR, India",,,,False,no_osm_result,miss
project_f3da7481b69ba0b5,delhi_ncr,Max Estate 128,"Sector 128, Noida Express Way",201304.0,validated_candidate_geocode,"Max Estate 128, Sector 128, Noida Express Way, 201304.0, Delhi NCR, India",,,,False,no_osm_result,miss
project_5f2e33073c89f448,delhi_ncr,Gulshan Dynasty,"Sector 144, Noida Express Way",201306.0,validated_candidate_geocode,"Gulshan Dynasty, Sector 144, Noida Express Way, 201306.0, Delhi NCR, India",,,,False,no_osm_result,miss
project_80aab8abe5993efb,delhi_ncr,Aez Aloha Gurgaon,Sector 57,122003.0,validated_candidate_geocode,"Aez Aloha Gurgaon, Sector 57, 122003.0, Delhi NCR, India",,,,False,no_osm_result,miss
project_3bdc5cec0c0c0cb8,delhi_ncr,Suncity Heights,Sector 54,122011.0,unmapped,"Suncity Heights, Sector 54, 122011.0, Delhi NCR, India",,,,False,no_osm_result,miss
project_3ed9ed229de8f10f,delhi_ncr,Trevoc Royal Residences,Sector 56,122011.0,validated_candidate_geocode,"Trevoc Royal Residences, Sector 56, 122011.0, Delhi NCR, India",,,,False,no_osm_result,miss
project_5ae1fb6ca555ca16,delhi_ncr,Signature Global Twin Tower DXP,Sector 84,122004.0,validated_candidate_geocode,"Signature Global Twin Tower DXP, Sector 84, 122004.0, Delhi NCR, India",,,,False,no_osm_result,miss
project_5a8aa1a79e3e885f,delhi_ncr,BPTP MANSIONS PARK PRIME,Sector 66,122102.0,validated_candidate_geocode,"BPTP MANSIONS PARK PRIME, Sector 66, 122102.0, Delhi NCR, India",,,,False,no_osm_result,miss
project_d1128e6d2f8cf686,delhi_ncr,SBTL Caladium,Sector 109,122017.0,validated_candidate_geocode,"SBTL Caladium, Sector 109, 122017.0, Delhi NCR, India",,,,False,no_osm_result,miss
project_0a455b7fbeb0e477,delhi_ncr,M3M Opus at M3M Merlin,Sector 67,122102.0,validated_candidate_geocode,"M3M Opus at M3M Merlin, Sector 67, 122102.0, Delhi NCR, India",,,,False,no_osm_result,miss
project_c8205d6a3faf193a,delhi_ncr,Fantasy The Manor,Gwal Pahari,122003.0,validated_candidate_geocode,"Fantasy The Manor, Gwal Pahari, 122003.0, Delhi NCR, India",,,,False,no_osm_result,miss
project_1ba7705a6a362542,delhi_ncr,Urban Oasis Phase 4,Sector 62,122102.0,unmapped,"Urban Oasis Phase 4, Sector 62, 122102.0, Delhi NCR, India",,,,False,no_osm_result,miss
project_e23c307a85708936,delhi_ncr,Emaar Palm Premier,"Sector 77, Delhi Gurgaon Expressway",122004.0,validated_candidate_geocode,"Emaar Palm Premier, Sector 77, Delhi Gurgaon Expressway, 122004.0, Delhi NCR, India",,,,False,no_osm_result,miss
project_fb5f97efe10460c5,delhi_ncr,Jaypee Greens Pebble Court,"Sector 128, Noida Express Way",201304.0,validated_candidate_geocode,"Jaypee Greens Pebble Court, Sector 128, Noida Express Way, 201304.0, Delhi NCR, India",,,,False,no_osm_result,miss
project_9563683751c10455,delhi_ncr,Ascent Laxmi Villas,Raj Nagar Extension,201003.0,validated_candidate_geocode,"Ascent Laxmi Villas, Raj Nagar Extension, 201003.0, Delhi NCR, India",,,,False,no_osm_result,miss
project_7cb107a7b9e92656,delhi_ncr,Gaur Platinum Towers,"Sector 79, Dadri Road",201305.0,validated_candidate_geocode,"Gaur Platinum Towers, Sector 79, Dadri Road, 201305.0, Delhi NCR, India",,,,False,no_osm_result,miss
project_51f0f03e9c0ad4d2,delhi_ncr,Adani Samsara Arya,Sector 63,122102.0,validated_candidate_geocode,"Adani Samsara Arya, Sector 63, 122102.0, Delhi NCR, India",,,,False,no_osm_result,miss
project_6704b5c9fb2ccf3f,delhi_ncr,EssBee Builder Floor,Phase 1 DLF,122002.0,unmapped,"EssBee Builder Floor, Phase 1 DLF, 122002.0, Delhi NCR, India",,,,False,no_osm_result,miss
project_124b2acb68666087,delhi_ncr,DLF Park Place,Sector 54,122011.0,validated_candidate_geocode,"DLF Park Place, Sector 54, 122011.0, Delhi NCR, India",,,,False,no_osm_result,miss
project_90a32369241505f7,delhi_ncr,Signature Global DXP Estate,"Sector 37D, Delhi Gurgaon Expressway",122001.0,validated_candidate_geocode,"Signature Global DXP Estate, Sector 37D, Delhi Gurgaon Expressway, 122001.0, Delhi NCR, India",,,,False,no_osm_result,miss
project_bc5eda485efb3f1e,delhi_ncr,Tata Primanti,Sector 72,122004.0,validated_candidate_geocode,"Tata Primanti, Sector 72, 122004.0, Delhi NCR, India",,,,False,no_osm_result,miss
project_5f52dc10631adbec,delhi_ncr,M3M Mansion,Sector 113,122017.0,validated_candidate_geocode,"M3M Mansion, Sector 113, 122017.0, Delhi NCR, India",,,,False,no_osm_result,miss
project_4fd218b6cb4b372d,delhi_ncr,Smartworld Sky ARC,Sector 69,122001.0,validated_candidate_geocode,"Smartworld Sky ARC, Sector 69, 122001.0, Delhi NCR, India",,,,False,no_osm_result,miss
project_bdf03361911e87ce,delhi_ncr,DLF The Ultima,Sector 81,122051.0,validated_candidate_geocode,"DLF The Ultima, Sector 81, 122051.0, Delhi NCR, India",,,,False,no_osm_result,miss
project_afcd986d386fa916,delhi_ncr,BPTP Amstoria Verti Greens,Sector 102,122006.0,validated_candidate_geocode,"BPTP Amstoria Verti Greens, Sector 102, 122006.0, Delhi NCR, India",,,,False,no_osm_result,miss
project_9f2665a6ed6b683a,delhi_ncr,Elan The Presidential,Sector 106,122006.0,validated_candidate_geocode,"Elan The Presidential, Sector 106, 122006.0, Delhi NCR, India",,,,False,no_osm_result,miss
project_224cfc3c6c7e3361,delhi_ncr,Ambience Creacions,Sector 22,122022.0,validated_candidate_geocode,"Ambience Creacions, Sector 22, 122022.0, Delhi NCR, India",,,,False,no_osm_result,miss
project_ad08b1653276111c,delhi_ncr,Ireo Victory Valley,Sector 67,122102.0,validated_candidate_geocode,"Ireo Victory Valley, Sector 67, 122102.0, Delhi NCR, India",,,,False,no_osm_result,miss
project_541109ff8e7e1247,delhi_ncr,Emaar Serenity Hills,Sector 86,122505.0,validated_candidate_geocode,"Emaar Serenity Hills, Sector 86, 122505.0, Delhi NCR, India",,,,False,no_osm_result,miss
project_9c1b33892c3ded79,delhi_ncr,Signature Global Cloverdale SPR,Sector 71,122004.0,validated_candidate_geocode,"Signature Global Cloverdale SPR, Sector 71, 122004.0, Delhi NCR, India",,,,False,no_osm_result,miss
project_469e47b992dc7c88,delhi_ncr,Unitech Close South,"Nirvana Country, Sector 50",122018.0,validated_candidate_geocode,"Unitech Close South, Nirvana Country, Sector 50, 122018.0, Delhi NCR, India",,,,False,no_osm_result,miss
project_f26df8f9ca6ae624,delhi_ncr,AWHO Devinder Vihar,Sector 56,122011.0,validated_candidate_geocode,"AWHO Devinder Vihar, Sector 56, 122011.0, Delhi NCR, India",,,,False,no_osm_result,miss
project_6bf7b01e582a2215,delhi_ncr,Godrej Jardinia,Sector 146,201310.0,validated_candidate_geocode,"Godrej Jardinia, Sector 146, 201310.0, Delhi NCR, India",,,,False,no_osm_result,miss
project_ff0f43489281836d,delhi_ncr,Vatika Independent Floors,Sector 82,122004.0,validated_candidate_geocode,"Vatika Independent Floors, Sector 82, 122004.0, Delhi NCR, India",,,,False,no_osm_result,miss
project_69966cdb3b549933,delhi_ncr,Puri Diplomatic Residences,Sector 111,122017.0,validated_candidate_geocode,"Puri Diplomatic Residences, Sector 111, 122017.0, Delhi NCR, India",,,,False,no_osm_result,miss
project_890b32b08ecf48a4,delhi_ncr,3C Lotus Boulevard Espacia,Sector 100,201303.0,validated_candidate_geocode,"3C Lotus Boulevard Espacia, Sector 100, 201303.0, Delhi NCR, India",,,,False,no_osm_result,miss
project_b7a3d2feb50507bf,delhi_ncr,Emaar Emerald Floors Premier,Sector 65,122102.0,validated_candidate_geocode,"Emaar Emerald Floors Premier, Sector 65, 122102.0, Delhi NCR, India",,,,False,no_osm_result,miss
project_c6886f3931623081,delhi_ncr,Spaze Privy AT4,Sector 84,122004.0,validated_candidate_geocode,"Spaze Privy AT4, Sector 84, 122004.0, Delhi NCR, India",,,,False,no_osm_result,miss
project_c27f3c01286ca392,delhi_ncr,BPTP GAIA Residences,Sector 102,122006.0,validated_candidate_geocode,"BPTP GAIA Residences, Sector 102, 122006.0, Delhi NCR, India",,,,False,no_osm_result,miss
project_f33dec4a7748e965,delhi_ncr,BPTP Lutyens,Sector 102,122006.0,validated_candidate_geocode,"BPTP Lutyens, Sector 102, 122006.0, Delhi NCR, India",,,,False,no_osm_result,miss
project_9968879e78a77d58,delhi_ncr,Jalvayu Towers,"Sector 47, Dadri Road",201303.0,validated_candidate_geocode,"Jalvayu Towers, Sector 47, Dadri Road, 201303.0, Delhi NCR, India",,,,False,no_osm_result,miss
project_6f2925c7a3c9a956,delhi_ncr,Mapsko Royale Ville,Sector 82,122004.0,validated_candidate_geocode,"Mapsko Royale Ville, Sector 82, 122004.0, Delhi NCR, India",,,,False,no_osm_result,miss
project_fd575010661699e1,delhi_ncr,The Palatial by Hero Homes,Sector 104,122006.0,validated_candidate_geocode,"The Palatial by Hero Homes, Sector 104, 122006.0, Delhi NCR, India",,,,False,no_osm_result,miss
project_55b0a7e035bccc9f,delhi_ncr,Experion Saatori,"Sector 151, Noida Express Way",201310.0,validated_candidate_geocode,"Experion Saatori, Sector 151, Noida Express Way, 201310.0, Delhi NCR, India",,,,False,no_osm_result,miss
project_3fc5b71259fecff6,delhi_ncr,Emaar Urban Oasis,Sector 62,122102.0,validated_candidate_geocode,"Emaar Urban Oasis, Sector 62, 122102.0, Delhi NCR, India",,,,False,no_osm_result,miss
project_f6ac89ba3eefc259,delhi_ncr,AIPL The Riviera at Lake City,Sector 103,122006.0,validated_candidate_geocode,"AIPL The Riviera at Lake City, Sector 103, 122006.0, Delhi NCR, India",,,,False,no_osm_result,miss
project_fc87ebf9ca607dac,delhi_ncr,Rani Aakriti Shantiniketan,"Sector 143, Noida Express Way",201305.0,validated_candidate_geocode,"Rani Aakriti Shantiniketan, Sector 143, Noida Express Way, 201305.0, Delhi NCR, India",,,,False,no_osm_result,miss
project_8fb02800762ae83b,delhi_ncr,Mahagun Medalleo,"Sector 107, Dadri Road",201301.0,validated_candidate_geocode,"Mahagun Medalleo, Sector 107, Dadri Road, 201301.0, Delhi NCR, India",,,,False,no_osm_result,miss
project_124dd7391585b3b1,delhi_ncr,Adani M2K The Marq,Sector 102,122006.0,validated_candidate_geocode,"Adani M2K The Marq, Sector 102, 122006.0, Delhi NCR, India",,,,False,no_osm_result,miss
project_8907800cecc069c9,delhi_ncr,Contend Antara Noida Phase I,"Sector 150, Pusta Road",201310.0,unmapped,"Contend Antara Noida Phase I, Sector 150, Pusta Road, 201310.0, Delhi NCR, India",,,,False,no_osm_result,miss
project_1d435c5ba0e448ac,delhi_ncr,Max Antara Noida,"Sector 150, Pusta Road",201310.0,validated_candidate_geocode,"Max Antara Noida, Sector 150, Pusta Road, 201310.0, Delhi NCR, India",,,,False,no_osm_result,miss
project_7ac7affdb53345ce,delhi_ncr,Bhutani City Center 32,"Sector 32, Noida City centre Metro",201301.0,validated_candidate_geocode,"Bhutani City Center 32, Sector 32, Noida City centre Metro, 201301.0, Delhi NCR, India",,,,False,no_osm_result,miss
project_9fad0797546f0f61,delhi_ncr,Central Park The Orchard,Sector 32 Sohna,122102.0,validated_candidate_geocode,"Central Park The Orchard, Sector 32 Sohna, 122102.0, Delhi NCR, India",,,,False,no_osm_result,miss
project_8449c839b1b98d49,delhi_ncr,Plumeria at Godrej Woods,Sector 43,201303.0,validated_candidate_geocode,"Plumeria at Godrej Woods, Sector 43, 201303.0, Delhi NCR, India",,,,False,no_osm_result,miss
project_314ec6d94eece409,delhi_ncr,Country Side Prime Residences,Sector 65,122102.0,validated_candidate_geocode,"Country Side Prime Residences, Sector 65, 122102.0, Delhi NCR, India",,,,False,no_osm_result,miss
project_9fc0797caa6724c1,delhi_ncr,Shirja Clove County,"Sector 151, Noida Express Way",201310.0,validated_candidate_geocode,"Shirja Clove County, Sector 151, Noida Express Way, 201310.0, Delhi NCR, India",,,,False,no_osm_result,miss
project_600d2f5cd482e44e,delhi_ncr,Vatika Sovereign Next,Sector 82A,122004.0,validated_candidate_geocode,"Vatika Sovereign Next, Sector 82A, 122004.0, Delhi NCR, India",,,,False,no_osm_result,miss
project_30832512dc69b59e,delhi_ncr,ATS Knightsbridge,"Sector 124, Noida Express Way",201313.0,validated_candidate_geocode,"ATS Knightsbridge, Sector 124, Noida Express Way, 201313.0, Delhi NCR, India",,,,False,no_osm_result,miss
project_27250f0dea5317aa,delhi_ncr,Adani Samsara Ivana,Sector 63,122102.0,validated_candidate_geocode,"Adani Samsara Ivana, Sector 63, 122102.0, Delhi NCR, India",,,,False,no_osm_result,miss
project_1c281a12394e6c27,delhi_ncr,Banke Vihari,Sector 56,122011.0,validated_candidate_geocode,"Banke Vihari, Sector 56, 122011.0, Delhi NCR, India",,,,False,no_osm_result,miss
project_7903d8deab852331,delhi_ncr,ATS Pristine Golf Villas,"Sector 150, Pusta Road",201310.0,unmapped,"ATS Pristine Golf Villas, Sector 150, Pusta Road, 201310.0, Delhi NCR, India",,,,False,no_osm_result,miss
project_b5e825519d205028,delhi_ncr,Forest Walk,Dasna,201015.0,unmapped,"Forest Walk, Dasna, 201015.0, Delhi NCR, India",,,,False,no_osm_result,miss
project_29adb8d170d74f4c,delhi_ncr,BPTP Visionnaire Villas,Sector 70A,122101.0,validated_candidate_geocode,"BPTP Visionnaire Villas, Sector 70A, 122101.0, Delhi NCR, India",,,,False,no_osm_result,miss
project_9be173098a5c96b6,delhi_ncr,Paras Quartier The Iconic Tower,Gwal Pahari,122003.0,validated_candidate_geocode,"Paras Quartier The Iconic Tower, Gwal Pahari, 122003.0, Delhi NCR, India",,,,False,no_osm_result,miss
project_7b908948c0c1a793,delhi_ncr,Eros Edenwood Towers,"Sector 39, Suraj Kund Badkhal Road",121009.0,validated_candidate_geocode,"Eros Edenwood Towers, Sector 39, Suraj Kund Badkhal Road, 121009.0, Delhi NCR, India",,,,False,no_osm_result,miss
project_b409e3c47ddbc2cd,delhi_ncr,DLF City Independent Floors,Phase 2 DLF,122022.0,validated_candidate_geocode,"DLF City Independent Floors, Phase 2 DLF, 122022.0, Delhi NCR, India",,,,False,no_osm_result,miss
project_974d7d6dc120c586,delhi_ncr,Unitech Cedar Crest Nirvana Country,"Nirvana Country, Sector 50",122018.0,validated_candidate_geocode,"Unitech Cedar Crest Nirvana Country, Nirvana Country, Sector 50, 122018.0, Delhi NCR, India",,,,False,no_osm_result,miss
project_96cc46ccbc7d5db3,delhi_ncr,City Cooperative Society,Sector 55,122011.0,validated_candidate_geocode,"City Cooperative Society, Sector 55, 122011.0, Delhi NCR, India",,,,False,no_osm_result,miss
project_13a571f5afc052b6,delhi_ncr,Mariners Home,Sector 56,122011.0,validated_candidate_geocode,"Mariners Home, Sector 56, 122011.0, Delhi NCR, India",,,,False,no_osm_result,miss
project_805277d107662538,delhi_ncr,EON Floors 62,Sector 62,122102.0,validated_candidate_geocode,"EON Floors 62, Sector 62, 122102.0, Delhi NCR, India",,,,False,no_osm_result,miss
project_f4f7b48d115f1237,delhi_ncr,Eros Wembley Estate,Sector 50,122018.0,validated_candidate_geocode,"Eros Wembley Estate, Sector 50, 122018.0, Delhi NCR, India",,,,False,no_osm_result,miss
project_62285143f3610ba8,delhi_ncr,Sobha City,Sector 108,122017.0,validated_candidate_geocode,"Sobha City, Sector 108, 122017.0, Delhi NCR, India",,,,False,no_osm_result,miss
project_2b7c9a71e82fd2a0,delhi_ncr,Central Park 2,Sector 48,122001.0,validated_candidate_geocode,"Central Park 2, Sector 48, 122001.0, Delhi NCR, India",,,,False,no_osm_result,miss
project_96397ffaf814c4c2,delhi_ncr,M3M Crown Phase 1,Sector 111,122017.0,validated_candidate_geocode,"M3M Crown Phase 1, Sector 111, 122017.0, Delhi NCR, India",,,,False,no_osm_result,miss
project_fabcb91573b4bbc9,delhi_ncr,Godrej Meridien Grandeur,Sector 106,122006.0,validated_candidate_geocode,"Godrej Meridien Grandeur, Sector 106, 122006.0, Delhi NCR, India",,,,False,no_osm_result,miss
project_b3782a0d0f2b8486,delhi_ncr,Signature Global DE LUXE DXP,"Sector 37D, Delhi Gurgaon Expressway",122001.0,validated_candidate_geocode,"Signature Global DE LUXE DXP, Sector 37D, Delhi Gurgaon Expressway, 122001.0, Delhi NCR, India",,,,False,no_osm_result,miss
project_dd676878324b7f59,delhi_ncr,Raheja Revanta,Sector 78,122004.0,validated_candidate_geocode,"Raheja Revanta, Sector 78, 122004.0, Delhi NCR, India",,,,False,no_osm_result,miss
project_86cdf7ec93606732,delhi_ncr,M3M Golf Estate,Sector 65,122102.0,validated_candidate_geocode,"M3M Golf Estate, Sector 65, 122102.0, Delhi NCR, India",,,,False,no_osm_result,miss
project_c9326e580d41f0e2,delhi_ncr,IREO Skyon,Sector 60,122102.0,validated_candidate_geocode,"IREO Skyon, Sector 60, 122102.0, Delhi NCR, India",,,,False,no_osm_result,miss
project_e571481f3b1a04d1,delhi_ncr,Unitech The Close North,Sector 50,122018.0,validated_candidate_geocode,"Unitech The Close North, Sector 50, 122018.0, Delhi NCR, India",,,,False,no_osm_result,miss
project_564656b04506c25a,delhi_ncr,Unitech Sunbreeze,Sector 69,122001.0,validated_candidate_geocode,"Unitech Sunbreeze, Sector 69, 122001.0, Delhi NCR, India",,,,False,no_osm_result,miss
project_d6eb0a9da882e2bd,delhi_ncr,Godrej Vrikshya,Sector 103,122006.0,validated_candidate_geocode,"Godrej Vrikshya, Sector 103, 122006.0, Delhi NCR, India",,,,False,no_osm_result,miss
project_6d388e0a1bb6844e,delhi_ncr,Elite Golf Greens,"Sector 79, Dadri Road",201305.0,validated_candidate_geocode,"Elite Golf Greens, Sector 79, Dadri Road, 201305.0, Delhi NCR, India",,,,False,no_osm_result,miss
project_bc848d6742c267f5,delhi_ncr,Mahagun Mirabella,"Sector 79, Dadri Road",201305.0,validated_candidate_geocode,"Mahagun Mirabella, Sector 79, Dadri Road, 201305.0, Delhi NCR, India",,,,False,no_osm_result,miss
project_67a0d205deebeaf8,delhi_ncr,Experion Windchants,Sector 112,122017.0,validated_candidate_geocode,"Experion Windchants, Sector 112, 122017.0, Delhi NCR, India",,,,False,no_osm_result,miss
project_bee4c7ff37dafe80,delhi_ncr,Pyramid Alban,Sector 71,122004.0,validated_candidate_geocode,"Pyramid Alban, Sector 71, 122004.0, Delhi NCR, India",,,,False,no_osm_result,miss
project_6a825d53643c0d56,delhi_ncr,Ganga Anantam,Sector 85,122004.0,validated_candidate_geocode,"Ganga Anantam, Sector 85, 122004.0, Delhi NCR, India",,,,False,no_osm_result,miss
project_19e4d1185361ca74,delhi_ncr,Sobha International City,Sector 109,122017.0,validated_candidate_geocode,"Sobha International City, Sector 109, 122017.0, Delhi NCR, India",,,,False,no_osm_result,miss
project_3101353657527717,delhi_ncr,Bestech Park View Spa Next,Sector 67,122102.0,validated_candidate_geocode,"Bestech Park View Spa Next, Sector 67, 122102.0, Delhi NCR, India",,,,False,no_osm_result,miss
project_2e80cc3c28b33f18,delhi_ncr,Conscient PARQ,Sector 80,122101.0,validated_candidate_geocode,"Conscient PARQ, Sector 80, 122101.0, Delhi NCR, India",,,,False,no_osm_result,miss
project_76865f3099a09cd6,delhi_ncr,Puri Diplomatic Greens,Sector 111,122017.0,validated_candidate_geocode,"Puri Diplomatic Greens, Sector 111, 122017.0, Delhi NCR, India",,,,False,no_osm_result,miss
project_26fb787cb2793f80,delhi_ncr,Mahagun Manorialle,"Sector 128, Noida Express Way",201304.0,validated_candidate_geocode,"Mahagun Manorialle, Sector 128, Noida Express Way, 201304.0, Delhi NCR, India",,,,False,no_osm_result,miss
project_29760163f9f535ee,delhi_ncr,Omaxe The Nile,Sohna Road,122018.0,validated_candidate_geocode,"Omaxe The Nile, Sohna Road, 122018.0, Delhi NCR, India",,,,False,no_osm_result,miss
project_e9f758a91fd95ada,delhi_ncr,Sweta Central Park,Sohna Road,122018.0,validated_candidate_geocode,"Sweta Central Park, Sohna Road, 122018.0, Delhi NCR, India",,,,False,no_osm_result,miss
project_f281c630d05049d0,delhi_ncr,Jaypee Greens Imperial Court,"Sector 128, Noida Express Way",201304.0,validated_candidate_geocode,"Jaypee Greens Imperial Court, Sector 128, Noida Express Way, 201304.0, Delhi NCR, India",,,,False,no_osm_result,miss
project_2ac8d94d07b627af,delhi_ncr,M3M The Cullinan,"Sector 94, Noida Express Way",201309.0,validated_candidate_geocode,"M3M The Cullinan, Sector 94, Noida Express Way, 201309.0, Delhi NCR, India",,,,False,no_osm_result,miss
project_81c0aaee9399d072,delhi_ncr,Central Park III Independent Floors,Sector 33,122018.0,validated_candidate_geocode,"Central Park III Independent Floors, Sector 33, 122018.0, Delhi NCR, India",,,,False,no_osm_result,miss
project_fe0895cddea38eb0,delhi_ncr,The Oryza by Origen Realty,Sector 88A,122505.0,unmapped,"The Oryza by Origen Realty, Sector 88A, 122505.0, Delhi NCR, India",,,,False,no_osm_result,miss
project_d62f63d1a10a0e2e,delhi_ncr,Arttech The Story House,Sector 89A,122505.0,validated_candidate_geocode,"Arttech The Story House, Sector 89A, 122505.0, Delhi NCR, India",,,,False,no_osm_result,miss
project_10bf24a2ee081c55,delhi_ncr,Puri The Aravallis,Sector 61,122102.0,validated_candidate_geocode,"Puri The Aravallis, Sector 61, 122102.0, Delhi NCR, India",,,,False,no_osm_result,miss
project_43b0ebc1c5b5353a,delhi_ncr,Ganga Nandaka,Sector 84,122004.0,validated_candidate_geocode,"Ganga Nandaka, Sector 84, 122004.0, Delhi NCR, India",,,,False,no_osm_result,miss
project_9a2785fe85f2ecf3,delhi_ncr,Conscient Elaira Residences Phase 1,Sector 80,122101.0,validated_candidate_geocode,"Conscient Elaira Residences Phase 1, Sector 80, 122101.0, Delhi NCR, India",,,,False,no_osm_result,miss
project_c02721479a33a20c,delhi_ncr,Suncity Monarch Residences,Sector 78,122004.0,validated_candidate_geocode,"Suncity Monarch Residences, Sector 78, 122004.0, Delhi NCR, India",,,,False,no_osm_result,miss
project_98390dd7b8d37a1f,delhi_ncr,M3M Urbana Premium,Sector 67,122102.0,validated_candidate_geocode,"M3M Urbana Premium, Sector 67, 122102.0, Delhi NCR, India",,,,False,no_osm_result,miss
project_8981d571dfee95c1,delhi_ncr,Assotech Celeste Towers,"Sector 44, Dadri Road",201301.0,validated_candidate_geocode,"Assotech Celeste Towers, Sector 44, Dadri Road, 201301.0, Delhi NCR, India",,,,False,no_osm_result,miss
project_cd040d02d6fa29f6,delhi_ncr,Ashiana Amarah Phase 5,Sector 93,122505.0,validated_candidate_geocode,"Ashiana Amarah Phase 5, Sector 93, 122505.0, Delhi NCR, India",,,,False,no_osm_result,miss
project_859092e6fc79fdb2,delhi_ncr,M3M Sky Lofts,Sector 71,122004.0,validated_candidate_geocode,"M3M Sky Lofts, Sector 71, 122004.0, Delhi NCR, India",,,,False,no_osm_result,miss
project_22d037200cb58136,delhi_ncr,Decent Ambrosia,Sector 70,122101.0,validated_candidate_geocode,"Decent Ambrosia, Sector 70, 122101.0, Delhi NCR, India",,,,False,no_osm_result,miss
project_1ca288b57a0988e7,delhi_ncr,M2K The White House,Sector 57,122003.0,validated_candidate_geocode,"M2K The White House, Sector 57, 122003.0, Delhi NCR, India",,,,False,no_osm_result,miss
project_2af9af97a0682de3,delhi_ncr,Express One,Vasundhara,201012.0,unmapped,"Express One, Vasundhara, 201012.0, Delhi NCR, India",,,,False,no_osm_result,miss
project_c644d8a6cc789723,delhi_ncr,ATS Greens 2,Sector 50,201304.0,validated_candidate_geocode,"ATS Greens 2, Sector 50, 201304.0, Delhi NCR, India",,,,False,no_osm_result,miss
project_1e2eca20bbc8c2f9,delhi_ncr,Lamose Gratitude 84,Sector 84,122004.0,validated_candidate_geocode,"Lamose Gratitude 84, Sector 84, 122004.0, Delhi NCR, India",,,,False,no_osm_result,miss
project_60518f288255776b,delhi_ncr,Central Park Bignonia Towers,Sector 32 Sohna,122102.0,validated_candidate_geocode,"Central Park Bignonia Towers, Sector 32 Sohna, 122102.0, Delhi NCR, India",,,,False,no_osm_result,miss
project_2fe3c4f9076e5ef0,delhi_ncr,SG Benefit,Govindpuram,201015.0,validated_candidate_geocode,"SG Benefit, Govindpuram, 201015.0, Delhi NCR, India",,,,False,no_osm_result,miss
project_f6f2977f2bccd088,delhi_ncr,Keystone Seasons,"Sector 77, Delhi Gurgaon Expressway",122004.0,validated_candidate_geocode,"Keystone Seasons, Sector 77, Delhi Gurgaon Expressway, 122004.0, Delhi NCR, India",,,,False,no_osm_result,miss
project_85ac9691ccb2b0f8,delhi_ncr,Ramprastha Zen Spire,Vaishali,201012.0,validated_candidate_geocode,"Ramprastha Zen Spire, Vaishali, 201012.0, Delhi NCR, India",,,,False,no_osm_result,miss
project_736c15a1befc4fb5,delhi_ncr,Shubhkamna Apartments,Sector 50,201304.0,validated_candidate_geocode,"Shubhkamna Apartments, Sector 50, 201304.0, Delhi NCR, India",,,,False,no_osm_result,miss
project_607f92fe3772d013,delhi_ncr,Dasnac Burj Noida,Sector 75,201304.0,validated_candidate_geocode,"Dasnac Burj Noida, Sector 75, 201304.0, Delhi NCR, India",,,,False,no_osm_result,miss
project_b16a1b59fb8e6b46,delhi_ncr,Paras Quartier,Faridabad Gurgaon Road,122011.0,validated_candidate_geocode,"Paras Quartier, Faridabad Gurgaon Road, 122011.0, Delhi NCR, India",,,,False,no_osm_result,miss
project_f7786b7b378d95cf,delhi_ncr,Royale Retreat II,"Charmwood Village, Sector 39, Suraj Kund Badkhal Road",121009.0,validated_candidate_geocode,"Royale Retreat II, Charmwood Village, Sector 39, Suraj Kund Badkhal Road, 121009.0, Delhi NCR, India",,,,False,no_osm_result,miss
project_e7082b5e9ad75a68,delhi_ncr,Sarena Iris Prime,Vaishali,201012.0,validated_candidate_geocode,"Sarena Iris Prime, Vaishali, 201012.0, Delhi NCR, India",,,,False,no_osm_result,miss
project_acb10018d72af44b,delhi_ncr,Indosam Iconic,Sector 75,201304.0,validated_candidate_geocode,"Indosam Iconic, Sector 75, 201304.0, Delhi NCR, India",,,,False,no_osm_result,miss
project_99934e0f0b03b254,delhi_ncr,Silver Estate,Sector 50,201304.0,validated_candidate_geocode,"Silver Estate, Sector 50, 201304.0, Delhi NCR, India",,,,False,no_osm_result,miss
project_dd9d3fe1c5871013,delhi_ncr,Amrapali Exotica,Sector 50,201304.0,validated_candidate_geocode,"Amrapali Exotica, Sector 50, 201304.0, Delhi NCR, India",,,,False,no_osm_result,miss
project_c66539220174e2ed,delhi_ncr,DLF Imperial Residences,Phase 3 DLF,122002.0,validated_candidate_geocode,"DLF Imperial Residences, Phase 3 DLF, 122002.0, Delhi NCR, India",,,,False,no_osm_result,miss
project_e04260497e597c77,delhi_ncr,Park Royal Apartment,Sector 56,122011.0,validated_candidate_geocode,"Park Royal Apartment, Sector 56, 122011.0, Delhi NCR, India",,,,False,no_osm_result,miss
project_3316895394c51db3,delhi_ncr,Independent Floors at DLF City Phase I and III,Phase 3 DLF,122002.0,validated_candidate_geocode,"Independent Floors at DLF City Phase I and III, Phase 3 DLF, 122002.0, Delhi NCR, India",,,,False,no_osm_result,miss
project_063b644b6b50c85b,delhi_ncr,Eros Royale Retreat III,"Charmwood Village, Sector 39, Suraj Kund Badkhal Road",121009.0,validated_candidate_geocode,"Eros Royale Retreat III, Charmwood Village, Sector 39, Suraj Kund Badkhal Road, 121009.0, Delhi NCR, India",,,,False,no_osm_result,miss
project_6bbbe6d4395cdca0,delhi_ncr,Adani Samsara Avasa,Sector 63,122102.0,validated_candidate_geocode,"Adani Samsara Avasa, Sector 63, 122102.0, Delhi NCR, India",,,,False,no_osm_result,miss
project_32c13d5dfff8637c,delhi_ncr,Parnami Luxury Homes,Sector 88A,122505.0,unmapped,"Parnami Luxury Homes, Sector 88A, 122505.0, Delhi NCR, India",,,,False,no_osm_result,miss
project_8c088c060b9475da,delhi_ncr,Super Nova East,"Sector 94, Noida Express Way",201309.0,validated_candidate_geocode,"Super Nova East, Sector 94, Noida Express Way, 201309.0, Delhi NCR, India",,,,False,no_osm_result,miss
project_e44e6f9a6128c482,delhi_ncr,Prestige Mayflower at The Prestige City,National Highway 24,201015.0,unmapped,"Prestige Mayflower at The Prestige City, National Highway 24, 201015.0, Delhi NCR, India",,,,False,no_osm_result,miss
project_0e35c679afc2dbc8,delhi_ncr,Oakwood at the Prestige City,Siddharth Vihar,201009.0,unmapped,"Oakwood at the Prestige City, Siddharth Vihar, 201009.0, Delhi NCR, India",,,,False,no_osm_result,miss
project_9290021d4c07598e,delhi_ncr,Orchid IVY,Sector 51,122003.0,validated_candidate_geocode,"Orchid IVY, Sector 51, 122003.0, Delhi NCR, India",,,,False,no_osm_result,miss
project_ad85f52385aa667f,delhi_ncr,Kendriya Vihar,"Sector 82, Dadri Road",201304.0,unmapped,"Kendriya Vihar, Sector 82, Dadri Road, 201304.0, Delhi NCR, India",,,,False,no_osm_result,miss
project_fb08157951d12e3f,delhi_ncr,Altura at DXP 92,Sector 92,122505.0,validated_candidate_geocode,"Altura at DXP 92, Sector 92, 122505.0, Delhi NCR, India",,,,False,no_osm_result,miss
project_bbf7a6254a6ba58c,delhi_ncr,Supertech Supernova,"Sector 94, Noida Express Way",201309.0,validated_candidate_geocode,"Supertech Supernova, Sector 94, Noida Express Way, 201309.0, Delhi NCR, India",,,,False,no_osm_result,miss
project_838753de6d1c811d,delhi_ncr,M3M Antalya Hills Phase II,Sector 79,122004.0,validated_candidate_geocode,"M3M Antalya Hills Phase II, Sector 79, 122004.0, Delhi NCR, India",,,,False,no_osm_result,miss
project_b1b7d841e03c1cf6,delhi_ncr,Signature Global Sarvam at DXP Estate,"Sector 37D, Delhi Gurgaon Expressway",122001.0,validated_candidate_geocode,"Signature Global Sarvam at DXP Estate, Sector 37D, Delhi Gurgaon Expressway, 122001.0, Delhi NCR, India",,,,False,no_osm_result,miss
project_ff392124302ec150,delhi_ncr,GODREJ ZENITH,Sector 89,122004.0,validated_candidate_geocode,"GODREJ ZENITH, Sector 89, 122004.0, Delhi NCR, India",,,,False,no_osm_result,miss
project_02d4fd608e2f3065,delhi_ncr,ABA Cherry County,Noida Extension,201009.0,unmapped,"ABA Cherry County, Noida Extension, 201009.0, Delhi NCR, India",,,,False,no_osm_result,miss
project_570ea521e322160c,delhi_ncr,M3M Soulitude,Sector 89,122004.0,validated_candidate_geocode,"M3M Soulitude, Sector 89, 122004.0, Delhi NCR, India",,,,False,no_osm_result,miss
project_c9d97a11f697f7fe,delhi_ncr,Logix Blossom County,"Sector 137, Noida Express Way",201305.0,unmapped,"Logix Blossom County, Sector 137, Noida Express Way, 201305.0, Delhi NCR, India",,,,False,no_osm_result,miss
project_5b12c01044457190,delhi_ncr,Gulshan Ikebana,"Sector 143, Noida Express Way",201305.0,validated_candidate_geocode,"Gulshan Ikebana, Sector 143, Noida Express Way, 201305.0, Delhi NCR, India",,,,False,no_osm_result,miss
project_69ddbae08dc5816a,delhi_ncr,Supertech Supernova Spira,"Sector 94, Noida Express Way",201309.0,validated_candidate_geocode,"Supertech Supernova Spira, Sector 94, Noida Express Way, 201309.0, Delhi NCR, India",,,,False,no_osm_result,miss
project_4accdb7c36d0d7c0,delhi_ncr,Ireo The Corridors,Sector 67A,122102.0,validated_candidate_geocode,"Ireo The Corridors, Sector 67A, 122102.0, Delhi NCR, India",,,,False,no_osm_result,miss
project_147a6916c5670a4c,delhi_ncr,Vatika City,Sector 49,122018.0,validated_candidate_geocode,"Vatika City, Sector 49, 122018.0, Delhi NCR, India",,,,False,no_osm_result,miss
project_65449741207946b9,delhi_ncr,SS Kiavasa,Sector 83,122004.0,validated_candidate_geocode,"SS Kiavasa, Sector 83, 122004.0, Delhi NCR, India",,,,False,no_osm_result,miss
project_365f83b7dbb44cbd,delhi_ncr,MRG Skyline,Sector 106,122006.0,validated_candidate_geocode,"MRG Skyline, Sector 106, 122006.0, Delhi NCR, India",,,,False,no_osm_result,miss
project_6e41ee86f8ebbe51,delhi_ncr,Grand Omaxe,"Sector 93, Noida Express Way",201304.0,validated_candidate_geocode,"Grand Omaxe, Sector 93, Noida Express Way, 201304.0, Delhi NCR, India",,,,False,no_osm_result,miss
project_25abd47b3b30a3d4,delhi_ncr,M3M Golf Hills Phase 1,Sector 79,122004.0,validated_candidate_geocode,"M3M Golf Hills Phase 1, Sector 79, 122004.0, Delhi NCR, India",,,,False,no_osm_result,miss
project_3b004bfd67ccc8d7,delhi_ncr,SS Cendana,Sector 83,122004.0,validated_candidate_geocode,"SS Cendana, Sector 83, 122004.0, Delhi NCR, India",,,,False,no_osm_result,miss
project_8bfaeb43f48918cd,delhi_ncr,Greatvalue Sharanam,"Sector 107, Dadri Road",201301.0,validated_candidate_geocode,"Greatvalue Sharanam, Sector 107, Dadri Road, 201301.0, Delhi NCR, India",,,,False,no_osm_result,miss
project_afa0b60ecfa18ada,delhi_ncr,Uppal Southend,Sector 49,122018.0,validated_candidate_geocode,"Uppal Southend, Sector 49, 122018.0, Delhi NCR, India",,,,False,no_osm_result,miss
project_028ad51ee8ccd5bf,delhi_ncr,Smartworld Natures Court I,Manesar,122051.0,unmapped,"Smartworld Natures Court I, Manesar, 122051.0, Delhi NCR, India",,,,False,no_osm_result,miss
project_d908b81bd133c13e,delhi_ncr,Aditya Mega City,Indirapuram,201014.0,validated_candidate_geocode,"Aditya Mega City, Indirapuram, 201014.0, Delhi NCR, India",,,,False,no_osm_result,miss
project_a2f1435d359e5b62,delhi_ncr,Jaypee Greens Kalypso Court,"Sector 128, Noida Express Way",201304.0,validated_candidate_geocode,"Jaypee Greens Kalypso Court, Sector 128, Noida Express Way, 201304.0, Delhi NCR, India",,,,False,no_osm_result,miss
project_b5a7af4a19ac1045,delhi_ncr,Jaypee klassic shaurya,"Sector 129, Noida Express Way",201304.0,validated_candidate_geocode,"Jaypee klassic shaurya, Sector 129, Noida Express Way, 201304.0, Delhi NCR, India",,,,False,no_osm_result,miss
project_cab0ab20c083a664,delhi_ncr,Express View Apartments,"Sector 93, Noida Express Way",201304.0,validated_candidate_geocode,"Express View Apartments, Sector 93, Noida Express Way, 201304.0, Delhi NCR, India",,,,False,no_osm_result,miss
project_9024e665cc12a19f,delhi_ncr,Hero Homes Phase 2,Sector 104,122006.0,validated_candidate_geocode,"Hero Homes Phase 2, Sector 104, 122006.0, Delhi NCR, India",,,,False,no_osm_result,miss
project_62a1ddb7dd9c3969,delhi_ncr,Prateek Grand Begonia,Siddharth Vihar,201009.0,validated_candidate_geocode,"Prateek Grand Begonia, Siddharth Vihar, 201009.0, Delhi NCR, India",,,,False,no_osm_result,miss
project_7e71aeaea792c3c1,delhi_ncr,Gaur Grandeur 2,"Sector 119, Pusta Road",201307.0,validated_candidate_geocode,"Gaur Grandeur 2, Sector 119, Pusta Road, 201307.0, Delhi NCR, India",,,,False,no_osm_result,miss
project_74eb2b3700bcc54f,delhi_ncr,ATS One Hamlet,"Sector 104, Noida Express Way",201304.0,validated_candidate_geocode,"ATS One Hamlet, Sector 104, Noida Express Way, 201304.0, Delhi NCR, India",,,,False,no_osm_result,miss
project_dc7df2c100b4f09f,delhi_ncr,IITL Nimbus The Golden Palm,"Sector 168, Noida Express Way",201305.0,validated_candidate_geocode,"IITL Nimbus The Golden Palm, Sector 168, Noida Express Way, 201305.0, Delhi NCR, India",,,,False,no_osm_result,miss
project_60a83cde59691a9d,delhi_ncr,ACE Parkway,"Sector 150, Pusta Road",201310.0,validated_candidate_geocode,"ACE Parkway, Sector 150, Pusta Road, 201310.0, Delhi NCR, India",,,,False,no_osm_result,miss
project_bb0eebae056544e3,delhi_ncr,Jaypee Greens Kube,"Sector 128, Noida Express Way",201304.0,validated_candidate_geocode,"Jaypee Greens Kube, Sector 128, Noida Express Way, 201304.0, Delhi NCR, India",,,,False,no_osm_result,miss
project_50ddb51b6a3e0619,delhi_ncr,Smartworld The Edition,Sector 66,122102.0,validated_candidate_geocode,"Smartworld The Edition, Sector 66, 122102.0, Delhi NCR, India",,,,False,no_osm_result,miss
project_d0bbbac760e1869b,delhi_ncr,Mapsko Casa Bella,Sector 82,122004.0,validated_candidate_geocode,"Mapsko Casa Bella, Sector 82, 122004.0, Delhi NCR, India",,,,False,no_osm_result,miss
project_5973f05af2a64927,delhi_ncr,Pareena Micasa,Sector 68,122101.0,validated_candidate_geocode,"Pareena Micasa, Sector 68, 122101.0, Delhi NCR, India",,,,False,no_osm_result,miss
project_7cad7e56717a9c38,delhi_ncr,GLS Avenue 86,Sector 86,122505.0,validated_candidate_geocode,"GLS Avenue 86, Sector 86, 122505.0, Delhi NCR, India",,,,False,no_osm_result,miss
project_29affc2e21661628,delhi_ncr,Pioneer Park,Sector 61,122102.0,validated_candidate_geocode,"Pioneer Park, Sector 61, 122102.0, Delhi NCR, India",,,,False,no_osm_result,miss
project_d48a60fb2109c35a,delhi_ncr,Ace Palm Floors,Sector 89,122004.0,validated_candidate_geocode,"Ace Palm Floors, Sector 89, 122004.0, Delhi NCR, India",,,,False,no_osm_result,miss
project_ce06fa1b17c3970a,delhi_ncr,Samridhi Luxuriya Avenue,"Sector 150, Pusta Road",201310.0,validated_candidate_geocode,"Samridhi Luxuriya Avenue, Sector 150, Pusta Road, 201310.0, Delhi NCR, India",,,,False,no_osm_result,miss
project_2d52a88734d25750,delhi_ncr,Unitech Fresco,"Nirvana Country, Sector 50",122018.0,validated_candidate_geocode,"Unitech Fresco, Nirvana Country, Sector 50, 122018.0, Delhi NCR, India",,,,False,no_osm_result,miss
project_be9e2b0b58477ccb,delhi_ncr,Gaur Sportswood,"Sector 79, Dadri Road",201305.0,validated_candidate_geocode,"Gaur Sportswood, Sector 79, Dadri Road, 201305.0, Delhi NCR, India",,,,False,no_osm_result,miss
project_f60acd5746c6a342,delhi_ncr,Pyramid Altia,Sector 70,122101.0,validated_candidate_geocode,"Pyramid Altia, Sector 70, 122101.0, Delhi NCR, India",,,,False,no_osm_result,miss
project_21ec41c3bbddd915,delhi_ncr,ROF Pravasa,Sector 88A,122505.0,validated_candidate_geocode,"ROF Pravasa, Sector 88A, 122505.0, Delhi NCR, India",,,,False,no_osm_result,miss
project_f701b268d4a30759,delhi_ncr,Lotus Homz,Sector 111,122017.0,validated_candidate_geocode,"Lotus Homz, Sector 111, 122017.0, Delhi NCR, India",,,,False,no_osm_result,miss
project_6bb1b3f06a2d0741,delhi_ncr,Experion Heartsong,Sector 108,122017.0,validated_candidate_geocode,"Experion Heartsong, Sector 108, 122017.0, Delhi NCR, India",,,,False,no_osm_result,miss
project_e9e3c3de3409ffda,delhi_ncr,Pyramid Elite,Sector 86,122505.0,validated_candidate_geocode,"Pyramid Elite, Sector 86, 122505.0, Delhi NCR, India",,,,False,no_osm_result,miss
project_b6125c509cb4b396,delhi_ncr,Emaar Urban Ascent,Sector 112,122017.0,validated_candidate_geocode,"Emaar Urban Ascent, Sector 112, 122017.0, Delhi NCR, India",,,,False,no_osm_result,miss
project_c8aebbb00cce87b1,delhi_ncr,M3M Heights,Sector 65,122102.0,validated_candidate_geocode,"M3M Heights, Sector 65, 122102.0, Delhi NCR, India",,,,False,no_osm_result,miss
project_482f2c509c8a1e53,delhi_ncr,Smartworld Orchard,Sector 61,122102.0,validated_candidate_geocode,"Smartworld Orchard, Sector 61, 122102.0, Delhi NCR, India",,,,False,no_osm_result,miss
project_4df1c3ef61e5bb91,delhi_ncr,Mahindra Aura,Sector 110A,122017.0,validated_candidate_geocode,"Mahindra Aura, Sector 110A, 122017.0, Delhi NCR, India",,,,False,no_osm_result,miss
project_a5c50039dd12d15c,delhi_ncr,TARC Maceo,Sector 91,122505.0,validated_candidate_geocode,"TARC Maceo, Sector 91, 122505.0, Delhi NCR, India",,,,False,no_osm_result,miss
project_7f01df01391ca8e8,delhi_ncr,Ashiana Anmol Phase 3,Sector 33 Sohna,122102.0,validated_candidate_geocode,"Ashiana Anmol Phase 3, Sector 33 Sohna, 122102.0, Delhi NCR, India",,,,False,no_osm_result,miss
project_ea09a72660640bc0,delhi_ncr,Sunworld Vanalika,"Sector 107, Dadri Road",201301.0,unmapped,"Sunworld Vanalika, Sector 107, Dadri Road, 201301.0, Delhi NCR, India",,,,False,no_osm_result,miss
project_567e2ba1f877b03f,delhi_ncr,Raheja Atharva,Sector 109,122017.0,validated_candidate_geocode,"Raheja Atharva, Sector 109, 122017.0, Delhi NCR, India",,,,False,no_osm_result,miss
project_c6167b6306715f47,delhi_ncr,Emaar Palm Hills,"Sector 77, Delhi Gurgaon Expressway",122004.0,validated_candidate_geocode,"Emaar Palm Hills, Sector 77, Delhi Gurgaon Expressway, 122004.0, Delhi NCR, India",,,,False,no_osm_result,miss
project_e97f7a0e3e290399,delhi_ncr,Gulshan Botnia,"Sector 144, Noida Express Way",201306.0,validated_candidate_geocode,"Gulshan Botnia, Sector 144, Noida Express Way, 201306.0, Delhi NCR, India",,,,False,no_osm_result,miss
project_56f1069522a7b7f1,delhi_ncr,Mapsko Mount Ville,Sector 79,122004.0,validated_candidate_geocode,"Mapsko Mount Ville, Sector 79, 122004.0, Delhi NCR, India",,,,False,no_osm_result,miss
project_cfac95772887957d,delhi_ncr,Tulip Lemon,Sector 69,122001.0,validated_candidate_geocode,"Tulip Lemon, Sector 69, 122001.0, Delhi NCR, India",,,,False,no_osm_result,miss
project_2a61fa574fc85660,delhi_ncr,ATS Pious Hideaways,"Sector 150, Pusta Road",201310.0,validated_candidate_geocode,"ATS Pious Hideaways, Sector 150, Pusta Road, 201310.0, Delhi NCR, India",,,,False,no_osm_result,miss
project_8eac6d1fcffefe59,delhi_ncr,Manor One Kashish,Sector 111,122017.0,validated_candidate_geocode,"Manor One Kashish, Sector 111, 122017.0, Delhi NCR, India",,,,False,no_osm_result,miss
project_0f3e79e8177917b3,delhi_ncr,Krishna Apra Gardens,Indirapuram,201014.0,validated_candidate_geocode,"Krishna Apra Gardens, Indirapuram, 201014.0, Delhi NCR, India",,,,False,no_osm_result,miss
project_23f3d9789fb9a924,delhi_ncr,Ansal API Fernhill,Sector 91,122505.0,validated_candidate_geocode,"Ansal API Fernhill, Sector 91, 122505.0, Delhi NCR, India",,,,False,no_osm_result,miss
project_87a07177637e47ca,delhi_ncr,Umang Winter Hills,"Sector 77, Delhi Gurgaon Expressway",122004.0,validated_candidate_geocode,"Umang Winter Hills, Sector 77, Delhi Gurgaon Expressway, 122004.0, Delhi NCR, India",,,,False,no_osm_result,miss
project_cb5f17e743b582c9,delhi_ncr,Tulip Crimson,Sector 70,122101.0,validated_candidate_geocode,"Tulip Crimson, Sector 70, 122101.0, Delhi NCR, India",,,,False,no_osm_result,miss
project_b54afce005ab6bde,delhi_ncr,T&T Eutopia,Siddharth Vihar,201009.0,validated_candidate_geocode,"T&T Eutopia, Siddharth Vihar, 201009.0, Delhi NCR, India",,,,False,no_osm_result,miss
project_f07daa0e729436c4,delhi_ncr,MRG The Meridian,Sector 89,122004.0,validated_candidate_geocode,"MRG The Meridian, Sector 89, 122004.0, Delhi NCR, India",,,,False,no_osm_result,miss
project_cc85ca2465ea7fb1,delhi_ncr,Corona Optus,"Sector 37C, Delhi Gurgaon Expressway",122001.0,validated_candidate_geocode,"Corona Optus, Sector 37C, Delhi Gurgaon Expressway, 122001.0, Delhi NCR, India",,,,False,no_osm_result,miss
project_765d6be736bf759e,delhi_ncr,Microtek Greenburg,Sector 86,122505.0,validated_candidate_geocode,"Microtek Greenburg, Sector 86, 122505.0, Delhi NCR, India",,,,False,no_osm_result,miss
project_ff810d7754687357,delhi_ncr,The Select Premia,"Sector 77, Delhi Gurgaon Expressway",122004.0,validated_candidate_geocode,"The Select Premia, Sector 77, Delhi Gurgaon Expressway, 122004.0, Delhi NCR, India",,,,False,no_osm_result,miss
project_1415fea555538011,delhi_ncr,Godrej Meridien,Sector 106,122006.0,validated_candidate_geocode,"Godrej Meridien, Sector 106, 122006.0, Delhi NCR, India",,,,False,no_osm_result,miss
project_dc1d9ccfe6301bbf,delhi_ncr,Shipra Srishti,Indirapuram,201014.0,validated_candidate_geocode,"Shipra Srishti, Indirapuram, 201014.0, Delhi NCR, India",,,,False,no_osm_result,miss
project_4802efcd33dd0d75,delhi_ncr,Tata La Vida,Sector 113,122017.0,validated_candidate_geocode,"Tata La Vida, Sector 113, 122017.0, Delhi NCR, India",,,,False,no_osm_result,miss
project_f121012726891dba,delhi_ncr,Alpha Gurgaon One,Sector 84,122004.0,unmapped,"Alpha Gurgaon One, Sector 84, 122004.0, Delhi NCR, India",,,,False,no_osm_result,miss
project_b81bf5ce4d27d88a,delhi_ncr,Ramprastha The Skyz,"Sector 37D, Delhi Gurgaon Expressway",122001.0,validated_candidate_geocode,"Ramprastha The Skyz, Sector 37D, Delhi Gurgaon Expressway, 122001.0, Delhi NCR, India",,,,False,no_osm_result,miss
project_f846de89593ab6f3,delhi_ncr,SS Camasa,Sector 90,122505.0,validated_candidate_geocode,"SS Camasa, Sector 90, 122505.0, Delhi NCR, India",,,,False,no_osm_result,miss
project_4a5e291316b6f768,delhi_ncr,BPTP Park Grandeura,Sector 82,121002.0,validated_candidate_geocode,"BPTP Park Grandeura, Sector 82, 121002.0, Delhi NCR, India",,,,False,no_osm_result,miss
project_90567156fa9e160c,delhi_ncr,Emaar Gurgaon Greens,Sector 102,122006.0,validated_candidate_geocode,"Emaar Gurgaon Greens, Sector 102, 122006.0, Delhi NCR, India",,,,False,no_osm_result,miss
project_819da5eda15f0078,delhi_ncr,Amrapali Crystal Homes,Sector 76,201304.0,validated_candidate_geocode,"Amrapali Crystal Homes, Sector 76, 201304.0, Delhi NCR, India",,,,False,no_osm_result,miss
project_bac335761faf9cbd,delhi_ncr,Emaar Emerald Estate,Sector 65,122102.0,validated_candidate_geocode,"Emaar Emerald Estate, Sector 65, 122102.0, Delhi NCR, India",,,,False,no_osm_result,miss
project_cdee5a86dcbb8dd7,delhi_ncr,Smartworld One DXP,Sector 113,122017.0,validated_candidate_geocode,"Smartworld One DXP, Sector 113, 122017.0, Delhi NCR, India",,,,False,no_osm_result,miss
project_56d55d524feafd79,delhi_ncr,Hero Homes,Sector 104,122006.0,validated_candidate_geocode,"Hero Homes, Sector 104, 122006.0, Delhi NCR, India",,,,False,no_osm_result,miss
project_5d32a4c4bf133c0c,delhi_ncr,NRI Residency,"Sector 45, Noida Express Way",201303.0,validated_candidate_geocode,"NRI Residency, Sector 45, Noida Express Way, 201303.0, Delhi NCR, India",,,,False,no_osm_result,miss
project_6a55d209af5db36f,delhi_ncr,Godrej Palm Retreat 2,"Sector 150, Pusta Road",201310.0,validated_candidate_geocode,"Godrej Palm Retreat 2, Sector 150, Pusta Road, 201310.0, Delhi NCR, India",,,,False,no_osm_result,miss
project_44baa532ce870d10,delhi_ncr,M3M Capital,Sector 113,122017.0,validated_candidate_geocode,"M3M Capital, Sector 113, 122017.0, Delhi NCR, India",,,,False,no_osm_result,miss
project_31d7e5de4bdff12c,delhi_ncr,Tulip Yellow,Sector 69,122001.0,validated_candidate_geocode,"Tulip Yellow, Sector 69, 122001.0, Delhi NCR, India",,,,False,no_osm_result,miss
project_0f6b8995e0472fb2,delhi_ncr,DLF Garden City The Primus,Sector 82A,122004.0,validated_candidate_geocode,"DLF Garden City The Primus, Sector 82A, 122004.0, Delhi NCR, India",,,,False,no_osm_result,miss
project_a9db9d78ab73307a,delhi_ncr,Tulip Melrose,Sector 70,122101.0,validated_candidate_geocode,"Tulip Melrose, Sector 70, 122101.0, Delhi NCR, India",,,,False,no_osm_result,miss
project_f88729f98382819d,delhi_ncr,ATS Nobility,Noida Extension,201009.0,unmapped,"ATS Nobility, Noida Extension, 201009.0, Delhi NCR, India",,,,False,no_osm_result,miss
project_8ccc0cbe5e9f5289,delhi_ncr,Apex Athena,Sector 75,201304.0,validated_candidate_geocode,"Apex Athena, Sector 75, 201304.0, Delhi NCR, India",,,,False,no_osm_result,miss
project_1f6a7eb1cfcf0d3b,delhi_ncr,Eldeco Inspire,"Sector 119, Pusta Road",201307.0,validated_candidate_geocode,"Eldeco Inspire, Sector 119, Pusta Road, 201307.0, Delhi NCR, India",,,,False,no_osm_result,miss
project_add853a209c8ef23,delhi_ncr,Vatika Seven Lamps,Sector 82,122004.0,validated_candidate_geocode,"Vatika Seven Lamps, Sector 82, 122004.0, Delhi NCR, India",,,,False,no_osm_result,miss_error
project_8faab6c65795a5ca,delhi_ncr,JM Aroma,Sector 75,201304.0,validated_candidate_geocode,"JM Aroma, Sector 75, 201304.0, Delhi NCR, India",,,,False,no_osm_result,miss
project_8dfb0feb17337bb2,delhi_ncr,Bestech Park View Sanskruti Gururgam,Sector 92,122505.0,validated_candidate_geocode,"Bestech Park View Sanskruti Gururgam, Sector 92, 122505.0, Delhi NCR, India",,,,False,no_osm_result,miss
project_9e3e50743a2007b5,delhi_ncr,ATS Pious Orchards,"Sector 150, Pusta Road",201310.0,validated_candidate_geocode,"ATS Pious Orchards, Sector 150, Pusta Road, 201310.0, Delhi NCR, India",,,,False,no_osm_result,miss
project_a55aeb73e76c6304,delhi_ncr,Godrej Air,Sector 85,122004.0,validated_candidate_geocode,"Godrej Air, Sector 85, 122004.0, Delhi NCR, India",,,,False,no_osm_result,miss
project_82ecc1ea293c4981,delhi_ncr,Indiabulls Heights,Sector 104,122006.0,validated_candidate_geocode,"Indiabulls Heights, Sector 104, 122006.0, Delhi NCR, India",,,,False,no_osm_result,miss
project_42f90913884553d3,delhi_ncr,Gaur Green Avenue,Indirapuram,201014.0,validated_candidate_geocode,"Gaur Green Avenue, Indirapuram, 201014.0, Delhi NCR, India",,,,False,no_osm_result,miss
project_9d237776dcc31d67,delhi_ncr,Ramprastha Imperial Heights,Indirapuram,201014.0,unmapped,"Ramprastha Imperial Heights, Indirapuram, 201014.0, Delhi NCR, India",,,,False,no_osm_result,miss
project_647445e7c7b5109d,delhi_ncr,Bestech Park View Grand Spa,Sector 81,122051.0,validated_candidate_geocode,"Bestech Park View Grand Spa, Sector 81, 122051.0, Delhi NCR, India",,,,False,no_osm_result,miss
project_c359a6d52816616e,delhi_ncr,BPTP Freedom Park Life,Sector 57,122003.0,validated_candidate_geocode,"BPTP Freedom Park Life, Sector 57, 122003.0, Delhi NCR, India",,,,False,no_osm_result,miss
project_31319849ee962c21,delhi_ncr,Gpl Eden Heights,Sector 70,122101.0,validated_candidate_geocode,"Gpl Eden Heights, Sector 70, 122101.0, Delhi NCR, India",,,,False,no_osm_result,miss
project_13402058bbc6a70c,delhi_ncr,HR Oracle Elite Homz,Sector 77,201301.0,validated_candidate_geocode,"HR Oracle Elite Homz, Sector 77, 201301.0, Delhi NCR, India",,,,False,no_osm_result,miss
project_938ad3fa112f651c,delhi_ncr,Panchsheel Pratishtha,Sector 75,201304.0,validated_candidate_geocode,"Panchsheel Pratishtha, Sector 75, 201304.0, Delhi NCR, India",,,,False,no_osm_result,miss
project_8ede6b68029c92b0,delhi_ncr,DLF Regal Gardens,Sector 90,122505.0,validated_candidate_geocode,"DLF Regal Gardens, Sector 90, 122505.0, Delhi NCR, India",,,,False,no_osm_result,miss
project_454c0d0aa3ed4226,delhi_ncr,Assotech Blith,Sector 99,122001.0,validated_candidate_geocode,"Assotech Blith, Sector 99, 122001.0, Delhi NCR, India",,,,False,no_osm_result,miss_error
project_bbdfefcfb2fbdeb8,delhi_ncr,Meffier Garden Residency,Sector 5 Sohna,122103.0,validated_candidate_geocode,"Meffier Garden Residency, Sector 5 Sohna, 122103.0, Delhi NCR, India",,,,False,no_osm_result,miss
project_80a6b4c3f3031415,delhi_ncr,AVP AVS Orchard,Sector 77,201301.0,validated_candidate_geocode,"AVP AVS Orchard, Sector 77, 201301.0, Delhi NCR, India",,,,False,no_osm_result,miss
project_da68baab5166c54f,delhi_ncr,Spaze Privy 72,Sector 72,122004.0,validated_candidate_geocode,"Spaze Privy 72, Sector 72, 122004.0, Delhi NCR, India",,,,False,no_osm_result,miss
project_3316c16626d1b2a2,delhi_ncr,Birla Navya,Sector 63A,122102.0,unmapped,"Birla Navya, Sector 63A, 122102.0, Delhi NCR, India",,,,False,no_osm_result,miss
project_a7e7cae2460a676a,delhi_ncr,One India Bulls,Sector 104,122006.0,validated_candidate_geocode,"One India Bulls, Sector 104, 122006.0, Delhi NCR, India",,,,False,no_osm_result,miss
project_f2e8025de4f7c2cd,delhi_ncr,Ivy County,Sector 75,201304.0,validated_candidate_geocode,"Ivy County, Sector 75, 201304.0, Delhi NCR, India",,,,False,no_osm_result,miss
project_811a69f491923d7c,delhi_ncr,Independent Floors at DLF Gardencity Enclave Phase 2,Sector 93,122505.0,unmapped,"Independent Floors at DLF Gardencity Enclave Phase 2, Sector 93, 122505.0, Delhi NCR, India",,,,False,no_osm_result,miss
project_7643dceabd6d0f74,delhi_ncr,Ashiana Aaroham,Sector 80,122101.0,validated_candidate_geocode,"Ashiana Aaroham, Sector 80, 122101.0, Delhi NCR, India",,,,False,no_osm_result,miss
project_dfe0e72602adbd43,delhi_ncr,BPTP park prime,Sector 66,122102.0,validated_candidate_geocode,"BPTP park prime, Sector 66, 122102.0, Delhi NCR, India",,,,False,no_osm_result,miss
project_e10f6c43a055cb66,delhi_ncr,Chintels Paradiso,Sector 109,122017.0,validated_candidate_geocode,"Chintels Paradiso, Sector 109, 122017.0, Delhi NCR, India",,,,False,no_osm_result,miss
project_f507e0cc02d44b0c,delhi_ncr,Bestech Altura,Sector 79,122004.0,validated_candidate_geocode,"Bestech Altura, Sector 79, 122004.0, Delhi NCR, India",,,,False,no_osm_result,miss
project_fc65c36569c93139,delhi_ncr,DLF Exclusive Floors,Sector 54,122011.0,validated_candidate_geocode,"DLF Exclusive Floors, Sector 54, 122011.0, Delhi NCR, India",,,,False,no_osm_result,miss
project_90601fd0114162da,delhi_ncr,T&T DigiTown,Siddharth Vihar,201009.0,validated_candidate_geocode,"T&T DigiTown, Siddharth Vihar, 201009.0, Delhi NCR, India",,,,False,no_osm_result,miss
project_9368c4e9c8869df9,delhi_ncr,True Value Sharanam,"Sector 107, Dadri Road",201301.0,validated_candidate_geocode,"True Value Sharanam, Sector 107, Dadri Road, 201301.0, Delhi NCR, India",,,,False,no_osm_result,miss
project_3767978d39fab513,delhi_ncr,Ninex City,"Sector 76, Delhi Gurgaon Expressway",122004.0,validated_candidate_geocode,"Ninex City, Sector 76, Delhi Gurgaon Expressway, 122004.0, Delhi NCR, India",,,,False,no_osm_result,miss
project_60297c09129adedd,delhi_ncr,Krrish Florence,Sector 70,122101.0,validated_candidate_geocode,"Krrish Florence, Sector 70, 122101.0, Delhi NCR, India",,,,False,no_osm_result,miss
project_d43b2b39a135eb9c,delhi_ncr,SKA Orion,Sector 143B,201306.0,validated_candidate_geocode,"SKA Orion, Sector 143B, 201306.0, Delhi NCR, India",,,,False,no_osm_result,miss
project_13654b01b85c6e0a,delhi_ncr,Tulip Orange,Sector 70,122101.0,validated_candidate_geocode,"Tulip Orange, Sector 70, 122101.0, Delhi NCR, India",,,,False,no_osm_result,miss
project_d8db1c6eceec6958,delhi_ncr,Conscient Heritage Max,Sector 102,122006.0,validated_candidate_geocode,"Conscient Heritage Max, Sector 102, 122006.0, Delhi NCR, India",,,,False,no_osm_result,miss
project_c3161d2d1f50ea70,delhi_ncr,Divine Meadows,"Sector 108, Noida Express Way",201304.0,validated_candidate_geocode,"Divine Meadows, Sector 108, Noida Express Way, 201304.0, Delhi NCR, India",,,,False,no_osm_result,miss
project_f7971f4853d87b4c,delhi_ncr,Puri Emerald Bay,Sector 104,122006.0,validated_candidate_geocode,"Puri Emerald Bay, Sector 104, 122006.0, Delhi NCR, India",,,,False,no_osm_result,miss
project_e4346bb2d51e9a6b,delhi_ncr,Godrej Tropical Isle,Sector 146,201310.0,validated_candidate_geocode,"Godrej Tropical Isle, Sector 146, 201310.0, Delhi NCR, India",,,,False,no_osm_result,miss
project_1ffb263c2ddeaefc,delhi_ncr,Ace Starlit,"Sector 152, Noida Express Way",201310.0,validated_candidate_geocode,"Ace Starlit, Sector 152, Noida Express Way, 201310.0, Delhi NCR, India",,,,False,no_osm_result,miss
project_e4455772bb6d6876,delhi_ncr,ATS Tourmaline,Sector 109,122017.0,validated_candidate_geocode,"ATS Tourmaline, Sector 109, 122017.0, Delhi NCR, India",,,,False,no_osm_result,miss
project_4ea07d8ccacbfac8,delhi_ncr,Satya Levante Residences,Sector 104,122006.0,validated_candidate_geocode,"Satya Levante Residences, Sector 104, 122006.0, Delhi NCR, India",,,,False,no_osm_result,miss
project_35c02e01a8a2450e,delhi_ncr,Godrej Frontier Gurgaon,Sector 80,122101.0,validated_candidate_geocode,"Godrej Frontier Gurgaon, Sector 80, 122101.0, Delhi NCR, India",,,,False,no_osm_result,miss
project_6f44a7eb83ce1db3,delhi_ncr,BPTP Terra,"Sector 37D, Delhi Gurgaon Expressway",122001.0,validated_candidate_geocode,"BPTP Terra, Sector 37D, Delhi Gurgaon Expressway, 122001.0, Delhi NCR, India",,,,False,no_osm_result,miss
project_7bab73284124a0ca,delhi_ncr,DLF New Town Heights 3,Sector 91,122505.0,validated_candidate_geocode,"DLF New Town Heights 3, Sector 91, 122505.0, Delhi NCR, India",,,,False,no_osm_result,miss
project_76b9954f34c2550d,delhi_ncr,Orchid Garden,Sector 54,122011.0,unmapped,"Orchid Garden, Sector 54, 122011.0, Delhi NCR, India",,,,False,no_osm_result,miss
project_bf3bf4f4fb812e52,delhi_ncr,Wave Veridia,National Highway 24,201015.0,validated_candidate_geocode,"Wave Veridia, National Highway 24, 201015.0, Delhi NCR, India",,,,False,no_osm_result,miss
project_f39ede4d1bcf09dc,delhi_ncr,Indiabulls Enigma,Sector 110,122022.0,validated_candidate_geocode,"Indiabulls Enigma, Sector 110, 122022.0, Delhi NCR, India",,,,False,no_osm_result,miss_error
project_1e33ae862c0649af,delhi_ncr,Tulip White,Sector 69,122001.0,validated_candidate_geocode,"Tulip White, Sector 69, 122001.0, Delhi NCR, India",,,,False,no_osm_result,miss
project_9c69aa65274df384,delhi_ncr,Bharat Petrolium Apartments,"Sector 62, NH 24",201309.0,validated_candidate_geocode,"Bharat Petrolium Apartments, Sector 62, NH 24, 201309.0, Delhi NCR, India",,,,False,no_osm_result,miss
project_afc7171a5b495f60,delhi_ncr,Wave Amore,"Sector 32, Noida City centre Metro",201301.0,validated_candidate_geocode,"Wave Amore, Sector 32, Noida City centre Metro, 201301.0, Delhi NCR, India",,,,False,no_osm_result,miss
project_bf8374860683c302,delhi_ncr,Godrej Habitat,Sector 3,122006.0,validated_candidate_geocode,"Godrej Habitat, Sector 3, 122006.0, Delhi NCR, India",,,,False,no_osm_result,miss
project_31b4d5c96210eb6e,delhi_ncr,Samridhi Daksh Avenue,"Sector 150, Pusta Road",201310.0,validated_candidate_geocode,"Samridhi Daksh Avenue, Sector 150, Pusta Road, 201310.0, Delhi NCR, India",,,,False,no_osm_result,miss
project_a36832321d5c136b,delhi_ncr,ACE Golfshire,"Sector 150, Pusta Road",201310.0,unmapped,"ACE Golfshire, Sector 150, Pusta Road, 201310.0, Delhi NCR, India",,,,False,no_osm_result,miss
project_97dcd9097b40089b,delhi_ncr,Express Greens,Vaishali,201012.0,validated_candidate_geocode,"Express Greens, Vaishali, 201012.0, Delhi NCR, India",,,,False,no_osm_result,miss
project_9af78b55b05bd96c,delhi_ncr,Saya Zenith,Indirapuram,201014.0,validated_candidate_geocode,"Saya Zenith, Indirapuram, 201014.0, Delhi NCR, India",,,,False,no_osm_result,miss
project_46bdf00bfeb978a5,delhi_ncr,ATS Kocoon,Sector 109,122017.0,validated_candidate_geocode,"ATS Kocoon, Sector 109, 122017.0, Delhi NCR, India",,,,False,no_osm_result,miss
project_2c8bdc310db65ec0,delhi_ncr,Chintels Serenity,Sector 109,122017.0,validated_candidate_geocode,"Chintels Serenity, Sector 109, 122017.0, Delhi NCR, India",,,,False,no_osm_result,miss
project_4c5b073ba82e77e5,delhi_ncr,ATS Triumph,Sector 104,122006.0,validated_candidate_geocode,"ATS Triumph, Sector 104, 122006.0, Delhi NCR, India",,,,False,no_osm_result,miss
project_17a7206d9ff37d9d,delhi_ncr,Ashiana Upvan,Indirapuram,201014.0,validated_candidate_geocode,"Ashiana Upvan, Indirapuram, 201014.0, Delhi NCR, India",,,,False,no_osm_result,miss
project_f2b1a12623341608,delhi_ncr,Godrej Prive,Sector 106,122006.0,validated_candidate_geocode,"Godrej Prive, Sector 106, 122006.0, Delhi NCR, India",,,,False,no_osm_result,miss
project_6a70b0c5774bf8d5,delhi_ncr,MRG Crown,Sector 106,122006.0,validated_candidate_geocode,"MRG Crown, Sector 106, 122006.0, Delhi NCR, India",,,,False,no_osm_result,miss
project_2f3c38f34d6285bd,delhi_ncr,ATS Marigold,Sector 89A,122505.0,validated_candidate_geocode,"ATS Marigold, Sector 89A, 122505.0, Delhi NCR, India",,,,False,no_osm_result,miss
project_e6ca3e1a612ab973,delhi_ncr,Raheja Atlantis,Sector 31,122022.0,validated_candidate_geocode,"Raheja Atlantis, Sector 31, 122022.0, Delhi NCR, India",,,,False,no_osm_result,miss
project_b014937e9deaef05,delhi_ncr,ATS Kingston Heath,"Sector 150, Pusta Road",201310.0,validated_candidate_geocode,"ATS Kingston Heath, Sector 150, Pusta Road, 201310.0, Delhi NCR, India",,,,False,no_osm_result,miss
project_b5a69bae78a2bdc0,delhi_ncr,BPTP Astaire Gardens Pedestal Floors,Sector 70A,122101.0,validated_candidate_geocode,"BPTP Astaire Gardens Pedestal Floors, Sector 70A, 122101.0, Delhi NCR, India",,,,False,no_osm_result,miss
project_1c00e19dd31fe46c,delhi_ncr,M3M The Line Pentsuites,Sector 72,201301.0,validated_candidate_geocode,"M3M The Line Pentsuites, Sector 72, 201301.0, Delhi NCR, India",,,,False,no_osm_result,miss
project_3d97656415a7a4a8,delhi_ncr,Tulip Purple,Sector 69,122001.0,validated_candidate_geocode,"Tulip Purple, Sector 69, 122001.0, Delhi NCR, India",,,,False,no_osm_result,miss
project_d6566af1159e3dc1,delhi_ncr,Agrante Beethoven 8,Sector 107,122505.0,validated_candidate_geocode,"Agrante Beethoven 8, Sector 107, 122505.0, Delhi NCR, India",,,,False,no_osm_result,miss
project_d4236e657b36d1f9,delhi_ncr,Indiabulls Estate and Club,Sector 104,122006.0,validated_candidate_geocode,"Indiabulls Estate and Club, Sector 104, 122006.0, Delhi NCR, India",,,,False,no_osm_result,miss
project_f189e6c16c2a0eab,delhi_ncr,WTC The Plaza at 106,Sector 106,122006.0,unmapped,"WTC The Plaza at 106, Sector 106, 122006.0, Delhi NCR, India",,,,False,no_osm_result,miss
project_9049936f3930e6b1,delhi_ncr,Navraj The Kingstown Heights,"Sector 37D, Delhi Gurgaon Expressway",122001.0,validated_candidate_geocode,"Navraj The Kingstown Heights, Sector 37D, Delhi Gurgaon Expressway, 122001.0, Delhi NCR, India",,,,False,no_osm_result,miss
project_79f0d20a52ac4ef6,delhi_ncr,Indian Oil Apartments,"Sector 62, NH 24",201309.0,validated_candidate_geocode,"Indian Oil Apartments, Sector 62, NH 24, 201309.0, Delhi NCR, India",,,,False,no_osm_result,miss
project_f78676a5a1d9fdc7,delhi_ncr,Supertech ORB Noida,Sector 74,201301.0,validated_candidate_geocode,"Supertech ORB Noida, Sector 74, 201301.0, Delhi NCR, India",,,,False,no_osm_result,miss
project_e0f1663a7b12984b,delhi_ncr,Supertech 34 Pavilion,Sector 34,201307.0,validated_candidate_geocode,"Supertech 34 Pavilion, Sector 34, 201307.0, Delhi NCR, India",,,,False,no_osm_result,miss
project_6439d81ec66728fc,delhi_ncr,RG Mirage,Sector 120,201301.0,validated_candidate_geocode,"RG Mirage, Sector 120, 201301.0, Delhi NCR, India",,,,False,no_osm_result,miss
project_f7ea68673d0fc742,delhi_ncr,Oxirich Chintamani,Sector 103,122006.0,validated_candidate_geocode,"Oxirich Chintamani, Sector 103, 122006.0, Delhi NCR, India",,,,False,no_osm_result,miss
project_0bb699b0dac15c09,delhi_ncr,Suncity Vatsal Valley,Gwal Pahari,122003.0,validated_candidate_geocode,"Suncity Vatsal Valley, Gwal Pahari, 122003.0, Delhi NCR, India",,,,False,no_osm_result,miss
project_e8fd833774c39b9d,delhi_ncr,DDA Rajat Vihar,"Sector 62, NH 24",201309.0,unmapped,"DDA Rajat Vihar, Sector 62, NH 24, 201309.0, Delhi NCR, India",,,,False,no_osm_result,miss
project_68d95c8520c9b1c8,delhi_ncr,Tata Gurgaon Gateway,Sector 112,122017.0,validated_candidate_geocode,"Tata Gurgaon Gateway, Sector 112, 122017.0, Delhi NCR, India",,,,False,no_osm_result,miss
project_69a84796f3fd0ee3,delhi_ncr,Mapsko Paradise,Sector 83,122004.0,validated_candidate_geocode,"Mapsko Paradise, Sector 83, 122004.0, Delhi NCR, India",,,,False,no_osm_result,miss
project_6eaa4d52a63b3ee2,delhi_ncr,Godrej Nest,"Sector 150, Pusta Road",201310.0,validated_candidate_geocode,"Godrej Nest, Sector 150, Pusta Road, 201310.0, Delhi NCR, India",,,,False,no_osm_result,miss
project_7b84199000090591,delhi_ncr,Unitech Harmony,"Nirvana Country, Sector 50",122018.0,validated_candidate_geocode,"Unitech Harmony, Nirvana Country, Sector 50, 122018.0, Delhi NCR, India",,,,False,no_osm_result,miss
project_1566ca6739af3fdd,delhi_ncr,Shipra Sun Tower,Indirapuram,201014.0,validated_candidate_geocode,"Shipra Sun Tower, Indirapuram, 201014.0, Delhi NCR, India",,,,False,no_osm_result,miss
project_4ea89eeef66358b7,delhi_ncr,Tulip Petals,Sector 89,122004.0,validated_candidate_geocode,"Tulip Petals, Sector 89, 122004.0, Delhi NCR, India",,,,False,no_osm_result,miss
project_67ef12c4c9ba0aeb,delhi_ncr,White House II,Sector 75,201304.0,validated_candidate_geocode,"White House II, Sector 75, 201304.0, Delhi NCR, India",,,,False,no_osm_result,miss
project_481ff09902dac9fa,delhi_ncr,SG Homes,Vasundhara,201012.0,validated_candidate_geocode,"SG Homes, Vasundhara, 201012.0, Delhi NCR, India",,,,False,no_osm_result,miss
project_64ef69392a440ab0,delhi_ncr,Central Park 3,Sector 33 Sohna,122102.0,validated_candidate_geocode,"Central Park 3, Sector 33 Sohna, 122102.0, Delhi NCR, India",,,,False,no_osm_result,miss
project_db5b1cc62100c406,delhi_ncr,Maxblis White House,Sector 75,201304.0,validated_candidate_geocode,"Maxblis White House, Sector 75, 201304.0, Delhi NCR, India",,,,False,no_osm_result,miss
project_3d31ef55435b150f,delhi_ncr,Hewo Apartments,Sector 56,122011.0,validated_candidate_geocode,"Hewo Apartments, Sector 56, 122011.0, Delhi NCR, India",,,,False,no_osm_result,miss
project_e46436e2bea767e4,delhi_ncr,Anant Ashok Estate,Sector 63A,122102.0,validated_candidate_geocode,"Anant Ashok Estate, Sector 63A, 122102.0, Delhi NCR, India",,,,False,no_osm_result,miss
project_e8ba73e9d7eb0937,delhi_ncr,DLF Belvedere Park,Phase 3 DLF,122002.0,validated_candidate_geocode,"DLF Belvedere Park, Phase 3 DLF, 122002.0, Delhi NCR, India",,,,False,no_osm_result,miss
project_5e83fac45399990a,delhi_ncr,Amrapali Eden Park,Sector 50,201304.0,validated_candidate_geocode,"Amrapali Eden Park, Sector 50, 201304.0, Delhi NCR, India",,,,False,no_osm_result,miss
project_a5cf004dabc2a53b,delhi_ncr,Ramprastha The Rise,"Sector 37D, Delhi Gurgaon Expressway",122001.0,validated_candidate_geocode,"Ramprastha The Rise, Sector 37D, Delhi Gurgaon Expressway, 122001.0, Delhi NCR, India",,,,False,no_osm_result,miss
project_41ba6ef9c5353fb6,delhi_ncr,ABW La Lagune Gurgaon,Golf Course Road,122003.0,unmapped,"ABW La Lagune Gurgaon, Golf Course Road, 122003.0, Delhi NCR, India",,,,False,no_osm_result,miss
project_b3d2a8bf018a4840,delhi_ncr,Godrej Nurture,"Sector 150, Pusta Road",201310.0,validated_candidate_geocode,"Godrej Nurture, Sector 150, Pusta Road, 201310.0, Delhi NCR, India",,,,False,no_osm_result,miss
project_c8d5c291b33a0547,delhi_ncr,Jaypee Greens Knights Court,"Sector 128, Noida Express Way",201304.0,validated_candidate_geocode,"Jaypee Greens Knights Court, Sector 128, Noida Express Way, 201304.0, Delhi NCR, India",,,,False,no_osm_result,miss
project_97593ace94882110,delhi_ncr,Godrej Oasis,Sector 88A,122505.0,validated_candidate_geocode,"Godrej Oasis, Sector 88A, 122505.0, Delhi NCR, India",,,,False,no_osm_result,miss
project_417436dbb33ddd77,delhi_ncr,Godrej Serenity,Sector 33 Sohna,122102.0,validated_candidate_geocode,"Godrej Serenity, Sector 33 Sohna, 122102.0, Delhi NCR, India",,,,False,no_osm_result,miss
project_198f570acaada364,delhi_ncr,3C Orris,Sector 89,122004.0,validated_candidate_geocode,"3C Orris, Sector 89, 122004.0, Delhi NCR, India",,,,False,no_osm_result,miss
project_c6f94eaa558bdd9b,delhi_ncr,Emaar Palm Heights,"Sector 77, Delhi Gurgaon Expressway",122004.0,validated_candidate_geocode,"Emaar Palm Heights, Sector 77, Delhi Gurgaon Expressway, 122004.0, Delhi NCR, India",,,,False,no_osm_result,miss
project_93e2536af203ae4e,delhi_ncr,Apex D Rio,Indirapuram,201014.0,validated_candidate_geocode,"Apex D Rio, Indirapuram, 201014.0, Delhi NCR, India",,,,False,no_osm_result,miss
project_cdb6f65aa739bf61,delhi_ncr,M3M Gurgaon International City,Manesar,122051.0,unmapped,"M3M Gurgaon International City, Manesar, 122051.0, Delhi NCR, India",,,,False,no_osm_result,miss
project_4b573dccdedddd83,delhi_ncr,Ashiana The Center Court,Sector 88A,122505.0,validated_candidate_geocode,"Ashiana The Center Court, Sector 88A, 122505.0, Delhi NCR, India",,,,False,no_osm_result,miss
project_cc885492180f36be,delhi_ncr,Signature Global City 63A,Sector 63A,122102.0,validated_candidate_geocode,"Signature Global City 63A, Sector 63A, 122102.0, Delhi NCR, India",,,,False,no_osm_result,miss
project_4ac3f9270fcbc969,delhi_ncr,The Room,Sector 32 Sohna,122102.0,validated_candidate_geocode,"The Room, Sector 32 Sohna, 122102.0, Delhi NCR, India",,,,False,no_osm_result,miss
project_d1ad925f0f84ca51,delhi_ncr,Mahagun Mosaic,Vaishali,201012.0,validated_candidate_geocode,"Mahagun Mosaic, Vaishali, 201012.0, Delhi NCR, India",,,,False,no_osm_result,miss
project_7bdb8ca998942ced,delhi_ncr,BPTP Green Oaks,Sector 70A,122101.0,validated_candidate_geocode,"BPTP Green Oaks, Sector 70A, 122101.0, Delhi NCR, India",,,,False,no_osm_result,miss
project_4147bd224e2db2e6,delhi_ncr,Omaxe Spa Village,Sector 78,121002.0,validated_candidate_geocode,"Omaxe Spa Village, Sector 78, 121002.0, Delhi NCR, India",,,,False,no_osm_result,miss
project_e5c248b9447b521a,delhi_ncr,Ambience Tiverton,Sector 50,201304.0,validated_candidate_geocode,"Ambience Tiverton, Sector 50, 201304.0, Delhi NCR, India",,,,False,no_osm_result,miss
project_80be7864f68a3af0,delhi_ncr,HCBS Twin Horizon,Sector 102,122006.0,validated_candidate_geocode,"HCBS Twin Horizon, Sector 102, 122006.0, Delhi NCR, India",,,,False,no_osm_result,miss
project_5941f04b33f1bf4b,delhi_ncr,Emaar MGF Marbella,Sector 66,122102.0,validated_candidate_geocode,"Emaar MGF Marbella, Sector 66, 122102.0, Delhi NCR, India",,,,False,no_osm_result,miss
project_b3e262ad3a872f9b,delhi_ncr,Apex The Florus,Vasundhara,201012.0,validated_candidate_geocode,"Apex The Florus, Vasundhara, 201012.0, Delhi NCR, India",,,,False,no_osm_result,miss
project_b87700b15b6e4f81,delhi_ncr,M3M Skywalk,"Sector 74, Delhi Gurgaon Expressway",122004.0,validated_candidate_geocode,"M3M Skywalk, Sector 74, Delhi Gurgaon Expressway, 122004.0, Delhi NCR, India",,,,False,no_osm_result,miss
project_c8b38d66c7cd16fd,delhi_ncr,Suncity Platinum Towers,Sector 28,122022.0,validated_candidate_geocode,"Suncity Platinum Towers, Sector 28, 122022.0, Delhi NCR, India",,,,False,no_osm_result,miss
project_b428b4b0c40e51ae,delhi_ncr,Maxblis Grand Kingston,Sector 75,201304.0,validated_candidate_geocode,"Maxblis Grand Kingston, Sector 75, 201304.0, Delhi NCR, India",,,,False,no_osm_result,miss
project_71d008225b8eba53,delhi_ncr,Renowned AIPL Zen Residences,Sector 70A,122101.0,validated_candidate_geocode,"Renowned AIPL Zen Residences, Sector 70A, 122101.0, Delhi NCR, India",,,,False,no_osm_result,miss
project_3fbd1d8cb3dc1d51,delhi_ncr,Laburnum Victory Floors,Sector 63A,122102.0,validated_candidate_geocode,"Laburnum Victory Floors, Sector 63A, 122102.0, Delhi NCR, India",,,,False,no_osm_result,miss
project_e60daa9d227548d3,delhi_ncr,Pareena The Elite Residences,Sector 99,122001.0,validated_candidate_geocode,"Pareena The Elite Residences, Sector 99, 122001.0, Delhi NCR, India",,,,False,no_osm_result,miss
project_30b453da268f3359,delhi_ncr,Hale The Resident Tower,"Sector 150, Pusta Road",201310.0,validated_candidate_geocode,"Hale The Resident Tower, Sector 150, Pusta Road, 201310.0, Delhi NCR, India",,,,False,no_osm_result,miss
project_26fb7b262add215b,delhi_ncr,Mahagun Maple,Sector 50,201304.0,validated_candidate_geocode,"Mahagun Maple, Sector 50, 201304.0, Delhi NCR, India",,,,False,no_osm_result,miss
project_a37e5d4664437e5d,delhi_ncr,Sushant Lok Builder Floors,Sushant Lok,122022.0,validated_candidate_geocode,"Sushant Lok Builder Floors, Sushant Lok, 122022.0, Delhi NCR, India",,,,False,no_osm_result,miss
project_c2c2b4584aa655a3,delhi_ncr,Central Park Cerise Floors,Sector 32 Sohna,122102.0,validated_candidate_geocode,"Central Park Cerise Floors, Sector 32 Sohna, 122102.0, Delhi NCR, India",,,,False,no_osm_result,miss
project_df5445db8992ae49,delhi_ncr,SKA Imperia,Wave City,201015.0,validated_candidate_geocode,"SKA Imperia, Wave City, 201015.0, Delhi NCR, India",,,,False,no_osm_result,miss
project_de5ea46fa8b464d7,delhi_ncr,LID Nivasa,Sector 6 Sohna,122018.0,unmapped,"LID Nivasa, Sector 6 Sohna, 122018.0, Delhi NCR, India",,,,False,no_osm_result,miss
project_cb117340589e0319,delhi_ncr,Urbtech Hilston,"Sector 79, Dadri Road",201305.0,unmapped,"Urbtech Hilston, Sector 79, Dadri Road, 201305.0, Delhi NCR, India",,,,False,no_osm_result,miss
project_42160ff2f489f61e,delhi_ncr,Emperium Titan,Sector 88A,122505.0,validated_candidate_geocode,"Emperium Titan, Sector 88A, 122505.0, Delhi NCR, India",,,,False,no_osm_result,miss
project_a80cb6ba8585dffb,delhi_ncr,Sagavi Apartment,Sushant Lok 2 Sector 57,122413.0,validated_candidate_geocode,"Sagavi Apartment, Sushant Lok 2 Sector 57, 122413.0, Delhi NCR, India",,,,False,no_osm_result,miss
project_bffe76bbfe6aca96,delhi_ncr,Emperium Premio,"Sector 37C, Delhi Gurgaon Expressway",122001.0,validated_candidate_geocode,"Emperium Premio, Sector 37C, Delhi Gurgaon Expressway, 122001.0, Delhi NCR, India",,,,False,no_osm_result,miss
project_1200f57670a3d00b,delhi_ncr,Aarcity Krishna Apra Sapphire,Indirapuram,201014.0,validated_candidate_geocode,"Aarcity Krishna Apra Sapphire, Indirapuram, 201014.0, Delhi NCR, India",,,,False,no_osm_result,miss
project_f7127e95e20ca878,delhi_ncr,Trehan One Good Earth,Sector 71,122004.0,validated_candidate_geocode,"Trehan One Good Earth, Sector 71, 122004.0, Delhi NCR, India",,,,False,no_osm_result,miss
project_7d55550301188ec1,delhi_ncr,Rise Sky Bunglows,Surajkund,121010.0,validated_candidate_geocode,"Rise Sky Bunglows, Surajkund, 121010.0, Delhi NCR, India",,,,False,no_osm_result,miss
project_0d44097d8fca52a9,delhi_ncr,Paras The Florett Enqlave,Sector 59,122102.0,validated_candidate_geocode,"Paras The Florett Enqlave, Sector 59, 122102.0, Delhi NCR, India",,,,False,no_osm_result,miss
project_51407fb747d041e5,delhi_ncr,Corona Gracieux,"Sector 76, Delhi Gurgaon Expressway",122004.0,validated_candidate_geocode,"Corona Gracieux, Sector 76, Delhi Gurgaon Expressway, 122004.0, Delhi NCR, India",,,,False,no_osm_result,miss
project_d9ec68ca54c72363,delhi_ncr,M3M Paragon 57,Sector 57,122003.0,validated_candidate_geocode,"M3M Paragon 57, Sector 57, 122003.0, Delhi NCR, India",,,,False,no_osm_result,miss
project_59ffdead9292194b,delhi_ncr,Gardenia Gitanjali,Vasundhara,201012.0,validated_candidate_geocode,"Gardenia Gitanjali, Vasundhara, 201012.0, Delhi NCR, India",,,,False,no_osm_result,miss
project_24cb64d1e5b66786,delhi_ncr,Navraj The Antalyas,"Sector 37D, Delhi Gurgaon Expressway",122001.0,validated_candidate_geocode,"Navraj The Antalyas, Sector 37D, Delhi Gurgaon Expressway, 122001.0, Delhi NCR, India",,,,False,no_osm_result,miss
project_904a610c5edf430d,delhi_ncr,Ajnara Belvedere,"Sector 79, Dadri Road",201305.0,unmapped,"Ajnara Belvedere, Sector 79, Dadri Road, 201305.0, Delhi NCR, India",,,,False,no_osm_result,miss
project_56b7bd2162b9609d,delhi_ncr,Ajnara Elements,"Sector 137, Noida Express Way",201305.0,validated_candidate_geocode,"Ajnara Elements, Sector 137, Noida Express Way, 201305.0, Delhi NCR, India",,,,False,no_osm_result,miss
project_78e2d27b01956ec7,delhi_ncr,Abisky Valencia,"Sector 73, Delhi Gurgaon Expressway",122004.0,unmapped,"Abisky Valencia, Sector 73, Delhi Gurgaon Expressway, 122004.0, Delhi NCR, India",,,,False,no_osm_result,miss
project_0924033b92dd4a3f,delhi_ncr,Ashiana Greens,Indirapuram,201014.0,validated_candidate_geocode,"Ashiana Greens, Indirapuram, 201014.0, Delhi NCR, India",,,,False,no_osm_result,miss
project_71c96a17111ed554,delhi_ncr,Sikka Kimaantra Greens,"Sector 79, Dadri Road",201305.0,validated_candidate_geocode,"Sikka Kimaantra Greens, Sector 79, Dadri Road, 201305.0, Delhi NCR, India",,,,False,no_osm_result,miss
project_7ed805e96b3fa683,delhi_ncr,Krrish Provence Estate,Gwal Pahari,122003.0,validated_candidate_geocode,"Krrish Provence Estate, Gwal Pahari, 122003.0, Delhi NCR, India",,,,False,no_osm_result,miss
project_a9cc86c502f91995,delhi_ncr,Adani Samsara Vilasa,Sector 63,122102.0,validated_candidate_geocode,"Adani Samsara Vilasa, Sector 63, 122102.0, Delhi NCR, India",,,,False,no_osm_result,miss
project_2a8e247f3fe00d7e,delhi_ncr,4S Aradhya Homes,Sector 67A,122102.0,unmapped,"4S Aradhya Homes, Sector 67A, 122102.0, Delhi NCR, India",,,,False,no_osm_result,miss
project_0cf9ba2fb268e98f,delhi_ncr,Hercules Grace Resilviaa,Sector 78,122004.0,validated_candidate_geocode,"Hercules Grace Resilviaa, Sector 78, 122004.0, Delhi NCR, India",,,,False,no_osm_result,miss
project_d4e536bec99416a9,delhi_ncr,Jaypee Greens Kingswood Oriental,"Sector 128, Noida Express Way",201304.0,validated_candidate_geocode,"Jaypee Greens Kingswood Oriental, Sector 128, Noida Express Way, 201304.0, Delhi NCR, India",,,,False,no_osm_result,miss
project_90785c77a273e3e0,delhi_ncr,Royal Tower,Indirapuram,201014.0,validated_candidate_geocode,"Royal Tower, Indirapuram, 201014.0, Delhi NCR, India",,,,False,no_osm_result,miss
project_3ace43351c1bcd73,delhi_ncr,ATS green 1,Sector 50,201304.0,validated_candidate_geocode,"ATS green 1, Sector 50, 201304.0, Delhi NCR, India",,,,False,no_osm_result,miss
project_96778097cae6c68a,delhi_ncr,Adore The Select Premia,Sector 76,121004.0,validated_candidate_geocode,"Adore The Select Premia, Sector 76, 121004.0, Delhi NCR, India",,,,False,no_osm_result,miss
project_05bbc2e45384ea03,delhi_ncr,CBS Luxury Builder Floors,Sector 63A,122102.0,validated_candidate_geocode,"CBS Luxury Builder Floors, Sector 63A, 122102.0, Delhi NCR, India",,,,False,no_osm_result,miss
project_b9cb6a6d8ab3bc3f,delhi_ncr,The New Greenwood,Sector 52,122022.0,validated_candidate_geocode,"The New Greenwood, Sector 52, 122022.0, Delhi NCR, India",,,,False,no_osm_result,miss
project_cebd98b5a9fbb815,delhi_ncr,Lotus Elise,Sector 99,122001.0,validated_candidate_geocode,"Lotus Elise, Sector 99, 122001.0, Delhi NCR, India",,,,False,no_osm_result,miss
project_d6892c3f8d1b8e17,delhi_ncr,Saan Verdante,Sector 95,122505.0,validated_candidate_geocode,"Saan Verdante, Sector 95, 122505.0, Delhi NCR, India",,,,False,no_osm_result,miss
project_67a6e36f2d9167de,delhi_ncr,PMO Apartments,"Sector 62, NH 24",201309.0,validated_candidate_geocode,"PMO Apartments, Sector 62, NH 24, 201309.0, Delhi NCR, India",,,,False,no_osm_result,miss
project_98f80deb96cab394,delhi_ncr,Raheja Shilas,Sector 109,122017.0,validated_candidate_geocode,"Raheja Shilas, Sector 109, 122017.0, Delhi NCR, India",,,,False,no_osm_result,miss
project_756212c0c9370d7a,delhi_ncr,Emaar MGF Palm Studios,Sector 66,122102.0,validated_candidate_geocode,"Emaar MGF Palm Studios, Sector 66, 122102.0, Delhi NCR, India",,,,False,no_osm_result,miss
project_b981db965e03208a,delhi_ncr,Ashiana,Sector 88A,122505.0,unmapped,"Ashiana, Sector 88A, 122505.0, Delhi NCR, India",,,,False,no_osm_result,miss
project_f4c18a644e06868a,delhi_ncr,Alok Vihar II,Sector 50,201304.0,validated_candidate_geocode,"Alok Vihar II, Sector 50, 201304.0, Delhi NCR, India",,,,False,no_osm_result,miss
project_7547370ab2edb283,delhi_ncr,Ashiana The Center Court Prime,Sector 88,122004.0,validated_candidate_geocode,"Ashiana The Center Court Prime, Sector 88, 122004.0, Delhi NCR, India",,,,False,no_osm_result,miss
project_e1c279c07d525563,delhi_ncr,M3M Urbana One Key ResiMents,Sector 67,122102.0,validated_candidate_geocode,"M3M Urbana One Key ResiMents, Sector 67, 122102.0, Delhi NCR, India",,,,False,no_osm_result,miss
project_b4a7eac0e20d0213,delhi_ncr,Gardenia Golf City,Sector 75,201304.0,validated_candidate_geocode,"Gardenia Golf City, Sector 75, 201304.0, Delhi NCR, India",,,,False,no_osm_result,miss
project_3dbd4eced56ead06,delhi_ncr,Shri Laxmi Celebration Residency,Vasundhara,201012.0,unmapped,"Shri Laxmi Celebration Residency, Vasundhara, 201012.0, Delhi NCR, India",,,,False,no_osm_result,miss
project_d65ccc50e7fb392f,delhi_ncr,Jaypee Pavilion Heights 2,"Sector 128, Noida Express Way",201304.0,validated_candidate_geocode,"Jaypee Pavilion Heights 2, Sector 128, Noida Express Way, 201304.0, Delhi NCR, India",,,,False,no_osm_result,miss
project_bdfeafb3e6aa55eb,delhi_ncr,Gateway Towers,Vaishali,201012.0,validated_candidate_geocode,"Gateway Towers, Vaishali, 201012.0, Delhi NCR, India",,,,False,no_osm_result,miss
project_d992f749faf57bc0,delhi_ncr,Ram Shanti Apartment,Sector 52,122022.0,validated_candidate_geocode,"Ram Shanti Apartment, Sector 52, 122022.0, Delhi NCR, India",,,,False,no_osm_result,miss
project_51a64eda19eb9445,delhi_ncr,Metro Suites Glitz,Vasundhara,201012.0,validated_candidate_geocode,"Metro Suites Glitz, Vasundhara, 201012.0, Delhi NCR, India",,,,False,no_osm_result,miss
project_c85d5a164834c848,delhi_ncr,Ganga Kashi Residences,Hayatpur,122505.0,validated_candidate_geocode,"Ganga Kashi Residences, Hayatpur, 122505.0, Delhi NCR, India",,,,False,no_osm_result,miss
project_d0f76658f8dcec2c,delhi_ncr,Overseas Apartment,"Sector 62, NH 24",201309.0,validated_candidate_geocode,"Overseas Apartment, Sector 62, NH 24, 201309.0, Delhi NCR, India",,,,False,no_osm_result,miss
project_e0ae593aefa32680,delhi_ncr,Ashiana Mulberry Phase 4,Sector 2 Sohna,122103.0,validated_candidate_geocode,"Ashiana Mulberry Phase 4, Sector 2 Sohna, 122103.0, Delhi NCR, India",,,,False,no_osm_result,miss
project_ec686fdfc74c92b7,delhi_ncr,Overseas Apartments,Sector 50,201304.0,validated_candidate_geocode,"Overseas Apartments, Sector 50, 201304.0, Delhi NCR, India",,,,False,no_osm_result,miss
project_6bb51785ac370b51,delhi_ncr,Intelligentsia Apartment,Sector 56,122011.0,validated_candidate_geocode,"Intelligentsia Apartment, Sector 56, 122011.0, Delhi NCR, India",,,,False,no_osm_result,miss
project_98d60ed6896a71f3,delhi_ncr,M2K Olive Green Floors,Sector 104,122006.0,validated_candidate_geocode,"M2K Olive Green Floors, Sector 104, 122006.0, Delhi NCR, India",,,,False,no_osm_result,miss
project_6c6ed88d6d3c9c48,delhi_ncr,The Crescent,Sector 50,201304.0,validated_candidate_geocode,"The Crescent, Sector 50, 201304.0, Delhi NCR, India",,,,False,no_osm_result,miss
project_32e9413e0f8bb3c0,delhi_ncr,Subh Seggovias,Sector 70A,122101.0,validated_candidate_geocode,"Subh Seggovias, Sector 70A, 122101.0, Delhi NCR, India",,,,False,no_osm_result,miss
project_f21052f79dd66298,delhi_ncr,SS One,Sector 83,122004.0,validated_candidate_geocode,"SS One, Sector 83, 122004.0, Delhi NCR, India",,,,False,no_osm_result,miss
project_3f4744e6d45c0577,delhi_ncr,Park View Apartments Noida,"Sector 61, Ashok Marg",201301.0,validated_candidate_geocode,"Park View Apartments Noida, Sector 61, Ashok Marg, 201301.0, Delhi NCR, India",,,,False,no_osm_result,miss
project_201e26bbdaadf515,delhi_ncr,BPTP Pedestal Floors,Sector 70A,122101.0,validated_candidate_geocode,"BPTP Pedestal Floors, Sector 70A, 122101.0, Delhi NCR, India",,,,False,no_osm_result,miss
project_54d5d64f18550587,delhi_ncr,M2K Symphony Floors,Sector 51,122003.0,validated_candidate_geocode,"M2K Symphony Floors, Sector 51, 122003.0, Delhi NCR, India",,,,False,no_osm_result,miss
project_2652bc929fd161d4,delhi_ncr,Sagar Residency,Sector 50,201304.0,validated_candidate_geocode,"Sagar Residency, Sector 50, 201304.0, Delhi NCR, India",,,,False,no_osm_result,miss
project_8434838c28e9f6fb,delhi_ncr,Apex Green Valley,Vaishali,201012.0,validated_candidate_geocode,"Apex Green Valley, Vaishali, 201012.0, Delhi NCR, India",,,,False,no_osm_result,miss
project_33fe667764c3ea40,delhi_ncr,Express Zenith Tower A,Sector 77,201301.0,unmapped,"Express Zenith Tower A, Sector 77, 201301.0, Delhi NCR, India",,,,False,no_osm_result,miss
project_62e147ebb30f3d3c,delhi_ncr,Ashoka Group Housing Society,Sector 56,122011.0,validated_candidate_geocode,"Ashoka Group Housing Society, Sector 56, 122011.0, Delhi NCR, India",,,,False,no_osm_result,miss
project_827313d1e1a8c179,delhi_ncr,Jagdambe Apartments,"Sector 62, NH 24",201309.0,validated_candidate_geocode,"Jagdambe Apartments, Sector 62, NH 24, 201309.0, Delhi NCR, India",,,,False,no_osm_result,miss
project_69fa6dc746e6d6bf,delhi_ncr,The Basera CGHS,Sector 56,122011.0,validated_candidate_geocode,"The Basera CGHS, Sector 56, 122011.0, Delhi NCR, India",,,,False,no_osm_result,miss
project_234e5c0dff66f342,delhi_ncr,Millennium Residency,Sector 47,122018.0,validated_candidate_geocode,"Millennium Residency, Sector 47, 122018.0, Delhi NCR, India",,,,False,no_osm_result,miss
project_36ecb364de5e588c,delhi_ncr,Metro Suites,Vaishali,201012.0,validated_candidate_geocode,"Metro Suites, Vaishali, 201012.0, Delhi NCR, India",,,,False,no_osm_result,miss
project_b76e65ec4c48b671,delhi_ncr,Devika Apartments,Vaishali,201012.0,validated_candidate_geocode,"Devika Apartments, Vaishali, 201012.0, Delhi NCR, India",,,,False,no_osm_result,miss
project_f530a3c61de0c4f6,delhi_ncr,Great value Anandam,"Sector 107, Dadri Road",201301.0,validated_candidate_geocode,"Great value Anandam, Sector 107, Dadri Road, 201301.0, Delhi NCR, India",,,,False,no_osm_result,miss
project_b227e00eb5d35bf1,delhi_ncr,M3M Flora,Sector 68,122101.0,validated_candidate_geocode,"M3M Flora, Sector 68, 122101.0, Delhi NCR, India",,,,False,no_osm_result,miss
project_b3744edc02e8ca46,delhi_ncr,Adani Samsara,Sector 60,122102.0,validated_candidate_geocode,"Adani Samsara, Sector 60, 122102.0, Delhi NCR, India",,,,False,no_osm_result,miss
project_cb09c2e24a4eff66,delhi_ncr,Thapar The Arthah,Vaishali,201012.0,validated_candidate_geocode,"Thapar The Arthah, Vaishali, 201012.0, Delhi NCR, India",,,,False,no_osm_result,miss
project_c1efaeffabaf03b2,delhi_ncr,Ansal Celebrity Suites,Palam Vihar,122017.0,validated_candidate_geocode,"Ansal Celebrity Suites, Palam Vihar, 122017.0, Delhi NCR, India",,,,False,no_osm_result,miss
project_61bad4eabe5a31c5,delhi_ncr,The Element,Siddharth Vihar,201009.0,validated_candidate_geocode,"The Element, Siddharth Vihar, 201009.0, Delhi NCR, India",,,,False,no_osm_result,miss
project_d1fdc937bbae887e,delhi_ncr,Palm Grove Apartments,Sector 50,201304.0,validated_candidate_geocode,"Palm Grove Apartments, Sector 50, 201304.0, Delhi NCR, India",,,,False,no_osm_result,miss
project_25749aaa938c6f0c,delhi_ncr,Eastend Apartments,Indirapuram,201014.0,validated_candidate_geocode,"Eastend Apartments, Indirapuram, 201014.0, Delhi NCR, India",,,,False,no_osm_result,miss
project_b1331139f0b6fe75,delhi_ncr,Jeevan Ashray CGHS,"Sector 62, NH 24",201309.0,validated_candidate_geocode,"Jeevan Ashray CGHS, Sector 62, NH 24, 201309.0, Delhi NCR, India",,,,False,no_osm_result,miss
project_3d2f7ccb2459eb14,delhi_ncr,T&T The Blue,Siddharth Vihar,201009.0,validated_candidate_geocode,"T&T The Blue, Siddharth Vihar, 201009.0, Delhi NCR, India",,,,False,no_osm_result,miss
project_42af479ece86a538,delhi_ncr,Royal Legacy,Vasundhara,201012.0,validated_candidate_geocode,"Royal Legacy, Vasundhara, 201012.0, Delhi NCR, India",,,,False,no_osm_result,miss
project_f90f7595e33c0f86,delhi_ncr,Sobha Smriti Apartments,Sector 56,122011.0,validated_candidate_geocode,"Sobha Smriti Apartments, Sector 56, 122011.0, Delhi NCR, India",,,,False,no_osm_result,miss
project_1b2d0b3139ce3d3e,delhi_ncr,Birla Navya Avik Phase 1,Sector 63A,122102.0,unmapped,"Birla Navya Avik Phase 1, Sector 63A, 122102.0, Delhi NCR, India",,,,False,no_osm_result,miss
project_dc165d98be5e17db,delhi_ncr,Ushma Urja Apartments,"Sector 62, NH 24",201309.0,validated_candidate_geocode,"Ushma Urja Apartments, Sector 62, NH 24, 201309.0, Delhi NCR, India",,,,False,no_osm_result,miss
project_36b25b91a78f7892,delhi_ncr,Trehan Luxury Floors,Sector 71,122004.0,validated_candidate_geocode,"Trehan Luxury Floors, Sector 71, 122004.0, Delhi NCR, India",,,,False,no_osm_result,miss
project_48172393d3dc0e21,delhi_ncr,BNB Nature Valley,Sector 70,122101.0,validated_candidate_geocode,"BNB Nature Valley, Sector 70, 122101.0, Delhi NCR, India",,,,False,no_osm_result,miss
project_6fd2364f2653eb01,delhi_ncr,Tulip Leaf,Sector 69,122001.0,validated_candidate_geocode,"Tulip Leaf, Sector 69, 122001.0, Delhi NCR, India",,,,False,no_osm_result,miss
project_4e602bf23642a1c2,delhi_ncr,Prangan Apartments,"Sector 62, NH 24",201309.0,validated_candidate_geocode,"Prangan Apartments, Sector 62, NH 24, 201309.0, Delhi NCR, India",,,,False,no_osm_result,miss
project_b622d153b9445b57,delhi_ncr,Arihant Southwinds,Surajkund,121010.0,unmapped,"Arihant Southwinds, Surajkund, 121010.0, Delhi NCR, India",,,,False,no_osm_result,miss
project_de5f9a0e64832bd9,delhi_ncr,Park View Apartment,Sector 56,122011.0,validated_candidate_geocode,"Park View Apartment, Sector 56, 122011.0, Delhi NCR, India",,,,False,no_osm_result,miss
project_9791a3ea9f5c5995,delhi_ncr,Vipul Floors,Sector 49,122018.0,validated_candidate_geocode,"Vipul Floors, Sector 49, 122018.0, Delhi NCR, India",,,,False,no_osm_result,miss
project_5c3e2ca86db9853b,delhi_ncr,Sneh Kunj Apartments,"Sector 62, NH 24",201309.0,validated_candidate_geocode,"Sneh Kunj Apartments, Sector 62, NH 24, 201309.0, Delhi NCR, India",,,,False,no_osm_result,miss
project_47427a351ed425d3,delhi_ncr,Agarwal The Resort,National Highway 24,201015.0,unmapped,"Agarwal The Resort, National Highway 24, 201015.0, Delhi NCR, India",,,,False,no_osm_result,miss
project_6bbebc7e6e4bc2eb,delhi_ncr,Spaze Kalistaa,Sector 84,122004.0,validated_candidate_geocode,"Spaze Kalistaa, Sector 84, 122004.0, Delhi NCR, India",,,,False,no_osm_result,miss
project_ed6d25afdadaf670,delhi_ncr,Parsvnath Residency,Sector 51,201304.0,validated_candidate_geocode,"Parsvnath Residency, Sector 51, 201304.0, Delhi NCR, India",,,,False,no_osm_result,miss
project_355b8b11737689c7,delhi_ncr,Amrapali Titanium,"Sector 119, Pusta Road",201307.0,validated_candidate_geocode,"Amrapali Titanium, Sector 119, Pusta Road, 201307.0, Delhi NCR, India",,,,False,no_osm_result,miss
project_75de50d5420d68d9,delhi_ncr,Mapsko The Icon 79,Sector 79,122004.0,validated_candidate_geocode,"Mapsko The Icon 79, Sector 79, 122004.0, Delhi NCR, India",,,,False,no_osm_result,miss
project_e1dab389cbc05b51,delhi_ncr,Maitry Reserve Bank Society,Sector 56,122011.0,validated_candidate_geocode,"Maitry Reserve Bank Society, Sector 56, 122011.0, Delhi NCR, India",,,,False,no_osm_result,miss
project_164803c7930f6def,delhi_ncr,Antriksh Greens,Sector 45,122022.0,validated_candidate_geocode,"Antriksh Greens, Sector 45, 122022.0, Delhi NCR, India",,,,False,no_osm_result,miss
project_03f90be92bcfd74b,delhi_ncr,Signature Global City 79B,Sector 79,122004.0,validated_candidate_geocode,"Signature Global City 79B, Sector 79, 122004.0, Delhi NCR, India",,,,False,no_osm_result,miss
project_bb85817c4471a0d8,delhi_ncr,Royale Retreat I,"Charmwood Village, Sector 39, Suraj Kund Badkhal Road",121009.0,validated_candidate_geocode,"Royale Retreat I, Charmwood Village, Sector 39, Suraj Kund Badkhal Road, 121009.0, Delhi NCR, India",,,,False,no_osm_result,miss
project_cf17deb0adeb31fc,delhi_ncr,Samanvay Apartment,Sector 56,122011.0,validated_candidate_geocode,"Samanvay Apartment, Sector 56, 122011.0, Delhi NCR, India",,,,False,no_osm_result,miss
project_67831cf823ea77fe,delhi_ncr,Bhagwanti Apartment,Sector 56,122011.0,validated_candidate_geocode,"Bhagwanti Apartment, Sector 56, 122011.0, Delhi NCR, India",,,,False,no_osm_result,miss
project_70fbf246ab220417,delhi_ncr,Vatika Sovereign Park,Sector 99,122001.0,validated_candidate_geocode,"Vatika Sovereign Park, Sector 99, 122001.0, Delhi NCR, India",,,,False,no_osm_result,miss
project_7664baa87dd234d2,delhi_ncr,The Castle Society,Sector 56,122011.0,validated_candidate_geocode,"The Castle Society, Sector 56, 122011.0, Delhi NCR, India",,,,False,no_osm_result,miss
project_581d9965b9a147dc,delhi_ncr,Urban Green,Sector 39,122022.0,unmapped,"Urban Green, Sector 39, 122022.0, Delhi NCR, India",,,,False,no_osm_result,miss
project_f7f704992665fad9,delhi_ncr,The Core Ultra Wide,Crossings Republik,201016.0,validated_candidate_geocode,"The Core Ultra Wide, Crossings Republik, 201016.0, Delhi NCR, India",,,,False,no_osm_result,miss
project_c32f55ff7ca81a26,delhi_ncr,Central Park Clover Floors,Sector 32 Sohna,122102.0,unmapped,"Central Park Clover Floors, Sector 32 Sohna, 122102.0, Delhi NCR, India",,,,False,no_osm_result,miss
project_f7b1b35e1df25cfc,delhi_ncr,BLGC Superb,"Sector 110, Dadri Road",201304.0,validated_candidate_geocode,"BLGC Superb, Sector 110, Dadri Road, 201304.0, Delhi NCR, India",,,,False,no_osm_result,miss
project_48ff2a4ca92e023d,delhi_ncr,BPTP The Deck,Sector 82,121002.0,validated_candidate_geocode,"BPTP The Deck, Sector 82, 121002.0, Delhi NCR, India",,,,False,no_osm_result,miss
project_268109ee22ccd732,delhi_ncr,KPG Raj Villas,Sikrod,201003.0,validated_candidate_geocode,"KPG Raj Villas, Sikrod, 201003.0, Delhi NCR, India",,,,False,no_osm_result,miss
project_84957ec808182118,delhi_ncr,TRS Tamara,Kaushambi,201012.0,validated_candidate_geocode,"TRS Tamara, Kaushambi, 201012.0, Delhi NCR, India",,,,False,no_osm_result,miss
project_b121beb0ef5fab28,delhi_ncr,Luxury Floors,Indirapuram,201014.0,validated_candidate_geocode,"Luxury Floors, Indirapuram, 201014.0, Delhi NCR, India",,,,False,no_osm_result,miss
project_6664f75e486db076,delhi_ncr,Luxury Builder Floors,"Malibu Town, Sector 47",122018.0,validated_candidate_geocode,"Luxury Builder Floors, Malibu Town, Sector 47, 122018.0, Delhi NCR, India",,,,False,no_osm_result,miss
project_12a997c96a9397d7,delhi_ncr,Parnami Luxury Homes,Phase 1 DLF,122002.0,validated_candidate_geocode,"Parnami Luxury Homes, Phase 1 DLF, 122002.0, Delhi NCR, India",,,,False,no_osm_result,miss
project_2b3b39e3d228e89b,delhi_ncr,Parnami Luxury Homes,"Sushant Lok-I, Sector 43",122002.0,validated_candidate_geocode,"Parnami Luxury Homes, Sushant Lok-I, Sector 43, 122002.0, Delhi NCR, India",,,,False,no_osm_result,miss
project_379ad22a32638787,delhi_ncr,SRS Luxury Floors,"Nirvana Country, Sector 50",122018.0,validated_candidate_geocode,"SRS Luxury Floors, Nirvana Country, Sector 50, 122018.0, Delhi NCR, India",,,,False,no_osm_result,miss
project_35fbe0de51960cfe,delhi_ncr,SRS Luxury Floors,"Malibu Town, Sector 47",122018.0,unmapped,"SRS Luxury Floors, Malibu Town, Sector 47, 122018.0, Delhi NCR, India",,,,False,no_osm_result,miss
project_a834c7a8d732800b,delhi_ncr,CRS Luxury Builder Floors,South City 1,122022.0,validated_candidate_geocode,"CRS Luxury Builder Floors, South City 1, 122022.0, Delhi NCR, India",,,,False,no_osm_result,miss
project_699baf7692bd005d,delhi_ncr,Luxury Builder Floors,Sushant Lok,122022.0,validated_candidate_geocode,"Luxury Builder Floors, Sushant Lok, 122022.0, Delhi NCR, India",,,,False,no_osm_result,miss
project_ef5b23c65d8d155a,delhi_ncr,Bargainer Independent Floor at DLF Phase 2,Phase 2 DLF,122022.0,validated_candidate_geocode,"Bargainer Independent Floor at DLF Phase 2, Phase 2 DLF, 122022.0, Delhi NCR, India",,,,False,no_osm_result,miss
project_01fab1af9d95878c,delhi_ncr,Trehan Luxury Floors,Golf Course Extension Road,122005.0,unmapped,"Trehan Luxury Floors, Golf Course Extension Road, 122005.0, Delhi NCR, India",,,,False,no_osm_result,miss
project_e84eed825993a4d2,delhi_ncr,SRS Floors,Sector 57,122003.0,validated_candidate_geocode,"SRS Floors, Sector 57, 122003.0, Delhi NCR, India",,,,False,no_osm_result,miss
project_99b80bb1ad2bc746,delhi_ncr,Miglani Luxury Floors,Phase 2 DLF,122022.0,validated_candidate_geocode,"Miglani Luxury Floors, Phase 2 DLF, 122022.0, Delhi NCR, India",,,,False,no_osm_result,miss
project_080bab26eb52fae5,delhi_ncr,Gurgaon Luxury Floors,Golf Course Extension Road,122005.0,unmapped,"Gurgaon Luxury Floors, Golf Course Extension Road, 122005.0, Delhi NCR, India",,,,False,no_osm_result,miss
project_6cec5ced5f1495ac,delhi_ncr,Luxury Floors Gurgaon,Phase 4 DLF,122022.0,unmapped,"Luxury Floors Gurgaon, Phase 4 DLF, 122022.0, Delhi NCR, India",,,,False,no_osm_result,miss
project_d63dc4d90ffc9147,delhi_ncr,Luxury Floors,Phase 1 DLF,122002.0,validated_candidate_geocode,"Luxury Floors, Phase 1 DLF, 122002.0, Delhi NCR, India",,,,False,no_osm_result,miss
project_7b5445f2afda0f6a,delhi_ncr,Luxury Floors Gurgaon,Sector 57,122003.0,validated_candidate_geocode,"Luxury Floors Gurgaon, Sector 57, 122003.0, Delhi NCR, India",,,,False,no_osm_result,miss
project_198735f4bb263fdd,delhi_ncr,Bhutani Cyberthum,Sector 140A,201305.0,validated_candidate_geocode,"Bhutani Cyberthum, Sector 140A, 201305.0, Delhi NCR, India",,,,False,no_osm_result,miss
project_d3b2b6e5befe90d4,delhi_ncr,3C Lotus Panache,"Sector 110, Dadri Road",201304.0,unmapped,"3C Lotus Panache, Sector 110, Dadri Road, 201304.0, Delhi NCR, India",,,,False,no_osm_result,miss
project_a6d0ed6a90bea7b2,delhi_ncr,The 3C Lotus Boulevard,Sector 100,201303.0,validated_candidate_geocode,"The 3C Lotus Boulevard, Sector 100, 201303.0, Delhi NCR, India",,,,False,no_osm_result,miss
project_ba23bb81b101bd60,delhi_ncr,Supertech Hues,Sector 68,122101.0,validated_candidate_geocode,"Supertech Hues, Sector 68, 122101.0, Delhi NCR, India",,,,False,no_osm_result,miss
project_00fcfbc881aefd8f,delhi_ncr,Jaypee Greens Krescent Homes,"Sector 129, Noida Express Way",201304.0,validated_candidate_geocode,"Jaypee Greens Krescent Homes, Sector 129, Noida Express Way, 201304.0, Delhi NCR, India",,,,False,no_osm_result,miss
project_5acf5486c7e05238,delhi_ncr,RPS Palms Drive,Sector 88,121002.0,validated_candidate_geocode,"RPS Palms Drive, Sector 88, 121002.0, Delhi NCR, India",,,,False,no_osm_result,miss
project_76514b7ea41aafa7,delhi_ncr,ABA Corp Cleo County Bleu Casa,Sector 121,201307.0,validated_candidate_geocode,"ABA Corp Cleo County Bleu Casa, Sector 121, 201307.0, Delhi NCR, India",,,,False,no_osm_result,miss
project_699fda295791447f,delhi_ncr,Jaypee Green Kosmos Phase 2,"Sector 134, Noida Express Way",201304.0,validated_candidate_geocode,"Jaypee Green Kosmos Phase 2, Sector 134, Noida Express Way, 201304.0, Delhi NCR, India",,,,False,no_osm_result,miss
project_620ae5b9138d0cbf,delhi_ncr,RPS Savana,Sector 88,121002.0,validated_candidate_geocode,"RPS Savana, Sector 88, 121002.0, Delhi NCR, India",,,,False,no_osm_result,miss
project_365cb154ffd83233,delhi_ncr,Smart World Gems,Sector 89,122004.0,validated_candidate_geocode,"Smart World Gems, Sector 89, 122004.0, Delhi NCR, India",,,,False,no_osm_result,miss
project_408c4e937255780d,delhi_ncr,Ivory County,Sector 115,201301.0,validated_candidate_geocode,"Ivory County, Sector 115, 201301.0, Delhi NCR, India",,,,False,no_osm_result,miss
project_268938d994c88362,delhi_ncr,Amrapali Sapphire,"Sector 45, Noida Express Way",201303.0,validated_candidate_geocode,"Amrapali Sapphire, Sector 45, Noida Express Way, 201303.0, Delhi NCR, India",,,,False,no_osm_result,miss
project_56eb8351fe0c1d70,delhi_ncr,VVIP Addresses,Raj Nagar Extension,201003.0,validated_candidate_geocode,"VVIP Addresses, Raj Nagar Extension, 201003.0, Delhi NCR, India",,,,False,no_osm_result,miss
project_20cddad599449bfe,delhi_ncr,Supertech North Eye,Sector 74,201301.0,validated_candidate_geocode,"Supertech North Eye, Sector 74, 201301.0, Delhi NCR, India",,,,False,no_osm_result,miss
project_50542f212ff56789,delhi_ncr,Amrapali Zodiac,Sector 120,201301.0,validated_candidate_geocode,"Amrapali Zodiac, Sector 120, 201301.0, Delhi NCR, India",,,,False,no_osm_result,miss
project_174cfea2eefaef3e,delhi_ncr,IITL Nimbus The Hyde Park,Sector 78,201305.0,validated_candidate_geocode,"IITL Nimbus The Hyde Park, Sector 78, 201305.0, Delhi NCR, India",,,,False,no_osm_result,miss
project_f5c97e0b27dc9b02,delhi_ncr,Gaur City 4th Avenue,Noida Extension,201009.0,unmapped,"Gaur City 4th Avenue, Noida Extension, 201009.0, Delhi NCR, India",,,,False,no_osm_result,miss
project_ec7a32faf654e272,delhi_ncr,Pan Oasis,Sector 70,201307.0,validated_candidate_geocode,"Pan Oasis, Sector 70, 201307.0, Delhi NCR, India",,,,False,no_osm_result,miss
project_49d9aef394570837,delhi_ncr,Jaypee Kasa Isles,"Sector 129, Noida Express Way",201304.0,validated_candidate_geocode,"Jaypee Kasa Isles, Sector 129, Noida Express Way, 201304.0, Delhi NCR, India",,,,False,no_osm_result,miss
project_e94630f3e5744e8a,delhi_ncr,Amrapali Princely Estate,Sector 76,201304.0,validated_candidate_geocode,"Amrapali Princely Estate, Sector 76, 201304.0, Delhi NCR, India",,,,False,no_osm_result,miss
project_4363c46a8a0dd57a,delhi_ncr,Aditya City Apartments,National Highway 24,201015.0,unmapped,"Aditya City Apartments, National Highway 24, 201015.0, Delhi NCR, India",,,,False,no_osm_result,miss
project_a9d5d6d075231eee,delhi_ncr,Prateek Wisteria,Sector 77,201301.0,validated_candidate_geocode,"Prateek Wisteria, Sector 77, 201301.0, Delhi NCR, India",,,,False,no_osm_result,miss
project_e29e38d80dfe2a9b,delhi_ncr,Unitech Residences,Sector 33,122018.0,validated_candidate_geocode,"Unitech Residences, Sector 33, 122018.0, Delhi NCR, India",,,,False,no_osm_result,miss
project_9db1f07480160120,delhi_ncr,Jaypee Kensington Boulevard,"Sector 131, Noida Express Way",201304.0,validated_candidate_geocode,"Jaypee Kensington Boulevard, Sector 131, Noida Express Way, 201304.0, Delhi NCR, India",,,,False,no_osm_result,miss
project_0859253dc5902e3a,delhi_ncr,Signature Global Daxin Vistas,Sohna,122103.0,validated_candidate_geocode,"Signature Global Daxin Vistas, Sohna, 122103.0, Delhi NCR, India",,,,False,no_osm_result,miss
project_f4a9ae30da5beee9,delhi_ncr,Ajnara Integrity,Raj Nagar Extension,201003.0,validated_candidate_geocode,"Ajnara Integrity, Raj Nagar Extension, 201003.0, Delhi NCR, India",,,,False,no_osm_result,miss
project_01c3d4f18693a5df,delhi_ncr,AGC Realty Homes 121,Sector 121,201307.0,validated_candidate_geocode,"AGC Realty Homes 121, Sector 121, 201307.0, Delhi NCR, India",,,,False,no_osm_result,miss
project_a053ba3eb862a8dc,delhi_ncr,Sikka The Crown of Noida,"Sector 143, Noida Express Way",201305.0,validated_candidate_geocode,"Sikka The Crown of Noida, Sector 143, Noida Express Way, 201305.0, Delhi NCR, India",,,,False,no_osm_result,miss
project_a738673055aac31f,delhi_ncr,Green Court,Sector 90,122505.0,validated_candidate_geocode,"Green Court, Sector 90, 122505.0, Delhi NCR, India",,,,False,no_osm_result,miss
project_0b22f15ec5c2f71f,delhi_ncr,Sikka Kaamna Greens,"Sector 143A, Noida Express Way",201306.0,validated_candidate_geocode,"Sikka Kaamna Greens, Sector 143A, Noida Express Way, 201306.0, Delhi NCR, India",,,,False,no_osm_result,miss
project_26feb20f25d97c4d,delhi_ncr,Saya Gold Avenue,Indirapuram,201014.0,validated_candidate_geocode,"Saya Gold Avenue, Indirapuram, 201014.0, Delhi NCR, India",,,,False,no_osm_result,miss
project_02e52772c95be508,delhi_ncr,Galaxy Blue Sapphire Plaza,Noida Extension,201009.0,unmapped,"Galaxy Blue Sapphire Plaza, Noida Extension, 201009.0, Delhi NCR, India",,,,False,no_osm_result,miss
project_1a3a177a83030275,delhi_ncr,Jaypee Wish Town Klassic,"Sector 129, Noida Express Way",201304.0,validated_candidate_geocode,"Jaypee Wish Town Klassic, Sector 129, Noida Express Way, 201304.0, Delhi NCR, India",,,,False,no_osm_result,miss
project_cc159ad774c3c854,delhi_ncr,TLC The First Acre,Sector 78,122004.0,validated_candidate_geocode,"TLC The First Acre, Sector 78, 122004.0, Delhi NCR, India",,,,False,no_osm_result,miss
project_dbdfcd12e4e44f98,delhi_ncr,Saviour Infra Greenarch,Noida Extension,201009.0,unmapped,"Saviour Infra Greenarch, Noida Extension, 201009.0, Delhi NCR, India",,,,False,no_osm_result,miss
project_04000f8ff1d0f29b,delhi_ncr,M3M Boutique Floors,Sector 89,122004.0,validated_candidate_geocode,"M3M Boutique Floors, Sector 89, 122004.0, Delhi NCR, India",,,,False,no_osm_result,miss
project_e31d47e9b429dab5,delhi_ncr,ACE Divino,Noida Extension,201009.0,unmapped,"ACE Divino, Noida Extension, 201009.0, Delhi NCR, India",,,,False,no_osm_result,miss
project_38baf9447b7d49ca,delhi_ncr,Mahagun Mascot,Crossings Republik,201016.0,validated_candidate_geocode,"Mahagun Mascot, Crossings Republik, 201016.0, Delhi NCR, India",,,,False,no_osm_result,miss
project_eb0f8795cc0c29eb,delhi_ncr,DLF New Town Heights 1,Sector 90,122505.0,validated_candidate_geocode,"DLF New Town Heights 1, Sector 90, 122505.0, Delhi NCR, India",,,,False,no_osm_result,miss
project_95fc121563492902,delhi_ncr,Shapoorji Pallonji Joyville,Sector 102,122006.0,validated_candidate_geocode,"Shapoorji Pallonji Joyville, Sector 102, 122006.0, Delhi NCR, India",,,,False,no_osm_result,miss
project_6a54c4f47b5f0da4,delhi_ncr,Panchsheel Greens,Noida Extension,201009.0,unmapped,"Panchsheel Greens, Noida Extension, 201009.0, Delhi NCR, India",,,,False,no_osm_result,miss
project_e97035f3f1b58dc5,delhi_ncr,Nirala Aspire,Noida Extension,201009.0,validated_candidate_geocode,"Nirala Aspire, Noida Extension, 201009.0, Delhi NCR, India",,,,False,no_osm_result,miss
project_fb97b5c76ac32bfc,delhi_ncr,AVL 36 Gurgaon,Sector 36A,122004.0,validated_candidate_geocode,"AVL 36 Gurgaon, Sector 36A, 122004.0, Delhi NCR, India",,,,False,no_osm_result,miss
project_fa513c29f789a189,delhi_ncr,Windsor Paradise 2,Raj Nagar Extension,201003.0,validated_candidate_geocode,"Windsor Paradise 2, Raj Nagar Extension, 201003.0, Delhi NCR, India",,,,False,no_osm_result,miss
project_6c7bb06c7e39c50b,delhi_ncr,Rudra Palace Heights,Noida Extension,201009.0,unmapped,"Rudra Palace Heights, Noida Extension, 201009.0, Delhi NCR, India",,,,False,no_osm_result,miss
project_9cdfd9a088f09045,delhi_ncr,Future Estate,Noida Extension,201009.0,unmapped,"Future Estate, Noida Extension, 201009.0, Delhi NCR, India",,,,False,no_osm_result,miss
project_5c99a4be094ba8b4,delhi_ncr,Tulip Violet,Sector 69,122001.0,validated_candidate_geocode,"Tulip Violet, Sector 69, 122001.0, Delhi NCR, India",,,,False,no_osm_result,miss
project_cb88c36298b1e810,delhi_ncr,Signature The Serenas,Sector 36 Sohna,122102.0,validated_candidate_geocode,"Signature The Serenas, Sector 36 Sohna, 122102.0, Delhi NCR, India",,,,False,no_osm_result,miss
project_9cc115c0a5ade7df,delhi_ncr,Supertech Hilltown,Sector 2 Sohna,122103.0,validated_candidate_geocode,"Supertech Hilltown, Sector 2 Sohna, 122103.0, Delhi NCR, India",,,,False,no_osm_result,miss
project_2959cc9515868894,delhi_ncr,Addela Palm Resort,Raj Nagar Extension,201003.0,validated_candidate_geocode,"Addela Palm Resort, Raj Nagar Extension, 201003.0, Delhi NCR, India",,,,False,no_osm_result,miss
project_f17767505d5c5fa1,delhi_ncr,ATS Homekraft Happy Trails,Noida Extension,201009.0,unmapped,"ATS Homekraft Happy Trails, Noida Extension, 201009.0, Delhi NCR, India",,,,False,no_osm_result,miss
project_e959d290ebf96d6b,delhi_ncr,Gaur Grandeur,"Sector 119, Pusta Road",201307.0,unmapped,"Gaur Grandeur, Sector 119, Pusta Road, 201307.0, Delhi NCR, India",,,,False,no_osm_result,miss
project_a7d021fa739769d8,delhi_ncr,Ramprastha The Edge Towers,"Sector 37D, Delhi Gurgaon Expressway",122001.0,validated_candidate_geocode,"Ramprastha The Edge Towers, Sector 37D, Delhi Gurgaon Expressway, 122001.0, Delhi NCR, India",,,,False,no_osm_result,miss
project_b869598a316bc5ab,delhi_ncr,Unitech Vistas,Sector 70,122101.0,validated_candidate_geocode,"Unitech Vistas, Sector 70, 122101.0, Delhi NCR, India",,,,False,no_osm_result,miss
project_e62e9b5ed65a93b1,delhi_ncr,Signature Global City 81,Sector 81,122051.0,validated_candidate_geocode,"Signature Global City 81, Sector 81, 122051.0, Delhi NCR, India",,,,False,no_osm_result,miss
project_4c8cf4a8256284b4,delhi_ncr,Sikka Karnam Greens,Sector 143B,201306.0,validated_candidate_geocode,"Sikka Karnam Greens, Sector 143B, 201306.0, Delhi NCR, India",,,,False,no_osm_result,miss
project_8c4509c40599b3d4,delhi_ncr,Amrapali Tropical Garden,Noida Extension,201009.0,validated_candidate_geocode,"Amrapali Tropical Garden, Noida Extension, 201009.0, Delhi NCR, India",,,,False,no_osm_result,miss
project_c3b389b120bb45de,delhi_ncr,Ashiana Amarah,Sector 93,122505.0,validated_candidate_geocode,"Ashiana Amarah, Sector 93, 122505.0, Delhi NCR, India",,,,False,no_osm_result,miss
project_2f28dabdf594cc9a,delhi_ncr,Godrej Nature Plus,Sector 33 Sohna,122102.0,unmapped,"Godrej Nature Plus, Sector 33 Sohna, 122102.0, Delhi NCR, India",,,,False,no_osm_result,miss
project_6f2092b934b56380,delhi_ncr,Panchsheel Wellington,Crossings Republik,201016.0,validated_candidate_geocode,"Panchsheel Wellington, Crossings Republik, 201016.0, Delhi NCR, India",,,,False,no_osm_result,miss
project_ad309ea526857cab,delhi_ncr,Rajnagar Residency,Raj Nagar Extension,201003.0,validated_candidate_geocode,"Rajnagar Residency, Raj Nagar Extension, 201003.0, Delhi NCR, India",,,,False,no_osm_result,miss
project_f1bd1d9072735ef3,delhi_ncr,ATS Le Grandiose,"Sector 150, Pusta Road",201310.0,validated_candidate_geocode,"ATS Le Grandiose, Sector 150, Pusta Road, 201310.0, Delhi NCR, India",,,,False,no_osm_result,miss
project_6fe184c540d8feff,delhi_ncr,Apex Kremlin,Siddharth Vihar,201009.0,validated_candidate_geocode,"Apex Kremlin, Siddharth Vihar, 201009.0, Delhi NCR, India",,,,False,no_osm_result,miss
project_05c066f63eac208a,delhi_ncr,Jaypee Greens Pavilion Court,"Sector 128, Noida Express Way",201304.0,validated_candidate_geocode,"Jaypee Greens Pavilion Court, Sector 128, Noida Express Way, 201304.0, Delhi NCR, India",,,,False,no_osm_result,miss
project_4b01d2a254fdf0a5,delhi_ncr,Gulshan Bellina,Noida Extension,201009.0,unmapped,"Gulshan Bellina, Noida Extension, 201009.0, Delhi NCR, India",,,,False,no_osm_result,miss
project_e44db55fe8385c78,delhi_ncr,DLF Express Greens,Manesar,122051.0,validated_candidate_geocode,"DLF Express Greens, Manesar, 122051.0, Delhi NCR, India",,,,False,no_osm_result,miss
project_cf83efe3600a1e77,delhi_ncr,Gaur Cascades,Raj Nagar Extension,201003.0,validated_candidate_geocode,"Gaur Cascades, Raj Nagar Extension, 201003.0, Delhi NCR, India",,,,False,no_osm_result,miss
project_1b714dfa82ed5aeb,delhi_ncr,Jaypee The Orchards,"Sector 131, Noida Express Way",201304.0,validated_candidate_geocode,"Jaypee The Orchards, Sector 131, Noida Express Way, 201304.0, Delhi NCR, India",,,,False,no_osm_result,miss
project_53a27a5322a1c950,delhi_ncr,Anthem French Apartments,Noida Extension,201009.0,unmapped,"Anthem French Apartments, Noida Extension, 201009.0, Delhi NCR, India",,,,False,no_osm_result,miss
project_79966fc4167b034c,delhi_ncr,Sriflex City,Sector 4 Sohna,122102.0,validated_candidate_geocode,"Sriflex City, Sector 4 Sohna, 122102.0, Delhi NCR, India",,,,False,no_osm_result,miss
project_1d8dc514bbb66f29,delhi_ncr,Rishabh Cloud 9 Towers Vaishali,Vaishali,201012.0,validated_candidate_geocode,"Rishabh Cloud 9 Towers Vaishali, Vaishali, 201012.0, Delhi NCR, India",,,,False,no_osm_result,miss
project_3ba03cdef9bef60c,delhi_ncr,M3M Marina,Sector 68,122101.0,validated_candidate_geocode,"M3M Marina, Sector 68, 122101.0, Delhi NCR, India",,,,False,no_osm_result,miss
project_47dc162625811170,delhi_ncr,Wave Executive Floors,National Highway 24,201015.0,validated_candidate_geocode,"Wave Executive Floors, National Highway 24, 201015.0, Delhi NCR, India",,,,False,no_osm_result,miss
project_bef0dd81d2d5dcb3,delhi_ncr,Jaipuria Sunrise Greens,Indirapuram,201014.0,validated_candidate_geocode,"Jaipuria Sunrise Greens, Indirapuram, 201014.0, Delhi NCR, India",,,,False,no_osm_result,miss
project_82811b4f0ff10759,delhi_ncr,Ashiana Anmol,Sector 33,122018.0,validated_candidate_geocode,"Ashiana Anmol, Sector 33, 122018.0, Delhi NCR, India",,,,False,no_osm_result,miss
project_62b5aeb5b16e8503,delhi_ncr,Eldeco Live By The Greens,"Sector 150, Pusta Road",201310.0,validated_candidate_geocode,"Eldeco Live By The Greens, Sector 150, Pusta Road, 201310.0, Delhi NCR, India",,,,False,no_osm_result,miss
project_5baa1becd79d9662,delhi_ncr,Unitech South Park,Sector 70,122101.0,validated_candidate_geocode,"Unitech South Park, Sector 70, 122101.0, Delhi NCR, India",,,,False,no_osm_result,miss
project_0a65e212d6b25984,delhi_ncr,Unitech Nirvana Country,Sector 50,122018.0,validated_candidate_geocode,"Unitech Nirvana Country, Sector 50, 122018.0, Delhi NCR, India",,,,False,no_osm_result,miss
project_88a1bcc675a29505,delhi_ncr,Amrapali Village,Indirapuram,201014.0,validated_candidate_geocode,"Amrapali Village, Indirapuram, 201014.0, Delhi NCR, India",,,,False,no_osm_result,miss
project_35974ba093cf95a6,delhi_ncr,Rise Organic Homes,National Highway 24,201015.0,unmapped,"Rise Organic Homes, National Highway 24, 201015.0, Delhi NCR, India",,,,False,no_osm_result,miss
project_1320bda61975dfca,delhi_ncr,Ajnara Daffodil,"Sector 137, Noida Express Way",201305.0,validated_candidate_geocode,"Ajnara Daffodil, Sector 137, Noida Express Way, 201305.0, Delhi NCR, India",,,,False,no_osm_result,miss
project_b7a18163c5fef88a,delhi_ncr,Shri Radha Aqua Gardens,Noida Extension,201009.0,unmapped,"Shri Radha Aqua Gardens, Noida Extension, 201009.0, Delhi NCR, India",,,,False,no_osm_result,miss
project_f17a71ba4d7c8788,delhi_ncr,Indiabulls Centrum Park,Sector 103,122006.0,validated_candidate_geocode,"Indiabulls Centrum Park, Sector 103, 122006.0, Delhi NCR, India",,,,False,no_osm_result,miss
project_0e61302870e96776,delhi_ncr,Eldeco Accolade Sohna,Sohna,122103.0,validated_candidate_geocode,"Eldeco Accolade Sohna, Sohna, 122103.0, Delhi NCR, India",,,,False,no_osm_result,miss
project_96607c26fd62cdeb,delhi_ncr,Melia First Citizen,Sector 35 Sohna,122018.0,unmapped,"Melia First Citizen, Sector 35 Sohna, 122018.0, Delhi NCR, India",,,,False,no_osm_result,miss
project_d34e9bdb2f7613dc,delhi_ncr,Signature Global City 93,Sector 93,122505.0,validated_candidate_geocode,"Signature Global City 93, Sector 93, 122505.0, Delhi NCR, India",,,,False,no_osm_result,miss
project_15d918c341ad7f69,delhi_ncr,Sam Palm Olympia Phase II,Noida Extension,201009.0,validated_candidate_geocode,"Sam Palm Olympia Phase II, Noida Extension, 201009.0, Delhi NCR, India",,,,False,no_osm_result,miss
project_36fe975b810ca408,delhi_ncr,Amrapali River View,Noida Extension,201009.0,unmapped,"Amrapali River View, Noida Extension, 201009.0, Delhi NCR, India",,,,False,no_osm_result,miss
project_3a77298bdee0935f,delhi_ncr,ILD Greens,"Sector 37A, Delhi Gurgaon Expressway",122004.0,unmapped,"ILD Greens, Sector 37A, Delhi Gurgaon Expressway, 122004.0, Delhi NCR, India",,,,False,no_osm_result,miss
project_393bfc34ea7fb215,delhi_ncr,Milan Earth,Raj Nagar Extension,201003.0,validated_candidate_geocode,"Milan Earth, Raj Nagar Extension, 201003.0, Delhi NCR, India",,,,False,no_osm_result,miss
project_ee5fd2a869994c99,delhi_ncr,Mahagun Montagge,Crossings Republik,201016.0,validated_candidate_geocode,"Mahagun Montagge, Crossings Republik, 201016.0, Delhi NCR, India",,,,False,no_osm_result,miss
project_a0a745349dd5556f,delhi_ncr,Vatika Primrose Floors,Sector 82,122004.0,validated_candidate_geocode,"Vatika Primrose Floors, Sector 82, 122004.0, Delhi NCR, India",,,,False,no_osm_result,miss
project_3a0ee229229a8a75,delhi_ncr,Orange County,Indirapuram,201014.0,validated_candidate_geocode,"Orange County, Indirapuram, 201014.0, Delhi NCR, India",,,,False,no_osm_result,miss
project_43194d7e787585f7,delhi_ncr,Unitech Uniworld Garden II,Sector 47,122018.0,validated_candidate_geocode,"Unitech Uniworld Garden II, Sector 47, 122018.0, Delhi NCR, India",,,,False,no_osm_result,miss
project_fc0ceb7ce99bdb38,delhi_ncr,Amrapali Leisure Valley,Noida Extension,201009.0,unmapped,"Amrapali Leisure Valley, Noida Extension, 201009.0, Delhi NCR, India",,,,False,no_osm_result,miss
project_ae41243302ff54a0,delhi_ncr,Fusion Homes,Noida Extension,201009.0,validated_candidate_geocode,"Fusion Homes, Noida Extension, 201009.0, Delhi NCR, India",,,,False,no_osm_result,miss
project_11b27ee903d602df,delhi_ncr,ABA Olive County,Vasundhara,201012.0,unmapped,"ABA Olive County, Vasundhara, 201012.0, Delhi NCR, India",,,,False,no_osm_result,miss
project_f3d2f1e36d0b9690,delhi_ncr,Pyramid Urban Homes 2,Sector 86,122505.0,validated_candidate_geocode,"Pyramid Urban Homes 2, Sector 86, 122505.0, Delhi NCR, India",,,,False,no_osm_result,miss
project_f0292f712cf9ffd9,delhi_ncr,CHD Avenue 71,Sector 71,122004.0,unmapped,"CHD Avenue 71, Sector 71, 122004.0, Delhi NCR, India",,,,False,no_osm_result,miss
project_c699364f0cbddab3,delhi_ncr,Signature Global Golf Greens 79,Sector 79,122004.0,validated_candidate_geocode,"Signature Global Golf Greens 79, Sector 79, 122004.0, Delhi NCR, India",,,,False,no_osm_result,miss
project_16c9b7c23a8988c3,delhi_ncr,Ansal Estella,Sector 103,122006.0,validated_candidate_geocode,"Ansal Estella, Sector 103, 122006.0, Delhi NCR, India",,,,False,no_osm_result,miss
project_dd63fbed032f14ce,delhi_ncr,Ferrous City 2 Beverly Homes,Sector 89,121002.0,validated_candidate_geocode,"Ferrous City 2 Beverly Homes, Sector 89, 121002.0, Delhi NCR, India",,,,False,no_osm_result,miss
project_219c30b4a9b306f5,delhi_ncr,Vatika Xpressions,Sector 88B,122505.0,validated_candidate_geocode,"Vatika Xpressions, Sector 88B, 122505.0, Delhi NCR, India",,,,False,no_osm_result,miss
project_d335bc67d67414b7,delhi_ncr,Prime Habitat,"Sector 99A, Delhi Gurgaon Expressway",122505.0,validated_candidate_geocode,"Prime Habitat, Sector 99A, Delhi Gurgaon Expressway, 122505.0, Delhi NCR, India",,,,False,no_osm_result,miss
project_fd77a598ea69575f,delhi_ncr,AU Cosmos Corner,Siddharth Vihar,201009.0,validated_candidate_geocode,"AU Cosmos Corner, Siddharth Vihar, 201009.0, Delhi NCR, India",,,,False,no_osm_result,miss
project_fe4d7f357e063490,delhi_ncr,Radhey Casa Greens 1,Noida Extension,201009.0,validated_candidate_geocode,"Radhey Casa Greens 1, Noida Extension, 201009.0, Delhi NCR, India",,,,False,no_osm_result,miss
project_bd97ea60a8b260bb,delhi_ncr,Pyramid Midtown Sector 59,Golf Course Extension Road,122005.0,unmapped,"Pyramid Midtown Sector 59, Golf Course Extension Road, 122005.0, Delhi NCR, India",,,,False,no_osm_result,miss
project_67902d6f7c371791,delhi_ncr,SG Shikhar Height,Siddharth Vihar,201009.0,validated_candidate_geocode,"SG Shikhar Height, Siddharth Vihar, 201009.0, Delhi NCR, India",,,,False,no_osm_result,miss
project_98aee65e4bbc13f6,delhi_ncr,GLS Avenue 81,Sector 81,122051.0,validated_candidate_geocode,"GLS Avenue 81, Sector 81, 122051.0, Delhi NCR, India",,,,False,no_osm_result,miss
project_28e4b756ff78b510,delhi_ncr,Orris Market 89,Sector 89,122004.0,validated_candidate_geocode,"Orris Market 89, Sector 89, 122004.0, Delhi NCR, India",,,,False,no_osm_result,miss
project_6926277bc4b55aba,delhi_ncr,Pareena Infrastructure Laxmi Apartments,"Sector 99A, Delhi Gurgaon Expressway",122505.0,validated_candidate_geocode,"Pareena Infrastructure Laxmi Apartments, Sector 99A, Delhi Gurgaon Expressway, 122505.0, Delhi NCR, India",,,,False,no_osm_result,miss
project_5669453f22abdc2d,delhi_ncr,Pyramid Heights,Sector 85,122004.0,validated_candidate_geocode,"Pyramid Heights, Sector 85, 122004.0, Delhi NCR, India",,,,False,no_osm_result,miss
project_21f19cf5fc674fe8,delhi_ncr,Elegant Ville,Noida Extension,201009.0,unmapped,"Elegant Ville, Noida Extension, 201009.0, Delhi NCR, India",,,,False,no_osm_result,miss
project_d3b8406a401d15a9,delhi_ncr,Amrapali Amarpali O2 Valley,Noida Extension,201009.0,unmapped,"Amrapali Amarpali O2 Valley, Noida Extension, 201009.0, Delhi NCR, India",,,,False,no_osm_result,miss
project_9b4f8096b6b30c19,delhi_ncr,Vatika IRIS Floors,Sector 82,122004.0,validated_candidate_geocode,"Vatika IRIS Floors, Sector 82, 122004.0, Delhi NCR, India",,,,False,no_osm_result,miss
project_4d582e454e134daa,delhi_ncr,Uninav Heights,Raj Nagar Extension,201003.0,validated_candidate_geocode,"Uninav Heights, Raj Nagar Extension, 201003.0, Delhi NCR, India",,,,False,no_osm_result,miss
project_5d53721f656cba2f,delhi_ncr,Amolik Sankalp,Sector 85,121002.0,validated_candidate_geocode,"Amolik Sankalp, Sector 85, 121002.0, Delhi NCR, India",,,,False,no_osm_result,miss
project_e50ce507120db3df,delhi_ncr,ATS Floral Pathways,National Highway 24,201015.0,unmapped,"ATS Floral Pathways, National Highway 24, 201015.0, Delhi NCR, India",,,,False,no_osm_result,miss
project_e98576773be85767,delhi_ncr,Gulshan Vivante,"Sector 137, Noida Express Way",201305.0,validated_candidate_geocode,"Gulshan Vivante, Sector 137, Noida Express Way, 201305.0, Delhi NCR, India",,,,False,no_osm_result,miss
project_c1f6fd65b2efc941,delhi_ncr,DLF Express Greens,IMT Manesar,122051.0,validated_candidate_geocode,"DLF Express Greens, IMT Manesar, 122051.0, Delhi NCR, India",,,,False,no_osm_result,miss
project_f94e591a0e5b5687,delhi_ncr,Ajnara Fragrance,Raj Nagar Extension,201003.0,validated_candidate_geocode,"Ajnara Fragrance, Raj Nagar Extension, 201003.0, Delhi NCR, India",,,,False,no_osm_result,miss
project_1c093fe7d60db4db,delhi_ncr,Vipul World,Sector 48,122001.0,validated_candidate_geocode,"Vipul World, Sector 48, 122001.0, Delhi NCR, India",,,,False,no_osm_result,miss
project_bad8606ff7d49849,delhi_ncr,Gaur Green City,Indirapuram,201014.0,validated_candidate_geocode,"Gaur Green City, Indirapuram, 201014.0, Delhi NCR, India",,,,False,no_osm_result,miss
project_6e1483fad0389ecf,delhi_ncr,Godrej Icon,Sector 88A,122505.0,validated_candidate_geocode,"Godrej Icon, Sector 88A, 122505.0, Delhi NCR, India",,,,False,no_osm_result,miss
project_1bcde5aaec1f563d,delhi_ncr,SCC Blossom,Raj Nagar Extension,201003.0,validated_candidate_geocode,"SCC Blossom, Raj Nagar Extension, 201003.0, Delhi NCR, India",,,,False,no_osm_result,miss
project_a790c315fa7a0577,delhi_ncr,Signature Global The Millennia 2,"Sector 37D, Delhi Gurgaon Expressway",122001.0,validated_candidate_geocode,"Signature Global The Millennia 2, Sector 37D, Delhi Gurgaon Expressway, 122001.0, Delhi NCR, India",,,,False,no_osm_result,miss
project_3c52e143b0af1b04,delhi_ncr,MRG The Balcony,Sector 93,122505.0,validated_candidate_geocode,"MRG The Balcony, Sector 93, 122505.0, Delhi NCR, India",,,,False,no_osm_result,miss
project_9cbedaa4a295ca9f,delhi_ncr,ATS Sanctuary 105,Sector 105,122006.0,unmapped,"ATS Sanctuary 105, Sector 105, 122006.0, Delhi NCR, India",,,,False,no_osm_result,miss
project_99c7ed371f527f82,delhi_ncr,Sam Palm Olympia,Noida Extension,201009.0,validated_candidate_geocode,"Sam Palm Olympia, Noida Extension, 201009.0, Delhi NCR, India",,,,False,no_osm_result,miss
project_1866d73d4cc94d8e,delhi_ncr,Prateek Edifice,"Sector 107, Dadri Road",201301.0,validated_candidate_geocode,"Prateek Edifice, Sector 107, Dadri Road, 201301.0, Delhi NCR, India",,,,False,no_osm_result,miss
project_0dce6118863e514a,delhi_ncr,Apex Golf Avenue,Noida Extension,201009.0,validated_candidate_geocode,"Apex Golf Avenue, Noida Extension, 201009.0, Delhi NCR, India",,,,False,no_osm_result,miss
project_22c00f40f8afc976,delhi_ncr,Apex Golf Avenue II,Noida Extension,201009.0,validated_candidate_geocode,"Apex Golf Avenue II, Noida Extension, 201009.0, Delhi NCR, India",,,,False,no_osm_result,miss
project_5658d41cf3760c54,delhi_ncr,Paras Dews,Sector 106,122006.0,validated_candidate_geocode,"Paras Dews, Sector 106, 122006.0, Delhi NCR, India",,,,False,no_osm_result,miss
project_44097389ce14b8c4,delhi_ncr,ATS Greens Village,"Sector 93A, Noida Express Way",201304.0,unmapped,"ATS Greens Village, Sector 93A, Noida Express Way, 201304.0, Delhi NCR, India",,,,False,no_osm_result,miss
project_9699ed4ff2d04f42,delhi_ncr,ROF Alante,Sector 108,122017.0,validated_candidate_geocode,"ROF Alante, Sector 108, 122017.0, Delhi NCR, India",,,,False,no_osm_result,miss
project_03d4d0874b6e32fc,delhi_ncr,Group Silverglades The Melia,Sector 35 Sohna,122018.0,unmapped,"Group Silverglades The Melia, Sector 35 Sohna, 122018.0, Delhi NCR, India",,,,False,no_osm_result,miss
project_8b11d4623ca7f3b3,delhi_ncr,Sethi Max Royal,Sector 76,201304.0,validated_candidate_geocode,"Sethi Max Royal, Sector 76, 201304.0, Delhi NCR, India",,,,False,no_osm_result,miss
project_b01d6a37467dc96f,delhi_ncr,ATS Pristine,"Sector 150, Pusta Road",201310.0,validated_candidate_geocode,"ATS Pristine, Sector 150, Pusta Road, 201310.0, Delhi NCR, India",,,,False,no_osm_result,miss
project_d35192c98da1993a,delhi_ncr,Signature Global Orchard Avenue 2,Sector 93,122505.0,validated_candidate_geocode,"Signature Global Orchard Avenue 2, Sector 93, 122505.0, Delhi NCR, India",,,,False,no_osm_result,miss
project_c33c54222c8fea6c,delhi_ncr,Umang Monsoon Breeze,Sector 78,122004.0,validated_candidate_geocode,"Umang Monsoon Breeze, Sector 78, 122004.0, Delhi NCR, India",,,,False,no_osm_result,miss
project_c81207d40f1cebf1,delhi_ncr,Signature Global Prime,Sector 63A,122102.0,validated_candidate_geocode,"Signature Global Prime, Sector 63A, 122102.0, Delhi NCR, India",,,,False,no_osm_result,miss
project_d98393726a0cea98,delhi_ncr,Express Zenith,Sector 77,201301.0,unmapped,"Express Zenith, Sector 77, 201301.0, Delhi NCR, India",,,,False,no_osm_result,miss
project_62cc79eda74e8df0,delhi_ncr,Vatika Lifestyle Homes,Sector 83,122004.0,validated_candidate_geocode,"Vatika Lifestyle Homes, Sector 83, 122004.0, Delhi NCR, India",,,,False,no_osm_result,miss
project_07e544bfe476b48a,delhi_ncr,Apex Quebec,Siddharth Vihar,201009.0,validated_candidate_geocode,"Apex Quebec, Siddharth Vihar, 201009.0, Delhi NCR, India",,,,False,no_osm_result,miss
project_35a9b5c673e876a5,delhi_ncr,SRS Pearl Floor,Sector 87,121002.0,validated_candidate_geocode,"SRS Pearl Floor, Sector 87, 121002.0, Delhi NCR, India",,,,False,no_osm_result,miss
project_3336b4e14a94f783,delhi_ncr,Cerise Suites,Sector 32 Sohna,122102.0,validated_candidate_geocode,"Cerise Suites, Sector 32 Sohna, 122102.0, Delhi NCR, India",,,,False,no_osm_result,miss
project_c6e94365e53aac23,delhi_ncr,Skytech Matrott,Sector 76,201304.0,unmapped,"Skytech Matrott, Sector 76, 201304.0, Delhi NCR, India",,,,False,no_osm_result,miss
project_530d99040e5c6ccd,delhi_ncr,SS Almeria,Sector 84,122004.0,validated_candidate_geocode,"SS Almeria, Sector 84, 122004.0, Delhi NCR, India",,,,False,no_osm_result,miss
project_a69774e2e8149ff5,delhi_ncr,JM Orchid,Sector 76,201304.0,validated_candidate_geocode,"JM Orchid, Sector 76, 201304.0, Delhi NCR, India",,,,False,no_osm_result,miss
project_4633b23c06d47ab8,delhi_ncr,Kbnows,Noida Extension,201009.0,unmapped,"Kbnows, Noida Extension, 201009.0, Delhi NCR, India",,,,False,no_osm_result,miss
project_369b066c97bfe667,delhi_ncr,Aditya Urban Casa,Sector 78,201305.0,validated_candidate_geocode,"Aditya Urban Casa, Sector 78, 201305.0, Delhi NCR, India",,,,False,no_osm_result,miss
project_e167a0f669d0e7f1,delhi_ncr,Panchsheel Pinnacle,Noida Extension,201009.0,unmapped,"Panchsheel Pinnacle, Noida Extension, 201009.0, Delhi NCR, India",,,,False,no_osm_result,miss
project_d750dadc1db2fcca,delhi_ncr,Mahagun Marvella Mywoods,Noida Extension,201009.0,validated_candidate_geocode,"Mahagun Marvella Mywoods, Noida Extension, 201009.0, Delhi NCR, India",,,,False,no_osm_result,miss
project_9d32d32dbc6b4ff1,delhi_ncr,PalmInfra Marina Suites,National Highway 24,201015.0,unmapped,"PalmInfra Marina Suites, National Highway 24, 201015.0, Delhi NCR, India",,,,False,no_osm_result,miss
project_a5e9ebda8a899bfc,delhi_ncr,Elegant Splendour,Noida Extension,201009.0,validated_candidate_geocode,"Elegant Splendour, Noida Extension, 201009.0, Delhi NCR, India",,,,False,no_osm_result,miss
project_84d1258cbab4a568,delhi_ncr,Ashiana Mulberry Phase II,Sector 2 Sohna,122103.0,validated_candidate_geocode,"Ashiana Mulberry Phase II, Sector 2 Sohna, 122103.0, Delhi NCR, India",,,,False,no_osm_result,miss
project_e92e77704ac8eb81,delhi_ncr,Uninav Residena,Raj Nagar Extension,201003.0,validated_candidate_geocode,"Uninav Residena, Raj Nagar Extension, 201003.0, Delhi NCR, India",,,,False,no_osm_result,miss
project_eb0a7fd05380c675,delhi_ncr,Amrapali Enchante,Noida Extension,201009.0,unmapped,"Amrapali Enchante, Noida Extension, 201009.0, Delhi NCR, India",,,,False,no_osm_result,miss
project_a51d1c6519f8d6fd,delhi_ncr,Signature Global City 92,Sector 92,122505.0,validated_candidate_geocode,"Signature Global City 92, Sector 92, 122505.0, Delhi NCR, India",,,,False,no_osm_result,miss
project_239173375801f75e,delhi_ncr,Arihant Arden,Noida Extension,201009.0,validated_candidate_geocode,"Arihant Arden, Noida Extension, 201009.0, Delhi NCR, India",,,,False,no_osm_result,miss
project_dc2c6d6e8ee4fffe,delhi_ncr,Vatika Seven Elements,Sector 89,122004.0,validated_candidate_geocode,"Vatika Seven Elements, Sector 89, 122004.0, Delhi NCR, India",,,,False,no_osm_result,miss
project_bff08b2b93e4b82f,delhi_ncr,SS The Coralwood,Sector 84,122004.0,validated_candidate_geocode,"SS The Coralwood, Sector 84, 122004.0, Delhi NCR, India",,,,False,no_osm_result,miss
project_4d62c296b4b61856,delhi_ncr,M3M Antalya Hills Phase I,Sector 79,122004.0,validated_candidate_geocode,"M3M Antalya Hills Phase I, Sector 79, 122004.0, Delhi NCR, India",,,,False,no_osm_result,miss
project_2bcf7d92cfd69a68,delhi_ncr,ATS Picturesque Reprieves,"Sector 152, Noida Express Way",201310.0,validated_candidate_geocode,"ATS Picturesque Reprieves, Sector 152, Noida Express Way, 201310.0, Delhi NCR, India",,,,False,no_osm_result,miss
project_231e4ebae4145b18,delhi_ncr,DLF The Primus,Sector 82A,122004.0,validated_candidate_geocode,"DLF The Primus, Sector 82A, 122004.0, Delhi NCR, India",,,,False,no_osm_result,miss
project_03607b4afc70cdec,delhi_ncr,Apex Sky Height,Morta,201003.0,validated_candidate_geocode,"Apex Sky Height, Morta, 201003.0, Delhi NCR, India",,,,False,no_osm_result,miss
project_7910ca30a902bc1b,delhi_ncr,Antriksh Forest,Sector 77,201301.0,validated_candidate_geocode,"Antriksh Forest, Sector 77, 201301.0, Delhi NCR, India",,,,False,no_osm_result,miss
project_76f039648f5f5424,delhi_ncr,ADITYA CELEBRITY HOMES,Sector 76,201304.0,validated_candidate_geocode,"ADITYA CELEBRITY HOMES, Sector 76, 201304.0, Delhi NCR, India",,,,False,no_osm_result,miss
project_42866270b5b3825c,delhi_ncr,Karyan Trevana Residences,Mehrauli,201001.0,unmapped,"Karyan Trevana Residences, Mehrauli, 201001.0, Delhi NCR, India",,,,False,no_osm_result,miss
project_6fb8d52957b7a6e3,delhi_ncr,Aastha Greens,Noida Extension,201009.0,unmapped,"Aastha Greens, Noida Extension, 201009.0, Delhi NCR, India",,,,False,no_osm_result,miss
project_7f4cd1db5c48123e,delhi_ncr,Signatureglobal Titanium SPR,Sector 71,122004.0,validated_candidate_geocode,"Signatureglobal Titanium SPR, Sector 71, 122004.0, Delhi NCR, India",,,,False,no_osm_result,miss
project_6c75abbe632ad984,delhi_ncr,Amrapali Centurian Park Low Rise,Noida Extension,201009.0,validated_candidate_geocode,"Amrapali Centurian Park Low Rise, Noida Extension, 201009.0, Delhi NCR, India",,,,False,no_osm_result,miss
project_75f11d62931b83aa,delhi_ncr,Gardenia Glamour,Vasundhara,201012.0,validated_candidate_geocode,"Gardenia Glamour, Vasundhara, 201012.0, Delhi NCR, India",,,,False,no_osm_result,miss
project_701961d15cdd459e,delhi_ncr,Mahagun Mansion 1 and 2,Indirapuram,201014.0,validated_candidate_geocode,"Mahagun Mansion 1 and 2, Indirapuram, 201014.0, Delhi NCR, India",,,,False,no_osm_result,miss
project_463a3ef5b32ea6e6,delhi_ncr,Imperia Esfera,"Sector 37C, Delhi Gurgaon Expressway",122001.0,validated_candidate_geocode,"Imperia Esfera, Sector 37C, Delhi Gurgaon Expressway, 122001.0, Delhi NCR, India",,,,False,no_osm_result,miss
project_cf5df88867e81aaf,delhi_ncr,Shree Vardhman Victoria,Sector 70,122101.0,validated_candidate_geocode,"Shree Vardhman Victoria, Sector 70, 122101.0, Delhi NCR, India",,,,False,no_osm_result,miss
project_567f1b40f209953f,delhi_ncr,Lotus Greens Arena,"Sector 79, Dadri Road",201305.0,unmapped,"Lotus Greens Arena, Sector 79, Dadri Road, 201305.0, Delhi NCR, India",,,,False,no_osm_result,miss
project_eda294c58c9d882e,delhi_ncr,Project T,Siddharth Vihar,201009.0,validated_candidate_geocode,"Project T, Siddharth Vihar, 201009.0, Delhi NCR, India",,,,False,no_osm_result,miss
project_35fcd7564dcc89b5,delhi_ncr,T Homes,Siddharth Vihar,201009.0,validated_candidate_geocode,"T Homes, Siddharth Vihar, 201009.0, Delhi NCR, India",,,,False,no_osm_result,miss
project_1cff0f025390e01b,delhi_ncr,Prateek Stylome,"Sector 45, Noida Express Way",201303.0,validated_candidate_geocode,"Prateek Stylome, Sector 45, Noida Express Way, 201303.0, Delhi NCR, India",,,,False,no_osm_result,miss
project_16eaba72c4bc14e4,delhi_ncr,ATS Rhapsody,Noida Extension,201009.0,unmapped,"ATS Rhapsody, Noida Extension, 201009.0, Delhi NCR, India",,,,False,no_osm_result,miss
project_e8d376a7d4839545,delhi_ncr,Shree Vardhman Flora,Sector 90,122505.0,validated_candidate_geocode,"Shree Vardhman Flora, Sector 90, 122505.0, Delhi NCR, India",,,,False,no_osm_result,miss
project_d9e5bfdca535bceb,delhi_ncr,Eldeco EL 150,"Sector 150, Pusta Road",201310.0,validated_candidate_geocode,"Eldeco EL 150, Sector 150, Pusta Road, 201310.0, Delhi NCR, India",,,,False,no_osm_result,miss
project_2221fdf867660996,delhi_ncr,Piedmont Taksila heights,"Sector 37C, Delhi Gurgaon Expressway",122001.0,validated_candidate_geocode,"Piedmont Taksila heights, Sector 37C, Delhi Gurgaon Expressway, 122001.0, Delhi NCR, India",,,,False,no_osm_result,miss
project_bad0a3c466211ff4,delhi_ncr,Parx Laureate,"Sector 108, Noida Express Way",201304.0,validated_candidate_geocode,"Parx Laureate, Sector 108, Noida Express Way, 201304.0, Delhi NCR, India",,,,False,no_osm_result,miss
project_9aeb4f5f6023f7b7,delhi_ncr,Today Canary green,"Sector 73, Delhi Gurgaon Expressway",122004.0,validated_candidate_geocode,"Today Canary green, Sector 73, Delhi Gurgaon Expressway, 122004.0, Delhi NCR, India",,,,False,no_osm_result,miss
project_e74f314dd18c3af9,delhi_ncr,Spaze Privvy The Address,Sector 93,122505.0,validated_candidate_geocode,"Spaze Privvy The Address, Sector 93, 122505.0, Delhi NCR, India",,,,False,no_osm_result,miss
project_f65e618915dd9363,delhi_ncr,Spaze Privy The Address,Sector 93,122505.0,validated_candidate_geocode,"Spaze Privy The Address, Sector 93, 122505.0, Delhi NCR, India",,,,False,no_osm_result,miss
project_73d388b278ac2222,delhi_ncr,SPAZE Corporate Parkk,Sector 69,122001.0,validated_candidate_geocode,"SPAZE Corporate Parkk, Sector 69, 122001.0, Delhi NCR, India",,,,False,no_osm_result,miss
project_526fed912c420789,delhi_ncr,Civitech Sampriti,Sector 77,201301.0,validated_candidate_geocode,"Civitech Sampriti, Sector 77, 201301.0, Delhi NCR, India",,,,False,no_osm_result,miss
project_fed2d4612af1f731,delhi_ncr,Galaxy Royale,Noida Extension,201009.0,unmapped,"Galaxy Royale, Noida Extension, 201009.0, Delhi NCR, India",,,,False,no_osm_result,miss
project_3075a7e03d211591,delhi_ncr,Newtech La Palacia,Noida Extension,201009.0,unmapped,"Newtech La Palacia, Noida Extension, 201009.0, Delhi NCR, India",,,,False,no_osm_result,miss
project_70ccdd450e56a034,delhi_ncr,Hawelia Valenova Park,Noida Extension,201009.0,validated_candidate_geocode,"Hawelia Valenova Park, Noida Extension, 201009.0, Delhi NCR, India",,,,False,no_osm_result,miss
project_4be5fb5cceb8e0dd,delhi_ncr,Skardi Greens,National Highway 24,201015.0,validated_candidate_geocode,"Skardi Greens, National Highway 24, 201015.0, Delhi NCR, India",,,,False,no_osm_result,miss
project_808b17f9c043632d,delhi_ncr,SKA Divine,Wave City,201015.0,validated_candidate_geocode,"SKA Divine, Wave City, 201015.0, Delhi NCR, India",,,,False,no_osm_result,miss
project_ed37812dd6761658,delhi_ncr,Antriksh Golf City,"Sector 150, Pusta Road",201310.0,validated_candidate_geocode,"Antriksh Golf City, Sector 150, Pusta Road, 201310.0, Delhi NCR, India",,,,False,no_osm_result,miss
project_2085eb1ae9b2f194,delhi_ncr,Parsvnath Green Ville,Sohna Road,122018.0,unmapped,"Parsvnath Green Ville, Sohna Road, 122018.0, Delhi NCR, India",,,,False,no_osm_result,miss
project_1ef6e3de28ce368c,delhi_ncr,River Heights 2,Raj Nagar Extension,201003.0,validated_candidate_geocode,"River Heights 2, Raj Nagar Extension, 201003.0, Delhi NCR, India",,,,False,no_osm_result,miss
project_87cc961565829319,delhi_ncr,RPS Auria Residences,Sector 88,121002.0,validated_candidate_geocode,"RPS Auria Residences, Sector 88, 121002.0, Delhi NCR, India",,,,False,no_osm_result,miss
project_e0379ca3471db915,delhi_ncr,Civitech Stadia,"Sector 79, Dadri Road",201305.0,unmapped,"Civitech Stadia, Sector 79, Dadri Road, 201305.0, Delhi NCR, India",,,,False,no_osm_result,miss
project_a609200b6ce78633,delhi_ncr,MKS La Royale,Indirapuram,201014.0,validated_candidate_geocode,"MKS La Royale, Indirapuram, 201014.0, Delhi NCR, India",,,,False,no_osm_result,miss
project_a54773f816e9ef12,delhi_ncr,Park View City 1,Sector 48,122001.0,unmapped,"Park View City 1, Sector 48, 122001.0, Delhi NCR, India",,,,False,no_osm_result,miss
project_a3419bea4cfad7d5,delhi_ncr,SG Orchard,Raj Nagar Extension,201003.0,validated_candidate_geocode,"SG Orchard, Raj Nagar Extension, 201003.0, Delhi NCR, India",,,,False,no_osm_result,miss
project_8e7681730bcaeee2,delhi_ncr,M3M Merlin,Sector 67,122102.0,validated_candidate_geocode,"M3M Merlin, Sector 67, 122102.0, Delhi NCR, India",,,,False,no_osm_result,miss
project_c6351a736b98790b,delhi_ncr,Central Park Aqua Front Towers,Sector 32 Sohna,122102.0,unmapped,"Central Park Aqua Front Towers, Sector 32 Sohna, 122102.0, Delhi NCR, India",,,,False,no_osm_result,miss
project_32739ed08c49ca9b,delhi_ncr,Red Apple Residency,Raj Nagar Extension,201003.0,validated_candidate_geocode,"Red Apple Residency, Raj Nagar Extension, 201003.0, Delhi NCR, India",,,,False,no_osm_result,miss
project_7f549974acaf8da7,delhi_ncr,Ansal Celebrity Homes,Sector 2 Palam Vihar,122017.0,validated_candidate_geocode,"Ansal Celebrity Homes, Sector 2 Palam Vihar, 122017.0, Delhi NCR, India",,,,False,no_osm_result,miss
project_75f07ae1a5108ee2,delhi_ncr,Truvae Fragrance Homes,Siddharth Vihar,201009.0,validated_candidate_geocode,"Truvae Fragrance Homes, Siddharth Vihar, 201009.0, Delhi NCR, India",,,,False,no_osm_result,miss
project_560ebb82672b1d99,delhi_ncr,Aegis Symbol Towers Fragrance,Raj Nagar Extension,201003.0,unmapped,"Aegis Symbol Towers Fragrance, Raj Nagar Extension, 201003.0, Delhi NCR, India",,,,False,no_osm_result,miss
project_7a72b39e62bc0867,delhi_ncr,Ashiana Anmol,Sohna Road,122018.0,validated_candidate_geocode,"Ashiana Anmol, Sohna Road, 122018.0, Delhi NCR, India",,,,False,no_osm_result,miss
project_e981e926661515d3,delhi_ncr,Samridhi Grand Avenue,Noida Extension,201009.0,unmapped,"Samridhi Grand Avenue, Noida Extension, 201009.0, Delhi NCR, India",,,,False,no_osm_result,miss
project_f90c0f6af7f443fd,delhi_ncr,PAREENA COBAN RESIDENCES,"Sector 99A, Delhi Gurgaon Expressway",122505.0,validated_candidate_geocode,"PAREENA COBAN RESIDENCES, Sector 99A, Delhi Gurgaon Expressway, 122505.0, Delhi NCR, India",,,,False,no_osm_result,miss
project_56cafd38c6dc41a3,delhi_ncr,RPS Palms,Sector 88,121002.0,validated_candidate_geocode,"RPS Palms, Sector 88, 121002.0, Delhi NCR, India",,,,False,no_osm_result,miss
project_b59b753e84918984,delhi_ncr,Aditya Rosemont Residency,National Highway 24,201015.0,unmapped,"Aditya Rosemont Residency, National Highway 24, 201015.0, Delhi NCR, India",,,,False,no_osm_result,miss
project_84dec522354beaeb,delhi_ncr,Central Park Flamingo Floors,Sector 32 Sohna,122102.0,validated_candidate_geocode,"Central Park Flamingo Floors, Sector 32 Sohna, 122102.0, Delhi NCR, India",,,,False,no_osm_result,miss
project_e83b5c801f0da6bb,delhi_ncr,Central Park Flower Valley Flamingo Floor,Sector 32 Sohna,122102.0,validated_candidate_geocode,"Central Park Flower Valley Flamingo Floor, Sector 32 Sohna, 122102.0, Delhi NCR, India",,,,False,no_osm_result,miss
project_8c711f2ccba7deb0,delhi_ncr,NBCC Heights,Sector 89,122004.0,validated_candidate_geocode,"NBCC Heights, Sector 89, 122004.0, Delhi NCR, India",,,,False,no_osm_result,miss
project_c54cda6014e7198f,delhi_ncr,Omaxe Hills 2,Surajkund,121010.0,validated_candidate_geocode,"Omaxe Hills 2, Surajkund, 121010.0, Delhi NCR, India",,,,False,no_osm_result,miss
project_b6c956cb5a240065,delhi_ncr,Bestech Park View City 2,Sohna Road,122018.0,validated_candidate_geocode,"Bestech Park View City 2, Sohna Road, 122018.0, Delhi NCR, India",,,,False,no_osm_result,miss
project_ffb3cfbbd8645559,delhi_ncr,BPTP PARK SERENE,"Sector 37D, Delhi Gurgaon Expressway",122001.0,validated_candidate_geocode,"BPTP PARK SERENE, Sector 37D, Delhi Gurgaon Expressway, 122001.0, Delhi NCR, India",,,,False,no_osm_result,miss
project_4bc24ad6f64657e8,delhi_ncr,Aditya The Kutumb,National Highway 24,201015.0,validated_candidate_geocode,"Aditya The Kutumb, National Highway 24, 201015.0, Delhi NCR, India",,,,False,no_osm_result,miss
project_60e88b78b2404867,delhi_ncr,Ganga Yamuna Hindon Apartments,Siddharth Vihar,201009.0,validated_candidate_geocode,"Ganga Yamuna Hindon Apartments, Siddharth Vihar, 201009.0, Delhi NCR, India",,,,False,no_osm_result,miss
project_d2d32c8d6b9fb92e,delhi_ncr,Indosam 75,Sector 75,201304.0,validated_candidate_geocode,"Indosam 75, Sector 75, 201304.0, Delhi NCR, India",,,,False,no_osm_result,miss
project_fe9128cbea28084f,delhi_ncr,Jaypee Green The Orchards Phase II,"Sector 131, Noida Express Way",201304.0,validated_candidate_geocode,"Jaypee Green The Orchards Phase II, Sector 131, Noida Express Way, 201304.0, Delhi NCR, India",,,,False,no_osm_result,miss
project_30f7573644c73e60,delhi_ncr,Godrej Palm Retreat,"Sector 150, Pusta Road",201310.0,unmapped,"Godrej Palm Retreat, Sector 150, Pusta Road, 201310.0, Delhi NCR, India",,,,False,no_osm_result,miss
project_322d3511464ddb90,delhi_ncr,AU The Sunflower,National Highway 24,201015.0,unmapped,"AU The Sunflower, National Highway 24, 201015.0, Delhi NCR, India",,,,False,no_osm_result,miss
project_261602e5bd59dffc,delhi_ncr,SVP Gulmohur Residency,Indirapuram,201014.0,validated_candidate_geocode,"SVP Gulmohur Residency, Indirapuram, 201014.0, Delhi NCR, India",,,,False,no_osm_result,miss
project_0753db44f937f2e7,delhi_ncr,TDI Infracorp The Grand Retreat,Sector 88,121002.0,validated_candidate_geocode,"TDI Infracorp The Grand Retreat, Sector 88, 121002.0, Delhi NCR, India",,,,False,no_osm_result,miss
project_7699f29ab9e57b2c,delhi_ncr,Baani City Center,Sector 63,122102.0,validated_candidate_geocode,"Baani City Center, Sector 63, 122102.0, Delhi NCR, India",,,,False,no_osm_result,miss
project_10a0944498d4ba59,delhi_ncr,Godrej 101,Sector 79,122004.0,validated_candidate_geocode,"Godrej 101, Sector 79, 122004.0, Delhi NCR, India",,,,False,no_osm_result,miss
project_6ba59568c5edff21,delhi_ncr,Cosmos Express 99,Sector 99,122001.0,validated_candidate_geocode,"Cosmos Express 99, Sector 99, 122001.0, Delhi NCR, India",,,,False,no_osm_result,miss
project_62a0a12c9989e253,delhi_ncr,Amrapali Empire,National Highway 24,201015.0,validated_candidate_geocode,"Amrapali Empire, National Highway 24, 201015.0, Delhi NCR, India",,,,False,no_osm_result,miss
project_18407e7dcbad3a52,delhi_ncr,Anthem Kingdom Homes,Raj Nagar Extension,201003.0,validated_candidate_geocode,"Anthem Kingdom Homes, Raj Nagar Extension, 201003.0, Delhi NCR, India",,,,False,no_osm_result,miss
project_1ef872a3cb169eac,delhi_ncr,Sunshine Helios,Sector 78,201305.0,validated_candidate_geocode,"Sunshine Helios, Sector 78, 201305.0, Delhi NCR, India",,,,False,no_osm_result,miss
project_c664e1ba5a14af21,delhi_ncr,SG Impression Plus,Raj Nagar Extension,201003.0,validated_candidate_geocode,"SG Impression Plus, Raj Nagar Extension, 201003.0, Delhi NCR, India",,,,False,no_osm_result,miss
project_c6e8044bfd87dd13,delhi_ncr,SRB KM Residency,Raj Nagar Extension,201003.0,validated_candidate_geocode,"SRB KM Residency, Raj Nagar Extension, 201003.0, Delhi NCR, India",,,,False,no_osm_result,miss
project_ee970097fe1a5373,delhi_ncr,Strategic Royal Court,Noida Extension,201009.0,unmapped,"Strategic Royal Court, Noida Extension, 201009.0, Delhi NCR, India",,,,False,no_osm_result,miss
project_fe972b90c36e8572,delhi_ncr,Panchsheel Prime 390,Govindpuram,201015.0,validated_candidate_geocode,"Panchsheel Prime 390, Govindpuram, 201015.0, Delhi NCR, India",,,,False,no_osm_result,miss
project_9b1b4e51683ee2ab,delhi_ncr,Signature Global City 79B 1,Sector 79,122004.0,validated_candidate_geocode,"Signature Global City 79B 1, Sector 79, 122004.0, Delhi NCR, India",,,,False,no_osm_result,miss
project_5b09c0135b8b5e1d,delhi_ncr,Wave City Eligo,National Highway 24,201015.0,validated_candidate_geocode,"Wave City Eligo, National Highway 24, 201015.0, Delhi NCR, India",,,,False,no_osm_result,miss
project_c764ac2fc558f83c,delhi_ncr,Pareena Sec68,Sector 68,122101.0,validated_candidate_geocode,"Pareena Sec68, Sector 68, 122101.0, Delhi NCR, India",,,,False,no_osm_result,miss
project_237b668c6f6bfea8,delhi_ncr,T and T Atlas,Raj Nagar Extension,201003.0,unmapped,"T and T Atlas, Raj Nagar Extension, 201003.0, Delhi NCR, India",,,,False,no_osm_result,miss
project_3a4fe8f9712ad7c4,delhi_ncr,Ramprastha Primera,"Sector 37D, Delhi Gurgaon Expressway",122001.0,validated_candidate_geocode,"Ramprastha Primera, Sector 37D, Delhi Gurgaon Expressway, 122001.0, Delhi NCR, India",,,,False,no_osm_result,miss
project_2cdd999e355c2188,delhi_ncr,Independent Floors at DLF Gardencity Enclave,Sector 93,122505.0,unmapped,"Independent Floors at DLF Gardencity Enclave, Sector 93, 122505.0, Delhi NCR, India",,,,False,no_osm_result,miss
project_0e7cd7a0f392179a,delhi_ncr,ORS Royal Residency,Sector 89,121002.0,validated_candidate_geocode,"ORS Royal Residency, Sector 89, 121002.0, Delhi NCR, India",,,,False,no_osm_result,miss
project_c62e0a94a7b4a885,delhi_ncr,AIPL The Peaceful Homes,Sector 70A,122101.0,validated_candidate_geocode,"AIPL The Peaceful Homes, Sector 70A, 122101.0, Delhi NCR, India",,,,False,no_osm_result,miss
project_51588c9ec519c305,delhi_ncr,Tulip Ivory,Sector 70,122101.0,validated_candidate_geocode,"Tulip Ivory, Sector 70, 122101.0, Delhi NCR, India",,,,False,no_osm_result,miss
project_2495139faad26202,delhi_ncr,SPR Imperial Estate,Sector 82,121002.0,validated_candidate_geocode,"SPR Imperial Estate, Sector 82, 121002.0, Delhi NCR, India",,,,False,no_osm_result,miss
project_903a43b040ce4cec,delhi_ncr,Central Bella Vista Central Park 2,Sector 48,122001.0,validated_candidate_geocode,"Central Bella Vista Central Park 2, Sector 48, 122001.0, Delhi NCR, India",,,,False,no_osm_result,miss
project_bf8fdc0171b2e0d6,delhi_ncr,Signature Global City 92 Phase 2,Sector 92,122505.0,validated_candidate_geocode,"Signature Global City 92 Phase 2, Sector 92, 122505.0, Delhi NCR, India",,,,False,no_osm_result,miss
project_5d925c082f28b6df,delhi_ncr,TATA Raisina Residence,Golf Course Extension Road,122005.0,unmapped,"TATA Raisina Residence, Golf Course Extension Road, 122005.0, Delhi NCR, India",,,,False,no_osm_result,miss
project_d8977ee39d82009e,delhi_ncr,Supertech Estate,Vaishali,201012.0,validated_candidate_geocode,"Supertech Estate, Vaishali, 201012.0, Delhi NCR, India",,,,False,no_osm_result,miss
project_183573ea01b2d024,delhi_ncr,Sare Homes Crescent Parc Petioles,Sector 92,122505.0,validated_candidate_geocode,"Sare Homes Crescent Parc Petioles, Sector 92, 122505.0, Delhi NCR, India",,,,False,no_osm_result,miss
project_82eb2397e66fad5e,delhi_ncr,Sare Petioles,Sector 92,122505.0,validated_candidate_geocode,"Sare Petioles, Sector 92, 122505.0, Delhi NCR, India",,,,False,no_osm_result,miss
project_8bb9e5dca8db53bb,delhi_ncr,Nimbus The Arista Luxe,"Sector 168, Noida Express Way",201305.0,validated_candidate_geocode,"Nimbus The Arista Luxe, Sector 168, Noida Express Way, 201305.0, Delhi NCR, India",,,,False,no_osm_result,miss
project_e7446711f8136479,delhi_ncr,Signature Global City 37D II,"Sector 37D, Delhi Gurgaon Expressway",122001.0,validated_candidate_geocode,"Signature Global City 37D II, Sector 37D, Delhi Gurgaon Expressway, 122001.0, Delhi NCR, India",,,,False,no_osm_result,miss
project_4a7f6cd98ebedb41,delhi_ncr,Sare Green Parc,Sector 92,122505.0,validated_candidate_geocode,"Sare Green Parc, Sector 92, 122505.0, Delhi NCR, India",,,,False,no_osm_result,miss
project_0262cc322b98fd65,delhi_ncr,Unitech Uniworld Garden,Sector 47,122018.0,validated_candidate_geocode,"Unitech Uniworld Garden, Sector 47, 122018.0, Delhi NCR, India",,,,False,no_osm_result,miss
project_841987d321b920de,delhi_ncr,ILD Grand,"Sector 37C, Delhi Gurgaon Expressway",122001.0,validated_candidate_geocode,"ILD Grand, Sector 37C, Delhi Gurgaon Expressway, 122001.0, Delhi NCR, India",,,,False,no_osm_result,miss
project_05f0bb618b3c13e6,delhi_ncr,Omaxe New Heights,Sector 78,121002.0,validated_candidate_geocode,"Omaxe New Heights, Sector 78, 121002.0, Delhi NCR, India",,,,False,no_osm_result,miss
project_baefb7b3fd3f86be,delhi_ncr,Eldeco Acclaim,Sohna,122103.0,validated_candidate_geocode,"Eldeco Acclaim, Sohna, 122103.0, Delhi NCR, India",,,,False,no_osm_result,miss
project_af8929baedb7d532,delhi_ncr,Supertech Oxford Square,Noida Extension,201009.0,validated_candidate_geocode,"Supertech Oxford Square, Noida Extension, 201009.0, Delhi NCR, India",,,,False,no_osm_result,miss
project_e03ccbede914b4d8,delhi_ncr,Vihaan Greens,Noida Extension,201009.0,unmapped,"Vihaan Greens, Noida Extension, 201009.0, Delhi NCR, India",,,,False,no_osm_result,miss
project_0436c6dee8746524,delhi_ncr,Charms The Gateway Towers,Raj Nagar Extension,201003.0,validated_candidate_geocode,"Charms The Gateway Towers, Raj Nagar Extension, 201003.0, Delhi NCR, India",,,,False,no_osm_result,miss
project_43c4f446cc0b5f61,delhi_ncr,Shipra Krishna Vista,Indirapuram,201014.0,validated_candidate_geocode,"Shipra Krishna Vista, Indirapuram, 201014.0, Delhi NCR, India",,,,False,no_osm_result,miss
project_961099866aca13d9,delhi_ncr,Aditya City Grace,National Highway 24,201015.0,unmapped,"Aditya City Grace, National Highway 24, 201015.0, Delhi NCR, India",,,,False,no_osm_result,miss
project_516aab81ca7b0a46,delhi_ncr,Nandini The Vasundhara Grand,Vasundhara,201012.0,validated_candidate_geocode,"Nandini The Vasundhara Grand, Vasundhara, 201012.0, Delhi NCR, India",,,,False,no_osm_result,miss
project_118627f90b28fefc,delhi_ncr,Gulshan GC Grand,Indirapuram,201014.0,validated_candidate_geocode,"Gulshan GC Grand, Indirapuram, 201014.0, Delhi NCR, India",,,,False,no_osm_result,miss
project_b8e18beb6532726c,delhi_ncr,Real World Residency,Indirapuram,201014.0,validated_candidate_geocode,"Real World Residency, Indirapuram, 201014.0, Delhi NCR, India",,,,False,no_osm_result,miss
project_845587c12eb96f74,delhi_ncr,VVIP Namah,National Highway 24,201015.0,unmapped,"VVIP Namah, National Highway 24, 201015.0, Delhi NCR, India",,,,False,no_osm_result,miss
project_f6e33a2c1f3b5c55,delhi_ncr,Siddhartha NCR Green,Sector 95,122505.0,validated_candidate_geocode,"Siddhartha NCR Green, Sector 95, 122505.0, Delhi NCR, India",,,,False,no_osm_result,miss
project_66372bc6809dd218,delhi_ncr,VVIP Mangal,Raj Nagar Extension,201003.0,validated_candidate_geocode,"VVIP Mangal, Raj Nagar Extension, 201003.0, Delhi NCR, India",,,,False,no_osm_result,miss
project_0dfb7d09becb3443,delhi_ncr,Victory Crossroads,"Sector 143, Noida Express Way",201305.0,validated_candidate_geocode,"Victory Crossroads, Sector 143, Noida Express Way, 201305.0, Delhi NCR, India",,,,False,no_osm_result,miss
project_8e442d5f982f4821,delhi_ncr,Jaypee Klassic,"Sector 134, Noida Express Way",201304.0,validated_candidate_geocode,"Jaypee Klassic, Sector 134, Noida Express Way, 201304.0, Delhi NCR, India",,,,False,no_osm_result,miss
project_b1b4e186aeb4d63a,delhi_ncr,Maxblis Grand Wellington,Sector 75,201304.0,validated_candidate_geocode,"Maxblis Grand Wellington, Sector 75, 201304.0, Delhi NCR, India",,,,False,no_osm_result,miss
project_70172f3c81da81a8,delhi_ncr,Panchsheel Pebbles,Sector 3 Vaishali,201010.0,validated_candidate_geocode,"Panchsheel Pebbles, Sector 3 Vaishali, 201010.0, Delhi NCR, India",,,,False,no_osm_result,miss
project_422ec6a1d2fd9c37,delhi_ncr,Worldwide The Golden Residences,Manesar,122051.0,validated_candidate_geocode,"Worldwide The Golden Residences, Manesar, 122051.0, Delhi NCR, India",,,,False,no_osm_result,miss
project_9d880f577ecb0b3a,delhi_ncr,Spaze Boulevard II,Sohna Road,122018.0,validated_candidate_geocode,"Spaze Boulevard II, Sohna Road, 122018.0, Delhi NCR, India",,,,False,no_osm_result,miss
project_b61c72a95ac5b6d1,delhi_ncr,Sare The Grand Phase 5,Sector 92,122505.0,validated_candidate_geocode,"Sare The Grand Phase 5, Sector 92, 122505.0, Delhi NCR, India",,,,False,no_osm_result,miss
project_307c1c7985dfc1d8,delhi_ncr,Raheja Maheshwara,Sohna,122103.0,validated_candidate_geocode,"Raheja Maheshwara, Sohna, 122103.0, Delhi NCR, India",,,,False,no_osm_result,miss
project_b56f10c31a0e6383,delhi_ncr,M3M Forestia West I,Manesar,122051.0,validated_candidate_geocode,"M3M Forestia West I, Manesar, 122051.0, Delhi NCR, India",,,,False,no_osm_result,miss
project_3990ec8e78c8a1b8,delhi_ncr,JMS The Majestic,Manesar,122051.0,validated_candidate_geocode,"JMS The Majestic, Manesar, 122051.0, Delhi NCR, India",,,,False,no_osm_result,miss
project_7d1437bd8cee195a,delhi_ncr,Kenwood Tower,"Charmwood Village, Sector 39, Suraj Kund Badkhal Road",121009.0,validated_candidate_geocode,"Kenwood Tower, Charmwood Village, Sector 39, Suraj Kund Badkhal Road, 121009.0, Delhi NCR, India",,,,False,no_osm_result,miss
project_841868082af7b2f6,delhi_ncr,Prosper Epic Homes,Sector 89,121002.0,validated_candidate_geocode,"Prosper Epic Homes, Sector 89, 121002.0, Delhi NCR, India",,,,False,no_osm_result,miss
project_5d8eec8999413ac5,delhi_ncr,Ajnara Klock Tower,Sector 74,201301.0,validated_candidate_geocode,"Ajnara Klock Tower, Sector 74, 201301.0, Delhi NCR, India",,,,False,no_osm_result,miss
project_36305220ce9bbafc,delhi_ncr,M3M Natura,Sector 68,122101.0,validated_candidate_geocode,"M3M Natura, Sector 68, 122101.0, Delhi NCR, India",,,,False,no_osm_result,miss
project_52e02120994c9090,delhi_ncr,Adore Arpanam,Sector 83,121002.0,validated_candidate_geocode,"Adore Arpanam, Sector 83, 121002.0, Delhi NCR, India",,,,False,no_osm_result,miss
project_d16951957e3ac9e3,delhi_ncr,The Golden Gate,National Highway 24,201015.0,unmapped,"The Golden Gate, National Highway 24, 201015.0, Delhi NCR, India",,,,False,no_osm_result,miss
project_2d8c14d133fd637c,delhi_ncr,Galaxy North Avenue,Noida Extension,201009.0,unmapped,"Galaxy North Avenue, Noida Extension, 201009.0, Delhi NCR, India",,,,False,no_osm_result,miss
project_d09ba53a9a217e7e,delhi_ncr,Roots Courtyard,Sohna Road,122018.0,validated_candidate_geocode,"Roots Courtyard, Sohna Road, 122018.0, Delhi NCR, India",,,,False,no_osm_result,miss
project_99b730e3931cf149,delhi_ncr,Isle de Royale Residences,Gwal Pahari,122003.0,validated_candidate_geocode,"Isle de Royale Residences, Gwal Pahari, 122003.0, Delhi NCR, India",,,,False,no_osm_result,miss
project_2f28dea2d7f7b416,delhi_ncr,Hamilton Heights,"Sector 37, Mathura Road",121009.0,unmapped,"Hamilton Heights, Sector 37, Mathura Road, 121009.0, Delhi NCR, India",,,,False,no_osm_result,miss
project_c2c5ca2e59cda100,delhi_ncr,AIGIN Royal Park,National Highway 24,201015.0,unmapped,"AIGIN Royal Park, National Highway 24, 201015.0, Delhi NCR, India",,,,False,no_osm_result,miss
project_c84ce1e68b6d9b58,delhi_ncr,JNC Princess Park,Indirapuram,201014.0,validated_candidate_geocode,"JNC Princess Park, Indirapuram, 201014.0, Delhi NCR, India",,,,False,no_osm_result,miss
project_9007bd3bed5bfa0c,delhi_ncr,Divyansh ARC Angels,Raj Nagar Extension,201003.0,validated_candidate_geocode,"Divyansh ARC Angels, Raj Nagar Extension, 201003.0, Delhi NCR, India",,,,False,no_osm_result,miss
project_f13e5a990794dbbd,delhi_ncr,Divyansh Pratham,Indirapuram,201014.0,unmapped,"Divyansh Pratham, Indirapuram, 201014.0, Delhi NCR, India",,,,False,no_osm_result,miss
project_873c8f2e35c59dba,delhi_ncr,Adani Brahma Samsara,Sector 63,122102.0,validated_candidate_geocode,"Adani Brahma Samsara, Sector 63, 122102.0, Delhi NCR, India",,,,False,no_osm_result,miss
project_71178a876a7ebaa5,delhi_ncr,BPTP Discovery Park,Sector 80,121002.0,validated_candidate_geocode,"BPTP Discovery Park, Sector 80, 121002.0, Delhi NCR, India",,,,False,no_osm_result,miss
project_10fb4dbb36002b96,delhi_ncr,Espire Towers,"Sector 37, Mathura Road",121009.0,unmapped,"Espire Towers, Sector 37, Mathura Road, 121009.0, Delhi NCR, India",,,,False,no_osm_result,miss
project_8a468657f559dcf3,delhi_ncr,Kanishka Towers,"Sector 37, Mathura Road",121009.0,validated_candidate_geocode,"Kanishka Towers, Sector 37, Mathura Road, 121009.0, Delhi NCR, India",,,,False,no_osm_result,miss
project_006c5fab296882a9,delhi_ncr,Amba G Residency,Indirapuram,201014.0,validated_candidate_geocode,"Amba G Residency, Indirapuram, 201014.0, Delhi NCR, India",,,,False,no_osm_result,miss
project_70d859db4ad3b6f7,delhi_ncr,Gulshan Empire,Wave City,201015.0,validated_candidate_geocode,"Gulshan Empire, Wave City, 201015.0, Delhi NCR, India",,,,False,no_osm_result,miss
project_d9ac53d903356ca4,delhi_ncr,Pareena Express Heights,Sector 99,122001.0,validated_candidate_geocode,"Pareena Express Heights, Sector 99, 122001.0, Delhi NCR, India",,,,False,no_osm_result,miss
project_dbf500f9b0f201e4,delhi_ncr,Green View Heights,Raj Nagar Extension,201003.0,validated_candidate_geocode,"Green View Heights, Raj Nagar Extension, 201003.0, Delhi NCR, India",,,,False,no_osm_result,miss
project_0284a1295286d58c,delhi_ncr,Panchsheel Villas,Noida Extension,201009.0,validated_candidate_geocode,"Panchsheel Villas, Noida Extension, 201009.0, Delhi NCR, India",,,,False,no_osm_result,miss
project_9ab32986389795fa,delhi_ncr,Godrej Summit,Sector 104,122006.0,validated_candidate_geocode,"Godrej Summit, Sector 104, 122006.0, Delhi NCR, India",,,,False,no_osm_result,miss
project_443fb85ce22139f9,delhi_ncr,Lorven Ashiana Mulberry,Sector 2 Sohna,122103.0,validated_candidate_geocode,"Lorven Ashiana Mulberry, Sector 2 Sohna, 122103.0, Delhi NCR, India",,,,False,no_osm_result,miss
project_ed9feafa72eb8ae8,delhi_ncr,Windsor Majesty,Raj Nagar Extension,201003.0,validated_candidate_geocode,"Windsor Majesty, Raj Nagar Extension, 201003.0, Delhi NCR, India",,,,False,no_osm_result,miss
project_f89b86d19a670e36,delhi_ncr,Oxirich Avenue,Indirapuram,201014.0,unmapped,"Oxirich Avenue, Indirapuram, 201014.0, Delhi NCR, India",,,,False,no_osm_result,miss
project_6101d9430a9970a3,delhi_ncr,Rishabh Platinum,Indirapuram,201014.0,validated_candidate_geocode,"Rishabh Platinum, Indirapuram, 201014.0, Delhi NCR, India",,,,False,no_osm_result,miss
project_7532e48b9deba2ca,delhi_ncr,MKS County,Sector 2 Sohna,122103.0,validated_candidate_geocode,"MKS County, Sector 2 Sohna, 122103.0, Delhi NCR, India",,,,False,no_osm_result,miss
project_5e51f0458ded9ab6,delhi_ncr,SVP Gulmohur Garden Utopia The Nest,Raj Nagar Extension,201003.0,validated_candidate_geocode,"SVP Gulmohur Garden Utopia The Nest, Raj Nagar Extension, 201003.0, Delhi NCR, India",,,,False,no_osm_result,miss
project_3696987fabbd185a,delhi_ncr,M3M Sierra 68,Sector 68,122101.0,validated_candidate_geocode,"M3M Sierra 68, Sector 68, 122101.0, Delhi NCR, India",,,,False,no_osm_result,miss
project_284ca1a3b097ac68,delhi_ncr,Maxworth Premier Urban,Sector 15,122022.0,validated_candidate_geocode,"Maxworth Premier Urban, Sector 15, 122022.0, Delhi NCR, India",,,,False,no_osm_result,miss
project_699782eefb14f3d4,delhi_ncr,Silverglades First Citizen,Sector 35,122004.0,unmapped,"Silverglades First Citizen, Sector 35, 122004.0, Delhi NCR, India",,,,False,no_osm_result,miss
project_01f6041c8a7e161d,delhi_ncr,Renowned Lotus Srishti,Crossings Republik,201016.0,validated_candidate_geocode,"Renowned Lotus Srishti, Crossings Republik, 201016.0, Delhi NCR, India",,,,False,no_osm_result,miss
project_619a1c614a466dab,delhi_ncr,SS Linden Floors,Sector 84,122004.0,validated_candidate_geocode,"SS Linden Floors, Sector 84, 122004.0, Delhi NCR, India",,,,False,no_osm_result,miss
project_4ef92e27bbbc7c86,delhi_ncr,GC Centrum,Indirapuram,201014.0,validated_candidate_geocode,"GC Centrum, Indirapuram, 201014.0, Delhi NCR, India",,,,False,no_osm_result,miss
project_19e7f4fbc9965fd2,delhi_ncr,Anushree Apartments,Sector 76,121004.0,validated_candidate_geocode,"Anushree Apartments, Sector 76, 121004.0, Delhi NCR, India",,,,False,no_osm_result,miss
project_25f7061c65bb6591,delhi_ncr,Arihant Harmony,Indirapuram,201014.0,validated_candidate_geocode,"Arihant Harmony, Indirapuram, 201014.0, Delhi NCR, India",,,,False,no_osm_result,miss
project_ae52498ca90704d4,delhi_ncr,Paramount Floraville,"Sector 137, Noida Express Way",201305.0,validated_candidate_geocode,"Paramount Floraville, Sector 137, Noida Express Way, 201305.0, Delhi NCR, India",,,,False,no_osm_result,miss
project_5217efe289afc46e,delhi_ncr,The Royal Cliff,National Highway 24,201015.0,unmapped,"The Royal Cliff, National Highway 24, 201015.0, Delhi NCR, India",,,,False,no_osm_result,miss
project_045aca92edd5a16e,delhi_ncr,Central Park Flower Valley Fleur Villas,Sector 32 Sohna,122102.0,unmapped,"Central Park Flower Valley Fleur Villas, Sector 32 Sohna, 122102.0, Delhi NCR, India",,,,False,no_osm_result,miss
project_2956c8a6c0030860,delhi_ncr,M3M One Key Resiments,Sector 67,122102.0,validated_candidate_geocode,"M3M One Key Resiments, Sector 67, 122102.0, Delhi NCR, India",,,,False,no_osm_result,miss
project_bf8ad18c1916e81b,delhi_ncr,Uninav Utopia,Raj Nagar Extension,201003.0,validated_candidate_geocode,"Uninav Utopia, Raj Nagar Extension, 201003.0, Delhi NCR, India",,,,False,no_osm_result,miss
project_186028873f6b871f,delhi_ncr,Ambarvan Tarang Atlantis,"Sector 31, Mathura Road",121002.0,validated_candidate_geocode,"Ambarvan Tarang Atlantis, Sector 31, Mathura Road, 121002.0, Delhi NCR, India",,,,False,no_osm_result,miss
project_10c5af557eb47482,delhi_ncr,V3S Indralok,Indirapuram,201014.0,validated_candidate_geocode,"V3S Indralok, Indirapuram, 201014.0, Delhi NCR, India",,,,False,no_osm_result,miss
project_1d127bd304d0b8e5,delhi_ncr,SG Vista,Raj Nagar Extension,201003.0,validated_candidate_geocode,"SG Vista, Raj Nagar Extension, 201003.0, Delhi NCR, India",,,,False,no_osm_result,miss
project_a455d61c6981011b,delhi_ncr,NS Avani Signature Floors,Sector 2 Sohna,122103.0,validated_candidate_geocode,"NS Avani Signature Floors, Sector 2 Sohna, 122103.0, Delhi NCR, India",,,,False,no_osm_result,miss
project_d0ec660641f2441e,delhi_ncr,Jagdishpuram Grand Homz,Raj Nagar Extension,201003.0,validated_candidate_geocode,"Jagdishpuram Grand Homz, Raj Nagar Extension, 201003.0, Delhi NCR, India",,,,False,no_osm_result,miss
project_590c59ac563043aa,delhi_ncr,BPTP Skynest Towers,Sector 80,121002.0,validated_candidate_geocode,"BPTP Skynest Towers, Sector 80, 121002.0, Delhi NCR, India",,,,False,no_osm_result,miss
project_9f083dcd09b290ee,delhi_ncr,Max Heights Aravali One,Surajkund,121010.0,validated_candidate_geocode,"Max Heights Aravali One, Surajkund, 121010.0, Delhi NCR, India",,,,False,no_osm_result,miss
project_4f9ae40a7d5f8127,delhi_ncr,Cosmos Executive Apartment,Palam Vihar,122017.0,validated_candidate_geocode,"Cosmos Executive Apartment, Palam Vihar, 122017.0, Delhi NCR, India",,,,False,no_osm_result,miss
project_7ffc43e00192e6ca,delhi_ncr,Lavanya Apartments,Sector 81,122051.0,validated_candidate_geocode,"Lavanya Apartments, Sector 81, 122051.0, Delhi NCR, India",,,,False,no_osm_result,miss
project_4ff158a845dcf9bc,delhi_ncr,Tata Eureka Park,"Sector 150, Pusta Road",201310.0,validated_candidate_geocode,"Tata Eureka Park, Sector 150, Pusta Road, 201310.0, Delhi NCR, India",,,,False,no_osm_result,miss
project_48a8b6fc3d61effc,delhi_ncr,SG Impressions 58 Ivory tower Phase ll,Raj Nagar Extension,201003.0,validated_candidate_geocode,"SG Impressions 58 Ivory tower Phase ll, Raj Nagar Extension, 201003.0, Delhi NCR, India",,,,False,no_osm_result,miss
project_36546d2400051b74,delhi_ncr,Amaatra Crystal,National Highway 24,201015.0,unmapped,"Amaatra Crystal, National Highway 24, 201015.0, Delhi NCR, India",,,,False,no_osm_result,miss
project_150c642ba88325df,delhi_ncr,Emaar The 88,Sector 112,122017.0,validated_candidate_geocode,"Emaar The 88, Sector 112, 122017.0, Delhi NCR, India",,,,False,no_osm_result,miss
project_81a9b0f6965f5756,delhi_ncr,Celestial Comfort,Vaishali,201012.0,validated_candidate_geocode,"Celestial Comfort, Vaishali, 201012.0, Delhi NCR, India",,,,False,no_osm_result,miss
project_ec40a0e50b49cf21,delhi_ncr,Pareena Om Apartments,Sector 112,122017.0,validated_candidate_geocode,"Pareena Om Apartments, Sector 112, 122017.0, Delhi NCR, India",,,,False,no_osm_result,miss
project_6f9370fe4dfbc15d,delhi_ncr,VVIP Nest,Raj Nagar Extension,201003.0,validated_candidate_geocode,"VVIP Nest, Raj Nagar Extension, 201003.0, Delhi NCR, India",,,,False,no_osm_result,miss
project_ff5c1f4b23291c95,delhi_ncr,BCC Bharat Residency,Indirapuram,201014.0,validated_candidate_geocode,"BCC Bharat Residency, Indirapuram, 201014.0, Delhi NCR, India",,,,False,no_osm_result,miss
project_9e3c1b2cf44bb5e3,delhi_ncr,Emarald Maple,Sector 97,121002.0,validated_candidate_geocode,"Emarald Maple, Sector 97, 121002.0, Delhi NCR, India",,,,False,no_osm_result,miss
project_0d03aa36134cb923,delhi_ncr,Quantum Homes,Raj Nagar Extension,201003.0,validated_candidate_geocode,"Quantum Homes, Raj Nagar Extension, 201003.0, Delhi NCR, India",,,,False,no_osm_result,miss
project_a9302b428abdb413,delhi_ncr,Merion Residency I,Crossings Republik,201016.0,validated_candidate_geocode,"Merion Residency I, Crossings Republik, 201016.0, Delhi NCR, India",,,,False,no_osm_result,miss
project_0ea9c8c4e73fbb2b,delhi_ncr,Uninav Eden,Raj Nagar Extension,201003.0,validated_candidate_geocode,"Uninav Eden, Raj Nagar Extension, 201003.0, Delhi NCR, India",,,,False,no_osm_result,miss
project_bbf8f5d1485cf7d5,delhi_ncr,Forever Prabhat Heights,Crossings Republik,201016.0,validated_candidate_geocode,"Forever Prabhat Heights, Crossings Republik, 201016.0, Delhi NCR, India",,,,False,no_osm_result,miss
project_934fec45743bdaa8,delhi_ncr,Jyoti Super Gardenia,Indirapuram,201014.0,validated_candidate_geocode,"Jyoti Super Gardenia, Indirapuram, 201014.0, Delhi NCR, India",,,,False,no_osm_result,miss
project_b6d70e3ff79686ed,delhi_ncr,Mandakini Apartment,Sector 4 Vaishali,201010.0,validated_candidate_geocode,"Mandakini Apartment, Sector 4 Vaishali, 201010.0, Delhi NCR, India",,,,False,no_osm_result,miss
project_93d455db8828cf6e,delhi_ncr,Tarang Orchid,"Sector 28, Mathura Road",121008.0,validated_candidate_geocode,"Tarang Orchid, Sector 28, Mathura Road, 121008.0, Delhi NCR, India",,,,False,no_osm_result,miss
project_85780676e8416ed8,delhi_ncr,Nandini Metro Suites Bliss,Vaishali,201012.0,validated_candidate_geocode,"Nandini Metro Suites Bliss, Vaishali, 201012.0, Delhi NCR, India",,,,False,no_osm_result,miss
project_52958b8903b01ba2,delhi_ncr,Pinnacle Tower,Indirapuram,201014.0,validated_candidate_geocode,"Pinnacle Tower, Indirapuram, 201014.0, Delhi NCR, India",,,,False,no_osm_result,miss
project_f19d4d85c13670cc,delhi_ncr,Arihant Residency,Indirapuram,201014.0,validated_candidate_geocode,"Arihant Residency, Indirapuram, 201014.0, Delhi NCR, India",,,,False,no_osm_result,miss
project_1083d10ef02a5bcc,delhi_ncr,Shiv The Ozone Solitaire,Sector 87,121002.0,validated_candidate_geocode,"Shiv The Ozone Solitaire, Sector 87, 121002.0, Delhi NCR, India",,,,False,no_osm_result,miss
project_eeb0d253b35ef659,delhi_ncr,DLF Garden City Floors,Sector 92,122505.0,validated_candidate_geocode,"DLF Garden City Floors, Sector 92, 122505.0, Delhi NCR, India",,,,False,no_osm_result,miss
project_9ce6af02413c190a,delhi_ncr,Vihaan 107,"Sector 107, Dadri Road",201301.0,validated_candidate_geocode,"Vihaan 107, Sector 107, Dadri Road, 201301.0, Delhi NCR, India",,,,False,no_osm_result,miss
project_9c94743ed9e7707e,delhi_ncr,Ompee Tower,IMT Manesar,122051.0,unmapped,"Ompee Tower, IMT Manesar, 122051.0, Delhi NCR, India",,,,False,no_osm_result,miss
project_8c1891d4aaf5d327,delhi_ncr,Shree Balaji CGHS,"Sector 45, Mathura Road",121003.0,validated_candidate_geocode,"Shree Balaji CGHS, Sector 45, Mathura Road, 121003.0, Delhi NCR, India",,,,False,no_osm_result,miss
project_446fdd36ffcc02e0,delhi_ncr,Prem Apartments,"Sector 21C, Mathura Road",121001.0,validated_candidate_geocode,"Prem Apartments, Sector 21C, Mathura Road, 121001.0, Delhi NCR, India",,,,False,no_osm_result,miss
project_85f1f8bc18aa7e25,delhi_ncr,Ekdant Dronagiri,Vasundhara,201012.0,validated_candidate_geocode,"Ekdant Dronagiri, Vasundhara, 201012.0, Delhi NCR, India",,,,False,no_osm_result,miss
project_38965b65e09effc1,delhi_ncr,JMS Premier Floors,Sector 95,122505.0,validated_candidate_geocode,"JMS Premier Floors, Sector 95, 122505.0, Delhi NCR, India",,,,False,no_osm_result,miss
project_8119765e537d06ae,delhi_ncr,UTS Homes,Indirapuram,201014.0,unmapped,"UTS Homes, Indirapuram, 201014.0, Delhi NCR, India",,,,False,no_osm_result,miss
project_b3fa8643182519e3,delhi_ncr,Creative Builder Floors,Indirapuram,201014.0,validated_candidate_geocode,"Creative Builder Floors, Indirapuram, 201014.0, Delhi NCR, India",,,,False,no_osm_result,miss
project_d2107380d63fbdbe,delhi_ncr,Mahagun Meadow,"Sector 150, Pusta Road",201310.0,validated_candidate_geocode,"Mahagun Meadow, Sector 150, Pusta Road, 201310.0, Delhi NCR, India",,,,False,no_osm_result,miss
project_e3b8a9132b64207a,delhi_ncr,Mahagun Mywoods Maverick,Noida Extension,201009.0,unmapped,"Mahagun Mywoods Maverick, Noida Extension, 201009.0, Delhi NCR, India",,,,False,no_osm_result,miss
project_0bd763e3b6906e2c,delhi_ncr,Luxury Builders Floors,Indirapuram,201014.0,validated_candidate_geocode,"Luxury Builders Floors, Indirapuram, 201014.0, Delhi NCR, India",,,,False,no_osm_result,miss
project_480218b7a998e4d1,delhi_ncr,Bestech Park View Ananda,Sector 81,122051.0,validated_candidate_geocode,"Bestech Park View Ananda, Sector 81, 122051.0, Delhi NCR, India",,,,False,no_osm_result,miss
project_761b2e156c09850c,delhi_ncr,Luxury Floors,"Malibu Town, Sector 47",122018.0,validated_candidate_geocode,"Luxury Floors, Malibu Town, Sector 47, 122018.0, Delhi NCR, India",,,,False,no_osm_result,miss
project_297666df1d5743f8,delhi_ncr,Luxury Builder Floors,South City 2,122018.0,unmapped,"Luxury Builder Floors, South City 2, 122018.0, Delhi NCR, India",,,,False,no_osm_result,miss
project_9fe4328a774ed794,delhi_ncr,Jai Ambey Builder Floors,"Greenfield Colony, Mathura Road",121010.0,unmapped,"Jai Ambey Builder Floors, Greenfield Colony, Mathura Road, 121010.0, Delhi NCR, India",,,,False,no_osm_result,miss
project_abd0e29b84629240,delhi_ncr,Raj Luxury Floor,Neharpar,121002.0,unmapped,"Raj Luxury Floor, Neharpar, 121002.0, Delhi NCR, India",,,,False,no_osm_result,miss
project_257413aea48717d5,delhi_ncr,Ultra Luxury Builder Floors,Neharpar,121002.0,unmapped,"Ultra Luxury Builder Floors, Neharpar, 121002.0, Delhi NCR, India",,,,False,no_osm_result,miss
project_63a23c5d0dd60139,delhi_ncr,MR Proview Shalimar City,Shalimar Garden Extension 1,201005.0,unmapped,"MR Proview Shalimar City, Shalimar Garden Extension 1, 201005.0, Delhi NCR, India",,,,False,no_osm_result,miss
project_e28f0780ecd300f5,delhi_ncr,Amrapali Dream Valley,Noida Extension,201009.0,unmapped,"Amrapali Dream Valley, Noida Extension, 201009.0, Delhi NCR, India",,,,False,no_osm_result,miss
project_3db0d87321c3bb36,delhi_ncr,Supertech Eco Village 2,Noida Extension,201009.0,validated_candidate_geocode,"Supertech Eco Village 2, Noida Extension, 201009.0, Delhi NCR, India",,,,False,no_osm_result,miss
project_2da71fd217e8136e,delhi_ncr,Mahagun Mywoods,Noida Extension,201009.0,validated_candidate_geocode,"Mahagun Mywoods, Noida Extension, 201009.0, Delhi NCR, India",,,,False,no_osm_result,miss
project_907168aafaf7d849,delhi_ncr,Jaypee Aman,"Sector 151, Noida Express Way",201310.0,validated_candidate_geocode,"Jaypee Aman, Sector 151, Noida Express Way, 201310.0, Delhi NCR, India",,,,False,no_osm_result,miss
project_64abb8fcbc66d5f8,delhi_ncr,Logix Blossom Zest,"Sector 143, Noida Express Way",201305.0,validated_candidate_geocode,"Logix Blossom Zest, Sector 143, Noida Express Way, 201305.0, Delhi NCR, India",,,,False,no_osm_result,miss
project_89445d07b1a9e52a,delhi_ncr,Paras Tierea,"Sector 137, Noida Express Way",201305.0,unmapped,"Paras Tierea, Sector 137, Noida Express Way, 201305.0, Delhi NCR, India",,,,False,no_osm_result,miss
project_16024e3cacb22d12,delhi_ncr,Eros Sampoornam,Noida Extension,201009.0,validated_candidate_geocode,"Eros Sampoornam, Noida Extension, 201009.0, Delhi NCR, India",,,,False,no_osm_result,miss
project_19db3d1f7f0ce829,delhi_ncr,Mascot Patel Neotown,Noida Extension,201009.0,unmapped,"Mascot Patel Neotown, Noida Extension, 201009.0, Delhi NCR, India",,,,False,no_osm_result,miss
project_c09f2a2017205e14,delhi_ncr,La Residentia,Noida Extension,201009.0,validated_candidate_geocode,"La Residentia, Noida Extension, 201009.0, Delhi NCR, India",,,,False,no_osm_result,miss
project_9e1fe92b34fd3b6a,delhi_ncr,Aditya Urban Homes,National Highway 24,201015.0,unmapped,"Aditya Urban Homes, National Highway 24, 201015.0, Delhi NCR, India",,,,False,no_osm_result,miss
project_36488d2cabf3b89e,delhi_ncr,Amrapali Silicon City,Sector 76,201304.0,validated_candidate_geocode,"Amrapali Silicon City, Sector 76, 201304.0, Delhi NCR, India",,,,False,no_osm_result,miss
project_71b56decf20f0fc0,delhi_ncr,Gaur City 7th Avenue,Noida Extension,201009.0,unmapped,"Gaur City 7th Avenue, Noida Extension, 201009.0, Delhi NCR, India",,,,False,no_osm_result,miss
project_aaccb17e89c3af9e,delhi_ncr,Supertech The Romano,Sector 118,201304.0,validated_candidate_geocode,"Supertech The Romano, Sector 118, 201304.0, Delhi NCR, India",,,,False,no_osm_result,miss
project_f9c6d478a46fc5af,delhi_ncr,Cgewho Kendriya Vihar 2,"Sector 82, Dadri Road",201304.0,unmapped,"Cgewho Kendriya Vihar 2, Sector 82, Dadri Road, 201304.0, Delhi NCR, India",,,,False,no_osm_result,miss
project_b53360aebd412647,delhi_ncr,Jaypee Greens Garden Isles,"Sector 133, Noida Express Way",201304.0,validated_candidate_geocode,"Jaypee Greens Garden Isles, Sector 133, Noida Express Way, 201304.0, Delhi NCR, India",,,,False,no_osm_result,miss
project_b3ddd2dae9ef0bbf,delhi_ncr,Wave Dream Homes,National Highway 24,201015.0,validated_candidate_geocode,"Wave Dream Homes, National Highway 24, 201015.0, Delhi NCR, India",,,,False,no_osm_result,miss
project_d8126282aba0799c,delhi_ncr,Gaurs Siddhartham,Siddharth Vihar,201009.0,validated_candidate_geocode,"Gaurs Siddhartham, Siddharth Vihar, 201009.0, Delhi NCR, India",,,,False,no_osm_result,miss
project_2ebbd008bac56fbb,delhi_ncr,The 3C Lotus Zing,"Sector 168, Noida Express Way",201305.0,validated_candidate_geocode,"The 3C Lotus Zing, Sector 168, Noida Express Way, 201305.0, Delhi NCR, India",,,,False,no_osm_result,miss
project_dcf403aecf4fe520,delhi_ncr,Unnati The Aranya,"Sector 119, Pusta Road",201307.0,validated_candidate_geocode,"Unnati The Aranya, Sector 119, Pusta Road, 201307.0, Delhi NCR, India",,,,False,no_osm_result,miss
project_495c8a91558a1a36,delhi_ncr,Logix Blossom Greens,"Sector 143, Noida Express Way",201305.0,validated_candidate_geocode,"Logix Blossom Greens, Sector 143, Noida Express Way, 201305.0, Delhi NCR, India",,,,False,no_osm_result,miss
project_ae54a589a4b73f71,delhi_ncr,Prateek Grand City,Siddharth Vihar,201009.0,validated_candidate_geocode,"Prateek Grand City, Siddharth Vihar, 201009.0, Delhi NCR, India",,,,False,no_osm_result,miss
project_41cf8622a5ce44f8,delhi_ncr,Bharat City 1,Bhopura,201005.0,unmapped,"Bharat City 1, Bhopura, 201005.0, Delhi NCR, India",,,,False,no_osm_result,miss
project_3fa69ce97d9a6077,delhi_ncr,ABA Cleo County,Sector 121,201307.0,validated_candidate_geocode,"ABA Cleo County, Sector 121, 201307.0, Delhi NCR, India",,,,False,no_osm_result,miss
project_f7478e6116ce6bc8,delhi_ncr,Orris 3c Greenopolis,Sector 89,122004.0,validated_candidate_geocode,"Orris 3c Greenopolis, Sector 89, 122004.0, Delhi NCR, India",,,,False,no_osm_result,miss
project_c7fd1ecbd9091c42,delhi_ncr,Mahagun Moderne,Sector 78,201305.0,validated_candidate_geocode,"Mahagun Moderne, Sector 78, 201305.0, Delhi NCR, India",,,,False,no_osm_result,miss
project_c1f6ef2b24c69848,delhi_ncr,SVP Gulmohur Garden,Raj Nagar Extension,201003.0,validated_candidate_geocode,"SVP Gulmohur Garden, Raj Nagar Extension, 201003.0, Delhi NCR, India",,,,False,no_osm_result,miss
project_86318cbc67798de3,delhi_ncr,Rg Luxury Homes Phase Ii,Block B Sector 16,201301.0,unmapped,"Rg Luxury Homes Phase Ii, Block B Sector 16, 201301.0, Delhi NCR, India",,,,False,no_osm_result,miss
project_eab77889ca88e48d,delhi_ncr,Gaur City 16th Avenue,Noida Extension,201009.0,unmapped,"Gaur City 16th Avenue, Noida Extension, 201009.0, Delhi NCR, India",,,,False,no_osm_result,miss
project_076665ab64bebbc6,delhi_ncr,Shri Radha Sky Gardens,Noida Extension,201009.0,validated_candidate_geocode,"Shri Radha Sky Gardens, Noida Extension, 201009.0, Delhi NCR, India",,,,False,no_osm_result,miss
project_30679dd95767cdd6,delhi_ncr,Ajnara Ambrosia,Sector 118,201304.0,validated_candidate_geocode,"Ajnara Ambrosia, Sector 118, 201304.0, Delhi NCR, India",,,,False,no_osm_result,miss
project_d59bea61830af22d,delhi_ncr,SVP Gulmohar Garden Phase 2,Raj Nagar Extension,201003.0,validated_candidate_geocode,"SVP Gulmohar Garden Phase 2, Raj Nagar Extension, 201003.0, Delhi NCR, India",,,,False,no_osm_result,miss
project_e9a406f7342a3ff9,delhi_ncr,Supertech Basera,Sector 79,122004.0,validated_candidate_geocode,"Supertech Basera, Sector 79, 122004.0, Delhi NCR, India",,,,False,no_osm_result,miss
project_4b14832d90fab95a,delhi_ncr,Nirala Estate Phase 2,Noida Extension,201009.0,unmapped,"Nirala Estate Phase 2, Noida Extension, 201009.0, Delhi NCR, India",,,,False,no_osm_result,miss
project_9172ed04c367b570,delhi_ncr,Gaurs 11th Avenue Gaur City 2,Noida Extension,201009.0,validated_candidate_geocode,"Gaurs 11th Avenue Gaur City 2, Noida Extension, 201009.0, Delhi NCR, India",,,,False,no_osm_result,miss
project_60204ab972bfeb97,delhi_ncr,Exotica Dreamville,Noida Extension,201009.0,validated_candidate_geocode,"Exotica Dreamville, Noida Extension, 201009.0, Delhi NCR, India",,,,False,no_osm_result,miss
project_da512f4ad8eeeb97,delhi_ncr,BCC Infrastructures Bharat City 2,Bhopura,201005.0,unmapped,"BCC Infrastructures Bharat City 2, Bhopura, 201005.0, Delhi NCR, India",,,,False,no_osm_result,miss
project_cdd5d947ab51b74b,delhi_ncr,The Trisara Apex Our Homes,"Sector 37C, Delhi Gurgaon Expressway",122001.0,validated_candidate_geocode,"The Trisara Apex Our Homes, Sector 37C, Delhi Gurgaon Expressway, 122001.0, Delhi NCR, India",,,,False,no_osm_result,miss
project_3a5c31f1a62bcd83,delhi_ncr,Ganga Realty Tathastu,Sector 5 Sohna,122103.0,validated_candidate_geocode,"Ganga Realty Tathastu, Sector 5 Sohna, 122103.0, Delhi NCR, India",,,,False,no_osm_result,miss
project_f520e5d68434f739,delhi_ncr,Proview Officer City,Raj Nagar Extension,201003.0,validated_candidate_geocode,"Proview Officer City, Raj Nagar Extension, 201003.0, Delhi NCR, India",,,,False,no_osm_result,miss
project_e4114783d30d2ba6,delhi_ncr,Amrapali Heart Beat City,"Sector 107, Dadri Road",201301.0,validated_candidate_geocode,"Amrapali Heart Beat City, Sector 107, Dadri Road, 201301.0, Delhi NCR, India",,,,False,no_osm_result,miss
project_7f68724661f904ea,delhi_ncr,CGEWHO Kendriya Vihar,"Sector 82, Dadri Road",201304.0,validated_candidate_geocode,"CGEWHO Kendriya Vihar, Sector 82, Dadri Road, 201304.0, Delhi NCR, India",,,,False,no_osm_result,miss
project_64bf2e5be41e8867,delhi_ncr,Unitech Unihomes 3,Sector 117,201304.0,unmapped,"Unitech Unihomes 3, Sector 117, 201304.0, Delhi NCR, India",,,,False,no_osm_result,miss
project_b533307017d4539a,delhi_ncr,Today Ridge Residency,"Sector 135, Noida Express Way",201304.0,validated_candidate_geocode,"Today Ridge Residency, Sector 135, Noida Express Way, 201304.0, Delhi NCR, India",,,,False,no_osm_result,miss
project_8465356db73673ad,delhi_ncr,Nilaya Greens,Raj Nagar Extension,201003.0,unmapped,"Nilaya Greens, Raj Nagar Extension, 201003.0, Delhi NCR, India",,,,False,no_osm_result,miss
project_32d83b54451f46b5,delhi_ncr,Pyramid Urban Homes,Sector 70A,122101.0,unmapped,"Pyramid Urban Homes, Sector 70A, 122101.0, Delhi NCR, India",,,,False,no_osm_result,miss
project_75f20c91d47ab5e9,delhi_ncr,Mahagun Puram,National Highway 24,201015.0,unmapped,"Mahagun Puram, National Highway 24, 201015.0, Delhi NCR, India",,,,False,no_osm_result,miss
project_f0c087f833440811,delhi_ncr,Charms Castle,Raj Nagar Extension,201003.0,validated_candidate_geocode,"Charms Castle, Raj Nagar Extension, 201003.0, Delhi NCR, India",,,,False,no_osm_result,miss
project_a67346e9339e01b4,delhi_ncr,Gaur City 2 14th Avenue,Noida Extension,201009.0,unmapped,"Gaur City 2 14th Avenue, Noida Extension, 201009.0, Delhi NCR, India",,,,False,no_osm_result,miss
project_e675c9850092b646,delhi_ncr,Gardenia Glory,Sector 46,201303.0,validated_candidate_geocode,"Gardenia Glory, Sector 46, 201303.0, Delhi NCR, India",,,,False,no_osm_result,miss
project_8b7da9f889f4b49c,delhi_ncr,Eureka Diya Green City,Raj Nagar Extension,201003.0,validated_candidate_geocode,"Eureka Diya Green City, Raj Nagar Extension, 201003.0, Delhi NCR, India",,,,False,no_osm_result,miss
project_9918e5ecd5e2f21d,delhi_ncr,GLS Arawali Homes,Sector 4 Sohna,122102.0,validated_candidate_geocode,"GLS Arawali Homes, Sector 4 Sohna, 122102.0, Delhi NCR, India",,,,False,no_osm_result,miss
project_64eba750650495dd,delhi_ncr,Supertech Ecociti,"Sector 137, Noida Express Way",201305.0,validated_candidate_geocode,"Supertech Ecociti, Sector 137, Noida Express Way, 201305.0, Delhi NCR, India",,,,False,no_osm_result,miss
project_e3c6674c13e8b404,delhi_ncr,Antriksh Golf View,Sector 78,201305.0,validated_candidate_geocode,"Antriksh Golf View, Sector 78, 201305.0, Delhi NCR, India",,,,False,no_osm_result,miss
project_6df29e7c5d60d691,delhi_ncr,Vatika Emilia floors,Sector 82,122004.0,validated_candidate_geocode,"Vatika Emilia floors, Sector 82, 122004.0, Delhi NCR, India",,,,False,no_osm_result,miss
project_170fa1ff0f12a059,delhi_ncr,Paramount Emotions,Noida Extension,201009.0,validated_candidate_geocode,"Paramount Emotions, Noida Extension, 201009.0, Delhi NCR, India",,,,False,no_osm_result,miss
project_09959f8f947658ff,delhi_ncr,Super Realtech Oxy Homez,Bhopura,201005.0,validated_candidate_geocode,"Super Realtech Oxy Homez, Bhopura, 201005.0, Delhi NCR, India",,,,False,no_osm_result,miss
project_43757623b4c5b98e,delhi_ncr,Jaypee Kosmos,"Sector 134, Noida Express Way",201304.0,validated_candidate_geocode,"Jaypee Kosmos, Sector 134, Noida Express Way, 201304.0, Delhi NCR, India",,,,False,no_osm_result,miss
project_ead00e835adab94e,delhi_ncr,Signature Global Grand IVA,Sector 103,122006.0,validated_candidate_geocode,"Signature Global Grand IVA, Sector 103, 122006.0, Delhi NCR, India",,,,False,no_osm_result,miss
project_641264a485a060d7,delhi_ncr,Suncity Avenue 76,"Sector 76, Delhi Gurgaon Expressway",122004.0,validated_candidate_geocode,"Suncity Avenue 76, Sector 76, Delhi Gurgaon Expressway, 122004.0, Delhi NCR, India",,,,False,no_osm_result,miss
project_2df9ffd4a0615bc6,delhi_ncr,The Antriksh Sanskriti,Indirapuram,201014.0,validated_candidate_geocode,"The Antriksh Sanskriti, Indirapuram, 201014.0, Delhi NCR, India",,,,False,no_osm_result,miss
project_ad8e8320fb895c26,delhi_ncr,Signature Global The Millennia,"Sector 37D, Delhi Gurgaon Expressway",122001.0,validated_candidate_geocode,"Signature Global The Millennia, Sector 37D, Delhi Gurgaon Expressway, 122001.0, Delhi NCR, India",,,,False,no_osm_result,miss
project_01c58f4e6b151539,delhi_ncr,JM Florence,Noida Extension,201009.0,unmapped,"JM Florence, Noida Extension, 201009.0, Delhi NCR, India",,,,False,no_osm_result,miss
project_16b7190d1691af25,delhi_ncr,Shree Vardhman Mantra,Sector 67,122102.0,validated_candidate_geocode,"Shree Vardhman Mantra, Sector 67, 122102.0, Delhi NCR, India",,,,False,no_osm_result,miss
project_584705498b0df4a7,delhi_ncr,Gaur City 2 12th Avenue,Noida Extension,201009.0,validated_candidate_geocode,"Gaur City 2 12th Avenue, Noida Extension, 201009.0, Delhi NCR, India",,,,False,no_osm_result,miss
project_613757e4bba31bd7,delhi_ncr,Supertech Livingston,Crossings Republik,201016.0,validated_candidate_geocode,"Supertech Livingston, Crossings Republik, 201016.0, Delhi NCR, India",,,,False,no_osm_result,miss
project_2586ebb84594da97,delhi_ncr,Brahmaputra Enclave,Siddharth Vihar,201009.0,validated_candidate_geocode,"Brahmaputra Enclave, Siddharth Vihar, 201009.0, Delhi NCR, India",,,,False,no_osm_result,miss
project_67efac39f3137b1c,delhi_ncr,Pyramid Urban67A,Sector 67A,122102.0,validated_candidate_geocode,"Pyramid Urban67A, Sector 67A, 122102.0, Delhi NCR, India",,,,False,no_osm_result,miss
project_019b18a6da4284a2,delhi_ncr,Gardenia Gateway,Sector 75,201304.0,validated_candidate_geocode,"Gardenia Gateway, Sector 75, 201304.0, Delhi NCR, India",,,,False,no_osm_result,miss
project_176ad87370fddeec,delhi_ncr,BPTP Princess Park,Sector 86,121002.0,validated_candidate_geocode,"BPTP Princess Park, Sector 86, 121002.0, Delhi NCR, India",,,,False,no_osm_result,miss
project_99910db0d4cc7794,delhi_ncr,Pivotal Ansal Royal Heritage,Sector 70,121004.0,validated_candidate_geocode,"Pivotal Ansal Royal Heritage, Sector 70, 121004.0, Delhi NCR, India",,,,False,no_osm_result,miss
project_d8d8810382d94a41,delhi_ncr,Breez Global Heights 89,Sector 89,122004.0,validated_candidate_geocode,"Breez Global Heights 89, Sector 89, 122004.0, Delhi NCR, India",,,,False,no_osm_result,miss
project_1aa8f2516ef0f115,delhi_ncr,Breez Global Heights,Sohna,122103.0,validated_candidate_geocode,"Breez Global Heights, Sohna, 122103.0, Delhi NCR, India",,,,False,no_osm_result,miss
project_d681149c0244c9f9,delhi_ncr,SRS Royal Hills,Neharpar,121002.0,validated_candidate_geocode,"SRS Royal Hills, Neharpar, 121002.0, Delhi NCR, India",,,,False,no_osm_result,miss
project_be9df9fd4bf2bc7d,delhi_ncr,Habitech Panchtatva,Noida Extension,201009.0,validated_candidate_geocode,"Habitech Panchtatva, Noida Extension, 201009.0, Delhi NCR, India",,,,False,no_osm_result,miss
project_928e0cf9ca93c1c9,delhi_ncr,Zara Roma,Sector 95B,122505.0,validated_candidate_geocode,"Zara Roma, Sector 95B, 122505.0, Delhi NCR, India",,,,False,no_osm_result,miss
project_b3e6011e214820e4,delhi_ncr,Ajnara Homes,Noida Extension,201009.0,unmapped,"Ajnara Homes, Noida Extension, 201009.0, Delhi NCR, India",,,,False,no_osm_result,miss
project_2c3a6d1a784f13c2,delhi_ncr,Earthcon Casa Royale,Noida Extension,201009.0,unmapped,"Earthcon Casa Royale, Noida Extension, 201009.0, Delhi NCR, India",,,,False,no_osm_result,miss
project_9a69ccca2882af24,delhi_ncr,Antriksh Golf Links,Noida Extension,201009.0,validated_candidate_geocode,"Antriksh Golf Links, Noida Extension, 201009.0, Delhi NCR, India",,,,False,no_osm_result,miss
project_39fb2f3affa1f8b3,delhi_ncr,Gaur City 2,Noida Extension,201009.0,validated_candidate_geocode,"Gaur City 2, Noida Extension, 201009.0, Delhi NCR, India",,,,False,no_osm_result,miss
project_a0c5625f2c612a92,delhi_ncr,SVP Gulmohur Greens,"Mohan Nagar, Rajendra Nagar",201007.0,validated_candidate_geocode,"SVP Gulmohur Greens, Mohan Nagar, Rajendra Nagar, 201007.0, Delhi NCR, India",,,,False,no_osm_result,miss
project_9f88001fd461b232,delhi_ncr,Sangwan Heights,Raj Nagar Extension,201003.0,validated_candidate_geocode,"Sangwan Heights, Raj Nagar Extension, 201003.0, Delhi NCR, India",,,,False,no_osm_result,miss
project_58e50ce5adbff745,delhi_ncr,Antriksh Kanball 3G,Sector 77,201301.0,validated_candidate_geocode,"Antriksh Kanball 3G, Sector 77, 201301.0, Delhi NCR, India",,,,False,no_osm_result,miss
project_90b3aaa4977f66a4,delhi_ncr,KDP Grand Savana,Raj Nagar Extension,201003.0,validated_candidate_geocode,"KDP Grand Savana, Raj Nagar Extension, 201003.0, Delhi NCR, India",,,,False,no_osm_result,miss
project_d589ae9c00318535,delhi_ncr,SRS Residency,Sector 88,121002.0,validated_candidate_geocode,"SRS Residency, Sector 88, 121002.0, Delhi NCR, India",,,,False,no_osm_result,miss
project_14506da272518e9a,delhi_ncr,Conscient Habitat 78,Sector 78,121002.0,validated_candidate_geocode,"Conscient Habitat 78, Sector 78, 121002.0, Delhi NCR, India",,,,False,no_osm_result,miss
project_f93494002ad70e9d,delhi_ncr,Conscient Habitat Residences,Sector 78,121002.0,validated_candidate_geocode,"Conscient Habitat Residences, Sector 78, 121002.0, Delhi NCR, India",,,,False,no_osm_result,miss
project_0dfadd73a97e2957,delhi_ncr,Antriksh Heights,Sector 84,122004.0,validated_candidate_geocode,"Antriksh Heights, Sector 84, 122004.0, Delhi NCR, India",,,,False,no_osm_result,miss
project_fd3e79f866201fff,delhi_ncr,MR Proview Delhi 99,Bhopura,201005.0,unmapped,"MR Proview Delhi 99, Bhopura, 201005.0, Delhi NCR, India",,,,False,no_osm_result,miss
project_e3aee0c1f13a640e,delhi_ncr,MVN Athens,Sector 5,122006.0,validated_candidate_geocode,"MVN Athens, Sector 5, 122006.0, Delhi NCR, India",,,,False,no_osm_result,miss
project_f134a8a577673795,delhi_ncr,Signature Global The Roselia 2,"Sector 95A, Pataudi Road",122505.0,validated_candidate_geocode,"Signature Global The Roselia 2, Sector 95A, Pataudi Road, 122505.0, Delhi NCR, India",,,,False,no_osm_result,miss
project_8c156e92b751a99b,delhi_ncr,Signature The Roselia,"Sector 95A, Pataudi Road",122505.0,validated_candidate_geocode,"Signature The Roselia, Sector 95A, Pataudi Road, 122505.0, Delhi NCR, India",,,,False,no_osm_result,miss
project_6484fa86b67f651a,delhi_ncr,Paras Seasons,"Sector 168, Noida Express Way",201305.0,validated_candidate_geocode,"Paras Seasons, Sector 168, Noida Express Way, 201305.0, Delhi NCR, India",,,,False,no_osm_result,miss
project_79c74237141a0936,delhi_ncr,Expressway Towers,Sector 109,122017.0,unmapped,"Expressway Towers, Sector 109, 122017.0, Delhi NCR, India",,,,False,no_osm_result,miss
project_2a3844f2e243d7b6,delhi_ncr,HCBS Sports Ville,Sohna,122103.0,validated_candidate_geocode,"HCBS Sports Ville, Sohna, 122103.0, Delhi NCR, India",,,,False,no_osm_result,miss
project_bf23d0a95cc87892,delhi_ncr,JKG Palm Court,Noida Extension,201009.0,validated_candidate_geocode,"JKG Palm Court, Noida Extension, 201009.0, Delhi NCR, India",,,,False,no_osm_result,miss
project_2ff8dce600fc5924,delhi_ncr,Piyush Heights,Sector 89,121002.0,validated_candidate_geocode,"Piyush Heights, Sector 89, 121002.0, Delhi NCR, India",,,,False,no_osm_result,miss
project_c667fbe90f5ae1f8,delhi_ncr,Assotech The Nest,Crossings Republik,201016.0,validated_candidate_geocode,"Assotech The Nest, Crossings Republik, 201016.0, Delhi NCR, India",,,,False,no_osm_result,miss
project_1cf4cefa3a0a8ef3,delhi_ncr,Signature Global Imperial,Sector 88A,122505.0,validated_candidate_geocode,"Signature Global Imperial, Sector 88A, 122505.0, Delhi NCR, India",,,,False,no_osm_result,miss
project_01a1e5eac6109c21,delhi_ncr,VVIP Homes,Noida Extension,201009.0,unmapped,"VVIP Homes, Noida Extension, 201009.0, Delhi NCR, India",,,,False,no_osm_result,miss
project_faf3de594c0fce3e,delhi_ncr,KLJ Greens,Sector 77,121004.0,validated_candidate_geocode,"KLJ Greens, Sector 77, 121004.0, Delhi NCR, India",,,,False,no_osm_result,miss
project_1e64b96f1d7ef633,delhi_ncr,Adel Era Divine Court,Sector 76,121004.0,validated_candidate_geocode,"Adel Era Divine Court, Sector 76, 121004.0, Delhi NCR, India",,,,False,no_osm_result,miss
project_626d4aca8d6c6765,delhi_ncr,SG Grand,Raj Nagar Extension,201003.0,validated_candidate_geocode,"SG Grand, Raj Nagar Extension, 201003.0, Delhi NCR, India",,,,False,no_osm_result,miss
project_0bc3b9880caf3bf5,delhi_ncr,Gaurs Sanskriti Vihar,Noida Extension,201009.0,validated_candidate_geocode,"Gaurs Sanskriti Vihar, Noida Extension, 201009.0, Delhi NCR, India",,,,False,no_osm_result,miss
project_3c93cc76565f3faa,delhi_ncr,Express Garden,Indirapuram,201014.0,validated_candidate_geocode,"Express Garden, Indirapuram, 201014.0, Delhi NCR, India",,,,False,no_osm_result,miss
project_9c3e69f3ddd9c63b,delhi_ncr,BPTP Park 81,Sector 81,121002.0,validated_candidate_geocode,"BPTP Park 81, Sector 81, 121002.0, Delhi NCR, India",,,,False,no_osm_result,miss
project_d0705bfd6cde1544,delhi_ncr,SCC Sapphire,Raj Nagar Extension,201003.0,validated_candidate_geocode,"SCC Sapphire, Raj Nagar Extension, 201003.0, Delhi NCR, India",,,,False,no_osm_result,miss
project_4aebb90c101dea03,delhi_ncr,Signature Global Solera 2,Sector 107,122505.0,validated_candidate_geocode,"Signature Global Solera 2, Sector 107, 122505.0, Delhi NCR, India",,,,False,no_osm_result,miss
project_17b35178c236fa32,delhi_ncr,Victory Central,Noida Extension,201009.0,validated_candidate_geocode,"Victory Central, Noida Extension, 201009.0, Delhi NCR, India",,,,False,no_osm_result,miss
project_b0540e0ca9dedc9d,delhi_ncr,Royal Nest,Noida Extension,201009.0,unmapped,"Royal Nest, Noida Extension, 201009.0, Delhi NCR, India",,,,False,no_osm_result,miss
project_9eac097b31e7b87f,delhi_ncr,Pivotal Riddhi Siddhi,Sector 99,122001.0,validated_candidate_geocode,"Pivotal Riddhi Siddhi, Sector 99, 122001.0, Delhi NCR, India",,,,False,no_osm_result,miss
project_e09ae5ea2ac6e5d8,delhi_ncr,Ace Aspire,Noida Extension,201009.0,validated_candidate_geocode,"Ace Aspire, Noida Extension, 201009.0, Delhi NCR, India",,,,False,no_osm_result,miss
project_22d56449d49c921a,delhi_ncr,M3M Woodshire,Sector 107,122505.0,validated_candidate_geocode,"M3M Woodshire, Sector 107, 122505.0, Delhi NCR, India",,,,False,no_osm_result,miss
project_089312a655c01a28,delhi_ncr,Vatika Gurgaon 21,Sector 83,122004.0,validated_candidate_geocode,"Vatika Gurgaon 21, Sector 83, 122004.0, Delhi NCR, India",,,,False,no_osm_result,miss
project_b9791e396f7b423c,delhi_ncr,Paramount Symphony,Crossings Republik,201016.0,validated_candidate_geocode,"Paramount Symphony, Crossings Republik, 201016.0, Delhi NCR, India",,,,False,no_osm_result,miss
project_59e0d6962472f6c0,delhi_ncr,Shri Radha Sky Park,Noida Extension,201009.0,validated_candidate_geocode,"Shri Radha Sky Park, Noida Extension, 201009.0, Delhi NCR, India",,,,False,no_osm_result,miss
project_bb6d988dd77c39e6,delhi_ncr,Godrej Organic Ghar,National Highway 24,201015.0,unmapped,"Godrej Organic Ghar, National Highway 24, 201015.0, Delhi NCR, India",,,,False,no_osm_result,miss
project_42d1af73ebf640c1,delhi_ncr,Shree Energy Classic Residency II,Raj Nagar Extension,201003.0,validated_candidate_geocode,"Shree Energy Classic Residency II, Raj Nagar Extension, 201003.0, Delhi NCR, India",,,,False,no_osm_result,miss
project_0f02887e6bf07ecf,delhi_ncr,GRC The Park,Noida Extension,201009.0,unmapped,"GRC The Park, Noida Extension, 201009.0, Delhi NCR, India",,,,False,no_osm_result,miss
project_502c46f153e33353,delhi_ncr,Pigeon Spring Meadows,Noida Extension,201009.0,unmapped,"Pigeon Spring Meadows, Noida Extension, 201009.0, Delhi NCR, India",,,,False,no_osm_result,miss
project_f268f32135794793,delhi_ncr,Amaatra Homes,Noida Extension,201009.0,unmapped,"Amaatra Homes, Noida Extension, 201009.0, Delhi NCR, India",,,,False,no_osm_result,miss
project_7c32b96c500420fa,delhi_ncr,ILD Spire Greens,"Sector 37C, Delhi Gurgaon Expressway",122001.0,unmapped,"ILD Spire Greens, Sector 37C, Delhi Gurgaon Expressway, 122001.0, Delhi NCR, India",,,,False,no_osm_result,miss
project_42d7472c9173cd53,delhi_ncr,GLS Avenue 51,Sector 92,122505.0,validated_candidate_geocode,"GLS Avenue 51, Sector 92, 122505.0, Delhi NCR, India",,,,False,no_osm_result,miss
project_dc70ce7d0acbc5b7,delhi_ncr,Amrapali Platinum,"Sector 119, Pusta Road",201307.0,unmapped,"Amrapali Platinum, Sector 119, Pusta Road, 201307.0, Delhi NCR, India",,,,False,no_osm_result,miss
project_2f547500d0db8679,delhi_ncr,Aims Max Gardenia Golf City,Sector 75,201304.0,validated_candidate_geocode,"Aims Max Gardenia Golf City, Sector 75, 201304.0, Delhi NCR, India",,,,False,no_osm_result,miss
project_5738e0a95489b4de,delhi_ncr,Ansal Aquapolis,Crossings Republik,201016.0,validated_candidate_geocode,"Ansal Aquapolis, Crossings Republik, 201016.0, Delhi NCR, India",,,,False,no_osm_result,miss
project_bb55e7680a938d93,delhi_ncr,ROF Aalayas,Sector 102,122006.0,validated_candidate_geocode,"ROF Aalayas, Sector 102, 122006.0, Delhi NCR, India",,,,False,no_osm_result,miss
project_73e97161e03ed430,delhi_ncr,Addela Raj Residency,Noida Extension,201009.0,validated_candidate_geocode,"Addela Raj Residency, Noida Extension, 201009.0, Delhi NCR, India",,,,False,no_osm_result,miss
project_b4af3d655bcfd220,delhi_ncr,Radicon Vedantam,Noida Extension,201009.0,validated_candidate_geocode,"Radicon Vedantam, Noida Extension, 201009.0, Delhi NCR, India",,,,False,no_osm_result,miss
project_0d01d6d6c7c239aa,delhi_ncr,Adore prosperity Homes,Sector 86,121002.0,validated_candidate_geocode,"Adore prosperity Homes, Sector 86, 121002.0, Delhi NCR, India",,,,False,no_osm_result,miss
project_81565e4fc969b0f4,delhi_ncr,Signature Global Park 4 and 5,Sector 36 Sohna,122102.0,unmapped,"Signature Global Park 4 and 5, Sector 36 Sohna, 122102.0, Delhi NCR, India",,,,False,no_osm_result,miss
project_dda57f0d2f348cea,delhi_ncr,Trisara Our Homes 3,Sector 6 Sohna,122018.0,validated_candidate_geocode,"Trisara Our Homes 3, Sector 6 Sohna, 122018.0, Delhi NCR, India",,,,False,no_osm_result,miss
project_90a9839c871bb06f,delhi_ncr,Shourya Aura Chimera,Raj Nagar Extension,201003.0,validated_candidate_geocode,"Shourya Aura Chimera, Raj Nagar Extension, 201003.0, Delhi NCR, India",,,,False,no_osm_result,miss
project_86b3b7aa9a0ede70,delhi_ncr,Bedarwal 63 Golf Drive,Sector 63A,122102.0,unmapped,"Bedarwal 63 Golf Drive, Sector 63A, 122102.0, Delhi NCR, India",,,,False,no_osm_result,miss
project_dddc8e6515bc1ba5,delhi_ncr,Pivotal Devaan,Sector 84,122004.0,validated_candidate_geocode,"Pivotal Devaan, Sector 84, 122004.0, Delhi NCR, India",,,,False,no_osm_result,miss
project_4ca820fa484cbb00,delhi_ncr,Gaur Global Village,Crossings Republik,201016.0,validated_candidate_geocode,"Gaur Global Village, Crossings Republik, 201016.0, Delhi NCR, India",,,,False,no_osm_result,miss
project_cbe848800d12c090,delhi_ncr,Adani Aangan,Sector 88A,122505.0,validated_candidate_geocode,"Adani Aangan, Sector 88A, 122505.0, Delhi NCR, India",,,,False,no_osm_result,miss
project_3d1738dd012cb467,delhi_ncr,Puri Pranayam,Sector 82,121002.0,unmapped,"Puri Pranayam, Sector 82, 121002.0, Delhi NCR, India",,,,False,no_osm_result,miss
project_8f8a216d8936f434,delhi_ncr,Adore Samriddhi,Sector 89,121002.0,validated_candidate_geocode,"Adore Samriddhi, Sector 89, 121002.0, Delhi NCR, India",,,,False,no_osm_result,miss
project_da2bd3510566e8d1,delhi_ncr,Star Rameshwaram,Raj Nagar Extension,201003.0,validated_candidate_geocode,"Star Rameshwaram, Raj Nagar Extension, 201003.0, Delhi NCR, India",,,,False,no_osm_result,miss
project_6afb624e6d568801,delhi_ncr,Exotica Fresco,"Sector 137, Noida Express Way",201305.0,validated_candidate_geocode,"Exotica Fresco, Sector 137, Noida Express Way, 201305.0, Delhi NCR, India",,,,False,no_osm_result,miss
project_e3314d234e1bbd5f,delhi_ncr,Aditya Luxuria Estate,National Highway 24,201015.0,validated_candidate_geocode,"Aditya Luxuria Estate, National Highway 24, 201015.0, Delhi NCR, India",,,,False,no_osm_result,miss
project_b5439fc8b125112d,delhi_ncr,Rajhans Residency,Noida Extension,201009.0,unmapped,"Rajhans Residency, Noida Extension, 201009.0, Delhi NCR, India",,,,False,no_osm_result,miss
project_a7a2182bb7ed5ab9,delhi_ncr,Auric City Homes,Sector 82,121002.0,validated_candidate_geocode,"Auric City Homes, Sector 82, 121002.0, Delhi NCR, India",,,,False,no_osm_result,miss
project_b165612b4b32f961,delhi_ncr,Signature Global Aspire,Sector 95,122505.0,validated_candidate_geocode,"Signature Global Aspire, Sector 95, 122505.0, Delhi NCR, India",,,,False,no_osm_result,miss
project_e757fb3721b4fe0f,delhi_ncr,Ocean Golf Heights,Sector 69,122001.0,validated_candidate_geocode,"Ocean Golf Heights, Sector 69, 122001.0, Delhi NCR, India",,,,False,no_osm_result,miss
project_11cbdcc997ca025b,delhi_ncr,Mahira Homes 103,Sector 103,122006.0,validated_candidate_geocode,"Mahira Homes 103, Sector 103, 122006.0, Delhi NCR, India",,,,False,no_osm_result,miss
project_3388c0fc79b65076,delhi_ncr,Royal Green Heights,Sector 62,122102.0,validated_candidate_geocode,"Royal Green Heights, Sector 62, 122102.0, Delhi NCR, India",,,,False,no_osm_result,miss
project_402794f6c4656431,delhi_ncr,Adore Happy Homes Pride,Sector 75,121002.0,unmapped,"Adore Happy Homes Pride, Sector 75, 121002.0, Delhi NCR, India",,,,False,no_osm_result,miss
project_1349d809ea13d2b2,delhi_ncr,ROF Ambliss,Sector 78,122004.0,validated_candidate_geocode,"ROF Ambliss, Sector 78, 122004.0, Delhi NCR, India",,,,False,no_osm_result,miss
project_b64c9c1a63c9d3c0,delhi_ncr,AIG Park Avenue,Noida Extension,201009.0,validated_candidate_geocode,"AIG Park Avenue, Noida Extension, 201009.0, Delhi NCR, India",,,,False,no_osm_result,miss
project_55b2902c70444524,delhi_ncr,Ramsons Kshitij,Sector 95,122505.0,unmapped,"Ramsons Kshitij, Sector 95, 122505.0, Delhi NCR, India",,,,False,no_osm_result,miss
project_662da3b8e57c8138,delhi_ncr,Breez Global Hill View,Sector 11 Sohna,122002.0,validated_candidate_geocode,"Breez Global Hill View, Sector 11 Sohna, 122002.0, Delhi NCR, India",,,,False,no_osm_result,miss
project_5485c6f685ff1b63,delhi_ncr,O P Floridaa,Sector 82,121002.0,unmapped,"O P Floridaa, Sector 82, 121002.0, Delhi NCR, India",,,,False,no_osm_result,miss
project_b529bf39227e3e01,delhi_ncr,Migsun Atharva,Raj Nagar Extension,201003.0,validated_candidate_geocode,"Migsun Atharva, Raj Nagar Extension, 201003.0, Delhi NCR, India",,,,False,no_osm_result,miss
project_07bde0429f50a97f,delhi_ncr,Pyramid Pride,"Sector 76, Delhi Gurgaon Expressway",122004.0,validated_candidate_geocode,"Pyramid Pride, Sector 76, Delhi Gurgaon Expressway, 122004.0, Delhi NCR, India",,,,False,no_osm_result,miss
project_c9033258cd4510a8,delhi_ncr,Umang Summer Palms,Sector 86,121002.0,validated_candidate_geocode,"Umang Summer Palms, Sector 86, 121002.0, Delhi NCR, India",,,,False,no_osm_result,miss
project_782528f0ae1899c5,delhi_ncr,Migsun Roof,Raj Nagar Extension,201003.0,validated_candidate_geocode,"Migsun Roof, Raj Nagar Extension, 201003.0, Delhi NCR, India",,,,False,no_osm_result,miss
project_ae355b6d89b652ca,delhi_ncr,S3 Green Avenue,Sector 85,121002.0,validated_candidate_geocode,"S3 Green Avenue, Sector 85, 121002.0, Delhi NCR, India",,,,False,no_osm_result,miss
project_449c910daefa5418,delhi_ncr,Terra Lavinium,Sector 75,121002.0,validated_candidate_geocode,"Terra Lavinium, Sector 75, 121002.0, Delhi NCR, India",,,,False,no_osm_result,miss
project_ceab139e33b2e144,delhi_ncr,Aegis Trine Towers,Indirapuram,201014.0,validated_candidate_geocode,"Aegis Trine Towers, Indirapuram, 201014.0, Delhi NCR, India",,,,False,no_osm_result,miss
project_a1421116bc36bffe,delhi_ncr,Rishabh Hindon Green Valley,Indirapuram,201014.0,validated_candidate_geocode,"Rishabh Hindon Green Valley, Indirapuram, 201014.0, Delhi NCR, India",,,,False,no_osm_result,miss
project_7cf1acb3fdf665c5,delhi_ncr,Divyansh Onyx,National Highway 24,201015.0,unmapped,"Divyansh Onyx, National Highway 24, 201015.0, Delhi NCR, India",,,,False,no_osm_result,miss
project_690323df7193d67b,delhi_ncr,Rof Ananda,Sector 95,122505.0,validated_candidate_geocode,"Rof Ananda, Sector 95, 122505.0, Delhi NCR, India",,,,False,no_osm_result,miss
project_02ad22d5f43a43fe,delhi_ncr,Pivotal Paradise,Sector 62,122102.0,validated_candidate_geocode,"Pivotal Paradise, Sector 62, 122102.0, Delhi NCR, India",,,,False,no_osm_result,miss
project_61c835b4ff58a2ff,delhi_ncr,Pyramid Fusion Homes,Sector 70A,122101.0,validated_candidate_geocode,"Pyramid Fusion Homes, Sector 70A, 122101.0, Delhi NCR, India",,,,False,no_osm_result,miss
project_28a905f428241034,delhi_ncr,Rama Homes,Sector 89,122004.0,validated_candidate_geocode,"Rama Homes, Sector 89, 122004.0, Delhi NCR, India",,,,False,no_osm_result,miss
project_eaf0a83d50478701,delhi_ncr,Mahagun Mezzaria,Sector 78,201305.0,validated_candidate_geocode,"Mahagun Mezzaria, Sector 78, 201305.0, Delhi NCR, India",,,,False,no_osm_result,miss
project_6d3a581ab1f6c8b8,delhi_ncr,Signature Global Orchard Avenue,Sector 93,122505.0,validated_candidate_geocode,"Signature Global Orchard Avenue, Sector 93, 122505.0, Delhi NCR, India",,,,False,no_osm_result,miss
project_671fe533519fd210,delhi_ncr,Assotech Windsor Court,Sector 78,201305.0,validated_candidate_geocode,"Assotech Windsor Court, Sector 78, 201305.0, Delhi NCR, India",,,,False,no_osm_result,miss
project_1762d7075f7b9d61,delhi_ncr,Adore happy homes grand,Sector 85,121002.0,validated_candidate_geocode,"Adore happy homes grand, Sector 85, 121002.0, Delhi NCR, India",,,,False,no_osm_result,miss
project_0f0d2bde11b51eb8,delhi_ncr,Ninex RMG Residency,"Sector 37C, Delhi Gurgaon Expressway",122001.0,validated_candidate_geocode,"Ninex RMG Residency, Sector 37C, Delhi Gurgaon Expressway, 122001.0, Delhi NCR, India",,,,False,no_osm_result,miss
project_45f0af4929db9150,delhi_ncr,Agrante Kavyam,Sector 108,122017.0,validated_candidate_geocode,"Agrante Kavyam, Sector 108, 122017.0, Delhi NCR, India",,,,False,no_osm_result,miss
project_8502cf3ba36df836,delhi_ncr,Devika Gold Homz,Noida Extension,201009.0,validated_candidate_geocode,"Devika Gold Homz, Noida Extension, 201009.0, Delhi NCR, India",,,,False,no_osm_result,miss
project_f8565b1ff95af527,delhi_ncr,MRG Ultimus,Sector 90,122505.0,validated_candidate_geocode,"MRG Ultimus, Sector 90, 122505.0, Delhi NCR, India",,,,False,no_osm_result,miss
project_9ca2e59ac087ef29,delhi_ncr,Sikka Karmic Greens,Sector 78,201305.0,validated_candidate_geocode,"Sikka Karmic Greens, Sector 78, 201305.0, Delhi NCR, India",,,,False,no_osm_result,miss
project_915c11863eefd1d8,delhi_ncr,BPTP Spacio,"Sector 37D, Delhi Gurgaon Expressway",122001.0,validated_candidate_geocode,"BPTP Spacio, Sector 37D, Delhi Gurgaon Expressway, 122001.0, Delhi NCR, India",,,,False,no_osm_result,miss
project_334eed736da3f3ad,delhi_ncr,Techmans Moti Residency,Raj Nagar Extension,201003.0,validated_candidate_geocode,"Techmans Moti Residency, Raj Nagar Extension, 201003.0, Delhi NCR, India",,,,False,no_osm_result,miss
project_a04af08fbc9e9a73,delhi_ncr,Amolik Park View,Sector 84,121002.0,validated_candidate_geocode,"Amolik Park View, Sector 84, 121002.0, Delhi NCR, India",,,,False,no_osm_result,miss
project_7e99c2f64b1059a3,delhi_ncr,Mascot Manorath,Noida Extension,201009.0,validated_candidate_geocode,"Mascot Manorath, Noida Extension, 201009.0, Delhi NCR, India",,,,False,no_osm_result,miss
project_670e8f03b25dac73,delhi_ncr,Mahagunpuram 2,National Highway 24,201015.0,validated_candidate_geocode,"Mahagunpuram 2, National Highway 24, 201015.0, Delhi NCR, India",,,,False,no_osm_result,miss
project_392c0c43e762d771,delhi_ncr,Mahira Homes 63A,Sector 63A,122102.0,validated_candidate_geocode,"Mahira Homes 63A, Sector 63A, 122102.0, Delhi NCR, India",,,,False,no_osm_result,miss
project_8c6b247f474dd908,delhi_ncr,Pyramid Infinity,Sector 70,122101.0,validated_candidate_geocode,"Pyramid Infinity, Sector 70, 122101.0, Delhi NCR, India",,,,False,no_osm_result,miss
project_509660682cf63f27,delhi_ncr,Puri Pratham,Sector 84,121002.0,validated_candidate_geocode,"Puri Pratham, Sector 84, 121002.0, Delhi NCR, India",,,,False,no_osm_result,miss
project_aaffccc097c9e539,delhi_ncr,DLF Skycourt,Sector 86,122505.0,validated_candidate_geocode,"DLF Skycourt, Sector 86, 122505.0, Delhi NCR, India",,,,False,no_osm_result,miss
project_204cf5a8e13ea052,delhi_ncr,Emaar Gurgaon Greens,Dwarka Expressway,122006.0,validated_candidate_geocode,"Emaar Gurgaon Greens, Dwarka Expressway, 122006.0, Delhi NCR, India",,,,False,no_osm_result,miss
project_b80b4fb974910f86,delhi_ncr,Orris Carnation Residency,Sector 85,122004.0,validated_candidate_geocode,"Orris Carnation Residency, Sector 85, 122004.0, Delhi NCR, India",,,,False,no_osm_result,miss
project_66d6c04f7a1e42f0,delhi_ncr,Ansal Height 86,Sector 86,122505.0,unmapped,"Ansal Height 86, Sector 86, 122505.0, Delhi NCR, India",,,,False,no_osm_result,miss
project_7594ad4e102c4ccc,delhi_ncr,Emenox Infratek  La Solara,Noida Extension,201009.0,validated_candidate_geocode,"Emenox Infratek  La Solara, Noida Extension, 201009.0, Delhi NCR, India",,,,False,no_osm_result,miss
project_3efe5dedf6112415,delhi_ncr,SS The Leaf,Sector 85,122004.0,validated_candidate_geocode,"SS The Leaf, Sector 85, 122004.0, Delhi NCR, India",,,,False,no_osm_result,miss
project_6eace61d498b9e63,delhi_ncr,Prateek Canary,"Sector 150, Pusta Road",201310.0,validated_candidate_geocode,"Prateek Canary, Sector 150, Pusta Road, 201310.0, Delhi NCR, India",,,,False,no_osm_result,miss
project_9b16f740158195be,delhi_ncr,Sare Homes Springview Heights,National Highway 24,201015.0,unmapped,"Sare Homes Springview Heights, National Highway 24, 201015.0, Delhi NCR, India",,,,False,no_osm_result,miss
project_1f1d07912965ded8,delhi_ncr,Gulmohar Enclave,Nehru Nagar 3,201001.0,unmapped,"Gulmohar Enclave, Nehru Nagar 3, 201001.0, Delhi NCR, India",,,,False,no_osm_result,miss
project_e8dbd2560b3bb9f2,delhi_ncr,Vatika Premium Floors,Sector 82,122004.0,validated_candidate_geocode,"Vatika Premium Floors, Sector 82, 122004.0, Delhi NCR, India",,,,False,no_osm_result,miss
project_4657651f5b402b64,delhi_ncr,BPTP Grandeura,Neharpar,121002.0,validated_candidate_geocode,"BPTP Grandeura, Neharpar, 121002.0, Delhi NCR, India",,,,False,no_osm_result,miss
project_9b9609468de150d2,delhi_ncr,BPTP Pride,Sector 77,121004.0,validated_candidate_geocode,"BPTP Pride, Sector 77, 121004.0, Delhi NCR, India",,,,False,no_osm_result,miss
project_0694cfda8be59cb2,delhi_ncr,Devika Skypers,Raj Nagar Extension,201003.0,validated_candidate_geocode,"Devika Skypers, Raj Nagar Extension, 201003.0, Delhi NCR, India",,,,False,no_osm_result,miss
project_a520f3ff27d1fe22,delhi_ncr,Angel Jupiter,Indirapuram,201014.0,validated_candidate_geocode,"Angel Jupiter, Indirapuram, 201014.0, Delhi NCR, India",,,,False,no_osm_result,miss
project_ec11ee47a915b41c,delhi_ncr,Adore Prima,Sector 72,121004.0,validated_candidate_geocode,"Adore Prima, Sector 72, 121004.0, Delhi NCR, India",,,,False,no_osm_result,miss
project_4f516a53f4ad5015,delhi_ncr,Saviour Park,"Mohan Nagar, Rajendra Nagar",201007.0,validated_candidate_geocode,"Saviour Park, Mohan Nagar, Rajendra Nagar, 201007.0, Delhi NCR, India",,,,False,no_osm_result,miss
project_3094e31428298d04,delhi_ncr,Signature Global City 37D,"Sector 37D, Delhi Gurgaon Expressway",122001.0,validated_candidate_geocode,"Signature Global City 37D, Sector 37D, Delhi Gurgaon Expressway, 122001.0, Delhi NCR, India",,,,False,no_osm_result,miss
project_4395724fef3efe23,delhi_ncr,BPTP Park Elite Floor II,Sector 75,121002.0,unmapped,"BPTP Park Elite Floor II, Sector 75, 121002.0, Delhi NCR, India",,,,False,no_osm_result,miss
project_60a4b88a966369bd,delhi_ncr,BPTP Elite Floors,Neharpar,121002.0,validated_candidate_geocode,"BPTP Elite Floors, Neharpar, 121002.0, Delhi NCR, India",,,,False,no_osm_result,miss
project_57e74351f7237694,delhi_ncr,BPTP Park Elite Floors I & II,Sector 82,121002.0,validated_candidate_geocode,"BPTP Park Elite Floors I & II, Sector 82, 121002.0, Delhi NCR, India",,,,False,no_osm_result,miss
project_fb6385e1e6fab5c9,delhi_ncr,Vatika City Homes,Sector 83,122004.0,validated_candidate_geocode,"Vatika City Homes, Sector 83, 122004.0, Delhi NCR, India",,,,False,no_osm_result,miss
project_c7f48083e2978a98,delhi_ncr,Amrapali Centurian Park Terrace Homes,Noida Extension,201009.0,validated_candidate_geocode,"Amrapali Centurian Park Terrace Homes, Noida Extension, 201009.0, Delhi NCR, India",,,,False,no_osm_result,miss
project_91b3062e9fca9c20,delhi_ncr,True Habitat BODH 79,Sector 79,122004.0,validated_candidate_geocode,"True Habitat BODH 79, Sector 79, 122004.0, Delhi NCR, India",,,,False,no_osm_result,miss
project_b658e6e32f371653,delhi_ncr,Whispering Heights,Sector 88,121002.0,validated_candidate_geocode,"Whispering Heights, Sector 88, 121002.0, Delhi NCR, India",,,,False,no_osm_result,miss
project_7ca4dfade60ebd23,delhi_ncr,Annika MCC Signature Heights,Raj Nagar Extension,201003.0,validated_candidate_geocode,"Annika MCC Signature Heights, Raj Nagar Extension, 201003.0, Delhi NCR, India",,,,False,no_osm_result,miss
project_9240a04ff1d7cafc,delhi_ncr,Mahagun Mantraa,Noida Extension,201009.0,unmapped,"Mahagun Mantraa, Noida Extension, 201009.0, Delhi NCR, India",,,,False,no_osm_result,miss
project_d0088d0c73285851,delhi_ncr,Dwarikaraj Raj Garden City,Raj Nagar Extension,201003.0,validated_candidate_geocode,"Dwarikaraj Raj Garden City, Raj Nagar Extension, 201003.0, Delhi NCR, India",,,,False,no_osm_result,miss
project_47bd1b6eb3609fa8,delhi_ncr,Tashee Capital Gateway,Sector 111,122017.0,validated_candidate_geocode,"Tashee Capital Gateway, Sector 111, 122017.0, Delhi NCR, India",,,,False,no_osm_result,miss
project_200fb3181c902753,delhi_ncr,Nipun Saffron Valley,Grand Trunk Road,201009.0,validated_candidate_geocode,"Nipun Saffron Valley, Grand Trunk Road, 201009.0, Delhi NCR, India",,,,False,no_osm_result,miss
project_34faad24ecf2d864,delhi_ncr,Orris Aster Court,Sector 85,122004.0,unmapped,"Orris Aster Court, Sector 85, 122004.0, Delhi NCR, India",,,,False,no_osm_result,miss
project_585f9ba96970f843,delhi_ncr,The Alien Court,Tronica City,201102.0,unmapped,"The Alien Court, Tronica City, 201102.0, Delhi NCR, India",,,,False,no_osm_result,miss
project_9579572e976948d9,delhi_ncr,SKA Divya Towers,Noida Extension,201009.0,unmapped,"SKA Divya Towers, Noida Extension, 201009.0, Delhi NCR, India",,,,False,no_osm_result,miss
project_fe80b01df178188f,delhi_ncr,Supertech Araville,Sector 79,122004.0,validated_candidate_geocode,"Supertech Araville, Sector 79, 122004.0, Delhi NCR, India",,,,False,no_osm_result,miss
project_26c6a59df39ed35e,delhi_ncr,Krisumi Waterfall Suites II,Sector 36A,122004.0,validated_candidate_geocode,"Krisumi Waterfall Suites II, Sector 36A, 122004.0, Delhi NCR, India",,,,False,no_osm_result,miss
project_894486bb6f66ed07,delhi_ncr,Shivsai Ozone Park Apartments,Sector 86,121002.0,validated_candidate_geocode,"Shivsai Ozone Park Apartments, Sector 86, 121002.0, Delhi NCR, India",,,,False,no_osm_result,miss
project_ef772ce3003ce47a,delhi_ncr,Gaur Homes,Govindpuram,201015.0,validated_candidate_geocode,"Gaur Homes, Govindpuram, 201015.0, Delhi NCR, India",,,,False,no_osm_result,miss
project_857e7483c944a649,delhi_ncr,MR Proview Officer City 2,Raj Nagar Extension,201003.0,validated_candidate_geocode,"MR Proview Officer City 2, Raj Nagar Extension, 201003.0, Delhi NCR, India",,,,False,no_osm_result,miss
project_dfa290840d409ed1,delhi_ncr,MGH Mulberry County,Sector 70,121004.0,validated_candidate_geocode,"MGH Mulberry County, Sector 70, 121004.0, Delhi NCR, India",,,,False,no_osm_result,miss
project_5ea33e236ec58f63,delhi_ncr,Grihapravesh Griha Pravesh,Sector 77,201301.0,validated_candidate_geocode,"Grihapravesh Griha Pravesh, Sector 77, 201301.0, Delhi NCR, India",,,,False,no_osm_result,miss
project_783851b4006e3eb7,delhi_ncr,Adore Presidential World,Sector 84,121002.0,validated_candidate_geocode,"Adore Presidential World, Sector 84, 121002.0, Delhi NCR, India",,,,False,no_osm_result,miss
project_3b5fa5ff4d3a779b,delhi_ncr,Saya Zion,Noida Extension,201009.0,unmapped,"Saya Zion, Noida Extension, 201009.0, Delhi NCR, India",,,,False,no_osm_result,miss
project_d7bac3de95ef5ea9,delhi_ncr,BPTP Resort,Sector 75,121002.0,validated_candidate_geocode,"BPTP Resort, Sector 75, 121002.0, Delhi NCR, India",,,,False,no_osm_result,miss
project_8828b3e029bc9986,delhi_ncr,Javin Raj Empire,Raj Nagar Extension,201003.0,validated_candidate_geocode,"Javin Raj Empire, Raj Nagar Extension, 201003.0, Delhi NCR, India",,,,False,no_osm_result,miss
project_378c5c72e8ed3a46,delhi_ncr,Galaxy Vega,Noida Extension,201009.0,validated_candidate_geocode,"Galaxy Vega, Noida Extension, 201009.0, Delhi NCR, India",,,,False,no_osm_result,miss
project_6c29374d83d54d75,delhi_ncr,Tashee Orion Galaxy,Sector 68,122101.0,validated_candidate_geocode,"Tashee Orion Galaxy, Sector 68, 122101.0, Delhi NCR, India",,,,False,no_osm_result,miss
project_81ad04f81a0f3352,delhi_ncr,Laboni Apartments,Crossings Republik,201016.0,validated_candidate_geocode,"Laboni Apartments, Crossings Republik, 201016.0, Delhi NCR, India",,,,False,no_osm_result,miss
project_e5c65bf478897d04,delhi_ncr,BPTP Park Generations,"Sector 37D, Delhi Gurgaon Expressway",122001.0,validated_candidate_geocode,"BPTP Park Generations, Sector 37D, Delhi Gurgaon Expressway, 122001.0, Delhi NCR, India",,,,False,no_osm_result,miss
project_3da57008863daabc,delhi_ncr,Divyansh Flora,Noida Extension,201009.0,validated_candidate_geocode,"Divyansh Flora, Noida Extension, 201009.0, Delhi NCR, India",,,,False,no_osm_result,miss
project_cd17831af5b79203,delhi_ncr,Solaris Flora Heritage,Noida Extension,201009.0,unmapped,"Solaris Flora Heritage, Noida Extension, 201009.0, Delhi NCR, India",,,,False,no_osm_result,miss
project_b5b99de221bd2c33,delhi_ncr,Wall Rock Gaur City II Aishwaryam,Noida Extension,201009.0,validated_candidate_geocode,"Wall Rock Gaur City II Aishwaryam, Noida Extension, 201009.0, Delhi NCR, India",,,,False,no_osm_result,miss
project_6a75ec5736e1c148,delhi_ncr,BPTP Park Elite Premium,Sector 84,121002.0,validated_candidate_geocode,"BPTP Park Elite Premium, Sector 84, 121002.0, Delhi NCR, India",,,,False,no_osm_result,miss
project_80f0706b881de634,delhi_ncr,Bankey Aggarwal Heights,Raj Nagar Extension,201003.0,validated_candidate_geocode,"Bankey Aggarwal Heights, Raj Nagar Extension, 201003.0, Delhi NCR, India",,,,False,no_osm_result,miss
project_717ee3313823887c,delhi_ncr,Unitech Unihomes 2,Sector 117,201304.0,validated_candidate_geocode,"Unitech Unihomes 2, Sector 117, 201304.0, Delhi NCR, India",,,,False,no_osm_result,miss
project_46e895358bc11d70,delhi_ncr,Renowned Lotus Villas,Noida Extension,201009.0,unmapped,"Renowned Lotus Villas, Noida Extension, 201009.0, Delhi NCR, India",,,,False,no_osm_result,miss
project_606d40d71e2ea76e,delhi_ncr,Wave Floors,National Highway 24,201015.0,validated_candidate_geocode,"Wave Floors, National Highway 24, 201015.0, Delhi NCR, India",,,,False,no_osm_result,miss
