rank,hex_id,name,final_affluence_score,affluence_tier,spatial_relation,confidence_score,countable_family_tam,direct_family_tam,direct_total_units,direct_luxury_society_tam,conservative_50l_plus_family_tam,conservative_50l_plus_share_of_direct_tam,estimated_40l_plus_family_tam_linear_25_50_split,estimated_40l_plus_share_linear_25_50_split,nearby_family_tam_weighted_context,society_cluster_tam_weighted_context_not_counted,market_price_per_sqft,refined_budget_segment,premium_candidate_score,rental_yield_pct,yearly_appreciation_pct,society_score,society_cluster_score,hospital_score,market_score,sez_workplace_score,habitability_score,habitability_class,habitable_for_residential_tam,societies_direct_count,societies_nearby_count,society_cluster_project_count,hospitals_nearby_count,top_societies,top_hospitals,quality_flags
1,87618921dffffff,Hagaduru,84.0568,Very High Affluence,local_signal,1.0,0.0,16592.0,16592.0,16592.0,0.0,0.0,0.0,0.0,17919.15,21738.47,11886.256119673619,Ultra Premium,0.6753790463627243,3.0,17.6,0.851491,1.0,0.729698,0.962819,0.841902,0.781218,dense_habitable,True,120,200,249,51,"Divyasree Republic of Whitefield (Ultra Luxury, TAM 1,306) | Folium By Sumadhura Phase III (Ultra Luxury, TAM 1,280) | Sumadhura Folium (Ultra Luxury, TAM 1,280) | Folium By Sumadhura Phase I (Ultra Luxury, TAM 480) | Brigade Cosmopolis (Elite Luxury, TAM 705)","Aster Women & Children Hospital (Ultra Premium, 7.7 min) | Aster Whitefield Hospital (Ultra Premium, 7.7 min) | RxDx Healthcare (Ultra Premium, 8.8 min) | Kauvery Hospital (Ultra Premium, 10.0 min) | Cloudnine Hospital (Super Premium, 4.6 min)",
2,8761892c8ffffff,Kempapura-Byatarayanapura,82.6674,Very High Affluence,local_signal,1.0,0.0,5693.0,5693.0,5693.0,0.0,0.0,0.0,0.0,5979.82,7325.78,10088.12420262664,Premium,0.5547177889524202,3.161290322580645,14.245454545454544,0.846411,0.965887,0.797466,0.870667,0.883828,0.907807,dense_habitable,True,41,73,124,109,"Godrej Woodsman Estate (Ultra Luxury, TAM 924) | Prestige Misty Waters (Ultra Luxury, TAM 558) | DRA Misty Waters (Elite Luxury, TAM 558) | Embassy Lake Terraces (Elite Luxury, TAM 467) | The Formist Mandala (Ultra Luxury, TAM 245)","Aster CMI Hospital (Ultra Premium, 6.1 min) | Mind and Brain hospital (Ultra Premium, 7.2 min) | Trilife Hospital (Ultra Premium, 11.9 min) | Cloudnine Hospital - HRBR (Ultra Premium, 13.0 min) | People Tree Hospitals (Ultra Premium, 15.7 min)",
3,87618920affffff,Kundalahalli-AECS Layout E Block,78.729,High Affluence,local_signal,1.0,0.0,6798.0,6798.0,6798.0,0.0,0.0,0.0,0.0,7783.26,11826.41,8497.370431893687,Premium Candidate,0.13755772820467732,2.3303571428571432,14.629867256637167,0.848378,0.998825,0.810647,0.652067,0.835812,0.747427,habitable,True,30,86,187,74,"Sumadhura Edition (Ultra Luxury, TAM 1,650) | Divyasree Republic Of Whitefield (Ultra Luxury, TAM 1,300) | Sumadhura Solace (Elite Luxury, TAM 777) | Citilights Knightsbridge (Ultra Luxury, TAM 308) | Sumadura LNR Lake Breeze (Ultra Luxury, TAM 192)","Kauvery Hospital (Ultra Premium, 4.1 min) | RxDx Healthcare (Ultra Premium, 6.7 min) | Brookefield Hospital (Ultra Premium, 2.0 min) | Kinder Women's Hospital and Fertility Centre (Ultra Premium, 7.3 min) | Aster Women & Children Hospital (Ultra Premium, 10.9 min)",
4,8761892ceffffff,Thanisandra-Jakkur,77.4046,High Affluence,local_signal,1.0,0.0,5031.0,5031.0,5031.0,0.0,0.0,0.0,0.0,5390.03,6717.57,6213.456140350877,Premium,0.3113619884944747,,38.3,0.819665,0.949023,0.796387,0.51721,1.0,0.757465,dense_habitable,True,17,38,97,103,"G Corp The Icon (Elite Luxury, TAM 1,140) | Lodha Mirabelle (Ultra Luxury, TAM 437) | Embassy Astra (Elite Luxury, TAM 620) | Lodha Mirabelle Phase 2 (Ultra Luxury, TAM 284) | Manyata Residency (Elite Luxury, TAM 450)","Trilife Hospital (Ultra Premium, 10.1 min) | Aster CMI Hospital (Ultra Premium, 12.9 min) | Cloudnine Hospital - HRBR (Ultra Premium, 11.2 min) | Cloudnine Hospital (Super Premium, 3.6 min) | Shishuka Children's Specialty Hospital (Ultra Premium, 8.8 min)",
5,8761892d9ffffff,Sampigehalli-Akash Ward,76.3121,High Affluence,local_signal,0.9333,0.0,2656.0,2656.0,2656.0,0.0,0.0,0.0,0.0,2988.9,4656.71,10450.0,Premium Candidate,0.33684539898410065,3.0,1.0,0.747939,0.900535,0.617701,0.708577,1.0,0.4382,sparse_habitable,True,19,57,102,58,"Mana Verdant (Ultra Luxury, TAM 484) | Down By The Water (Elite Luxury, TAM 602) | Bollineni Astra (Super Luxury, TAM 199) | Jakkur  Pelican Gardens (Elite Luxury, TAM 133) | Vivek Marvel (Premium Luxury, TAM 220)","Aster CMI Hospital (Ultra Premium, 14.1 min) | Maarga (Ultra Premium, 10.3 min) | Regal Hospital (Super Premium, 6.3 min) | Mind and Brain hospital (Ultra Premium, 14.3 min) | Manipal Hospital (Super Premium, 8.9 min)",
6,876189272ffffff,Chikkakanneli-Gunjur,75.4356,High Affluence,local_signal,0.9,0.0,8705.0,8705.0,8705.0,0.0,0.0,0.0,0.0,9297.35,11549.53,10063.868852459014,Mid-Segment,0.1684989494639561,4.0,10.024342105263159,0.846852,0.985172,0.82683,0.683922,0.593065,0.649691,habitable,True,21,41,86,93,"Adarsh Palm Retreat (Elite Luxury, TAM 2,800) | SJR Primecorp Palazza City (Ultra Luxury, TAM 988) | Adarsh Palm Retreat Tower II (Ultra Luxury, TAM 504) | SJR Palazza City (Elite Luxury, TAM 988) | Mana Verdant Terraces (Ultra Luxury, TAM 318)","Sakra World Hospital (Ultra Premium, 6.8 min) | Belenus Champion Hospital (Ultra Premium, 3.5 min) | Manipal Hospital (Ultra Premium, 8.2 min) | Cloudnine Hospital (Ultra Premium, 9.5 min) | Apollo Clinic (Ultra Premium, 7.7 min)",
7,8761892caffffff,Jakkur-Amruthahalli,75.4186,High Affluence,core_cluster,1.0,0.0,2291.0,2291.0,2291.0,0.0,0.0,0.0,0.0,2708.3,5330.11,9052.686746987953,Mid-Segment,0.03360007327855049,2.0,54.9,0.782051,0.955208,0.755032,0.513368,0.965123,0.740185,habitable,True,27,68,136,90,"Sobha HRC Pristine (Ultra Luxury, TAM 395) | Brigade Laguna (Ultra Luxury, TAM 212) | Century Astoria (Elite Luxury, TAM 334) | Assetz Soho & Sky (Ultra Luxury, TAM 114) | Unishire Premia (Ultra Luxury, TAM 78)","Aster CMI Hospital (Ultra Premium, 7.6 min) | Mind and Brain hospital (Ultra Premium, 7.9 min) | Maarga (Ultra Premium, 9.8 min) | Trilife Hospital (Ultra Premium, 14.1 min) | Medstar Speciality Hospital (Ultra Premium, 7.3 min)",
8,876189218ffffff,Belathur-S.M Krishna Ward,75.1568,High Affluence,local_signal,1.0,0.0,5588.0,5588.0,5588.0,0.0,0.0,0.0,0.0,6256.05,9992.47,6662.661207778915,Mid-Segment,0.03980707860771887,3.0,10.592307692307692,0.849598,1.0,0.686207,0.514118,0.841968,0.61279,habitable,True,40,90,201,42,"Mahindra Blossom (Ultra Luxury, TAM 735) | Alembic Cloud Forest (Elite Luxury, TAM 1,330) | Sumadhura Capitol Residences (Ultra Luxury, TAM 405) | Prestige Park View (Ultra Luxury, TAM 376) | Sobha Habitech (Elite Luxury, TAM 318)","Aster Women & Children Hospital (Ultra Premium, 7.2 min) | Aster Whitefield Hospital (Ultra Premium, 7.2 min) | RxDx Healthcare (Ultra Premium, 10.8 min) | Kinder Women's Hospital and Fertility Centre (Ultra Premium, 12.4 min) | Kauvery Hospital (Ultra Premium, 14.9 min)",
9,8761892ddffffff,Sampigehalli-Jakkur,74.9331,High Affluence,local_signal,1.0,0.0,5046.0,5046.0,5046.0,0.0,0.0,0.0,0.0,6008.28,8366.96,5509.158215010142,Mid-Segment,0.011381467968489451,2.6666666666666665,4.266666666666667,0.840072,0.991472,0.697268,0.431493,0.972071,0.678609,habitable,True,20,42,93,76,"Sobha City (Ultra Luxury, TAM 1,762) | Bhartiya Nikoo Homes V Phase 2 (Ultra Luxury, TAM 1,136) | SNN Estates Felicity (Ultra Luxury, TAM 580) | Sumadhura Solea (Ultra Luxury, TAM 233) | Elegant Aura (Ultra Luxury, TAM 90)","Regal Hospital (Super Premium, 2.5 min) | Cloudnine Hospital (Super Premium, 4.1 min) | Trilife Hospital (Ultra Premium, 14.7 min) | Aster CMI Hospital (Ultra Premium, 17.5 min) | Cloudnine Hospital - HRBR (Ultra Premium, 15.8 min)",
10,876189276ffffff,Kodathi,74.904,High Affluence,independent_anchor,0.8333,0.0,5814.0,5814.0,5626.0,0.0,0.0,0.0,0.0,6383.35,7527.18,12077.455947136565,Mid-Segment,0.3789950615297324,,10.1,0.832281,0.948843,0.722794,0.785134,0.647877,0.454485,sparse_habitable,True,12,24,31,63,"Sobha Pavilion (Ultra Luxury, TAM 1,284) | Godrej Lakeside Orchard (Ultra Luxury, TAM 875) | EAST PARK RESIDENCES (Ultra Luxury, TAM 497) | Skanda Avani (Elite Luxury, TAM 376) | JR Greenwich (Ultra Luxury, TAM 170)","Belenus Champion Hospital (Ultra Premium, 3.0 min) | Manipal Hospital (Ultra Premium, 11.3 min) | Sakra World Hospital (Ultra Premium, 13.5 min) | Cloudnine Hospital (Ultra Premium, 12.6 min) | Apollo Clinic (Ultra Premium, 13.5 min)",
11,876016966ffffff,Yelahanka Old Town,74.8733,High Affluence,local_signal,1.0,0.0,2319.0,2319.0,2319.0,0.0,0.0,0.0,0.0,2753.23,4167.38,9762.380818619582,Mid-Segment,0.22940557323870273,3.0,18.3,0.728848,0.867254,0.593336,0.771586,0.952387,0.661505,habitable,True,15,34,93,57,"Brigade Insignia (Elite Luxury, TAM 379) | Century Breeze (Super Luxury, TAM 304) | Kendriya Vihar (Premium Luxury, TAM 650) | SLV Golden Towers (Premium Luxury, TAM 242) | Concorde Mayfair (Premium Luxury, TAM 217)","Maarga (Ultra Premium, 4.6 min) | Manipal Hospital (Super Premium, 3.8 min) | Aster CMI Hospital (Ultra Premium, 15.4 min) | Mind and Brain hospital (Ultra Premium, 12.1 min) | Medstar Speciality Hospital (Ultra Premium, 11.5 min)",
12,876189209ffffff,Panathur,74.7134,High Affluence,local_signal,0.9333,0.0,3645.0,3645.0,3645.0,0.0,0.0,0.0,0.0,4253.97,8124.35,6859.477611940298,Premium,0.43919165516458214,2.0,34.73731343283582,0.80667,0.98952,0.847045,0.577991,0.761996,0.690656,habitable,True,31,44,75,101,"Prestige Green Gables (Ultra Luxury, TAM 406) | Prestige Sunnyside (Ultra Luxury, TAM 400) | Prestige Ivy Terraces (Ultra Luxury, TAM 315) | Krishvi Gavakshi (Ultra Luxury, TAM 304) | Vaswani Reserve (Elite Luxury, TAM 232)","Sakra World Hospital (Ultra Premium, 4.7 min) | Apollo Clinic (Ultra Premium, 5.6 min) | Cloudnine Hospital (Ultra Premium, 9.0 min) | Manipal Hospital (Ultra Premium, 10.2 min) | Kauvery Hospital (Ultra Premium, 9.0 min)",
13,87618920dffffff,Panathur,74.6287,High Affluence,local_signal,0.8333,0.0,1449.0,1449.0,1449.0,0.0,0.0,0.0,0.0,2184.66,8065.31,12280.168539325843,Premium,0.7076113446633606,2.0,,0.727506,0.974747,0.739116,0.818464,0.806329,0.260824,sparse_habitable,True,2,19,74,67,"The Adwaith By Sanjeevini (Ultra Luxury, TAM 668) | DSR Parkway (Premium Luxury, TAM 781) | Sobha Neopolis (Ultra Luxury, TAM 1,875) | Mana Verdant Terraces (Ultra Luxury, TAM 318) | DSR Eden Greens (Super Luxury, TAM 166)","Belenus Champion Hospital (Ultra Premium, 4.1 min) | Sakra World Hospital (Ultra Premium, 13.9 min) | Manipal Hospital (Ultra Premium, 13.6 min) | Cloudnine Hospital (Ultra Premium, 14.9 min) | Kauvery Hospital (Ultra Premium, 12.6 min)",
14,876189208ffffff,Panathur,73.7949,High Affluence,local_signal,0.8667,0.0,18307.0,18307.0,18307.0,0.0,0.0,0.0,0.0,18765.33,21946.34,6392.0,Premium,0.4162416454245923,4.0,0.8,0.826589,0.990168,0.802804,0.536902,0.698645,0.485052,sparse_habitable,True,15,40,102,74,"Sobha Rain Forest (Ultra Luxury, TAM 6,500) | Sobha Neopolis (Ultra Luxury, TAM 1,875) | Sobha Gateway of Dreams (Premium Luxury, TAM 6,500) | Vaswani Menlo Park (Ultra Luxury, TAM 304) | Sobha Sentosa (Super Luxury, TAM 739)","Kauvery Hospital (Ultra Premium, 4.7 min) | Sakra World Hospital (Ultra Premium, 9.2 min) | RxDx Healthcare (Ultra Premium, 11.1 min) | Apollo Clinic (Ultra Premium, 10.4 min) | Brookefield Hospital (Ultra Premium, 6.4 min)",
15,87618925effffff,Ejipura-Sri Lakshmi Devi Ward,71.9542,High Affluence,local_signal,1.0,0.0,3084.0,3084.0,3084.0,0.0,0.0,0.0,0.0,3226.15,4459.24,13086.153846153846,Mixed/Diverse,0.4864716891764182,3.0,33.9,0.758511,0.893993,0.933812,0.684059,0.595251,0.835381,dense_habitable,True,21,55,168,172,"KHB National Games Village (Ultra Luxury, TAM 2,534) | Naveen Terraces (Ultra Luxury, TAM 50) | Prabhavathi Classic (Ultra Luxury, TAM 40) | Teams Royal (Ultra Luxury, TAM 40) | Sri Renuka Enclave (Ultra Luxury, TAM 35)","Vikram Aura Hospital (Ultra Premium, 5.8 min) | Apollo Spectra Hospitals (Ultra Premium, 6.1 min) | Apollo Cradle & Children’s Hospital (Ultra Premium, 4.8 min) | Manipal Hospitals Old Airport Road (Ultra Premium, 11.8 min) | Sita Bhateja Specialty Hospital (Ultra Premium, 8.2 min)",
16,876016964ffffff,Byatarayanapura-Nyayanga Badavane,71.8574,High Affluence,local_signal,1.0,0.0,3464.0,3464.0,3464.0,0.0,0.0,0.0,0.0,3933.78,5227.54,11860.287292817678,Premium,0.579626204908063,,26.1,0.776762,0.912139,0.665924,0.782029,0.575613,0.498913,sparse_habitable,True,22,54,89,76,"Brigade Eternia (Elite Luxury, TAM 1,124) | L and T Elara Celestia (Elite Luxury, TAM 630) | RMZ Galleria (Elite Luxury, TAM 322) | Project By Sobha (Elite Luxury, TAM 294) | Legacy Cirocco (Elite Luxury, TAM 94)","Maarga (Ultra Premium, 4.3 min) | Aster CMI Hospital (Ultra Premium, 9.6 min) | Mind and Brain hospital (Ultra Premium, 9.8 min) | Manipal Hospital (Super Premium, 6.8 min) | Medstar Speciality Hospital (Ultra Premium, 9.2 min)",
17,87618926affffff,Yelenahalli-Doddakammanahalli,71.5312,High Affluence,local_signal,1.0,0.0,5034.0,5034.0,5034.0,0.0,0.0,0.0,0.0,5155.71,6358.58,7167.237885462555,Premium Candidate,0.2750467185273614,1.0,1.1761467889908255,0.794748,0.921213,0.721023,0.590471,0.808363,0.493789,sparse_habitable,True,13,19,33,91,"Prestige Song of the South (Elite Luxury, TAM 1,733) | Serenity Gardens by SNN Estates (Ultra Luxury, TAM 594) | Valmark Cityville (Elite Luxury, TAM 544) | Casagrand Hazen (Premium Luxury, TAM 622) | Puravankara The Sound of Water (Elite Luxury, TAM 207)","Apollo Hospital (Ultra Premium, 9.4 min) | Fortis Hospital (Ultra Premium, 9.6 min) | Aster RV Hospital (Ultra Premium, 15.0 min) | Cadabams Hospitals (Ultra Premium, 13.8 min) | Chirag Global Hospitals (Ultra Premium, 11.3 min)",
18,87618921cffffff,Hagaduru-Channasandra,71.1266,High Affluence,local_signal,1.0,0.0,5127.0,5127.0,5127.0,0.0,0.0,0.0,0.0,5707.06,8100.09,5493.134920634921,Mid-Segment,0.008816221201168185,3.6916890080428955,7.0383720930232565,0.842577,0.995164,0.590151,0.427556,0.896824,0.631161,habitable,True,46,94,175,32,"Sobha Windsor (Elite Luxury, TAM 739) | DSR Evoq (Super Luxury, TAM 724) | Ankuraa Pristine Park (Ultra Luxury, TAM 171) | Prestige Elm Park (Elite Luxury, TAM 192) | DSR Sunrise Towers (Super Luxury, TAM 228)","Aster Women & Children Hospital (Ultra Premium, 10.7 min) | Aster Whitefield Hospital (Ultra Premium, 10.7 min) | RxDx Healthcare (Ultra Premium, 14.3 min) | Kinder Women's Hospital and Fertility Centre (Ultra Premium, 15.9 min) | Kauvery Hospital (Ultra Premium, 16.2 min)",
19,8761892edffffff,Agaram,71.0342,High Affluence,local_signal,1.0,0.0,1706.0,1706.0,1706.0,0.0,0.0,0.0,0.0,1800.15,2765.19,9721.328075709778,Premium,0.4821485523339019,2.0,24.699999999999996,0.702016,0.809337,0.942408,0.640479,0.756716,0.860862,dense_habitable,True,38,72,144,180,"Indus Signature (Elite Luxury, TAM 350) | Gopalan Admiralty Square (Elite Luxury, TAM 212) | Novel Nests Edge Water (Premium Luxury, TAM 400) | Gopalan Admiralty Avenue (Elite Luxury, TAM 75) | Gopalan Admirality Court (Ultra Luxury, TAM 48)","Vikram Aura Hospital (Ultra Premium, 4.7 min) | Manipal Hospitals Old Airport Road (Ultra Premium, 7.1 min) | Cloudnine Hospital - Whitefield (Ultra Premium, 6.3 min) | Manipal Clinic Indiranagar (Ultra Premium, 3.6 min) | Sita Bhateja Specialty Hospital (Ultra Premium, 7.2 min)",
20,876189219ffffff,Bharath Aikya Ward-S.M Krishna Ward,70.9248,High Affluence,local_signal,1.0,0.0,7776.0,7776.0,7776.0,0.0,0.0,0.0,0.0,8545.55,12663.81,4443.4192439862545,Premium Candidate,0.20029684914326812,,17.802542372881355,0.832117,0.996264,0.789356,0.408666,0.670495,0.57708,habitable,True,19,63,188,65,"Prestige Shantiniketan (Elite Luxury, TAM 3,002) | Total Environment Pursuit of a Radical Rhapsody (Elite Luxury, TAM 1,440) | Brigade Begonia (Super Luxury, TAM 880) | Total Windmills Of Your Mind (Elite Luxury, TAM 405) | Embassy East Avenue (Elite Luxury, TAM 393)","Aster Women & Children Hospital (Ultra Premium, 1.2 min) | Aster Whitefield Hospital (Ultra Premium, 1.2 min) | Kinder Women's Hospital and Fertility Centre (Ultra Premium, 6.4 min) | RxDx Healthcare (Ultra Premium, 9.1 min) | Medicover Hospitals - Bangalore (Mid-Premium, 2.6 min)",
21,8761892e6ffffff,Hoodi-Basavanapura,70.1609,High Affluence,local_signal,1.0,0.0,2029.0,2029.0,2029.0,0.0,0.0,0.0,0.0,2727.89,5376.89,10210.0,Premium,0.4527729569397699,3.0,22.4,0.734214,0.939892,0.793525,0.785942,0.560719,0.797434,dense_habitable,True,10,29,56,77,"Godrej United (Elite Luxury, TAM 512) | Vinay Galaxy (Super Luxury, TAM 300) | Gopalan Grandeur (Premium Luxury, TAM 558) | Sumadhura Pranavam MTB (Super Luxury, TAM 198) | Srimitra Symphony (Super Luxury, TAM 116)","Aster Women & Children Hospital (Ultra Premium, 6.0 min) | Aster Whitefield Hospital (Ultra Premium, 6.0 min) | Kinder Women's Hospital and Fertility Centre (Ultra Premium, 5.1 min) | RxDx Healthcare (Ultra Premium, 7.8 min) | Cloudnine Hospital - Whitefield (Ultra Premium, 14.9 min)",
22,876189242ffffff,HSR Layout,69.8955,Upper-Mid / Emerging Affluence,local_signal,1.0,0.0,2141.0,2141.0,2141.0,0.0,0.0,0.0,0.0,2309.65,3236.06,12772.248580399493,Mid-Segment,0.39241980121382947,1.995913084939718,34.79477406124036,0.692816,0.83847,0.899872,0.826858,0.522215,0.954012,dense_habitable,True,9,29,88,133,"Salarpuria Sattva Greenage (Elite Luxury, TAM 1,676) | Home Space The Green (Ultra Luxury, TAM 154) | Gruha Kalyan Gladiolus (Elite Luxury, TAM 102) | Vandana Grand Apartment (Ultra Luxury, TAM 60) | Lumbini Residency (Ultra Luxury, TAM 36)","Greenview Medical Center (Ultra Premium, 1.9 min) | Lotus Multispeciality Center (Ultra Premium, 3.4 min) | Cloudnine Hospital (Ultra Premium, 8.7 min) | Apollo Spectra Hospitals (Ultra Premium, 8.5 min) | Aster RV Hospital (Ultra Premium, 12.1 min)",
23,876189253ffffff,Kodihalli-Domluru,69.775,Upper-Mid / Emerging Affluence,local_signal,1.0,0.0,4839.0,4839.0,4839.0,0.0,0.0,0.0,0.0,4945.09,5858.79,6251.257246376812,Premium Candidate,0.015016610474405296,3.4918032786885247,10.9,0.806175,0.90761,0.891701,0.566431,0.533328,0.775647,dense_habitable,True,40,60,135,145,"Sap Kyros Sun City Apartments (Ultra Luxury, TAM 1,830) | Ferns Paradise (Ultra Luxury, TAM 440) | India Golden Enclave Apartments (Ultra Luxury, TAM 250) | Ranka Heights (Super Luxury, TAM 350) | Prestige Casablanca (Elite Luxury, TAM 210)","Manipal Hospitals Old Airport Road (Ultra Premium, 9.5 min) | Apollo Spectra Hospitals (Ultra Premium, 7.5 min) | Vikram Aura Hospital (Ultra Premium, 12.7 min) | Apollo Cradle & Children’s Hospital (Ultra Premium, 8.0 min) | Cloudnine Hospital - Whitefield (Ultra Premium, 12.0 min)",
24,8760145b3ffffff,Nalwadi Krishnaraja Wadiyar Ward-Malleshwaram,68.9597,Upper-Mid / Emerging Affluence,local_signal,1.0,0.0,5042.0,5042.0,5042.0,0.0,0.0,0.0,0.0,5107.26,5495.03,8339.782278481012,Mid-Segment,0.23932751939727306,2.0232558139534884,1.9,0.798317,0.865416,0.903348,0.627478,0.441852,0.961642,dense_habitable,True,68,133,190,137,"Brigade Gateway (Ultra Luxury, TAM 1,200) | Phoenix One Bangalore West (Elite Luxury, TAM 786) | Phoenix Kessaku (Elite Luxury, TAM 781) | Assetz 22 & Crest (Ultra Luxury, TAM 197) | Assetz Lumos (Ultra Luxury, TAM 143)","People Tree Hospitals (Ultra Premium, 6.0 min) | Manipal Hospital Malleshwaram (Super Premium, 2.6 min) | Cloudnine Hospital (Premium, 1.6 min) | RxDx Healthcare (Ultra Premium, 1.7 min) | Manipal Hospital, Millers Road ( Vikram Hospitals ) (Ultra Premium, 10.0 min)",
25,87618924affffff,Sarakki-Kumaraswamy Layout,68.2425,Upper-Mid / Emerging Affluence,local_signal,1.0,0.0,4091.0,4091.0,1891.0,0.0,0.0,0.0,0.0,4177.13,4992.84,11874.23157894737,Mixed/Diverse,0.2670020240782436,2.0,26.779620379620383,0.742949,0.84146,0.901115,0.700673,0.45916,0.984684,dense_habitable,True,20,44,112,144,"Shriram Southern Crest (Ultra Luxury, TAM 338) | Vaishnavi At One Krishna Brindavan (Elite Luxury, TAM 359) | Sobha Dew Flower (Elite Luxury, TAM 231) | Abhigna Misty Woods (Ultra Luxury, TAM 128) | Total Environment Learning To Fly (Elite Luxury, TAM 202)","Aster RV Hospital (Ultra Premium, 1.6 min) | Cloudnine Hospital - Jayanagar (Ultra Premium, 6.6 min) | Cadabams Hospitals (Ultra Premium, 3.5 min) | Fortis Hospital (Ultra Premium, 7.3 min) | Apollo Hospital (Ultra Premium, 7.9 min)",
26,876189254ffffff,Bellanduru,67.1173,Upper-Mid / Emerging Affluence,local_signal,0.8667,0.0,4431.0,4431.0,4431.0,0.0,0.0,0.0,0.0,5053.3,7198.46,5468.0,Premium,0.4471348985276562,3.0,13.2,0.824742,0.975291,0.901568,0.432689,0.43089,0.694639,habitable,True,19,41,85,125,"Sterling Ascentia (Ultra Luxury, TAM 392) | Sobha Iris (Ultra Luxury, TAM 336) | Adarsh Palm Retreat Lakefront (Elite Luxury, TAM 507) | Springfield Apartments (Super Luxury, TAM 550) | Divyasree Elan (Elite Luxury, TAM 380)","Sakra World Hospital (Ultra Premium, 2.9 min) | Apollo Clinic (Ultra Premium, 0.6 min) | Cloudnine Hospital (Ultra Premium, 3.9 min) | Manipal Hospital (Ultra Premium, 5.1 min) | Cloudnine Hospital (Super Premium, 1.8 min)",
27,8761892ccffffff,Hennur-Lingarajpura,66.9781,Upper-Mid / Emerging Affluence,local_signal,1.0,0.0,700.0,700.0,700.0,0.0,0.0,0.0,0.0,939.93,2228.42,19620.02043269231,Premium Candidate,0.48979898670898925,,,0.619292,0.8067,0.856904,0.737657,0.636331,0.986551,dense_habitable,True,8,30,108,128,"Embassy Pristine (Elite Luxury, TAM 424) | DreamzGK DREAMZ SWADHYA (Super Luxury, TAM 108) | Akshay Orchid (Elite Luxury, TAM 72) | Premier Solitude (Elite Luxury, TAM 32) | Krishna Apartment (Elite Luxury, TAM 20)","Trilife Hospital (Ultra Premium, 6.8 min) | Shishuka Children's Specialty Hospital (Ultra Premium, 3.6 min) | Aster CMI Hospital (Ultra Premium, 11.1 min) | Cloudnine Hospital - HRBR (Ultra Premium, 8.4 min) | Cura Hospitals (Ultra Premium, 5.2 min)",
28,87618921affffff,Belathur,66.522,Upper-Mid / Emerging Affluence,local_signal,0.8667,0.0,11384.0,11384.0,11384.0,0.0,0.0,0.0,0.0,11829.17,13171.99,5797.0,Mid-Segment,0.0,3.0,22.399999999999995,0.839426,0.964996,0.518401,0.4151,0.628809,0.549151,habitable,True,38,66,81,31,"Pavani Mirabilia (Ultra Luxury, TAM 1,685) | Prestige Park Grove (Elite Luxury, TAM 3,715) | AWHO Sandeep Vihar (Elite Luxury, TAM 1,524) | Assetz Marq 3.0 (Ultra Luxury, TAM 384) | Sterling Villa Grande (Elite Luxury, TAM 317)","Aster Women & Children Hospital (Ultra Premium, 13.7 min) | Aster Whitefield Hospital (Ultra Premium, 13.7 min) | RxDx Healthcare (Ultra Premium, 17.2 min) | Kinder Women's Hospital and Fertility Centre (Ultra Premium, 18.9 min) | Kauvery Hospital (Ultra Premium, 19.1 min)",
29,876189255ffffff,Iblur-Agaram,66.5136,Upper-Mid / Emerging Affluence,local_signal,0.9333,0.0,2685.0,2685.0,2685.0,0.0,0.0,0.0,0.0,3071.76,4555.9,11175.956221198157,Mid-Segment,0.2692650368915649,3.0,17.5,0.750576,0.887941,0.902654,0.628188,0.390734,0.582073,habitable,True,13,36,93,134,"Corporate Suncity Apartments (Premium Luxury, TAM 1,250) | Sterling Infinia (Elite Luxury, TAM 344) | Mantri Flora (Super Luxury, TAM 165) | SJR Park Vista (Premium Luxury, TAM 298) | SJR Eastwood (Elite Luxury, TAM 110)","Lotus Multispeciality Center (Ultra Premium, 1.8 min) | Cloudnine Hospital (Ultra Premium, 5.9 min) | Greenview Medical Center (Ultra Premium, 5.4 min) | Sai Thunga Hospitals (Ultra Premium, 2.4 min) | Sakra World Hospital (Ultra Premium, 9.3 min)",
30,8761892dbffffff,Kogilu,66.4547,Upper-Mid / Emerging Affluence,local_signal,0.9333,0.0,2600.0,2600.0,2255.0,0.0,0.0,0.0,0.0,2869.65,3936.92,9975.566734279919,Mid-Segment,0.2043663458506812,3.0,4.2,0.723005,0.853091,0.519685,0.745823,0.536588,0.648715,habitable,True,18,35,54,44,"Godrej Aveline (Ultra Luxury, TAM 800) | Vajram Vivera (Ultra Luxury, TAM 343) | Sai North Woods (Premium Luxury, TAM 262) | Shelton (Premium Luxury, TAM 260) | Samruddhi North Square (Premium Luxury, TAM 148)","Manipal Hospital (Super Premium, 5.3 min) | Maarga (Ultra Premium, 10.3 min) | Aster CMI Hospital (Ultra Premium, 20.3 min) | Mind and Brain hospital (Ultra Premium, 17.5 min) | Regal Hospital (Super Premium, 11.6 min)",
31,87618925affffff,Ashokanagar-Sampangirama Nagar,66.171,Upper-Mid / Emerging Affluence,local_signal,1.0,0.0,1482.0,1482.0,1482.0,0.0,0.0,0.0,0.0,1631.43,2134.71,15550.110674525216,Ultra Premium,0.6690294845359852,2.0,9.6,0.684961,0.758164,0.928466,0.86833,0.217402,0.845128,dense_habitable,True,45,79,132,181,"Manish Complex (Ultra Luxury, TAM 100) | Fortius Infra (Super Luxury, TAM 220) | Tekton Kenwood Park (Super Luxury, TAM 145) | kumar ashraya (Ultra Luxury, TAM 60) | Prestige The Elgin (Ultra Luxury, TAM 54)","Vikram Aura Hospital (Ultra Premium, 7.5 min) | Sita Bhateja Specialty Hospital (Ultra Premium, 5.1 min) | Apollo Spectra Hospitals (Ultra Premium, 8.7 min) | Cloudnine Hospital - Jayanagar (Ultra Premium, 11.0 min) | HCG  - The Specialist in Cancer Care (Ultra Premium, 7.2 min)",
32,8761892cbffffff,Byatarayanapura,66.0578,Upper-Mid / Emerging Affluence,local_signal,1.0,0.0,2480.0,2480.0,2480.0,0.0,0.0,0.0,0.0,2973.55,4534.09,6736.0,Mid-Segment,0.06040309948062087,3.0,,0.759359,0.91503,0.776341,0.485009,0.534125,0.812445,dense_habitable,True,15,43,115,99," L&T Raintree Boulevard (Elite Luxury, TAM 1,088) | Century Ethos (Elite Luxury, TAM 373) | L&T Olivia at Raintree Boulevard (Elite Luxury, TAM 165) | Godrej Platinum (Elite Luxury, TAM 135) | Esteem Gardenia (Elite Luxury, TAM 128)","Aster CMI Hospital (Ultra Premium, 1.9 min) | Mind and Brain hospital (Ultra Premium, 1.7 min) | Medstar Speciality Hospital (Ultra Premium, 1.1 min) | People Tree Hospitals (Ultra Premium, 13.9 min) | Maarga (Ultra Premium, 10.7 min)",
33,876189273ffffff,Halanayakanahalli-Kasavanahalli,65.8459,Upper-Mid / Emerging Affluence,local_signal,1.0,0.0,4832.0,4832.0,4832.0,0.0,0.0,0.0,0.0,5277.53,7359.29,8107.636085626911,Premium,0.3047765013695179,2.536,6.05474006116208,0.846465,0.974178,0.832834,0.644978,0.064258,0.669926,habitable,True,22,46,80,102,"KEYA THE URBAN FOREST (Ultra Luxury, TAM 727) | Bren Imperia (Super Luxury, TAM 982) | Sobha Classic (Ultra Luxury, TAM 243) | Salarpuria Sattva Senorita (Elite Luxury, TAM 423) | Saket Callipolis (Ultra Luxury, TAM 196)","Manipal Hospital (Ultra Premium, 5.5 min) | Cloudnine Hospital (Ultra Premium, 6.8 min) | Sakra World Hospital (Ultra Premium, 10.2 min) | Apollo Clinic (Ultra Premium, 7.7 min) | Aarogya Hastha Hospitals (Ultra Premium, 0.9 min)",
34,8760145b1ffffff,Rajajinagara,65.778,Upper-Mid / Emerging Affluence,local_signal,1.0,0.0,679.0,679.0,679.0,0.0,0.0,0.0,0.0,862.26,2797.38,19214.53108348135,Ultra Premium,0.8202762052526663,3.802841918294849,7.700000000000001,0.628114,0.840721,0.910901,0.9835,0.269417,1.0,dense_habitable,True,14,33,169,144,"Mantri mantri pride (Ultra Luxury, TAM 78) | Puravankara Purva Sunflower (Premium Luxury, TAM 326) | Shanders Court Yard (Premium Luxury, TAM 126) | Parkway Tarang Apartment (Elite Luxury, TAM 40) | Kaushal Regency (Elite Luxury, TAM 20)","People Tree Hospitals (Ultra Premium, 10.6 min) | Apollo Hospitals (Ultra Premium, 4.9 min) | Manipal Hospital, Millers Road ( Vikram Hospitals ) (Ultra Premium, 10.6 min) | Even Hospitals (Super Premium, 6.0 min) | HCG  - The Specialist in Cancer Care (Ultra Premium, 10.3 min)",
35,87618920bffffff,Priyadarshini Ward-Marathahalli,65.5819,Upper-Mid / Emerging Affluence,local_signal,1.0,0.0,897.0,897.0,897.0,0.0,0.0,0.0,0.0,1219.87,4275.72,8739.44536423841,Mixed - Mid-Segment leaning,0.1350043932760337,2.3294117647058825,25.654779411764707,0.68781,0.914994,0.845198,0.617698,0.469116,0.901661,dense_habitable,True,9,33,79,96,"Century Mirai Phase I (Elite Luxury, TAM 475) | Divyasree 77 Life (Elite Luxury, TAM 133) | Sai Sarovar (Super Luxury, TAM 80) | Vanshee Citadel (Ultra Luxury, TAM 40) | 77 Sky (Elite Luxury, TAM 52)","Sakra World Hospital (Ultra Premium, 7.6 min) | Manipal Hospitals Old Airport Road (Ultra Premium, 10.5 min) | Kauvery Hospital (Ultra Premium, 5.6 min) | Apollo Clinic (Ultra Premium, 8.8 min) | Cloudnine Hospital (Ultra Premium, 12.1 min)",
36,8761892c3ffffff,Thanisandra-Byrathi,65.4837,Upper-Mid / Emerging Affluence,local_signal,1.0,0.0,1325.0,1325.0,1325.0,0.0,0.0,0.0,0.0,2163.32,4818.05,8609.0,Mid-Segment,0.07603289667633095,2.0,10.0,0.742973,0.932421,0.749232,0.621423,0.438118,0.71605,habitable,True,8,21,54,89,"Purva Atmosphere (Ultra Luxury, TAM 569) | Salarpuria Gold Summit (Ultra Luxury, TAM 183) | Salarpuria Sattva Gold Summit (Premium Luxury, TAM 256) | Akasha by Essem18 (Super Luxury, TAM 85) | Arge Helios (Premium Luxury, TAM 151)","Trilife Hospital (Ultra Premium, 11.3 min) | Shishuka Children's Specialty Hospital (Ultra Premium, 8.4 min) | Cloudnine Hospital - HRBR (Ultra Premium, 12.1 min) | Cura Hospitals (Ultra Premium, 9.7 min) | Cloudnine Hospital (Super Premium, 5.8 min)",
37,876189259ffffff,Sunkenahalli-Devagiri Temple Ward,65.0725,Upper-Mid / Emerging Affluence,local_signal,1.0,0.0,2378.0,2378.0,2378.0,0.0,0.0,0.0,0.0,2494.95,3050.35,11260.066459902524,Premium Candidate,0.39176720001317145,1.6595744680851063,11.751063829787233,0.724802,0.794148,0.925007,0.750235,0.226932,0.96008,dense_habitable,True,76,124,171,158,"Parasmani Regency (Ultra Luxury, TAM 130) | Pramuk MM Meridian (Elite Luxury, TAM 140) | Bysani Skyway (Ultra Luxury, TAM 72) | Raja Prakruthi (Super Luxury, TAM 140) | RAJA PRAKRUTHI II (Super Luxury, TAM 134)","Cloudnine Hospital - Jayanagar (Ultra Premium, 0.9 min) | Apollo Speciality Hospitals (Ultra Premium, 1.8 min) | Aster RV Hospital (Ultra Premium, 5.9 min) | Apollo Cradle & Children’s Hospital (Super Premium, 4.8 min) | Cadabams Hospitals (Ultra Premium, 7.2 min)",
38,8761892e4ffffff,Bharath Aikya Ward-Friend's Layout,64.9805,Upper-Mid / Emerging Affluence,local_signal,1.0,0.0,2459.0,2459.0,2343.0,0.0,0.0,0.0,0.0,3060.2,5402.9,7617.0,Mixed - Affordable leaning,0.021758002553276704,4.0,36.4,0.770793,0.944404,0.835178,0.45493,0.430204,0.755916,dense_habitable,True,15,36,81,88,"Brigade Lakefront (Elite Luxury, TAM 336) | Sterling Shalom (Super Luxury, TAM 404) | Vaswani Exquisite (Ultra Luxury, TAM 150) | Gen Y at Whitefield (Elite Luxury, TAM 256) | Vogue Residences (Ultra Luxury, TAM 140)","RxDx Healthcare (Ultra Premium, 4.5 min) | Kinder Women's Hospital and Fertility Centre (Ultra Premium, 2.9 min) | Aster Women & Children Hospital (Ultra Premium, 8.9 min) | Kauvery Hospital (Ultra Premium, 6.1 min) | Aster Whitefield Hospital (Ultra Premium, 8.9 min)",
39,8760145b0ffffff,Kodandarampura-Vasanth Nagar,64.9299,Upper-Mid / Emerging Affluence,local_signal,1.0,0.0,4820.0,4820.0,4820.0,0.0,0.0,0.0,0.0,5031.65,5997.22,7194.397368421052,Premium,0.3362333664201066,,36.4,0.803162,0.912165,0.925667,0.569206,0.163107,0.969863,dense_habitable,True,94,173,234,162,"KSDB Bangalore South And Basavanagudi 1699 (Ultra Luxury, TAM 1,699) | KSDB Vijayanagara 1378 Houses (Premium Luxury, TAM 1,378) | Mantri Greens (Super Luxury, TAM 424) | Ranka Nest (Elite Luxury, TAM 140) | Prestige Abshot (Elite Luxury, TAM 80)","Manipal Hospital, Millers Road ( Vikram Hospitals ) (Ultra Premium, 6.2 min) | Apollo Hospitals (Ultra Premium, 2.9 min) | Even Hospitals (Super Premium, 2.8 min) | People Tree Hospitals (Ultra Premium, 11.9 min) | Manipal Hospital Malleshwaram (Super Premium, 5.7 min)",
40,8760145b6ffffff,Ramaswamy Palya-Jayamahal,64.1677,Upper-Mid / Emerging Affluence,local_signal,1.0,0.0,1478.0,1478.0,1478.0,0.0,0.0,0.0,0.0,1622.22,2510.95,11106.708333333334,Premium,0.4856118032518335,,14.4,0.713775,0.810859,0.922829,0.684001,0.264468,0.721187,habitable,True,45,99,266,168,"Embassy Habitat (Ultra Luxury, TAM 348) | Elegant Exotica (Ultra Luxury, TAM 326) | Sukritha Aaroha Villas (Super Luxury, TAM 124) | VSPL Vishwas Gardenia (Ultra Luxury, TAM 45) | Redifice Adonis (Ultra Luxury, TAM 40)","Manipal Hospital, Millers Road ( Vikram Hospitals ) (Ultra Premium, 4.6 min) | Fortis Hospital (Ultra Premium, 4.6 min) | Vikram Aura Hospital (Ultra Premium, 9.2 min) | Aster CMI Hospital (Ultra Premium, 12.0 min) | Sparsh Hospital (Super Premium, 5.5 min)",
41,876189248ffffff,RBI Layout-Harinagar,64.1456,Upper-Mid / Emerging Affluence,local_signal,1.0,0.0,4614.0,4614.0,4614.0,0.0,0.0,0.0,0.0,4708.14,5589.59,7208.683168316832,Premium Candidate,0.18644853819920343,,41.32524752475248,0.757938,0.885188,0.827426,0.567503,0.386584,0.91468,dense_habitable,True,11,20,39,113,"Elita Promenade (Ultra Luxury, TAM 1,573) | Prestige Falcon City (Elite Luxury, TAM 2,520) | Magnolia (Super Luxury, TAM 176) | Brinda City (Premium Luxury, TAM 96) | Puravankara Purva Coronation Square (Elite Luxury, TAM 40)","Aster RV Hospital (Ultra Premium, 7.2 min) | Fortis Hospital (Ultra Premium, 6.6 min) | Apollo Hospital (Ultra Premium, 7.4 min) | DHEE Hospitals (Ultra Premium, 5.1 min) | Astra Superspeciality Hospital (Super Premium, 2.7 min)",
42,8761892c9ffffff,Nagashettyhalli-Bhoopasandra,64.0969,Upper-Mid / Emerging Affluence,local_signal,1.0,0.0,831.0,831.0,831.0,0.0,0.0,0.0,0.0,1164.65,2466.63,10851.791501976282,Premium Candidate,0.41710788665574094,4.0,18.9296875,0.669822,0.833837,0.839323,0.750293,0.309203,0.824389,dense_habitable,True,23,60,126,121,"Siroya Environ (Ultra Luxury, TAM 212) | Hoysala Vijay Enclave 1 (Ultra Luxury, TAM 68) | DRA Mamta (Super Luxury, TAM 108) | Lavanya Apartment (Elite Luxury, TAM 60) | Prakruthi Manor (Elite Luxury, TAM 50)","Aster CMI Hospital (Ultra Premium, 9.0 min) | Mind and Brain hospital (Ultra Premium, 7.0 min) | People Tree Hospitals (Ultra Premium, 11.6 min) | Smiles Institute of Gastroenterology (Ultra Premium, 5.7 min) | Manipal Hospital, Millers Road ( Vikram Hospitals ) (Ultra Premium, 13.7 min)",
43,8760145b5ffffff,Nehru Nagar,63.9157,Upper-Mid / Emerging Affluence,local_signal,1.0,0.0,3743.0,3743.0,3743.0,0.0,0.0,0.0,0.0,4130.54,5069.55,8615.681492109037,Mixed - Affordable leaning,0.218997707764941,2.903225806451613,30.078920308483283,0.766234,0.899369,0.92034,0.563605,0.282338,0.919744,dense_habitable,True,8,24,108,164,"Shapoorji Pallonji Parkwest Cedar Tower 8 (Ultra Luxury, TAM 2,250) | Prestige West Woods (Elite Luxury, TAM 567) | Sobha Indraprastha (Elite Luxury, TAM 356) | Shapoorji Pallonji Parkwest Sequoia (Ultra Luxury, TAM 182) | DNR Highline (Elite Luxury, TAM 218)","Apollo Hospitals (Ultra Premium, 3.8 min) | Manipal Hospital, Millers Road ( Vikram Hospitals ) (Ultra Premium, 8.6 min) | HCG  - The Specialist in Cancer Care (Ultra Premium, 5.7 min) | Cloudnine Hospital - Jayanagar (Ultra Premium, 9.9 min) | Rangadore Memorial Hospital (Ultra Premium, 4.1 min)",
44,876189251ffffff,Koramangala 1st Block,63.8225,Upper-Mid / Emerging Affluence,local_signal,0.8667,0.0,2790.0,2790.0,2790.0,0.0,0.0,0.0,0.0,3204.12,4482.0,4285.0,Mid-Segment,0.0,,,0.783488,0.905426,0.92356,0.261717,0.53307,0.523948,habitable,True,48,81,124,159,"Advaitha Aksha (Ultra Luxury, TAM 170) | Prestige Pinewood (Elite Luxury, TAM 256) | Rajarajeshware Piccassso (Elite Luxury, TAM 220) | Esteem Royale (Ultra Luxury, TAM 120) | Victory Wind Chimes (Super Luxury, TAM 250)","Apollo Spectra Hospitals (Ultra Premium, 4.9 min) | Greenview Medical Center (Ultra Premium, 4.6 min) | Marvel Multispeciality Hospital (Super Premium, 2.8 min) | Apollo Cradle & Children’s Hospital (Ultra Premium, 5.4 min) | Lotus Multispeciality Center (Ultra Premium, 7.9 min)",
45,8761892e9ffffff,Pulakeshi Nagar-Vasanth Nagar,63.2944,Upper-Mid / Emerging Affluence,local_signal,1.0,0.0,853.0,853.0,853.0,0.0,0.0,0.0,0.0,1222.94,2248.42,7124.742320819112,Premium,0.3326182668611337,1.8275193798449614,26.33503184713376,0.680349,0.797177,0.930653,0.603909,0.376444,0.868534,dense_habitable,True,43,146,289,178,"Imperium Park Vista (Super Luxury, TAM 100) | Legacy Alcazar (Ultra Luxury, TAM 38) | Pleasant Boulevard (Ultra Luxury, TAM 36) | Prestige Spencer Heights (Ultra Luxury, TAM 34) | Bangalore Apartment Federation (Super Luxury, TAM 60)","Vikram Aura Hospital (Ultra Premium, 6.0 min) | Manipal Hospital, Millers Road ( Vikram Hospitals ) (Ultra Premium, 5.3 min) | Fortis Hospital (Ultra Premium, 4.1 min) | Trilife Hospital (Ultra Premium, 9.6 min) | Cloudnine Hospital - Whitefield (Ultra Premium, 9.2 min)",
46,87618925cffffff,Koramangala 4th Block-A Adugodi,63.1963,Upper-Mid / Emerging Affluence,local_signal,1.0,0.0,1591.0,1591.0,1441.0,0.0,0.0,0.0,0.0,2142.8,3555.29,4292.379679144384,Premium,0.29622953043120165,,,0.72586,0.878496,0.92248,0.453822,0.418048,0.933784,dense_habitable,True,19,88,121,161,"Kolte Patil Floriana Estates (Ultra Luxury, TAM 250) | Majestic Residency (Ultra Luxury, TAM 176) | Natures Lap By 5 Elements (Super Luxury, TAM 365) | K Raheja Vivarea (Elite Luxury, TAM 150) | Embassy Tranquil (Ultra Luxury, TAM 60)","Apollo Spectra Hospitals (Ultra Premium, 2.4 min) | Greenview Medical Center (Ultra Premium, 5.8 min) | Apollo Cradle & Children’s Hospital (Ultra Premium, 3.4 min) | Aster RV Hospital (Ultra Premium, 10.1 min) | Cloudnine Hospital - Jayanagar (Ultra Premium, 9.3 min)",
47,8760145b2ffffff,Sadashiva Nagara,63.1463,Upper-Mid / Emerging Affluence,local_signal,1.0,0.0,517.0,517.0,517.0,0.0,0.0,0.0,0.0,611.62,1573.3,15649.54491017964,Ultra Premium,0.89082146299668,1.0,14.323809523809523,0.606044,0.758004,0.88504,0.963871,0.152965,0.675479,habitable,True,22,99,223,144,"Puravankara Purva Atria Platina (Ultra Luxury, TAM 70) | Vaishnavi Splendour (Elite Luxury, TAM 88) | Sah Jeevan Apartments (Ultra Luxury, TAM 40) | Puravankara Purva Atria (Super Luxury, TAM 70) | Charan Habitat (Elite Luxury, TAM 40)","Aster CMI Hospital (Ultra Premium, 9.0 min) | Manipal Hospital, Millers Road ( Vikram Hospitals ) (Ultra Premium, 7.4 min) | People Tree Hospitals (Ultra Premium, 11.1 min) | Manipal Hospital Malleshwaram (Super Premium, 7.3 min) | Fortis Hospital (Ultra Premium, 9.0 min)",
48,876189241ffffff,Vijaya Bank Layout-Beguru,63.117,Upper-Mid / Emerging Affluence,local_signal,1.0,0.0,1953.0,1953.0,1803.0,0.0,0.0,0.0,0.0,2317.47,3854.94,12940.952741020794,Premium Candidate,0.4433151289672425,,31.7,0.712474,0.87963,0.824584,0.699413,0.219363,0.808009,dense_habitable,True,10,23,46,114,"House Of Hiranandani Bannerghatta (Ultra Luxury, TAM 432) | Lake Verandah (Ultra Luxury, TAM 216) | Hiranandani Club Meadows (Elite Luxury, TAM 324) | Hiranandani Queensgate (Super Luxury, TAM 432) | Lodha Azur (Elite Luxury, TAM 232)","Apollo Hospital (Ultra Premium, 5.6 min) | Fortis Hospital (Ultra Premium, 5.9 min) | Aster RV Hospital (Ultra Premium, 9.8 min) | Cadabams Hospitals (Ultra Premium, 8.6 min) | Chirag Global Hospitals (Ultra Premium, 6.1 min)",
49,87618924cffffff,Hulimavu-Yelenahalli,62.9614,Upper-Mid / Emerging Affluence,local_signal,1.0,0.0,1739.0,1739.0,1589.0,0.0,0.0,0.0,0.0,1912.44,3116.28,7622.132947976878,Mixed/Diverse,0.12665661616551768,3.0,11.022522522522523,0.700667,0.830333,0.776987,0.573161,0.455935,0.753809,dense_habitable,True,7,15,45,100,"Prestige Elysian (Ultra Luxury, TAM 548) | Himagiri Meadows (Ultra Luxury, TAM 357) | Sobha Magnus (Elite Luxury, TAM 294) | Sattva Aqua Vista (Elite Luxury, TAM 181) |  Mantri Pinnacle (Elite Luxury, TAM 133)","Apollo Hospital (Ultra Premium, 6.2 min) | Fortis Hospital (Ultra Premium, 6.4 min) | Aster RV Hospital (Ultra Premium, 11.0 min) | Cadabams Hospitals (Ultra Premium, 10.6 min) | Chirag Global Hospitals (Ultra Premium, 8.1 min)",
50,8761892c1ffffff,HBR Layout-Chellakere,62.5493,Upper-Mid / Emerging Affluence,local_signal,1.0,0.0,511.0,511.0,511.0,0.0,0.0,0.0,0.0,607.34,1423.52,7363.275109170306,Mid-Segment,0.10500402545902238,4.506024096385542,5.631884057971015,0.556259,0.721249,0.834928,0.624904,0.730169,0.815027,dense_habitable,True,6,12,36,115,"Ashed Regency La Majada (Ultra Luxury, TAM 216) | Bairavi Cruz Luxor (Elite Luxury, TAM 90) | Chowriappa Constellation (Super Luxury, TAM 113) | Thiru Margadarshi Arjun Enclave (Super Luxury, TAM 40) | Grandeur (Premium Luxury, TAM 44)","Trilife Hospital (Ultra Premium, 6.3 min) | Shishuka Children's Specialty Hospital (Ultra Premium, 3.5 min) | Cloudnine Hospital - HRBR (Ultra Premium, 7.2 min) | Cura Hospitals (Ultra Premium, 4.7 min) | Aster CMI Hospital (Ultra Premium, 14.8 min)",
51,876189245ffffff,Beguru-Yelenahalli,62.0975,Upper-Mid / Emerging Affluence,local_signal,0.8333,0.0,2130.0,2130.0,2130.0,0.0,0.0,0.0,0.0,2503.96,3570.62,5105.370967741936,Mid-Segment,0.02166156389015669,4.0,19.9,0.701425,0.857544,0.763512,0.456069,0.578328,0.454272,sparse_habitable,True,1,16,30,99,"Prestige Southern Star (Ultra Luxury, TAM 2,130) | Classic Paradise (Ultra Luxury, TAM 100) | Prestige Song of the South (Elite Luxury, TAM 1,733) | Serenity Gardens by SNN Estates (Ultra Luxury, TAM 594) | House Of Hiranandani Bannerghatta (Ultra Luxury, TAM 432)","Apollo Hospital (Ultra Premium, 11.8 min) | Kauvery Hospitals (Ultra Premium, 12.1 min) | Fortis Hospital (Ultra Premium, 12.1 min) | Aster RV Hospital (Ultra Premium, 15.9 min) | Greenview Medical Center (Ultra Premium, 14.1 min)",
52,876014594ffffff,Dollars Colony,61.5024,Upper-Mid / Emerging Affluence,local_signal,1.0,0.0,128.0,128.0,128.0,0.0,0.0,0.0,0.0,376.27,1618.65,12393.382744203724,Premium Candidate,0.6328048472554613,3.0,7.72874251497006,0.546466,0.763421,0.8474,0.847823,0.427654,0.95946,dense_habitable,True,3,29,118,125,"Hoysala Dreamz (Ultra Luxury, TAM 28) | Oxford City (Premium Luxury, TAM 76) | Imperial Navkis Celeste (Premium Luxury, TAM 24) | Anriya Dwellington (Ultra Luxury, TAM 168) | Sattva Luxuria (Elite Luxury, TAM 197)","People Tree Hospitals (Ultra Premium, 8.0 min) | Smiles Institute of Gastroenterology (Ultra Premium, 0.9 min) | Aster CMI Hospital (Ultra Premium, 12.1 min) | Manipal Hospital Malleshwaram (Super Premium, 6.3 min) | Mind and Brain hospital (Ultra Premium, 10.2 min)",
53,876189246ffffff,Kudlu-Agara,61.4034,Upper-Mid / Emerging Affluence,local_signal,1.0,0.0,1997.0,1997.0,1997.0,0.0,0.0,0.0,0.0,2219.7,3459.45,14131.464864864865,Mid-Segment,0.3818159243749657,3.9,5.180000000000001,0.709045,0.860522,0.835025,0.625594,0.199145,0.736629,habitable,True,13,25,54,114,"Assetz Mizumi Reserve (Ultra Luxury, TAM 704) | ND Passion (Ultra Luxury, TAM 290) | Puravankara Purva Skydale (Elite Luxury, TAM 314) | N.D. Passion Elite (Ultra Luxury, TAM 148) | M R Raghuram Residencial Enclave (Elite Luxury, TAM 91)","Lotus Multispeciality Center (Ultra Premium, 4.2 min) | Greenview Medical Center (Ultra Premium, 7.0 min) | Cloudnine Hospital (Ultra Premium, 9.9 min) | Kauvery Hospitals (Ultra Premium, 10.8 min) | Sai Thunga Hospitals (Ultra Premium, 6.4 min)",
54,8760145b4ffffff,Ashokanagar-Sampangirama Nagar,61.3381,Upper-Mid / Emerging Affluence,local_signal,1.0,0.0,1659.0,1659.0,1659.0,0.0,0.0,0.0,0.0,1837.5,3250.79,10384.027777777777,Affordable,0.2455508601111978,1.0,42.9,0.719677,0.85562,0.929132,0.553921,0.194648,0.614331,habitable,True,34,76,213,175,"Commanders Meridian (Ultra Luxury, TAM 490) | Garden Apartments (Ultra Luxury, TAM 100) | Brigade Coronet (Elite Luxury, TAM 142) | Casa Lavelle 1 (Elite Luxury, TAM 110) | Prestige Exotica (Elite Luxury, TAM 100)","Manipal Hospital, Millers Road ( Vikram Hospitals ) (Ultra Premium, 3.5 min) | Fortis Hospital (Ultra Premium, 2.7 min) | Vikram Aura Hospital (Ultra Premium, 7.1 min) | HCG  - The Specialist in Cancer Care (Ultra Premium, 3.6 min) | Sparsh Hospital (Super Premium, 2.2 min)",
55,8760145a1ffffff,Bangarappa Nagara-Rajarajeshwari Nagara,61.1843,Upper-Mid / Emerging Affluence,local_signal,1.0,0.0,2148.0,2148.0,1998.0,0.0,0.0,0.0,0.0,2171.51,2589.22,10119.62569213732,Mixed/Diverse,0.230927598952143,,16.9,0.678598,0.761333,0.755381,0.576873,0.526281,0.702892,habitable,True,6,8,17,104,"Sattva Aaranya (Ultra Luxury, TAM 418) | Sobha Royal Crest (Elite Luxury, TAM 658) | Sattva Divinity (Super Luxury, TAM 824) | Vaishnodevi Melange One  (Elite Luxury, TAM 76) | Sri Sailam (Ultra Luxury, TAM 22)","SS Sparsh Hospital (Ultra Premium, 2.0 min) | Aster RV Hospital (Ultra Premium, 16.9 min) | Kusuma Hospital (Ultra Premium, 8.5 min) | Pathway Hospitals (Ultra Premium, 9.8 min) | Cloudnine Hospital - Jayanagar (Ultra Premium, 16.7 min)",
56,8760145acffffff,Rajarajeshwari Nagara-Nagadevanahalli,60.8852,Upper-Mid / Emerging Affluence,local_signal,1.0,0.0,3296.0,3296.0,3296.0,0.0,0.0,0.0,0.0,3365.23,3476.7,5475.763636363637,Mid-Segment,0.014015922540128355,,,0.704914,0.754182,0.67464,0.38682,0.768354,0.669213,habitable,True,4,8,12,75,"Sattva City (Ultra Luxury, TAM 2,477) | Sumadhura Pramoda (Ultra Luxury, TAM 297) | Elegant Tranquility (Premium Luxury, TAM 321) | VIP Global Paradise (Premium Luxury, TAM 201) | Sattva Aaranya (Ultra Luxury, TAM 418)","SS Sparsh Hospital (Ultra Premium, 5.9 min) | Motherhood Hospital (Ultra Premium, 9.2 min) | Pathway Hospitals (Ultra Premium, 8.4 min) | Brains Super Speciality Hospital (Ultra Premium, 10.6 min) | Gleneagles Hospitals (Mid-Premium, 6.1 min)",
57,8761892d8ffffff,Kogilu,60.6131,Upper-Mid / Emerging Affluence,local_signal,0.9333,0.0,2538.0,2538.0,2078.0,0.0,0.0,0.0,0.0,2982.02,4905.81,2019.0625,Mid-Segment,0.0,,0.0,0.771013,0.928763,0.578751,0.164479,0.707844,0.533111,habitable,True,8,22,41,53,"Nikoo Homes 8 Bhartiya Garden Enclave (Ultra Luxury, TAM 1,050) | Godrej Woods (Ultra Luxury, TAM 558) | Hinduja El Jardin (Ultra Luxury, TAM 138) | Prestige Camden Gardens (Ultra Luxury, TAM 117) | Antaliea Homes (Elite Luxury, TAM 130)","Maarga (Ultra Premium, 11.4 min) | Regal Hospital (Super Premium, 4.5 min) | Cloudnine Hospital (Super Premium, 8.9 min) | Manipal Hospital (Super Premium, 10.0 min) | Aster CMI Hospital (Ultra Premium, 21.5 min)",
58,876189240ffffff,Devarachikkanahalli-Kudlu,60.4461,Upper-Mid / Emerging Affluence,local_signal,1.0,0.0,1614.0,1614.0,1614.0,0.0,0.0,0.0,0.0,1964.36,3054.54,6351.0,Affordable,0.009300007004075139,3.2941176470588234,9.21875,0.697842,0.845194,0.834444,0.431999,0.414182,0.832481,dense_habitable,True,6,11,37,116,"Puravankara Purva Westend (Ultra Luxury, TAM 710) | Salarpuria Sattva Cadenza (Ultra Luxury, TAM 513) | Classic Paradise (Ultra Luxury, TAM 100) | Heart Of Harmony By CKPC Properties (Elite Luxury, TAM 137) | SNN Estates Duomont (Elite Luxury, TAM 114)","Apollo Hospital (Ultra Premium, 8.4 min) | Fortis Hospital (Ultra Premium, 9.8 min) | Aster RV Hospital (Ultra Premium, 12.5 min) | Lotus Multispeciality Center (Ultra Premium, 10.1 min) | Greenview Medical Center (Ultra Premium, 10.4 min)",
59,87618925dffffff,J.P Nagar-N.S Palya,60.38,Upper-Mid / Emerging Affluence,local_signal,1.0,0.0,1469.0,1469.0,1079.0,0.0,0.0,0.0,0.0,1651.09,2502.61,10165.887713588287,Mixed/Diverse,0.24635600130766017,2.5285714285714285,16.747744360902253,0.669684,0.776731,0.920706,0.696334,0.116455,1.0,dense_habitable,True,20,57,115,145,"Sobha Magnolia (Ultra Luxury, TAM 240) | Sobha Opal (Ultra Luxury, TAM 124) | Opulent Spire (Elite Luxury, TAM 86) | Jain San Lucas (Premium Luxury, TAM 191) | Flora Surya Enclave (Premium Luxury, TAM 134)","Aster RV Hospital (Ultra Premium, 4.3 min) | Cloudnine Hospital - Jayanagar (Ultra Premium, 6.3 min) | Apollo Hospital (Ultra Premium, 5.9 min) | Fortis Hospital (Ultra Premium, 5.9 min) | Cadabams Hospitals (Ultra Premium, 4.5 min)",
60,87618921bffffff,Kurudusonnenahalli,60.1435,Upper-Mid / Emerging Affluence,local_signal,0.9333,0.0,4191.0,4191.0,4191.0,0.0,0.0,0.0,0.0,4300.49,6619.84,3461.395348837209,Affordable,0.0,,,0.762964,0.943987,0.69969,0.155844,0.600332,0.477505,sparse_habitable,True,9,24,79,57,"Skylark Ithaca (Super Luxury, TAM 2,600) | Trendsquares World Of Gardens (Premium Luxury, TAM 648) | Radiant Silver Bell 2 (Ultra Luxury, TAM 80) | Ravoos Nandan (Super Luxury, TAM 164) | Shriram Blue (Luxury, TAM 471)","Aster Women & Children Hospital (Ultra Premium, 10.1 min) | Aster Whitefield Hospital (Ultra Premium, 10.1 min) | Kinder Women's Hospital and Fertility Centre (Ultra Premium, 9.1 min) | RxDx Healthcare (Ultra Premium, 11.8 min) | Cloudnine Hospital - Whitefield (Ultra Premium, 18.7 min)",
61,8761892ebffffff,Lingarajpura-Aruna Asif Ali Ward,59.8954,Upper-Mid / Emerging Affluence,local_signal,1.0,0.0,892.0,892.0,892.0,0.0,0.0,0.0,0.0,1052.76,1448.77,5984.770857814336,Mid-Segment,0.11146556537441288,4.0,10.4,0.6304,0.687081,0.911338,0.470117,0.503545,0.993801,dense_habitable,True,84,154,189,157,"The Address (Ultra Luxury, TAM 32) | Excellency Davis (Ultra Luxury, TAM 30) | Sunbeam Apartments (Ultra Luxury, TAM 21) | Alpine Chermeal Manor (Ultra Luxury, TAM 18) | Regency Clementus (Ultra Luxury, TAM 16)","Trilife Hospital (Ultra Premium, 6.8 min) | Manipal Hospital, Millers Road ( Vikram Hospitals ) (Ultra Premium, 8.0 min) | Shishuka Children's Specialty Hospital (Ultra Premium, 5.7 min) | Cloudnine Hospital - HRBR (Ultra Premium, 9.4 min) | Vikram Aura Hospital (Ultra Premium, 11.2 min)",
62,8761892e1ffffff,Uday Nagar-G.M Palya,59.7895,Upper-Mid / Emerging Affluence,local_signal,1.0,0.0,1325.0,1325.0,1325.0,0.0,0.0,0.0,0.0,1498.3,2046.31,4798.531645569621,Mixed - Affordable leaning,0.006242694071243168,4.60233918128655,16.4,0.65626,0.750984,0.876023,0.38904,0.56388,0.964777,dense_habitable,True,5,18,42,122,"Puravankara Purva Seasons (Ultra Luxury, TAM 660) | August Park (Ultra Luxury, TAM 158) | Sattva Magnificia (Elite Luxury, TAM 244) | Gopalan Celestial Green (Premium Luxury, TAM 182) | Brigade Paramount (Super Luxury, TAM 81)","Cloudnine Hospital - Whitefield (Ultra Premium, 5.7 min) | Manipal Hospitals Old Airport Road (Ultra Premium, 10.7 min) | Cloudnine Hospital - HRBR (Ultra Premium, 10.7 min) | Trilife Hospital (Ultra Premium, 13.0 min) | Vikram Aura Hospital (Ultra Premium, 14.1 min)",
63,876189252ffffff,Jeevan Bhimanagar-L.B Shastri Nagar,59.7587,Upper-Mid / Emerging Affluence,local_signal,1.0,0.0,1678.0,1678.0,1678.0,0.0,0.0,0.0,0.0,1793.79,2752.97,5873.975257731958,Affordable,0.0974360936947182,2.0,67.3,0.684082,0.812465,0.896376,0.388052,0.476695,0.919233,dense_habitable,True,18,28,79,134,"Godrej Athena (Ultra Luxury, TAM 300) | SVS Krishna Ikon (Ultra Luxury, TAM 198) | Adithya Soigne (Elite Luxury, TAM 260) | Fern Saroj (Ultra Luxury, TAM 142) | Mahaveer Sanctum Annex (Ultra Luxury, TAM 124)","Manipal Hospitals Old Airport Road (Ultra Premium, 4.7 min) | Cloudnine Hospital - Whitefield (Ultra Premium, 6.4 min) | Sakra World Hospital (Ultra Premium, 13.5 min) | Manipal Clinic Indiranagar (Ultra Premium, 7.9 min) | Vikram Aura Hospital (Ultra Premium, 14.8 min)",
64,876189270ffffff,Halanayakanahalli,59.6968,Upper-Mid / Emerging Affluence,local_signal,0.8667,0.0,1399.0,1399.0,894.0,0.0,0.0,0.0,0.0,2107.93,4422.96,5460.0,Mid-Segment,0.0,4.0,5.2,0.725562,0.907858,0.745854,0.368091,0.414668,0.366973,sparse_habitable,True,4,23,56,72,"JRC Wild Woods (Ultra Luxury, TAM 582) | LGCL New Life (Elite Luxury, TAM 108) | Assetz Inspira Melodies of Life Apartments (Premium Luxury, TAM 204) | Ahad Excellencia (Aspirational Premium, TAM 505) | Skanda Avani (Elite Luxury, TAM 376)","Manipal Hospital (Ultra Premium, 10.6 min) | Sakra World Hospital (Ultra Premium, 12.7 min) | Cloudnine Hospital (Ultra Premium, 11.9 min) | Belenus Champion Hospital (Ultra Premium, 8.3 min) | Apollo Clinic (Ultra Premium, 12.8 min)",
65,8761892e0ffffff,Garudachar Palya,59.6135,Upper-Mid / Emerging Affluence,local_signal,1.0,0.0,3108.0,3108.0,3108.0,0.0,0.0,0.0,0.0,3274.76,4053.09,,Affordable,0.02399380621928551,,,0.732287,0.848418,0.844402,0.115847,0.665522,0.824088,dense_habitable,True,14,20,44,101,"Brigade Metropolis (Ultra Luxury, TAM 1,608) | Rohan Avriti (Elite Luxury, TAM 221) | Ncc Ivory Heights (Super Luxury, TAM 288) | Avriti (Super Luxury, TAM 221) | Trifecta Starlight (Super Luxury, TAM 172)","Kinder Women's Hospital and Fertility Centre (Ultra Premium, 4.3 min) | RxDx Healthcare (Ultra Premium, 7.5 min) | Aster Women & Children Hospital (Ultra Premium, 9.6 min) | Aster Whitefield Hospital (Ultra Premium, 9.6 min) | Cloudnine Hospital - Whitefield (Ultra Premium, 10.4 min)",
66,876189203ffffff,Hagaduru,59.2889,Upper-Mid / Emerging Affluence,local_signal,0.7667,0.0,1826.0,1826.0,1826.0,0.0,0.0,0.0,0.0,2529.34,5333.01,4580.0,Mid-Segment,0.0,3.0,,0.731576,0.94587,0.609941,0.322524,0.539034,0.383273,sparse_habitable,True,13,62,160,36,"Saranya Shantiniketan (Super Luxury, TAM 292) | Saranya Shanthinikethan (Super Luxury, TAM 292) | Goyal Orchid Whitefield (Premium Luxury, TAM 492) | Isha Brindavan (Super Luxury, TAM 185) | Nishant Prime (Super Luxury, TAM 159)","Aster Women & Children Hospital (Ultra Premium, 15.6 min) | Aster Whitefield Hospital (Ultra Premium, 15.6 min) | Kauvery Hospital (Ultra Premium, 13.2 min) | RxDx Healthcare (Ultra Premium, 9.5 min) | Cloudnine Hospital (Super Premium, 7.8 min)",
67,8761892ecffffff,Indiranagar,59.2583,Upper-Mid / Emerging Affluence,local_signal,1.0,0.0,817.0,817.0,817.0,0.0,0.0,0.0,0.0,958.27,2222.93,6147.672199170124,Premium Candidate,0.1825174293657914,2.0,15.0,0.642325,0.798977,0.919745,0.48276,0.389575,0.927839,dense_habitable,True,19,50,105,157,"Marvel Viento (Elite Luxury, TAM 368) | Jain Santa Fe (Premium Luxury, TAM 206) | Aratt The Aeris Residences (Elite Luxury, TAM 70) | Laa Royal Manor (Elite Luxury, TAM 30) | Reach for The Sky Apartment (Ultra Luxury, TAM 12)","Manipal Hospitals Old Airport Road (Ultra Premium, 5.6 min) | Cloudnine Hospital - Whitefield (Ultra Premium, 4.6 min) | Vikram Aura Hospital (Ultra Premium, 10.2 min) | Manipal Clinic Indiranagar (Ultra Premium, 4.2 min) | YOS Sports Health Specialists (Ultra Premium, 3.5 min)",
68,876189258ffffff,A Adugodi-Lakkasandra,59.2386,Upper-Mid / Emerging Affluence,local_signal,1.0,0.0,895.0,895.0,895.0,0.0,0.0,0.0,0.0,1050.23,2151.02,5430.028524857375,Mixed - Affordable leaning,0.13331950741302015,2.0,30.56530612244898,0.646674,0.792952,0.92238,0.430535,0.407807,0.939476,dense_habitable,True,9,52,168,173,"Prestige Acropolis (Elite Luxury, TAM 487) | Esteem Splendor (Ultra Luxury, TAM 125) | ansal krishna (Ultra Luxury, TAM 120) | Esteem Splendor (Ultra Luxury, TAM 49) | Sobha Morzaria Grandeur (Elite Luxury, TAM 40)","Vikram Aura Hospital (Ultra Premium, 6.3 min) | Cloudnine Hospital - Jayanagar (Ultra Premium, 7.0 min) | Apollo Spectra Hospitals (Ultra Premium, 6.5 min) | Aster RV Hospital (Ultra Premium, 9.4 min) | Sita Bhateja Specialty Hospital (Ultra Premium, 5.4 min)",
69,876189243ffffff,Kodi Chikkanahalli,59.0193,Upper-Mid / Emerging Affluence,local_signal,1.0,0.0,659.0,659.0,659.0,0.0,0.0,0.0,0.0,927.97,1796.47,5740.27696793003,Mixed/Diverse,0.10485395647521527,2.0,27.7,0.602258,0.753614,0.890229,0.441624,0.53978,0.885829,dense_habitable,True,7,20,52,126,"Kolte Patil Inception (Ultra Luxury, TAM 438) | SNN Raj Bay Vista (Elite Luxury, TAM 120) | Mytri Apartment (Premium Luxury, TAM 70) | JP Villa (Ultra Luxury, TAM 8) | Shravanthi Castle (Ultra Luxury, TAM 7)","Apollo Hospital (Ultra Premium, 4.2 min) | Aster RV Hospital (Ultra Premium, 6.2 min) | Fortis Hospital (Ultra Premium, 6.7 min) | Cadabams Hospitals (Ultra Premium, 5.0 min) | Chirag Global Hospitals (Ultra Premium, 2.5 min)",
70,8760145a4ffffff,Padmanabhanagara-Kathriguppe,58.39,Upper-Mid / Emerging Affluence,local_signal,1.0,0.0,261.0,261.0,261.0,0.0,0.0,0.0,0.0,397.99,1405.37,9247.72621641249,Premium,0.3303534975916167,1.3433922996878251,15.356865464632456,0.541578,0.712672,0.86757,0.738452,0.381373,1.0,dense_habitable,True,6,42,121,133,"Adarsh Premia (Elite Luxury, TAM 200) | Krishna Vilas (Ultra Luxury, TAM 24) | Tirumala Bala Pinnacle (Ultra Luxury, TAM 20) | Siri Pride (Ultra Luxury, TAM 7) | Sapthagiri (Ultra Luxury, TAM 6)","Aster RV Hospital (Ultra Premium, 7.1 min) | Cloudnine Hospital - Jayanagar (Ultra Premium, 7.0 min) | Apollo Speciality Hospitals (Ultra Premium, 6.8 min) | Cadabams Hospitals (Ultra Premium, 8.1 min) | Fortis Hospital (Ultra Premium, 11.9 min)",
71,876014596ffffff,Geddalahalli-Kodigehalli,58.071,Upper-Mid / Emerging Affluence,local_signal,1.0,0.0,2675.0,2675.0,2675.0,0.0,0.0,0.0,0.0,2702.14,2919.87,12903.385080645163,Premium Candidate,0.4869825791491202,,12.92014652014652,0.701489,0.737554,0.772454,0.698788,0.04937,0.751868,dense_habitable,True,22,30,46,102,"Pebble Bay (Ultra Luxury, TAM 600) | Anriya Dwellington (Ultra Luxury, TAM 168) | Raheja Pebble Bay (Elite Luxury, TAM 288) | Glen Classic (Super Luxury, TAM 288) | Hiranandani Glen Gate (Super Luxury, TAM 288)","People Tree Hospitals (Ultra Premium, 9.5 min) | Aster CMI Hospital (Ultra Premium, 10.5 min) | Mind and Brain hospital (Ultra Premium, 8.0 min) | Smiles Institute of Gastroenterology (Ultra Premium, 6.8 min) | Medstar Speciality Hospital (Ultra Premium, 8.6 min)",
72,8761892e3ffffff,K.S. Nissar Ahmed Ward,57.7328,Upper-Mid / Emerging Affluence,local_signal,1.0,0.0,603.0,603.0,603.0,0.0,0.0,0.0,0.0,689.44,1129.48,9360.341778440139,Mid-Segment,0.16732495413099638,5.0,28.1,0.509408,0.642228,0.827137,0.707541,0.53247,0.980079,dense_habitable,True,2,12,27,101,"Rose Heritage (Ultra Luxury, TAM 374) | Puravankara Purva Midtown Residences (Premium Luxury, TAM 229) | Sattva Magnificia (Elite Luxury, TAM 244) | Ncc Ivory Heights (Super Luxury, TAM 288) | Annciyas Classic Paradise (Super Luxury, TAM 44)","Cloudnine Hospital - HRBR (Ultra Premium, 5.4 min) | Trilife Hospital (Ultra Premium, 7.6 min) | Cloudnine Hospital - Whitefield (Ultra Premium, 9.6 min) | Surgecare Super Speciality Hospital (Ultra Premium, 3.2 min) | IIGU Hospital-Indus Institute of Gastro Uro (Ultra Premium, 5.7 min)",
73,876189271ffffff,Singasandra-Kudlu,57.66,Upper-Mid / Emerging Affluence,local_signal,1.0,0.0,661.0,661.0,661.0,0.0,0.0,0.0,0.0,982.49,2079.71,8326.247058823528,Mid-Segment,0.16705432811165374,3.237804878048781,12.459756097560977,0.633118,0.78779,0.766312,0.617085,0.294442,0.652158,habitable,True,4,17,38,83,"Lodha Haven (Elite Luxury, TAM 500) | Ranke Gr Swara (Elite Luxury, TAM 57) | G.R. One and Only (Elite Luxury, TAM 47) | Glory Fields (Premium Luxury, TAM 57) | Assetz Mizumi Reserve (Ultra Luxury, TAM 704)","Kauvery Hospitals (Ultra Premium, 10.1 min) | Manipal Hospital (Ultra Premium, 10.2 min) | Cloudnine Hospital (Ultra Premium, 11.5 min) | Lotus Multispeciality Center (Ultra Premium, 11.4 min) | Sakra World Hospital (Ultra Premium, 14.9 min)",
74,87618925bffffff,Ashoka Pillar-Dharmaraya Swamy Temple Ward,56.9992,Upper-Mid / Emerging Affluence,local_signal,1.0,0.0,872.0,872.0,872.0,0.0,0.0,0.0,0.0,1032.77,1817.98,9905.781659388647,Premium Candidate,0.2721090546135282,,,0.644783,0.764069,0.91828,0.565285,0.129104,0.916532,dense_habitable,True,18,67,168,177,"Mantri Blossom (Elite Luxury, TAM 266) | Prestige Richmond (Super Luxury, TAM 150) | Puravankara Orient Grand (Elite Luxury, TAM 97) | TVS Emerald Cascadia (Elite Luxury, TAM 63) | Prestige Botanique (Elite Luxury, TAM 34)","Cloudnine Hospital - Jayanagar (Ultra Premium, 5.4 min) | Vikram Aura Hospital (Ultra Premium, 7.3 min) | Sita Bhateja Specialty Hospital (Ultra Premium, 4.0 min) | Trustwell Hospitals (Super Premium, 4.5 min) | Apollo Speciality Hospitals (Ultra Premium, 5.3 min)",
75,87618924effffff,Doresanipalya-Puttenahalli,56.9571,Upper-Mid / Emerging Affluence,local_signal,1.0,0.0,1182.0,1182.0,1182.0,0.0,0.0,0.0,0.0,1505.46,2419.31,4642.818840579711,Mid-Segment,0.0,,,0.682912,0.800775,0.876959,0.323679,0.32063,0.895715,dense_habitable,True,11,28,62,125,"Mahindra Lifespace  Windchimes (Elite Luxury, TAM 403) | Vaishnavi Terraces (Elite Luxury, TAM 251) | Mantri Elite (Elite Luxury, TAM 230) | Artisane Forest Breeze (Ultra Luxury, TAM 75) | Vainavi Celestium (Ultra Luxury, TAM 68)","Fortis Hospital (Ultra Premium, 1.5 min) | Apollo Hospital (Ultra Premium, 3.1 min) | Aster RV Hospital (Ultra Premium, 4.8 min) | Cadabams Hospitals (Ultra Premium, 3.4 min) | Cloudnine Hospital - Jayanagar (Ultra Premium, 9.2 min)",
76,8761892f6ffffff,Cheemasandra,56.5906,Upper-Mid / Emerging Affluence,local_signal,0.8,0.0,6005.0,6005.0,6005.0,0.0,0.0,0.0,0.0,6110.58,6638.72,10707.237315875613,Mid-Segment,0.27894191871079954,4.0,9.4,0.796559,0.881456,0.365192,0.725609,0.0,0.414814,sparse_habitable,True,5,9,27,29,"Godrej Woodscapes (Elite Luxury, TAM 2,200) | Brigade Belvedere (Super Luxury, TAM 1,750) | Pruksa Silvana (Ultra Luxury, TAM 401) | Sattva Songbird (Premium Luxury, TAM 1,321) | NG Avani Abode (Elite Luxury, TAM 333)","Aster Women & Children Hospital (Ultra Premium, 24.9 min) | Aster Whitefield Hospital (Ultra Premium, 24.9 min) | Kinder Women's Hospital and Fertility Centre (Ultra Premium, 23.9 min) | RxDx Healthcare (Ultra Premium, 26.6 min) | Altor Hospital (Super Premium, 17.3 min)",
77,876016962ffffff,Raja Kempegowda Ward,56.3218,Upper-Mid / Emerging Affluence,local_signal,0.8667,0.0,880.0,880.0,880.0,0.0,0.0,0.0,0.0,1060.71,1768.88,4152.0,Mid-Segment,0.0,,,0.60724,0.710661,0.486762,0.195341,0.952387,0.385472,sparse_habitable,True,15,36,56,35,"Sobha Althea (Ultra Luxury, TAM 176) | The Retreat (Elite Luxury, TAM 200) | Century Saras (Premium Luxury, TAM 128) | Innovative Natura (Premium Luxury, TAM 68) | Almond Tree (Premium Luxury, TAM 50)","Maarga (Ultra Premium, 6.1 min) | Aster CMI Hospital (Ultra Premium, 16.1 min) | Mind and Brain hospital (Ultra Premium, 16.4 min) | Manipal Hospital (Super Premium, 11.3 min) | Aveksha Hospital (Ultra Premium, 14.7 min)",
78,876189274ffffff,Avalahalli-Gattahalli,56.1651,Upper-Mid / Emerging Affluence,local_signal,0.9,0.0,1648.0,1648.0,1648.0,0.0,0.0,0.0,0.0,1844.41,2649.35,6035.458333333334,Mid-Segment,0.02502899929547169,3.0,5.770731707317074,0.682554,0.79469,0.675276,0.449244,0.409251,0.30666,sparse_habitable,True,2,6,18,62,"Aditya Birla Evara (Ultra Luxury, TAM 1,594) | Adarsh Sanctuary (Elite Luxury, TAM 54) | Mana Dale (Premium Luxury, TAM 680) | JRC Wild Woods (Ultra Luxury, TAM 582) | Godrej Lakeside Orchard (Ultra Luxury, TAM 875)","Kauvery Hospitals (Ultra Premium, 15.6 min) | Manipal Hospital (Ultra Premium, 15.0 min) | Sakra World Hospital (Ultra Premium, 17.1 min) | Cloudnine Hospital (Ultra Premium, 16.3 min) | Belenus Champion Hospital (Ultra Premium, 12.7 min)",
79,876014584ffffff,Kamakshipalya,55.773,Upper-Mid / Emerging Affluence,local_signal,1.0,0.0,1788.0,1788.0,1788.0,0.0,0.0,0.0,0.0,1796.55,1868.29,10598.511858945674,Mid-Segment,0.22894108170345703,1.0,30.900000000000002,0.555677,0.549965,0.82169,0.742904,0.313459,1.0,dense_habitable,True,6,9,16,116,"KSDB Govindarajanagara and Vijayanagara 1607 houses (Premium Luxury, TAM 1,607) | Sri Sai Durga (Super Luxury, TAM 72) | Shakti Apartment (Super Luxury, TAM 72) | Imperium Nagnoors Park View (Ultra Luxury, TAM 12) | Saraswathi kt Apartment (Premium Luxury, TAM 16)","People Tree Hospitals (Ultra Premium, 13.7 min) | Apollo Hospitals (Ultra Premium, 11.0 min) | Brains Super Speciality Hospital (Ultra Premium, 8.2 min) | Vijayanagar Hospital (Super Premium, 1.6 min) | Manipal Hospital, Millers Road ( Vikram Hospitals ) (Ultra Premium, 16.7 min)",
80,8761892cdffffff,Dinnur,55.7256,Upper-Mid / Emerging Affluence,local_signal,1.0,0.0,472.0,472.0,472.0,0.0,0.0,0.0,0.0,570.96,1297.08,4841.313725490196,Mid-Segment,0.0,3.0,16.3,0.587652,0.721405,0.876716,0.380442,0.396988,1.0,dense_habitable,True,19,49,137,136,"Green Apple (Elite Luxury, TAM 105) | HM Tropical Tree (Elite Luxury, TAM 80) | Magnolia Delight (Ultra Luxury, TAM 48) | Akshaya Apartments (Ultra Luxury, TAM 30) | Vaishnavi Prakash Emerald (Elite Luxury, TAM 35)","Aster CMI Hospital (Ultra Premium, 9.0 min) | Manipal Hospital, Millers Road ( Vikram Hospitals ) (Ultra Premium, 9.5 min) | Trilife Hospital (Ultra Premium, 11.3 min) | Shishuka Children's Specialty Hospital (Ultra Premium, 8.0 min) | Fortis Hospital (Ultra Premium, 9.5 min)",
81,8761892dcffffff,Kannuru,55.6846,Upper-Mid / Emerging Affluence,local_signal,0.8667,0.0,7037.0,7037.0,7014.0,0.0,0.0,0.0,0.0,7593.17,9138.45,,Affordable,0.0,,,0.841119,0.965212,0.616813,0.058253,0.403224,0.459884,sparse_habitable,True,11,23,36,62,"Bhartiya City Nikoo Homes Phase 2 (Ultra Luxury, TAM 2,116) | Bhartiya City Nikoo Homes (Ultra Luxury, TAM 1,578) | Bhartiya City Nikoo Homes V Phase 1 (Ultra Luxury, TAM 1,444) | Nikoo Homes IV (Ultra Luxury, TAM 716) | Poulomi Florique (Ultra Luxury, TAM 448)","Regal Hospital (Super Premium, 3.7 min) | Cloudnine Hospital (Super Premium, 7.1 min) | Trilife Hospital (Ultra Premium, 16.5 min) | Shishuka Children's Specialty Hospital (Ultra Premium, 13.6 min) | Cloudnine Hospital - HRBR (Ultra Premium, 17.3 min)",
82,8761892e5ffffff,Vignananagara-Sangama Ward,55.5071,Upper-Mid / Emerging Affluence,local_signal,1.0,0.0,465.0,465.0,465.0,0.0,0.0,0.0,0.0,566.02,1379.81,4901.201418439717,Affordable,0.0202870110839342,4.0,,0.56593,0.718693,0.847435,0.33734,0.565585,0.850615,dense_habitable,True,6,19,46,110,"Adarsh Vista (Ultra Luxury, TAM 196) | Soul Space Arista (Ultra Luxury, TAM 135) | East Parade (Elite Luxury, TAM 40) | Brindavan Enclave (Super Luxury, TAM 44) | Integral Park Villa (Premium Luxury, TAM 40)","Manipal Hospitals Old Airport Road (Ultra Premium, 12.2 min) | Kinder Women's Hospital and Fertility Centre (Ultra Premium, 8.0 min) | Rainbow Children's Hospital (Ultra Premium, 4.1 min) | Sakra World Hospital (Ultra Premium, 12.1 min) | RxDx Healthcare (Ultra Premium, 10.9 min)",
83,876016960ffffff,Attur,54.4086,Mixed / Watchlist,local_signal,1.0,0.0,943.0,943.0,943.0,0.0,0.0,0.0,0.0,1147.2,1868.08,6832.0,Mid-Segment,0.03456404079115282,5.0,10.7,0.606595,0.71486,0.613201,0.493831,0.378996,0.775863,dense_habitable,True,12,31,56,60,"Aryan 1 Celeste (Ultra Luxury, TAM 130) | Pavani Residency (Premium Luxury, TAM 210) | VBHC Aurora (Super Luxury, TAM 72) | VRSP Vijaya Homes (Premium Luxury, TAM 100) | SPL Scintilla (Premium Luxury, TAM 82)","Maarga (Ultra Premium, 2.4 min) | Aster CMI Hospital (Ultra Premium, 13.6 min) | Aveksha Hospital (Ultra Premium, 8.4 min) | Mind and Brain hospital (Ultra Premium, 13.8 min) | Manipal Hospital (Super Premium, 8.7 min)",
84,876189244ffffff,Singasandra-Chikkathoguru,54.3572,Mixed / Watchlist,local_signal,0.9,0.0,661.0,661.0,661.0,0.0,0.0,0.0,0.0,921.97,1823.55,5694.909810126581,Affordable,0.009785021413429549,3.0,,0.626347,0.775084,0.786645,0.378711,0.360492,0.686842,habitable,True,7,14,28,99,"Mahindra Lifespace Zen (Ultra Luxury, TAM 228) | Princeton (Ultra Luxury, TAM 180) | Mahindra NewHaven (Super Luxury, TAM 119) | VGR Greens (Ultra Luxury, TAM 44) | Chartered Grasshopper (Elite Luxury, TAM 56)","Kauvery Hospitals (Ultra Premium, 7.6 min) | Lotus Multispeciality Center (Ultra Premium, 9.7 min) | Greenview Medical Center (Ultra Premium, 10.9 min) | Apollo Cradle & Children's Hospital (Super Premium, 3.6 min) | Springleaf Healthcare (Ultra Premium, 7.2 min)",
85,8761892daffffff,Byyappanahalli,54.0849,Mixed / Watchlist,local_signal,0.7333,0.0,1387.0,1387.0,1387.0,0.0,0.0,0.0,0.0,1446.46,1906.93,14000.0,Ultra Premium,0.7517809118074595,2.0,14.3,0.637972,0.72429,0.505855,0.832587,0.015016,0.423913,sparse_habitable,True,2,3,22,39,"Assetz Zen and Sato (Ultra Luxury, TAM 412) | Tvs Emerald Altura (Super Luxury, TAM 975) | Godrej Woods (Ultra Luxury, TAM 558)","Maarga (Ultra Premium, 13.8 min) | Manipal Hospital (Super Premium, 8.9 min) | Regal Hospital (Super Premium, 9.9 min) | Aster CMI Hospital (Ultra Premium, 23.9 min) | Mind and Brain hospital (Ultra Premium, 21.1 min)",
86,8761892f5ffffff,Kitthaganur-Bhattarahalli,54.0441,Mixed / Watchlist,local_signal,1.0,0.0,1712.0,1712.0,1712.0,0.0,0.0,0.0,0.0,1787.82,2536.92,4363.870967741936,Mixed - Affordable leaning,0.0003138327452831393,,35.3,0.679606,0.774508,0.705467,0.325919,0.370888,0.703627,habitable,True,4,7,22,62,"Pashmina Waterfront (Elite Luxury, TAM 725) | Brigade Lakecrest (Super Luxury, TAM 604) | Pride Euphora (Ultra Luxury, TAM 212) | RJ Lake Gardenia (Elite Luxury, TAM 171) | Shriram Blue (Luxury, TAM 471)","Aster Women & Children Hospital (Ultra Premium, 12.2 min) | Aster Whitefield Hospital (Ultra Premium, 12.2 min) | Kinder Women's Hospital and Fertility Centre (Ultra Premium, 11.3 min) | Altor Hospital (Super Premium, 4.7 min) | RxDx Healthcare (Ultra Premium, 13.9 min)",
87,8761892eaffffff,HRBR Layout-Subbayanapalya,53.9002,Mixed / Watchlist,local_signal,1.0,0.0,70.0,70.0,70.0,0.0,0.0,0.0,0.0,185.54,550.16,7735.791717417783,Mid-Segment,0.1031907271134378,3.0,,0.422522,0.563136,0.912268,0.621173,0.523334,1.0,dense_habitable,True,4,36,119,141,"SLV Mansion (Ultra Luxury, TAM 22) | Thirumargadarshi Bethel Heights (Premium Luxury, TAM 24) | Shagna Nirmaan (Elite Luxury, TAM 12) | Sunshine (Premium Luxury, TAM 12) | Embassy Pristine (Elite Luxury, TAM 424)","Trilife Hospital (Ultra Premium, 1.6 min) | Cloudnine Hospital - HRBR (Ultra Premium, 4.2 min) | Cura Hospitals (Ultra Premium, 1.4 min) | Shishuka Children's Specialty Hospital (Ultra Premium, 3.4 min) | Cloudnine Hospital - Whitefield (Ultra Premium, 9.9 min)",
88,8760145a6ffffff,Kempambudhi Ward-N.R Colony,53.4164,Mixed / Watchlist,local_signal,1.0,0.0,818.0,818.0,818.0,0.0,0.0,0.0,0.0,1029.0,1689.53,5827.931279620854,Mid-Segment,0.07678804409556307,,,0.666035,0.767075,0.900982,0.41011,0.08225,0.999737,dense_habitable,True,41,78,117,140,"Brigade Vintage (Super Luxury, TAM 150) | G R Templeton (Ultra Luxury, TAM 60) | Brigade Hill View  (Ultra Luxury, TAM 48) | Ascent Veda (Ultra Luxury, TAM 40) | Jains Sankalp (Ultra Luxury, TAM 29)","Cloudnine Hospital - Jayanagar (Ultra Premium, 6.0 min) | Rangadore Memorial Hospital (Ultra Premium, 2.4 min) | Apollo Speciality Hospitals (Ultra Premium, 5.9 min) | Sagar Chandramma Hospitals (Super Premium, 2.5 min) | Aster RV Hospital (Ultra Premium, 12.2 min)",
89,8761892e8ffffff,Old Baiyappanahalli-Maruthi Seva Nagara,53.2629,Mixed / Watchlist,local_signal,1.0,0.0,471.0,471.0,471.0,0.0,0.0,0.0,0.0,562.73,1147.28,2391.360946745562,Affordable,0.022652105527882962,,,0.566016,0.664373,0.933103,0.129151,0.647994,0.682689,habitable,True,23,109,204,165,"Koncept Ambience Downtown (Elite Luxury, TAM 124) | Fairmount Towers Apartments (Premium Luxury, TAM 70) | Vineyard Residency (Premium Luxury, TAM 56) | EGPI Arcadia (Premium Luxury, TAM 43) | Rita Manor (Ultra Luxury, TAM 12)","Cloudnine Hospital - Whitefield (Ultra Premium, 4.8 min) | Trilife Hospital (Ultra Premium, 7.6 min) | Manipal Hospitals Old Airport Road (Ultra Premium, 10.8 min) | Vikram Aura Hospital (Ultra Premium, 10.1 min) | Cloudnine Hospital - HRBR (Ultra Premium, 9.9 min)",
90,876014512ffffff,Bangarappa Nagara-Rajarajeshwari Nagara,51.8433,Mixed / Watchlist,local_signal,0.9333,0.0,146.0,146.0,146.0,0.0,0.0,0.0,0.0,228.22,982.39,3750.0,Mid-Segment,0.12145553196508611,,,0.482122,0.671261,0.728844,0.241117,0.865271,0.809523,dense_habitable,True,4,6,16,89,"Lakshmiwan Lawns (Ultra Luxury, TAM 41) | Essem18 Kumaravana (Premium Luxury, TAM 91) | Krishnas Garden (Elite Luxury, TAM 8) | Shree Hayagriva Sadana (Super Luxury, TAM 6) | Elegant Tranquility (Premium Luxury, TAM 321)","Pathway Hospitals (Ultra Premium, 2.7 min) | SS Sparsh Hospital (Ultra Premium, 4.2 min) | DHEE Hospitals (Ultra Premium, 11.7 min) | Aster RV Hospital (Ultra Premium, 16.7 min) | Motherhood Hospital (Ultra Premium, 13.6 min)",
91,876189262ffffff,Veerasandra-Chikkathoguru,51.2404,Mixed / Watchlist,local_signal,0.9,0.0,976.0,976.0,976.0,0.0,0.0,0.0,0.0,991.74,1420.14,5447.291106514996,Mid-Segment,0.0,4.0,33.9,0.592389,0.660889,0.68868,0.472466,0.285352,0.657059,habitable,True,2,5,17,66,"Sobha Silicon Oasis (Elite Luxury, TAM 917) | LGCL Pueblo (Ultra Luxury, TAM 59) | Chartered Grasshopper (Elite Luxury, TAM 56) | Manya MagnaVille (Premium Luxury, TAM 72) | V Venture Eva (Premium Luxury, TAM 27)","Kauvery Hospitals (Ultra Premium, 2.8 min) | Springleaf Healthcare (Ultra Premium, 1.3 min) | Apollo Cradle & Children's Hospital (Super Premium, 5.5 min) | Lotus Multispeciality Center (Ultra Premium, 15.5 min) | E City Hospitals (Super Premium, 4.3 min)",
92,8761892eeffffff,Banaswadi-Kasturi Nagar,50.7726,Mixed / Watchlist,local_signal,1.0,0.0,151.0,151.0,151.0,0.0,0.0,0.0,0.0,285.14,659.64,8986.83443708609,Affordable,0.13930528809329115,4.0,10.406976744186046,0.467928,0.591327,0.872673,0.522916,0.349203,0.713898,habitable,True,5,11,34,130,"Jalvayu Towers (Ultra Luxury, TAM 80) | Annciyas Classic Paradise (Super Luxury, TAM 44) | Elegant Pavilion (Premium Luxury, TAM 16) | RK Mansion (Premium Luxury, TAM 7) | KP Villa (Premium Luxury, TAM 4)","Cloudnine Hospital - Whitefield (Ultra Premium, 2.9 min) | Cloudnine Hospital - HRBR (Ultra Premium, 7.5 min) | Trilife Hospital (Ultra Premium, 9.0 min) | Manipal Hospitals Old Airport Road (Ultra Premium, 13.8 min) | Surgecare Super Speciality Hospital (Ultra Premium, 5.9 min)",
93,87618924dffffff,Anjanapura-Harinagar,50.6984,Mixed / Watchlist,local_signal,1.0,0.0,713.0,713.0,713.0,0.0,0.0,0.0,0.0,718.4,1486.6,9510.456034482757,Mid-Segment,0.08412056864208389,2.1333333333333333,26.187216681776974,0.576392,0.711893,0.712816,0.638246,0.016392,0.599199,habitable,True,5,6,23,83,"Epitome Elan (Elite Luxury, TAM 196) | NCC Urban Lake Springs (Premium Luxury, TAM 272) | Anand Somu Pristine (Super Luxury, TAM 129) | Anand Somu Aarush (Elite Luxury, TAM 56) | Nandi Garden (Premium Luxury, TAM 60)","Aster RV Hospital (Ultra Premium, 12.8 min) | DHEE Hospitals (Ultra Premium, 8.5 min) | Apollo Hospital (Ultra Premium, 11.8 min) | Fortis Hospital (Ultra Premium, 12.0 min) | Astra Superspeciality Hospital (Super Premium, 6.1 min)",
94,876189268ffffff,Basavanapura,50.6015,Mixed / Watchlist,local_signal,0.9333,0.0,2000.0,2000.0,2000.0,0.0,0.0,0.0,0.0,2064.86,2348.44,1907.0,Affordable,0.0,,,0.656128,0.737572,0.603197,0.160254,0.489627,0.432874,sparse_habitable,True,1,6,11,62,"Godrej Vanantara (Ultra Luxury, TAM 2,000) | Jains Aashraya (Ultra Luxury, TAM 142) | Ishana Hallmark Woods (Premium Luxury, TAM 73) | Puravankara Purva Smiling Willows (Elite Luxury, TAM 207) | Puravankara The Sound of Water (Elite Luxury, TAM 207)","Apollo Hospital (Ultra Premium, 14.0 min) | Fortis Hospital (Ultra Premium, 14.2 min) | Aster RV Hospital (Ultra Premium, 19.6 min) | DHEE Hospitals (Ultra Premium, 18.0 min) | Cadabams Hospitals (Ultra Premium, 18.4 min)",
95,8761892c5ffffff,Banaswadi-Babusab Palya,50.3971,Mixed / Watchlist,local_signal,1.0,0.0,702.0,702.0,702.0,0.0,0.0,0.0,0.0,711.3,882.27,5166.534109816972,Mixed - Affordable leaning,0.021215016977436725,2.4201183431952664,21.808522727272724,0.517909,0.570662,0.8671,0.404809,0.377904,0.979665,dense_habitable,True,8,11,24,112,"Prestige Gulmohar (Super Luxury, TAM 404) | VSR Tranquil (Super Luxury, TAM 183) | SLS Spencer (Ultra Luxury, TAM 42) | PMR The Address (Ultra Luxury, TAM 30) | Park Side Apartment (Super Luxury, TAM 15)","Cloudnine Hospital - HRBR (Ultra Premium, 1.1 min) | Trilife Hospital (Ultra Premium, 3.5 min) | IIGU Hospital-Indus Institute of Gastro Uro (Ultra Premium, 1.6 min) | Shishuka Children's Specialty Hospital (Ultra Premium, 6.4 min) | Cura Hospitals (Ultra Premium, 5.8 min)",
96,8761892c2ffffff,Doddagubbi,50.3575,Mixed / Watchlist,local_signal,0.6667,0.0,4144.0,4144.0,4090.0,0.0,0.0,0.0,0.0,4271.52,4738.06,6900.0,Affordable,0.02106470069814779,,,0.747534,0.831871,0.632198,0.362693,0.0,0.439357,sparse_habitable,True,6,14,20,62,"Project by Purvankara (Super Luxury, TAM 2,600) | Purva Palm Beach (Premium Luxury, TAM 1,323) | Living Walls Secret Soil (Elite Luxury, TAM 78) | Ramky Serene Woods (Premium Luxury, TAM 61) | MIMS Northdale (Elite Luxury, TAM 28)","Cloudnine Hospital - HRBR (Ultra Premium, 14.0 min) | Trilife Hospital (Ultra Premium, 16.4 min) | Shishuka Children's Specialty Hospital (Ultra Premium, 14.2 min) | Cura Hospitals (Ultra Premium, 15.4 min) | Cloudnine Hospital (Super Premium, 11.0 min)",
97,8760145a0ffffff,Swamy Vivekananda Ward-Deepanjali Nagara,50.2143,Mixed / Watchlist,local_signal,1.0,0.0,27.0,27.0,27.0,0.0,0.0,0.0,0.0,233.98,649.04,9848.163820366857,Mid-Segment,0.21552581679168173,2.0,34.324,0.4428,0.609579,0.844276,0.670462,0.255298,1.0,dense_habitable,True,3,11,39,124,"Vani Vilasa (Ultra Luxury, TAM 9) | Tirumala Greens (Ultra Luxury, TAM 8) | Fountain Head Residency Phase l (Premium Luxury, TAM 10) | Prestige South Ridge (Elite Luxury, TAM 340) | Sobha Royal Crest (Elite Luxury, TAM 658)","Cloudnine Hospital - Jayanagar (Ultra Premium, 9.3 min) | Kusuma Hospital (Ultra Premium, 1.7 min) | Aster RV Hospital (Ultra Premium, 12.7 min) | Apollo Speciality Hospitals (Ultra Premium, 9.1 min) | Rangadore Memorial Hospital (Ultra Premium, 7.6 min)",
98,876016944ffffff,Shinganayakanahalli,49.8115,Mixed / Watchlist,local_signal,0.8667,0.0,3128.0,3128.0,3128.0,0.0,0.0,0.0,0.0,3158.29,3317.71,2066.0,Mid-Segment,0.0,,,0.692639,0.710966,0.398911,0.165166,0.424951,0.31597,sparse_habitable,True,19,22,40,26,"Vajram Tiara (Ultra Luxury, TAM 237) | BCIL ZED Earth Villas & Town Houses (Ultra Luxury, TAM 139) | Prestige Woodside (Ultra Luxury, TAM 132) | Prestige Garden Bay (Elite Luxury, TAM 184) | CKPC Winds of Change (Premium Luxury, TAM 438)","Maarga (Ultra Premium, 9.8 min) | Aster CMI Hospital (Ultra Premium, 19.8 min) | Mind and Brain hospital (Ultra Premium, 20.0 min) | Manipal Hospital (Super Premium, 15.0 min) | Aveksha Hospital (Ultra Premium, 18.4 min)",
99,876014586ffffff,Basaveshwara Nagara,49.744,Mixed / Watchlist,local_signal,1.0,0.0,26.0,26.0,26.0,0.0,0.0,0.0,0.0,38.23,952.27,14015.844173441736,Premium Candidate,0.5335571736366063,3.0,10.282611464968152,0.322386,0.657179,0.840003,0.826576,0.383344,1.0,dense_habitable,True,3,8,59,114,"Tirumala Elite (Elite Luxury, TAM 12) | Maruthi Nivas (Super Luxury, TAM 6) | MK Apartments (Premium Luxury, TAM 8) | Sri Nethravathi Aparments (Premium Luxury, TAM 12) | D.E.C Sukriti Apartments (Premium Luxury, TAM 110)","People Tree Hospitals (Ultra Premium, 8.7 min) | Manipal Hospital Malleshwaram (Super Premium, 7.4 min) | OPTIMA Super Speciality Hospital  (Premium, 3.0 min) | RxDx Healthcare (Ultra Premium, 6.6 min) | Sanjeevini MultispecialIty Hospital (Premium, 3.1 min)",
100,8761892e2ffffff,T.C Palya-Bhattarahalli,49.288,Mixed / Watchlist,local_signal,1.0,0.0,0.0,0.0,0.0,0.0,0.0,0.0,0.0,167.08,971.29,6874.0,Affordable,5.311609313402697e-05,,,0.426641,0.662388,0.765481,0.338697,0.663508,0.854704,dense_habitable,True,0,8,28,77,"RJ Lake Gardenia (Elite Luxury, TAM 171) | Pride Euphora (Ultra Luxury, TAM 212) | Prive (Super Luxury, TAM 36) | Sks Garden (Premium Luxury, TAM 50) | Pashmina Waterfront (Elite Luxury, TAM 725)","Altor Hospital (Super Premium, 1.9 min) | Aster Women & Children Hospital (Ultra Premium, 12.6 min) | Cloudnine Hospital - HRBR (Ultra Premium, 12.2 min) | Aster Whitefield Hospital (Ultra Premium, 12.6 min) | Cloudnine Hospital - Whitefield (Ultra Premium, 12.8 min)",no_direct_society_tam
101,87618924bffffff,Kane Muneshwara Ward-Sarvabhouma Nagar,49.1814,Mixed / Watchlist,local_signal,1.0,0.0,209.0,209.0,209.0,0.0,0.0,0.0,0.0,646.97,2064.34,4992.162440027416,Mixed - Affordable leaning,0.09279216651019064,4.0,14.4,0.543231,0.766206,0.82327,0.415313,0.233013,0.97117,dense_habitable,True,5,14,38,115,"Oasis Nine (Luxury, TAM 150) | Global Residency (Super Luxury, TAM 36) | Chandrika Apartments (Super Luxury, TAM 8) | Divine Apartments (Elite Luxury, TAM 6) | Vasista Apartments (Premium Luxury, TAM 9)","Aster RV Hospital (Ultra Premium, 8.5 min) | Cloudnine Hospital - Jayanagar (Ultra Premium, 10.2 min) | Astra Superspeciality Hospital (Super Premium, 3.9 min) | DHEE Hospitals (Ultra Premium, 7.2 min) | Cadabams Hospitals (Ultra Premium, 7.9 min)",
102,876189228ffffff,Thigalachowdadenahalli,48.5631,Mixed / Watchlist,local_signal,0.6667,0.0,4415.0,4415.0,4415.0,0.0,0.0,0.0,0.0,4475.85,5911.76,8010.000000000001,Mid-Segment,0.0,,,0.798308,0.926231,0.588025,0.330199,0.0,0.476439,sparse_habitable,True,5,7,18,37,"DSR The Address (Ultra Luxury, TAM 1,372) | Brigade Sanctuary (Ultra Luxury, TAM 1,275) | Neobuild Mana Skanda The Right Life T145 (Ultra Luxury, TAM 592) | Forest Province at Mana Skanda The Right Life (Ultra Luxury, TAM 526) | Neobuild The Right Life (Super Luxury, TAM 650)","Belenus Champion Hospital (Ultra Premium, 14.3 min) | Sakra World Hospital (Ultra Premium, 21.0 min) | Kauvery Hospital (Ultra Premium, 18.6 min) | Apollo Clinic (Ultra Premium, 22.1 min) | Manipal Hospital (Ultra Premium, 23.8 min)",
103,876014595ffffff,Peenya-Dr. Puneeth Rajkumar Ward,47.6406,Mixed / Watchlist,local_signal,1.0,0.0,1122.0,1122.0,1122.0,0.0,0.0,0.0,0.0,1224.96,1984.91,,Premium,0.4192463559709785,,,0.603197,0.748165,0.827786,0.240212,0.215856,0.821353,dense_habitable,True,5,11,37,113,"Golden Grand (Super Luxury, TAM 520) | Godrej Tiara (Elite Luxury, TAM 346) | 43 Privet Drive (Premium Luxury, TAM 204) | Rubby Castle 1 (Premium Luxury, TAM 40) | Sri Nethravathi Aparments (Premium Luxury, TAM 12)","People Tree Hospitals (Ultra Premium, 2.0 min) | SPARSH Hospital (Premium, 2.7 min) | Manipal Hospital Malleshwaram (Super Premium, 8.2 min) | Smiles Institute of Gastroenterology (Ultra Premium, 8.1 min) | RxDx Healthcare (Ultra Premium, 7.6 min)",
104,876016963ffffff,Ramagondanahalli,47.6007,Mixed / Watchlist,local_signal,0.8667,0.0,326.0,326.0,326.0,0.0,0.0,0.0,0.0,487.75,1106.5,6250.0,Premium,0.3718601328728983,,55.2,0.493662,0.62585,0.541829,0.464577,0.405924,0.449301,sparse_habitable,True,5,29,54,44,"Peacock Garden (Premium Luxury, TAM 94) | Greens Square (Premium Luxury, TAM 80) | Js Sunflower (Premium Luxury, TAM 60) | Legacy Ariston (Premium Luxury, TAM 56) | Peace Paramount (Premium Luxury, TAM 36)","Maarga (Ultra Premium, 8.8 min) | Aveksha Hospital (Ultra Premium, 9.1 min) | Aster CMI Hospital (Ultra Premium, 20.2 min) | People Tree Hospitals (Ultra Premium, 20.9 min) | Mind and Brain hospital (Ultra Premium, 20.5 min)",
105,87618926bffffff,Anjanapura-Doddakammanahalli,47.4933,Mixed / Watchlist,local_signal,1.0,0.0,142.0,142.0,142.0,0.0,0.0,0.0,0.0,254.51,1100.31,4199.510835913313,Mid-Segment,0.0,,,0.49171,0.682129,0.396515,0.334512,0.560076,0.610744,habitable,True,1,7,20,25,"Jains Aashraya (Ultra Luxury, TAM 142) | Himagiri Meadows (Ultra Luxury, TAM 357) | Sattva Aqua Vista (Elite Luxury, TAM 181) | Casagrand Hazen (Premium Luxury, TAM 622) | Anand Somu Aarush (Elite Luxury, TAM 56)","Kauvery Hospitals (Ultra Premium, 19.0 min) | Springleaf Healthcare (Ultra Premium, 17.6 min) | Lotus Multispeciality Center (Ultra Premium, 29.0 min) | Apollo Cradle & Children's Hospital (Super Premium, 19.1 min) | Greenview Medical Center (Ultra Premium, 30.2 min)",
106,876189211ffffff,Bangalore East-Channasandra,47.4394,Mixed / Watchlist,local_signal,0.9,0.0,650.0,650.0,650.0,0.0,0.0,0.0,0.0,675.62,1063.22,7246.584734364492,Mixed - Mid-Segment leaning,0.08863420808231134,2.0,26.444046400545886,0.560506,0.643684,0.492394,0.588429,0.214387,0.429782,sparse_habitable,True,5,9,33,23,"Birla Alokya (Elite Luxury, TAM 218) | Sri Sumeru Samethana Lakefront (Super Luxury, TAM 198) | Goyal & Co Hariyana Group Riviera Uno (Elite Luxury, TAM 137) | Raffles Park (Elite Luxury, TAM 61) | Ranav Tranquil Haven (Elite Luxury, TAM 36)","Aster Women & Children Hospital (Ultra Premium, 13.8 min) | Aster Whitefield Hospital (Ultra Premium, 13.8 min) | RxDx Healthcare (Ultra Premium, 17.4 min) | Kinder Women's Hospital and Fertility Centre (Ultra Premium, 19.0 min) | Kauvery Hospital (Ultra Premium, 19.3 min)",
107,8761892abffffff,Nimbekayipura,47.4181,Mixed / Watchlist,local_signal,0.6667,0.0,4690.0,4690.0,4690.0,0.0,0.0,0.0,0.0,4735.53,5791.93,4200.0,Affordable,0.0,,10.5,0.791151,0.899889,0.258304,0.261196,0.0,0.311644,sparse_habitable,True,5,7,14,21,"Sobha One World (Ultra Luxury, TAM 3,484) | Brigade Citrine (Ultra Luxury, TAM 420) | Brigade Golden Triangle (Premium Luxury, TAM 672) | NVT Under The Open Sky (Elite Luxury, TAM 74) | Sobha Galera (Elite Luxury, TAM 40)","Aster Women & Children Hospital (Ultra Premium, 26.4 min) | Aster Whitefield Hospital (Ultra Premium, 26.4 min) | Kinder Women's Hospital and Fertility Centre (Ultra Premium, 25.5 min) | RxDx Healthcare (Ultra Premium, 28.1 min) | Altor Hospital (Super Premium, 18.9 min)",
108,8760145a5ffffff,Kamakya Layout-Subramanyapura,47.1846,Mixed / Watchlist,local_signal,0.9,0.0,678.0,678.0,678.0,0.0,0.0,0.0,0.0,733.64,988.76,6127.196702002355,Mid-Segment,0.03387438461473948,1.0,14.920212765957446,0.564306,0.628269,0.800411,0.480736,0.000101,0.889033,dense_habitable,True,5,9,17,113,"Prestige South Ridge (Elite Luxury, TAM 340) | Sterling Terraces (Elite Luxury, TAM 288) | Tata Promont (Ultra Luxury, TAM 36) | Prema Ganga (Ultra Luxury, TAM 8) | Shri Lalitha (Super Luxury, TAM 6)","Aster RV Hospital (Ultra Premium, 11.8 min) | Cloudnine Hospital - Jayanagar (Ultra Premium, 11.8 min) | Pathway Hospitals (Ultra Premium, 6.4 min) | SS Sparsh Hospital (Ultra Premium, 7.9 min) | DHEE Hospitals (Ultra Premium, 10.2 min)",
109,8761892f4ffffff,Bidare Agrahara,47.1196,Mixed / Watchlist,local_signal,0.7667,0.0,1167.0,1167.0,1167.0,0.0,0.0,0.0,0.0,1295.5,4096.32,5489.0,Mid-Segment,0.0,,,0.68008,0.899405,0.558056,0.289315,0.0,0.423236,sparse_habitable,True,6,12,47,47,"Assetz Bloom & Dell (Ultra Luxury, TAM 394) | DSR Elixir (Elite Luxury, TAM 282) | Concorde Eleve (Ultra Luxury, TAM 136) | Sobha Halcyon (Super Luxury, TAM 175) | Manani Lake Vista (Premium Luxury, TAM 130)","Aster Women & Children Hospital (Ultra Premium, 17.3 min) | Aster Whitefield Hospital (Ultra Premium, 17.3 min) | Kinder Women's Hospital and Fertility Centre (Ultra Premium, 16.3 min) | RxDx Healthcare (Ultra Premium, 19.0 min) | Altor Hospital (Super Premium, 9.7 min)",
110,8760145a2ffffff,Bapuji Nagara,46.5905,Mixed / Watchlist,local_signal,1.0,0.0,6.0,6.0,6.0,0.0,0.0,0.0,0.0,404.17,1432.86,3750.0,Affordable,0.04849588848384476,,29.300000000000004,0.512455,0.739585,0.882922,0.261587,0.261245,0.979349,dense_habitable,True,1,8,43,138,"Dwaraka Apartments (Ultra Luxury, TAM 6) | Shapoorji Pallonji Parkwest Cedar Tower 8 (Ultra Luxury, TAM 2,250) | Shapoorji Pallonji Parkwest Sequoia (Ultra Luxury, TAM 182) | Sri Sai Durga (Super Luxury, TAM 72) | Imperium Nagnoors Park View (Ultra Luxury, TAM 12)","Cloudnine Hospital - Jayanagar (Ultra Premium, 11.9 min) | Rangadore Memorial Hospital (Ultra Premium, 6.8 min) | HCG  - The Specialist in Cancer Care (Ultra Premium, 9.3 min) | Kusuma Hospital (Ultra Premium, 5.8 min) | Apollo Hospitals (Ultra Premium, 9.2 min)",
111,876189249ffffff,Anjanapura-Vasanthapura,46.4234,Mixed / Watchlist,local_signal,0.9,0.0,680.0,680.0,680.0,0.0,0.0,0.0,0.0,1046.96,1876.65,4832.532319391635,Mid-Segment,0.039052044334315715,,19.323870967741936,0.608393,0.768672,0.745757,0.398586,0.0,0.647236,habitable,True,2,12,23,86,"Assetz Meru and Meadow (Ultra Luxury, TAM 468) | Comfort Heights (Ultra Luxury, TAM 212) | Prestige Falcon City (Elite Luxury, TAM 2,520) | Mahindra Eden (Ultra Luxury, TAM 270) | Magnolia (Super Luxury, TAM 176)","DHEE Hospitals (Ultra Premium, 1.4 min) | Aster RV Hospital (Ultra Premium, 10.8 min) | Astra Superspeciality Hospital (Super Premium, 4.1 min) | Fortis Hospital (Ultra Premium, 12.5 min) | Cloudnine Hospital - Jayanagar (Ultra Premium, 14.4 min)",
112,876189260ffffff,Maragondanahalli,44.8275,Mixed / Watchlist,local_signal,0.7667,0.0,3489.0,3489.0,2039.0,0.0,0.0,0.0,0.0,3648.8,3947.33,,Premium,0.3908206881812353,,,0.674617,0.728224,0.594402,0.264964,0.023702,0.600867,habitable,True,9,11,14,52,"Shriram Signia (Ultra Luxury, TAM 348) | Prestige Sunrise Park Brichwood (Premium Luxury, TAM 864) | Concorde Cuppertino (Elite Luxury, TAM 182) | Keya The Lake Terraces (Premium Luxury, TAM 387) | Laa Moonstone Apartment (Super Luxury, TAM 120)","Kauvery Hospitals (Ultra Premium, 6.2 min) | Springleaf Healthcare (Ultra Premium, 6.8 min) | Cloudnine Hospital - Electronics City (Super Premium, 6.7 min) | E City Hospitals (Super Premium, 4.7 min) | Apollo Cradle & Children's Hospital (Super Premium, 11.2 min)",
113,876014c90ffffff,Jigani-Harapanahalli,44.8177,Mixed / Watchlist,local_signal,0.82,0.0,700.0,700.0,700.0,0.0,0.0,0.0,0.0,728.72,788.31,4206.608695652173,Premium Candidate,0.20489968801455932,5.0,42.9,0.502634,0.513647,0.256836,0.454966,0.63514,0.561461,habitable,True,2,4,6,16,"Lodha Bannerghatta (Ultra Luxury, TAM 550) | Nandini Paradise (Premium Luxury, TAM 150) | Nandana Shelters (Premium Luxury, TAM 204) | Maxx New Town (Premium Luxury, TAM 87)","Vijayashree Hospitals (Super Premium, 3.3 min) | Kauvery Hospitals (Ultra Premium, 19.7 min) | Cloudnine Hospital - Electronics City (Super Premium, 14.3 min) | Mazumdar Shaw Medical Center (Premium, 15.9 min) | Springleaf Healthcare (Ultra Premium, 24.3 min)",
114,876014533ffffff,Talagattapura,44.7035,Mixed / Watchlist,local_signal,0.82,0.0,434.0,434.0,434.0,0.0,0.0,0.0,0.0,528.34,804.58,7577.128640776699,Mid-Segment,0.08103397291428369,2.071974808816914,20.33783175888439,0.526132,0.611708,0.578974,0.60814,0.119767,0.178265,low_building_evidence,True,1,4,9,46,"Total Environment The Magic Faraway Tree (Elite Luxury, TAM 434) | Purva Park Hill (Ultra Luxury, TAM 492) | Casagrand Casablanca (Ultra Luxury, TAM 805) | Mantri Courtyard (Ultra Luxury, TAM 174)","DHEE Hospitals (Ultra Premium, 10.0 min) | Aster RV Hospital (Ultra Premium, 19.5 min) | Astra Superspeciality Hospital (Super Premium, 12.7 min) | Fortis Hospital (Ultra Premium, 21.1 min) | Pathway Hospitals (Ultra Premium, 15.7 min)",
115,8761892c6ffffff,Ramapura,44.5771,Mixed / Watchlist,local_signal,0.6867,0.0,595.0,595.0,595.0,0.0,0.0,0.0,0.0,665.38,999.12,11650.0,Mid-Segment,0.13622271649638226,,5.4,0.53579,0.613901,0.683596,0.523188,0.0,0.367151,sparse_habitable,True,1,4,10,68,"Total Environment In That Quiet Earth (Elite Luxury, TAM 595) | Prestige Augusta Golf Village (Elite Luxury, TAM 460) | Neeraja Serenity (Ultra Luxury, TAM 48) | Oceanus Tranquil (Aspirational Premium, TAM 305)","Cloudnine Hospital - HRBR (Ultra Premium, 10.1 min) | Trilife Hospital (Ultra Premium, 12.5 min) | Shishuka Children's Specialty Hospital (Ultra Premium, 14.7 min) | IIGU Hospital-Indus Institute of Gastro Uro (Ultra Premium, 10.7 min) | Surgecare Super Speciality Hospital (Ultra Premium, 11.7 min)",
116,8761892c0ffffff,Horamavu,44.2666,Mixed / Watchlist,local_signal,0.9333,0.0,319.0,319.0,319.0,0.0,0.0,0.0,0.0,545.64,1579.23,4707.669966996699,Affordable,0.0,3.0,9.0,0.549187,0.728431,0.768399,0.329188,0.023981,0.549634,habitable,True,1,10,24,87,"Sobha Victoria Park (Super Luxury, TAM 319) | SLS Spencer (Ultra Luxury, TAM 42) | Total Environment In That Quiet Earth (Elite Luxury, TAM 595) | Purva Palm Beach (Premium Luxury, TAM 1,323) | Neeraja Serenity (Ultra Luxury, TAM 48)","Cloudnine Hospital - HRBR (Ultra Premium, 6.4 min) | Trilife Hospital (Ultra Premium, 8.9 min) | Shishuka Children's Specialty Hospital (Ultra Premium, 9.8 min) | IIGU Hospital-Indus Institute of Gastro Uro (Ultra Premium, 7.0 min) | Cura Hospitals (Ultra Premium, 11.1 min)",
117,876016971ffffff,Gantiganahalli,44.2007,Mixed / Watchlist,local_signal,0.8667,0.0,87.0,87.0,87.0,0.0,0.0,0.0,0.0,225.78,726.72,6949.000000000001,Premium,0.35,,,0.408939,0.570719,0.361477,0.408259,0.584617,0.212447,low_building_evidence,True,1,14,25,23,"DS Max Streak Nest (Premium Luxury, TAM 87) | Sobha Althea (Ultra Luxury, TAM 176) | Shriram Sahaana (Premium Luxury, TAM 364) | Vajram Tiara (Ultra Luxury, TAM 237) | Skanda Serene (Premium Luxury, TAM 183)","Maarga (Ultra Premium, 12.0 min) | Aster CMI Hospital (Ultra Premium, 22.0 min) | Manipal Hospital (Super Premium, 12.1 min) | Mind and Brain hospital (Ultra Premium, 22.3 min) | Aveksha Hospital (Ultra Premium, 20.6 min)",
118,8760145a3ffffff,Attigupe-Hampi Nagar,44.0927,Mixed / Watchlist,local_signal,1.0,0.0,0.0,0.0,0.0,0.0,0.0,0.0,0.0,80.09,579.37,14380.851063829787,Premium,0.5504663965788064,,,0.323253,0.548206,0.791273,0.704975,0.244002,0.98623,dense_habitable,True,0,5,13,109,"Sattva Divinity (Super Luxury, TAM 824) | Shakti Apartment (Super Luxury, TAM 72) | Fountain Head Residency Phase l (Premium Luxury, TAM 10) | Birla Apple Spire (Premium, TAM 150) | Madhur Apartments (Super Luxury, TAM 9)","Brains Super Speciality Hospital (Ultra Premium, 4.9 min) | SS Sparsh Hospital (Ultra Premium, 8.6 min) | Aster RV Hospital (Ultra Premium, 17.2 min) | Kusuma Hospital (Ultra Premium, 8.9 min) | Cloudnine Hospital - Jayanagar (Ultra Premium, 17.1 min)",no_direct_society_tam
119,876189263ffffff,Chikkathoguru-Maragondanahalli,43.8826,Mixed / Watchlist,local_signal,0.9,0.0,351.0,351.0,351.0,0.0,0.0,0.0,0.0,419.55,823.88,5285.3015873015875,Affordable,0.04852473951809904,5.0,2.9,0.471521,0.576459,0.693681,0.374126,0.259548,0.515491,habitable,True,3,8,14,70,"Manyata Silverwoods (Premium Luxury, TAM 227) | Ajmera Villows (Elite Luxury, TAM 52) | Manya MagnaVille (Premium Luxury, TAM 72) | Concorde Cuppertino (Elite Luxury, TAM 182) | Royal Developers And Promoters Sri Krishna Avenue (Premium Luxury, TAM 82)","Kauvery Hospitals (Ultra Premium, 4.9 min) | Cloudnine Hospital - Electronics City (Super Premium, 2.0 min) | Springleaf Healthcare (Ultra Premium, 6.0 min) | E City Hospitals (Super Premium, 3.0 min) | Lotus Multispeciality Center (Ultra Premium, 15.2 min)",
120,876014532ffffff,Talagattapura,43.7802,Mixed / Watchlist,local_signal,0.6667,0.0,1667.0,1667.0,1667.0,0.0,0.0,0.0,0.0,1710.75,2000.12,3300.0,Affordable,0.0,,8.2,0.658471,0.723257,0.637248,0.184582,0.0,0.284805,sparse_habitable,True,4,6,14,67,"Casagrand Casablanca (Ultra Luxury, TAM 805) | Purva Park Hill (Ultra Luxury, TAM 492) | Mahindra Eden (Ultra Luxury, TAM 270) | Mahaghars Vajra (Elite Luxury, TAM 100) | Total Environment The Magic Faraway Tree (Elite Luxury, TAM 434)","DHEE Hospitals (Ultra Premium, 8.0 min) | Aster RV Hospital (Ultra Premium, 15.5 min) | Astra Superspeciality Hospital (Super Premium, 8.8 min) | Apollo Hospital (Ultra Premium, 17.8 min) | Fortis Hospital (Ultra Premium, 18.0 min)",
121,876016965ffffff,Thindlu-Vidyaranyapura,43.1553,Mixed / Watchlist,local_signal,0.9,0.0,964.0,964.0,107.0,0.0,0.0,0.0,0.0,979.38,1666.82,6469.0,Mid-Segment,0.00025722957522466455,,,0.508838,0.659174,0.743351,0.36641,0.004349,0.667725,habitable,True,4,10,45,85,"Nipuna Heritage (Premium Luxury, TAM 87) | Aster Apartments (Elite Luxury, TAM 20) | Prestige Willow Tree (Aspirational Premium, TAM 451) | Sushantham Phase 1 (Aspirational Premium, TAM 406) | Sreenidhi Jeevanadi Sanskar (Elite Luxury, TAM 54)","Aster CMI Hospital (Ultra Premium, 7.6 min) | Mind and Brain hospital (Ultra Premium, 5.1 min) | People Tree Hospitals (Ultra Premium, 12.8 min) | Aveksha Hospital (Ultra Premium, 6.2 min) | Medstar Speciality Hospital (Ultra Premium, 5.7 min)",
122,876189250ffffff,Yamalur,43.0397,Mixed / Watchlist,local_signal,0.8667,0.0,84.0,84.0,84.0,0.0,0.0,0.0,0.0,229.2,1793.39,,Affordable,0.0,,,0.480505,0.771126,0.861262,0.04,0.30336,0.166216,low_building_evidence,True,1,20,79,132,"Sriven Splendour (Ultra Luxury, TAM 84) | Sobha Daisy (Elite Luxury, TAM 183) | Sobha Dahlia (Super Luxury, TAM 236) | Sobha Jasmine (Elite Luxury, TAM 264) | Rema Skyview Apartments (Ultra Luxury, TAM 72)","Manipal Hospitals Old Airport Road (Ultra Premium, 6.8 min) | Apollo Spectra Hospitals (Ultra Premium, 12.3 min) | Sakra World Hospital (Ultra Premium, 14.0 min) | Cloudnine Hospital - Whitefield (Ultra Premium, 13.5 min) | Vikram Aura Hospital (Ultra Premium, 15.2 min)",
123,876014590ffffff,HMT Ward,42.8595,Mixed / Watchlist,local_signal,0.8,0.0,8.0,8.0,8.0,0.0,0.0,0.0,0.0,8.0,402.87,9759.12,Mid-Segment,0.23426817626791302,1.981818181818182,3.4285714285714284,0.167542,0.514506,0.791622,0.664557,0.651914,0.555588,habitable,True,1,1,22,101,"Sharadha Residency (Elite Luxury, TAM 8)","People Tree Hospitals (Ultra Premium, 5.7 min) | Aster CMI Hospital (Ultra Premium, 12.0 min) | Smiles Institute of Gastroenterology (Ultra Premium, 5.3 min) | Mind and Brain hospital (Ultra Premium, 10.0 min) | SPARSH Hospital (Premium, 6.1 min)",
124,8761892f1ffffff,Kitthaganur,42.6624,Mixed / Watchlist,local_signal,1.0,0.0,452.0,452.0,147.0,0.0,0.0,0.0,0.0,501.22,807.62,6257.88122605364,Affordable,0.04955324711049935,,20.8,0.462394,0.567034,0.704812,0.39486,0.209441,0.661038,habitable,True,3,5,10,66,"DRK Bellagio (Ultra Luxury, TAM 76) | Hebron Enclave (Elite Luxury, TAM 71) | Oceanus Tranquil (Aspirational Premium, TAM 305) | Brigade Lakecrest (Super Luxury, TAM 604) | Natureville Beyond (Super Luxury, TAM 110)","Cloudnine Hospital - HRBR (Ultra Premium, 11.0 min) | Trilife Hospital (Ultra Premium, 13.4 min) | Aster Women & Children Hospital (Ultra Premium, 16.7 min) | Aster Whitefield Hospital (Ultra Premium, 16.7 min) | Altor Hospital (Super Premium, 6.8 min)",
125,87618926effffff,Mylasandra,42.4983,Mixed / Watchlist,local_signal,0.7667,0.0,62.0,62.0,62.0,0.0,0.0,0.0,0.0,122.49,1071.76,5166.0,Mid-Segment,0.0,,,0.446036,0.683322,0.659122,0.337533,0.28765,0.430309,sparse_habitable,True,1,3,15,71,"Rainbow Mayfair (Elite Luxury, TAM 62) | Manyata Silverwoods (Premium Luxury, TAM 227) | Serenity Gardens by SNN Estates (Ultra Luxury, TAM 594)","Kauvery Hospitals (Ultra Premium, 11.7 min) | Apollo Hospital (Ultra Premium, 14.9 min) | Fortis Hospital (Ultra Premium, 15.1 min) | Cloudnine Hospital - Electronics City (Super Premium, 7.0 min) | Aster RV Hospital (Ultra Premium, 20.5 min)",
126,876189266ffffff,Gulimangala-Veerasandra,42.2292,Mixed / Watchlist,local_signal,0.7533,0.0,356.0,356.0,356.0,0.0,0.0,0.0,0.0,404.23,847.01,10679.09881422925,Premium,0.46454490933227766,,,0.486794,0.568777,0.578246,0.603764,0.007147,0.631129,habitable,True,1,4,9,51,"Purva Silversky (Elite Luxury, TAM 356) | Sipani Viveza (Aspirational Premium, TAM 271) | Laa Moonstone Apartment (Super Luxury, TAM 120) | Vijay nest (Super Luxury, TAM 6)","Kauvery Hospitals (Ultra Premium, 7.6 min) | Springleaf Healthcare (Ultra Premium, 3.9 min) | E City Hospitals (Super Premium, 7.6 min) | Apollo Cradle & Children's Hospital (Super Premium, 10.3 min) | Cloudnine Hospital - Electronics City (Super Premium, 10.1 min)",
127,8761892acffffff,Kodihalli,41.6814,Mixed / Watchlist,local_signal,0.6667,0.0,922.0,922.0,922.0,0.0,0.0,0.0,0.0,922.0,944.09,7377.0,Premium,0.4334113301963874,1.0,,0.521568,0.490425,0.365747,0.551779,0.0,0.188163,low_building_evidence,True,5,5,6,18,"Atmos JR Eastfields (Super Luxury, TAM 389) | Shriram Bageshri (Super Luxury, TAM 201) | Devarala Verde Grand (Super Luxury, TAM 159) | Daiwik Salvina Sapphire (Super Luxury, TAM 134) | SPT Connected Living (Super Luxury, TAM 39)","Aster Women & Children Hospital (Ultra Premium, 23.3 min) | Aster Whitefield Hospital (Ultra Premium, 23.3 min) | RxDx Healthcare (Ultra Premium, 26.9 min) | Kinder Women's Hospital and Fertility Centre (Ultra Premium, 28.5 min) | RxDx Healthcare (Ultra Premium, 25.1 min)",
128,87618934affffff,Banahalli,41.2956,Mixed / Watchlist,local_signal,0.7667,0.0,889.0,889.0,889.0,0.0,0.0,0.0,0.0,895.86,926.07,4800.0,Affordable,0.0,,6.7,0.507007,0.49992,0.355457,0.275354,0.490685,0.579795,habitable,True,2,3,7,22,"Brigade Valencia (Super Luxury, TAM 779) | Prasiddhi Cloud 9 (Elite Luxury, TAM 110) | Subha Belgravia (Super Luxury, TAM 106)","Mazumdar Shaw Medical Center (Premium, 1.5 min) | Kauvery Hospitals (Ultra Premium, 13.3 min) | Springleaf Healthcare (Ultra Premium, 13.0 min) | Sri Sai Hospitals (Super Premium, 11.6 min) | Apollo Cradle & Children's Hospital (Super Premium, 16.0 min)",
129,876016961ffffff,Singapura,40.9102,Mixed / Watchlist,local_signal,0.9,0.0,386.0,386.0,386.0,0.0,0.0,0.0,0.0,472.39,971.62,5871.769230769231,Mid-Segment,0.003239558610180075,3.0,38.7,0.475369,0.542842,0.644622,0.463409,0.00179,0.70212,habitable,True,6,14,28,58,"Elegant Takt (Premium Luxury, TAM 200) | Enrich Brundavana (Premium Luxury, TAM 100) | Asgar Residency (Ultra Luxury, TAM 16) | Nitesh Madison Square (Elite Luxury, TAM 18) | Gkr Krishna Iris (Premium Luxury, TAM 32)","Aster CMI Hospital (Ultra Premium, 12.6 min) | Maarga (Ultra Premium, 7.8 min) | Aveksha Hospital (Ultra Premium, 4.2 min) | Mind and Brain hospital (Ultra Premium, 10.1 min) | People Tree Hospitals (Ultra Premium, 15.8 min)",
130,8761892c4ffffff,Horamavu-Byrathi,39.9634,Low Evidence,low_evidence,1.0,0.0,322.0,322.0,322.0,0.0,0.0,0.0,0.0,427.03,682.13,4795.794076163611,Affordable,0.0,4.24712643678161,18.296183206106868,0.443714,0.5383,0.766931,0.353429,0.050613,0.980352,dense_habitable,True,3,8,13,81,"Natureville Beyond (Super Luxury, TAM 110) | Neeraja Serenity (Ultra Luxury, TAM 48) | JS House (Premium Luxury, TAM 164) | Prestige Gulmohar (Super Luxury, TAM 404) | Oceanus Tranquil (Aspirational Premium, TAM 305)","Cloudnine Hospital - HRBR (Ultra Premium, 6.5 min) | Trilife Hospital (Ultra Premium, 9.9 min) | Surgecare Super Speciality Hospital (Ultra Premium, 5.4 min) | Cloudnine Hospital - Whitefield (Ultra Premium, 12.6 min) | IIGU Hospital-Indus Institute of Gastro Uro (Ultra Premium, 7.0 min)",
131,876189269ffffff,Bannerughatta,39.7644,Low Evidence,low_evidence,0.5667,0.0,0.0,0.0,0.0,0.0,0.0,0.0,0.0,10.91,237.71,9462.0,Mid-Segment,0.1325716616792676,3.0,23.2,0.21549,0.444021,0.507475,0.682371,0.532984,0.277959,sparse_habitable,True,0,1,2,41,"Jains Aashraya (Ultra Luxury, TAM 142)","Apollo Hospital (Ultra Premium, 17.9 min) | Fortis Hospital (Ultra Premium, 18.2 min) | Aster RV Hospital (Ultra Premium, 23.5 min) | DHEE Hospitals (Ultra Premium, 21.9 min) | Cadabams Hospitals (Ultra Premium, 22.4 min)",no_direct_society_tam
132,87601690effffff,Shettigere,39.5956,Low Evidence,low_evidence,0.4833,0.0,1203.0,1203.0,1203.0,0.0,0.0,0.0,0.0,1203.0,1494.31,8958.567591763653,Mid-Segment,0.10733221315931195,,10.4,0.575012,0.631189,0.0,0.624111,0.0,0.185519,low_building_evidence,True,3,3,10,0,"Sattva Vasanta Skye (Premium Luxury, TAM 1,077) | SRK The Roots  (Elite Luxury, TAM 100) | SS AR Villas (Elite Luxury, TAM 26)",,
133,876189213ffffff,Mallasandra,39.4906,Low Evidence,low_evidence,0.6667,0.0,165.0,165.0,165.0,0.0,0.0,0.0,0.0,197.33,284.7,9750.0,Mid-Segment,0.22875647942377098,,3.2000000000000006,0.418679,0.431785,0.436533,0.694783,0.0,0.218884,low_building_evidence,True,1,5,7,20,"Kumari Nautilus (Ultra Luxury, TAM 165) | Goyal & Co Hariyana Group Riviera Uno (Elite Luxury, TAM 137) | Raffles Park (Elite Luxury, TAM 61) | Birla Alokya (Elite Luxury, TAM 218) | Ranav Tranquil Haven (Elite Luxury, TAM 36)","Aster Women & Children Hospital (Ultra Premium, 18.2 min) | Aster Whitefield Hospital (Ultra Premium, 18.2 min) | RxDx Healthcare (Ultra Premium, 21.8 min) | Kinder Women's Hospital and Fertility Centre (Ultra Premium, 23.4 min) | Kauvery Hospital (Ultra Premium, 23.7 min)",
134,876014592ffffff,Vidyaranyapura-Kuvempunagara,39.4326,Low Evidence,low_evidence,0.9,0.0,345.0,345.0,345.0,0.0,0.0,0.0,0.0,446.48,675.12,6358.593220338982,Premium Candidate,0.16372355731383106,,13.6,0.408612,0.459569,0.740982,0.506502,0.0,0.703635,habitable,True,2,7,17,79,"Arvind Codename Unlimited (Premium Luxury, TAM 334) | Eshaan Apartments (Premium Luxury, TAM 11) | Adithya Spring (Elite Luxury, TAM 28) | Prestige Willow Tree (Aspirational Premium, TAM 451) | Nitesh Madison Square (Elite Luxury, TAM 18)","Aster CMI Hospital (Ultra Premium, 9.7 min) | People Tree Hospitals (Ultra Premium, 9.9 min) | Mind and Brain hospital (Ultra Premium, 7.2 min) | Smiles Institute of Gastroenterology (Ultra Premium, 7.3 min) | Aveksha Hospital (Ultra Premium, 6.6 min)",
135,876014514ffffff,Talagattapura,39.2886,Low Evidence,low_evidence,0.6667,0.0,1391.0,1391.0,1391.0,0.0,0.0,0.0,0.0,1484.59,1823.57,,Affordable,0.0,,,0.648522,0.725994,0.655288,0.053513,0.0,0.440103,sparse_habitable,True,4,7,10,67,"Sobha Forest View (Ultra Luxury, TAM 889) | Sobha Forest Edge (Ultra Luxury, TAM 217) | Mantri Courtyard (Ultra Luxury, TAM 174) | Teamview Skav Madhura  (Premium Luxury, TAM 111) | Total Environment The Magic Faraway Tree (Elite Luxury, TAM 434)","DHEE Hospitals (Ultra Premium, 5.8 min) | Aster RV Hospital (Ultra Premium, 15.3 min) | Astra Superspeciality Hospital (Super Premium, 8.5 min) | Pathway Hospitals (Ultra Premium, 9.5 min) | Fortis Hospital (Ultra Premium, 16.9 min)",
136,876016929ffffff,Sathanuru,37.7225,Low Evidence,low_evidence,0.7667,0.0,826.0,826.0,826.0,0.0,0.0,0.0,0.0,904.43,1263.87,,Premium,0.4927987742594484,,,0.560139,0.635302,0.332288,0.293485,0.001751,0.238764,low_building_evidence,True,3,8,13,22,"Assetz Earth and Essence (Elite Luxury, TAM 220) | Embassy Boulevard (Elite Luxury, TAM 170) | Purva Zenium 2 (Premium Luxury, TAM 436) | AWHO Yelahanka Part A (Premium Luxury, TAM 400) | Prasiddhi Commanders Pinnacle (Premium Luxury, TAM 77)","Maarga (Ultra Premium, 17.3 min) | Manipal Hospital (Super Premium, 12.4 min) | Regal Hospital (Super Premium, 13.4 min) | Aster CMI Hospital (Ultra Premium, 27.4 min) | Mind and Brain hospital (Ultra Premium, 24.6 min)",
137,876189221ffffff,Valagere Kallahalli,37.4515,Low Evidence,low_evidence,0.6667,0.0,2940.0,2940.0,2940.0,0.0,0.0,0.0,0.0,3257.67,4516.59,,Affordable,0.0,,,0.695338,0.848562,0.229381,0.177778,0.0,0.273418,sparse_habitable,True,2,11,21,8,"Meridian Park at The Prestige City (Premium Luxury, TAM 2,900) | VRL Happy Homes (Premium Luxury, TAM 40) | Aston Park At The Prestige City (Ultra Luxury, TAM 760) | Eaton Park at The Prestige City (Ultra Luxury, TAM 366) | Avalon Park At The Prestige City (Ultra Luxury, TAM 950)","Belenus Champion Hospital (Ultra Premium, 18.7 min) | Kauvery Hospital (Ultra Premium, 28.2 min) | RxDx Healthcare (Ultra Premium, 24.6 min) | Vasundhara Agrawal, Diet and Lifestyle Consultant (Ultra Premium, 24.0 min) | Cloudnine Hospital (Super Premium, 22.9 min)",
138,876016974ffffff,Bharathi Nagar,37.3286,Low Evidence,low_evidence,0.8667,0.0,70.0,70.0,70.0,0.0,0.0,0.0,0.0,241.41,993.38,1728.0,Mid-Segment,0.0,,,0.435804,0.644898,0.401174,0.181506,0.300219,0.369904,sparse_habitable,True,2,10,32,27,"Velpula Orchid (Elite Luxury, TAM 30) | AR Enclave Phase 2 (Premium Luxury, TAM 40) | Tvs Emerald Altura (Super Luxury, TAM 975) | Chowdeshwara Enclave (Premium Luxury, TAM 60) | Shelton (Premium Luxury, TAM 260)","Manipal Hospital (Super Premium, 7.1 min) | Maarga (Ultra Premium, 12.0 min) | Aster CMI Hospital (Ultra Premium, 22.1 min) | Mind and Brain hospital (Ultra Premium, 19.3 min) | Regal Hospital (Super Premium, 15.4 min)",
139,876016970ffffff,Bettahalasuru,37.1951,Low Evidence,low_evidence,0.7667,0.0,602.0,602.0,602.0,0.0,0.0,0.0,0.0,605.91,634.45,9050.0,Mid-Segment,0.006083322742682486,,,0.474006,0.429182,0.303503,0.444977,0.01579,0.278462,sparse_habitable,True,5,6,8,19,"Total Environment After the Rain (Elite Luxury, TAM 219) | Goyal Riviera Glade (Elite Luxury, TAM 112) | Skanda Serene (Premium Luxury, TAM 183) | Royal Palm Aeroville (Premium Luxury, TAM 68) | BMR Farm Meadows (Premium Luxury, TAM 20)","Maarga (Ultra Premium, 18.1 min) | Manipal Hospital (Super Premium, 13.2 min) | Aster CMI Hospital (Ultra Premium, 28.1 min) | Mind and Brain hospital (Ultra Premium, 25.4 min) | Medstar Speciality Hospital (Ultra Premium, 24.8 min)",
140,876189275ffffff,Maruthi Seva Nagara,37.1842,Low Evidence,low_evidence,0.7867,0.0,128.0,128.0,128.0,0.0,0.0,0.0,0.0,223.45,767.79,,Mid-Segment,0.0,,,0.458601,0.608579,0.681724,0.105322,0.179006,0.415258,sparse_habitable,True,1,4,14,65,"Assetz Muse & Maison (Premium Luxury, TAM 128) | JRC Wild Woods (Ultra Luxury, TAM 582) | LGCL Pueblo (Ultra Luxury, TAM 59) | Ahad Excellencia (Aspirational Premium, TAM 505)","Kauvery Hospitals (Ultra Premium, 12.5 min) | Springleaf Healthcare (Ultra Premium, 6.9 min) | Manipal Hospital (Ultra Premium, 14.7 min) | Cloudnine Hospital (Ultra Premium, 16.0 min) | Lotus Multispeciality Center (Ultra Premium, 15.9 min)",
141,87618935affffff,Kaggalipura,36.4987,Low Evidence,low_evidence,0.6667,0.0,151.0,151.0,151.0,0.0,0.0,0.0,0.0,221.26,821.28,6000.0,Affordable,0.0,,33.3,0.452404,0.634848,0.539635,0.378841,0.0,0.252978,sparse_habitable,True,3,5,9,40,"Capstone Circular Reflections (Elite Luxury, TAM 63) | Golden City (Premium Luxury, TAM 60) | Diamond Elite Enclave (Premium Luxury, TAM 28) | Nambiar Bellezea (Elite Luxury, TAM 430) | Nambiar Ellegenza (Elite Luxury, TAM 304)","Kauvery Hospitals (Ultra Premium, 17.6 min) | Belenus Champion Hospital (Ultra Premium, 15.1 min) | Manipal Hospital (Ultra Premium, 20.6 min) | Springleaf Healthcare (Ultra Premium, 14.6 min) | Sakra World Hospital (Ultra Premium, 22.8 min)",
142,876189358ffffff,Singena Agrahara,35.6619,Low Evidence,low_evidence,0.6667,0.0,675.0,675.0,675.0,0.0,0.0,0.0,0.0,713.98,836.65,5554.0,Mid-Segment,0.0,,,0.520983,0.573576,0.497724,0.294485,0.0,0.246024,low_building_evidence,True,3,5,11,30,"Nambiar Bellezea (Elite Luxury, TAM 430) | Concorde Abode 99 (Elite Luxury, TAM 159) | 42 Mark One (Ultra Luxury, TAM 86) | Grand Lapalazzo (Ultra Luxury, TAM 160) | Mahidhara Harmony (Ultra Luxury, TAM 146)","Kauvery Hospitals (Ultra Premium, 14.9 min) | Springleaf Healthcare (Ultra Premium, 11.9 min) | Belenus Champion Hospital (Ultra Premium, 18.5 min) | Mazumdar Shaw Medical Center (Premium, 10.1 min) | Manipal Hospital (Ultra Premium, 24.3 min)",
143,87618935effffff,Muttanalluru,35.2097,Low Evidence,low_evidence,0.6667,0.0,610.0,610.0,610.0,0.0,0.0,0.0,0.0,658.83,816.21,2700.0,Affordable,0.0,,,0.540652,0.585035,0.440045,0.265453,0.0,0.243307,low_building_evidence,True,3,5,11,24,"Nambiar Ellegenza (Elite Luxury, TAM 304) | Grand Lapalazzo (Ultra Luxury, TAM 160) | Mahidhara Harmony (Ultra Luxury, TAM 146) | Nambiar Bellezea (Elite Luxury, TAM 430) | 42 Mark One (Ultra Luxury, TAM 86)","Kauvery Hospitals (Ultra Premium, 23.0 min) | Belenus Champion Hospital (Ultra Premium, 18.2 min) | Manipal Hospital (Ultra Premium, 25.9 min) | Springleaf Healthcare (Ultra Premium, 19.9 min) | Sakra World Hospital (Ultra Premium, 28.1 min)",
144,87601696effffff,Gune Agrahara,34.8273,Low Evidence,low_evidence,0.7667,0.0,2281.0,2281.0,2281.0,0.0,0.0,0.0,0.0,2300.21,2371.38,,Mid-Segment,0.0,,,0.549881,0.517281,0.565581,0.131632,0.0,0.324775,sparse_habitable,True,4,6,12,47,"Enrich Garden city (Premium Luxury, TAM 2,000) | Enrich Kempegowda Enclave (Premium Luxury, TAM 110) | Enrich Kemegowda Enclave (Premium Luxury, TAM 107) | Sevenhills County (Premium Luxury, TAM 64) | Peacock Garden (Premium Luxury, TAM 94)","Maarga (Ultra Premium, 10.5 min) | Aveksha Hospital (Ultra Premium, 7.8 min) | Mind and Brain hospital (Ultra Premium, 15.2 min) | People Tree Hospitals (Ultra Premium, 19.5 min) | Aster CMI Hospital (Ultra Premium, 23.5 min)",
145,87601459effffff,Manjunatha Nagar,34.6999,Low Evidence,low_evidence,0.74,0.0,494.0,494.0,494.0,0.0,0.0,0.0,0.0,501.74,517.76,,Mid-Segment,0.014060441821285713,,,0.425775,0.331069,0.69691,0.223862,0.198916,0.839046,dense_habitable,True,1,3,3,61,"GM Infinite Daffodils (Premium Luxury, TAM 494) | Godrej Gold County (Elite Luxury, TAM 109) | Ramodayas Rajasri Mansion (Elite Luxury, TAM 6)","People Tree Hospitals (Ultra Premium, 9.4 min) | Prakriya Hospitals (Premium, 2.6 min) | Motherhood Hospital (Mid-Premium, 2.5 min) | SPARSH Hospital (Premium, 9.8 min) | Aster CMI Hospital (Ultra Premium, 22.1 min)",
146,876016928ffffff,Bagaluru,34.5641,Low Evidence,low_evidence,0.6667,0.0,577.0,577.0,577.0,0.0,0.0,0.0,0.0,1097.89,1912.98,,Mid-Segment,0.0,,,0.627504,0.764377,0.197267,0.09,0.0,0.263725,sparse_habitable,True,2,5,9,12,"Adarsh Palm Acres (Elite Luxury, TAM 500) | Vaishnavi Arsh Greens (Premium Luxury, TAM 77) | Northern Lights by Puravankara KVN (Elite Luxury, TAM 2,973) | Assetz Sora and Saki Phase 3 (Super Luxury, TAM 990) | Adithya Bharani Nest (Premium Luxury, TAM 153)","Maarga (Ultra Premium, 23.8 min) | Manipal Hospital (Super Premium, 18.8 min) | Regal Hospital (Super Premium, 19.8 min) | Cloudnine Hospital (Super Premium, 23.8 min) | K K Hospital (Super Premium, 23.0 min)",
147,87618926cffffff,Hullahalli,33.8278,Low Evidence,low_evidence,0.7333,0.0,73.0,73.0,73.0,0.0,0.0,0.0,0.0,78.29,340.5,,Premium,0.30323862165050347,,,0.293707,0.480218,0.542935,0.251587,0.47867,0.30566,sparse_habitable,True,1,2,4,45,"Ishana Hallmark Woods (Premium Luxury, TAM 73) | Rainbow Mayfair (Elite Luxury, TAM 62)","Kauvery Hospitals (Ultra Premium, 13.4 min) | Apollo Hospital (Ultra Premium, 19.4 min) | Fortis Hospital (Ultra Premium, 19.7 min) | Cloudnine Hospital - Electronics City (Super Premium, 8.7 min) | Springleaf Healthcare (Ultra Premium, 14.5 min)",
148,876014583ffffff,Sunkadakatte-Hegganahalli,33.2819,Low Evidence,low_evidence,0.68,0.0,120.0,120.0,120.0,0.0,0.0,0.0,0.0,120.0,120.0,3938.054794520548,Premium Candidate,0.1287168324858782,,8.7,0.246308,0.201743,0.684864,0.399473,0.429918,0.972976,dense_habitable,True,1,1,1,72,"Sai Ragavandras White Mados (Super Luxury, TAM 120)","People Tree Hospitals (Ultra Premium, 11.0 min) | SPARSH Hospital (Premium, 11.5 min) | Prakriya Hospitals (Premium, 10.5 min) | Aster CMI Hospital (Ultra Premium, 24.8 min) | Cloudnine Hospital (Super Premium, 9.1 min)",
149,8761892aaffffff,Bangalore East-Kannamangala,32.7509,Low Evidence,low_evidence,0.5833,0.0,63.0,63.0,63.0,0.0,0.0,0.0,0.0,299.04,884.06,3195.9459459459463,Affordable,0.0,4.0,30.2,0.448105,0.658908,0.125317,0.291882,0.0,0.633839,habitable,True,1,2,5,10,"Unique Feronia (Super Luxury, TAM 63) | Sobha One World (Ultra Luxury, TAM 3,484)","Aster Women & Children Hospital (Ultra Premium, 29.0 min) | Aster Whitefield Hospital (Ultra Premium, 29.0 min) | Altor Hospital (Super Premium, 21.4 min) | SRI RAM HOSPITAL (Ultra Premium, 23.0 min) | Hope Hospital (Premium, 18.9 min)",
150,8760145adffffff,Kengal Hanumanthaiah West-Kengeri,32.5706,Low Evidence,low_evidence,0.75,0.0,0.0,0.0,0.0,0.0,0.0,0.0,0.0,17.05,455.26,14000.0,Mixed/Diverse,0.4397527274460187,3.0,40.0,0.181534,0.542847,0.540397,0.677885,0.201409,0.677591,habitable,True,0,2,5,46,"VIP Global Paradise (Premium Luxury, TAM 201) | Linea Sunflower (Aspirational Premium, TAM 87)","Motherhood Hospital (Ultra Premium, 4.2 min) | SS Sparsh Hospital (Ultra Premium, 11.0 min) | Pathway Hospitals (Ultra Premium, 10.5 min) | Brains Super Speciality Hospital (Ultra Premium, 10.8 min) | Gleneagles Hospitals (Mid-Premium, 7.1 min)",no_direct_society_tam
151,876014582ffffff,Parvathi Nagar-Rajeshwarinagar,32.3225,Low Evidence,low_evidence,0.9,0.0,0.0,0.0,0.0,0.0,0.0,0.0,0.0,0.66,107.81,9211.9975399754,Mid-Segment,0.06423537928182692,1.0,12.1,0.075547,0.268284,0.783902,0.574191,0.43216,0.908968,dense_habitable,True,0,1,7,91,"Maruthi Nivas (Super Luxury, TAM 6)","People Tree Hospitals (Ultra Premium, 5.9 min) | SPARSH Hospital (Premium, 6.3 min) | Manipal Hospital Malleshwaram (Super Premium, 12.0 min) | Prakriya Hospitals (Premium, 7.6 min) | Aster CMI Hospital (Ultra Premium, 19.7 min)",no_direct_society_tam
152,87601691dffffff,Bangalore North,32.298,Low Evidence,low_evidence,0.5167,0.0,505.0,505.0,505.0,0.0,0.0,0.0,0.0,545.93,733.42,4600.0,Affordable,0.0,,,0.532695,0.558527,0.0,0.292268,0.0,0.129192,low_building_evidence,True,3,6,12,0,"Provident Deansgate (Super Luxury, TAM 288) | Merusri Sunscape (Ultra Luxury, TAM 76) | Provident Deansgate Phase 2 (Premium Luxury, TAM 141) | Sobha Lifestyle (Elite Luxury, TAM 165) | Sobha Oakshire (Elite Luxury, TAM 80)",,
153,8761892d5ffffff,Bande Bommasandra,32.2771,Low Evidence,low_evidence,0.5167,0.0,460.0,460.0,460.0,0.0,0.0,0.0,0.0,473.02,565.71,,Affordable,0.0,,,0.48825,0.500476,0.581194,0.053413,0.0,0.341841,sparse_habitable,True,1,2,5,50,"Prestige Augusta Golf Village (Elite Luxury, TAM 460) | Allure Avani (Elite Luxury, TAM 138)","Cloudnine Hospital - HRBR (Ultra Premium, 14.3 min) | Trilife Hospital (Ultra Premium, 16.7 min) | Shishuka Children's Specialty Hospital (Ultra Premium, 18.9 min) | IIGU Hospital-Indus Institute of Gastro Uro (Ultra Premium, 14.9 min) | Surgecare Super Speciality Hospital (Ultra Premium, 15.9 min)",
154,87618934effffff,Iggaluru,32.1172,Low Evidence,low_evidence,0.8533,0.0,8.0,8.0,8.0,0.0,0.0,0.0,0.0,66.28,221.73,4864.904472427269,Affordable,0.0,3.9769865392965693,11.4161094224924,0.267778,0.40627,0.291807,0.399594,0.454733,0.510423,habitable,True,1,4,7,13,"Royal Exotica (Premium Luxury, TAM 8) | Brigade Valencia (Super Luxury, TAM 779) | Fortuners Elixir (Premium Luxury, TAM 60) | Confident Astro (Premium Luxury, TAM 33)","Kauvery Hospitals (Ultra Premium, 17.2 min) | Mazumdar Shaw Medical Center (Premium, 5.1 min) | Springleaf Healthcare (Ultra Premium, 16.9 min) | Sri Sai Hospitals (Super Premium, 11.1 min) | Apollo Cradle & Children's Hospital (Super Premium, 20.0 min)",
155,876189264ffffff,Hyarandahalli-Hebbagodi,32.0204,Low Evidence,low_evidence,0.82,0.0,0.0,0.0,0.0,0.0,0.0,0.0,0.0,181.04,844.62,4125.258134490239,Mid-Segment,0.038473327176059904,2.0,,0.369365,0.546225,0.504093,0.35583,0.0,0.799543,dense_habitable,True,0,4,10,39,"Keya The Lake Terraces (Premium Luxury, TAM 387) | Prestige Sunrise Park Brichwood (Premium Luxury, TAM 864) | GM Elegance Tower 2  (Premium Luxury, TAM 1,302) | Prasiddhi Cloud 9 (Elite Luxury, TAM 110)","Kauvery Hospitals (Ultra Premium, 10.5 min) | Springleaf Healthcare (Ultra Premium, 10.1 min) | Mazumdar Shaw Medical Center (Premium, 6.9 min) | Cloudnine Hospital - Electronics City (Super Premium, 9.7 min) | Apollo Cradle & Children's Hospital (Super Premium, 13.2 min)",no_direct_society_tam
156,876189205ffffff,Kattariguppe,31.7579,Low Evidence,low_evidence,0.5667,0.0,70.0,70.0,70.0,0.0,0.0,0.0,0.0,108.95,467.98,6004.0,Mid-Segment,0.00011105252663307208,,,0.411129,0.536191,0.523977,0.385326,0.0,0.172041,low_building_evidence,True,1,3,6,25,"Vaishno Luxuria (Ultra Luxury, TAM 70) | Trendcon Aurelius (Ultra Luxury, TAM 221) | Between The Greens (Elite Luxury, TAM 147)","Belenus Champion Hospital (Ultra Premium, 17.2 min) | Sakra World Hospital (Ultra Premium, 23.1 min) | Kauvery Hospital (Ultra Premium, 20.6 min) | Aster Women & Children Hospital (Ultra Premium, 25.9 min) | RxDx Healthcare (Ultra Premium, 16.9 min)",
157,876014c93ffffff,Koppa-Harapanahalli,31.6635,Low Evidence,low_evidence,0.6933,0.0,255.0,255.0,255.0,0.0,0.0,0.0,0.0,255.0,319.05,3866.5853658536585,Affordable,0.0,,53.3,0.341291,0.357581,0.358764,0.264414,0.294634,0.342944,sparse_habitable,True,2,2,3,22,"Nandana Shelters (Premium Luxury, TAM 204) | Millennia Spring Woods (Premium Luxury, TAM 51)","Kauvery Hospitals (Ultra Premium, 18.1 min) | Vijayashree Hospitals (Super Premium, 7.5 min) | Cloudnine Hospital - Electronics City (Super Premium, 12.7 min) | Apollo Hospital (Ultra Premium, 25.1 min) | Fortis Hospital (Ultra Premium, 25.3 min)",
158,8760145a8ffffff,1st Block-5th Block,31.341,Low Evidence,low_evidence,0.6,0.0,0.0,0.0,0.0,0.0,0.0,0.0,0.0,0.0,66.16,12650.414634146342,Premium Candidate,0.3761432352486191,,49.80533333333334,0.061917,0.221132,0.621574,0.716747,0.372195,0.741794,habitable,True,0,0,2,65,,"Motherhood Hospital (Ultra Premium, 4.9 min) | Brains Super Speciality Hospital (Ultra Premium, 6.8 min) | SS Sparsh Hospital (Ultra Premium, 10.3 min) | People Tree Hospitals (Ultra Premium, 22.6 min) | Aster RV Hospital (Ultra Premium, 24.3 min)",no_direct_society_tam
159,8761892f0ffffff,Hirandahalli,30.9324,Low Evidence,low_evidence,0.7667,0.0,0.0,0.0,0.0,0.0,0.0,0.0,0.0,38.06,632.32,,Affordable,0.0,,,0.331251,0.586999,0.575881,0.065164,0.204705,0.304157,sparse_habitable,True,0,2,13,49,"NG Avani Abode (Elite Luxury, TAM 333) | Concorde Eleve (Ultra Luxury, TAM 136)","Cloudnine Hospital - HRBR (Ultra Premium, 18.4 min) | Aster Women & Children Hospital (Ultra Premium, 19.5 min) | Aster Whitefield Hospital (Ultra Premium, 19.5 min) | Trilife Hospital (Ultra Premium, 20.8 min) | Kinder Women's Hospital and Fertility Centre (Ultra Premium, 18.6 min)",no_direct_society_tam
160,8761892deffffff,Kannuru,30.8013,Low Evidence,low_evidence,0.6667,0.0,0.0,0.0,0.0,0.0,0.0,0.0,0.0,0.0,787.4,10050.0,Mid-Segment,0.18343069831517717,4.0,1.5,0.181548,0.648384,0.521216,0.620713,0.0,0.296199,sparse_habitable,True,0,0,13,45,,"Maarga (Ultra Premium, 18.5 min) | Trilife Hospital (Ultra Premium, 21.6 min) | Regal Hospital (Super Premium, 11.4 min) | Shishuka Children's Specialty Hospital (Ultra Premium, 18.7 min) | Cloudnine Hospital - HRBR (Ultra Premium, 22.4 min)",no_direct_society_tam
161,87601690dffffff,Chikkajala,30.3416,Low Evidence,low_evidence,0.6667,0.0,223.0,223.0,223.0,0.0,0.0,0.0,0.0,282.02,612.34,6500.0,Affordable,0.009788820790199881,,30.0,0.476923,0.574611,0.076032,0.322354,0.0,0.284453,sparse_habitable,True,3,5,9,6,"Preeti Iksa Ville (Ultra Luxury, TAM 150) | Preeti Aarna Ville (Super Luxury, TAM 45) | Vsl Srinidhi Greenwich (Premium Luxury, TAM 28) | Tulips Garden (Ultra Luxury, TAM 420) | N Appaji Gowda MSPPL Phase 2 (Premium Luxury, TAM 25)","Maarga (Ultra Premium, 27.4 min) | Manipal Hospital (Super Premium, 22.5 min) | Regal Hospital (Super Premium, 30.8 min) | K K Hospital (Super Premium, 26.7 min) | Ashwini Hospital (Ultra Premium, 24.7 min)",
162,876014591ffffff,Dasarahalli,30.329,Low Evidence,low_evidence,0.85,0.0,0.0,0.0,0.0,0.0,0.0,0.0,0.0,42.18,184.42,,Mid-Segment,0.0,,,0.237977,0.36175,0.773127,0.165632,0.363929,0.758517,dense_habitable,True,0,2,5,84,"Godrej Tiara (Elite Luxury, TAM 346) | 43 Privet Drive (Premium Luxury, TAM 204)","People Tree Hospitals (Ultra Premium, 4.1 min) | SPARSH Hospital (Premium, 4.5 min) | Prakriya Hospitals (Premium, 3.7 min) | Aster CMI Hospital (Ultra Premium, 17.9 min) | Manipal Hospital Malleshwaram (Super Premium, 12.0 min)",no_direct_society_tam
163,87618922bffffff,Gunjur,29.9746,Low Evidence,low_evidence,0.7667,0.0,0.0,0.0,0.0,0.0,0.0,0.0,0.0,437.61,2209.66,8685.0,Mid-Segment,0.09617058529348971,,11.900000000000002,0.548876,0.794778,0.694757,0.505169,0.321384,0.246054,low_building_evidence,False,0,7,22,56,"Abhee Aaria (Super Luxury, TAM 1,017) | Neobuild Mana Skanda The Right Life T145 (Ultra Luxury, TAM 592) | Abhee Eden Vista (Premium Luxury, TAM 1,100) | Neobuild The Right Life (Super Luxury, TAM 650) | Forest Province at Mana Skanda The Right Life (Ultra Luxury, TAM 526)","Belenus Champion Hospital (Ultra Premium, 7.2 min) | Manipal Hospital (Ultra Premium, 15.5 min) | Cloudnine Hospital (Ultra Premium, 16.8 min) | Sakra World Hospital (Ultra Premium, 18.1 min) | Kauvery Hospital (Ultra Premium, 15.7 min)",low_overture_building_habitability | no_direct_society_tam
164,87601451effffff,Hemmigepura,29.6751,Low Evidence,low_evidence,0.4933,0.0,169.0,169.0,82.0,0.0,0.0,0.0,0.0,169.0,169.47,9866.783783783783,Mid-Segment,0.08871320326814561,,19.8,0.29259,0.21398,0.338105,0.630675,0.0,0.384048,sparse_habitable,True,2,2,3,25,"Sai Samrudhi Veda Vilasa (Elite Luxury, TAM 82) | Linea Sunflower (Aspirational Premium, TAM 87)","Pathway Hospitals (Ultra Premium, 15.8 min) | Motherhood Hospital (Ultra Premium, 19.9 min) | DHEE Hospitals (Ultra Premium, 19.5 min) | SS Sparsh Hospital (Ultra Premium, 20.9 min) | Astra Superspeciality Hospital (Super Premium, 22.3 min)",
165,876014580ffffff,Kottegepalya,29.1599,Low Evidence,low_evidence,0.7167,0.0,0.0,0.0,0.0,0.0,0.0,0.0,0.0,19.31,217.97,,Premium,0.3811584438165616,,,0.149813,0.335031,0.772802,0.196753,0.463286,0.807011,dense_habitable,True,0,1,5,100,"Sai Ragavandras White Mados (Super Luxury, TAM 120)","People Tree Hospitals (Ultra Premium, 9.4 min) | Manipal Hospital Malleshwaram (Super Premium, 11.9 min) | RxDx Healthcare (Ultra Premium, 11.0 min) | SPARSH Hospital (Premium, 9.8 min) | Cloudnine Hospital (Super Premium, 4.5 min)",no_direct_society_tam
166,876189350ffffff,Modihalli,29.1452,Low Evidence,low_evidence,0.7667,0.0,213.0,213.0,213.0,0.0,0.0,0.0,0.0,256.86,430.68,,Mid-Segment,0.0,,,0.452885,0.510632,0.094381,0.09,0.368656,0.341688,sparse_habitable,True,1,3,8,3,"JRC Palladio (Elite Luxury, TAM 213) | ATCO LA VIVANT (Ultra Luxury, TAM 521) | JRC Kanso (Ultra Luxury, TAM 122)","Belenus Champion Hospital (Ultra Premium, 24.3 min) | Sri Sai Hospitals (Super Premium, 18.8 min) | Mazumdar Shaw Medical Center (Premium, 28.5 min)",
167,8760145aeffffff,Jnana Bharathi Ward-Vinayaka Layout,29.0196,Low Evidence,low_evidence,0.8,0.0,0.0,0.0,0.0,0.0,0.0,0.0,0.0,37.72,303.36,,Affordable,0.08521643829053276,,,0.239101,0.464258,0.73436,0.119321,0.228281,0.478748,sparse_habitable,True,0,2,7,96,"Sattva Aaranya (Ultra Luxury, TAM 418) | Sri Sailam (Ultra Luxury, TAM 22)","Brains Super Speciality Hospital (Ultra Premium, 1.0 min) | SS Sparsh Hospital (Ultra Premium, 7.7 min) | Motherhood Hospital (Ultra Premium, 10.7 min) | Aster RV Hospital (Ultra Premium, 20.6 min) | Kusuma Hospital (Ultra Premium, 12.3 min)",no_direct_society_tam
168,876014518ffffff,Kambipura,28.7548,Low Evidence,low_evidence,0.55,0.0,441.0,441.0,441.0,0.0,0.0,0.0,0.0,441.0,457.76,3594.607548043529,Affordable,8.380569860831484e-05,3.9472578763127184,26.4,0.404602,0.276255,0.306495,0.335247,0.0,0.453179,sparse_habitable,True,1,1,3,17,"SBR Global Queens Ville (Premium Luxury, TAM 441)","Motherhood Hospital (Ultra Premium, 13.6 min) | Pathway Hospitals (Ultra Premium, 18.3 min) | SS Sparsh Hospital (Ultra Premium, 20.4 min) | Brains Super Speciality Hospital (Ultra Premium, 20.6 min) | DHEE Hospitals (Ultra Premium, 29.4 min)",
169,876189359ffffff,Kommasandra-Kitthiganahalli,28.7364,Low Evidence,low_evidence,0.7,0.0,33.0,33.0,33.0,0.0,0.0,0.0,0.0,57.68,234.1,5177.712930604093,Affordable,0.02647451819930813,3.0,13.717346938775512,0.271308,0.417221,0.501423,0.428205,0.0,0.513976,habitable,True,2,3,6,37,"Jain Veracruz (Premium Luxury, TAM 27) | Vijay nest (Super Luxury, TAM 6) | Purva Silversky (Elite Luxury, TAM 356)","Kauvery Hospitals (Ultra Premium, 13.2 min) | Springleaf Healthcare (Ultra Premium, 8.4 min) | Manipal Hospital (Ultra Premium, 23.9 min) | Sakra World Hospital (Ultra Premium, 26.0 min) | Cloudnine Hospital (Ultra Premium, 25.2 min)",
170,876014526ffffff,Tharalu,28.2558,Low Evidence,low_evidence,0.4467,0.0,174.0,174.0,174.0,0.0,0.0,0.0,0.0,174.0,174.0,,Premium,0.55,,,0.282924,0.245532,0.179165,0.258049,0.558469,0.105869,low_building_evidence,True,1,1,1,3,"Vaishnavi Temple Trees (Super Luxury, TAM 174)","DHEE Hospitals (Ultra Premium, 25.1 min) | Astra Superspeciality Hospital (Super Premium, 27.8 min) | Vijayashree Hospitals (Super Premium, 31.1 min)",
171,876014593ffffff,Shettihalli-Abbigere,27.8858,Low Evidence,low_evidence,0.8,0.0,0.0,0.0,0.0,0.0,0.0,0.0,0.0,4.94,135.09,8059.622238061296,Affordable,0.07972659187205444,,22.603016591251887,0.072587,0.257556,0.699194,0.471798,0.317875,0.535409,habitable,True,0,1,4,68,"Riteway (Ultra Luxury, TAM 52)","People Tree Hospitals (Ultra Premium, 10.8 min) | Aveksha Hospital (Ultra Premium, 6.2 min) | Aster CMI Hospital (Ultra Premium, 16.5 min) | Smiles Institute of Gastroenterology (Ultra Premium, 9.9 min) | Mind and Brain hospital (Ultra Premium, 14.6 min)",no_direct_society_tam
172,876014585ffffff,Mallathahalli-Srigandada Kaval,27.274,Low Evidence,low_evidence,0.65,0.0,0.0,0.0,0.0,0.0,0.0,0.0,0.0,11.69,235.98,15000.0,Mid-Segment,0.296704236592678,2.0,13.199999999999998,0.104719,0.315662,0.730145,0.611328,0.0,0.894079,dense_habitable,True,0,1,5,93,"Akshaya Sai Balaji Lake View Curve (Premium Luxury, TAM 100)","People Tree Hospitals (Ultra Premium, 14.9 min) | Cloudnine Hospital (Super Premium, 1.5 min) | Brains Super Speciality Hospital (Ultra Premium, 6.5 min) | SS Sparsh Hospital (Ultra Premium, 12.2 min) | Motherhood Hospital (Ultra Premium, 15.9 min)",no_direct_society_tam
173,876014516ffffff,Subramanyapura,26.4456,Low Evidence,low_evidence,0.7333,0.0,0.0,0.0,0.0,0.0,0.0,0.0,0.0,1.71,391.94,4483.366972477064,Mid-Segment,0.0,,24.3,0.15063,0.524659,0.718916,0.368719,0.0,0.577031,habitable,True,0,3,14,84,"Divine Apartments (Elite Luxury, TAM 6) | Shri Lalitha (Super Luxury, TAM 6) | Vasista Apartments (Premium Luxury, TAM 9)","DHEE Hospitals (Ultra Premium, 6.3 min) | Pathway Hospitals (Ultra Premium, 3.7 min) | Astra Superspeciality Hospital (Super Premium, 7.0 min) | Aster RV Hospital (Ultra Premium, 15.7 min) | SS Sparsh Hospital (Ultra Premium, 9.4 min)",no_direct_society_tam
174,876014598ffffff,Manjunatha Nagar-Dodda Bidarakallu,25.7387,Low Evidence,low_evidence,0.5333,0.0,109.0,109.0,109.0,0.0,0.0,0.0,0.0,109.0,152.56,,Mid-Segment,0.0,,,0.329724,0.284143,0.587272,0.209337,0.0,0.599329,habitable,True,1,1,4,35,"Godrej Gold County (Elite Luxury, TAM 109)","Prakriya Hospitals (Premium, 5.8 min) | People Tree Hospitals (Ultra Premium, 17.6 min) | Aster CMI Hospital (Ultra Premium, 27.3 min) | Raghavendra People Tree Hospital (Mid-Premium, 7.6 min) | Smiles Institute of Gastroenterology (Ultra Premium, 20.6 min)",
175,87618935dffffff,Hellalige,25.6497,Low Evidence,low_evidence,0.5867,0.0,110.0,110.0,110.0,0.0,0.0,0.0,0.0,185.25,337.22,,Mid-Segment,0.0,,,0.365742,0.461118,0.336684,0.145149,0.0,0.340328,sparse_habitable,True,2,4,7,17,"Azven The Cove (Ultra Luxury, TAM 50) | Fortuners Elixir (Premium Luxury, TAM 60) | Concorde Abode 99 (Elite Luxury, TAM 159) | Brigade Valencia (Super Luxury, TAM 779)","Kauvery Hospitals (Ultra Premium, 17.2 min) | Mazumdar Shaw Medical Center (Premium, 5.1 min) | Springleaf Healthcare (Ultra Premium, 16.9 min) | Sri Sai Hospitals (Super Premium, 10.8 min) | Belenus Champion Hospital (Ultra Premium, 22.9 min)",
176,87601692bffffff,Maranayakanahalli,24.498,Low Evidence,low_evidence,0.7667,0.0,153.0,153.0,153.0,0.0,0.0,0.0,0.0,252.53,536.7,,Affordable,0.0,,,0.385334,0.505929,0.202585,0.061882,0.0,0.21849,low_building_evidence,True,1,6,10,12,"Adithya Bharani Nest (Premium Luxury, TAM 153) | AWHO Yelahanka Part A (Premium Luxury, TAM 400) | Adarsh Palm Acres (Elite Luxury, TAM 500) | Assetz Earth and Essence (Elite Luxury, TAM 220) | Vaishnavi Arsh Greens (Premium Luxury, TAM 77)","Maarga (Ultra Premium, 21.3 min) | Manipal Hospital (Super Premium, 16.4 min) | Regal Hospital (Super Premium, 18.1 min) | Cloudnine Hospital (Super Premium, 22.5 min) | K K Hospital (Super Premium, 20.6 min)",
177,876189261ffffff,Bangipura,24.4192,Low Evidence,low_evidence,0.6667,0.0,0.0,0.0,0.0,0.0,0.0,0.0,0.0,43.27,697.83,,Mid-Segment,0.0,,,0.249672,0.524149,0.617264,0.151651,0.031409,0.361274,sparse_habitable,True,0,3,13,58,"Sri Vidhathri Enclave (Premium Luxury, TAM 56) | Manyata Silverwoods (Premium Luxury, TAM 227) | Royal Developers And Promoters Sri Krishna Avenue (Premium Luxury, TAM 82)","Kauvery Hospitals (Ultra Premium, 9.3 min) | Cloudnine Hospital - Electronics City (Super Premium, 3.9 min) | Springleaf Healthcare (Ultra Premium, 10.4 min) | Apollo Hospital (Ultra Premium, 19.5 min) | Fortis Hospital (Ultra Premium, 19.7 min)",no_direct_society_tam
178,876016942ffffff,Adde Viswanathapura,24.3441,Low Evidence,low_evidence,0.4267,0.0,246.0,246.0,246.0,0.0,0.0,0.0,0.0,246.0,249.96,3750.0,Affordable,0.0,,,0.330479,0.288011,0.125194,0.317751,0.0,0.260898,sparse_habitable,True,2,2,3,10,"Prestige Oasis (Elite Luxury, TAM 182) | Scioni Villa Rica (Premium Luxury, TAM 64)","Maarga (Ultra Premium, 18.7 min) | Manipal Hospital (Super Premium, 23.9 min) | Aveksha Hospital (Ultra Premium, 27.3 min) | K K Hospital (Super Premium, 19.3 min) | Sparsh Hospital (Premium, 23.2 min)",
179,87601696dffffff,Abbigere,23.7547,Low Evidence,low_evidence,0.4933,0.0,0.0,0.0,0.0,0.0,0.0,0.0,0.0,53.0,140.82,,Premium,0.2561078456427293,,,0.224348,0.262209,0.636708,0.299192,0.0,0.613763,habitable,True,0,2,3,51,"GM Infinite Daffodils (Premium Luxury, TAM 494) | Riteway (Ultra Luxury, TAM 52)","People Tree Hospitals (Ultra Premium, 13.7 min) | Aveksha Hospital (Ultra Premium, 7.6 min) | Aster CMI Hospital (Ultra Premium, 20.5 min) | Prakriya Hospitals (Premium, 8.7 min) | Sparsh Hospital (Premium, 5.1 min)",no_direct_society_tam
180,87601451bffffff,Bheemanakuppe,22.4713,Low Evidence,low_evidence,0.3467,0.0,0.0,0.0,0.0,0.0,0.0,0.0,0.0,31.55,94.68,9000.0,Mid-Segment,0.03669938966077304,,,0.195628,0.201252,0.308918,0.457749,0.0,0.287245,sparse_habitable,True,0,1,1,11,"SBR Global Queens Ville (Premium Luxury, TAM 441)","Motherhood Hospital (Ultra Premium, 11.7 min) | Pathway Hospitals (Ultra Premium, 20.6 min) | SS Sparsh Hospital (Ultra Premium, 22.6 min) | Brains Super Speciality Hospital (Ultra Premium, 22.9 min) | Gleneagles Hospitals (Mid-Premium, 17.2 min)",no_direct_society_tam
181,876189202ffffff,Raja Kempegowda Ward-Hagaduru,21.7981,Low Evidence,low_evidence,0.8333,0.0,0.0,0.0,0.0,0.0,0.0,0.0,0.0,90.72,659.97,3700.0,Affordable,0.0,,15.6,0.336242,0.592332,0.483012,0.260679,0.317475,0.10202,low_building_evidence,False,0,10,39,24,"Palm Vistas (Super Luxury, TAM 73) | Sunrise Aurora (Super Luxury, TAM 76) | Sai Balaji Residency (Super Luxury, TAM 80) | Isha Brindavan (Super Luxury, TAM 185) | White Breeze (Super Luxury, TAM 124)","Aster Women & Children Hospital (Ultra Premium, 19.6 min) | Aster Whitefield Hospital (Ultra Premium, 19.6 min) | RxDx Healthcare (Ultra Premium, 19.9 min) | Kauvery Hospital (Ultra Premium, 19.3 min) | RxDx Healthcare (Ultra Premium, 15.6 min)",low_overture_building_habitability | no_direct_society_tam
182,876189373ffffff,Bidarakuppe,21.6103,Low Evidence,low_evidence,0.5167,0.0,72.0,72.0,72.0,0.0,0.0,0.0,0.0,93.18,193.03,6350.0,Affordable,0.00969883650425427,2.9999999999999996,1.6,0.25861,0.335204,0.0,0.416403,0.0,0.199643,low_building_evidence,True,1,2,5,2,"Aryan Golden Arena D (Premium Luxury, TAM 72) | Upkar Symphony (Premium Luxury, TAM 200)","Sri Sai Hospitals (Super Premium, 12.1 min) | Mazumdar Shaw Medical Center (Premium, 21.7 min)",
183,876014c94ffffff,Vaderamanchanahalli,21.1043,Low Evidence,low_evidence,0.5667,0.0,0.0,0.0,0.0,0.0,0.0,0.0,0.0,12.55,142.18,,Premium,0.44113924050632913,,,0.11163,0.323159,0.215996,0.17,0.44231,0.580871,habitable,True,0,1,4,13,"Maxx New Town (Premium Luxury, TAM 87)","Vijayashree Hospitals (Super Premium, 3.5 min) | Kauvery Hospitals (Ultra Premium, 24.6 min) | Cloudnine Hospital - Electronics City (Super Premium, 17.2 min) | Mazumdar Shaw Medical Center (Premium, 15.9 min) | Springleaf Healthcare (Ultra Premium, 24.2 min)",no_direct_society_tam
184,876016951ffffff,Adde Viswanathapura,20.6543,Low Evidence,low_evidence,0.6667,0.0,44.0,44.0,44.0,0.0,0.0,0.0,0.0,101.15,193.56,,Affordable,0.0,,,0.348058,0.382381,0.068952,0.175379,0.0,0.156896,low_building_evidence,True,1,6,6,8,"Surya Valencia (Ultra Luxury, TAM 44) | BCIL ZED Habitats EARTH (Elite Luxury, TAM 139) | Citrus Earth Villa (Ultra Luxury, TAM 133) | Vajram Orchid (Super Luxury, TAM 64) | Prestige Oasis (Elite Luxury, TAM 182)","Maarga (Ultra Premium, 21.5 min) | Manipal Hospital (Super Premium, 26.7 min) | K K Hospital (Super Premium, 22.1 min) | Sparsh Hospital (Premium, 26.1 min) | Navachethana Hospital (Mid-Premium, 20.0 min)",
185,876189223ffffff,Chikkanahalli Kamanahalli,20.5211,Low Evidence,low_evidence,0.5667,0.0,67.0,67.0,67.0,0.0,0.0,0.0,0.0,73.01,321.27,,Affordable,0.0,,,0.249804,0.362192,0.383789,0.053413,0.0,0.113433,low_building_evidence,True,1,2,7,11,"Ashish Woods (Premium Luxury, TAM 67) | Pavans Gokulam (Premium Luxury, TAM 86)","Belenus Champion Hospital (Ultra Premium, 20.0 min) | Sakra World Hospital (Ultra Premium, 26.0 min) | Kauvery Hospital (Ultra Premium, 23.5 min) | Aster Women & Children Hospital (Ultra Premium, 28.8 min) | RxDx Healthcare (Ultra Premium, 19.8 min)",
186,87618935bffffff,Chikkanagamangala,19.9377,Low Evidence,low_evidence,0.5667,0.0,0.0,0.0,0.0,0.0,0.0,0.0,0.0,0.4,153.42,4591.0,Affordable,0.0,,5.1,0.097397,0.347845,0.553469,0.273996,0.0,0.263882,sparse_habitable,True,0,1,8,42,"Vijay nest (Super Luxury, TAM 6)","Kauvery Hospitals (Ultra Premium, 12.1 min) | Springleaf Healthcare (Ultra Premium, 9.1 min) | Manipal Hospital (Ultra Premium, 19.0 min) | Sakra World Hospital (Ultra Premium, 21.2 min) | Cloudnine Hospital (Ultra Premium, 20.4 min)",no_direct_society_tam
187,87618934bffffff,Kachanayakanahalli,19.8128,Low Evidence,low_evidence,0.6167,0.0,0.0,0.0,0.0,0.0,0.0,0.0,0.0,7.09,45.92,3199.0,Mid-Segment,0.0,,,0.036143,0.129083,0.290728,0.212464,0.488957,0.516788,habitable,True,0,1,3,16,"Prasiddhi Cloud 9 (Elite Luxury, TAM 110)","Kauvery Hospitals (Ultra Premium, 18.3 min) | Mazumdar Shaw Medical Center (Premium, 8.7 min) | Vijayashree Hospitals (Super Premium, 7.6 min) | Cloudnine Hospital - Electronics City (Super Premium, 12.1 min) | Springleaf Healthcare (Ultra Premium, 18.0 min)",no_direct_society_tam
188,876014506ffffff,Agara,19.3407,Low Evidence,low_evidence,0.4467,0.0,0.0,0.0,0.0,0.0,0.0,0.0,0.0,3.08,9.58,,Premium,0.35,,,0.0001,0.000357,0.456123,0.297966,0.356906,0.304021,sparse_habitable,True,0,1,1,23,"RIB Cinnamon Citadel (Elite Luxury, TAM 47)","DHEE Hospitals (Ultra Premium, 13.3 min) | Aster RV Hospital (Ultra Premium, 22.8 min) | Astra Superspeciality Hospital (Super Premium, 16.0 min) | Fortis Hospital (Ultra Premium, 24.4 min) | Pathway Hospitals (Ultra Premium, 19.0 min)",no_direct_society_tam
189,8761892d1ffffff,Chikkagubbi-Doddenahalli,18.988,Low Evidence,low_evidence,0.9,0.0,0.0,0.0,0.0,0.0,0.0,0.0,0.0,7.23,100.28,7269.0,Mid-Segment,0.09577504871541488,,2.6,0.139746,0.276658,0.52839,0.504167,0.546075,0.171209,low_building_evidence,False,0,1,8,51,"Ramky Serene Woods (Premium Luxury, TAM 61)","Trilife Hospital (Ultra Premium, 21.1 min) | Maarga (Ultra Premium, 18.3 min) | Regal Hospital (Super Premium, 11.3 min) | Shishuka Children's Specialty Hospital (Ultra Premium, 18.2 min) | Cloudnine Hospital - HRBR (Ultra Premium, 22.0 min)",low_overture_building_habitability | no_direct_society_tam
190,876189346ffffff,Indlabele,18.5359,Low Evidence,low_evidence,0.6667,0.0,0.0,0.0,0.0,0.0,0.0,0.0,0.0,23.72,580.97,,Affordable,0.0,,,0.222696,0.58251,0.002611,0.1391,0.259051,0.288608,sparse_habitable,True,0,1,8,3,"Upkar Symphony (Premium Luxury, TAM 200)","Sri Sai Hospitals (Super Premium, 8.3 min) | Mazumdar Shaw Medical Center (Premium, 17.9 min) | KIMS Hospitals (Mid-Premium, 24.9 min)",no_direct_society_tam
191,876014581ffffff,Herohalli-Byadarahalli,17.918,Low Evidence,low_evidence,0.56,0.0,0.0,0.0,0.0,0.0,0.0,0.0,0.0,15.64,47.03,4035.0,Mixed - Mid-Segment leaning,0.08875689286163918,,,0.06992,0.111673,0.672074,0.30661,0.0,0.748299,habitable,True,0,2,2,74,"Sai Ragavandras White Mados (Super Luxury, TAM 120) | Akshaya Sai Balaji Lake View Curve (Premium Luxury, TAM 100)","People Tree Hospitals (Ultra Premium, 14.8 min) | Motherhood Hospital (Ultra Premium, 14.7 min) | Cloudnine Hospital (Super Premium, 6.4 min) | Brains Super Speciality Hospital (Ultra Premium, 13.7 min) | Manipal Hospital Malleshwaram (Super Premium, 16.3 min)",no_direct_society_tam
192,87601459affffff,Bagalagunte-Bangalore West,17.5142,Low Evidence,low_evidence,0.55,0.0,6.0,6.0,6.0,0.0,0.0,0.0,0.0,6.0,111.84,3693.0,Mid-Segment,0.0,,,0.087632,0.245227,0.609158,0.297384,0.0,0.605866,habitable,True,1,1,3,39,"Ramodayas Rajasri Mansion (Elite Luxury, TAM 6)","People Tree Hospitals (Ultra Premium, 14.5 min) | Prakriya Hospitals (Premium, 7.8 min) | Motherhood Hospital (Mid-Premium, 5.3 min) | Aveksha Hospital (Ultra Premium, 16.2 min) | Aster CMI Hospital (Ultra Premium, 26.4 min)",
193,876016911ffffff,Manchappanahosahalli,15.9118,Low Evidence,low_evidence,0.4833,0.0,0.0,0.0,0.0,0.0,0.0,0.0,0.0,21.15,72.79,6300.0,Affordable,0.012359601600083741,3.0,5.0,0.14593,0.216165,0.0,0.459813,0.0,0.351818,sparse_habitable,True,0,2,6,0,"Hiranandani Upscale Villas (Elite Luxury, TAM 150) | Hiranandani Cypress (Premium Luxury, TAM 63)",,no_direct_society_tam
194,87601459cffffff,Nelagadaranahalli-Dodda Bidarakallu,15.7336,Low Evidence,low_evidence,0.45,0.0,0.0,0.0,0.0,0.0,0.0,0.0,0.0,0.0,18.77,,Premium Candidate,0.19633974673535617,,,0.006923,0.024725,0.699749,0.272989,0.0,0.818225,dense_habitable,True,0,0,1,64,,"People Tree Hospitals (Ultra Premium, 10.2 min) | Prakriya Hospitals (Premium, 4.0 min) | SPARSH Hospital (Premium, 10.6 min) | Raghavendra People Tree Hospital (Mid-Premium, 4.8 min) | Aster CMI Hospital (Ultra Premium, 24.2 min)",low_residential_office_poi_evidence | no_direct_society_tam
195,87601690affffff,Bangalore North,15.7112,Low Evidence,low_evidence,0.4167,0.0,0.0,0.0,0.0,0.0,0.0,0.0,0.0,56.74,334.01,10050.0,Mid-Segment,0.0920188519150672,,,0.317804,0.469755,0.0,0.633791,0.0,0.059164,low_building_evidence,False,0,2,7,0,"Provident Deansgate (Super Luxury, TAM 288) | Provident Deansgate Phase 2 (Premium Luxury, TAM 141)",,low_overture_building_habitability | no_direct_society_tam
196,876016969ffffff,Soladevanahalli,15.4571,Low Evidence,low_evidence,0.3667,0.0,0.0,0.0,0.0,0.0,0.0,0.0,0.0,0.0,0.0,,Premium,0.4028216704288939,,,0.0,0.0,0.581173,0.201368,0.327599,0.467495,sparse_habitable,True,0,0,0,34,,"People Tree Hospitals (Ultra Premium, 17.2 min) | Aveksha Hospital (Ultra Premium, 12.9 min) | Sparsh Hospital (Premium, 6.2 min) | Prakriya Hospitals (Premium, 10.4 min) | Aster CMI Hospital (Ultra Premium, 25.8 min)",no_direct_society_tam
197,87601459dffffff,Dodda Bidarakallu,15.4157,Low Evidence,low_evidence,0.3167,0.0,0.0,0.0,0.0,0.0,0.0,0.0,0.0,0.0,11.17,7099.999999999999,Affordable,0.0034188117062034502,,,0.0,0.0,0.592563,0.375807,0.0,0.530632,habitable,True,0,0,1,47,,"People Tree Hospitals (Ultra Premium, 14.6 min) | Prakriya Hospitals (Premium, 8.5 min) | SPARSH Hospital (Premium, 15.0 min) | Motherhood Hospital (Ultra Premium, 23.3 min) | Smiles Institute of Gastroenterology (Ultra Premium, 22.0 min)",low_residential_office_poi_evidence | no_direct_society_tam
198,876189353ffffff,Kada Agrahara,15.2515,Low Evidence,low_evidence,0.5667,0.0,0.0,0.0,0.0,0.0,0.0,0.0,0.0,44.55,281.35,6590.0,Affordable,0.0260426940376276,,14.0,0.297798,0.469591,0.272684,0.392428,0.0,0.15482,low_building_evidence,False,0,3,8,11,"Bricks Felicity (Ultra Luxury, TAM 283) | Suyug Saffron (Super Luxury, TAM 110) | RNG Palm Springs (Premium Luxury, TAM 60)","Belenus Champion Hospital (Ultra Premium, 19.4 min) | Kauvery Hospitals (Ultra Premium, 26.6 min) | Springleaf Healthcare (Ultra Premium, 23.5 min) | Sri Sai Hospitals (Super Premium, 15.8 min) | Vasundhara Agrawal, Diet and Lifestyle Consultant (Ultra Premium, 24.6 min)",low_overture_building_habitability | no_direct_society_tam
199,876014c9affffff,Bannerughatta,14.8929,Low Evidence,low_evidence,0.4333,0.0,0.0,0.0,0.0,0.0,0.0,0.0,0.0,0.0,0.0,6436.95652173913,Affordable,0.023247691211934204,,18.21014492753623,0.0,0.0,0.434623,0.378625,0.57749,0.239748,low_building_evidence,False,0,0,0,30,,"Apollo Hospital (Ultra Premium, 19.3 min) | Fortis Hospital (Ultra Premium, 19.6 min) | Aster RV Hospital (Ultra Premium, 24.9 min) | DHEE Hospitals (Ultra Premium, 23.3 min) | Cadabams Hospitals (Ultra Premium, 23.8 min)",low_overture_building_habitability | no_direct_society_tam
200,8760145a9ffffff,Kommagatta,14.2642,Low Evidence,low_evidence,0.2667,0.0,0.0,0.0,0.0,0.0,0.0,0.0,0.0,0.0,0.0,9150.0,Mid-Segment,0.005780153871571754,,27.1,0.0,0.0,0.405249,0.41524,0.0,0.344688,sparse_habitable,True,0,0,0,29,,"Motherhood Hospital (Ultra Premium, 5.4 min) | Brains Super Speciality Hospital (Ultra Premium, 12.5 min) | SS Sparsh Hospital (Ultra Premium, 16.0 min) | Pathway Hospitals (Ultra Premium, 15.6 min) | Kusuma Hospital (Ultra Premium, 21.6 min)",low_residential_office_poi_evidence | no_direct_society_tam
201,87601458effffff,Andrahalli-Nada prabhu Kempegowda Nagara,14.0706,Low Evidence,low_evidence,0.45,0.0,0.0,0.0,0.0,0.0,0.0,0.0,0.0,0.0,9.89,6091.14979757085,Affordable,0.09685949872314471,,15.5,0.0,0.0,0.547653,0.358503,0.0,0.63217,habitable,True,0,0,1,48,,"People Tree Hospitals (Ultra Premium, 18.0 min) | Motherhood Hospital (Ultra Premium, 20.1 min) | Prakriya Hospitals (Premium, 13.1 min) | Brains Super Speciality Hospital (Ultra Premium, 18.2 min) | Cloudnine Hospital (Super Premium, 12.2 min)",low_residential_office_poi_evidence | no_direct_society_tam
202,876014515ffffff,Talagattapura,13.8321,Low Evidence,low_evidence,0.4667,0.0,0.0,0.0,0.0,0.0,0.0,0.0,0.0,12.39,217.94,12500.0,Mid-Segment,0.19790773293926622,,10.6,0.155731,0.424396,0.566502,0.53933,0.0,0.130143,low_building_evidence,False,0,1,4,45,"Mantri Courtyard (Ultra Luxury, TAM 174)","DHEE Hospitals (Ultra Premium, 11.0 min) | Aster RV Hospital (Ultra Premium, 20.4 min) | Astra Superspeciality Hospital (Super Premium, 13.7 min) | Pathway Hospitals (Ultra Premium, 16.6 min) | Cloudnine Hospital - Jayanagar (Ultra Premium, 24.0 min)",low_overture_building_habitability | no_direct_society_tam
203,876189210ffffff,Kacharakanahalli,13.7844,Low Evidence,low_evidence,0.5667,0.0,0.0,0.0,0.0,0.0,0.0,0.0,0.0,9.8,133.5,5145.0,Mid-Segment,0.0,,,0.138008,0.332957,0.414039,0.331061,0.0,0.145845,low_building_evidence,False,0,2,6,15,"Ranav Tranquil Haven (Elite Luxury, TAM 36) | Raffles Park (Elite Luxury, TAM 61)","Aster Women & Children Hospital (Ultra Premium, 20.0 min) | Aster Whitefield Hospital (Ultra Premium, 20.0 min) | RxDx Healthcare (Ultra Premium, 23.6 min) | Kinder Women's Hospital and Fertility Centre (Ultra Premium, 25.2 min) | Kauvery Hospital (Ultra Premium, 25.4 min)",low_overture_building_habitability | no_direct_society_tam
204,87601458cffffff,Byadarahalli,13.4746,Low Evidence,low_evidence,0.3833,0.0,0.0,0.0,0.0,0.0,0.0,0.0,0.0,0.0,10.03,8888.0,Affordable,0.0007867514101679708,,,0.0,0.0,0.5431,0.377792,0.0,0.650675,habitable,True,0,0,1,50,,"Motherhood Hospital (Ultra Premium, 12.4 min) | People Tree Hospitals (Ultra Premium, 19.8 min) | Brains Super Speciality Hospital (Ultra Premium, 13.8 min) | SS Sparsh Hospital (Ultra Premium, 18.9 min) | Cloudnine Hospital (Super Premium, 10.6 min)",low_residential_office_poi_evidence | no_direct_society_tam
205,876014c92ffffff,Hulimangala,13.4324,Low Evidence,low_evidence,0.7333,0.0,0.0,0.0,0.0,0.0,0.0,0.0,0.0,14.54,125.61,3798.0,Premium,0.39073123797305964,,,0.110828,0.290932,0.382338,0.363723,0.235941,0.170289,low_building_evidence,False,0,2,4,28,"Nandana Shelters (Premium Luxury, TAM 204) | Vasavi Green Plam (Premium Luxury, TAM 48)","Kauvery Hospitals (Ultra Premium, 13.8 min) | Cloudnine Hospital - Electronics City (Super Premium, 8.5 min) | Springleaf Healthcare (Ultra Premium, 15.0 min) | Vijayashree Hospitals (Super Premium, 7.5 min) | Apollo Hospital (Ultra Premium, 25.2 min)",low_overture_building_habitability | no_direct_society_tam
206,87601459bffffff,Bangalore West,13.2155,Low Evidence,low_evidence,0.4833,0.0,0.0,0.0,0.0,0.0,0.0,0.0,0.0,0.0,11.67,5500.0,Mixed - Affordable leaning,0.14850597609561753,,,0.000475,0.001696,0.507609,0.342972,0.0,0.566826,habitable,True,0,0,3,23,,"People Tree Hospitals (Ultra Premium, 15.8 min) | Prakriya Hospitals (Premium, 8.6 min) | SPARSH Hospital (Premium, 16.2 min) | Aveksha Hospital (Ultra Premium, 20.0 min) | Motherhood Hospital (Mid-Premium, 10.4 min)",low_residential_office_poi_evidence | no_direct_society_tam
207,87601696affffff,Kondashettihalli,13.1537,Low Evidence,low_evidence,0.3167,0.0,0.0,0.0,0.0,0.0,0.0,0.0,0.0,0.0,304.19,,Premium,0.35,,,0.096865,0.345947,0.457458,0.17,0.0,0.253149,sparse_habitable,True,0,0,1,26,,"Maarga (Ultra Premium, 15.4 min) | Aveksha Hospital (Ultra Premium, 12.8 min) | Sparsh Hospital (Premium, 7.0 min) | Mind and Brain hospital (Ultra Premium, 20.0 min) | People Tree Hospitals (Ultra Premium, 24.6 min)",low_residential_office_poi_evidence | no_direct_society_tam
208,876189349ffffff,Rajapura,12.9325,Low Evidence,low_evidence,0.6167,0.0,0.0,0.0,0.0,0.0,0.0,0.0,0.0,0.0,45.39,5237.0,Mid-Segment,0.0,,,0.0244,0.087143,0.196216,0.248667,0.987688,0.097828,low_building_evidence,False,0,0,3,13,,"Vijayashree Hospitals (Super Premium, 8.9 min) | Kauvery Hospitals (Ultra Premium, 26.1 min) | Mazumdar Shaw Medical Center (Premium, 14.0 min) | Cloudnine Hospital - Electronics City (Super Premium, 18.7 min) | Springleaf Healthcare (Ultra Premium, 25.7 min)",low_overture_building_habitability | no_direct_society_tam
209,876014524ffffff,Vaddarahalli,12.3347,Low Evidence,low_evidence,0.2667,0.0,0.0,0.0,0.0,0.0,0.0,0.0,0.0,0.0,388.02,6805.0,Premium,0.5501709664853989,,1.4,0.106464,0.38023,0.0,0.434191,0.275202,0.1271,low_building_evidence,False,0,0,1,0,,,low_overture_building_habitability | no_direct_society_tam
210,876189344ffffff,Attibele,12.2121,Low Evidence,low_evidence,0.4667,0.0,0.0,0.0,0.0,0.0,0.0,0.0,0.0,0.0,66.34,,Affordable,0.0,,,0.05537,0.197748,0.0,0.04,0.410345,0.292364,sparse_habitable,True,0,0,2,2,,"Sri Sai Hospitals (Super Premium, 8.1 min) | Mazumdar Shaw Medical Center (Premium, 17.7 min)",no_direct_society_tam
211,87618935cffffff,Mutthanelleuru-amanikere,12.124,Low Evidence,low_evidence,0.5667,0.0,0.0,0.0,0.0,0.0,0.0,0.0,0.0,23.04,218.68,4583.0,Affordable,0.0,,,0.227183,0.409944,0.276085,0.206987,0.0,0.182891,low_building_evidence,False,0,2,9,16,"Grand Lapalazzo (Ultra Luxury, TAM 160) | Mahidhara Harmony (Ultra Luxury, TAM 146)","Sri Sai Hospitals (Super Premium, 8.1 min) | Belenus Champion Hospital (Ultra Premium, 21.6 min) | Springleaf Healthcare (Ultra Premium, 21.5 min) | Kauvery Hospitals (Ultra Premium, 29.9 min) | Mazumdar Shaw Medical Center (Premium, 17.8 min)",low_overture_building_habitability | no_direct_society_tam
212,87601695effffff,Arakere,11.8847,Low Evidence,low_evidence,0.3667,0.0,0.0,0.0,0.0,0.0,0.0,0.0,0.0,25.37,86.83,7936.0,Mid-Segment,0.1030128992819574,5.0,24.0,0.202507,0.265107,0.0,0.560796,0.0,0.086492,low_building_evidence,False,0,3,5,0,"Citrus Earth Villa (Ultra Luxury, TAM 133) | Surya Valencia (Ultra Luxury, TAM 44) | BCIL ZED Habitats EARTH (Elite Luxury, TAM 139)",,low_overture_building_habitability | no_direct_society_tam
213,876189341ffffff,Marasuru Agrahara,11.6965,Low Evidence,low_evidence,0.5667,0.0,0.0,0.0,0.0,0.0,0.0,0.0,0.0,0.0,693.44,6320.0,Affordable,4.408335094387152e-05,,,0.173618,0.620063,0.211376,0.306012,0.0,0.164889,low_building_evidence,False,0,0,9,11,,"Sri Sai Hospitals (Super Premium, 4.9 min) | Kauvery Hospitals (Ultra Premium, 22.7 min) | Mazumdar Shaw Medical Center (Premium, 10.6 min) | Springleaf Healthcare (Ultra Premium, 22.3 min) | Cloudnine Hospital - Electronics City (Super Premium, 25.0 min)",low_overture_building_habitability | low_residential_office_poi_evidence | no_direct_society_tam
214,876016968ffffff,Kalathammanahalli,11.6771,Low Evidence,low_evidence,0.4667,0.0,0.0,0.0,0.0,0.0,0.0,0.0,0.0,231.27,589.39,,Affordable,0.0,,,0.331371,0.444956,0.565675,0.046502,0.0,0.204225,low_building_evidence,False,0,1,4,42,"Enrich Garden city (Premium Luxury, TAM 2,000)","Sparsh Hospital (Premium, 0.8 min) | Aveksha Hospital (Ultra Premium, 9.0 min) | People Tree Hospitals (Ultra Premium, 18.1 min) | Maarga (Ultra Premium, 15.5 min) | Mind and Brain hospital (Ultra Premium, 16.2 min)",low_overture_building_habitability | no_direct_society_tam
215,87601451affffff,Kommagatta,11.557,Low Evidence,low_evidence,0.3667,0.0,0.0,0.0,0.0,0.0,0.0,0.0,0.0,0.0,24.42,4191.0,Mid-Segment,0.0,,,0.002737,0.009775,0.296476,0.265749,0.0,0.287709,sparse_habitable,True,0,0,2,20,,"Motherhood Hospital (Ultra Premium, 9.8 min) | Pathway Hospitals (Ultra Premium, 19.2 min) | SS Sparsh Hospital (Ultra Premium, 21.2 min) | Brains Super Speciality Hospital (Ultra Premium, 21.4 min) | DHEE Hospitals (Ultra Premium, 30.2 min)",low_residential_office_poi_evidence | no_direct_society_tam
216,87601690bffffff,Hegganahalli,10.8971,Low Evidence,low_evidence,0.5033,0.0,0.0,0.0,0.0,0.0,0.0,0.0,0.0,99.65,289.15,,Premium,0.3387096774193548,,,0.340477,0.447998,0.0,0.28185,0.0,0.124812,low_building_evidence,False,0,4,4,0,"Embassy Greenshore (Super Luxury, TAM 800) | Konig North County (Ultra Luxury, TAM 98) | White Lotus Amanvana (Elite Luxury, TAM 95) | Shriam Rainforest (Premium Luxury, TAM 297)",,low_overture_building_habitability | no_direct_society_tam
217,876014588ffffff,Bangalore West-Nada prabhu Kempegowda Nagara,10.3583,Low Evidence,low_evidence,0.4,0.0,0.0,0.0,0.0,0.0,0.0,0.0,0.0,0.0,0.0,,Premium,0.24326824560591734,,,0.0,0.0,0.427835,0.250732,0.0,0.609447,habitable,True,0,0,0,31,,"Motherhood Hospital (Ultra Premium, 19.9 min) | Brains Super Speciality Hospital (Ultra Premium, 20.3 min) | People Tree Hospitals (Ultra Premium, 30.7 min) | Cloudnine Hospital (Super Premium, 14.9 min) | SS Sparsh Hospital (Ultra Premium, 25.3 min)",low_residential_office_poi_evidence | no_direct_society_tam
218,87601451cffffff,Kengeri Gollarahalli,10.0409,Low Evidence,low_evidence,0.3167,0.0,0.0,0.0,0.0,0.0,0.0,0.0,0.0,0.0,7.23,2083.0,Mid-Segment,0.0,,23.8,0.0,0.0,0.35635,0.193562,0.0,0.367925,sparse_habitable,True,0,0,1,20,,"Motherhood Hospital (Ultra Premium, 16.1 min) | Pathway Hospitals (Ultra Premium, 15.6 min) | SS Sparsh Hospital (Ultra Premium, 19.4 min) | DHEE Hospitals (Ultra Premium, 22.4 min) | Gleneagles Hospitals (Mid-Premium, 12.1 min)",low_residential_office_poi_evidence | no_direct_society_tam
219,8760145abffffff,Manganahalli,9.4875,Low Evidence,low_evidence,0.2667,0.0,0.0,0.0,0.0,0.0,0.0,0.0,0.0,0.0,0.0,,Mid-Segment,0.0,,,0.0,0.0,0.464877,0.139072,0.0,0.4818,sparse_habitable,True,0,0,0,41,,"Motherhood Hospital (Ultra Premium, 8.1 min) | Brains Super Speciality Hospital (Ultra Premium, 9.5 min) | SS Sparsh Hospital (Ultra Premium, 14.5 min) | People Tree Hospitals (Ultra Premium, 25.2 min) | Cloudnine Hospital (Super Premium, 11.8 min)",low_residential_office_poi_evidence | no_direct_society_tam
220,8760144b6ffffff,Kodagithirumalapaura,9.1219,Low Evidence,low_evidence,0.3667,0.0,0.0,0.0,0.0,0.0,0.0,0.0,0.0,0.0,0.0,,Affordable,0.0,,,0.0,0.0,0.391635,0.079793,0.198891,0.318597,sparse_habitable,True,0,0,0,10,,"People Tree Hospitals (Ultra Premium, 22.1 min) | Aveksha Hospital (Ultra Premium, 17.8 min) | Prakriya Hospitals (Premium, 15.3 min) | Sparsh Hospital (Premium, 12.6 min) | Smiles Institute of Gastroenterology (Ultra Premium, 24.1 min)",no_direct_society_tam
221,876016924ffffff,Konadasanapura,9.0255,Low Evidence,low_evidence,0.3583,0.0,0.0,0.0,0.0,0.0,0.0,0.0,0.0,0.0,0.0,12067.39179404666,Mid-Segment,0.35025124697574905,3.0,21.70337892196299,0.0,0.0,0.0,0.83171,0.220776,0.231434,low_building_evidence,False,0,0,0,1,,"Ovum Clinic And Day Care Centre (Mid-Premium, 14.6 min)",low_overture_building_habitability | no_direct_society_tam
222,876016910ffffff,Rajamahal,8.9088,Low Evidence,low_evidence,0.1967,0.0,0.0,0.0,0.0,0.0,0.0,0.0,0.0,38.5,90.06,4258.0,Mid-Segment,0.0,,,0.233937,0.260849,0.0,0.21663,0.0,0.0,inhabitable,False,0,1,1,0,"RAK Felicity (Super Luxury, TAM 296)",,low_overture_building_habitability | no_direct_society_tam
223,876016905ffffff,Chikkanahalli,8.4761,Low Evidence,low_evidence,0.5167,0.0,0.0,0.0,0.0,0.0,0.0,0.0,0.0,5.49,152.36,3500.0,Affordable,0.0,,0.0,0.099748,0.356242,0.0,0.270251,0.550284,0.18544,low_building_evidence,False,0,1,4,0,"Sri Krishna Avenue (Premium Luxury, TAM 87)",,low_overture_building_habitability | no_direct_society_tam
224,87601694dffffff,Kodagithirumalapaura-Hesaraghatta,8.1836,Low Evidence,low_evidence,0.3333,0.0,0.0,0.0,0.0,0.0,0.0,0.0,0.0,0.0,0.0,4100.0,Affordable,0.0,,105.0,0.0,0.0,0.307947,0.256833,0.0,0.349011,sparse_habitable,True,0,0,0,6,,"Sparsh Hospital (Premium, 10.6 min) | Maarga (Ultra Premium, 26.0 min) | Aveksha Hospital (Ultra Premium, 23.4 min) | Prakriya Hospitals (Premium, 20.0 min) | Motherhood Hospital (Mid-Premium, 17.6 min)",low_residential_office_poi_evidence | no_direct_society_tam
225,87618936bffffff,Avuda Denahalli,8.123,Low Evidence,low_evidence,0.5867,0.0,0.0,0.0,0.0,0.0,0.0,0.0,0.0,150.36,429.3,4250.0,Affordable,0.0,4.0,25.0,0.296014,0.40041,0.008681,0.288597,0.0,0.247162,low_building_evidence,False,0,4,5,5,"Shabu Christ Nagar (Premium Luxury, TAM 1,076) | Upkar Heritage (Premium Luxury, TAM 100) | Aratt Atlantis Breeze (Premium Luxury, TAM 514) | GKS Vista Splendor (Premium Luxury, TAM 89)","Mazumdar Shaw Medical Center (Premium, 15.3 min) | Vijayashree Hospitals (Super Premium, 17.3 min) | Sri Sai Hospitals (Super Premium, 21.3 min) | First Eat Right Clinic (Mid-Premium, 23.8 min) | KIMS Hospitals (Mid-Premium, 22.3 min)",low_overture_building_habitability | no_direct_society_tam
226,876189294ffffff,Kundalahalli,8.1138,Low Evidence,low_evidence,0.1167,0.0,0.0,0.0,0.0,0.0,0.0,0.0,0.0,0.0,0.0,13700.0,Ultra Premium,0.7858446088730853,,6.6,0.0,0.0,0.0,0.876382,0.0,0.0,inhabitable,False,0,0,0,0,,,low_overture_building_habitability | low_residential_office_poi_evidence | no_direct_society_tam
227,876189289ffffff,Manduru,7.7397,Low Evidence,low_evidence,0.6167,0.0,0.0,0.0,0.0,0.0,0.0,0.0,0.0,24.68,102.13,2582.9999999999995,Mid-Segment,0.0,,,0.202809,0.292431,0.282754,0.186513,0.102155,0.14663,low_building_evidence,False,0,3,5,19,"Prestige Glenwood (Elite Luxury, TAM 116) | Radiance Blossom (Elite Luxury, TAM 65) | Manani Gold City (Premium Luxury, TAM 39)","Cloudnine Hospital - HRBR (Ultra Premium, 25.4 min) | Aster Women & Children Hospital (Ultra Premium, 30.3 min) | Aster Whitefield Hospital (Ultra Premium, 30.3 min) | Kinder Women's Hospital and Fertility Centre (Ultra Premium, 29.4 min) | IIGU Hospital-Indus Institute of Gastro Uro (Ultra Premium, 26.0 min)",low_overture_building_habitability | no_direct_society_tam
228,876016950ffffff,Maragondanahalli,7.5839,Low Evidence,low_evidence,0.5333,0.0,0.0,0.0,0.0,0.0,0.0,0.0,0.0,3.81,51.39,6503.588473205258,Affordable,0.013150279200899445,3.276036400404449,,0.046818,0.167209,0.015608,0.396462,0.0,0.071037,low_building_evidence,False,0,1,4,5,"Vajram Orchid (Super Luxury, TAM 64)","Maarga (Ultra Premium, 25.6 min) | Manipal Hospital (Super Premium, 30.8 min) | K K Hospital (Super Premium, 26.2 min) | Ashwini Hospital (Ultra Premium, 27.5 min) | Navachethana Hospital (Mid-Premium, 24.1 min)",low_overture_building_habitability | no_direct_society_tam
229,8760168c4ffffff,Sampigehalli,7.1808,Low Evidence,low_evidence,0.1167,0.0,0.0,0.0,0.0,0.0,0.0,0.0,0.0,0.0,0.0,10842.999999999998,Mid-Segment,0.28605959980050516,2.0,13.400000000000002,0.0,0.0,0.0,0.735812,0.0,0.0,inhabitable,False,0,0,0,0,,,low_overture_building_habitability | low_residential_office_poi_evidence | no_direct_society_tam
230,876014511ffffff,Hemmigepura,7.0513,Low Evidence,low_evidence,0.5333,0.0,0.0,0.0,0.0,0.0,0.0,0.0,0.0,0.0,39.98,3964.0,Mixed - Mid-Segment leaning,0.0,,,0.029555,0.105555,0.505241,0.237498,0.0,0.206273,low_building_evidence,False,0,0,4,39,,"Motherhood Hospital (Ultra Premium, 15.0 min) | Pathway Hospitals (Ultra Premium, 13.1 min) | DHEE Hospitals (Ultra Premium, 17.3 min) | SS Sparsh Hospital (Ultra Premium, 17.3 min) | Aster RV Hospital (Ultra Premium, 26.8 min)",low_overture_building_habitability | low_residential_office_poi_evidence | no_direct_society_tam
231,8760168e6ffffff,Nyayanga Badavane,7.0031,Low Evidence,low_evidence,0.1167,0.0,0.0,0.0,0.0,0.0,0.0,0.0,0.0,0.0,0.0,23650.0,Premium,0.8159509202453988,,26.1,0.0,0.0,0.0,0.790169,0.0,0.0,inhabitable,False,0,0,0,0,,,low_overture_building_habitability | low_residential_office_poi_evidence | no_direct_society_tam
232,8760144adffffff,Manchenahalli,6.9372,Low Evidence,low_evidence,0.3167,0.0,0.0,0.0,0.0,0.0,0.0,0.0,0.0,0.0,0.0,,Mid-Segment,0.0,,,0.0,0.0,0.0,0.147279,0.716284,0.022766,inhabitable,False,0,0,0,0,,,low_overture_building_habitability | no_direct_society_tam
233,876016b90ffffff,Jakkur,6.8561,Low Evidence,low_evidence,0.0967,0.0,0.0,0.0,0.0,0.0,0.0,0.0,0.0,0.0,0.0,22222.0,Mid-Segment,0.45,4.0,6.3,0.0,0.0,0.0,0.814746,0.0,0.0,inhabitable,False,0,0,0,0,,,contains_out_of_bounds_localities | low_overture_building_habitability | low_residential_office_poi_evidence | missing_stage1_h3_res_8_rollup | no_direct_society_tam
234,8761892b0ffffff,K.R Pura,6.7595,Low Evidence,low_evidence,0.1167,0.0,0.0,0.0,0.0,0.0,0.0,0.0,0.0,0.0,0.0,9754.0,Mid-Segment,0.17294685564520293,3.0,19.8,0.0,0.0,0.0,0.696193,0.0,0.0,inhabitable,False,0,0,0,0,,,low_overture_building_habitability | low_residential_office_poi_evidence | no_direct_society_tam
235,8760168c6ffffff,Bommenehalli,6.697,Low Evidence,low_evidence,0.0967,0.0,0.0,0.0,0.0,0.0,0.0,0.0,0.0,0.0,0.0,9600.0,Mid-Segment,0.22089237324215144,,,0.0,0.0,0.0,0.665992,0.0,0.0,inhabitable,False,0,0,0,0,,,contains_out_of_bounds_localities | low_overture_building_habitability | low_residential_office_poi_evidence | missing_stage1_h3_res_8_rollup | no_direct_society_tam
236,876014484ffffff,Arasinakunte,6.6903,Low Evidence,low_evidence,0.2667,0.0,0.0,0.0,0.0,0.0,0.0,0.0,0.0,0.0,0.0,3999.9999999999995,Affordable,0.0,,,0.0,0.0,0.235623,0.250666,0.0,0.380679,sparse_habitable,True,0,0,0,2,,"Prakriya Hospitals (Premium, 22.0 min) | Raghavendra People Tree Hospital (Mid-Premium, 23.8 min)",low_residential_office_poi_evidence | no_direct_society_tam
237,8760144a9ffffff,Bhattarahalli,6.6829,Low Evidence,low_evidence,0.3167,0.0,0.0,0.0,0.0,0.0,0.0,0.0,0.0,0.0,0.0,4363.0,Mid-Segment,0.0,,,0.0,0.0,0.0,0.238879,0.520501,0.0,inhabitable,False,0,0,0,0,,,low_overture_building_habitability | no_direct_society_tam
238,8760144b4ffffff,D.V Gundappa Ward,6.6211,Low Evidence,low_evidence,0.3667,0.0,0.0,0.0,0.0,0.0,0.0,0.0,0.0,0.0,0.0,,Mid-Segment,0.0,,,0.0,0.0,0.41805,0.174638,0.216129,0.248165,low_building_evidence,False,0,0,0,12,,"People Tree Hospitals (Ultra Premium, 20.9 min) | Prakriya Hospitals (Premium, 12.8 min) | Aveksha Hospital (Ultra Premium, 18.4 min) | Motherhood Hospital (Mid-Premium, 10.3 min) | Sparsh Hospital (Premium, 13.2 min)",low_overture_building_habitability | no_direct_society_tam
239,87618966affffff,Mahadevakodagehalli,6.5032,Low Evidence,low_evidence,0.1833,0.0,0.0,0.0,0.0,0.0,0.0,0.0,0.0,0.0,0.0,9920.158102766798,Mid-Segment,0.2024260196717163,,0.5,0.0,0.0,0.0,0.691686,0.0,0.093672,low_building_evidence,False,0,0,0,0,,,low_overture_building_habitability | low_residential_office_poi_evidence | no_direct_society_tam
240,876189230ffffff,Subramanyapura,6.4038,Low Evidence,low_evidence,0.2667,0.0,0.0,0.0,0.0,0.0,0.0,0.0,0.0,0.0,0.0,16000.0,Premium,0.6699035993538534,,,0.0,0.0,0.08953,0.704611,0.0,0.146228,low_building_evidence,False,0,0,0,2,,"RxDx Healthcare (Ultra Premium, 31.5 min) | Cloudnine Hospital (Super Premium, 29.8 min)",low_overture_building_habitability | low_residential_office_poi_evidence | no_direct_society_tam
241,8761892a2ffffff,Kasavanahalli,6.3357,Low Evidence,low_evidence,0.2417,0.0,0.0,0.0,0.0,0.0,0.0,0.0,0.0,0.0,27.43,7782.0,Premium,0.6306159541271753,3.0,6.3,0.013176,0.047057,0.0,0.615895,0.0,0.040056,inhabitable,False,0,0,1,1,,"Ovum Clinic And Day Care Centre (Mid-Premium, 23.9 min)",low_overture_building_habitability | low_residential_office_poi_evidence | no_direct_society_tam
242,87601681dffffff,Mallathahalli,6.2519,Low Evidence,low_evidence,0.1167,0.0,0.0,0.0,0.0,0.0,0.0,0.0,0.0,0.0,0.0,14150.0,Premium,0.6555021633758604,,19.9,0.0,0.0,0.0,0.688869,0.0,0.0,inhabitable,False,0,0,0,0,,,low_overture_building_habitability | low_residential_office_poi_evidence | no_direct_society_tam
243,8761892b5ffffff,Kasavanahalli,6.1022,Low Evidence,low_evidence,0.1167,0.0,0.0,0.0,0.0,0.0,0.0,0.0,0.0,0.0,0.0,8176.0,Premium,0.5109715407833111,3.0,11.1,0.0,0.0,0.0,0.606748,0.0,0.0,inhabitable,False,0,0,0,0,,,low_overture_building_habitability | low_residential_office_poi_evidence | no_direct_society_tam
244,87601449dffffff,Bommanahalli,6.0631,Low Evidence,low_evidence,0.2167,0.0,0.0,0.0,0.0,0.0,0.0,0.0,0.0,0.0,0.0,,Premium,0.35,,,0.0,0.0,0.0,0.275681,0.479733,0.210387,low_building_evidence,False,0,0,0,0,,,low_overture_building_habitability | no_direct_society_tam
245,876016b06ffffff,Thottanahalli,5.9344,Low Evidence,low_evidence,0.2167,0.0,0.0,0.0,0.0,0.0,0.0,0.0,0.0,0.0,0.0,8500.0,Mid-Segment,0.004247614544070954,,,0.0,0.0,0.0,0.422827,0.307159,0.0,inhabitable,False,0,0,0,0,,,low_overture_building_habitability | no_direct_society_tam
246,876016984ffffff,Hosahalli-Gollahalli,5.6522,Low Evidence,low_evidence,0.25,0.0,0.0,0.0,0.0,0.0,0.0,0.0,0.0,0.0,0.0,8216.429378531073,Mixed - Mid-Segment leaning,0.11661358041330701,3.0,5.662146892655367,0.0,0.0,0.0,0.573502,0.0,0.0,inhabitable,False,0,0,0,0,,,low_overture_building_habitability | low_residential_office_poi_evidence | no_direct_society_tam
247,8760169a2ffffff,Jakkur,5.5332,Low Evidence,low_evidence,0.1167,0.0,0.0,0.0,0.0,0.0,0.0,0.0,0.0,0.0,0.0,9265.0,Mid-Segment,0.10965407416553721,4.0,,0.0,0.0,0.0,0.556336,0.0,0.0,inhabitable,False,0,0,0,0,,,low_overture_building_habitability | low_residential_office_poi_evidence | no_direct_society_tam
248,876016933ffffff,Rayasandra,5.3822,Low Evidence,low_evidence,0.1667,0.0,0.0,0.0,0.0,0.0,0.0,0.0,0.0,0.0,16.74,8550.0,Mid-Segment,0.06713098062948182,4.0,8.2,0.004792,0.017113,0.0,0.55076,0.0,2.5e-05,inhabitable,False,0,0,1,0,,,low_overture_building_habitability | low_residential_office_poi_evidence | no_direct_society_tam
249,876014cd6ffffff,Ravgodlu,5.1035,Low Evidence,low_evidence,0.1967,0.0,0.0,0.0,0.0,0.0,0.0,0.0,0.0,8.72,25.18,7100.0,Affordable,0.006221300644548854,,,0.089149,0.062796,0.0,0.403862,0.0,0.019213,inhabitable,False,0,1,1,0,"Svamitva Terravana (Elite Luxury, TAM 111)",,low_overture_building_habitability | no_direct_society_tam
250,876016834ffffff,Byadarahalli-Bangalore North,5.0118,Low Evidence,low_evidence,0.1833,0.0,0.0,0.0,0.0,0.0,0.0,0.0,0.0,0.0,0.0,9191.0,Premium,0.28895158090385814,,,0.0,0.0,0.0,0.526929,0.0,0.0,inhabitable,False,0,0,0,0,,,low_overture_building_habitability | low_residential_office_poi_evidence | no_direct_society_tam
251,876189295ffffff,Yelenahalli,4.8467,Low Evidence,low_evidence,0.1167,0.0,0.0,0.0,0.0,0.0,0.0,0.0,0.0,0.0,0.0,6916.0,Mid-Segment,0.03856981749131003,3.0,24.3,0.0,0.0,0.0,0.497669,0.0,0.241851,low_building_evidence,False,0,0,0,0,,,low_overture_building_habitability | low_residential_office_poi_evidence | no_direct_society_tam
252,8760144a4ffffff,Gowdanapalya,4.7541,Low Evidence,low_evidence,0.3167,0.0,0.0,0.0,0.0,0.0,0.0,0.0,0.0,0.0,0.87,5541.0,Premium,0.35,,7.7,0.0,0.0,0.33753,0.411538,0.0,0.139598,low_building_evidence,False,0,0,1,12,,"People Tree Hospitals (Ultra Premium, 27.3 min) | Prakriya Hospitals (Premium, 17.7 min) | Brains Super Speciality Hospital (Ultra Premium, 29.1 min) | Aveksha Hospital (Ultra Premium, 32.1 min) | Cloudnine Hospital (Super Premium, 23.8 min)",low_overture_building_habitability | low_residential_office_poi_evidence | no_direct_society_tam
253,876014413ffffff,Bolamaranahalli,4.6713,Low Evidence,low_evidence,0.2167,0.0,0.0,0.0,0.0,0.0,0.0,0.0,0.0,0.0,0.0,4600.0,Affordable,0.0,,,0.0,0.0,0.0,0.274576,0.217347,0.03753,inhabitable,False,0,0,0,0,,,low_overture_building_habitability | no_direct_society_tam
254,87618964cffffff,K.R Pura-Bangalore South,4.5082,Low Evidence,low_evidence,0.25,0.0,0.0,0.0,0.0,0.0,0.0,0.0,0.0,0.0,0.0,7209.072164948454,Mid-Segment,0.09714966592150878,5.0,3.9000000000000004,0.0,0.0,0.0,0.459697,0.0,0.01474,inhabitable,False,0,0,0,0,,,low_overture_building_habitability | low_residential_office_poi_evidence | no_direct_society_tam
255,87601441effffff,Soladevanahalli,4.5048,Low Evidence,low_evidence,0.2167,0.0,0.0,0.0,0.0,0.0,0.0,0.0,0.0,0.0,0.0,,Affordable,0.0,,,0.0,0.0,0.0,0.096077,0.408996,0.0,inhabitable,False,0,0,0,0,,,low_overture_building_habitability | no_direct_society_tam
256,876014b14ffffff,Chickpete,4.4966,Low Evidence,low_evidence,0.0967,0.0,0.0,0.0,0.0,0.0,0.0,0.0,0.0,0.0,0.0,13580.0,Premium,0.594844736286445,,,0.0,0.0,0.0,0.534359,0.0,0.0,inhabitable,False,0,0,0,0,,,contains_out_of_bounds_localities | low_overture_building_habitability | low_residential_office_poi_evidence | missing_stage1_h3_res_8_rollup | no_direct_society_tam
257,876016906ffffff,Vunachuru,4.3871,Low Evidence,low_evidence,0.2667,0.0,0.0,0.0,0.0,0.0,0.0,0.0,0.0,7.15,40.74,1000.0,Affordable,0.0,,,0.097521,0.126861,0.0,0.220108,0.0,0.072489,low_building_evidence,False,0,1,3,0,"Brigade Orchards Pavilion Villas (Elite Luxury, TAM 98)",,low_overture_building_habitability | no_direct_society_tam
258,876016808ffffff,Belathur-Raja Mayura Varma Ward,4.3816,Low Evidence,low_evidence,0.25,0.0,0.0,0.0,0.0,0.0,0.0,0.0,0.0,0.0,0.0,7600.0,Mid-Segment,0.15719480166392558,3.0,,0.0,0.0,0.0,0.471829,0.0,0.0,inhabitable,False,0,0,0,0,,,low_overture_building_habitability | low_residential_office_poi_evidence | no_direct_society_tam
259,87601696bffffff,Kumbarahalli,4.328,Low Evidence,low_evidence,0.2667,0.0,0.0,0.0,0.0,0.0,0.0,0.0,0.0,0.0,0.0,,Mid-Segment,0.0,,,0.0,0.0,0.463139,0.124252,0.0,0.2319,low_building_evidence,False,0,0,0,24,,"Sparsh Hospital (Premium, 5.9 min) | Maarga (Ultra Premium, 18.0 min) | Aveksha Hospital (Ultra Premium, 14.1 min) | People Tree Hospitals (Ultra Premium, 23.8 min) | Mind and Brain hospital (Ultra Premium, 21.3 min)",low_overture_building_habitability | low_residential_office_poi_evidence | no_direct_society_tam
260,87618928bffffff,Sampigehalli,4.261,Low Evidence,low_evidence,0.2667,0.0,0.0,0.0,0.0,0.0,0.0,0.0,0.0,0.0,0.0,5599.0,Mid-Segment,0.0,,,0.0,0.0,0.0,0.341192,0.0,0.0,inhabitable,False,0,0,0,3,,"Altor Hospital (Super Premium, 28.1 min) | Hope Hospital (Premium, 25.6 min) | Ovum Clinic And Day Care Centre (Mid-Premium, 12.3 min)",low_overture_building_habitability | low_residential_office_poi_evidence | no_direct_society_tam
261,876016872ffffff,Jakkasandra,4.1647,Low Evidence,low_evidence,0.1167,0.0,0.0,0.0,0.0,0.0,0.0,0.0,0.0,0.0,0.0,7714.0,Premium,0.351164865812566,1.0,,0.0,0.0,0.0,0.443146,0.0,0.0,inhabitable,False,0,0,0,0,,,low_overture_building_habitability | low_residential_office_poi_evidence | no_direct_society_tam
262,876016835ffffff,Talagattapura,3.9882,Low Evidence,low_evidence,0.1167,0.0,0.0,0.0,0.0,0.0,0.0,0.0,0.0,0.0,0.0,6000.0,Mid-Segment,0.0,,44.1,0.0,0.0,0.0,0.380945,0.0,0.0,inhabitable,False,0,0,0,0,,,low_overture_building_habitability | low_residential_office_poi_evidence | no_direct_society_tam
263,876016900ffffff,Mahadevakodagehalli,3.8962,Low Evidence,low_evidence,0.4167,0.0,0.0,0.0,0.0,0.0,0.0,0.0,0.0,0.0,13.78,,Affordable,0.0,,,5.9e-05,0.000212,0.0,0.04,0.367062,0.046669,inhabitable,False,0,0,2,0,,,low_overture_building_habitability | no_direct_society_tam
264,87618938affffff,Kogilu,3.8767,Low Evidence,low_evidence,0.1167,0.0,0.0,0.0,0.0,0.0,0.0,0.0,0.0,0.0,0.0,6374.0,Mid-Segment,0.009242809247898394,2.0,37.3,0.0,0.0,0.0,0.426511,0.0,0.0,inhabitable,False,0,0,0,0,,,low_overture_building_habitability | low_residential_office_poi_evidence | no_direct_society_tam
265,8760169a9ffffff,Bangalore East-3rd Block,3.8524,Low Evidence,low_evidence,0.2833,0.0,0.0,0.0,0.0,0.0,0.0,0.0,0.0,0.0,34.76,6587.0,Affordable,0.0031850532128980037,,,0.031933,0.114047,0.0,0.324539,0.0,0.0,inhabitable,False,0,0,2,0,,,low_overture_building_habitability | low_residential_office_poi_evidence | no_direct_society_tam
266,87601694cffffff,Shivakote,3.5543,Low Evidence,low_evidence,0.2667,0.0,0.0,0.0,0.0,0.0,0.0,0.0,0.0,0.0,0.0,,Mid-Segment,0.0,,,0.0,0.0,0.241114,0.163041,0.0,0.170648,low_building_evidence,False,0,0,0,12,,"Maarga (Ultra Premium, 19.8 min) | Aveksha Hospital (Ultra Premium, 17.2 min) | Mind and Brain hospital (Ultra Premium, 24.4 min) | Sparsh Hospital (Premium, 11.4 min) | Manipal Hospital (Super Premium, 26.1 min)",low_overture_building_habitability | low_residential_office_poi_evidence | no_direct_society_tam
267,8760169aeffffff,Dasarahalli,3.5078,Low Evidence,low_evidence,0.2167,0.0,0.0,0.0,0.0,0.0,0.0,0.0,0.0,0.0,39.76,3981.0,Mid-Segment,0.0,,,0.038078,0.135991,0.0,0.280036,0.0,0.0,inhabitable,False,0,0,2,0,,,low_overture_building_habitability | low_residential_office_poi_evidence | no_direct_society_tam
268,87618974cffffff,Chikka Adugodi,3.4659,Low Evidence,low_evidence,0.1167,0.0,0.0,0.0,0.0,0.0,0.0,0.0,0.0,0.0,0.0,7232.0,Mid-Segment,0.0,,,0.0,0.0,0.0,0.379611,0.0,0.0,inhabitable,False,0,0,0,0,,,low_overture_building_habitability | low_residential_office_poi_evidence | no_direct_society_tam
269,876016819ffffff,Thirumagondanahalli,3.3953,Low Evidence,low_evidence,0.1167,0.0,0.0,0.0,0.0,0.0,0.0,0.0,0.0,0.0,0.0,5137.0,Mid-Segment,0.0,,,0.0,0.0,0.0,0.306471,0.0,0.0,inhabitable,False,0,0,0,0,,,low_overture_building_habitability | low_residential_office_poi_evidence | no_direct_society_tam
270,876016b21ffffff,Dasanapura,3.2868,Low Evidence,low_evidence,0.1833,0.0,0.0,0.0,0.0,0.0,0.0,0.0,0.0,0.0,0.0,6701.0273972602745,Affordable,0.052799726432766016,4.0,12.9,0.0,0.0,0.0,0.390582,0.0,0.0,inhabitable,False,0,0,0,0,,,low_overture_building_habitability | low_residential_office_poi_evidence | no_direct_society_tam
271,876016873ffffff,Huskuru,3.2274,Low Evidence,low_evidence,0.1167,0.0,0.0,0.0,0.0,0.0,0.0,0.0,0.0,0.0,0.0,4998.0,Mid-Segment,0.0,,,0.0,0.0,0.0,0.305325,0.0,0.0,inhabitable,False,0,0,0,0,,,low_overture_building_habitability | low_residential_office_poi_evidence | no_direct_society_tam
272,87601449cffffff,Kanigondanahalli,3.1603,Low Evidence,low_evidence,0.1167,0.0,0.0,0.0,0.0,0.0,0.0,0.0,0.0,0.0,0.0,4137.0,Mid-Segment,0.0,,,0.0,0.0,0.0,0.296509,0.0,0.113623,low_building_evidence,False,0,0,0,0,,,low_overture_building_habitability | low_residential_office_poi_evidence | no_direct_society_tam
273,87601686bffffff,Kammasandra,3.0172,Low Evidence,low_evidence,0.1167,0.0,0.0,0.0,0.0,0.0,0.0,0.0,0.0,0.0,0.0,4095.0,Affordable,0.0,,13.3,0.0,0.0,0.0,0.323452,0.0,0.0,inhabitable,False,0,0,0,0,,,low_overture_building_habitability | low_residential_office_poi_evidence | no_direct_society_tam
274,87601680dffffff,Manjunatha Nagar,2.9561,Low Evidence,low_evidence,0.1167,0.0,0.0,0.0,0.0,0.0,0.0,0.0,0.0,0.0,0.0,4404.0,Mid-Segment,0.0,3.0,39.2,0.0,0.0,0.0,0.281448,0.0,0.0,inhabitable,False,0,0,0,0,,,low_overture_building_habitability | low_residential_office_poi_evidence | no_direct_society_tam
275,87601680cffffff,Raja Kempegowda Ward,2.8512,Low Evidence,low_evidence,0.1167,0.0,0.0,0.0,0.0,0.0,0.0,0.0,0.0,0.0,0.0,4100.0,Affordable,0.0,,39.0,0.0,0.0,0.0,0.272366,0.0,0.0,inhabitable,False,0,0,0,0,,,low_overture_building_habitability | low_residential_office_poi_evidence | no_direct_society_tam
276,876014431ffffff,Muddaiahanapalya,2.8404,Low Evidence,low_evidence,0.1917,0.0,0.0,0.0,0.0,0.0,0.0,0.0,0.0,0.0,0.0,5000.0,Mid-Segment,0.0,,,0.0,0.0,0.2,0.246639,0.0,0.010313,inhabitable,False,0,0,0,1,,"Motherhood Hospital (Ultra Premium, 25.8 min)",low_overture_building_habitability | low_residential_office_poi_evidence | no_direct_society_tam
277,8760169acffffff,Attibele,2.7892,Low Evidence,low_evidence,0.1667,0.0,0.0,0.0,0.0,0.0,0.0,0.0,0.0,0.0,26.07,2175.0,Affordable,0.0,3.0,4.4,0.018955,0.067695,0.0,0.241842,0.0,0.0,inhabitable,False,0,0,1,0,,,low_overture_building_habitability | low_residential_office_poi_evidence | no_direct_society_tam
278,8761892a4ffffff,Govindapura-Bangalore East,2.729,Low Evidence,low_evidence,0.1833,0.0,0.0,0.0,0.0,0.0,0.0,0.0,0.0,0.0,0.0,4784.0,Mid-Segment,0.0,,,0.0,0.0,0.0,0.276942,0.0,0.0,inhabitable,False,0,0,0,0,,,low_overture_building_habitability | low_residential_office_poi_evidence | no_direct_society_tam
279,87618964bffffff,Bangalore East,2.7032,Low Evidence,low_evidence,0.1167,0.0,0.0,0.0,0.0,0.0,0.0,0.0,0.0,0.0,0.0,6199.0,Mid-Segment,0.00028980867232118393,,,0.0,0.0,0.0,0.291232,0.0,0.0,inhabitable,False,0,0,0,0,,,low_overture_building_habitability | low_residential_office_poi_evidence | no_direct_society_tam
280,876016b05ffffff,Kereketthiganuru,2.6999,Low Evidence,low_evidence,0.1167,0.0,0.0,0.0,0.0,0.0,0.0,0.0,0.0,0.0,0.0,5083.0,Mid-Segment,0.0,,,0.0,0.0,0.0,0.320848,0.0,0.0,inhabitable,False,0,0,0,0,,,low_overture_building_habitability | low_residential_office_poi_evidence | no_direct_society_tam
281,876189660ffffff,Cheemasandra,2.6509,Low Evidence,low_evidence,0.1167,0.0,0.0,0.0,0.0,0.0,0.0,0.0,0.0,0.0,0.0,6500.0,Affordable,0.003276731219711878,,71.1,0.0,0.0,0.0,0.28149,0.0,0.0,inhabitable,False,0,0,0,0,,,low_overture_building_habitability | low_residential_office_poi_evidence | no_direct_society_tam
282,87618929cffffff,Kempapura,2.6203,Low Evidence,low_evidence,0.1167,0.0,0.0,0.0,0.0,0.0,0.0,0.0,0.0,0.0,0.0,4315.0,Mid-Segment,0.0,,,0.0,0.0,0.0,0.26933,0.0,0.14607,low_building_evidence,False,0,0,0,0,,,low_overture_building_habitability | low_residential_office_poi_evidence | no_direct_society_tam
283,876016b1dffffff,Sompura,2.4993,Low Evidence,low_evidence,0.1167,0.0,0.0,0.0,0.0,0.0,0.0,0.0,0.0,0.0,0.0,4600.0,Affordable,0.0,,,0.0,0.0,0.0,0.296999,0.0,0.0,inhabitable,False,0,0,0,0,,,low_overture_building_habitability | low_residential_office_poi_evidence | no_direct_society_tam
284,876189282ffffff,Bangalore North,2.4917,Low Evidence,low_evidence,0.1167,0.0,0.0,0.0,0.0,0.0,0.0,0.0,0.0,0.0,0.0,2750.0,Affordable,0.0,,,0.0,0.0,0.0,0.238267,0.0,0.230255,low_building_evidence,False,0,0,0,0,,,low_overture_building_habitability | low_residential_office_poi_evidence | no_direct_society_tam
285,876016861ffffff,Marasandra,2.4817,Low Evidence,low_evidence,0.1167,0.0,0.0,0.0,0.0,0.0,0.0,0.0,0.0,0.0,0.0,5110.0,Mid-Segment,0.0,,,0.0,0.0,0.0,0.283613,0.0,0.128411,low_building_evidence,False,0,0,0,0,,,low_overture_building_habitability | low_residential_office_poi_evidence | no_direct_society_tam
286,876189286ffffff,Bangalore North,2.3662,Low Evidence,low_evidence,0.1917,0.0,0.0,0.0,0.0,0.0,0.0,0.0,0.0,0.0,0.0,,Affordable,0.0,,,0.0,0.0,0.0,0.097313,0.0,0.264401,sparse_habitable,True,0,0,0,1,,"Ovum Clinic And Day Care Centre (Mid-Premium, 24.9 min)",low_residential_office_poi_evidence | no_direct_society_tam
287,876014482ffffff,Mylanahalli,2.3568,Low Evidence,low_evidence,0.1167,0.0,0.0,0.0,0.0,0.0,0.0,0.0,0.0,0.0,0.0,,Premium,0.35,,,0.0,0.0,0.0,0.227743,0.0,0.110147,low_building_evidence,False,0,0,0,0,,,low_overture_building_habitability | low_residential_office_poi_evidence | no_direct_society_tam
288,8760168ecffffff,Bangalore South,2.2573,Low Evidence,low_evidence,0.1167,0.0,0.0,0.0,0.0,0.0,0.0,0.0,0.0,0.0,0.0,,Premium,0.35,,,0.0,0.0,0.0,0.234352,0.0,0.0,inhabitable,False,0,0,0,0,,,low_overture_building_habitability | low_residential_office_poi_evidence | no_direct_society_tam
289,8760168e4ffffff,Bangalore West,2.2448,Low Evidence,low_evidence,0.1167,0.0,0.0,0.0,0.0,0.0,0.0,0.0,0.0,0.0,0.0,,Premium,0.39693877551020407,,,0.0,0.0,0.0,0.17,0.0,0.0,inhabitable,False,0,0,0,0,,,low_overture_building_habitability | low_residential_office_poi_evidence | no_direct_society_tam
290,876016868ffffff,Raja Kempegowda Ward,2.1541,Low Evidence,low_evidence,0.1167,0.0,0.0,0.0,0.0,0.0,0.0,0.0,0.0,0.0,0.0,3518.0,Mid-Segment,0.0,,,0.0,0.0,0.0,0.198901,0.0,0.000984,inhabitable,False,0,0,0,0,,,low_overture_building_habitability | low_residential_office_poi_evidence | no_direct_society_tam
291,876189748ffffff,Arasinakunte,2.1026,Low Evidence,low_evidence,0.1167,0.0,0.0,0.0,0.0,0.0,0.0,0.0,0.0,0.0,0.0,,Premium,0.35,,,0.0,0.0,0.0,0.182867,0.0,0.0,inhabitable,False,0,0,0,0,,,low_overture_building_habitability | low_residential_office_poi_evidence | no_direct_society_tam
292,876016111ffffff,Bangalore North,2.0421,Low Evidence,low_evidence,0.0967,0.0,0.0,0.0,0.0,0.0,0.0,0.0,0.0,0.0,0.0,900.0,Affordable,0.0,,,0.0,0.0,0.0,0.242677,0.0,0.0,inhabitable,False,0,0,0,0,,,contains_out_of_bounds_localities | low_overture_building_habitability | low_residential_office_poi_evidence | missing_stage1_h3_res_8_rollup | no_direct_society_tam
293,876189664ffffff,Chokkasandra,2.0172,Low Evidence,low_evidence,0.1167,0.0,0.0,0.0,0.0,0.0,0.0,0.0,0.0,0.0,0.0,,Premium,0.35,,,0.0,0.0,0.0,0.190043,0.0,0.0,inhabitable,False,0,0,0,0,,,low_overture_building_habitability | low_residential_office_poi_evidence | no_direct_society_tam
294,876016b15ffffff,Tavarekere,2.0119,Low Evidence,low_evidence,0.1167,0.0,0.0,0.0,0.0,0.0,0.0,0.0,0.0,0.0,0.0,3000.0,Affordable,0.0,,3.3999999999999995,0.0,0.0,0.0,0.17607,0.0,0.0,inhabitable,False,0,0,0,0,,,low_overture_building_habitability | low_residential_office_poi_evidence | no_direct_society_tam
295,876189648ffffff,Aramane Nagara,1.9881,Low Evidence,low_evidence,0.1167,0.0,0.0,0.0,0.0,0.0,0.0,0.0,0.0,0.0,0.0,,Premium,0.3885620915032679,,,0.0,0.0,0.0,0.17,0.0,0.0,inhabitable,False,0,0,0,0,,,low_overture_building_habitability | low_residential_office_poi_evidence | no_direct_society_tam
296,8760168edffffff,Bangalore South,1.964,Low Evidence,low_evidence,0.1167,0.0,0.0,0.0,0.0,0.0,0.0,0.0,0.0,0.0,0.0,4009.0,Mid-Segment,0.0,,,0.0,0.0,0.0,0.192038,0.0,0.0,inhabitable,False,0,0,0,0,,,low_overture_building_habitability | low_residential_office_poi_evidence | no_direct_society_tam
297,8760169adffffff,Vaderahalli,1.8604,Low Evidence,low_evidence,0.1667,0.0,0.0,0.0,0.0,0.0,0.0,0.0,0.0,0.0,23.21,2734.0,Mid-Segment,0.0,,,0.013841,0.049433,0.0,0.129444,0.0,0.0,inhabitable,False,0,0,1,0,,,low_overture_building_habitability | low_residential_office_poi_evidence | no_direct_society_tam
298,876189232ffffff,Handhenahalli,1.8555,Low Evidence,low_evidence,0.2667,0.0,0.0,0.0,0.0,0.0,0.0,0.0,0.0,0.0,0.0,1382.0,Affordable,0.0,,,0.0,0.0,0.040723,0.070461,0.0,0.074504,low_building_evidence,False,0,0,0,5,,"Cloudnine Hospital (Super Premium, 26.7 min) | Aaxis Hospitals (Mid-Premium, 23.9 min) | Svastha Hospital (Mid-Premium, 23.8 min) | ANC Clinics (Mid-Premium, 22.6 min) | Miracle Hospital (Mid-Premium, 24.3 min)",low_overture_building_habitability | low_residential_office_poi_evidence | no_direct_society_tam
299,876016820ffffff,Jakkasandra,1.6776,Low Evidence,low_evidence,0.1667,0.0,0.0,0.0,0.0,0.0,0.0,0.0,0.0,0.0,9.68,,Premium,0.35,,,0.0,0.0,0.0,0.199367,0.0,0.0,inhabitable,False,0,0,1,0,,,low_overture_building_habitability | low_residential_office_poi_evidence | no_direct_society_tam
300,876016bb3ffffff,Vidyaranyapura,1.6121,Low Evidence,low_evidence,0.1167,0.0,0.0,0.0,0.0,0.0,0.0,0.0,0.0,0.0,0.0,,Mid-Segment,0.0,,,0.0,0.0,0.0,0.166861,0.0,0.0,inhabitable,False,0,0,0,0,,,low_overture_building_habitability | low_residential_office_poi_evidence | no_direct_society_tam
301,876189659ffffff,Harinagar,1.5419,Low Evidence,low_evidence,0.1167,0.0,0.0,0.0,0.0,0.0,0.0,0.0,0.0,0.0,0.0,,Affordable,0.0,,,0.0,0.0,0.0,0.183228,0.0,0.0,inhabitable,False,0,0,0,0,,,low_overture_building_habitability | low_residential_office_poi_evidence | no_direct_society_tam
302,876189319ffffff,Gunduru,1.5018,Low Evidence,low_evidence,0.1833,0.0,0.0,0.0,0.0,0.0,0.0,0.0,0.0,0.0,0.0,3200.0,Affordable,0.0,,14.3,0.0,0.0,0.0,0.178462,0.0,0.000155,inhabitable,False,0,0,0,0,,,low_overture_building_habitability | low_residential_office_poi_evidence | no_direct_society_tam
303,876189399ffffff,Bangalore North,1.4505,Low Evidence,low_evidence,0.1167,0.0,0.0,0.0,0.0,0.0,0.0,0.0,0.0,0.0,0.0,1550.0,Affordable,0.0,,,0.0,0.0,0.0,0.1103,0.0,0.0,inhabitable,False,0,0,0,0,,,low_overture_building_habitability | low_residential_office_poi_evidence | no_direct_society_tam
304,876016bb1ffffff,Krishnaiahnapalya,1.4264,Low Evidence,low_evidence,0.1167,0.0,0.0,0.0,0.0,0.0,0.0,0.0,0.0,0.0,0.0,,Mid-Segment,0.0,,,0.0,0.0,0.0,0.140065,0.0,0.0,inhabitable,False,0,0,0,0,,,low_overture_building_habitability | low_residential_office_poi_evidence | no_direct_society_tam
305,87601684affffff,Tharabanahalli,1.3591,Low Evidence,low_evidence,0.1167,0.0,0.0,0.0,0.0,0.0,0.0,0.0,0.0,0.0,0.0,,Mid-Segment,0.0,,,0.0,0.0,0.0,0.161513,0.0,0.0,inhabitable,False,0,0,0,0,,,low_overture_building_habitability | low_residential_office_poi_evidence | no_direct_society_tam
306,876016863ffffff,Bangalore North,0.9597,Low Evidence,low_evidence,0.1167,0.0,0.0,0.0,0.0,0.0,0.0,0.0,0.0,0.0,0.0,,Affordable,0.0,,,0.0,0.0,0.0,0.063998,0.0,0.0,inhabitable,False,0,0,0,0,,,low_overture_building_habitability | low_residential_office_poi_evidence | no_direct_society_tam
307,876016d52ffffff,Bangalore North,0.776,Low Evidence,low_evidence,0.0967,0.0,0.0,0.0,0.0,0.0,0.0,0.0,0.0,0.0,0.0,1600.0,Affordable,0.0,,,0.0,0.0,0.0,0.092215,0.0,0.0,inhabitable,False,0,0,0,0,,,contains_out_of_bounds_localities | low_overture_building_habitability | low_residential_office_poi_evidence | missing_stage1_h3_res_8_rollup | no_direct_society_tam
308,876016b11ffffff,Makanakuppe,0.5981,Low Evidence,low_evidence,0.1167,0.0,0.0,0.0,0.0,0.0,0.0,0.0,0.0,0.0,0.0,,Affordable,0.0,,,0.0,0.0,0.0,0.04,0.0,0.0,inhabitable,False,0,0,0,0,,,low_overture_building_habitability | low_residential_office_poi_evidence | no_direct_society_tam
309,873d914c1ffffff,Agaram,0.3366,Low Evidence,low_evidence,0.0967,0.0,0.0,0.0,0.0,0.0,0.0,0.0,0.0,0.0,0.0,,Affordable,0.0,,,0.0,0.0,0.0,0.04,0.0,0.0,inhabitable,False,0,0,0,0,,,contains_out_of_bounds_localities | low_overture_building_habitability | low_residential_office_poi_evidence | missing_stage1_h3_res_8_rollup | no_direct_society_tam
