hospital_id,name,normalized_name,city,practice_type,locality,address,latitude,longitude,h3_res7,zone,doctors_count,speciality_count,multispeciality,other_centers_count,consultation_fee_min,consultation_fee_max,rating,reviews_count,year_established,phone,profile_url,image_url,status,source,scraped_at,data_completeness,dedupe_status,city_rank,quartile,q4_subquartile,segment,hospital_score
hosp_66327293844e3649,Kelkar Nursing Home,kelkar nursing home,Pune,Hospital,Deccan Gymkhana,,18.514037,73.839061,87608850effffff,,4.0,2.0,True,,500.0,800.0,5.0,2656.0,1998.0,+912071173189,https://www.practo.com/pune/hospital/kelkar-nursing-home-deccan-gymkhana?referrer=hospital_listing,https://images1-fabric.practo.com/kelkar-nursing-home-pune-1480250495-583ad47fc4f1b.jpg,VN,practo,,1.0,canonical,1,Q4,Q4-Sub-Q4,Ultra Premium,0.685421
hosp_ec310b7ba95a302a,Jupiter Hospital,jupiter hospital,Pune,Hospital,Baner,,18.5656195,73.786047,876088420ffffff,,101.0,48.0,True,,500.0,3000.0,4.5,1008.0,,+911142246451,https://www.practo.com/pune/hospital/jupiter-hospital-baner-2?referrer=hospital_listing,https://images1-fabric.practo.com/practices/1163090/jupiter-hospital-pune-59fc5f773234c.jpeg,VN,practo,,1.0,canonical,2,Q4,Q4-Sub-Q4,Ultra Premium,0.681589
hosp_cd428a3d8aee5322,Health Point Polyclinic,health point polyclinic,Pune,Hospital,Kothrud,,18.50244,73.80962,876088509ffffff,,16.0,16.0,True,,0.0,2000.0,5.0,1588.0,,+917969141676,https://www.practo.com/pune/hospital/health-point-polyclinic-kothrud-1-3?referrer=hospital_listing,https://images1-fabric.practo.com/practices/900536/health-point-polyclinic-pune-59bfaf0428fcd.jpg,VN,practo,,1.0,canonical,3,Q4,Q4-Sub-Q4,Ultra Premium,0.612601
hosp_cf06fe0aa5f5e98e,Cloudnine Hospital - SB Road,cloudnine hospital sb road,Pune,Hospital,Senapati Bapat Marg,,18.530778536899476,73.82887529706089,87608850affffff,,21.0,7.0,True,3.0,0.0,1300.0,5.0,1502.0,2007.0,+912071173200,https://www.practo.com/pune/hospital/cloudnine-hospital-shivaji-nagar?referrer=hospital_listing,https://images1-fabric.practo.com/practices/887890/cloudnine-hospital-shivaji-nagar-pune-5bee8e18ab5fe.png,ABS,practo,,1.0,canonical,4,Q4,Q4-Sub-Q4,Ultra Premium,0.611226
hosp_e406bf249b06b804,Aditya Birla Memorial Hospital,aditya birla memorial hospital,Pune,Hospital,Pimpri-Chinchwad,,18.62572,73.77478,876088402ffffff,,34.0,23.0,False,,0.0,800.0,5.0,1322.0,,+912071177306,https://www.practo.com/pune/hospital/aditya-birla-memorial-hospital-chinchwad-1-3?referrer=hospital_listing,https://images1-fabric.practo.com/55a4d4af9faeedc28ed8bc8070137a81bb5ee9f6963a3.JPG,VN,practo,,1.0,canonical,5,Q4,Q4-Sub-Q4,Ultra Premium,0.586863
hosp_01e877079adb451b,Ruby Hall Clinic,ruby hall clinic,Pune,Hospital,Hinjewadi,,18.5926118,73.7314875,87608840cffffff,,73.0,47.0,True,,0.0,1100.0,4.5,553.0,,+912071177309,https://www.practo.com/pune/hospital/ruby-hall-clinic-hinjewadi-2?referrer=hospital_listing,https://images1-fabric.practo.com/practices/1117830/ruby-hall-clinic-pune-66daa33448b11.png,VN,practo,,1.0,canonical,6,Q4,Q4-Sub-Q4,Ultra Premium,0.579716
hosp_6683d17f35fced32,Umang Hospital,umang hospital,Pune,Hospital,Hadapsar,,18.510327403693,73.940986471806,876088530ffffff,,1.0,3.0,True,,700.0,700.0,5.0,1793.0,,+917941058656,https://www.practo.com/pune/hospital/care-women-s-health-clinic-hadapsar-city?referrer=hospital_listing,https://images1-fabric.practo.com/practices/895102/umang-hospital-pune-5daabb9bd8be4.png,ABS,practo,,1.0,canonical,7,Q4,Q4-Sub-Q4,Ultra Premium,0.575643
hosp_4c2da729a8850549,Asian Eye Hospital,asian eye hospital,Pune,Hospital,Dhole Patil Road,,18.53117,73.87566,876088502ffffff,,2.0,1.0,True,,500.0,500.0,5.0,1683.0,,+912071177437,https://www.practo.com/pune/hospital/asian-eye-hospital-dhole-patil-road?referrer=hospital_listing,https://images1-fabric.practo.com/asian-eye-hospital-pune-1461906367-5722ebbf1a9ca.jpg,VN,practo,,1.0,canonical,8,Q4,Q4-Sub-Q4,Ultra Premium,0.562833
hosp_43bb09310aab0864,Omkar Khalane Hospital,omkar khalane hospital,Pune,Hospital,Pimple Saudagar,,18.59754,73.78229,876088404ffffff,,5.0,7.0,True,,500.0,800.0,5.0,1455.0,,+918045688378,https://www.practo.com/pune/hospital/omkar-khalane-hospital-pimple-saudagar-1?referrer=hospital_listing,https://images1-fabric.practo.com/omkar-khalane-hospital-pune-1457016677-56d84f6575e9f.jpg,VN,practo,,1.0,canonical,9,Q4,Q4-Sub-Q4,Ultra Premium,0.559128
hosp_fb3601c71cfe7462,SkinEthics Skin Clinic & Dermatosurgery Center,skinethics skin clinic dermatosurgery center,Pune,Hospital,Baner,,18.555653737919,73.79460090247,876088420ffffff,,3.0,4.0,True,,600.0,800.0,5.0,1526.0,,+917971262944,https://www.practo.com/pune/hospital/skin-and-trichology-center-baner-road-1?referrer=hospital_listing,https://images1-fabric.practo.com/practices/698845/skinethics-skin-clinic-dermatosurgery-center-pune-5ffee6edf340d.png,VN,practo,,1.0,canonical,10,Q4,Q4-Sub-Q4,Ultra Premium,0.555835
hosp_0bb7d6e9e5ec8e58,Umarji Mother & Child Care,umarji mother child care,Pune,Hospital,Baner,,18.571139715042,73.781323721632,876088423ffffff,,15.0,14.0,True,,500.0,2500.0,5.0,1035.0,,+918037319140,https://www.practo.com/pune/hospital/umarji-mother-and-child-care-hospital-baner-1?referrer=hospital_listing,https://images1-fabric.practo.com/umarji-mother-and-child-care-hospital-pune-1483435796-586b6f14140d5.jpg,ABS,practo,,1.0,canonical,11,Q4,Q4-Sub-Q4,Ultra Premium,0.551964
hosp_1148561c0bbd35ea,Face and Dental Hospital,face dental hospital,Pune,Hospital,Pimpri-Chinchwad,,18.62894,73.78177,876088406ffffff,,1.0,1.0,True,,500.0,500.0,5.0,1161.0,1999.0,+912071177306,https://www.practo.com/pune/hospital/dr-patil-s-face-dental-multispecialty-centre-chinchwad?referrer=hospital_listing,https://images1-fabric.practo.com/FaceNDental_Logo.jpg,VN,practo,,1.0,canonical,12,Q4,Q4-Sub-Q4,Ultra Premium,0.53227
hosp_ac88bd47490d41b6,Ayurveda Clinic,ayurveda clinic,Pune,Hospital,Aundh,,18.5607028899831,73.8051324337721,876088424ffffff,,2.0,1.0,True,,600.0,600.0,5.0,1343.0,,+912071187887,https://www.practo.com/pune/hospital/ayurveda-clinic-aundh?referrer=hospital_listing,https://images1-fabric.practo.com/practices/783044/ayurveda-clinic-pune-5a83c36797229.jpg,ABS,practo,,1.0,canonical,13,Q4,Q4-Sub-Q4,Ultra Premium,0.529726
hosp_6c9624b9d535a7ee,Alpha Superspeciality Hospital,alpha superspeciality hospital,Pune,Hospital,Wakad,,18.5985,73.76422,876088405ffffff,,6.0,4.0,True,,0.0,1000.0,4.5,2339.0,,+917971261161,https://www.practo.com/pune/hospital/om-accident-and-orthopaedic-hospital-hadapsar-1?referrer=hospital_listing,https://images1-fabric.practo.com/558ba52e2982e39c26491fb684a8955876a1e4dcb9aa4.jpg,ABS,practo,,1.0,canonical,14,Q4,Q4-Sub-Q4,Ultra Premium,0.528206
hosp_1f9cc4341f8a6894,Rhythm Healthcare,rhythm healthcare,Pune,Hospital,Pimple Saudagar,,18.593666,73.792813,876088422ffffff,,2.0,4.0,False,,0.0,600.0,5.0,1611.0,,+912271873697,https://www.practo.com/pune/hospital/rhythm-health-care-pimple-saudagar?referrer=hospital_listing,https://images1-fabric.practo.com/rhythm-healthcare-pune-1460627166-570f66de5b0ad.JPG,VN,practo,,1.0,canonical,15,Q4,Q4-Sub-Q4,Ultra Premium,0.51211
hosp_e49f130bb3602513,Manipal Hospitals,manipal hospitals,Pune,Hospital,Baner,,18.5664264,73.7696778,876088421ffffff,,62.0,33.0,True,,0.0,1500.0,4.5,247.0,,+912241642403,https://www.practo.com/pune/hospital/manipal-hospitals-baner-baner?referrer=hospital_listing,https://images1-fabric.practo.com/practices/1402959/manipal-hospitals-pune-6348195e39353.jpeg,ABS,practo,,1.0,canonical,16,Q4,Q4-Sub-Q4,Ultra Premium,0.496331
hosp_2640f1c6804109db,Nanded Multispecialty  Hospital,nanded multispecialty hospital,Pune,Hospital,Nanded City,,18.458297575043,73.786890085046,876088570ffffff,,18.0,14.0,True,,0.0,1400.0,5.0,309.0,2012.0,+912071177317,https://www.practo.com/pune/hospital/nanded-multispecialty-hospital-nanded-city?referrer=hospital_listing,,VN,practo,,1.0,canonical,17,Q4,Q4-Sub-Q4,Ultra Premium,0.486631
hosp_ea25afd7d464c86e,7 Orange Hospitals,7 orange hospitals,Pune,Hospital,Pimpri-Chinchwad,,18.6332445,73.7765225,876088402ffffff,,12.0,9.0,True,,0.0,1200.0,5.0,564.0,,+912071187163,https://www.practo.com/pune/hospital/7-orange-hospitals-pimpri-chinchwad?referrer=hospital_listing,https://images1-fabric.practo.com/practices/1170208/7-orange-hospitals-pune-5a939c81cbb56.jpg,VN,practo,,1.0,canonical,18,Q4,Q4-Sub-Q4,Ultra Premium,0.485734
hosp_7dceb8e7a9011621,Deenanath Mangeshkar Hospital,deenanath mangeshkar hospital,Pune,Hospital,Erandwane,,18.50211,73.83223,87608850cffffff,,93.0,43.0,True,,0.0,1000.0,4.0,156.0,,+912071177308,https://www.practo.com/pune/hospital/deenanath-mangeshkar-hospital-erandwane-1?referrer=hospital_listing,https://images1-fabric.practo.com/practices/641921/deenanath-mangeshkar-hospital-pune-66544de73d92d.png,VN,practo,,1.0,canonical,19,Q4,Q4-Sub-Q4,Ultra Premium,0.480358
hosp_10ca8aa74857bb29,Dr P.D Patil Super Speciality Hospital and Research Centre,dr p d patil super speciality hospital research centre,Pune,Hospital,Pimpri-Chinchwad,,18.6234712075962,73.8220246508718,876088430ffffff,,67.0,38.0,True,,0.0,1500.0,4.5,22.0,,+912248932349,https://www.practo.com/pune/hospital/dr-d-y-patil-hospital-pimpri-chinchwad?referrer=hospital_listing,,RFA,practo,,1.0,canonical,20,Q4,Q4-Sub-Q4,Ultra Premium,0.473092
hosp_7df216245e27b9ab,Ruby Hall Clinic,ruby hall clinic,Pune,Hospital,Wanowrie,,18.485333,73.904774,876088522ffffff,,81.0,39.0,True,,0.0,3000.0,4.0,423.0,,+912048556145,https://www.practo.com/pune/hospital/ruby-hall-clinic-wanowarie?referrer=hospital_listing,https://images1-fabric.practo.com/practices/672271/ruby-hall-clinic-pune-67ee40de134a9.png,ABS,practo,,1.0,canonical,21,Q4,Q4-Sub-Q4,Ultra Premium,0.463579
hosp_1aa0b39fe812436e,Pearl Women's Hospital & Yash-IVF,pearl women s hospital yash ivf,Pune,Hospital,JM Road,,18.51785,73.84439,87608850effffff,,4.0,6.0,True,,1000.0,2000.0,5.0,536.0,,+912071189376,https://www.practo.com/pune/hospital/pearl-women-s-hospital-yash-ivf-jm-road?referrer=hospital_listing,https://images1-fabric.practo.com/5596724f4163d27707822768c9c9c00789bdb852cbeae.jpg,ABS,practo,,1.0,canonical,22,Q4,Q4-Sub-Q4,Ultra Premium,0.460397
hosp_0f2b1360eb86e307,Sancheti Hospital,sancheti hospital,Pune,Hospital,Shivajinagar,,18.529597800645,73.852744200267,87608850effffff,,32.0,15.0,True,,0.0,1200.0,4.5,830.0,,+912071173175,https://www.practo.com/pune/hospital/sancheti-hospital-shivaji-nagar?referrer=hospital_listing,https://images1-fabric.practo.com/practices/671829/sancheti-hospital-pune-5b854a5f86d31.png,VN,practo,,1.0,canonical,23,Q4,Q4-Sub-Q4,Ultra Premium,0.459045
hosp_f2a0a975b00735ee,Sant Dnyaneshwar Hospital,sant dnyaneshwar hospital,Pune,Hospital,Moshi,,18.648255,73.849982,87608858dffffff,,37.0,28.0,True,,0.0,850.0,5.0,42.0,,+912048553587,https://www.practo.com/pune/hospital/sant-dnyaneshwar-hospital-moshi-2?referrer=hospital_listing,https://images1-fabric.practo.com/practices/671671/sant-dnyaneshwar-hospital-pune-59eeddf2e6199.jpg,VN,practo,,1.0,canonical,24,Q4,Q4-Sub-Q4,Ultra Premium,0.45328
hosp_fa4f5744fc0b2867,Dr. Murkute's O2 Bone and Eye Care,dr murkute s o2 bone eye care,Pune,Hospital,Kharadi,,18.5611228,73.9447806,87608e249ffffff,,2.0,1.0,True,,0.0,800.0,5.0,580.0,,+917971171957,https://www.practo.com/pune/hospital/dr-vishal-murkute-s-orthopaedic-clinic-medipoint-hospital-kharadi?referrer=hospital_listing,,VN,practo,,1.0,canonical,25,Q4,Q4-Sub-Q4,Ultra Premium,0.451095
hosp_d603826606d2ec14,Cloudnine Hospital-Pimple Saudagar,cloudnine hospital pimple saudagar,Pune,Hospital,Pimple Saudagar,,18.59704419642993,73.80048388314385,876088422ffffff,,10.0,3.0,True,3.0,850.0,1000.0,5.0,412.0,,+918037314297,https://www.practo.com/pune/hospital/cloudnine-hospital-pimple-saudagar-pimple-saudagar?referrer=hospital_listing,https://images1-fabric.practo.com/practices/1427560/cloudnine-hospital-pimple-saudagar-pune-6494350f9bd13.PNG,ABS,practo,,1.0,canonical,26,Q4,Q4-Sub-Q4,Ultra Premium,0.450768
hosp_d1016f9d5d0b2709,Healyos - Physiotherapy At Your Doorstep,healyos physiotherapy your doorstep,Pune,Hospital,Pune,,18.560267452199,73.805392775685,876088424ffffff,,51.0,1.0,False,,600.0,899.0,5.0,219.0,,+912071177331,https://www.practo.com/pune/hospital/healyos-pashan?referrer=hospital_listing,https://images1-fabric.practo.com/practices/1161083/healyos-physiotherapy-at-your-doorstep-pune-6437c6418ede8.jpg,VN,practo,,1.0,canonical,27,Q4,Q4-Sub-Q4,Ultra Premium,0.447454
hosp_f7c2c33714b76748,Cloudnine Hospital,cloudnine hospital,Pune,Hospital,Kalyani Nagar,,18.545888,73.900896,876088515ffffff,,21.0,7.0,True,3.0,500.0,1100.0,4.5,1012.0,,+917969201138,https://www.practo.com/pune/hospital/cloudnine-hospital-6-kalyani-nagar?referrer=hospital_listing,https://images1-fabric.practo.com/practices/1131210/cloudnine-hospital-pune-5bee8e223c376.png,ABS,practo,,1.0,canonical,28,Q4,Q4-Sub-Q4,Ultra Premium,0.438141
hosp_c9fe284d689b69a0,Jehangir Hospital,jehangir hospital,Pune,Hospital,Bund Garden,,18.52963,73.87605,876088500ffffff,,69.0,35.0,True,,0.0,1100.0,4.0,500.0,,+912071177305,https://www.practo.com/pune/hospital/apollo-jehangir-hospital-bund-garden-1?referrer=hospital_listing,https://images1-fabric.practo.com/jehangir-hospital-1457519839-56dffcdfe86b9.PNG,VN,practo,,1.0,canonical,29,Q4,Q4-Sub-Q4,Ultra Premium,0.437671
hosp_0e18d7ea3cf3658c,Harsh Hospital,harsh hospital,Pune,Hospital,Market Yard,,18.4811,73.8663,87608852effffff,,2.0,3.0,True,,700.0,800.0,5.0,432.0,,+917969201589,https://www.practo.com/pune/hospital/harsh-hospital-market-yard?referrer=hospital_listing,https://images1-fabric.practo.com/practices/731407/harsh-hospital-pune-65c3549fc929c.jpg,ABS,practo,,1.0,canonical,30,Q4,Q4-Sub-Q4,Ultra Premium,0.437512
hosp_a56c391fa07c0c41,Srushti Hospital,srushti hospital,Pune,Hospital,Wakad,,18.61363049013,73.766269069165,876088400ffffff,,1.0,2.0,True,,400.0,400.0,5.0,425.0,,+912071177331,https://www.practo.com/pune/hospital/srushti-total-women-s-care-clinic-wakad-1?referrer=hospital_listing,https://images1-fabric.practo.com/practices/1161626/srushti-total-women-s-care-clinic-pune-5b2a79c53f634.jpg,VN,practo,,1.0,canonical,31,Q4,Q4-Sub-Q4,Ultra Premium,0.43255
hosp_3259868398023a77,Sparsh skin and ENT clinic,sparsh skin ent clinic,Pune,Hospital,Sinhagad Road,,18.482470289707695,73.82662799209356,87608852bffffff,,2.0,6.0,True,,600.0,600.0,5.0,315.0,,+912071177321,https://www.practo.com/pune/hospital/sparsh-skin-ent-clinic-sinhagad-road?referrer=hospital_listing,https://images1-fabric.practo.com/practices/836719/sparsh-skin-ent-clinic-pune-58e3df0d39d80.jpg,VN,practo,,1.0,canonical,32,Q4,Q4-Sub-Q4,Ultra Premium,0.427539
hosp_159883471f030230,Chellaram Hospital -Diabetes Care & Multispecialty,chellaram hospital diabetes care multispecialty,Pune,Hospital,Bavdhan,,18.519621,73.769816,876088550ffffff,,28.0,22.0,True,,500.0,1400.0,4.5,250.0,2008.0,+912071177304,https://www.practo.com/pune/hospital/chellaram-hospital-diabetes-care-multispecialty-bavdhan?referrer=hospital_listing,https://images1-fabric.practo.com/chellaram-diabetes-hospital-pune-1456994429-56d7f87d7d564.jpg,VN,practo,,1.0,canonical,33,Q4,Q4-Sub-Q4,Ultra Premium,0.421441
hosp_5f8b42f9dfb717c1,Benecare Hospital,benecare hospital,Pune,Hospital,Baner,,18.563811947034,73.777093291283,876088421ffffff,,5.0,9.0,True,,300.0,600.0,5.0,206.0,,+917971261932,https://www.practo.com/pune/hospital/sunshine-women-s-clinic-fertility-center-baner?referrer=hospital_listing,https://images1-fabric.practo.com/practices/1181332/benecare-pune-62139fe79ecf1.png,ABS,practo,,1.0,canonical,34,Q4,Q4-Sub-Q4,Ultra Premium,0.420329
hosp_2f9a703ebbfe3da7,Lifeline Hospital & Polyclinic,lifeline hospital polyclinic,Pune,Hospital,Aundh,,18.55999,73.80641,876088424ffffff,,2.0,3.0,True,,1400.0,1500.0,5.0,301.0,,+918037313143,https://www.practo.com/pune/hospital/lifeline-hospital-polyclinic-aundh?referrer=hospital_listing,https://images1-fabric.practo.com/dr-kishore-pandit-at-the-birth-company-and-aims-hospital-pune-1459336768-56fbb640b8cb5.jpg,ABS,practo,,1.0,canonical,35,Q4,Q4-Sub-Q4,Ultra Premium,0.419115
hosp_139e1c85889233e1,Bhakare Super Speciality Hospital and Research Institute,bhakare super speciality hospital research institute,Pune,Hospital,Katraj,,18.448071910916,73.849134407937,87608852dffffff,,41.0,29.0,True,,0.0,800.0,4.5,42.0,2017.0,+912071177314,https://www.practo.com/pune/hospital/bhakare-super-speciality-hospital-and-research-institute-katraj?referrer=hospital_listing,https://images1-fabric.practo.com/practices/1153291/bhakare-super-speciality-hospital-and-research-institute-pune-5982d333578de.jpg,VN,practo,,1.0,canonical,36,Q4,Q4-Sub-Q4,Ultra Premium,0.418661
hosp_1d5cbcc580c46654,Deccan Dental Clinic - Orthodontic Center,deccan dental clinic orthodontic center,Pune,Hospital,Deccan Gymkhana,,18.515185052933,73.842337913593,87608850effffff,,1.0,1.0,True,,300.0,300.0,5.0,328.0,,+912048553251,https://www.practo.com/pune/hospital/deccan-dental-clinic-deccan-gymkhana?referrer=hospital_listing,https://images1-fabric.practo.com/practices/892438/deccan-dental-clinic-orthodontic-center-pune-6773cade0ee27.jpg,ABS,practo,,1.0,canonical,37,Q4,Q4-Sub-Q4,Ultra Premium,0.417104
hosp_262feac5d1554276,Jehangir Hospital,jehangir hospital,Pune,Hospital,Koregaon Park,,18.5303783,73.8067678,87608850bffffff,,55.0,29.0,True,,0.0,1000.0,,6.0,,+912071177315,https://www.practo.com/pune/hospital/jehangir-hospital-4-koregaon-park?referrer=hospital_listing,https://images1-fabric.practo.com/practices/1110095/jehangir-hospital-pune-6656fb8fb042e.png,VN,practo,,1.0,canonical,38,Q4,Q4-Sub-Q4,Ultra Premium,0.416076
hosp_b83a7b997e515c61,Lifepoint Multispeciality Hospital,lifepoint multispeciality hospital,Pune,Hospital,Wakad,,18.597890259321428,73.7556517124176,876088405ffffff,,26.0,17.0,True,,500.0,1800.0,4.5,458.0,,+912248901740,https://www.practo.com/pune/hospital/lifepoint-multispeciality-hospital-wakad?referrer=hospital_listing,https://images1-fabric.practo.com/lifepoint-multispeciality-hospital-pune-1446885306-563db7baefb49.jpg,ABS,practo,,1.0,canonical,39,Q4,Q4-Sub-Q4,Ultra Premium,0.414545
hosp_c14e6f3389a72755,KK Multispeciality Hospital,kk multispeciality hospital,Pune,Hospital,Alandi Devachi,,18.676890604707,73.901292181505,876088580ffffff,,2.0,5.0,True,,200.0,350.0,5.0,238.0,,+912048553253,https://www.practo.com/pune/hospital/kk-multispeciality-hospital-alandi-devachi-1?referrer=hospital_listing,https://images1-fabric.practo.com/practices/1181523/kk-multispeciality-hospital-pune-5a9f9f036747d.png,VN,practo,,1.0,canonical,40,Q4,Q4-Sub-Q4,Ultra Premium,0.412468
hosp_6924acc765d2c483,Paarasmani Hospital,paarasmani hospital,Pune,Hospital,Hadapsar,,18.5016949,73.9360051,876088535ffffff,,7.0,11.0,True,,600.0,700.0,5.0,109.0,2012.0,+917971115155,https://www.practo.com/pune/hospital/lifecare-hospital-hadapsar-1?referrer=hospital_listing,https://images1-fabric.practo.com/practices/677291/paarasmani-hospital-pune-6475b216ad924.jpeg,ABS,practo,,1.0,canonical,41,Q4,Q4-Sub-Q3,Super Premium,0.41232
hosp_837521931180d6cd,Mahaveer Super Speciality Eye Hospital and Laser Centre,mahaveer super speciality eye hospital laser centre,Pune,Hospital,Camp,,18.5176817,73.878749,876088500ffffff,,1.0,1.0,False,,700.0,700.0,5.0,680.0,,+912048566751,https://www.practo.com/pune/hospital/mahaveer-super-speciality-eye-hospital-camp?referrer=hospital_listing,https://images1-fabric.practo.com/practices/792292/mahaveer-super-speciality-eye-hospital-and-laser-centre-pune-62d2768c46ca4.jpeg,VN,practo,,1.0,canonical,42,Q4,Q4-Sub-Q3,Super Premium,0.410232
hosp_58ac5d89c0f26719,Sana Hospital,sana hospital,Pune,Hospital,Kondhwa,,18.47334,73.89135,876088523ffffff,,5.0,5.0,True,,300.0,1500.0,5.0,192.0,,+912071173199,https://www.practo.com/pune/hospital/sana-hospital-kondhwa-1?referrer=hospital_listing,https://images1-fabric.practo.com/practices/1109973/sana-hospital-pune-5c5182a7ef5bf.jpg,VN,practo,,1.0,canonical,43,Q4,Q4-Sub-Q3,Super Premium,0.408907
hosp_e719e0aa4c36cf30,Motherhood Hospital,motherhood hospital,Pune,Hospital,Kharadi,,18.546649,73.936713,876088532ffffff,,16.0,7.0,True,,600.0,1600.0,4.5,805.0,,+917971172293,https://www.practo.com/pune/hospital/motherhood-hospital-pune-kharadi?referrer=hospital_listing,https://images1-fabric.practo.com/practices/1193590/motherhood-hospital-pune-5e2f26ea68e75.png,RFA,practo,,1.0,canonical,44,Q4,Q4-Sub-Q3,Super Premium,0.408271
hosp_4faec0d05c4fd13f,Mai Mangeshkar Hospital,mai mangeshkar hospital,Pune,Hospital,Warje,,18.48520046779911,73.79975259304047,876088572ffffff,,12.0,19.0,True,,0.0,900.0,5.0,71.0,,+912071177324,https://www.practo.com/pune/hospital/mai-mangeshkar-hospital-warje-5?referrer=hospital_listing,https://images1-fabric.practo.com/practices/1075923/mai-mangeshkar-hospital-pune-66546f25a742d.png,VN,practo,,1.0,canonical,45,Q4,Q4-Sub-Q3,Super Premium,0.408167
hosp_4f9a0f54ac9bdcfc,O2 Eye Care,o2 eye care,Pune,Hospital,Kharadi,,18.561436455122,73.944734774888,87608e249ffffff,,1.0,1.0,False,,700.0,700.0,5.0,651.0,,+912271873697,https://www.practo.com/pune/hospital/viraj-eye-hospital-kharadi?referrer=hospital_listing,https://images1-fabric.practo.com/practices/970073/o2-eye-care-pune-606b2ace504c0.jpg,ABS,practo,,1.0,canonical,46,Q4,Q4-Sub-Q3,Super Premium,0.407058
hosp_f2b9290966732de9,Blooming Buds Clinic and Diagnostic Center,blooming buds clinic diagnostic center,Pune,Hospital,Magarpatta City,,18.509811653523,73.928712494948,876088535ffffff,,1.0,1.0,True,,1000.0,1000.0,5.0,257.0,,+912071177420,https://www.practo.com/pune/hospital/blooming-buds-clinic-magarpatta-city-1?referrer=hospital_listing,https://images1-fabric.practo.com/practices/888419/blooming-buds-clinic-and-diagnostic-center-pune-63c921bc0805e.jpeg,ABS,practo,,1.0,canonical,47,Q4,Q4-Sub-Q3,Super Premium,0.405627
hosp_43d4d1a4ba67d324,Apollo Clinic,apollo clinic,Pune,Hospital,Aundh,,18.55674,73.808858,876088424ffffff,,23.0,17.0,True,1.0,500.0,1500.0,4.5,295.0,2009.0,+917971261877,https://www.practo.com/pune/hospital/apollo-clinic-aundh-aundh-1?referrer=hospital_listing,https://images1-fabric.practo.com/practices/897665/apollo-clinic-pune-5b58783df1398.png,ABS,practo,,1.0,canonical,48,Q4,Q4-Sub-Q3,Super Premium,0.405451
hosp_9e321013109a756c,Oliva Skin and Hair Clinic,oliva skin hair clinic,Pune,Hospital,Shivajinagar,,18.517455,73.8433514,87608850effffff,,2.0,4.0,True,1.0,500.0,500.0,5.0,203.0,,+912048553253,https://www.practo.com/pune/hospital/oliva-skin-and-hair-clinic-shivajinagar?referrer=hospital_listing,https://images1-fabric.practo.com/practices/1277026/oliva-skin-and-hair-clinic-pune-6041baacab233.jpg,RFA,practo,,1.0,canonical,49,Q4,Q4-Sub-Q3,Super Premium,0.403326
hosp_a5f75e1f23b75915,Ruby Hall Clinic,ruby hall clinic,Pune,Hospital,Sangamvadi,,18.533572041543,73.877305984497,876088502ffffff,,34.0,26.0,True,,0.0,1200.0,5.0,14.0,,+912071177320,https://www.practo.com/pune/hospital/ruby-hall-clinic-baramati-west?referrer=hospital_listing,https://images1-fabric.practo.com/practices/1136866/ruby-hall-clinic-pune-6657625f5c322.png,VN,practo,,1.0,canonical,50,Q4,Q4-Sub-Q3,Super Premium,0.403276
hosp_d3acf487d42e45ac,Satyanand Hospital - Kondhwa,satyanand hospital kondhwa,Pune,Hospital,Kondhwa,,18.4709308,73.8887668,876088521ffffff,,11.0,13.0,True,,200.0,600.0,5.0,47.0,1995.0,+912071177314,https://www.practo.com/pune/hospital/satyanand-hospital-kondhwa-3?referrer=hospital_listing,,VN,practo,,1.0,canonical,51,Q4,Q4-Sub-Q3,Super Premium,0.401239
hosp_51f20dc9a7f729c2,Sanjeevani Hospital,sanjeevani hospital,Pune,Hospital,Hadapsar,,18.500925653782,73.940997719765,876088535ffffff,,2.0,5.0,True,,400.0,400.0,5.0,173.0,,+912249398292,https://www.practo.com/pune/hospital/sanjeevani-hospital-hadapsar?referrer=hospital_listing,https://images1-fabric.practo.com/practices/1161318/sanjeevani-hospital-pune-5c77cb9fb21de.jpg,VN,practo,,1.0,canonical,52,Q4,Q4-Sub-Q3,Super Premium,0.398419
hosp_8537282340a05e3a,"Mothercare Hospital, IVF Centre,Centre for Assisted Reproductive Technology",mothercare hospital ivf centre centre for assisted reproductive technology,Pune,Hospital,Market Yard,,18.487243139343,73.876080356429,876088505ffffff,,1.0,4.0,True,,800.0,800.0,5.0,172.0,,+912048553066,https://www.practo.com/pune/hospital/mothercare-hospital-ivf-centre-centre-for-assisted-reproductive-technology-market-yard?referrer=hospital_listing,https://images1-fabric.practo.com/practices/760480/mothercare-hospital-ivf-centre-centre-for-assisted-reproductive-technology-pune-663c8466961e6.png,VN,practo,,1.0,canonical,53,Q4,Q4-Sub-Q3,Super Premium,0.394104
hosp_2509e4b7176bc251,Shree Laxmi Eye & Gynae Hospital,shree laxmi eye gynae hospital,Pune,Hospital,Kharadi,,18.58278,73.98949,87608e24effffff,,2.0,2.0,True,,300.0,300.0,5.0,171.0,,+912071177314,https://www.practo.com/pune/hospital/shree-laxmi-eye-gynae-hospital-kharadi?referrer=hospital_listing,https://images1-fabric.practo.com/practices/947800/shree-laxmi-eye-gyanae-hospital-pune-5a4b5a6315ce3.jpg,VN,practo,,1.0,canonical,54,Q4,Q4-Sub-Q3,Super Premium,0.391663
hosp_921f2eea0513f9b5,Lopmudra Hospital,lopmudra hospital,Pune,Hospital,Pashan,,18.544199034766383,73.78237619230185,876088425ffffff,,14.0,14.0,True,,500.0,1300.0,5.0,44.0,2014.0,+912071187259,https://www.practo.com/pune/hospital/lopmudra-hospital-pashan-1?referrer=hospital_listing,https://images1-fabric.practo.com/practices/1409031/lopmudra-hospital-pune-639c44234ca6d.png,VN,practo,,1.0,canonical,55,Q4,Q4-Sub-Q3,Super Premium,0.390569
hosp_ed4b5dc3aa95289d,"Conceive India IVF Fertility,Gynecology and Test Tube Baby Centre",conceive ivf fertility gynecology test tube baby centre,Pune,Hospital,Wakad,,18.5910267,73.7531172,876088405ffffff,,1.0,2.0,True,,700.0,700.0,5.0,174.0,,+917971261975,https://www.practo.com/pune/hospital/conceive-ivf-fertility-gynaecology-and-test-tube-baby-centre-hinjewadi?referrer=hospital_listing,https://images1-fabric.practo.com/practices/1262868/conceive-india-ivf-fertility-gynecology-and-test-tube-baby-centre-pune-63ea098a32488.jpg,ABS,practo,,1.0,canonical,56,Q4,Q4-Sub-Q3,Super Premium,0.39044
hosp_2e7952f45ea5adc2,Ashwin Medical Foundation's Moraya Multispeciality Hospital,ashwin medical foundation s moraya multispeciality hospital,Pune,Hospital,Pimpri-Chinchwad,,18.62755,73.78202,876088406ffffff,,24.0,15.0,True,,0.0,900.0,4.5,303.0,,+912071177306,https://www.practo.com/pune/hospital/ashwin-medical-foundation-s-moraya-multispeciality-hospital-pimpri-chinchwad?referrer=hospital_listing,https://images1-fabric.practo.com/practices/704577/ashwin-medical-foundation-s-moraya-multispeciality-hospital-pune-5a82be587f1f4.jpg,VN,practo,,1.0,canonical,57,Q4,Q4-Sub-Q3,Super Premium,0.38999
hosp_f0cc02fc98f6ae2f,Deccan Hardikar Hospital,deccan hardikar hospital,Pune,Hospital,Shivajinagar,,18.5306162,73.8476792,87608850effffff,,12.0,11.0,True,,400.0,2000.0,4.5,207.0,1974.0,+912071177324,https://www.practo.com/pune/hospital/deccan-multispeciality-hardikar-hospital-shivaji-nagar?referrer=hospital_listing,https://images1-fabric.practo.com/practices/1058144/deccan-hardikar-hospital-pune-644a634467be0.jpg,VN,practo,,1.0,canonical,58,Q4,Q4-Sub-Q3,Super Premium,0.389941
hosp_1bd165e17497984a,Om Dental Care,om dental care,Pune,Hospital,Wakad,,18.598832563035568,73.7642616694893,876088405ffffff,,1.0,1.0,True,,300.0,300.0,5.0,180.0,,+912071171795,https://www.practo.com/pune/hospital/om-dental-care-wakad?referrer=hospital_listing,https://images1-fabric.practo.com/om-dental-care-1439387266-55cb4e82baa01.png,VN,practo,,1.0,canonical,59,Q4,Q4-Sub-Q3,Super Premium,0.389834
hosp_e23ff9d0256d4a74,Care Speciality Hospital,care speciality hospital,Pune,Hospital,Pimple Saudagar,,18.5978867,73.8058118,876088431ffffff,,2.0,5.0,True,,400.0,1000.0,5.0,136.0,,+912071173185,https://www.practo.com/pune/hospital/care-cancer-and-eye-clinic-pimple-saudagar?referrer=hospital_listing,https://images1-fabric.practo.com/practices/1151820/care-speciality-hospital-pune-5e3cf8e98dc48.JPG,VN,practo,,1.0,canonical,60,Q4,Q4-Sub-Q3,Super Premium,0.387947
hosp_e2dc6c99c9566117,Sanjeevani Ayurved And Panchkarma Center,sanjeevani ayurved panchkarma center,Pune,Hospital,Sinhagad Road,,18.477170387572126,73.82359642535448,876088576ffffff,,1.0,1.0,True,,500.0,500.0,5.0,169.0,,+918037320314,https://www.practo.com/pune/hospital/sanjeevani-ayurved-and-panchkarma-sinhagad-road?referrer=hospital_listing,https://images1-fabric.practo.com/practices/1132552/sanjeevani-ayurved-and-panchkarma-center-pune-59803de84e087.jpg,ABS,practo,,1.0,canonical,61,Q4,Q4-Sub-Q3,Super Premium,0.387088
hosp_36acff55229a0e97,Dr.Aaditya's Advance Dental Hospital,dr aaditya s advance dental hospital,Pune,Hospital,Sangvi,,18.584734471350476,73.81613619625568,876088435ffffff,,3.0,1.0,True,,10.0,500.0,5.0,153.0,,+912071177320,https://www.practo.com/pune/hospital/dr-aaditya-s-advance-dental-care-implant-centre-sangvi?referrer=hospital_listing,https://images1-fabric.practo.com/practices/663071/dr-aaditya-s-advance-dental-hospital-pune-5dc7f780a7c78.PNG,VN,practo,,1.0,canonical,62,Q4,Q4-Sub-Q3,Super Premium,0.386722
hosp_bd3b1dd4581db798,Pristyn Care Pranayam Centre,pristyn care pranayam centre,Pune,Hospital,Pimpri BK,,17.94905,74.98907,876081204ffffff,,1.0,3.0,True,8.0,0.0,0.0,5.0,152.0,,+911140848836,https://www.practo.com/pune/hospital/pristyn-care-pranayam-centre-pimpri-bk?referrer=hospital_listing,https://images1-fabric.practo.com/practices/1274338/pristyn-care-pranayam-centre-pune-6a0863eb351c8.jpeg?original_image=https://images1-fabric.practo.com/pristyn-care-pranayam-centre-pune-6a0863eb351c8-original.jpeg,ABS,practo,,1.0,canonical,63,Q4,Q4-Sub-Q3,Super Premium,0.386643
hosp_4a562b41b772a78c,Metro Clinic,metro clinic,Pune,Hospital,Bibvewadi,,18.486609739396,73.873980045319,876088505ffffff,,3.0,3.0,True,,500.0,500.0,5.0,129.0,,+912071177304,https://www.practo.com/pune/hospital/metro-clinic-market-yard?referrer=hospital_listing,https://images1-fabric.practo.com/practices/722013/metro-clinic-pune-5cea4c2be733f.jpg,VN,practo,,1.0,canonical,64,Q4,Q4-Sub-Q3,Super Premium,0.383454
hosp_af2231f5443548f9,Apollo Spectra Hospitals,apollo spectra hospitals,Pune,Hospital,Sadashiv Peth,,18.5030329,73.8521291,876088501ffffff,,20.0,12.0,True,,0.0,1000.0,4.5,86.0,1983.0,+912048553262,https://www.practo.com/pune/hospital/apollo-spectra-hospitals-pune-sadashiv-peth?referrer=hospital_listing,https://images1-fabric.practo.com/practices/1132661/apollo-spectra-hospitals-pune-624e99f930d58.jpg,VN,practo,,1.0,canonical,65,Q4,Q4-Sub-Q3,Super Premium,0.381614
hosp_b875482255d28ee1,Growing Up Kids Clinic,growing up kids clinic,Pune,Hospital,Pimpri-Chinchwad,,18.65731,73.80509,876088414ffffff,,1.0,1.0,False,,300.0,300.0,5.0,422.0,,+912071177306,https://www.practo.com/pune/hospital/growing-up-kid-s-clinic-chinchwad?referrer=hospital_listing,https://images1-fabric.practo.com/557aec9ebf7c923f5bebbfab5143c850666f6e602aef5.jpg,VN,practo,,1.0,canonical,66,Q4,Q4-Sub-Q3,Super Premium,0.38008
hosp_ce68929dc19cf49c,Ghaisas ENT Hospital,ghaisas ent hospital,Pune,Hospital,Deccan Gymkhana,,18.5173,73.84231,87608850effffff,,3.0,2.0,False,,500.0,1000.0,5.0,343.0,,+912071177307,https://www.practo.com/pune/hospital/ghaisas-ent-hospital-deccan-gymkhana-2?referrer=hospital_listing,,VN,practo,,1.0,canonical,67,Q4,Q4-Sub-Q3,Super Premium,0.37535
hosp_370f1522bc8f5043,Ashwini Hospital,ashwini hospital,Pune,Hospital,Pimpri-Chinchwad,,18.643601567078,73.773186150938,876088402ffffff,,1.0,1.0,True,,1000.0,1000.0,4.5,566.0,1987.0,+912048553250,https://www.practo.com/pune/hospital/ashwini-hospital-pimpri-chinchwad?referrer=hospital_listing,https://images1-fabric.practo.com/ashwini-hospital-pune-1470136826-57a081fa18a0f.jpg,ABS,practo,,1.0,canonical,68,Q4,Q4-Sub-Q3,Super Premium,0.375107
hosp_8e594bee35387516,Maharashtra Medical Foundation - Joshi Hospital,maharashtra medical foundation joshi hospital,Pune,Hospital,Shivajinagar,,18.51714,73.83306,876088508ffffff,,15.0,12.0,True,1.0,0.0,750.0,4.5,76.0,1978.0,+912071177321,https://www.practo.com/pune/hospital/maharashtra-medical-foundation-joshi-hospital-shivajinagar-1?referrer=hospital_listing,https://images1-fabric.practo.com/mmf-joshi-hospital-pune-1466748597-576cceb5962fe.png,VN,practo,,1.0,canonical,69,Q4,Q4-Sub-Q3,Super Premium,0.373697
hosp_1f782a367e32adce,Usha Nursing Home,usha nursing home,Pune,Hospital,Camp,,18.507563,73.8787286,876088505ffffff,,4.0,5.0,True,,800.0,1000.0,5.0,88.0,,+912071186959,https://www.practo.com/pune/hospital/usha-nursing-home-camp-2?referrer=hospital_listing,https://images1-fabric.practo.com/practices/1159238/usha-nursing-home-pune-59e5f77d96583.png,VN,practo,,1.0,canonical,70,Q4,Q4-Sub-Q3,Super Premium,0.372737
hosp_b9be38e7e8e66533,Gynaeworld Hospital,gynaeworld hospital,Pune,Hospital,Shivajinagar,,18.532885,73.8340883,87608850affffff,,4.0,3.0,True,,600.0,2000.0,5.0,96.0,,+917949107756,https://www.practo.com/pune/hospital/gynaeworld-shivajinagar?referrer=hospital_listing,https://images1-fabric.practo.com/practices/1267522/gynaeworld-pune-5da5a3ff5209b.jpg,ABS,practo,,1.0,canonical,71,Q4,Q4-Sub-Q3,Super Premium,0.372434
hosp_01f2b69e679b2288,Cloudnine Hospitals - Baner,cloudnine hospitals baner,Pune,Hospital,Baner,,18.5501,73.7913,876088425ffffff,,14.0,4.0,True,3.0,500.0,1100.0,5.0,54.0,2024.0,+917971262860,https://www.practo.com/pune/hospital/cloudnine-hospitals-1-baner?referrer=hospital_listing,https://images1-fabric.practo.com/practices/1525974/cloudnine-hospitals-baner-pune-671a3eb8d08db.png,ABS,practo,,1.0,canonical,72,Q4,Q4-Sub-Q3,Super Premium,0.370359
hosp_f20e0e7fd879dee4,Horizon Hospital,horizon hospital,Pune,Hospital,Kharadi,,18.542514550256,73.937005922198,876088532ffffff,,2.0,2.0,True,,800.0,1200.0,5.0,100.0,,+918037298998,https://www.practo.com/pune/hospital/horizon-hospital-1-kharadi?referrer=hospital_listing,https://images1-fabric.practo.com/practices/1233971/horizon-hospital-pune-5d0096943ebc4.png,ABS,practo,,1.0,canonical,73,Q4,Q4-Sub-Q3,Super Premium,0.368198
hosp_1cc521be241f755c,N M Wadia Institute of Cardiology,n m wadia institute cardiology,Pune,Hospital,Bund Garden,,18.530439,73.876727,876088502ffffff,,17.0,7.0,False,,0.0,1000.0,5.0,116.0,,+912248962291,https://www.practo.com/pune/hospital/n-m-wadia-institute-of-cardiology-bund-garden?referrer=hospital_listing,https://images1-fabric.practo.com/practices/637141/n-m-wadia-institute-of-cardiology-pune-5bd958352035b.jpg,VN,practo,,1.0,canonical,74,Q4,Q4-Sub-Q3,Super Premium,0.364859
hosp_14ca7d2a7f6f1826,Dr Bawaskar's Tulip Hospital,dr bawaskar s tulip hospital,Pune,Hospital,Wakad,,18.5982,73.763798,876088405ffffff,,1.0,2.0,True,,1000.0,1000.0,5.0,94.0,,+912071177420,https://www.practo.com/pune/hospital/dr-bawaskar-s-tulip-hospital-wakad-1?referrer=hospital_listing,https://images1-fabric.practo.com/practices/1029993/dr-bawaskar-s-tulip-hospital-pune-5c2cc2cc6d73e.jpg,VN,practo,,1.0,canonical,75,Q4,Q4-Sub-Q3,Super Premium,0.363477
hosp_7432d6658398ecce,Prolife Cancer Centre & Research Institute,prolife cancer centre research institute,Pune,Hospital,Gultekdi,,18.491827687007756,73.86960359709141,876088505ffffff,,6.0,8.0,False,,800.0,800.0,5.0,174.0,,+912071177309,https://www.practo.com/pune/hospital/prolife-cancer-centre-bhavani-peth-2?referrer=hospital_listing,https://images1-fabric.practo.com/practices/1134632/profile-cancer-centre-research-institute-pune-62beab4a81df1.jpeg,VN,practo,,1.0,canonical,76,Q4,Q4-Sub-Q3,Super Premium,0.362841
hosp_c8fe11cd26e3287b,"Jupiter Hospital, Pune",jupiter hospital pune,Pune,Hospital,Balewadi,,18.5657127,73.785962,876088420ffffff,,44.0,38.0,False,,0.0,750.0,,,,+912048566751,https://www.practo.com/pune/hospital/jupiter-hospital-pune-balewadi?referrer=hospital_listing,,VN,practo,,1.0,canonical,77,Q4,Q4-Sub-Q3,Super Premium,0.362479
hosp_df4444c2683a826f,Pawana Hospital,pawana hospital,Pune,Hospital,Talegaon,,18.7030377,73.6854043,8760884f1ffffff,,19.0,18.0,True,,0.0,700.0,4.5,110.0,,+912048556760,https://www.practo.com/pune/hospital/pawana-hospital-talegaon?referrer=hospital_listing,https://images1-fabric.practo.com/practices/688274/pawana-hospital-pune-5b614b4eef666.png,VN,practo,,1.0,canonical,78,Q4,Q4-Sub-Q3,Super Premium,0.360905
hosp_7e5e325d92ea450a,Chavan Hospital,chavan hospital,Pune,Hospital,Pimpri-Chinchwad,,18.63312835913,73.816749751568,876088433ffffff,,9.0,9.0,True,,0.0,500.0,5.0,17.0,1982.0,+912071177319,https://www.practo.com/pune/hospital/chavan-hospital-pimpri-chinchwad?referrer=hospital_listing,https://images1-fabric.practo.com/practices/1150764/chavan-hospital-pune-595a28b2a1ee2.jpg,VN,practo,,1.0,canonical,79,Q4,Q4-Sub-Q3,Super Premium,0.360785
hosp_0a75d59f4d559771,Saishree Hospital,saishree hospital,Pune,Hospital,Aundh,,18.560206427253302,73.80521357059479,876088424ffffff,,9.0,7.0,True,2.0,200.0,1050.0,4.5,324.0,2009.0,+912071172687,https://www.practo.com/pune/hospital/sai-shree-hospital-aundh-2?referrer=hospital_listing,https://images1-fabric.practo.com/sai-shree-super-speciality-and-orthopedic-joint-replacement-center-pune-1457539439-56e0496f8f5d7.png,VN,practo,,1.0,canonical,80,Q4,Q4-Sub-Q2,Premium,0.360102
hosp_445c566894bd25c9,Citicare Hospital,citicare hospital,Pune,Hospital,Pimpri-Chinchwad,,18.625270448062537,73.80177028477192,876088433ffffff,,2.0,2.0,True,,300.0,600.0,5.0,79.0,,+912071177426,https://www.practo.com/pune/hospital/citycare-hospital-pimpri-pimpri?referrer=hospital_listing,https://images1-fabric.practo.com/citicare-hospital-pune-1474550939-57e3dc9b46771.png,VN,practo,,1.0,canonical,81,Q4,Q4-Sub-Q2,Premium,0.357718
hosp_ac82d7870307743b,Bindu Speciality Clinic,bindu speciality clinic,Pune,Hospital,Nigdi-Pradhikaran,,18.65702,73.77103,876088411ffffff,,1.0,1.0,False,,600.0,600.0,5.0,260.0,,+911142246451,https://www.practo.com/pune/hospital/bindu-speciality-clinic-akurdi-1?referrer=hospital_listing,https://images1-fabric.practo.com/practices/710714/bindu-speciality-clinic-pune-5950be61d3c15.jpeg,VN,practo,,1.0,canonical,82,Q4,Q4-Sub-Q2,Premium,0.356156
hosp_44eb020274fe5ec8,Sathe Hospital,sathe hospital,Pune,Hospital,Deccan Gymkhana,,18.515154,73.8422295,87608850effffff,,6.0,6.0,True,,500.0,1200.0,4.5,87.0,1955.0,+912048553258,https://www.practo.com/pune/hospital/sathe-hospital-deccan-gymkhana-1?referrer=hospital_listing,https://images1-fabric.practo.com/practices/676477/sathe-hospital-pune-5b363648d4b8a.png,VN,practo,,1.0,canonical,83,Q4,Q4-Sub-Q2,Premium,0.355766
hosp_391c4f18d7ed780a,Lotus Multispeciality Hospital,lotus multispeciality hospital,Pune,Hospital,Pimple Saudagar,,18.59912,73.79442,876088431ffffff,,13.0,15.0,True,,0.0,1300.0,4.0,1273.0,,+912071177318,https://www.practo.com/pune/hospital/lotus-multispeciality-hospital-pimple-saudagar-2?referrer=hospital_listing,https://images1-fabric.practo.com/lotus-multispeciality-hospital-pune-1453533956-56a32b0428f70.png,VN,practo,,1.0,canonical,84,Q4,Q4-Sub-Q2,Premium,0.354068
hosp_53fbe01c283d3a4f,Motherhood Hospital,motherhood hospital,Pune,Hospital,Lulla Nagar,,18.4842102,73.8023495,876088572ffffff,,9.0,5.0,True,,750.0,800.0,5.0,44.0,,+917971115160,https://www.practo.com/pune/hospital/motherhood-hospital-1-lulla-nagar?referrer=hospital_listing,https://images1-fabric.practo.com/practices/1366626/motherhood-hospital-pune-62c8280b012f6.jpg,RFA,practo,,1.0,canonical,85,Q4,Q4-Sub-Q2,Premium,0.351918
hosp_eeb732ea8182674c,Niramaya Hospital,niramaya hospital,Pune,Hospital,Pimpri-Chinchwad,,18.6390841,73.7964837,876088415ffffff,,9.0,11.0,True,,0.0,750.0,5.0,32.0,,+912071177306,https://www.practo.com/pune/hospital/niramaya-hospital-pimpri-chinchwad?referrer=hospital_listing,https://images1-fabric.practo.com/nirmaya-hospital-1457001706-56d814ea2cc8d.jpg,VN,practo,,1.0,canonical,86,Q4,Q4-Sub-Q2,Premium,0.35109
hosp_2d0351c2d3e9c87b,Vedic Ayurveda And Panchakarma Clinic,vedic ayurveda panchakarma clinic,Pune,Hospital,Baner,,18.57428479181,73.757420522589,87608842effffff,,1.0,1.0,True,,300.0,300.0,5.0,73.0,,+912249398287,https://www.practo.com/pune/hospital/vedic-ayurveda-panchakarma-centre-baner?referrer=hospital_listing,https://images1-fabric.practo.com/practices/1194604/vedic-ayurveda-and-panchakarma-centre-pune-5c35d442dd8cd.jpg,VN,practo,,1.0,canonical,87,Q4,Q4-Sub-Q2,Premium,0.350127
hosp_d8fe5c11339929e6,Deccan Clinic,deccan clinic,Pune,Hospital,Bund Garden,,18.535,73.88055,876088502ffffff,,6.0,4.0,True,,800.0,3000.0,5.0,47.0,,+912071177305,https://www.practo.com/pune/hospital/surgical-oncology-bund-garden?referrer=hospital_listing,https://images1-fabric.practo.com/practices/687206/deccan-clinic-pune-66b702b389a6f.png,VN,practo,,1.0,canonical,88,Q4,Q4-Sub-Q2,Premium,0.346755
hosp_60e99ec6f3b2e812,"Jehangir Hospital, Pune",jehangir hospital pune,Pune,Hospital,Connaught Road,,18.5303448,73.8767266,876088500ffffff,,48.0,26.0,False,,0.0,0.0,,,,+912048553587,https://www.practo.com/pune/hospital/jehangir-hospital-pune-1-connaught-road?referrer=hospital_listing,,VN,practo,,1.0,canonical,89,Q4,Q4-Sub-Q2,Premium,0.3454
hosp_c96d9de5f013c918,Aditya Birla Memorial Hospital,aditya birla memorial hospital,Pune,Hospital,Pimpri-Chinchwad,,18.61463916654398,73.77514718400728,876088400ffffff,,40.0,22.0,True,,0.0,500.0,4.0,38.0,,+912071177306,https://www.practo.com/pune/hospital/aditya-birla-memorial-hospital-chinchwad?referrer=hospital_listing,https://images1-fabric.practo.com/practices/897723/aditya-birla-memorial-hospital-pune-66547b0f9f0fe.png,VN,practo,,1.0,canonical,90,Q4,Q4-Sub-Q2,Premium,0.343867
hosp_195107a942a8c5fe,Shree Maternity Nursing Home,shree maternity nursing home,Pune,Hospital,Karve Nagar,,18.483801570135878,73.81648344294217,87608850dffffff,,1.0,2.0,False,,700.0,700.0,5.0,186.0,,+912048554749,https://www.practo.com/pune/hospital/shree-maternity-nursing-home-1-karve-nagar-1?referrer=hospital_listing,https://images1-fabric.practo.com/practices/1149421/shree-maternity-nursing-home-pune-5943db2adda39.JPG,ABS,practo,,1.0,canonical,91,Q4,Q4-Sub-Q2,Premium,0.343348
hosp_f5de3d878c842565,Jeewan Jyot Hospital,jeewan jyot hospital,Pune,Hospital,Nagar Road,,18.557561944203,73.908339965607,876088515ffffff,,4.0,4.0,True,,400.0,500.0,5.0,46.0,,+912071177316,https://www.practo.com/pune/hospital/jeewan-jyot-hospital-nagar-road?referrer=hospital_listing,https://images1-fabric.practo.com/jeewan-jyot-clinic-1463139469-5735bc8d2e166.jpg,VN,practo,,1.0,canonical,92,Q4,Q4-Sub-Q2,Premium,0.341859
hosp_fb01965cbda9d7c5,Express Clinic,express clinic,Pune,Hospital,FC Road,,18.523569,73.841128,87608850effffff,,3.0,2.0,True,5.0,400.0,600.0,5.0,41.0,2013.0,+912071189376,https://www.practo.com/pune/hospital/express-clinics-6-fc-road?referrer=hospital_listing,,VN,practo,,1.0,canonical,93,Q4,Q4-Sub-Q2,Premium,0.34159
hosp_9c7455f0ab26cdfe,Kolte Hospital,kolte hospital,Pune,Hospital,Ravet,,18.6438948,73.7563198,87608841cffffff,,1.0,2.0,False,,400.0,400.0,5.0,164.0,,+918037298995,https://www.practo.com/pune/hospital/kolte-hospital-ravet?referrer=hospital_listing,,VN,practo,,1.0,canonical,94,Q4,Q4-Sub-Q2,Premium,0.337864
hosp_7aa042190f051dfa,Unicare Hospital,unicare hospital,Pune,Hospital,Chakan,,18.755044045532593,73.85622382164001,8760884b5ffffff,,3.0,2.0,True,,400.0,750.0,4.5,443.0,,+912071533850,https://www.practo.com/pune/hospital/unicare-hospital-chakan-1?referrer=hospital_listing,https://images1-fabric.practo.com/54784e158039125cbc7e482dbea2fdfbfcc212e2ed491.jpg,ABS,practo,,1.0,canonical,95,Q4,Q4-Sub-Q2,Premium,0.336211
hosp_6febee8a6e8c043c,Orion Hospital,orion hospital,Pune,Hospital,Wakad,,18.59938,73.7633,876088405ffffff,,3.0,5.0,True,,300.0,500.0,4.5,294.0,2015.0,+912048553066,https://www.practo.com/pune/hospital/orion-hospital-wakad?referrer=hospital_listing,https://images1-fabric.practo.com/dr-parag-hitnalikar-pune-1463826688-57403900e03ac.jpg,VN,practo,,1.0,canonical,96,Q4,Q4-Sub-Q2,Premium,0.335735
hosp_ba6b88cb5fa49441,Hiremath Hospital,hiremath hospital,Pune,Hospital,Pimpri-Chinchwad,,18.62612,73.784,876088406ffffff,,1.0,1.0,True,1.0,500.0,500.0,4.5,346.0,2008.0,+912271873697,https://www.practo.com/pune/hospital/hiremath-hospital-pimpri-chinchwad-1?referrer=hospital_listing,https://images1-fabric.practo.com/practices/739697/hiremath-hospital-pune-5bdfe70d30de9.png,VN,practo,,1.0,canonical,97,Q4,Q4-Sub-Q2,Premium,0.334981
hosp_fc0e4a9c2f115820,Modern Hospital,modern hospital,Pune,Hospital,Nana Peth,,27.1600597,78.0356624,873d85ba4ffffff,,2.0,1.0,True,,300.0,300.0,5.0,48.0,,+912071177317,https://www.practo.com/pune/hospital/modern-hospital-nana-peth-1?referrer=hospital_listing,https://images1-fabric.practo.com/practices/1113559/modern-hospital-pune-595503d6f1fac.jpeg,VN,practo,,1.0,canonical,98,Q4,Q4-Sub-Q2,Premium,0.333503
hosp_09ebd8c5bfec83bf,Siddhi Health Care Center,siddhi health care center,Pune,Hospital,Sangavi,,18.58583,73.818018,876088435ffffff,,5.0,6.0,False,,0.0,750.0,5.0,67.0,2005.0,+912067325119,https://www.practo.com/pune/hospital/siddhi-health-care-center-sangavi?referrer=hospital_listing,,VN,practo,,1.0,canonical,99,Q4,Q4-Sub-Q2,Premium,0.332132
hosp_1176828a564dd6c7,Swanand Maternity Hospital,swanand maternity hospital,Pune,Hospital,Senapati Bapat Marg,,18.529625,73.833912,87608850effffff,,1.0,2.0,True,1.0,800.0,800.0,5.0,21.0,1989.0,+912248932501,https://www.practo.com/pune/hospital/swanand-maternity-hospital-senapati-bapat-marg?referrer=hospital_listing,https://images1-fabric.practo.com/practices/986802/swanand-hospital-pune-5ae1b1e0c8aef.jpeg,VN,practo,,1.0,canonical,100,Q4,Q4-Sub-Q2,Premium,0.331492
hosp_d67455e2220fc7ef,Unity Hospital,unity hospital,Pune,Hospital,Aundh,,18.564132320987,73.812740121502,876088426ffffff,,3.0,6.0,True,,550.0,1000.0,4.5,312.0,,+917971172447,https://www.practo.com/pune/hospital/unity-hospital-aundh-1?referrer=hospital_listing,https://images1-fabric.practo.com/practices/1142728/unity-hospital-pune-65ae42aa36d0b.png,ABS,practo,,1.0,canonical,101,Q4,Q4-Sub-Q2,Premium,0.330653
hosp_dfbab7e6a4bfd27d,Patankar Nursing Home,patankar nursing home,Pune,Hospital,Swargate,,18.50029484267,73.854110240936,876088501ffffff,,2.0,3.0,True,2.0,1000.0,1000.0,4.5,84.0,1980.0,+912071173199,https://www.practo.com/pune/hospital/patankar-nursing-home-swargate?referrer=hospital_listing,https://images1-fabric.practo.com/practices/1147290/patankar-nursing-home-pune-59256094e1ec1.jpg,VN,practo,,1.0,canonical,102,Q4,Q4-Sub-Q2,Premium,0.329299
hosp_821a61d69a86c487,Sahyadri Hospital,sahyadri hospital,Pune,Hospital,Kothrud,,0.0,0.0,87754e64dffffff,,13.0,11.0,True,,0.0,800.0,4.5,83.0,,+912071177315,https://www.practo.com/pune/hospital/sahyadri-hospital-kothrud?referrer=hospital_listing,https://images1-fabric.practo.com/sahyadri-hospital-kothrud-pune-1457370444-56ddb54ca3f63.png,VN,practo,,1.0,canonical,103,Q4,Q4-Sub-Q2,Premium,0.329201
hosp_a96eb4a87e8f0a27,Dr. Ratnadeep's Dental Hospital,dr ratnadeep s dental hospital,Pune,Hospital,Nigdi-Pradhikaran,,18.649447,73.777093,876088411ffffff,,7.0,1.0,False,,100.0,100.0,4.5,811.0,,+912071177317,https://www.practo.com/pune/hospital/dr-ratnadeep-s-dental-hospital-nigdi?referrer=hospital_listing,https://images1-fabric.practo.com/dr-ratnadeep-s-dental-hospital-pune-1445670956-562b302ce4aa8.png,VN,practo,,1.0,canonical,104,Q4,Q4-Sub-Q2,Premium,0.328531
hosp_304a0e1f15c50fa1,Dhanwantari Hospital,dhanwantari hospital,Pune,Hospital,Nigdi-Pradhikaran,,18.65586,73.76811,876088411ffffff,,5.0,8.0,True,,0.0,500.0,4.5,223.0,,+918037298996,https://www.practo.com/pune/hospital/dhanwantari-hospital-nigdi-1?referrer=hospital_listing,https://images1-fabric.practo.com/dhanwantari-ent-clinic-1459951870-570518fe45d65.jpg,VN,practo,,1.0,canonical,105,Q4,Q4-Sub-Q2,Premium,0.328487
hosp_d55c079680d82088,Chandrama Clinic And Nursing Home,chandrama clinic nursing home,Pune,Hospital,Sadashiv Peth,,18.508627466541352,73.84567737579346,87608850cffffff,,1.0,1.0,False,,100.0,100.0,5.0,135.0,,+912071177320,https://www.practo.com/pune/hospital/chandrama-clinic-and-nursing-home-sadashiv-peth?referrer=hospital_listing,https://images1-fabric.practo.com/chandrama-clinic-1459079793-56f7ca717558f.jpg,VN,practo,,1.0,canonical,106,Q4,Q4-Sub-Q2,Premium,0.327312
hosp_d8b9fac7a09669c8,Surya Multispeciality Hospital,surya multispeciality hospital,Pune,Hospital,Chakan,,18.748439,73.86032,8760884b4ffffff,,6.0,6.0,True,,0.0,500.0,5.0,25.0,,+918037285150,https://www.practo.com/pune/hospital/surya-multispeciality-hospital-chakan?referrer=hospital_listing,https://images1-fabric.practo.com/practices/688406/surya-multispeciality-hospital-pune-5a095fabeb383.jpg,VN,practo,,1.0,canonical,107,Q4,Q4-Sub-Q2,Premium,0.325156
hosp_a77fc4b432fbb0c3,"Rao Nursing Home,Bibvewadi",rao nursing home bibvewadi,Pune,Hospital,Bibvewadi,,18.472648790525728,73.86257529258728,87608852effffff,,5.0,4.0,True,,0.0,700.0,5.0,29.0,,+912071177304,https://www.practo.com/pune/hospital/rao-nursing-home-bibvewadi-bibvewadi?referrer=hospital_listing,,VN,practo,,1.0,canonical,108,Q4,Q4-Sub-Q2,Premium,0.324675
hosp_e9d110d36d2f06cc,Dhanashree Hospital,dhanashree hospital,Pune,Hospital,Pimpri-Chinchwad,,18.659318,73.797805,876088410ffffff,,8.0,7.0,True,,400.0,500.0,4.5,35.0,1995.0,+912071177306,https://www.practo.com/pune/hospital/dhanashree-hospital-pimpri-chinchwad?referrer=hospital_listing,https://images1-fabric.practo.com/practices/688394/dhanashree-hospital-pune-5aab3e2bd5877.jpg,VN,practo,,1.0,canonical,109,Q4,Q4-Sub-Q2,Premium,0.323252
hosp_fbd0c986f59509ac,K K Hospital,k k hospital,Pune,Hospital,Chandan Nagar,,13.1268006,80.2712519,87618c499ffffff,,3.0,2.0,True,,300.0,500.0,5.0,34.0,,+912071177305,https://www.practo.com/pune/hospital/k-k-hospital-chandan-nagar-1?referrer=hospital_listing,https://images1-fabric.practo.com/practices/1119262/k-k-hospital-pune-5a950abc7ca6e.png,VN,practo,,1.0,canonical,110,Q4,Q4-Sub-Q2,Premium,0.322922
hosp_33448192754ea4ca,Uniqare Hospital,uniqare hospital,Pune,Hospital,Pimple Saudagar,,73.79280738163,18.605232414657,87012ba1effffff,,14.0,13.0,True,,500.0,1200.0,,8.0,2002.0,+912071187803,https://www.practo.com/pune/hospital/uniqare-hospital-pimple-saudagar-1?referrer=hospital_listing,https://images1-fabric.practo.com/practices/1424135/uniqare-hospital-pune-64807a1f6b6f2.PNG,VN,practo,,1.0,canonical,111,Q4,Q4-Sub-Q2,Premium,0.321743
hosp_182c05232f2235b2,"Ruby Hall Clinic, Wanowrie",ruby hall clinic wanowrie,Pune,Hospital,Wanowrie,,18.48516867002108,73.90465378761292,876088522ffffff,,15.0,22.0,True,,0.0,700.0,,,,+912071187887,https://www.practo.com/pune/hospital/ent-surgeon-wanowrie?referrer=hospital_listing,https://images1-fabric.practo.com/practices/1128968/ruby-hall-clinic-wanowrie-pune-68009b59d274e.png,VN,practo,,1.0,canonical,112,Q4,Q4-Sub-Q2,Premium,0.32172
hosp_e7c82d7e3cbe7bd7,Suryaprabha Nursing Home,suryaprabha nursing home,Pune,Hospital,Paud Road,,18.507409138123336,73.80787163972855,876088509ffffff,,1.0,1.0,True,,400.0,400.0,5.0,37.0,,+912071177318,https://www.practo.com/pune/hospital/suryaprabha-nursing-home-paud-road-2?referrer=hospital_listing,,VN,practo,,1.0,canonical,113,Q4,Q4-Sub-Q2,Premium,0.320378
hosp_ee43a40efd425259,Ankura Hospital For Women and Children,ankura hospital for women children,Pune,Hospital,Aundh,,17.4879651,78.3822011,8760a24b0ffffff,,15.0,6.0,True,,700.0,1100.0,4.5,69.0,,+918046809162,https://www.practo.com/pune/hospital/ankura-hospital-for-women-and-children-aundh?referrer=hospital_listing,https://images1-fabric.practo.com/practices/1420351/ankura-hospital-for-women-and-children-pune-6433f9f74458c.jpg,ABS,practo,,1.0,canonical,114,Q4,Q4-Sub-Q2,Premium,0.319545
hosp_a6899937091d92c5,Helios Bharti Hospital,helios bharti hospital,Pune,Hospital,Pimpri-Chinchwad,,18.406726526199,74.68331479315,87608e8c6ffffff,,2.0,3.0,True,,300.0,400.0,5.0,31.0,,+912071177324,https://www.practo.com/pune/hospital/bharti-multispeciality-hospital-pimple-saudagar?referrer=hospital_listing,https://images1-fabric.practo.com/practices/1235492/helios-bharti-hospital-pune-5e6b5ce3a8df6.jpg,VN,practo,,1.0,canonical,115,Q4,Q4-Sub-Q2,Premium,0.319288
hosp_dc289692dd72aaef,AIMS Hospital,aims hospital,Pune,Hospital,Aundh,,18.56252,73.81066,876088426ffffff,,11.0,11.0,True,,0.0,2500.0,4.5,57.0,,+912248977836,https://www.practo.com/pune/hospital/aims-hospital-aundh-2?referrer=hospital_listing,https://images1-fabric.practo.com/practices/629465/aims-hospital-pune-5c78dda55ad13.png,VN,practo,,1.0,canonical,116,Q4,Q4-Sub-Q2,Premium,0.318907
hosp_1106154a974d16f2,Ruby Hall Clinic (Ruby Hospital),ruby hall clinic ruby hospital,Pune,Hospital,Bund Garden,,18.512819060486,73.906402587891,876088531ffffff,,3.0,3.0,True,,200.0,600.0,5.0,29.0,,+912071177305,https://www.practo.com/pune/hospital/ruby-hall-clinic-wanowrie?referrer=hospital_listing,https://images1-fabric.practo.com/ruby-hall-clinic-pune-1484741049-587f59b91f436.jpg,VN,practo,,1.0,canonical,117,Q4,Q4-Sub-Q2,Premium,0.318631
hosp_849f6872ad5dfaa5,Shree Ayurved and Panchakarma Hospital,shree ayurved panchakarma hospital,Pune,Hospital,Kharadi,,18.560959226227,73.940972235275,87608e249ffffff,,2.0,1.0,True,,500.0,500.0,4.5,311.0,,+912071533824,https://www.practo.com/pune/hospital/shree-ayurved-clinic-and-panchakarma-center-iso9001-2008-certified-chandan-nagar?referrer=hospital_listing,https://images1-fabric.practo.com/practices/666360/shree-ayurved-and-panchakarma-hospital-pune-5e3a6bf7b9918.jpg,ABS,practo,,1.0,canonical,118,Q4,Q4-Sub-Q2,Premium,0.318146
hosp_4eec062c2d6bc042,Lead Physio Clinics,lead physio clinics,Pune,Hospital,Wakad,,18.595922628131,73.772416692227,876088404ffffff,,1.0,1.0,True,,250.0,250.0,5.0,35.0,,+912071177323,https://www.practo.com/pune/hospital/dr-priyanka-s-lead-physio-clinic-wakad?referrer=hospital_listing,https://images1-fabric.practo.com/practices/918113/lead-physio-clinics-pune-5a939944605e0.jpg,VN,practo,,1.0,canonical,119,Q4,Q4-Sub-Q1,Upper-Mid Premium,0.31807
hosp_1ed562724dd5491b,"Cloudnine Fertility - IVF Centre, Shivajinagar",cloudnine fertility ivf centre shivajinagar,Pune,Hospital,Shivajinagar,,18.53354687058403,73.84711289100005,87608850effffff,,1.0,2.0,True,1.0,800.0,800.0,5.0,33.0,,+912071187259,https://www.practo.com/pune/hospital/cloudnine-fertility-shivaji-nagar-shivajinagar?referrer=hospital_listing,https://images1-fabric.practo.com/practices/1157286/cloudnine-fertility-ivf-centre-shivajinagar-pune-6481782697d21.JPG,VN,practo,,1.0,canonical,120,Q4,Q4-Sub-Q1,Upper-Mid Premium,0.317744
hosp_420f523efd94ef24,Ranka Multispeciality Hospital,ranka multispeciality hospital,Pune,Hospital,Swargate,,18.495307,73.862062,87608852affffff,,7.0,9.0,True,,0.0,750.0,4.5,26.0,2000.0,+912048553065,https://www.practo.com/pune/hospital/ranka-hospital-swargate?referrer=hospital_listing,https://images1-fabric.practo.com/ranka-multispeciality-hospital-pune-1466256647-57654d077144a.jpg,VN,practo,,1.0,canonical,121,Q4,Q4-Sub-Q1,Upper-Mid Premium,0.317461
hosp_7e9d4588c5cb4f1c,Jehangir Oracare Dental Centre,jehangir oracare dental centre,Pune,Hospital,Kothrud,,18.509502419386653,73.82115125656128,876088508ffffff,,1.0,1.0,True,7.0,0.0,0.0,5.0,34.0,,+912248962287,https://www.practo.com/pune/hospital/jehangir-oracare-dental-centre-kothrud?referrer=hospital_listing,https://images1-fabric.practo.com/practices/700273/jehangir-oracare-dental-centre-pune-5bf6542710cae.JPG,VN,practo,,1.0,canonical,122,Q4,Q4-Sub-Q1,Upper-Mid Premium,0.316879
hosp_c7ff7651938198e2,Patil Hospital,patil hospital,Pune,Hospital,Sinhagad Road,,18.479153696235,73.824742734432,87608852bffffff,,7.0,9.0,True,,0.0,1000.0,4.5,18.0,1997.0,+912071177321,https://www.practo.com/pune/hospital/patil-hospital-sinhagad-road?referrer=hospital_listing,,VN,practo,,1.0,canonical,123,Q4,Q4-Sub-Q1,Upper-Mid Premium,0.315916
hosp_36990d3c8cc863c9,Sai  Allergy Asthma Eye Children's Hospital,sai allergy asthma eye children s hospital,Pune,Hospital,Satara Road,,18.485467,73.853385,87608852affffff,,1.0,6.0,True,,300.0,500.0,4.5,213.0,,+912071177320,https://www.practo.com/pune/hospital/sai-allergy-asthma-eye-children-s-hospital-satara-road?referrer=hospital_listing,https://images1-fabric.practo.com/practices/723827/sai-allergy-asthma-eye-children-s-hospital-pune-5a1bbf6de1643.jpg,VN,practo,,1.0,canonical,124,Q4,Q4-Sub-Q1,Upper-Mid Premium,0.315163
hosp_ced04f0ec1018ebf,ACE Hospital,ace hospital,Pune,Hospital,Erandwane,,18.5045233,73.8306623,87608850cffffff,,17.0,15.0,True,,0.0,5000.0,4.0,24.0,1996.0,+912071177308,https://www.practo.com/pune/hospital/ace-hospital-erandwane-2?referrer=hospital_listing,,VN,practo,,1.0,canonical,125,Q4,Q4-Sub-Q1,Upper-Mid Premium,0.315122
hosp_97fbfb4e066abff6,Lopmudra Multi-speciality Hospital,lopmudra multi speciality hospital,Pune,Hospital,Pirangut,,18.5566574,73.5040362,876088710ffffff,,13.0,14.0,True,,100.0,800.0,4.5,17.0,,+912071188518,https://www.practo.com/pune/hospital/lopmudra-polyclinic-diagnostic-center-1-pirangut?referrer=hospital_listing,https://images1-fabric.practo.com/practices/1389363/lopamudra-multispeciality-hospital-pune-639c2fe099635.png,VN,practo,,1.0,canonical,126,Q4,Q4-Sub-Q1,Upper-Mid Premium,0.313486
hosp_02f706c2dc466faa,Orange Healthcare Hospital,orange healthcare hospital,Pune,Hospital,Thergaon,,18.61206212481466,73.76584377139807,876088400ffffff,,1.0,2.0,True,,700.0,700.0,5.0,29.0,,+912071171708,https://www.practo.com/pune/hospital/orange-healthcare-hospital-wakad-1?referrer=hospital_listing,https://images1-fabric.practo.com/practices/1159259/orange-healthcare-hospital-pune-5e3e52fea44fe.png,VN,practo,,1.0,canonical,127,Q4,Q4-Sub-Q1,Upper-Mid Premium,0.312588
hosp_5066de0004a5c6c9,Poona Hospital and Research Centre Pune ,poona hospital research centre pune,Pune,Hospital,Navi Peth,,18.5107,73.8421,87608850cffffff,,35.0,22.0,False,,0.0,0.0,,,,+912048552972,https://www.practo.com/pune/hospital/poona-hospital-and-research-centre-pune-navi-peth?referrer=hospital_listing,,VN,practo,,1.0,canonical,128,Q4,Q4-Sub-Q1,Upper-Mid Premium,0.311324
hosp_25cd834ea7906fd8,Villoo Poonawalla Memorial Hospital,villoo poonawalla memorial hospital,Pune,Hospital,Hadapsar,,18.502918575527,73.929000198841,876088535ffffff,,58.0,31.0,True,,0.0,600.0,3.5,100.0,,+912071173226,https://www.practo.com/pune/hospital/villoo-poonawalla-memorial-hospital-hadapsar?referrer=hospital_listing,https://images1-fabric.practo.com/practices/1159278/villoo-poonawalla-memorial-hospital-pune-5aeaf360dd579.jpg,VN,practo,,1.0,canonical,129,Q4,Q4-Sub-Q1,Upper-Mid Premium,0.311155
hosp_c213b248e5a231b8,Samarth Nursing Home And Multi speciality Hospital,samarth nursing home multi speciality hospital,Pune,Hospital,Katraj,,18.4558,73.846104,87608852dffffff,,2.0,1.0,True,,100.0,200.0,5.0,28.0,,+912071177307,https://www.practo.com/pune/hospital/samarth-nursing-home-katraj-1?referrer=hospital_listing,,VN,practo,,1.0,canonical,130,Q4,Q4-Sub-Q1,Upper-Mid Premium,0.311119
hosp_6a8770ec32beeea6,Sahyadri Hospital,sahyadri hospital,Pune,Hospital,Nagar Road,,18.554042795299,73.897100687027,876088515ffffff,,24.0,22.0,True,1.0,500.0,1650.0,4.0,367.0,,+912248933706,https://www.practo.com/pune/hospital/sahyadri-super-speciality-hospital-nagar-road-2?referrer=hospital_listing,https://images1-fabric.practo.com/practices/1110948/sahyadri-super-speciality-hospital-nagar-road-pune-613f3f49098cd.png,RFA,practo,,1.0,canonical,131,Q4,Q4-Sub-Q1,Upper-Mid Premium,0.311037
hosp_5f553a6e9dc5f96f,Eras Bharati Hospital,eras bharati hospital,Pune,Hospital,Pimple Saudagar,,18.597244553401,73.804779052734,876088431ffffff,,5.0,6.0,True,,400.0,1000.0,4.5,66.0,2013.0,+912249398289,https://www.practo.com/pune/hospital/bharti-children-cardio-diabetic-hospital-pimple-saudagar?referrer=hospital_listing,https://images1-fabric.practo.com/practices/767480/eras-bharati-hospital-pune-66603b0c4574f.png,VN,practo,,1.0,canonical,132,Q4,Q4-Sub-Q1,Upper-Mid Premium,0.309832
hosp_9b9c5be35ed55a41,"Cloudnine Fertility - IVF Centre, Kalyani Nagar",cloudnine fertility ivf centre kalyani nagar,Pune,Hospital,Kalyani Nagar,,18.5456043,73.9007123,876088515ffffff,,3.0,1.0,True,1.0,1000.0,1000.0,5.0,25.0,,+912048554748,https://www.practo.com/pune/hospital/cloudnine-fertility-kalyani-nagar-kalyani-nagar?referrer=hospital_listing,https://images1-fabric.practo.com/practices/1157285/cloudnine-fertility-ivf-centre-kalyani-nagar-pune-64817a01c3b28.JPG,ABS,practo,,1.0,canonical,133,Q4,Q4-Sub-Q1,Upper-Mid Premium,0.308798
hosp_db497f445063b49b,NuCare Hospital,nucare hospital,Pune,Hospital,Baner,,18.5643211,73.7816675,876088421ffffff,,2.0,4.0,True,,400.0,600.0,5.0,17.0,2016.0,+912071177303,https://www.practo.com/pune/hospital/nucare-hospital-baner-1?referrer=hospital_listing,https://images1-fabric.practo.com/practices/1143289/nucare-hospital-pune-58ebc950ad138.jpg,VN,practo,,1.0,canonical,134,Q4,Q4-Sub-Q1,Upper-Mid Premium,0.308174
hosp_de517e1225836921,Vishwaraj Hospital,vishwaraj hospital,Pune,Hospital,Loni Kalbhor,,18.4895201,74.0200072,876088c92ffffff,,24.0,20.0,True,,300.0,750.0,4.0,38.0,,+912048553260,https://www.practo.com/pune/hospital/vishwaraj-hospital-loni-kalbhor?referrer=hospital_listing,https://images1-fabric.practo.com/practices/1108786/vishwaraj-hospital-pune-602576594791e.png,VN,practo,,1.0,canonical,135,Q4,Q4-Sub-Q1,Upper-Mid Premium,0.308017
hosp_aa77ab5825432677,Vitalife Clinic,vitalife clinic,Pune,Hospital,Wakad,,18.6003,73.7641,876088405ffffff,,6.0,5.0,True,,250.0,600.0,4.5,106.0,,+912048566751,https://www.practo.com/pune/hospital/vitilife-clinic-wakad?referrer=hospital_listing,https://images1-fabric.practo.com/practices/779281/vitalife-clinic-pune-5a2f9d7059200.jpg,VN,practo,,1.0,canonical,136,Q4,Q4-Sub-Q1,Upper-Mid Premium,0.307362
hosp_ae93482c28341d92,Kataria Hospital,kataria hospital,Pune,Hospital,Yerwada,,18.545218,73.885476,876088502ffffff,,4.0,4.0,True,,0.0,500.0,,6.0,1973.0,+912071177324,https://www.practo.com/pune/hospital/kataria-hospital-yerwada?referrer=hospital_listing,,VN,practo,,1.0,canonical,137,Q4,Q4-Sub-Q1,Upper-Mid Premium,0.30717
hosp_591cfeb5b47a8928,Shree Multispeciality Hospital and ICU,shree multispeciality hospital icu,Pune,Hospital,Moshi,,18.6794067,73.8471395,87608858bffffff,,13.0,15.0,True,,0.0,700.0,,3.0,,+912071177315,https://www.practo.com/pune/hospital/shree-multispeciality-hospital-and-icu-moshi?referrer=hospital_listing,https://images1-fabric.practo.com/practices/1190684/shree-multispeciality-hospital-and-icu-pune-5b14d314e5f32.png,VN,practo,,1.0,canonical,138,Q4,Q4-Sub-Q1,Upper-Mid Premium,0.303459
hosp_6c6bc24c1bec1b1e,Sai Sparsh Maternity and General Hospital,sai sparsh maternity general hospital,Pune,Hospital,Wakad,,18.607379820152,73.773182774112,876088400ffffff,,1.0,1.0,True,,500.0,500.0,5.0,24.0,,+912048553258,https://www.practo.com/pune/hospital/sai-sparsh-maternity-and-general-hospital-wakad-2?referrer=hospital_listing,https://images1-fabric.practo.com/practices/1150781/sai-sparsh-maternity-and-general-hospital-pune-5966292e14c9c.jpg,VN,practo,,1.0,canonical,139,Q4,Q4-Sub-Q1,Upper-Mid Premium,0.303332
hosp_78a5c458460c3ff5,Ankur Multispeciality Hospital,ankur multispeciality hospital,Pune,Hospital,Keshav Nagar,,18.5397315,73.9302712,876088533ffffff,,3.0,3.0,True,,200.0,400.0,5.0,13.0,2013.0,+912071177314,https://www.practo.com/pune/hospital/ankur-multispeciality-hospital-keshav-nagar?referrer=hospital_listing,,VN,practo,,1.0,canonical,140,Q4,Q4-Sub-Q1,Upper-Mid Premium,0.302769
hosp_34023738b11804ee,Krishna Hospital,krishna hospital,Pune,Hospital,Kothrud,,18.50915650833129,73.8125467300415,876088509ffffff,,18.0,16.0,True,3.0,0.0,1000.0,4.0,44.0,2007.0,+912071177315,https://www.practo.com/pune/hospital/krishna-hospital-kothrud?referrer=hospital_listing,https://images1-fabric.practo.com/krishna-hospital-pune-1465533664-575a44e094bdf.jpg,VN,practo,,1.0,canonical,141,Q4,Q4-Sub-Q1,Upper-Mid Premium,0.301602
hosp_b2c615c544e468cd,White Castles International Dental Hospital,white castles international dental hospital,Pune,Hospital,Pimpri-Chinchwad,,18.640775915243587,73.79418432712555,876088415ffffff,,3.0,1.0,False,,0.0,500.0,5.0,44.0,2003.0,+912071177306,https://www.practo.com/pune/hospital/white-castles-dental-hospital-chinchwad?referrer=hospital_listing,https://images1-fabric.practo.com/537f02e4e3083b9b7e7ba648f811f42c98418ac916e57.jpg,VN,practo,,1.0,canonical,142,Q4,Q4-Sub-Q1,Upper-Mid Premium,0.300871
hosp_18a8353b7e21da42,Jehangir Oracare Dental Centre,jehangir oracare dental centre,Pune,Hospital,Bund Garden,,18.530316838527767,73.87674808502197,876088500ffffff,,2.0,1.0,True,7.0,750.0,1200.0,4.5,160.0,,+912248962287,https://www.practo.com/pune/hospital/jehangir-oracare-dental-centre-jehangir-hospital-branch-bund-garden?referrer=hospital_listing,https://images1-fabric.practo.com/jehangir-oracare-dental-centre-pune-1462156284-5726bbfc96b1f.JPG,VN,practo,,1.0,canonical,143,Q4,Q4-Sub-Q1,Upper-Mid Premium,0.299696
hosp_c1bd3fddd7620978,Sus Hospital,sus hospital,Pune,Hospital,Pashan,,18.5545011,73.7496989,87608842cffffff,,1.0,2.0,True,,500.0,500.0,5.0,20.0,,+912048553587,https://www.practo.com/pune/hospital/sus-hospital-sus?referrer=hospital_listing,https://images1-fabric.practo.com/practices/1264481/sus-hospital-pune-5d5e79be23929.jpg,ABS,practo,,1.0,canonical,144,Q4,Q4-Sub-Q1,Upper-Mid Premium,0.298988
hosp_0bb10986ac413f96,Icon Diagnostic Medical Centre,icon diagnostic medical centre,Pune,Hospital,Pimple Saudagar,,18.59563,73.78426,876088404ffffff,,3.0,3.0,True,,300.0,700.0,4.5,107.0,,+912071177318,https://www.practo.com/pune/hospital/icon-diagnostic-medical-centre-pimple-saudagar?referrer=hospital_listing,https://images1-fabric.practo.com/555eedac499afdd912956b69fb3e570820021206968a3.jpg,VN,practo,,1.0,canonical,145,Q4,Q4-Sub-Q1,Upper-Mid Premium,0.297436
hosp_78d6e5ccf791ebab,Shreeyash Multispeciality Hospital,shreeyash multispeciality hospital,Pune,Hospital,Nanded City,,18.44514,73.78917,876088575ffffff,,2.0,2.0,True,,500.0,500.0,4.5,130.0,,+912071177420,https://www.practo.com/pune/hospital/shreeyash-multispeciality-hospital-sinhagad-road-1?referrer=hospital_listing,https://images1-fabric.practo.com/shreeyash-multispeciality-hospital-pune-1486710245-589d65e550b72.png,VN,practo,,1.0,canonical,146,Q4,Q4-Sub-Q1,Upper-Mid Premium,0.297268
hosp_9e92e3a768aad6df,Atharva Nursing Home,atharva nursing home,Pune,Hospital,Pimple Nilakh,,18.588557791257436,73.7823785841465,876088423ffffff,,1.0,1.0,True,,200.0,200.0,5.0,20.0,,+912071177318,https://www.practo.com/pune/hospital/atharv-nursing-home-pimple-nilakh?referrer=hospital_listing,,VN,practo,,1.0,canonical,147,Q4,Q4-Sub-Q1,Upper-Mid Premium,0.296905
hosp_66402651b3199456,Vishwaraj Hospital,vishwaraj hospital,Pune,Hospital,Paud Road,,18.5076536,73.8198312,876088508ffffff,,26.0,23.0,False,,0.0,0.0,,,,+912071173261,https://www.practo.com/pune/hospital/vishwaraj-hospital-1-paud-road?referrer=hospital_listing,,VN,practo,,1.0,canonical,148,Q4,Q4-Sub-Q1,Upper-Mid Premium,0.295586
hosp_72794aed9b594cbc,Matru Seva Hospital,matru seva hospital,Pune,Hospital,Nana Peth,,18.516225,73.871961,876088500ffffff,,2.0,4.0,True,,300.0,800.0,,2.0,1982.0,+912071177317,https://www.practo.com/pune/hospital/matruseva-hospital-nana-peth?referrer=hospital_listing,,VN,practo,,1.0,canonical,149,Q4,Q4-Sub-Q1,Upper-Mid Premium,0.295333
hosp_3caf1baa8135b049,Lunkad Hospital,lunkad hospital,Pune,Hospital,Yerwada,,18.5514144,73.8931771,876088515ffffff,,4.0,5.0,True,,200.0,200.0,,5.0,1990.0,+912071177324,https://www.practo.com/pune/hospital/lunkad-hospital-yerwada?referrer=hospital_listing,,VN,practo,,1.0,canonical,150,Q4,Q4-Sub-Q1,Upper-Mid Premium,0.294992
hosp_eab402fc175df0e8,Inamdar Multispeciality Hospital,inamdar multispeciality hospital,Pune,Hospital,Fatima Nagar,,18.50436,73.89902,876088504ffffff,,51.0,29.0,True,,0.0,1500.0,3.5,158.0,2010.0,+912071177308,https://www.practo.com/pune/hospital/inamdar-multispeciality-hospital-fatima-nagar-5?referrer=hospital_listing,https://images1-fabric.practo.com/inamdar-hospital-pune-1440524134-55dca766caa5d.jpg,VN,practo,,1.0,canonical,151,Q4,Q4-Sub-Q1,Upper-Mid Premium,0.294648
hosp_737decb3db7d21b6,Paranjpe Eye Hospital,paranjpe eye hospital,Pune,Hospital,Talegaon G H,,18.733727,73.67976,8760884d5ffffff,,2.0,1.0,True,,300.0,500.0,5.0,17.0,,+912071177322,https://www.practo.com/pune/hospital/paranjpe-eye-hospital-talegaon-g-h?referrer=hospital_listing,https://images1-fabric.practo.com/practices/1049952/paranjpe-eye-hospital-pune-5ebf9fbd4375c.jpeg,VN,practo,,1.0,canonical,152,Q4,Q4-Sub-Q1,Upper-Mid Premium,0.293591
hosp_ccd465629d8d40a8,Ruby Hall Clinic,ruby hall clinic,Pune,Hospital,Pimple Saudagar,,18.5368576,73.875456,876088502ffffff,,10.0,13.0,True,,0.0,1000.0,,3.0,,+912071534178,https://www.practo.com/pune/hospital/ruby-hall-clinic-pimple-saudagar-pimple-saudagar?referrer=hospital_listing,https://images1-fabric.practo.com/practices/1332411/ruby-hall-clinic-pune-6656dce0b2d6d.png,VN,practo,,1.0,canonical,153,Q4,Q4-Sub-Q1,Upper-Mid Premium,0.293352
hosp_fdbd85ff8edf4cae,Polaris Healthcare,polaris healthcare,Pune,Hospital,Wakad,,18.59952953740537,73.76364603638649,876088405ffffff,,8.0,5.0,True,,0.0,500.0,4.0,938.0,,+912067325119,https://www.practo.com/pune/hospital/polaris-healthcare-wakad-2?referrer=hospital_listing,https://images1-fabric.practo.com/polaris-healthcare-pune-1480998458-58463e3acab3c.jpg,VN,practo,,1.0,canonical,154,Q4,Q4-Sub-Q1,Upper-Mid Premium,0.292719
hosp_dfdd34656b3a476a,Shetiya Hospital And Komal Nursing Home,shetiya hospital komal nursing home,Pune,Hospital,Vishrantwadi,,18.5687379,73.8801502,876088511ffffff,,3.0,4.0,True,,0.0,400.0,,4.0,1988.0,+912071177322,https://www.practo.com/pune/hospital/shetiya-hospital-and-komal-nursing-home-vishrantwadi?referrer=hospital_listing,,VN,practo,,1.0,canonical,155,Q4,Q4-Sub-Q1,Upper-Mid Premium,0.292501
hosp_9f283e71fcf17172,Dr. Mhaske Hospital & Research Center,dr mhaske hospital research center,Pune,Hospital,Hadapsar,,18.5006672,73.9416023,876088535ffffff,,2.0,5.0,True,,500.0,500.0,4.5,67.0,,+912248968624,https://www.practo.com/pune/hospital/dr-mhaske-hospital-research-center-pvt-ltd-hadapsar?referrer=hospital_listing,https://images1-fabric.practo.com/dr-mhaske-hospital-research-center-pvt-ltd-pune-1488810102-58bd70760b885.JPG,VN,practo,,1.0,canonical,156,Q4,Q4-Sub-Q1,Upper-Mid Premium,0.291226
hosp_a2e79f76acac4a00,MJM Hospital,mjm hospital,Pune,Hospital,Shivajinagar,,18.5243054,73.843713,87608850effffff,,4.0,5.0,True,,500.0,800.0,4.5,21.0,2012.0,+918037320910,https://www.practo.com/pune/hospital/mjm-hospital-shivajinagar-1-1?referrer=hospital_listing,https://images1-fabric.practo.com/practices/829173/mjm-hospital-pune-5ae6dc332ab42.jpg,ABS,practo,,1.0,canonical,157,Q4,Q4-Sub-Q1,Upper-Mid Premium,0.290746
hosp_753572cd888e1265,Vinayak Hospital,vinayak hospital,Pune,Hospital,Warje,,18.485866947868764,73.79681825637817,876088572ffffff,,5.0,8.0,True,,0.0,1000.0,,6.0,2006.0,+912071177324,https://www.practo.com/pune/hospital/vinayak-hospital-warje?referrer=hospital_listing,https://images1-fabric.practo.com/practices/688509/vinayak-hospital-pune-59105c2b8e265.jpg,VN,practo,,1.0,canonical,158,Q4,Q4-Sub-Q1,Upper-Mid Premium,0.289983
hosp_ad0f9eb49837f7ed,Sainath Hospital,sainath hospital,Pune,Hospital,Moshi,,18.655388,73.848498,87608858dffffff,,15.0,8.0,True,,0.0,750.0,4.0,357.0,1996.0,+912071177316,https://www.practo.com/pune/hospital/sainath-hospital-moshi-1?referrer=hospital_listing,https://images1-fabric.practo.com/sainath-hospital-pune-1467101945-577232f9d5d28.png,VN,practo,,1.0,canonical,159,Q3,,Premium,0.288318
hosp_fc7d1f778808c800,EON Hospital,eon hospital,Pune,Hospital,Kharadi,,18.562577,73.938039,87608e249ffffff,,4.0,4.0,True,,500.0,600.0,4.5,47.0,,+912071189377,https://www.practo.com/pune/hospital/eon-speciality-clinic-kharadi?referrer=hospital_listing,https://images1-fabric.practo.com/practices/1186808/eon-hospital-pune-6381a4125303d.jpg,VN,practo,,1.0,canonical,160,Q3,,Premium,0.287472
hosp_369620ad6ed0e91d,Lokmanya Hospital,lokmanya hospital,Pune,Hospital,Senapati Bapat Road,,18.529411976408,73.82849090057,87608850affffff,,9.0,11.0,True,,750.0,1950.0,,5.0,,+917971172029,https://www.practo.com/pune/hospital/lokmanya-hospital-deccan-gymkhana?referrer=hospital_listing,https://images1-fabric.practo.com/practices/671902/lokmanya-hospital-pune-6878c854c8993.png,RFA,practo,,1.0,canonical,161,Q3,,Premium,0.287393
hosp_b07baa3bc2acc3c6,Deendayal Memorial Hospital,deendayal memorial hospital,Pune,Hospital,FC Road,,18.5248945,73.8412256,87608850effffff,,3.0,4.0,True,,100.0,200.0,,9.0,1995.0,+912071177308,https://www.practo.com/pune/hospital/deendayal-memorial-hospital-cancer-research-centre-shivaji-nagar?referrer=hospital_listing,https://images1-fabric.practo.com/deendayal-memorial-hospital-cancer-research-centre-pune-1466587742-576a5a5e65149.JPG,VN,practo,,1.0,canonical,162,Q3,,Premium,0.287138
hosp_6252533604f7efc6,Kasturba Speciality Hospital,kasturba speciality hospital,Pune,Hospital,Vishrantwadi,,18.572605,73.878208,87608851effffff,,1.0,1.0,True,,600.0,600.0,,2.0,1982.0,+912071177323,https://www.practo.com/pune/hospital/late-dr-r-g-ghatnekars-kasturba-general-hospital-vishrantwadi?referrer=hospital_listing,,VN,practo,,1.0,canonical,163,Q3,,Premium,0.287102
hosp_eb8cced8c5399a18,Sai Sneh Hospital & Diagnostic Center Pvt. Ltd,sai sneh hospital diagnostic center,Pune,Hospital,Satara Road,,18.4464626,73.8596678,87608852cffffff,,21.0,22.0,True,,0.0,1000.0,3.0,16.0,1997.0,+912067325815,https://www.practo.com/pune/hospital/sai-sneh-hospital-diagnostic-center-pvt-ltd-satara-road?referrer=hospital_listing,https://images1-fabric.practo.com/sai-sneh-hospital-and-diagnostic-center-pvt-ltd-pune-1489597087-58c9729f2069d.jpg,VN,practo,,1.0,canonical,164,Q3,,Premium,0.286549
hosp_d1d8a7904afbddfa,Medicover Hospital,medicover hospital,Pune,Hospital,Bhosari,,18.63441,73.84615,876088436ffffff,,54.0,31.0,True,,0.0,1500.0,3.5,277.0,,+917949108205,https://www.practo.com/pune/hospital/medicover-hospital-pune-pimpri-chinchwad?referrer=hospital_listing,https://practo-fabric.s3.ap-southeast-1.amazonaws.com/establishment/establishment-00000000000000000015e3cf/logo/gallery-image-69e72356f51360ae2aaa5a80-1776755542481,ABS,practo,,1.0,canonical,165,Q3,,Premium,0.286368
hosp_b711b86b36951e69,Vital Multispeciality Hospital,vital multispeciality hospital,Pune,Hospital,Pimpri-Chinchwad,,18.6336363642461,73.8203194364905,876088432ffffff,,1.0,1.0,True,,300.0,300.0,4.5,49.0,2017.0,+912071173179,https://www.practo.com/pune/hospital/vital-multispeciality-hospital-pimpri?referrer=hospital_listing,https://images1-fabric.practo.com/practices/1151202/vital-multispeciality-hospital-pune-5a57772ac64ba.jpg,VN,practo,,1.0,canonical,166,Q3,,Premium,0.283413
hosp_032d5f5c4198ed48,sancheti hospital,sancheti hospital,Pune,Hospital,Sanewadi,,18.5590708,73.8028619,876088420ffffff,,10.0,8.0,True,,0.0,0.0,,,,+912071171706,https://www.practo.com/pune/hospital/sancheti-hospital-4-sanewadi?referrer=hospital_listing,,VN,practo,,1.0,canonical,167,Q3,,Premium,0.282653
hosp_c84fa32ee94aba77,Sanjeevan Hospital,sanjeevan hospital,Pune,Hospital,Karve Nagar,,18.510927,73.836676,87608850cffffff,,14.0,14.0,True,3.0,0.0,1000.0,3.5,12.0,2009.0,+912067325119,https://www.practo.com/pune/hospital/sanjeevan-hospital-karve-nagar?referrer=hospital_listing,https://images1-fabric.practo.com/sanjeevan-hospital-pune-1464930927-5751126f827e9.jpg,VN,practo,,1.0,canonical,168,Q3,,Premium,0.282405
hosp_c37220ae94e53977,Om Shree Swami Samarth Hospital,om shree swami samarth hospital,Pune,Hospital,Pimpri-Chinchwad,,18.634543,73.779108,876088402ffffff,,3.0,4.0,True,,100.0,500.0,4.5,35.0,,+918037298996,https://www.practo.com/pune/hospital/om-shree-swami-samarth-hospital-pimpri-chinchwad?referrer=hospital_listing,,VN,practo,,1.0,canonical,169,Q3,,Premium,0.281267
hosp_9012ef43b5dcf567,Burute Women's Hospital & Delta IVF,burute women s hospital delta ivf,Pune,Hospital,Bhosari,,18.618803197061,73.849817365408,876088436ffffff,,1.0,3.0,True,,400.0,400.0,4.5,52.0,,+912071171706,https://www.practo.com/pune/hospital/burute-womens-hospital-bhosari?referrer=hospital_listing,https://images1-fabric.practo.com/practices/1271313/burute-women-s-hospital-pune-5f532750b85ce.jpg,VN,practo,,1.0,canonical,170,Q3,,Premium,0.280994
hosp_f18296e7c3c78e01,Bliss Hospital,bliss hospital,Pune,Hospital,Moshi,,18.679440837004663,73.8474329074097,876088588ffffff,,7.0,10.0,True,,500.0,700.0,,,,+912071187803,https://www.practo.com/pune/hospital/bliss-hospital-moshi-1?referrer=hospital_listing,https://images1-fabric.practo.com/practices/1608692/bliss-hospital-pune-67a31e672205d.png,VN,practo,,1.0,canonical,171,Q3,,Premium,0.280879
hosp_1692e84f9acd1922,Vighnaharta Superspeciality Hospital,vighnaharta superspeciality hospital,Pune,Hospital,Keshav Nagar,,18.529472,73.949694,876088536ffffff,,5.0,5.0,True,,0.0,700.0,4.5,20.0,,+912048553586,https://www.practo.com/pune/hospital/vighnaharta-superspeciality-clinic-and-hospital-magarpatta-city?referrer=hospital_listing,https://images1-fabric.practo.com/practices/1395510/vighnaharta-superspeciality-hospital-pune-65188596ca47e.jpeg,VN,practo,,1.0,canonical,172,Q3,,Premium,0.280537
hosp_1b90a112cea4a75f,Sahyadri Hospital,sahyadri hospital,Pune,Hospital,Bopodi,,18.5642005,73.8149873,876088426ffffff,,7.0,9.0,True,,500.0,500.0,,8.0,,+912071177305,https://www.practo.com/pune/hospital/sahyadri-hospital-bopodi-bopodi?referrer=hospital_listing,,VN,practo,,1.0,canonical,173,Q3,,Premium,0.279548
hosp_54b6aeae6e8bc2f5,Sahyadri Hospital,sahyadri hospital,Pune,Hospital,Bibvewadi,,18.4734196,73.8630876,87608852effffff,,8.0,8.0,True,1.0,0.0,800.0,,8.0,,+912071177304,https://www.practo.com/pune/hospital/sahyadri-hospital-bibwewadi?referrer=hospital_listing,https://images1-fabric.practo.com/practices/688881/sahyadri-hospital-pune-66545e8765014.png,VN,practo,,1.0,canonical,174,Q3,,Premium,0.279445
hosp_69b620dd9b5bf5a2,Todkar Hospital,todkar hospital,Pune,Hospital,Bhavani Peth,,18.5105889,73.8664157,876088501ffffff,,2.0,3.0,True,,0.0,150.0,,,1999.0,+912071177304,https://www.practo.com/pune/hospital/todkar-hospital-bhavani-peth?referrer=hospital_listing,,VN,practo,,1.0,canonical,175,Q3,,Premium,0.278894
hosp_c2c0b29e7b567068,Phoenix Hospital,phoenix hospital,Pune,Hospital,Wakad,,18.604662,73.776272,876088404ffffff,,9.0,9.0,True,,200.0,600.0,4.0,22.0,2007.0,+912067325126,https://www.practo.com/pune/hospital/phoenix-hospital-pune?referrer=hospital_listing,https://images1-fabric.practo.com/practices/1133855/phoenix-hospital-pune-5922995494c09.jpeg,VN,practo,,1.0,canonical,176,Q3,,Premium,0.27877
hosp_0598f8d6e4cee651,Oasis Fertility,oasis fertility,Pune,Hospital,Wakad,,18.594889153519,73.778028661429,876088404ffffff,,2.0,3.0,True,,0.0,500.0,4.5,37.0,,+917941058570,https://www.practo.com/pune/hospital/oasis-fertility-hospital-wakad?referrer=hospital_listing,https://images1-fabric.practo.com/practices/1294827/oasis-fertility-pune-662cd2ac5f0a7.png,RFA,practo,,1.0,canonical,177,Q3,,Premium,0.277967
hosp_12c342758a208d91,Prachiti Hospital & Research Centre,prachiti hospital research centre,Pune,Hospital,Sinhagad Road,,18.479464,73.824718,87608852bffffff,,3.0,2.0,True,,200.0,300.0,,,2000.0,+912071177321,https://www.practo.com/pune/hospital/prachiti-hospital-research-centre-anandnagar?referrer=hospital_listing,,VN,practo,,1.0,canonical,178,Q3,,Premium,0.277958
hosp_71ffa00e434df07d,Ojas Hospital,ojas hospital,Pune,Hospital,Ravet,,25.389358,81.882859,873d8b10effffff,,6.0,9.0,True,,250.0,800.0,,6.0,,+912071177319,https://www.practo.com/pune/hospital/ojas-hospital-dehu-road?referrer=hospital_listing,https://images1-fabric.practo.com/ojas-hospital-pune-1475673346-57f4fd028c31e.png,VN,practo,,1.0,canonical,179,Q3,,Premium,0.27738
hosp_8613d0fd597d512c,Sterling Multispeciality Hospital,sterling multispeciality hospital,Pune,Hospital,Nigdi-Pradhikaran,,18.654857293918486,73.76951122270839,876088411ffffff,,5.0,8.0,False,,400.0,700.0,5.0,25.0,,+912071177317,https://www.practo.com/pune/hospital/sterling-hospital-nigdi?referrer=hospital_listing,https://images1-fabric.practo.com/sterling-hospital-1457004149-56d81e750682e.jpg,VN,practo,,1.0,canonical,180,Q3,,Premium,0.277342
hosp_288d0dc8f53864d7,Apollo Dental,apollo dental,Pune,Hospital,Viman Nagar,,18.5644924,73.9139403,876088510ffffff,,1.0,1.0,True,4.0,550.0,550.0,5.0,10.0,,+912071171345,https://www.practo.com/pune/hospital/apollo-white-dental-1-viman-nagar?referrer=hospital_listing,https://images1-fabric.practo.com/practices/1240547/apollo-dental-pune-6013dade17334.PNG,RFA,practo,,1.0,canonical,181,Q3,,Premium,0.277307
hosp_df4196b897ee5ea0,Khaire Hospital,khaire hospital,Pune,Hospital,Pimpri-Chinchwad,,18.630578,73.782297,876088406ffffff,,1.0,1.0,True,,300.0,300.0,,2.0,1994.0,+912071177306,https://www.practo.com/pune/hospital/khaire-hospital-chinchwad?referrer=hospital_listing,,VN,practo,,1.0,canonical,182,Q3,,Premium,0.277102
hosp_ffcad730e40a3d8a,Inlaks & Budhrani Hospital ,inlaks budhrani hospital,Pune,Hospital,Koregaon Park,,18.545168,73.922211,876088533ffffff,,7.0,8.0,True,,0.0,0.0,,,,+912048552972,https://www.practo.com/pune/hospital/inlaks-budhrani-hospital-koregaon-park-4?referrer=hospital_listing,https://images1-fabric.practo.com/practices/1257215/inlaks-budhrani-hospital-pune-67e112771e31a.png,VN,practo,,1.0,canonical,183,Q3,,Premium,0.276712
hosp_257ed5c3523d0210,Desai Accident & General Hospital,desai accident general hospital,Pune,Hospital,Bhosari,,18.633924,73.849625,876088436ffffff,,3.0,3.0,True,,300.0,500.0,,,2004.0,+912071177304,https://www.practo.com/pune/hospital/desai-accident-general-hospital-bhosari?referrer=hospital_listing,,VN,practo,,1.0,canonical,184,Q3,,Premium,0.276708
hosp_a4b69f43cf6b2b5c,Skinovate Laser & Cosmetic Surgery Center LLP,skinovate laser cosmetic surgery center llp,Pune,Hospital,Pimple Saudagar,,18.59533,73.78771,876088404ffffff,,2.0,2.0,True,,600.0,600.0,4.0,959.0,,+912071189377,https://www.practo.com/pune/hospital/skinovate-laser-cosmetic-surgery-pimple-saudagar?referrer=hospital_listing,https://images1-fabric.practo.com/53cc9da1a13fa78805a221a988e79ef3f42d7c5bfd418.jpeg,ABS,practo,,1.0,canonical,185,Q3,,Premium,0.276489
hosp_383dcfc1508ae1bf,Siddhi Hospital & Laparoscopy Center Pvt. Ltd.,siddhi hospital laparoscopy center,Pune,Hospital,Dhankawadi,,18.464187210412852,73.85928153991699,876088528ffffff,,2.0,3.0,True,,600.0,600.0,,,2003.0,+912071177307,https://www.practo.com/pune/hospital/siddhi-hospital-laparoscopy-center-pvt-ltd-dhankawadi?referrer=hospital_listing,https://images1-fabric.practo.com/siddhi-hospital-laparoscopy-center-pvt-ltd-pune-1467272979-5774cf1326e13.jpg,VN,practo,,1.0,canonical,186,Q3,,Premium,0.275561
hosp_b633f99c449c4fc3,Elegant Dento Care- A Unit of DY Patil Hospital,elegant dento care unit dy patil hospital,Pune,Hospital,Pimpri-Chinchwad,,18.624852649793,73.823117609136,876088430ffffff,,9.0,1.0,True,,0.0,1000.0,4.5,12.0,,+912048552982,https://www.practo.com/pune/hospital/elegant-dento-care-a-unit-of-dy-patil-hospital-pimpri-chinchwad?referrer=hospital_listing,https://images1-fabric.practo.com/practices/1170804/elegant-dento-care-pune-5a5716a2c07cb.jpg,VN,practo,,1.0,canonical,187,Q3,,Premium,0.275451
hosp_17bb7c053bef138d,Serene Hospital,serene hospital,Pune,Hospital,Vishrantwadi,,18.5700928,73.8823808,876088511ffffff,,1.0,1.0,True,,200.0,200.0,,8.0,1997.0,+912067325125,https://www.practo.com/pune/hospital/serene-hospital-vishrantwadi?referrer=hospital_listing,https://images1-fabric.practo.com/practices/688136/serene-hospital-pune-5ae6b235da6f4.jpeg,VN,practo,,1.0,canonical,188,Q3,,Premium,0.275167
hosp_b9ab595ce7f66a3c,OM Hospital,om hospital,Pune,Hospital,Senapati Bapat Marg,,18.52915,73.830444,87608850affffff,,2.0,3.0,True,,500.0,500.0,,4.0,2004.0,+912048566751,https://www.practo.com/pune/hospital/om-hospital-senapati-bapat-marg?referrer=hospital_listing,https://images1-fabric.practo.com/practices/987010/om-hospital-pune-5971df45bfa1b.png,VN,practo,,1.0,canonical,189,Q3,,Premium,0.275104
hosp_73c1a765024a81ee,Bhagirathi Children's Hospital,bhagirathi children s hospital,Pune,Hospital,Karve Nagar,,18.4949867,73.8224377,87608850dffffff,,1.0,1.0,True,,300.0,300.0,,6.0,1999.0,+912071177312,https://www.practo.com/pune/hospital/bhagirathi-hospital-karve-nagar?referrer=hospital_listing,,VN,practo,,1.0,canonical,190,Q3,,Premium,0.273312
hosp_831a74b6f7cac580,Dhanvantari Hospital & Nursing Home,dhanvantari hospital nursing home,Pune,Hospital,Baner,,18.559291050444,73.789686849341,876088420ffffff,,1.0,1.0,True,,900.0,900.0,4.5,39.0,,+912071177303,https://www.practo.com/pune/hospital/dhanvantari-hospital-and-nursing-home-baner?referrer=hospital_listing,https://images1-fabric.practo.com/practices/1174084/dhanvantari-hospital-nursing-home-pune-5b18f6771aec2.jpg,ABS,practo,,1.0,canonical,191,Q3,,Premium,0.272558
hosp_5e312abd1e85a0a7,Pioneer Hospital ,pioneer hospital,Pune,Hospital,Talegaon,,,,,,6.0,6.0,True,,200.0,1000.0,,6.0,,+912071177322,https://www.practo.com/pune/hospital/pioneer-hospital-talegaon?referrer=hospital_listing,https://images1-fabric.practo.com/pioneer-hospital-pune-1467198246-5773ab26ed21d.jpg,VN,practo,,0.6,canonical,192,Q3,,Premium,0.27113
hosp_6e3228b769298b1a,Vighanharta Sai Hospital And Laboratory,vighanharta sai hospital laboratory,Pune,Hospital,Dighi Camp,,18.6191736,73.8740462,8760885a8ffffff,,2.0,2.0,True,,0.0,300.0,,3.0,2007.0,+912071177307,https://www.practo.com/pune/hospital/vighanharta-sai-hospital-and-laboratory-dighi-camp?referrer=hospital_listing,,VN,practo,,1.0,canonical,193,Q3,,Premium,0.270427
hosp_52de6c5b0dcfd138,Global Multispeciality Hospital,global multispeciality hospital,Pune,Hospital,Wakad,,18.602527067700247,73.7772274017334,876088404ffffff,,1.0,1.0,True,,500.0,500.0,4.5,31.0,,+912067325126,https://www.practo.com/pune/hospital/global-multispeciality-hospital-wakad-1?referrer=hospital_listing,,VN,practo,,1.0,canonical,194,Q3,,Premium,0.269445
hosp_bb6010f0c28092a8,Chaitanya Hospital,chaitanya hospital,Pune,Hospital,Parvati Gaon,,18.500314,73.8496764,87608850cffffff,,1.0,1.0,True,,300.0,300.0,,,2003.0,+912071177317,https://www.practo.com/pune/hospital/chaitanya-hospital-and-nursing-home-parvati?referrer=hospital_listing,https://images1-fabric.practo.com/practices/629787/chaitanya-hospital-pune-6655a3abb7103.png,VN,practo,,1.0,canonical,195,Q3,,Premium,0.269414
hosp_285fdc3b3c14ff43,Giriraj Hospital & Intensive Care Unit,giriraj hospital intensive care unit,Pune,Hospital,Baramati,,18.184135,74.610763,87608e86cffffff,,4.0,7.0,True,,300.0,1000.0,,5.0,,+912071177304,https://www.practo.com/pune/hospital/giriraj-hospital-intensive-care-unit-baramati?referrer=hospital_listing,,VN,practo,,1.0,canonical,196,Q3,,Premium,0.269159
hosp_6a1a0c20df013e59,JS HOSPITAL,js hospital,Pune,Hospital,Sinhagad Road,,18.4600004,73.8258693,876088529ffffff,,21.0,15.0,False,,0.0,0.0,,,,+912071185854,https://www.practo.com/pune/hospital/js-hospital-sinhagad-road?referrer=hospital_listing,,VN,practo,,1.0,canonical,197,Q3,,Premium,0.269018
hosp_eff7cee32462adb0,Sahydree Hospital,sahydree hospital,Pune,Hospital,Erandwane,,18.489595,73.829921,87608852bffffff,,6.0,5.0,True,,0.0,800.0,,4.0,,+912071177308,https://www.practo.com/pune/hospital/sahydree-hospital-erandwane?referrer=hospital_listing,,VN,practo,,1.0,canonical,198,Q3,,Premium,0.268858
hosp_1de6239ad1323533,Shashwat Hospital,shashwat hospital,Pune,Hospital,Aundh,,18.560344,73.803124,876088420ffffff,,33.0,21.0,True,3.0,0.0,1000.0,3.5,64.0,2012.0,+912071177302,https://www.practo.com/pune/hospital/shashwat-hospital-aundh?referrer=hospital_listing,https://images1-fabric.practo.com/practices/691581/shashwat-hospital-pune-6656d3a057df7.png,VN,practo,,1.0,canonical,199,Q3,,Premium,0.268654
hosp_a76465dc48fb505c,ELPIS IVF and Maternity Home,elpis ivf maternity home,Pune,Hospital,Aundh,,18.55995724183,73.809389267117,876088424ffffff,,1.0,3.0,True,,500.0,500.0,4.5,19.0,,+912071177303,https://www.practo.com/pune/hospital/elpis-ivf-and-maternity-home-aundh?referrer=hospital_listing,https://images1-fabric.practo.com/practices/1034998/elpis-ivf-and-maternity-home-pune-5970ab74b24fa.jpg,VN,practo,,1.0,canonical,200,Q3,,Premium,0.267915
hosp_28f4aa6ae9b1bfa2,Krushna General Hospital,krushna general hospital,Pune,Hospital,Bhosari,,18.620068,73.849539,876088436ffffff,,1.0,1.0,True,,100.0,100.0,,,2006.0,+912071177304,https://www.practo.com/pune/hospital/krushna-general-hospital-bhosari?referrer=hospital_listing,,VN,practo,,1.0,canonical,201,Q3,,Premium,0.266914
hosp_5e4cffc41125be49,Sahyadri Munot Hospital,sahyadri munot hospital,Pune,Hospital,Bhavani Peth,,,,,,4.0,6.0,True,,0.0,300.0,,2.0,,+912071177304,https://www.practo.com/pune/hospital/sahyadri-munot-hospital-bhavani-peth?referrer=hospital_listing,,VN,practo,,0.6,canonical,202,Q3,,Premium,0.266793
hosp_75b5cf8bba3d912b,Shivam hospital,shivam hospital,Pune,Hospital,Loni Kalbhor,,18.4904529,73.9652048,876088c9affffff,,5.0,5.0,True,,0.0,500.0,,,,+912048552218,https://www.practo.com/pune/hospital/shivam-hospital-loni-kalbhor-1?referrer=hospital_listing,https://images1-fabric.practo.com/practices/1289858/shivam-hospital-pune-66572400f2b8b.png,VN,practo,,1.0,canonical,203,Q3,,Premium,0.266502
hosp_a58ccfff7625fd33,Sathe Multispeciality Hospital and Dental Clinic,sathe multispeciality hospital dental clinic,Pune,Hospital,Kothrud,,18.506722563382613,73.80382418632507,876088509ffffff,,2.0,2.0,True,,200.0,400.0,,2.0,2012.0,+912071177316,https://www.practo.com/pune/hospital/sathe-multispeciality-and-dental-clinic-kothrud?referrer=hospital_listing,,VN,practo,,1.0,canonical,204,Q3,,Premium,0.266166
hosp_cb20a37694f98dc8,Shah Multispeciality Dental Care Centre,shah multispeciality dental care centre,Pune,Hospital,Bibvewadi,,18.471218,73.864111,87608852effffff,,2.0,2.0,False,,100.0,100.0,5.0,30.0,,+912071177305,https://www.practo.com/pune/hospital/shah-multispeciality-dental-care-centre-bibvewadi?referrer=hospital_listing,https://images1-fabric.practo.com/practices/823990/shah-multispeciality-dental-care-centre-pune-58e3d4c35e4da.jpg,VN,practo,,1.0,canonical,205,Q3,,Premium,0.265902
hosp_cae2aae797783692,Pataskar Hospital,pataskar hospital,Pune,Hospital,Bhosari,,18.645719,73.850181,87608858dffffff,,1.0,1.0,True,,200.0,200.0,,3.0,2008.0,+912071177304,https://www.practo.com/pune/hospital/pataskar-hospital-bhosari?referrer=hospital_listing,,VN,practo,,1.0,canonical,206,Q3,,Premium,0.26553
hosp_78869ec409c162c2,Suraj Hospital,suraj hospital,Pune,Hospital,Market Yard,,18.4812362,73.872305,87608852effffff,,3.0,6.0,True,,0.0,700.0,,9.0,,+912071177316,https://www.practo.com/pune/hospital/suraj-hospital-bibvewadi?referrer=hospital_listing,,VN,practo,,1.0,canonical,207,Q3,,Premium,0.265472
hosp_6c50aa548b9c0651,Vighnaharta Hospital,vighnaharta hospital,Pune,Hospital,Pimple Saudagar,,18.604423,73.791056,876088404ffffff,,4.0,5.0,True,,100.0,800.0,,9.0,,+912248900207,https://www.practo.com/pune/hospital/vighnaharta-hospital-pimple-saudagar?referrer=hospital_listing,https://images1-fabric.practo.com/practices/1238650/vighnaharta-hospital-pune-5c29c800787fd.jpg,VN,practo,,1.0,canonical,208,Q3,,Premium,0.265369
hosp_1850c5088947474e,Navale Hospital,navale hospital,Pune,Hospital,Nagar Road,,18.549024,73.8926484,876088502ffffff,,20.0,14.0,False,,0.0,0.0,,,,+912048552982,https://www.practo.com/pune/hospital/navale-hospital-nagar-road?referrer=hospital_listing,,VN,practo,,1.0,canonical,209,Q3,,Premium,0.264955
hosp_2710bd9d20f6e9bd,Pritam Children's Hospital,pritam children s hospital,Pune,Hospital,Bhosari,,18.635421,73.8409207,876088436ffffff,,2.0,1.0,True,,400.0,650.0,4.5,16.0,,+912071177304,https://www.practo.com/pune/hospital/pritam-children-s-hospital-bhosari-1?referrer=hospital_listing,,VN,practo,,1.0,canonical,210,Q3,,Premium,0.264046
hosp_a7db4fff8678c287,Manipal Hospital,manipal hospital,Pune,Hospital,Raghoba Patil Nagar,,18.5411,73.9357,876088532ffffff,,20.0,13.0,False,,0.0,500.0,,,,+912048553248,https://www.practo.com/pune/hospital/manipal-hospital-1-raghoba-patil-nagar?referrer=hospital_listing,,VN,practo,,1.0,canonical,211,Q3,,Premium,0.262871
hosp_af2116e398bd9292,Aditya Birla Hospital,aditya birla hospital,Pune,Hospital,Pimpri-Chinchwad,,18.626095239198644,73.77487041056156,876088402ffffff,,2.0,6.0,True,,0.0,1.0,,,,+912071187164,https://www.practo.com/pune/hospital/aditya-birla-hospital-5-chinchwad?referrer=hospital_listing,https://images1-fabric.practo.com/practices/1152221/aditya-birla-hospital-pune-6658467ad9e51.png,VN,practo,,1.0,canonical,212,Q3,,Premium,0.262644
hosp_1a26823a7e2fa735,Saishree Infertility & Test Tube Centre,saishree infertility test tube centre,Pune,Hospital,Aundh,,18.560206427253302,73.80521357059479,876088424ffffff,,2.0,3.0,False,2.0,500.0,500.0,5.0,26.0,,+912271873694,https://www.practo.com/pune/hospital/saishree-infertility-and-test-tube-centre-aundh?referrer=hospital_listing,https://images1-fabric.practo.com/practices/1232868/saishree-infertility-test-tube-centre-pune-5bcf0df0c546d.png,VN,practo,,1.0,canonical,213,Q3,,Premium,0.262454
hosp_3792a9baa7a53777,Kulkarni Hospital,kulkarni hospital,Pune,Hospital,Warje,,18.48361,73.788969,876088572ffffff,,2.0,5.0,True,,0.0,400.0,,5.0,,+912071177324,https://www.practo.com/pune/hospital/kulkarni-hospital-warje?referrer=hospital_listing,,VN,practo,,1.0,canonical,214,Q3,,Premium,0.261032
hosp_017ce2a864e9feac,Snehband Multispeciality Hospital,snehband multispeciality hospital,Pune,Hospital,Dapodi,,18.5730159,73.8266642,87608851bffffff,,1.0,6.0,True,,300.0,300.0,,2.0,,+912071177306,https://www.practo.com/pune/hospital/snehband-multispeciality-hospital-dapodi?referrer=hospital_listing,,VN,practo,,1.0,canonical,215,Q3,,Premium,0.260852
hosp_94b84005ea25f280,Astha Hospital,astha hospital,Pune,Hospital,Chikhali,,18.663861,73.809593,876088416ffffff,,4.0,3.0,True,,300.0,600.0,,4.0,,+912071177306,https://www.practo.com/pune/hospital/astha-hospital-10?referrer=hospital_listing,https://images1-fabric.practo.com/practices/988181/astha-hospital-pune-664c839cbfab2.png,VN,practo,,1.0,canonical,216,Q3,,Premium,0.260731
hosp_76b0eb9833521b08,Sai Multispeciality Hospital,sai multispeciality hospital,Pune,Hospital,Sangvi,,18.5827093,73.8156712,876088426ffffff,,3.0,4.0,True,,0.0,300.0,,2.0,,+912071177320,https://www.practo.com/pune/hospital/sai-multispeciality-hospital-sangvi?referrer=hospital_listing,https://images1-fabric.practo.com/sai-multispeciality-hospital-new-sangvi-pune-1476392602-57fff69acae00.jpg,VN,practo,,1.0,canonical,217,Q3,,Premium,0.260646
hosp_eeb7e6c641f8f673,Niramay Hospital,niramay hospital,Pune,Hospital,Wadgaon Sheri,,18.5501515,73.9246444,876088514ffffff,,3.0,4.0,True,,0.0,500.0,,,,+912067325806,https://www.practo.com/pune/hospital/niramaya-hospitals-wadgaon-sheri?referrer=hospital_listing,https://images1-fabric.practo.com/practices/677983/niramay-hospital-pune-665579226973e.png,VN,practo,,1.0,canonical,218,Q3,,Premium,0.260458
hosp_4a4b46d556488b24,Shree Hospital,shree hospital,Pune,Hospital,Yerwada,,18.546612576784,73.886399846524,876088502ffffff,,3.0,4.0,True,,0.0,100.0,,,,+912071177324,https://www.practo.com/pune/hospital/shree-hospital-yerwada-1?referrer=hospital_listing,https://images1-fabric.practo.com/practices/1150407/shree-hospital-pune-665ad24754c85.png,VN,practo,,1.0,canonical,219,Q3,,Premium,0.260458
hosp_57cde25ffa77761d,Ashwini Hospital Extension Clinic,ashwini hospital extension clinic,Pune,Hospital,Kothrud,,18.508093336152,73.795807650313,876088509ffffff,,2.0,4.0,True,,0.0,600.0,,7.0,,+912071173173,https://www.practo.com/pune/hospital/ashwini-hospital-extension-clinic-kothrud?referrer=hospital_listing,https://images1-fabric.practo.com/practices/1136510/ashwini-hospital-extension-clinic-pune-5dd4d99bb55cd.JPG,ABS,practo,,1.0,canonical,220,Q3,,Premium,0.259137
hosp_d03479219603f8a7,Salunke Hospital,salunke hospital,Pune,Hospital,Wadgaon Sheri,,18.5583038,73.927441,876088514ffffff,,3.0,3.0,True,,200.0,250.0,,7.0,,+912067325823,https://www.practo.com/pune/hospital/salunke-hospital-wadgaon-sheri?referrer=hospital_listing,,VN,practo,,1.0,canonical,221,Q3,,Premium,0.259034
hosp_9720efd055a3ec9c,Oasis Fertility,oasis fertility,Pune,Hospital,Kharadi,,18.562560898422692,73.92828935962935,876088514ffffff,,3.0,3.0,True,,0.0,500.0,,3.0,,+911141186238,https://www.practo.com/pune/hospital/oasis-fertility-kharadi?referrer=hospital_listing,https://images1-fabric.practo.com/practices/1350237/oasis-fertility-pune-662cd54a9dc1e.png,RFA,practo,,1.0,canonical,222,Q3,,Premium,0.258657
hosp_91fc077ca8d4689c,Kohakade Hospital,kohakade hospital,Pune,Hospital,Wagholi,,18.5524716,73.9304877,876088514ffffff,,3.0,3.0,True,,300.0,600.0,,,,+912071177323,https://www.practo.com/pune/hospital/kohakade-hospital-wagholi?referrer=hospital_listing,,VN,practo,,1.0,canonical,223,Q3,,Premium,0.258375
hosp_74191ed4071e31f2,Sahyadri Super Speciality Hospital,sahyadri super speciality hospital,Pune,Hospital,Prabhat Road,,18.513111,73.8392905,87608850cffffff,,3.0,3.0,True,,0.0,0.0,,,,+912071533875,https://www.practo.com/pune/hospital/sahyadri-super-speciality-hospital-deccan-gymkhana-pune-prabhat-road?referrer=hospital_listing,https://images1-fabric.practo.com/practices/1179086/sahyadri-superspeciality-hospital-pune-5ae6b2438b001.png,VN,practo,,1.0,canonical,224,Q3,,Premium,0.258375
hosp_8ce5cf062a1e8e43,Jijau Mother and Child Superspeciality Hospital,jijau mother child superspeciality hospital,Pune,Hospital,Moshi,,18.629488301585,73.792885860266,876088406ffffff,,1.0,2.0,True,,500.0,500.0,,3.0,2020.0,+912071189377,https://www.practo.com/pune/hospital/jijau-mother-child-care-hospital-pimpri-chinchwad?referrer=hospital_listing,https://images1-fabric.practo.com/practices/1430569/jijau-mother-child-superspeciality-hospital-pune-64b8bd409385b.png,ABS,practo,,1.0,canonical,225,Q3,,Premium,0.257613
hosp_3e7b7d16c54eb455,"""Advait Hospital"" Superspeciality Eye Care &  Women Care Centre",advait hospital superspeciality eye care women care centre,Pune,Hospital,Ravet,,18.648713779704327,73.74696597884055,87608841cffffff,,2.0,3.0,True,,300.0,400.0,,4.0,,+912071173203,https://www.practo.com/pune/hospital/advait-hospital-superspeciality-eye-care-gynaecology-centre-ravet?referrer=hospital_listing,,VN,practo,,1.0,canonical,226,Q3,,Premium,0.256771
hosp_3ef5d68af7e07ffe,Nova IVF Fertility,nova ivf fertility,Pune,Hospital,Kharadi,,18.546951,73.936412,876088532ffffff,,3.0,2.0,True,2.0,1000.0,1050.0,,4.0,,+912048552982,https://www.practo.com/pune/hospital/nova-ivf-fertility-kharadi?referrer=hospital_listing,https://images1-fabric.practo.com/practices/1306254/nova-ivf-fertility-pune-675033774ff71.png,VN,practo,,1.0,canonical,227,Q3,,Premium,0.256668
hosp_2682b73f9d2660cd,Ramkrishna Hospital,ramkrishna hospital,Pune,Hospital,Sadashiv Peth,,18.5092494,73.8478922,87608850cffffff,,2.0,3.0,True,,400.0,1500.0,,2.0,,+912048556725,https://www.practo.com/pune/hospital/ramkrishna-hospital-sadashiv-peth?referrer=hospital_listing,https://images1-fabric.practo.com/practices/1429328/ramkrishna-hospital-pune-64ac103b59df0.png,VN,practo,,1.0,canonical,228,Q3,,Premium,0.256583
hosp_f873997ba329b4ed,Silver Birch Multispeciality Hospital,silver birch multispeciality hospital,Pune,Hospital,Dhayari,,18.440775,73.809583,876088574ffffff,,2.0,3.0,True,,400.0,500.0,,,,+912071187883,https://www.practo.com/pune/hospital/silver-birch-multispeciality-hospital-dhayari-1?referrer=hospital_listing,,VN,practo,,1.0,canonical,229,Q3,,Premium,0.256394
hosp_1093276fb8008619,Purl Wellness,purl wellness,Pune,Hospital,Aundh,,18.549190749212155,73.7940438464284,876088425ffffff,,3.0,2.0,True,,0.0,800.0,,,,+912071177419,https://www.practo.com/pune/hospital/purl-wellness-aundh?referrer=hospital_listing,,VN,practo,,1.0,canonical,230,Q3,,Premium,0.256291
hosp_115caae885ddb86b,Jehangir Oracare Dental Centre,jehangir oracare dental centre,Pune,Hospital,Baner,,18.563983,73.783054,876088420ffffff,,3.0,1.0,False,7.0,0.0,1200.0,4.5,190.0,,+912248977837,https://www.practo.com/pune/hospital/jehangir-oracare-dental-centre-baner?referrer=hospital_listing,https://images1-fabric.practo.com/practices/730436/jehangir-oracare-dental-centre-baner-branch-pune-5bf6544844d94.JPG,VN,practo,,1.0,canonical,231,Q3,,Premium,0.255766
hosp_57b6047eaa40eb40,Vinod Memorial Multispeciality Hospital,vinod memorial multispeciality hospital,Pune,Hospital,Vishrantwadi,,18.5204303,73.854555,876088501ffffff,,6.0,7.0,True,,200.0,1000.0,4.0,18.0,,+917971262696,https://www.practo.com/pune/hospital/vinod-memorial-multispeciality-hospital-vishrantwadi?referrer=hospital_listing,https://images1-fabric.practo.com/practices/676335/vinod-memorial-multispeciality-hospital-pune-66c9703baa090.png,ABS,practo,,1.0,canonical,232,Q3,,Premium,0.255379
hosp_28df3b2ec3094bd4,Noble Hospital,noble hospital,Pune,Hospital,Hadapsar,,18.505213307990765,73.92709408465663,876088535ffffff,,32.0,17.0,True,,0.0,1000.0,3.5,723.0,2007.0,+912048556097,https://www.practo.com/pune/hospital/noble-hospital-hadapsar-1-1?referrer=hospital_listing,https://images1-fabric.practo.com/noble-hospital-pune-1465831584-575ed0a019d39.JPG,ABS,practo,,1.0,canonical,233,Q3,,Premium,0.255058
hosp_d9aea146b4feed90,Dugad Hospital,dugad hospital,Pune,Hospital,Satara Road,,18.4914486,73.8578172,87608852affffff,,1.0,3.0,True,,300.0,300.0,,6.0,,+912067325804,https://www.practo.com/pune/hospital/dugad-hospital-satara-road-1?referrer=hospital_listing,https://images1-fabric.practo.com/dugad-hospital-pune-1475055557-57eb8fc58e13a.jpg,VN,practo,,1.0,canonical,234,Q3,,Premium,0.254979
hosp_47de0032794856f1,C T Hospital,c t hospital,Pune,Hospital,Dhanori,,19.07378,72.870493,87608b0b6ffffff,,2.0,2.0,True,,400.0,400.0,,7.0,,+912071177307,https://www.practo.com/pune/hospital/c-t-hospital-dhanori?referrer=hospital_listing,,VN,practo,,1.0,canonical,235,Q3,,Premium,0.25497
hosp_7f5b8ef1fbf593e8,National Hospital Multi Speciality ISO 9001: 2015 CERTIFIED Hospital,national hospital multi speciality iso 9001 2015 certified hospital,Pune,Hospital,Kondhwa,,18.507610073888,73.935241699219,876088535ffffff,,1.0,3.0,True,,250.0,250.0,,3.0,,+912071177314,https://www.practo.com/pune/hospital/national-hospital-10-kondhwa?referrer=hospital_listing,,VN,practo,,1.0,canonical,236,Q3,,Premium,0.254697
hosp_e672ff12f5dcbc8c,Sanjeevani Hospital,sanjeevani hospital,Pune,Hospital,Karve Nagar,,18.4614914,73.773187,876088571ffffff,,1.0,3.0,True,,300.0,300.0,,3.0,,+912071177312,https://www.practo.com/pune/hospital/sanjeevani-hospital-karve-road?referrer=hospital_listing,https://images1-fabric.practo.com/practices/632846/sanjeevani-hospital-pune-665ad52c91c97.png,VN,practo,,1.0,canonical,237,Q3,,Premium,0.254697
hosp_28d66437cee33a64,Dr. Naidu Hospital ,dr naidu hospital,Pune,Hospital,Sangamvadi,,18.52043,73.856744,876088501ffffff,,2.0,2.0,True,,0.0,500.0,,4.0,,+912067325119,https://www.practo.com/pune/hospital/dr-naidu-hospital-pune?referrer=hospital_listing,,VN,practo,,1.0,canonical,238,Q3,,Premium,0.254688
hosp_329b156bbbc399a6,Express Clinics,express clinics,Pune,Hospital,Pimple Saudagar,,18.5961648,73.7884208,876088404ffffff,,2.0,2.0,True,5.0,400.0,400.0,,4.0,,+912071177318,https://www.practo.com/pune/hospital/express-clinics-pvt-ltd-pimple-saudagar?referrer=hospital_listing,https://images1-fabric.practo.com/express-clinics-pvt-ltd-pune-1460464182-570cea369284d.jpg,VN,practo,,1.0,canonical,239,Q3,,Premium,0.254688
hosp_4fcf9fde2c8a43c5,Shree Ganesh Hospital,shree ganesh hospital,Pune,Hospital,Pirangut,,18.509647386918,73.690151620272,876088559ffffff,,1.0,3.0,True,,300.0,300.0,,2.0,,+912071177304,https://www.practo.com/pune/hospital/unique-hospital-bhugaon-bhugaon?referrer=hospital_listing,https://images1-fabric.practo.com/practices/1133661/shree-ganesh-hospital-pune-5c57e08df14d3.jpg,VN,practo,,1.0,canonical,240,Q3,,Premium,0.254602
hosp_aeeee9c5aa36ae9f,Suraj Hospital,suraj hospital,Pune,Hospital,Bibvewadi,,,,,,1.0,3.0,True,,700.0,700.0,,,,+912071177304,https://www.practo.com/pune/hospital/suraj-hospital-bibvewadi-1?referrer=hospital_listing,,VN,practo,,0.6,canonical,241,Q3,,Premium,0.254414
hosp_0dcbc576017b8ee1,Shree Sai Hospital,shree sai hospital,Pune,Hospital,Alandi Devachi,,18.672420719824558,73.89236524701118,876088581ffffff,,1.0,3.0,True,,300.0,300.0,,,,+912071189378,https://www.practo.com/pune/hospital/shree-sai-hospital-1-alandi-devachi?referrer=hospital_listing,,VN,practo,,1.0,canonical,242,Q3,,Premium,0.254414
hosp_0bb437f69d83df62,Bharati Vidyapeeth Deemed University & Medical College,bharati vidyapeeth deemed university medical college,Pune,Hospital,Swargate,,18.50015812422997,73.85424166917801,876088501ffffff,,2.0,2.0,True,,0.0,200.0,,,,+912071177307,https://www.practo.com/pune/hospital/general-surgery-laparoscopy-endourosurgeries-pimpali?referrer=hospital_listing,,VN,practo,,1.0,canonical,243,Q3,,Premium,0.254311
hosp_930d0a3c63ae3879,Chavan Nursing Home,chavan nursing home,Pune,Hospital,Shukrawar Peth,,18.5023802,73.8588156,876088501ffffff,,2.0,2.0,True,,400.0,400.0,,,,+912071177321,https://www.practo.com/pune/hospital/chavan-nursing-home-shukrawar-peth?referrer=hospital_listing,,VN,practo,,1.0,canonical,244,Q3,,Premium,0.254311
hosp_4cbf8d6e54d6c35c,Shaikh Hospital,shaikh hospital,Pune,Hospital,Ganesh Peth,,18.52043,73.856744,876088501ffffff,,2.0,2.0,True,,150.0,300.0,,,,+912071177308,https://www.practo.com/pune/hospital/shaikh-hospital-ganesh-peth?referrer=hospital_listing,https://images1-fabric.practo.com/practices/1152434/shaikh-hospital-pune-5976d6ec5679d.jpg,VN,practo,,1.0,canonical,245,Q3,,Premium,0.254311
hosp_258a756acdb699bd,Jamdar Clinic,jamdar clinic,Pune,Hospital,Pimpri-Chinchwad,,18.634371523432694,73.80801547318697,876088433ffffff,,2.0,2.0,True,,200.0,500.0,,,,+912071177307,https://www.practo.com/pune/hospital/bharati-homoeopathic-hospital-dhankawadi?referrer=hospital_listing,,VN,practo,,1.0,canonical,246,Q3,,Premium,0.254311
hosp_a6dda1c7c0add37c,Unique Hospital,unique hospital,Pune,Hospital,Talegaon,,18.73508012649659,73.69661092758179,8760884f3ffffff,,2.0,2.0,True,,0.0,200.0,,,,,https://www.practo.com/pune/hospital/unique-hospital-talegaon-1?referrer=hospital_listing,https://images1-fabric.practo.com/practices/1014679/unique-hospital-pune-665af9c151b7c.png,VN,practo,,1.0,canonical,247,Q3,,Premium,0.254311
hosp_45b1b6cb1db32095,Krishna Hospital,krishna hospital,Pune,Hospital,Daund,,18.48023930713357,74.37264729291199,87608ea98ffffff,,2.0,2.0,True,,200.0,200.0,,,,+912048552994,https://www.practo.com/pune/hospital/krishna-hospital-13-daund?referrer=hospital_listing,https://images1-fabric.practo.com/practices/1240787/krishna-hospital-pune-6655aa4ab53d0.png,VN,practo,,1.0,canonical,248,Q3,,Premium,0.254311
hosp_226f7c831331ea85,Spandan Multispeciality Hospital,spandan multispeciality hospital,Pune,Hospital,Pimpri-Chinchwad,,18.648991,73.765413,876088411ffffff,,2.0,2.0,True,,300.0,300.0,,,,+912248933646,https://www.practo.com/pune/hospital/spandan-multispeciality-hospital-pimpri-chinchwad?referrer=hospital_listing,https://images1-fabric.practo.com/practices/1278126/spandan-multispeciality-hospital-pune-5e4e6ad986004.png,VN,practo,,1.0,canonical,249,Q3,,Premium,0.254311
hosp_e79cd4ce007128ea,Amruta Maternity and General Hospital,amruta maternity general hospital,Pune,Hospital,Pimpri-Chinchwad,,18.609837766838,73.760096475302,876088400ffffff,,1.0,2.0,True,,500.0,500.0,,9.0,,+912048556725,https://www.practo.com/pune/hospital/amruta-maternity-and-general-hospital-thergaon?referrer=hospital_listing,https://images1-fabric.practo.com/practices/1247960/amruta-maternity-and-general-hospital-pune-5ca1ff4a9f995.jpeg,VN,practo,,1.0,canonical,250,Q3,,Premium,0.253178
hosp_6144ca8469d790b8,Sanjivani Vitalife Hospital,sanjivani vitalife hospital,Pune,Hospital,Aundh,,18.564934,73.802048,876088420ffffff,,6.0,7.0,True,,500.0,1000.0,4.0,132.0,2002.0,+912071171709,https://www.practo.com/pune/hospital/medipoint-hospital-aundh?referrer=hospital_listing,https://images1-fabric.practo.com/practices/671579/sanjivani-vitalife-hospital-pune-62d9547f78e49.png,VN,practo,,1.0,canonical,251,Q3,,Premium,0.253115
hosp_a73e01653ddc5f4e,Om Hospital,om hospital,Pune,Hospital,Bhosari,,18.6240466,73.8547183,876088436ffffff,,1.0,2.0,True,,250.0,250.0,,8.0,,+912071177304,https://www.practo.com/pune/hospital/om-hospital-bhosari?referrer=hospital_listing,https://images1-fabric.practo.com/practices/672823/om-hospital-pune-665817a1a54d9.png,VN,practo,,1.0,canonical,252,Q3,,Premium,0.253084
hosp_e48f232985f14c46,Dr Gandhi Hospital,dr gandhi hospital,Pune,Hospital,Hadapsar,,18.5020083,73.9310408,876088535ffffff,,1.0,2.0,True,,750.0,750.0,,7.0,,+912071177309,https://www.practo.com/pune/hospital/dr-gandhi-hospital-hadapsar?referrer=hospital_listing,,VN,practo,,1.0,canonical,253,Q3,,Premium,0.25299
hosp_c1aa07c4ebaa70cc,Colony Nursing Home,colony nursing home,Pune,Hospital,Navi Peth,,18.503121,73.844714,87608850cffffff,,1.0,2.0,True,,400.0,400.0,,5.0,,+912071177317,https://www.practo.com/pune/hospital/colony-nursing-home-navi-peth?referrer=hospital_listing,,VN,practo,,1.0,canonical,254,Q3,,Premium,0.252802
hosp_8ce085e7a00f7ad8,Ashtvinayak Hospital,ashtvinayak hospital,Pune,Hospital,Moshi,,18.651175429052856,73.83973360061646,87608858dffffff,,1.0,2.0,True,,0.0,300.0,,4.0,,+918037298999,https://www.practo.com/pune/hospital/ashtanvinayak-hospital-moshi?referrer=hospital_listing,https://images1-fabric.practo.com/ashtanvinayak-hospital-pune-pune-1474437646-57e2220ed6c56.PNG,active,practo,,1.0,canonical,255,Q3,,Premium,0.252707
hosp_7fb04b30b1c18e4a,Vedant Multi-speciality Hospital ,vedant multi speciality hospital,Pune,Hospital,Sambhagi Nagar,,18.660484154055,73.79506503828,876088410ffffff,,1.0,2.0,True,,300.0,300.0,,3.0,,+912071172550,https://www.practo.com/pune/hospital/vedant-multi-speciality-hospital-sambhagi-nagar?referrer=hospital_listing,https://images1-fabric.practo.com/practices/1208832/vedant-multi-speciality-hospital-pune-5b54ec3ee0782.jpg,VN,practo,,1.0,canonical,256,Q3,,Premium,0.252613
hosp_7c5c84d5f663b022,Prayag  Hospital,prayag hospital,Pune,Hospital,Deccan Gymkhana,,18.517486157444,73.842785954475,87608850effffff,,2.0,1.0,True,,0.0,1000.0,,4.0,,+912071185853,https://www.practo.com/pune/hospital/prayag-hospital-deccan-gymkhana?referrer=hospital_listing,https://images1-fabric.practo.com/practices/1449336/prayag-hospital-pune-6793757f9370d.png,VN,practo,,1.0,canonical,257,Q3,,Premium,0.252604
hosp_fcc84ef109fb4233,Mitosis Hospital,mitosis hospital,Pune,Hospital,Wakad,,18.604382772509,73.753060698509,876088401ffffff,,1.0,2.0,True,,0.0,600.0,,2.0,,+912048553066,https://www.practo.com/pune/hospital/jupiter-hospital-5-baner-1?referrer=hospital_listing,https://images1-fabric.practo.com/practices/1224737/mitosis-hospital-pune-65e73095b3560.png,VN,practo,,1.0,canonical,258,Q3,,Premium,0.252519
hosp_9f503d5863f4145a,Shashwat Hospital,shashwat hospital,Pune,Hospital,Kothrud,,18.494709010635866,73.8137698173523,87608850dffffff,,22.0,18.0,True,3.0,0.0,800.0,3.5,53.0,2007.0,+912071177315,https://www.practo.com/pune/hospital/shashwat-hospital-kothrud?referrer=hospital_listing,https://images1-fabric.practo.com/shashwat-hospital-kothrud-pune-1464940283-575136fb3ee2d.jpg,VN,practo,,1.0,canonical,259,Q3,,Premium,0.252457
hosp_d10c64249c03027b,Mohintara Hospital,mohintara hospital,Pune,Hospital,Hadapsar,,18.501063,73.930847,876088535ffffff,,2.0,1.0,True,,200.0,500.0,,2.0,,+912071177309,https://www.practo.com/pune/hospital/mohintara-hospital-hadapsar?referrer=hospital_listing,,VN,practo,,1.0,canonical,260,Q3,,Premium,0.252416
hosp_d383dfd7674ac535,Moraya Hospital,moraya hospital,Pune,Hospital,Loni Kalbhor,,18.489697,74.018271,876088c92ffffff,,1.0,2.0,True,,200.0,200.0,,,,+912071177316,https://www.practo.com/pune/hospital/moraya-hospital-loni-kalbhor?referrer=hospital_listing,https://images1-fabric.practo.com/practices/1163855/moraya-hospital-pune-5a010e66db628.jpg,VN,practo,,1.0,canonical,261,Q3,,Premium,0.252331
hosp_0fc382f90a0a12bc,Shree Arogyasadhana Ayurved Homoeopathy Super Specialty Hospital,shree arogyasadhana ayurved homoeopathy super specialty hospital,Pune,Hospital,Bhosari,,18.631971919055,73.847249150276,876088436ffffff,,1.0,2.0,True,,300.0,300.0,,,,+912071177304,https://www.practo.com/pune/hospital/shree-arogyasadhana-ayurved-homoeopathy-super-specialty-hospital-bhosari?referrer=hospital_listing,https://images1-fabric.practo.com/52a5cf6bafea775e67e23ae2d9b98d90867574c0b01b3.jpg,VN,practo,,1.0,canonical,262,Q3,,Premium,0.252331
hosp_33c61dcee4bc364e,Mahajan Hospital,mahajan hospital,Pune,Hospital,Satara Road,,18.477585,73.857282,87608852affffff,,1.0,2.0,True,,0.0,300.0,,,,+912071177320,https://www.practo.com/pune/hospital/mahajan-hospital-satara-road?referrer=hospital_listing,,VN,practo,,1.0,canonical,263,Q3,,Premium,0.252331
hosp_cdfa82430a170ed9,Healing Hands Clinic,healing hands clinic,Pune,Hospital,Chakan,,18.7568285,73.8592531,8760884b4ffffff,,1.0,2.0,True,1.0,500.0,500.0,,,,+912248932501,https://www.practo.com/pune/hospital/healing-hands-clinic-chakan?referrer=hospital_listing,,VN,practo,,1.0,canonical,264,Q3,,Premium,0.252331
hosp_6d80e1e656680c6a,The Body Care,body care,Pune,Hospital,Law College Road,,18.514487,73.82876,876088508ffffff,,2.0,1.0,True,,500.0,500.0,,,,+912248932501,https://www.practo.com/pune/hospital/the-body-care-8-law-college-road?referrer=hospital_listing,https://images1-fabric.practo.com/practices/1186691/the-body-care-pune-5add751e02e6b.PNG,VN,practo,,1.0,canonical,265,Q3,,Premium,0.252228
hosp_04c251661f2c5ea9,Dr Agarwals Eye Hospital,dr agarwals eye hospital,Pune,Hospital,Vishrantwadi,,18.5688545,73.8775805,87608851effffff,,2.0,1.0,True,,600.0,600.0,,,,+912071171709,https://www.practo.com/pune/hospital/dr-agarwals-eye-hospital-vishrantwadi?referrer=hospital_listing,https://images1-fabric.practo.com/practices/1391135/dr-agarwals-eye-hospital-pune-62b1bf904f46e.jpg,VN,practo,,1.0,canonical,266,Q3,,Premium,0.252228
hosp_713bc9e617576b01,Smile Center Family Dental Hospital,smile center family dental hospital,Pune,Hospital,Lohegaon,,18.595405930512136,73.93381711095572,8760885a5ffffff,,1.0,1.0,True,,200.0,200.0,,9.0,,+912071187111,https://www.practo.com/pune/hospital/smile-center-family-dental-hospital-lohegaon?referrer=hospital_listing,,VN,practo,,1.0,canonical,267,Q3,,Premium,0.251095
hosp_28821f5515a88c8d,Dr Batra's Positive Health Clinic Pvt Ltd,dr batra s positive health clinic,Pune,Hospital,Viman Nagar,,18.565494,73.9136823,876088510ffffff,,1.0,1.0,True,6.0,499.0,499.0,,7.0,,+917971261172,https://www.practo.com/pune/hospital/dr-batras-positive-health-clinic-pvt-ltd-1-viman-nagar?referrer=hospital_listing,https://images1-fabric.practo.com/practices/1026542/dr-batra-s-positive-health-clinic-pvt-ltd-pune-64100c671a541.png,VN,practo,,1.0,canonical,268,Q3,,Premium,0.250906
hosp_27d5cc355f310fc5,Shree Hospital,shree hospital,Pune,Hospital,Kharadi,,18.5514424463124,73.9412213489413,876088532ffffff,,9.0,10.0,True,2.0,0.0,600.0,4.0,63.0,,+912071177314,https://www.practo.com/pune/hospital/shree-hospital-kharadi?referrer=hospital_listing,https://images1-fabric.practo.com/practices/1134127/shree-hospital-pune-59ad49e3ccd2f.jpg,VN,practo,,1.0,canonical,269,Q3,,Premium,0.250828
hosp_0eecef336f7faf83,S Plus Physiotherapy Clinic,s plus physiotherapy clinic,Pune,Hospital,Kothrud,,18.507267974249,73.803716227412,876088509ffffff,,1.0,1.0,True,,300.0,300.0,,6.0,,+912071177309,https://www.practo.com/pune/hospital/physiocare-hadapsar?referrer=hospital_listing,https://images1-fabric.practo.com/practices/814554/s-plus-physiotherapy-clinic-pune-644cce545408b.png,VN,practo,,1.0,canonical,270,Q3,,Premium,0.250812
hosp_e3508d501f2578d7,Suratna Eye Hospital,suratna eye hospital,Pune,Hospital,Satara Road,,18.488990720673,73.857713034377,87608852affffff,,1.0,1.0,True,,500.0,500.0,,5.0,,+912071177320,https://www.practo.com/pune/hospital/suratna-eye-hospital?referrer=hospital_listing,https://images1-fabric.practo.com/suratna-eye-hospital-pune-1490022438-58cff026872f1.png,VN,practo,,1.0,canonical,271,Q3,,Premium,0.250718
hosp_e3336f97ef255342,Gupte Hospital Baner Extension Clinic,gupte hospital baner extension clinic,Pune,Hospital,Baner,,18.557678958235385,73.7937068939209,876088420ffffff,,1.0,1.0,True,,1000.0,1000.0,,4.0,,+912048554749,https://www.practo.com/pune/hospital/gupte-hospital-baner-extension-clinic-baner-road?referrer=hospital_listing,https://images1-fabric.practo.com/practices/833448/gupte-hospital-baner-extension-clinic-pune-58e3cf2706b5f.jpg,VN,practo,,1.0,canonical,272,Q3,,Premium,0.250624
hosp_d3dfb07c25848274,Dhanwantri Hospital - Rasta Peth,dhanwantri hospital rasta peth,Pune,Hospital,Rasta Peth,,18.52043,73.856744,876088501ffffff,,1.0,1.0,True,,350.0,500.0,,4.0,,+912071177319,https://www.practo.com/pune/hospital/dhanwantri-hospital-rasta-peth-rasta-peth?referrer=hospital_listing,,VN,practo,,1.0,canonical,273,Q3,,Premium,0.250624
hosp_db5d06bb0c8b63fe,Dr Batra's Positive Health Clinic Pvt Ltd,dr batra s positive health clinic,Pune,Hospital,Kothrud,,18.503306,73.819177,87608850dffffff,,1.0,1.0,True,6.0,499.0,499.0,,4.0,,+912071177430,https://www.practo.com/pune/hospital/dr-batras-positive-health-clinic-pvt-ltd-1-kothrud?referrer=hospital_listing,https://images1-fabric.practo.com/practices/1026538/dr-batra-s-positive-health-clinic-pvt-ltd-pune-6410601603cd0.png,VN,practo,,1.0,canonical,274,Q3,,Premium,0.250624
hosp_cfd993dedae08d02,IMHS Hospital,imhs hospital,Pune,Hospital,Wagholi,,18.583119,73.986279,87608e24effffff,,7.0,8.0,True,,500.0,1000.0,4.0,234.0,2013.0,+912071173187,https://www.practo.com/pune/hospital/imax-multispeciality-hospital-wagholi?referrer=hospital_listing,https://images1-fabric.practo.com/practices/892245/imax-multispeciality-hospital-pune-5a61ca227ed2d.jpg,VN,practo,,1.0,canonical,275,Q3,,Premium,0.250544
hosp_3a6c6ba6f3747ba4,Om Hospital & Maternity Home,om hospital maternity home,Pune,Hospital,Pune,,18.5246165,73.8629674,876088503ffffff,,1.0,1.0,True,,0.0,200.0,,3.0,,+912071177319,https://www.practo.com/pune/hospital/om-hospital-maternity-home-pune?referrer=hospital_listing,,VN,practo,,1.0,canonical,276,Q3,,Premium,0.25053
hosp_24c31bc0d0baee26,Mantri Hospital,mantri hospital,Pune,Hospital,Ghorpadi,,18.525189768078107,73.90642404556274,876088506ffffff,,1.0,1.0,True,,300.0,300.0,,3.0,,+912071177308,https://www.practo.com/pune/hospital/mantri-hospital-ghorpadi?referrer=hospital_listing,,VN,practo,,1.0,canonical,277,Q3,,Premium,0.25053
hosp_89f10589137e322a,Ashwin Hospital,ashwin hospital,Pune,Hospital,Sadashiv Peth,,18.505514225960958,73.84496927261353,87608850cffffff,,1.0,1.0,True,,700.0,700.0,,3.0,,+912071177320,https://www.practo.com/pune/hospital/ashwin-hospital-sadashiv-peth?referrer=hospital_listing,,VN,practo,,1.0,canonical,278,Q3,,Premium,0.25053
hosp_a20764d8c01264df,Pentagon Hospital,pentagon hospital,Pune,Hospital,Wakad,,18.60422770753894,73.74989300966263,876088401ffffff,,1.0,1.0,True,,500.0,500.0,,3.0,,+912071177422,https://www.practo.com/pune/hospital/pentagon-hospital-wakad?referrer=hospital_listing,,VN,practo,,1.0,canonical,279,Q3,,Premium,0.25053
hosp_ed7494b0196aa3ac,Prayag Dental Hospital,prayag dental hospital,Pune,Hospital,Lonavala,,18.7546273,73.4062227,876088686ffffff,,1.0,1.0,True,,200.0,200.0,,2.0,,+918037298998,https://www.practo.com/pune/hospital/prayag-dental-hospital-kalyan-city?referrer=hospital_listing,https://images1-fabric.practo.com/552e142f6836c3b63115ed2a114fadd2c9a9928a11405.JPG,ABS,practo,,1.0,canonical,280,Q3,,Premium,0.250436
hosp_3c4c9352ee9bee4d,Todkar Hospital,todkar hospital,Pune,Hospital,Mangalwar Peth,,18.524057,73.864695,876088503ffffff,,1.0,1.0,True,,400.0,400.0,,2.0,,+912071177316,https://www.practo.com/pune/hospital/todkar-hospital-mangalwar-peth-1?referrer=hospital_listing,https://images1-fabric.practo.com/todkar-hospital-pune-1478075504-5819a4705b57c.jpg,VN,practo,,1.0,canonical,281,Q3,,Premium,0.250436
hosp_de38c3a4a0b7da33,Dr Batra's Positive Health Clinic Pvt Ltd,dr batra s positive health clinic,Pune,Hospital,Aundh,,18.55468866486224,73.80992889404297,876088424ffffff,,1.0,1.0,True,6.0,499.0,499.0,,2.0,,+912071177430,https://www.practo.com/pune/hospital/dr-batra-s-positive-health-clinic-pvt-ltd-4-aundh?referrer=hospital_listing,https://images1-fabric.practo.com/practices/1271107/dr-batra-s-positive-health-clinic-pvt-ltd-pune-640f076f0ded1.png,VN,practo,,1.0,canonical,282,Q3,,Premium,0.250436
hosp_1b7496bd805fbb5f,Ozone Hospital,ozone hospital,Pune,Hospital,Sangavi,,18.5811777,73.8183504,876088426ffffff,,1.0,1.0,True,,300.0,300.0,,,,+912067325814,https://www.practo.com/pune/hospital/ozone-hospital-3-sangavi-1?referrer=hospital_listing,,VN,practo,,1.0,canonical,283,Q3,,Premium,0.250248
hosp_d7adc750ae2baa30,Lokmanya Hospital Chinchwad,lokmanya hospital chinchwad,Pune,Hospital,Chinchwade Nagar,,18.63731562300867,73.7902843952179,876088415ffffff,,1.0,1.0,True,,0.0,0.0,,,,+912071179000,https://www.practo.com/pune/hospital/lokmanya-hospital-chinchwad-2-wakad?referrer=hospital_listing,https://images1-fabric.practo.com/practices/1581460/lokmanya-hospital-chinchwad-pune-67f4b1a695ef8.png,VN,practo,,1.0,canonical,284,Q3,,Premium,0.250248
hosp_2cc3e2afe942c298,Sant Sopandev Hospital and Criticare Centre,sant sopandev hospital criticare centre,Pune,Hospital,Saswad,,18.51239,73.855024,876088501ffffff,,1.0,1.0,True,,300.0,300.0,,,,+912071177320,https://www.practo.com/pune/hospital/sant-sopandeo-hospital-and-criticare-centre-saswad?referrer=hospital_listing,,VN,practo,,1.0,canonical,285,Q3,,Premium,0.250248
hosp_eab4f6d0523556d1,Harjivan Hospital Sarasbaug,harjivan hospital sarasbaug,Pune,Hospital,Swargate,,18.509026,73.857343,876088501ffffff,,1.0,1.0,True,,300.0,300.0,,,,+912071177322,https://www.practo.com/pune/hospital/harjivan-hospital-sarasbaug-shukrawar-peth?referrer=hospital_listing,,VN,practo,,1.0,canonical,286,Q3,,Premium,0.250248
hosp_860480b0b7aadcda,Dr. Pharande Dental Hospital,dr pharande dental hospital,Pune,Hospital,Pimpri-Chinchwad,,18.6369291,73.787426,876088415ffffff,,1.0,1.0,True,,200.0,200.0,,,,+912071177306,https://www.practo.com/pune/hospital/dr-pharande-dental-hospital-chinchwad?referrer=hospital_listing,,VN,practo,,1.0,canonical,287,Q3,,Premium,0.250248
hosp_4f314b244715cef4,Manodnya Hospital,manodnya hospital,Pune,Hospital,Narayangaon,,19.129335893465,73.982598781586,87608a881ffffff,,1.0,1.0,True,,600.0,600.0,,,,+912071177317,https://www.practo.com/pune/hospital/manodnya-hospital-narayangaon-narayangaon?referrer=hospital_listing,https://images1-fabric.practo.com/practices/1172215/manodnya-hospital-pune-5a578c60f28fc.JPG,VN,practo,,1.0,canonical,288,Q3,,Premium,0.250248
hosp_c4adcc8783d09263,Arihant Clinic & Day Care Hospital,arihant clinic day care hospital,Pune,Hospital,Wadgaon Sheri,,18.540232298866233,73.92690103501081,876088533ffffff,,1.0,1.0,True,,100.0,100.0,,,,+912248932701,https://www.practo.com/pune/hospital/arihant-clinic-day-care-hospital-wadgaon-sheri?referrer=hospital_listing,,VN,practo,,1.0,canonical,289,Q3,,Premium,0.250248
hosp_07801e2f0ff260dc,Kulkarni Orthopedic Hospital,kulkarni orthopedic hospital,Pune,Hospital,Warje,,18.4867673,73.721872,87608855cffffff,,1.0,1.0,True,,250.0,250.0,,,,+912071177324,https://www.practo.com/pune/hospital/dr-ankita-warje?referrer=hospital_listing,https://images1-fabric.practo.com/dr-ankita-pune-1467552022-5779111632825.png,VN,practo,,1.0,canonical,290,Q3,,Premium,0.250248
hosp_ebbcc9716f05cdbf,Nirvikar Ayurved Hospital,nirvikar ayurved hospital,Pune,Hospital,Bhosari,,18.646507351932,73.850049621152,87608858dffffff,,1.0,1.0,True,,300.0,300.0,,,,+912071187887,https://www.practo.com/pune/hospital/nirvikar-ayurved-hospital-bhosari-1?referrer=hospital_listing,https://images1-fabric.practo.com/practices/1248312/nirvikar-ayurved-hospital-pune-5d3fe415b1cc2.jpg,VN,practo,,1.0,canonical,291,Q3,,Premium,0.250248
hosp_7e9c93c9d4ba3b05,Health plus hospital,health plus hospital,Pune,Hospital,Bhosari,,18.618038103884743,73.84957194328308,876088436ffffff,,1.0,1.0,True,,300.0,300.0,,,,+912071177304,https://www.practo.com/pune/hospital/health-plus-hospital-bhosari?referrer=hospital_listing,,VN,practo,,1.0,canonical,292,Q3,,Premium,0.250248
hosp_a747b91f69b11e33,Lifeline Hospital,lifeline hospital,Pune,Hospital,Pimpri-Chinchwad,,18.634249209853,73.84931400331,876088436ffffff,,1.0,1.0,True,,300.0,300.0,,,,+912249398291,https://www.practo.com/pune/hospital/lifeline-hospital-17-bhosari?referrer=hospital_listing,https://images1-fabric.practo.com/practices/1152130/lifeline-hospital-pune-66561364aa65a.png,VN,practo,,1.0,canonical,293,Q3,,Premium,0.250248
hosp_eff7c6c5349471cd,Ayucare Ayurved Hospital,ayucare ayurved hospital,Pune,Hospital,Narayangaon,,,,,,1.0,1.0,True,,500.0,500.0,,,,+912071171795,https://www.practo.com/pune/hospital/ayucare-ayurved-hospital-narayangaon?referrer=hospital_listing,,VN,practo,,0.6,canonical,294,Q3,,Premium,0.250248
hosp_99a67291fb6b48d0,Bhaskara International Dental And Cosmetic Center,bhaskara international dental cosmetic center,Pune,Hospital,Ravet,,18.6439286210508,73.75641010701656,87608841cffffff,,1.0,1.0,True,1.0,100.0,100.0,,,,+912071177319,https://www.practo.com/pune/hospital/bhaskara-international-cosmetic-center-ravet?referrer=hospital_listing,https://images1-fabric.practo.com/559e06d150deb464975deedd207e31a1b5ce72a4b81a0.jpg,VN,practo,,1.0,canonical,295,Q3,,Premium,0.250248
hosp_546475aa76998299,Amclin Health Centre,amclin health centre,Pune,Hospital,Kharadi,,18.54927752465053,73.93464088439941,876088532ffffff,,1.0,1.0,True,,100.0,100.0,,,,+912071177314,https://www.practo.com/pune/hospital/amclin-health-center-kharadi?referrer=hospital_listing,https://images1-fabric.practo.com/559115bd0a1e462687691c89267f5198e88b48b27bb4f.jpg,VN,practo,,1.0,canonical,296,Q3,,Premium,0.250248
hosp_4c2fcb295110ebdc,Shree Hospital,shree hospital,Pune,Hospital,Nagar Road,,18.55325,73.8988,876088515ffffff,,8.0,12.0,True,,0.0,700.0,4.0,233.0,,+918037298996,https://www.practo.com/pune/hospital/shree-hospital-nagar-road-2?referrer=hospital_listing,https://images1-fabric.practo.com/shree-multispeciality-hospital-pune-1440527478-55dcb4760b5e4.jpg,VN,practo,,1.0,canonical,297,Q3,,Premium,0.249975
hosp_8f9fd8d36e59ce94,Synergy Heart & Multispeciality Hospital,synergy heart multispeciality hospital,Pune,Hospital,Pimple Saudagar,,18.5994745,73.7926516,876088404ffffff,,13.0,13.0,False,,0.0,0.0,,,,+912071171227,https://www.practo.com/pune/hospital/synergy-heart-multispeciality-hospital-pimple-saudagar?referrer=hospital_listing,,VN,practo,,1.0,canonical,298,Q3,,Premium,0.24901
hosp_e215ca81fdb4d732,Chaitanya Nursing Home,chaitanya nursing home,Pune,Hospital,Vishrantwadi,,18.57276,73.88151,87608851effffff,,2.0,3.0,True,,800.0,800.0,4.0,623.0,,+912248962308,https://www.practo.com/pune/hospital/chaitanya-nursing-home-vishrantwadi?referrer=hospital_listing,https://images1-fabric.practo.com/practices/688808/chaitanya-nursing-home-pune-59a3bd05e5c59.jpeg,VN,practo,,1.0,canonical,299,Q3,,Premium,0.248718
hosp_5abf121eb0a7f264,Naturals Family Salon & Spa,naturals family salon spa,Pune,Hospital,Erandwane,,18.5140147,73.8350772,87608850cffffff,,,1.0,True,,200.0,200.0,,,,+912071177308,https://www.practo.com/pune/hospital/naturals-family-salon-spa-3-shivaji-nagar?referrer=hospital_listing,,active,practo,,1.0,canonical,300,Q3,,Premium,0.248267
hosp_b3f3ac3fa77b55ed,Ashakiran Hospital,ashakiran hospital,Pune,Hospital,Pimpri-Chinchwad,,18.64759590289574,73.79429966211319,876088415ffffff,,1.0,,True,,100.0,100.0,,,,+912071177306,https://www.practo.com/pune/hospital/counselling-psychologist-chinchwad?referrer=hospital_listing,,VN,practo,,1.0,canonical,301,Q3,,Premium,0.248164
hosp_2db7ffba0471b875,"Shree Hospital, Pune",shree hospital pune,Pune,Hospital,Rakshak Nagar,,18.5514755,73.9412266,876088532ffffff,,11.0,14.0,False,,0.0,0.0,,,,+912071187803,https://www.practo.com/pune/hospital/shree-hospital-pune-rakshak-nagar?referrer=hospital_listing,,VN,practo,,1.0,canonical,302,Q3,,Premium,0.247133
hosp_cd2b859af7ea313d,Shashwat Hospital Kothrud,shashwat hospital kothrud,Pune,Hospital,Rahul Nagar,,18.4947751,73.8135445,87608850dffffff,,13.0,12.0,False,,0.0,600.0,,2.0,,+912071171345,https://www.practo.com/pune/hospital/shashwat-hospital-kothrud-2-rahul-nagar?referrer=hospital_listing,,VN,practo,,1.0,canonical,303,Q3,,Premium,0.247115
hosp_4c169ab619d024bd,Shashwat Hospital,shashwat hospital,Pune,Hospital,Chikhali,,18.6682858,73.7966954,876088410ffffff,,12.0,13.0,False,,0.0,600.0,,,,+912071187887,https://www.practo.com/pune/hospital/shashwat-hospital-1-chikhali?referrer=hospital_listing,,VN,practo,,1.0,canonical,304,Q3,,Premium,0.24703
hosp_2bff846d1252e189,Kidcare Pediatric And Neonatal Clinic,kidcare pediatric neonatal clinic,Pune,Hospital,Hadapsar,,18.501979755766,73.933668056816,876088535ffffff,,1.0,1.0,False,,500.0,500.0,5.0,20.0,,+912071177302,https://www.practo.com/pune/hospital/sahyadri-speciality-hospital-1-shastri-nagar?referrer=hospital_listing,https://images1-fabric.practo.com/practices/1329581/kidcare-pediatric-and-neonatal-clinic-pune-6148684378bb1.png,VN,practo,,1.0,canonical,305,Q3,,Premium,0.246905
hosp_a40359f78df615c7,Shree Hospital,shree hospital,Pune,Hospital,Keshav Nagar,,18.5302451,73.9398917,876088530ffffff,,11.0,13.0,False,,0.0,0.0,,,,+912048553260,https://www.practo.com/pune/hospital/shree-hospital-3-keshav-nagar?referrer=hospital_listing,,VN,practo,,1.0,canonical,306,Q3,,Premium,0.24505
hosp_d003212d6b994304,ACE Hospital & Research Center,ace hospital research center,Pune,Hospital,Pandurang Colony,,18.5048912,73.8303311,87608850cffffff,,12.0,12.0,False,,0.0,0.0,,,,+918037298996,https://www.practo.com/pune/hospital/ace-hospital-research-center-pandurang-colony?referrer=hospital_listing,,VN,practo,,1.0,canonical,307,Q3,,Premium,0.244946
hosp_60d03229b875fb51,Sanjeevani Polyclinic & Diagnostic Centre,sanjeevani polyclinic diagnostic centre,Pune,Hospital,Aundh,,18.56277,73.807696,876088424ffffff,,2.0,5.0,True,,500.0,800.0,4.0,16.0,,+912071177298,https://www.practo.com/pune/hospital/parmar-multispeciality-and-maternity-hospital-aundh?referrer=hospital_listing,,VN,practo,,1.0,canonical,308,Q3,,Premium,0.2447
hosp_43f0d09c63efe127,Shreeyash Multispeciality Hospital ,shreeyash multispeciality hospital,Pune,Hospital,Gaud Dara,,18.34655664,73.850878846,876088cc5ffffff,,9.0,14.0,False,,0.0,0.0,,,,+912071173194,https://www.practo.com/pune/hospital/shreeyash-multispeciality-hospital-gaud-dara?referrer=hospital_listing,,active,practo,,1.0,canonical,309,Q3,,Premium,0.243172
hosp_7bf5581e08c312c1,Sharvari Hospital,sharvari hospital,Pune,Hospital,Pimple Nilakh,,18.583843293514,73.786073981435,876088423ffffff,,5.0,6.0,True,,600.0,1000.0,4.0,42.0,2023.0,+912048556137,https://www.practo.com/pune/hospital/sharvari-hospital-pimple-nilakh?referrer=hospital_listing,https://images1-fabric.practo.com/practices/1442632/sharvari-hospital-pune-6557725632cb2.jpeg,ABS,practo,,1.0,canonical,310,Q3,,Premium,0.242333
hosp_ae710ca2090eabe1,Prakasah Netralaya,prakasah netralaya,Pune,Hospital,Pashan,,18.5425543,73.7905595,876088425ffffff,,1.0,1.0,False,,500.0,500.0,5.0,10.0,2008.0,+912071177315,https://www.practo.com/pune/hospital/prakasah-netralaya-pashan?referrer=hospital_listing,https://images1-fabric.practo.com/practices/634738/prakasah-netralaya-pune-69aeb3ba60f15.png,VN,practo,,1.0,canonical,311,Q3,,Premium,0.242307
hosp_bcfbb4a598688a36,Star Hospital,star hospital,Pune,Hospital,Pimpri-Chinchwad,,18.651983308243256,73.78335152043405,876088411ffffff,,3.0,6.0,True,,400.0,500.0,4.0,27.0,,+912048566751,https://www.practo.com/pune/hospital/star-hospital-23-akurdi-2?referrer=hospital_listing,https://images1-fabric.practo.com/practices/1222957/star-hospital-pune-5dcbe9dd0f92b.jpg,VN,practo,,1.0,canonical,312,Q3,,Premium,0.242046
hosp_93314bdccd0966db,Shree Hospital,shree hospital,Pune,Hospital,Saswad,,18.341424737,74.0328315219,876088d8bffffff,,10.0,12.0,False,,0.0,0.0,,,,+912071173263,https://www.practo.com/pune/hospital/shree-hospital-3-saswad?referrer=hospital_listing,,VN,practo,,1.0,canonical,313,Q3,,Premium,0.240986
hosp_56456f4cc9b20480,Shree Hospital,shree hospital,Pune,Hospital,Dhanori,,18.5957929,73.8945986,8760885acffffff,,10.0,12.0,False,,0.0,0.0,,,,+912048554700,https://www.practo.com/pune/hospital/shree-hospital-3-dhanori?referrer=hospital_listing,,VN,practo,,1.0,canonical,314,Q3,,Premium,0.240986
hosp_7ea6888b659254e5,Ushakiran Hospital,ushakiran hospital,Pune,Hospital,Hadapsar,,18.5020211,73.934834,876088535ffffff,,6.0,8.0,True,,0.0,800.0,3.5,28.0,1990.0,+912071177292,https://www.practo.com/pune/hospital/ushakiran-hospital-hadapsar?referrer=hospital_listing,https://images1-fabric.practo.com/practices/674728/ushakiran-hospital-pune-650ae3d03c52a.jpg,ABS,practo,,1.0,canonical,315,Q3,,Premium,0.240665
hosp_e22cf7c335246c71,Gems Hospital And Endoscopy Centre,gems hospital endoscopy centre,Pune,Hospital,Karve Nagar,,18.49499581041036,73.82842440158129,87608850dffffff,,3.0,2.0,False,,0.0,800.0,4.5,43.0,2015.0,+912248933646,https://www.practo.com/pune/hospital/gems-hospital-and-endoscopy-centre-karve-nagar?referrer=hospital_listing,https://images1-fabric.practo.com/gems-speciality-clinic-for-women-pune-1455080918-56bac5d60a434.jpg,VN,practo,,1.0,canonical,316,Q3,,Premium,0.239173
hosp_6fc52a0710cff9c7,Sushrut Hospital,sushrut hospital,Pune,Hospital,Indapur,,18.114947,75.026941,876081286ffffff,,9.0,12.0,False,,0.0,0.0,,,,+912071173203,https://www.practo.com/pune/hospital/sushrut-hospital-2-indapur?referrer=hospital_listing,,VN,practo,,1.0,canonical,317,Q2,,Mid-Market,0.239006
hosp_41d8d2e9f22dd9e2,Sushrut Hospital,sushrut hospital,Pune,Hospital,Kothrud,,18.5030705,73.8103829,876088509ffffff,,9.0,12.0,False,,0.0,0.0,,,,+912048553250,https://www.practo.com/pune/hospital/sushrut-hospital-2-kothrud?referrer=hospital_listing,,VN,practo,,1.0,canonical,318,Q2,,Mid-Market,0.239006
hosp_e700d3401d58e1ee,Ingale Womens Hospital,ingale womens hospital,Pune,Hospital,Karve Nagar,,18.487976,73.813641,87608850dffffff,,1.0,2.0,False,,200.0,200.0,4.5,88.0,,+912071177312,https://www.practo.com/pune/hospital/ingale-womens-hospital-karve-nagar?referrer=hospital_listing,https://images1-fabric.practo.com/ingale-womens-hospital-pune-1476257999-57fde8cf56324.jpg,VN,practo,,1.0,canonical,319,Q2,,Mid-Market,0.237738
hosp_387303a61a51e381,Adate Hospital,adate hospital,Pune,Hospital,Sinhagad Road,,18.462459226086295,73.81444680689128,876088576ffffff,,2.0,2.0,False,,500.0,500.0,4.5,78.0,,+912071177322,https://www.practo.com/pune/hospital/adate-hospital-sinhagad-road?referrer=hospital_listing,https://images1-fabric.practo.com/practices/1129392/adate-hospital-pune-5bc742bcb7a0c.jpg,ABS,practo,,1.0,canonical,320,Q2,,Mid-Market,0.237573
hosp_2d6d2a162d5956a9,KEM Hospital,kem hospital,Pune,Hospital,Rasta Peth,,18.51989,73.86703,876088501ffffff,,23.0,21.0,True,,0.0,800.0,3.5,64.0,,+912071177319,https://www.practo.com/pune/hospital/kem-hospital-rasta-peth?referrer=hospital_listing,https://images1-fabric.practo.com/kem-hospital-pune-1440524481-55dca8c14e7cc.jpg,VN,practo,,1.0,canonical,321,Q2,,Mid-Market,0.237185
hosp_7b112134c5a81313,Sanjeevani Hospital,sanjeevani hospital,Pune,Hospital,Pimpri-Chinchwad,,18.635939,73.788825,876088415ffffff,,1.0,3.0,False,,0.0,0.0,,,1987.0,+912071177306,https://www.practo.com/pune/hospital/sanjivani-hospital-chinchwad?referrer=hospital_listing,,VN,practo,,1.0,canonical,322,Q2,,Mid-Market,0.236914
hosp_597b9e789650a767,Sanjeevan Hospital,sanjeevan hospital,Pune,Hospital,Bopodi,,18.5660183,73.8491398,876088518ffffff,,12.0,8.0,False,,0.0,0.0,,,,+912071173261,https://www.practo.com/pune/hospital/sanjeevan-hospital-1-bopodi?referrer=hospital_listing,,VN,practo,,1.0,canonical,323,Q2,,Mid-Market,0.236613
hosp_8141636a9c64823b,Diwan Hospital,diwan hospital,Pune,Hospital,Nigdi-Pradhikaran,,18.665358,73.771018,876088411ffffff,,4.0,4.0,False,,0.0,400.0,,,1997.0,+912071177317,https://www.practo.com/pune/hospital/diwan-hospital-1-nigdi?referrer=hospital_listing,,VN,practo,,1.0,canonical,324,Q2,,Mid-Market,0.236605
hosp_ba153dc5e6a44eb1,Tongaonkar Hospital,tongaonkar hospital,Pune,Hospital,Akurdi,,18.653061,73.781122,876088411ffffff,,2.0,2.0,False,,400.0,500.0,4.5,73.0,,+912071177302,https://www.practo.com/pune/hospital/tongaonkar-hospital-akurdi?referrer=hospital_listing,https://images1-fabric.practo.com/tongaonkar-hospital-pune-1487052090-58a29d3a69fa4.jpg,VN,practo,,1.0,canonical,325,Q2,,Mid-Market,0.236427
hosp_1b366a98f770b238,Umarji Hospital,umarji hospital,Pune,Hospital,Shukrawar Peth,,18.511898,73.857699,876088501ffffff,,3.0,2.0,False,,500.0,1200.0,,3.0,1991.0,+912071177321,https://www.practo.com/pune/hospital/umarji-hospital-shukrawar-peth?referrer=hospital_listing,,VN,practo,,1.0,canonical,326,Q2,,Mid-Market,0.23574
hosp_310f55082471f4a2,PBMA's H V Desai Eye Hospital,pbma s h v desai eye hospital,Pune,Hospital,Punawale,,18.463103406023,73.916111513972,876088520ffffff,,9.0,1.0,False,,0.0,1000.0,4.5,32.0,,+912071177309,https://www.practo.com/pune/hospital/pbma-s-h-v-desai-eye-hospital-punawale?referrer=hospital_listing,https://images1-fabric.practo.com/h-v-desai-eye-hospital-pune-1467286914-5775058242874.jpg,VN,practo,,1.0,canonical,327,Q2,,Mid-Market,0.235701
hosp_09607d786dea1471,Smile Line Dental Hospital & Implant Centre,smile line dental hospital implant centre,Pune,Hospital,Pimpri-Chinchwad,,18.6272698289129,73.7824389338493,876088406ffffff,,1.0,1.0,True,,200.0,200.0,4.0,15.0,,+912071177306,https://www.practo.com/pune/hospital/smileline-dental-clinic-implant-center-chikhalgaon?referrer=hospital_listing,,VN,practo,,1.0,canonical,328,Q2,,Mid-Market,0.235127
hosp_3144e80cff86448c,Medipoint Hospital,medipoint hospital,Pune,Hospital,Chandan Nagar,,18.562723688160478,73.93392205238342,876088514ffffff,,9.0,9.0,True,,0.0,700.0,3.5,19.0,,+912071177305,https://www.practo.com/pune/hospital/medipoint-hospital-chandan-nagar-1?referrer=hospital_listing,https://images1-fabric.practo.com/practices/783525/medipoint-hospital-pune-67f9f2dad6931.png,VN,practo,,1.0,canonical,329,Q2,,Mid-Market,0.233378
hosp_ec5d818ab47c58ca,"Kedarnath General Hospital, Laparoscopy & Diabetic Foot Management",kedarnath general hospital laparoscopy diabetic foot management,Pune,Hospital,Vishrantwadi,,18.572011,73.878592,87608851effffff,,1.0,2.0,True,1.0,500.0,500.0,4.0,21.0,,+912071173180,https://www.practo.com/pune/hospital/kedarnath-general-hospital-vishrantwadi-1?referrer=hospital_listing,https://images1-fabric.practo.com/kedarnath-general-hospital-vishrantwadi-pune-1466693585-576bf7d16a24c.png,VN,practo,,1.0,canonical,330,Q2,,Mid-Market,0.233118
hosp_e283af12d5ffbc05,Ashirwad Eye Hospital,ashirwad eye hospital,Pune,Hospital,Pimpri-Chinchwad,,18.6315505,73.783014,876088406ffffff,,1.0,1.0,False,,350.0,350.0,,4.0,1988.0,+912071177306,https://www.practo.com/pune/hospital/ashirwad-eye-hospital?referrer=hospital_listing,,VN,practo,,1.0,canonical,331,Q2,,Mid-Market,0.232291
hosp_0a7a09b9756b15d8,Pawar Multispeciality Hospital,pawar multispeciality hospital,Pune,Hospital,Dhankawadi,,18.4646185,73.8587169,876088528ffffff,,12.0,11.0,True,,700.0,5000.0,3.5,52.0,1991.0,+912048556246,https://www.practo.com/pune/hospital/pawar-hospital-dhankawadi?referrer=hospital_listing,https://images1-fabric.practo.com/practices/643292/pawar-hospital-pune-66b5ed36eee04.png,ABS,practo,,1.0,canonical,332,Q2,,Mid-Market,0.232195
hosp_6aedce89b0956094,Shah Accident Hospital,shah accident hospital,Pune,Hospital,Yerwada,,18.548647,73.889408,876088502ffffff,,3.0,2.0,False,,300.0,300.0,,9.0,1997.0,+912071177324,https://www.practo.com/pune/hospital/shah-accident-hospital-yerwada?referrer=hospital_listing,https://images1-fabric.practo.com/shah-accident-hospital-pune-1466745464-576cc278f2787.jpg,VN,practo,,1.0,canonical,333,Q2,,Mid-Market,0.231305
hosp_7266e4e1e505237b,Ashraya Hospital,ashraya hospital,Pune,Hospital,Wakad,,18.601262710471,73.763788594695,876088405ffffff,,6.0,5.0,True,,500.0,1000.0,4.0,91.0,,+918037298999,https://www.practo.com/pune/hospital/ashraya-clinic-wakad?referrer=hospital_listing,https://images1-fabric.practo.com/practices/846939/ashraya-hospital-pune-64ac02713fc68.jpg,VN,practo,,1.0,canonical,334,Q2,,Mid-Market,0.230812
hosp_cc56a188d0087a04,Shree Hospital,shree hospital,Pune,Hospital,Aundh,,18.5663279,73.8144497,876088426ffffff,,8.0,9.0,False,,0.0,0.0,,,,+912048553259,https://www.practo.com/pune/hospital/shree-hospital-3-aundh?referrer=hospital_listing,,active,practo,,1.0,canonical,335,Q2,,Mid-Market,0.230776
hosp_353fcc9e79155df1,Mamta Hospital,mamta hospital,Pune,Hospital,Wakad,,18.6123402895413,73.76826280484056,876088400ffffff,,1.0,1.0,True,,600.0,600.0,4.0,24.0,,+912071172687,https://www.practo.com/pune/hospital/mamta-hospital-1-thergaon?referrer=hospital_listing,https://images1-fabric.practo.com/practices/1272184/mamta-hospital-pune-5de0f308be32f.JPG,VN,practo,,1.0,canonical,336,Q2,,Mid-Market,0.229272
hosp_4a7f2051007bc429,Siddharth Hospital,siddharth hospital,Pune,Hospital,Warje,,18.4829844,73.7960175,876088572ffffff,,6.0,10.0,False,,0.0,500.0,,,,+912048566750,https://www.practo.com/pune/hospital/siddharth-hospital-1-warje?referrer=hospital_listing,,VN,practo,,1.0,canonical,337,Q2,,Mid-Market,0.228899
hosp_18e232118f1d2ea8,SHREE HOSPITAL,shree hospital,Pune,Hospital,Dehu,,18.7165539382,73.7676470702,8760884a8ffffff,,6.0,10.0,False,,0.0,0.0,,,,+912071177322,https://www.practo.com/pune/hospital/shree-hospital-3-dehu?referrer=hospital_listing,,VN,practo,,1.0,canonical,338,Q2,,Mid-Market,0.228899
hosp_51f349b187097061,Remedy Hospital,remedy hospital,Pune,Hospital,Hadapsar,,18.50054,73.936041,876088535ffffff,,5.0,4.0,True,,500.0,500.0,3.5,29.0,1991.0,+912071177309,https://www.practo.com/pune/hospital/remedy-hospital-hadapsar?referrer=hospital_listing,https://images1-fabric.practo.com/practices/688460/remedy-hospital-pune-613c5672a4b2a.jpeg,VN,practo,,1.0,canonical,339,Q2,,Mid-Market,0.228104
hosp_1a308decce1e0ccc,Shree Hospital,shree hospital,Pune,Hospital,Dehu Road,,18.6756235,73.7207473,87608841bffffff,,6.0,9.0,False,,0.0,0.0,,,,+918037298997,https://www.practo.com/pune/hospital/shree-hospital-3-dehu-road?referrer=hospital_listing,,VN,practo,,1.0,canonical,340,Q2,,Mid-Market,0.226815
hosp_74a328b6cc721c71,Mahatma Gandhi Hospital,mahatma gandhi hospital,Pune,Hospital,JM Road,,18.5125568,73.8445439,87608850cffffff,,7.0,8.0,False,,0.0,0.0,,,,+912071187882,https://www.practo.com/pune/hospital/mahatma-gandhi-hospital-jm-road?referrer=hospital_listing,,VN,practo,,1.0,canonical,341,Q2,,Mid-Market,0.226712
hosp_4871f48be4f29c11,Girija Hospital & Fertility Centre,girija hospital fertility centre,Pune,Hospital,Kothrud,,18.50366,73.80819,876088509ffffff,,3.0,3.0,True,,0.0,1000.0,4.0,56.0,,+912071177315,https://www.practo.com/pune/hospital/girija-hospital-nursing-home-kothrud-2?referrer=hospital_listing,https://images1-fabric.practo.com/practices/1146043/girija-hospital-and-fertilty-center-pune-5912ba0b2855b.jpg,VN,practo,,1.0,canonical,342,Q2,,Mid-Market,0.225798
hosp_c019fa5d22523fd9,Vatsalya Mother & Child Care,vatsalya mother child care,Pune,Hospital,Bhosari,,18.619746214145792,73.84297102689743,876088436ffffff,,6.0,7.0,True,,150.0,500.0,3.5,23.0,2015.0,+912071177304,https://www.practo.com/pune/hospital/vatsalya-mother-child-care-bhosari?referrer=hospital_listing,https://images1-fabric.practo.com/5587ddb1ec92ab2c79ad7dcf03ba266dc0885e1266675.png,VN,practo,,1.0,canonical,343,Q2,,Mid-Market,0.225436
hosp_ac44d141bfa4036b,Bakshi Hospital,bakshi hospital,Pune,Hospital,Kothrud,,18.5079405,73.7975336,876088509ffffff,,1.0,1.0,False,,300.0,300.0,,2.0,1996.0,+912071177315,https://www.practo.com/pune/hospital/bakshi-hospital-kothrud?referrer=hospital_listing,,VN,practo,,1.0,canonical,344,Q2,,Mid-Market,0.225436
hosp_7c704307169bfb38,ONP Prime Hospital,onp prime hospital,Pune,Hospital,Shivajinagar,,18.531917,73.847367,87608850effffff,,8.0,7.0,True,1.0,0.0,1500.0,3.5,20.0,,+912071534178,https://www.practo.com/pune/hospital/oyster-and-pearl-hospital-shivaji-nagar?referrer=hospital_listing,https://images1-fabric.practo.com/practices/1057224/oyster-and-pearl-hospital-pune-5e44e9c58b1ec.png,VN,practo,,1.0,canonical,345,Q2,,Mid-Market,0.225401
hosp_63c1aaa3f9454f28,Mayur Hospital,mayur hospital,Pune,Hospital,Pimpri-Chinchwad,,18.6662388,73.7959656,876088410ffffff,,2.0,1.0,False,,200.0,200.0,,,1999.0,+912071177306,https://www.practo.com/pune/hospital/mayur-hospital-chinchwad?referrer=hospital_listing,,VN,practo,,1.0,canonical,346,Q2,,Mid-Market,0.224728
hosp_8a3a4f6917603d81,Lokmanya Hospital,lokmanya hospital,Pune,Hospital,Swargate,,18.6558406,73.7733617,876088411ffffff,,1.0,1.0,False,,1000.0,1000.0,4.0,18.0,1976.0,+912241642333,https://www.practo.com/pune/hospital/lokmanya-hospital-swargate?referrer=hospital_listing,https://images1-fabric.practo.com/practices/708536/lokmanya-hospital-pune-6878c468649b4.png,RFA,practo,,1.0,canonical,347,Q2,,Mid-Market,0.224645
hosp_2021ed36819502f6,Aastha Hospital,aastha hospital,Pune,Hospital,Pimpri-Chinchwad,,18.656231,73.773205,876088411ffffff,,2.0,1.0,True,,500.0,500.0,3.5,17.0,2005.0,+912071177306,https://www.practo.com/pune/hospital/astha-hospital-pimpri-chinchwad?referrer=hospital_listing,https://images1-fabric.practo.com/dr-dhananjay-ashturkar-aastha-hospital-pune-1445274499-5625238323385.jpg,VN,practo,,1.0,canonical,348,Q2,,Mid-Market,0.224181
hosp_5ab68d7106b3e85b,ASG Eye Hospital,asg eye hospital,Pune,Hospital,Shivajinagar,,18.51731575341805,73.8414716720581,87608850effffff,,3.0,1.0,True,,500.0,1000.0,4.0,50.0,,+918045682837,https://www.practo.com/pune/hospital/asg-eye-hospital-11-shivajinagar?referrer=hospital_listing,https://images1-fabric.practo.com/practices/1464982/asg-eye-hospital-pune-67dbec0aa67c0.png,ABS,practo,,1.0,canonical,349,Q2,,Mid-Market,0.223095
hosp_f168868c85706b7f,Imax Multispecialty Hospital,imax multispecialty hospital,Pune,Hospital,Wagholi,,18.5832615,73.9864816,87608e24effffff,,6.0,7.0,False,,0.0,0.0,,,,+912048566750,https://www.practo.com/pune/hospital/imax-multispecialty-hospital-wagholi?referrer=hospital_listing,,VN,practo,,1.0,canonical,350,Q2,,Mid-Market,0.222649
hosp_f29487d5ed6fa1e3,Vinod memorial multi-speciality hospital,vinod memorial multi speciality hospital,Pune,Hospital,Dighi Camp,,18.5732168,73.877523,87608851effffff,,7.0,6.0,False,,0.0,0.0,,,,+912048556760,https://www.practo.com/pune/hospital/vinod-memorial-multi-speciality-hospital-dighi-camp?referrer=hospital_listing,,VN,practo,,1.0,canonical,351,Q2,,Mid-Market,0.222545
hosp_c03cd80809c4509b,Saijyoti Hospital,saijyoti hospital,Pune,Hospital,Thergaon,,18.613833842758233,73.76343011856079,876088400ffffff,,2.0,1.0,False,,200.0,300.0,,7.0,2003.0,+912071177322,https://www.practo.com/pune/hospital/saijyoti-hospital-thergaon?referrer=hospital_listing,,VN,practo,,1.0,canonical,352,Q2,,Mid-Market,0.222053
hosp_734192d6fe738a1c,Mantri Hospital,mantri hospital,Pune,Hospital,Erandwane,,18.506307,73.834083,87608850cffffff,,1.0,1.0,False,,600.0,600.0,,7.0,2001.0,+912071177308,https://www.practo.com/pune/hospital/mantri-hospital-erandwane?referrer=hospital_listing,,VN,practo,,1.0,canonical,353,Q2,,Mid-Market,0.22174
hosp_3856e7371ea13906,Gandhi Nursing Home,gandhi nursing home,Pune,Hospital,Nigdi-Pradhikaran,,18.657132,73.765907,876088411ffffff,,2.0,3.0,True,,300.0,600.0,3.5,12.0,,+912071189377,https://www.practo.com/pune/hospital/gandhi-nursing-home-nigdi-2?referrer=hospital_listing,https://images1-fabric.practo.com/practices/1152698/gandhi-nursing-home-pune-667fded5079a3.png,VN,practo,,1.0,canonical,354,Q2,,Mid-Market,0.22156
hosp_85b58c914eac1125,Mehta Hospital,mehta hospital,Pune,Hospital,Wakadewadi,,18.5424091,73.8521981,87608851dffffff,,5.0,7.0,False,,0.0,0.0,,,,+912071185421,https://www.practo.com/pune/hospital/mehta-hospital-1-wakadewadi?referrer=hospital_listing,,VN,practo,,1.0,canonical,355,Q2,,Mid-Market,0.220668
hosp_f2752dbd257db0c9,Nityaseva Hospital,nityaseva hospital,Pune,Hospital,Sangvi,,18.575315,73.817267,876088426ffffff,,1.0,1.0,False,,300.0,300.0,,8.0,2003.0,+912071177320,https://www.practo.com/pune/hospital/nityaseva-hospital-sangvi?referrer=hospital_listing,https://images1-fabric.practo.com/nityaseva-hospital-pune-1473945218-57da9e82b2cfe.jpg,VN,practo,,1.0,canonical,356,Q2,,Mid-Market,0.220167
hosp_bec6750f21571a47,Devi Ratna Multispeciality Hospital,devi ratna multispeciality hospital,Pune,Hospital,Viman Nagar,,18.560721222006,73.921585234605,876088514ffffff,,4.0,9.0,True,,500.0,1000.0,3.5,21.0,,+912071177437,https://www.practo.com/pune/hospital/deviratna-multispeciality-hospital-viman-nagar-1?referrer=hospital_listing,https://images1-fabric.practo.com/practices/1444153/devi-ratna-multispeciality-hospital-pune-6733200a41151.jpeg,VN,practo,,1.0,canonical,357,Q2,,Mid-Market,0.219872
hosp_6c8682ff9557ef9c,Saideep Eye Hospital,saideep eye hospital,Pune,Hospital,Vishrantwadi,,18.5736039,73.8847527,876088511ffffff,,1.0,1.0,False,,300.0,300.0,,7.0,2004.0,+912071177322,https://www.practo.com/pune/hospital/saideep-eye-hospital-vishrantwadi?referrer=hospital_listing,,VN,practo,,1.0,canonical,358,Q2,,Mid-Market,0.21924
hosp_62272d2ed3aa70cd,Patil Eye Hospital,patil eye hospital,Pune,Hospital,Bhosari,,18.64658823424446,73.8499890267849,87608858dffffff,,1.0,1.0,False,,300.0,300.0,,6.0,2004.0,+912071177304,https://www.practo.com/pune/hospital/patil-eye-hospital-bhosari?referrer=hospital_listing,,VN,practo,,1.0,canonical,359,Q2,,Mid-Market,0.219146
hosp_75d533fcf1c5f410,Dr. Agarwal's Eye Hospital,dr agarwal s eye hospital,Pune,Hospital,Aundh,,18.5536687,73.8058638,876088424ffffff,,5.0,1.0,True,1.0,0.0,600.0,4.0,114.0,,+917948228267,https://www.practo.com/pune/hospital/dr-agarwal-s-eye-hospital-aundh?referrer=hospital_listing,https://images1-fabric.practo.com/practices/1173343/dr-agarwal-s-eye-hospital-pune-628776584ef1c.png,ABS,practo,,1.0,canonical,360,Q2,,Mid-Market,0.219101
hosp_c9c4fc63d23a915e,"Surya Mother And Child Super Specialty Hospital, Pune",surya mother child super specialty hospital pune,Pune,Hospital,Bhujbal Vasti,,18.5872961,73.7580815,876088405ffffff,,5.0,6.0,False,,0.0,0.0,,,,+912048552984,https://www.practo.com/pune/hospital/surya-mother-and-child-super-specialty-hospital-pune-bhujbal-vasti?referrer=hospital_listing,,VN,practo,,1.0,canonical,361,Q2,,Mid-Market,0.218585
hosp_b1ecfc9410bc5e6b,Kalyani Hospital,kalyani hospital,Pune,Hospital,Chandan Nagar,,18.5610653,73.932386,876088514ffffff,,6.0,5.0,False,,0.0,0.0,,,,+912048553260,https://www.practo.com/pune/hospital/kalyani-hospital-4-chandan-nagar?referrer=hospital_listing,,VN,practo,,1.0,canonical,362,Q2,,Mid-Market,0.218482
hosp_41bb8491b565d40b,Gupte Hospital,gupte hospital,Pune,Hospital,Hadapsar,,18.5099029,73.9284128,876088535ffffff,,6.0,5.0,False,,0.0,0.0,,,,+912071533798,https://www.practo.com/pune/hospital/gupte-hospital-1-hadapsar?referrer=hospital_listing,,VN,practo,,1.0,canonical,363,Q2,,Mid-Market,0.218482
hosp_cb20b26525d84ee7,Shakun Children's Hospital,shakun children s hospital,Pune,Hospital,Chikhali,,18.6665109,73.7962755,876088410ffffff,,1.0,1.0,False,,600.0,600.0,,6.0,2005.0,+912071177306,https://www.practo.com/pune/hospital/shakun-children-s-hospital?referrer=hospital_listing,,VN,practo,,1.0,canonical,364,Q2,,Mid-Market,0.218312
hosp_0c1c6cf979f4d17d,Ashirwad ENT and Maternity Hospital,ashirwad ent maternity hospital,Pune,Hospital,Hadapsar,,18.500318582928607,73.93929004581878,876088535ffffff,,2.0,2.0,False,,200.0,350.0,,3.0,2010.0,+912071177309,https://www.practo.com/pune/hospital/ashirwad-ent-and-maternity-hospital-hadapsar-1?referrer=hospital_listing,https://images1-fabric.practo.com/ashirwad-ent-and-maternity-hospital-1443160168-5604e06865f07.JPG,VN,practo,,1.0,canonical,365,Q2,,Mid-Market,0.217927
hosp_8036ca600101ddbd,Royal Hospital,royal hospital,Pune,Hospital,Katraj,,18.4509213,73.8579388,87608852cffffff,,1.0,1.0,False,,300.0,300.0,,,2005.0,+912071177314,https://www.practo.com/pune/hospital/royal-hospital-5-katraj?referrer=hospital_listing,,VN,practo,,1.0,canonical,366,Q2,,Mid-Market,0.217748
hosp_021dd61d7cc84001,Sangamnerkar Hospital,sangamnerkar hospital,Pune,Hospital,Wadgaon Sheri,,18.5608047,73.9215119,876088514ffffff,,2.0,3.0,False,,500.0,500.0,,,2013.0,+912067325804,https://www.practo.com/pune/hospital/sangamerkar-hospital-wadgaon-sheri?referrer=hospital_listing,https://images1-fabric.practo.com/557940c4e9ad4c502fb9a2d7d192f6e8832f4b4c39fd5.jpg,VN,practo,,1.0,canonical,367,Q2,,Mid-Market,0.217228
hosp_0bb3b65612a47bd2,Sri Balaji Eye Hospital,sri balaji eye hospital,Pune,Hospital,Satara Road,,18.4911485,73.8578928,87608852affffff,,1.0,1.0,False,,400.0,400.0,,,2006.0,+912071177320,https://www.practo.com/pune/hospital/sri-balaji-eye-hospital-satara-road?referrer=hospital_listing,https://images1-fabric.practo.com/sri-balaji-eye-hospital-pune-1468844980-578ccbb441acc.png,VN,practo,,1.0,canonical,368,Q2,,Mid-Market,0.216914
hosp_ab5828fdaf820083,"Inamdar Multispeciality Hospital, Wanowrie, Pune",inamdar multispeciality hospital wanowrie pune,Pune,Hospital,Fatima Nagar,,18.5034714,73.9000482,876088504ffffff,,3.0,7.0,False,,0.0,0.0,,,,+912071171706,https://www.practo.com/pune/hospital/inamdar-multispeciality-hospital-wanowrie-pune-fatima-nagar?referrer=hospital_listing,,VN,practo,,1.0,canonical,369,Q2,,Mid-Market,0.216708
hosp_8546c68921da5400,ONP TULIP hospital,onp tulip hospital,Pune,Hospital,Senapati Bapat Marg,,18.529309747539,73.828468322754,87608850affffff,,5.0,5.0,False,,0.0,500.0,,2.0,,+912071177321,https://www.practo.com/pune/hospital/onp-tulip-hospital-4-senapati-bapat-marg?referrer=hospital_listing,,VN,practo,,1.0,canonical,370,Q2,,Mid-Market,0.21669
hosp_a634986f6efeb4ca,Kothari Accident Hospital,kothari accident hospital,Pune,Hospital,Swargate,,18.48916,73.8572,87608852affffff,,2.0,2.0,False,,0.0,300.0,4.5,16.0,,+912071177322,https://www.practo.com/pune/hospital/kothari-accident-hospital-swargate?referrer=hospital_listing,,VN,practo,,1.0,canonical,371,Q2,,Mid-Market,0.216129
hosp_1fc8b7ca077de55a,Sneh ENT Hospital,sneh ent hospital,Pune,Hospital,Kothrud,,18.5005337,73.8160276,87608850dffffff,,1.0,1.0,True,,0.0,0.0,3.5,12.0,,+912071177315,https://www.practo.com/pune/hospital/sneh-ent-hospital-kothrud-1?referrer=hospital_listing,https://images1-fabric.practo.com/549ace19c36062ed2ef3ade12b2fc76ea676df60579b4.JPG,active,practo,,1.0,canonical,372,Q2,,Mid-Market,0.215413
hosp_2ee66892d0a649c3,Shree Shakti Hospital,shree shakti hospital,Pune,Hospital,Pimple Saudagar,,18.5881807,73.8014319,876088422ffffff,,5.0,4.0,False,,0.0,0.0,,9.0,,+912071177318,https://www.practo.com/pune/hospital/shree-shakti-hospital-pimple-saudagar?referrer=hospital_listing,,VN,practo,,1.0,canonical,373,Q2,,Mid-Market,0.215266
hosp_9b132c6f2a0903ea,Dr. Dnyanmote Multi Speciality Hospital,dr dnyanmote multi speciality hospital,Pune,Hospital,Thergaon,,18.60491,73.775135,876088404ffffff,,1.0,1.0,False,,500.0,500.0,,5.0,2009.0,+912071177322,https://www.practo.com/pune/hospital/dr-dnyanmote-multi-speciality-hospital-3?referrer=hospital_listing,,VN,practo,,1.0,canonical,374,Q2,,Mid-Market,0.214885
hosp_8a122149290a6bca,"Apollo Spectra Hospital, Sadashiv Peth, Pune",apollo spectra hospital sadashiv peth pune,Pune,Hospital,Vijayanagar Colony,,18.5029742,73.8522545,876088501ffffff,,4.0,5.0,False,,0.0,0.0,,2.0,,+912071171345,https://www.practo.com/pune/hospital/apollo-spectra-hospital-sadashiv-peth-pune-vijayanagar-colony?referrer=hospital_listing,,VN,practo,,1.0,canonical,375,Q2,,Mid-Market,0.21471
hosp_a80366c934613f69,Shreyas Hospital,shreyas hospital,Pune,Hospital,Sanewadi,,18.554958,73.8085929,876088424ffffff,,3.0,6.0,False,,0.0,0.0,,,,+912071171709,https://www.practo.com/pune/hospital/shreyas-hospital-1-sanewadi?referrer=hospital_listing,,VN,practo,,1.0,canonical,376,Q2,,Mid-Market,0.214625
hosp_cd328da9d3510b0b,Shree Hospital,shree hospital,Pune,Hospital,Dighi Camp,,18.5883879,73.8743805,8760885adffffff,,3.0,6.0,False,,0.0,0.0,,,,+912048553433,https://www.practo.com/pune/hospital/shree-hospital-3-dighi-camp?referrer=hospital_listing,,VN,practo,,1.0,canonical,377,Q2,,Mid-Market,0.214625
hosp_6272c9e242a1def5,"Prime Multispeciality Hospital, Kondhwa, Pune",prime multispeciality hospital kondhwa pune,Pune,Hospital,Shivneri Nagar,,18.4818758,73.8917557,876088523ffffff,,3.0,6.0,False,,0.0,0.0,,,,+912048556100,https://www.practo.com/pune/hospital/prime-multispeciality-hospital-kondhwa-pune-shivneri-nagar?referrer=hospital_listing,,VN,practo,,1.0,canonical,378,Q2,,Mid-Market,0.214625
hosp_be0b8e060133eac7,Deshmukh Hospital,deshmukh hospital,Pune,Hospital,Shukrawar Peth,,18.5040089,73.8569628,876088501ffffff,,5.0,4.0,False,,0.0,600.0,,,,+912248932501,https://www.practo.com/pune/hospital/deshmukh-hospital-4-shukrawar-peth?referrer=hospital_listing,https://images1-fabric.practo.com/practices/1184506/deshmukh-hospital-pune-5bfa3d297da07.jpg,VN,practo,,1.0,canonical,379,Q2,,Mid-Market,0.214418
hosp_655515f7d00c8593,Ganga Maternity and General Hospital,ganga maternity general hospital,Pune,Hospital,Kharadi,,18.5620327,73.9287251,876088514ffffff,,1.0,2.0,False,,200.0,200.0,4.5,16.0,,+912071177314,https://www.practo.com/pune/hospital/ganga-maternity-and-general-hospital-kharadi?referrer=hospital_listing,https://images1-fabric.practo.com/ganga-maternity-and-general-hospital-pune-1448953690-565d475a526cf.png,VN,practo,,1.0,canonical,380,Q2,,Mid-Market,0.214149
hosp_b2a75db566c49cd1,Shree Laxmi Eye Hospital,shree laxmi eye hospital,Pune,Hospital,Wagholi,,19.172657,72.949341,87608b551ffffff,,1.0,1.0,False,,200.0,200.0,4.5,19.0,,+912071177323,https://www.practo.com/pune/hospital/shree-laxmi-eye-hospital-wagholi-1?referrer=hospital_listing,,VN,practo,,1.0,canonical,381,Q2,,Mid-Market,0.213749
hosp_4a821d7b3d90d024,Dr. Karne Accident And Orthopedic Hospital,dr karne accident orthopedic hospital,Pune,Hospital,Swargate,,18.497676699815,73.857944447636,87608852affffff,,2.0,2.0,True,,700.0,800.0,2.5,10.0,1993.0,+912071177322,https://www.practo.com/pune/hospital/karne-hospital-pvt-ltd-satara-road?referrer=hospital_listing,https://images1-fabric.practo.com/karne-hospital-pvt-ltd-pune-1467310445-5775616d1eefd.jpeg,VN,practo,,1.0,canonical,382,Q2,,Mid-Market,0.213725
hosp_a8ffbe88f2c58bb4,Dhanvantari Hospital,dhanvantari hospital,Pune,Hospital,Nigdi-Pradhikaran,,18.559658,73.779936,876088421ffffff,,2.0,6.0,False,,0.0,1000.0,,2.0,,+912071177317,https://www.practo.com/pune/hospital/dhanvantari-hospital-pune?referrer=hospital_listing,,VN,practo,,1.0,canonical,383,Q2,,Mid-Market,0.212833
hosp_f3754f9d0c232e7e,Shree Hospital,shree hospital,Pune,Hospital,Babhulsar Khurd,,18.7830770332,74.2974807593,87608e769ffffff,,3.0,5.0,False,,0.0,0.0,,,,+912071173263,https://www.practo.com/pune/hospital/shree-hospital-3-babhulsar-khurd?referrer=hospital_listing,,VN,practo,,1.0,canonical,384,Q2,,Mid-Market,0.212541
hosp_451c6c27ab7e0ed5,Sahyadri Super Speciality Hospital,sahyadri super speciality hospital,Pune,Hospital,Kasba Peth,,18.5238,73.861754,876088503ffffff,,3.0,5.0,False,,0.0,500.0,,,,+912071177312,https://www.practo.com/pune/hospital/sahyadri-super-speciality-hospital-kasba-peth?referrer=hospital_listing,,VN,practo,,1.0,canonical,385,Q2,,Mid-Market,0.212541
hosp_ae2aaf435a8daab1,Global Hospital & Research Centre,global hospital research centre,Pune,Hospital,Nigdi-Pradhikaran,,18.6464771,73.7571113,87608841cffffff,,4.0,4.0,False,,0.0,0.0,,,,+918037298996,https://www.practo.com/pune/hospital/global-hospital-research-centre-nigdi?referrer=hospital_listing,,VN,practo,,1.0,canonical,386,Q2,,Mid-Market,0.212438
hosp_449c5e1ac241031f,"Onp Leela Hospital, Pune",onp leela hospital pune,Pune,Hospital,Pimpri Waghire,,18.5976646,73.8004982,876088431ffffff,,4.0,4.0,False,,0.0,0.0,,,,+912071534178,https://www.practo.com/pune/hospital/onp-leela-hospital-pune-pimpri-waghire?referrer=hospital_listing,,VN,practo,,1.0,canonical,387,Q2,,Mid-Market,0.212438
hosp_40b877d7055b16b3,Nanded multispeciality hospital,nanded multispeciality hospital,Pune,Hospital,Nanded City,,18.45809072168478,73.7870566919446,876088570ffffff,,3.0,4.0,False,,0.0,500.0,,2.0,,+912248932501,https://www.practo.com/pune/hospital/nanded-multispeciality-hospital-nanded-city-1?referrer=hospital_listing,,VN,practo,,1.0,canonical,388,Q2,,Mid-Market,0.210646
hosp_4dfc83ba4884555c,Indira IVF - Fertility and IVF Center,indira ivf fertility ivf center,Pune,Hospital,Viman Nagar,,18.56495698066617,73.9071898441803,876088510ffffff,,5.0,2.0,False,,0.0,1000.0,,3.0,,+912048566751,https://www.practo.com/pune/hospital/indira-ivf-pune-viman-nagar?referrer=hospital_listing,https://images1-fabric.practo.com/practices/1323083/indira-ivf-pune-pune-6039a9ad4f282.jpeg,VN,practo,,1.0,canonical,389,Q2,,Mid-Market,0.210534
hosp_2a8aa80035050140,Usha Kiran Hospital,usha kiran hospital,Pune,Hospital,Hadapsar Gaon,,18.5019921,73.9348284,876088535ffffff,,3.0,4.0,False,,0.0,0.0,,,,+912071171227,https://www.practo.com/pune/hospital/usha-kiran-hospital-hadapsar-gaon?referrer=hospital_listing,,VN,practo,,1.0,canonical,390,Q2,,Mid-Market,0.210458
hosp_a28f20a49cd4b60a,"Jagtap Hospital, Pune",jagtap hospital pune,Pune,Hospital,Manik Baug,,18.4774132,73.823813,876088576ffffff,,3.0,4.0,False,,0.0,0.0,,,,+912048553254,https://www.practo.com/pune/hospital/jagtap-hospital-pune-manik-baug?referrer=hospital_listing,,VN,practo,,1.0,canonical,391,Q2,,Mid-Market,0.210458
hosp_dae5b1f5f0c25b21,Nova IVF Fertility,nova ivf fertility,Pune,Hospital,Baner,,18.56452219041488,73.78399733058926,876088420ffffff,,5.0,2.0,False,2.0,600.0,1000.0,,2.0,,+912048552971,https://www.practo.com/pune/hospital/nova-ivf-fertility-baner?referrer=hospital_listing,https://images1-fabric.practo.com/practices/1314464/nova-ivf-fertility-pune-6750338f3b6bd.png,VN,practo,,1.0,canonical,392,Q2,,Mid-Market,0.21044
hosp_302019a6c1439a5c,Cloudnine Fertility - IVF Centre,cloudnine fertility ivf centre,Pune,Hospital,Senapati Bapat Marg,,18.530893220098974,73.82892081534256,87608850affffff,,5.0,2.0,False,,1000.0,1000.0,,,,+912048553252,https://www.practo.com/pune/hospital/cloudnine-fertility-ivf-centre-senapati-bapat-marg?referrer=hospital_listing,https://images1-fabric.practo.com/practices/2186182/cloudnine-fertility-ivf-centre-pune-69d8f05ff2aba.png,ABS,practo,,1.0,canonical,393,Q2,,Mid-Market,0.210252
hosp_4c055dd55a48c0bd,Jeevan Jyoti Superspeciality Hospital,jeevan jyoti superspeciality hospital,Pune,Hospital,Pimple Saudagar,,18.5998022,73.7928419,876088404ffffff,,17.0,17.0,True,,0.0,1500.0,3.5,113.0,2011.0,+912048553738,https://www.practo.com/pune/hospital/jeevanjyoti-superspeciality-hospital-pimple-saudagar?referrer=hospital_listing,https://images1-fabric.practo.com/practices/1379721/jeevanjyoti-superspeciality-hospital-pune-622ecf0f9b3ad.jpg,ABS,practo,,1.0,canonical,394,Q2,,Mid-Market,0.209584
hosp_90e247c1171e5c16,"Dwidal Hospital, Karve Road",dwidal hospital karve road,Pune,Hospital,Karve Nagar,,,,,,2.0,4.0,False,,300.0,300.0,,4.0,,+912071177312,https://www.practo.com/pune/hospital/dwidal-hospital-karve-road-karve-nagar?referrer=hospital_listing,,VN,practo,,0.6,canonical,395,Q2,,Mid-Market,0.208854
hosp_1415a418627402a4,Doss Surgical Clinic,doss surgical clinic,Pune,Hospital,Baner Road,,18.5640709795926,73.7831299379468,876088420ffffff,,1.0,5.0,False,17.0,500.0,500.0,,2.0,,+912071177422,https://www.practo.com/pune/hospital/doss-surgical-clinic-baner-road?referrer=hospital_listing,https://images1-fabric.practo.com/practices/1277067/doss-surgical-clinic-pune-5e3c4f5b839ea.jpg,VN,practo,,1.0,canonical,396,Q2,,Mid-Market,0.208769
hosp_f7ad36a2b95d06c2,Gold Rush Hospital,gold rush hospital,Pune,Hospital,Kharadi,,18.5500231,73.937051,876088532ffffff,,3.0,3.0,False,,300.0,800.0,,4.0,,+912048552994,https://www.practo.com/pune/hospital/gold-rush-hospital-kharadi-1?referrer=hospital_listing,,VN,practo,,1.0,canonical,397,Q2,,Mid-Market,0.208751
hosp_08d6b0dbb5109918,Sushrusha Hospital,sushrusha hospital,Pune,Hospital,Bhekrai Nagar,,18.4839151,73.9397317,876088c9bffffff,,2.0,4.0,False,,0.0,0.0,,,,+912071177420,https://www.practo.com/pune/hospital/sushrusha-hospital-1-bhekrai-nagar?referrer=hospital_listing,,VN,practo,,1.0,canonical,398,Q2,,Mid-Market,0.208478
hosp_458faef503ec9451,Dhanvantari Hospital,dhanvantari hospital,Pune,Hospital,Nigdi-Pradhikaran,,18.655908,73.768254,876088411ffffff,,2.0,4.0,False,,0.0,600.0,,,,+912248932501,https://www.practo.com/pune/hospital/dhanvantari-hospital-12-nigdi?referrer=hospital_listing,,VN,practo,,1.0,canonical,399,Q2,,Mid-Market,0.208478
hosp_095e968b4819cdfe,NATIONAL HOSPITAL,national hospital,Pune,Hospital,Hadapsar Gaon,,18.4860242,73.9307915,876088526ffffff,,3.0,3.0,False,,0.0,0.0,,,,+912071173267,https://www.practo.com/pune/hospital/national-hospital-10-hadapsar-gaon?referrer=hospital_listing,,VN,practo,,1.0,canonical,400,Q2,,Mid-Market,0.208375
hosp_f3df312c99d0a6a6,Sai Sneh Hospital,sai sneh hospital,Pune,Hospital,Katraj,,18.4466665,73.8594718,87608852cffffff,,3.0,3.0,False,,0.0,0.0,,,,+912048553249,https://www.practo.com/pune/hospital/sai-sneh-hospital-2-katraj?referrer=hospital_listing,,VN,practo,,1.0,canonical,401,Q2,,Mid-Market,0.208375
hosp_01b5ad9429f0537d,Morya hospital,morya hospital,Pune,Hospital,Pimpri-Chinchwad,,18.627417247768253,73.7818193435669,876088406ffffff,,3.0,3.0,False,,0.0,500.0,,,,+912071177306,https://www.practo.com/pune/hospital/morya-hospital-chinchwad?referrer=hospital_listing,,VN,practo,,1.0,canonical,402,Q2,,Mid-Market,0.208375
hosp_9a5d233d9b16c59e,Yashoda Hospital,yashoda hospital,Pune,Hospital,Akurdi,,18.6544359,73.8390335,876088589ffffff,,4.0,2.0,False,,0.0,0.0,,,,+912071533932,https://www.practo.com/pune/hospital/yashoda-hospital-2-akurdi?referrer=hospital_listing,,VN,practo,,1.0,canonical,403,Q2,,Mid-Market,0.208272
hosp_1aa7d556fef40527,Desai Hospital,desai hospital,Pune,Hospital,Sadashiv Peth,,18.50826,73.80938,876088509ffffff,,2.0,3.0,False,,1000.0,1000.0,,9.0,,+912071177320,https://www.practo.com/pune/hospital/desai-hospital-sadashiv-peth?referrer=hospital_listing,https://images1-fabric.practo.com/practices/1070704/desai-hospital-pune-58fef15e747d7.jpg,VN,practo,,1.0,canonical,404,Q2,,Mid-Market,0.207242
hosp_ca6f4e106a04b58d,Vatsalya Childrens and Multispeciality Hospital,vatsalya childrens multispeciality hospital,Pune,Hospital,Thergaon,,18.612715400293,73.76250743866,876088400ffffff,,3.0,3.0,True,,200.0,300.0,3.5,20.0,,+912071177322,https://www.practo.com/pune/hospital/vatsalya-childrens-and-multispeciality-hospital-thergaon?referrer=hospital_listing,https://images1-fabric.practo.com/practices/1150703/vatsalya-childrens-and-multispeciality-hospital-pune-5976f578adf66.jpg,VN,practo,,1.0,canonical,405,Q2,,Mid-Market,0.207167
hosp_37a31a139f175f36,Sangam Hospital,sangam hospital,Pune,Hospital,Bibvewadi,,18.47554893540355,73.85780096054077,876088528ffffff,,2.0,3.0,False,,0.0,600.0,,4.0,,+912071177305,https://www.practo.com/pune/hospital/dr-ranjana-joshi-bibvewadi?referrer=hospital_listing,,VN,practo,,1.0,canonical,406,Q2,,Mid-Market,0.206771
hosp_97c8ca9978e7e8cb,Patankar Fertility Solutions,patankar fertility solutions,Pune,Hospital,Shukrawar Peth,,18.500313,73.8543095,876088501ffffff,,2.0,3.0,False,2.0,800.0,1000.0,,3.0,,+912071177324,https://www.practo.com/pune/hospital/patankar-fertility-solutions-shukrawar-peth?referrer=hospital_listing,https://images1-fabric.practo.com/practices/1235101/patankar-fertility-solutions-pune-5bf3d1d6338df.png,VN,practo,,1.0,canonical,407,Q2,,Mid-Market,0.206677
hosp_0dacdc646baa4a86,Anuja Hospital,anuja hospital,Pune,Hospital,Dhayari,,18.44745108289,73.810396771878,876088574ffffff,,2.0,3.0,False,,300.0,500.0,,,,+912071177307,https://www.practo.com/pune/hospital/anuja-hospital-dhayari?referrer=hospital_listing,https://images1-fabric.practo.com/practices/1171261/anuja-hospital-pune-5a42409573c94.png,VN,practo,,1.0,canonical,408,Q2,,Mid-Market,0.206394
hosp_82e0f756b1fcddf4,Deshmukh Hospital And Clinic,deshmukh hospital clinic,Pune,Hospital,Shukrawar Peth,,18.5080447,73.8581968,876088501ffffff,,2.0,3.0,False,,300.0,500.0,,,,+912071177321,https://www.practo.com/pune/hospital/deshmukh-hospital-and-clinic-shukrawar-peth?referrer=hospital_listing,https://images1-fabric.practo.com/practices/1183435/deshmukh-hospital-and-clinic-pune-5bfa3cea0f881.jpg,VN,practo,,1.0,canonical,409,Q2,,Mid-Market,0.206394
hosp_725f25b95820b323,Todkar Hospital,todkar hospital,Pune,Hospital,Aundh,,18.565713840734986,73.8072681427002,876088426ffffff,,2.0,3.0,False,,0.0,500.0,,,,+912071177303,https://www.practo.com/pune/hospital/todkar-hospital-aundh?referrer=hospital_listing,https://images1-fabric.practo.com/todkar-hospital-pune-1478091597-5819e34d3c551.jpg,VN,practo,,1.0,canonical,410,Q2,,Mid-Market,0.206394
hosp_e2ef4da2fd9a526a,Vighnaharta Hospital,vighnaharta hospital,Pune,Hospital,Chikhali,,18.6770333,73.783395,876088413ffffff,,2.0,3.0,False,,0.0,0.0,,,,+912048566750,https://www.practo.com/pune/hospital/vighnaharta-hospital-chikhali?referrer=hospital_listing,,VN,practo,,1.0,canonical,411,Q2,,Mid-Market,0.206394
hosp_368a26852cbed07c,Petals Hospital,petals hospital,Pune,Hospital,Yerwada,,18.5491828,73.888926,876088502ffffff,,2.0,3.0,False,1.0,0.0,500.0,,,,+912071187111,https://www.practo.com/pune/hospital/petals-hospital-bhekrai-nagar?referrer=hospital_listing,https://images1-fabric.practo.com/practices/1262218/petals-hospital-pune-5d8b016fe6838.png,VN,practo,,1.0,canonical,412,Q2,,Mid-Market,0.206394
hosp_f1bef3212fb42068,Harsh Hospital,harsh hospital,Pune,Hospital,Akurdi,,18.6828989,73.8378194,87608858bffffff,,2.0,3.0,False,,0.0,0.0,,,,+912071173266,https://www.practo.com/pune/hospital/harsh-hospital-1-akurdi?referrer=hospital_listing,,VN,practo,,1.0,canonical,413,Q2,,Mid-Market,0.206394
hosp_a1338dd53a651899,Vighnaharta Hospital,vighnaharta hospital,Pune,Hospital,Camp,,18.6516488583,74.3733618944,87608e05bffffff,,2.0,3.0,False,,0.0,0.0,,,,+912071177309,https://www.practo.com/pune/hospital/vighnaharta-hospital-camp?referrer=hospital_listing,,VN,practo,,1.0,canonical,414,Q2,,Mid-Market,0.206394
hosp_8fee44f2eeca499f,"Alpha Super Speciality Hospital, Wakad , Pune",alpha super speciality hospital wakad pune,Pune,Hospital,Wakad,,18.5984404,73.7642939,876088405ffffff,,2.0,3.0,False,,0.0,0.0,,,,+912071533824,https://www.practo.com/pune/hospital/alpha-super-speciality-hospital-wakad-pune-wakad?referrer=hospital_listing,,VN,practo,,1.0,canonical,415,Q2,,Mid-Market,0.206394
hosp_d5007c63f05ded11,Lifepoint Multispecialty Hospital,lifepoint multispecialty hospital,Pune,Hospital,Wakad,,18.5977296,73.7556352,876088405ffffff,,2.0,3.0,False,,0.0,0.0,,,,+912071173265,https://www.practo.com/pune/hospital/lifepoint-multispecialty-hospital-wakad?referrer=hospital_listing,,VN,practo,,1.0,canonical,416,Q2,,Mid-Market,0.206394
hosp_4174f4ed5f52709e,Vighnaharta Hospital,vighnaharta hospital,Pune,Hospital,Manjri,,18.5195348,73.9777359,87608e269ffffff,,2.0,3.0,False,,0.0,0.0,,,,+912071185854,https://www.practo.com/pune/hospital/vighnaharta-hospital-manjri?referrer=hospital_listing,,VN,practo,,1.0,canonical,417,Q2,,Mid-Market,0.206394
hosp_f03224227fe53005,Mayureshwar Multispeciality Hospital,mayureshwar multispeciality hospital,Pune,Hospital,Narhe,,18.448776358735,73.83287765478,876088529ffffff,,2.0,3.0,False,,0.0,300.0,,,,+912248900207,https://www.practo.com/pune/hospital/mayureshwar-multispeciality-hospital-narhe-1?referrer=hospital_listing,,VN,practo,,1.0,canonical,418,Q2,,Mid-Market,0.206394
hosp_43f6a659c1dc5aa6,Pawana Hospital Pune,pawana hospital pune,Pune,Hospital,Somatne Phata,,18.703,73.6854,8760884f1ffffff,,2.0,3.0,False,,0.0,0.0,,,,+912071177430,https://www.practo.com/pune/hospital/pawana-hospital-pune-somatne-phata?referrer=hospital_listing,,VN,practo,,1.0,canonical,419,Q2,,Mid-Market,0.206394
hosp_f2aedf59fda7375f,KRISHNA HOSPITAL,krishna hospital,Pune,Hospital,Sakore,,18.56474634,76.0345471522,87608029effffff,,2.0,3.0,False,,0.0,0.0,,,,+912071171706,https://www.practo.com/pune/hospital/krishna-hospital-13-sakore?referrer=hospital_listing,,active,practo,,1.0,canonical,420,Q2,,Mid-Market,0.206394
hosp_8e455761de232c86,Hirkani Speciality Hospital ,hirkani speciality hospital,Pune,Hospital,Bhosari,,18.620924342698725,73.85152459144592,876088436ffffff,,3.0,2.0,False,,0.0,500.0,,,,+912071189373,https://www.practo.com/pune/hospital/hirkani-speciality-hospital-bhosari?referrer=hospital_listing,,VN,practo,,1.0,canonical,421,Q2,,Mid-Market,0.206291
hosp_56a4927e5c21a402,"Dr Agarwals Eye Hospital, Aundh, Pune",dr agarwals eye hospital aundh pune,Pune,Hospital,Sanewadi,,18.5536687,73.8084387,876088424ffffff,,4.0,1.0,False,,0.0,0.0,,,,+912048553258,https://www.practo.com/pune/hospital/dr-agarwals-eye-hospital-aundh-pune-sanewadi?referrer=hospital_listing,,VN,practo,,1.0,canonical,422,Q2,,Mid-Market,0.206188
hosp_74bd07ab0f52b328,"Dr Agarwals Eye Hospital, Wakad, Pune",dr agarwals eye hospital wakad pune,Pune,Hospital,Pimpri Waghire,,18.5973988,73.8048674,876088431ffffff,,4.0,1.0,False,,0.0,0.0,,,,+912071177422,https://www.practo.com/pune/hospital/dr-agarwals-eye-hospital-wakad-pune-pimpri-waghire?referrer=hospital_listing,,VN,practo,,1.0,canonical,423,Q2,,Mid-Market,0.206188
hosp_5e9aaa11e06ebeb8,Surya Mother & Child Super Speciality Hospital,surya mother child super speciality hospital,Pune,Hospital,Wakad,,18.58724,73.75795,876088405ffffff,,20.0,11.0,True,,0.0,1000.0,3.5,171.0,1997.0,+912071173176,https://www.practo.com/pune/hospital/surya-mother-child-super-speciality-hospital-wakad-1-2?referrer=hospital_listing,https://images1-fabric.practo.com/55754182bb9b978805a221a988e79ef3f42d7c5bfd418.jpg,VN,practo,,1.0,canonical,424,Q2,,Mid-Market,0.205191
hosp_1afc693e81fbae98,Healing Touch Hospital,healing touch hospital,Pune,Hospital,Pimple Saudagar,,18.60171769781737,73.79859387743636,876088431ffffff,,2.0,2.0,False,,0.0,800.0,,5.0,,+912071177318,https://www.practo.com/pune/hospital/healing-touch-hospital-pimple-saudagar-1?referrer=hospital_listing,,VN,practo,,1.0,canonical,425,Q2,,Mid-Market,0.204782
hosp_41410379aef38f39,Sarvdnya Multispeciality Hospital,sarvdnya multispeciality hospital,Pune,Hospital,Moshi,,18.678121741472,73.84838104248,876088588ffffff,,2.0,2.0,False,,200.0,200.0,,3.0,,+912071177316,https://www.practo.com/pune/hospital/sarvdnya-multispeciality-hospital-moshi-moshi?referrer=hospital_listing,,VN,practo,,1.0,canonical,426,Q2,,Mid-Market,0.204593
hosp_bc654ba827634171,Pawar hospital ,pawar hospital,Pune,Hospital,Shikrapur,,18.6977179,74.1384837,87608e21affffff,,1.0,3.0,False,,0.0,0.0,,,,+912048553257,https://www.practo.com/pune/hospital/pawar-hospital-1-shikrapur?referrer=hospital_listing,,active,practo,,1.0,canonical,427,Q2,,Mid-Market,0.204414
hosp_50593a5c443d4f07,Star Hospital,star hospital,Pune,Hospital,Dighi,,18.6122605485,73.8773236702,8760885a8ffffff,,1.0,3.0,False,,0.0,0.0,,,,+912071171795,https://www.practo.com/pune/hospital/star-hospital-3-dighi?referrer=hospital_listing,,active,practo,,1.0,canonical,428,Q2,,Mid-Market,0.204414
hosp_2f5dd3f3dfe86ae7,Niramay hospital,niramay hospital,Pune,Hospital,Pimple Saudagar,,,,,,1.0,3.0,False,,300.0,300.0,,,,+912071177318,https://www.practo.com/pune/hospital/niramay-hospital-pimple-saudagar?referrer=hospital_listing,,VN,practo,,0.6,canonical,429,Q2,,Mid-Market,0.204414
hosp_94ae2c02344641ea,"Safe Surgical Center, Undri, Pune",safe surgical center undri pune,Pune,Hospital,Pisoli,,18.4551142,73.9136823,876088524ffffff,,1.0,3.0,False,,0.0,0.0,,,,+912071187259,https://www.practo.com/pune/hospital/safe-surgical-center-undri-pune-pisoli?referrer=hospital_listing,,VN,practo,,1.0,canonical,430,Q2,,Mid-Market,0.204414
hosp_3026e722311cc8c0,Niramay Hospital,niramay hospital,Pune,Hospital,Babhulsar Khurd,,18.7830867679,74.2974811236,87608e769ffffff,,1.0,3.0,False,,300.0,300.0,,,,+918037285150,https://www.practo.com/pune/hospital/niramay-hospital-1-babhulsar-khurd?referrer=hospital_listing,,VN,practo,,1.0,canonical,431,Q2,,Mid-Market,0.204414
hosp_d2af4b25caca5826,Kulkarni Hospital,kulkarni hospital,Pune,Hospital,Pashan,,18.5391944,73.7946188,876088425ffffff,,1.0,3.0,False,,0.0,0.0,,,,+912071173180,https://www.practo.com/pune/hospital/kulkarni-hospital-2-pashan?referrer=hospital_listing,,VN,practo,,1.0,canonical,432,Q2,,Mid-Market,0.204414
hosp_884c57706e75140e,Sanjivan Hospital,sanjivan hospital,Pune,Hospital,Karve Nagar,,18.5100795,73.8373635,87608850cffffff,,1.0,3.0,False,,500.0,500.0,,,,+918037285150,https://www.practo.com/pune/hospital/private-practice-karve-road?referrer=hospital_listing,,VN,practo,,1.0,canonical,433,Q2,,Mid-Market,0.204414
hosp_5fc91ec98ee1d4cf,Niramay Hospital,niramay hospital,Pune,Hospital,Mohammadwadi,,18.4802851,73.928092,876088526ffffff,,1.0,3.0,False,,300.0,300.0,,,,+912071533824,https://www.practo.com/pune/hospital/niramay-hospital-1-mohammadwadi?referrer=hospital_listing,,active,practo,,1.0,canonical,434,Q2,,Mid-Market,0.204414
hosp_20690e2db93330f2,Dr. Makan Surgical Maternity & Accident Hospital,dr makan surgical maternity accident hospital,Pune,Hospital,Sangavi,,18.571264,73.819851,876088426ffffff,,2.0,2.0,False,,0.0,200.0,,,,+912071177320,https://www.practo.com/pune/hospital/dr-makan-surgical-maternity-accident-hospital-sangavi?referrer=hospital_listing,,VN,practo,,1.0,canonical,435,Q2,,Mid-Market,0.204311
hosp_da5fbd2cded7ac36,"Pune Adventist Hospital, Salisbury Park, Pune",pune adventist hospital salisbury park pune,Pune,Hospital,Salisbury Park,,18.491847,73.8712734,876088505ffffff,,2.0,2.0,False,,0.0,250.0,,,,+912048552972,https://www.practo.com/pune/hospital/pune-adventist-hospital-salisbury-park-pune-salisbury-park?referrer=hospital_listing,,VN,practo,,1.0,canonical,436,Q2,,Mid-Market,0.204311
hosp_df56f944ec1701fc,Dhakne Hospital,dhakne hospital,Pune,Hospital,Talegaon,,18.728041532894,73.678631819543,8760884d5ffffff,,2.0,2.0,False,,200.0,250.0,,,,+912048553859,https://www.practo.com/pune/hospital/dhakne-hospital-talegaon?referrer=hospital_listing,,VN,practo,,1.0,canonical,437,Q2,,Mid-Market,0.204311
hosp_655690f18d732cf4,Krishna Hospital,krishna hospital,Pune,Hospital,Thergaon,,18.6150269,73.7884357,876088406ffffff,,2.0,2.0,False,,0.0,0.0,,,,+912048552992,https://www.practo.com/pune/hospital/krishna-hospital-13-thergaon?referrer=hospital_listing,,VN,practo,,1.0,canonical,438,Q2,,Mid-Market,0.204311
hosp_87d6df250353cc5a,Akurdi PCMC Hospital,akurdi pcmc hospital,Pune,Hospital,Dattawadi,,18.6499917,73.78197,876088415ffffff,,2.0,2.0,False,,0.0,0.0,,,,+918037285150,https://www.practo.com/pune/hospital/akurdi-pcmc-hospital-dattawadi?referrer=hospital_listing,,VN,practo,,1.0,canonical,439,Q2,,Mid-Market,0.204311
hosp_97f01f2c81d396ab,Lotus Multi-specialty Hospital,lotus multi specialty hospital,Pune,Hospital,Pimple Saudagar,,18.5990631,73.7943064,876088431ffffff,,2.0,2.0,False,,0.0,0.0,,,,+918037298998,https://www.practo.com/pune/hospital/lotus-multi-specialty-hospital-1-pimple-saudagar?referrer=hospital_listing,,VN,practo,,1.0,canonical,440,Q2,,Mid-Market,0.204311
hosp_98736c5804881fa9,Adate general hospital,adate general hospital,Pune,Hospital,Sinhagad Road,,18.4626647691,73.8143097963,876088576ffffff,,2.0,2.0,False,,0.0,400.0,,,,+912048552972,https://www.practo.com/pune/hospital/adate-general-hospital-1-sinhagad-road?referrer=hospital_listing,,VN,practo,,1.0,canonical,441,Q2,,Mid-Market,0.204311
hosp_5aec5750d9bc53c9,Krushna Hospital,krushna hospital,Pune,Hospital,Aundh Camp,,18.5812558,73.8154375,876088426ffffff,,2.0,2.0,False,,0.0,0.0,,,,+912048554748,https://www.practo.com/pune/hospital/krushna-hospital-4-aundh-camp?referrer=hospital_listing,,VN,practo,,1.0,canonical,442,Q2,,Mid-Market,0.204311
hosp_17693adc1a168d3b,shreeyash hospital,shreeyash hospital,Pune,Hospital,Uruli Kanchan,,18.4883919706,74.1313289101,87608e340ffffff,,2.0,2.0,False,,0.0,0.0,,,,+912048552186,https://www.practo.com/pune/hospital/shreeyash-hospital-3-uruli-kanchan?referrer=hospital_listing,,VN,practo,,1.0,canonical,443,Q2,,Mid-Market,0.204311
hosp_0235c92f833e39d0,Vatsalya Hospital,vatsalya hospital,Pune,Hospital,Thergaon,,18.6121879,73.7658929,876088400ffffff,,2.0,2.0,False,,0.0,0.0,,,,+912071187111,https://www.practo.com/pune/hospital/vatsalya-hospital-1-thergaon?referrer=hospital_listing,,VN,practo,,1.0,canonical,444,Q2,,Mid-Market,0.204311
hosp_196045f894537f38,Deshmukh Hospital,deshmukh hospital,Pune,Hospital,Mohamadwadi,,18.5069444,73.954475,876088534ffffff,,2.0,2.0,False,,0.0,0.0,,,,+912048552992,https://www.practo.com/pune/hospital/deshmukh-hospital-1-mohamadwadi?referrer=hospital_listing,,VN,practo,,1.0,canonical,445,Q2,,Mid-Market,0.204311
hosp_665a5861caf1b2a3,Vatsalya Hospital,vatsalya hospital,Pune,Hospital,Budhwar Peth,,18.516569,73.854851,876088501ffffff,,2.0,2.0,False,1.0,0.0,0.0,,,,+912048552978,https://www.practo.com/pune/hospital/vatsalya-hospital-pune?referrer=hospital_listing,,VN,practo,,1.0,canonical,446,Q2,,Mid-Market,0.204311
hosp_140e84e64fc9736a,Aditya Eye Hospital and Specialty Centre,aditya eye hospital specialty centre,Pune,Hospital,Nagar Road,,18.560069121045,73.895540814847,876088511ffffff,,2.0,1.0,False,,500.0,1000.0,,8.0,,+912071177317,https://www.practo.com/pune/hospital/aditya-eye-hospital-and-laser-centre-nagar-road?referrer=hospital_listing,https://images1-fabric.practo.com/practices/1149439/aditya-eye-hospital-and-laser-centre-pune-5943fe1e79057.png,VN,practo,,1.0,canonical,447,Q2,,Mid-Market,0.202981
hosp_f1f29d7f3ec034c4,Kamal Abortion center - Kaluskar Hospital and Laboratory,kamal abortion center kaluskar hospital laboratory,Pune,Hospital,Shivajinagar,,18.521940337184,73.847200297266,87608850effffff,,1.0,2.0,False,1.0,500.0,500.0,,6.0,,+912271873697,https://www.practo.com/pune/hospital/kamal-abortion-center-kaluskar-hospital-and-laboratory-shivajinagar?referrer=hospital_listing,https://images1-fabric.practo.com/practices/1189106/kamal-abortion-center-kaluskar-hospital-and-laboratory-pune-5b7526db38931.jpeg,VN,practo,,1.0,canonical,448,Q2,,Mid-Market,0.202896
hosp_45dee74bb4156687,Doss Surgical Clinic,doss surgical clinic,Pune,Hospital,Bibvewadi,,18.4846648,73.856698,87608852affffff,,1.0,2.0,False,17.0,500.0,500.0,,4.0,,+912048553250,https://www.practo.com/pune/hospital/doss-surgical-clinic-bibvewadi-1-bibvewadi?referrer=hospital_listing,https://images1-fabric.practo.com/practices/1277010/doss-surgical-clinic-bibvewadi-pune-5e3beec23cfdd.png,VN,practo,,1.0,canonical,449,Q2,,Mid-Market,0.202707
hosp_633870def6ed6bbe,Cloudnine Fertility - IVF Centre,cloudnine fertility ivf centre,Pune,Hospital,Baner Pashan Link Road,,18.54911,73.7913,876088425ffffff,,2.0,1.0,False,,1000.0,1000.0,,5.0,,+912048553064,https://www.practo.com/pune/hospital/cloudnine-fertility-ivf-centre-baner-pashan-link-road?referrer=hospital_listing,https://images1-fabric.practo.com/practices/2182797/cloudnine-fertility-ivf-centre-pune-69eca84833661.png,ABS,practo,,1.0,canonical,450,Q2,,Mid-Market,0.202698
hosp_efd4b2adbcc136d1,Karnika Hospital,karnika hospital,Pune,Hospital,Chakan,,18.7521727900719,73.86308323591948,8760884b4ffffff,,1.0,2.0,False,,200.0,200.0,,2.0,,+912048553258,https://www.practo.com/pune/hospital/karnika-hospital-chakan?referrer=hospital_listing,,VN,practo,,1.0,canonical,451,Q2,,Mid-Market,0.202519
hosp_e33f004d48766274,Mahajan Hospital,mahajan hospital,Pune,Hospital,Swargate,,18.500366063396,73.86540569365,876088505ffffff,,1.0,2.0,False,,0.0,300.0,,2.0,,+912071177322,https://www.practo.com/pune/hospital/mahajan-hospital-swargate?referrer=hospital_listing,https://images1-fabric.practo.com/practices/1142558/mahajan-hospital-pune-598ab4a9aab4b.jpeg,VN,practo,,1.0,canonical,452,Q2,,Mid-Market,0.202519
hosp_643d9a2bc50ce94f,Vighnaharta Hospital,vighnaharta hospital,Pune,Hospital,Undri,,18.45980074979094,73.91256965696812,876088520ffffff,,1.0,2.0,False,,500.0,500.0,,,,+912248932701,https://www.practo.com/pune/hospital/vighnaharta-hospital-near-bishop-school-undri-undri?referrer=hospital_listing,,VN,practo,,1.0,canonical,453,Q2,,Mid-Market,0.202331
hosp_8d5a49671194d859,NIXI ICU & Accident Hospital,nixi icu accident hospital,Pune,Hospital,Handewadi,,18.45672319578321,73.93326859921217,876088524ffffff,,1.0,2.0,False,,200.0,200.0,,,,+912071177309,https://www.practo.com/pune/hospital/nixi-icu-accident-hospital-handewadi?referrer=hospital_listing,,VN,practo,,1.0,canonical,454,Q2,,Mid-Market,0.202331
hosp_8066bbdfa72ba81a,Potdar Hospital,potdar hospital,Pune,Hospital,Shivajinagar,,18.5012382,73.8427759,87608850cffffff,,1.0,2.0,False,,300.0,300.0,,,,,https://www.practo.com/pune/hospital/potdar-hospital-shivaji-nagar?referrer=hospital_listing,,active,practo,,1.0,canonical,455,Q2,,Mid-Market,0.202331
hosp_778e96846e7327b5,Dr. Bobade Sree Hospital,dr bobade sree hospital,Pune,Hospital,Baramati,,18.1789943,74.5552862,87608eb34ffffff,,1.0,2.0,False,,100.0,100.0,,,,+912071177304,https://www.practo.com/pune/hospital/dr-bobade-sree-hospital-baramati?referrer=hospital_listing,,VN,practo,,1.0,canonical,456,Q2,,Mid-Market,0.202331
hosp_b2b5852f8fc1b90d,Sagar Nursing Home (Multi Specialty hospital),sagar nursing home multi specialty hospital,Pune,Hospital,Wadgaon Sheri,,18.5599255,73.9274966,876088514ffffff,,1.0,2.0,False,,200.0,200.0,,,,+912071177323,https://www.practo.com/pune/hospital/sagar-clinic-surgical-clinic-wadgaon-sheri?referrer=hospital_listing,,VN,practo,,1.0,canonical,457,Q2,,Mid-Market,0.202331
hosp_7ea11a01084760c4,Jivanrekha Multispeciality Hospital,jivanrekha multispeciality hospital,Pune,Hospital,Dehu Road,,18.6794044,73.732012,87608841affffff,,1.0,2.0,False,,0.0,0.0,,,,+912071534178,https://www.practo.com/pune/hospital/jivanrekha-multispeciality-hospital-dehu-road-1?referrer=hospital_listing,,VN,practo,,1.0,canonical,458,Q2,,Mid-Market,0.202331
hosp_782a8fde7c35c691,Sus Hospital Pune,sus hospital pune,Pune,Hospital,Sus,,18.5545419,73.749703,87608842cffffff,,1.0,2.0,False,,0.0,0.0,,,,+912071171707,https://www.practo.com/pune/hospital/sus-hospital-pune-sus?referrer=hospital_listing,,VN,practo,,1.0,canonical,459,Q2,,Mid-Market,0.202331
hosp_98ad3aba5a81dbf4,Lifeline Hospital,lifeline hospital,Pune,Hospital,Chaitanya Nagar,,18.5025755,73.8015977,876088509ffffff,,1.0,2.0,False,,0.0,0.0,,,,+912048552218,https://www.practo.com/pune/hospital/lifeline-hospital-3-chaitanya-nagar?referrer=hospital_listing,,active,practo,,1.0,canonical,460,Q2,,Mid-Market,0.202331
hosp_5d8c8fada3e92095,Dr. Dahiphale Multi Speciality Hospital,dr dahiphale multi speciality hospital,Pune,Hospital,Koregaon Park,,18.5397643,73.8873594,876088502ffffff,,1.0,2.0,False,,1000.0,1000.0,,,,+912071189376,https://www.practo.com/pune/hospital/dr-dahiphale-multi-speciality-hospital-koregaon-park?referrer=hospital_listing,https://images1-fabric.practo.com/practices/1245437/dr-dahiphale-multi-speciality-hospital-pune-5cd97297c0db5.png,VN,practo,,1.0,canonical,461,Q2,,Mid-Market,0.202331
hosp_b140887d851921d0,Patil Hospital,patil hospital,Pune,Hospital,Katraj,,18.466393,73.92,876088524ffffff,,1.0,2.0,False,,0.0,0.0,,,,+912071177314,https://www.practo.com/pune/hospital/patil-hospital-katraj?referrer=hospital_listing,,VN,practo,,1.0,canonical,462,Q2,,Mid-Market,0.202331
hosp_d7e428d1b3aec7ff,VIGHNAHARTA HOSPITAL,vighnaharta hospital,Pune,Hospital,Sus,,18.553498,73.7538211,87608842cffffff,,1.0,2.0,False,,0.0,0.0,,,,+912048553587,https://www.practo.com/pune/hospital/vighnaharta-hospital-sus?referrer=hospital_listing,,VN,practo,,1.0,canonical,463,Q2,,Mid-Market,0.202331
hosp_059a258524f5d5db,"Indira Ivf Fertility Centre, Viman Nagar, Pune",indira ivf fertility centre viman nagar pune,Pune,Hospital,New Airport Road,,18.5641542,73.9071038,876088510ffffff,,1.0,2.0,False,,0.0,0.0,,,,+912071171708,https://www.practo.com/pune/hospital/indira-ivf-fertility-centre-viman-nagar-pune-new-airport-road?referrer=hospital_listing,,VN,practo,,1.0,canonical,464,Q2,,Mid-Market,0.202331
hosp_d28cf0cdcf7db685,Morya Hospital,morya hospital,Pune,Hospital,Karve Nagar,,18.4882043,73.8148285,87608850dffffff,,1.0,2.0,False,,0.0,0.0,,,,+912071171706,https://www.practo.com/pune/hospital/morya-hospital-1-karve-nagar?referrer=hospital_listing,,VN,practo,,1.0,canonical,465,Q2,,Mid-Market,0.202331
hosp_aba1e0efe7e1fe55,Shiv Hospital,shiv hospital,Pune,Hospital,Uruli,,18.4778757587,74.1315760259,87608e340ffffff,,1.0,2.0,False,,0.0,0.0,,,,+912048553587,https://www.practo.com/pune/hospital/shiv-hospital-5-uruli?referrer=hospital_listing,,VN,practo,,1.0,canonical,466,Q2,,Mid-Market,0.202331
hosp_9397c673feb0e7da,Patil hospital,patil hospital,Pune,Hospital,Somatne Phata,,18.702687881,73.6869143544,8760884f1ffffff,,1.0,2.0,False,,0.0,0.0,,,,+912071173266,https://www.practo.com/pune/hospital/patil-hospital-8-somatne-phata?referrer=hospital_listing,,VN,practo,,1.0,canonical,467,Q2,,Mid-Market,0.202331
hosp_a721e9f09d85df36,Morya Hospital,morya hospital,Pune,Hospital,Saykarwadi,,18.48926,74.019923,876088c92ffffff,,1.0,2.0,False,,0.0,0.0,,,,+912071173262,https://www.practo.com/pune/hospital/morya-hospital-1-saykarwadi?referrer=hospital_listing,,VN,practo,,1.0,canonical,468,Q2,,Mid-Market,0.202331
hosp_0a43bb1ad63af367,orange hospital,orange hospital,Pune,Hospital,Dighi Camp,,18.5784405,73.8749902,87608851effffff,,1.0,2.0,False,,0.0,0.0,,,,+912071177436,https://www.practo.com/pune/hospital/orange-hospital-dighi-camp?referrer=hospital_listing,,active,practo,,1.0,canonical,469,Q2,,Mid-Market,0.202331
hosp_8603444bd0ba62fd,VEDANT HOSPITAL,vedant hospital,Pune,Hospital,Maan,,18.5859493859,73.6816794604,876088472ffffff,,1.0,2.0,False,,0.0,0.0,,,,+912071189378,https://www.practo.com/pune/hospital/vedant-hospital-1-maan?referrer=hospital_listing,,VN,practo,,1.0,canonical,470,Q2,,Mid-Market,0.202331
hosp_870ecd567c7119bb,Shiv Hospital,shiv hospital,Pune,Hospital,Moshi,,18.6667949,73.9283593,876088584ffffff,,1.0,2.0,False,,0.0,0.0,,,,+912048553250,https://www.practo.com/pune/hospital/shiv-hospital-5-moshi?referrer=hospital_listing,,VN,practo,,1.0,canonical,471,Q2,,Mid-Market,0.202331
hosp_fdf1e883e0bddfab,Moraya Hospital,moraya hospital,Pune,Hospital,Manjri,,18.5216022,73.9781192,87608e269ffffff,,1.0,2.0,False,,0.0,0.0,,,,+912048556100,https://www.practo.com/pune/hospital/moraya-hospital-manjri?referrer=hospital_listing,,VN,practo,,1.0,canonical,472,Q2,,Mid-Market,0.202331
hosp_ee6873696b92aca9,Moraya Hospital,moraya hospital,Pune,Hospital,Mohamadwadi,,18.5261856,73.9549696,876088536ffffff,,1.0,2.0,False,,0.0,0.0,,,,+912048556137,https://www.practo.com/pune/hospital/moraya-hospital-mohamadwadi?referrer=hospital_listing,,VN,practo,,1.0,canonical,473,Q2,,Mid-Market,0.202331
hosp_c80287d80c8112e2,Patil Hospital,patil hospital,Pune,Hospital,Dehu Road,,18.6724601,73.7325944,876088418ffffff,,1.0,2.0,False,,0.0,0.0,,,,+912048554749,https://www.practo.com/pune/hospital/patil-hospital-8-dehu-road?referrer=hospital_listing,,VN,practo,,1.0,canonical,474,Q2,,Mid-Market,0.202331
hosp_6015238f40a495d8,Mahajan Hospital,mahajan hospital,Pune,Hospital,Pimple Saudagar,,18.6120632,73.7933173,876088431ffffff,,1.0,2.0,False,,0.0,0.0,,,,+918037298998,https://www.practo.com/pune/hospital/mahajan-hospital-7-pimple-saudagar?referrer=hospital_listing,,VN,practo,,1.0,canonical,475,Q2,,Mid-Market,0.202331
hosp_190625f009e6884a,Global Hospital &amp; Research Institute Pune ,global hospital amp research institute pune,Pune,Hospital,Shivaprasad Housing Society,,18.5011,73.8413,87608850cffffff,,1.0,2.0,False,,0.0,0.0,,,,+912071172550,https://www.practo.com/pune/hospital/global-hospital-amp-research-institute-pune-shivaprasad-housing-society?referrer=hospital_listing,,VN,practo,,1.0,canonical,476,Q2,,Mid-Market,0.202331
hosp_8653d3f5a6b3d67d,Oxycare Hospital,oxycare hospital,Pune,Hospital,Nigdi-Pradhikaran,,18.6348932,73.7627293,876088402ffffff,,1.0,2.0,False,,0.0,0.0,,,,+912048553255,https://www.practo.com/pune/hospital/oxycare-hospital-nigdi?referrer=hospital_listing,,VN,practo,,1.0,canonical,477,Q2,,Mid-Market,0.202331
hosp_e3a2618a00302ca5,Moraya Hospital,moraya hospital,Pune,Hospital,Bhekrai Nagar,,18.481901,73.951285,876088c9bffffff,,1.0,2.0,False,,0.0,0.0,,,,+912071188518,https://www.practo.com/pune/hospital/moraya-hospital-bhekrai-nagar?referrer=hospital_listing,,VN,practo,,1.0,canonical,478,Q2,,Mid-Market,0.202331
hosp_797fc333693f6d23,Morya Hospital,morya hospital,Pune,Hospital,Wagholi,,18.5748242,73.9618651,87608e248ffffff,,1.0,2.0,False,,0.0,0.0,,,,+912048554700,https://www.practo.com/pune/hospital/morya-hospital-1-wagholi?referrer=hospital_listing,,VN,practo,,1.0,canonical,479,Q2,,Mid-Market,0.202331
hosp_3b719d596bbee306,Dr. Gandhi Hospital,dr gandhi hospital,Pune,Hospital,Chandan Nagar,,18.5628726,73.9399964,87608e249ffffff,,1.0,2.0,False,,0.0,0.0,,,,+912048552994,https://www.practo.com/pune/hospital/dr-gandhi-hospital-chandan-nagar?referrer=hospital_listing,,VN,practo,,1.0,canonical,480,Q2,,Mid-Market,0.202331
hosp_d471d315f6fb5ee7,Shahade Hospital,shahade hospital,Pune,Hospital,Swargate,,18.4865807,73.8501103,87608852affffff,,1.0,2.0,False,,0.0,600.0,,,,+912071177322,https://www.practo.com/pune/hospital/shahade-hospital-mitra-mandal-chowk-swargate-pune-swargate?referrer=hospital_listing,,VN,practo,,1.0,canonical,481,Q2,,Mid-Market,0.202331
hosp_98fce403406f98eb,B.J.G.M.C. & Sassoon Hospital,b j g m c sassoon hospital,Pune,Hospital,Agarkar Nagar,,18.525852913451377,73.8719180971384,876088503ffffff,,1.0,2.0,False,,0.0,0.0,,,,+912071177302,https://www.practo.com/pune/hospital/b-j-g-m-c-sassoon-hospital-agarkar-nagar?referrer=hospital_listing,,VN,practo,,1.0,canonical,482,Q2,,Mid-Market,0.202331
hosp_fb6588e0d588d4f2,Sai Chetanya Hospital,sai chetanya hospital,Pune,Hospital,Hadapsar,,18.497254,73.9337744,876088535ffffff,,1.0,2.0,False,,550.0,550.0,,,,+912071177309,https://www.practo.com/pune/hospital/sai-chetanya-hospital-hadapsar?referrer=hospital_listing,,VN,practo,,1.0,canonical,483,Q2,,Mid-Market,0.202331
hosp_be371ff576e41ebf,Kedarnath General Hospital,kedarnath general hospital,Pune,Hospital,Tingare Nagar,,18.5675329,73.8965781,876088511ffffff,,1.0,2.0,False,,0.0,0.0,,,,+912071177430,https://www.practo.com/pune/hospital/kedarnath-general-hospital-tingare-nagar?referrer=hospital_listing,,VN,practo,,1.0,canonical,484,Q2,,Mid-Market,0.202331
hosp_1dde109c3fcea875,Vedant Hospital,vedant hospital,Pune,Hospital,Ranjangaon,,18.7602361,74.253135,87608e2b5ffffff,,1.0,2.0,False,,0.0,0.0,,,,+912071177436,https://www.practo.com/pune/hospital/vedant-hospital-1-ranjangaon?referrer=hospital_listing,,active,practo,,1.0,canonical,485,Q2,,Mid-Market,0.202331
hosp_51a4c2ef4c20d0b6,Anjali Mukerjee Health Total,anjali mukerjee health total,Pune,Hospital,Aundh,,18.561022,73.810759,876088424ffffff,,1.0,2.0,False,5.0,200.0,200.0,,,,+912071177303,https://www.practo.com/pune/hospital/anjali-mukerjee-health-total-aundh?referrer=hospital_listing,https://images1-fabric.practo.com/anjali-mukerjee-health-total-pune-1477570634-5811f04abb5fd.png,VN,practo,,1.0,canonical,486,Q2,,Mid-Market,0.202331
hosp_7b0dfd0c5f85b5ec,Anjali Mukerjee Health Total,anjali mukerjee health total,Pune,Hospital,Pimpri-Chinchwad,,18.627663,73.803443,876088433ffffff,,1.0,2.0,False,5.0,300.0,300.0,,,,+912071177319,https://www.practo.com/pune/hospital/anjali-mukerjee-health-total-pimpri?referrer=hospital_listing,https://images1-fabric.practo.com/anjali-mukerjee-health-total-pune-1477575043-58120183b21eb.png,VN,practo,,1.0,canonical,487,Q2,,Mid-Market,0.202331
hosp_fac2733bb91fa19d,Shirke Hospital,shirke hospital,Pune,Hospital,Wakad,,18.6072183,73.77231,876088400ffffff,,2.0,1.0,False,,200.0,200.0,,,,+912071177323,https://www.practo.com/pune/hospital/shirke-hospital-wakad?referrer=hospital_listing,,VN,practo,,1.0,canonical,488,Q1,,Economy,0.202228
hosp_4d7e9c425dfa2b74,Wellness hospital ,wellness hospital,Pune,Hospital,Shikrapur,,18.6962951,74.1394939,87608e21affffff,,2.0,1.0,False,,0.0,0.0,,,,+912048553247,https://www.practo.com/pune/hospital/wellness-hospital-shikrapur?referrer=hospital_listing,,VN,practo,,1.0,canonical,489,Q1,,Economy,0.202228
hosp_0062c0dafe511519,"Dr Agarwals Eye Hospital, Shitole Nagar, Pune",dr agarwals eye hospital shitole nagar pune,Pune,Hospital,Old Sangvi,,18.576301,73.817391,876088426ffffff,,2.0,1.0,False,,0.0,0.0,,,,+914049174245,https://www.practo.com/pune/hospital/dr-agarwals-eye-hospital-shitole-nagar-pune-old-sangvi?referrer=hospital_listing,,VN,practo,,1.0,canonical,490,Q1,,Economy,0.202228
hosp_0f2752729a3fff0c,Battisi Dental Care,battisi dental care,Pune,Hospital,Aundh,,18.558007,73.80752,876088424ffffff,,2.0,1.0,False,4.0,100.0,200.0,,,,+912248977836,https://www.practo.com/pune/hospital/dr-khanna-s-complete-gum-dental-care-center?referrer=hospital_listing,https://images1-fabric.practo.com/practices/988501/battisi-dental-care-pune-5dc26a9ba7874.jpg,VN,practo,,1.0,canonical,491,Q1,,Economy,0.202228
hosp_af5744164b0b3e1d,Sabka Dentist,sabka dentist,Pune,Hospital,Kondhwa,,18.477871,73.8900846,876088523ffffff,,2.0,1.0,False,4.0,0.0,0.0,,,,+912248933641,https://www.practo.com/pune/hospital/sabka-dentist-kondhwa?referrer=hospital_listing,,VN,practo,,1.0,canonical,492,Q1,,Economy,0.202228
hosp_2e8f8002024af9b3,Prathamesh ENT and Cancer Hospital,prathamesh ent cancer hospital,Pune,Hospital,Moshi,,18.648913614416,73.850306868553,87608858dffffff,,1.0,1.0,True,,300.0,300.0,3.0,10.0,,+912071177316,https://www.practo.com/pune/hospital/prathamesh-ent-and-cancer-hospital-moshi?referrer=hospital_listing,https://images1-fabric.practo.com/practices/1160996/prathamesh-ent-and-cancer-hospital-pune-59e231c29b525.jpg,VN,practo,,1.0,canonical,493,Q1,,Economy,0.20119
hosp_243f6db426c50b6a,Amrutaarnav Ayurvedic And Panchakarma Chikitsalaya,amrutaarnav ayurvedic panchakarma chikitsalaya,Pune,Hospital,Baner Road,,18.564073840072606,73.7803065776825,876088421ffffff,,1.0,1.0,False,,150.0,150.0,,9.0,,+912071177303,https://www.practo.com/pune/hospital/amrutaarnav-ayurvedic-and-panchakarma-chikitsalaya-baner-road?referrer=hospital_listing,https://images1-fabric.practo.com/amrutaarnav-ayurvedic-and-panchakarma-chikitsalaya-pune-1476775965-5805d01d0bfec.jpg,VN,practo,,1.0,canonical,494,Q1,,Economy,0.201095
hosp_1d3f001bf4abe515,"Bhange Hospital, Shukrawar Peth",bhange hospital shukrawar peth,Pune,Hospital,Shukrawar Peth,,18.50874,73.854881,876088501ffffff,,1.0,1.0,False,,350.0,350.0,,8.0,,+912071177321,https://www.practo.com/pune/hospital/bhange-hospital-shukrawar-peth-shukrawar-peth?referrer=hospital_listing,,VN,practo,,1.0,canonical,495,Q1,,Economy,0.201001
hosp_0846677d2e361b5c,Triveni Hospital,triveni hospital,Pune,Hospital,Pimpri-Chinchwad,,18.633658921035977,73.76486610621214,876088402ffffff,,1.0,1.0,False,,300.0,300.0,,8.0,,+912071177436,https://www.practo.com/pune/hospital/physiotherpy-clinic-at-triveni-hospital-pimpri-chinchwad?referrer=hospital_listing,,VN,practo,,1.0,canonical,496,Q1,,Economy,0.201001
hosp_a10c4481ede07fe1,5Th Sense Animal Health Care,5th sense animal health care,Pune,Hospital,Baner,,18.54830614579856,73.77023354172707,876088421ffffff,,1.0,1.0,False,,300.0,300.0,,7.0,,+912071177303,https://www.practo.com/pune/hospital/5th-sense-animal-health-care-baner-baner?referrer=hospital_listing,https://images1-fabric.practo.com/practices/704367/5th-sense-animal-health-care-pune-67e53b9558e1e.jpg,VN,practo,,1.0,canonical,497,Q1,,Economy,0.200906
hosp_fef9eb84fc433c50,Dr. Madrewar Chest and General Hospital,dr madrewar chest general hospital,Pune,Hospital,Bhosari,,18.629261,73.844329,876088436ffffff,,1.0,1.0,False,,200.0,200.0,,7.0,,+912048553253,https://www.practo.com/pune/hospital/dr-madrewar-chest-and-general-hospital-bhosari-2?referrer=hospital_listing,,VN,practo,,1.0,canonical,498,Q1,,Economy,0.200906
hosp_e9b1239b95ec03e1,Dr Batra's Positive Health Clinic Pvt Ltd,dr batra s positive health clinic,Pune,Hospital,Fatima Nagar,,18.493213,73.900265,876088522ffffff,,1.0,1.0,False,6.0,499.0,499.0,,7.0,,+912071177430,https://www.practo.com/pune/hospital/dr-batras-positive-health-clinic-pvt-ltd-1-fatima-nagar?referrer=hospital_listing,https://images1-fabric.practo.com/practices/1026526/dr-batra-s-positive-health-clinic-pvt-ltd-pune-640c476d2bd7d.png,VN,practo,,1.0,canonical,499,Q1,,Economy,0.200906
hosp_5df46b28c56ccd56,Anjali Mukerjee Health Total,anjali mukerjee health total,Pune,Hospital,Kondhwa,,18.4687142,73.8829322,876088521ffffff,,1.0,1.0,False,5.0,0.0,0.0,,7.0,,+912071177314,https://www.practo.com/pune/hospital/anjali-mukerjee-health-total-kondhwa?referrer=hospital_listing,https://images1-fabric.practo.com/anjali-mukerjee-health-total-pune-1477570504-5811efc8559ec.png,VN,practo,,1.0,canonical,500,Q1,,Economy,0.200906
hosp_1172ba02f8cb431c,Kamat Hospital,kamat hospital,Pune,Hospital,Kharadi,,18.56176087675061,73.93828953425782,87608e249ffffff,,1.0,1.0,False,,800.0,800.0,,4.0,,+912071177314,https://www.practo.com/pune/hospital/kamat-hospital-kharadi?referrer=hospital_listing,,VN,practo,,1.0,canonical,501,Q1,,Economy,0.200624
hosp_3d8f8bb8fc234f72,Shri Samarth Hospital,shri samarth hospital,Pune,Hospital,Rasta Peth,,,,,,1.0,1.0,False,,500.0,500.0,,4.0,,+912071177319,https://www.practo.com/pune/hospital/shri-samarth-hospital-rasta-peth?referrer=hospital_listing,,VN,practo,,0.6,canonical,502,Q1,,Economy,0.200624
hosp_a74829e42692aaef,"THE EYE CLINIC, CHAVAN HOSPITAL",eye clinic chavan hospital,Pune,Hospital,Pimpri-Chinchwad,,18.63313038898,73.816753718893,876088433ffffff,,1.0,1.0,False,,400.0,400.0,,4.0,,+912071177319,https://www.practo.com/pune/hospital/chavan-eye-hospital-pimpri?referrer=hospital_listing,https://images1-fabric.practo.com/practices/1160292/chavan-eye-clinic-pune-59d71df002b4f.jpg,VN,practo,,1.0,canonical,503,Q1,,Economy,0.200624
hosp_5723c24f83a6cf33,Samarath Eye Hospital,samarath eye hospital,Pune,Hospital,Pimpri-Chinchwad,,18.625855,73.802128,876088433ffffff,,1.0,1.0,False,,250.0,250.0,,4.0,,+912071177319,https://www.practo.com/pune/hospital/samarath-eye-hospital-pimpri-chinchwad-1?referrer=hospital_listing,,VN,practo,,1.0,canonical,504,Q1,,Economy,0.200624
hosp_d2ccaf86ca993226,Medicare Multispeciality Hospital,medicare multispeciality hospital,Pune,Hospital,Magarpatta City,,18.512137424772,73.937347820029,876088530ffffff,,1.0,1.0,False,,200.0,200.0,,4.0,,+912071177316,https://www.practo.com/pune/hospital/gynecologist-magarpatta-city?referrer=hospital_listing,https://images1-fabric.practo.com/medicare-multispeciality-hospital-pune-1476874085-58074f65cf44e.jpg,VN,practo,,1.0,canonical,505,Q1,,Economy,0.200624
hosp_dff04f3905b4ad98,"Physiotherapy Department, Vimal Multi Specialty Hospital",physiotherapy department vimal multi specialty hospital,Pune,Hospital,Dhanori,,18.597205507362,73.908399403633,876088512ffffff,,1.0,1.0,False,,200.0,200.0,,4.0,,+912248932701,https://www.practo.com/pune/hospital/physiotherapy-department-vimal-multi-specialty-hospital-dhanori?referrer=hospital_listing,,VN,practo,,1.0,canonical,506,Q1,,Economy,0.200624
hosp_2291aa6eece814fd,Meera Hospital,meera hospital,Pune,Hospital,Camp,,18.502279,73.87471,876088505ffffff,,1.0,1.0,False,,500.0,500.0,,3.0,,+912071177305,https://www.practo.com/pune/hospital/meera-hospital-camp?referrer=hospital_listing,,VN,practo,,1.0,canonical,507,Q1,,Economy,0.20053
hosp_565a57eed84af983,Healing Touch Hospital,healing touch hospital,Pune,Hospital,Pimple Saudagar,,18.5994749,73.7924983,876088404ffffff,,1.0,1.0,False,,0.0,300.0,,3.0,,+912071177318,https://www.practo.com/pune/hospital/healing-touch-hospital-pimple-saudagar?referrer=hospital_listing,,VN,practo,,1.0,canonical,508,Q1,,Economy,0.20053
hosp_f0fc3d97be678d41,Agarwal Maternity & General Hospital,agarwal maternity general hospital,Pune,Hospital,Chandan Nagar,,,,,,1.0,1.0,False,,400.0,400.0,,3.0,,+912071177305,https://www.practo.com/pune/hospital/agarwal-maternity-general-hospital-chandan-nagar?referrer=hospital_listing,,VN,practo,,0.6,canonical,509,Q1,,Economy,0.20053
hosp_7f127b599a0c4b3a,Lunavat Hospital,lunavat hospital,Pune,Hospital,Rasta Peth,,18.50980763444315,73.84660005569458,87608850cffffff,,1.0,1.0,False,,400.0,400.0,,3.0,,+912071177319,https://www.practo.com/pune/hospital/lunavat-hospital-rasta-peth?referrer=hospital_listing,,VN,practo,,1.0,canonical,510,Q1,,Economy,0.20053
hosp_61cdf2cfea7b33cd,Machave Hospital,machave hospital,Pune,Hospital,Kothrud,,18.50311566948089,73.79878163337708,876088509ffffff,,1.0,1.0,False,,500.0,500.0,,3.0,,+912071177315,https://www.practo.com/pune/hospital/machave-hospital-kothrud-1-1?referrer=hospital_listing,https://images1-fabric.practo.com/553b4a2c979704156947099b62cdc751196a76946299f.JPG,VN,practo,,1.0,canonical,511,Q1,,Economy,0.20053
hosp_441a79b8c5185540,Padmavathi Healthcare Research & Hospitals Pvt. Ltd.,padmavathi healthcare research hospitals,Pune,Hospital,Lohegaon,,18.593965156695,73.940723807532,8760885a5ffffff,,1.0,1.0,False,,300.0,300.0,,3.0,,+912048556725,https://www.practo.com/pune/hospital/padmavathi-healthcare-research-hospitals-pvt-ltd-lohegaon?referrer=hospital_listing,https://images1-fabric.practo.com/practices/1246699/padmavathi-healthcare-research-hospitals-pvt-ltd-pune-5c8a249e3ba24.jpg,VN,practo,,1.0,canonical,512,Q1,,Economy,0.20053
hosp_3bce09a237b2f65b,Prathima Eye Hospital And Polyclinic,prathima eye hospital polyclinic,Pune,Hospital,Pimple Saudagar,,18.581786,73.816067,876088426ffffff,,1.0,1.0,False,,300.0,300.0,,2.0,,+912071177318,https://www.practo.com/pune/hospital/prathima-eye-hospital-and-polyclinic-pimple-saudagar?referrer=hospital_listing,,VN,practo,,1.0,canonical,513,Q1,,Economy,0.200436
hosp_9d33fd371d83bae1,Ketkar Nursing Home,ketkar nursing home,Pune,Hospital,Shivajinagar,,18.5203541,73.8434545,87608850effffff,,1.0,1.0,False,,400.0,400.0,,2.0,,+912048553587,https://www.practo.com/pune/hospital/ketkar-nursing-home-shivajinagar?referrer=hospital_listing,https://images1-fabric.practo.com/practices/1186501/ketkar-nursing-home-pune-5ae1b02e858e3.jpeg,VN,practo,,1.0,canonical,514,Q1,,Economy,0.200436
hosp_4058e40e252bb46b,Dr Pagare Speciality Hospital & Critical Care Center,dr pagare speciality hospital critical care center,Pune,Hospital,Sangvi,,18.5890469,73.8167332,876088435ffffff,,1.0,1.0,False,,150.0,150.0,,2.0,,+912071177320,https://www.practo.com/pune/hospital/dr-pagare-speciality-hospital-critical-care-center-pimple-gurav?referrer=hospital_listing,,VN,practo,,1.0,canonical,515,Q1,,Economy,0.200436
hosp_3e742848586944c5,Dr. Sunil Wankhede Multispecialty Hospital,dr sunil wankhede multispecialty hospital,Pune,Hospital,Dehu Road,,18.672104678975,73.734140396118,876088418ffffff,,1.0,1.0,False,,100.0,150.0,,2.0,,+912071187163,https://www.practo.com/pune/hospital/dr-sunil-wankhede-multispeciality-hospital-dehu-road?referrer=hospital_listing,,VN,practo,,1.0,canonical,516,Q1,,Economy,0.200436
hosp_bd54d211e3dc7bd1,Burute Hospital,burute hospital,Pune,Hospital,Vishrantwadi,,18.552721,73.889645,876088511ffffff,,1.0,1.0,False,,300.0,300.0,,2.0,,+912071177323,https://www.practo.com/pune/hospital/burute-hospital-vishrantwadi?referrer=hospital_listing,,VN,practo,,1.0,canonical,517,Q1,,Economy,0.200436
hosp_9757c931a4eacc3a,Aditya Homoeopahic Hospital,aditya homoeopahic hospital,Pune,Hospital,Pimpri-Chinchwad,,18.633554,73.807025,876088433ffffff,,1.0,1.0,False,,0.0,0.0,,2.0,,+912071177319,https://www.practo.com/pune/hospital/aditya-homoeopahic-hospital-pimpri?referrer=hospital_listing,,VN,practo,,1.0,canonical,518,Q1,,Economy,0.200436
hosp_3ae7d5a3edcbaf22,Kirad Hospital,kirad hospital,Pune,Hospital,Nana Peth,,18.5141428,73.8686097,876088501ffffff,,1.0,1.0,False,,500.0,500.0,,,,+912071177317,https://www.practo.com/pune/hospital/dr-chetna-kirad-camp?referrer=hospital_listing,,VN,practo,,1.0,canonical,519,Q1,,Economy,0.200248
hosp_7735fe352d0809bc,Universal Hospital,universal hospital,Pune,Hospital,Kasba Peth,,18.5215111,73.8534659,87608850effffff,,1.0,1.0,False,,0.0,0.0,,,,+912248932501,https://www.practo.com/pune/hospital/universal-hospital-5-kasba-peth-10?referrer=hospital_listing,https://images1-fabric.practo.com/universal-hospital-pune-1476783561-5805edc9d4422.jpg,VN,practo,,1.0,canonical,520,Q1,,Economy,0.200248
hosp_466444f65d0a8040,Talera Hospital,talera hospital,Pune,Hospital,Pimpri-Chinchwad,,18.625556,73.784005,876088406ffffff,,1.0,1.0,False,,500.0,500.0,,,,+912071177306,https://www.practo.com/pune/hospital/talera-hospital-chinchwad-1?referrer=hospital_listing,,VN,practo,,1.0,canonical,521,Q1,,Economy,0.200248
hosp_caf4e5fc5a317a37,Asian Hospital,asian hospital,Pune,Hospital,Bavdhan,,18.4993793771,73.7537350045,876088551ffffff,,1.0,1.0,False,,0.0,0.0,,,,+912048553859,https://www.practo.com/pune/hospital/asian-hospital-2-bavdhan?referrer=hospital_listing,,active,practo,,1.0,canonical,522,Q1,,Economy,0.200248
hosp_244fd5f7bb3ac29c,Vibhute Hospital,vibhute hospital,Pune,Hospital,Swargate,,18.5043316,73.8520031,876088501ffffff,,1.0,1.0,False,,300.0,300.0,,,,+912071177322,https://www.practo.com/pune/hospital/vibhute-hospital-swargate?referrer=hospital_listing,,VN,practo,,1.0,canonical,523,Q1,,Economy,0.200248
hosp_00d7fec7e73e83c6,Tarachandra Hospital and Ekagrata Research Centre,tarachandra hospital ekagrata research centre,Pune,Hospital,Narayangaon,,18.52043,73.856744,876088501ffffff,,1.0,1.0,False,,70.0,70.0,,,,+912071177317,https://www.practo.com/pune/hospital/tarachandra-hospital-and-ekagrata-research-centre-narayangaon?referrer=hospital_listing,,VN,practo,,1.0,canonical,524,Q1,,Economy,0.200248
hosp_459b2a9253d54af1,Mauli Accident And Multi Speciality Hospital,mauli accident multi speciality hospital,Pune,Hospital,Alephata,,19.182665,74.097568,87608ad4effffff,,1.0,1.0,False,,300.0,300.0,,,,+912071177302,https://www.practo.com/pune/hospital/drharshal-alephata?referrer=hospital_listing,,VN,practo,,1.0,canonical,525,Q1,,Economy,0.200248
hosp_8899a2de152c5760,Om Hospital Bavdhan,om hospital bavdhan,Pune,Hospital,Bavdhan,,18.51827204843909,73.77471685409546,876088550ffffff,,1.0,1.0,False,,500.0,500.0,,,,+912071177304,https://www.practo.com/pune/hospital/om-hospital-bavdhan-bavdhan?referrer=hospital_listing,,VN,practo,,1.0,canonical,526,Q1,,Economy,0.200248
hosp_61987b84cd998ca3,Marathe Hospital,marathe hospital,Pune,Hospital,Swargate,,18.496813,73.856314,87608852affffff,,1.0,1.0,False,,600.0,600.0,,,,+912071177322,https://www.practo.com/pune/hospital/marathe-hospital-swargate?referrer=hospital_listing,,VN,practo,,1.0,canonical,527,Q1,,Economy,0.200248
hosp_be169e46c9b82b0b,Jyoti Homoeopathy Research Hospital,jyoti homoeopathy research hospital,Pune,Hospital,Pimple Saudagar,,18.592648276737,73.78508258611,876088404ffffff,,1.0,1.0,False,,300.0,300.0,,,,+912071177319,https://www.practo.com/pune/hospital/jyoti-homoeopathy-research-hospital-pimple-saudagar?referrer=hospital_listing,,VN,practo,,1.0,canonical,528,Q1,,Economy,0.200248
hosp_84cb4bfcc41d21fb,ASG Eye Hospital,asg eye hospital,Pune,Hospital,Pimple Saudagar,,18.596836271908,73.790624196808,876088404ffffff,,1.0,1.0,False,,0.0,0.0,,,,+912071187083,https://www.practo.com/pune/hospital/asg-eye-hospital-11-pimple-saudagar-2?referrer=hospital_listing,,VN,practo,,1.0,canonical,529,Q1,,Economy,0.200248
hosp_139f60ccf115f000,Devashri Hospital,devashri hospital,Pune,Hospital,Padmavati,,18.476454584631757,73.85518312454224,876088528ffffff,,1.0,1.0,False,,80.0,80.0,,,,+912071177317,https://www.practo.com/pune/hospital/devashri-hospital-padmavati?referrer=hospital_listing,,VN,practo,,1.0,canonical,530,Q1,,Economy,0.200248
hosp_816d0a9a1ce53605,Om Hospital And Polyclinic,om hospital polyclinic,Pune,Hospital,Akurdi,,18.633843,73.781621,876088402ffffff,,1.0,1.0,False,,250.0,250.0,,,,+912071177302,https://www.practo.com/pune/hospital/om-hospital-and-polyclinic-akurdi?referrer=hospital_listing,,VN,practo,,1.0,canonical,531,Q1,,Economy,0.200248
hosp_4d9462bf5b9ca10f,Dr Jadhav Children Hospital & Saideep Children's Clinic,dr jadhav children hospital saideep children s clinic,Pune,Hospital,Dighi Camp,,18.622481823743,73.86896565556526,8760885abffffff,,1.0,1.0,False,,200.0,200.0,,,,+912248932501,https://www.practo.com/pune/hospital/dr-jadhav-children-hospital-saideep-children-s-clinic-dighi-camp?referrer=hospital_listing,,VN,practo,,1.0,canonical,532,Q1,,Economy,0.200248
hosp_6558cd1f2368746d,Dr.Ranjeet Hospital,dr ranjeet hospital,Pune,Hospital,Hinjewadi,,18.5905371,73.7388564,87608842affffff,,1.0,1.0,False,,0.0,0.0,,,,+912071185853,https://www.practo.com/pune/hospital/dr-ranjeet-hospital-hinjewadi?referrer=hospital_listing,,VN,practo,,1.0,canonical,533,Q1,,Economy,0.200248
hosp_e2988e3fffc16978,Arylok Hospital,arylok hospital,Pune,Hospital,Sinhagad Road,,18.476986,73.822851,876088576ffffff,,1.0,1.0,False,,200.0,200.0,,,,+912071177321,https://www.practo.com/pune/hospital/arylok-hospital-sinhagad-road?referrer=hospital_listing,https://images1-fabric.practo.com/55294001250a6f3494d48b55cc0453893187b7a2b9839.JPG,VN,practo,,1.0,canonical,534,Q1,,Economy,0.200248
hosp_16866492e534c07d,Sathe Hospital,sathe hospital,Pune,Hospital,Dhanori,,18.60589528406501,73.91004100441933,8760885a1ffffff,,1.0,1.0,False,,200.0,200.0,,,,+912071172550,https://www.practo.com/pune/hospital/sathe-hospital-2-nagar-road?referrer=hospital_listing,https://images1-fabric.practo.com/practices/1188598/sathe-hospital-pune-65d36012869ff.png,VN,practo,,1.0,canonical,535,Q1,,Economy,0.200248
hosp_5105a2111a988c1d,Rode Hospital,rode hospital,Pune,Hospital,Dighi Camp,,18.622268,73.86898,8760885a8ffffff,,1.0,1.0,False,,60.0,60.0,,,,+912071177307,https://www.practo.com/pune/hospital/rode-hospital?referrer=hospital_listing,,VN,practo,,1.0,canonical,536,Q1,,Economy,0.200248
hosp_53779e12c65b762f,Orange Dental Hospital,orange dental hospital,Pune,Hospital,Vishrantwadi,,18.578179872874433,73.8751682639122,87608851effffff,,1.0,1.0,False,,200.0,200.0,,,,+912071177323,https://www.practo.com/pune/hospital/dr-pol-s-advanced-dental-care-center-vishrantwadi-1?referrer=hospital_listing,https://images1-fabric.practo.com/orange-dental-hospital-pune-1468140321-57820b21cd04a.jpg,VN,practo,,1.0,canonical,537,Q1,,Economy,0.200248
hosp_cc0981e5996f8998,DR. KHANADE HOSPITAL ,dr khanade hospital,Pune,Hospital,Bibvewadi,,18.486309736732,73.857881583797,87608852affffff,,1.0,1.0,False,,800.0,800.0,,,,+912071188518,https://www.practo.com/pune/hospital/dr-khanade-hospital-bibvewadi?referrer=hospital_listing,https://images1-fabric.practo.com/practices/1245418/dr-khanade-hospital-pune-5c780655aa839.jpg,VN,practo,,1.0,canonical,538,Q1,,Economy,0.200248
hosp_aacddced3ea37233,Global Hospital & Research Centre,global hospital research centre,Pune,Hospital,Sinhagad Road,,,,,,1.0,1.0,False,,300.0,300.0,,,,+912071177321,https://www.practo.com/pune/hospital/global-hospital-research-centre-sinhagad-road?referrer=hospital_listing,,VN,practo,,0.6,canonical,539,Q1,,Economy,0.200248
hosp_85375f5076da95c5,bharati ayurveda hospital,bharati ayurveda hospital,Pune,Hospital,Katraj,,18.460486728009357,73.85629523545504,876088528ffffff,,1.0,1.0,False,,150.0,150.0,,,,+912071177314,https://www.practo.com/pune/hospital/ayurveda-119-chaitanya-nagar?referrer=hospital_listing,,VN,practo,,1.0,canonical,540,Q1,,Economy,0.200248
hosp_fe7559dc8daf2da7,Mahesh Smruti Multispeciality Hospital,mahesh smruti multispeciality hospital,Pune,Hospital,Bhekrai Nagar,,18.4967729,73.9616078,876088c9affffff,,1.0,1.0,False,,0.0,0.0,,,,+918037298997,https://www.practo.com/pune/hospital/mahesh-smruti-multispeciality-hospital-bhekrai-nagar?referrer=hospital_listing,,VN,practo,,1.0,canonical,541,Q1,,Economy,0.200248
hosp_061b8c84b88c7fb2,Talesara Hospital,talesara hospital,Pune,Hospital,Yerwada,,,,,,1.0,1.0,False,,400.0,400.0,,,,+912071177324,https://www.practo.com/pune/hospital/talesara-hospital-yerwada-675149?referrer=hospital_listing,,VN,practo,,0.6,canonical,542,Q1,,Economy,0.200248
hosp_28755fb6919ab369,Kadam Dental Hospital,kadam dental hospital,Pune,Hospital,Pimpri-Chinchwad,,18.595071,73.760828,876088405ffffff,,1.0,1.0,False,,0.0,0.0,,,,+912071177306,https://www.practo.com/pune/hospital/ident-dental-clinic-chinchwad?referrer=hospital_listing,,VN,practo,,1.0,canonical,543,Q1,,Economy,0.200248
hosp_7ad5c4b87acb4c89,"Ranka Hospital, Pune",ranka hospital pune,Pune,Hospital,Gultekdi,,18.4949949,73.8617867,87608852affffff,,1.0,1.0,False,,0.0,0.0,,,,+912048553257,https://www.practo.com/pune/hospital/ranka-hospital-pune-gultekdi?referrer=hospital_listing,,VN,practo,,1.0,canonical,544,Q1,,Economy,0.200248
hosp_6637a126922a1780,Rajvaidya Ayurvedic Super speciality Panchakarma Hospital,rajvaidya ayurvedic super speciality panchakarma hospital,Pune,Hospital,Pimple Saudagar,,18.593821,73.803871,876088422ffffff,,1.0,1.0,False,,200.0,200.0,,,,+912071177318,https://www.practo.com/pune/hospital/rajvaidya-ayurvedic-super-speciality-panchakarma-hospital-pimple-saudagar?referrer=hospital_listing,https://images1-fabric.practo.com/54fbe01ab885c6c851670beee739e6548d14e058a6211.png,VN,practo,,1.0,canonical,545,Q1,,Economy,0.200248
hosp_2bd2c1c66c5866a9,Bade Accident and Multispecialty Hospital,bade accident multispecialty hospital,Pune,Hospital,Somatne Phata,,18.7026366207,73.6868970608,8760884f1ffffff,,1.0,1.0,False,,0.0,0.0,,,,+912071533850,https://www.practo.com/pune/hospital/bade-accident-and-multispecialty-hospital-somatne-phata?referrer=hospital_listing,,VN,practo,,1.0,canonical,546,Q1,,Economy,0.200248
hosp_9b9ab2fc03cf882e,Kawade Hospital,kawade hospital,Pune,Hospital,Narayangaon,,19.117569,73.977038,87608a881ffffff,,1.0,1.0,False,,0.0,0.0,,,,+912048553247,https://www.practo.com/pune/hospital/kawade-hospital-narayangaon?referrer=hospital_listing,,VN,practo,,1.0,canonical,547,Q1,,Economy,0.200248
hosp_4d57248978220899,Shri Samarth Hospital,shri samarth hospital,Pune,Hospital,Chimbali,,18.6978068944,73.8473912526,8760884a4ffffff,,1.0,1.0,False,,0.0,0.0,,,,+912071177303,https://www.practo.com/pune/hospital/shri-samarth-hospital-1-chimbali?referrer=hospital_listing,,VN,practo,,1.0,canonical,548,Q1,,Economy,0.200248
hosp_2a3804943188be49,"Vatsalya Hospital, Pune",vatsalya hospital pune,Pune,Hospital,Raghoba Patil Nagar,,18.539357,73.934715,876088532ffffff,,1.0,1.0,False,,0.0,0.0,,,,+912048566751,https://www.practo.com/pune/hospital/vatsalya-hospital-pune-1-raghoba-patil-nagar?referrer=hospital_listing,,VN,practo,,1.0,canonical,549,Q1,,Economy,0.200248
hosp_8e90ace317c6239d,Krishna Hospital,krishna hospital,Pune,Hospital,Pimpalgaon Tarf Khed,,18.7365997,73.9519036,876088596ffffff,,1.0,1.0,False,,0.0,0.0,,,,+912048553256,https://www.practo.com/pune/hospital/krishna-hospital-13-pimpalgaon-tarf-khed?referrer=hospital_listing,,VN,practo,,1.0,canonical,550,Q1,,Economy,0.200248
hosp_2cb2301e199cb5c6,balaji hospital,balaji hospital,Pune,Hospital,Sawardari,,18.7868309,73.7779657,876088483ffffff,,1.0,1.0,False,,0.0,0.0,,,,+912071173262,https://www.practo.com/pune/hospital/balaji-hospital-1-sawardari?referrer=hospital_listing,,VN,practo,,1.0,canonical,551,Q1,,Economy,0.200248
hosp_76686393eac9f959,IVAA Multi-Speciality Hospital,ivaa multi speciality hospital,Pune,Hospital,Sus,,18.5616972,73.7585626,87608842effffff,,1.0,1.0,False,,0.0,0.0,,,,+912048553251,https://www.practo.com/pune/hospital/ivaa-multi-speciality-hospital-sus-1?referrer=hospital_listing,,VN,practo,,1.0,canonical,552,Q1,,Economy,0.200248
hosp_0cda7741fb02b2e7,New Life Child Care Clinic And Hospital,new life child care clinic hospital,Pune,Hospital,Thergaon,,18.6146684,73.7856505,876088406ffffff,,1.0,1.0,False,,0.0,0.0,,,,+918037298997,https://www.practo.com/pune/hospital/new-life-child-care-clinic-and-hospital-1-thergaon?referrer=hospital_listing,,VN,practo,,1.0,canonical,553,Q1,,Economy,0.200248
hosp_ece68e17a5af8c06,Global Hospital,global hospital,Pune,Hospital,Kharadi,,18.5526414,73.940253,876088532ffffff,,1.0,1.0,False,,0.0,0.0,,,,+912071533932,https://www.practo.com/pune/hospital/global-hospital-2-kharadi?referrer=hospital_listing,,VN,practo,,1.0,canonical,554,Q1,,Economy,0.200248
hosp_07ab3490b92cbbaa,"Mmf Ratna Memorial Hospital, Wadarvadi, Pune",mmf ratna memorial hospital wadarvadi pune,Pune,Hospital,Senapati Bapat Road,,18.5276694,73.8295571,87608850affffff,,1.0,1.0,False,,0.0,0.0,,,,+918037298996,https://www.practo.com/pune/hospital/mmf-ratna-memorial-hospital-wadarvadi-pune-senapati-bapat-road?referrer=hospital_listing,,VN,practo,,1.0,canonical,555,Q1,,Economy,0.200248
hosp_ac8f0c0e4513806e,"Navjeevan Hospital, Hadapsar, Pune",navjeevan hospital hadapsar pune,Pune,Hospital,Hadapsar Gaon,,18.5020293,73.9317853,876088535ffffff,,1.0,1.0,False,,0.0,0.0,,,,+912071533824,https://www.practo.com/pune/hospital/navjeevan-hospital-hadapsar-pune-hadapsar-gaon?referrer=hospital_listing,,VN,practo,,1.0,canonical,556,Q1,,Economy,0.200248
hosp_4159f4cd6d9c037b,City Care Hospital,city care hospital,Pune,Hospital,Anandnagar,,18.4441688,73.8782947,876088cd2ffffff,,1.0,1.0,False,,0.0,0.0,,,,+912048553253,https://www.practo.com/pune/hospital/city-care-hospital-1-anandnagar?referrer=hospital_listing,,VN,practo,,1.0,canonical,557,Q1,,Economy,0.200248
hosp_d19a808208d2a0e8,SAIDEEP ENT HOSPITAL,saideep ent hospital,Pune,Hospital,Pimpri Waghire,,18.593363,73.799131,876088422ffffff,,1.0,1.0,False,,500.0,500.0,,,,+912048552982,https://www.practo.com/pune/hospital/saideep-ent-hospital-pimpri-waghire?referrer=hospital_listing,,VN,practo,,1.0,canonical,558,Q1,,Economy,0.200248
hosp_56db3068c87fe294,Swaminathan Hospital,swaminathan hospital,Pune,Hospital,Pimpri-Chinchwad,,18.6240247,73.8028958,876088433ffffff,,1.0,1.0,False,,0.0,0.0,,,,+912048553587,https://www.practo.com/pune/hospital/swaminathan-hospital-pimpri-chinchwad?referrer=hospital_listing,,VN,practo,,1.0,canonical,559,Q1,,Economy,0.200248
hosp_e9c4c3ee8d74c4b8,"Sahyadri Hospital, Bibwewadi, Pune",sahyadri hospital bibwewadi pune,Pune,Hospital,Market Yard,,18.4781619,73.8620657,87608852effffff,,1.0,1.0,False,,0.0,0.0,,,,+918037298995,https://www.practo.com/pune/hospital/sahyadri-hospital-bibwewadi-pune-market-yard?referrer=hospital_listing,,VN,practo,,1.0,canonical,560,Q1,,Economy,0.200248
hosp_6880208eb9ec22fa,"Dr Rohit Luthra Arcus Hospital , Pune",dr rohit luthra arcus hospital pune,Pune,Hospital,Wanwadi,,18.4888924,73.8990702,876088523ffffff,,1.0,1.0,False,,0.0,0.0,,,,+918037298996,https://www.practo.com/pune/hospital/dr-rohit-luthra-arcus-hospital-pune-wanwadi?referrer=hospital_listing,,VN,practo,,1.0,canonical,561,Q1,,Economy,0.200248
hosp_c815e78434ee08c0,Harjeevan Hospital,harjeevan hospital,Pune,Hospital,Uruli Kanchan,,18.4875852,74.1370251,87608e340ffffff,,1.0,1.0,False,,0.0,0.0,,,,+912048553247,https://www.practo.com/pune/hospital/harjeevan-hospital-uruli-kanchan?referrer=hospital_listing,,VN,practo,,1.0,canonical,562,Q1,,Economy,0.200248
hosp_e3fef9181b88dcd9,Kamthe Hospital,kamthe hospital,Pune,Hospital,Kasarwadi,,18.6221236,73.868898,8760885a8ffffff,,1.0,1.0,False,,0.0,0.0,,,,+912048552218,https://www.practo.com/pune/hospital/kamthe-hospital-kasarwadi?referrer=hospital_listing,,VN,practo,,1.0,canonical,563,Q1,,Economy,0.200248
hosp_0c7dd6cfd0f28374,Aswini Hospital,aswini hospital,Pune,Hospital,Chikhali,,18.6676388,73.7942575,876088410ffffff,,1.0,1.0,False,,0.0,0.0,,,,+912071177316,https://www.practo.com/pune/hospital/aswini-hospital-chikhali?referrer=hospital_listing,,VN,practo,,1.0,canonical,564,Q1,,Economy,0.200248
hosp_b74bff80b9969f5c,"Shah Accident Hospital, Pune",shah accident hospital pune,Pune,Hospital,Nagar Road,,18.5486399,73.8892884,876088502ffffff,,1.0,1.0,False,,0.0,0.0,,,,+912048553263,https://www.practo.com/pune/hospital/shah-accident-hospital-pune-nagar-road?referrer=hospital_listing,,VN,practo,,1.0,canonical,565,Q1,,Economy,0.200248
hosp_b73b83b3cf6ebaa0,"Talera Hospital, Chinchwad, Pune",talera hospital chinchwad pune,Pune,Hospital,Thergaon,,18.6257022,73.7845808,876088406ffffff,,1.0,1.0,False,,0.0,0.0,,,,+912071173266,https://www.practo.com/pune/hospital/talera-hospital-chinchwad-pune-thergaon?referrer=hospital_listing,,VN,practo,,1.0,canonical,566,Q1,,Economy,0.200248
hosp_5b11abc70d49217b,"Surya Sahyadri Hospital, Kasba Peth, Pune",surya sahyadri hospital kasba peth pune,Pune,Hospital,Dive,,18.5214179,73.8558832,876088501ffffff,,1.0,1.0,False,,0.0,0.0,,,,+912071173266,https://www.practo.com/pune/hospital/surya-sahyadri-hospital-kasba-peth-pune-dive?referrer=hospital_listing,,VN,practo,,1.0,canonical,567,Q1,,Economy,0.200248
hosp_17831a0533eab4d8,Suyog Hospital,suyog hospital,Pune,Hospital,Sambhagi Nagar,,18.4683005,73.8555745,876088528ffffff,,1.0,1.0,False,,0.0,0.0,,,,+912071189378,https://www.practo.com/pune/hospital/suyog-hospital-6-sambhagi-nagar?referrer=hospital_listing,,VN,practo,,1.0,canonical,568,Q1,,Economy,0.200248
hosp_405a188ab0501166,Yashashree Hospital,yashashree hospital,Pune,Hospital,Hadapsar Gaon,,18.5021076,73.928925,876088535ffffff,,1.0,1.0,False,,0.0,0.0,,,,+912071185421,https://www.practo.com/pune/hospital/yashashree-hospital-hadapsar-gaon?referrer=hospital_listing,,VN,practo,,1.0,canonical,569,Q1,,Economy,0.200248
hosp_76eb3b3cf2d0cd19,"Lokmanya Hospital, Chinchwad, Pune",lokmanya hospital chinchwad pune,Pune,Hospital,Punawale,,18.637315,73.7902847,876088415ffffff,,1.0,1.0,False,,0.0,0.0,,,,+912071173262,https://www.practo.com/pune/hospital/lokmanya-hospital-chinchwad-pune-punawale?referrer=hospital_listing,,VN,practo,,1.0,canonical,570,Q1,,Economy,0.200248
hosp_06fad8f531222250,Tulajabhavani hospital junnar,tulajabhavani hospital junnar,Pune,Hospital,Junnar,,19.207965500815224,73.87287497520447,87608a105ffffff,,1.0,1.0,False,,0.0,0.0,,,,+912071177312,https://www.practo.com/pune/hospital/tulajabhavani-hospital-junnar-junnar?referrer=hospital_listing,,VN,practo,,1.0,canonical,571,Q1,,Economy,0.200248
hosp_3faa260e1c2725eb,"Borikar Multi Speciality Hospital, Pune",borikar multi speciality hospital pune,Pune,Hospital,Warje Malwadi,,18.480231,73.8030809,876088572ffffff,,1.0,1.0,False,,500.0,500.0,,,,+912071533932,https://www.practo.com/pune/hospital/borikar-multi-speciality-hospital-pune-warje-malwadi?referrer=hospital_listing,,VN,practo,,1.0,canonical,572,Q1,,Economy,0.200248
hosp_987b87fef6b9c6ae,Jeevan Hospital,jeevan hospital,Pune,Hospital,Pirangut,,18.507284506961145,73.70260834693909,876088558ffffff,,1.0,1.0,False,,100.0,100.0,,,,,https://www.practo.com/pune/hospital/jeevan-hospital-model-colony?referrer=hospital_listing,,active,practo,,1.0,canonical,573,Q1,,Economy,0.200248
hosp_83eaf9daf7e9b025,Goyal Hospital ,goyal hospital,Pune,Hospital,Dehu Road,,18.6689983,73.7267201,87608841bffffff,,1.0,1.0,False,,400.0,400.0,,,,+912071177307,https://www.practo.com/pune/hospital/wellness-centre-20-dehu-road?referrer=hospital_listing,,VN,practo,,1.0,canonical,574,Q1,,Economy,0.200248
hosp_35a52d6d0a1d6faf,City Care Hospital,city care hospital,Pune,Hospital,Mundhwa,,18.545125,73.9220895,876088533ffffff,,1.0,1.0,False,,0.0,0.0,,,,+912071173263,https://www.practo.com/pune/hospital/city-care-hospital-1-mundhwa?referrer=hospital_listing,,VN,practo,,1.0,canonical,575,Q1,,Economy,0.200248
hosp_bcb20c36dc156eb4,Chaitanya Hospital ,chaitanya hospital,Pune,Hospital,Otur,,19.2637365919,73.9807476785,87608ac4cffffff,,1.0,1.0,False,,0.0,0.0,,,,+912048553255,https://www.practo.com/pune/hospital/chaitanya-hospital-2-otur?referrer=hospital_listing,,active,practo,,1.0,canonical,576,Q1,,Economy,0.200248
hosp_6df36c7e94a588c2,Ashwini Dental Clinic,ashwini dental clinic,Pune,Hospital,Khadki Bazar,,18.567086852419997,73.8501888513565,876088518ffffff,,1.0,1.0,False,1.0,200.0,200.0,,,,+912071177314,https://www.practo.com/pune/hospital/ashwini-dental-clinic-pimple-saudagar?referrer=hospital_listing,https://images1-fabric.practo.com/55891889a3d98487ebc787aeba9b73f6229598c88245a.jpg,VN,practo,,1.0,canonical,577,Q1,,Economy,0.200248
hosp_605c70ca7dc6174f,Shriram Laboratory & Diagnostic Centers,shriram laboratory diagnostic centers,Pune,Hospital,Sinhagad Road,,18.464548477021,73.816473484039,876088576ffffff,,1.0,1.0,False,3.0,100.0,100.0,,,,+912071177321,https://www.practo.com/pune/hospital/shriram-laboratories-vadgaon-kashimbeg?referrer=hospital_listing,https://images1-fabric.practo.com/practices/1176695/shriram-laboratory-diagnostic-centers-pune-5a74683f69d6f.jpg,VN,practo,,1.0,canonical,578,Q1,,Economy,0.200248
hosp_d596eaf04408d540,P.H. Diagnostic Centre ( Satara Road),p h diagnostic centre satara road,Pune,Hospital,Satara Road,,18.492059,73.857366,87608852affffff,,1.0,1.0,False,5.0,0.0,0.0,,,,+912048554749,https://www.practo.com/pune/hospital/p-h-diagnostic-centre-satara-road-satara-road?referrer=hospital_listing,,VN,practo,,1.0,canonical,579,Q1,,Economy,0.200248
hosp_ab1b730e1328d92b,Dr Vishal Bhor's Dental Clinic,dr vishal bhor s dental clinic,Pune,Hospital,Akurdi,,18.65132790985418,73.77818495035172,876088411ffffff,,1.0,1.0,False,,100.0,100.0,,,,+912071177302,https://www.practo.com/pune/hospital/dr-vishal-bhor-s-dental-clinic-akurdi-1?referrer=hospital_listing,,VN,practo,,1.0,canonical,580,Q1,,Economy,0.200248
hosp_10bd2333dc2fe1f5,Shriram Laboratories,shriram laboratories,Pune,Hospital,Shukrawar Peth,,18.501953,73.858907,876088501ffffff,,1.0,1.0,False,3.0,0.0,0.0,,,,+912071171708,https://www.practo.com/pune/hospital/shriram-laboratories-shukrawar-peth?referrer=hospital_listing,,VN,practo,,1.0,canonical,581,Q1,,Economy,0.200248
hosp_fa81d9e245b78a5a,Amplifon,amplifon,Pune,Hospital,Dhole Patil Road,,18.533535,73.876594,876088502ffffff,,1.0,1.0,False,,0.0,0.0,,,,+912071177307,https://www.practo.com/pune/hospital/amplifon-dhole-patil-road?referrer=hospital_listing,https://images1-fabric.practo.com/practices/997842/amplifon-pune-593a67f066016.jpg,VN,practo,,1.0,canonical,582,Q1,,Economy,0.200248
hosp_692276cda0ff7a24,Anjali Mukerjee Health Total,anjali mukerjee health total,Pune,Hospital,Deccan Gymkhana,,18.514028,73.835382,87608850cffffff,,1.0,1.0,False,5.0,0.0,0.0,,,,+912071177307,https://www.practo.com/pune/hospital/anjali-mukerjee-health-total-deccan-gymkhana?referrer=hospital_listing,https://images1-fabric.practo.com/anjali-mukerjee-health-total-pune-1477570542-5811efee23d69.png,VN,practo,,1.0,canonical,583,Q1,,Economy,0.200248
hosp_a0092038b09ad950,Anjali Mukerjee Health Total,anjali mukerjee health total,Pune,Hospital,Kalyani Nagar,,18.548222,73.903385,876088515ffffff,,1.0,1.0,False,5.0,0.0,0.0,,,,+912071177312,https://www.practo.com/pune/hospital/anjali-mukerjee-health-total-kalyani-nagar?referrer=hospital_listing,https://images1-fabric.practo.com/anjali-mukerjee-health-total-pune-1477570793-5811f0e923895.png,VN,practo,,1.0,canonical,584,Q1,,Economy,0.200248
hosp_0811f01cc4f3cc9c,Qi Spine Clinic,qi spine clinic,Pune,Hospital,Kothrud,,18.50704373272631,73.80608062047887,876088509ffffff,,1.0,1.0,False,3.0,0.0,0.0,,,,+912271873699,https://www.practo.com/pune/hospital/qi-spine-clinic-1-kothrud?referrer=hospital_listing,,VN,practo,,1.0,canonical,585,Q1,,Economy,0.200248
hosp_10c18622f1c3b43e,Pristyn Care Clinic,pristyn care clinic,Pune,Hospital,Wanowrie,,18.509840442141154,73.9075954495782,876088531ffffff,,1.0,1.0,False,8.0,500.0,500.0,,,,+912249398288,https://www.practo.com/pune/hospital/pristyn-care-clinic-wanowrie?referrer=hospital_listing,https://images1-fabric.practo.com/practices/1346723/pristyn-care-clinic-pune-60d1a7616b841.JPG,VN,practo,,1.0,canonical,586,Q1,,Economy,0.200248
hosp_2edb449d8fcc9b4d,Poona Hospital And Research Centre,poona hospital research centre,Pune,Hospital,Sadashiv Peth,,18.51099,73.84223,87608850cffffff,,22.0,20.0,True,,0.0,2500.0,3.0,41.0,,+912071177320,https://www.practo.com/pune/hospital/poona-hospital-and-research-centre-sadashiv-peth?referrer=hospital_listing,https://images1-fabric.practo.com/poona-hospital-and-research-centre-pune-1467211542-5773df1637745.JPG,VN,practo,,1.0,canonical,587,Q1,,Economy,0.200114
hosp_c83294fdb389eb55,Center For Eye,center for eye,Pune,Hospital,Kharadi,,18.541068945139,73.935627937317,876088532ffffff,,2.0,1.0,True,,700.0,1000.0,3.0,11.0,,+912048556424,https://www.practo.com/pune/hospital/center-for-eye-kharadi-kharadi?referrer=hospital_listing,https://images1-fabric.practo.com/practices/1306245/center-for-eye-pune-676fcf4dc1577.png,VN,practo,,1.0,canonical,588,Q1,,Economy,0.199166
hosp_5bf262274483fb53,Samarth Hospital,samarth hospital,Pune,Hospital,Aundh Camp,,18.512692914417933,73.88492211699486,876088500ffffff,,1.0,,False,,100.0,100.0,,,,+912071177303,https://www.practo.com/pune/hospital/samarth-hospital-aundh-camp?referrer=hospital_listing,,VN,practo,,1.0,canonical,589,Q1,,Economy,0.198164
hosp_aa0639de99af4c33,Global hospital,global hospital,Pune,Hospital,Nagar Road,,18.5493285,73.8889182,876088502ffffff,,1.0,,False,,0.0,0.0,,,,+912071187803,https://www.practo.com/pune/hospital/global-hospital-2-nagar-road?referrer=hospital_listing,,VN,practo,,1.0,canonical,590,Q1,,Economy,0.198164
hosp_8ca6079603702eb5,Atharv Hospital,atharv hospital,Pune,Hospital,Camp,,18.5255,73.8531,87608850effffff,,2.0,4.0,True,,200.0,650.0,3.0,16.0,2014.0,+918037298996,https://www.practo.com/pune/hospital/atharv-hospital-shivajinagar?referrer=hospital_listing,https://images1-fabric.practo.com/practices/1133534/atharv-hospital-pune-58ec8da999a9c.png,VN,practo,,1.0,canonical,591,Q1,,Economy,0.197259
hosp_3f4c9157bf8459ab,Shri Ganga Clinic & Hospital,shri ganga clinic hospital,Pune,Hospital,Laxmi Road,,18.51542603769733,73.8657858967781,876088501ffffff,,2.0,2.0,True,,350.0,400.0,3.5,24.0,,+912071177316,https://www.practo.com/pune/hospital/ganga-clinic-laxmi-road-1?referrer=hospital_listing,https://images1-fabric.practo.com/ganga-clinic-pune-1488275476-58b54814b3535.jpg,VN,practo,,1.0,canonical,592,Q1,,Economy,0.196306
hosp_7319b93d44e83123,Skin City,skin city,Pune,Hospital,Camp,,18.521637,73.876436,876088500ffffff,,2.0,1.0,False,2.0,500.0,1000.0,3.5,1856.0,,+912048553064,https://www.practo.com/pune/hospital/skin-city-camp-aundh?referrer=hospital_listing,https://images1-fabric.practo.com/practices/708113/skincity-camp-pune-5a0a8e83e83d4.jpg,VN,practo,,1.0,canonical,593,Q1,,Economy,0.195986
hosp_6e572bbe9ac58cd4,Usha Kiran Eye Hospital,usha kiran eye hospital,Pune,Hospital,Wakad,,18.613706747394,73.766331262887,876088400ffffff,,1.0,1.0,True,,500.0,500.0,3.5,25.0,,+912071177323,https://www.practo.com/pune/hospital/usha-kiran-eye-hospital-wakad?referrer=hospital_listing,https://images1-fabric.practo.com/practices/1137583/usha-kiran-eye-hospital-pune-5999bfbc5a199.jpg,VN,practo,,1.0,canonical,594,Q1,,Economy,0.190662
hosp_4617ef1fd462d205,Gultekdi Nursing Home and Lithotripsy Centre,gultekdi nursing home lithotripsy centre,Pune,Hospital,Gultekdi,,18.492831,73.868507,876088505ffffff,,1.0,1.0,False,,600.0,600.0,4.0,10.0,,+912071177308,https://www.practo.com/pune/hospital/gultekdi-nursing-home-and-lithotripsy-centre-gultekdi?referrer=hospital_listing,,VN,practo,,1.0,canonical,595,Q1,,Economy,0.189249
hosp_8503fbd7a2fdd737,Gupte Hospital,gupte hospital,Pune,Hospital,Deccan Gymkhana,,18.5100964,73.8579549,876088501ffffff,,5.0,5.0,True,,0.0,800.0,3.5,40.0,,+912071177307,https://www.practo.com/pune/hospital/gupte-hospital-deccan-gymkhana?referrer=hospital_listing,https://images1-fabric.practo.com/practices/675688/gupte-hospital-pune-6656e8817c251.png,VN,practo,,1.0,canonical,596,Q1,,Economy,0.187682
hosp_387934dfaf380c37,Pune Netralaya,pune netralaya,Pune,Hospital,Aundh,,18.56087,73.81083,876088424ffffff,,1.0,1.0,False,,500.0,500.0,4.0,346.0,2007.0,+912071177302,https://www.practo.com/pune/hospital/pune-netralaya-aundh?referrer=hospital_listing,https://images1-fabric.practo.com/54e4b1f5ad97996d6f2e7e1f705ab5e59c84a6dc009b2.bmp,VN,practo,,1.0,canonical,597,Q1,,Economy,0.186055
hosp_8c76273e9a802655,ONP general hospital- Shivajinagar and Tulip Hospital- Gokhale nagar,onp general hospital shivajinagar tulip hospital gokhale nagar,Pune,Hospital,Shivajinagar,,18.531855438303932,73.84726390242577,87608850effffff,,1.0,1.0,True,,1000.0,1000.0,3.0,14.0,,+912071177321,https://www.practo.com/pune/hospital/onp-general-hospital-shivajinagar-and-tulip-hospital-gokhale-nagar-shivajinagar?referrer=hospital_listing,https://images1-fabric.practo.com/551adc82eabd565f79f901bf25a58c7b7a3752072998b.jpg,VN,practo,,1.0,canonical,598,Q1,,Economy,0.185942
hosp_68924b689f4f6d19,Siddhant Maternity Home,siddhant maternity home,Pune,Hospital,Satara Road,,18.52043,73.856744,876088501ffffff,,1.0,4.0,False,,400.0,400.0,3.0,10.0,1993.0,+912071177320,https://www.practo.com/pune/hospital/siddhant-maternity-home-satara-road?referrer=hospital_listing,,VN,practo,,1.0,canonical,599,Q1,,Economy,0.18494
hosp_e35b2e3d4ad49953,Kulkarni EndoSurgery Institute,kulkarni endosurgery institute,Pune,Hospital,Kothrud,,18.5097497,73.8033234,876088509ffffff,,1.0,1.0,False,,1000.0,1000.0,3.5,20.0,1995.0,+912071177316,https://www.practo.com/pune/hospital/kulkarni-endosurgery-institute-kothrud?referrer=hospital_listing,https://images1-fabric.practo.com/kulkarni-endosurgery-institute-reconstructive-urology-centre-pune-1467008330-5770c54ac5b9f.jpg,VN,practo,,1.0,canonical,600,Q1,,Economy,0.174873
hosp_f3f92d71c3df58e7,Sai Multispeciality Hospital,sai multispeciality hospital,Pune,Hospital,Hadapsar,,18.5009276,73.9393984,876088535ffffff,,2.0,5.0,False,,200.0,300.0,3.0,10.0,2010.0,+912071177308,https://www.practo.com/pune/hospital/sai-multispeciality-hospital-hadapsar?referrer=hospital_listing,https://images1-fabric.practo.com/sai-multispeciality-hospital-pune-1467029904-577119908be60.jpg,VN,practo,,1.0,canonical,601,Q1,,Economy,0.174837
hosp_0f5756ae419acc68,Venkatesh General Hospital,venkatesh general hospital,Pune,Hospital,Kothrud,,18.5083104,73.7929951,876088509ffffff,,1.0,1.0,False,,700.0,700.0,3.5,19.0,1998.0,+912071177316,https://www.practo.com/pune/hospital/venkatesh-general-hospital-kothrud?referrer=hospital_listing,,VN,practo,,1.0,canonical,602,Q1,,Economy,0.174203
hosp_5010a26f60cf858e,Senses Ear - Nose - Throat Hospital,senses ear nose throat hospital,Pune,Hospital,Kothrud,,18.4999036,73.8139234,87608850dffffff,,1.0,,False,,500.0,500.0,4.0,31.0,,+912071177315,https://www.practo.com/pune/hospital/senses-ent-hospital-kothrud?referrer=hospital_listing,https://images1-fabric.practo.com/547eeda7eca8bfacb303407f503dddf14fcee8492b54a.JPG,VN,practo,,1.0,canonical,603,Q1,,Economy,0.173665
hosp_8ab2221866b07237,Kaushal Hospital,kaushal hospital,Pune,Hospital,Pimpri-Chinchwad,,18.6186926,73.797002,876088406ffffff,,2.0,1.0,False,,0.0,500.0,3.5,10.0,,+912071177319,https://www.practo.com/pune/hospital/kaushal-clinic-pimpri-chinchwad?referrer=hospital_listing,,VN,practo,,1.0,canonical,604,Q1,,Economy,0.1722
hosp_73df52edf728fade,Balaji Hospital,balaji hospital,Pune,Hospital,Kharadi,,18.5626236,73.9406741,87608e249ffffff,,3.0,2.0,True,,300.0,300.0,2.5,13.0,,+912048556100,https://www.practo.com/pune/hospital/balaji-hospital-kharadi?referrer=hospital_listing,https://images1-fabric.practo.com/practices/1179724/balaji-hospital-pune-5d3808375da50.png,VN,practo,,1.0,canonical,605,Q1,,Economy,0.172052
hosp_9d976817aa496228,Aditya Homoeopathic Hospital And Healing Centre,aditya homoeopathic hospital healing centre,Pune,Hospital,Pimpri-Chinchwad,,18.6184083,73.7987875,876088431ffffff,,2.0,2.0,False,,0.0,1000.0,3.5,11.0,,+912071177319,https://www.practo.com/pune/hospital/aditya-homeopathic-hospital-and-healing-center-pimpri-chinchwad?referrer=hospital_listing,,VN,practo,,1.0,canonical,606,Q1,,Economy,0.171839
hosp_f3f0b5e8d8044ff3,Golden Care Hospital,golden care hospital,Pune,Hospital,Wakad,,18.6019651,73.7573354,876088405ffffff,,5.0,5.0,True,,500.0,3500.0,2.5,16.0,,+912048556819,https://www.practo.com/pune/hospital/golden-care-hospital-wakad-2?referrer=hospital_listing,https://images1-fabric.practo.com/practices/762915/golden-care-hospital-pune-692bdf5b93c4b.jpeg,ABS,practo,,1.0,canonical,607,Q1,,Economy,0.167604
hosp_744f5edd46980083,Rakshak Hospital,rakshak hospital,Pune,Hospital,Kharadi,,18.562931,73.9349953,87608e249ffffff,,1.0,2.0,False,,500.0,500.0,3.5,12.0,,+912071177314,https://www.practo.com/pune/hospital/rakshak-hospital-kharadi?referrer=hospital_listing,,VN,practo,,1.0,canonical,608,Q1,,Economy,0.167496
hosp_800f0d60b713bf23,Usha Hospital,usha hospital,Pune,Hospital,Hadapsar,,18.50202,73.93483,876088535ffffff,,1.0,1.0,True,,400.0,400.0,3.5,70.0,2005.0,+912071177309,https://www.practo.com/pune/hospital/usha-hospital-hadapsar?referrer=hospital_listing,,VN,practo,,1.0,canonical,609,Q1,,Economy,0.165944
hosp_7af416bf0e00743c,Dr Agarwals Eye Hospital,dr agarwals eye hospital,Pune,Hospital,Viman Nagar,,18.5887302,73.9142762,876088512ffffff,,3.0,1.0,False,1.0,500.0,600.0,4.0,104.0,,+917948228325,https://www.practo.com/pune/hospital/dr-agarwals-eye-hospital-viman-nagar?referrer=hospital_listing,https://images1-fabric.practo.com/practices/1391186/dr-agarwals-eye-hospital-pune-62b1bf74853af.jpg,ABS,practo,,1.0,canonical,610,Q1,,Economy,0.165617
hosp_68c5306132034809,Mediplus Speciality Hospital Pvt. Ltd,mediplus speciality hospital,Pune,Hospital,Hinjewadi,,18.59854,73.74151,876088401ffffff,,2.0,2.0,True,,200.0,300.0,3.5,52.0,,+912071177312,https://www.practo.com/pune/hospital/mediplus-speciality-hospital-pvt-ltd-hinjewadi?referrer=hospital_listing,,VN,practo,,1.0,canonical,611,Q1,,Economy,0.164476
hosp_66311b98df2465fa,Borikar Multi-speciality Hospital,borikar multi speciality hospital,Pune,Hospital,Warje,,12.9662976,77.5356416,8760145a2ffffff,,1.0,1.0,True,,600.0,600.0,3.5,50.0,,+918037320949,https://www.practo.com/pune/hospital/borikar-multi-speciality-hospital-warje?referrer=hospital_listing,https://images1-fabric.practo.com/practices/1159843/borikar-multi-speciality-hospital-pune-59e4346762ae5.jpeg,ABS,practo,,1.0,canonical,612,Q1,,Economy,0.162046
hosp_062e64304671663c,CT Nursing Home,ct nursing home,Pune,Hospital,Dhanori,,18.5971913,73.9024319,8760885acffffff,,2.0,3.0,True,,300.0,300.0,3.5,59.0,,+912248933641,https://www.practo.com/pune/hospital/ct-nursing-home-dhanori-1?referrer=hospital_listing,https://images1-fabric.practo.com/practices/1136004/ct-nursing-home-pune-59db4275aa3c4.png,VN,practo,,1.0,canonical,613,Q1,,Economy,0.161369
hosp_df6c15696f73e45c,APS Nursing Home,aps nursing home,Pune,Hospital,Hadapsar,,18.500773038404,73.936522789299,876088535ffffff,,1.0,2.0,False,,300.0,300.0,3.5,19.0,,+912071177309,https://www.practo.com/pune/hospital/aps-nursing-home-hadapsar?referrer=hospital_listing,,VN,practo,,1.0,canonical,614,Q1,,Economy,0.152953
hosp_a4073bdfc92854ae,Lekha Hospital,lekha hospital,Pune,Hospital,Bhosari,,18.624163168361,73.854727191571,876088436ffffff,,2.0,2.0,False,,300.0,400.0,3.0,11.0,,+912071533932,https://www.practo.com/pune/hospital/lekha-hospital-bhosari-1?referrer=hospital_listing,,VN,practo,,1.0,canonical,615,Q1,,Economy,0.15125
hosp_2f46dec51703bffb,Skin City,skin city,Pune,Hospital,Deccan Gymkhana,,18.517549,73.83392,87608850effffff,,1.0,1.0,False,2.0,1000.0,1000.0,3.5,19.0,,+912048553066,https://www.practo.com/pune/hospital/skin-city-1-deccan-gymkhana?referrer=hospital_listing,https://images1-fabric.practo.com/practices/1273980/skin-city-pune-5e05fe05a4bab.jpg,VN,practo,,1.0,canonical,616,Q1,,Economy,0.150869
hosp_012a0f925263a940,Nanal Hospital,nanal hospital,Pune,Hospital,Pimpri-Chinchwad,,18.62472,73.802856,876088433ffffff,,1.0,1.0,False,,400.0,400.0,2.5,12.0,1994.0,+912071177319,https://www.practo.com/pune/hospital/nanal-hospital-pimpri-chinchwad?referrer=hospital_listing,,VN,practo,,1.0,canonical,617,Q1,,Economy,0.147883
hosp_c39e22c00d35e9d5,Chaitanya Hospital,chaitanya hospital,Pune,Hospital,Pimpri-Chinchwad,,18.62969,73.78008,876088406ffffff,,3.0,4.0,True,,0.0,500.0,3.0,33.0,,+912071177306,https://www.practo.com/pune/hospital/chaitanya-hospital-pimpri-chinchwad?referrer=hospital_listing,https://images1-fabric.practo.com/practices/671913/chaitanya-hospital-pune-66557173cf1bc.png,VN,practo,,1.0,canonical,618,Q1,,Economy,0.144291
hosp_af8fac306a11baaf,Sunmed Hospital,sunmed hospital,Pune,Hospital,Wakad,,18.603796044913185,73.74623022521466,876088401ffffff,,8.0,9.0,False,,500.0,800.0,3.0,22.0,,+917941058734,https://www.practo.com/pune/hospital/sunmed-hospital-pimpri-chinchwad?referrer=hospital_listing,https://images1-fabric.practo.com/practices/1515567/sunmed-hospital-pune-674021d4cad52.png,ABS,practo,,1.0,canonical,619,Q1,,Economy,0.141183
hosp_d29863b47f847336,NRS Hospital,nrs hospital,Pune,Hospital,Wakad,,18.600920541776,73.775537011639,876088404ffffff,,5.0,7.0,True,,250.0,600.0,3.5,229.0,,+912071177306,https://www.practo.com/pune/hospital/nrs-hospital-wakad?referrer=hospital_listing,https://images1-fabric.practo.com/practices/1195033/nrs-hospital-pune-5c1373bbd733f.jpg,ABS,practo,,1.0,canonical,620,Q1,,Economy,0.139708
hosp_62ef51a36eab23af,National Institute Of Ophthalmology,national institute ophthalmology,Pune,Hospital,Shivajinagar,,18.523821506025996,73.84694337844849,87608850effffff,,4.0,1.0,True,,500.0,500.0,3.0,52.0,1993.0,+912071177321,https://www.practo.com/pune/hospital/national-institute-of-ophthalmology-shivaji-nagar-1?referrer=hospital_listing,https://images1-fabric.practo.com/national-institute-of-ophthalmology-shivaji-nagar-pune-1465549733-575a83a5b9d34.JPG,VN,practo,,1.0,canonical,621,Q1,,Economy,0.135646
hosp_bf1f15408a79381c,National Institute Of Ophthalmology - Aundh,national institute ophthalmology aundh,Pune,Hospital,Aundh,,18.55999792518961,73.81454229354858,876088424ffffff,,6.0,2.0,True,,0.0,500.0,2.5,25.0,2016.0,+912071177303,https://www.practo.com/pune/hospital/national-institute-of-ophthalmology-aundh?referrer=hospital_listing,https://images1-fabric.practo.com/national-institute-of-ophthalmology-aundh-pune-1465552153-575a8d1919b81.JPG,VN,practo,,1.0,canonical,622,Q1,,Economy,0.134863
hosp_b53f84f2795b0a62,Inlaks and Budhrani Hospital,inlaks budhrani hospital,Pune,Hospital,Koregaon Park,,18.53528,73.88698,876088502ffffff,,11.0,10.0,False,,0.0,750.0,3.5,95.0,,+912071177315,https://www.practo.com/pune/hospital/inlaks-and-budhrani-hospital-koregaon-park?referrer=hospital_listing,https://images1-fabric.practo.com/practices/658398/inlaks-and-budhrani-hospital-pune-665872f5cffad.png,VN,practo,,1.0,canonical,623,Q1,,Economy,0.126001
hosp_8eb40d49a32cd092,Sharad Orthopaedic Hospital,sharad orthopaedic hospital,Pune,Hospital,Sinhagad Road,,18.4684782,73.8190622,876088576ffffff,,1.0,1.0,False,,400.0,400.0,2.5,12.0,,+912048566751,https://www.practo.com/pune/hospital/sharad-orthopaedic-hospital-sinhagad-road?referrer=hospital_listing,https://images1-fabric.practo.com/practices/629473/sharad-orthopaedic-hospital-pune-5a323a1438870.jpeg,VN,practo,,1.0,canonical,624,Q1,,Economy,0.121216
hosp_e2a83053d0347fc2,Dr. Shende Cardio-Diabetic Clinic and Hospital,dr shende cardio diabetic clinic hospital,Pune,Hospital,Pimple Saudagar,,18.6019683,73.7950783,876088431ffffff,,1.0,1.0,False,,400.0,400.0,2.5,12.0,,+912071177318,https://www.practo.com/pune/hospital/dr-shende-clinic-pimple-saudagar?referrer=hospital_listing,,VN,practo,,1.0,canonical,625,Q1,,Economy,0.121216
hosp_ac4822d158c8cbe2,Chirayu Children's Hospital,chirayu children s hospital,Pune,Hospital,Wakad,,18.59816,73.76383,876088405ffffff,,4.0,1.0,False,,300.0,500.0,3.5,53.0,,+912071171345,https://www.practo.com/pune/hospital/chirayu-children-s-hospital-wakad?referrer=hospital_listing,https://images1-fabric.practo.com/practices/1150534/chirayu-children-s-hospital-pune-5963169af0efd.jpg,VN,practo,,1.0,canonical,626,Q1,,Economy,0.115563
hosp_03117b5076272659,Kamat Hospital,kamat hospital,Pune,Hospital,Pimpri-Chinchwad,,18.629450598246063,73.7817120552063,876088406ffffff,,3.0,2.0,True,,700.0,700.0,3.0,49.0,,+912071177306,https://www.practo.com/pune/hospital/kamat-hospital-pimpri-chinchwad?referrer=hospital_listing,https://images1-fabric.practo.com/practices/1029198/kamat-hospital-pvt-ltd-pune-59c89678614ee.png,VN,practo,,1.0,canonical,627,Q1,,Economy,0.112423
hosp_bdb97dc2de413b9c,Deshpande Eye Hospital & Laser Center,deshpande eye hospital laser center,Pune,Hospital,Paud Road,,18.508098423116,73.792213490233,876088509ffffff,,1.0,2.0,False,,750.0,750.0,3.5,60.0,,+912071177318,https://www.practo.com/pune/hospital/deshpande-eye-hospital-and-laser-centre-kothrud-1?referrer=hospital_listing,https://images1-fabric.practo.com/deshpande-eye-hospital-laser-center-pune-1490100610-58d1218247b27.jpg,VN,practo,,1.0,canonical,628,Q1,,Economy,0.106625
hosp_18815d0d23e4652a,ONP Leela Hospital,onp leela hospital,Pune,Hospital,Pimple Saudagar,,18.597795287276,73.800434796287,876088431ffffff,,11.0,9.0,True,1.0,400.0,1500.0,2.5,45.0,,+917971114603,https://www.practo.com/pune/hospital/onp-leela-hospital-pimple-saudagar-3?referrer=hospital_listing,https://images1-fabric.practo.com/practices/1233406/onp-leela-hospital-pune-5e42e5080586a.jpg,ABS,practo,,1.0,canonical,629,Q1,,Economy,0.094768
hosp_fb45db74f620dcc5,Jeevanshree Hospital,jeevanshree hospital,Pune,Hospital,Chandan Nagar,,18.561026448142,73.928127810359,876088514ffffff,,2.0,4.0,True,,0.0,750.0,3.0,67.0,,+912071177305,https://www.practo.com/pune/hospital/jeevanshree-hospital-chandan-nagar-1?referrer=hospital_listing,,VN,practo,,1.0,canonical,630,Q1,,Economy,0.092995
hosp_c295155e00944996,Skin City,skin city,Pune,Hospital,Aundh,,18.560872615066483,73.81001472473145,876088424ffffff,,1.0,1.0,False,2.0,1000.0,1000.0,3.5,488.0,,+912071177302,https://www.practo.com/pune/hospital/dr-dhepes-skin-city?referrer=hospital_listing,https://images1-fabric.practo.com/54422950f313403669e473eb050d05d57669b86349b13.gif,VN,practo,,1.0,canonical,631,Q1,,Economy,0.077635
