hospital_id,name,normalized_name,city,practice_type,locality,address,latitude,longitude,h3_res7,zone,doctors_count,speciality_count,multispeciality,other_centers_count,consultation_fee_min,consultation_fee_max,rating,reviews_count,year_established,phone,profile_url,image_url,status,source,scraped_at,data_completeness,dedupe_status,city_rank,quartile,q4_subquartile,segment,hospital_score
hosp_851f17237e1d01d7,Marengo Asia Hospitals (Gurugram),marengo asia hospitals gurugram,Delhi NCR,Hospital,Gurgaon Sector 56,,28.418543,77.097382,873da1188ffffff,,47.0,27.0,True,,500.0,2500.0,4.5,4925.0,1995.0,+917948501414,https://www.practo.com/gurgaon/hospital/marengo-asia-hospitals-gurgaon-sector-56-2?referrer=hospital_listing,https://images1-fabric.practo.com/practices/734206/marengo-asia-hospitals-gurgaon-gurgaon-64548292570a9.jpg,RFA,practo,,1.0,canonical,1,Q4,Q4-Sub-Q4,Ultra Premium,0.667125
hosp_7cb6f08a9520c1e2,Sir Ganga Ram Hospital,sir ganga ram hospital,Delhi NCR,Hospital,Old Rajendra Nagar,,28.63813306976078,77.18936204910278,873da1144ffffff,,277.0,53.0,True,,0.0,2000.0,3.5,3749.0,1954.0,+911141171876,https://www.practo.com/delhi/hospital/sir-ganga-ram-hospital-delhi-old-rajendra-nagar-1?referrer=hospital_listing,https://images1-fabric.practo.com/sir-ganga-ram-hospital-delhi-1478185133-581b50ad4a882.png,VN,practo,,1.0,canonical,2,Q4,Q4-Sub-Q4,Ultra Premium,0.658741
hosp_1369dfe767fbb5b4,Netrayatan Dr. Grovers Centre For Eye Care &  Infertility,netrayatan dr grovers centre for eye care infertility,Delhi NCR,Hospital,Greater Kailash Part 2,,28.52996,77.2452,873da1029ffffff,,3.0,4.0,True,,700.0,1800.0,5.0,3340.0,2002.0,+918047284346,https://www.practo.com/delhi/hospital/netrayatan-hospital-greater-kailash-part-2?referrer=hospital_listing,https://images1-fabric.practo.com/practices/702946/netrayatan-dr-grovers-centre-for-eye-care-infertility-delhi-68b051dd2bc92.png,ABS,practo,,1.0,canonical,3,Q4,Q4-Sub-Q4,Ultra Premium,0.599057
hosp_cf6b73afe8ef8a80,Krishna Netralaya Eye Centre,krishna netralaya eye centre,Delhi NCR,Hospital,Gurgaon Sector 48,,28.406746687733,77.04191592881,873da1180ffffff,,3.0,1.0,True,1.0,1500.0,1500.0,5.0,3638.0,,+911141190299,https://www.practo.com/gurgaon/hospital/krishnanetralaya-sohna-road?referrer=hospital_listing,https://images1-fabric.practo.com/krishna-netralaya-gurgaon-1456988823-56d7e297a914b.jpg,VN,practo,,1.0,canonical,4,Q4,Q4-Sub-Q4,Ultra Premium,0.588723
hosp_8b243e81f5a19fe0,NSV Clinic,nsv clinic,Delhi NCR,Hospital,DLF Phase IV,,28.462469267018,77.08750999412,873da11a9ffffff,,1.0,1.0,True,,2000.0,2000.0,5.0,3366.0,,+911140036753,https://www.practo.com/gurgaon/hospital/dr-nehal-shah-vora-clinic-dlf-phase-iv?referrer=hospital_listing,,VN,practo,,1.0,canonical,5,Q4,Q4-Sub-Q4,Ultra Premium,0.573291
hosp_dc5be9265b93fe32,IPSC Pain and Spine Hospital,ipsc pain spine hospital,Delhi NCR,Hospital,Dwarka Sector 19,,28.5809657,76.9690313,873da189bffffff,,10.0,11.0,True,,300.0,1000.0,5.0,2356.0,,+912248931171,https://www.practo.com/delhi/hospital/interventional-pain-and-spine-centre-dwarka?referrer=hospital_listing,https://images1-fabric.practo.com/dr-maj-pankaj-n-surange-interventional-pain-and-spine-centre-delhi-1456393491-56cecd13df7be.jpg,ABS,practo,,1.0,canonical,6,Q4,Q4-Sub-Q4,Ultra Premium,0.546361
hosp_9206cfb32d1aeb0d,CK Birla Hospital,ck birla hospital,Delhi NCR,Hospital,Punjabi Bagh,,28.667226976629,77.13205750896,873da18d9ffffff,,40.0,27.0,True,,1000.0,2500.0,5.0,1373.0,,+918047284137,https://www.practo.com/delhi/hospital/ck-birla-hospital-punjabi-bagh?referrer=hospital_listing,https://images1-fabric.practo.com/practices/1355000/ck-birla-hospital-west-delhi-613301abcab29.JPG,ABS,practo,,1.0,canonical,7,Q4,Q4-Sub-Q4,Ultra Premium,0.545912
hosp_c15b50ec79d4b055,Aro Health,aro health,Delhi NCR,Hospital,Gurgaon Sector 38,,28.43285974603,77.045045290142,873da1185ffffff,,2.0,2.0,True,,1000.0,1200.0,5.0,2256.0,2012.0,+917317160363,https://www.practo.com/gurgaon/hospital/aro-health-gurgaon-sector-38?referrer=hospital_listing,https://images1-fabric.practo.com/aro-health-gurgaon-1455787784-56c58f080b429.jpg,ABS,practo,,1.0,canonical,8,Q4,Q4-Sub-Q4,Ultra Premium,0.530044
hosp_3785c1610131d472,Miracles Apollo Cradle Spectra,miracles apollo cradle spectra,Delhi NCR,Hospital,Gurgaon Sector 82,,28.392672846235,76.953147348257,873da11b6ffffff,,19.0,13.0,True,,900.0,1000.0,5.0,1518.0,,+917969204630,https://www.practo.com/gurgaon/hospital/miracles-apollocradle-spectra-gurgaon-sector-82?referrer=hospital_listing,https://images1-fabric.practo.com/practices/1341047/miracles-apollo-cradle-spectra-gurgaon-66756c5ac3134.png,ABS,practo,,1.0,canonical,9,Q4,Q4-Sub-Q4,Ultra Premium,0.512238
hosp_0532fc7b56d53b07,Pushpawati Singhania Research Institute (PSRI Hospital),pushpawati singhania research institute psri hospital,Delhi NCR,Hospital,Sheikh Sarai,,28.533441709834,77.225380565082,873da1028ffffff,,39.0,28.0,True,,0.0,2000.0,4.5,1953.0,1996.0,+911141193962,https://www.practo.com/delhi/hospital/pushpawati-singhania-research-institute-sheikh-sarai?referrer=hospital_listing,https://images1-fabric.practo.com/pushpawati-singhania-research-institute-delhi-1472810727-57c94ee75d066.jpg,VN,practo,,1.0,canonical,10,Q4,Q4-Sub-Q4,Ultra Premium,0.510465
hosp_4123275a77f9a2ab,Nulife Hospital & Maternity Centre,nulife hospital maternity centre,Delhi NCR,Hospital,GTB Nagar,,28.70089,77.20861,873da1b92ffffff,,12.0,13.0,True,1.0,600.0,1500.0,4.5,2698.0,1992.0,+918037296915,https://www.practo.com/delhi/hospital/nulife-hospital-maternity-center-kingsway-camp-1?referrer=hospital_listing,https://images1-fabric.practo.com/practices/769628/nulife-hospital-maternity-center-delhi-649a92e046472.PNG,VN,practo,,1.0,canonical,11,Q4,Q4-Sub-Q4,Ultra Premium,0.504307
hosp_97d6939aff92591f,Matrix Dental & Skin Lounge,matrix dental skin lounge,Delhi NCR,Hospital,Vasant Vihar,,28.560388594686895,77.16240189149487,873da1156ffffff,,2.0,1.0,True,,500.0,800.0,5.0,1953.0,,+917948220937,https://www.practo.com/delhi/hospital/matrix-dental-and-skin-lounge-vasant-vihar?referrer=hospital_listing,https://images1-fabric.practo.com/5384d0dadbb32d1056e92eab0471723d3ed10414a4884.jpg,ABS,practo,,1.0,canonical,12,Q4,Q4-Sub-Q4,Ultra Premium,0.500561
hosp_d3625c468ff32272,"Ear, Nose, Throat, Head & Neck Hospital (Vertigo ,Tinnitus ,Hearing Loss Center)",ear nose throat head neck hospital vertigo tinnitus hearing loss center,Delhi NCR,Hospital,New Industrial Town,,28.392649144824,77.302261253967,873da10f1ffffff,,1.0,1.0,True,,700.0,700.0,5.0,1521.0,,+917971171887,https://www.practo.com/faridabad/hospital/aruna-ear-nose-throat-head-and-neck-hospital-faridabad-ew-industrial-town?referrer=hospital_listing,https://images1-fabric.practo.com/aruna-ear-nose-throat-head-and-neck-hospital-faridabad-1456573612-56d18cac24cf0.jpg,VN,practo,,1.0,canonical,13,Q4,Q4-Sub-Q4,Ultra Premium,0.476762
hosp_8d815b97108ebcfc,Rainbow Hospitals - Malviya Nagar,rainbow hospitals malviya nagar,Delhi NCR,Hospital,Malviya Nagar,,28.529288,77.20464,873da102cffffff,,39.0,18.0,True,,0.0,2200.0,5.0,488.0,,+911140036728,https://www.practo.com/delhi/hospital/birth-right-by-rainbow-malviya-nagar?referrer=hospital_listing,https://images1-fabric.practo.com/practices/1171509/rainbow-hospitals-malviya-nagar-delhi-62550fa259f84.jfif,VN,practo,,1.0,canonical,14,Q4,Q4-Sub-Q4,Ultra Premium,0.47362
hosp_a5f0f850f935b08a,UPHI - The Wellness & Surgical Centre,uphi wellness surgical centre,Delhi NCR,Hospital,Gurgaon Sector 43,,28.461672863678,77.094815522432,873da1036ffffff,,13.0,19.0,True,1.0,0.0,1500.0,5.0,645.0,,+911161260165,https://www.practo.com/gurgaon/hospital/uphi-the-wellness-surgical-centre?referrer=hospital_listing,https://images1-fabric.practo.com/practices/835572/uphi-the-wellness-surgical-centre-gurgaon-58e3d478c67ce.png,VN,practo,,1.0,canonical,15,Q4,Q4-Sub-Q4,Ultra Premium,0.468214
hosp_1a3e898f37daa049,Madalasa Hospital,madalasa hospital,Delhi NCR,Hospital,Gurgaon Sector 46,,28.433546,77.05923,873da11aaffffff,,15.0,16.0,True,,0.0,1000.0,5.0,546.0,,+919354006119,https://www.practo.com/gurgaon/hospital/madalasa-hospital-gurgaon-sector-46-8?referrer=hospital_listing,https://images1-fabric.practo.com/practices/662524/madalasa-hospital-gurgaon-5f869cc7e9aac.jpeg,ABS,practo,,1.0,canonical,16,Q4,Q4-Sub-Q4,Ultra Premium,0.456975
hosp_debed4edb651706a,House Of Care,house care,Delhi NCR,Hospital,Indirapuram,,28.643979090850923,77.37447718279354,873da1a91ffffff,,6.0,12.0,True,,600.0,1000.0,5.0,696.0,,+918047284075,https://www.practo.com/ghaziabad/hospital/lotus-care-advanced-surgical-center-indirapuram?referrer=hospital_listing,https://images1-fabric.practo.com/practices/1305155/house-of-care-ghaziabad-611e4f1ebebca.png,ABS,practo,,1.0,canonical,17,Q4,Q4-Sub-Q4,Ultra Premium,0.453364
hosp_f6de42bd8471ca3c,Jyoti Hospital & Urology Center,jyoti hospital urology center,Delhi NCR,Hospital,Housing Board Colony,,28.457550164277,77.036466630025,873da11aeffffff,,6.0,9.0,True,,0.0,700.0,5.0,701.0,,+911140787307,https://www.practo.com/gurgaon/hospital/jyoti-hospital-and-urology-center-housing-board-colony?referrer=hospital_listing,https://images1-fabric.practo.com/practices/691946/jyoti-hospital-urology-center-gurgaon-5e1a03d1aea2c.png,VN,practo,,1.0,canonical,18,Q4,Q4-Sub-Q4,Ultra Premium,0.448032
hosp_6f3cc099566173e2,Anjuli Nursing Home,anjuli nursing home,Delhi NCR,Hospital,Sector 84,,28.40002,77.36885,873da10c1ffffff,,1.0,3.0,True,,600.0,600.0,5.0,911.0,,+918037354265,https://www.practo.com/faridabad/hospital/anjuli-nursing-home-sector-84-1?referrer=hospital_listing,https://images1-fabric.practo.com/practices/988428/anjuli-nursing-home-faridabad-5c4ad987197b8.png,ABS,practo,,1.0,canonical,19,Q4,Q4-Sub-Q4,Ultra Premium,0.446194
hosp_09651a8ef246212d,Delhi Pain Management Centre,delhi pain management centre,Delhi NCR,Hospital,Rajouri Garden,,28.64731,77.11786,873da18daffffff,,3.0,3.0,True,2.0,600.0,1000.0,4.5,2568.0,,+917969203611,https://www.practo.com/delhi/hospital/delhi-pain-management-centre-rajouri-garden-3?referrer=hospital_listing,https://images1-fabric.practo.com/delhi-pain-management-centre-rajouri-garden-delhi-1456988078-56d7dfae7a035.jpg,ABS,practo,,1.0,canonical,20,Q4,Q4-Sub-Q4,Ultra Premium,0.443943
hosp_3ae43a9c55546127,Joint Efforts Physiotherapy Clinic,joint efforts physiotherapy clinic,Delhi NCR,Hospital,Sector 51,,28.578890776262,77.369299467174,873da106effffff,,2.0,1.0,True,,0.0,800.0,5.0,913.0,,+917317153039,https://www.practo.com/noida/hospital/joint-efforts-physiotherapy-clinic-5-sector-51?referrer=hospital_listing,https://images1-fabric.practo.com/5582fef594eefd40ac6955cbf7c64978cb1fbb262a746.png,ABS,practo,,1.0,canonical,21,Q4,Q4-Sub-Q4,Ultra Premium,0.443262
hosp_1b9bd11f2953e730,City Dental Centre,city dental centre,Delhi NCR,Hospital,Sector 110,,28.533559950807494,77.38693356513977,873da1041ffffff,,2.0,1.0,False,,300.0,300.0,5.0,1799.0,,+911161264849,https://www.practo.com/noida/hospital/city-dental-centre-noida-sector-110-1?referrer=hospital_listing,https://images1-fabric.practo.com/557aec01c5dbf6c1e021e6883265bed9bbfddee6461bf.jpg,VN,practo,,1.0,canonical,22,Q4,Q4-Sub-Q4,Ultra Premium,0.442396
hosp_4902f870b51af043,Goyal Hospital,goyal hospital,Delhi NCR,Hospital,Sector 8,,28.3643885,77.3296691,873da10c2ffffff,,8.0,7.0,True,,0.0,1100.0,5.0,649.0,,+917948501081,https://www.practo.com/faridabad/hospital/goyal-hospital-faridabad-city?referrer=hospital_listing,https://images1-fabric.practo.com/practices/804122/goyal-hospital-faridabad-67777f6909dec.png,ABS,practo,,1.0,canonical,23,Q4,Q4-Sub-Q4,Ultra Premium,0.442235
hosp_fcc7f66e52d6015c,Krishna Family Hospital & Infertility Center,krishna family hospital infertility center,Delhi NCR,Hospital,Pratap Vihar,,28.654096040490305,77.40937158465385,873da1a9cffffff,,5.0,6.0,True,,0.0,1000.0,5.0,709.0,,+918047091704,https://www.practo.com/ghaziabad/hospital/krishna-family-hospital-infertility-center-vijai-nagar?referrer=hospital_listing,https://images1-fabric.practo.com/practices/899807/krishna-family-hospital-infertility-center-ghaziabad-6013d8f6a0d20.jpeg,ABS,practo,,1.0,canonical,24,Q4,Q4-Sub-Q4,Ultra Premium,0.442173
hosp_71fbdfb5432bda70,Prakash Hospital ,prakash hospital,Delhi NCR,Hospital,Sector 33,,28.58556,77.3492433,873da1061ffffff,,6.0,4.0,True,,0.0,1000.0,5.0,460.0,2001.0,+911141169534,https://www.practo.com/noida/hospital/prakash-hospital-noida-sector-33-1?referrer=hospital_listing,https://images1-fabric.practo.com/prakash-hospital-noida-1475222197-57ee1ab563aa1.png,VN,practo,,1.0,canonical,25,Q4,Q4-Sub-Q4,Ultra Premium,0.441937
hosp_6f10ad7c3505759e,Skin Solutions,skin solutions,Delhi NCR,Hospital,New Industrial Town,,28.388988844566,77.317668828182,873da10c4ffffff,,1.0,2.0,False,,700.0,700.0,5.0,1737.0,,+914448132959,https://www.practo.com/faridabad/hospital/skin-solutions-faridabad-faridabad-nit?referrer=hospital_listing,https://images1-fabric.practo.com/551b71a39eaab805be001a7fe8d2f10eaac8be8ace804.JPG,VN,practo,,1.0,canonical,26,Q4,Q4-Sub-Q4,Ultra Premium,0.440257
hosp_3d99153c7d87b610,The Happy Tree - De-addiction And Mental Health Hospital,happy tree de addiction mental health hospital,Delhi NCR,Hospital,Vivek Vihar,,28.671245195143,77.303537621326,873da1ab6ffffff,,2.0,1.0,True,,1500.0,2500.0,5.0,863.0,,+918037320709,https://www.practo.com/delhi/hospital/infinity-clinic-ram-vihar?referrer=hospital_listing,https://images1-fabric.practo.com/practices/1121665/the-happy-tree-delhi-5cc6a5343e24b.jpg,VN,practo,,1.0,canonical,27,Q4,Q4-Sub-Q4,Ultra Premium,0.440248
hosp_97c87571af2ae88f,Goel Dental,goel dental,Delhi NCR,Hospital,Malviya Nagar,,28.534737410151,77.207869706481,873da102cffffff,,2.0,1.0,True,,500.0,500.0,5.0,832.0,,+911141193968,https://www.practo.com/delhi/hospital/goel-dental-clinic-malviya-nagar1?referrer=hospital_listing,https://images1-fabric.practo.com/practices/742750/goel-dental-delhi-63abf66bb9fdb.jpeg,VN,practo,,1.0,canonical,28,Q4,Q4-Sub-Q4,Ultra Premium,0.438353
hosp_a0a9791d0c2995c1,I Clinix- Advanced Eye Care,i clinix advanced eye care,Delhi NCR,Hospital,Lajpat Nagar 4,,28.5634879,77.2354381,873da115effffff,,4.0,1.0,True,1.0,1000.0,1000.0,5.0,668.0,2016.0,+918047284385,https://www.practo.com/delhi/hospital/rxclinix-eye-clinic-lajpat-nagar?referrer=hospital_listing,https://images1-fabric.practo.com/iclinix-advanced-eye-care-delhi-1467031182-57711e8ef2ea7.jpg,ABS,practo,,1.0,canonical,29,Q4,Q4-Sub-Q4,Ultra Premium,0.43764
hosp_fe2bfda1f81bf526,Asian Institute of Medical Sciences,asian institute medical sciences,Delhi NCR,Hospital,Sector 21A,,28.425712736722,77.300233840942,873da10e0ffffff,,48.0,31.0,True,,0.0,1500.0,4.0,2288.0,2009.0,+912071534178,https://www.practo.com/faridabad/hospital/asian-institute-of-medical-sciences-faridabad?referrer=hospital_listing,https://images1-fabric.practo.com/55bb365f495d9d8d81f7f6002631ec8095a30be7f0d0e.jpg,VN,practo,,1.0,canonical,30,Q4,Q4-Sub-Q4,Ultra Premium,0.435959
hosp_1a2b3f305acfa94d,Dermaiims: Dr from AIIMS,dermaiims dr from aiims,Delhi NCR,Hospital,Safdarjung Enclave,,28.565677786518,77.194485068321,873da1150ffffff,,2.0,4.0,True,,1000.0,1200.0,5.0,702.0,,+917317154104,https://www.practo.com/delhi/hospital/dermaiims-safdarjung-enclave?referrer=hospital_listing,https://images1-fabric.practo.com/practices/1441606/dermaiims-dr-from-aiims-delhi-655b1ee8b35ed.jpeg,ABS,practo,,1.0,canonical,31,Q4,Q4-Sub-Q4,Ultra Premium,0.435775
hosp_8ad421577c3bace9,Motherhood Hospital,motherhood hospital,Delhi NCR,Hospital,Sector 48,,28.557278,77.3683,873da1045ffffff,,8.0,5.0,True,,1100.0,1200.0,5.0,568.0,,+911141190255,https://www.practo.com/noida/hospital/motherhood-hospital-1-sector-48?referrer=hospital_listing,https://images1-fabric.practo.com/practices/1276298/motherhood-hospital-noida-6752db2301990.png,RFA,practo,,1.0,canonical,32,Q4,Q4-Sub-Q4,Ultra Premium,0.432782
hosp_8b7caa6655583b62,MediServe Clinic,mediserve clinic,Delhi NCR,Hospital,Sector 122,,28.5906345,77.397828166667,873da1068ffffff,,1.0,2.0,False,,1000.0,1000.0,5.0,1553.0,,+911141168499,https://www.practo.com/noida/hospital/mediserve-clinic-sector-122?referrer=hospital_listing,https://images1-fabric.practo.com/practices/1005024/mediserve-clinic-noida-6776063bd409c.png,ABS,practo,,1.0,canonical,33,Q4,Q4-Sub-Q4,Ultra Premium,0.43038
hosp_76d05012ae7324aa,Kalpavriksh Super Speciality Center,kalpavriksh super speciality center,Delhi NCR,Hospital,Dwarka,,28.597917702078,77.03512430191,873da1123ffffff,,19.0,18.0,True,,0.0,1500.0,4.5,1497.0,,+911161264863,https://www.practo.com/delhi/hospital/thekalpavrikshsuperspecialityclinic-dwarka-2?referrer=hospital_listing,https://images1-fabric.practo.com/practices/704094/kalpavriksh-super-speciality-center-delhi-67efbc764c393.jpeg,VN,practo,,1.0,canonical,34,Q4,Q4-Sub-Q4,Ultra Premium,0.428479
hosp_f0d202bf8affc5ce,Kapil Dental Clinic and Implant Center,kapil dental clinic implant center,Delhi NCR,Hospital,Rohini,,28.70866931230131,77.11151864379643,873da18ceffffff,,2.0,1.0,True,,500.0,500.0,5.0,644.0,,+911140036739,https://www.practo.com/delhi/hospital/kapil-dental-clinic-implant-center-rohini?referrer=hospital_listing,https://images1-fabric.practo.com/54dda73c13dba44a50f07b4bdc57740901280f9eddaf5.PNG,VN,practo,,1.0,canonical,35,Q4,Q4-Sub-Q4,Ultra Premium,0.426242
hosp_186e6291f5cb7a95,Indraprastha Apollo Hospitals,indraprastha apollo hospitals,Delhi NCR,Hospital,Sarita Vihar,,28.54132642863346,77.2832179069519,873da1074ffffff,,220.0,47.0,True,,0.0,3500.0,3.5,1111.0,,+911140787361,https://www.practo.com/delhi/hospital/indraprastha-apollo-hospital-2-sarita-vihar?referrer=hospital_listing,https://images1-fabric.practo.com/practices/912154/indraprastha-apollo-hospitals-delhi-5fe49c0ad3bcf.jpg,VN,practo,,1.0,canonical,36,Q4,Q4-Sub-Q4,Ultra Premium,0.42589
hosp_ef8e358ad8a02b44,Orion Orthodontic & Dental Care Centre,orion orthodontic dental care centre,Delhi NCR,Hospital,Greater Kailash Part 1,,28.544828932229,77.241746596992,873da102dffffff,,4.0,1.0,True,,750.0,850.0,5.0,611.0,,+911142213312,https://www.practo.com/delhi/hospital/orion-orthodontic-dental-care-centre-greater-kailash-part-1?referrer=hospital_listing,https://images1-fabric.practo.com/53c67032bab26ec24b8d49a93991a72537427252add01.jpg,VN,practo,,1.0,canonical,37,Q4,Q4-Sub-Q4,Ultra Premium,0.425409
hosp_0ebcd2e8ed255e97,Marwaha Dental clinic,marwaha dental clinic,Delhi NCR,Hospital,DLF Phase II,,28.48229,77.08799,873da111affffff,,1.0,1.0,True,,600.0,600.0,5.0,582.0,,+911141193981,https://www.practo.com/gurgaon/hospital/marwaha-dental-clinic-dlf-phase-ii?referrer=hospital_listing,https://images1-fabric.practo.com/practices/661180/marwaha-dental-clinic-gurgaon-68c81214ec744.jpeg,ABS,practo,,1.0,canonical,38,Q4,Q4-Sub-Q4,Ultra Premium,0.421191
hosp_781151755d177dac,Neo Dental Care,neo dental care,Delhi NCR,Hospital,Sector 50,,28.569822710307374,77.37010488286614,873da106effffff,,1.0,1.0,True,,700.0,700.0,5.0,480.0,2017.0,+917969204089,https://www.practo.com/noida/hospital/jahnvi-dental-care-neo-hospital-sector-50?referrer=hospital_listing,https://images1-fabric.practo.com/practices/1142771/neo-dental-care-noida-6540887e85e69.png,ABS,practo,,1.0,canonical,39,Q4,Q4-Sub-Q4,Ultra Premium,0.420967
hosp_e03661559187d1a3,Sant Parmanand Hospital,sant parmanand hospital,Delhi NCR,Hospital,Civil Lines,,28.677716495228243,77.22409665584564,873da116effffff,,32.0,28.0,True,,0.0,1700.0,4.5,126.0,1933.0,+918037311397,https://www.practo.com/delhi/hospital/sant-parmanand-hospital?referrer=hospital_listing,https://images1-fabric.practo.com/practices/632324/sant-parmanand-hospital-delhi-665849dda32ca.png,VN,practo,,1.0,canonical,40,Q4,Q4-Sub-Q4,Ultra Premium,0.418994
hosp_06778ccb3149ef17,Delhi Pain Management Centre,delhi pain management centre,Delhi NCR,Hospital,Safdarjung Enclave,,28.565678682991,77.196563323232,873da1150ffffff,,3.0,3.0,True,2.0,1200.0,1200.0,4.5,2060.0,,+911141198471,https://www.practo.com/delhi/hospital/delhi-pain-management-centre-safdarjung-enclave-1?referrer=hospital_listing,https://images1-fabric.practo.com/delhi-pain-management-centre-safdarjung-enclave-delhi-1456985187-56d7d4631d629.jpg,ABS,practo,,1.0,canonical,41,Q4,Q4-Sub-Q4,Ultra Premium,0.417825
hosp_79bf9d5c5792e849,Maharishi Ayurveda Hospital,maharishi ayurveda hospital,Delhi NCR,Hospital,Shalimar Bagh,,28.7077,77.1544,873da18cbffffff,,15.0,5.0,False,2.0,0.0,1200.0,5.0,675.0,1999.0,+918037320709,https://www.practo.com/delhi/hospital/maharishi-ayurveda-hospital-shalimar-bagh-2?referrer=hospital_listing,https://images1-fabric.practo.com/maharishi-ayurveda-hospital-delhi-1461934728-57235a88ee249.jpg,VN,practo,,1.0,canonical,42,Q4,Q4-Sub-Q4,Ultra Premium,0.417764
hosp_ca4499000acc56a4,Cloudnine Hospital,cloudnine hospital,Delhi NCR,Hospital,Kailash Colony,,28.5557573,77.2402874,873da102dffffff,,14.0,4.0,True,5.0,800.0,1800.0,5.0,326.0,,+911140036711,https://www.practo.com/delhi/hospital/cloudnine-hospital-1-kailash-colony?referrer=hospital_listing,https://images1-fabric.practo.com/practices/1417125/cloudnine-hospital-delhi-6410105b8255b.png,ABS,practo,,1.0,canonical,43,Q4,Q4-Sub-Q4,Ultra Premium,0.414236
hosp_c88ba40ee07c3fe0,Dr. Baba Saheb Ambedkar Hospital,dr baba saheb ambedkar hospital,Delhi NCR,Hospital,Rohini,,28.713257752048438,77.11426019668579,873da18ceffffff,,31.0,10.0,True,,0.0,1000.0,5.0,162.0,,+918037311710,https://www.practo.com/delhi/hospital/dr-baba-saheb-ambedkar-hospital-rohini-1?referrer=hospital_listing,https://images1-fabric.practo.com/practices/771964/dr-baba-saheb-ambedkar-hospital-delhi-680735bb76167.png,VN,practo,,1.0,canonical,44,Q4,Q4-Sub-Q4,Ultra Premium,0.412307
hosp_399cfa6449dfd553,Dr. Malhotra's Dental Guardians,dr malhotra s dental guardians,Delhi NCR,Hospital,Tilak Nagar,,28.63566,77.09727,873da112dffffff,,2.0,1.0,True,,200.0,400.0,5.0,453.0,,+911140036743,https://www.practo.com/delhi/hospital/dr-malhotra-s-dental-guardians-subhash-nagar?referrer=hospital_listing,https://images1-fabric.practo.com/practices/712480/dr-malhotra-s-dental-guardians-delhi-597b2bacf3561.jpg,VN,practo,,1.0,canonical,45,Q4,Q4-Sub-Q4,Ultra Premium,0.411972
hosp_ddab8dabd0c5f273,Kid'z Care Clinic,kid z care clinic,Delhi NCR,Hospital,IP Extension,,28.634736079066,77.303844094276,873da1149ffffff,,1.0,1.0,True,,800.0,800.0,5.0,460.0,,+918037311710,https://www.practo.com/delhi/hospital/kidz-care-clinic-5?referrer=hospital_listing,,VN,practo,,1.0,canonical,46,Q4,Q4-Sub-Q4,Ultra Premium,0.411834
hosp_2e6d8858d2e906c3,Dantika Clinic,dantika clinic,Delhi NCR,Hospital,Gurgaon Sector 51,,28.425167,77.068157,873da118cffffff,,1.0,1.0,True,1.0,500.0,500.0,5.0,455.0,,+911142213998,https://www.practo.com/gurgaon/hospital/dantika-gurgaon-sector-51?referrer=hospital_listing,https://images1-fabric.practo.com/dantika-dental-clinic-gurgaon-1477547102-5811945eb3c1f.jpg,ABS,practo,,1.0,canonical,47,Q4,Q4-Sub-Q4,Ultra Premium,0.411418
hosp_568d500d26e21b3c,Dr. Manu Agarwal,dr manu agarwal,Delhi NCR,Hospital,Vasant Kunj,,28.52577,77.16382,873da1020ffffff,,1.0,1.0,True,,1200.0,1200.0,5.0,449.0,,+911140036744,https://www.practo.com/delhi/hospital/dr-manu-agarwal-vasant-kunj?referrer=hospital_listing,https://images2-fabric.practo.com/practo-resources/core/practice/photos/8f16f5f95e392489da5d1f5957288e968a366dd8.jpg,VN,practo,,1.0,canonical,48,Q4,Q4-Sub-Q4,Ultra Premium,0.410914
hosp_40ae2f6ebfbb9a18,Green Park Dental,green park dental,Delhi NCR,Hospital,Green Park,,28.560000390216533,77.20572352409363,873da1153ffffff,,1.0,1.0,True,,200.0,200.0,5.0,443.0,,+912048553064,https://www.practo.com/delhi/hospital/green-park-dental-institute-green-park-1?referrer=hospital_listing,https://images1-fabric.practo.com/green-park-dental-institute-delhi-1439224998-55c8d4a66d592.jpg,VN,practo,,1.0,canonical,49,Q4,Q4-Sub-Q4,Ultra Premium,0.410405
hosp_a67a68daf4aaf1bb,Newlife Multispeciality Hospital And Trauma Centre,newlife multispeciality hospital trauma centre,Delhi NCR,Hospital,Palam Vihar,,28.503297968338,77.033336910544,873da1110ffffff,,4.0,6.0,True,,0.0,700.0,5.0,299.0,,+914448132962,https://www.practo.com/gurgaon/hospital/newlife-multispeciality-hospital-and-trauma-centre-palam-vihar?referrer=hospital_listing,https://images1-fabric.practo.com/practices/1220456/newlife-multispeciality-hospital-and-trauma-centre-gurgaon-5c9f134ea2cfd.png,VN,practo,,1.0,canonical,50,Q4,Q4-Sub-Q4,Ultra Premium,0.407699
hosp_c4868b5525eb6a3e,Proactive Physiotherapy,proactive physiotherapy,Delhi NCR,Hospital,Safdarjung Enclave,,28.55968,77.20044,873da1153ffffff,,1.0,1.0,True,,1000.0,1000.0,5.0,366.0,,+911140036739,https://www.practo.com/delhi/hospital/proactive-physiotherapy-safdarjung-enclave?referrer=hospital_listing,https://images1-fabric.practo.com/practices/711513/proactive-physiotherapy-delhi-59143d417869c.jpg,ABS,practo,,1.0,canonical,51,Q4,Q4-Sub-Q4,Ultra Premium,0.403358
hosp_33e999e5aedb5918,Ivory Dental Clinic,ivory dental clinic,Delhi NCR,Hospital,Green Park,,28.557213308248,77.202147784061,873da1153ffffff,,3.0,1.0,True,,500.0,1000.0,5.0,351.0,,+911140036316,https://www.practo.com/delhi/hospital/ivory-dental-clinic-green-park?referrer=hospital_listing,https://images1-fabric.practo.com/practices/661094/ivory-dental-clinic-delhi-5b8fc54b3b596.jpg,ABS,practo,,1.0,canonical,52,Q4,Q4-Sub-Q4,Ultra Premium,0.403289
hosp_3f4924b651239583,Bhagwati  Hospital,bhagwati hospital,Delhi NCR,Hospital,Rohini,,28.7191,77.1296,873da18ceffffff,,41.0,27.0,True,,0.0,1000.0,4.5,198.0,2002.0,+911140036739,https://www.practo.com/delhi/hospital/bhagwati-hospital-rohini-3?referrer=hospital_listing,https://images1-fabric.practo.com/bhagwati-hospital-delhi-1466653921-576b5ce1ed6d5.jpg,VN,practo,,1.0,canonical,53,Q4,Q4-Sub-Q4,Ultra Premium,0.403204
hosp_e4a7e29914a3ea50,Fortis La Femme,fortis la femme,Delhi NCR,Hospital,Greater Kailash Part 2,,28.529019,77.24383,873da1029ffffff,,37.0,14.0,True,5.0,800.0,10000.0,4.5,566.0,2004.0,+918037311710,https://www.practo.com/delhi/hospital/fortis-hospital-greater-kailash-part-2-1?referrer=hospital_listing,https://images1-fabric.practo.com/practices/707970/fortis-la-femme-delhi-5b83a4cbf1a88.jpg,VN,practo,,1.0,canonical,54,Q4,Q4-Sub-Q4,Ultra Premium,0.401482
hosp_bfdb19da06a791b6,Holy Angels Hospital,holy angels hospital,Delhi NCR,Hospital,Vasant Vihar,,28.55766809303941,77.1643316745758,873da1156ffffff,,14.0,14.0,True,,0.0,2000.0,5.0,138.0,,+911140036744,https://www.practo.com/delhi/hospital/holy-angels-hospital-vasant-vihar-3?referrer=hospital_listing,https://images1-fabric.practo.com/practices/1196224/holy-angels-hospital-delhi-5b45acc0e9f3d.png,VN,practo,,1.0,canonical,55,Q4,Q4-Sub-Q4,Ultra Premium,0.401327
hosp_4ef4399c0e0a3056,National Eye Centre,national eye centre,Delhi NCR,Hospital,Gurgaon Sector 57,,28.4209951,77.0905578,873da118cffffff,,3.0,1.0,True,,0.0,500.0,5.0,323.0,,+914471967143,https://www.practo.com/gurgaon/hospital/national-eye-centre-gurgaon-sector-57?referrer=hospital_listing,https://images1-fabric.practo.com/practices/1192113/national-eye-centre-gurgaon-5b0513538ce98.PNG,VN,practo,,1.0,canonical,56,Q4,Q4-Sub-Q4,Ultra Premium,0.400303
hosp_872bd504a1a43ce5,Krishna Netralaya Eye Centre,krishna netralaya eye centre,Delhi NCR,Hospital,Gurgaon Sector 90,,28.403683704018,76.936561167241,873da11b6ffffff,,3.0,1.0,True,1.0,1000.0,1000.0,5.0,314.0,,+917317152981,https://www.practo.com/gurgaon/hospital/krishna-netralaya-golf-course-road-gurgaon-sector-53?referrer=hospital_listing,https://images1-fabric.practo.com/practices/1248460/krishna-netralaya-golf-course-road-5c9b5d9d0d5e0.jpg,VN,practo,,1.0,canonical,57,Q4,Q4-Sub-Q4,Ultra Premium,0.399292
hosp_a5c42d189cc6e8c4,Felix Hospital,felix hospital,Delhi NCR,Hospital,Sector 137,,28.505991,77.408783,873da105dffffff,,24.0,21.0,True,,300.0,1500.0,4.5,607.0,2015.0,+911140844821,https://www.practo.com/noida/hospital/felix-hospital-sector-137?referrer=hospital_listing,https://images1-fabric.practo.com/practices/894900/felix-hospital-noida-58fda31abf7f9.png,VN,practo,,1.0,canonical,58,Q4,Q4-Sub-Q4,Ultra Premium,0.398583
hosp_819d6d30fa68e020,Doctors plaza,doctors plaza,Delhi NCR,Hospital,Punjabi Bagh,,28.701840386245028,77.0480240508914,873da18c6ffffff,,13.0,20.0,True,4.0,800.0,3000.0,5.0,99.0,,+911161262759,https://www.practo.com/delhi/hospital/sewa-charitable-nangloi-1?referrer=hospital_listing,https://images1-fabric.practo.com/practices/1261374/doctors-plaza-delhi-6165640b4247a.jpeg,VN,practo,,1.0,canonical,59,Q4,Q4-Sub-Q4,Ultra Premium,0.398307
hosp_04f7c62d4fdecd2f,Oliva Skin & Hair Clinic,oliva skin hair clinic,Delhi NCR,Hospital,Punjabi Bagh,,28.666006659355,77.127006276762,873da18d8ffffff,,4.0,5.0,True,,1000.0,1500.0,5.0,237.0,,+911140036723,https://www.practo.com/delhi/hospital/oliva-skin-hair-clinic-punjabi-bagh?referrer=hospital_listing,https://images1-fabric.practo.com/practices/1425674/oliva-skin-hair-clinic-delhi-64915f8f7b3e2.jpg,VN,practo,,1.0,canonical,60,Q4,Q4-Sub-Q4,Ultra Premium,0.39749
hosp_c47b4ace978c1048,Cloudnine Hospitals,cloudnine hospitals,Delhi NCR,Hospital,Patparganj,,28.629528850332022,77.31516595714653,873da1149ffffff,,16.0,4.0,True,5.0,1000.0,1500.0,5.0,186.0,,+911143078857,https://www.practo.com/delhi/hospital/cloudnine-hospitals-patparganj?referrer=hospital_listing,https://images1-fabric.practo.com/practices/1358824/cloudnine-hospitals-delhi-616a8fa85b7e3.png,ABS,practo,,1.0,canonical,61,Q4,Q4-Sub-Q4,Ultra Premium,0.395384
hosp_8033ae2f74667546,Umkal Hospital,umkal hospital,Delhi NCR,Hospital,Sushant Lok I,,28.471558,77.073305,873da11a9ffffff,,22.0,20.0,True,,0.0,1200.0,5.0,79.0,,+911140845776,https://www.practo.com/gurgaon/hospital/umkal-hospital-sushant-lok-i-1?referrer=hospital_listing,https://images1-fabric.practo.com/practices/1193581/umkal-hospital-gurgaon-5b18f0d776982.jpg,VN,practo,,1.0,canonical,62,Q4,Q4-Sub-Q4,Ultra Premium,0.395091
hosp_a1d908a156034d74,Medanta-The Medicity,medanta medicity,Delhi NCR,Hospital,Gurgaon Sector 38,,28.43924,77.04064,873da1185ffffff,,159.0,44.0,True,,0.0,2000.0,3.5,1203.0,2009.0,+911140849413,https://www.practo.com/gurgaon/hospital/medanta-the-medicity-2?referrer=hospital_listing,https://images1-fabric.practo.com/practices/630413/medanta-the-medicity-gurgaon-5b444db79988d.JPG,VN,practo,,1.0,canonical,63,Q4,Q4-Sub-Q4,Ultra Premium,0.39465
hosp_9e2ba10f6e0bdfd3,Mahajan Hospital,mahajan hospital,Delhi NCR,Hospital,Uttam Nagar,,28.6239424,77.0644631,873da112cffffff,,2.0,4.0,True,,700.0,1200.0,5.0,240.0,,+911140036731,https://www.practo.com/delhi/hospital/mahajan-hospital-2-uttam-nagar?referrer=hospital_listing,https://images1-fabric.practo.com/practices/1025902/mahajan-hospital-delhi-60d5628c6dcbf.jpeg,ABS,practo,,1.0,canonical,64,Q4,Q4-Sub-Q4,Ultra Premium,0.394613
hosp_0f8445606c0fb643,Max Super Speciality Hospital,max super speciality hospital,Delhi NCR,Hospital,Vaishali,,28.63475,77.33286,873da1a96ffffff,,139.0,52.0,True,,0.0,2000.0,3.5,1392.0,,+911141190681,https://www.practo.com/ghaziabad/hospital/max-super-speciality-hospital-vaishali?referrer=hospital_listing,https://images1-fabric.practo.com/practices/678414/max-super-speciality-hospital-ghaziabad-5f5b273c96307.JPG,RFA,practo,,1.0,canonical,65,Q4,Q4-Sub-Q4,Ultra Premium,0.390113
hosp_ee0f2eb77c7cc3e5,Dr Gopika's Centre For Young Smiles,dr gopika s centre for young smiles,Delhi NCR,Hospital,Greater Kailash Part 1,,28.635797797604614,77.2236031293869,873da1145ffffff,,1.0,1.0,True,,1500.0,1500.0,5.0,236.0,,+911140036714,https://www.practo.com/delhi/hospital/dr-gopika-s-centre-for-young-smiles-greater-kailash-part-1?referrer=hospital_listing,https://images1-fabric.practo.com/dr-gopika-s-centre-for-young-smiles-delhi-1465362895-5757a9cf14a8b.jpg,VN,practo,,1.0,canonical,66,Q4,Q4-Sub-Q4,Ultra Premium,0.387624
hosp_f9f4e006a56cb396,Bliss Dental Care,bliss dental care,Delhi NCR,Hospital,Sector 61,,28.59755,77.36751,873da106cffffff,,1.0,1.0,False,,500.0,500.0,5.0,829.0,,+911161262796,https://www.practo.com/noida/hospital/bliss-dental-care-noida-sector-61?referrer=hospital_listing,https://images1-fabric.practo.com/bliss-dental-care-noida-1439916770-55d362e2b3e70.jpg,ABS,practo,,1.0,canonical,67,Q4,Q4-Sub-Q4,Ultra Premium,0.387446
hosp_ea18dd24216d2f63,AVee Hospital,avee hospital,Delhi NCR,Hospital,Vaishali,,28.648172599760425,77.35169116956149,873da1a94ffffff,,20.0,13.0,True,,500.0,1200.0,4.5,579.0,2005.0,+911140849632,https://www.practo.com/ghaziabad/hospital/aarogya-hospital-vaishali?referrer=hospital_listing,https://images1-fabric.practo.com/practices/757616/avee-hospital-ghaziabad-66d92caf7a893.png,VN,practo,,1.0,canonical,68,Q4,Q4-Sub-Q4,Ultra Premium,0.387269
hosp_c43110291d75f837,Balhara's Le Cure Hospital,balhara s le cure hospital,Delhi NCR,Hospital,Neb Sarai,,28.50975,77.20139,873da102effffff,,5.0,5.0,True,,0.0,1000.0,5.0,165.0,,+911141171877,https://www.practo.com/delhi/hospital/balhara-s-le-cure-hospital-neb-sarai-1?referrer=hospital_listing,https://images1-fabric.practo.com/balhara-s-le-cure-hospital-delhi-1454422164-56b0b8944cd83.jpg,VN,practo,,1.0,canonical,69,Q4,Q4-Sub-Q4,Ultra Premium,0.384803
hosp_e2c661f01ebbe08e,RG Stone Urology And Laparoscopy Hospital,rg stone urology laparoscopy hospital,Delhi NCR,Hospital,Karkardooma,,28.6459585,77.2969332,873da114dffffff,,4.0,8.0,True,,0.0,900000.0,5.0,141.0,,+912048553587,https://www.practo.com/delhi/hospital/rg-stone-urology-and-laparoscopy-hospital-karkardooma-1?referrer=hospital_listing,https://images1-fabric.practo.com/practices/807732/rg-stone-urology-and-laparoscopy-hospital-delhi-5afa7d2f83d1b.jpg,VN,practo,,1.0,canonical,70,Q4,Q4-Sub-Q4,Ultra Premium,0.383637
hosp_ad23a3e59e8c377c,Max Super Speciality Hospital,max super speciality hospital,Delhi NCR,Hospital,Dwarka Sector 10,,28.58253149161957,77.05138067854219,873da1105ffffff,,108.0,41.0,True,,0.0,2000.0,4.0,242.0,,+911141190226,https://www.practo.com/delhi/hospital/max-super-speciality-hospital-dwarka-dwarka-sector-10?referrer=hospital_listing,https://images1-fabric.practo.com/practices/1466927/max-super-speciality-hospital-delhi-66a0aaa42e915.png,RFA,practo,,1.0,canonical,71,Q4,Q4-Sub-Q4,Ultra Premium,0.383578
hosp_fc1673273ca654ce,Aastha Hospital & IVF Centre,aastha hospital ivf centre,Delhi NCR,Hospital,Vikas Puri,,28.63574,77.08127,873da112dffffff,,7.0,10.0,True,,800.0,1200.0,4.5,1095.0,,+911161191084,https://www.practo.com/delhi/hospital/aastha-hospital-and-ivf-centre-vikas-puri?referrer=hospital_listing,https://images1-fabric.practo.com/practices/689033/aastha-hospital-ivf-centre-delhi-5df9c1375f2e9.png,VN,practo,,1.0,canonical,72,Q4,Q4-Sub-Q4,Ultra Premium,0.383497
hosp_8168fc02e8021116,Shradha Multispeciality Hospital,shradha multispeciality hospital,Delhi NCR,Hospital,Narela,,28.856438958061,77.088669911027,873da1840ffffff,,2.0,2.0,True,,200.0,200.0,5.0,192.0,,+911140036730,https://www.practo.com/delhi/hospital/shradha-multispeciality-hospital-narela?referrer=hospital_listing,https://images1-fabric.practo.com/practices/929627/shradha-multispeciality-hospital-delhi-666bebb52fddd.png,VN,practo,,1.0,canonical,73,Q4,Q4-Sub-Q4,Ultra Premium,0.382685
hosp_78276eab531cd884,Cloudnine Hospital - Punjabi Bagh,cloudnine hospital punjabi bagh,Delhi NCR,Hospital,Punjabi Bagh,,28.66583460139629,77.12780129927009,873da18d8ffffff,,14.0,5.0,True,5.0,0.0,1500.0,5.0,131.0,,+918037296911,https://www.practo.com/delhi/hospital/cloudnine-hospital-1-punjabi-bagh?referrer=hospital_listing,https://images1-fabric.practo.com/practices/1373600/cloudnine-hospital-punjabi-bagh-delhi-61ea57869c373.png,ABS,practo,,1.0,canonical,74,Q4,Q4-Sub-Q4,Ultra Premium,0.382271
hosp_c0dd3fc74e3be64d,"Max Super Speciality Hospital, Noida",max super speciality hospital noida,Delhi NCR,Hospital,Sector 128,,28.51592961942887,77.37243718339109,873da1042ffffff,,77.0,35.0,True,,0.0,2000.0,4.0,895.0,,+911140036619,https://www.practo.com/noida/hospital/jaypee-hospital-8-sector-128-8?referrer=hospital_listing,https://images1-fabric.practo.com/practices/1158593/max-super-speciality-hospital-noida-noida-674ea2ac75250.png,RFA,practo,,1.0,canonical,75,Q4,Q4-Sub-Q4,Ultra Premium,0.380294
hosp_b8428e8483a1d001,NKS Super Speciality Hospital,nks super speciality hospital,Delhi NCR,Hospital,Gulabi Bagh,,28.657045,77.21223,873da1163ffffff,,46.0,19.0,True,,0.0,1500.0,4.5,289.0,,+917948501410,https://www.practo.com/delhi/hospital/nks-super-speciality-hospital-gulabi-bagh?referrer=hospital_listing,https://images1-fabric.practo.com/nks-super-speciality-hospital-delhi-1470646787-57a84a03abb6c.png,ABS,practo,,1.0,canonical,76,Q4,Q4-Sub-Q4,Ultra Premium,0.38024
hosp_38f018859964f48f,Sarvodya Hospital,sarvodya hospital,Delhi NCR,Hospital,Gopi Colony,,28.42241032519,77.317065373063,873da10e3ffffff,,28.0,21.0,True,,0.0,1500.0,5.0,47.0,,+917948501329,https://www.practo.com/faridabad/hospital/sarvodaya-hospital-gopi-colony?referrer=hospital_listing,https://images1-fabric.practo.com/practices/831093/sarvodya-hospital-faridabad-66595d45945fd.png,ABS,practo,,1.0,canonical,77,Q4,Q4-Sub-Q4,Ultra Premium,0.378306
hosp_268d2826711a8a9c,Medharbour Multispeciality Hospital,medharbour multispeciality hospital,Delhi NCR,Hospital,Gurgaon Sector 51,,28.431946,77.062507,873da11aaffffff,,27.0,25.0,True,,1000.0,2500.0,4.5,284.0,,+917949121359,https://www.practo.com/gurgaon/hospital/medharbour-gurgaon-sector-51-1-1?referrer=hospital_listing,https://images1-fabric.practo.com/practices/1472218/medharbour-multispeciality-hospital-gurgaon-67516986d1dfe.png,ABS,practo,,1.0,canonical,78,Q4,Q4-Sub-Q4,Ultra Premium,0.377429
hosp_d299aaf7b980020f,Bhargava Dental Care,bhargava dental care,Delhi NCR,Hospital,Sector 29,,28.568722193579,77.340204454958,873da1063ffffff,,1.0,1.0,True,,500.0,500.0,5.0,178.0,,+911141194669,https://www.practo.com/noida/hospital/bhargava-dental-clinic-noida-sector-29?referrer=hospital_listing,https://images1-fabric.practo.com/53b3e253710a931478861460cc839cbbfcf34f1426db3.jpg,VN,practo,,1.0,canonical,79,Q4,Q4-Sub-Q4,Ultra Premium,0.377244
hosp_58785896ce2edab7,St Stephens Hospital,st stephens hospital,Delhi NCR,Hospital,Tis Hazari,,28.66679712403296,77.21461236476898,873da116effffff,,67.0,26.0,True,10.0,0.0,1000.0,4.0,279.0,1885.0,+911140849413,https://www.practo.com/delhi/hospital/st-stephens-hospital-tis-hazari?referrer=hospital_listing,https://images1-fabric.practo.com/st-stephens-hospital-delhi-1466966448-577021b08237d.jpeg,VN,practo,,1.0,canonical,80,Q4,Q4-Sub-Q4,Ultra Premium,0.377108
hosp_ab55734b91de3af9,IndoGulf Hospital,indogulf hospital,Delhi NCR,Hospital,Sector 19,,28.5772,77.3271,873da1060ffffff,,16.0,13.0,True,,500.0,1500.0,4.5,425.0,2003.0,+911142213853,https://www.practo.com/noida/hospital/indogulf-hospital-and-diagnostics-sector-19?referrer=hospital_listing,https://images1-fabric.practo.com/practices/1137224/indogulf-hospital-diagnostics-noida-59bb64b645d99.png,ABS,practo,,1.0,canonical,81,Q4,Q4-Sub-Q4,Ultra Premium,0.376372
hosp_072becd1f5102572,Handa Aesthetics and Plastics,handa aesthetics plastics,Delhi NCR,Hospital,Safdarjung Enclave,,28.56520251320877,77.19596306509231,873da1150ffffff,,2.0,3.0,True,,1000.0,1000.0,5.0,152.0,,+911161266255,https://www.practo.com/delhi/hospital/handa-nursing-home-raja-garden-1?referrer=hospital_listing,https://images1-fabric.practo.com/practices/608090/handa-aesthetic-and-plastics-delhi-607d3968d37dd.png,ABS,practo,,1.0,canonical,82,Q4,Q4-Sub-Q4,Ultra Premium,0.375701
hosp_c6a9283d984e2b60,VIMHANS Nayati Superspecialty Hospital,vimhans nayati superspecialty hospital,Delhi NCR,Hospital,Lajpat Nagar,,28.5692702,77.2510561,873da1158ffffff,,15.0,14.0,True,,700.0,2000.0,4.5,540.0,2016.0,+911141169524,https://www.practo.com/delhi/hospital/vimhans-hospital-qutab-institutional-area?referrer=hospital_listing,https://images1-fabric.practo.com/practices/666977/vimhans-nayati-superspecialty-hospital-delhi-5e44da969e98b.png,VN,practo,,1.0,canonical,83,Q4,Q4-Sub-Q4,Ultra Premium,0.37402
hosp_0e4ac011e5312a35,Sama Hospital,sama hospital,Delhi NCR,Hospital,Siri Fort Road,,28.5553447,77.22213990000002,873da1153ffffff,,19.0,26.0,True,,800.0,2000.0,4.5,274.0,,+917948501216,https://www.practo.com/delhi/hospital/sama-hospital-august-kranti-marg?referrer=hospital_listing,https://images1-fabric.practo.com/practices/707943/sama-hospital-delhi-5ec7931abd924.jpg,ABS,practo,,1.0,canonical,84,Q4,Q4-Sub-Q3,Super Premium,0.372699
hosp_667990ba444f9cf7,Apollo Hospitals,apollo hospitals,Delhi NCR,Hospital,Sector 26,,28.579113856020754,77.33434081077576,873da1060ffffff,,83.0,40.0,True,,600.0,2000.0,4.0,453.0,,+911161266255,https://www.practo.com/noida/hospital/apollo-hospitals-noida-noida-sector-26?referrer=hospital_listing,https://images1-fabric.practo.com/540439897d85ffd456406745d816a45cae554c788e754.jpg,VN,practo,,1.0,canonical,85,Q4,Q4-Sub-Q3,Super Premium,0.372696
hosp_bdf646ff971515aa,Angel Agastya Multi Speciality Hospital,angel agastya multi speciality hospital,Delhi NCR,Hospital,Palam Colony,,28.587058558333,77.085784835443,873da112affffff,,1.0,2.0,True,,600.0,600.0,5.0,148.0,,+911161191399,https://www.practo.com/delhi/hospital/angel-agastya-hospital-dwarka?referrer=hospital_listing,https://images1-fabric.practo.com/practices/1248456/angel-agastya-multi-speciality-hospital-delhi-650833f5a00a2.jpeg,VN,practo,,1.0,canonical,86,Q4,Q4-Sub-Q3,Super Premium,0.372053
hosp_b94890e60e5f3c10,A B Laser Eye Centre,b laser eye centre,Delhi NCR,Hospital,Gaur City,,28.607595637566774,77.42568343877792,873da1a9affffff,,2.0,1.0,True,,300.0,300.0,5.0,152.0,,+917969203430,https://www.practo.com/noida/hospital/a-b-laser-eye-centre-greater-noida-west?referrer=hospital_listing,https://images1-fabric.practo.com/practices/1390943/a-b-laser-eye-centre-noida-62ad84c43559d.jpeg,ABS,practo,,1.0,canonical,87,Q4,Q4-Sub-Q3,Super Premium,0.371927
hosp_e73b5a98dc99a63a,ORIFACE - Maxillofacial And Dental Clinic,oriface maxillofacial dental clinic,Delhi NCR,Hospital,Tuglakabad,,28.526231226264,77.257566349581,873da1029ffffff,,2.0,1.0,True,,300.0,300.0,5.0,151.0,,+911140036743,https://www.practo.com/delhi/hospital/oriface-maxillofacial-and-dental-clinic-tuglakabad?referrer=hospital_listing,https://images1-fabric.practo.com/542c4fa55919b5636501760de7bace7b52e83d6a51779.jpg,VN,practo,,1.0,canonical,88,Q4,Q4-Sub-Q3,Super Premium,0.37167
hosp_4478eab3496ce156,Dental Health Centre,dental health centre,Delhi NCR,Hospital,Nizamuddin East,,28.58862924854526,77.25252270698547,873da115cffffff,,1.0,1.0,True,,1000.0,1000.0,5.0,152.0,,+917971262940,https://www.practo.com/delhi/hospital/dental-health-centre-hazrat-nizamuddin?referrer=hospital_listing,,VN,practo,,1.0,canonical,89,Q4,Q4-Sub-Q3,Super Premium,0.371205
hosp_92eff98fb4d0eab8,Dental Destination at Ahmed Hospital,dental destination ahmed hospital,Delhi NCR,Hospital,Gurgaon Sector 15,,23.728410141845334,92.71527528762817,873cc0aebffffff,,2.0,1.0,True,,0.0,300.0,5.0,148.0,,+912048554749,https://www.practo.com/gurgaon/hospital/dental-destination-aibawk?referrer=hospital_listing,https://images1-fabric.practo.com/dental-destination-gurgaon-1473317912-57d10c188c9f7.png,VN,practo,,1.0,canonical,90,Q4,Q4-Sub-Q3,Super Premium,0.370888
hosp_7277652cee229f33,Medstar Hospital,medstar hospital,Delhi NCR,Hospital,Paschim Vihar,,28.658908111732,77.09083378315,873da18deffffff,,2.0,4.0,True,,1000.0,1000.0,5.0,125.0,,+911140036480,https://www.practo.com/delhi/hospital/medstar-hospital-paschim-vihar-4?referrer=hospital_listing,https://images1-fabric.practo.com/practices/1293912/medstar-hospital-delhi-66bc603d34699.png,VN,practo,,1.0,canonical,91,Q4,Q4-Sub-Q3,Super Premium,0.369831
hosp_4bf5f180adf81835,All India Institute Of Medical Sciences,all institute medical sciences,Delhi NCR,Hospital,Ansari Nagar,,28.566902744721272,77.20889925956726,873da1153ffffff,,23.0,10.0,True,,0.0,1500.0,5.0,67.0,,+918046808740,https://www.practo.com/delhi/hospital/aiims-ansari-nagar-1?referrer=hospital_listing,https://images1-fabric.practo.com/practices/785853/all-india-institute-of-medical-sciences-delhi-6719f9e60df6c.png,VN,practo,,1.0,canonical,92,Q4,Q4-Sub-Q3,Super Premium,0.369689
hosp_48314283353a61fb,Kanta Sethi Hospital,kanta sethi hospital,Delhi NCR,Hospital,Rohini,,28.743488297184864,77.05888745067705,873da18e3ffffff,,4.0,8.0,True,,1000.0,1000.0,5.0,100.0,,+912071177426,https://www.practo.com/delhi/hospital/kanta-sethi-hospital-rohini-1?referrer=hospital_listing,https://images1-fabric.practo.com/practices/1119249/kanta-sethi-hospital-delhi-60f56b5f78153.jpg,VN,practo,,1.0,canonical,93,Q4,Q4-Sub-Q3,Super Premium,0.369592
hosp_d6f790e2dc8f05a2,Rosewalk By Rainbow Hospitals,rosewalk rainbow hospitals,Delhi NCR,Hospital,Panchsheel Park,,28.543309,77.212385,873da102cffffff,,38.0,11.0,True,,1200.0,3000.0,5.0,50.0,,+918037296910,https://www.practo.com/delhi/hospital/rosewalk-healthcare-panchsheel-park-1?referrer=hospital_listing,https://images1-fabric.practo.com/practices/1260048/rosewalk-by-rainbow-hospitals-delhi-62d294e9ca3da.jpg,VN,practo,,1.0,canonical,94,Q4,Q4-Sub-Q3,Super Premium,0.369396
hosp_83c63a419347ee49,Vikas Hospital PVT LTD,vikas hospital,Delhi NCR,Hospital,Najafgarh,,28.610187,76.981468,873da1899ffffff,,9.0,10.0,True,,0.0,500.0,5.0,80.0,,+911140036730,https://www.practo.com/delhi/hospital/vikas-hospital-pvt-ltd-najafgarh?referrer=hospital_listing,https://images1-fabric.practo.com/practices/676947/vikas-hospital-pvt-ltd-delhi-66695a1c517f9.png,VN,practo,,1.0,canonical,95,Q4,Q4-Sub-Q3,Super Premium,0.367386
hosp_ca5a84e57c678e30,Ayur Skin Clinic,ayur skin clinic,Delhi NCR,Hospital,Shahdara,,28.68091,77.29494,873da1ab6ffffff,,1.0,2.0,False,1.0,400.0,400.0,5.0,500.0,,+917971262940,https://www.practo.com/delhi/hospital/ayur-skin-clinic-shahdara?referrer=hospital_listing,https://images1-fabric.practo.com/5462286b921d6bd730597c1ad30c4a5df00d472a17550.jpg,VN,practo,,1.0,canonical,96,Q4,Q4-Sub-Q3,Super Premium,0.366943
hosp_05c6648cec7037f2,Primus Super Speciality Hospital,primus super speciality hospital,Delhi NCR,Hospital,Chanakyapuri,,28.5929,77.18127,873da1155ffffff,,11.0,16.0,True,10.0,500.0,1100.0,4.5,239.0,2001.0,+911140849518,https://www.practo.com/delhi/hospital/primus-superspeciality-hospital-chanakyapuri?referrer=hospital_listing,https://images1-fabric.practo.com/primus-super-speciality-hospital-delhi-1466084496-5762ac901a460.jpg,VN,practo,,1.0,canonical,97,Q4,Q4-Sub-Q3,Super Premium,0.365765
hosp_7f175175823829b2,Nutri Kalp,nutri kalp,Delhi NCR,Hospital,Rohini,,28.702927200286,77.117808253154,873da18ceffffff,,1.0,1.0,True,,500.0,500.0,4.5,1143.0,,+918037311397,https://www.practo.com/delhi/hospital/nutri-kalp-rohini?referrer=hospital_listing,https://images1-fabric.practo.com/nutri-kalp-delhi-1488796584-58bd3ba880aa1.jpg,ABS,practo,,1.0,canonical,98,Q4,Q4-Sub-Q3,Super Premium,0.364747
hosp_67599f717d00a202,Ambay Hospital,ambay hospital,Delhi NCR,Hospital,Sahibabad,,28.6443327,77.3515373,873da1a94ffffff,,14.0,16.0,True,,0.0,800.0,5.0,53.0,,+911140849632,https://www.practo.com/ghaziabad/hospital/ambay-hospital-sahibabad?referrer=hospital_listing,https://images1-fabric.practo.com/ambay-hospital-ghaziabad-1465970561-5760ef81e6f48.jpg,VN,practo,,1.0,canonical,99,Q4,Q4-Sub-Q3,Super Premium,0.364089
hosp_62f60f7490e34653,Marengo Asia Hospitals (Faridabad),marengo asia hospitals faridabad,Delhi NCR,Hospital,Sector-16,,28.393250280416,77.311037778854,873da10f1ffffff,,23.0,22.0,True,,0.0,1500.0,4.5,225.0,,+911140848823,https://www.practo.com/faridabad/hospital/marengo-asia-hospitals-faridabad-sector-16-7?referrer=hospital_listing,https://images1-fabric.practo.com/practices/1172603/marengo-asia-hospitals-sector-16-faridabad-faridabad-64539dace3ab3.jpg,VN,practo,,1.0,canonical,100,Q4,Q4-Sub-Q3,Super Premium,0.363571
hosp_4e4036bb4d39b096,Berkowits Hair And Skin Clinic,berkowits hair skin clinic,Delhi NCR,Hospital,Rajouri Garden,,28.649747,77.124502,873da18dbffffff,,1.0,1.0,True,4.0,1000.0,1000.0,5.0,121.0,,+911141171876,https://www.practo.com/delhi/hospital/berkowits-hair-and-skin-clinic-rajouri-garden?referrer=hospital_listing,https://images1-fabric.practo.com/practices/1209813/berkowits-hair-and-skin-clinic-delhi-5c73ee27f262d.jpg,VN,practo,,1.0,canonical,101,Q4,Q4-Sub-Q3,Super Premium,0.362129
hosp_25777af6c039da8c,Fortis Escorts and Heart Institute,fortis escorts heart institute,Delhi NCR,Hospital,Okhla,,28.559496241467,77.274287492037,873da115bffffff,,63.0,20.0,True,5.0,0.0,5000.0,4.0,648.0,1988.0,+914471967258,https://www.practo.com/delhi/hospital/fortis-escorts-2-okhla?referrer=hospital_listing,https://images1-fabric.practo.com/practices/1150723/fortis-escorts-delhi-5b91174623900.png,VN,practo,,1.0,canonical,102,Q4,Q4-Sub-Q3,Super Premium,0.361444
hosp_3f2274303383938d,Primacare Clearmedi Multispeciality Hospital,primacare clearmedi multispeciality hospital,Delhi NCR,Hospital,Sector 104,,28.536571717612,77.365277923227,873da1040ffffff,,25.0,17.0,True,,700.0,1500.0,4.5,250.0,2022.0,+917948501108,https://www.practo.com/noida/hospital/prima-care-superspeciality-hospital-sector-104?referrer=hospital_listing,https://images1-fabric.practo.com/practices/1405899/prima-care-superspeciality-hospital-noida-646f50f13706f.png,ABS,practo,,1.0,canonical,103,Q4,Q4-Sub-Q3,Super Premium,0.361276
hosp_76a0d7f914bd7c48,Adiva Hospital,adiva hospital,Delhi NCR,Hospital,Green Park,,28.5584809,77.2063753,873da1153ffffff,,28.0,22.0,True,,0.0,5000.0,4.5,167.0,,+911140036716,https://www.practo.com/delhi/hospital/adiva-hospital-green-park-2?referrer=hospital_listing,https://images1-fabric.practo.com/556e274e1321a96d6f2e7e1f705ab5e59c84a6dc009b2.jpg,VN,practo,,1.0,canonical,104,Q4,Q4-Sub-Q3,Super Premium,0.360735
hosp_b55860f34dc0fb20,Batra Heart And Multispecialty Hospital,batra heart multispecialty hospital,Delhi NCR,Hospital,Spring Field Colony,,28.450242642770156,77.31647705834942,873da10e5ffffff,,8.0,6.0,True,,750.0,1350.0,5.0,83.0,,+918045686671,https://www.practo.com/faridabad/hospital/batra-heart-and-multispecialty-hospital-spring-field-colony?referrer=hospital_listing,https://images1-fabric.practo.com/practices/1474443/batra-heart-and-multispecialty-hospital-faridabad-66d2e2f457555.png,VN,practo,,1.0,canonical,105,Q4,Q4-Sub-Q3,Super Premium,0.360719
hosp_b5435efbd1650442,Cloudnine Hospital,cloudnine hospital,Delhi NCR,Hospital,Sector 51,,28.57969649734906,77.366761953968,873da106effffff,,22.0,6.0,True,2.0,1000.0,1500.0,4.5,570.0,,+911143079215,https://www.practo.com/noida/hospital/cloudnine-hospital-noida-sector-51?referrer=hospital_listing,https://images1-fabric.practo.com/practices/1220785/cloudnine-hospital-noida-noida-5b8e8626f1c0c.jpg,ABS,practo,,1.0,canonical,106,Q4,Q4-Sub-Q3,Super Premium,0.357465
hosp_0d076e0ee9df0bb6,Apollo Cradle & Children’s Hospital,apollo cradle childrens hospital,Delhi NCR,Hospital,Moti Nagar,,28.6618079,77.1502484,873da1166ffffff,,14.0,4.0,True,1.0,1000.0,1500.0,4.5,562.0,2015.0,+917317152735,https://www.practo.com/delhi/hospital/apollo-cradle-moti-nagar-delhi?referrer=hospital_listing,https://images1-fabric.practo.com/practices/1138095/apollo-cradle-children-s-hospital-delhi-648c298500deb.JPG,ABS,practo,,1.0,canonical,107,Q4,Q4-Sub-Q3,Super Premium,0.3566
hosp_06d3113983a6977a,Triton Hospital,triton hospital,Delhi NCR,Hospital,Nehru Place,,28.547421864404317,77.2548508644104,873da115affffff,,1.0,2.0,True,,1000.0,1000.0,5.0,96.0,,+911140036731,https://www.practo.com/delhi/hospital/triton-hospital-nehru-place?referrer=hospital_listing,https://images1-fabric.practo.com/practices/1131205/triton-hospital-delhi-66c96cdcc3a65.png,VN,practo,,1.0,canonical,108,Q4,Q4-Sub-Q3,Super Premium,0.354375
hosp_b5989b15c15bd364,City Dental Centre,city dental centre,Delhi NCR,Hospital,Crossings Republik,,28.62594197617,77.434486297183,873da1a9affffff,,3.0,2.0,False,,0.0,200.0,5.0,341.0,,+911161262798,https://www.practo.com/ghaziabad/hospital/city-dental-centre-crossings-republik?referrer=hospital_listing,https://images1-fabric.practo.com/557aed8d701ed6c1e021e6883265bed9bbfddee6461bf.jpg,VN,practo,,1.0,canonical,109,Q4,Q4-Sub-Q3,Super Premium,0.354135
hosp_3c98706af53a1c08,Dayal Eye Centre,dayal eye centre,Delhi NCR,Hospital,Gurgaon Sector 15,,28.462840944568,77.049755953762,873da11a8ffffff,,2.0,3.0,True,,600.0,1000.0,4.5,861.0,,+911161262799,https://www.practo.com/gurgaon/hospital/dayal-hospital-gurgaon-sector-15?referrer=hospital_listing,https://images1-fabric.practo.com/practices/665877/dayal-eye-centre-gurgaon-6883c5ce4d44b.png,VN,practo,,1.0,canonical,110,Q4,Q4-Sub-Q3,Super Premium,0.353992
hosp_34a2ded9c6f3af64,The Neurology Clinic,neurology clinic,Delhi NCR,Hospital,Moti Bagh,,28.5412,77.28321,873da1074ffffff,,1.0,1.0,True,,2000.0,2000.0,4.5,930.0,,+914440114535,https://www.practo.com/delhi/hospital/the-neurology-clinic-sarita-vihar?referrer=hospital_listing,,VN,practo,,1.0,canonical,111,Q4,Q4-Sub-Q3,Super Premium,0.353278
hosp_4181ba08e188fc6a,Fortis C-DOC Hospital,fortis c doc hospital,Delhi NCR,Hospital,Nehru Place,,28.54701,77.24944,873da115affffff,,19.0,16.0,True,5.0,0.0,2000.0,4.5,262.0,,+918037320709,https://www.practo.com/delhi/hospital/fortis-c-doc-hospital-nehru-place?referrer=hospital_listing,https://images1-fabric.practo.com/practices/793123/fortis-c-doc-hospital-delhi-5b91184fb39b8.png,VN,practo,,1.0,canonical,112,Q4,Q4-Sub-Q3,Super Premium,0.352795
hosp_37c2580db57a6a13,Khetarpal Hospital,khetarpal hospital,Delhi NCR,Hospital,Bali Nagar,,28.652520212738054,77.13006377220154,873da18dbffffff,,15.0,15.0,True,,400.0,1700.0,4.5,87.0,1992.0,+911140036706,https://www.practo.com/delhi/hospital/khetarpal-hospital-bali-nagar?referrer=hospital_listing,https://images1-fabric.practo.com/practices/687965/khetarpal-hospital-delhi-599be7138cf3f.png,VN,practo,,1.0,canonical,113,Q4,Q4-Sub-Q3,Super Premium,0.352716
hosp_37a6dcd69a133aba,Cloudnine Fertility - IVF Centre,cloudnine fertility ivf centre,Delhi NCR,Hospital,Gurgaon Sector 47,,28.42691,77.0572,873da1181ffffff,,3.0,1.0,True,1.0,900.0,1000.0,5.0,92.0,,+911140036792,https://www.practo.com/gurgaon/hospital/cloudnine-fertility-ivf-centre-gurgaon-sector-47?referrer=hospital_listing,https://images1-fabric.practo.com/practices/1268022/cloudnine-fertility-ivf-centre-sector-47-gurgaon-64817a262a3c3.JPG,ABS,practo,,1.0,canonical,114,Q4,Q4-Sub-Q3,Super Premium,0.352116
hosp_7264fe7c38a5fa61,Sri Balaji Action Medical Institute,sri balaji action medical institute,Delhi NCR,Hospital,Paschim Vihar,,28.67378,77.11027,873da18d8ffffff,,59.0,41.0,True,,0.0,1700.0,4.0,333.0,,+911140849471,https://www.practo.com/delhi/hospital/sri-balaji-action-medical-institute-paschim-vihar-4?referrer=hospital_listing,https://images1-fabric.practo.com/sri-balaji-action-institute-1446795270-563c58060965a.jpeg,VN,practo,,1.0,canonical,115,Q4,Q4-Sub-Q3,Super Premium,0.351881
hosp_75d4d51e51dcda11,Center For Sports Injury,center for sports injury,Delhi NCR,Hospital,Safdarjung Enclave,,28.56137378277989,77.1885600297787,873da1150ffffff,,7.0,5.0,True,,1000.0,2000.0,5.0,70.0,,+917948501182,https://www.practo.com/delhi/hospital/center-for-sports-injury-safdarjung-safdarjung-enclave?referrer=hospital_listing,https://images1-fabric.practo.com/practices/1457286/center-for-sports-injury-delhi-6729e78e45dc7.png,ABS,practo,,1.0,canonical,116,Q4,Q4-Sub-Q3,Super Premium,0.350641
hosp_baaee8e1b1684c15,Dr. Shroff's Charity Eye Hospital,dr shroff s charity eye hospital,Delhi NCR,Hospital,Darya Ganj,,28.64587,77.24201,873da116affffff,,13.0,3.0,True,,400.0,700.0,4.5,86.0,1914.0,+911140849413,https://www.practo.com/delhi/hospital/dr-shroff-s-charity-eye-hospital-darya-ganj?referrer=hospital_listing,,VN,practo,,1.0,canonical,117,Q4,Q4-Sub-Q3,Super Premium,0.350053
hosp_efe1f273c42b4d7d,Fitness4All,fitness4all,Delhi NCR,Hospital,Palam Vihar,,28.50920405471357,77.0313558760954,873da1110ffffff,,1.0,2.0,True,,1200.0,1200.0,5.0,84.0,,+917317160532,https://www.practo.com/gurgaon/hospital/fitness4all-palam-vihar?referrer=hospital_listing,https://images1-fabric.practo.com/practices/730445/fitness4all-gurgaon-67d7d50e99164.png,ABS,practo,,1.0,canonical,118,Q4,Q4-Sub-Q3,Super Premium,0.348638
hosp_6e16bc7ddaa0884c,Hemraj Jain Hospital,hemraj jain hospital,Delhi NCR,Hospital,Pitampura,,28.694683884031,77.107884512828,873da18ddffffff,,2.0,3.0,True,,0.0,500.0,5.0,79.0,,+917969204447,https://www.practo.com/delhi/hospital/hemraj-jain-hospital-pitampura?referrer=hospital_listing,https://images1-fabric.practo.com/practices/934945/hemraj-jain-hospital-delhi-5c8cbfa32e55a.png,ABS,practo,,1.0,canonical,119,Q4,Q4-Sub-Q3,Super Premium,0.348575
hosp_90ba85af3a4c5fd7,Jeewan hospital gate no 2,jeewan hospital gate no 2,Delhi NCR,Hospital,Maharani Bagh,,28.580979317653,77.266738414764,873da1158ffffff,,6.0,6.0,True,,800.0,800.0,5.0,65.0,,+918047284037,https://www.practo.com/delhi/hospital/jeewan-hospital-and-nursing-home-gate-no-2-maharani-bagh?referrer=hospital_listing,https://images1-fabric.practo.com/practices/1169807/jeewan-hospital-gate-no-2-delhi-67588b58661d9.png,ABS,practo,,1.0,canonical,120,Q4,Q4-Sub-Q3,Super Premium,0.348523
hosp_664d7f6caaacb349,Daffodils By Artemis At Spring Meadows,daffodils artemis spring meadows,Delhi NCR,Hospital,East Of Kailash,,28.55641116287975,77.24397092936431,873da115affffff,,26.0,15.0,True,1.0,900.0,2000.0,4.5,152.0,2022.0,+918047284324,https://www.practo.com/delhi/hospital/daffodils-by-artemis-at-spring-meadows-east-of-kailash?referrer=hospital_listing,https://images1-fabric.practo.com/practices/1422452/daffodils-by-artemis-at-spring-meadows-delhi-6450a80bd71c6.PNG,ABS,practo,,1.0,canonical,121,Q4,Q4-Sub-Q3,Super Premium,0.347422
hosp_0bbab686385fa06a,National Heart Institute,national heart institute,Delhi NCR,Hospital,East Of Kailash,,28.55730999839186,77.245774269104,873da115affffff,,12.0,16.0,True,,0.0,2000.0,5.0,37.0,,+911140036711,https://www.practo.com/delhi/hospital/national-heart-institute-east-of-kailash?referrer=hospital_listing,https://images1-fabric.practo.com/national-heart-institute-delhi-1449147272-56603b88c0c47.jpg,VN,practo,,1.0,canonical,122,Q4,Q4-Sub-Q3,Super Premium,0.346905
hosp_77d1e2f2fe28ab53,Sir Ganga Ram City Hospital,sir ganga ram city hospital,Delhi NCR,Hospital,Pusa Road,,28.64466072719063,77.19152893871068,873da1162ffffff,,25.0,15.0,True,,0.0,2000.0,4.5,176.0,,+918047284156,https://www.practo.com/delhi/hospital/sir-ganga-ram-city-hospital-pusa-road-1?referrer=hospital_listing,https://images1-fabric.practo.com/practices/1386801/sir-ganga-ram-city-hospital-delhi-66f663b7bd723.png,ABS,practo,,1.0,canonical,123,Q4,Q4-Sub-Q3,Super Premium,0.346479
hosp_eebe2db4e58bf591,Sukoon Health,sukoon health,Delhi NCR,Hospital,Gurgaon Sector 56,,28.42622,77.09677,873da118dffffff,,17.0,6.0,True,,1000.0,2500.0,5.0,51.0,,+911140787308,https://www.practo.com/gurgaon/hospital/sukoon-health-gurgaon-sector-56?referrer=hospital_listing,https://images1-fabric.practo.com/practices/1282847/sukoon-health-gurgaon-5e9aae9c0e247.png,ABS,practo,,1.0,canonical,124,Q4,Q4-Sub-Q3,Super Premium,0.345678
hosp_964d48bfe9328c06,K K Hospital,k k hospital,Delhi NCR,Hospital,Peeragarhi,,28.6805962,77.0834252,873da18dcffffff,,2.0,2.0,True,,700.0,700.0,5.0,77.0,,+914446276052,https://www.practo.com/delhi/hospital/k-k-hospital-peeragarhi-2?referrer=hospital_listing,https://images1-fabric.practo.com/practices/840940/k-k-hospital-delhi-679b50d756694.png,VN,practo,,1.0,canonical,125,Q4,Q4-Sub-Q3,Super Premium,0.345566
hosp_1b6d233c52ae09e6,Cloudnine Hospital,cloudnine hospital,Delhi NCR,Hospital,Gurgaon Sector 14,,28.4680985,76.9609568,873da11a4ffffff,,23.0,10.0,True,3.0,1000.0,1700.0,4.5,251.0,,+917969204517,https://www.practo.com/gurgaon/hospital/cloudnine-hospital-1-gurgaon-sector-14?referrer=hospital_listing,https://images1-fabric.practo.com/practices/1298826/cloudnine-hospital-gurgaon-5f1ea328dbca3.jpeg,ABS,practo,,1.0,canonical,126,Q4,Q4-Sub-Q3,Super Premium,0.343381
hosp_55dbcfc79ce7c9af,M.R Hospital,m r hospital,Delhi NCR,Hospital,Dwarka,,28.61961336920774,77.03437864780426,873da1121ffffff,,2.0,4.0,True,,500.0,500.0,5.0,66.0,,+911142213812,https://www.practo.com/delhi/hospital/m-r-hospital-1-dwarka?referrer=hospital_listing,,VN,practo,,1.0,canonical,127,Q4,Q4-Sub-Q3,Super Premium,0.342539
hosp_03e2ca23fa04d01f,Medicheck Ortho Superspeciality Hospital,medicheck ortho superspeciality hospital,Delhi NCR,Hospital,Sector 46,,28.4387483,77.2995528,873da10e0ffffff,,6.0,8.0,True,,350.0,800.0,5.0,42.0,2015.0,+914471967913,https://www.practo.com/faridabad/hospital/medicheck-ortho-superspeciality-hospital-sector-46?referrer=hospital_listing,https://images1-fabric.practo.com/medicheck-ortho-superspeciality-hospital-delhi-1476353703-57ff5ea71525e.png,VN,practo,,1.0,canonical,128,Q4,Q4-Sub-Q3,Super Premium,0.342122
hosp_aca3137f7aa880f5,Fortis Bloom IVF Centre,fortis bloom ivf centre,Delhi NCR,Hospital,Greater Kailash Part 2,,28.5289819,77.2437213,873da1029ffffff,,2.0,2.0,True,,2000.0,2000.0,5.0,71.0,,+917948501285,https://www.practo.com/delhi/hospital/fortis-bloom-ivf-centre-fortis-lafemme-hospital-greater-kailash-part-2-1?referrer=hospital_listing,https://images1-fabric.practo.com/practices/1141115/fortis-bloom-ivf-centre-fortis-lafemme-hospital-delhi-5bf6b7568931b.png,ABS,practo,,1.0,canonical,129,Q4,Q4-Sub-Q3,Super Premium,0.341997
hosp_3684f027d93a9f8a,Mindcure @ Monga Medical Centre,mindcure monga medical centre,Delhi NCR,Hospital,Krishna Nagar,,28.6586706,77.2867246,873da114dffffff,,2.0,2.0,True,,700.0,1700.0,5.0,71.0,,+911141171877,https://www.practo.com/delhi/hospital/mindcure-monga-medical-centre-krishna-nagar?referrer=hospital_listing,https://images1-fabric.practo.com/practices/678828/mindcure-monga-medical-centre-delhi-5abb479181819.jpg,VN,practo,,1.0,canonical,130,Q4,Q4-Sub-Q3,Super Premium,0.341997
hosp_70ab2fe33c7710a3,Sankhwar Hospital,sankhwar hospital,Delhi NCR,Hospital,Kondli,,28.615073,77.3237,873da114bffffff,,11.0,6.0,True,,200.0,500.0,5.0,51.0,,+918037311397,https://www.practo.com/delhi/hospital/sankhwar-hospital-kondli?referrer=hospital_listing,https://images1-fabric.practo.com/practices/662055/sankhwar-hospital-delhi-597ebbdbd97b4.jpg,VN,practo,,1.0,canonical,131,Q4,Q4-Sub-Q3,Super Premium,0.341346
hosp_fd0ee3cfb026a9e9,Maharaja Agrasen Hospital,maharaja agrasen hospital,Delhi NCR,Hospital,Dwarka,,28.60743139267596,77.03750610351562,873da1121ffffff,,74.0,34.0,False,,0.0,500.0,4.5,50.0,,+914440115002,https://www.practo.com/delhi/hospital/maharaja-agrasen-hospital-dwarka-2?referrer=hospital_listing,,VN,practo,,1.0,canonical,132,Q4,Q4-Sub-Q3,Super Premium,0.34122
hosp_1d5cb5d4015ab700,Pushpanjali Medical Centre,pushpanjali medical centre,Delhi NCR,Hospital,Anand Vihar,,28.659303,77.320703,873da1ab2ffffff,,20.0,15.0,True,,0.0,1000.0,4.5,36.0,1989.0,+911140849480,https://www.practo.com/delhi/hospital/pushpanjali-medical-centre-karkardooma?referrer=hospital_listing,https://images1-fabric.practo.com/pushpanjali-medical-centre-delhi-1483514235-586ca17b44f7f.jpg,VN,practo,,1.0,canonical,133,Q4,Q4-Sub-Q3,Super Premium,0.340639
hosp_72673628741b7213,Bansal Global Hospital,bansal global hospital,Delhi NCR,Hospital,Adarsh Nagar,,28.6881322,77.1402022,873da18caffffff,,3.0,3.0,True,,400.0,700.0,5.0,64.0,,+914471967144,https://www.practo.com/delhi/hospital/bansal-global-hospital-adarsh-nagar-1?referrer=hospital_listing,https://images1-fabric.practo.com/practices/1194932/bansal-global-hospital-delhi-665af7da841fa.png,VN,practo,,1.0,canonical,134,Q4,Q4-Sub-Q3,Super Premium,0.340008
hosp_f76b94d6e80cdda2,Bhatia Global Hospital & Endosurgery Institute,bhatia global hospital endosurgery institute,Delhi NCR,Hospital,Paschim Vihar,,28.665297,77.082447,873da18deffffff,,8.0,9.0,True,,0.0,1500.0,5.0,45.0,,+911140036732,https://www.practo.com/delhi/hospital/bhatia-global-hospital-and-endosurgery-institute-paschim-vihar?referrer=hospital_listing,https://images1-fabric.practo.com/5376fa514c79ef56f0ce1f2db79ef919ab7a8898cbf4e.jpg,VN,practo,,1.0,canonical,135,Q4,Q4-Sub-Q3,Super Premium,0.339308
hosp_6733e0513759523f,Cloudnine Hospital,cloudnine hospital,Delhi NCR,Hospital,Dwarka Sector 13,,28.598810390998388,77.03697611903247,873da1123ffffff,,13.0,5.0,True,5.0,1000.0,1300.0,5.0,48.0,,+918037354637,https://www.practo.com/delhi/hospital/cloudnine-hospital-1-dwarka-sector-13?referrer=hospital_listing,https://images1-fabric.practo.com/practices/1714926/cloudnine-hospital-delhi-68188a2fa99bb.png,ABS,practo,,1.0,canonical,136,Q4,Q4-Sub-Q3,Super Premium,0.338217
hosp_0600b9ed989d7fa1,Bhagat Hospital,bhagat hospital,Delhi NCR,Hospital,Janakpuri,,28.60876,77.106093,873da112bffffff,,4.0,4.0,True,10.0,400.0,500.0,4.5,513.0,,+911140036723,https://www.practo.com/delhi/hospital/bhagat-hospital-janak-puri?referrer=hospital_listing,https://images1-fabric.practo.com/practices/680055/bhagat-hospital-delhi-6864d980a0b7c.png,VN,practo,,1.0,canonical,137,Q4,Q4-Sub-Q3,Super Premium,0.337213
hosp_97602562a253d202,Paras Hospital,paras hospital,Delhi NCR,Hospital,Gurgaon Sector 43,,28.451335947884,77.087663412094,873da11abffffff,,59.0,36.0,True,,0.0,2000.0,4.0,190.0,,+911140787308,https://www.practo.com/gurgaon/hospital/paras-hospital-gurgaon?referrer=hospital_listing,https://images1-fabric.practo.com/practices/1239836/paras-hospital-gurgaon-664b2aa6c6d39.png,VN,practo,,1.0,canonical,138,Q4,Q4-Sub-Q3,Super Premium,0.336981
hosp_44723dfbce79ac43,Doctors Plaza,doctors plaza,Delhi NCR,Hospital,East Of Kailash,,28.5551031,77.1607264,873da1156ffffff,,14.0,13.0,True,4.0,0.0,1500.0,5.0,32.0,,+911142213880,https://www.practo.com/delhi/hospital/doctors-plaza-5-east-of-kailash?referrer=hospital_listing,https://images1-fabric.practo.com/practices/1434804/doctors-plaza-delhi-64e71e3e89598.PNG,VN,practo,,1.0,canonical,139,Q4,Q4-Sub-Q3,Super Premium,0.336576
hosp_e843a7038727aaca,Amit Nursing Home,amit nursing home,Delhi NCR,Hospital,Subhash Nagar,,28.634102809457,77.109603881836,873da18daffffff,,3.0,6.0,True,,0.0,500.0,5.0,52.0,,+918037354470,https://www.practo.com/delhi/hospital/amit-nursing-home-1-subhash-nagar-1?referrer=hospital_listing,https://images1-fabric.practo.com/practices/1296804/amit-nursing-home-delhi-5f097803d0e2b.jpg,VN,practo,,1.0,canonical,140,Q4,Q4-Sub-Q3,Super Premium,0.336432
hosp_3f76df347b52b168,Yatharth Superspeciality Hospital,yatharth superspeciality hospital,Delhi NCR,Hospital,Sector 110,,28.53214,77.3844,873da1043ffffff,,42.0,22.0,True,,0.0,1100.0,4.0,788.0,2013.0,+917948501162,https://www.practo.com/noida/hospital/yatharth-superspeciality-hospital-sector-110-1?referrer=hospital_listing,https://images1-fabric.practo.com/practices/783441/yatharth-superspeciality-hospital-noida-noida-5b51c9a09c019.jpg,ABS,practo,,1.0,canonical,141,Q4,Q4-Sub-Q3,Super Premium,0.336053
hosp_193365be471c0202,A-One Hospital,one hospital,Delhi NCR,Hospital,Paschim Vihar,,28.678780131763443,77.09807306528091,873da18dcffffff,,1.0,2.0,True,,800.0,800.0,5.0,63.0,,+912048556725,https://www.practo.com/delhi/hospital/a-one-hospital-paschim-vihar-1-1?referrer=hospital_listing,https://images1-fabric.practo.com/a-one-hospital-delhi-1448992777-565de009d95ed.jpg,ABS,practo,,1.0,canonical,142,Q4,Q4-Sub-Q3,Super Premium,0.335978
hosp_59223e699204c3f0,Pristyn Care,pristyn care,Delhi NCR,Hospital,Gurgaon Sector 29,,28.464542160561,77.065011221253,873da11a8ffffff,,1.0,3.0,True,4.0,600.0,600.0,4.5,558.0,,+914440116020,https://www.practo.com/gurgaon/hospital/pristyn-care-clinic-gurgaon-sector-29?referrer=hospital_listing,https://images1-fabric.practo.com/practices/1260442/pristyn-care-gurgaon-5fb3bc6a8059b.png,active,practo,,1.0,canonical,143,Q4,Q4-Sub-Q3,Super Premium,0.335918
hosp_d152883d2c7b61c8,Bhagat Chandra Hospital,bhagat chandra hospital,Delhi NCR,Hospital,Dwarka,,28.593490245463034,77.08139777183533,873da112affffff,,4.0,5.0,True,,500.0,600.0,4.0,1864.0,2009.0,+911140036711,https://www.practo.com/delhi/hospital/bhagat-chandra-hospital-dwarka-1?referrer=hospital_listing,https://images1-fabric.practo.com/bhagat-chandra-hospital-delhi-1465954885-5760b245f20c4.png,VN,practo,,1.0,canonical,144,Q4,Q4-Sub-Q3,Super Premium,0.33372
hosp_f938243457c13e5c,Apollo Cradle & Children’s Hospital,apollo cradle childrens hospital,Delhi NCR,Hospital,Indirapuram,,28.64714189991232,77.36384577366698,873da1a95ffffff,,21.0,17.0,True,,0.0,1500.0,4.5,88.0,,+911141190467,https://www.practo.com/ghaziabad/hospital/apollo-cradle-1-indirapuram-1?referrer=hospital_listing,https://images1-fabric.practo.com/practices/1319250/apollo-cradle-ghaziabad-60067fec44302.png,ABS,practo,,1.0,canonical,145,Q4,Q4-Sub-Q3,Super Premium,0.33273
hosp_5533cd9be8d4b58c,Motherhood Hospital,motherhood hospital,Delhi NCR,Hospital,Gurgaon Sector 57,,28.481216,77.019135,873da1112ffffff,,20.0,6.0,True,,499.0,1500.0,4.5,233.0,,+917969203703,https://www.practo.com/gurgaon/hospital/motherhood-hospital-1-gurgaon-sector-57?referrer=hospital_listing,https://images1-fabric.practo.com/practices/1403319/motherhood-hospital-gurgaon-63452efee6079.jpg,RFA,practo,,1.0,canonical,146,Q4,Q4-Sub-Q3,Super Premium,0.331993
hosp_654cee930c114d1b,Hygiea Hospital,hygiea hospital,Delhi NCR,Hospital,Munirka,,28.5571,77.1718,873da1156ffffff,,13.0,10.0,True,,0.0,500.0,5.0,33.0,,+918037320709,https://www.practo.com/delhi/hospital/hygiea-hospital-munirka?referrer=hospital_listing,https://images1-fabric.practo.com/hygiea-hospital-delhi-1473231690-57cfbb4ab862e.jpg,VN,practo,,1.0,canonical,147,Q4,Q4-Sub-Q3,Super Premium,0.331473
hosp_881225ccdb6eb8da,Tulasi Healthcare,tulasi healthcare,Delhi NCR,Hospital,Gurgaon Sector 64,,28.389261863316,77.070803256977,873da119dffffff,,11.0,5.0,True,,1000.0,2500.0,4.5,317.0,,+917948227581,https://www.practo.com/gurgaon/hospital/tulasi-healthcare-gurgaon-gurgaon-sector-64?referrer=hospital_listing,https://images1-fabric.practo.com/practices/1260385/tulasi-healthcare-gurgaon-gurgaon-5d31bc046eddf.jpg,ABS,practo,,1.0,canonical,148,Q4,Q4-Sub-Q3,Super Premium,0.330786
hosp_555fb79ad69d8155,Cloudnine Hospital,cloudnine hospital,Delhi NCR,Hospital,Sushant Lok II,,28.4248992,77.10356,873da1188ffffff,,18.0,8.0,True,3.0,1000.0,1700.0,4.5,198.0,,+917317154205,https://www.practo.com/gurgaon/hospital/cloudnine-hospital-golf-course-road-sushant-lok-ii?referrer=hospital_listing,https://images1-fabric.practo.com/practices/1423604/cloudnine-hospital-golf-course-road-gurgaon-6463455cd5f6e.png,ABS,practo,,1.0,canonical,149,Q4,Q4-Sub-Q3,Super Premium,0.330749
hosp_9729ac527b4abf2d,Psycare,psycare,Delhi NCR,Hospital,Jasola,,28.542215420827,77.293418000462,873da1075ffffff,,5.0,3.0,True,,0.0,2500.0,4.5,429.0,,+911141169524,https://www.practo.com/delhi/hospital/psycare-jasola-1?referrer=hospital_listing,https://images1-fabric.practo.com/559a2a94545c28c2857a9ad1d8f31659e35e904e20fa6.jpg,VN,practo,,1.0,canonical,150,Q4,Q4-Sub-Q3,Super Premium,0.330662
hosp_9b2e34f303d81737,Neo Hospital,neo hospital,Delhi NCR,Hospital,Sector 50,,28.569975,77.370124,873da106effffff,,30.0,25.0,True,,0.0,3000.0,4.5,27.0,,+918047285160,https://www.practo.com/noida/hospital/neo-hospital-2-sector-50?referrer=hospital_listing,https://images1-fabric.practo.com/practices/1139248/neo-hospital-noida-66485a69ea429.jpg,ABS,practo,,1.0,canonical,151,Q4,Q4-Sub-Q3,Super Premium,0.330539
hosp_89246653fe349d23,Irene Hospital,irene hospital,Delhi NCR,Hospital,Kalkaji,,28.54473,77.25824,873da115affffff,,19.0,14.0,True,10.0,0.0,1000.0,4.5,62.0,2012.0,+911140036724,https://www.practo.com/delhi/hospital/irene-hospital-kalkaji-4?referrer=hospital_listing,https://images1-fabric.practo.com/irene-hospital-delhi-1487234702-58a5668e1cd3b.jpg,VN,practo,,1.0,canonical,152,Q4,Q4-Sub-Q3,Super Premium,0.32991
hosp_c0bf5b85c7035522,Sawan Neelu Angels Nursing Home,sawan neelu angels nursing home,Delhi NCR,Hospital,Saket,,28.522135,77.21505,873da102effffff,,5.0,8.0,True,,1000.0,1500.0,4.5,284.0,,+918047284022,https://www.practo.com/delhi/hospital/sawan-neelu-angels-nursing-home-saket-1?referrer=hospital_listing,https://images1-fabric.practo.com/practices/673869/sawan-neelu-angels-nursing-home-delhi-5c9f2ad7386db.png,ABS,practo,,1.0,canonical,153,Q4,Q4-Sub-Q3,Super Premium,0.329469
hosp_f41540447850b066,Smile Dental & Children's Clinic,smile dental children s clinic,Delhi NCR,Hospital,Vaishali,,28.64372621189443,77.34062790870667,873da1a94ffffff,,1.0,1.0,False,,0.0,300.0,5.0,186.0,,+911140849632,https://www.practo.com/ghaziabad/hospital/smile-dental-clinic-vaishali-1?referrer=hospital_listing,https://images1-fabric.practo.com/smile-dental-children-s-clinic-ghaziabad-1481606256-584f8470a9a75.jpg,VN,practo,,1.0,canonical,154,Q4,Q4-Sub-Q3,Super Premium,0.328893
hosp_f45ce7df5cfb8442,Go diet,go diet,Delhi NCR,Hospital,South Extension 1,,28.66183125773,77.310082912445,873da1ab2ffffff,,1.0,1.0,False,,1000.0,1000.0,5.0,183.0,,+911142213847,https://www.practo.com/delhi/hospital/nutrobiz-vigyan-vihar?referrer=hospital_listing,https://images1-fabric.practo.com/practices/750206/go-diet-delhi-5f05a8fa60e52.png,ABS,practo,,1.0,canonical,155,Q4,Q4-Sub-Q3,Super Premium,0.328285
hosp_c04865cb9409b798,Diyos Hospital,diyos hospital,Delhi NCR,Hospital,Safdarjung Enclave,,28.566081,77.194698,873da1150ffffff,,19.0,13.0,True,,0.0,2000.0,4.5,109.0,,+911161262798,https://www.practo.com/delhi/hospital/diyos-hospital-safdarjung-enclave-1?referrer=hospital_listing,https://images1-fabric.practo.com/practices/1143491/diyos-mens-health-center-delhi-59df3f9af3dc7.png,VN,practo,,1.0,canonical,156,Q4,Q4-Sub-Q3,Super Premium,0.328253
hosp_f48dfdf444a5821d,Life Care Hospital,life care hospital,Delhi NCR,Hospital,Sector 61,,28.564118299868,77.354344725609,873da1063ffffff,,10.0,9.0,True,1.0,0.0,1500.0,4.5,203.0,,+918037309351,https://www.practo.com/noida/hospital/life-care-hospital-sector-61-2?referrer=hospital_listing,https://images1-fabric.practo.com/life-care-hospital-1487446793-58a8a309d5fde.jpg,VN,practo,,1.0,canonical,157,Q4,Q4-Sub-Q3,Super Premium,0.3274
hosp_d134d6b3627bd775,Atlanta Hospital,atlanta hospital,Delhi NCR,Hospital,Vasundhara,,28.6578092,77.3608003,873da1a95ffffff,,4.0,3.0,True,,500.0,600.0,5.0,47.0,,+911140849637,https://www.practo.com/ghaziabad/hospital/atlanta-mediworld-hospital-vasundhara?referrer=hospital_listing,https://images1-fabric.practo.com/practices/1135216/atlanta-hospital-ghaziabad-5e22e11c52619.jpg,VN,practo,,1.0,canonical,158,Q4,Q4-Sub-Q3,Super Premium,0.327015
hosp_330e8c71c53b3637,Oliva Skin & Hair Clinic,oliva skin hair clinic,Delhi NCR,Hospital,Preet Vihar,,28.64107592124665,77.29428034275774,873da114dffffff,,5.0,5.0,True,,1500.0,1500.0,5.0,41.0,,+911141168495,https://www.practo.com/delhi/hospital/oliva-skin-hair-clinic-preet-vihar?referrer=hospital_listing,https://images1-fabric.practo.com/practices/1441359/oliva-skin-hair-clinic-delhi-6543497ee2b7d.PNG,VN,practo,,1.0,canonical,159,Q4,Q4-Sub-Q3,Super Premium,0.325523
hosp_d842c75e3e5d2180,Centre for Sight - Dwarka,centre for sight dwarka,Delhi NCR,Hospital,Dwarka Sector 9,,28.580175695386,77.064480948939,873da1105ffffff,,6.0,1.0,False,2.0,0.0,0.0,5.0,153.0,,+918037296909,https://www.practo.com/delhi/hospital/center-for-sight-dwaraka-sector-9?referrer=hospital_listing,,VN,practo,,1.0,canonical,160,Q4,Q4-Sub-Q3,Super Premium,0.32507
hosp_5f09c90fae9d0242,"Dr Anu Sidana' Aastha Medicare, Maternity,Medical",dr anu sidana aastha medicare maternity medical,Delhi NCR,Hospital,Gurgaon Sector 5,,28.48209315736452,77.0211402423293,873da1112ffffff,,7.0,6.0,True,,500.0,1500.0,4.0,1887.0,,+917941057242,https://www.practo.com/gurgaon/hospital/aastha-maternity-medical-center-gurgaon-sector-5?referrer=hospital_listing,https://images1-fabric.practo.com/5501336f7f7615718b7ec37a7a1e688a878e4fe4d606d.JPG,ABS,practo,,1.0,canonical,161,Q4,Q4-Sub-Q3,Super Premium,0.324766
hosp_846f413d77e03279,Cloudnine Hospital,cloudnine hospital,Delhi NCR,Hospital,New Industrial Township 1,,28.38048674705411,77.30641624399524,873da10f1ffffff,,12.0,4.0,True,,0.0,1200.0,5.0,37.0,,+917969204499,https://www.practo.com/faridabad/hospital/cloudnine-hospital-1-new-industrial-township-1?referrer=hospital_listing,https://images1-fabric.practo.com/practices/1379370/cloudnine-hospital-faridabad-6229d32484468.JPG,ABS,practo,,1.0,canonical,162,Q4,Q4-Sub-Q3,Super Premium,0.324264
hosp_6b5f5bf74dd4f49e,CP Vet,cp vet,Delhi NCR,Hospital,Sushant Lok I,,28.46841,77.07455,873da11a9ffffff,,1.0,1.0,False,,600.0,600.0,4.5,1311.0,,+911140787308,https://www.practo.com/gurgaon/hospital/cp-vet-centre-point-pet-hospital-pvt-ltd-sushant-lok-i?referrer=hospital_listing,,VN,practo,,1.0,canonical,163,Q4,Q4-Sub-Q3,Super Premium,0.323647
hosp_acb4b6354fb23c0d,Dipakshi Multispeciality Hospital,dipakshi multispeciality hospital,Delhi NCR,Hospital,Sector 33,,28.587217,77.356682,873da1061ffffff,,6.0,6.0,True,,400.0,800.0,4.5,246.0,,+917948501078,https://www.practo.com/noida/hospital/dipakshi-multispeciality-hospital-sector-33?referrer=hospital_listing,https://images1-fabric.practo.com/practices/683294/dipakshi-multispeciality-hospital-noida-598858ad5fe26.png,ABS,practo,,1.0,canonical,164,Q4,Q4-Sub-Q3,Super Premium,0.323104
hosp_36b94bb2a5e509f7,Maharaja Agrasen Hospital,maharaja agrasen hospital,Delhi NCR,Hospital,Punjabi Bagh,,28.6741614,77.1346114,873da18d9ffffff,,82.0,45.0,True,,0.0,1500.0,3.5,51.0,,+911140036735,https://www.practo.com/delhi/hospital/maharaja-agrasen-hospital-punjabi-bagh-2?referrer=hospital_listing,https://images1-fabric.practo.com/555493c0f12995cbbed3f955514fd1124cd1e1b0241eb.jpg,VN,practo,,1.0,canonical,165,Q4,Q4-Sub-Q3,Super Premium,0.322088
hosp_20cc208fbedd4b9b,Manipal hospital,manipal hospital,Delhi NCR,Hospital,Dwarka Sector 15,,28.6166709,77.0317222,873da1121ffffff,,46.0,28.0,True,,0.0,1500.0,,4.0,,+911141193975,https://www.practo.com/delhi/hospital/manipal-hospital-1-dwarka-sector-15?referrer=hospital_listing,,VN,practo,,1.0,canonical,166,Q4,Q4-Sub-Q3,Super Premium,0.321312
hosp_402ab5cd84bc8036,Sumitra Clinic,sumitra clinic,Delhi NCR,Hospital,Sector 12,,28.594119933015698,77.34105404466392,873da1061ffffff,,6.0,7.0,True,,350.0,900.0,4.5,199.0,,+911141186149,https://www.practo.com/noida/hospital/sumitra-clinic-5-sector-12-2?referrer=hospital_listing,https://images1-fabric.practo.com/practices/1232065/sumitra-clinic-noida-5ead6f94cdaa7.png,VN,practo,,1.0,canonical,167,Q4,Q4-Sub-Q2,Premium,0.320307
hosp_9838813915395ad0,Ayushman Hospital & Health Services,ayushman hospital health services,Delhi NCR,Hospital,Dwarka Sector 10,,28.5975488,77.0679477,873da112effffff,,62.0,26.0,True,,0.0,1000.0,4.0,183.0,,+911161264278,https://www.practo.com/delhi/hospital/ayushman-hospital-and-health-services-dwarka?referrer=hospital_listing,https://images1-fabric.practo.com/practices/1146101/ayushman-hospital-health-services-delhi-5937f11f67c43.jpg,VN,practo,,1.0,canonical,168,Q4,Q4-Sub-Q2,Premium,0.320068
hosp_54ca34e569d6e5db,SRG Speciality Hospital,srg speciality hospital,Delhi NCR,Hospital,Shastri Nagar,,28.67071941339,77.179376677246,873da1160ffffff,,7.0,10.0,True,,0.0,1000.0,4.5,135.0,,+918047284054,https://www.practo.com/delhi/hospital/srg-specialty-hospital-shastri-nagar?referrer=hospital_listing,https://images1-fabric.practo.com/practices/1134195/srg-specialty-clinics-delhi-592553031ca0e.png,ABS,practo,,1.0,canonical,169,Q4,Q4-Sub-Q2,Premium,0.318434
hosp_67da43ec00d1a2b5,Life Care Medical Centre,life care medical centre,Delhi NCR,Hospital,Basai Road,,28.45732,77.01602,873da11a1ffffff,,2.0,2.0,True,,600.0,600.0,4.5,314.0,,+911140844822,https://www.practo.com/gurgaon/hospital/life-care-medical-centre-basai-road?referrer=hospital_listing,https://images1-fabric.practo.com/558fdc7d4459e96d6f2e7e1f705ab5e59c84a6dc009b2.png,VN,practo,,1.0,canonical,170,Q4,Q4-Sub-Q2,Premium,0.318395
hosp_6031b2da9d493ce8,IBS Hospital,ibs hospital,Delhi NCR,Hospital,Lajpat Nagar,,28.5656371,77.2444219,873da115effffff,,8.0,5.0,True,,1200.0,1500.0,4.5,195.0,,+911141168288,https://www.practo.com/delhi/hospital/ibs-hospital-lajpat-nagar-7?referrer=hospital_listing,https://images1-fabric.practo.com/practices/1129353/ibs-hospital-delhi-649c1f39edbdf.jpeg,VN,practo,,1.0,canonical,171,Q4,Q4-Sub-Q2,Premium,0.317538
hosp_7db88433ce095794,Shivam Hospital,shivam hospital,Delhi NCR,Hospital,Gurgaon Sector 30,,28.457535,77.0537416,873da11a8ffffff,,11.0,9.0,True,,0.0,1500.0,4.5,51.0,2004.0,+911140787357,https://www.practo.com/gurgaon/hospital/shivam-hospital-gurgaon?referrer=hospital_listing,https://images1-fabric.practo.com/practices/678694/shivam-hospital-gurgaon-65f2c4936199c.png,VN,practo,,1.0,canonical,172,Q4,Q4-Sub-Q2,Premium,0.317304
hosp_5a8c03daba0dc677,Kailash Health Village,kailash health village,Delhi NCR,Hospital,Sector 62,,28.610508734117694,77.36615549772978,873da1a92ffffff,,1.0,3.0,True,,350.0,350.0,5.0,39.0,,+911140036732,https://www.practo.com/noida/hospital/kailash-health-village-noida-sector-62?referrer=hospital_listing,https://images1-fabric.practo.com/kailash-health-village-1439788913-55d16f712a7fc.jpg,VN,practo,,1.0,canonical,173,Q4,Q4-Sub-Q2,Premium,0.316696
hosp_1a853594183c6738,Elantis Healthcare,elantis healthcare,Delhi NCR,Hospital,Lajpat Nagar,,28.5724592,77.1348295,873da1109ffffff,,24.0,19.0,True,,1000.0,4000.0,5.0,10.0,,+911141194012,https://www.practo.com/delhi/hospital/elantis-healthcare-lajpat-nagar-4?referrer=hospital_listing,https://images1-fabric.practo.com/practices/1412408/elantis-healthcare-delhi-63da1b1ec0d34.JPG,VN,practo,,1.0,canonical,174,Q4,Q4-Sub-Q2,Premium,0.316618
hosp_b6f8002322d6e866,Rion's Hospital,rion s hospital,Delhi NCR,Hospital,Gurgaon Sector 110,,28.5144236,77.021491,873da1110ffffff,,9.0,7.0,True,,500.0,1000.0,4.5,149.0,,+917941058879,https://www.practo.com/gurgaon/hospital/kutumb-hospital-gurgaon-sector-110?referrer=hospital_listing,https://images1-fabric.practo.com/practices/1271161/rion-s-hospital-gurgaon-63232397d0ab8.jpeg,ABS,practo,,1.0,canonical,175,Q4,Q4-Sub-Q2,Premium,0.316299
hosp_522deac400c77b64,Aastha Dental & ENT Clinic,aastha dental ent clinic,Delhi NCR,Hospital,Panchsheel Park,,28.5407866,77.2119279,873da102cffffff,,2.0,3.0,True,,300.0,1800.0,4.5,255.0,,+918037296912,https://www.practo.com/delhi/hospital/aastha-dental-ent-clinic-panchsheel-park?referrer=hospital_listing,https://images1-fabric.practo.com/53b525b8055765cacdbd1d665bc01e592681c61ee95d9.gif,VN,practo,,1.0,canonical,176,Q4,Q4-Sub-Q2,Premium,0.315371
hosp_9d7ddf8b99e0dda4,Sumitra Hospital,sumitra hospital,Delhi NCR,Hospital,Sector 35,,28.580738,77.35352,873da1061ffffff,,15.0,19.0,True,,0.0,600.0,4.5,38.0,,+911140844819,https://www.practo.com/noida/hospital/sumitra-hospital-noida-sector-35-1?referrer=hospital_listing,,VN,practo,,1.0,canonical,177,Q4,Q4-Sub-Q2,Premium,0.314796
hosp_b80efc0a0fd4be38,The Signature Hospital,signature hospital,Delhi NCR,Hospital,Gurgaon Sector 37C,,28.45454371880033,76.971520408988,873da11a6ffffff,,54.0,23.0,True,,0.0,1500.0,4.0,344.0,,+917949121035,https://www.practo.com/gurgaon/hospital/signature-hospital-gurgaon-sector-37?referrer=hospital_listing,https://images1-fabric.practo.com/practices/1264465/the-signature-hospital-gurgaon-5d88627200d57.jpeg,ABS,practo,,1.0,canonical,178,Q4,Q4-Sub-Q2,Premium,0.314783
hosp_34122d50d97b8259,Ahooja Eye & Dental Hospital,ahooja eye dental hospital,Delhi NCR,Hospital,Railway Road,,28.471692,77.0207995,873da11a1ffffff,,6.0,3.0,True,,0.0,500.0,4.5,215.0,,+911140787308,https://www.practo.com/gurgaon/hospital/ahooja-eye-and-dental-hospital-railway-road?referrer=hospital_listing,https://images1-fabric.practo.com/ahooja-eye-and-dental-institute-gurgaon-1472634231-57c69d7725683.jpg,VN,practo,,1.0,canonical,179,Q4,Q4-Sub-Q2,Premium,0.314446
hosp_537f805d335614f5,Motherland Hospital,motherland hospital,Delhi NCR,Hospital,Sector 119,,28.586969712859,77.400712801601,873da1068ffffff,,2.0,2.0,True,,1000.0,1000.0,4.5,253.0,,+911161191399,https://www.practo.com/noida/hospital/motherland-hospital-sector-119?referrer=hospital_listing,https://images1-fabric.practo.com/practices/1223561/motherland-hospital-noida-60052e0d946f4.jpg,VN,practo,,1.0,canonical,180,Q4,Q4-Sub-Q2,Premium,0.313305
hosp_ff8cd3fc463aee51,Vasundhara Hospital,vasundhara hospital,Delhi NCR,Hospital,Vasundhara,,28.655080930767,77.361385197124,873da1a95ffffff,,7.0,10.0,True,,0.0,1000.0,5.0,22.0,,+911140849632,https://www.practo.com/ghaziabad/hospital/vasundhara-hospital-vasundhra?referrer=hospital_listing,,VN,practo,,1.0,canonical,181,Q4,Q4-Sub-Q2,Premium,0.311194
hosp_e4d3eaf2118b3ef3,Oro-Dental Clinic & Implant Centre,oro dental clinic implant centre,Delhi NCR,Hospital,Crossings Republik,,28.630976426166,77.435095310211,873da1a98ffffff,,2.0,1.0,True,,500.0,500.0,4.5,248.0,,+911141194654,https://www.practo.com/ghaziabad/hospital/dr-avnish-oro-dental-clinic-crossings-republik?referrer=hospital_listing,https://images1-fabric.practo.com/practices/770577/oro-dental-clinic-implant-centre-ghaziabad-69c293e891f10.jpeg,ABS,practo,,1.0,canonical,182,Q4,Q4-Sub-Q2,Premium,0.310965
hosp_31ae8b06371a29f7,Pristyn Care ENT,pristyn care ent,Delhi NCR,Hospital,Paschim Vihar,,28.677294831532,77.104747811834,873da18dcffffff,,1.0,1.0,True,11.0,500.0,500.0,5.0,37.0,,+914446312689,https://www.practo.com/delhi/hospital/pristyn-care-ent-clinic-paschim-vihar?referrer=hospital_listing,https://images1-fabric.practo.com/practices/1256472/pristyn-care-ent-clinic-delhi-5cd5651070888.jpg,active,practo,,1.0,canonical,183,Q4,Q4-Sub-Q2,Premium,0.310661
hosp_36cbf35a2d0114a8,Spring Meadows Hospital,spring meadows hospital,Delhi NCR,Hospital,East Of Kailash,,28.556041638555563,77.24404625594616,873da115affffff,,14.0,12.0,True,,0.0,1100.0,4.5,52.0,,+911161262605,https://www.practo.com/delhi/hospital/spring-meadows-hospital-east-of-kailash-3?referrer=hospital_listing,https://images1-fabric.practo.com/practices/1232182/spring-meadows-hospital-delhi-5bd2a7dcc5ea6.jpg,VN,practo,,1.0,canonical,184,Q4,Q4-Sub-Q2,Premium,0.307198
hosp_f1c22b290fe702e4,Shanti Dentals,shanti dentals,Delhi NCR,Hospital,Rohini,,28.7096629999999,77.134843,873da18ceffffff,,2.0,2.0,False,,0.0,300.0,5.0,100.0,,+911140036737,https://www.practo.com/delhi/hospital/shanti-dental-hospital-rohini?referrer=hospital_listing,https://images1-fabric.practo.com/shanti-dentals-delhi-1453530493-56a31d7de0477.jpg,VN,practo,,1.0,canonical,185,Q4,Q4-Sub-Q2,Premium,0.306827
hosp_53990958131bf143,Nidaan Hospital,nidaan hospital,Delhi NCR,Hospital,Gurgaon Sector 15,,28.454367,77.039106,873da11aeffffff,,3.0,3.0,True,,0.0,1000.0,4.5,166.0,,+914440116020,https://www.practo.com/gurgaon/hospital/nidaan-hospital-4-gurgaon-sector-15?referrer=hospital_listing,https://images1-fabric.practo.com/practices/1192143/nidaan-hospital-gurgaon-5b054fcea4941.jpg,VN,practo,,1.0,canonical,186,Q4,Q4-Sub-Q2,Premium,0.306707
hosp_bb827e1aa6fdd478,Max Super Speciality Hospital Dwarka,max super speciality hospital dwarka,Delhi NCR,Hospital,Dwarka Sector 19,,28.5826502,77.0510313,873da1105ffffff,,74.0,36.0,False,,0.0,0.0,,,,+911161266276,https://www.practo.com/delhi/hospital/max-super-speciality-hospital-dwarka-dwarka-sector-19?referrer=hospital_listing,,active,practo,,1.0,canonical,187,Q4,Q4-Sub-Q2,Premium,0.30642
hosp_5aca433b895371a1,Genesis Dental,genesis dental,Delhi NCR,Hospital,Janakpuri,,28.620673769176,77.081258296967,873da1128ffffff,,1.0,1.0,True,,500.0,500.0,4.5,199.0,,+911140036723,https://www.practo.com/delhi/hospital/genesis-hospital-and-dental-centre-janak-puri?referrer=hospital_listing,https://images1-fabric.practo.com/practices/1137496/genesis-hospital-dental-centre-delhi-5c53e543c7f91.jpeg,VN,practo,,1.0,canonical,188,Q4,Q4-Sub-Q2,Premium,0.305376
hosp_15d64ba653c382ff,Yashoda Super Speciality Hospital,yashoda super speciality hospital,Delhi NCR,Hospital,Kaushambi,,28.64475893240249,77.32866811138157,873da1a94ffffff,,88.0,37.0,True,1.0,0.0,1500.0,3.5,565.0,2006.0,+911140036680,https://www.practo.com/ghaziabad/hospital/yashoda-super-speciality-hospital-kaushambi-2?referrer=hospital_listing,https://images1-fabric.practo.com/practices/805955/yashoda-super-speciality-hospital-ghaziabad-67b6c2ead3af5.png,VN,practo,,1.0,canonical,189,Q4,Q4-Sub-Q2,Premium,0.305185
hosp_a0bdb85abce1705b,Maharaja Agrasen Hospital,maharaja agrasen hospital,Delhi NCR,Hospital,Dwarka,,28.5935986,77.0763821,873da112affffff,,74.0,35.0,False,,0.0,1000.0,,3.0,,+912048553258,https://www.practo.com/delhi/hospital/maharaja-agrasen-hospital-dwarka-1?referrer=hospital_listing,,VN,practo,,1.0,canonical,190,Q4,Q4-Sub-Q2,Premium,0.304685
hosp_2366dcd5465ba4f1,Fortis Flt. Lt. Rajan Dhall Hospital,fortis flt lt rajan dhall hospital,Delhi NCR,Hospital,Vasant Kunj,,28.51921,77.1604,873da1020ffffff,,25.0,18.0,True,5.0,0.0,2500.0,4.0,765.0,,+911161191358,https://www.practo.com/delhi/hospital/fortis-flt-lt-rajan-dhall-hospital-vasant-kunj-1?referrer=hospital_listing,https://images1-fabric.practo.com/practices/710928/fortis-flt-lt-rajan-dhall-hospital-delhi-5b91182fb00cd.png,VN,practo,,1.0,canonical,191,Q4,Q4-Sub-Q2,Premium,0.304269
hosp_ca2dc14ce666fb70,Cloudnine Hospital,cloudnine hospital,Delhi NCR,Hospital,Pari Chowk,,28.475451439721418,77.50209278039469,873da13a3ffffff,,9.0,3.0,True,2.0,1000.0,1500.0,5.0,25.0,,+911143078148,https://www.practo.com/noida/hospital/cloudnine-hospital-1-pari-chowk?referrer=hospital_listing,https://images1-fabric.practo.com/practices/1611896/cloudnine-hospital-greater-noida-67c2d7716f632.png,ABS,practo,,1.0,canonical,192,Q4,Q4-Sub-Q2,Premium,0.304227
hosp_8f66ba8f923ea016,Cloudnine Hospital,cloudnine hospital,Delhi NCR,Hospital,Gaur City,,28.613188640955592,77.42649346590042,873da1a9affffff,,15.0,4.0,True,2.0,1100.0,1500.0,4.5,88.0,,+911141190690,https://www.practo.com/noida/hospital/cloudnine-hospital-1-gaur-city?referrer=hospital_listing,https://images1-fabric.practo.com/practices/1611891/cloudnine-hospital-noida-67c2d32f0b4aa.png,ABS,practo,,1.0,canonical,193,Q4,Q4-Sub-Q2,Premium,0.303869
hosp_3bd165f92ba67bb0,Bharat Multispeciality dental clinic,bharat multispeciality dental clinic,Delhi NCR,Hospital,Sector 117,,28.57401517096497,77.39786189049482,873da106affffff,,1.0,1.0,True,,500.0,500.0,5.0,31.0,,+911141168384,https://www.practo.com/noida/hospital/bharat-dental-hospital-1-sector-66?referrer=hospital_listing,https://images1-fabric.practo.com/practices/1224484/bharat-dental-clinic-noida-5dba7cfe8b462.PNG,VN,practo,,1.0,canonical,194,Q4,Q4-Sub-Q2,Premium,0.303239
hosp_4f5e0715b2987911,Etica Hospital and Research,etica hospital research,Delhi NCR,Hospital,Gurgaon Sector 40,,28.450296227782,77.05693334465,873da11aaffffff,,4.0,5.0,True,,700.0,1000.0,4.5,113.0,,+911140848840,https://www.practo.com/gurgaon/hospital/etica-hospital-and-research-gurgaon-sector-40?referrer=hospital_listing,https://images1-fabric.practo.com/practices/1146042/etica-hospital-and-research-gurgaon-5912c0d4b0a33.png,VN,practo,,1.0,canonical,195,Q4,Q4-Sub-Q2,Premium,0.303088
hosp_bb4d2b2c7bfb2535,Metro Multispeciality Hospital,metro multispeciality hospital,Delhi NCR,Hospital,Sector 11,,28.59737134517923,77.33787059783936,873da1065ffffff,,35.0,26.0,True,,400.0,1500.0,4.0,242.0,,+917948501224,https://www.practo.com/noida/hospital/metro-multispeciality-hospital-sector-11?referrer=hospital_listing,https://images1-fabric.practo.com/practices/679417/metro-multispeciality-hospital-noida-5b1e60615a5d1.jpg,ABS,practo,,1.0,canonical,196,Q4,Q4-Sub-Q2,Premium,0.302569
hosp_1b1609f42eef68bb,Max Smart Super Speciality Hospital,max smart super speciality hospital,Delhi NCR,Hospital,Saket,,28.5274499,77.2138971,873da102cffffff,,102.0,37.0,True,8.0,500.0,2000.0,3.5,654.0,,+911143078817,https://www.practo.com/delhi/hospital/max-smart-superspeciality-hospital-saket-5?referrer=hospital_listing,https://images1-fabric.practo.com/practices/1180378/max-smart-superspeciality-hospital-delhi-677e535f9174c.png,RFA,practo,,1.0,canonical,197,Q4,Q4-Sub-Q2,Premium,0.30193
hosp_82735607e8944fc6,SSB Multispeciality Hospital,ssb multispeciality hospital,Delhi NCR,Hospital,Kailash Colony,,28.554966462723,77.237876865032,873da102dffffff,,11.0,12.0,True,,1000.0,1500.0,4.5,43.0,,+917948501230,https://www.practo.com/delhi/hospital/ssb-multispeciality-hospital-kailash-colony-2?referrer=hospital_listing,https://images1-fabric.practo.com/practices/1606075/ssb-multispeciality-hospital-delhi-679c6183ae4a9.png,ABS,practo,,1.0,canonical,198,Q4,Q4-Sub-Q2,Premium,0.301156
hosp_62c52a3d56f26f55,Apollo Spectra Hospital,apollo spectra hospital,Delhi NCR,Hospital,Greater Kailash Part 1,,28.5482404,77.2467057,873da115affffff,,48.0,21.0,True,1.0,500.0,3000.0,4.0,202.0,,+911141168799,https://www.practo.com/delhi/hospital/apollo-spectra-hospital-5-east-of-kailash?referrer=hospital_listing,https://images1-fabric.practo.com/practices/1132658/apollo-spectra-hospital-delhi-624e9a000c720.jpg,VN,practo,,1.0,canonical,199,Q4,Q4-Sub-Q2,Premium,0.301117
hosp_f084150f4e5c8d01,Kurias Earth Multispeciality Ayurveda Hospital Pvt. Ltd.,kurias earth multispeciality ayurveda hospital,Delhi NCR,Hospital,Green Park,,28.55485395457905,77.20489740371704,873da1153ffffff,,2.0,1.0,True,,1000.0,1000.0,4.5,156.0,,+911141236444,https://www.practo.com/delhi/hospital/kurias-earth-ayurveda-green-park?referrer=hospital_listing,https://images1-fabric.practo.com/5561f87a9b59f14f2c6d71180635bd2ebf92242f17395.png,ABS,practo,,1.0,canonical,200,Q4,Q4-Sub-Q2,Premium,0.300894
hosp_28f7414362426705,Sir Ganga Ram Kolmet Hospital,sir ganga ram kolmet hospital,Delhi NCR,Hospital,Old Rajendra Nagar,,28.6436607,77.1873185,873da1162ffffff,,9.0,7.0,True,,0.0,1500.0,4.5,41.0,2013.0,+911140036731,https://www.practo.com/delhi/hospital/kolmet-hospital-pusa-road-1?referrer=hospital_listing,https://images1-fabric.practo.com/practices/679541/sir-ganga-ram-kolmet-hospital-delhi-666807fabf9f0.png,VN,practo,,1.0,canonical,201,Q4,Q4-Sub-Q2,Premium,0.300158
hosp_ebf126cfe007e5c7,Skinfully Yours Clinic,skinfully yours clinic,Delhi NCR,Hospital,Gurgaon Sector 65,,28.397874900662,77.06448946148157,873da1183ffffff,,2.0,2.0,False,,1400.0,2000.0,4.5,803.0,,+911142213880,https://www.practo.com/gurgaon/hospital/skinfullyyours-sohna-road?referrer=hospital_listing,https://images1-fabric.practo.com/55918128279ab06f5032b731e2fabf3fe518c4fa3c37e.jpg,ABS,practo,,1.0,canonical,202,Q4,Q4-Sub-Q2,Premium,0.298892
hosp_099b4806a165d437,Sardana Eye Institute,sardana eye institute,Delhi NCR,Hospital,Rajouri Garden,,28.647444,77.12486,873da18dbffffff,,2.0,2.0,True,,1000.0,1000.0,5.0,26.0,,+918047284032,https://www.practo.com/delhi/hospital/sardana-eye-institute-rajouri-garden-1?referrer=hospital_listing,https://images1-fabric.practo.com/practices/857005/sardana-eye-institute-delhi-66d5ac9febfcf.png,ABS,practo,,1.0,canonical,203,Q4,Q4-Sub-Q2,Premium,0.298803
hosp_2da509d858faa55b,BodySync Physiotherapy,bodysync physiotherapy,Delhi NCR,Hospital,Gurgaon Sector 9,,28.469372719634485,76.99431583285332,873da11a5ffffff,,2.0,1.0,True,,300.0,500.0,5.0,27.0,,+914461712657,https://www.practo.com/gurgaon/hospital/sarvodya-hospital-railway-road?referrer=hospital_listing,https://images1-fabric.practo.com/practices/1151469/sarvodya-hospital-gurgaon-59a2e0f4704a9.PNG,VN,practo,,1.0,canonical,204,Q4,Q4-Sub-Q2,Premium,0.298396
hosp_950a89c88f5230dd,max superspeciality hospital,max superspeciality hospital,Delhi NCR,Hospital,Saket,,28.527565044933954,77.21197843551636,873da102cffffff,,35.0,20.0,True,,0.0,1500.0,,3.0,,+911143078817,https://www.practo.com/delhi/hospital/max-superspeciality-hospital-1-saket-2?referrer=hospital_listing,https://images1-fabric.practo.com/practices/1342292/max-superspeciality-hospital-delhi-68caad56699f0.png,VN,practo,,1.0,canonical,205,Q4,Q4-Sub-Q2,Premium,0.298225
hosp_833cd89b1b732f93,Max multispeciality centre panchsheel park,max multispeciality centre panchsheel park,Delhi NCR,Hospital,Panchsheel Park,,28.5434104,77.1320732,873da110affffff,,55.0,27.0,True,,0.0,1500.0,3.5,16.0,,+911142213879,https://www.practo.com/delhi/hospital/max-multispeciality-centre-panchsheel-park-1-panchsheel-park?referrer=hospital_listing,https://images1-fabric.practo.com/practices/1305808/max-multispeciality-centre-panchsheel-park-delhi-67f50304cb15f.png,VN,practo,,1.0,canonical,206,Q4,Q4-Sub-Q2,Premium,0.297881
hosp_1fb2cfcfce0b39c2,Orthosport  Clinic,orthosport clinic,Delhi NCR,Hospital,DLF Phase I,,28.464366617719,77.094257313342,873da11a9ffffff,,1.0,1.0,True,,1500.0,1500.0,4.5,134.0,,+911140036316,https://www.practo.com/gurgaon/hospital/artemis-hospital-8-gurgaon-sector-51-2?referrer=hospital_listing,https://images1-fabric.practo.com/practices/1142186/orthosport-clinic-gurgaon-64646a5756dc1.png,VN,practo,,1.0,canonical,207,Q4,Q4-Sub-Q2,Premium,0.296964
hosp_a596a64fae65c175,Shanti Mukand Hospital,shanti mukand hospital,Delhi NCR,Hospital,Vikas Nagar,,28.645721756820087,77.3016681522131,873da114dffffff,,10.0,6.0,True,,0.0,1500.0,4.5,15.0,1995.0,+918037311397,https://www.practo.com/delhi/hospital/shanti-mukand-hospital-vikas-nagar?referrer=hospital_listing,https://images1-fabric.practo.com/shanti-mukand-hospital-delhi-1468306313-57849389b6ed2.jpg,VN,practo,,1.0,canonical,208,Q4,Q4-Sub-Q2,Premium,0.296833
hosp_4b7066eee2d5d223,Bansal Hospital,bansal hospital,Delhi NCR,Hospital,New Friends Colony,,28.56374962630841,77.27155432105064,873da115bffffff,,6.0,5.0,True,,400.0,800.0,4.5,23.0,1998.0,+911141193975,https://www.practo.com/delhi/hospital/bansal-hospital-new-friends-colony-1?referrer=hospital_listing,https://images1-fabric.practo.com/practices/1163094/bansal-hospital-delhi-5b60890a951fe.PNG,VN,practo,,1.0,canonical,209,Q4,Q4-Sub-Q2,Premium,0.29604
hosp_cfbf70063143f718,Hai Dent,hai dent,Delhi NCR,Hospital,Gurgaon Sector 52,,28.4352291,77.049497,873da11aaffffff,,7.0,1.0,True,,300.0,700.0,5.0,23.0,,+914471967914,https://www.practo.com/gurgaon/hospital/hai-dent-gurgaon-sector-39?referrer=hospital_listing,https://images1-fabric.practo.com/practices/1239495/hai-dent-gurgaon-5c34ae1b69149.png,VN,practo,,1.0,canonical,210,Q4,Q4-Sub-Q2,Premium,0.295854
hosp_baafc4d2cd3ef225,Delhi Heart & Lung Institute,delhi heart lung institute,Delhi NCR,Hospital,Mandir Marg,,28.6414769,77.2048881,873da1144ffffff,,22.0,19.0,True,,200.0,1500.0,4.0,585.0,,+918037320709,https://www.practo.com/delhi/hospital/delhi-heart-lung-institute-mandir-marg?referrer=hospital_listing,https://images1-fabric.practo.com/delhi-heart-lung-institute-delhi-1474542598-57e3bc06c67ef.png,VN,practo,,1.0,canonical,211,Q4,Q4-Sub-Q2,Premium,0.295254
hosp_3e87bb0d20cb9de0,Rajdhani Dental & Orthodontic Centre,rajdhani dental orthodontic centre,Delhi NCR,Hospital,Adarsh Nagar,,28.71873,77.17264,873da18c9ffffff,,1.0,1.0,False,,300.0,300.0,5.0,80.0,,+914446310179,https://www.practo.com/delhi/hospital/dental-clinic-adarsh-nagar?referrer=hospital_listing,,VN,practo,,1.0,canonical,212,Q4,Q4-Sub-Q2,Premium,0.294628
hosp_53b3d07173252f10,Shanti Mukund Hospital,shanti mukund hospital,Delhi NCR,Hospital,Karkardooma,,28.6457155,77.3016707,873da114dffffff,,9.0,6.0,True,,0.0,1000.0,5.0,16.0,,+912071173200,https://www.practo.com/delhi/hospital/shanti-mukund-hospital-karkardooma-2?referrer=hospital_listing,https://images1-fabric.practo.com/practices/1119247/shanti-mukund-hospital-delhi-665985afeca8b.png,VN,practo,,1.0,canonical,213,Q4,Q4-Sub-Q2,Premium,0.29423
hosp_1813f31d30678f6b,Rajiv Gandhi Cancer Institute,rajiv gandhi cancer institute,Delhi NCR,Hospital,Gautam Nagar,,28.561682439137,77.21515417099,873da1153ffffff,,2.0,2.0,True,,500.0,1500.0,5.0,23.0,,+918037320709,https://www.practo.com/delhi/hospital/national-chest-institute-gautam-nagar?referrer=hospital_listing,https://images1-fabric.practo.com/practices/1131975/rajiv-gandhi-cancer-institute-delhi-666d283619d01.png,VN,practo,,1.0,canonical,214,Q4,Q4-Sub-Q2,Premium,0.294131
hosp_284f997c20eb3d2f,apollo hospital noida,apollo hospital noida,Delhi NCR,Hospital,Noida,,28.5355161,77.3910265,873da1041ffffff,,29.0,20.0,True,,0.0,600.0,,5.0,,+918037296909,https://www.practo.com/noida/hospital/apollo-hospital-noida-noida?referrer=hospital_listing,,VN,practo,,1.0,canonical,215,Q4,Q4-Sub-Q2,Premium,0.293994
hosp_914d0aa337868868,Apollo hospital,apollo hospital,Delhi NCR,Hospital,Sheikh Sarai,,28.52890191278254,77.21840524402705,873da1028ffffff,,21.0,23.0,True,,0.0,2000.0,,,,,https://www.practo.com/delhi/hospital/apollo-hospital-2-sheikh-sarai?referrer=hospital_listing,https://images1-fabric.practo.com/practices/1575973/apollo-hospital-delhi-67dba41828762.png,active,practo,,1.0,canonical,216,Q4,Q4-Sub-Q2,Premium,0.293624
hosp_70d935aa84697739,Cloudnine Hospital,cloudnine hospital,Delhi NCR,Hospital,Indirapuram,,28.652390565437976,77.36863227116486,873da1a95ffffff,,18.0,6.0,True,,1000.0,1500.0,4.5,40.0,,+917317153169,https://www.practo.com/ghaziabad/hospital/cloudnine-hospital-1-indirapuram?referrer=hospital_listing,https://images1-fabric.practo.com/practices/2076718/cloudnine-hospital-ghaziabad-68660f7ac4845.png,ABS,practo,,1.0,canonical,217,Q4,Q4-Sub-Q2,Premium,0.293445
hosp_cf549a02620a470b,Sukhda Hospital,sukhda hospital,Delhi NCR,Hospital,Greater Kailash Part 1,,28.5471817,77.2442034,873da102dffffff,,3.0,2.0,True,,0.0,1000.0,5.0,22.0,,+912071173190,https://www.practo.com/delhi/hospital/sukhda-hospital-greater-kailash-part-1?referrer=hospital_listing,https://images1-fabric.practo.com/practices/809734/sukhda-hospital-delhi-59ca4b4ae5a14.png,VN,practo,,1.0,canonical,218,Q4,Q4-Sub-Q2,Premium,0.293211
hosp_34c028259c76132b,EPI Health LLP,epi health llp,Delhi NCR,Hospital,Green Park,,28.558304939714283,77.20287671719069,873da1153ffffff,,3.0,3.0,True,,1500.0,1500.0,4.5,86.0,,+918047284088,https://www.practo.com/delhi/hospital/epi-health-llp-green-park-extension?referrer=hospital_listing,https://images1-fabric.practo.com/practices/1597671/epi-health-llp-new-delhi-6735e981ac693.png,ABS,practo,,1.0,canonical,219,Q4,Q4-Sub-Q2,Premium,0.292833
hosp_f227ac6c83e1a723,Radix Cosmo Dental,radix cosmo dental,Delhi NCR,Hospital,Nirman Vihar,,28.6353717,77.2860901,873da1148ffffff,,1.0,1.0,True,,500.0,500.0,4.5,110.0,,+911140036731,https://www.practo.com/delhi/hospital/radix-cosmo-dental-nirman-vihar?referrer=hospital_listing,https://images1-fabric.practo.com/practices/1159161/malik-radix-healthcare-delhi-5c3848a9f242b.jpg,VN,practo,,1.0,canonical,220,Q4,Q4-Sub-Q2,Premium,0.292808
hosp_1d7aa8cffdf8eed3,Apex Hospital,apex hospital,Delhi NCR,Hospital,Naraina Vihar,,28.630298,77.138937,873da1174ffffff,,6.0,12.0,True,,200.0,3200.0,4.5,33.0,,+911140036730,https://www.practo.com/delhi/hospital/apex-hospital-naraina-vihar?referrer=hospital_listing,https://images1-fabric.practo.com/5386e47a5b61c95bad93617b0546de6a6ea336dcc959a.png,VN,practo,,1.0,canonical,221,Q4,Q4-Sub-Q2,Premium,0.29237
hosp_4bd1633c589b021a,Uttam Hospital ,uttam hospital,Delhi NCR,Hospital,Vijai Nagar,,28.646499,77.427334,873da1a98ffffff,,1.0,1.0,True,,500.0,500.0,5.0,10.0,1995.0,+911140849637,https://www.practo.com/ghaziabad/hospital/uttam-hospital-vijai-nagar?referrer=hospital_listing,,VN,practo,,1.0,canonical,222,Q4,Q4-Sub-Q2,Premium,0.291882
hosp_58856931ed80d076,Jain Multispeciality Hospital,jain multispeciality hospital,Delhi NCR,Hospital,Shalimar Bagh,,28.70856227375,77.167067527771,873da18cbffffff,,5.0,5.0,True,,500.0,1200.0,5.0,17.0,,+911140036741,https://www.practo.com/delhi/hospital/jan-multispeciality-hospital-shalimar-bagh?referrer=hospital_listing,https://images1-fabric.practo.com/practices/1303516/jain-multispeciality-hospital-delhi-626ed5ce2a2df.png,VN,practo,,1.0,canonical,223,Q4,Q4-Sub-Q2,Premium,0.291397
hosp_07aab37c6c165cc4,Saroj Super Speciality Hospital,saroj super speciality hospital,Delhi NCR,Hospital,Shivaji Park,,28.66916,77.13206,873da18d9ffffff,,22.0,21.0,True,,0.0,1200.0,,,,+911140036723,https://www.practo.com/delhi/hospital/saroj-super-speciality-hospital-shivaji-park-1?referrer=hospital_listing,https://images1-fabric.practo.com/practices/1559231/saroj-super-speciality-hospital-delhi-67cabc99dec77.png,active,practo,,1.0,canonical,224,Q4,Q4-Sub-Q2,Premium,0.290573
hosp_bcb7dba0e6693d07,Agnivesh Clinic,agnivesh clinic,Delhi NCR,Hospital,Uttam Nagar,,28.62009594136546,77.02801198727684,873da1121ffffff,,1.0,1.0,True,,1000.0,1000.0,5.0,22.0,,+912071187111,https://www.practo.com/delhi/hospital/agnivesha-ayurveda-gurgaon-sector-55-1?referrer=hospital_listing,https://images1-fabric.practo.com/practices/704801/agnivesh-clinic-delhi-64a3dedab39f7.jpeg,VN,practo,,1.0,canonical,225,Q4,Q4-Sub-Q2,Premium,0.28988
hosp_69273c661823a9d1,Sanar International Hospitals,sanar international hospitals,Delhi NCR,Hospital,DLF Phase V,,28.439458695292288,77.10228060935027,873da118dffffff,,22.0,26.0,True,,600.0,2500.0,4.0,98.0,,+918037296916,https://www.practo.com/gurgaon/hospital/sanar-hospial-dlf-phase-v?referrer=hospital_listing,https://images1-fabric.practo.com/practices/1383104/sanar-international-hospitals-gurgaon-686f7720e0284.jpeg,VN,practo,,1.0,canonical,226,Q4,Q4-Sub-Q2,Premium,0.289714
hosp_e533f7845d658855,Privat Hospital Gurgaon,privat hospital gurgaon,Delhi NCR,Hospital,DLF Phase II,,28.4796672,77.0743815,873da11adffffff,,7.0,10.0,True,,500.0,800.0,,5.0,1990.0,+911140036753,https://www.practo.com/gurgaon/hospital/privat-hospital-gurgaon-mehrauli?referrer=hospital_listing,https://images1-fabric.practo.com/privat-hospital-gurgaon-1476963177-5808ab69b3e53.jpg,VN,practo,,1.0,canonical,227,Q4,Q4-Sub-Q2,Premium,0.289241
hosp_c542babf25033b9f,Medanta Mediclinic,medanta mediclinic,Delhi NCR,Hospital,Defence Colony,,28.567209714974656,77.22815577134928,873da115effffff,,21.0,18.0,True,,0.0,2000.0,4.0,62.0,2011.0,+912071177312,https://www.practo.com/delhi/hospital/medanta-mediclinic-defence-colony-defence-colony?referrer=hospital_listing,https://images1-fabric.practo.com/medanta-mediclinic-delhi-1449466491-56651a7b55446.png,VN,practo,,1.0,canonical,228,Q4,Q4-Sub-Q2,Premium,0.287074
hosp_9580b09ac2539edc,Pristyn Care Clinics,pristyn care clinics,Delhi NCR,Hospital,Punjabi Bagh,,28.666878626114,77.12146716692,873da18d8ffffff,,1.0,1.0,True,11.0,500.0,500.0,5.0,20.0,,+911161191084,https://www.practo.com/delhi/hospital/pristyn-care-laser-clinic-punjabi-bagh-1?referrer=hospital_listing,https://images1-fabric.practo.com/practices/1245523/pristyn-care-clinics-delhi-5cd16cd0891f5.jpg,active,practo,,1.0,canonical,229,Q4,Q4-Sub-Q2,Premium,0.286461
hosp_adafa000207b2a17,Moolchand Hospital,moolchand hospital,Delhi NCR,Hospital,Lajpat Nagar,,28.566218418867713,77.23551750183105,873da115effffff,,30.0,20.0,True,,0.0,2000.0,4.0,202.0,,+911140849471,https://www.practo.com/delhi/hospital/hauz-khas-infertility-clinic-hauz-khas?referrer=hospital_listing,https://images1-fabric.practo.com/53df4821068a896d6f2e7e1f705ab5e59c84a6dc009b2.gif,VN,practo,,1.0,canonical,230,Q4,Q4-Sub-Q2,Premium,0.286234
hosp_20b1546e2d9aa0d2,Ortho Junction Hospital,ortho junction hospital,Delhi NCR,Hospital,Rohini,,28.716184085811,77.073040008545,873da18c0ffffff,,4.0,5.0,True,,200.0,600.0,4.5,31.0,2015.0,+912071173261,https://www.practo.com/delhi/hospital/ortho-junction-hospital-rohini?referrer=hospital_listing,https://images1-fabric.practo.com/practices/898055/ortho-junction-hospital-delhi-63e0a8f982aaf.JPG,VN,practo,,1.0,canonical,231,Q4,Q4-Sub-Q2,Premium,0.285711
hosp_8f68d61f3bdf3c92,Adarsh Hospital,adarsh hospital,Delhi NCR,Hospital,Rohini Sector 24,,28.734503861356867,77.08473678678274,873da18c5ffffff,,2.0,3.0,True,,500.0,500.0,5.0,17.0,,+914446312693,https://www.practo.com/delhi/hospital/mansaram-hospital-najafgarh?referrer=hospital_listing,https://images1-fabric.practo.com/practices/762114/adarsh-hospital-delhi-664c71dfa1242.png,VN,practo,,1.0,canonical,232,Q4,Q4-Sub-Q2,Premium,0.285457
hosp_c1c93580e71eb07c,Manipal Hospital,manipal hospital,Delhi NCR,Hospital,Dwarka,,28.593738706079296,77.07109406590462,873da112affffff,,4.0,3.0,True,,0.0,0.0,5.0,16.0,,+918037320709,https://www.practo.com/delhi/hospital/muskaan-clinic-dwarka?referrer=hospital_listing,https://images1-fabric.practo.com/practices/1130859/manipal-hospital-delhi-67a09eb48e192.png,active,practo,,1.0,canonical,233,Q4,Q4-Sub-Q2,Premium,0.28496
hosp_b608c0d85e15e319,Sai Hospital,sai hospital,Delhi NCR,Hospital,Sector 30,,28.4466605,77.319058,873da10e5ffffff,,1.0,2.0,True,,1000.0,1000.0,4.5,69.0,,+911141169399,https://www.practo.com/faridabad/hospital/sai-women-clinic-sector-30?referrer=hospital_listing,https://images1-fabric.practo.com/practices/1187006/sai-hospital-faridabad-6480329345104.jpeg,VN,practo,,1.0,canonical,234,Q4,Q4-Sub-Q2,Premium,0.284854
hosp_bba6aa56600a4853,Cloudnine Hospital,cloudnine hospital,Delhi NCR,Hospital,Vikas Puri,,28.64221263681238,77.08257252795924,873da112dffffff,,13.0,5.0,True,5.0,900.0,1000.0,5.0,11.0,,+911161264690,https://www.practo.com/delhi/hospital/cloudnine-hospital-1-vikas-puri?referrer=hospital_listing,https://images1-fabric.practo.com/practices/1599549/cloudnine-hospital-delhi-674ed6a74ed11.jpeg,ABS,practo,,1.0,canonical,235,Q4,Q4-Sub-Q2,Premium,0.284595
hosp_9de83c5543cb2586,Tirath Ram Shah Hospital,tirath ram shah hospital,Delhi NCR,Hospital,Civil Lines,,28.6704006,77.2161557,873da116effffff,,24.0,19.0,True,,0.0,1200.0,3.5,46.0,1955.0,+911140849486,https://www.practo.com/delhi/hospital/tirath-ram-shah-hospital-civil-lines?referrer=hospital_listing,https://images1-fabric.practo.com/practices/681371/tirath-ram-shah-hospital-delhi-6656d944693b1.png,VN,practo,,1.0,canonical,236,Q4,Q4-Sub-Q2,Premium,0.283948
hosp_f0cc596f81bfeeee,Vardan Clinic,vardan clinic,Delhi NCR,Hospital,Surajkund,,28.494769263309,77.289236816829,873da1009ffffff,,2.0,2.0,False,,250.0,600.0,5.0,59.0,,+912048552978,https://www.practo.com/faridabad/hospital/vardan-clinic-surajkund?referrer=hospital_listing,,VN,practo,,1.0,canonical,237,Q4,Q4-Sub-Q2,Premium,0.283782
hosp_5416ad9e2f681d71,Life Care Ortho & Maternity Centre,life care ortho maternity centre,Delhi NCR,Hospital,Sector 27,,28.572692834912,77.325934767723,873da1060ffffff,,2.0,2.0,True,1.0,600.0,1500.0,4.5,62.0,,+911140849610,https://www.practo.com/noida/hospital/life-care-ortho-maternity-centre-sector-27-1?referrer=hospital_listing,https://images1-fabric.practo.com/practices/1143908/life-care-ortho-maternity-centre-noida-58f452acbc93c.jpg,VN,practo,,1.0,canonical,238,Q4,Q4-Sub-Q2,Premium,0.283328
hosp_3cb1d8ec95426757,Samar Hospital,samar hospital,Delhi NCR,Hospital,Dwarka,,28.5819,77.0151,873da1122ffffff,,5.0,6.0,True,,300.0,500.0,5.0,12.0,,+911161262791,https://www.practo.com/delhi/hospital/samar-hospital-dwarka-1?referrer=hospital_listing,https://images1-fabric.practo.com/practices/1235603/samar-hospital-delhi-5bfb911f34294.PNG,VN,practo,,1.0,canonical,239,Q4,Q4-Sub-Q2,Premium,0.282967
hosp_bbc3e9aea2cc064a,Raghavendra Hospital,raghavendra hospital,Delhi NCR,Hospital,Indirapuram,,28.6484384,77.3640972,873da1a95ffffff,,10.0,6.0,True,,0.0,800.0,5.0,10.0,,+911161262792,https://www.practo.com/ghaziabad/hospital/raghavendra-hospital-indirapuram?referrer=hospital_listing,https://images1-fabric.practo.com/practices/1207885/raghavendra-hospital-ghaziabad-5b482e420166d.PNG,VN,practo,,1.0,canonical,240,Q4,Q4-Sub-Q2,Premium,0.281981
hosp_69372617c1d26629,Mahesh Hospital,mahesh hospital,Delhi NCR,Hospital,Patparganj,,28.626495035892745,77.30236552655697,873da1148ffffff,,8.0,7.0,True,,0.0,800.0,4.5,29.0,,+911140036734,https://www.practo.com/delhi/hospital/mahesh-hospital-patparganj-1?referrer=hospital_listing,https://images1-fabric.practo.com/557a7013238b522f1c0c05ff0ebae76a1de3f1e9fb436.jpg,VN,practo,,1.0,canonical,241,Q4,Q4-Sub-Q2,Premium,0.281978
hosp_ea373efe9f1b3e53,Visitech Eye Centre,visitech eye centre,Delhi NCR,Hospital,South Extension 2,,28.567637777791,77.222520380389,873da115effffff,,4.0,1.0,True,,800.0,1200.0,4.5,29.0,2009.0,+911140036742,https://www.practo.com/delhi/hospital/visitech-eye-centre-south-extension-2?referrer=hospital_listing,https://images1-fabric.practo.com/practices/657985/visitech-eye-centre-delhi-666172c166262.png,VN,practo,,1.0,canonical,242,Q4,Q4-Sub-Q2,Premium,0.281936
hosp_d9871d840be4aae2,Phonix Intervention Centre,phonix intervention centre,Delhi NCR,Hospital,Rohini,,28.706306204960946,77.10278436541557,873da18c3ffffff,,1.0,1.0,True,1.0,3000.0,3000.0,4.5,65.0,,+917317152608,https://www.practo.com/delhi/hospital/mind-body-soul-studio-rohini?referrer=hospital_listing,https://images1-fabric.practo.com/phonix-intervention-centre-delhi-1454947044-56b8bae47d69f.png,VN,practo,,1.0,canonical,243,Q4,Q4-Sub-Q2,Premium,0.281711
hosp_915b7cf5d25f2fe2,Avantika Multispeciality Hospital,avantika multispeciality hospital,Delhi NCR,Hospital,Rohini Sector 3,,28.6979,77.1086,873da18c3ffffff,,2.0,3.0,True,,500.0,600.0,5.0,15.0,,+911140848837,https://www.practo.com/delhi/hospital/avantika-multi-speciality-hospital-rohini-sector-3?referrer=hospital_listing,https://images1-fabric.practo.com/practices/1248625/avantika-multispeciality-hospital-delhi-5c9f069e89c42.PNG,VN,practo,,1.0,canonical,244,Q4,Q4-Sub-Q2,Premium,0.281516
hosp_bc1e92798e2d8e10,Dharamshila Narayana Superspeciality Hospital,dharamshila narayana superspeciality hospital,Delhi NCR,Hospital,Vasundhra Enclave,,28.60253336252,77.314116954803,873da1064ffffff,,25.0,15.0,True,,0.0,1000.0,,,,+911142213465,https://www.practo.com/delhi/hospital/max-superspeciality-hospital-7-patparganj-2?referrer=hospital_listing,https://images1-fabric.practo.com/practices/1178035/dharamshila-narayana-superspeciality-hospital-delhi-67ad9381bdd77.png,VN,practo,,1.0,canonical,245,Q4,Q4-Sub-Q2,Premium,0.281418
hosp_8851b041bf414cc2,Manipal hospital,manipal hospital,Delhi NCR,Hospital,Saket,,28.5275878,77.2115049,873da102cffffff,,47.0,33.0,False,,0.0,0.0,,,,+911142213464,https://www.practo.com/delhi/hospital/manipal-hospital-1-saket?referrer=hospital_listing,,active,practo,,1.0,canonical,246,Q4,Q4-Sub-Q2,Premium,0.281265
hosp_70261c9eec3e7e05,Metro Hospitals & Heart Institute,metro hospitals heart institute,Delhi NCR,Hospital,Lajpat Nagar,,28.564655406640547,77.24294185638428,873da115effffff,,15.0,9.0,True,,300.0,1200.0,,7.0,2005.0,+911140036727,https://www.practo.com/delhi/hospital/metro-hospitals-heart-institute-lajpat-nagar?referrer=hospital_listing,https://images2-fabric.practo.com/practo-resources/core/practice/photos/05e4729c094a0561843e25c68688250ad880b606.jpg,VN,practo,,1.0,canonical,247,Q4,Q4-Sub-Q2,Premium,0.280732
hosp_04211d18263431d5,Kathuria Hospital ,kathuria hospital,Delhi NCR,Hospital,Delhi,,28.453449,77.019988,873da11a3ffffff,,15.0,7.0,True,,0.0,0.0,,2.0,2001.0,+911140036707,https://www.practo.com/delhi/hospital/kathuria-hospital-khandsa?referrer=hospital_listing,,VN,practo,,1.0,canonical,248,Q4,Q4-Sub-Q2,Premium,0.280038
hosp_18f46aa48e8a6d5c,Fortis Hospital Noida,fortis hospital noida,Delhi NCR,Hospital,Sector 62,,28.618371071859873,77.37270712852478,873da1a93ffffff,,54.0,27.0,True,,500.0,1600.0,3.5,1358.0,,+911142213894,https://www.practo.com/noida/hospital/fortis-noida-sector-62-noida?referrer=hospital_listing,https://images1-fabric.practo.com/practices/677542/fortis-hospital-noida-noida-5b911c8a41d31.png,VN,practo,,1.0,canonical,249,Q4,Q4-Sub-Q2,Premium,0.279944
hosp_0fb1b185c304848a,Pragati Eye Centre,pragati eye centre,Delhi NCR,Hospital,Krishna Nagar,,28.655616,77.2046848,873da1163ffffff,,3.0,1.0,False,1.0,0.0,600.0,5.0,55.0,,+911141168498,https://www.practo.com/delhi/hospital/pragati-eye-centre-at-krishna-nagar-krishna-nagar?referrer=hospital_listing,https://images1-fabric.practo.com/558a564cb03c11cc0b9b764d16aaab3b4211dce61d171.jpg,VN,practo,,1.0,canonical,250,Q4,Q4-Sub-Q1,Upper-Mid Premium,0.279492
hosp_d2a0ecf1f5fa59e7,Jivodaya Hospital,jivodaya hospital,Delhi NCR,Hospital,Ashok Vihar Phase 1,,28.693900486320217,77.1699857711792,873da1164ffffff,,3.0,6.0,True,,500.0,600.0,5.0,11.0,,+911140036706,https://www.practo.com/delhi/hospital/jivodaya-hospital-multi-speciality-dental-clinic-ashok-vihar-phase-2?referrer=hospital_listing,https://images1-fabric.practo.com/practices/702846/jivodaya-hospital-delhi-666697f060c2c.png,VN,practo,,1.0,canonical,251,Q4,Q4-Sub-Q1,Upper-Mid Premium,0.279262
hosp_119c861a6cd4f277,Mahindru Hospital,mahindru hospital,Delhi NCR,Hospital,Uttam Nagar,,28.620743,77.04975,873da1121ffffff,,7.0,9.0,True,,0.0,1000.0,,6.0,2000.0,+911140036707,https://www.practo.com/delhi/hospital/mahindru-hospital-uttam-nagar?referrer=hospital_listing,https://images1-fabric.practo.com/practices/680048/mahindru-hospital-delhi-66580eda0a48f.png,VN,practo,,1.0,canonical,252,Q4,Q4-Sub-Q1,Upper-Mid Premium,0.279072
hosp_c7d41250b1fd6b61,CDAS Hospital,cdas hospital,Delhi NCR,Hospital,Gurgaon Sector 47,,28.4210063,77.050891,873da1181ffffff,,4.0,6.0,True,,1000.0,1500.0,4.5,32.0,,+914446276053,https://www.practo.com/gurgaon/hospital/cdas-hospital-gurgaon-sector-47-1?referrer=hospital_listing,https://images1-fabric.practo.com/practices/1282517/cdas-hospital-gurgaon-5e86f30602b9e.png,VN,practo,,1.0,canonical,253,Q4,Q4-Sub-Q1,Upper-Mid Premium,0.279025
hosp_482bc4115157c88d,Orthomax Superspeciality Dental Hospital,orthomax superspeciality dental hospital,Delhi NCR,Hospital,Palwal,,28.136192410831445,77.32886508107185,873da17a8ffffff,,1.0,1.0,True,,100.0,100.0,5.0,16.0,,+911141236444,https://www.practo.com/faridabad/hospital/orthomax-superspeciality-dental-hospital-palwal?referrer=hospital_listing,https://images1-fabric.practo.com/orthomax-superspeciality-dental-hospital-faridabad-1470720571-57a96a3b7dd0a.jpg,ABS,practo,,1.0,canonical,254,Q4,Q4-Sub-Q1,Upper-Mid Premium,0.27902
hosp_ce91dfc52c8f4509,Sama Hospital,sama hospital,Delhi NCR,Hospital,Greater Kailash,,28.5543588,77.2269273,873da102dffffff,,20.0,15.0,True,1.0,0.0,1750.0,,2.0,,+911141190721,https://www.practo.com/delhi/hospital/sama-hospital-2-greater-kailash?referrer=hospital_listing,https://images1-fabric.practo.com/practices/790729/sama-hospital-delhi-67ff8910d164f.png,VN,practo,,1.0,canonical,255,Q4,Q4-Sub-Q1,Upper-Mid Premium,0.277909
hosp_038ddc5103090fa9,Bhagwan Mahavir Hospital,bhagwan mahavir hospital,Delhi NCR,Hospital,Delhi,,28.399346,77.319151,873da10c4ffffff,,7.0,4.0,True,,100.0,400.0,,4.0,1990.0,+911140036707,https://www.practo.com/delhi/hospital/bhagwan-mahavir-hospital-faridabad-nit?referrer=hospital_listing,https://images1-fabric.practo.com/practices/772974/bhagwan-mahavir-hospital-delhi-66596d470ec8c.png,VN,practo,,1.0,canonical,256,Q4,Q4-Sub-Q1,Upper-Mid Premium,0.27787
hosp_a63d762f57404e16,RG Stone Urology & Laparoscopy Hospital,rg stone urology laparoscopy hospital,Delhi NCR,Hospital,East Of Kailash,,28.553976,77.244361,873da115affffff,,9.0,10.0,True,10.0,0.0,1200.0,4.5,15.0,,+912071171342,https://www.practo.com/delhi/hospital/rg-stone-urology-and-laparoscopy-hospital-east-of-kailash?referrer=hospital_listing,https://images1-fabric.practo.com/practices/679314/rg-stone-urology-laparoscopy-hospital-delhi-5aa263033c86b.png,VN,practo,,1.0,canonical,257,Q4,Q4-Sub-Q1,Upper-Mid Premium,0.277825
hosp_a7d9f7cebd159c35,Nijhara Hospital ,nijhara hospital,Delhi NCR,Hospital,Patel Nagar South,,,,,,2.0,2.0,True,,0.0,1000.0,5.0,14.0,,+911140036734,https://www.practo.com/delhi/hospital/nijhara-hospital-patel-nagar-south-1?referrer=hospital_listing,,VN,practo,,0.6,canonical,258,Q4,Q4-Sub-Q1,Upper-Mid Premium,0.277569
hosp_610b24cb0fa24211,Smile Pathways Clinic,smile pathways clinic,Delhi NCR,Hospital,Sushant Lok I,,28.463975451749477,77.07920908927917,873da11a9ffffff,,1.0,1.0,False,,0.0,0.0,5.0,54.0,,+911140787308,https://www.practo.com/gurgaon/hospital/smile-pathways-dental-unit-of-health-and-dental-center-sushant-lok-i?referrer=hospital_listing,https://images1-fabric.practo.com/smile-pathways-gurgaon-1453709457-56a5d891b218d.jpg,VN,practo,,1.0,canonical,259,Q4,Q4-Sub-Q1,Upper-Mid Premium,0.277232
hosp_2bd2cbd396bc2dd5,Aktivhealth,aktivhealth,Delhi NCR,Hospital,Sector 62,,28.615474969803,77.366902828217,873da1a92ffffff,,1.0,1.0,True,,0.0,0.0,5.0,15.0,,+911161264863,https://www.practo.com/noida/hospital/aktivhealth-sector-62?referrer=hospital_listing,https://images1-fabric.practo.com/practices/1184040/aktivhealth-noida-noida-5abb3c9ec1fb4.jpg,active,practo,,1.0,canonical,260,Q4,Q4-Sub-Q1,Upper-Mid Premium,0.277021
hosp_55eb8d742bcb1941,Shri Ram Singh Hospital & Heart Institute,shri ram singh hospital heart institute,Delhi NCR,Hospital,Krishna Nagar,,28.66208415673269,77.286426011716,873da116bffffff,,5.0,4.0,True,,0.0,1500.0,,9.0,1990.0,+911140036727,https://www.practo.com/delhi/hospital/shri-ram-singh-hospital-heart-institute-krishna-nagar-1?referrer=hospital_listing,https://images1-fabric.practo.com/shri-ram-singh-hospital-heart-institute-delhi-1449588269-5666f62deafbc.png,VN,practo,,1.0,canonical,261,Q4,Q4-Sub-Q1,Upper-Mid Premium,0.27668
hosp_8c9bbccad432ead3,Sanjeevan Hospital,sanjeevan hospital,Delhi NCR,Hospital,Darya Ganj,,28.6412212814346,77.2429294511676,873da1141ffffff,,31.0,21.0,True,,0.0,1200.0,3.5,51.0,1982.0,+911140036707,https://www.practo.com/delhi/hospital/sanjeevan-hospital-darya-ganj-1?referrer=hospital_listing,,VN,practo,,1.0,canonical,262,Q4,Q4-Sub-Q1,Upper-Mid Premium,0.276649
hosp_bce2addab4fe6442,Prime Hospital and Ortho Centre,prime hospital ortho centre,Delhi NCR,Hospital,Sector 30,,28.4447,77.3186,873da10e5ffffff,,4.0,5.0,False,,0.0,500.0,4.5,327.0,,+918037320709,https://www.practo.com/faridabad/hospital/prime-hospital-and-ortho-centre-sector-30?referrer=hospital_listing,https://images1-fabric.practo.com/prime-hospital-and-ortho-centre-faridabad-1476180631-57fcba9775ac5.JPG,VN,practo,,1.0,canonical,263,Q4,Q4-Sub-Q1,Upper-Mid Premium,0.2765
hosp_29f67559d80df90b,Manipal Hospital,manipal hospital,Delhi NCR,Hospital,Sector 5,,28.655194045379545,77.47241020202637,873da1324ffffff,,18.0,15.0,True,,0.0,0.0,,,,+911140844813,https://www.practo.com/ghaziabad/hospital/manipal-hospital-1-sector-5?referrer=hospital_listing,https://images1-fabric.practo.com/practices/1545634/manipal-hospital-ghaziabad-67c53fc4e6077.png,VN,practo,,1.0,canonical,264,Q4,Q4-Sub-Q1,Upper-Mid Premium,0.276364
hosp_f571bdea8f959793,Shroff Eye Centre,shroff eye centre,Delhi NCR,Hospital,Connaught Place,,28.63041,77.216085,873da1140ffffff,,12.0,1.0,True,10.0,1400.0,1600.0,5.0,11.0,,+911140036706,https://www.practo.com/delhi/hospital/shroff-eye-centre-connaught-place?referrer=hospital_listing,https://images1-fabric.practo.com/practices/665881/shroff-eye-centre-delhi-6805f548b8c03.png,VN,practo,,1.0,canonical,265,Q4,Q4-Sub-Q1,Upper-Mid Premium,0.276326
hosp_8f2e2b7b1de836e8,Apollo Spectra Hospitals,apollo spectra hospitals,Delhi NCR,Hospital,Vasant Enclave,,28.5669307,77.158518,873da1156ffffff,,23.0,13.0,True,,0.0,0.0,,,,+918037296908,https://www.practo.com/delhi/hospital/apollo-spectra-hospitals-1-vasant-enclave?referrer=hospital_listing,,VN,practo,,1.0,canonical,266,Q4,Q4-Sub-Q1,Upper-Mid Premium,0.2762
hosp_94891072e39dd620,Save Sight Centre,save sight centre,Delhi NCR,Hospital,Adarsh Nagar,,28.7170186,77.1705284,873da18c9ffffff,,2.0,1.0,True,,700.0,1000.0,4.5,48.0,,+912048556725,https://www.practo.com/delhi/hospital/save-sight-centre-adarsh-nagar-1?referrer=hospital_listing,https://images1-fabric.practo.com/practices/1106978/save-sight-centre-delhi-5a38e8616e13d.jpg,VN,practo,,1.0,canonical,267,Q4,Q4-Sub-Q1,Upper-Mid Premium,0.276134
hosp_739f9cee0a353f64,Maharaja Agrasen Hospital,maharaja agrasen hospital,Delhi NCR,Hospital,Dwarka Sector 1,,28.593490245463,77.08119392395,873da112affffff,,8.0,9.0,True,,300.0,600.0,4.5,16.0,,+911140036711,https://www.practo.com/delhi/hospital/maharaja-agrasen-hospital-dwarka-sector?referrer=hospital_listing,https://images1-fabric.practo.com/practices/1264984/maharaja-agrasen-hospital-delhi-5e6b5f683c53a.png,VN,practo,,1.0,canonical,268,Q4,Q4-Sub-Q1,Upper-Mid Premium,0.276107
hosp_cf8562308b9c7441,NKS Super Speciality Hospital,nks super speciality hospital,Delhi NCR,Hospital,Pitampura,,28.7156272,77.1436705,873da18c8ffffff,,20.0,14.0,True,,500.0,1500.0,,3.0,,+917948501407,https://www.practo.com/delhi/hospital/nks-hospital-pitampura-prashant-vihar?referrer=hospital_listing,,ABS,practo,,1.0,canonical,269,Q4,Q4-Sub-Q1,Upper-Mid Premium,0.276073
hosp_6c89f213c546be25,Medicheck Multispeciality Hospital,medicheck multispeciality hospital,Delhi NCR,Hospital,New Industrial Town,,28.381026,77.301978,873da10f1ffffff,,8.0,8.0,True,,200.0,800.0,4.5,18.0,,+914471966928,https://www.practo.com/faridabad/hospital/medicheck-multispeciality-hospital-new-industrial-township-3?referrer=hospital_listing,https://images1-fabric.practo.com/medicheck-multispeciality-hospital-faridabad-1475917987-57f8b8a3e8480.png,VN,practo,,1.0,canonical,270,Q4,Q4-Sub-Q1,Upper-Mid Premium,0.275928
hosp_e1bc3461f78220fb,Royale Kalindi Hospital,royale kalindi hospital,Delhi NCR,Hospital,Jasola,,28.540718977403483,77.29591921902568,873da1070ffffff,,17.0,15.0,True,,0.0,700.0,,5.0,,+914446312692,https://www.practo.com/delhi/hospital/royale-kalindi-hospital-jasola?referrer=hospital_listing,https://images1-fabric.practo.com/practices/1151080/royale-kalindi-hospital-delhi-5cb728570d396.png,VN,practo,,1.0,canonical,271,Q4,Q4-Sub-Q1,Upper-Mid Premium,0.275896
hosp_a73b62c2103a1c28,Lok Nayak Hospital,lok nayak hospital,Delhi NCR,Hospital,Delhi Gate,,28.638886372272243,77.23819971084595,873da1141ffffff,,32.0,9.0,True,,0.0,800.0,,,,+914446276052,https://www.practo.com/delhi/hospital/lok-nayak-hospital-1-delhi-gate-1?referrer=hospital_listing,https://images1-fabric.practo.com/practices/1190383/lok-nayak-hospital-delhi-67a45fc576810.png,VN,practo,,1.0,canonical,272,Q4,Q4-Sub-Q1,Upper-Mid Premium,0.275151
hosp_ff328d47dfa32ad9,RG Stone Urology and Laparoscopy Hospital,rg stone urology laparoscopy hospital,Delhi NCR,Hospital,Pitampura,,28.697409,77.118197,873da18ddffffff,,5.0,5.0,True,,0.0,1000.0,4.0,17.0,1988.0,+911140849632,https://www.practo.com/delhi/hospital/rg-stone-urology-laparoscopy-hospital-pitampura-1?referrer=hospital_listing,https://images1-fabric.practo.com/practices/991359/rg-stone-urology-laparoscopy-hospital-delhi-5aa263205bee9.png,VN,practo,,1.0,canonical,273,Q4,Q4-Sub-Q1,Upper-Mid Premium,0.274789
hosp_ca6e9e40d779c39e,Max Healthcare,max healthcare,Delhi NCR,Hospital,Saket,,28.52793679085766,77.21494629979134,873da102cffffff,,21.0,13.0,True,,0.0,500.0,,,,+911141193997,https://www.practo.com/delhi/hospital/nia-eye-and-retina-centre-jaripatka?referrer=hospital_listing,https://images1-fabric.practo.com/practices/1337825/max-healthcare-delhi-67f616d8d8a6c.png,VN,practo,,1.0,canonical,274,Q4,Q4-Sub-Q1,Upper-Mid Premium,0.274756
hosp_2b86101cd4e62650,Sunil Hospital & Nursing Home,sunil hospital nursing home,Delhi NCR,Hospital,Malviya Nagar,,28.535935785633534,77.20905683934689,873da102cffffff,,1.0,2.0,True,,300.0,1000.0,5.0,13.0,,+911161260190,https://www.practo.com/delhi/hospital/sunil-hospital-nursing-home-malviya-nagar-1?referrer=hospital_listing,,VN,practo,,1.0,canonical,275,Q4,Q4-Sub-Q1,Upper-Mid Premium,0.274723
hosp_bd8bfb06eacd0c03,Max Hospital,max hospital,Delhi NCR,Hospital,DLF Phase V,,28.4538918,77.0973527,873da1036ffffff,,17.0,14.0,True,,0.0,1000.0,,,,+918037296909,https://www.practo.com/gurgaon/hospital/max-hospital-1-dlf-phase-v?referrer=hospital_listing,https://images1-fabric.practo.com/practices/1557429/max-hospital-gurgaon-67c930789d969.png,active,practo,,1.0,canonical,276,Q4,Q4-Sub-Q1,Upper-Mid Premium,0.273755
hosp_1d9294af2dc3efee,Rastogi Dental Care Centre,rastogi dental care centre,Delhi NCR,Hospital,Nehru Nagar,,28.662725601734138,77.44222462177277,873da1a9dffffff,,1.0,1.0,True,,500.0,500.0,4.5,44.0,,+917969204829,https://www.practo.com/ghaziabad/hospital/rastogi-dental-care-centre-nehru-nagar?referrer=hospital_listing,https://images1-fabric.practo.com/rastogi-dental-care-centre-ghaziabad-1438860231-55c343c71c94e.jpg,ABS,practo,,1.0,canonical,277,Q4,Q4-Sub-Q1,Upper-Mid Premium,0.273644
hosp_b7f96c896363d6a6,Mom's Belief Learning Centre,mom s belief learning centre,Delhi NCR,Hospital,DLF Phase IV,,28.4637535,77.0797042,873da11a9ffffff,,3.0,3.0,True,2.0,1000.0,2000.0,5.0,11.0,,+911140845776,https://www.practo.com/gurgaon/hospital/moms-belief-learning-centre-dlf-phase-iv?referrer=hospital_listing,https://images1-fabric.practo.com/practices/1311080/mom-s-belief-learning-centre-gurgaon-661e4d06e4112.png,RFA,practo,,1.0,canonical,278,Q4,Q4-Sub-Q1,Upper-Mid Premium,0.273601
hosp_6139317180bfcf5b,Venkateshwar Hospital,venkateshwar hospital,Delhi NCR,Hospital,Dwarka,,28.587913268768595,77.03684091567993,873da1123ffffff,,50.0,33.0,True,,900.0,1600.0,3.5,856.0,2016.0,+911140849518,https://www.practo.com/delhi/hospital/venkateshwar-hospital-dwarka-3?referrer=hospital_listing,https://images1-fabric.practo.com/venkateshwar-hospital-delhi-1465998471-57615c87de2bd.jpg,VN,practo,,1.0,canonical,279,Q4,Q4-Sub-Q1,Upper-Mid Premium,0.273553
hosp_5f0d6f1b6bfc5cf3,Aakash Hospital,aakash hospital,Delhi NCR,Hospital,Malviya Nagar,,28.5350692,77.2148575,873da102cffffff,,11.0,10.0,True,,0.0,1500.0,4.0,228.0,2004.0,+911140849480,https://www.practo.com/delhi/hospital/aakash-hospital-malviya-nagar-malviya-nagar?referrer=hospital_listing,https://images2-fabric.practo.com/practo-resources/core/practice/photos/a3f048e781e29e047a49612f93981ebf6290be6f.jpg,VN,practo,,1.0,canonical,280,Q4,Q4-Sub-Q1,Upper-Mid Premium,0.272873
hosp_3270a22029d8dafc,Santosh Hospital,santosh hospital,Delhi NCR,Hospital,Daulatpura,,28.6491648,77.4432857,873da1a99ffffff,,15.0,14.0,True,,0.0,0.0,,,,+911140849480,https://www.practo.com/ghaziabad/hospital/santosh-hospital-1-daulatpura?referrer=hospital_listing,,VN,practo,,1.0,canonical,281,Q4,Q4-Sub-Q1,Upper-Mid Premium,0.272311
hosp_8ec9a6975bbb4024,Samvit Hospital and Trauma Center,samvit hospital trauma center,Delhi NCR,Hospital,Sohna Road,,28.4347224,77.0354558,873da1185ffffff,,9.0,9.0,True,,0.0,800.0,,5.0,2010.0,+912071177320,https://www.practo.com/gurgaon/hospital/samvit-hospital-and-trauma-center-sohna-road-1?referrer=hospital_listing,https://images1-fabric.practo.com/practices/675828/samvit-hospital-and-trauma-center-gurgaon-597089514803b.png,VN,practo,,1.0,canonical,282,Q4,Q4-Sub-Q1,Upper-Mid Premium,0.272132
hosp_46c02f8e38473fce,Jeevan Jyoti Hospital,jeevan jyoti hospital,Delhi NCR,Hospital,New Rajendra Nagar,,,,,,12.0,15.0,True,,0.0,500.0,,,,+911140036731,https://www.practo.com/delhi/hospital/jeevan-jyoti-hospital-new-rajendra-nagar?referrer=hospital_listing,,VN,practo,,0.6,canonical,283,Q4,Q4-Sub-Q1,Upper-Mid Premium,0.272032
hosp_ca8f984c9a9c40b6,Chirag Hospital,chirag hospital,Delhi NCR,Hospital,Railway Road,,28.5206089,77.02709674369544,873da1115ffffff,,4.0,4.0,True,,200.0,1200.0,,7.0,1995.0,+918037311710,https://www.practo.com/gurgaon/hospital/chirag-hospital-railway-road?referrer=hospital_listing,https://images1-fabric.practo.com/practices/676123/chirag-hospital-gurgaon-5ab4ce5c89554.png,VN,practo,,1.0,canonical,284,Q4,Q4-Sub-Q1,Upper-Mid Premium,0.27169
hosp_f3d8dd98769f3720,Rashmi Hospital,rashmi hospital,Delhi NCR,Hospital,Pitampura,,28.7038529999999,77.1462149999999,873da18caffffff,,2.0,2.0,True,,300.0,700.0,5.0,11.0,,+911140036734,https://www.practo.com/delhi/hospital/rashmi-hospital-pitampura?referrer=hospital_listing,https://images1-fabric.practo.com/practices/710051/rashmi-hospital-delhi-666c3f467c37e.png,VN,practo,,1.0,canonical,285,Q4,Q4-Sub-Q1,Upper-Mid Premium,0.270993
hosp_b162466a94eff68a,Tyagi Hospital & Maternity Centre ,tyagi hospital maternity centre,Delhi NCR,Hospital,Adarsh Nagar,,28.7187879,77.1682698,873da18c9ffffff,,2.0,3.0,True,,1000.0,1000.0,,6.0,1992.0,+911140036680,https://www.practo.com/delhi/hospital/tyagi-hospital-maternity-centre-adarsh-nagar?referrer=hospital_listing,https://images1-fabric.practo.com/practices/674649/tyagi-hospital-maternity-centre-delhi-67cfd51ee6e4d.jpg,VN,practo,,1.0,canonical,286,Q4,Q4-Sub-Q1,Upper-Mid Premium,0.270808
hosp_5f16d595101e6768,Bhagwati Hospital,bhagwati hospital,Delhi NCR,Hospital,Mehrauli,,28.5241928,77.1766967,873da1021ffffff,,2.0,3.0,True,,500.0,500.0,5.0,10.0,,+911140036729,https://www.practo.com/delhi/hospital/bhagwati-hospital-mehrauli?referrer=hospital_listing,https://images1-fabric.practo.com/practices/676593/bhagwati-hospital-delhi-665822057cb33.png,VN,practo,,1.0,canonical,287,Q4,Q4-Sub-Q1,Upper-Mid Premium,0.270545
hosp_cf697f37dbae76bd,Apollo Cradle,apollo cradle,Delhi NCR,Hospital,Gurgaon Sector 14,,28.478814,77.04716,873da11acffffff,,2.0,4.0,True,,1000.0,1000.0,4.5,26.0,,+911141169672,https://www.practo.com/gurgaon/hospital/apollo-cradle-sector-14-gurgaon-sector-14?referrer=hospital_listing,https://images1-fabric.practo.com/practices/1122366/apollo-cradle-gurgaon-5b5888b105c84.png,active,practo,,1.0,canonical,288,Q4,Q4-Sub-Q1,Upper-Mid Premium,0.270033
hosp_b3ecbe9a256e7794,Complete Physio Care,complete physio care,Delhi NCR,Hospital,Moti Nagar,,28.661351133064688,77.14173674583435,873da18dbffffff,,1.0,1.0,False,,0.0,200.0,5.0,36.0,2014.0,+917971262940,https://www.practo.com/delhi/hospital/complete-physio-care-moti-nagar?referrer=hospital_listing,https://images1-fabric.practo.com/complete-physio-care-delhi-1440158242-55d7122259985.png,VN,practo,,1.0,canonical,289,Q4,Q4-Sub-Q1,Upper-Mid Premium,0.269493
hosp_7031ee6c6f00639f,Swasthik Hospital,swasthik hospital,Delhi NCR,Hospital,Tilak Nagar,,28.6344292,77.1026293,873da18daffffff,,2.0,4.0,True,10.0,500.0,1000.0,,8.0,1996.0,+911140036743,https://www.practo.com/delhi/hospital/swasthik-hospital?referrer=hospital_listing,https://images1-fabric.practo.com/swasthik-hospital-delhi-1467191651-5773916336062,VN,practo,,1.0,canonical,290,Q4,Q4-Sub-Q1,Upper-Mid Premium,0.269463
hosp_dded6497cc0f42fb,Mamta Hospital,mamta hospital,Delhi NCR,Hospital,Gurgaon Sector 12,,28.4722705,77.0320483,873da11acffffff,,5.0,6.0,True,,700.0,1500.0,4.5,17.0,,+918037311397,https://www.practo.com/gurgaon/hospital/mamta-hospital-gurgaon-sector-12?referrer=hospital_listing,https://images1-fabric.practo.com/practices/675646/mamta-hospital-gurgaon-64781f287d0a5.jpg,VN,practo,,1.0,canonical,291,Q4,Q4-Sub-Q1,Upper-Mid Premium,0.269146
hosp_8f89c19dc41a8d5f,Mata Chanan Devi Hospital,mata chanan devi hospital,Delhi NCR,Hospital,Janakpuri,,28.61886,77.07838,873da1128ffffff,,61.0,38.0,True,,200.0,2000.0,3.5,161.0,,+911140849413,https://www.practo.com/delhi/hospital/mata-chanan-devi-hospital-janak-puri?referrer=hospital_listing,https://images1-fabric.practo.com/mata-chanan-devi-hospital-delhi-1466080153-57629b9964719,VN,practo,,1.0,canonical,292,Q4,Q4-Sub-Q1,Upper-Mid Premium,0.2688
hosp_f209b39748a46033,M M Eyetech Institute,m m eyetech institute,Delhi NCR,Hospital,Lajpat Nagar,,28.569786,77.2360999999998,873da115effffff,,5.0,1.0,False,,0.0,2000.0,4.5,79.0,1990.0,+917948501312,https://www.practo.com/delhi/hospital/m-m-eyetech-institute-lajpat-nagar-1?referrer=hospital_listing,https://images1-fabric.practo.com/practices/630583/m-m-eyetech-institute-delhi-5a684b077b5b8.png,ABS,practo,,1.0,canonical,293,Q4,Q4-Sub-Q1,Upper-Mid Premium,0.26871
hosp_e9b3035d6542af32,Virmani Hospital,virmani hospital,Delhi NCR,Hospital,Geeta Colony,,28.64382036998404,77.27420568466187,873da114cffffff,,5.0,2.0,True,,300.0,600.0,,8.0,1996.0,+911140036729,https://www.practo.com/delhi/hospital/virmani-hospital-geeta-colony?referrer=hospital_listing,,VN,practo,,1.0,canonical,294,Q4,Q4-Sub-Q1,Upper-Mid Premium,0.267855
hosp_aa47512cbe6cbd73,SHUBHAM HOSPITAL,shubham hospital,Delhi NCR,Hospital,Kalkaji,,28.542281,77.257476,873da1029ffffff,,9.0,9.0,True,,0.0,1500.0,3.5,14.0,1985.0,+911140036724,https://www.practo.com/delhi/hospital/shubham-hospital-kalkaji?referrer=hospital_listing,https://images1-fabric.practo.com/practices/679928/shubham-hospital-delhi-6655d85f03b71.png,VN,practo,,1.0,canonical,295,Q4,Q4-Sub-Q1,Upper-Mid Premium,0.267569
hosp_014e0cfb9c160fa4,Vibrant Hospital,vibrant hospital,Delhi NCR,Hospital,Gurgaon Sector 100,,28.466540897858,76.973004341125,873da11a4ffffff,,13.0,12.0,True,,400.0,1500.0,,8.0,,+911141193965,https://www.practo.com/gurgaon/hospital/vibrant-hospital-gurgaon-sector-100-1?referrer=hospital_listing,https://images1-fabric.practo.com/practices/1414679/vibrant-hospital-gurgaon-6427f9c3e41e3.jpg,VN,practo,,1.0,canonical,296,Q4,Q4-Sub-Q1,Upper-Mid Premium,0.267499
hosp_d343a5369331fde5,Raj Multispeciality Dental Hospital,raj multispeciality dental hospital,Delhi NCR,Hospital,Mayur Vihar Ph-III,,28.61371,77.32334,873da114bffffff,,1.0,1.0,False,,300.0,300.0,5.0,43.0,,+917971171887,https://www.practo.com/delhi/hospital/raj-multispeciality-dental-hospital-mayur-vihar-ph-iii?referrer=hospital_listing,,VN,practo,,1.0,canonical,297,Q4,Q4-Sub-Q1,Upper-Mid Premium,0.267165
hosp_a2c0a66b0e1f9040,Park Hospital,park hospital,Delhi NCR,Hospital,Sector 10 HBC,,28.37745898511899,77.32585664838552,873da10c6ffffff,,22.0,14.0,True,,0.0,1500.0,4.0,116.0,,+918047284344,https://www.practo.com/faridabad/hospital/park-hospital-faridabad-sector-10-hbc?referrer=hospital_listing,https://images1-fabric.practo.com/practices/1457717/park-hospital-faridabad-664ad907e5a3d.jpeg,ABS,practo,,1.0,canonical,298,Q4,Q4-Sub-Q1,Upper-Mid Premium,0.267142
hosp_57d821a15512b13d,Artemis Hospitals,artemis hospitals,Delhi NCR,Hospital,Dwarka,,28.570193793919227,77.06026674843477,873da1100ffffff,,11.0,9.0,True,,0.0,1050.0,4.0,16.0,2012.0,+911140849486,https://www.practo.com/delhi/hospital/aetemis-hospitals-rohini?referrer=hospital_listing,https://images1-fabric.practo.com/artemis-hospitals-delhi-1467626041-577a3239d476a,VN,practo,,1.0,canonical,299,Q4,Q4-Sub-Q1,Upper-Mid Premium,0.266878
hosp_6b94e392cd24737b,Sehgal Neo Hospital,sehgal neo hospital,Delhi NCR,Hospital,Paschim Vihar,,28.65813,77.09145,873da18deffffff,,18.0,15.0,True,,0.0,1250.0,4.0,74.0,,+911140036729,https://www.practo.com/delhi/hospital/sehgal-neo-hospital-meera-paschim-vihar?referrer=hospital_listing,https://images1-fabric.practo.com/practices/701056/sehgal-neo-hospital-delhi-59366dfa502c7.jpg,VN,practo,,1.0,canonical,300,Q4,Q4-Sub-Q1,Upper-Mid Premium,0.266361
hosp_ef636f8ed0b58caa,Dr. Bajaj's Eye Hospital Pvt Ltd,dr bajaj s eye hospital,Delhi NCR,Hospital,Shahdara,,28.689674724716,77.299239328131,873da1ab4ffffff,,3.0,1.0,False,,400.0,600.0,4.5,300.0,,+911142246386,https://www.practo.com/delhi/hospital/dr-bajaj-eye-hospital-pvt-ltd-shahdara?referrer=hospital_listing,https://images1-fabric.practo.com/dr-bajaj-s-eye-hospital-pvt-ltd-delhi-1443095225-5603e2b91c554.jpg,VN,practo,,1.0,canonical,301,Q4,Q4-Sub-Q1,Upper-Mid Premium,0.266123
hosp_d0084c36ad99992f,Aarogya Hospital,aarogya hospital,Delhi NCR,Hospital,Chitra Vihar,,28.641334568081,77.286334633827,873da114dffffff,,9.0,12.0,True,,500.0,1000.0,4.0,446.0,,+911161266300,https://www.practo.com/delhi/hospital/aarogya-hospital-chitra-vihar?referrer=hospital_listing,https://images1-fabric.practo.com/practices/828483/aarogya-hospital-delhi-5e6fbec22b9fe.png,VN,practo,,1.0,canonical,302,Q4,Q4-Sub-Q1,Upper-Mid Premium,0.266113
hosp_423b8256d5cff82c,Yashoda Hospital,yashoda hospital,Delhi NCR,Hospital,Vasundhara,,28.654399734853563,77.3603077167273,873da1a95ffffff,,11.0,12.0,True,,700.0,1000.0,,3.0,,+911161266255,https://www.practo.com/ghaziabad/hospital/yashoda-hospital-1-vasundhara?referrer=hospital_listing,https://images1-fabric.practo.com/practices/1471029/yashoda-hospital-ghaziabad-66ade444ee271.png,VN,practo,,1.0,canonical,303,Q4,Q4-Sub-Q1,Upper-Mid Premium,0.265802
hosp_8cf33a30277ae99d,Itek Vision Centre,itek vision centre,Delhi NCR,Hospital,Sector 51,,28.578318904931,77.362502664328,873da106effffff,,2.0,2.0,True,,500.0,600.0,4.5,25.0,,+911141193964,https://www.practo.com/noida/hospital/itek-vision-centre-sector-51-2?referrer=hospital_listing,https://images1-fabric.practo.com/itek-vision-centre-noida-1490961316-58de43a44afbf.png,VN,practo,,1.0,canonical,304,Q4,Q4-Sub-Q1,Upper-Mid Premium,0.265576
hosp_66c7807a83933e6e,Sitaram Bhartia Institute Of Science & Research,sitaram bhartia institute science research,Delhi NCR,Hospital,Qutab Institutional Area,,28.538405,77.184724,873da1021ffffff,,23.0,12.0,True,,0.0,2200.0,4.0,163.0,,+918047285539,https://www.practo.com/delhi/hospital/sitaram-bhartia-institute-of-science-research-qutab-institutional-area-1?referrer=hospital_listing,https://images1-fabric.practo.com/practices/1140228/sitaram-bhartia-institute-of-science-research-delhi-592d24ea47965.jpg,VN,practo,,1.0,canonical,305,Q4,Q4-Sub-Q1,Upper-Mid Premium,0.264944
hosp_da41c2d1a390c660,Sunder Lal Jain Hospital,sunder lal jain hospital,Delhi NCR,Hospital,Ashok Vihar,,28.6918865,77.1815841,873da1165ffffff,,2.0,4.0,True,,0.0,650.0,4.5,19.0,,+911140036680,https://www.practo.com/delhi/hospital/sunder-lal-jain-hospital-ashok-vihar-3?referrer=hospital_listing,https://images1-fabric.practo.com/practices/631916/sunder-lal-jain-hospital-delhi-6672a4d671854.png,VN,practo,,1.0,canonical,306,Q4,Q4-Sub-Q1,Upper-Mid Premium,0.264867
hosp_6c2e6612986d7f47,Singh's Dental Hospital,singh s dental hospital,Delhi NCR,Hospital,Dwarka,,28.6187523,77.0347655,873da1121ffffff,,4.0,1.0,True,,0.0,500.0,4.5,24.0,,+911140036709,https://www.practo.com/delhi/hospital/singh-s-dental-hospital-dilshad-garden?referrer=hospital_listing,https://images1-fabric.practo.com/practices/712934/singh-s-dental-hospital-delhi-5d43dacb54d75.png,VN,practo,,1.0,canonical,307,Q4,Q4-Sub-Q1,Upper-Mid Premium,0.264434
hosp_3930196ee5d9ee66,Hospital NCC,hospital ncc,Delhi NCR,Hospital,Sector 35,,28.5778,77.3593,873da1063ffffff,,18.0,14.0,True,,300.0,1000.0,4.0,94.0,,+918047111096,https://www.practo.com/noida/hospital/hospital-ncc-sector-35?referrer=hospital_listing,,VN,practo,,1.0,canonical,308,Q4,Q4-Sub-Q1,Upper-Mid Premium,0.264198
hosp_b87345e436251a91,Vision Plus Eye Centre,vision plus eye centre,Delhi NCR,Hospital,Sector 51,,28.581177167703,77.365234494209,873da106effffff,,5.0,1.0,True,,1000.0,1000.0,4.0,883.0,,+918047284063,https://www.practo.com/noida/hospital/vision-plus-eye-centre-sector-51?referrer=hospital_listing,https://images1-fabric.practo.com/vision-plus-eye-centre-noida-1444979264-5620a240ec7e2.JPG,ABS,practo,,1.0,canonical,309,Q4,Q4-Sub-Q1,Upper-Mid Premium,0.263564
hosp_9f46626524ec4be8,Doctor's Plaza,doctor s plaza,Delhi NCR,Hospital,Sector 22,,28.5941267038291,77.34184496104717,873da1061ffffff,,10.0,11.0,True,,399.0,2000.0,,5.0,,+911141193981,https://www.practo.com/noida/hospital/doctor-s-plaza-1-sector-22?referrer=hospital_listing,https://images1-fabric.practo.com/practices/1434811/doctors-plaza-noida-64e724f16e0c4.PNG,VN,practo,,1.0,canonical,310,Q4,Q4-Sub-Q1,Upper-Mid Premium,0.263294
hosp_1a94c9d71bf0bbde,Batra Hospital & Medical Research Centre,batra hospital medical research centre,Delhi NCR,Hospital,Tuglakabad,,28.513547,77.245816,873da102bffffff,,65.0,33.0,True,,0.0,1000.0,3.5,152.0,,+911140036743,https://www.practo.com/delhi/hospital/batra-hospital-and-medical-research-center-delhi-tuglakabad?referrer=hospital_listing,https://images1-fabric.practo.com/batra-hospital-and-medical-research-centre-delhi-1466884820-576ee2d4377d9.png,VN,practo,,1.0,canonical,311,Q4,Q4-Sub-Q1,Upper-Mid Premium,0.263046
hosp_8e3a50adbed21d29,ISIS Hospital,isis hospital,Delhi NCR,Hospital,Kailash Colony,,,,,,2.0,3.0,True,,0.0,800.0,,,2001.0,+911140036724,https://www.practo.com/delhi/hospital/isis-hospital-kailash-colony?referrer=hospital_listing,,VN,practo,,0.6,canonical,312,Q4,Q4-Sub-Q1,Upper-Mid Premium,0.263003
hosp_5572f3a4faf9b81f,Anand Nursing Home,anand nursing home,Delhi NCR,Hospital,Kavi Nagar,,28.66192,77.44905,873da1a8affffff,,3.0,3.0,True,,0.0,1200.0,4.0,225.0,1993.0,+918037309349,https://www.practo.com/ghaziabad/hospital/anand-nursing-home-kavi-nagar-1?referrer=hospital_listing,https://images1-fabric.practo.com/anand-nursing-home-delhi-1453987901-56aa183d9acbc.jpg,VN,practo,,1.0,canonical,313,Q4,Q4-Sub-Q1,Upper-Mid Premium,0.262949
hosp_e0c009b774b8efec,Dr. Lal Hospital,dr lal hospital,Delhi NCR,Hospital,Badarpur,,28.5082481,77.3394154,873da1055ffffff,,2.0,4.0,True,,100.0,100.0,,,2004.0,+912071177330,https://www.practo.com/delhi/hospital/dr-lal-hospital-jaitpur?referrer=hospital_listing,https://images1-fabric.practo.com/practices/796530/dr-lal-hospital-delhi-665d981709a23.png,VN,practo,,1.0,canonical,314,Q4,Q4-Sub-Q1,Upper-Mid Premium,0.26239
hosp_4397d3275c45a8a4,Pristyn Care,pristyn care,Delhi NCR,Hospital,Shalimar Bagh,,28.7062578,77.1539396,873da18cbffffff,,1.0,3.0,True,11.0,500.0,500.0,4.5,19.0,,+911141190721,https://www.practo.com/delhi/hospital/pristyn-care-clinic-shalimar-bagh?referrer=hospital_listing,https://images1-fabric.practo.com/practices/1260535/pristyn-care-clinic-delhi-5d1ae2a4d544c.jpg,active,practo,,1.0,canonical,315,Q4,Q4-Sub-Q1,Upper-Mid Premium,0.262259
hosp_3434d90cec914dbe,Delhi Pain Management Centre,delhi pain management centre,Delhi NCR,Hospital,Indirapuram,,28.643457379842,77.351497523448,873da1a90ffffff,,2.0,3.0,True,,600.0,700.0,4.5,18.0,,+911142213464,https://www.practo.com/ghaziabad/hospital/delhi-pain-management-centre-model-town-1?referrer=hospital_listing,https://images1-fabric.practo.com/practices/1144143/delhi-pain-management-centre-model-town-delhi-58fdb84b3f021.png,VN,practo,,1.0,canonical,316,Q4,Q4-Sub-Q1,Upper-Mid Premium,0.262162
hosp_c19afe9b4d63dace,Polaris Hospital,polaris hospital,Delhi NCR,Hospital,Sohna Road,,28.422067800065,77.038615017662,873da1185ffffff,,4.0,4.0,True,,0.0,1200.0,4.5,14.0,,+911143060238,https://www.practo.com/gurgaon/hospital/polaris-hospital-sohna-road?referrer=hospital_listing,https://images1-fabric.practo.com/practices/1245441/polaris-hospital-gurgaon-5c76baa8d07db.png,VN,practo,,1.0,canonical,317,Q4,Q4-Sub-Q1,Upper-Mid Premium,0.261977
hosp_aa082eabfc2fcc57,Medeor Hospital,medeor hospital,Delhi NCR,Hospital,Qutab Institutional Area,,28.53747648579,77.181024982158,873da1021ffffff,,40.0,32.0,True,10.0,0.0,2000.0,3.5,148.0,2004.0,+911140849480,https://www.practo.com/delhi/hospital/rockland-hospital-qutab-institutional-area-2?referrer=hospital_listing,https://images1-fabric.practo.com/practices/941427/medeor-hospital-delhi-5eb7d55b30dc9.jpg,VN,practo,,1.0,canonical,318,Q4,Q4-Sub-Q1,Upper-Mid Premium,0.261829
hosp_321bdadfb65356b7,Max hospital ,max hospital,Delhi NCR,Hospital,Gurgaon Sector 56,,28.4304862,77.1014112,873da118dffffff,,10.0,10.0,True,,0.0,200.0,,,,+911143060238,https://www.practo.com/gurgaon/hospital/max-hospital-sector-56-gurgaon-sector-56?referrer=hospital_listing,https://images1-fabric.practo.com/practices/1557227/max-hospital-gurgaon-67dbfa906b8d7.png,active,practo,,1.0,canonical,319,Q4,Q4-Sub-Q1,Upper-Mid Premium,0.261154
hosp_9502c3a301816ea7,"Yashoda Super Speciality Hospital, Ghaziabad",yashoda super speciality hospital ghaziabad,Delhi NCR,Hospital,Vaishali,,28.6447682,77.3286658,873da1a94ffffff,,37.0,26.0,False,,0.0,0.0,,,,+911140849486,https://www.practo.com/ghaziabad/hospital/yashoda-super-speciality-hospital-ghaziabad-vaishali?referrer=hospital_listing,,VN,practo,,1.0,canonical,320,Q4,Q4-Sub-Q1,Upper-Mid Premium,0.260837
hosp_e38911dc845468e0,Fortis Hospital,fortis hospital,Delhi NCR,Hospital,Shalimar Bagh,,28.709611387975542,77.1699326642732,873da18cbffffff,,66.0,28.0,True,5.0,0.0,1800.0,3.5,699.0,,+911142213853,https://www.practo.com/delhi/hospital/fortis-hospital-5-shalimar-bagh?referrer=hospital_listing,https://images1-fabric.practo.com/practices/736234/fortis-hospital-delhi-5b9116f6c6632.png,VN,practo,,1.0,canonical,321,Q4,Q4-Sub-Q1,Upper-Mid Premium,0.260736
hosp_cd7093bc0653a7bd,Jiva Ayurvedic,jiva ayurvedic,Delhi NCR,Hospital,Gurgaon Sector 39,,28.4358319,77.0479056,873da11aaffffff,,2.0,1.0,True,,49.0,299.0,4.5,20.0,,+911141187412,https://www.practo.com/gurgaon/hospital/jiva-ayurveda-clinic-gurugram-gurgaon-sector-51?referrer=hospital_listing,https://images1-fabric.practo.com/practices/1183037/jiva-ayurveda-gurgaon-605d787648435.jpg,ABS,practo,,1.0,canonical,322,Q4,Q4-Sub-Q1,Upper-Mid Premium,0.260004
hosp_711ba0aea2ac0afa,Phoenix Hospital,phoenix hospital,Delhi NCR,Hospital,Greater Kailash Part 1,,28.5501237,77.2442434,873da102dffffff,,8.0,10.0,True,,0.0,2000.0,,,,+918037311397,https://www.practo.com/delhi/hospital/phoenix-hospital-greater-kailash-part-1-1?referrer=hospital_listing,https://images1-fabric.practo.com/practices/824390/phoenix-hospital-delhi-664f231b48fd8.png,VN,practo,,1.0,canonical,323,Q4,Q4-Sub-Q1,Upper-Mid Premium,0.25971
hosp_3c15cc9bbd32729b,Dr.Piyusha’s Chamber Metro Hospital,dr piyushas chamber metro hospital,Delhi NCR,Hospital,Preet Vihar,,28.7040592,77.1024902,873da18c3ffffff,,1.0,1.0,False,,800.0,800.0,5.0,36.0,,+914471967143,https://www.practo.com/delhi/hospital/dr-piyusha-chamber-s-metro-hospital-preet-vihar?referrer=hospital_listing,https://images1-fabric.practo.com/practices/1166871/dr-piyusha-s-chamber-metro-hospital-delhi-5bf64707ac761.JPG,VN,practo,,1.0,canonical,324,Q4,Q4-Sub-Q1,Upper-Mid Premium,0.259493
hosp_d64121e4d3eccf59,Saaol Heart Center,saaol heart center,Delhi NCR,Hospital,Lajpat Nagar,,28.564279,77.238004,873da115effffff,,1.0,1.0,True,2.0,1500.0,1500.0,4.5,20.0,,+911140036727,https://www.practo.com/delhi/hospital/saaol-heart-center-lajpat-nagar?referrer=hospital_listing,https://images1-fabric.practo.com/saaol-heart-center-delhi-1466092353-5762cb4142dcd.jpg,VN,practo,,1.0,canonical,325,Q4,Q4-Sub-Q1,Upper-Mid Premium,0.259282
hosp_fc38df01d1d0b4d8,Practo Care Surgeries,practo care surgeries,Delhi NCR,Hospital,Lajpat Nagar,,28.56691781116251,77.22214493438824,873da1153ffffff,,1.0,3.0,True,1.0,1000.0,1000.0,4.5,15.0,,+917317153243,https://www.practo.com/delhi/hospital/practo-care-surgeries-lajpat-nagar-1?referrer=hospital_listing,https://images1-fabric.practo.com/practices/1363156/practo-care-surgeries-delhi-617789bbeffd5.png,VN,practo,,1.0,canonical,326,Q4,Q4-Sub-Q1,Upper-Mid Premium,0.258842
hosp_f2197dabc778f212,Siddharth Multispeciality Hospital and Trauma Center,siddharth multispeciality hospital trauma center,Delhi NCR,Hospital,Bawana,,28.801053257916195,77.0349895209074,873da1856ffffff,,1.0,2.0,True,,300.0,300.0,4.5,17.0,,+911142246366,https://www.practo.com/delhi/hospital/siddharth-multispeciality-hospital-and-trauma-center-bawana?referrer=hospital_listing,,VN,practo,,1.0,canonical,327,Q4,Q4-Sub-Q1,Upper-Mid Premium,0.258711
hosp_670a847224775646,Pristyn Care Clinic,pristyn care clinic,Delhi NCR,Hospital,Laxmi Nagar,,28.642596,77.281726,873da114cffffff,,1.0,2.0,True,11.0,0.0,0.0,4.5,17.0,,+911142246378,https://www.practo.com/delhi/hospital/pristyn-care-clinic-laxmi-nagar?referrer=hospital_listing,https://images1-fabric.practo.com/practices/1260539/pristyn-care-clinic-delhi-600a7cc3405a3.png,active,practo,,1.0,canonical,328,Q4,Q4-Sub-Q1,Upper-Mid Premium,0.258711
hosp_7faffde43de3d2e8,Akropolis Super Speciality Hospital,akropolis super speciality hospital,Delhi NCR,Hospital,Badshahpur,,30.39545,77.24927,873d10570ffffff,,8.0,8.0,True,,900.0,900.0,,4.0,2023.0,+911141168495,https://www.practo.com/gurgaon/hospital/akropolis-superspeciality-hospital-badshahpur?referrer=hospital_listing,https://images1-fabric.practo.com/practices/1441215/akropolis-superspeciality-hospital-gurgaon-6540a8379f934.png,VN,practo,,1.0,canonical,329,Q4,Q4-Sub-Q1,Upper-Mid Premium,0.258639
hosp_240b7511d509abc7,Amrita Hospital,amrita hospital,Delhi NCR,Hospital,Shastri Colony,,28.4228,77.3206,873da10e3ffffff,,9.0,9.0,True,,0.0,0.0,,,,+911161266235,https://www.practo.com/faridabad/hospital/amrita-hospital-shastri-colony?referrer=hospital_listing,,active,practo,,1.0,canonical,330,Q4,Q4-Sub-Q1,Upper-Mid Premium,0.258545
hosp_06e3dd69ba5cb0f9,Doctors Plaza,doctors plaza,Delhi NCR,Hospital,Krishna Nagar,,29.384653,77.088988,873d12cd9ffffff,,8.0,9.0,True,4.0,700.0,2500.0,,9.0,,+911143078632,https://www.practo.com/delhi/hospital/doctors-plaza-5-krishna-nagar?referrer=hospital_listing,https://images1-fabric.practo.com/practices/1434789/doctors-plaza-delhi-64e6f9373891f.PNG,VN,practo,,1.0,canonical,331,Q4,Q4-Sub-Q1,Upper-Mid Premium,0.25828
hosp_9cf124b50648b738,Tyagi hospital,tyagi hospital,Delhi NCR,Hospital,Dilshad Garden,,28.6785836,77.3072387,873da1ab6ffffff,,8.0,9.0,True,,0.0,250.0,,,,+912048553263,https://www.practo.com/delhi/hospital/tyagi-hospital-dilshad-garden?referrer=hospital_listing,https://images1-fabric.practo.com/practices/965928/tyagi-hospital-delhi-666936db07203.png,VN,practo,,1.0,canonical,332,Q4,Q4-Sub-Q1,Upper-Mid Premium,0.257823
hosp_842857e502cc0ba3,La Midas Medical Aesthetics & Wellness Centre,la midas medical aesthetics wellness centre,Delhi NCR,Hospital,DLF Phase III,,28.484351736822,77.106428861072,873da1034ffffff,,2.0,4.0,True,,1000.0,1000.0,4.5,11.0,,+914471966841,https://www.practo.com/gurgaon/hospital/la-midas-the-complete-medical-aestheics-wellness-centre-dlf-phase-iii?referrer=hospital_listing,https://images1-fabric.practo.com/practices/1279925/la-midas-the-complete-medical-aestheics-wellness-centre-gurgaon-5e6505413ef47.JPG,VN,practo,,1.0,canonical,333,Q3,,Premium,0.257612
hosp_02a4229605e164c5,Bharti Eye Hospital,bharti eye hospital,Delhi NCR,Hospital,Greater Kailash Part 1,,28.560845,77.243861,873da115effffff,,7.0,1.0,False,1.0,800.0,1200.0,4.5,87.0,2008.0,+914471967335,https://www.practo.com/delhi/hospital/bharti-eye-hospital-greater-kailash-part-i-1?referrer=hospital_listing,https://images1-fabric.practo.com/bharti-eye-hospital-delhi-1451286204-5680debcb9463.jpg,VN,practo,,1.0,canonical,334,Q3,,Premium,0.257191
hosp_712de4aa71c7e65b,Batra Hospital,batra hospital,Delhi NCR,Hospital,Khan Market,,28.5988436,77.226768,873da1142ffffff,,7.0,9.0,True,,0.0,0.0,,,,+911142213812,https://www.practo.com/delhi/hospital/batra-hospital-4-khan-market?referrer=hospital_listing,,VN,practo,,1.0,canonical,335,Q3,,Premium,0.257101
hosp_4fb86a3a00234da2,Maharishi Ayurveda Wellness Clinic,maharishi ayurveda wellness clinic,Delhi NCR,Hospital,DLF Phase IV,,28.462124,77.086449,873da11a9ffffff,,1.0,1.0,False,,300.0,300.0,5.0,34.0,,+911140849715,https://www.practo.com/gurgaon/hospital/maharishi-ayurveda-wellness-clinic-dhaleswar?referrer=hospital_listing,https://images1-fabric.practo.com/practices/1299970/maharishi-ayurveda-wellness-clinic-gurgaon-5f291f8ac24db.png,VN,practo,,1.0,canonical,336,Q3,,Premium,0.257077
hosp_62a40be94be38d87,Bhagwati Hospital,bhagwati hospital,Delhi NCR,Hospital,Mehrauli,,28.52418569064,77.178955078125,873da1021ffffff,,6.0,9.0,True,,400.0,1600.0,,2.0,,+911161262792,https://www.practo.com/delhi/hospital/bhagwati-hospital-1?referrer=hospital_listing,https://images1-fabric.practo.com/practices/1185970/bhagwati-hospital-delhi-665816df3fb71.png,VN,practo,,1.0,canonical,337,Q3,,Premium,0.25648
hosp_4a2fc9063963b79a,Healing Tree Hospital,healing tree hospital,Delhi NCR,Hospital,Indirapuram,,28.649758894026,77.363079734961,873da1a95ffffff,,6.0,7.0,False,,200.0,600.0,5.0,23.0,,+911161262034,https://www.practo.com/ghaziabad/hospital/healing-tree-hospital-indirapuram?referrer=hospital_listing,,VN,practo,,1.0,canonical,338,Q3,,Premium,0.256453
hosp_8c7ebda7efeea8e4,Eden Hospital,eden hospital,Delhi NCR,Hospital,East Of Kailash,,28.5593051,77.2563254,873da115affffff,,8.0,8.0,True,,100.0,1200.0,,7.0,,+911140036711,https://www.practo.com/delhi/hospital/eden-hospital-east-of-kailash?referrer=hospital_listing,,VN,practo,,1.0,canonical,339,Q3,,Premium,0.256291
hosp_efd8efca8b490f78,Alshifa Hospital,alshifa hospital,Delhi NCR,Hospital,Okhla,,28.559238,77.29331,873da1075ffffff,,8.0,8.0,True,,0.0,0.0,,6.0,,+914471967912,https://www.practo.com/delhi/hospital/alshifa-hospital-1?referrer=hospital_listing,https://images1-fabric.practo.com/practices/999632/alshifa-hospital-delhi-67da5227f3d7c.png,VN,practo,,1.0,canonical,340,Q3,,Premium,0.256241
hosp_2019e9db9fb04224,Sukhmani Hospital,sukhmani hospital,Delhi NCR,Hospital,Safdarjung Enclave,,28.55978,77.20053,873da1153ffffff,,17.0,10.0,True,,0.0,2000.0,4.0,135.0,,+918047284069,https://www.practo.com/delhi/hospital/sukhmani-hospital-safdarjung-enclave-2?referrer=hospital_listing,https://images1-fabric.practo.com/53d9f169ba19411527c2f665a35ccbe1a2d88ead8fc30.jpg,ABS,practo,,1.0,canonical,341,Q3,,Premium,0.256236
hosp_02a8ae2ac0b021ea,Arcus Superspeciality Medicentre,arcus superspeciality medicentre,Delhi NCR,Hospital,Dwarka,,28.5976516,77.0486732,873da1123ffffff,,8.0,12.0,True,,0.0,1000.0,4.0,35.0,,+911140849486,https://www.practo.com/delhi/hospital/arcus-superspeciality-medicentre-dwarka?referrer=hospital_listing,https://images1-fabric.practo.com/5417bfd97df4396d6f2e7e1f705ab5e59c84a6dc009b2.jpg,VN,practo,,1.0,canonical,342,Q3,,Premium,0.255766
hosp_4b7057a820786888,"Manipal Hospital, Ghaziabad (formerly Columbia Asia Hospital)",manipal hospital ghaziabad formerly columbia asia hospital,Delhi NCR,Hospital,Pandav Nagar,,28.655156386238296,77.47241020202637,873da1324ffffff,,58.0,25.0,True,,0.0,2000.0,3.5,162.0,2010.0,+914049174470,https://www.practo.com/ghaziabad/hospital/columbia-asia-hospital-nehru-nagar?referrer=hospital_listing,https://images1-fabric.practo.com/practices/704167/manipal-hospital-ghaziabad-ghaziabad-61a4bfcb7aa33.jpg,RFA,practo,,1.0,canonical,343,Q3,,Premium,0.255358
hosp_174f0e19ab792932,Shanti Nursing Home,shanti nursing home,Delhi NCR,Hospital,Uttam Nagar,,28.6146194,77.0591163,873da112effffff,,1.0,1.0,True,,600.0,600.0,,3.0,2005.0,+912071171227,https://www.practo.com/delhi/hospital/shanti-nursing-home-uttam-nagar?referrer=hospital_listing,,VN,practo,,1.0,canonical,344,Q3,,Premium,0.255327
hosp_a55ba51929950925,"Max Multi Speciality Centre , Noida.",max multi speciality centre noida,Delhi NCR,Hospital,Sector 19,,28.574271038569,77.322936058044,873da1060ffffff,,7.0,8.0,True,,0.0,0.0,,,,+911140848700,https://www.practo.com/noida/hospital/max-multi-speciality-centre-noida-sector-19?referrer=hospital_listing,https://images1-fabric.practo.com/practices/1259546/max-multi-speciality-centre-noida-noida-5d0a21069635b.jpg,VN,practo,,1.0,canonical,345,Q3,,Premium,0.255214
hosp_0d674e6ea4c823eb,Bhanot Hospital,bhanot hospital,Delhi NCR,Hospital,Housing Board Colony,,28.456265,77.037193,873da11aeffffff,,4.0,5.0,True,,0.0,700.0,,5.0,2017.0,+911161262033,https://www.practo.com/gurgaon/hospital/bhanot-hospital-housing-board-colony?referrer=hospital_listing,https://images1-fabric.practo.com/practices/1161168/bhanot-hospital-gurgaon-59df311315694.jpg,VN,practo,,1.0,canonical,346,Q3,,Premium,0.255141
hosp_39765f29a69432a6,Aarogya Hospital,aarogya hospital,Delhi NCR,Hospital,Vaishali,,28.648186342317608,77.35162398773353,873da1a94ffffff,,6.0,8.0,True,,0.0,1000.0,,,,+911161262759,https://www.practo.com/ghaziabad/hospital/aarogya-hospital-12-vaishali-1?referrer=hospital_listing,https://images1-fabric.practo.com/practices/1232201/aarogya-hospital-ghaziabad-6658389b4d969.png,VN,practo,,1.0,canonical,347,Q3,,Premium,0.254492
hosp_8f71b5fca9da2796,Agarwal Nursing Home,agarwal nursing home,Delhi NCR,Hospital,Tri Nagar,,28.6771116,77.1609233,873da1164ffffff,,1.0,2.0,True,,700.0,700.0,4.5,12.0,,+911140036743,https://www.practo.com/delhi/hospital/aggarwal-nursing-home-tri-nagar?referrer=hospital_listing,https://images1-fabric.practo.com/practices/681334/agarwal-nursing-home-delhi-666985bd56ec2.png,VN,practo,,1.0,canonical,348,Q3,,Premium,0.25412
hosp_2403aa70f6b7f826,Doctors Plaza,doctors plaza,Delhi NCR,Hospital,Shakti Nagar,,28.98164409,77.1329874,873d1249cffffff,,7.0,7.0,True,4.0,400.0,800.0,,2.0,,+911141168518,https://www.practo.com/delhi/hospital/doctors-plaza-5-shakti-nagar?referrer=hospital_listing,https://images1-fabric.practo.com/practices/1434806/doctors-plaza-delhi-650eb8277d827.jpg,VN,practo,,1.0,canonical,349,Q3,,Premium,0.253429
hosp_f97525b8481ac19f,Umang Super Speciality Hospital,umang super speciality hospital,Delhi NCR,Hospital,Pataudi,,28.445374,76.990746,873da11a0ffffff,,7.0,7.0,True,,1000.0,1500.0,,2.0,,+911141169533,https://www.practo.com/gurgaon/hospital/umang-hospital-heart-centre-gurgaon-sector-101?referrer=hospital_listing,https://images1-fabric.practo.com/practices/1557304/umang-hospital-heart-centre-gurgaon-674ac95035d5e.png,VN,practo,,1.0,canonical,350,Q3,,Premium,0.253429
hosp_e29f2d9c58ddd5a6,Kailash Hospital,kailash hospital,Delhi NCR,Hospital,Sector 27,,28.5776379,77.2492499,873da1158ffffff,,7.0,7.0,True,,0.0,1200.0,,,,+911141168288,https://www.practo.com/noida/hospital/kailash-hospital-5-sector-27-3?referrer=hospital_listing,,VN,practo,,1.0,canonical,351,Q3,,Premium,0.253327
hosp_6f291f38f2bb68b7,Clove Dental,clove dental,Delhi NCR,Hospital,Janakpuri,,28.62198,77.084733,873da1128ffffff,,1.0,1.0,False,73.0,500.0,500.0,5.0,31.0,,+911141194669,https://www.practo.com/delhi/hospital/clove-dental-janak-puri?referrer=hospital_listing,https://images1-fabric.practo.com/clove-dental-delhi-1489562882-58c8ed0253f7f.png,VN,practo,,1.0,canonical,352,Q3,,Premium,0.253239
hosp_290fcf728bcddba8,Saaol Heart Center,saaol heart center,Delhi NCR,Hospital,Chattarpur,,28.483906,77.168647,873da1004ffffff,,2.0,1.0,True,2.0,200.0,1000.0,,9.0,2009.0,+912071173188,https://www.practo.com/delhi/hospital/saaol-heart-center-chattarpur?referrer=hospital_listing,https://images1-fabric.practo.com/saaol-heart-center-delhi-1467101556-5772317466ef1.jpg,VN,practo,,1.0,canonical,353,Q3,,Premium,0.25302
hosp_b9efe351f3c02925,Amrita hospital ,amrita hospital,Delhi NCR,Hospital,RPS Green valley,,28.42595805461054,77.35404968261719,873da10eeffffff,,6.0,7.0,True,,0.0,400.0,,,,+911161191399,https://www.practo.com/faridabad/hospital/amrita-hospital-rps-green-valley?referrer=hospital_listing,https://images1-fabric.practo.com/practices/1454179/amrita-hospital-faridabad-6655cb238144a.png,VN,practo,,1.0,canonical,354,Q3,,Premium,0.252605
hosp_343439b548bcb822,J S Hospital,j s hospital,Delhi NCR,Hospital,Sector 135,,28.512633,77.376365,873da1042ffffff,,8.0,8.0,True,,400.0,800.0,4.0,10.0,,+911140848840,https://www.practo.com/noida/hospital/js-hospital-sector-135?referrer=hospital_listing,https://images1-fabric.practo.com/practices/678706/j-s-hospital-noida-5b176b5e9b4cf.png,VN,practo,,1.0,canonical,355,Q3,,Premium,0.252601
hosp_743ae0e7c4496aa6,Aashlok Hospital,aashlok hospital,Delhi NCR,Hospital,Safdarjung Enclave,,28.566525836023715,77.19897508621216,873da1150ffffff,,48.0,21.0,True,,0.0,2500.0,3.5,169.0,1995.0,+918047284359,https://www.practo.com/delhi/hospital/aashlok-hospital-safdarjung-enclave-1-1?referrer=hospital_listing,https://images1-fabric.practo.com/practices/777584/aashlok-hospital-delhi-637c936f7266a.PNG,ABS,practo,,1.0,canonical,356,Q3,,Premium,0.252555
hosp_e1922b1dfe019b53,Pragati Eye Centre,pragati eye centre,Delhi NCR,Hospital,Lajpat Nagar,,28.564457460513093,77.2358001016255,873da115effffff,,1.0,1.0,True,1.0,600.0,600.0,4.5,12.0,,+911140036727,https://www.practo.com/delhi/hospital/pragati-eye-centre-lajpat-nagar-1?referrer=hospital_listing,https://images1-fabric.practo.com/558a6de0808631cc0b9b764d16aaab3b4211dce61d171.jpg,VN,practo,,1.0,canonical,357,Q3,,Premium,0.252233
hosp_5b4fabfdbfa24723,MKW Hospital,mkw hospital,Delhi NCR,Hospital,Rajouri Garden,,28.63898,77.119587,873da18daffffff,,5.0,7.0,True,,0.0,500.0,,4.0,,+911140036736,https://www.practo.com/delhi/hospital/mkw-hospital-rajouri-garden?referrer=hospital_listing,https://images1-fabric.practo.com/practices/678227/mkw-hospital-delhi-665856428ff53.png,VN,practo,,1.0,canonical,358,Q3,,Premium,0.252086
hosp_2013b3c921e483ff,VPS Rockland Hospital,vps rockland hospital,Delhi NCR,Hospital,Qutab Institutional Area,,28.4972608,77.1842679,873da1023ffffff,,5.0,7.0,True,,0.0,1000.0,,3.0,,+911161262025,https://www.practo.com/delhi/hospital/vps-rockland-hospital-qutab-delhi-110016-qutab-institutional-area?referrer=hospital_listing,,VN,practo,,1.0,canonical,359,Q3,,Premium,0.252036
hosp_9ab6c8dece471503,Manchanda Hospital,manchanda hospital,Delhi NCR,Hospital,Chattarpur,,28.49426519798676,77.18397449702024,873da1004ffffff,,5.0,7.0,True,,300.0,1000.0,,2.0,,+914446310179,https://www.practo.com/delhi/hospital/manchanda-hospital-chattarpur-1?referrer=hospital_listing,https://images1-fabric.practo.com/practices/1189324/manchanda-hospital-delhi-5afae0f17d4b9.jpeg,VN,practo,,1.0,canonical,360,Q3,,Premium,0.251985
hosp_62bc162d7abb71fd,RLKC Hospital & Metro Heart Institute,rlkc hospital metro heart institute,Delhi NCR,Hospital,Pandav Nagar,,28.651828,77.151514,873da1175ffffff,,19.0,15.0,True,9.0,0.0,1200.0,3.5,29.0,2006.0,+917948501275,https://www.practo.com/delhi/hospital/rlkc-hospital-metro-heart-institute-pandav-nagar?referrer=hospital_listing,https://images1-fabric.practo.com/practices/759219/rlkc-hospital-metro-heart-institute-delhi-5b20d1289dacd.png,ABS,practo,,1.0,canonical,361,Q3,,Premium,0.25184
hosp_c17f50e9dde18351,Massh- Manas Superspeciality Hospital,massh manas superspeciality hospital,Delhi NCR,Hospital,Sector 34,,28.586569647967,77.361575284788,873da1061ffffff,,11.0,9.0,True,,500.0,1000.0,4.0,200.0,,+911140844821,https://www.practo.com/noida/hospital/massh-manas-superspeciality-hospital-sector-34?referrer=hospital_listing,https://images1-fabric.practo.com/practices/682188/massh-manas-superspeciality-hospital-noida-685536e11d90f.png,VN,practo,,1.0,canonical,362,Q3,,Premium,0.251696
hosp_e23ab3dede2ed969,Shree Jeewan Hospital,shree jeewan hospital,Delhi NCR,Hospital,Karol Bagh,,28.65804,77.19447,873da1163ffffff,,8.0,8.0,True,,0.0,900.0,4.0,18.0,,+911140036726,https://www.practo.com/delhi/hospital/shree-jeewan-hospital-karol-bagh-2?referrer=hospital_listing,https://images1-fabric.practo.com/shree-jeewan-hospital-delhi-1484905206-5881daf6a979d.png,VN,practo,,1.0,canonical,363,Q3,,Premium,0.250747
hosp_16e025e27d691de1,Gaudium Women Hospital,gaudium women hospital,Delhi NCR,Hospital,Janakpuri,,28.6313063,77.0910678,873da112dffffff,,5.0,6.0,True,,500.0,1000.0,,8.0,,+914448132961,https://www.practo.com/delhi/hospital/gaudium-women-hospital-janakpuri?referrer=hospital_listing,https://images1-fabric.practo.com/practices/1257819/gaudium-women-hospital-delhi-64e0aa8c50708.png,VN,practo,,1.0,canonical,364,Q3,,Premium,0.250403
hosp_f6caf77bb87983af,City Hospital & Trauma Centre,city hospital trauma centre,Delhi NCR,Hospital,Loni,,28.7041511,77.2917625,873da1b9affffff,,33.0,22.0,False,,0.0,500.0,,,,+911143078632,https://www.practo.com/delhi/hospital/city-hospital-trauma-centre-loni?referrer=hospital_listing,,VN,practo,,1.0,canonical,365,Q3,,Premium,0.250402
hosp_fb470cdc69375b52,Lotus Hospital ,lotus hospital,Delhi NCR,Hospital,Hari Nagar,,28.627056,77.110043,873da1129ffffff,,5.0,6.0,True,,0.0,700.0,,7.0,,+911140036716,https://www.practo.com/delhi/hospital/lotus-hospital-hari-nagar?referrer=hospital_listing,https://images1-fabric.practo.com/practices/679621/lotus-hospital-delhi-664c8ac9e0107.png,VN,practo,,1.0,canonical,366,Q3,,Premium,0.250352
hosp_7d103bf488a47568,Malik Radix Health Care,malik radix health care,Delhi NCR,Hospital,Nirman Vihar,,28.635460978549,77.288271993774,873da1148ffffff,,7.0,10.0,True,,400.0,1000.0,4.0,45.0,,+914471967084,https://www.practo.com/delhi/hospital/malik-radix-health-care-nirman-vihar?referrer=hospital_listing,https://images1-fabric.practo.com/practices/1272189/malik-radix-health-care-delhi-63ad78bbcf3d4.png,VN,practo,,1.0,canonical,367,Q3,,Premium,0.250351
hosp_4711f3606553e366,Jaipur Golden Hospital,jaipur golden hospital,Delhi NCR,Hospital,Rohini Sector 3,,28.699889,77.173743,873da18cbffffff,,41.0,30.0,True,,0.0,2000.0,3.5,89.0,,+911140849486,https://www.practo.com/delhi/hospital/jaipur-golden-hospital-rohini-sector-3?referrer=hospital_listing,https://images1-fabric.practo.com/5587ed9c5a4cf5739b9d0d89c6d2c93f57b8d9819682a.gif,VN,practo,,1.0,canonical,368,Q3,,Premium,0.250118
hosp_97c6baf4a6e0b822,ASHA HOSPITAL,asha hospital,Delhi NCR,Hospital,Palwal,,28.143686,77.335574,873da17adffffff,,22.0,26.0,False,,0.0,0.0,,,,+911141190721,https://www.practo.com/faridabad/hospital/asha-hospital-3-palwal?referrer=hospital_listing,,VN,practo,,1.0,canonical,369,Q3,,Premium,0.250007
hosp_32d10cd141f93443,Jivan Hospital,jivan hospital,Delhi NCR,Hospital,Bawana,,28.8053735,77.0531943,873da1856ffffff,,5.0,6.0,True,,0.0,0.0,,,,+911161262798,https://www.practo.com/delhi/hospital/jivan-hospital-1-bawana?referrer=hospital_listing,,VN,practo,,1.0,canonical,370,Q3,,Premium,0.249996
hosp_eafbd6248ce0c1e2,ICARE Eye Hospital,icare eye hospital,Delhi NCR,Hospital,Sector 63,,28.629947,77.375569,873da1a93ffffff,,15.0,2.0,True,,0.0,750.0,,3.0,,+911140849612,https://www.practo.com/noida/hospital/icare-eye-hospital-postgraduate-institute-sector-63?referrer=hospital_listing,https://images1-fabric.practo.com/practices/1109339/icare-eye-hospital-noida-5a19534a9f719.jpg,VN,practo,,1.0,canonical,371,Q3,,Premium,0.249822
hosp_cf4c4225cdc81af0,Kamal Hospital,kamal hospital,Delhi NCR,Hospital,Kaushambi,,28.6446903,77.3258374,873da1a94ffffff,,4.0,6.0,True,,300.0,1000.0,,2.0,,+918037309351,https://www.practo.com/ghaziabad/hospital/kamal-hospital-kaushambi-1?referrer=hospital_listing,,VN,practo,,1.0,canonical,372,Q3,,Premium,0.249376
hosp_dd6ae3a5d114b28d,Saket City Hospital,saket city hospital,Delhi NCR,Hospital,Saket,,28.527357667874334,77.21458554267883,873da102cffffff,,4.0,6.0,True,,0.0,700.0,,,,+917971262940,https://www.practo.com/delhi/hospital/saket-city-hospital-saket-1?referrer=hospital_listing,https://images1-fabric.practo.com/5456671bbcc64230412ffdd194ddac551180c35f7d08a.jpg,VN,practo,,1.0,canonical,373,Q3,,Premium,0.249274
hosp_5d8c15cfdcf3b685,Santom Hospital,santom hospital,Delhi NCR,Hospital,Rohini,,28.71399616200234,77.13840133232536,873da18c8ffffff,,23.0,18.0,True,,0.0,800.0,3.5,73.0,1990.0,+911140036737,https://www.practo.com/delhi/hospital/santom-hospital-rohini-1?referrer=hospital_listing,https://images1-fabric.practo.com/santom-hospital-delhi-1480919650-58450a62864f6.jpg,VN,practo,,1.0,canonical,374,Q3,,Premium,0.249198
hosp_2394d03ff2aedabb,Apex Citi Hospital ,apex citi hospital,Delhi NCR,Hospital,IP Extension,,28.619556,77.302221,873da114bffffff,,6.0,5.0,True,,0.0,500.0,,6.0,,+911140036716,https://www.practo.com/delhi/hospital/apex-citi-hospital-ip-extension?referrer=hospital_listing,,VN,practo,,1.0,canonical,375,Q3,,Premium,0.249136
hosp_10fd53aed28d756f,Doctors Plaza,doctors plaza,Delhi NCR,Hospital,New Rajendra Nagar,,28.61236118,77.0230599,873da1120ffffff,,6.0,8.0,True,4.0,0.0,1000.0,4.0,19.0,,+911142213879,https://www.practo.com/delhi/hospital/doctors-plaza-5-new-rajendra-nagar?referrer=hospital_listing,https://images1-fabric.practo.com/practices/1434808/doctors-plaza-delhi-64e722de350a5.PNG,VN,practo,,1.0,canonical,376,Q3,,Premium,0.249108
hosp_5da47ae4500a6932,Smt Sucheta Kriplani Hospital,smt sucheta kriplani hospital,Delhi NCR,Hospital,Connaught Place,,28.5974805,77.1230544,873da110dffffff,,6.0,5.0,True,,0.0,300.0,,3.0,,+911140036706,https://www.practo.com/delhi/hospital/smt-sucheta-kriplani-hospital-connaught-place-687830?referrer=hospital_listing,,VN,practo,,1.0,canonical,377,Q3,,Premium,0.248984
hosp_bfc0ab57c85b4ece,Asian Samra Multispeciality Hospital,asian samra multispeciality hospital,Delhi NCR,Hospital,Yamuna Vihar,,28.701797744491824,77.27874130010605,873da1b9affffff,,3.0,6.0,True,,400.0,400.0,,8.0,,+914446270809,https://www.practo.com/delhi/hospital/asian-multi-speciality-hospital-yamuna-vihar?referrer=hospital_listing,https://images1-fabric.practo.com/practices/1171868/asian-multi-speciality-hospital-delhi-5c41b92c4cab2.jpeg,VN,practo,,1.0,canonical,378,Q3,,Premium,0.248959
hosp_8f750384f7c02a79,Khandelwal Hospital & Urology Centre,khandelwal hospital urology centre,Delhi NCR,Hospital,East Krishna Nagar,,28.659612722113405,77.28839457035065,873da114dffffff,,5.0,5.0,True,,300.0,1200.0,,8.0,,+911141169524,https://www.practo.com/delhi/hospital/khandelwal-hospital-urology-centre-east-krishna-nagar?referrer=hospital_listing,https://images1-fabric.practo.com/practices/1472201/khandelwal-hospital-urology-centre-delhi-670e4267acfaa.png,active,practo,,1.0,canonical,379,Q3,,Premium,0.248516
hosp_a00f3a3c600a42ee,Muskan Multispeciality Hospital,muskan multispeciality hospital,Delhi NCR,Hospital,Shahdara,,28.6773193,77.2740628,873da1169ffffff,,1.0,1.0,True,,100.0,100.0,,,2013.0,+911140036741,https://www.practo.com/delhi/hospital/muskan-multispeciality-hospital-shahdara?referrer=hospital_listing,https://images1-fabric.practo.com/practices/706167/muskan-multispeciality-hospital-delhi-6673eb7f78631.png,VN,practo,,1.0,canonical,380,Q3,,Premium,0.248508
hosp_e8c2b8985bdd8c71,Umkal Hospital & Metro Heart Institutes,umkal hospital metro heart institutes,Delhi NCR,Hospital,Palam Vihar,,28.514976,77.035863,873da1111ffffff,,5.0,5.0,True,,200.0,800.0,,7.0,,+911140787307,https://www.practo.com/gurgaon/hospital/umkal-hospital-and-metro-heart-institutes-palam-vihar?referrer=hospital_listing,,VN,practo,,1.0,canonical,381,Q3,,Premium,0.248465
hosp_c948132d7d7c0971,Kosmos Superspeciality Hospital,kosmos superspeciality hospital,Delhi NCR,Hospital,Anand Vihar,,28.6551975,77.3103989,873da1ab2ffffff,,5.0,5.0,True,,0.0,500.0,,5.0,,+911161260176,https://www.practo.com/delhi/hospital/kosmos-superspeciality-hospital-anand-vihar-1?referrer=hospital_listing,https://images1-fabric.practo.com/kosmos-superspeciality-hospital-delhi-1479750817-583334a14aa04.png,VN,practo,,1.0,canonical,382,Q3,,Premium,0.248363
hosp_8b966e93ad523cd6,Sandhyashi Hospital,sandhyashi hospital,Delhi NCR,Hospital,Bawana,,28.7876007,77.0569238,873da1852ffffff,,5.0,5.0,True,,0.0,1000.0,,5.0,,+914448134920,https://www.practo.com/delhi/hospital/sandhyashi-hospital-bawana?referrer=hospital_listing,https://images1-fabric.practo.com/practices/1261693/sandhyashi-hospital-delhi-5d2c3557a1dd0.png,VN,practo,,1.0,canonical,383,Q3,,Premium,0.248363
hosp_a768c5c790643759,Balram Hospital,balram hospital,Delhi NCR,Hospital,Azadpur,,28.7138112,77.1777532,873da1b96ffffff,,5.0,5.0,True,,0.0,0.0,,,,+911142213464,https://www.practo.com/delhi/hospital/balram-hospital-1-azadpur?referrer=hospital_listing,,VN,practo,,1.0,canonical,384,Q3,,Premium,0.24811
hosp_d468cd778a66fc46,Ananta Hospital,ananta hospital,Delhi NCR,Hospital,Gurgaon Sector 70,,28.384831065981,77.026605606079,873da1182ffffff,,5.0,8.0,False,,500.0,1000.0,5.0,17.0,,+911141169660,https://www.practo.com/gurgaon/hospital/ananta-hospital-gurgaon-sector-70-1?referrer=hospital_listing,https://images1-fabric.practo.com/practices/1348289/ananta-hospital-gurgaon-6784f181499e6.png,VN,practo,,1.0,canonical,385,Q3,,Premium,0.247057
hosp_afd3ccd8912ac225,BNCHY Wellness Medispa,bnchy wellness medispa,Delhi NCR,Hospital,Mayur Vihar Ph-I,,28.612931985074,77.28837646544,873da114affffff,,6.0,4.0,True,1.0,0.0,500.0,,,,+911141168757,https://www.practo.com/delhi/hospital/bnchy-wellness-medispa-mayur-vihar-ph-i?referrer=hospital_listing,https://images1-fabric.practo.com/practices/1167777/bnchy-wellness-medispa-delhi-5a1291700de8e.png,VN,practo,,1.0,canonical,386,Q3,,Premium,0.246945
hosp_17e35bb03cb33c98,Behl Hospital ,behl hospital,Delhi NCR,Hospital,Naraina Vihar,,28.62377056436599,77.1366683234946,873da1174ffffff,,3.0,5.0,True,,300.0,500.0,,4.0,,+911140036730,https://www.practo.com/delhi/hospital/behl-hospital-naraina-vihar?referrer=hospital_listing,https://images1-fabric.practo.com/practices/678238/behl-hospital-delhi-666bf56035f94.png,VN,practo,,1.0,canonical,387,Q3,,Premium,0.246869
hosp_038e53f66f268e0c,Surbhi Hospital,surbhi hospital,Delhi NCR,Hospital,Sector 35,,28.579132699232943,77.3612380027771,873da106effffff,,13.0,13.0,True,,0.0,1000.0,3.5,12.0,,+911140849610,https://www.practo.com/noida/hospital/surbhi-hospital-noida?referrer=hospital_listing,https://images1-fabric.practo.com/practices/678545/surbhi-hospital-noida-6655afa1d17e2.png,VN,practo,,1.0,canonical,388,Q3,,Premium,0.246715
hosp_5d1d3af9251d3f24,Rosewood Hospital,rosewood hospital,Delhi NCR,Hospital,Najafgarh,,28.610162887233,76.992573738098,873da1126ffffff,,5.0,4.0,True,,100.0,300.0,,9.0,,+911161262605,https://www.practo.com/delhi/hospital/rosewood-hospital-najafgarh?referrer=hospital_listing,https://images1-fabric.practo.com/practices/1024561/rosewood-hospital-delhi-5b03ac90926eb.jpg,VN,practo,,1.0,canonical,389,Q3,,Premium,0.24668
hosp_4fdde3599532252b,Sidhanta A Multi Speciality Healthcare Centre,sidhanta multi speciality healthcare centre,Delhi NCR,Hospital,Gurgaon Sector 12,,28.469153438894,77.024296810851,873da11a1ffffff,,5.0,4.0,True,,0.0,600.0,,4.0,,+911140036757,https://www.practo.com/gurgaon/hospital/sidhanta-healthcare-jacobpura?referrer=hospital_listing,https://images1-fabric.practo.com/sidhanta-healthcare-gurgaon-1481876854-5853a57671109.jpg,VN,practo,,1.0,canonical,390,Q3,,Premium,0.246426
hosp_0c0402c5ddb46c24,Dr. Baba Saheb Ambedkar Hospital,dr baba saheb ambedkar hospital,Delhi NCR,Hospital,Rohini West,,28.716363,77.113598,873da18ceffffff,,5.0,4.0,True,,0.0,500.0,,,,+911140844822,https://www.practo.com/delhi/hospital/ambedkar-hospital-residential-complex-rohini-west?referrer=hospital_listing,https://images1-fabric.practo.com/practices/1567319/ambedkar-hospital-residential-complex-delhi-6800c7fff2955.png,VN,practo,,1.0,canonical,391,Q3,,Premium,0.246223
hosp_326339fc179dfd8c,Lotus Hospital and Maternity Centre,lotus hospital maternity centre,Delhi NCR,Hospital,Burari,,28.74182364095586,77.19768527895214,873da1b94ffffff,,2.0,5.0,True,,500.0,600.0,,4.0,,+914448132960,https://www.practo.com/delhi/hospital/lotus-hospital-and-maternity-centre-burari?referrer=hospital_listing,,VN,practo,,1.0,canonical,392,Q3,,Premium,0.246147
hosp_8c464de7096558a9,SRG Hospital ,srg hospital,Delhi NCR,Hospital,Nangloi,,28.6496109,77.0296043,873da18d6ffffff,,4.0,4.0,True,,0.0,500.0,,,,+918037311710,https://www.practo.com/delhi/hospital/srg-hospital-nangloi?referrer=hospital_listing,https://images1-fabric.practo.com/practices/678391/srg-hospital-delhi-6669430519170.png,VN,practo,,1.0,canonical,393,Q3,,Premium,0.245501
hosp_4bb788b4aab4b3df,Ashwini Hospital ,ashwini hospital,Delhi NCR,Hospital,"G Motors, Sector-11",,28.3689852,77.3232513,873da10c6ffffff,,4.0,4.0,True,,200.0,500.0,,,,+911140036751,https://www.practo.com/faridabad/hospital/ashwini-hospital-g-motors-sector-11?referrer=hospital_listing,https://images1-fabric.practo.com/practices/677234/ashwini-hospital-faridabad-66571a74d1b55.png,VN,practo,,1.0,canonical,394,Q3,,Premium,0.245501
hosp_3cb9c24de8c326e5,QI Spine Clinic,qi spine clinic,Delhi NCR,Hospital,Dwarka,,28.596631874852726,77.0397175848484,873da1123ffffff,,4.0,1.0,True,4.0,0.0,500.0,4.0,44.0,2009.0,+914448132962,https://www.practo.com/delhi/hospital/qi-spine-clinic-dwarka?referrer=hospital_listing,https://images1-fabric.practo.com/practices/1124806/qi-spine-clinic-delhi-59a42c492433c.jpeg,VN,practo,,1.0,canonical,395,Q3,,Premium,0.245448
hosp_571b332eb65ba468,Pannalal Shyamlal Hospital,pannalal shyamlal hospital,Delhi NCR,Hospital,Nehru Nagar,,28.6680353,77.4324757,873da1a9dffffff,,1.0,5.0,True,,250.0,400.0,,2.0,,+911140849621,https://www.practo.com/ghaziabad/hospital/panna-lal-shyam-lal-hospital-nehru-nagar?referrer=hospital_listing,,VN,practo,,1.0,canonical,396,Q3,,Premium,0.245323
hosp_9e9ce7ad16c80e59,Guru Teg Bahadur Hospital,guru teg bahadur hospital,Delhi NCR,Hospital,Shahdara,,28.6849566,77.3106,873da1ab0ffffff,,6.0,3.0,True,,0.0,300.0,,,,+911140036741,https://www.practo.com/delhi/hospital/guru-teg-bahadur-hospital-shahdara-1?referrer=hospital_listing,https://images1-fabric.practo.com/practices/605895/guru-teg-bahadur-hospital-delhi-6654836e92a75.png,VN,practo,,1.0,canonical,397,Q3,,Premium,0.245058
hosp_30cd7a06ebf8c227,Jain Eye Hospital And Laser Centre (formerly Drishticone Eye Care),jain eye hospital laser centre formerly drishticone eye care,Delhi NCR,Hospital,Shalimar Bagh,,28.7019357,77.1628365,873da18cbffffff,,3.0,1.0,True,,600.0,700.0,4.0,52.0,2008.0,+911142213998,https://www.practo.com/delhi/hospital/drishticone-eye-care-shalimar-bagh?referrer=hospital_listing,https://images1-fabric.practo.com/53d253570d26796d6f2e7e1f705ab5e59c84a6dc009b2.png,VN,practo,,1.0,canonical,398,Q3,,Premium,0.245004
hosp_36ce383035e39a76,Satyog Ayurveda,satyog ayurveda,Delhi NCR,Hospital,Rohini,,28.73205,77.10771,873da18c1ffffff,,1.0,1.0,False,,400.0,400.0,4.5,122.0,,+912071173180,https://www.practo.com/delhi/hospital/satyog-ayurveda-rohini?referrer=hospital_listing,https://images1-fabric.practo.com/54b8ce2ad0bb0c3ab34b45bb583ccecc1ba5995cc55a2.jpg,VN,practo,,1.0,canonical,399,Q3,,Premium,0.244988
hosp_0dfe81becf5fc437,Dashmesh Hospital,dashmesh hospital,Delhi NCR,Hospital,Janakpuri,,28.630380801919944,77.09885559976102,873da112dffffff,,3.0,4.0,True,,0.0,700.0,,3.0,,+911140844821,https://www.practo.com/delhi/hospital/dashmesh-hospital-janak-puri?referrer=hospital_listing,https://images1-fabric.practo.com/practices/1180390/dashmesh-hospital-delhi-666adb73d4c4f.png,VN,practo,,1.0,canonical,400,Q3,,Premium,0.244931
hosp_aa41e19ae770ae4d,Jeevan Jyoti Hospital,jeevan jyoti hospital,Delhi NCR,Hospital,Okhla,,28.5206316,77.2838756,873da1076ffffff,,3.0,4.0,True,,0.0,350.0,,,,+911140036731,https://www.practo.com/delhi/hospital/jeevan-jyoti-hospital-okhla?referrer=hospital_listing,https://images1-fabric.practo.com/practices/677241/jeevan-jyoti-hospital-delhi-665458f6761f7.png,VN,practo,,1.0,canonical,401,Q3,,Premium,0.244779
hosp_41c4136db6a7f17d,Jankidas Kapur Memorial Hospital,jankidas kapur memorial hospital,Delhi NCR,Hospital,Patel Nagar,,28.648700879974268,77.15121969580652,873da1175ffffff,,3.0,4.0,True,,0.0,400.0,,,,+912071173203,https://www.practo.com/delhi/hospital/jankidas-kapur-memorial-hospital-naraina-vihar?referrer=hospital_listing,,VN,practo,,1.0,canonical,402,Q3,,Premium,0.244779
hosp_397a8beea0dbb773,Eves Hospital,eves hospital,Delhi NCR,Hospital,Meerut Road,,28.981598,77.708881,873dacd22ffffff,,3.0,4.0,True,,300.0,1000.0,,,,+911161266300,https://www.practo.com/ghaziabad/hospital/eves-hospital-meerut-road?referrer=hospital_listing,,VN,practo,,1.0,canonical,403,Q3,,Premium,0.244779
hosp_68a365e7ce71cf5e,RG Stone Urology & Laparoscopy Hospital,rg stone urology laparoscopy hospital,Delhi NCR,Hospital,New Industrial Town,,28.3879881,77.3060549,873da10f1ffffff,,3.0,4.0,True,,500.0,500.0,,,,+914471967006,https://www.practo.com/faridabad/hospital/rg-stone-urology-and-laparoscopy-hospital-new-industrial-town?referrer=hospital_listing,https://images1-fabric.practo.com/practices/1183879/rg-stone-urology-laparoscopy-hospital-faridabad-5adf0025aea5a.png,VN,practo,,1.0,canonical,404,Q3,,Premium,0.244779
hosp_cdfc211b189562c8,Amar Leela Hospital Pvt. Ltd,amar leela hospital,Delhi NCR,Hospital,Janakpuri,,28.6546334,77.0384207,873da18d0ffffff,,5.0,3.0,True,,0.0,700.0,,7.0,,+911140036723,https://www.practo.com/delhi/hospital/amar-leela-hospital-pvt-ltd-janak-puri-1?referrer=hospital_listing,https://images1-fabric.practo.com/practices/687377/amar-leela-hospital-pvt-ltd-delhi-66640f0b473d1.png,VN,practo,,1.0,canonical,405,Q3,,Premium,0.244691
hosp_a68f5429e8c50de6,Mediwin Hospital,mediwin hospital,Delhi NCR,Hospital,Raj Nagar,,28.680686179065,77.451902031898,873da1a8affffff,,2.0,4.0,True,,500.0,800.0,,9.0,,+911140844811,https://www.practo.com/ghaziabad/hospital/mediwin-hospital-raj-nagar-1?referrer=hospital_listing,https://images1-fabric.practo.com/practices/1191721/mediwin-hospital-ghaziabad-5b062c4ca5ece.jpeg,VN,practo,,1.0,canonical,406,Q3,,Premium,0.244514
hosp_b09bd5d8b40fd862,Ram Manohar Lohia Hospital,ram manohar lohia hospital,Delhi NCR,Hospital,Connaught Place,,28.62583916644658,77.20271682349686,873da1144ffffff,,5.0,3.0,True,,0.0,300.0,,,,+911140036706,https://www.practo.com/delhi/hospital/ram-manohar-lohia-hospital-connaught-place?referrer=hospital_listing,https://images1-fabric.practo.com/practices/660663/ram-manohar-lohia-hospital-delhi-67a1acd4eb6be.png,VN,practo,,1.0,canonical,407,Q3,,Premium,0.244336
hosp_3f96dc88bd7c3ef6,I.T.S Dental Hospital,i t s dental hospital,Delhi NCR,Hospital,Murad Nagar,,28.752532219725,77.495209649205,873da1af0ffffff,,10.0,1.0,True,,20.0,200.0,,2.0,,+911161260803,https://www.practo.com/ghaziabad/hospital/i-t-s-dental-hospital-murad-nagar?referrer=hospital_listing,https://images1-fabric.practo.com/practices/1147834/its-dental-college-ghaziabad-59536ef9bdcf2.png,VN,practo,,1.0,canonical,408,Q3,,Premium,0.244274
hosp_2bfe069cd9b9981e,Nulife Hospitals,nulife hospitals,Delhi NCR,Hospital,Kalkaji,,28.54608594094191,77.25258439779282,873da115affffff,,6.0,7.0,True,1.0,1000.0,1500.0,4.0,42.0,,+918047284335,https://www.practo.com/delhi/hospital/nulife-hospitals-kalkaji?referrer=hospital_listing,https://images1-fabric.practo.com/practices/1455974/nulife-hospitals-delhi-660be38ce9f63.jpg,ABS,practo,,1.0,canonical,409,Q3,,Premium,0.244212
hosp_d147bb6b34d80c42,Pentamed Hospital,pentamed hospital,Delhi NCR,Hospital,Model Town,,28.699321258107,77.191812917591,873da1165ffffff,,2.0,4.0,True,,0.0,600.0,,3.0,,+918047111096,https://www.practo.com/delhi/hospital/pentamed-hospital-model-town?referrer=hospital_listing,https://images1-fabric.practo.com/pentamed-hospital-delhi-1485235638-5886e5b6b0c10.jpg,VN,practo,,1.0,canonical,410,Q3,,Premium,0.244209
hosp_56f54dbf831a9ce0,The Sight Avenue,sight avenue,Delhi NCR,Hospital,Greater Kailash Part 1,,28.5509044,77.2454643,873da115affffff,,11.0,1.0,False,,1000.0,1200.0,4.5,82.0,,+918047284320,https://www.practo.com/delhi/hospital/thesightavenue-greater-kailash-1?referrer=hospital_listing,https://images1-fabric.practo.com/practices/771236/the-sight-avenue-delhi-5ed0f9d8bfbe3.png,ABS,practo,,1.0,canonical,411,Q3,,Premium,0.243829
hosp_3b539cdc491559ea,Ganesh Hospital ,ganesh hospital,Delhi NCR,Hospital,Nehru Nagar,,28.668564,77.439832,873da1a9dffffff,,4.0,3.0,True,,0.0,400.0,,2.0,,+911140849621,https://www.practo.com/ghaziabad/hospital/ganesh-hospital-nehru-nagar?referrer=hospital_listing,,VN,practo,,1.0,canonical,412,Q3,,Premium,0.243716
hosp_0fbd0113ad1f3388,SMH Cancer Centre,smh cancer centre,Delhi NCR,Hospital,Karkardooma,,28.645703514027513,77.30145692825317,873da114dffffff,,4.0,3.0,True,,0.0,1000.0,,,,+912071177420,https://www.practo.com/delhi/hospital/hcg-smh-curie-cancer-centre-karkardooma?referrer=hospital_listing,https://images1-fabric.practo.com/practices/1110793/smh-cancer-centre-delhi-5977111c04017.jpg,VN,practo,,1.0,canonical,413,Q3,,Premium,0.243614
hosp_2b72213d54a16bdb,St Joseph Hospital ,st joseph hospital,Delhi NCR,Hospital,Meerut Road,,28.6824389,77.4134918,873da1a83ffffff,,4.0,3.0,True,,150.0,1000.0,,,,+911140849621,https://www.practo.com/ghaziabad/hospital/st-joseph-hospital-meerut-road?referrer=hospital_listing,https://images1-fabric.practo.com/practices/679673/st-joseph-hospital-ghaziabad-664c85abbb109.png,VN,practo,,1.0,canonical,414,Q3,,Premium,0.243614
hosp_42d597acdc3d9c9e,Jeewan Mala Hospital,jeewan mala hospital,Delhi NCR,Hospital,Karol Bagh,,28.657914882541,77.194322040305,873da1163ffffff,,25.0,14.0,True,,0.0,1500.0,3.5,280.0,1947.0,+918047284015,https://www.practo.com/delhi/hospital/jeewan-mala-hospital-karol-bagh-2?referrer=hospital_listing,https://images1-fabric.practo.com/53c43ec4418bf96d6f2e7e1f705ab5e59c84a6dc009b2.jpg,ABS,practo,,1.0,canonical,415,Q3,,Premium,0.243466
hosp_a4d627db79682a87,J P Memorial Hospital,j p memorial hospital,Delhi NCR,Hospital,Dilshad Garden,,28.684687,77.329931,873da1ab0ffffff,,1.0,4.0,True,,300.0,300.0,,,,+911140036709,https://www.practo.com/delhi/hospital/j-p-memorial-hospital-dilshad-garden?referrer=hospital_listing,,VN,practo,,1.0,canonical,416,Q3,,Premium,0.243335
hosp_2436280388087c6d,Bhaskar Hospital,bhaskar hospital,Delhi NCR,Hospital,Sohna Road,,28.3959067,77.046342,873da1183ffffff,,3.0,3.0,True,,300.0,600.0,,6.0,,+918045686671,https://www.practo.com/gurgaon/hospital/bhaskar-hospital-sohna-road?referrer=hospital_listing,https://images1-fabric.practo.com/practices/1241298/bhaskar-hospital-gurgaon-5c76bc884ce92.jpg,VN,practo,,1.0,canonical,417,Q3,,Premium,0.243197
hosp_679bddb36ba3e873,QI Spine Clinic - Gurgaon Sector 26A,qi spine clinic gurgaon sector 26a,Delhi NCR,Hospital,Gurgaon Sector 26A,,28.47193,77.095165,873da11a9ffffff,,1.0,1.0,False,,0.0,0.0,5.0,16.0,2009.0,+914461712655,https://www.practo.com/gurgaon/hospital/qi-spine-clinic-gurgaon-sector-26a-gurgaon-sector-26a?referrer=hospital_listing,https://images1-fabric.practo.com/practices/1151594/qi-spine-clinic-gurgaon-59a42d184d319.jpeg,VN,practo,,1.0,canonical,418,Q3,,Premium,0.243187
hosp_cc04bbd83875d3df,Central Hospital,central hospital,Delhi NCR,Hospital,Ganesh Nagar,,28.636478,77.090253,873da112dffffff,,3.0,3.0,True,,0.0,500.0,,5.0,,+911140787310,https://www.practo.com/delhi/hospital/central-hospital-tilak-nagar-1?referrer=hospital_listing,,VN,practo,,1.0,canonical,419,Q3,,Premium,0.243146
hosp_7c8b9ee74079cbf2,Arya Hospital ,arya hospital,Delhi NCR,Hospital,Janakpuri,,,,,,3.0,3.0,True,,0.0,400.0,,5.0,,+911140036723,https://www.practo.com/delhi/hospital/arya-hospital-janak-puri?referrer=hospital_listing,,VN,practo,,0.6,canonical,420,Q3,,Premium,0.243146
hosp_7c26ff585337d1ab,"Vibes -  Slimming, Beauty & Laser Clinic",vibes slimming beauty laser clinic,Delhi NCR,Hospital,Pitampura,,28.7026374,77.1335829,873da18caffffff,,3.0,3.0,True,1.0,0.0,2000.0,,4.0,,+911141168288,https://www.practo.com/delhi/hospital/vibes-slimming-beauty-laser-clinic-pitampura?referrer=hospital_listing,https://images1-fabric.practo.com/practices/1186239/vibes-clinic-delhi-5acd9cbce0167.png,VN,practo,,1.0,canonical,421,Q3,,Premium,0.243095
hosp_6839abd5482987bc,World Laparoscopy Hospital,world laparoscopy hospital,Delhi NCR,Hospital,DLF Phase II,,28.494464614617,77.091690596477,873da111affffff,,3.0,3.0,True,,500.0,1000.0,,4.0,,+911161262792,https://www.practo.com/gurgaon/hospital/world-laproscopy-hospital-dlf-phase-ii?referrer=hospital_listing,https://images1-fabric.practo.com/practices/1236844/world-laparoscopy-hospital-gurgaon-5c1bc3c0f1089.jpg,VN,practo,,1.0,canonical,422,Q3,,Premium,0.243095
hosp_c3cd41beb1e957ac,Chinmaya Vision,chinmaya vision,Delhi NCR,Hospital,Paschim Vihar,,28.6699117,77.0927547,873da18dcffffff,,3.0,3.0,True,,1200.0,1200.0,,3.0,,+911141193967,https://www.practo.com/delhi/hospital/chinmaya-vision-paschim-vihar-3?referrer=hospital_listing,https://images1-fabric.practo.com/practices/1475567/chinmaya-vision-delhi-67aed2750c7ca.png,VN,practo,,1.0,canonical,423,Q3,,Premium,0.243044
hosp_8d561ca075d9d982,Deen dayal Upadhyay hospital,deen dayal upadhyay hospital,Delhi NCR,Hospital,Moti Nagar,,28.6589251,77.1457614,873da18dbffffff,,3.0,3.0,True,,0.0,0.0,,,,+911140036752,https://www.practo.com/delhi/hospital/deen-dayal-upadhyay-hospital-moti-nagar?referrer=hospital_listing,https://images1-fabric.practo.com/practices/1560314/deen-dayal-upadhyay-hospital-delhi-67c6dc6f0b16a.png,active,practo,,1.0,canonical,424,Q3,,Premium,0.242892
hosp_4719fad09e35c401,Singh Nursing Home Pvt Ltd,singh nursing home,Delhi NCR,Hospital,Vivek Vihar,,28.6676892,77.321248,873da1ab2ffffff,,3.0,3.0,True,,500.0,1000.0,,,,+911161262605,https://www.practo.com/delhi/hospital/singh-nursing-home-pvt-ltd-vivek-vihar-3?referrer=hospital_listing,https://images1-fabric.practo.com/practices/1348171/singh-nursing-home-pvt-ltd-delhi-6100e00ebd6b0.jpg,VN,practo,,1.0,canonical,425,Q3,,Premium,0.242892
hosp_96dfbef07a641f32,Sarvodaya Hospital,sarvodaya hospital,Delhi NCR,Hospital,Modi Nagar,,28.6660547,77.4540321,873da1a8affffff,,3.0,3.0,True,,0.0,500.0,,,,+911141169534,https://www.practo.com/ghaziabad/hospital/sarvodaya-hospital-modi-nagar?referrer=hospital_listing,,VN,practo,,1.0,canonical,426,Q3,,Premium,0.242892
hosp_1890a92b0a63656a,SMS Hospital,sms hospital,Delhi NCR,Hospital,Krishna Nagar,,28.645617,77.297081,873da114dffffff,,2.0,3.0,True,,500.0,500.0,,8.0,,+914448134926,https://www.practo.com/delhi/hospital/sms-hospital-1-krishna-nagar?referrer=hospital_listing,https://images1-fabric.practo.com/practices/1281981/sms-hospital-delhi-665affd4ed1b1.png,VN,practo,,1.0,canonical,427,Q3,,Premium,0.242576
hosp_d10dca66b054398b,Prashanti Nursing Home,prashanti nursing home,Delhi NCR,Hospital,Rohini,,28.7082259,77.1046998,873da18c3ffffff,,2.0,3.0,True,,300.0,400.0,,7.0,,+912071187164,https://www.practo.com/delhi/hospital/prashanti-nursing-home-rohini-2?referrer=hospital_listing,https://images1-fabric.practo.com/practices/837330/prashanti-nursing-home-delhi-66697db4074b6.png,VN,practo,,1.0,canonical,428,Q3,,Premium,0.242525
hosp_332647ed62da9285,Jeevan Jyoti Hospital - Uttam Nagar,jeevan jyoti hospital uttam nagar,Delhi NCR,Hospital,Uttam Nagar,,28.6189011,76.9644076,873da1899ffffff,,2.0,3.0,True,,0.0,300.0,,6.0,,+911140036743,https://www.practo.com/delhi/hospital/jeevan-jyoti-hospital-uttam-nagar-uttam-nagar?referrer=hospital_listing,https://images1-fabric.practo.com/practices/687552/jeevan-jyoti-hospital-uttam-nagar-delhi-666ddaea97fc5.png,VN,practo,,1.0,canonical,429,Q3,,Premium,0.242475
hosp_afe05605bd9c7908,Madaan Hospital,madaan hospital,Delhi NCR,Hospital,Railway Road,,28.470918,77.0190251,873da11a1ffffff,,2.0,3.0,True,,300.0,400.0,,5.0,,+912071177305,https://www.practo.com/gurgaon/hospital/madaan-medical-centre-railway-road?referrer=hospital_listing,,VN,practo,,1.0,canonical,430,Q3,,Premium,0.242424
hosp_a7eb3d2b168079ae,Shreya Hospital,shreya hospital,Delhi NCR,Hospital,Sahibabad,,19.9880574,73.7819749,876099a23ffffff,,26.0,15.0,True,,0.0,1000.0,3.5,44.0,2010.0,+911140849632,https://www.practo.com/ghaziabad/hospital/shreya-hospital-sahibabad-1?referrer=hospital_listing,https://images1-fabric.practo.com/shreya-hospital-ghaziabad-1474691039-57e5ffdf80922.png,ABS,practo,,1.0,canonical,431,Q3,,Premium,0.242386
hosp_434a56a6c25de9a4,Khanna Hospital,khanna hospital,Delhi NCR,Hospital,Janakpuri,,28.615456133105884,77.08357572555542,873da1128ffffff,,2.0,3.0,True,,500.0,1000.0,,4.0,,+911161263109,https://www.practo.com/delhi/hospital/khanna-hospital-janak-puri?referrer=hospital_listing,https://images1-fabric.practo.com/practices/679533/khanna-hospital-delhi-59a7db60ddb5e.jpg,VN,practo,,1.0,canonical,432,Q3,,Premium,0.242373
hosp_ea522ff76111769c,SQUARE ONE CLINIC for Mental Health,square one clinic for mental health,Delhi NCR,Hospital,Dwarka,,28.587272651151377,77.04494118690491,873da1123ffffff,,2.0,3.0,True,1.0,1000.0,1500.0,,3.0,,+911140849593,https://www.practo.com/delhi/hospital/rays-clinic-for-mental-health-and-addiction-behaviour-disrders-dwarka?referrer=hospital_listing,https://images1-fabric.practo.com/practices/741105/rays-clinic-for-mental-health-behaviour-and-addiction-disorders-delhi-69157745435af.png,VN,practo,,1.0,canonical,433,Q3,,Premium,0.242322
hosp_961d86dfda7fc639,Jagriti Hospital,jagriti hospital,Delhi NCR,Hospital,Sector 37,,28.479865,77.3105133,873da1056ffffff,,2.0,3.0,True,,300.0,300.0,,3.0,,+912048553250,https://www.practo.com/faridabad/hospital/jagriti-hospital-sector-37?referrer=hospital_listing,,VN,practo,,1.0,canonical,434,Q3,,Premium,0.242322
hosp_11e3ed134ebfd2eb,Sunrise Hospital - Rohini,sunrise hospital rohini,Delhi NCR,Hospital,Rohini,,28.730731,77.133392,873da18ccffffff,,2.0,3.0,True,,100.0,500.0,,2.0,,+911140036737,https://www.practo.com/delhi/hospital/sunrise-hospital-rohini-rohini?referrer=hospital_listing,https://images1-fabric.practo.com/practices/681350/sunrise-hospital-rohini-delhi-666a8f7019c7c.png,VN,practo,,1.0,canonical,435,Q3,,Premium,0.242272
hosp_720510bd8b37711b,Eye7 Chaudhary Eye Centre,eye7 chaudhary eye centre,Delhi NCR,Hospital,Darya Ganj,,28.642111,77.243599,873da1141ffffff,,4.0,2.0,True,,0.0,700.0,,9.0,,+911140036707,https://www.practo.com/delhi/hospital/eye7-chaudhary-eye-centre-darya-ganj?referrer=hospital_listing,https://images1-fabric.practo.com/eye7-chaudhary-eye-centre-delhi-1469514247-57970207c2318.jpg,VN,practo,,1.0,canonical,436,Q3,,Premium,0.242184
hosp_3e47ef44496a3842,Jyoti Memorial Jain Hospital,jyoti memorial jain hospital,Delhi NCR,Hospital,Najafgarh,,28.612244426776,76.988421678543,873da1124ffffff,,2.0,3.0,True,,0.0,100.0,,,,+914471967258,https://www.practo.com/delhi/hospital/jyoti-memorial-jain-hospital-najafgarh?referrer=hospital_listing,https://images1-fabric.practo.com/practices/1194820/jyoti-memorial-jain-hospital-delhi-6672ba63f2d9c.png,VN,practo,,1.0,canonical,437,Q3,,Premium,0.24217
hosp_bb5605e9d2afa43b,Marengo Asia Hospitals,marengo asia hospitals,Delhi NCR,Hospital,Gurgaon Sector 52,,28.41821463967845,77.09715876728296,873da1188ffffff,,2.0,3.0,True,,0.0,400.0,,,,+914448138292,https://www.practo.com/gurgaon/hospital/w-pratiksha-hospital-sushant-lok-ii-2?referrer=hospital_listing,https://images1-fabric.practo.com/practices/1282364/marengo-asia-hospitals-gurgaon-67e66bf955b5b.png,VN,practo,,1.0,canonical,438,Q3,,Premium,0.24217
hosp_39199c2de78184fe,Eternity Hospital,eternity hospital,Delhi NCR,Hospital,Indirapuram,,28.641480516411,77.362251877785,873da1a90ffffff,,6.0,5.0,True,,0.0,1000.0,4.0,27.0,,+911140849621,https://www.practo.com/ghaziabad/hospital/eternity-hospital-indirapuram-3?referrer=hospital_listing,https://images1-fabric.practo.com/eternity-hospital-ghaziabad-1472813858-57c95b228cf02.jpg,VN,practo,,1.0,canonical,439,Q3,,Premium,0.242118
hosp_90ddc6c7b0468541,ILSS Ashwani Hospital,ilss ashwani hospital,Delhi NCR,Hospital,Sector 11,,28.3689502,77.3218849,873da10c6ffffff,,8.0,6.0,True,,300.0,1000.0,4.0,122.0,,+918047284064,https://www.practo.com/faridabad/hospital/ilss-ashwani-hospital-sector-11?referrer=hospital_listing,https://images1-fabric.practo.com/practices/1172726/ilss-ashwani-hospital-faridabad-66d0416505bc5.jpeg,ABS,practo,,1.0,canonical,440,Q3,,Premium,0.242002
hosp_3583d1553e56a969,Kukreja Hospital ,kukreja hospital,Delhi NCR,Hospital,Rajouri Garden,,28.647071,77.117335,873da18daffffff,,4.0,2.0,True,,0.0,500.0,,5.0,,+911140036736,https://www.practo.com/delhi/hospital/kukreja-hospital-rajouri-garden?referrer=hospital_listing,https://images1-fabric.practo.com/practices/678400/kukreja-hospital-delhi-664ca18c0721f.png,VN,practo,,1.0,canonical,441,Q3,,Premium,0.241981
hosp_4524e00dace530b0,Mother & Child Clinic,mother child clinic,Delhi NCR,Hospital,Sector 49,,28.400434871523,77.279309404548,873da10f5ffffff,,1.0,3.0,True,,0.0,0.0,,7.0,,+911140036752,https://www.practo.com/faridabad/hospital/mother-child-clinic-faridabad-city?referrer=hospital_listing,,VN,practo,,1.0,canonical,442,Q3,,Premium,0.241803
hosp_bfeb86ef29771fb4,Delfinium Fertility & IVF Centre,delfinium fertility ivf centre,Delhi NCR,Hospital,South Extension 1,,28.5714320216198,77.21985340118408,873da1151ffffff,,1.0,3.0,True,,1500.0,1500.0,,5.0,,+912048554749,https://www.practo.com/delhi/hospital/dynamic-fertility-and-ivf-centre-south-extension-1?referrer=hospital_listing,https://images1-fabric.practo.com/practices/928108/delfinium-fertility-ivf-centre-delhi-6464a57182549.jpg,VN,practo,,1.0,canonical,443,Q3,,Premium,0.241702
hosp_2c99cb7d71f5fc3e,PENTAMED,pentamed,Delhi NCR,Hospital,Gujranwala Town,,28.69935890137459,77.19216227531433,873da1165ffffff,,1.0,3.0,True,,700.0,700.0,,4.0,,+911140036716,https://www.practo.com/delhi/hospital/pentamed-gujranwala-town?referrer=hospital_listing,https://images1-fabric.practo.com/practices/814802/pentamed-delhi-58e3a428c7b6c.jpg,VN,practo,,1.0,canonical,444,Q3,,Premium,0.241651
hosp_109109b207fdc9fa,Nagar Hospital,nagar hospital,Delhi NCR,Hospital,Lohia Nagar,,28.672903,77.4362,873da1a8effffff,,1.0,3.0,True,,500.0,500.0,,4.0,,+911140849621,https://www.practo.com/ghaziabad/hospital/nagar-hospital-ghaziabad?referrer=hospital_listing,https://images1-fabric.practo.com/practices/676815/nagar-hospital-ghaziabad-5cfb71307f044.jpg,VN,practo,,1.0,canonical,445,Q3,,Premium,0.241651
hosp_d02de000f75c8d8d,Dr Roshan Lal Hospital,dr roshan lal hospital,Delhi NCR,Hospital,Shahdara,,28.6760326,77.2844808,873da1ab6ffffff,,1.0,3.0,True,,300.0,400.0,,2.0,,+911140036741,https://www.practo.com/delhi/hospital/dr-roshan-lal-hospital-shahdara-2?referrer=hospital_listing,,VN,practo,,1.0,canonical,446,Q3,,Premium,0.24155
hosp_6e16a99fd1fb1c7b,Shivalik Hospital,shivalik hospital,Delhi NCR,Hospital,Govindpuram,,28.679512258047357,77.49112095683813,873da1a8bffffff,,1.0,3.0,True,,500.0,500.0,,2.0,,+911143078632,https://www.practo.com/ghaziabad/hospital/shivalik-hospital-5-govindpuram?referrer=hospital_listing,,VN,practo,,1.0,canonical,447,Q3,,Premium,0.24155
hosp_c1e89a3f31f75356,Dharamveer Solanki Hospital,dharamveer solanki hospital,Delhi NCR,Hospital,Rohini Sector 22,,28.714064677607,77.059004170886,873da18c6ffffff,,1.0,3.0,True,,300.0,300.0,,,,+911141133804,https://www.practo.com/delhi/hospital/dharamveer-solanki-hospital-rohini-sector-22?referrer=hospital_listing,https://images1-fabric.practo.com/practices/1254792/dharamveer-solanki-hospital-delhi-5e1d626929e39.jpg,VN,practo,,1.0,canonical,448,Q3,,Premium,0.241448
hosp_7a19a709f3373923,Metro hospital and heart institute,metro hospital heart institute,Delhi NCR,Hospital,Palam Vihar,,28.52933715953,77.082824707031,873da111cffffff,,1.0,3.0,True,,500.0,500.0,,,,+914471967351,https://www.practo.com/gurgaon/hospital/metro-hospital-and-heart-institute-2-palam-vihar?referrer=hospital_listing,,VN,practo,,1.0,canonical,449,Q3,,Premium,0.241448
hosp_770841d93d94ad07,Sodhi Nursing Home And Ent Hospital,sodhi nursing home ent hospital,Delhi NCR,Hospital,Paschim Vihar,,28.670595,77.08792,873da18dcffffff,,3.0,2.0,True,,0.0,900.0,,8.0,,+911161260165,https://www.practo.com/delhi/hospital/sodhi-nursing-home-and-ent-hospital-paschim-vihar?referrer=hospital_listing,https://images1-fabric.practo.com/practices/671701/sodhi-nursing-home-and-ent-hospital-delhi-6672c06fe1af3.png,VN,practo,,1.0,canonical,450,Q3,,Premium,0.241411
hosp_a523c97bfa93eb0a,Shroff Eye Centre,shroff eye centre,Delhi NCR,Hospital,Kaushambi,,28.635799,77.328331,873da1149ffffff,,3.0,2.0,True,,0.0,500.0,,5.0,,+911140849632,https://www.practo.com/ghaziabad/hospital/shroff-eye-centre-kaushambi?referrer=hospital_listing,https://images1-fabric.practo.com/practices/665889/shroff-eye-centre-ghaziabad-6800eb31b6cc7.png,VN,practo,,1.0,canonical,451,Q3,,Premium,0.241259
hosp_12065bd3b16e0415,Sanchet Hospital ,sanchet hospital,Delhi NCR,Hospital,Paschim Vihar,,,,,,3.0,2.0,True,,0.0,300.0,,,,+911140036732,https://www.practo.com/delhi/hospital/sanchet-hospital-paschim-vihar?referrer=hospital_listing,,VN,practo,,0.6,canonical,452,Q3,,Premium,0.241005
hosp_1749956360c43213,Satyawadi Raja Harish Chandra Hospital,satyawadi raja harish chandra hospital,Delhi NCR,Hospital,Narela,,28.840911,77.103526,873da1842ffffff,,3.0,2.0,True,,0.0,200.0,,,,+911140036730,https://www.practo.com/delhi/hospital/satyawadi-raja-harish-chandra-hospital-narela?referrer=hospital_listing,https://images1-fabric.practo.com/practices/677472/satyawadi-raja-harish-chandra-hospital-delhi-666c492c5054a.png,VN,practo,,1.0,canonical,453,Q3,,Premium,0.241005
hosp_4b808ae2536594c6,DHI Hair Transplant and Restoration Clinic,dhi hair transplant restoration clinic,Delhi NCR,Hospital,Sector 18,,28.570883885997407,77.31953820707987,873da1062ffffff,,3.0,2.0,True,,1000.0,1000.0,,,,+911141133614,https://www.practo.com/noida/hospital/dhi-hair-transplant-and-restoration-clinic-sector-18?referrer=hospital_listing,https://images1-fabric.practo.com/practices/1436160/dhi-hair-transplant-and-restoration-clinic-noida-64fac3be4ba2a.png,VN,practo,,1.0,canonical,454,Q3,,Premium,0.241005
hosp_8f2a957b46b0c080,Vardan Hospital & Trauma Centre,vardan hospital trauma centre,Delhi NCR,Hospital,Sohna,,28.254243696318717,77.07003761082888,873da1548ffffff,,3.0,2.0,True,,100.0,600.0,,,,+911142246365,https://www.practo.com/gurgaon/hospital/verdan-hospital-sohna?referrer=hospital_listing,https://images1-fabric.practo.com/practices/1150878/vardan-hospital-gurgaon-665d67d314bd8.png,VN,practo,,1.0,canonical,455,Q3,,Premium,0.241005
hosp_4a114ae8cb9f31d0,Apurva Hospital,apurva hospital,Delhi NCR,Hospital,New Industrial Town,,28.388998,77.289971,873da10f1ffffff,,3.0,2.0,True,,250.0,600.0,,,,+911140036707,https://www.practo.com/faridabad/hospital/apurva-hospital-new-industrial-town?referrer=hospital_listing,https://images1-fabric.practo.com/practices/804395/apurva-hospital-faridabad-6673e0ccb390d.png,VN,practo,,1.0,canonical,456,Q3,,Premium,0.241005
hosp_9674c1a97860d4a4,Daffodils By Artemis,daffodils artemis,Delhi NCR,Hospital,Gurgaon Sector 40,,28.4495201,77.0588605,873da11aaffffff,,3.0,2.0,True,1.0,1000.0,1400.0,4.0,18.0,2020.0,+918037296913,https://www.practo.com/gurgaon/hospital/daffodils-by-artemis-gurgaon-sector-40?referrer=hospital_listing,https://images1-fabric.practo.com/practices/1418093/daffodils-by-artemis-gurgaon-64195b0cbcdf8.png,VN,practo,,1.0,canonical,457,Q3,,Premium,0.240816
hosp_b790435c382ea469,Agrawal Nursing Home,agrawal nursing home,Delhi NCR,Hospital,Tri Nagar,,28.677826,77.157165,873da1164ffffff,,2.0,2.0,False,,600.0,700.0,5.0,21.0,,+911140036743,https://www.practo.com/delhi/hospital/agrawal-nursing-home-3-tri-nagar?referrer=hospital_listing,,VN,practo,,1.0,canonical,458,Q3,,Premium,0.240803
hosp_ae21cd269a324090,Jyoti Hospital & Urology Centre,jyoti hospital urology centre,Delhi NCR,Hospital,Jharsa Road,,28.457556847788,77.036497592926,873da11aeffffff,,2.0,2.0,True,,0.0,500.0,,6.0,,+914471967143,https://www.practo.com/gurgaon/hospital/jyoti-physiotherapy-centre-jharsa-road?referrer=hospital_listing,https://images1-fabric.practo.com/practices/1194133/jyoti-hospital-urology-centre-gurgaon-5b4cc88ea0e13.jpg,VN,practo,,1.0,canonical,459,Q3,,Premium,0.240588
hosp_f95d9671e9fe8ed0,Narang Eye Institute,narang eye institute,Delhi NCR,Hospital,Pitampura,,28.691525365375,77.135676412048,873da18caffffff,,5.0,1.0,True,1.0,1200.0,1200.0,,,,+918047284132,https://www.practo.com/delhi/hospital/narang-eye-institute-an-asg-enterprise-harsh-vihar?referrer=hospital_listing,https://images1-fabric.practo.com/practices/2082049/narang-eye-institute-an-asg-enterprise-delhi-6894686513acb.png,RFA,practo,,1.0,canonical,460,Q3,,Premium,0.240563
hosp_966fb7d7cfaa0990,Maheshwari Hospital,maheshwari hospital,Delhi NCR,Hospital,Pitampura,,28.70100634605,77.140548861661,873da18caffffff,,2.0,2.0,True,,500.0,600.0,,5.0,,+911140848823,https://www.practo.com/delhi/hospital/maheshwari-hospital-1-pitampura-1?referrer=hospital_listing,,VN,practo,,1.0,canonical,461,Q3,,Premium,0.240537
hosp_1641fdf2e971c5ec,Medicover Fertility,medicover fertility,Delhi NCR,Hospital,Rohini,,28.7052184,77.1265816,873da18ceffffff,,2.0,2.0,True,,0.0,700.0,,4.0,,+911161191400,https://www.practo.com/delhi/hospital/medicover-fertility-rohini?referrer=hospital_listing,https://images1-fabric.practo.com/practices/1171173/medicover-fertility-delhi-5d9c674c28934.png,VN,practo,,1.0,canonical,462,Q3,,Premium,0.240486
hosp_970cfe578fece563,Hamdard Wellness Center,hamdard wellness center,Delhi NCR,Hospital,Model Town,,28.653359414711122,77.43748314166679,873da1a9dffffff,,2.0,2.0,True,,150.0,150.0,,4.0,,+911142213464,https://www.practo.com/ghaziabad/hospital/hamdard-wellness-center-model-town?referrer=hospital_listing,https://images1-fabric.practo.com/practices/1322893/hamdard-wellness-center-ghaziabad-606d41da760bb.png,ABS,practo,,1.0,canonical,463,Q3,,Premium,0.240486
hosp_99928f083eba2d9e,Dr B D Attam Hospital,dr b d attam hospital,Delhi NCR,Hospital,Ashok Vihar Phase 2,,,,,,2.0,2.0,True,,0.0,250.0,,3.0,,+911140036706,https://www.practo.com/delhi/hospital/dr-b-d-attam-hospital-ashok-vihar-phase-2?referrer=hospital_listing,,VN,practo,,0.6,canonical,464,Q3,,Premium,0.240436
hosp_5d8040bdee01ba9d,Care Medical Centre,care medical centre,Delhi NCR,Hospital,Pahar Ganj,,28.64154143802058,77.21271336078644,873da1144ffffff,,2.0,2.0,True,,0.0,500.0,,3.0,,+911140036732,https://www.practo.com/delhi/hospital/care-medical-centre-pahar-ganj-689345?referrer=hospital_listing,https://images1-fabric.practo.com/536f5faf9469e96d6f2e7e1f705ab5e59c84a6dc009b2.jpg,VN,practo,,1.0,canonical,465,Q3,,Premium,0.240436
hosp_ad14651df7631a98,Lions Kidney Hospital & Urology Institute,lions kidney hospital urology institute,Delhi NCR,Hospital,New Friends Colony,,,,,,2.0,2.0,True,,100.0,1000.0,,3.0,,+911140036731,https://www.practo.com/delhi/hospital/lions-kidney-hospital-urology-institute-new-friends-colony?referrer=hospital_listing,,VN,practo,,0.6,canonical,466,Q3,,Premium,0.240436
hosp_f1c89b523974be58,Rashmi Medical Centre,rashmi medical centre,Delhi NCR,Hospital,Sector 20,,28.583961,77.331007,873da1060ffffff,,2.0,2.0,True,,0.0,400.0,,3.0,,+911141168386,https://www.practo.com/noida/hospital/rashmi-medical-centre-home-noida-sector-20?referrer=hospital_listing,,VN,practo,,1.0,canonical,467,Q3,,Premium,0.240436
hosp_6b48bb54f0a1cd6c,Parmarth Mission Hospital,parmarth mission hospital,Delhi NCR,Hospital,Shakti Nagar,,28.680988,77.19786,873da1161ffffff,,2.0,2.0,True,,100.0,300.0,,2.0,,+918037320709,https://www.practo.com/delhi/hospital/parmarth-mission-hospital-shakti-nagar?referrer=hospital_listing,https://images1-fabric.practo.com/practices/702351/parmarth-mission-hospital-delhi-666aad163d1b4.png,VN,practo,,1.0,canonical,468,Q3,,Premium,0.240385
hosp_114e60f92ccee633,Faraz Hospital,faraz hospital,Delhi NCR,Hospital,Okhla,,28.546491,77.300445,873da1075ffffff,,2.0,2.0,True,,0.0,100.0,,2.0,,+911140036731,https://www.practo.com/delhi/hospital/faraz-hospital-okhla?referrer=hospital_listing,,VN,practo,,1.0,canonical,469,Q3,,Premium,0.240385
hosp_d749b1157ec25f7a,Metro Hospital & Heart Institute,metro hospital heart institute,Delhi NCR,Hospital,Palam Vihar,,28.514141252047,77.037613391876,873da1111ffffff,,2.0,2.0,True,,400.0,600.0,,2.0,,+911140848439,https://www.practo.com/gurgaon/hospital/metro-hospital-heart-institute-palam-vihar?referrer=hospital_listing,,VN,practo,,1.0,canonical,470,Q3,,Premium,0.240385
hosp_08e965c47a4e7cd2,Rescue Hospital,rescue hospital,Delhi NCR,Hospital,Dwarka,,28.605632,77.053373,873da112effffff,,2.0,2.0,True,,200.0,200.0,,,,+911161260199,https://www.practo.com/delhi/hospital/rescue-hospital-dwarka-2?referrer=hospital_listing,,VN,practo,,1.0,canonical,471,Q3,,Premium,0.240283
hosp_f0375b8801ae1aec,Majeedia Hospital,majeedia hospital,Delhi NCR,Hospital,Sangam Vihar,,28.5144221,77.2497037,873da102bffffff,,2.0,2.0,True,,100.0,500.0,,,,+911140036740,https://www.practo.com/delhi/hospital/majeedia-hospital-sangam-vihar?referrer=hospital_listing,https://images1-fabric.practo.com/practices/678225/majeedia-hospital-delhi-66548e0846cd3.png,VN,practo,,1.0,canonical,472,Q3,,Premium,0.240283
hosp_fc0f9b90d4b9b2e0,Vallabhbhai Patel Chest Institute,vallabhbhai patel chest institute,Delhi NCR,Hospital,Shahdara,,28.6903889,77.2096892,873da1161ffffff,,2.0,2.0,True,,0.0,500.0,,,,+911141194669,https://www.practo.com/delhi/hospital/vallabhbhai-patel-chest-institute-shahdara?referrer=hospital_listing,https://images1-fabric.practo.com/practices/633434/vallabhbhai-patel-chest-institute-delhi-67286c2d7c067.png,VN,practo,,1.0,canonical,473,Q3,,Premium,0.240283
hosp_f5425705e8fe99b1,"ECHS Polyclinic, Base Hospital",echs polyclinic base hospital,Delhi NCR,Hospital,Delhi Cantonment,,28.607403135465,77.131088376045,873da1176ffffff,,2.0,2.0,True,,400.0,600.0,,,,+914471967914,https://www.practo.com/delhi/hospital/echs-polyclinic-base-hospital-delhi-cantonment?referrer=hospital_listing,,VN,practo,,1.0,canonical,474,Q3,,Premium,0.240283
hosp_3267538635695781,esi Basaidarapur,esi basaidarapur,Delhi NCR,Hospital,Ramesh Nagar,,28.657867809834375,77.12943077087402,873da18dbffffff,,2.0,2.0,True,,200.0,800.0,,,,+911143078632,https://www.practo.com/delhi/hospital/esi-basaidarapur-1-ramesh-nagar?referrer=hospital_listing,https://images1-fabric.practo.com/practices/1331812/esi-basaidarapur-delhi-67f79713e50ce.png,VN,practo,,1.0,canonical,475,Q3,,Premium,0.240283
hosp_784c91f866649b05,Jeewan Hospital,jeewan hospital,Delhi NCR,Hospital,Zakir Nagar,,28.57830359470244,77.25935697555542,873da1158ffffff,,2.0,2.0,True,,200.0,1000.0,,,,+914471967335,https://www.practo.com/delhi/hospital/jeewan-hospital-zakir-nagar-1?referrer=hospital_listing,https://images1-fabric.practo.com/practices/650326/jeewan-hospital-delhi-6800e00c5324e.png,VN,practo,,1.0,canonical,476,Q3,,Premium,0.240283
hosp_c0ea8659441d41fd,Mata Chanan Devi Hospital,mata chanan devi hospital,Delhi NCR,Hospital,East Of Kailash,,28.561768,77.2568816,873da115affffff,,2.0,2.0,True,,0.0,400.0,,,,+911142213879,https://www.practo.com/delhi/hospital/mata-chanan-devi-hospital-1-east-of-kailash?referrer=hospital_listing,,VN,practo,,1.0,canonical,477,Q3,,Premium,0.240283
hosp_71bf053da2f4da00,Rashmi Hospital,rashmi hospital,Delhi NCR,Hospital,Pitampura,,28.690009,77.131165,873da18caffffff,,2.0,2.0,True,,0.0,800.0,,,,+911140036735,https://www.practo.com/delhi/hospital/rashmi-hospital-pitampura-1?referrer=hospital_listing,,VN,practo,,1.0,canonical,478,Q3,,Premium,0.240283
hosp_c50fd8120bb661f5,Orchid Hospital,orchid hospital,Delhi NCR,Hospital,Janakpuri,,28.538404935826033,77.19902906566858,873da102cffffff,,2.0,2.0,True,,0.0,600.0,,,,+914448134922,https://www.practo.com/delhi/hospital/jaipur-golden-hospital-rohini-2-rohini?referrer=hospital_listing,https://images1-fabric.practo.com/practices/1185864/orchid-hospital-delhi-6669012c5046d.png,VN,practo,,1.0,canonical,479,Q3,,Premium,0.240283
hosp_46b00d99f18a6448,Fortis Hospital,fortis hospital,Delhi NCR,Hospital,"511, Supernova Astralis, Sector 94",,28.5481736,77.3222309,873da1071ffffff,,2.0,2.0,True,,0.0,0.0,,,,+911141193969,https://www.practo.com/noida/hospital/fortis-hospital-1-511-supernova-astralis-sector-94?referrer=hospital_listing,,VN,practo,,1.0,canonical,480,Q3,,Premium,0.240283
hosp_50db8c7c114eed5c,Family Health Care Hospital,family health care hospital,Delhi NCR,Hospital,Vasundhara,,28.654217,77.358003,873da1a95ffffff,,2.0,2.0,True,,200.0,300.0,,,,+911140849632,https://www.practo.com/ghaziabad/hospital/family-health-care-hospital-vasundhra?referrer=hospital_listing,,VN,practo,,1.0,canonical,481,Q3,,Premium,0.240283
hosp_84ffb56deb7967ac,Shyam Hospital,shyam hospital,Delhi NCR,Hospital,Raj Nagar Extension,,28.6820132,77.4445162,873da1a8effffff,,2.0,2.0,True,,0.0,350.0,,,,+911142213853,https://www.practo.com/ghaziabad/hospital/shyam-hospital-new-raj-nagar?referrer=hospital_listing,https://images1-fabric.practo.com/practices/679460/shyam-hospital-ghaziabad-6671c3ea2f37f.png,VN,practo,,1.0,canonical,482,Q3,,Premium,0.240283
hosp_1b86ccd29de3e772,yashoda hospital,yashoda hospital,Delhi NCR,Hospital,Nehru Nagar,,28.66000488943078,77.43860363960266,873da1a9dffffff,,2.0,2.0,True,,0.0,0.0,,,,+911161262035,https://www.practo.com/ghaziabad/hospital/yashoda-hospital-21-nehru-nagar?referrer=hospital_listing,https://images1-fabric.practo.com/practices/1208516/yashoda-hospital-ghaziabad-67cbf00b9931c.png,VN,practo,,1.0,canonical,483,Q3,,Premium,0.240283
hosp_6bea0043cb4f17da,Anand Hospital and Chidda Singh Yadav Trauma Centre,anand hospital chidda singh yadav trauma centre,Delhi NCR,Hospital,Lal Kuan,,28.628989429345,77.471734285355,873da1326ffffff,,2.0,2.0,True,,0.0,400.0,,,,+911161264402,https://www.practo.com/ghaziabad/hospital/padma-devi-ghanshyam-das-polyclinic-patel-nagar?referrer=hospital_listing,https://images1-fabric.practo.com/practices/1150147/anand-hospital-and-chidda-singh-yadav-trauma-centre-ghaziabad-5e9d7125e2702.png,VN,practo,,1.0,canonical,484,Q3,,Premium,0.240283
hosp_341710d99b474e68,Diabetes Foot & Wound Care Centre,diabetes foot wound care centre,Delhi NCR,Hospital,Patel Nagar,,28.646056194044,77.170365487697,873da1162ffffff,,1.0,2.0,True,,1000.0,1000.0,,9.0,,+911161262759,https://www.practo.com/delhi/hospital/dr-ashok-damir-clinic-patel-nagar?referrer=hospital_listing,https://images1-fabric.practo.com/practices/704317/diabetes-foot-wound-care-centre-delhi-61206471b8c98.png,VN,practo,,1.0,canonical,485,Q3,,Premium,0.240018
hosp_b3a30e1afe99d76b,Enhance Clinics,enhance clinics,Delhi NCR,Hospital,Gurgaon Sector 29,,28.465737543615,77.060426021118,873da11a8ffffff,,1.0,2.0,True,,700.0,700.0,,9.0,,+914461712655,https://www.practo.com/gurgaon/hospital/enhance-clinics-gurgaon-sector-29-2?referrer=hospital_listing,https://images1-fabric.practo.com/enhance-clinics-gurgaon-gurgaon-1458116391-56e917275cf30.jpg,VN,practo,,1.0,canonical,486,Q3,,Premium,0.240018
hosp_b56db777a1be12da,Siddhi Vinayak Poly Clinic,siddhi vinayak poly clinic,Delhi NCR,Hospital,Sector 21 C,,28.432020605528,77.297605488286,873da10e0ffffff,,1.0,2.0,True,,0.0,0.0,,9.0,,+911141168386,https://www.practo.com/faridabad/hospital/clinic-dermatech-sector-15a?referrer=hospital_listing,,VN,practo,,1.0,canonical,487,Q3,,Premium,0.240018
hosp_964af4cf831ad150,Multispeciality Dental Care Clinic and Implant Centre,multispeciality dental care clinic implant centre,Delhi NCR,Hospital,Modi Nagar,,28.83374356083016,77.57540702819824,873da1a53ffffff,,1.0,1.0,True,,150.0,150.0,4.0,455.0,,+911140849621,https://www.practo.com/ghaziabad/hospital/multispeciality-dental-care-clinic-and-implant-centre-mohiuddinpur?referrer=hospital_listing,https://images1-fabric.practo.com/multispeciality-dental-care-clinic-and-implant-centre-ghaziabad-1450895957-567aea5502e12.jpg,VN,practo,,1.0,canonical,488,Q3,,Premium,0.239997
hosp_4e2dcf88ef4d102f,K K Health Care Centre,k k health care centre,Delhi NCR,Hospital,Gurgaon Sector 5,,28.48332,77.01782,873da1112ffffff,,5.0,6.0,True,,500.0,700.0,4.0,132.0,,+912071177312,https://www.practo.com/gurgaon/hospital/k-k-health-care-centre-gurgaon-sector-5-1?referrer=hospital_listing,https://images1-fabric.practo.com/555ec4d52dad896d6f2e7e1f705ab5e59c84a6dc009b2.jpg,VN,practo,,1.0,canonical,489,Q3,,Premium,0.239975
hosp_92748d92434578f2,Sushma Jindal Hospital,sushma jindal hospital,Delhi NCR,Hospital,Dilshad Garden,,28.679043,77.314824,873da1ab0ffffff,,1.0,2.0,True,,600.0,600.0,,7.0,,+918037311397,https://www.practo.com/delhi/hospital/sushma-jindal-hospital-dilshad-garden?referrer=hospital_listing,https://images1-fabric.practo.com/practices/657010/sushma-jindal-hospital-delhi-6671632a37fe7.png,VN,practo,,1.0,canonical,490,Q3,,Premium,0.239917
hosp_0bc36cc2cb63a1bb,Alchemist Hospital,alchemist hospital,Delhi NCR,Hospital,Gurgaon Sector 53,,28.440977974326344,77.10338115692139,873da118dffffff,,1.0,2.0,True,,0.0,1000.0,,7.0,,+911140787307,https://www.practo.com/gurgaon/hospital/alchemist-hospital-sector-53-2?referrer=hospital_listing,https://images1-fabric.practo.com/practices/678792/alchemist-hospital-gurgaon-6657164c40c1e.png,VN,practo,,1.0,canonical,491,Q3,,Premium,0.239917
hosp_b570bd79a0786cc1,Citizen Hospital,citizen hospital,Delhi NCR,Hospital,Ashok Vihar,,28.4570718,77.036663,873da11aeffffff,,2.0,4.0,True,,500.0,1200.0,4.0,14.0,,+918037311710,https://www.practo.com/delhi/hospital/citizen-hospital-ashok-vihar?referrer=hospital_listing,https://images1-fabric.practo.com/practices/677369/citizen-hospital-delhi-6656d3c1523e1.png,VN,practo,,1.0,canonical,492,Q3,,Premium,0.239724
hosp_d7aa93b98fbe4316,Maharaja Agrasen Hospital,maharaja agrasen hospital,Delhi NCR,Hospital,Ashok Vihar,,28.7242555,77.0703307,873da18c0ffffff,,18.0,22.0,False,,0.0,1500.0,,3.0,,+912071177315,https://www.practo.com/delhi/hospital/maharaja-agrasen-hospital-ashok-vihar-1?referrer=hospital_listing,,VN,practo,,1.0,canonical,493,Q3,,Premium,0.239724
hosp_3e88b955eafcf04f,Triveni Hospital,triveni hospital,Delhi NCR,Hospital,Arjun Nagar,,28.4642026,77.0212271,873da11a1ffffff,,1.0,2.0,True,,0.0,200.0,,3.0,,+911140036753,https://www.practo.com/gurgaon/hospital/triveni-hospital-kapashera?referrer=hospital_listing,https://images1-fabric.practo.com/practices/667318/triveni-hospital-gurgaon-666a708e9bf08.png,VN,practo,,1.0,canonical,494,Q3,,Premium,0.239714
hosp_17d38b5204b4fcdf,Brahm Shakti Hospital & Research Centre,brahm shakti hospital research centre,Delhi NCR,Hospital,Rohini,,28.7123439,77.0812045,873da18c0ffffff,,11.0,10.0,True,,0.0,800.0,3.5,12.0,,+911140036737,https://www.practo.com/delhi/hospital/brahm-shakti-hospital-research-centre-rohini?referrer=hospital_listing,,VN,practo,,1.0,canonical,495,Q3,,Premium,0.23961
hosp_68817a19a3c00323,Mohan Nursing Home & Hospital,mohan nursing home hospital,Delhi NCR,Hospital,Yamuna Vihar,,28.702982002447,77.267804928124,873da1b9affffff,,1.0,2.0,True,,200.0,200.0,,,,+911140036747,https://www.practo.com/delhi/hospital/mohan-nursing-home-hospital-yamuna-vihar-1?referrer=hospital_listing,https://images1-fabric.practo.com/practices/1153736/mohan-nursing-home-hospital-delhi-597ef6b48f4f7.png,VN,practo,,1.0,canonical,496,Q3,,Premium,0.239561
hosp_322ce6cf4bdd9392,Avantika Hospital,avantika hospital,Delhi NCR,Hospital,Rohini,,28.635308,77.22496,873da1145ffffff,,1.0,2.0,True,,0.0,200.0,,,,+911140036737,https://www.practo.com/delhi/hospital/avantika-hospital-rohini?referrer=hospital_listing,https://images1-fabric.practo.com/practices/677775/avantika-hospital-delhi-666971394a459.png,VN,practo,,1.0,canonical,497,Q3,,Premium,0.239561
hosp_16b8ccca4aeea1c4,Shree Jeewan Hospital,shree jeewan hospital,Delhi NCR,Hospital,Kilokri,,28.578812364167,77.258995966986,873da1158ffffff,,1.0,2.0,True,,500.0,500.0,,,,+914471967144,https://www.practo.com/delhi/hospital/shree-jeewan-hospital-4-kilokri?referrer=hospital_listing,,VN,practo,,1.0,canonical,498,Q3,,Premium,0.239561
hosp_28440022aef2fb1e,Indira IVF - Fertility and IVF Center,indira ivf fertility ivf center,Delhi NCR,Hospital,Rohini,,28.70701609251519,77.12653568208759,873da18ceffffff,,1.0,2.0,True,,500.0,500.0,,,,+911141168530,https://www.practo.com/delhi/hospital/indira-ivf-2-rohini?referrer=hospital_listing,https://images1-fabric.practo.com/practices/1323002/indira-ivf-delhi-60389ce788f65.png,VN,practo,,1.0,canonical,499,Q3,,Premium,0.239561
hosp_a70d194f5e638546,Himgiri Hospital,himgiri hospital,Delhi NCR,Hospital,Bali Nagar,,28.6597977,77.1321907,873da18dbffffff,,1.0,2.0,True,,0.0,0.0,,,,+911161266255,https://www.practo.com/delhi/hospital/himgiri-hospital-bali-nagar?referrer=hospital_listing,,VN,practo,,1.0,canonical,500,Q3,,Premium,0.239561
hosp_a9767319db9b6602,"Sethi Hospital, Gurgaon",sethi hospital gurgaon,Delhi NCR,Hospital,Arjun Nagar,,28.4565758,77.0207804,873da11a1ffffff,,1.0,2.0,True,,0.0,0.0,,,,+911143078148,https://www.practo.com/gurgaon/hospital/sethi-hospital-gurgaon-arjun-nagar?referrer=hospital_listing,https://images1-fabric.practo.com/practices/1556806/sethi-hospital-gurgaon-gurgaon-68008a461deda.png,VN,practo,,1.0,canonical,501,Q3,,Premium,0.239561
hosp_39ca673a96e00078,Shankar LAL Hospital,shankar lal hospital,Delhi NCR,Hospital,Loni,,28.649987,77.442165,873da1a99ffffff,,1.0,2.0,True,,0.0,250.0,,,,+911161262798,https://www.practo.com/ghaziabad/hospital/shankar-lal-hospital-loni?referrer=hospital_listing,,VN,practo,,1.0,canonical,502,Q3,,Premium,0.239561
hosp_c31750b0c087e691,Cloudnine Fertility - IVF Center,cloudnine fertility ivf center,Delhi NCR,Hospital,Kailash Colony,,28.558652,77.2369431,873da115effffff,,3.0,1.0,True,5.0,1000.0,1800.0,,3.0,,+911141168499,https://www.practo.com/delhi/hospital/cloudnine-fertility-ivf-center-kailash-colony?referrer=hospital_listing,https://images1-fabric.practo.com/practices/1417787/cloudnine-fertility-ivf-center-delhi-64143ce9a6ceb.png,ABS,practo,,1.0,canonical,503,Q3,,Premium,0.239271
hosp_89d8138f2edbff40,Rao Dental Hospital,rao dental hospital,Delhi NCR,Hospital,Tilak Nagar,,28.64247713798951,77.0982152223587,873da18daffffff,,3.0,1.0,True,,0.0,250.0,,3.0,,+912071177331,https://www.practo.com/delhi/hospital/rao-dental-hospital-tilak-nagar?referrer=hospital_listing,https://images1-fabric.practo.com/rao-dental-hospital-delhi-1488873143-58be66b7aeadc.jpg,VN,practo,,1.0,canonical,504,Q3,,Premium,0.239271
hosp_b4dbd4ac186d0440,Milann Fertility Hospital,milann fertility hospital,Delhi NCR,Hospital,Greater Kailash Part 2,,28.536486,77.238751,873da102dffffff,,1.0,1.0,False,,1000.0,1000.0,4.5,93.0,,+911141168499,https://www.practo.com/delhi/hospital/milann-ivf-greater-kailash-part-2?referrer=hospital_listing,https://images1-fabric.practo.com/practices/1102340/milann-fertility-hospital-delhi-61aef236c48fb.jpg,VN,practo,,1.0,canonical,505,Q3,,Premium,0.239268
hosp_16b51f8211c82cd1,Clove Dental,clove dental,Delhi NCR,Hospital,Gurgaon Sector 21,,28.509877,77.0009397,873da1116ffffff,,3.0,1.0,True,16.0,500.0,500.0,,2.0,,+914471967914,https://www.practo.com/gurgaon/hospital/clove-dental-gurgaon-sector-21?referrer=hospital_listing,https://images1-fabric.practo.com/practices/1185836/clove-dental-gurgaon-5b28bc09b0cd5.png,VN,practo,,1.0,canonical,506,Q3,,Premium,0.23922
hosp_1643ba61eb17b35d,Everhope Cancer Centre,everhope cancer centre,Delhi NCR,Hospital,Sector-65,,28.4097389760347,77.06899869814906,873da118effffff,,2.0,1.0,True,,1500.0,1500.0,,9.0,,+918037353809,https://www.practo.com/gurgaon/hospital/everhope-oncology-sector-65?referrer=hospital_listing,https://images1-fabric.practo.com/practices/2085367/everhope-oncology-gurgaon-68ada5fbb9e5d.png,ABS,practo,,1.0,canonical,507,Q3,,Premium,0.238853
hosp_3f6131fad0650336,Clove Dental,clove dental,Delhi NCR,Hospital,Gurgaon Sector 56,,28.42825,77.098814,873da118dffffff,,2.0,1.0,True,16.0,500.0,500.0,,8.0,,+911140787307,https://www.practo.com/gurgaon/hospital/clove-dental-gurgaon-sector-56-2?referrer=hospital_listing,https://images1-fabric.practo.com/clove-dental-gurgaon-1489036170-58c0e38a34a2d.png,VN,practo,,1.0,canonical,508,Q3,,Premium,0.238803
hosp_3c8ee5aa369ccfe7,Aar Pee Hospital,aar pee hospital,Delhi NCR,Hospital,Sector 28,,28.428194195306894,77.31659531593323,873da10e0ffffff,,2.0,1.0,True,,200.0,200.0,,7.0,,+917971171887,https://www.practo.com/faridabad/hospital/aar-pee-hospital-sector-29?referrer=hospital_listing,,VN,practo,,1.0,canonical,509,Q3,,Premium,0.238752
hosp_a00d44a1b2341195,Portea Home Healthcare,portea home healthcare,Delhi NCR,Hospital,Dwarka Sector 16,,28.557739,77.245946,873da115affffff,,8.0,2.0,True,,0.0,600.0,4.0,22.0,,+911140036711,https://www.practo.com/delhi/hospital/portea-home-healthcare-east-of-kailash?referrer=hospital_listing,https://images1-fabric.practo.com/practices/1140894/portea-medical-delhi-595ccc1c51d3d.png,VN,practo,,1.0,canonical,510,Q3,,Premium,0.238687
hosp_6ca8ba97add27dcd,Clove Dental,clove dental,Delhi NCR,Hospital,CR Park,,28.539963,77.251379,873da1029ffffff,,2.0,1.0,True,73.0,500.0,500.0,,5.0,,+911142246367,https://www.practo.com/delhi/hospital/clove-dental-cr-park?referrer=hospital_listing,https://images1-fabric.practo.com/clove-dental-delhi-1489044682-58c104ca969dc.png,VN,practo,,1.0,canonical,511,Q3,,Premium,0.23865
hosp_d03bfc86ba019461,Clove Dental,clove dental,Delhi NCR,Hospital,Shastri Nagar,,28.669951,77.180589,873da1160ffffff,,2.0,1.0,True,73.0,500.0,500.0,,2.0,,+914440115142,https://www.practo.com/delhi/hospital/clove-dental-shastri-nagar?referrer=hospital_listing,https://images1-fabric.practo.com/practices/1143735/clove-dental-delhi-58ee032053338.png,VN,practo,,1.0,canonical,512,Q3,,Premium,0.238498
hosp_513aaf9d28ac0f6f,Max @ Home,max home,Delhi NCR,Hospital,Saket,,28.5275241,77.1295932,873da1024ffffff,,2.0,1.0,True,,500.0,500.0,,,,+911142213999,https://www.practo.com/delhi/hospital/max-home-saket?referrer=hospital_listing,https://images1-fabric.practo.com/practices/1466833/max-home-delhi-668d0adbc9d0a.png,RFA,practo,,1.0,canonical,513,Q3,,Premium,0.238396
hosp_b15fe6413dde6c59,Muskaan Hospital,muskaan hospital,Delhi NCR,Hospital,Rohini,,28.717071,77.07867,873da18c0ffffff,,2.0,1.0,True,,100.0,150.0,,,,+912048552978,https://www.practo.com/delhi/hospital/muskaan-hospital-rohini?referrer=hospital_listing,https://images1-fabric.practo.com/practices/804410/muskaan-hospital-delhi-665b176de240f.png,VN,practo,,1.0,canonical,514,Q3,,Premium,0.238396
hosp_ede3ab0ff104c6c9,"Dr. Jains Family Dental Care,Kuber Hospital",dr jains family dental care kuber hospital,Delhi NCR,Hospital,Pitampura,,28.690060603119,77.135605216026,873da18caffffff,,2.0,1.0,True,,200.0,200.0,,,,+914446271587,https://www.practo.com/delhi/hospital/dr-ayush-jain-pitampura?referrer=hospital_listing,https://images1-fabric.practo.com/practices/1146769/dr-ayush-jain-591d5be306eaf.jpg,VN,practo,,1.0,canonical,515,Q3,,Premium,0.238396
hosp_68aa8874ae256a85,Clove Dental,clove dental,Delhi NCR,Hospital,Jangpura,,28.58419,77.247177,873da115cffffff,,2.0,1.0,True,73.0,500.0,500.0,,,,+911141194669,https://www.practo.com/delhi/hospital/clove-dental-jangpura?referrer=hospital_listing,https://images1-fabric.practo.com/clove-dental-delhi-1489563649-58c8f00123e8f.png,VN,practo,,1.0,canonical,516,Q3,,Premium,0.238396
hosp_743b23c783f11b73,Clove Dental,clove dental,Delhi NCR,Hospital,Tilak Nagar,,28.63689,77.09004,873da112dffffff,,2.0,1.0,True,73.0,500.0,500.0,,,,+911141194669,https://www.practo.com/delhi/hospital/clove-dental-tilak-nagar?referrer=hospital_listing,https://images1-fabric.practo.com/practices/1184688/clove-dental-delhi-5ac31a2ff02ac.png,VN,practo,,1.0,canonical,517,Q3,,Premium,0.238396
hosp_64d7e5e4c862b449,Santhigram Kerala Ayurvedic Hospital,santhigram kerala ayurvedic hospital,Delhi NCR,Hospital,Gurgaon Sector 46,,28.436265875278,77.051529122754,873da11aaffffff,,2.0,1.0,True,,250.0,250.0,,,,+911161263110,https://www.practo.com/gurgaon/hospital/santhigram-kerala-ayurvedic-hospital?referrer=hospital_listing,https://images1-fabric.practo.com/practices/1255646/santhigram-kerala-ayurvedic-hospital-gurgaon-66727ecf2a4da.png,VN,practo,,1.0,canonical,518,Q3,,Premium,0.238396
hosp_b46649561e10d352,SJM Super Speciality Hospital,sjm super speciality hospital,Delhi NCR,Hospital,Sector 63,,28.6341,77.3907,873da1a91ffffff,,6.0,4.0,True,,300.0,800.0,4.0,44.0,,+911143060238,https://www.practo.com/noida/hospital/sjm-super-speciality-hospital-sector-63?referrer=hospital_listing,https://images1-fabric.practo.com/sjm-super-speciality-hospital-noida-1475059592-57eb9f884ccfb.JPG,VN,practo,,1.0,canonical,519,Q3,,Premium,0.238386
hosp_c7600e49cd979cb8,Mohinder Hospital,mohinder hospital,Delhi NCR,Hospital,Green Park,,28.55945,77.205854,873da1153ffffff,,3.0,4.0,True,,0.0,1200.0,4.0,25.0,,+911140036716,https://www.practo.com/delhi/hospital/mohinder-hospital-green-park-1?referrer=hospital_listing,,VN,practo,,1.0,canonical,520,Q3,,Premium,0.238362
hosp_bbd06f2f0dcef610,Shyama Hospital ,shyama hospital,Delhi NCR,Hospital,Dwarka,,28.596142031772,77.078833580017,873da112affffff,,5.0,5.0,True,,0.0,800.0,4.0,73.0,,+918045685300,https://www.practo.com/delhi/hospital/shyama-hospital-mahavir-enclave?referrer=hospital_listing,https://images1-fabric.practo.com/shyama-gynaecare-and-maternity-centre-delhi-1464698104-574d84f81b589.png,VN,practo,,1.0,canonical,521,Q3,,Premium,0.238131
hosp_1d5661e7fb592e91,Lions Eye Hospital,lions eye hospital,Delhi NCR,Hospital,Kavi Nagar,,28.664269503951,77.445824146271,873da1a8affffff,,1.0,1.0,True,,1500.0,1500.0,,9.0,,+911161260809,https://www.practo.com/ghaziabad/hospital/lions-eye-hospital-2-kavi-nagar-1?referrer=hospital_listing,https://images1-fabric.practo.com/practices/1175057/lions-eye-hospital-ghaziabad-6639a46016b88.jpg,VN,practo,,1.0,canonical,522,Q3,,Premium,0.238131
hosp_f5348afa98e35bad,JIVA Ayurveda,jiva ayurveda,Delhi NCR,Hospital,Patel Nagar West,,28.6132862,77.0665075,873da112effffff,,1.0,1.0,True,9.0,0.0,0.0,,8.0,,+917969204270,https://www.practo.com/delhi/hospital/jiva-ayurveda-clinic-patel-nagar-east?referrer=hospital_listing,https://images1-fabric.practo.com/practices/1182997/jiva-ayurveda-delhi-605d7f020b429.jpg,ABS,practo,,1.0,canonical,523,Q3,,Premium,0.238081
hosp_cb11c0ed00afc64d,Adinath Hospital,adinath hospital,Delhi NCR,Hospital,Indirapuram,,28.6397018,77.3490329,873da1a90ffffff,,1.0,1.0,True,,0.0,300.0,,8.0,,+911140849612,https://www.practo.com/ghaziabad/hospital/adinath-hospital-indirapuram-1?referrer=hospital_listing,,VN,practo,,1.0,canonical,524,Q3,,Premium,0.238081
hosp_291aa821c276d8ef,Clove Dental,clove dental,Delhi NCR,Hospital,Mayur Vihar Ph-I,,28.606643,77.295368,873da114affffff,,1.0,1.0,True,73.0,500.0,500.0,,7.0,,+911141194669,https://www.practo.com/delhi/hospital/clove-dental-mayur-vihar-ph-i?referrer=hospital_listing,https://images1-fabric.practo.com/practices/701811/clove-dental-delhi-58ede50e28f2f.png,VN,practo,,1.0,canonical,525,Q3,,Premium,0.23803
hosp_f7fafa6337665dc6,Sach Dental Hospital,sach dental hospital,Delhi NCR,Hospital,Basai Road,,28.457195760259832,76.99859865009785,873da11a0ffffff,,1.0,1.0,True,,200.0,200.0,,7.0,,+911142246372,https://www.practo.com/gurgaon/hospital/sach-dental-hospital-basai-road?referrer=hospital_listing,https://images1-fabric.practo.com/practices/1180565/sach-dental-hospital-gurgaon-665af3065036d.png,VN,practo,,1.0,canonical,526,Q3,,Premium,0.23803
hosp_504d3dcf37371d93,GNS Multispeciality Hospital,gns multispeciality hospital,Delhi NCR,Hospital,Chattarpur,,28.480161147195,77.176711700772,873da1004ffffff,,1.0,1.0,True,,500.0,500.0,,6.0,,+918037296916,https://www.practo.com/delhi/hospital/gns-multispeciality-hospital-chattarpur-1?referrer=hospital_listing,https://images1-fabric.practo.com/practices/1309162/gns-multispeciality-hospital-delhi-5f90648bda9e2.png,VN,practo,,1.0,canonical,527,Q3,,Premium,0.237979
hosp_000c4560de1ca094,Dr. Nayyar's Hospital,dr nayyar s hospital,Delhi NCR,Hospital,New Industrial Town,,28.395019929344706,77.30603814125061,873da10f1ffffff,,1.0,1.0,True,,500.0,500.0,,6.0,,+917971171887,https://www.practo.com/faridabad/hospital/dr-nayyar-s-hospital-faridabad-nit-1?referrer=hospital_listing,,VN,practo,,1.0,canonical,528,Q3,,Premium,0.237979
hosp_129a14118d7970bb,Shree Balaji Multispeciality Hospital,shree balaji multispeciality hospital,Delhi NCR,Hospital,Yamuna Vihar,,28.702462953862913,77.27174878120422,873da1b9affffff,,1.0,1.0,True,,500.0,500.0,,5.0,,+917971171887,https://www.practo.com/delhi/hospital/asian-eye-hospital-yamuna-vihar?referrer=hospital_listing,https://images1-fabric.practo.com/asian-eye-hospital-delhi-1447739329-564abfc131ef7.jpg,VN,practo,,1.0,canonical,529,Q3,,Premium,0.237928
hosp_a77b6393195555c7,Guru Gobind Singh Hospital,guru gobind singh hospital,Delhi NCR,Hospital,Sant Nagar,,28.741245109225826,77.19769299030304,873da1b94ffffff,,1.0,1.0,True,,500.0,500.0,,5.0,,+914446276052,https://www.practo.com/delhi/hospital/guru-gobind-singh-hospital-sant-nagar?referrer=hospital_listing,https://images1-fabric.practo.com/practices/1140467/guru-gobind-singh-hospital-delhi-6669422fd9305.png,VN,practo,,1.0,canonical,530,Q3,,Premium,0.237928
hosp_dae40a65c9c7da15,Arcadia Super Speciality Clinic,arcadia super speciality clinic,Delhi NCR,Hospital,New Rajendra Nagar,,28.63702193868418,77.17852056026459,873da1171ffffff,,1.0,1.0,True,,0.0,300.0,,5.0,,+911140036731,https://www.practo.com/delhi/hospital/arcadia-super-speciality-clinic-new-rajendra-nagar?referrer=hospital_listing,https://images1-fabric.practo.com/527c635da4217e9f55515d94f603f682f4ee9bcd42d87.png,VN,practo,,1.0,canonical,531,Q3,,Premium,0.237928
hosp_9f9c01d585b53e95,Dr Kochhars Dental & Orthodontic Clinic,dr kochhars dental orthodontic clinic,Delhi NCR,Hospital,Vikas Puri,,28.643914527989182,77.07765072584152,873da18d3ffffff,,1.0,1.0,True,,1200.0,1200.0,,5.0,,+911140036747,https://www.practo.com/delhi/hospital/dr-kochhar-s-dental-clinic-vikas-puri?referrer=hospital_listing,https://images1-fabric.practo.com/556c2fc3cf90fc20ad4d76fe97759aa27a0c99bff6710.jpg,VN,practo,,1.0,canonical,532,Q3,,Premium,0.237928
hosp_01a0e685e669637f,Clove Dental,clove dental,Delhi NCR,Hospital,DLF Phase I,,28.466414,77.098873,873da1036ffffff,,1.0,1.0,True,16.0,500.0,500.0,,5.0,,+911141188192,https://www.practo.com/gurgaon/hospital/clove-dental-dlf-phase-i?referrer=hospital_listing,https://images1-fabric.practo.com/clove-dental-gurgaon-1488885482-58be96ea0e071.jpg,VN,practo,,1.0,canonical,533,Q3,,Premium,0.237928
hosp_913e6de862c8318f,R S Grover Memorial Hospital,r s grover memorial hospital,Delhi NCR,Hospital,Laxmi Nagar,,,,,,1.0,1.0,True,,500.0,500.0,,4.0,,+911140036728,https://www.practo.com/delhi/hospital/r-s-grover-memorial-hospital-laxmi-nagar-1?referrer=hospital_listing,,VN,practo,,0.6,canonical,534,Q3,,Premium,0.237877
hosp_a97248abf82feee0,Guru Nanak Eye Centre Hospital,guru nanak eye centre hospital,Delhi NCR,Hospital,Ansari Nagar,,28.639376016004,77.234916687012,873da1145ffffff,,1.0,1.0,True,,0.0,0.0,,4.0,,+911140036680,https://www.practo.com/delhi/hospital/guru-nanak-eye-centre-hospital-ansari-nagar?referrer=hospital_listing,https://images1-fabric.practo.com/practices/678538/guru-nanak-eye-centre-hospital-delhi-665805c2a35a5.png,VN,practo,,1.0,canonical,535,Q3,,Premium,0.237877
hosp_2341d8565bdc965e,Target Dental Hospital,target dental hospital,Delhi NCR,Hospital,Chhatarpur,,28.494819869019,77.184274434912,873da1004ffffff,,1.0,1.0,True,,200.0,200.0,,4.0,,+914446270809,https://www.practo.com/delhi/hospital/target-dental-hospital-chhatarpur-extension?referrer=hospital_listing,https://images1-fabric.practo.com/practices/1208155/target-dental-hospital-delhi-5fba9dacee8e0.jpg,VN,practo,,1.0,canonical,536,Q3,,Premium,0.237877
hosp_dcd27a8804813407,Gendox Hospital,gendox hospital,Delhi NCR,Hospital,Mehrauli,,28.51970210534549,77.17330265790224,873da1020ffffff,,1.0,1.0,True,,300.0,300.0,,4.0,,+911161262759,https://www.practo.com/delhi/hospital/gendox-hospital-kishangarh-1?referrer=hospital_listing,,VN,practo,,1.0,canonical,537,Q3,,Premium,0.237877
hosp_b6084f3f3135f819,Clove Dental,clove dental,Delhi NCR,Hospital,Preet Vihar,,28.640742,77.294707,873da114dffffff,,1.0,1.0,True,73.0,500.0,500.0,,4.0,,+911161191358,https://www.practo.com/delhi/hospital/clove-dental-preet-vihar?referrer=hospital_listing,https://images1-fabric.practo.com/clove-dental-delhi-1490187152-58d2739038b0b.png,VN,practo,,1.0,canonical,538,Q3,,Premium,0.237877
hosp_7da7a739b18e8016,Clove Dental,clove dental,Delhi NCR,Hospital,Kirti Nagar,,28.653146,77.141327,873da18dbffffff,,1.0,1.0,True,73.0,500.0,500.0,,4.0,,+914446312689,https://www.practo.com/delhi/hospital/clove-dental-kirti-nagar?referrer=hospital_listing,https://images1-fabric.practo.com/clove-dental-delhi-1489735368-58cb8ec8870f2.png,VN,practo,,1.0,canonical,539,Q3,,Premium,0.237877
hosp_49b45724e126ab8e,Clove Dental,clove dental,Delhi NCR,Hospital,Janakpuri,,28.625187,77.101169,873da1129ffffff,,1.0,1.0,True,73.0,500.0,500.0,,4.0,,+911141188192,https://www.practo.com/delhi/hospital/clove-dental-janakpuri?referrer=hospital_listing,https://images1-fabric.practo.com/clove-dental-delhi-1488885738-58be97eab5d3c.jpg,VN,practo,,1.0,canonical,540,Q3,,Premium,0.237877
hosp_ed7741e6e4a65f56,Pristyn Care- Sec 43,pristyn care sec 43,Delhi NCR,Hospital,Gurgaon Sector 43,,28.41754649184869,77.05822678409722,873da1181ffffff,,1.0,1.0,True,4.0,600.0,600.0,,4.0,,+911140848836,https://www.practo.com/gurgaon/hospital/pristyn-care-gurgaon-sector-43?referrer=hospital_listing,https://images1-fabric.practo.com/practices/1321717/pristyn-care-sec-43-gurgaon-6a031c335192a.jpeg?original_image=https://images1-fabric.practo.com/pristyn-care-sec-43-gurgaon-6a031c335192a-original.jpeg,ABS,practo,,1.0,canonical,541,Q3,,Premium,0.237877
hosp_6d0d942817d68743,Pandit Sunderlal Multispeciality Hospital,pandit sunderlal multispeciality hospital,Delhi NCR,Hospital,Pratap Vihar,,28.644598484215,77.448023431346,873da1a99ffffff,,1.0,1.0,True,,600.0,600.0,,4.0,,+918037296909,https://www.practo.com/ghaziabad/hospital/pandit-sunderlal-multispeciality-hospital-pratap-vihar?referrer=hospital_listing,https://images1-fabric.practo.com/practices/1425430/pandit-sunderlal-multispeciality-hospital-ghaziabad-6475fda0d5f43.jpeg,VN,practo,,1.0,canonical,542,Q3,,Premium,0.237877
hosp_7aa9a4dce33eea56,Jiva Ayurveda Clinic & Panchkarma Center,jiva ayurveda clinic panchkarma center,Delhi NCR,Hospital,Rohini Sector 7,,28.7128596,77.1180197,873da18ceffffff,,1.0,1.0,True,9.0,0.0,0.0,,3.0,,+918037353906,https://www.practo.com/delhi/hospital/jiva-ayurveda-clinic-panchkarma-center-rohini-sector-7?referrer=hospital_listing,https://images1-fabric.practo.com/practices/1388782/jiva-ayurveda-clinic-panchkarma-center-delhi-628f938092c87.PNG,ABS,practo,,1.0,canonical,543,Q3,,Premium,0.237827
hosp_3b438b20751e5d79,Chopra Eye Hospital,chopra eye hospital,Delhi NCR,Hospital,Rohini,,28.708091,77.1243979999999,873da18ceffffff,,1.0,1.0,True,,700.0,700.0,,3.0,,+912048553261,https://www.practo.com/delhi/hospital/chopra-eye-hospital-rohini?referrer=hospital_listing,https://images1-fabric.practo.com/practices/639850/chopra-eye-hospital-delhi-6666f898ca9cb.png,VN,practo,,1.0,canonical,544,Q3,,Premium,0.237827
hosp_5876ed9554681fe0,Max Institute of Cancer Care,max institute cancer care,Delhi NCR,Hospital,Lajpat Nagar,,28.5645354,77.2399288,873da115effffff,,1.0,1.0,True,8.0,1500.0,1500.0,,3.0,,+911141169692,https://www.practo.com/delhi/hospital/max-institute-of-cance-care-lajpat-nagar?referrer=hospital_listing,https://images1-fabric.practo.com/practices/1182343/max-institute-of-cancer-care-delhi-5ab23fa76f284.png,RFA,practo,,1.0,canonical,545,Q3,,Premium,0.237827
hosp_6aaf9907a58dfaf0,Rama Health Care (Rama Hospital),rama health care rama hospital,Delhi NCR,Hospital,Sector 137,,28.49406276471775,77.43710093200207,873da1059ffffff,,1.0,1.0,True,,700.0,700.0,,3.0,,+911161262036,https://www.practo.com/noida/hospital/rama-hospital-a-unit-of-rama-foundation-sector-137?referrer=hospital_listing,https://images1-fabric.practo.com/practices/1136255/rama-hospital-noida-5ba294d54d96e.jpg,VN,practo,,1.0,canonical,546,Q3,,Premium,0.237827
hosp_e9126bd2fb52d95b,Vatika Hospital,vatika hospital,Delhi NCR,Hospital,Badshahpur,,28.401116,77.044763,873da1183ffffff,,1.0,1.0,True,,300.0,300.0,,3.0,,+914471966928,https://www.practo.com/gurgaon/hospital/vatika-hospital-badshahpur?referrer=hospital_listing,https://images1-fabric.practo.com/vatika-hospital-gurgaon-1490350660-58d4f2446aa91.JPG,VN,practo,,1.0,canonical,547,Q3,,Premium,0.237827
hosp_d884051896efac83,Satyam Medicare Hospital,satyam medicare hospital,Delhi NCR,Hospital,DLF Phase I,,28.46650317116,77.100725769997,873da1036ffffff,,1.0,1.0,True,,0.0,0.0,,3.0,,+914471967913,https://www.practo.com/gurgaon/hospital/satyam-medicare-hospital-dlf-phase-i?referrer=hospital_listing,,VN,practo,,1.0,canonical,548,Q3,,Premium,0.237827
hosp_c4f2a3b518ff7ee6,Vardaan Hospital,vardaan hospital,Delhi NCR,Hospital,Manesar,,28.388765,76.9421603,873da11b6ffffff,,1.0,1.0,True,,200.0,200.0,,3.0,,+911142246375,https://www.practo.com/gurgaon/hospital/vardaan-hospital-4-manesar?referrer=hospital_listing,,VN,practo,,1.0,canonical,549,Q3,,Premium,0.237827
hosp_5eb74fe2ef648820,Life Care Hospital-Mayur Vihar,life care hospital mayur vihar,Delhi NCR,Hospital,Mayur Vihar Ph-III,,,,,,1.0,1.0,True,,500.0,500.0,,2.0,,+911140036729,https://www.practo.com/delhi/hospital/life-care-hospital-mayur-vihar-mayur-vihar-ph-iii?referrer=hospital_listing,,VN,practo,,0.6,canonical,550,Q3,,Premium,0.237776
hosp_dad7059e120cf53c,Family Hospital Pvt. Ltd.,family hospital,Delhi NCR,Hospital,Tilak Nagar,,28.6443598,77.0864009,873da112dffffff,,1.0,1.0,True,,150.0,150.0,,2.0,,+911140036743,https://www.practo.com/delhi/hospital/family-hospital-p-ltd-tilak-nagar?referrer=hospital_listing,https://images1-fabric.practo.com/practices/681211/family-hospital-pvt-ltd-delhi-66719d5eae948.png,VN,practo,,1.0,canonical,551,Q3,,Premium,0.237776
hosp_1c7fda0ebec489a2,Phoolwati Jain Hospital ,phoolwati jain hospital,Delhi NCR,Hospital,Safdarjung Development Area,,28.550724,77.198161,873da1152ffffff,,1.0,1.0,True,,0.0,20.0,,2.0,,+911161260177,https://www.practo.com/delhi/hospital/phoolwati-jain-hospital-safdarjung-development-area?referrer=hospital_listing,https://images1-fabric.practo.com/practices/677372/phoolwati-jain-hospital-delhi-666d1e922d6ba.png,active,practo,,1.0,canonical,552,Q3,,Premium,0.237776
hosp_8f83b3a73588a456,Shanti Kumud Hospital,shanti kumud hospital,Delhi NCR,Hospital,Adarsh Nagar,,28.717477268716305,77.17027343809605,873da18c9ffffff,,1.0,1.0,True,,1.0,1.0,,2.0,,+918037296914,https://www.practo.com/delhi/hospital/shanti-kumud-hospital-adarsh-nagar?referrer=hospital_listing,,VN,practo,,1.0,canonical,553,Q3,,Premium,0.237776
hosp_c71acdcc8b8535b9,Sanjeevni hospital,sanjeevni hospital,Delhi NCR,Hospital,Najafgarh,,28.628763417845263,76.96661531925201,873da188affffff,,1.0,1.0,True,,200.0,200.0,,2.0,,+912048553587,https://www.practo.com/delhi/hospital/shweta-sharma-najafgarh?referrer=hospital_listing,https://images1-fabric.practo.com/practices/992130/sanjeevni-hospital-delhi-666ae4ee1c5b7.png,VN,practo,,1.0,canonical,554,Q3,,Premium,0.237776
hosp_232360ecdc9de1a8,Diet Clinic,diet clinic,Delhi NCR,Hospital,Punjabi Bagh,,28.66485,77.12958,873da18dbffffff,,1.0,1.0,True,2.0,750.0,750.0,,2.0,,+917971262940,https://www.practo.com/delhi/hospital/diet-clinic-punjabi-bagh-punjabi-bagh?referrer=hospital_listing,https://images1-fabric.practo.com/diet-clinic-punjabi-bagh-delhi-1456473343-56d004ff63c02.jpg,VN,practo,,1.0,canonical,555,Q3,,Premium,0.237776
hosp_b6a3f3d52ac3e931,Clove Dental,clove dental,Delhi NCR,Hospital,Gujranwala Town,,28.696723839991606,77.18667984008789,873da1165ffffff,,1.0,1.0,True,73.0,500.0,500.0,,2.0,,+911141194669,https://www.practo.com/delhi/hospital/clove-dental-gujranwala-town?referrer=hospital_listing,https://images1-fabric.practo.com/clove-dental-delhi-1489384190-58c632fe7afe0.png,VN,practo,,1.0,canonical,556,Q3,,Premium,0.237776
hosp_19c2eb7e21fa0cce,Clove Dental,clove dental,Delhi NCR,Hospital,Dwarka Sector 5,,28.5966,77.050644,873da112effffff,,1.0,1.0,True,73.0,500.0,500.0,,2.0,,+911141194669,https://www.practo.com/delhi/hospital/clove-dental-dwarka-sector-5?referrer=hospital_listing,https://images1-fabric.practo.com/clove-dental-delhi-1489038760-58c0eda864d70.png,VN,practo,,1.0,canonical,557,Q3,,Premium,0.237776
hosp_1c796e3265707808,Cloudnine Fertility IVF Center,cloudnine fertility ivf center,Delhi NCR,Hospital,Sushant Lok II,,28.4248992,77.10356,873da1188ffffff,,1.0,1.0,True,1.0,1500.0,1500.0,,2.0,,+911141168495,https://www.practo.com/gurgaon/hospital/cloudnine-fertility-ivf-center-sushant-lok-2?referrer=hospital_listing,https://images1-fabric.practo.com/practices/1423605/cloudnine-fertility-ivf-center-gurgaon-69df73b5c1b42.jpg,ABS,practo,,1.0,canonical,558,Q3,,Premium,0.237776
hosp_048d55dbb6432c53,Narula Hospital,narula hospital,Delhi NCR,Hospital,Gurgaon Sector 15,,28.4579865,77.0410203,873da11aeffffff,,1.0,1.0,True,,1000.0,1000.0,,2.0,,+911140036757,https://www.practo.com/gurgaon/hospital/narula-clinic-gurgaon-sector-15?referrer=hospital_listing,https://images1-fabric.practo.com/practices/605653/narula-hospital-gurgaon-66683de13c71e.png,VN,practo,,1.0,canonical,559,Q3,,Premium,0.237776
hosp_6e642e48e2dc49f1,Kairali Ayurvedic Centre,kairali ayurvedic centre,Delhi NCR,Hospital,Gurgaon Sector 43,,28.447712342055954,77.07992342281636,873da11abffffff,,1.0,1.0,True,,500.0,500.0,,2.0,,+911141171879,https://www.practo.com/gurgaon/hospital/kairali-ayurvedic-centre-gurgaon-sector-43?referrer=hospital_listing,https://images1-fabric.practo.com/practices/1149280/kairali-ayurvedic-centre-gurgaon-5948c67d6f2fe.png,VN,practo,,1.0,canonical,560,Q3,,Premium,0.237776
hosp_a2f106196a223d3c,Mohan Swaroop Hospital,mohan swaroop hospital,Delhi NCR,Hospital,Dadri,,,,,,1.0,1.0,True,,0.0,250.0,,2.0,,+911140849612,https://www.practo.com/ghaziabad/hospital/mohan-swaroop-hospital-dadri?referrer=hospital_listing,,VN,practo,,0.6,canonical,561,Q3,,Premium,0.237776
hosp_6b94fdd9139622db,City Central Hospital,city central hospital,Delhi NCR,Hospital,Ghaziabad,,28.660315,77.42699,873da1a9dffffff,,1.0,1.0,True,,100.0,400.0,,2.0,,+911140849621,https://www.practo.com/ghaziabad/hospital/city-central-hospital-nasratpura-1?referrer=hospital_listing,,VN,practo,,1.0,canonical,562,Q3,,Premium,0.237776
hosp_b1d5e7bc349353c6,Scope Hospital,scope hospital,Delhi NCR,Hospital,Indirapuram,,28.6334059730543,77.3752498626709,873da1a91ffffff,,1.0,1.0,True,,400.0,400.0,,2.0,,+911161191421,https://www.practo.com/ghaziabad/hospital/scope-hospital-indirapuram-1?referrer=hospital_listing,,VN,practo,,1.0,canonical,563,Q3,,Premium,0.237776
hosp_33473f11fe896508,Just Health,just health,Delhi NCR,Hospital,Nehru Nagar,,28.65323928270834,77.44895495474339,873da1a99ffffff,,1.0,1.0,True,,400.0,400.0,,2.0,,+911140787309,https://www.practo.com/ghaziabad/hospital/just-health-ghaziabad-city?referrer=hospital_listing,,VN,practo,,1.0,canonical,564,Q3,,Premium,0.237776
hosp_25f0b8ce1866f086,Nims Hospital,nims hospital,Delhi NCR,Hospital,Sector-23,,28.357343624746072,77.29640632867813,873da10f3ffffff,,1.0,1.0,True,,400.0,400.0,,2.0,,+912071177300,https://www.practo.com/faridabad/hospital/nims-hospital-sector-23?referrer=hospital_listing,https://images1-fabric.practo.com/practices/1106350/nims-hospital-faridabad-664739af94da5.png,VN,practo,,1.0,canonical,565,Q3,,Premium,0.237776
hosp_14ec95e73b3a1b9e,Dr. Kanika's Dental Hub ,dr kanika s dental hub,Delhi NCR,Hospital,Sector 86,,28.4026371,77.3410569,873da10c5ffffff,,1.0,1.0,True,,300.0,300.0,,2.0,,+911140036740,https://www.practo.com/faridabad/hospital/doctor-today-multispeciality-hospital-new-industrial-township-5?referrer=hospital_listing,https://images1-fabric.practo.com/practices/2076670/dr-kanika-s-dental-hub-faridabad-6a1e7e87944a4.jpeg?original_image=https://images1-fabric.practo.com/dr-kanika-s-dental-hub-faridabad-6a1e7e87944a4-original.jpeg,VN,practo,,1.0,canonical,566,Q3,,Premium,0.237776
hosp_9ffa0aa1fe27dafe,Sai Siddhi Urology and Multispeciality Hospital,sai siddhi urology multispeciality hospital,Delhi NCR,Hospital,Gurgaon Sector 46,,28.438741,77.05381,873da11aaffffff,,4.0,5.0,True,1.0,800.0,1500.0,4.0,152.0,,+911142246386,https://www.practo.com/gurgaon/hospital/sai-siddhi-urology-and-multispeciality-hospital-gurgaon-sector-46?referrer=hospital_listing,https://images1-fabric.practo.com/practices/1222081/sai-siddhi-urology-and-multispeciality-hospital-gurgaon-5e27f3e941d09.png,VN,practo,,1.0,canonical,567,Q3,,Premium,0.237754
hosp_591d0cb51fa39c75,Bhagwan Mahavir Hospital,bhagwan mahavir hospital,Delhi NCR,Hospital,Rohini,,28.6876906,77.1172441,873da18ddffffff,,1.0,1.0,True,,50.0,50.0,,,,+911161260160,https://www.practo.com/delhi/hospital/bhagwan-mahavir-hospital-rohini?referrer=hospital_listing,https://images1-fabric.practo.com/practices/687966/bhagwan-mahavir-hospital-delhi-66572098c10b5.png,VN,practo,,1.0,canonical,568,Q3,,Premium,0.237674
hosp_a9ec25497453770b,Nestiva Hospital,nestiva hospital,Delhi NCR,Hospital,Munirka,,28.55592384257819,77.1746689081192,873da1156ffffff,,1.0,1.0,True,,0.0,0.0,,,,+914471967261,https://www.practo.com/delhi/hospital/nestiva-hospital-1-munirka?referrer=hospital_listing,,active,practo,,1.0,canonical,569,Q3,,Premium,0.237674
hosp_a1476c6991fa12cc,Sai Vinayak Dental Hospital,sai vinayak dental hospital,Delhi NCR,Hospital,Shalimar Bagh,,28.705988,77.167209,873da18cbffffff,,1.0,1.0,True,,100.0,100.0,,,,+911140036741,https://www.practo.com/delhi/hospital/sai-vinayak-dental-hospital-shalimar-bagh?referrer=hospital_listing,https://images1-fabric.practo.com/practices/600429/sai-vinayak-dental-hospital-delhi-665d9a0be1dd2.png,VN,practo,,1.0,canonical,570,Q3,,Premium,0.237674
hosp_8f28690828329ab8,Get Well Hospital ,get well hospital,Delhi NCR,Hospital,Shalimar Bagh,,,,,,1.0,1.0,True,,0.0,0.0,,,,+911140036742,https://www.practo.com/delhi/hospital/get-well-hospital-shalimar-bagh?referrer=hospital_listing,,VN,practo,,0.6,canonical,571,Q3,,Premium,0.237674
hosp_15eaa8339759006b,Parvesh Kumar Jain Charitable Hospital ,parvesh kumar jain charitable hospital,Delhi NCR,Hospital,Shahdara,,,,,,1.0,1.0,True,,80.0,300.0,,,,+911140036741,https://www.practo.com/delhi/hospital/parvesh-kumar-jain-charitable-hospital-shahdara?referrer=hospital_listing,,VN,practo,,0.6,canonical,572,Q3,,Premium,0.237674
hosp_2925f89e0ebfa8c9,Jainar Hospital,jainar hospital,Delhi NCR,Hospital,Meera Bagh,,28.66057592713961,77.09072213619947,873da18deffffff,,1.0,1.0,True,,800.0,800.0,,,,+914471967335,https://www.practo.com/delhi/hospital/jainar-hospital-meera-bagh?referrer=hospital_listing,https://images1-fabric.practo.com/practices/1170805/jainar-hospital-delhi-666c30b9bb5dd.png,VN,practo,,1.0,canonical,573,Q3,,Premium,0.237674
hosp_f43a11134e2e0294,Mudit Vishwakarma Hospital,mudit vishwakarma hospital,Delhi NCR,Hospital,Dwarka,,,,,,1.0,1.0,True,,100.0,200.0,,,,+911140036709,https://www.practo.com/delhi/hospital/mudit-vishwakarma-hospital-dwarka?referrer=hospital_listing,,VN,practo,,0.6,canonical,574,Q3,,Premium,0.237674
hosp_7539e2de5f1ca27f,Febris Hospital,febris hospital,Delhi NCR,Hospital,Narela,,28.843165923490446,77.10143387317657,873da1842ffffff,,1.0,1.0,True,,200.0,200.0,,,,+914461712656,https://www.practo.com/delhi/hospital/febris-hospital-narela?referrer=hospital_listing,https://images1-fabric.practo.com/practices/1176230/febris-hospital-delhi-6673e3ce4ffc9.png,VN,practo,,1.0,canonical,575,Q3,,Premium,0.237674
hosp_45558f98f2587439,Fortis Hospital,fortis hospital,Delhi NCR,Hospital,Anand Parbat,,28.6645905,77.1751723,873da1160ffffff,,1.0,1.0,True,,0.0,0.0,,,,+911141169534,https://www.practo.com/delhi/hospital/fortis-hospital-1-anand-parbat?referrer=hospital_listing,,VN,practo,,1.0,canonical,576,Q3,,Premium,0.237674
hosp_1cfda8ef0037d29d,Max,max,Delhi NCR,Hospital,Saket,,28.527308180106616,77.20803257077932,873da102cffffff,,1.0,1.0,True,,1000.0,1000.0,,,,+911161266300,https://www.practo.com/delhi/hospital/conquer-cancer-center-gole-market?referrer=hospital_listing,https://images1-fabric.practo.com/practices/1293521/max-delhi-67f7b20852fa0.png,VN,practo,,1.0,canonical,577,Q3,,Premium,0.237674
hosp_0e918d2c58136b56,Adarsh Hospital,adarsh hospital,Delhi NCR,Hospital,Panchsheel Enclave,,28.451552395733,77.089733803271,873da11abffffff,,1.0,1.0,True,,400.0,400.0,,,,+914471967084,https://www.practo.com/delhi/hospital/adarsh-physiotherapy-panchsheel-enclave?referrer=hospital_listing,https://images1-fabric.practo.com/practices/1193830/adarsh-hospital-delhi-664c860975780.png,VN,practo,,1.0,canonical,578,Q3,,Premium,0.237674
hosp_cc06fcdcb5548cfa,The Body Care,body care,Delhi NCR,Hospital,Gujranwala Town,,28.699154,77.185235,873da1165ffffff,,1.0,1.0,True,,500.0,500.0,,,,+914446270809,https://www.practo.com/delhi/hospital/the-body-care-gujrawala-town-gujranwala-town?referrer=hospital_listing,https://images1-fabric.practo.com/practices/1186020/the-body-care-delhi-5add75c262ec0.PNG,VN,practo,,1.0,canonical,579,Q3,,Premium,0.237674
hosp_dcebb5b96910b43f,Nijhara Hospitals,nijhara hospitals,Delhi NCR,Hospital,Patel Nagar South,,28.634395045938813,77.165785,873da1175ffffff,,1.0,1.0,True,,200.0,200.0,,,,+914446312693,https://www.practo.com/delhi/hospital/manikaphysiocare-inder-puri?referrer=hospital_listing,,VN,practo,,1.0,canonical,580,Q3,,Premium,0.237674
hosp_353ff00803a7be1c,Delhi Hospital & Nursing Home,delhi hospital nursing home,Delhi NCR,Hospital,Model Town,,,,,,1.0,1.0,True,,300.0,300.0,,,,+918037311397,https://www.practo.com/delhi/hospital/delhi-hospital-nursing-home-model-town?referrer=hospital_listing,,VN,practo,,0.6,canonical,581,Q3,,Premium,0.237674
hosp_ca5fa645ae89cb0c,Jackson Hospital,jackson hospital,Delhi NCR,Hospital,Rohini,,28.7380559,77.1220357,873da18ccffffff,,1.0,1.0,True,,300.0,300.0,,,,+914471967004,https://www.practo.com/delhi/hospital/jackson-hospital-rohini?referrer=hospital_listing,,VN,practo,,1.0,canonical,582,Q3,,Premium,0.237674
hosp_4628ae1ae7e13cdd,The Body Care,body care,Delhi NCR,Hospital,Rajouri Garden,,28.64848,77.1204,873da18daffffff,,1.0,1.0,True,,500.0,500.0,,,,+914448132962,https://www.practo.com/delhi/hospital/the-body-care-8-rajouri-garden?referrer=hospital_listing,https://images1-fabric.practo.com/practices/1186688/the-body-care-delhi-5add75345781e.PNG,VN,practo,,1.0,canonical,583,Q3,,Premium,0.237674
hosp_2457846dd8101dda,Nirmal Hospital,nirmal hospital,Delhi NCR,Hospital,Sultanpuri,,29.933843,77.116736,873d12828ffffff,,1.0,1.0,True,,400.0,400.0,,,,+911140845976,https://www.practo.com/delhi/hospital/nirmal-hospital-sultanpuri?referrer=hospital_listing,,VN,practo,,1.0,canonical,584,Q3,,Premium,0.237674
hosp_6b4451d3cf956697,MSS Hospital,mss hospital,Delhi NCR,Hospital,Pitampura,,28.7031296,77.1547136,873da18cbffffff,,1.0,1.0,True,,500.0,500.0,,,,+911141133804,https://www.practo.com/delhi/hospital/mss-hospital-1-pitampura?referrer=hospital_listing,https://images1-fabric.practo.com/practices/1255272/mss-hospital-delhi-5ce4ddb78524b.png,VN,practo,,1.0,canonical,585,Q3,,Premium,0.237674
hosp_c14d342cc7bd4e3d,Shree Dada Dev Hospital,shree dada dev hospital,Delhi NCR,Hospital,Dabrivillage,,28.609861484422918,77.08249110728502,873da1128ffffff,,1.0,1.0,True,,500.0,500.0,,,,+911140844820,https://www.practo.com/delhi/hospital/shree-dada-dev-hospital-dabrivillage?referrer=hospital_listing,,VN,practo,,1.0,canonical,586,Q3,,Premium,0.237674
hosp_4493e3e43c7adf1b,Jain Hospital,jain hospital,Delhi NCR,Hospital,Shakti Nagar,,28.695063076834,77.188763997822,873da1165ffffff,,1.0,1.0,True,,250.0,250.0,,,,+914461712706,https://www.practo.com/delhi/hospital/jain-hospital-20-shakti-nagar?referrer=hospital_listing,https://images1-fabric.practo.com/practices/1219332/jain-hospital-delhi-66584f56946f1.png,VN,practo,,1.0,canonical,587,Q3,,Premium,0.237674
hosp_54b57b79ffb41179,Gambhir Hospital,gambhir hospital,Delhi NCR,Hospital,Rajouri Garden,,28.6419339,77.1227194,873da18daffffff,,1.0,1.0,True,,500.0,500.0,,,,+911142213882,https://www.practo.com/delhi/hospital/gambhir-hospital-rajouri-garden-2?referrer=hospital_listing,,VN,practo,,1.0,canonical,588,Q3,,Premium,0.237674
hosp_b8637ed58ae94543,Kairali Ayurvedic Centre,kairali ayurvedic centre,Delhi NCR,Hospital,Mehrauli,,28.507955,77.181412,873da1023ffffff,,1.0,1.0,True,,500.0,500.0,,,,+911141171881,https://www.practo.com/delhi/hospital/kairali-ayurvedic-centre-mehrauli-1?referrer=hospital_listing,https://images1-fabric.practo.com/practices/1219641/kairali-ayurvedic-centre-delhi-5b7bcfe691bb1.png,VN,practo,,1.0,canonical,589,Q3,,Premium,0.237674
hosp_a681a4365e7a935c,Diet Clinic,diet clinic,Delhi NCR,Hospital,Gujranwala Town,,28.69525,77.193447,873da1165ffffff,,1.0,1.0,True,2.0,750.0,750.0,,,,+911141168799,https://www.practo.com/delhi/hospital/diet-clinic-gujranwala-town-1-gujranwala-town?referrer=hospital_listing,https://images1-fabric.practo.com/diet-clinic-gujranwala-town-delhi-1482212976-5858c670b635e.png,VN,practo,,1.0,canonical,590,Q3,,Premium,0.237674
hosp_40efff089caa9212,Clove Dental,clove dental,Delhi NCR,Hospital,Patel Nagar East,,28.644402,77.172843,873da1162ffffff,,1.0,1.0,True,73.0,500.0,500.0,,,,+911141194669,https://www.practo.com/delhi/hospital/clove-dental-patel-nagar-east?referrer=hospital_listing,https://images1-fabric.practo.com/clove-dental-delhi-1489731338-58cb7f0a52e0a.png,VN,practo,,1.0,canonical,591,Q3,,Premium,0.237674
hosp_128ec8d0e5dc6978,Clove Dental,clove dental,Delhi NCR,Hospital,Rohini,,28.70180333203289,77.11744666099548,873da18ceffffff,,1.0,1.0,True,73.0,500.0,500.0,,,,+911141168288,https://www.practo.com/delhi/hospital/clove-dental-rohini?referrer=hospital_listing,https://images1-fabric.practo.com/practices/1141814/clove-dental-delhi-5acaf435b6432.png,VN,practo,,1.0,canonical,592,Q3,,Premium,0.237674
hosp_fded03dc2b29e494,Clove Dental,clove dental,Delhi NCR,Hospital,Shalimar Bagh,,28.702868,77.162081,873da18cbffffff,,1.0,1.0,True,73.0,500.0,500.0,,,,+911140036742,https://www.practo.com/delhi/hospital/clove-dental-shalimar-bagh?referrer=hospital_listing,https://images1-fabric.practo.com/practices/1143730/clove-dental-delhi-58edff6eca885.png,VN,practo,,1.0,canonical,593,Q3,,Premium,0.237674
hosp_9b5cb0c9d8d9b08d,Clove Dental,clove dental,Delhi NCR,Hospital,Rajouri Garden,,28.654494,77.118967,873da18daffffff,,1.0,1.0,True,73.0,500.0,500.0,,,,+911140036736,https://www.practo.com/delhi/hospital/clove-dental-rajouri-garden-2?referrer=hospital_listing,https://images1-fabric.practo.com/clove-dental-delhi-1490075016-58d0bd88723a7.png,VN,practo,,1.0,canonical,594,Q3,,Premium,0.237674
hosp_9709cd1177cf312a,Clove Dental,clove dental,Delhi NCR,Hospital,Punjabi Bagh,,28.669814,77.133847,873da18d9ffffff,,1.0,1.0,True,73.0,500.0,500.0,,,,+911143060238,https://www.practo.com/delhi/hospital/clove-dental-punjabi-bagh?referrer=hospital_listing,https://images1-fabric.practo.com/clove-dental-delhi-1489039625-58c0f109e2aa4.png,VN,practo,,1.0,canonical,595,Q3,,Premium,0.237674
hosp_72bdb06cb61b27de,Clove Dental,clove dental,Delhi NCR,Hospital,Mukherjee Nagar,,28.710389,77.206888,873da1b92ffffff,,1.0,1.0,True,73.0,500.0,500.0,,,,+911140036730,https://www.practo.com/delhi/hospital/clove-dental-mukherjee-nagar-1?referrer=hospital_listing,https://images1-fabric.practo.com/practices/677889/clove-dental-delhi-58edeff7e49cb.png,VN,practo,,1.0,canonical,596,Q3,,Premium,0.237674
hosp_753a74c68be1ff3a,JIVA Ayurveda,jiva ayurveda,Delhi NCR,Hospital,Karol Bagh,,28.652781,77.192144,873da1162ffffff,,1.0,1.0,True,9.0,0.0,0.0,,,,+917317154306,https://www.practo.com/delhi/hospital/jiva-ayurveda-karol-bagh?referrer=hospital_listing,https://images1-fabric.practo.com/practices/1183033/jiva-ayurveda-delhi-605d7856aaf8c.jpg,ABS,practo,,1.0,canonical,597,Q3,,Premium,0.237674
hosp_570b61e763cf4d61,Clove Dental,clove dental,Delhi NCR,Hospital,Tilak Nagar,,28.639071,77.105701,873da18daffffff,,1.0,1.0,True,73.0,500.0,500.0,,,,+911141194669,https://www.practo.com/delhi/hospital/clove-dental-tilak-nagar-1?referrer=hospital_listing,https://images1-fabric.practo.com/practices/1185811/clove-dental-delhi-5ac740f18fa0a.png,VN,practo,,1.0,canonical,598,Q3,,Premium,0.237674
hosp_3014128a418b1de7,"Vibes -  Slimming, Beauty & Laser Clinic",vibes slimming beauty laser clinic,Delhi NCR,Hospital,Preet Vihar,,28.643543,77.298312,873da114dffffff,,1.0,1.0,True,1.0,0.0,0.0,,,,+914446315128,https://www.practo.com/delhi/hospital/vibes-slimming-beauty-laser-clinic-preet-vihar?referrer=hospital_listing,https://images1-fabric.practo.com/practices/1186240/vibes-clinic-delhi-5acd9cc4566e8.png,VN,practo,,1.0,canonical,599,Q3,,Premium,0.237674
hosp_db1c1de60ad04c63,Gurugram Hospital,gurugram hospital,Delhi NCR,Hospital,Gurgaon Sector 66,,28.3955114,77.0465385,873da1183ffffff,,1.0,1.0,True,,300.0,300.0,,,,+914461712675,https://www.practo.com/gurgaon/hospital/gurugram-hospital-gurgaon-sector-66?referrer=hospital_listing,https://images1-fabric.practo.com/practices/1165923/gurugram-hospital-gurgaon-5a0bfd15652b8.jpeg,VN,practo,,1.0,canonical,600,Q3,,Premium,0.237674
hosp_d7f7c11f5cbf7501,Dental Excellence,dental excellence,Delhi NCR,Hospital,DLF Phase I,,28.465962322103117,77.09878586232662,873da1036ffffff,,1.0,1.0,True,,700.0,700.0,,,,+914446310179,https://www.practo.com/gurgaon/hospital/dental-healing-arts-sanjeevani-hospital-new-colony?referrer=hospital_listing,https://images1-fabric.practo.com/practices/1157701/dental-excellence-gurgaon-665988f4a9401.png,VN,practo,,1.0,canonical,601,Q3,,Premium,0.237674
hosp_11e4901a1a7c51b9,Pet Chikitsa Veterinary Hospital,pet chikitsa veterinary hospital,Delhi NCR,Hospital,Gurgaon Sector 46,,28.43905932667063,77.05425549298525,873da11aaffffff,,1.0,1.0,True,,699.0,699.0,,,,+914440115002,https://www.practo.com/gurgaon/hospital/pet-chikitsa-veterinary-hospital-gurgaon-sector-46?referrer=hospital_listing,https://images1-fabric.practo.com/practices/1184035/pet-chikitsa-veterinary-hospital-gurgaon-6662b30db9258.png,VN,practo,,1.0,canonical,602,Q3,,Premium,0.237674
hosp_076df61e3af7c555,Cessna Lifeline Veterinary Hospital,cessna lifeline veterinary hospital,Delhi NCR,Hospital,Gurgaon Sector 45,,28.439737374566,77.063966540405,873da11aaffffff,,1.0,1.0,True,,600.0,600.0,,,,+911142213882,https://www.practo.com/gurgaon/hospital/cessna-lifeline-veterinary-hospital-gurgaon-sector-38?referrer=hospital_listing,https://images1-fabric.practo.com/practices/1168149/cessna-lifeline-veterinary-hospital-gurgaon-5a158bba56edf.jpg,VN,practo,,1.0,canonical,603,Q3,,Premium,0.237674
hosp_83c084f2e692e6e0,Ayushman Hospital,ayushman hospital,Delhi NCR,Hospital,Gurgaon Sector 95,,28.6359552,77.2046848,873da1144ffffff,,1.0,1.0,True,,2000.0,2000.0,,,,+914446276053,https://www.practo.com/gurgaon/hospital/ayushman-hospital-1-gurgaon-sector-95?referrer=hospital_listing,https://images1-fabric.practo.com/practices/1243318/ayushman-hospital-gurgaon-665835fd0a2a2.png,VN,practo,,1.0,canonical,604,Q3,,Premium,0.237674
hosp_8eca5fbcaf21bdda,Dr Sumit Bansal's Urology Clinic,dr sumit bansal s urology clinic,Delhi NCR,Hospital,Gurgaon Sector 65,,28.397969278566,77.064757347107,873da1183ffffff,,1.0,1.0,True,,1000.0,1000.0,,,,+911140036480,https://www.practo.com/gurgaon/hospital/narayana-superspeciality-hospital-2-dlf-phase-iii-2?referrer=hospital_listing,,VN,practo,,1.0,canonical,605,Q3,,Premium,0.237674
hosp_89483fd80e4d4dfa,Anjali Mukerjee Health Total,anjali mukerjee health total,Delhi NCR,Hospital,DLF Phase IV,,28.4672,77.081359,873da11a9ffffff,,1.0,1.0,True,2.0,0.0,0.0,,,,+918037320709,https://www.practo.com/gurgaon/hospital/anjali-mukerjee-health-total-dlf-phase-iv?referrer=hospital_listing,https://images1-fabric.practo.com/anjali-mukerjee-health-total-gurgaon-1477575984-5812053038b0d.png,VN,practo,,1.0,canonical,606,Q3,,Premium,0.237674
hosp_68e5100928d3dc70,Bansal Hospital,bansal hospital,Delhi NCR,Hospital,Nehru Nagar,,28.661899089738,77.437997236225,873da1a9dffffff,,1.0,1.0,True,,200.0,200.0,,,,+911140787309,https://www.practo.com/ghaziabad/hospital/bansal-hospital-17-nehru-nagar-1?referrer=hospital_listing,,VN,practo,,1.0,canonical,607,Q3,,Premium,0.237674
hosp_edadaccbcb79c98c,Dr.Rani Ghai Hospital,dr rani ghai hospital,Delhi NCR,Hospital,Vijay Nagar,,28.643931743603,77.427345270198,873da1a98ffffff,,1.0,1.0,True,,500.0,500.0,,,,+911140848439,https://www.practo.com/ghaziabad/hospital/rani-ghai-nursing-home-ghaziabad-vijai-nagar?referrer=hospital_listing,https://images1-fabric.practo.com/practices/1286429/dr-rani-ghai-hospital-ghaziabad-68071cfe902bc.jpg,VN,practo,,1.0,canonical,608,Q3,,Premium,0.237674
hosp_615fdcd6964e732a,Pt. Sunder Lal Hospital,pt sunder lal hospital,Delhi NCR,Hospital,Pratap Vihar,,28.64543028366456,77.42104321718216,873da1a98ffffff,,1.0,1.0,True,,100.0,100.0,,,,+918037309351,https://www.practo.com/ghaziabad/hospital/crossing-smile-dental-clinic-crossings-republik?referrer=hospital_listing,https://images1-fabric.practo.com/practices/1117688/pt-sunder-lal-hospital-ghaziabad-5a117f19d4154.jpg,VN,practo,,1.0,canonical,609,Q3,,Premium,0.237674
hosp_88d793290749dfe0,Pawan Hospital,pawan hospital,Delhi NCR,Hospital,Fatehpur Tagga,,28.321811752178565,77.28355519473553,873da10d6ffffff,,1.0,1.0,True,,0.0,0.0,,,,+914446314530,https://www.practo.com/faridabad/hospital/sewa-clinic-fatehpur-tagga?referrer=hospital_listing,,VN,practo,,1.0,canonical,610,Q3,,Premium,0.237674
hosp_ec63641f9e26c279,"Dr Deepa Aggarwal, Om Medical Centre",dr deepa aggarwal om medical centre,Delhi NCR,Hospital,Gadpuri,,28.3576127,77.3297137,873da10c2ffffff,,1.0,1.0,True,,0.0,0.0,,,,+911140848834,https://www.practo.com/faridabad/hospital/dr-deepa-aggarwal-om-medical-centre-gadpuri?referrer=hospital_listing,,active,practo,,1.0,canonical,611,Q3,,Premium,0.237674
hosp_8ff3fa684ab2af6d,Aadhya9 Multi-speciality Hospital,aadhya9 multi speciality hospital,Delhi NCR,Hospital,Shadipur,,28.6517553,77.1584775,873da1166ffffff,,20.0,11.0,True,,500.0,1500.0,3.5,20.0,,+917948501226,https://www.practo.com/delhi/hospital/aadhya9-multi-speciality-hospital-shadipur?referrer=hospital_listing,https://images1-fabric.practo.com/practices/1577220/aadhya9-multi-speciality-hospital-delhi-67d94343e0193.png,ABS,practo,,1.0,canonical,612,Q3,,Premium,0.237509
hosp_ca8be0d38f95bcbc,Veena Nursing Home,veena nursing home,Delhi NCR,Hospital,Mangalam Place,,28.6987275,77.1187798,873da18ddffffff,,4.0,4.0,True,,800.0,1000.0,4.0,38.0,,+911140036316,https://www.practo.com/delhi/hospital/veena-nursing-home-rohini-extension?referrer=hospital_listing,https://images1-fabric.practo.com/practices/1475176/veena-nursing-home-new-delhi-66e17730d0ab9.jpg,VN,practo,,1.0,canonical,613,Q3,,Premium,0.237474
hosp_8fe9110965a1fa68,Centre for Sight,centre for sight,Delhi NCR,Hospital,Preet Vihar,,28.6410103,77.2929392,873da114dffffff,,14.0,1.0,False,6.0,450.0,1600.0,4.5,54.0,,+918047284034,https://www.practo.com/delhi/hospital/center-for-sight-preet-vihar?referrer=hospital_listing,https://images1-fabric.practo.com/practices/687343/centre-for-sight-preet-vihar-delhi-58e3e52e06287.jpg,ABS,practo,,1.0,canonical,614,Q3,,Premium,0.237224
hosp_3e476af38c49c360,Cribs Hospital,cribs hospital,Delhi NCR,Hospital,Jasola,,28.543136011127,77.30032838881,873da1075ffffff,,14.0,11.0,True,,0.0,700.0,3.5,17.0,,+917971171887,https://www.practo.com/delhi/hospital/cribs-hospital-jasola-1?referrer=hospital_listing,https://images1-fabric.practo.com/practices/1138052/cribs-hospital-delhi-5bbb5e1e6a48e.jpeg,VN,practo,,1.0,canonical,615,Q3,,Premium,0.236804
hosp_c15606015876ab54,Sunrise Hospitals,sunrise hospitals,Delhi NCR,Hospital,New Friends Colony,,28.5770833,77.2659076,873da1158ffffff,,6.0,4.0,True,1.0,1000.0,1500.0,4.0,91.0,,+917948501242,https://www.practo.com/delhi/hospital/sunrise-hospitals-new-friends-colony?referrer=hospital_listing,https://images1-fabric.practo.com/sunrise-hospitals-1440395970-55dab2c237d37.png,ABS,practo,,1.0,canonical,616,Q3,,Premium,0.236684
hosp_ff42a6d8b05a418f,Prayag Hospital,prayag hospital,Delhi NCR,Hospital,Sector 41,,28.56729849740082,77.35969305038452,873da1063ffffff,,30.0,16.0,True,,300.0,3100.0,3.5,40.0,,+917948501282,https://www.practo.com/noida/hospital/prayag-hospital-sector-41?referrer=hospital_listing,https://images1-fabric.practo.com/practices/799715/prayag-hospital-noida-69ae84b3d091a.png,ABS,practo,,1.0,canonical,617,Q3,,Premium,0.236419
hosp_122cf33934344669,Pristyn Care Clinic,pristyn care clinic,Delhi NCR,Hospital,Dwarka,,28.581273061041,77.051119486695,873da1105ffffff,,4.0,4.0,True,11.0,0.0,500.0,4.0,55.0,,+911141193997,https://www.practo.com/delhi/hospital/pristyn-care-clinics-dwarka?referrer=hospital_listing,https://images1-fabric.practo.com/practices/1243144/pristyn-care-delhi-5fb3be0e5cd87.png,active,practo,,1.0,canonical,618,Q3,,Premium,0.236216
hosp_aa5b5abdc066022e,Max Super Speciality Hospital - Saket West Wing,max super speciality hospital saket west wing,Delhi NCR,Hospital,Saket,,28.52774,77.21141,873da102cffffff,,39.0,29.0,True,8.0,800.0,3000.0,3.5,505.0,,+917317160945,https://www.practo.com/delhi/hospital/max-super-speciality-hospital-saket-saket-3?referrer=hospital_listing,https://images1-fabric.practo.com/practices/699949/max-super-speciality-hospital-saket-west-wing-delhi-63eb7ebf72ca9.jpeg,RFA,practo,,1.0,canonical,619,Q3,,Premium,0.236038
hosp_8dec0b761e27f2db,Centre for Sight,centre for sight,Delhi NCR,Hospital,Ashok Vihar,,28.6923159,77.1773795,873da1165ffffff,,8.0,1.0,False,6.0,700.0,1600.0,5.0,17.0,,+918047284128,https://www.practo.com/delhi/hospital/center-for-sight-ashok-vihar?referrer=hospital_listing,https://images1-fabric.practo.com/practices/838065/centre-for-sight-ashok-vihar-delhi-58e3e35a18240.jpg,ABS,practo,,1.0,canonical,620,Q3,,Premium,0.236016
hosp_c6e893d0d81eb9c7,Chaudhary Hospital,chaudhary hospital,Delhi NCR,Hospital,Sector 50,,,,,,2.0,2.0,True,,300.0,300.0,4.0,14.0,,+911140849612,https://www.practo.com/noida/hospital/chaudhary-hospital-noida-sector-50?referrer=hospital_listing,,VN,practo,,0.6,canonical,621,Q3,,Premium,0.23595
hosp_91ea5e3b43ccfd86,"Prakash,Indogulf Hospital,Life Care Medical Center",prakash indogulf hospital life care medical center,Delhi NCR,Hospital,Sector 62,,28.620764,77.363929,873da1a92ffffff,,1.0,,True,,400.0,400.0,,,,+911161191400,https://www.practo.com/noida/hospital/prakash-indogulf-hospital-life-care-medical-centre-sector-62-noida?referrer=hospital_listing,,active,practo,,1.0,canonical,622,Q3,,Premium,0.235788
hosp_7418ece81aa12141,Progeny IVF - ICSI Centre,progeny ivf icsi centre,Delhi NCR,Hospital,Punjabi Bagh,,28.66662,77.12454,873da18d8ffffff,,2.0,5.0,True,,1000.0,1000.0,4.0,113.0,,+911161262605,https://www.practo.com/delhi/hospital/progeny-ivf-icsi-centre-punjabi-bagh?referrer=hospital_listing,https://images1-fabric.practo.com/progeny-an-ivf-icsi-centre-delhi-1485169085-5885e1bd10608.jpg,VN,practo,,1.0,canonical,623,Q3,,Premium,0.235696
hosp_6e5479e8d5431300,Narang Eye Institute,narang eye institute,Delhi NCR,Hospital,Model Town,,28.703219682364,77.191843621791,873da1165ffffff,,6.0,2.0,True,1.0,1200.0,1200.0,4.0,34.0,,+917948501159,https://www.practo.com/delhi/hospital/narang-eye-institute-model-town?referrer=hospital_listing,https://images1-fabric.practo.com/practices/2082046/narang-eye-institute-an-asg-enterprise-delhi-6894639cc924c.png,ABS,practo,,1.0,canonical,624,Q3,,Premium,0.235565
hosp_caa2b06ce726fba2,Kailash Hospital,kailash hospital,Delhi NCR,Hospital,Sector 27,,28.57762523158909,77.33158349990845,873da1060ffffff,,20.0,19.0,False,,0.0,0.0,,,,+918037311169,https://www.practo.com/noida/hospital/kailash-hospital-noida-noida-sector-27-1?referrer=hospital_listing,,VN,practo,,1.0,canonical,625,Q3,,Premium,0.235355
hosp_b88152930c2eb1b9,Indira IVF - Fertility and IVF Center,indira ivf fertility ivf center,Delhi NCR,Hospital,Patel Nagar South,,28.646966967032803,77.16535527259113,873da1175ffffff,,6.0,2.0,True,,500.0,600.0,4.0,37.0,,+917948501253,https://www.practo.com/delhi/hospital/indira-ivf-hospital-delhi-patel-nagar-south?referrer=hospital_listing,https://images1-fabric.practo.com/practices/1208590/indira-ivf-fertility-and-ivf-center-delhi-6051e9ff760ee.png,ABS,practo,,1.0,canonical,626,Q3,,Premium,0.235244
hosp_e1a69e6ec0da01f2,Deepak Memorial Hospital,deepak memorial hospital,Delhi NCR,Hospital,Karkardooma,,28.645289,77.300896,873da114dffffff,,20.0,14.0,True,,0.0,600.0,3.5,28.0,,+911140036724,https://www.practo.com/delhi/hospital/deepak-memorial-hospital-medical-research-centre-vikas-nagar?referrer=hospital_listing,https://images1-fabric.practo.com/practices/705203/deepak-memorial-hospital-delhi-66616af29297b.png,VN,practo,,1.0,canonical,627,Q3,,Premium,0.234917
hosp_efbc8b2fa73f5536,Delhi ENT Multispeciality Hospital And Resarch Centre,delhi ent multispeciality hospital resarch centre,Delhi NCR,Hospital,Jasola,,28.53996,77.29212,873da1070ffffff,,4.0,3.0,True,,400.0,1100.0,4.0,46.0,,+911140036723,https://www.practo.com/delhi/hospital/delhi-ent-multispeciality-hospital-and-resarch-centre-jasola?referrer=hospital_listing,,VN,practo,,1.0,canonical,628,Q3,,Premium,0.234901
hosp_53d04191c8314b00,Park Hospital,park hospital,Delhi NCR,Hospital,Gurgaon Sector 47,,28.419994781809162,77.04833149909973,873da1181ffffff,,44.0,28.0,True,1.0,0.0,66666.0,3.5,229.0,,+917948501306,https://www.practo.com/gurgaon/hospital/park-hospital-1-gurgaon-sector-47-18?referrer=hospital_listing,https://images1-fabric.practo.com/practices/1457716/park-hospital-gurgaon-664adc2be6879.jpeg,ABS,practo,,1.0,canonical,629,Q3,,Premium,0.234284
hosp_934f247e79b01fd6,Ashoka Nursing Home & Multispeciality Hospital,ashoka nursing home multispeciality hospital,Delhi NCR,Hospital,Krishna Nagar,,28.65935529715774,77.28360414505005,873da116bffffff,,4.0,3.0,True,,0.0,800.0,4.0,60.0,,+911140036726,https://www.practo.com/delhi/hospital/ashoka-nursing-home-and-multispeciality-hospital-krishna-nagar?referrer=hospital_listing,https://images1-fabric.practo.com/practices/635670/ashoka-nursing-home-multispeciality-hospital-delhi-5f9803411769b.png,VN,practo,,1.0,canonical,630,Q3,,Premium,0.234084
hosp_b3818cf446352c05,Lall Hospitals,lall hospitals,Delhi NCR,Hospital,Railway Road,,28.46676,77.0274416,873da11a1ffffff,,3.0,4.0,True,,500.0,800.0,3.5,38.0,1980.0,+912071173190,https://www.practo.com/gurgaon/hospital/lall-nursing-home-and-maternity-centre-eye-and-skin-care-centre-railway-road?referrer=hospital_listing,https://images1-fabric.practo.com/practices/801046/lall-nursing-home-maternity-centre-eye-skin-care-centre-gurgaon-5d8b57a313b65.png,VN,practo,,1.0,canonical,631,Q3,,Premium,0.234007
hosp_a5f647c5f8fbaf35,Le Crest Medico Center,le crest medico center,Delhi NCR,Hospital,Sahibabad,,28.6661602,77.379948,873da1a82ffffff,,30.0,17.0,True,,0.0,2000.0,3.5,47.0,,+917948501127,https://www.practo.com/ghaziabad/hospital/le-crest-medico-center-sahibabad?referrer=hospital_listing,https://images1-fabric.practo.com/practices/1545950/le-crest-hospital-vasundhara-ghaziabad-ghaziabad-687a15932407b.png,ABS,practo,,1.0,canonical,632,Q3,,Premium,0.233923
hosp_67ceeb6df19327f0,Sood Medicare,sood medicare,Delhi NCR,Hospital,Tilak Nagar,,28.64179,77.09946,873da18daffffff,,3.0,3.0,True,,300.0,500.0,4.0,56.0,,+911140844813,https://www.practo.com/delhi/hospital/sood-medicare-tilak-nagar-1?referrer=hospital_listing,https://images1-fabric.practo.com/5461bddcca17fca3a0056b68f489e5d4ee6c03644ee46.jpg,VN,practo,,1.0,canonical,633,Q3,,Premium,0.233554
hosp_c19c0d6cdd22b021,Neptune Hospital ,neptune hospital,Delhi NCR,Hospital,Malviya Nagar,,28.532342557706656,77.20252096652985,873da102cffffff,,2.0,2.0,True,,500.0,1500.0,4.0,28.0,,+911140036728,https://www.practo.com/delhi/hospital/neptune-hospital-malviya-nagar-1?referrer=hospital_listing,,VN,practo,,1.0,canonical,634,Q3,,Premium,0.233428
hosp_5148ffca19167b54,"Felix Hospital, Noida",felix hospital noida,Delhi NCR,Hospital,Sector 137,,28.5058462,77.4086012,873da105dffffff,,22.0,17.0,False,,0.0,0.0,,,,+911142213998,https://www.practo.com/noida/hospital/felix-hospital-noida-sector-137-1?referrer=hospital_listing,,VN,practo,,1.0,canonical,635,Q3,,Premium,0.233026
hosp_2ada226ccc8e6441,Dr. Vijay Pratap Singh's Modern Dental Centre,dr vijay pratap singh s modern dental centre,Delhi NCR,Hospital,Civil Lines,,28.459669700943,77.031247462146,873da11aeffffff,,1.0,1.0,False,,800.0,800.0,5.0,18.0,,+917969204270,https://www.practo.com/gurgaon/hospital/dr-vijay-pratap-singh-mds-civil-lines?referrer=hospital_listing,https://images1-fabric.practo.com/3086e3ea950f6dfec2dcf95fc2b55bb8,ABS,practo,,1.0,canonical,636,Q3,,Premium,0.232847
hosp_3e7d17c914114138,Hemraj Jain Hospital and Maternity Home,hemraj jain hospital maternity home,Delhi NCR,Hospital,Janakpuri,,28.61965663303,77.082159519196,873da1128ffffff,,11.0,10.0,True,,0.0,800.0,3.5,17.0,,+911140036723,https://www.practo.com/delhi/hospital/hemraj-jain-hospital-maternity-home-janak-puri?referrer=hospital_listing,https://images1-fabric.practo.com/hemraj-jain-hospital-maternity-home-delhi-1479833764-583478a49d6a9.jpg,VN,practo,,1.0,canonical,637,Q3,,Premium,0.232751
hosp_8c196f9f3441ea50,Ami Care Hospital - Orthopedic & Multispeciality Centre,ami care hospital orthopedic multispeciality centre,Delhi NCR,Hospital,Indirapuram,,28.63387,77.36088,873da1a90ffffff,,3.0,3.0,True,,400.0,1200.0,4.0,116.0,,+911140849612,https://www.practo.com/ghaziabad/hospital/ami-care-hospital-orthopedic-multispeciality-centre-indirapuram-1?referrer=hospital_listing,https://images1-fabric.practo.com/-dr-himanshu-gupta-s-ami-care-orthopedic-multispecialty-center-ghaziabad-1459491866-56fe141a84b4f.jpg,VN,practo,,1.0,canonical,638,Q3,,Premium,0.232669
hosp_69469736b65fac3e,"Max Multi Speciality Centre, Sector 19, Noida",max multi speciality centre sector 19 noida,Delhi NCR,Hospital,Sector 19,,28.5742571,77.3229524,873da1060ffffff,,18.0,18.0,False,,0.0,500.0,,2.0,,+911140848827,https://www.practo.com/noida/hospital/max-multi-speciality-centre-sector-19-noida-sector-19?referrer=hospital_listing,,VN,practo,,1.0,canonical,639,Q3,,Premium,0.232126
hosp_bd3e9537565b09ae,Gupta Computerised Homoeopathic Clinic,gupta computerised homoeopathic clinic,Delhi NCR,Hospital,Vaishali,,28.641472865899008,77.34219029545784,873da1a94ffffff,,1.0,1.0,True,,500.0,500.0,4.0,20.0,,+911140036734,https://www.practo.com/ghaziabad/hospital/gupta-homoeopathic-clinic-patparganj?referrer=hospital_listing,https://images1-fabric.practo.com/gupta-computerised-homoeopathic-clinic-delhi-1488379624-58b6dee883952.jpg,VN,practo,,1.0,canonical,640,Q3,,Premium,0.232102
hosp_81398367066af440,The Healing Touch Eye Centre,healing touch eye centre,Delhi NCR,Hospital,Vikas Puri,,28.632709132025,77.067196061835,873da112cffffff,,5.0,2.0,False,1.0,0.0,1000.0,4.5,52.0,,+911141171876,https://www.practo.com/delhi/hospital/the-healing-touch-eye-centre-vikas-puri-1?referrer=hospital_listing,https://images1-fabric.practo.com/practices/680013/the-healing-touch-eye-centre-delhi-5b137798a0c39.jpg,VN,practo,,1.0,canonical,641,Q3,,Premium,0.231832
hosp_7d6e95bfeb3b6d29,Indira IVF - Fertility and IVF Center,indira ivf fertility ivf center,Delhi NCR,Hospital,Shahdara,,28.689604055445628,77.28721958732699,873da1169ffffff,,1.0,1.0,False,,500.0,500.0,5.0,17.0,,+918037296913,https://www.practo.com/delhi/hospital/indira-ivf-2-shahdara?referrer=hospital_listing,https://images1-fabric.practo.com/practices/1323006/indira-ivf-delhi-60389e1865e3c.png,VN,practo,,1.0,canonical,642,Q3,,Premium,0.230962
hosp_a8677b062e6a266e,MGS Super Speciality Hospital,mgs super speciality hospital,Delhi NCR,Hospital,Punjabi Bagh,,28.67371,77.13463,873da18d9ffffff,,37.0,24.0,True,,0.0,2000.0,3.5,122.0,,+917948501232,https://www.practo.com/delhi/hospital/mgs-super-speciality-hospital-punjabi-bagh?referrer=hospital_listing,https://images1-fabric.practo.com/practices/676968/mgs-super-speciality-hospital-delhi-692b3cffade32.png,ABS,practo,,1.0,canonical,643,Q3,,Premium,0.229427
hosp_28204d34c1dabe40,Meenakshi Hospital,meenakshi hospital,Delhi NCR,Hospital,Kaushambi,,28.6421574,77.3257249,873da1149ffffff,,6.0,8.0,True,,300.0,500.0,3.5,14.0,,+911141193907,https://www.practo.com/ghaziabad/hospital/meenakshi-hospital-kaushambi-1?referrer=hospital_listing,https://images1-fabric.practo.com/practices/605416/meenakshi-hospital-ghaziabad-58f9834420580.png,VN,practo,,1.0,canonical,644,Q3,,Premium,0.22935
hosp_acb6cf3019814d48,Divya Prastha Hospital,divya prastha hospital,Delhi NCR,Hospital,Palam Colony,,28.5858613,77.0875147,873da112affffff,,14.0,17.0,True,,0.0,500.0,3.5,78.0,2002.0,+918037311397,https://www.practo.com/delhi/hospital/divya-prastha-hospital-palam-colony-2?referrer=hospital_listing,https://images1-fabric.practo.com/divya-prastha-hospital-delhi-1469431903-5795c05fa9afa.PNG,VN,practo,,1.0,canonical,645,Q3,,Premium,0.22919
hosp_f475e4faf337cc01,Magical Morphers,magical morphers,Delhi NCR,Hospital,Gurgaon Sector 66,,28.573286136265363,77.24160946905613,873da115effffff,,1.0,2.0,False,,1000.0,1000.0,5.0,15.0,,+918037311397,https://www.practo.com/gurgaon/hospital/skin-care-beauty-clinc-magical-morphres-malviya-nagar?referrer=hospital_listing,https://images1-fabric.practo.com/557c3fd7ae8681cc0b9b764d16aaab3b4211dce61d171.png,VN,practo,,1.0,canonical,646,Q3,,Premium,0.228908
hosp_43cf5464d7228054,Sarvodaya Hospital ,sarvodaya hospital,Delhi NCR,Hospital,Sector 8,,28.367840666491343,77.33592933820252,873da10c2ffffff,,36.0,25.0,True,,1000.0,1500.0,3.5,136.0,,+917948501187,https://www.practo.com/faridabad/hospital/sarvodaya-hospital-sector-8-3?referrer=hospital_listing,https://images1-fabric.practo.com/practices/1468848/sarvodaya-hospital-faridabad-67d942a78e3a5.png,ABS,practo,,1.0,canonical,647,Q3,,Premium,0.228717
hosp_95f35cad1a7936d8,Apollo Spectra Hospitals,apollo spectra hospitals,Delhi NCR,Hospital,Pusa Road,,28.6452228,77.1929409,873da1144ffffff,,46.0,22.0,True,1.0,500.0,1500.0,3.5,157.0,,+911143060238,https://www.practo.com/delhi/hospital/apollo-spectra-hospitals-karol-bagh-karol-bagh?referrer=hospital_listing,https://images1-fabric.practo.com/practices/1128624/apollo-spectra-hospitals-delhi-624e9a1e39f08.jpg,VN,practo,,1.0,canonical,648,Q3,,Premium,0.22812
hosp_0cc2117d00bb1574,Dr. Sehgal's Dentistry - Rescue Hospital,dr sehgal s dentistry rescue hospital,Delhi NCR,Hospital,Dwarka,,28.606037361185322,77.05296099185944,873da112effffff,,2.0,1.0,False,,0.0,350.0,5.0,15.0,,+918037320709,https://www.practo.com/delhi/hospital/dr-sehgal-s-dentistry-rajouri-garden?referrer=hospital_listing,https://images1-fabric.practo.com/rescue-hospital-dr-sehgal-s-dentistry-delhi-1471355984-57b31c505b400.jpg,VN,practo,,1.0,canonical,649,Q3,,Premium,0.227743
hosp_c8fd00ff576d202d,Khetarpal Nursing Home,khetarpal nursing home,Delhi NCR,Hospital,Rajouri Garden,,28.6546091,77.037045,873da18d0ffffff,,7.0,6.0,True,,200.0,1000.0,3.5,13.0,,+911140036736,https://www.practo.com/delhi/hospital/khetarpal-nursing-home-rajouri-garden-1?referrer=hospital_listing,https://images1-fabric.practo.com/practices/671383/khetarpal-nursing-home-delhi-59dde4b78343a.png,ABS,practo,,1.0,canonical,650,Q3,,Premium,0.227713
hosp_faf71ebc5589aa92,Sant Parmanand Hospital,sant parmanand hospital,Delhi NCR,Hospital,Pitampura,,28.7020697,77.1462136,873da18caffffff,,1.0,4.0,True,,0.0,1000.0,3.0,10.0,2003.0,+918037320709,https://www.practo.com/delhi/hospital/sant-parmanand-hospital-pitampura?referrer=hospital_listing,https://images1-fabric.practo.com/practices/749227/sant-parmanand-hospital-delhi-6654467ecba7a.png,VN,practo,,1.0,canonical,651,Q3,,Premium,0.227457
hosp_4743b11c63d24967,Jain Hospital,jain hospital,Delhi NCR,Hospital,Vasundhara,,28.66183,77.360111,873da1a95ffffff,,2.0,2.0,True,,200.0,500.0,3.5,18.0,2005.0,+918037310980,https://www.practo.com/ghaziabad/hospital/jain-hospital-and-research-center-vasundhara?referrer=hospital_listing,https://images1-fabric.practo.com/practices/882962/jain-hospital-ghaziabad-664c908a56ed3.png,VN,practo,,1.0,canonical,652,Q3,,Premium,0.227413
hosp_8a05ba0c6c5039a4,Bharti Eye Foundation,bharti eye foundation,Delhi NCR,Hospital,Patel Nagar,,28.645,77.1693,873da1162ffffff,,8.0,1.0,False,1.0,1200.0,1200.0,,9.0,1985.0,+911140036732,https://www.practo.com/delhi/hospital/bharti-eye-foundation-patel-nagar?referrer=hospital_listing,https://images1-fabric.practo.com/bharti-eye-foundation-delhi-1451286222-5680decea57d0.jpg,VN,practo,,1.0,canonical,653,Q3,,Premium,0.227352
hosp_72483fadcdb45d38,Sukhmani Hospital,sukhmani hospital,Delhi NCR,Hospital,Gurgaon Sector 38,,28.434271514791,77.048334423919,873da11aaffffff,,2.0,6.0,True,,800.0,1000.0,3.5,11.0,,+911141169533,https://www.practo.com/gurgaon/hospital/sukhmani-hospital-gurgaon-sector-38?referrer=hospital_listing,https://images1-fabric.practo.com/practices/1449387/sukhmani-hospital-gurgaon-6676820ad2fc8.png,ABS,practo,,1.0,canonical,654,Q3,,Premium,0.227077
hosp_9ef33175bdfaf06f,Clove Dental,clove dental,Delhi NCR,Hospital,Kalkaji,,28.54066,77.256904,873da1029ffffff,,1.0,1.0,False,73.0,500.0,500.0,5.0,15.0,,+911141194669,https://www.practo.com/delhi/hospital/clove-dental-kalkaji?referrer=hospital_listing,https://images1-fabric.practo.com/clove-dental-delhi-1489037929-58c0ea691fd50.png,VN,practo,,1.0,canonical,655,Q3,,Premium,0.227021
hosp_36edc2efaa829bf8,"W Pratiksha Hospital, Gurgaon",w pratiksha hospital gurgaon,Delhi NCR,Hospital,Gurgaon Sector 56,,28.4187145,77.0974298,873da1188ffffff,,16.0,16.0,False,,0.0,1000.0,,,,+911142213464,https://www.practo.com/gurgaon/hospital/w-pratiksha-hospital-gurgaon-gurgaon-sector-56-1?referrer=hospital_listing,,active,practo,,1.0,canonical,656,Q3,,Premium,0.226807
hosp_420d0f7213b3ed82,Kailash Hospital And Heart Institute,kailash hospital heart institute,Delhi NCR,Hospital,Sector 27,,28.5776629185435,77.33165122568606,873da1060ffffff,,4.0,7.0,True,,300.0,1800.0,3.5,14.0,,+911141133614,https://www.practo.com/noida/hospital/kailash-hospital-and-heart-institute-noida-sector-27?referrer=hospital_listing,,VN,practo,,1.0,canonical,657,Q3,,Premium,0.226019
hosp_1d02291772595890,Government Hospital (CRHSP AIIMS),government hospital crhsp aiims,Delhi NCR,Hospital,Ballabgarh,,28.338774,77.3205629,873da10d0ffffff,,12.0,17.0,False,,0.0,0.0,,,,+911141193964,https://www.practo.com/faridabad/hospital/government-hospital-crhsp-aiims-ballabgarh?referrer=hospital_listing,,active,practo,,1.0,canonical,658,Q3,,Premium,0.225805
hosp_06500f74d207c59e,Vardaan Hospital,vardaan hospital,Delhi NCR,Hospital,Malviya Nagar,,28.53725,77.21498,873da102cffffff,,4.0,3.0,True,,0.0,1500.0,3.5,31.0,1995.0,+911140036728,https://www.practo.com/delhi/hospital/vardaan-hospital-malviya-nagar?referrer=hospital_listing,https://images1-fabric.practo.com/practices/646029/vardaan-hospital-delhi-5a966f76c08d7.png,VN,practo,,1.0,canonical,659,Q3,,Premium,0.22579
hosp_89aec563ed67f101,Tarak Hospital,tarak hospital,Delhi NCR,Hospital,Dwarka,,28.619256,77.030014,873da1121ffffff,,17.0,20.0,True,,0.0,1000.0,3.5,57.0,,+911140036711,https://www.practo.com/delhi/hospital/tarak-hospital-dwarka-2?referrer=hospital_listing,https://images1-fabric.practo.com/tarak-hospital-1487704305-58ac90f113e41.jpg,VN,practo,,1.0,canonical,660,Q3,,Premium,0.225011
hosp_f8119917e365892b,"Kailash Hospital, Sector 27, Noida",kailash hospital sector 27 noida,Delhi NCR,Hospital,Sector 26,,28.5776628,77.3316513,873da1060ffffff,,17.0,14.0,False,,0.0,0.0,,,,+911141188192,https://www.practo.com/noida/hospital/kailash-hospital-sector-27-noida-sector-26?referrer=hospital_listing,,VN,practo,,1.0,canonical,661,Q3,,Premium,0.223755
hosp_58507ffd1b214b4a,Sunil Memorial,sunil memorial,Delhi NCR,Hospital,Dwarka,,28.5873043,77.0857989,873da112affffff,,1.0,1.0,False,,200.0,200.0,,,1983.0,+912048553859,https://www.practo.com/delhi/hospital/sunil-memoria-palam-village?referrer=hospital_listing,,VN,practo,,1.0,canonical,662,Q3,,Premium,0.223508
hosp_9b4626f018988bf9,Makkar Multispeciality Hospital,makkar multispeciality hospital,Delhi NCR,Hospital,Nirman Vihar,,28.641112,77.282756,873da114cffffff,,14.0,11.0,True,,0.0,1000.0,3.5,59.0,2004.0,+911140036731,https://www.practo.com/delhi/hospital/makkar-multispeciality-hospital-nirman-vihar?referrer=hospital_listing,https://images1-fabric.practo.com/practices/606346/makkar-medical-centre-delhi-59670ad6734a2.jpg,VN,practo,,1.0,canonical,663,Q3,,Premium,0.223285
hosp_f61b8cfcfd63818d,Samra Hospital,samra hospital,Delhi NCR,Hospital,Yamuna Vihar,,28.70235,77.276055,873da1b9affffff,,4.0,4.0,True,,0.0,400.0,3.5,12.0,,+914471967085,https://www.practo.com/delhi/hospital/samra-hospital-yamuna-vihar-2?referrer=hospital_listing,https://images1-fabric.practo.com/practices/1171482/samra-hospital-delhi-5a3ca885d1e65.jpg,VN,practo,,1.0,canonical,664,Q3,,Premium,0.223235
hosp_d19b5ebe979b0464,RG Stone Urology & Laparoscopy Hospital,rg stone urology laparoscopy hospital,Delhi NCR,Hospital,Rajouri Garden,,28.635308,77.22496,873da1145ffffff,,7.0,6.0,True,,0.0,850.0,3.0,21.0,1986.0,+911140036736,https://www.practo.com/delhi/hospital/r-g-stone-urology-laparoscopy-hospital-rajouri-garden?referrer=hospital_listing,https://images1-fabric.practo.com/practices/677808/rg-stone-urology-laparoscopy-hospital-delhi-5afa7d0613975.jpg,VN,practo,,1.0,canonical,665,Q2,,Mid-Market,0.222747
hosp_5cd00cb3051daf83,Sukhija Nursing Home,sukhija nursing home,Delhi NCR,Hospital,Vivek Vihar,,28.6705116,77.3181933,873da1ab2ffffff,,1.0,1.0,False,,0.0,150.0,,,1984.0,+912071177420,https://www.practo.com/delhi/hospital/sukhija-nursing-home?referrer=hospital_listing,,VN,practo,,1.0,canonical,666,Q2,,Mid-Market,0.222674
hosp_dbdc15e426d5f8e0,V Care Hospital,v care hospital,Delhi NCR,Hospital,Rajendra Nagar,,28.6905664,77.3491576,873da1ab1ffffff,,18.0,13.0,False,,0.0,0.0,,,,+911141193965,https://www.practo.com/ghaziabad/hospital/v-care-hospital-6-rajendra-nagar?referrer=hospital_listing,,VN,practo,,1.0,canonical,667,Q2,,Mid-Market,0.22259
hosp_14a9b2825f76f435,Divine Hospital,divine hospital,Delhi NCR,Hospital,Pratap Vihar,,28.6314411,77.4125154,873da1a9effffff,,15.0,14.0,False,,0.0,0.0,,,,+911140845776,https://www.practo.com/ghaziabad/hospital/divine-hospital-3-pratap-vihar?referrer=hospital_listing,,VN,practo,,1.0,canonical,668,Q2,,Mid-Market,0.222311
hosp_312e2dd62559713f,Garg Hospital,garg hospital,Delhi NCR,Hospital,Karkardooma,,28.65313924872,77.295124903321,873da114dffffff,,23.0,16.0,True,,400.0,1500.0,3.0,20.0,,+917948501396,https://www.practo.com/delhi/hospital/garg-hospital-karkardooma-2?referrer=hospital_listing,https://images1-fabric.practo.com/practices/1153753/garg-hospital-delhi-69ec69d780c48.png,ABS,practo,,1.0,canonical,669,Q2,,Mid-Market,0.221929
hosp_63d67039743a3148,Orchid Hospital & Heart Centre,orchid hospital heart centre,Delhi NCR,Hospital,Janakpuri,,28.614694,77.087379,873da1128ffffff,,4.0,4.0,True,,500.0,1000.0,3.5,13.0,,+911140036723,https://www.practo.com/delhi/hospital/orchid-hospital-heart-centre-janak-puri?referrer=hospital_listing,https://images1-fabric.practo.com/orchid-hospital-heart-centre-delhi-1454639667-56b40a33bad95.gif,VN,practo,,1.0,canonical,670,Q2,,Mid-Market,0.221773
hosp_08212477b3ec5be5,Epione Medicare,epione medicare,Delhi NCR,Hospital,Gurgaon Sector 65,,28.398416168649,77.06436752122954,873da1183ffffff,,2.0,3.0,True,,600.0,1500.0,3.5,11.0,,+911140844818,https://www.practo.com/gurgaon/hospital/mahajan-hospital-6?referrer=hospital_listing,https://images1-fabric.practo.com/practices/1139588/epione-medicare-gurgaon-66fa8b452d936.jpeg,VN,practo,,1.0,canonical,671,Q2,,Mid-Market,0.221416
hosp_2bbef68b1b0e05b8,Gupta Multispeciality Hospital,gupta multispeciality hospital,Delhi NCR,Hospital,Vivek Vihar,,28.668160544857,77.320436323062,873da1ab2ffffff,,5.0,3.0,True,,0.0,700.0,3.5,24.0,2009.0,+911140036747,https://www.practo.com/delhi/hospital/gupta-mulitispeciality-hospital-vivek-vihar-1?referrer=hospital_listing,https://images1-fabric.practo.com/practices/632061/gupta-multispeciality-hospital-delhi-593f8adc11e2a.png,VN,practo,,1.0,canonical,672,Q2,,Mid-Market,0.221391
hosp_572faee046df7367,Shree Aggarsain International Hospital,shree aggarsain international hospital,Delhi NCR,Hospital,Rohini Sector 22,,28.71851050977651,77.0649816468358,873da18c0ffffff,,29.0,17.0,True,,0.0,1100.0,2.5,14.0,,+911143060238,https://www.practo.com/delhi/hospital/shree-aggarsain-international-hospital-rohini-sector-22-3?referrer=hospital_listing,https://images1-fabric.practo.com/practices/1271281/shree-aggarsain-international-hospital-delhi-67ca948936fc9.png,VN,practo,,1.0,canonical,673,Q2,,Mid-Market,0.221319
hosp_2a27860070b4657e,"Tarak Hospital, Delhi",tarak hospital delhi,Delhi NCR,Hospital,Dwarka Sector 15,,28.6192087,77.0301776,873da1121ffffff,,10.0,15.0,False,,0.0,600.0,,,,+911161266255,https://www.practo.com/delhi/hospital/tarak-hospital-delhi-dwarka-sector-15?referrer=hospital_listing,,VN,practo,,1.0,canonical,674,Q2,,Mid-Market,0.220588
hosp_77a62a3c890be2de,Vision Eye Hospital,vision eye hospital,Delhi NCR,Hospital,Rohini,,28.708201,77.1112364,873da18ceffffff,,2.0,3.0,False,,0.0,100.0,5.0,10.0,,+911140787310,https://www.practo.com/delhi/hospital/vision-eye-hospital-rohini?referrer=hospital_listing,,VN,practo,,1.0,canonical,675,Q2,,Mid-Market,0.220545
hosp_1c4b7a1604e76135,"Irene Hospital, Delhi",irene hospital delhi,Delhi NCR,Hospital,Kalkaji,,28.5447294,77.2582402,873da115affffff,,14.0,13.0,False,,0.0,0.0,,,,+911141169660,https://www.practo.com/delhi/hospital/irene-hospital-delhi-kalkaji?referrer=hospital_listing,,VN,practo,,1.0,canonical,676,Q2,,Mid-Market,0.219702
hosp_c312f14c427fa521,Metro Hospital,metro hospital,Delhi NCR,Hospital,Sector-16a,,28.40684042622182,77.31797933578491,873da10e2ffffff,,25.0,17.0,True,,500.0,1200.0,3.5,290.0,2002.0,+917948501223,https://www.practo.com/faridabad/hospital/metro-hospital-sector-16a?referrer=hospital_listing,https://images1-fabric.practo.com/practices/775191/metro-heart-institute-with-multispeciality-hospital-faridabad-faridabad-5b59740caccfb.jpg,ABS,practo,,1.0,canonical,677,Q2,,Mid-Market,0.219107
hosp_b6a4c241136358af,Sandhyashi Neuro Panchkarma,sandhyashi neuro panchkarma,Delhi NCR,Hospital,Shalimar Bagh,,28.716558462138,77.153584432023,873da18c8ffffff,,3.0,2.0,True,,500.0,500.0,3.5,12.0,,+911142246386,https://www.practo.com/delhi/hospital/sandhyashi-neuro-panchkarma-shalimar-bagh?referrer=hospital_listing,https://images1-fabric.practo.com/practices/1246792/sandhyashi-neuro-panchkarma-delhi-5e171e0ef3d9c.png,VN,practo,,1.0,canonical,678,Q2,,Mid-Market,0.21874
hosp_4a5ae55b135c6d0d,Yadav Hospital,yadav hospital,Delhi NCR,Hospital,Gurgaon Sector 10,,28.443181,77.003153,873da11a3ffffff,,3.0,2.0,True,,0.0,500.0,3.5,12.0,,+911140036757,https://www.practo.com/gurgaon/hospital/yadav-hospital-gurgaon-sector-10?referrer=hospital_listing,https://images1-fabric.practo.com/practices/675764/yadav-hospital-gurgaon-5b72960f2a637.jpg,VN,practo,,1.0,canonical,679,Q2,,Mid-Market,0.21874
hosp_9b31d4105a4caddd,Ghai Hospital,ghai hospital,Delhi NCR,Hospital,Sector 9,,28.377043641371067,77.32942700386047,873da10c6ffffff,,2.0,2.0,True,,0.0,300.0,2.5,10.0,1991.0,+911140036752,https://www.practo.com/faridabad/hospital/ghai-hospital-sector-9?referrer=hospital_listing,https://images1-fabric.practo.com/ghai-hospital-faridabad-1469681923-57999103eb83c.jpg,VN,practo,,1.0,canonical,680,Q2,,Mid-Market,0.21855
hosp_b225a71dd137b401,Ayushman Hospital ,ayushman hospital,Delhi NCR,Hospital,Dwarka,,24.634801,81.567869,873ca4876ffffff,,9.0,8.0,True,,0.0,1500.0,3.5,25.0,,+911140849480,https://www.practo.com/delhi/hospital/ayushman-hospital-dwarka-1-1?referrer=hospital_listing,,VN,practo,,1.0,canonical,681,Q2,,Mid-Market,0.218532
hosp_c94103449a8b806e,Jiva Ayurveda,jiva ayurveda,Delhi NCR,Hospital,Pitampura,,28.698998,77.138417,873da18caffffff,,1.0,1.0,False,9.0,200.0,200.0,5.0,11.0,,+917969204270,https://www.practo.com/delhi/hospital/jiva-ayurveda-pitampura-1?referrer=hospital_listing,https://images1-fabric.practo.com/practices/1182999/jiva-ayurveda-delhi-605d7b7a0ef50.jpg,VN,practo,,1.0,canonical,682,Q2,,Mid-Market,0.218384
hosp_d03ef289f1cd9b48,Noida Medicare Centre Ltd.,noida medicare centre,Delhi NCR,Hospital,Sector 30,,28.572836,77.340202,873da1063ffffff,,10.0,10.0,True,,0.0,800.0,3.5,30.0,,+911140849610,https://www.practo.com/noida/hospital/noida-medicare-centre-ltd-sector-30?referrer=hospital_listing,https://images1-fabric.practo.com/practices/1155380/noida-medicare-centre-ltd-noida-59a6ef8405b43.png,VN,practo,,1.0,canonical,683,Q2,,Mid-Market,0.218357
hosp_4dd720b4eda861a1,Khanna Eye Centre,khanna eye centre,Delhi NCR,Hospital,Nirman Vihar,,28.636588782704,77.286822795868,873da1148ffffff,,5.0,1.0,True,,600.0,600.0,3.5,12.0,,+911141187425,https://www.practo.com/delhi/hospital/khanna-eye-centre-nirman-vihar?referrer=hospital_listing,https://images1-fabric.practo.com/practices/624201/khanna-eye-centre-delhi-667014e4713c5.png,VN,practo,,1.0,canonical,684,Q2,,Mid-Market,0.218297
hosp_9dcac117153e09c2,Bala Ji Hospital,bala ji hospital,Delhi NCR,Hospital,Hastsal,,28.6334551,77.0558266,873da112cffffff,,9.0,14.0,False,,0.0,0.0,,,,+911141193906,https://www.practo.com/delhi/hospital/bala-ji-hospital-1-hastsal?referrer=hospital_listing,,VN,practo,,1.0,canonical,685,Q2,,Mid-Market,0.217979
hosp_66d43d5eca8dcf00,"Aakash Healthcare Super Speciality Hospital, Dwarka, Delhi",aakash healthcare super speciality hospital dwarka delhi,Delhi NCR,Hospital,Dwarka Sector 4,,28.60522,77.0534511,873da112effffff,,14.0,12.0,False,,0.0,200.0,,2.0,,+911140844811,https://www.practo.com/delhi/hospital/aakash-healthcare-super-speciality-hospital-dwarka-delhi-dwarka-sector-4?referrer=hospital_listing,,VN,practo,,1.0,canonical,686,Q2,,Mid-Market,0.217917
hosp_90817e0e8f45350d,Tirsa Healthcare,tirsa healthcare,Delhi NCR,Hospital,Gujranwala Town,,28.700332528333274,77.18941289529256,873da1165ffffff,,4.0,4.0,True,,5.0,1000.0,3.5,16.0,,+911161262791,https://www.practo.com/delhi/hospital/tirsa-healthcare-gujranwala-town-1?referrer=hospital_listing,https://images1-fabric.practo.com/practices/1653498/tirsa-healthcare-delhi-67e39d8e00f92.png,VN,practo,,1.0,canonical,687,Q2,,Mid-Market,0.217662
hosp_cde332d4fb21381c,ICARE EYE Hospital,icare eye hospital,Delhi NCR,Hospital,Sector 26,,28.5801795,77.3356467,873da1060ffffff,,19.0,1.0,True,,750.0,750.0,3.5,58.0,1993.0,+911161264524,https://www.practo.com/noida/hospital/icare-eye-hospital-sector-26?referrer=hospital_listing,https://images1-fabric.practo.com/practices/632810/icare-eye-hospital-noida-5a0acd8904d00.jpg,VN,practo,,1.0,canonical,688,Q2,,Mid-Market,0.217645
hosp_d0213185d4fac9eb,Urocare Apolo Multi & Super Speciality Hospital,urocare apolo multi super speciality hospital,Delhi NCR,Hospital,Ballabhgarh,,28.342144206838846,77.34028927209168,873da10d1ffffff,,3.0,3.0,False,,500.0,500.0,4.5,24.0,,+917948501156,https://www.practo.com/faridabad/hospital/urocare-apolo-multi-super-speciality-hospital-ballabhgarh?referrer=hospital_listing,https://images1-fabric.practo.com/practices/2077732/urocare-apolo-multi-super-speciality-hospital-faridabad-686cf57a6f8d0.png,ABS,practo,,1.0,canonical,689,Q2,,Mid-Market,0.217485
hosp_e886b47fe4bf1dfc,Eye Q Super Speciality Eye Hospital,eye q super speciality eye hospital,Delhi NCR,Hospital,Gurgaon Sector 46,,28.433704,77.059548,873da11aaffffff,,3.0,1.0,True,2.0,910.0,910.0,3.5,12.0,,+918047284036,https://www.practo.com/gurgaon/hospital/eye-q-super-speciality-eye-hospital-1-gurgaon-sector-46?referrer=hospital_listing,https://images1-fabric.practo.com/practices/1108668/eye-q-super-speciality-eye-hospital-gurgaon-5eaac7de95a81.png,ABS,practo,,1.0,canonical,690,Q2,,Mid-Market,0.216853
hosp_51a8f6922bb8e86e,CARE CURE HOSPITAL,care cure hospital,Delhi NCR,Hospital,Panchsheel Enclave,,28.725958,77.334681,873da1aa6ffffff,,15.0,11.0,False,,0.0,0.0,,,,+911142213464,https://www.practo.com/ghaziabad/hospital/care-cure-hospital-1-panchsheel-enclave?referrer=hospital_listing,,VN,practo,,1.0,canonical,691,Q2,,Mid-Market,0.216651
hosp_75053f52a41861a1,Delhi E.N.T. Multi- Speciality Hospital,delhi e n t multi speciality hospital,Delhi NCR,Hospital,Jasola,,28.5402418,77.2919006,873da1074ffffff,,2.0,2.0,True,,400.0,500.0,3.5,13.0,,+912071533875,https://www.practo.com/delhi/hospital/delhi-e-n-t-multi-speciality-hospital-jasola?referrer=hospital_listing,,VN,practo,,1.0,canonical,692,Q2,,Mid-Market,0.216556
hosp_34ab1bc92a8decda,Santosh Multispeciality Hospital,santosh multispeciality hospital,Delhi NCR,Hospital,New Industrial Town,,28.395528,77.290013,873da10f5ffffff,,16.0,11.0,True,,0.0,1500.0,3.5,62.0,2013.0,+918047284024,https://www.practo.com/faridabad/hospital/santosh-multispeciality-hospital-new-industrial-town?referrer=hospital_listing,https://images1-fabric.practo.com/santosh-multispeciality-hospital-faridabad-1476861272-58071d5826079.png,ABS,practo,,1.0,canonical,693,Q2,,Mid-Market,0.215929
hosp_165e539db05c0e35,Vaishnavi Hospital & Adviti Fertility,vaishnavi hospital adviti fertility,Delhi NCR,Hospital,Gurgaon Sector 40,,28.4848914620641,77.0382992182456,873da11acffffff,,9.0,9.0,True,,900.0,1200.0,3.5,46.0,2012.0,+917948501274,https://www.practo.com/gurgaon/hospital/vaishnavi-hospital-adviti-fertility-gurgaon-sector-40?referrer=hospital_listing,https://images1-fabric.practo.com/practices/2178367/vaishnavi-hospital-adviti-fertility-698c686d8433f.png,ABS,practo,,1.0,canonical,694,Q2,,Mid-Market,0.215916
hosp_490afdd4c80b876c,Park Hospital,park hospital,Delhi NCR,Hospital,Chokhandi,,28.651773481011304,77.09314375568086,873da18deffffff,,22.0,13.0,True,,0.0,1000.0,3.5,56.0,,+918047284071,https://www.practo.com/delhi/hospital/park-hospital-chowkhandi?referrer=hospital_listing,https://images1-fabric.practo.com/practices/1457409/park-hospital-delhi-664ad40e61420.jpeg,ABS,practo,,1.0,canonical,695,Q2,,Mid-Market,0.215884
hosp_5d2115add3bb47d5,Bhardwaj Hospital & Healthcare,bhardwaj hospital healthcare,Delhi NCR,Hospital,Sector 29,,28.5661588,77.3352243,873da1062ffffff,,21.0,18.0,True,,0.0,1000.0,3.5,80.0,,+918037296911,https://www.practo.com/noida/hospital/bhardwaj-hospital-healthcare-sector-29?referrer=hospital_listing,https://images1-fabric.practo.com/bhardwaj-hospital-healthcare-noida-1475217154-57ee0702df513.png,VN,practo,,1.0,canonical,696,Q2,,Mid-Market,0.215522
hosp_04e65e73c49258d5,Shakuntla Nursing Home & Hospital,shakuntla nursing home hospital,Delhi NCR,Hospital,Sagarpur,,28.6081,77.0953,873da1128ffffff,,6.0,8.0,True,,300.0,500.0,3.5,26.0,,+918047284411,https://www.practo.com/delhi/hospital/shakuntla-nursing-home-and-hospital-sagarpur-1?referrer=hospital_listing,https://images1-fabric.practo.com/shakuntla-hospital-delhi-1459768085-57024b157bb06.jpg,ABS,practo,,1.0,canonical,697,Q2,,Mid-Market,0.21538
hosp_028a72d1c06bc717,Bapu Nature Cure Hospital & Yogashram,bapu nature cure hospital yogashram,Delhi NCR,Hospital,Mayur Vihar Ph-I,,28.613189491512,77.288645869311,873da114affffff,,2.0,2.0,True,1.0,500.0,1000.0,3.5,14.0,,+918037311397,https://www.practo.com/delhi/hospital/babu-nature-care-hospital-yogeshram-patparganj?referrer=hospital_listing,https://images1-fabric.practo.com/practices/687782/bapu-nature-cure-hospital-yogashram-delhi-5a12c1b91b2c3.png,VN,practo,,1.0,canonical,698,Q2,,Mid-Market,0.215141
hosp_25069f02ce28cfdd,Karuna Hospital ,karuna hospital,Delhi NCR,Hospital,Dilshad Garden,,28.6888083,77.3232383,873da1ab0ffffff,,9.0,10.0,True,,0.0,800.0,3.5,33.0,,+911140036709,https://www.practo.com/delhi/hospital/karuna-hospital-dilshad-garden?referrer=hospital_listing,https://images1-fabric.practo.com/practices/679812/karuna-hospital-delhi-6656c99fcf66f.png,VN,practo,,1.0,canonical,699,Q2,,Mid-Market,0.215118
hosp_5339d51b8a9cb6c2,Satya Bhama Hospital,satya bhama hospital,Delhi NCR,Hospital,Nangloi,,28.6783,77.0643,873da18d1ffffff,,18.0,18.0,True,,0.0,1500.0,3.5,75.0,,+912071177309,https://www.practo.com/delhi/hospital/satya-bhama-hospital-nangloi?referrer=hospital_listing,https://images1-fabric.practo.com/satyabhama-hospital-delhi-1477546943-581193bfc6a14.png,VN,practo,,1.0,canonical,700,Q2,,Mid-Market,0.21492
hosp_8d281c54df030df5,Arunodaya Deseret Eye Hospital (ADEH),arunodaya deseret eye hospital adeh,Delhi NCR,Hospital,Gurgaon Sector 55,,28.42787,77.10886,873da118dffffff,,8.0,1.0,True,,0.0,800.0,3.5,33.0,2005.0,+912048552165,https://www.practo.com/gurgaon/hospital/arunodaya-deseret-eye-hospital-gurgaon-sector-55-1?referrer=hospital_listing,https://images1-fabric.practo.com/practices/1028092/arunodaya-deseret-eye-hospital-adeh-gurgaon-597994639bbb4.png,VN,practo,,1.0,canonical,701,Q2,,Mid-Market,0.214914
hosp_b4c2ce23bb7d5282,"Apollo Spectra Hospital, Karol Bagh, Delhi",apollo spectra hospital karol bagh delhi,Delhi NCR,Hospital,Pusa Road,,28.6452228,77.1955158,873da1144ffffff,,15.0,10.0,False,,0.0,0.0,,,,+911140848439,https://www.practo.com/delhi/hospital/apollo-spectra-hospital-karol-bagh-delhi-pusa-road?referrer=hospital_listing,,VN,practo,,1.0,canonical,702,Q2,,Mid-Market,0.214764
hosp_ca6fe2078f6a07a8,Metro Hospital and Cancer Institute,metro hospital cancer institute,Delhi NCR,Hospital,Preet Vihar,,28.6383043,77.2952093,873da1148ffffff,,31.0,22.0,True,,0.0,1500.0,3.5,200.0,,+917948501273,https://www.practo.com/delhi/hospital/metro-hospital-cancer-institute-preet-vihar?referrer=hospital_listing,https://images2-fabric.practo.com/practo-resources/core/practice/photos/285c8a29cf92041fa4620eb41cae7d0a36c64496.jpg,ABS,practo,,1.0,canonical,703,Q2,,Mid-Market,0.214562
hosp_3aa2c1cb6c508f9f,"Jeewan Mala Hospital, Delhi",jeewan mala hospital delhi,Delhi NCR,Hospital,Karol Bagh,,28.6579431,77.1943522,873da1163ffffff,,14.0,10.0,False,,0.0,600.0,,2.0,,+911142213879,https://www.practo.com/delhi/hospital/jeewan-mala-hospital-delhi-karol-bagh?referrer=hospital_listing,,VN,practo,,1.0,canonical,704,Q2,,Mid-Market,0.214143
hosp_1b0cce2fe63b4297,Glamyo Health,glamyo health,Delhi NCR,Hospital,Greater Kailash Part 1,,28.548499337949,77.237923425301,873da102dffffff,,2.0,2.0,True,1.0,500.0,1500.0,3.5,15.0,,+914446313682,https://www.practo.com/delhi/hospital/glamyo-greater-kailash-part-1?referrer=hospital_listing,https://images1-fabric.practo.com/practices/1277089/glamyo-health-delhi-60701c5f5a738.png,VN,practo,,1.0,canonical,705,Q2,,Mid-Market,0.213771
hosp_5a4fc780e76ca938,MS Hospital(Maa Savitri Hospital Gurgaon),ms hospital maa savitri hospital gurgaon,Delhi NCR,Hospital,Railway Road,,28.463786813548,77.021837979555,873da11a1ffffff,,2.0,2.0,True,,600.0,650.0,3.5,15.0,,+911140787308,https://www.practo.com/gurgaon/hospital/ms-hospital-railway-road?referrer=hospital_listing,https://images1-fabric.practo.com/practices/1148921/ms-hospital-gurgaon-5a54db6974b68.jpeg,VN,practo,,1.0,canonical,706,Q2,,Mid-Market,0.213771
hosp_8c0bc6c64dfa0d52,Dr. Gaurav Nakra's Centre for Skin.,dr gaurav nakra s centre for skin,Delhi NCR,Hospital,Vivek Vihar,,28.667021860702015,77.31841476632326,873da1ab2ffffff,,1.0,2.0,False,1.0,1500.0,1500.0,4.5,23.0,,+911141188491,https://www.practo.com/delhi/hospital/centre-for-skin-karkardooma?referrer=hospital_listing,https://images1-fabric.practo.com/55154eed6882d26ecf88f59b4609e7fc88a458226bf75.jpg,VN,practo,,1.0,canonical,707,Q2,,Mid-Market,0.213436
hosp_ee03c4acb643529c,K. R. Hospital,k r hospital,Delhi NCR,Hospital,Chattarpur,,28.507409,77.18496,873da1023ffffff,,2.0,3.0,True,,0.0,700.0,3.5,17.0,,+917971171887,https://www.practo.com/delhi/hospital/k-r-hospital-chattarpur?referrer=hospital_listing,https://images1-fabric.practo.com/practices/929549/k-r-hospital-delhi-618bd79f2c535.jpg,VN,practo,,1.0,canonical,708,Q2,,Mid-Market,0.213046
hosp_e34b43c39c05dabf,Shri Hospitals,shri hospitals,Delhi NCR,Hospital,Lal Kuan,,28.622163,77.481329,873da1322ffffff,,10.0,11.0,False,,0.0,0.0,,,,+911140036480,https://www.practo.com/ghaziabad/hospital/shri-hospitals-lal-kuan?referrer=hospital_listing,,active,practo,,1.0,canonical,709,Q2,,Mid-Market,0.213041
hosp_4bc3da0716154d45,J K Hospital,j k hospital,Delhi NCR,Hospital,Tilak Nagar,,28.6337153,77.0890483,873da112dffffff,,15.0,9.0,False,,0.0,0.0,,,,+914448138292,https://www.practo.com/delhi/hospital/j-k-hospital-8-tilak-nagar?referrer=hospital_listing,,VN,practo,,1.0,canonical,710,Q2,,Mid-Market,0.212877
hosp_951aa6a02c906d30,J K Hospital,j k hospital,Delhi NCR,Hospital,Nangloi,,28.673896,77.060281,873da18d1ffffff,,15.0,9.0,False,,0.0,0.0,,,,+911141132968,https://www.practo.com/delhi/hospital/j-k-hospital-8-nangloi?referrer=hospital_listing,,VN,practo,,1.0,canonical,711,Q2,,Mid-Market,0.212877
hosp_e7c7116abbbcb36d,Cygnus Orthocare Hospital,cygnus orthocare hospital,Delhi NCR,Hospital,Safdarjung Development Area,,28.546184,77.197241,873da1152ffffff,,9.0,3.0,True,10.0,0.0,1000.0,3.5,33.0,2013.0,+911140036739,https://www.practo.com/delhi/hospital/cygnus-orthocare-hospital-safdarjung-development-area-2?referrer=hospital_listing,https://images1-fabric.practo.com/cygnus-orthocare-hospital-delhi-1467710317-577b7b6d3831a.jpg,VN,practo,,1.0,canonical,712,Q2,,Mid-Market,0.212743
hosp_c14ea10838a51e50,Pentamed Hospital,pentamed hospital,Delhi NCR,Hospital,Model Town,,28.701485723962097,77.20242977142334,873da1b92ffffff,,6.0,7.0,True,,0.0,1500.0,3.5,27.0,,+911140036729,https://www.practo.com/delhi/hospital/pentamed-hospital-model-town-1?referrer=hospital_listing,https://images1-fabric.practo.com/practices/707983/pentamed-hospital-delhi-66545f7257d61.png,VN,practo,,1.0,canonical,713,Q2,,Mid-Market,0.212534
hosp_5145f6254b515d11,Madhukar Rainbow Children's Hospital,madhukar rainbow children s hospital,Delhi NCR,Hospital,Malviya Nagar,,28.529288,77.20464,873da102cffffff,,1.0,1.0,True,,2000.0,2000.0,3.5,14.0,,+911140036728,https://www.practo.com/delhi/hospital/madhukar-rainbow-children-s-hospital-malviya-nagar?referrer=hospital_listing,https://images1-fabric.practo.com/practices/1171143/madhukar-rainbow-children-s-hospital-delhi-5a3c9bfa7fb4e.jpg,active,practo,,1.0,canonical,714,Q2,,Mid-Market,0.212532
hosp_01bc461fdf866dad,Shree Hospital,shree hospital,Delhi NCR,Hospital,Dwarka,,28.598271778801,77.040990601854,873da1123ffffff,,2.0,2.0,True,,800.0,800.0,3.5,16.0,,+918037311397,https://www.practo.com/delhi/hospital/shree-clinic-dwarka?referrer=hospital_listing,https://images1-fabric.practo.com/shree-hospital-delhi-1470982843-57ad6abbba1dc.PNG,VN,practo,,1.0,canonical,715,Q2,,Mid-Market,0.212444
hosp_16b2256f15a895ae,Akshom Hospital & Research Centre,akshom hospital research centre,Delhi NCR,Hospital,Sector 7,,28.36293968512439,77.32498279801989,873da10c6ffffff,,14.0,10.0,True,,0.0,1000.0,3.5,42.0,,+917948501146,https://www.practo.com/faridabad/hospital/akshom-hospital-research-centre-sector-7-1?referrer=hospital_listing,https://images1-fabric.practo.com/practices/1600525/akshom-hospital-research-centre-faridabad-674eeb709dc8f.png,ABS,practo,,1.0,canonical,716,Q2,,Mid-Market,0.21222
hosp_fdacc0e44c0df01e,Yatharth Super Speciality Hospital,yatharth super speciality hospital,Delhi NCR,Hospital,Sector 88,,28.418519861051,77.355578450332,873da10eeffffff,,25.0,15.0,True,,800.0,1000.0,3.5,82.0,,+911161191400,https://www.practo.com/faridabad/hospital/yatharth-super-speciality-hospital-sector-88?referrer=hospital_listing,https://images1-fabric.practo.com/practices/1471308/yatharth-super-speciality-hospital-faridabad-67542d4f7ae66.png,VN,practo,,1.0,canonical,717,Q2,,Mid-Market,0.212162
hosp_e651cc286fd7d0d1,Metro Pet Hospital,metro pet hospital,Delhi NCR,Hospital,Palam Vihar,,28.461484,77.08826,873da11a9ffffff,,1.0,1.0,True,,800.0,800.0,3.5,15.0,,+918037311397,https://www.practo.com/gurgaon/hospital/dr-satbir-josan-s-pet-clinic-palam-vihar?referrer=hospital_listing,https://images1-fabric.practo.com/545b681621c484a3a985a9538e682dfe921573832a200.png,VN,practo,,1.0,canonical,718,Q2,,Mid-Market,0.211162
hosp_6e9f8fabafeab57a,Bajaj Medical Centre,bajaj medical centre,Delhi NCR,Hospital,Paschim Vihar,,28.661647680912,77.084073610604,873da18deffffff,,2.0,2.0,False,,700.0,1000.0,4.5,19.0,,+911140787305,https://www.practo.com/delhi/hospital/dr-bajaj-mother-and-child-clinic-paschim-vihar?referrer=hospital_listing,https://images1-fabric.practo.com/practices/1125286/bajaj-medical-centre-delhi-5953791b15b30.jpg,VN,practo,,1.0,canonical,719,Q2,,Mid-Market,0.211094
hosp_6859ca1ba7f7590c,Dr Batra's Positive Health Clinic Pvt Ltd,dr batra s positive health clinic,Delhi NCR,Hospital,Vaishali,,28.6450598,77.3366703,873da1a94ffffff,,3.0,1.0,False,1.0,499.0,499.0,4.5,20.0,,+911140848836,https://www.practo.com/ghaziabad/hospital/dr-batra-s-positive-health-clinic-pvt-ltd-1-vaishali?referrer=hospital_listing,https://images1-fabric.practo.com/practices/1237333/dr-batra-s-positive-health-clinic-pvt-ltd-ghaziabad-641065014bca8.png,VN,practo,,1.0,canonical,720,Q2,,Mid-Market,0.210726
hosp_4331be8d78979279,Shyama Super Speciality Eye Hospital,shyama super speciality eye hospital,Delhi NCR,Hospital,Patparganj,,28.623277781164,77.299021482468,873da1148ffffff,,7.0,1.0,True,,300.0,2000.0,3.5,19.0,,+917948501246,https://www.practo.com/delhi/hospital/shyama-super-speciality-eye-hospital-patparganj?referrer=hospital_listing,https://images1-fabric.practo.com/practices/1155242/shyama-super-speciality-eye-hospital-delhi-59955036ea341.png,ABS,practo,,1.0,canonical,721,Q2,,Mid-Market,0.210427
hosp_ae17cfb71635b395,Fortis Escorts Hospital,fortis escorts hospital,Delhi NCR,Hospital,New Industrial Town,,28.391363086020352,77.30692799636545,873da10f1ffffff,,29.0,20.0,True,,300.0,1000.0,3.5,449.0,,+911142213998,https://www.practo.com/faridabad/hospital/fortis-faridabad-nit-1?referrer=hospital_listing,https://images1-fabric.practo.com/practices/881730/fortis-escorts-hospital-faridabad-5b911c93e263b.png,VN,practo,,1.0,canonical,722,Q2,,Mid-Market,0.210189
hosp_3ed984ac65ad2446,Cygnus Sonia Hospital,cygnus sonia hospital,Delhi NCR,Hospital,Nangloi,,28.68231452780355,77.03565001487732,873da18d5ffffff,,15.0,12.0,True,10.0,100.0,1000.0,3.0,27.0,2008.0,+912071185853,https://www.practo.com/delhi/hospital/cygnus-sonia-hospital-nangloi?referrer=hospital_listing,https://images1-fabric.practo.com/practices/1098712/cygnus-sonia-hospital-delhi-6a0d827a66a9c.png,VN,practo,,1.0,canonical,723,Q2,,Mid-Market,0.21011
hosp_58e7f3998d8d7630,Jain Hospital,jain hospital,Delhi NCR,Hospital,Anand Vihar,,28.653339451631,77.308752536497,873da1ab2ffffff,,8.0,13.0,True,,0.0,1000.0,3.5,48.0,,+914448138292,https://www.practo.com/delhi/hospital/jain-hospital-karkardooma-1?referrer=hospital_listing,https://images1-fabric.practo.com/practices/1142340/jain-hospital-delhi-5b56c00667260.jpg,VN,practo,,1.0,canonical,724,Q2,,Mid-Market,0.20992
hosp_313e5e3bc2c44252,Janki Hospital Pvt Ltd,janki hospital,Delhi NCR,Hospital,Najafgarh,,28.6058586,76.9869951,873da1126ffffff,,10.0,9.0,False,,0.0,0.0,,,,+911140036480,https://www.practo.com/delhi/hospital/janki-hospital-pvt-ltd-najafgarh?referrer=hospital_listing,,VN,practo,,1.0,canonical,725,Q2,,Mid-Market,0.209267
hosp_f39e6fe402b340c9,Birla Fertility and IVF,birla fertility ivf,Delhi NCR,Hospital,Sector 62,,28.628114536716872,77.37548238912196,873da1a93ffffff,,1.0,2.0,True,,900.0,900.0,3.5,18.0,,+917948228497,https://www.practo.com/noida/hospital/birla-fertility-and-ivf-sector-62?referrer=hospital_listing,https://images1-fabric.practo.com/practices/1412759/birla-fertility-and-ivf-noida-63d50d41a4b15.jfif,ABS,practo,,1.0,canonical,726,Q2,,Mid-Market,0.209191
hosp_ab05d1431ce950d7,GNH Hospitals,gnh hospitals,Delhi NCR,Hospital,Gurgaon Sector 14,,28.467748145065,77.042055130005,873da11acffffff,,16.0,19.0,True,,0.0,1000.0,3.5,100.0,,+911140849518,https://www.practo.com/gurgaon/hospital/gnh-hospitals-gurgaon-sector-14?referrer=hospital_listing,https://images1-fabric.practo.com/gnh-hospital-gurgaon-1461325011-571a0cd37ace4.jpg,VN,practo,,1.0,canonical,727,Q2,,Mid-Market,0.208753
hosp_2b407eecf3e43454,Columbia Asia Hospital,columbia asia hospital,Delhi NCR,Hospital,Naya Ganj,,28.669573,77.4286874,873da1a9dffffff,,9.0,9.0,False,,0.0,0.0,,,,+911141132968,https://www.practo.com/ghaziabad/hospital/columbia-asia-hospital-1-naya-ganj?referrer=hospital_listing,,active,practo,,1.0,canonical,728,Q2,,Mid-Market,0.208545
hosp_b5879b666e65e363,Mahajan Children Hospital & Nursing Home,mahajan children hospital nursing home,Delhi NCR,Hospital,Uttam Nagar,,28.62402,77.06451,873da112cffffff,,1.0,1.0,False,,200.0,200.0,,,2001.0,+912071177309,https://www.practo.com/delhi/hospital/mahajan-children-hospital-nursing-home-uttam-nagar-1?referrer=hospital_listing,,VN,practo,,1.0,canonical,729,Q2,,Mid-Market,0.208508
hosp_1443d3dec95af20f,SR Krishna Hospital,sr krishna hospital,Delhi NCR,Hospital,Matiala,,28.6165811,77.0469997,873da1121ffffff,,6.0,10.0,False,,0.0,0.0,,,,+911141168498,https://www.practo.com/delhi/hospital/sr-krishna-hospital-matiala?referrer=hospital_listing,,VN,practo,,1.0,canonical,730,Q2,,Mid-Market,0.208266
hosp_34035b5a3768ff9b,"Santom Hospital, Rohini, Delhi",santom hospital rohini delhi,Delhi NCR,Hospital,Prashant Vihar,,28.713987,77.1384028,873da18c8ffffff,,6.0,10.0,False,,0.0,1000.0,,,,+911140787360,https://www.practo.com/delhi/hospital/santom-hospital-rohini-delhi-prashant-vihar?referrer=hospital_listing,,VN,practo,,1.0,canonical,731,Q2,,Mid-Market,0.208266
hosp_10b5d8370d025f04,Sparsh Hospital,sparsh hospital,Delhi NCR,Hospital,Delhi,,28.469647,77.022035,873da11a1ffffff,,1.0,1.0,False,,400.0,400.0,,7.0,2002.0,+911140036707,https://www.practo.com/delhi/hospital/sparsh-hospital-gurgaon?referrer=hospital_listing,,VN,practo,,1.0,canonical,732,Q2,,Mid-Market,0.20803
hosp_abe37b39c907017a,Brain and spine,brain spine,Delhi NCR,Hospital,Kavi Nagar,,28.6631500766339,77.44669358650816,873da1a8affffff,,1.0,3.0,False,,1000.0,1000.0,4.5,14.0,,+911141168734,https://www.practo.com/ghaziabad/hospital/shri-tirupati-hospital-kavi-nagar-1?referrer=hospital_listing,,VN,practo,,1.0,canonical,733,Q2,,Mid-Market,0.207925
hosp_c4d8c46611273e25,Fortis Hospital Manesar,fortis hospital manesar,Delhi NCR,Hospital,Manesar,,28.3666964,76.9332429,873da1ccdffffff,,8.0,9.0,False,,0.0,0.0,,2.0,,+911140849621,https://www.practo.com/delhi/hospital/fortis-hospital-manesar-manesar?referrer=hospital_listing,,active,practo,,1.0,canonical,734,Q2,,Mid-Market,0.207924
hosp_58f6524797cd8952,Yashoda Super Speciality Hospital,yashoda super speciality hospital,Delhi NCR,Hospital,Nehru Nagar,,28.66000488943078,77.43860363960266,873da1a9dffffff,,16.0,21.0,True,1.0,200.0,800.0,3.5,132.0,,+911140849480,https://www.practo.com/ghaziabad/hospital/yashoda-hospitals-nehru-nagar?referrer=hospital_listing,https://images1-fabric.practo.com/practices/677428/yashoda-super-speciality-hospital-ghaziabad-67bd6846b2ba9.png,VN,practo,,1.0,canonical,735,Q2,,Mid-Market,0.207224
hosp_4ce59f45c5618950,"Divya Prastha Hospital, Delhi",divya prastha hospital delhi,Delhi NCR,Hospital,Palam Colony,,28.5862209,77.0875803,873da112affffff,,7.0,9.0,False,,0.0,0.0,,,,+911143078257,https://www.practo.com/delhi/hospital/divya-prastha-hospital-delhi-palam-colony?referrer=hospital_listing,,VN,practo,,1.0,canonical,736,Q2,,Mid-Market,0.207101
hosp_8344be804efa6980,Magadh Hospita,magadh hospita,Delhi NCR,Hospital,Delhi,,28.51557,77.077786,873da111cffffff,,1.0,2.0,False,,200.0,200.0,,,2005.0,+912048552992,https://www.practo.com/delhi/hospital/magadh-hospita?referrer=hospital_listing,,VN,practo,,1.0,canonical,737,Q2,,Mid-Market,0.207061
hosp_478409cdf28f99fb,Phoenix hospital,phoenix hospital,Delhi NCR,Hospital,Greater Kailash Part 1,,28.542824,77.239548,873da102dffffff,,9.0,8.0,False,,0.0,1200.0,,,,+917971171887,https://www.practo.com/delhi/hospital/phoenix-hospital-6-greater-kailash-part-1?referrer=hospital_listing,https://images1-fabric.practo.com/practices/1119094/phoenix-hospital-delhi-6650775dde056.png,VN,practo,,1.0,canonical,738,Q2,,Mid-Market,0.206658
hosp_7d8371790740b579,Manipal Hospital Formerly Columbia Asia,manipal hospital formerly columbia asia,Delhi NCR,Hospital,Pandav Nagar Industrial Area,,28.6552,77.4724,873da1324ffffff,,9.0,8.0,False,,0.0,0.0,,,,+911142213894,https://www.practo.com/ghaziabad/hospital/manipal-hospital-formerly-columbia-asia-pandav-nagar-industrial-area?referrer=hospital_listing,,VN,practo,,1.0,canonical,739,Q2,,Mid-Market,0.206658
hosp_87058ade5981a55c,Mission Hospital,mission hospital,Delhi NCR,Hospital,Gurgaon Sector 8,,28.3737162,76.9085932,873da1cccffffff,,14.0,6.0,False,,0.0,0.0,,,,+911141168765,https://www.practo.com/gurgaon/hospital/mission-hospital-1-gurgaon-sector-8?referrer=hospital_listing,,VN,practo,,1.0,canonical,740,Q2,,Mid-Market,0.206495
hosp_b96bc6bf2fd5b4c5,"Aarvy Healthcare Super Speciality Hospital, Gurgaon",aarvy healthcare super speciality hospital gurgaon,Delhi NCR,Hospital,Gurgaon Sector 90,,28.4124268,76.9418303,873da11b4ffffff,,6.0,9.0,False,,0.0,0.0,,2.0,,+911161191358,https://www.practo.com/gurgaon/hospital/aarvy-healthcare-super-speciality-hospital-gurgaon-gurgaon-sector-90?referrer=hospital_listing,,VN,practo,,1.0,canonical,741,Q2,,Mid-Market,0.20648
hosp_57ffe6d7ce675f5b,M D Eye Care & Laser Centre,m d eye care laser centre,Delhi NCR,Hospital,Greater Kailash Part 2,,28.5608078,77.2312182,873da115effffff,,1.0,1.0,False,,1000.0,1000.0,,9.0,2004.0,+911140036714,https://www.practo.com/delhi/hospital/m-d-eye-care-laser-centre-greater-kailash?referrer=hospital_listing,,VN,practo,,1.0,canonical,742,Q2,,Mid-Market,0.206465
hosp_61cfb99f93f2e07a,Goyal Hospital & Urology Centre,goyal hospital urology centre,Delhi NCR,Hospital,Krishna Nagar,,28.661177,77.2827297,873da116bffffff,,14.0,17.0,True,,0.0,1200.0,2.5,26.0,1986.0,+911140036727,https://www.practo.com/delhi/hospital/goyal-hospital-urology-center-krishna-nagar?referrer=hospital_listing,https://images1-fabric.practo.com/practices/709451/goyal-hospital-urology-centre-delhi-666404840c5ba.png,VN,practo,,1.0,canonical,743,Q2,,Mid-Market,0.206383
hosp_1eeac1d961c94df7,Max Medcentre,max medcentre,Delhi NCR,Hospital,Lajpat Nagar,,28.564682544568,77.239801526102,873da115effffff,,10.0,7.0,False,8.0,500.0,5000.0,,6.0,,+914471966983,https://www.practo.com/delhi/hospital/max-medcentre-lajpat-nagar?referrer=hospital_listing,https://images1-fabric.practo.com/practices/1150384/max-medcentre-delhi-5ab23fdeeec69.png,VN,practo,,1.0,canonical,744,Q2,,Mid-Market,0.205798
hosp_4df03ca1159655f9,Orthoplus Hospital,orthoplus hospital,Delhi NCR,Hospital,Najafgarh,,28.613873838449095,76.97639465332031,873da1899ffffff,,10.0,7.0,False,,0.0,300.0,,5.0,,+911140036730,https://www.practo.com/delhi/hospital/orthoplus-hospital-najafgarh-1?referrer=hospital_listing,https://images1-fabric.practo.com/practices/676875/orthoplus-hospital-delhi-5b050d136c18d.png,VN,practo,,1.0,canonical,745,Q2,,Mid-Market,0.205747
hosp_94d5d6c33c4e5025,Marengo Asia Hospitals Formerly QRG Health City,marengo asia hospitals formerly qrg health city,Delhi NCR,Hospital,Sector 18A,,28.4157,77.3188,873da10e3ffffff,,5.0,9.0,False,,0.0,0.0,,,,+911142213464,https://www.practo.com/faridabad/hospital/marengo-asia-hospitals-formerly-qrg-health-city-sector-18a?referrer=hospital_listing,,active,practo,,1.0,canonical,746,Q2,,Mid-Market,0.205657
hosp_04e5802625d03409,Satyam Hospital,satyam hospital,Delhi NCR,Hospital,Gurgaon Sector 7,,28.732806,77.125664,873da18ccffffff,,2.0,5.0,False,,300.0,400.0,,4.0,2015.0,+912071187883,https://www.practo.com/gurgaon/hospital/satyam-hospital-2-sikanderpur?referrer=hospital_listing,,VN,practo,,1.0,canonical,747,Q2,,Mid-Market,0.205313
hosp_de16c2b0b0de9902,Vinayak Hospital,vinayak hospital,Delhi NCR,Hospital,Narela,,28.8600393,77.0867841,873da1840ffffff,,7.0,8.0,False,,0.0,600.0,,,,+911140844819,https://www.practo.com/delhi/hospital/vinayak-hospital-1-narela?referrer=hospital_listing,,VN,practo,,1.0,canonical,748,Q2,,Mid-Market,0.205214
hosp_16783227b21a1309,Eye Health Clinic - Fortis C Doc,eye health clinic fortis c doc,Delhi NCR,Hospital,Nehru Place,,28.546981270708,77.249486446381,873da115affffff,,5.0,1.0,False,1.0,650.0,1000.0,4.5,12.0,,+911140036731,https://www.practo.com/delhi/hospital/eye-health-clinic-fortis-c-doc-nehru-place?referrer=hospital_listing,https://images1-fabric.practo.com/practices/1112262/eye-health-clinic-fortis-c-doc-delhi-5a2169b2a6d0d.jpg,ABS,practo,,1.0,canonical,749,Q2,,Mid-Market,0.205121
hosp_f696a8bb1dbb1b60,Chandra Laxmi Hospital,chandra laxmi hospital,Delhi NCR,Hospital,Ambedkar Road,,28.666973,77.432584,873da1a9dffffff,,9.0,7.0,False,,0.0,0.0,,,,+911141193997,https://www.practo.com/ghaziabad/hospital/chandra-laxmi-hospital-1-ambedkar-road?referrer=hospital_listing,,VN,practo,,1.0,canonical,750,Q2,,Mid-Market,0.204771
hosp_cb1c92c44396a1eb,Cygnus MLS Superspecility Hospital,cygnus mls superspecility hospital,Delhi NCR,Hospital,Rohini Sector 38,,28.703101,77.121259,873da18ceffffff,,14.0,11.0,True,,0.0,500.0,2.5,15.0,2015.0,+912071177319,https://www.practo.com/delhi/hospital/cygnus-mls-superspecility-hospital-ram-vihar?referrer=hospital_listing,https://images1-fabric.practo.com/cygnus-mls-superspecility-hospital-delhi-1467738638-577bea0e3c080.png,VN,practo,,1.0,canonical,751,Q2,,Mid-Market,0.204678
hosp_d82f5521ad439a03,Dr Batra's Positive Health Clinic Pvt Ltd,dr batra s positive health clinic,Delhi NCR,Hospital,Sector 18,,28.5709875,77.3241796,873da1062ffffff,,3.0,1.0,False,,499.0,499.0,4.5,13.0,,+911161191400,https://www.practo.com/noida/hospital/dr-batras-positive-health-clinic-pvt-ltd-1-sector-18?referrer=hospital_listing,https://images1-fabric.practo.com/practices/1026766/dr-batra-s-positive-health-clinic-pvt-ltd-noida-641061301e02e.png,VN,practo,,1.0,canonical,752,Q2,,Mid-Market,0.20465
hosp_4f82e219be9407e6,Ganapati Hospital And Maternity Center,ganapati hospital maternity center,Delhi NCR,Hospital,Sector 107,,28.542919239863,77.385721206665,873da1041ffffff,,3.0,4.0,False,,300.0,300.0,4.0,264.0,2007.0,+911141168498,https://www.practo.com/noida/hospital/ganpati-hospital-salarpur-kalan?referrer=hospital_listing,https://images1-fabric.practo.com/ganpati-hospital-and-maternity-centre-noida-1439464632-55cc7cb843267.jpg,VN,practo,,1.0,canonical,753,Q2,,Mid-Market,0.204628
hosp_be4fe1d8196c4f6c,Dr. Rammanohar Lohia Hospital,dr rammanohar lohia hospital,Delhi NCR,Hospital,Gole Market,,28.6253647,77.1980116,873da1146ffffff,,14.0,5.0,False,,0.0,500.0,,,,+918037320709,https://www.practo.com/delhi/hospital/dr-rammanohar-lohia-hospital-gole-market?referrer=hospital_listing,,VN,practo,,1.0,canonical,754,Q2,,Mid-Market,0.204608
hosp_082f8e3f1b86c5d1,CP Vet Hospital,cp vet hospital,Delhi NCR,Hospital,Delhi,,28.613817460649866,77.21224099278334,873da1146ffffff,,1.0,1.0,False,,400.0,400.0,,3.0,2006.0,+912071172687,https://www.practo.com/delhi/hospital/cp-vet-hospital-chakkarpur?referrer=hospital_listing,,VN,practo,,1.0,canonical,755,Q2,,Mid-Market,0.204493
hosp_4655d28c4b749bff,"Balaji Superspeciality Hospital, Ghaziabad",balaji superspeciality hospital ghaziabad,Delhi NCR,Hospital,Rajendra Nagar,,28.6812428,77.354236,873da1a86ffffff,,3.0,9.0,False,,0.0,0.0,,,,+911141132968,https://www.practo.com/ghaziabad/hospital/balaji-superspeciality-hospital-ghaziabad-rajendra-nagar?referrer=hospital_listing,,VN,practo,,1.0,canonical,756,Q2,,Mid-Market,0.204213
hosp_dd013fd41ff0537a,Metro Hospitals & Heart Institute,metro hospitals heart institute,Delhi NCR,Hospital,Sector 12,,28.596249,77.339621,873da1065ffffff,,20.0,12.0,True,,0.0,3000.0,3.0,40.0,1997.0,+917948501218,https://www.practo.com/noida/hospital/metro-hospitals-heart-institute-sector-12-3?referrer=hospital_listing,https://images1-fabric.practo.com/metro-hospitals-heart-institute-cardiology-wing-noida-1465419330-5758864267a27.JPG,ABS,practo,,1.0,canonical,757,Q2,,Mid-Market,0.203538
hosp_e7b61cd52f6d9a63,SARMAN Hospital (ENT & DENTAL),sarman hospital ent dental,Delhi NCR,Hospital,Railway Road,,28.464965517337,77.029403371667,873da11a1ffffff,,1.0,2.0,True,,700.0,700.0,3.5,23.0,,+914446312550,https://www.practo.com/gurgaon/hospital/ent-care-hospital-railway-road-1?referrer=hospital_listing,https://images1-fabric.practo.com/practices/1142443/sarman-hospital-ent-dental-gurgaon-65819ffeb8976.jpg,VN,practo,,1.0,canonical,758,Q2,,Mid-Market,0.203492
hosp_c4949dcb477e881a,SCI Hospital,sci hospital,Delhi NCR,Hospital,Gurgaon Sector 43,,28.4604199,77.095422,873da1036ffffff,,24.0,19.0,True,,500.0,1500.0,3.5,209.0,,+917948501114,https://www.practo.com/gurgaon/hospital/sci-hospital-gurgaon-sector-43-1?referrer=hospital_listing,https://images1-fabric.practo.com/practices/1426260/sci-international-hospital-gurgaon-6482ab3960645.PNG,ABS,practo,,1.0,canonical,759,Q2,,Mid-Market,0.203483
hosp_f105346f034f7336,Dharamshila Hospital,dharamshila hospital,Delhi NCR,Hospital,Vasundhra Enclave,,28.613120356424353,77.20826625823975,873da1146ffffff,,19.0,13.0,True,,0.0,1200.0,3.0,25.0,,+918037311397,https://www.practo.com/delhi/hospital/dharamshila-hospital-vasundhra-enclave?referrer=hospital_listing,https://images1-fabric.practo.com/practices/608841/dharamshila-hospital-delhi-6673dda1718d7.png,VN,practo,,1.0,canonical,760,Q2,,Mid-Market,0.203477
hosp_888197e3575d21b9,"Visitech Eye Centre, Jasola",visitech eye centre jasola,Delhi NCR,Hospital,Jasola,,28.5422,77.294,873da1075ffffff,,9.0,1.0,False,,0.0,1000.0,4.0,35.0,2005.0,+914446312691,https://www.practo.com/delhi/hospital/visitech-eye-centre?referrer=hospital_listing,https://images1-fabric.practo.com/visitech-eye-centre-jasola-delhi-1490801290-58dbd28adaaa1.png,VN,practo,,1.0,canonical,761,Q2,,Mid-Market,0.203233
hosp_99b95aa7f1c9e8ba,Kanta Sethi Hospital,kanta sethi hospital,Delhi NCR,Hospital,Rohini Sector 1,,28.7005019,77.0960179,873da18c3ffffff,,4.0,8.0,False,,0.0,0.0,,,,+911140844813,https://www.practo.com/delhi/hospital/kanta-sethi-hospital-rohini-sector-1?referrer=hospital_listing,,active,practo,,1.0,canonical,762,Q2,,Mid-Market,0.203048
hosp_bdf79ccc62c40327,Surya Hospital,surya hospital,Delhi NCR,Hospital,Krishna Nagar,,28.6632091,77.2860733,873da116bffffff,,15.0,9.0,True,,0.0,1200.0,3.5,57.0,,+911140036726,https://www.practo.com/delhi/hospital/surya-hospital-krishna-nagar?referrer=hospital_listing,https://images1-fabric.practo.com/practices/678666/surya-hospital-delhi-66571217a93d6.png,VN,practo,,1.0,canonical,763,Q2,,Mid-Market,0.202812
hosp_12f7be0c17bf83e5,SSB Super-speciality Block VMMC and Safdarjung Hospital,ssb super speciality block vmmc safdarjung hospital,Delhi NCR,Hospital,Kidwai Nagar West,,28.5662644,77.2031691,873da1153ffffff,,6.0,7.0,False,,0.0,0.0,,,,+911161262793,https://www.practo.com/delhi/hospital/ssb-super-speciality-block-vmmc-and-safdarjung-hospital-kidwai-nagar-west?referrer=hospital_listing,,VN,practo,,1.0,canonical,764,Q2,,Mid-Market,0.202605
hosp_dccf127350e572fc,Paras Hospital,paras hospital,Delhi NCR,Hospital,Ghazipur,,28.6388756,77.3250956,873da1149ffffff,,3.0,8.0,False,,0.0,0.0,,,,+911140849621,https://www.practo.com/delhi/hospital/paras-hospital-2-ghazipur?referrer=hospital_listing,,VN,practo,,1.0,canonical,765,Q2,,Mid-Market,0.202326
hosp_fff2eb3ba1f7799a,Paras Hospital,paras hospital,Delhi NCR,Hospital,Peeragarhi,,28.6703713,77.0858315,873da18dcffffff,,3.0,8.0,False,,0.0,0.0,,,,+911161260791,https://www.practo.com/delhi/hospital/paras-hospital-2-peeragarhi?referrer=hospital_listing,,VN,practo,,1.0,canonical,766,Q2,,Mid-Market,0.202326
hosp_06fa3550816c9038,"Yatharth Super Speciality Hospital, Noida",yatharth super speciality hospital noida,Delhi NCR,Hospital,Sector 110,,28.5321339,77.3843742,873da1043ffffff,,8.0,6.0,False,,0.0,700.0,,,,+918037296911,https://www.practo.com/noida/hospital/yatharth-super-speciality-hospital-noida-sector-110?referrer=hospital_listing,,VN,practo,,1.0,canonical,767,Q2,,Mid-Market,0.202163
hosp_f0ff9b2d4b6081b8,"Maple Care Hospital, Delhi",maple care hospital delhi,Delhi NCR,Hospital,Dwarka Sector 23,,28.5605619,77.0511742,873da1100ffffff,,5.0,7.0,False,,0.0,0.0,,,,+911143060238,https://www.practo.com/delhi/hospital/maple-care-hospital-delhi-dwarka-sector-23?referrer=hospital_listing,,VN,practo,,1.0,canonical,768,Q2,,Mid-Market,0.201883
hosp_539aa75ecc43cfdc,SARVODAYA HOSPITAL,sarvodaya hospital,Delhi NCR,Hospital,Khindora,,28.8405338088,77.5818333562,873da1a53ffffff,,5.0,7.0,False,,0.0,0.0,,,,+911141133614,https://www.practo.com/ghaziabad/hospital/sarvodaya-hospital-1-khindora?referrer=hospital_listing,,VN,practo,,1.0,canonical,769,Q2,,Mid-Market,0.201883
hosp_4ae8bc3b6506c31e,Accord superspecialty Hospital,accord superspecialty hospital,Delhi NCR,Hospital,Jawahar Colony,,28.3623601,77.2795413,873da10f2ffffff,,5.0,7.0,False,,0.0,300.0,,,,+911141193967,https://www.practo.com/faridabad/hospital/accord-superspecialty-hospital-jawahar-colony?referrer=hospital_listing,,active,practo,,1.0,canonical,770,Q2,,Mid-Market,0.201883
hosp_24b5d40f931d2c69,SKG Hospital,skg hospital,Delhi NCR,Hospital,Ballabgarh,,28.3382075,77.3209993,873da10d0ffffff,,10.0,5.0,False,,0.0,0.0,,,,+911161262791,https://www.practo.com/faridabad/hospital/skg-hospital-ballabgarh-1?referrer=hospital_listing,,VN,practo,,1.0,canonical,771,Q2,,Mid-Market,0.20172
hosp_b3b6206dc1fcb43c,SKG Hospital,skg hospital,Delhi NCR,Hospital,Sector 11,,28.3686613,77.3229122,873da10c6ffffff,,10.0,5.0,False,,0.0,0.0,,,,+911161191421,https://www.practo.com/faridabad/hospital/skg-hospital-sector-11?referrer=hospital_listing,,active,practo,,1.0,canonical,772,Q2,,Mid-Market,0.20172
hosp_21c419dd0398e124,Arsh Hospital,arsh hospital,Delhi NCR,Hospital,Sector 78,,28.384799539033878,77.36740708351135,873da10c1ffffff,,2.0,8.0,False,,400.0,400.0,,2.0,,+911140036752,https://www.practo.com/faridabad/hospital/arsh-hospital-faridabad-city?referrer=hospital_listing,https://images1-fabric.practo.com/551677f0cc2df59b514174bffe4ae402b3d63aad79fe0.jpg,VN,practo,,1.0,canonical,773,Q2,,Mid-Market,0.201706
hosp_954594ac5230a385,"Sama Hospital, Delhi",sama hospital delhi,Delhi NCR,Hospital,Sadiq Nagar,,28.554559,77.226929,873da102dffffff,,7.0,6.0,False,,0.0,1000.0,,,,+911143060238,https://www.practo.com/delhi/hospital/sama-hospital-delhi-sadiq-nagar?referrer=hospital_listing,,VN,practo,,1.0,canonical,774,Q2,,Mid-Market,0.201441
hosp_d770beb09cedc666,"Tripathi Hospital, Noida",tripathi hospital noida,Delhi NCR,Hospital,Sector 119,,28.5867512,77.4007987,873da1068ffffff,,7.0,6.0,False,,0.0,500.0,,,,+911140848827,https://www.practo.com/noida/hospital/tripathi-hospital-noida-sector-119?referrer=hospital_listing,,VN,practo,,1.0,canonical,775,Q2,,Mid-Market,0.201441
hosp_c7ce238241e2fd0d,Dr. Mohan's Diabetes Specialities Centre,dr mohan s diabetes specialities centre,Delhi NCR,Hospital,Kirti Nagar,,28.65479862372175,77.13791560381651,873da18dbffffff,,3.0,3.0,False,,0.0,700.0,,4.0,2016.0,+914446315128,https://www.practo.com/delhi/hospital/dr-mohan-s-diabetes-specialities-centre-4-kirti-nagar?referrer=hospital_listing,https://images1-fabric.practo.com/dr-mohan-s-diabetes-specialities-centre-delhi-1488023279-58b16eef82e3f.png,VN,practo,,1.0,canonical,776,Q2,,Mid-Market,0.201428
hosp_6e90f17bcddf806b,Phoenix Hospitals,phoenix hospitals,Delhi NCR,Hospital,Greater Kailash Part 1,,28.5501,77.2442,873da102dffffff,,5.0,7.0,True,,0.0,1800.0,3.5,40.0,,+912048552984,https://www.practo.com/delhi/hospital/phoenix-hospitals-greater-kailash-part-1?referrer=hospital_listing,https://images1-fabric.practo.com/phoenix-hospitals-delhi-1463119467-57356e6b71739.png,VN,practo,,1.0,canonical,777,Q2,,Mid-Market,0.201387
hosp_fa59eb4c8983f0f9,Sanjivani Hospital,sanjivani hospital,Delhi NCR,Hospital,Gurgaon Sector 10A,,28.4394,77.007111,873da11a3ffffff,,1.0,1.0,False,,200.0,200.0,,4.0,2010.0,+912048556725,https://www.practo.com/gurgaon/hospital/sanjivani-hospital?referrer=hospital_listing,,VN,practo,,1.0,canonical,778,Q2,,Mid-Market,0.201211
hosp_9865d428cf9d9ad2,"Chikitsa Hospital, Delhi",chikitsa hospital delhi,Delhi NCR,Hospital,Saket,,28.5263227,77.2066433,873da102cffffff,,4.0,7.0,False,,0.0,0.0,,,,+911140787360,https://www.practo.com/delhi/hospital/chikitsa-hospital-delhi-saket?referrer=hospital_listing,,VN,practo,,1.0,canonical,779,Q2,,Mid-Market,0.201161
hosp_746fe624521d1965,"Jyoti Hospital And Urology Center, Gurgaon",jyoti hospital urology center gurgaon,Delhi NCR,Hospital,Housing Board Colony,,28.4575375,77.0364907,873da11aeffffff,,4.0,7.0,False,,0.0,0.0,,,,+911140787361,https://www.practo.com/gurgaon/hospital/jyoti-hospital-and-urology-center-gurgaon-housing-board-colony?referrer=hospital_listing,,VN,practo,,1.0,canonical,780,Q2,,Mid-Market,0.201161
hosp_5fea39d922f91c5d,Max Multi Speciality Centre,max multi speciality centre,Delhi NCR,Hospital,Sector 19,,28.57437,77.322929,873da1060ffffff,,18.0,20.0,True,,0.0,1500.0,3.5,399.0,,+917317152911,https://www.practo.com/noida/hospital/max-hospital-noida-sector-19?referrer=hospital_listing,https://images1-fabric.practo.com/practices/651628/max-multi-speciality-centre-noida-5f5b278e94f0c.JPG,RFA,practo,,1.0,canonical,781,Q2,,Mid-Market,0.201027
hosp_be64fffb7b968b8e,Parakh Hospital,parakh hospital,Delhi NCR,Hospital,Shalimar Garden Extension I,,28.6933005,77.3399356,873da1ab1ffffff,,9.0,5.0,False,,0.0,0.0,,,,+911140848700,https://www.practo.com/ghaziabad/hospital/parakh-hospital-1-shalimar-garden-extension-i?referrer=hospital_listing,,VN,practo,,1.0,canonical,782,Q2,,Mid-Market,0.200998
hosp_4a354031ce096a71,"Apollo Cradle And Childrens Hospital, Moti Nagar, Delhi",apollo cradle childrens hospital moti nagar delhi,Delhi NCR,Hospital,Karampura,,28.661615,77.1505427,873da1166ffffff,,8.0,5.0,False,,0.0,700.0,,4.0,,+911142213853,https://www.practo.com/delhi/hospital/apollo-cradle-and-childrens-hospital-moti-nagar-delhi-karampura?referrer=hospital_listing,,VN,practo,,1.0,canonical,783,Q2,,Mid-Market,0.200479
hosp_6193a99f455d81a7,Kalyani Hospital,kalyani hospital,Delhi NCR,Hospital,Gurgaon Sector 14,,28.46781,77.04242,873da11acffffff,,13.0,8.0,True,,175.0,1000.0,3.5,193.0,1996.0,+918037296909,https://www.practo.com/gurgaon/hospital/kalyani-hospital-gurgaon-sector-14?referrer=hospital_listing,https://images1-fabric.practo.com/54fefd997087496d6f2e7e1f705ab5e59c84a6dc009b2.png,VN,practo,,1.0,canonical,784,Q2,,Mid-Market,0.200476
hosp_ae7d0184ffa61a59,Paras hospital,paras hospital,Delhi NCR,Hospital,Loni,,28.7565197,77.285152,873da1b9dffffff,,8.0,5.0,False,,0.0,0.0,,,,+911140787358,https://www.practo.com/ghaziabad/hospital/paras-hospital-2-loni?referrer=hospital_listing,,VN,practo,,1.0,canonical,785,Q2,,Mid-Market,0.200276
hosp_1408e82fe35a4f4a,"Shubham Hospital, Delhi",shubham hospital delhi,Delhi NCR,Hospital,Kalkaji,,28.5434715,77.2586883,873da1029ffffff,,5.0,6.0,False,,0.0,700.0,,,,+911141172109,https://www.practo.com/delhi/hospital/shubham-hospital-delhi-kalkaji?referrer=hospital_listing,,VN,practo,,1.0,canonical,786,Q2,,Mid-Market,0.199996
hosp_9da946247f64f171,Mehta Hospital,mehta hospital,Delhi NCR,Hospital,Saket,,28.52338,77.23128,873da1028ffffff,,1.0,1.0,True,,600.0,600.0,3.0,11.0,,+918037311397,https://www.practo.com/delhi/hospital/mehta-hospital-saket?referrer=hospital_listing,https://images1-fabric.practo.com/practices/665966/mehta-hospital-delhi-66502d6ca2ce9.png,VN,practo,,1.0,canonical,787,Q2,,Mid-Market,0.199766
hosp_3d0f2bfe0162641a,Prakash Hospital & Trauma Centre,prakash hospital trauma centre,Delhi NCR,Hospital,Manesar,,28.3561284,76.9377486,873da1cc8ffffff,,7.0,8.0,True,,400.0,800.0,3.0,18.0,,+917948501251,https://www.practo.com/gurgaon/hospital/prakash-hospital-5-manesar-1?referrer=hospital_listing,https://images1-fabric.practo.com/practices/1556276/prakash-hospital-trauma-centre-gurgaon-697ae62f1832f.png,ABS,practo,,1.0,canonical,788,Q2,,Mid-Market,0.199662
hosp_2f55e011d01414d5,Eye Q Super Speciality Eye Hospitals,eye q super speciality eye hospitals,Delhi NCR,Hospital,Shalimar Bagh,,28.71445275997104,77.15378522872925,873da18c8ffffff,,2.0,1.0,False,,370.0,520.0,,7.0,2013.0,+911140036742,https://www.practo.com/delhi/hospital/eye-q-super-speciality-eye-hospitals-shalimar-bagh?referrer=hospital_listing,https://images1-fabric.practo.com/559bc450369e708465f82ecfe10ca2c25738173312f6e.jpg,VN,practo,,1.0,canonical,789,Q2,,Mid-Market,0.199585
hosp_b9e5920fc9fd13bb,Kapoor Medical Centre,kapoor medical centre,Delhi NCR,Hospital,Naraina Vihar,,28.630894,77.1382629999999,873da1174ffffff,,11.0,13.0,True,,500.0,2000.0,3.0,24.0,,+917948501170,https://www.practo.com/delhi/hospital/kapoor-medical-centre-naraina-vihar?referrer=hospital_listing,https://images1-fabric.practo.com/practices/679522/kapoor-medical-centre-delhi-6904b8a34d476.png,ABS,practo,,1.0,canonical,790,Q2,,Mid-Market,0.199572
hosp_5b8fc67ac1e2e217,Sunand Hospital & IVF Center,sunand hospital ivf center,Delhi NCR,Hospital,Uttam Nagar,,28.620937469531384,77.04548835754395,873da1121ffffff,,1.0,2.0,False,,500.0,500.0,,,2014.0,+912071172550,https://www.practo.com/delhi/hospital/sunand-hospital-uttam-nagar?referrer=hospital_listing,,VN,practo,,1.0,canonical,791,Q2,,Mid-Market,0.199561
hosp_e125d4c4560e7346,Muskaan Hospital,muskaan hospital,Delhi NCR,Hospital,Shahdara,,28.6919083,77.254965,873da116dffffff,,1.0,1.0,False,,300.0,300.0,,,2012.0,+912071171342,https://www.practo.com/delhi/hospital/muskaan-hospital-shahdara?referrer=hospital_listing,,VN,practo,,1.0,canonical,792,Q2,,Mid-Market,0.199341
hosp_cb1f9f392fb7d60d,Adarsh Multispeciality Hospital and Trauma Centre,adarsh multispeciality hospital trauma centre,Delhi NCR,Hospital,Adarsh Nagar,,28.7190166,77.1687787,873da18c9ffffff,,4.0,6.0,False,,0.0,300.0,,,,+911141188491,https://www.practo.com/delhi/hospital/adarsh-multispeciality-hospital-and-trauma-centre-adarsh-nagar-2?referrer=hospital_listing,,VN,practo,,1.0,canonical,793,Q2,,Mid-Market,0.199274
hosp_ac304d4234e7922b,"Mayom Hospital, Gurgaon",mayom hospital gurgaon,Delhi NCR,Hospital,Gurgaon Sector 41,,28.4580894,77.0635685,873da11a8ffffff,,4.0,6.0,False,,0.0,0.0,,,,+911141236444,https://www.practo.com/gurgaon/hospital/mayom-hospital-gurgaon-gurgaon-sector-41?referrer=hospital_listing,,VN,practo,,1.0,canonical,794,Q2,,Mid-Market,0.199274
hosp_3695109354e997f7,LYF Hospital,lyf hospital,Delhi NCR,Hospital,Indirapuram,,28.643541408837766,77.3513433779109,873da1a94ffffff,,7.0,7.0,True,,700.0,1000.0,3.5,46.0,,+911140036730,https://www.practo.com/ghaziabad/hospital/lyf-hospital-indirapuram-4?referrer=hospital_listing,,ABS,practo,,1.0,canonical,795,Q2,,Mid-Market,0.199032
hosp_566ad2824245dcbb,Aakash Health Care,aakash health care,Delhi NCR,Hospital,Dwarka Sector 3,,28.60496,77.05461,873da112effffff,,15.0,14.0,True,,0.0,1200.0,3.5,339.0,2011.0,+911161191421,https://www.practo.com/delhi/hospital/aakash-health-care-dwarka-sector-3?referrer=hospital_listing,https://images1-fabric.practo.com/aakash-health-care-delhi-1454156968-56acaca858e0f.jpg,VN,practo,,1.0,canonical,796,Q2,,Mid-Market,0.199025
hosp_bd219700e20b512f,Anand Multispeciality Hospital,anand multispeciality hospital,Delhi NCR,Hospital,Gurgaon Sector 56,,28.42584483104,77.091686725616,873da118cffffff,,6.0,5.0,True,,0.0,800.0,3.5,39.0,,+911161260154,https://www.practo.com/gurgaon/hospital/anand-multispeciality-hospital-gurgaon-sector-56?referrer=hospital_listing,https://images1-fabric.practo.com/practices/676455/anand-multispeciality-hospital-gurgaon-5ed77ed2bdb43.jpg,VN,practo,,1.0,canonical,797,Q2,,Mid-Market,0.199022
hosp_9285b31cf3cae359,Yatharth Super Specialty Hospital,yatharth super specialty hospital,Delhi NCR,Hospital,Sector 12,,28.5959,77.3435,873da1061ffffff,,6.0,5.0,False,,0.0,700.0,,,,+911140844822,https://www.practo.com/noida/hospital/yatharth-super-specialty-hospital-sector-12?referrer=hospital_listing,,VN,practo,,1.0,canonical,798,Q2,,Mid-Market,0.198832
hosp_272dd1f2dce55683,"Motherhood Hospital, Gurugram, Gurgaon",motherhood hospital gurugram gurgaon,Delhi NCR,Hospital,Gurgaon Sector 57,,28.4254404,77.0731674,873da118cffffff,,6.0,5.0,False,,0.0,0.0,,,,+911140848837,https://www.practo.com/gurgaon/hospital/motherhood-hospital-gurugram-gurgaon-gurgaon-sector-57?referrer=hospital_listing,,VN,practo,,1.0,canonical,799,Q2,,Mid-Market,0.198832
hosp_db6cf7861fc05285,SSB CENTRAL HOSPITAL AND RESEARCH CENTRE LIMITED,ssb central hospital research centre,Delhi NCR,Hospital,Sector-20,,28.4267344942,77.3036773531,873da10e0ffffff,,6.0,5.0,False,,0.0,0.0,,,,+911161191084,https://www.practo.com/faridabad/hospital/ssb-central-hospital-and-research-centre-limited-sector-20?referrer=hospital_listing,,active,practo,,1.0,canonical,800,Q2,,Mid-Market,0.198832
hosp_aa382d9c6f81b24f,Dharmshila Narayan Superspeciality Hospital,dharmshila narayan superspeciality hospital,Delhi NCR,Hospital,Maujpur,,28.6919399,77.2791235,873da1169ffffff,,3.0,6.0,False,,0.0,0.0,,,,+911143078257,https://www.practo.com/delhi/hospital/dharmshila-narayan-superspeciality-hospital-maujpur?referrer=hospital_listing,,VN,practo,,1.0,canonical,801,Q2,,Mid-Market,0.198552
hosp_c1ed4defda369456,Diet Clinic,diet clinic,Delhi NCR,Hospital,Palam Vihar,,28.503876,77.038224,873da1113ffffff,,1.0,1.0,False,,750.0,750.0,,,2013.0,+911140787307,https://www.practo.com/gurgaon/hospital/diet-clinic-palam-vihar-palam-vihar?referrer=hospital_listing,https://images1-fabric.practo.com/diet-clinic-palam-vihar-gurgaon-1456473290-56d004ca6cc74.jpg,VN,practo,,1.0,canonical,802,Q2,,Mid-Market,0.198508
hosp_dc6ea3ad0001736e,Jeewan Hospital Gate No. 1,jeewan hospital gate no 1,Delhi NCR,Hospital,Kilokri,,28.572481,77.262786,873da1158ffffff,,12.0,11.0,True,,300.0,1000.0,3.5,72.0,,+918047284090,https://www.practo.com/delhi/hospital/jeewan-hospital-kilokri?referrer=hospital_listing,https://images1-fabric.practo.com/practices/1155396/jeewan-hospital-gate-no-1-delhi-5af68e799fd6b.png,ABS,practo,,1.0,canonical,803,Q2,,Mid-Market,0.198391
hosp_a6dfae1abf918e8b,Ishan Hospital,ishan hospital,Delhi NCR,Hospital,Rohini,,28.740607779912235,77.13261723518372,873da18ccffffff,,4.0,6.0,True,,0.0,300.0,2.5,10.0,,+912071188518,https://www.practo.com/delhi/hospital/ishan-hospital-rohini-3?referrer=hospital_listing,https://images1-fabric.practo.com/55386a2be5474099fb995346f31c749f6e40db0f395e3.jpg,VN,practo,,1.0,canonical,804,Q2,,Mid-Market,0.198375
hosp_a0bdfeb22d75cff7,Medeor Hospital,medeor hospital,Delhi NCR,Hospital,Dwarka,,28.59638,77.04567,873da1123ffffff,,20.0,13.0,True,,0.0,1000.0,3.5,110.0,,+911140849518,https://www.practo.com/delhi/hospital/medeor-hospital-dwarka-3?referrer=hospital_listing,https://images1-fabric.practo.com/practices/919765/medeor-hospital-delhi-5eb7cc4018f99.jpg,VN,practo,,1.0,canonical,805,Q2,,Mid-Market,0.198366
hosp_b8cef34007e891bc,Satya Medical Centre,satya medical centre,Delhi NCR,Hospital,Sector 34,,28.586702,77.358502,873da1061ffffff,,5.0,5.0,False,,250.0,400.0,,2.0,,+918037310980,https://www.practo.com/noida/hospital/satya-medical-centre-noida-sector-34?referrer=hospital_listing,,VN,practo,,1.0,canonical,806,Q2,,Mid-Market,0.198211
hosp_f186d1f7f5625caf,Centre For Sight,centre for sight,Delhi NCR,Hospital,Indirapuram,,28.6508285,77.3692104,873da1a95ffffff,,15.0,1.0,False,,500.0,3000.0,,7.0,,+918047284125,https://www.practo.com/ghaziabad/hospital/centre-for-sight-1-indirapuram?referrer=hospital_listing,https://images1-fabric.practo.com/practices/1272607/centre-for-sight-ghaziabad-5df4a2aa9374f.png,ABS,practo,,1.0,canonical,807,Q2,,Mid-Market,0.198138
hosp_5a7eaa06145880aa,RK Hospital,rk hospital,Delhi NCR,Hospital,Sangam Vihar,,28.5033622,77.2479754,873da102bffffff,,5.0,5.0,False,,0.0,450.0,,,,+911140849413,https://www.practo.com/delhi/hospital/rk-hospital-1-sangam-vihar-1?referrer=hospital_listing,,VN,practo,,1.0,canonical,808,Q2,,Mid-Market,0.19811
hosp_405bc3480c000489,"Ayushman Hospital And Health Service, Delhi",ayushman hospital health service delhi,Delhi NCR,Hospital,Dwarka Sector 20,,28.5667057,77.0623656,873da1100ffffff,,5.0,5.0,False,,0.0,0.0,,,,+911142213848,https://www.practo.com/delhi/hospital/ayushman-hospital-and-health-service-delhi-dwarka-sector-20?referrer=hospital_listing,,VN,practo,,1.0,canonical,809,Q2,,Mid-Market,0.19811
hosp_ff6309a86e0f9657,"Kalyani Hospital, Gurugram, Gurgaon",kalyani hospital gurugram gurgaon,Delhi NCR,Hospital,Gurgaon Sector 14,,28.4677325,77.0425889,873da11acffffff,,5.0,5.0,False,,0.0,0.0,,,,+911161191421,https://www.practo.com/gurgaon/hospital/kalyani-hospital-gurugram-gurgaon-gurgaon-sector-14?referrer=hospital_listing,,VN,practo,,1.0,canonical,810,Q2,,Mid-Market,0.19811
hosp_cf5084652cc69763,"Max Hospital, Gurugram, Gurgaon",max hospital gurugram gurgaon,Delhi NCR,Hospital,Sector-43,,28.4613816,77.0747987,873da11a8ffffff,,5.0,5.0,False,,0.0,0.0,,,,+911141193970,https://www.practo.com/gurgaon/hospital/max-hospital-gurugram-gurgaon-sector-43?referrer=hospital_listing,,active,practo,,1.0,canonical,811,Q2,,Mid-Market,0.19811
hosp_7a1a5ce82161e51b,"Shroff Eye Centre, Delhi",shroff eye centre delhi,Delhi NCR,Hospital,Kailash Colony,,28.5541822,77.242973,873da102dffffff,,10.0,3.0,False,,0.0,0.0,,,,+911140844819,https://www.practo.com/delhi/hospital/shroff-eye-centre-delhi-kailash-colony?referrer=hospital_listing,,VN,practo,,1.0,canonical,812,Q2,,Mid-Market,0.197946
hosp_eaf13e4c62422809,Jeevan Jyoti Clinic And Hospital,jeevan jyoti clinic hospital,Delhi NCR,Hospital,Dilshad Garden,,28.6905421,77.3209443,873da1ab0ffffff,,10.0,7.0,True,,0.0,1000.0,3.5,52.0,,+911141193968,https://www.practo.com/delhi/hospital/jeevan-jyoti-ivf-centre-dilshad-garden?referrer=hospital_listing,https://images1-fabric.practo.com/jeevan-jyoti-ivf-centre-delhi-1483468628-586bef545e056.jpg,VN,practo,,1.0,canonical,813,Q2,,Mid-Market,0.197882
hosp_fb8127bda55a88ab,"Ishan Multispeciality Hospital, Rohini, Delhi",ishan multispeciality hospital rohini delhi,Delhi NCR,Hospital,Rohini Sector 19,,28.73353,77.1396702,873da18cdffffff,,2.0,6.0,False,,0.0,0.0,,,,+911141168518,https://www.practo.com/delhi/hospital/ishan-multispeciality-hospital-rohini-delhi-rohini-sector-19?referrer=hospital_listing,,VN,practo,,1.0,canonical,814,Q2,,Mid-Market,0.19783
hosp_6547bccc69909460,S. D. Hospital,s d hospital,Delhi NCR,Hospital,Delhi,,28.473494,77.090172,873da11a9ffffff,,1.0,1.0,False,,200.0,200.0,,,2014.0,+912071172687,https://www.practo.com/delhi/hospital/s-d-hospital-chakkarpur?referrer=hospital_listing,,VN,practo,,1.0,canonical,815,Q2,,Mid-Market,0.197674
hosp_5fcf205bb952626b,Mitr Multi Speciality Hospital,mitr multi speciality hospital,Delhi NCR,Hospital,Delhi,,28.5777991,77.3595328,873da1063ffffff,,1.0,1.0,False,,500.0,500.0,,,2014.0,+912071177323,https://www.practo.com/delhi/hospital/mitr-multi-speciality-hospital?referrer=hospital_listing,,VN,practo,,1.0,canonical,816,Q2,,Mid-Market,0.197674
hosp_e3d1b11f41c4940e,Aarvy Healthcare Super Speciality Hospital,aarvy healthcare super speciality hospital,Delhi NCR,Hospital,Gurgaon Sector 90,,28.412955423146,76.941804885864,873da11b4ffffff,,20.0,15.0,True,,800.0,1500.0,3.5,144.0,,+917948501106,https://www.practo.com/gurgaon/hospital/aarvy-healthcare-gurgaon-sector-90-3?referrer=hospital_listing,https://images1-fabric.practo.com/practices/1386224/aarvy-healthcare-gurgaon-6835eb206b18b.png,ABS,practo,,1.0,canonical,817,Q2,,Mid-Market,0.197393
hosp_f39995f8aeae1ecb,"Phoenix Hospital, Greater Kailash I, Delhi",phoenix hospital greater kailash i delhi,Delhi NCR,Hospital,Kailash Colony,,28.5499518,77.2442502,873da102dffffff,,4.0,5.0,False,,0.0,0.0,,,,+911140844811,https://www.practo.com/delhi/hospital/phoenix-hospital-greater-kailash-i-delhi-kailash-colony?referrer=hospital_listing,,VN,practo,,1.0,canonical,818,Q2,,Mid-Market,0.197388
hosp_4a37e3c5f101c6f0,"Cloudnine Hospital, Sector 14, Gurgaon",cloudnine hospital sector 14 gurgaon,Delhi NCR,Hospital,Gurgaon Sector 14,,28.4681233,77.0433582,873da11acffffff,,4.0,5.0,False,,0.0,900.0,,,,+911141168498,https://www.practo.com/gurgaon/hospital/cloudnine-hospital-sector-14-gurgaon-gurgaon-sector-14?referrer=hospital_listing,,VN,practo,,1.0,canonical,819,Q2,,Mid-Market,0.197388
hosp_551dd181c09f95e7,Paras hospital,paras hospital,Delhi NCR,Hospital,Khindora,,28.8429064928,77.5834658701,873da1a5effffff,,6.0,4.0,False,,0.0,0.0,,,,+911161264849,https://www.practo.com/ghaziabad/hospital/paras-hospital-2-khindora?referrer=hospital_listing,,VN,practo,,1.0,canonical,820,Q2,,Mid-Market,0.196945
hosp_5e9a8e445f639f65,Mariam Hospital,mariam hospital,Delhi NCR,Hospital,Ankur Vihar,,28.7457642,77.2617851,873da1b9cffffff,,6.0,4.0,False,,0.0,0.0,,,,+911141193964,https://www.practo.com/ghaziabad/hospital/mariam-hospital-ankur-vihar?referrer=hospital_listing,,VN,practo,,1.0,canonical,821,Q2,,Mid-Market,0.196945
hosp_340522e5324ea7cf,"Sci Edge Hospital, Delhi",sci edge hospital delhi,Delhi NCR,Hospital,Kailash Colony,,28.5502164,77.2397968,873da102dffffff,,3.0,5.0,False,,0.0,0.0,,,,+911141168306,https://www.practo.com/delhi/hospital/sci-edge-hospital-delhi-kailash-colony?referrer=hospital_listing,,VN,practo,,1.0,canonical,822,Q2,,Mid-Market,0.196666
hosp_0c4a1829b86c0f36,"Neelkanth Hospital, Dlf Phase 3, Gurgaon",neelkanth hospital dlf phase 3 gurgaon,Delhi NCR,Hospital,Sikanderpur,,28.483294,77.1076984,873da1034ffffff,,3.0,5.0,False,,0.0,600.0,,,,+911161264524,https://www.practo.com/gurgaon/hospital/neelkanth-hospital-dlf-phase-3-gurgaon-sikanderpur?referrer=hospital_listing,,VN,practo,,1.0,canonical,823,Q2,,Mid-Market,0.196666
hosp_107f48a81d120697,"Park Hospital, Sector 47, Gurgaon",park hospital sector 47 gurgaon,Delhi NCR,Hospital,South City-II,,28.4199942,77.0483335,873da1181ffffff,,3.0,5.0,False,,0.0,0.0,,,,+911141193965,https://www.practo.com/gurgaon/hospital/park-hospital-sector-47-gurgaon-south-city-ii?referrer=hospital_listing,,VN,practo,,1.0,canonical,824,Q2,,Mid-Market,0.196666
hosp_b6f43da966f8cf76,Avantika Hospital,avantika hospital,Delhi NCR,Hospital,Indirapuram,,28.64479960910591,77.37092614173889,873da1a91ffffff,,4.0,4.0,True,,400.0,750.0,3.5,38.0,,+911140787358,https://www.practo.com/ghaziabad/hospital/avantika-hospital-indirapuram-1?referrer=hospital_listing,,VN,practo,,1.0,canonical,825,Q2,,Mid-Market,0.196395
hosp_a12b54400ea56de5,Tyagi Nursing Home,tyagi nursing home,Delhi NCR,Hospital,Tilak Nagar,,28.634451557491,77.098328469089,873da112dffffff,,10.0,11.0,True,,600.0,2000.0,3.5,74.0,,+918047284043,https://www.practo.com/delhi/hospital/tyagi-nursing-home-tilak-nagar?referrer=hospital_listing,https://images1-fabric.practo.com/practices/1179727/tyagi-nursing-home-delhi-5b2763c53913d.PNG,ABS,practo,,1.0,canonical,826,Q2,,Mid-Market,0.196267
hosp_2011a4e8b6454770,Sunrise Hospital,sunrise hospital,Delhi NCR,Hospital,Kilokri,,28.5770448,77.2659635,873da1158ffffff,,5.0,4.0,False,,0.0,0.0,,,,+911140787360,https://www.practo.com/delhi/hospital/sunrise-hospital-1-kilokri?referrer=hospital_listing,,VN,practo,,1.0,canonical,827,Q2,,Mid-Market,0.196223
hosp_54574b8f9688b7f3,Perfect Tyagi Hospital,perfect tyagi hospital,Delhi NCR,Hospital,Dilshad Garden,,28.67845,77.30736,873da1ab6ffffff,,3.0,6.0,True,,0.0,800.0,3.5,43.0,,+911140036709,https://www.practo.com/delhi/hospital/perfect-tyagi-hospital-dilshad-garden-1?referrer=hospital_listing,https://images1-fabric.practo.com/perfect-tyagi-hospital-delhi-1442063592-55f424e864832.jpg,VN,practo,,1.0,canonical,828,Q2,,Mid-Market,0.19609
hosp_f34fd0ba442088eb,IAS Medicare Hospital,ias medicare hospital,Delhi NCR,Hospital,Khandsa Road,,28.4484489,77.0156614,873da11a3ffffff,,6.0,7.0,True,,500.0,1000.0,3.5,50.0,,+911140848827,https://www.practo.com/gurgaon/hospital/ias-medicare-hospital-gurgaon-laxmi-garden?referrer=hospital_listing,https://images1-fabric.practo.com/practices/1556920/ias-medicare-hospital-gurgaon-6752c6565144a.png,VN,practo,,1.0,canonical,829,Q2,,Mid-Market,0.196051
hosp_dca7b1eb6f1a20e9,Dr Sunder Lal Memorial Hospital,dr sunder lal memorial hospital,Delhi NCR,Hospital,Khanpur,,28.506293,77.231685,873da102affffff,,2.0,5.0,False,,0.0,0.0,,,,+911141168518,https://www.practo.com/delhi/hospital/dr-sunder-lal-memorial-hospital-khanpur?referrer=hospital_listing,,VN,practo,,1.0,canonical,830,Q2,,Mid-Market,0.195944
hosp_a98472789c321e10,Epitome Kidney Urology And Lions Hospital,epitome kidney urology lions hospital,Delhi NCR,Hospital,Okhla,,28.571237097711915,77.27429151535034,873da115bffffff,,8.0,7.0,True,,500.0,1500.0,3.5,53.0,,+918047284107,https://www.practo.com/delhi/hospital/epitome-kidney-urology-and-lions-hospital-okhla?referrer=hospital_listing,https://images1-fabric.practo.com/practices/1424042/epitome-kidney-urology-nand-lions-hospital-delhi-66a2403c6235d.png,ABS,practo,,1.0,canonical,831,Q2,,Mid-Market,0.195926
hosp_9f59976cbb67cdd4,Jeevan Hospital,jeevan hospital,Delhi NCR,Hospital,Uttam Nagar,,28.6267363,77.0595285,873da112cffffff,,7.0,3.0,False,,0.0,0.0,,,,+911143078817,https://www.practo.com/delhi/hospital/jeevan-hospital-1-uttam-nagar?referrer=hospital_listing,,VN,practo,,1.0,canonical,832,Q2,,Mid-Market,0.19578
hosp_7700e2c76a65f276,Mom's Belief Learning and Training Center,mom s belief learning training center,Delhi NCR,Hospital,Gurgaon Sector 24,,28.491769150489784,77.10336290370165,873da111affffff,,4.0,4.0,False,2.0,1500.0,2000.0,,3.0,,+918045687903,https://www.practo.com/gurgaon/hospital/moms-belief-online-clinic-gurgaon-sector-24?referrer=hospital_listing,https://images1-fabric.practo.com/practices/1349025/mom-s-belief-learning-and-training-center-gurgaon-658f01e3cc1a8.png,ABS,practo,,1.0,canonical,833,Q2,,Mid-Market,0.195653
hosp_5653888b29745d13,Grace Hospital,grace hospital,Delhi NCR,Hospital,Dwarka,,28.57501,77.07252,873da1101ffffff,,5.0,8.0,True,,300.0,1200.0,3.5,53.0,,+911140036711,https://www.practo.com/delhi/hospital/grace-hospital-dwarka?referrer=hospital_listing,https://images1-fabric.practo.com/grace-hospital-delhi-1488891461-58beae45a003a.png,VN,practo,,1.0,canonical,834,Q2,,Mid-Market,0.195647
hosp_c24c08838fa03231,"Moolchand Kharaiti Ram Hospital, Delhi",moolchand kharaiti ram hospital delhi,Delhi NCR,Hospital,Lajpat Nagar III,,28.5645837,77.2409651,873da115effffff,,4.0,4.0,False,,0.0,0.0,,,,+911161262791,https://www.practo.com/delhi/hospital/moolchand-kharaiti-ram-hospital-delhi-lajpat-nagar-iii?referrer=hospital_listing,,VN,practo,,1.0,canonical,835,Q2,,Mid-Market,0.195501
hosp_11911986ae77ceec,"Anand Multispeciality Hospital, Gurgaon",anand multispeciality hospital gurgaon,Delhi NCR,Hospital,Sushant Lok Phase 2,,28.4258498,77.091697,873da118cffffff,,4.0,4.0,False,,0.0,0.0,,,,+911161191399,https://www.practo.com/gurgaon/hospital/anand-multispeciality-hospital-gurgaon-sushant-lok-phase-2?referrer=hospital_listing,,VN,practo,,1.0,canonical,836,Q2,,Mid-Market,0.195501
hosp_6796947862a5c10f,Healthy wave clinic,healthy wave clinic,Delhi NCR,Hospital,Indirapuram,,28.894056354815,78.729057312012,873dac38cffffff,,4.0,4.0,False,,100.0,1000.0,,,,+911140787309,https://www.practo.com/ghaziabad/hospital/cosmos-hospital-1-24bn-pac-mbd?referrer=hospital_listing,https://images1-fabric.practo.com/practices/1181487/healthy-wave-clinic-moradabad-64f2c503374a9.jpg,VN,practo,,1.0,canonical,837,Q2,,Mid-Market,0.195501
hosp_5674dcc8c641cf5a,"Madhav Hospital, Faridabad",madhav hospital faridabad,Delhi NCR,Hospital,New Industrial Township 5,,28.3946601,77.303797,873da10f1ffffff,,4.0,4.0,False,,0.0,0.0,,,,+911141193964,https://www.practo.com/faridabad/hospital/madhav-hospital-faridabad-new-industrial-township-5?referrer=hospital_listing,,VN,practo,,1.0,canonical,838,Q2,,Mid-Market,0.195501
hosp_ee36870241e9fae3,Goyal Hospital,goyal hospital,Delhi NCR,Hospital,Sagarpur,,28.288766,77.3399761,873da172cffffff,,4.0,4.0,False,,0.0,200.0,,,,+911140849998,https://www.practo.com/faridabad/hospital/goyal-hospital-1-sagarpur?referrer=hospital_listing,,VN,practo,,1.0,canonical,839,Q2,,Mid-Market,0.195501
hosp_93b9ca1b60e1efa1,Vibhu Nursing Home,vibhu nursing home,Delhi NCR,Hospital,Malviya Nagar,,28.5348447,77.2084233,873da102cffffff,,5.0,4.0,True,,0.0,400.0,2.5,10.0,,+911140036728,https://www.practo.com/delhi/hospital/vibhu-nursing-home-malviya-nagar-2?referrer=hospital_listing,,VN,practo,,1.0,canonical,840,Q2,,Mid-Market,0.195323
hosp_8b5a124d0b68b0f6,Acharya Manish Ji Ayurveda Centre,acharya manish ji ayurveda centre,Delhi NCR,Hospital,Civil Lines,,28.458,77.0317,873da11aeffffff,,1.0,5.0,False,,300.0,300.0,,,,+914446314494,https://www.practo.com/gurgaon/hospital/acharya-manish-ji-ayurveda-centre-civil-lines-1?referrer=hospital_listing,https://images1-fabric.practo.com/practices/1246312/acharya-manish-ji-ayurveda-centre-gurgaon-5f094a4423406.jpg,VN,practo,,1.0,canonical,841,Q2,,Mid-Market,0.195222
hosp_2dc7582521e8fb9d,Express Clinic,express clinic,Delhi NCR,Hospital,Sector 1,,28.584688,77.31593,873da1060ffffff,,3.0,4.0,False,,500.0,600.0,,6.0,,+911140849610,https://www.practo.com/noida/hospital/advanced-multispeciality-dental-clinic-noida?referrer=hospital_listing,https://images1-fabric.practo.com/express-clinic-noida-1460464065-570ce9c1dfb3d.jpg,VN,practo,,1.0,canonical,842,Q2,,Mid-Market,0.195083
hosp_81afee4a4d569853,OPD Tb Hospital,opd tb hospital,Delhi NCR,Hospital,Lado Sarai,,28.5288603,77.1885812,873da1021ffffff,,6.0,3.0,False,,0.0,0.0,,,,+912071186491,https://www.practo.com/delhi/hospital/opd-tb-hospital-lado-sarai?referrer=hospital_listing,,VN,practo,,1.0,canonical,843,Q2,,Mid-Market,0.195058
hosp_386cda9aec442cb8,"Highland Care Multispeciality Hospital, Delhi",highland care multispeciality hospital delhi,Delhi NCR,Hospital,Dwarka Sector 4,,28.6072796,77.0517784,873da112effffff,,3.0,4.0,False,,0.0,0.0,,,,+911141168530,https://www.practo.com/delhi/hospital/highland-care-multispeciality-hospital-delhi-dwarka-sector-4?referrer=hospital_listing,,VN,practo,,1.0,canonical,844,Q2,,Mid-Market,0.194779
hosp_95e1995f260e1773,"Holy Family Hospital, Okhla, Delhi",holy family hospital okhla delhi,Delhi NCR,Hospital,Sukhdev Vihar,,28.5618161,77.2751113,873da115bffffff,,3.0,4.0,False,,0.0,500.0,,,,+911141169533,https://www.practo.com/delhi/hospital/holy-family-hospital-okhla-delhi-sukhdev-vihar?referrer=hospital_listing,,VN,practo,,1.0,canonical,845,Q2,,Mid-Market,0.194779
hosp_e8a87973a50e4172,"Sukhmani Hospital, Delhi",sukhmani hospital delhi,Delhi NCR,Hospital,Arjun Nagar,,28.559809,77.2005106,873da1153ffffff,,3.0,4.0,False,,0.0,700.0,,,,+911143078632,https://www.practo.com/delhi/hospital/sukhmani-hospital-delhi-arjun-nagar?referrer=hospital_listing,,VN,practo,,1.0,canonical,846,Q2,,Mid-Market,0.194779
hosp_9c9f3f624bd88360,Ramlal Kundanlal Multi Speciality Hospital,ramlal kundanlal multi speciality hospital,Delhi NCR,Hospital,Ganesh Nagar,,28.6180931,77.2868119,873da114affffff,,3.0,4.0,False,,0.0,0.0,,,,+911141193962,https://www.practo.com/delhi/hospital/ramlal-kundanlal-multi-speciality-hospital-ganesh-nagar?referrer=hospital_listing,,VN,practo,,1.0,canonical,847,Q2,,Mid-Market,0.194779
hosp_345a2fc2c421ef0f,WUS Health Centre,wus health centre,Delhi NCR,Hospital,R.C.A.O.,,28.690164,77.2093254,873da1161ffffff,,3.0,4.0,False,,0.0,0.0,,,,+911161266235,https://www.practo.com/delhi/hospital/wus-health-centre-r-c-a-o?referrer=hospital_listing,,VN,practo,,1.0,canonical,848,Q2,,Mid-Market,0.194779
hosp_7826b80e8b902e1b,"Metro Multispeciality Hospital, Sector 11, Noida",metro multispeciality hospital sector 11 noida,Delhi NCR,Hospital,Sector 11,,28.5974547,77.3359203,873da1065ffffff,,3.0,4.0,False,,0.0,0.0,,,,+911140844818,https://www.practo.com/noida/hospital/metro-multispeciality-hospital-sector-11-noida-sector-11?referrer=hospital_listing,,VN,practo,,1.0,canonical,849,Q2,,Mid-Market,0.194779
hosp_2c29bafa501af08d,KK Health Care Centre,kk health care centre,Delhi NCR,Hospital,Gurgaon Sector 5,,28.4834264,77.0178237,873da1112ffffff,,3.0,4.0,False,,0.0,0.0,,,,+911161191400,https://www.practo.com/gurgaon/hospital/kk-health-care-centre-gurgaon-sector-5?referrer=hospital_listing,,VN,practo,,1.0,canonical,850,Q2,,Mid-Market,0.194779
hosp_7cb7d0097a505f5b,"Aryan Hospital, Gurugram, Gurgaon",aryan hospital gurugram gurgaon,Delhi NCR,Hospital,Shivpuri,,28.4695251,77.0195729,873da11a1ffffff,,3.0,4.0,False,,0.0,0.0,,,,+911141132883,https://www.practo.com/gurgaon/hospital/aryan-hospital-gurugram-gurgaon-shivpuri?referrer=hospital_listing,,VN,practo,,1.0,canonical,851,Q2,,Mid-Market,0.194779
hosp_4ef1a13ba9a3cf80,CHIRAG HOSPITAL,chirag hospital,Delhi NCR,Hospital,Sector-105,,28.4943945774,77.0114046495,873da1112ffffff,,3.0,4.0,False,,0.0,600.0,,,,+911140787359,https://www.practo.com/gurgaon/hospital/chirag-hospital-1-sector-105?referrer=hospital_listing,,VN,practo,,1.0,canonical,852,Q2,,Mid-Market,0.194779
hosp_804c7c3e720f0cdc,KMC Hospital,kmc hospital,Delhi NCR,Hospital,Press Colony,,28.3662945,77.2879316,873da10f3ffffff,,3.0,4.0,False,,0.0,0.0,,,,+911143060238,https://www.practo.com/faridabad/hospital/kmc-hospital-press-colony?referrer=hospital_listing,,active,practo,,1.0,canonical,853,Q2,,Mid-Market,0.194779
hosp_ebd4527b5cce47ac,Mata Roop Rani Maggo Hospital and IVF Centre,mata roop rani maggo hospital ivf centre,Delhi NCR,Hospital,Uttam Nagar,,28.6207774,77.0477146,873da1121ffffff,,21.0,15.0,True,,300.0,1300.0,3.5,431.0,,+918047284011,https://www.practo.com/delhi/hospital/mata-roop-rani-maggo-hospital-uttam-nagar-3?referrer=hospital_listing,https://images1-fabric.practo.com/practices/795898/mata-roop-rani-maggo-hospital-and-ivf-centre-delhi-66a4942ec2178.png,ABS,practo,,1.0,canonical,854,Q2,,Mid-Market,0.194508
hosp_e554a85504aefebb,Shanti Gopal Hospital,shanti gopal hospital,Delhi NCR,Hospital,Indirapuram,,28.641893871268024,77.37932538959372,873da1a91ffffff,,2.0,1.0,True,,600.0,600.0,3.5,55.0,2008.0,+911140849612,https://www.practo.com/ghaziabad/hospital/shanti-gopal-hospital-indirapuram?referrer=hospital_listing,https://images1-fabric.practo.com/practices/679940/shanti-gopal-hospital-ghaziabad-67bea7f12bf1d.png,VN,practo,,1.0,canonical,855,Q2,,Mid-Market,0.194282
hosp_edb7e3df378dbdf1,Sona Devi Hospital,sona devi hospital,Delhi NCR,Hospital,Badshahpur,,28.384099544369505,77.05470141023397,873da119cffffff,,2.0,4.0,False,,250.0,500.0,,3.0,,+911140036753,https://www.practo.com/gurgaon/hospital/sona-devi-hospital-badshahpur?referrer=hospital_listing,,VN,practo,,1.0,canonical,856,Q2,,Mid-Market,0.194209
hosp_defcff0d804abf8a,"Shivam Hospital, Gurgaon",shivam hospital gurgaon,Delhi NCR,Hospital,Gurgaon Sector 30,,28.4573535,77.0537335,873da11a8ffffff,,2.0,4.0,False,,0.0,500.0,,,,+911161266255,https://www.practo.com/gurgaon/hospital/shivam-hospital-gurgaon-1-gurgaon-sector-30?referrer=hospital_listing,,VN,practo,,1.0,canonical,857,Q2,,Mid-Market,0.194057
hosp_5de88caad54dba3c,AVISE HOSPITAL SUPER SPECIALITY,avise hospital super speciality,Delhi NCR,Hospital,Gurgaon Sector 38,,28.435658,77.0476287,873da11aaffffff,,2.0,4.0,False,,0.0,0.0,,,,+918037296916,https://www.practo.com/gurgaon/hospital/avise-hospital-super-speciality-gurgaon-sector-38?referrer=hospital_listing,,VN,practo,,1.0,canonical,858,Q2,,Mid-Market,0.194057
hosp_58a6f52ebc4a0d2b,Muni Maya Jain Hospital,muni maya jain hospital,Delhi NCR,Hospital,Pitampura,,28.7003067,77.1411071,873da18caffffff,,4.0,3.0,False,,0.0,300.0,,3.0,,+917971171887,https://www.practo.com/delhi/hospital/munimaya-jain-hospital?referrer=hospital_listing,,VN,practo,,1.0,canonical,859,Q2,,Mid-Market,0.193766
hosp_603afdbb83b6b737,"Ibs Hospital, Lajpat Nagar, Delhi",ibs hospital lajpat nagar delhi,Delhi NCR,Hospital,Lajpat Nagar,,28.5656921,77.2442623,873da115effffff,,4.0,3.0,False,,0.0,0.0,,,,+911161191084,https://www.practo.com/delhi/hospital/ibs-hospital-lajpat-nagar-delhi-lajpat-nagar?referrer=hospital_listing,,VN,practo,,1.0,canonical,860,Q2,,Mid-Market,0.193614
hosp_ddcdd0c39d71ba70,"Navjeevan Hospital, Delhi",navjeevan hospital delhi,Delhi NCR,Hospital,Pushpanjali Enclave,,28.6948573,77.1087913,873da18ddffffff,,4.0,3.0,False,,0.0,0.0,,,,+911140844819,https://www.practo.com/delhi/hospital/navjeevan-hospital-delhi-pushpanjali-enclave?referrer=hospital_listing,,VN,practo,,1.0,canonical,861,Q2,,Mid-Market,0.193614
hosp_4cf1ca1e693eabe9,Matrika Hospital For Women & Children,matrika hospital for women children,Delhi NCR,Hospital,Indirapuram,,28.647004,77.363081,873da1a95ffffff,,7.0,5.0,False,,0.0,1000.0,4.0,23.0,,+911141172109,https://www.practo.com/ghaziabad/hospital/matrika-hospital-for-women-children-indirapuram?referrer=hospital_listing,https://images1-fabric.practo.com/practices/1184701/matrika-hospital-for-women-children-ghaziabad-5ac32e7b1b541.jpeg,VN,practo,,1.0,canonical,862,Q2,,Mid-Market,0.193457
hosp_3ab0f8f348597dde,Nivaran Multispeciality Hospital,nivaran multispeciality hospital,Delhi NCR,Hospital,Gurgaon Sector 23A,,28.498630936441,77.064034276503,873da111effffff,,5.0,8.0,True,,500.0,800.0,3.5,58.0,,+911141169533,https://www.practo.com/gurgaon/hospital/nivaran-multispeciality-hospital-gurgaon-sector-23a?referrer=hospital_listing,https://images1-fabric.practo.com/practices/1320087/nivaran-multispeciality-hospital-gurgaon-61e55f7a918a9.png,VN,practo,,1.0,canonical,863,Q2,,Mid-Market,0.193244
hosp_bc465b313c783495,R R Hospital,r r hospital,Delhi NCR,Hospital,Nanakpura,,28.5843905,77.1584294,873da1154ffffff,,6.0,2.0,False,,0.0,0.0,,,,+911141168757,https://www.practo.com/delhi/hospital/r-r-hospital-2-nanakpura?referrer=hospital_listing,,VN,practo,,1.0,canonical,864,Q2,,Mid-Market,0.193171
hosp_088fcf3a0ed9493c,Sai Hospital,sai hospital,Delhi NCR,Hospital,Sangam Vihar,,28.5003443,77.2359277,873da102affffff,,3.0,3.0,False,,0.0,0.0,,,,+911143078148,https://www.practo.com/delhi/hospital/sai-hospital-1-sangam-vihar?referrer=hospital_listing,,active,practo,,1.0,canonical,865,Q2,,Mid-Market,0.192892
hosp_a02640b3f6ae457a,Sarvam Neuropsychiatric Hospital,sarvam neuropsychiatric hospital,Delhi NCR,Hospital,Shahdara,,28.699208520746,77.290955034098,873da1ab4ffffff,,3.0,3.0,False,,0.0,1000.0,,,,+914471967143,https://www.practo.com/delhi/hospital/sarvam-neuropsychiatric-hospital-shahdara?referrer=hospital_listing,https://images1-fabric.practo.com/practices/1179145/sarvam-neuropsychiatric-hospital-delhi-5a9a31872a871.png,VN,practo,,1.0,canonical,866,Q2,,Mid-Market,0.192892
hosp_3e28805e918fc149,Sai Hospital,sai hospital,Delhi NCR,Hospital,Mandoli,,28.7143596,77.3029098,873da1b9bffffff,,3.0,3.0,False,,0.0,0.0,,,,+911141193962,https://www.practo.com/delhi/hospital/sai-hospital-1-mandoli?referrer=hospital_listing,,VN,practo,,1.0,canonical,867,Q2,,Mid-Market,0.192892
hosp_c90c0069bf6c490f,"Bansal Global Hospital, Delhi",bansal global hospital delhi,Delhi NCR,Hospital,Jahangir Puri D Block,,28.7273111,77.1623915,873da18c9ffffff,,3.0,3.0,False,,0.0,800.0,,,,+911161260791,https://www.practo.com/delhi/hospital/bansal-global-hospital-delhi-jahangir-puri-d-block?referrer=hospital_listing,,VN,practo,,1.0,canonical,868,Q2,,Mid-Market,0.192892
hosp_7cad7e29ca88848c,Satyabhama Hospital,satyabhama hospital,Delhi NCR,Hospital,Tilak Nagar,,28.6349642,77.0921253,873da112dffffff,,3.0,3.0,False,,0.0,0.0,,,,+911140849998,https://www.practo.com/delhi/hospital/satyabhama-hospital-tilak-nagar?referrer=hospital_listing,,VN,practo,,1.0,canonical,869,Q2,,Mid-Market,0.192892
hosp_f8e3a2f22ff36ccc,"Metro Hospital And Cancer Institute, Preet Vihar, Delhi",metro hospital cancer institute preet vihar delhi,Delhi NCR,Hospital,Preet Vihar,,28.6385409,77.2948321,873da1148ffffff,,3.0,3.0,False,,0.0,0.0,,,,+911141193981,https://www.practo.com/delhi/hospital/metro-hospital-and-cancer-institute-preet-vihar-delhi-preet-vihar?referrer=hospital_listing,,VN,practo,,1.0,canonical,870,Q2,,Mid-Market,0.192892
hosp_feff6706b45bcee7,Sankhwar Hospital,sankhwar hospital,Delhi NCR,Hospital,Kishangarh,,28.5159084,77.165574,873da1020ffffff,,3.0,3.0,False,,0.0,300.0,,,,+911142213880,https://www.practo.com/delhi/hospital/sankhwar-hospital-kishangarh?referrer=hospital_listing,,active,practo,,1.0,canonical,871,Q2,,Mid-Market,0.192892
hosp_0ebc3ce105932d2a,"Miracles Apollo Cradle And Children Hospital, Sector 14, Gurgaon",miracles apollo cradle children hospital sector 14 gurgaon,Delhi NCR,Hospital,Gurgaon Sector 17,,28.4785763,77.0473476,873da11acffffff,,3.0,3.0,False,,0.0,0.0,,,,+911140844813,https://www.practo.com/gurgaon/hospital/miracles-apollo-cradle-and-children-hospital-sector-14-gurgaon-gurgaon-sector-17?referrer=hospital_listing,,VN,practo,,1.0,canonical,872,Q2,,Mid-Market,0.192892
hosp_fdefc5ebc201f267,Jindal Hospital,jindal hospital,Delhi NCR,Hospital,Sohna,,28.2447075,77.0726184,873da154affffff,,3.0,3.0,False,,0.0,0.0,,,,+911161191399,https://www.practo.com/gurgaon/hospital/jindal-hospital-3-sohna?referrer=hospital_listing,,active,practo,,1.0,canonical,873,Q2,,Mid-Market,0.192892
hosp_a4ff7c2ba8ae7b7f,SMS Hospital,sms hospital,Delhi NCR,Hospital,Sector 3,,28.3512414,77.3323302,873da10d5ffffff,,3.0,3.0,False,,0.0,0.0,,,,+911141168757,https://www.practo.com/faridabad/hospital/sms-hospital-1-sector-3?referrer=hospital_listing,,VN,practo,,1.0,canonical,874,Q2,,Mid-Market,0.192892
hosp_52d6f21230db8bb5,Centre for Sight,centre for sight,Delhi NCR,Hospital,Safdarjung Enclave,,28.559762,77.199,873da1153ffffff,,22.0,1.0,False,6.0,1000.0,3000.0,4.0,86.0,,+918047283986,https://www.practo.com/delhi/hospital/center-for-sight-safdarjung-enclave?referrer=hospital_listing,https://images1-fabric.practo.com/center-for-sight-safdarjung-enclave-delhi-1439271074-55c988a214575.jpg,ABS,practo,,1.0,canonical,875,Q2,,Mid-Market,0.192623
hosp_0c939d10348ace90,Rathee Hospital,rathee hospital,Delhi NCR,Hospital,Rohini,,28.728375740632,77.115101564639,873da18ccffffff,,2.0,3.0,False,,500.0,500.0,,7.0,,+911140036737,https://www.practo.com/delhi/hospital/rathee-hospital-rohini?referrer=hospital_listing,https://images1-fabric.practo.com/child-care-clinic-pediatric-cancer-centre-delhi-1469453036-579612ec8dbb2.jpg,VN,practo,,1.0,canonical,876,Q2,,Mid-Market,0.192525
hosp_646435eac11429c2,Vrandavan Hospital,vrandavan hospital,Delhi NCR,Hospital,Crossings Republik,,28.619637797082,77.436876296997,873da1a9affffff,,2.0,3.0,False,,500.0,500.0,,7.0,,+911161262033,https://www.practo.com/ghaziabad/hospital/vrandavan-hospital-crossings-republik?referrer=hospital_listing,,VN,practo,,1.0,canonical,877,Q2,,Mid-Market,0.192525
hosp_e035e265e58a812e,Advanced Dental Clinic - Cronus Hospital,advanced dental clinic cronus hospital,Delhi NCR,Hospital,Chattarpur,,28.5013686802815,77.1858865767717,873da1023ffffff,,2.0,3.0,False,,0.0,300.0,,6.0,,+914446312692,https://www.practo.com/delhi/hospital/advanced-dental-clinic-22-chattarpur?referrer=hospital_listing,,VN,practo,,1.0,canonical,878,Q2,,Mid-Market,0.192475
hosp_8aeaa2d0e73a5ea8,Nova IVF Fertility,nova ivf fertility,Delhi NCR,Hospital,Indirapuram,,28.6507182358542,77.36550264840244,873da1a95ffffff,,5.0,2.0,False,,500.0,500.0,,,,+911143078148,https://www.practo.com/ghaziabad/hospital/nova-ivf-fertility-indirapuram?referrer=hospital_listing,https://images1-fabric.practo.com/practices/1599118/nova-ivf-fertility-ghaziabad-6750334482123.png,VN,practo,,1.0,canonical,879,Q2,,Mid-Market,0.192449
hosp_544f578d2a6c4d66,Patel Hospital,patel hospital,Delhi NCR,Hospital,Laxmi Nagar,,28.6307926,77.278059,873da1148ffffff,,2.0,3.0,False,,400.0,400.0,,5.0,,+912071177306,https://www.practo.com/delhi/hospital/patel-hospital-laxmi-nagar?referrer=hospital_listing,,VN,practo,,1.0,canonical,880,Q2,,Mid-Market,0.192424
hosp_4189c885b2f1fe27,SCI Health Care,sci health care,Delhi NCR,Hospital,Kailash Colony,,28.5540151,77.2284728,873da102dffffff,,2.0,3.0,False,,0.0,500.0,,3.0,,+911140036724,https://www.practo.com/delhi/hospital/sci-health-care-kailash-colony?referrer=hospital_listing,,VN,practo,,1.0,canonical,881,Q2,,Mid-Market,0.192322
hosp_648513fcd229bff5,AB Hospitals,ab hospitals,Delhi NCR,Hospital,Gurgaon Sector 14,,28.468540393548516,77.03802108764648,873da11acffffff,,2.0,3.0,False,,300.0,400.0,,3.0,,+911141171877,https://www.practo.com/gurgaon/hospital/ab-hospitals-gurgaon-sector-43?referrer=hospital_listing,https://images1-fabric.practo.com/practices/1179793/ab-hospitals-gurgaon-5a9e0596b5eaa.png,VN,practo,,1.0,canonical,882,Q2,,Mid-Market,0.192322
hosp_8c421376a5821445,CM Patel Hospital,cm patel hospital,Delhi NCR,Hospital,Shahdara,,28.68941,77.28912,873da1ab4ffffff,,2.0,2.0,True,,500.0,500.0,3.5,66.0,2007.0,+914446312690,https://www.practo.com/delhi/hospital/cm-patel-hospital-shahdara-1?referrer=hospital_listing,https://images1-fabric.practo.com/cm-patel-hospital-shahdara-delhi-1446149944-56327f38e939c.jpg,VN,practo,,1.0,canonical,883,Q2,,Mid-Market,0.192224
hosp_9905571a54b0f90e,DHI Hair Transplant and Restoration Clinic - Gurgaon,dhi hair transplant restoration clinic gurgaon,Delhi NCR,Hospital,Gurgaon Sector 53,,28.447541,77.099673,873da1036ffffff,,7.0,1.0,False,,1000.0,1000.0,,4.0,,+911141193969,https://www.practo.com/gurgaon/hospital/dhi-hair-transplant-and-restoration-clinics-gurgaon-gurgaon-sector-53?referrer=hospital_listing,https://images1-fabric.practo.com/practices/1170021/dhi-hair-transplant-and-restoration-clinics-gurgaon-gurgaon-63216ce35a2e0.PNG,VN,practo,,1.0,canonical,884,Q2,,Mid-Market,0.19221
hosp_317f383fb4756ab5,Tirupati Eye Centre,tirupati eye centre,Delhi NCR,Hospital,Sector 33,,28.587363207621,77.356991028104,873da1061ffffff,,4.0,1.0,True,,0.0,1200.0,3.5,36.0,,+911140787363,https://www.practo.com/noida/hospital/tirupati-eye-centre-2-sector-33-1?referrer=hospital_listing,https://images1-fabric.practo.com/tirupati-eye-centre-1453522589-56a2fe9dd869f.jpg,ABS,practo,,1.0,canonical,885,Q2,,Mid-Market,0.192195
hosp_a0308c433ceb342b,Jeewan Hospital,jeewan hospital,Delhi NCR,Hospital,Old Rajendra Nagar,,28.6438188,77.1882234,873da1162ffffff,,2.0,3.0,False,,0.0,1000.0,,,,+911140036303,https://www.practo.com/delhi/hospital/jeewan-hospital-old-rajendra-nagar?referrer=hospital_listing,,VN,practo,,1.0,canonical,886,Q2,,Mid-Market,0.19217
hosp_5ca38e4cdf6a1a77,Apex Multispeciality Hospital and Skin Clinic,apex multispeciality hospital skin clinic,Delhi NCR,Hospital,Chhatarpur Extension,,28.4998954,77.1845793,873da1023ffffff,,2.0,3.0,False,,0.0,600.0,,,,+911142213466,https://www.practo.com/delhi/hospital/apex-multispeciality-hospital-and-skin-clinic-chhatarpur-extension?referrer=hospital_listing,,VN,practo,,1.0,canonical,887,Q2,,Mid-Market,0.19217
hosp_b82ce97b792b0ae2,"Apollo Spectra Hospital, Chirag Enclave, Delhi",apollo spectra hospital chirag enclave delhi,Delhi NCR,Hospital,Nehru Place,,28.5456492,77.2481189,873da115affffff,,2.0,3.0,False,,0.0,0.0,,,,+911141168734,https://www.practo.com/delhi/hospital/apollo-spectra-hospital-chirag-enclave-delhi-nehru-place?referrer=hospital_listing,,VN,practo,,1.0,canonical,888,Q2,,Mid-Market,0.19217
hosp_45c7affb30335872,Saifi Hospital,saifi hospital,Delhi NCR,Hospital,Nangloi,,28.6586901,77.0647015,873da18d3ffffff,,2.0,3.0,False,,0.0,0.0,,,,+911140844819,https://www.practo.com/delhi/hospital/saifi-hospital-nangloi?referrer=hospital_listing,,active,practo,,1.0,canonical,889,Q2,,Mid-Market,0.19217
hosp_6617b78289e8b90b,Daffodils By Artemis Hospitals,daffodils artemis hospitals,Delhi NCR,Hospital,Kailash Colony,,28.5560344,77.2440389,873da115affffff,,2.0,3.0,False,,0.0,0.0,,,,+911142213464,https://www.practo.com/delhi/hospital/daffodils-by-artemis-hospitals-kailash-colony?referrer=hospital_listing,,VN,practo,,1.0,canonical,890,Q2,,Mid-Market,0.19217
hosp_d5df4dba63485103,Citizen Hospital,citizen hospital,Delhi NCR,Hospital,Ashok Vihar Phase 3,,28.6923338,77.177433,873da1165ffffff,,2.0,3.0,False,,0.0,0.0,,,,+911142213853,https://www.practo.com/delhi/hospital/citizen-hospital-1-ashok-vihar-phase-3?referrer=hospital_listing,,VN,practo,,1.0,canonical,891,Q2,,Mid-Market,0.19217
hosp_33097e4ab75b32aa,blk super Special hospital,blk super special hospital,Delhi NCR,Hospital,Civil Lines,,28.67438,77.2262119,873da116effffff,,2.0,3.0,False,,0.0,0.0,,,,+911140036735,https://www.practo.com/delhi/hospital/blk-super-special-hospital-civil-lines?referrer=hospital_listing,,VN,practo,,1.0,canonical,892,Q2,,Mid-Market,0.19217
hosp_b51c0cfab08fdbc8,"Avantika Hospital, Rohini, Delhi",avantika hospital rohini delhi,Delhi NCR,Hospital,Pushpanjali Enclave,,28.6977377,77.1084879,873da18c3ffffff,,2.0,3.0,False,,0.0,200.0,,,,+911140848840,https://www.practo.com/delhi/hospital/avantika-hospital-rohini-delhi-pushpanjali-enclave?referrer=hospital_listing,,VN,practo,,1.0,canonical,893,Q2,,Mid-Market,0.19217
hosp_dcaefdec855382ee,Raj Rani Hospital,raj rani hospital,Delhi NCR,Hospital,Kondli,,28.6137147,77.321152,873da114bffffff,,2.0,3.0,False,,0.0,0.0,,,,+912071177330,https://www.practo.com/delhi/hospital/raj-rani-hospital-kondli?referrer=hospital_listing,,VN,practo,,1.0,canonical,894,Q2,,Mid-Market,0.19217
hosp_f16e8b97ce90bd70,District Government Combined Hospital,district government combined hospital,Delhi NCR,Hospital,Sector 39,,28.5718213,77.3590922,873da1063ffffff,,2.0,3.0,False,,0.0,0.0,,,,+918037296916,https://www.practo.com/noida/hospital/district-government-combined-hospital-sector-39?referrer=hospital_listing,,VN,practo,,1.0,canonical,895,Q2,,Mid-Market,0.19217
hosp_d7a9bd7a8f1fe87d,Sanjeevani Hospital,sanjeevani hospital,Delhi NCR,Hospital,Gurgaon Sector 38,,28.4289549,77.0368256,873da1185ffffff,,2.0,3.0,False,,0.0,0.0,,,,+911141168384,https://www.practo.com/gurgaon/hospital/sanjeevani-hospital-1-gurgaon-sector-38?referrer=hospital_listing,,VN,practo,,1.0,canonical,896,Q2,,Mid-Market,0.19217
hosp_8b108112b1f8a234,Sanjeevani Hospital,sanjeevani hospital,Delhi NCR,Hospital,Gurgaon Sector 91,,28.3926958,76.9139689,873da1cebffffff,,2.0,3.0,False,,0.0,0.0,,,,+911161266235,https://www.practo.com/gurgaon/hospital/sanjeevani-hospital-1-gurgaon-sector-91?referrer=hospital_listing,,active,practo,,1.0,canonical,897,Q2,,Mid-Market,0.19217
hosp_8836739181a4ac0c,Shivmani Hospital,shivmani hospital,Delhi NCR,Hospital,New Industrial Town,,28.380047,77.304448,873da10f1ffffff,,2.0,3.0,False,,0.0,200.0,,,,+911140036751,https://www.practo.com/faridabad/hospital/shivmani-hospital-faridabad-nit-1?referrer=hospital_listing,,VN,practo,,1.0,canonical,898,Q2,,Mid-Market,0.19217
hosp_f1729fd05b524c64,Noble Hospital,noble hospital,Delhi NCR,Hospital,Sector 14,,28.3942905,77.3295601,873da10c4ffffff,,2.0,3.0,False,,0.0,0.0,,,,+911140848834,https://www.practo.com/faridabad/hospital/noble-hospital-1-sector-14?referrer=hospital_listing,,VN,practo,,1.0,canonical,899,Q2,,Mid-Market,0.19217
hosp_b2af35859a78fc83,Jeevan Jyoti Hospital,jeevan jyoti hospital,Delhi NCR,Hospital,Sector 15,,28.4021021,77.3248637,873da10c4ffffff,,2.0,3.0,False,,0.0,0.0,,,,+911142213847,https://www.practo.com/faridabad/hospital/jeevan-jyoti-hospital-11-sector-15?referrer=hospital_listing,,active,practo,,1.0,canonical,900,Q2,,Mid-Market,0.19217
hosp_1b21bc438534aeba,Ambedkar Nagar Hospital,ambedkar nagar hospital,Delhi NCR,Hospital,Madangir,,28.5227032,77.238777,873da1028ffffff,,7.0,1.0,False,,0.0,0.0,,,,+911141193967,https://www.practo.com/delhi/hospital/ambedkar-nagar-hospital-madangir?referrer=hospital_listing,,VN,practo,,1.0,canonical,901,Q2,,Mid-Market,0.192007
hosp_1ba781146fd836cf,Parnami Orthopaedic Hospital,parnami orthopaedic hospital,Delhi NCR,Hospital,Azadpur,,28.71309778932187,77.17389106750488,873da18cbffffff,,4.0,2.0,False,,0.0,700.0,,5.0,,+918037311397,https://www.practo.com/delhi/hospital/parnami-orthopedic-centre-azadpur?referrer=hospital_listing,,VN,practo,,1.0,canonical,902,Q2,,Mid-Market,0.191981
hosp_a0825b5e8de9257f,Glamyo Health,glamyo health,Delhi NCR,Hospital,Paschim Vihar,,28.649612,77.154939,873da1175ffffff,,1.0,3.0,False,1.0,500.0,500.0,,8.0,,+911143078910,https://www.practo.com/delhi/hospital/glamyo-clinics-paschim-vihar?referrer=hospital_listing,https://images1-fabric.practo.com/practices/1302899/glamyo-health-delhi-60701d41d2885.png,VN,practo,,1.0,canonical,903,Q2,,Mid-Market,0.191854
hosp_ed85ad456945edec,M R D Safdarjung Hospital,m r d safdarjung hospital,Delhi NCR,Hospital,Kidwai Nagar West,,28.5667225,77.2052236,873da1153ffffff,,4.0,2.0,False,,0.0,0.0,,,,+911161264863,https://www.practo.com/delhi/hospital/m-r-d-safdarjung-hospital-kidwai-nagar-west?referrer=hospital_listing,,active,practo,,1.0,canonical,904,Q2,,Mid-Market,0.191727
hosp_b8a656949e61aeab,Nova IVF Fertility,nova ivf fertility,Delhi NCR,Hospital,Vasant Vihar,,28.579062040761542,77.16275841573767,873da1154ffffff,,4.0,2.0,False,2.0,800.0,2000.0,,,,+911141133614,https://www.practo.com/delhi/hospital/nova-ivf-fertility-southend-fertility-ivf-centre-vasant-vihar?referrer=hospital_listing,https://images1-fabric.practo.com/practices/1354840/nova-ivf-fertility-delhi-67501c8cb3bd0.png,VN,practo,,1.0,canonical,905,Q2,,Mid-Market,0.191727
hosp_21c31207ba8a5517,GREEN CITY HOSPITAL,green city hospital,Delhi NCR,Hospital,Subhash Nagar,,29.9936601111,77.5654543659,873d12b52ffffff,,4.0,2.0,False,,0.0,0.0,,,,+911142213882,https://www.practo.com/delhi/hospital/green-city-hospital-1-subhash-nagar?referrer=hospital_listing,,VN,practo,,1.0,canonical,906,Q2,,Mid-Market,0.191727
hosp_5da52bb0d4012567,Safe Hands Hospital,safe hands hospital,Delhi NCR,Hospital,Gurgaon Sector 46,,28.394949143955,77.046743631363,873da1183ffffff,,2.0,3.0,True,,500.0,600.0,3.5,40.0,,+911141193907,https://www.practo.com/gurgaon/hospital/safe-hands-hospital-badshahpur?referrer=hospital_listing,https://images1-fabric.practo.com/practices/1134071/safe-hands-hospital-gurgaon-599c3a148c82f.png,VN,practo,,1.0,canonical,907,Q2,,Mid-Market,0.191674
hosp_6582e1e3af1d6d73,Medha Hospital,medha hospital,Delhi NCR,Hospital,Pitampura,,28.704803,77.144889,873da18caffffff,,1.0,3.0,False,,800.0,3000.0,,4.0,,+911141168799,https://www.practo.com/delhi/hospital/medha-hospital-pitampura?referrer=hospital_listing,,VN,practo,,1.0,canonical,908,Q2,,Mid-Market,0.191651
hosp_0c4d88c74c53f08d,Bakson's Homoeopathic Centre for Allergy,bakson s homoeopathic centre for allergy,Delhi NCR,Hospital,South Extension 1,,28.571784,77.218652,873da1151ffffff,,1.0,3.0,False,8.0,0.0,0.0,,3.0,,+911140036316,https://www.practo.com/delhi/hospital/bakson-s-homoeopathic-centre-for-allergy-south-extension-1?referrer=hospital_listing,https://images1-fabric.practo.com/bakson-s-homoeopathic-centre-for-allergy-delhi-1479361800-582d450836af7.jpeg,VN,practo,,1.0,canonical,909,Q2,,Mid-Market,0.1916
hosp_39c0a42d6a0b49ee,Agarwal Hospital,agarwal hospital,Delhi NCR,Hospital,Pitampura,,28.690028518443295,77.13979017168883,873da18caffffff,,6.0,1.0,False,,300.0,1000.0,,6.0,,+918047284136,https://www.practo.com/delhi/hospital/agarwal-hospital-11-pitampura?referrer=hospital_listing,,ABS,practo,,1.0,canonical,910,Q2,,Mid-Market,0.191589
hosp_73db18120026b919,"Centre For Sight Eye Hospital, Vikaspuri, Delhi",centre for sight eye hospital vikaspuri delhi,Delhi NCR,Hospital,Asalatpur Village,,28.6268317,77.0696411,873da112cffffff,,6.0,1.0,False,6.0,0.0,750.0,,5.0,,+917948501129,https://www.practo.com/delhi/hospital/centre-for-sight-eye-hospital-vikaspuri-delhi-asalatpur-village?referrer=hospital_listing,,ABS,practo,,1.0,canonical,911,Q2,,Mid-Market,0.191538
hosp_fbb22f3b44c623cd,HCL Healthcare,hcl healthcare,Delhi NCR,Hospital,Sector 24,,28.588968395159,77.347440719605,873da1061ffffff,,19.0,10.0,True,,0.0,800.0,3.5,113.0,,+911141194882,https://www.practo.com/noida/hospital/hcl-healthcare-sector-24?referrer=hospital_listing,https://images1-fabric.practo.com/hcl-health-care-noida-1485774110-588f1d1edd7e5.jpg,VN,practo,,1.0,canonical,912,Q2,,Mid-Market,0.191456
hosp_389741a9c4a3bd62,Bakson's Homoeopathic Centre for Allergy,bakson s homoeopathic centre for allergy,Delhi NCR,Hospital,Kalkaji,,28.543599,77.251917,873da1029ffffff,,1.0,3.0,False,8.0,0.0,0.0,,,,+911141168799,https://www.practo.com/delhi/hospital/bakson-s-homoeopathic-centre-for-allergy-kalkaji?referrer=hospital_listing,https://images1-fabric.practo.com/bakson-s-homoeopathic-centre-for-allergy-delhi-1479374289-582d75d1f239b.jpeg,VN,practo,,1.0,canonical,913,Q2,,Mid-Market,0.191448
hosp_77c2fe8ae12c8fd5,Bakson's Homoeopathic Centre for Allergy,bakson s homoeopathic centre for allergy,Delhi NCR,Hospital,Shakti Nagar,,28.680011,77.197636,873da1161ffffff,,1.0,3.0,False,8.0,0.0,0.0,,,,+911140844821,https://www.practo.com/delhi/hospital/bakson-s-homoeopathic-centre-for-allergy-shakti-nagar?referrer=hospital_listing,https://images1-fabric.practo.com/bakson-s-homoeopathic-centre-for-allergy-delhi-1479378068-582d8494dc5e8.jpeg,VN,practo,,1.0,canonical,914,Q2,,Mid-Market,0.191448
hosp_ecb2b1f2ddf67086,Bakson's Homoeopathic Centre for Allergy,bakson s homoeopathic centre for allergy,Delhi NCR,Hospital,Dwarka,,28.59661,77.0507,873da112effffff,,1.0,3.0,False,8.0,0.0,0.0,,,,+917971262940,https://www.practo.com/delhi/hospital/bakson-s-homoeopathic-centre-for-allergy-dwarka?referrer=hospital_listing,https://images1-fabric.practo.com/bakson-s-homoeopathic-centre-for-allergy-delhi-1479380799-582d8f3fd94cd.jpeg,VN,practo,,1.0,canonical,915,Q2,,Mid-Market,0.191448
hosp_554dcd94cf9d9bd1,Bakson's Homoeopathic Centre for Allergy,bakson s homoeopathic centre for allergy,Delhi NCR,Hospital,Janakpuri,,28.631387,77.083384,873da112dffffff,,1.0,3.0,False,8.0,0.0,0.0,,,,+917971262940,https://www.practo.com/delhi/hospital/bakson-s-homoeopathic-centre-for-allergy-janak-puri?referrer=hospital_listing,https://images1-fabric.practo.com/bakson-s-homoeopathic-centre-for-allergy-delhi-1479364447-582d4f5fd5659.jpeg,VN,practo,,1.0,canonical,916,Q2,,Mid-Market,0.191448
hosp_e71b4338b4f00e2b,Bakson's Homoeopathic Centre for Allergy,bakson s homoeopathic centre for allergy,Delhi NCR,Hospital,Anand Vihar,,28.648282,77.301438,873da114dffffff,,1.0,3.0,False,8.0,0.0,0.0,,,,+917971262940,https://www.practo.com/delhi/hospital/bakson-s-homoeopathic-centre-for-allergy-anand-vihar?referrer=hospital_listing,https://images1-fabric.practo.com/bakson-s-homoeopathic-centre-for-allergy-delhi-1479365662-582d541e8e9bd.jpeg,VN,practo,,1.0,canonical,917,Q2,,Mid-Market,0.191448
hosp_efc5c07c28a2cd43,Dadu Medical Centre,dadu medical centre,Delhi NCR,Hospital,Vasant Vihar,,28.5632398,77.1661782,873da1156ffffff,,1.0,3.0,False,,0.0,0.0,,,,+911142213312,https://www.practo.com/delhi/hospital/dadu-medical-centre-vasant-vihar-1?referrer=hospital_listing,,VN,practo,,1.0,canonical,918,Q2,,Mid-Market,0.191448
hosp_59a35a10b7568c47,Bakson's Homoeopathic Centre for Allergy,bakson s homoeopathic centre for allergy,Delhi NCR,Hospital,Patel Nagar West,,28.647934,77.164974,873da1175ffffff,,1.0,3.0,False,8.0,0.0,0.0,,,,+917971262940,https://www.practo.com/delhi/hospital/bakson-s-homoeopathic-centre-for-allergy-patel-nagar-west?referrer=hospital_listing,https://images1-fabric.practo.com/bakson-s-homoeopathic-centre-for-allergy-delhi-1479373706-582d738a289bf.jpeg,VN,practo,,1.0,canonical,919,Q2,,Mid-Market,0.191448
hosp_7abe92212ba98039,Bakson's Homoeopathic Centre for Allergy,bakson s homoeopathic centre for allergy,Delhi NCR,Hospital,Rajouri Garden,,28.650891,77.120887,873da18daffffff,,1.0,3.0,False,8.0,0.0,0.0,,,,+917971262940,https://www.practo.com/delhi/hospital/bakson-s-homoeopathic-centre-for-allergy-rajouri-garden?referrer=hospital_listing,https://images1-fabric.practo.com/bakson-s-homoeopathic-centre-for-allergy-delhi-1479379667-582d8ad39b8ff.jpeg,VN,practo,,1.0,canonical,920,Q2,,Mid-Market,0.191448
hosp_b117a89bb9be89cf,Bakson's Homoeopathic Centre for Allergy,bakson s homoeopathic centre for allergy,Delhi NCR,Hospital,Pitampura,,28.712333,77.138585,873da18c8ffffff,,1.0,3.0,False,8.0,0.0,0.0,,,,+917971262940,https://www.practo.com/delhi/hospital/bakson-s-homoeopathic-centre-for-allergy-pitampura?referrer=hospital_listing,https://images1-fabric.practo.com/bakson-s-homoeopathic-centre-for-allergy-delhi-1479378786-582d87620c021.jpeg,VN,practo,,1.0,canonical,921,Q2,,Mid-Market,0.191448
hosp_c2f809bbb697b15c,Swasthik Hospital,swasthik hospital,Delhi NCR,Hospital,Azadpur,,28.7063654,77.1783938,873da18cbffffff,,1.0,3.0,False,,0.0,0.0,,,,+911140844823,https://www.practo.com/delhi/hospital/swasthik-hospital-1-azadpur?referrer=hospital_listing,,VN,practo,,1.0,canonical,922,Q2,,Mid-Market,0.191448
hosp_53f0c436f27ed673,"Kare N Kure Clinic (Dr Vikas Gupta, Surgical Centre), Delhi",kare n kure clinic dr vikas gupta surgical centre delhi,Delhi NCR,Hospital,Dwarka Sector 11,,28.595506,77.0485976,873da1123ffffff,,1.0,3.0,False,,0.0,0.0,,,,+911141169533,https://www.practo.com/delhi/hospital/kare-n-kure-clinic-dr-vikas-gupta-surgical-centre-delhi-dwarka-sector-11?referrer=hospital_listing,,active,practo,,1.0,canonical,923,Q2,,Mid-Market,0.191448
hosp_5532d29c7035e14f,Iqbal Faizy Nursing Home & Maternity Centre,iqbal faizy nursing home maternity centre,Delhi NCR,Hospital,Jasola,,28.555965,77.2893881,873da115bffffff,,1.0,3.0,False,,500.0,500.0,,,,,https://www.practo.com/delhi/hospital/iqbal-faizy-nursing-home-maternity-centre-jasola?referrer=hospital_listing,,active,practo,,1.0,canonical,924,Q2,,Mid-Market,0.191448
hosp_4da6ed3f2a2aaafc,Bakson's Homoeopathic Centre for Allergy,bakson s homoeopathic centre for allergy,Delhi NCR,Hospital,Sector 18,,28.571777,77.325128,873da1060ffffff,,1.0,3.0,False,,0.0,0.0,,,,+918037309351,https://www.practo.com/noida/hospital/bakson-s-homoeopathic-centre-for-allergy-sector-18?referrer=hospital_listing,https://images1-fabric.practo.com/bakson-s-homoeopathic-centre-for-allergy-noida-1479367490-582d5b42915eb.jpeg,VN,practo,,1.0,canonical,925,Q2,,Mid-Market,0.191448
hosp_de3e5cd40755803a,Bakson's Homoeopathic Centre for Allergy,bakson s homoeopathic centre for allergy,Delhi NCR,Hospital,Gurgaon Sector 28,,28.479547,77.08924,873da11a9ffffff,,1.0,3.0,False,1.0,0.0,0.0,,,,+917971262940,https://www.practo.com/gurgaon/hospital/bakson-s-homoeopathic-centre-for-allergy-sector-28?referrer=hospital_listing,https://images1-fabric.practo.com/bakson-s-homoeopathic-centre-for-allergy-gurgaon-1479371241-582d69e97f7cf.jpeg,VN,practo,,1.0,canonical,926,Q2,,Mid-Market,0.191448
hosp_bea357e0dccabb97,Bakson's Homoeopathic Centre for Allergy,bakson s homoeopathic centre for allergy,Delhi NCR,Hospital,Sohna Road,,28.420801,77.038116,873da1185ffffff,,1.0,3.0,False,1.0,0.0,0.0,,,,+917971262940,https://www.practo.com/gurgaon/hospital/bakson-s-homoeopathic-centre-for-allergy-sohna-road?referrer=hospital_listing,https://images1-fabric.practo.com/bakson-s-homoeopathic-centre-for-allergy-gurgaon-1479371859-582d6c532b8e7.jpeg,VN,practo,,1.0,canonical,927,Q2,,Mid-Market,0.191448
hosp_ee3b81f1de7786c9,"Sona Devi Memorial, Hospital",sona devi memorial hospital,Delhi NCR,Hospital,Badshahpur,,28.396117,77.046581,873da1183ffffff,,1.0,3.0,False,,0.0,0.0,,,,+911141193907,https://www.practo.com/gurgaon/hospital/sona-devi-memorial-hospital-badshahpur?referrer=hospital_listing,,VN,practo,,1.0,canonical,928,Q2,,Mid-Market,0.191448
hosp_8ca5609f2c2154c1,S B Memorial Hospital,s b memorial hospital,Delhi NCR,Hospital,Badshahpur,,28.3979554,77.055318,873da1183ffffff,,1.0,3.0,False,,500.0,500.0,,,,+918037311397,https://www.practo.com/gurgaon/hospital/s-b-memorial-hospital-badshahpur?referrer=hospital_listing,,VN,practo,,1.0,canonical,929,Q2,,Mid-Market,0.191448
hosp_12508e5f58350538,Rama Medical College Hospital & Research Centre,rama medical college hospital research centre,Delhi NCR,Hospital,Indirapuram,,28.640168445399688,77.35200818628071,873da1a90ffffff,,1.0,3.0,False,,0.0,0.0,,,,+911140036792,https://www.practo.com/ghaziabad/hospital/rama-medical-college-pilkhuwa?referrer=hospital_listing,,VN,practo,,1.0,canonical,930,Q2,,Mid-Market,0.191448
hosp_b9180bbf3003dd7a,Bakson's Homoeopathic Centre for Allergy,bakson s homoeopathic centre for allergy,Delhi NCR,Hospital,Indirapuram,,28.634835,77.362324,873da1a90ffffff,,1.0,3.0,False,1.0,0.0,0.0,,,,+918037309351,https://www.practo.com/ghaziabad/hospital/bakson-s-homoeopathic-centre-for-allergy-indirapuram?referrer=hospital_listing,https://images1-fabric.practo.com/bakson-s-homoeopathic-centre-for-allergy-ghaziabad-1479374897-582d783103ecd.jpeg,VN,practo,,1.0,canonical,931,Q2,,Mid-Market,0.191448
hosp_b98649927b86deaf,Bakson's Homoeopathic Centre for Allergy,bakson s homoeopathic centre for allergy,Delhi NCR,Hospital,Old Raj Nagar,,28.678967,77.448837,873da1a8affffff,,1.0,3.0,False,1.0,0.0,0.0,,,,+918037309351,https://www.practo.com/ghaziabad/hospital/bakson-s-homoeopathic-centre-for-allergy-old-raj-nagar?referrer=hospital_listing,https://images1-fabric.practo.com/bakson-s-homoeopathic-centre-for-allergy-ghaziabad-1479375899-582d7c1bd025d.jpeg,VN,practo,,1.0,canonical,932,Q2,,Mid-Market,0.191448
hosp_3ea8b7e0e9310f83,Bakson's Homoeopathic Centre for Allergy,bakson s homoeopathic centre for allergy,Delhi NCR,Hospital,Mathura Road,,28.373378,77.335313,873da10c6ffffff,,1.0,3.0,False,,0.0,0.0,,,,+917971262940,https://www.practo.com/faridabad/hospital/bakson-s-homoeopathic-centre-for-allergy-mathura-road?referrer=hospital_listing,https://images1-fabric.practo.com/bakson-s-homoeopathic-centre-for-allergy-faridabad-1479370725-582d67e5dc2d9.jpeg,VN,practo,,1.0,canonical,933,Q2,,Mid-Market,0.191448
hosp_2e4084040199912d,"Asian Fidelis Multi Speciality Hospital, Faridabad",asian fidelis multi speciality hospital faridabad,Delhi NCR,Hospital,Sector 88,,28.4187166,77.356167,873da10eeffffff,,1.0,3.0,False,,0.0,0.0,,,,+911141188491,https://www.practo.com/faridabad/hospital/asian-fidelis-multi-speciality-hospital-faridabad-sector-88?referrer=hospital_listing,,VN,practo,,1.0,canonical,934,Q2,,Mid-Market,0.191448
hosp_f0744e346717a149,Aura Homeopathy Clinic & Research Centre India,aura homeopathy clinic research centre,Delhi NCR,Hospital,Sector 14,,28.392606,77.3403438,873da10c0ffffff,,1.0,3.0,False,,0.0,0.0,,,,+911140787362,https://www.practo.com/faridabad/hospital/aura-homeopathy-clinic-research-centre-india-sector-14?referrer=hospital_listing,,VN,practo,,1.0,canonical,935,Q2,,Mid-Market,0.191448
hosp_bf97c991779e1de7,Raindew Multispeciality Hospital,raindew multispeciality hospital,Delhi NCR,Hospital,Ballabgarh,,28.3357699,77.3222071,873da10d0ffffff,,1.0,3.0,False,,0.0,0.0,,,,+911161262798,https://www.practo.com/faridabad/hospital/raindew-multispeciality-hospital-ballabgarh?referrer=hospital_listing,,VN,practo,,1.0,canonical,936,Q2,,Mid-Market,0.191448
hosp_0d30afbf2dbcfca3,Muskan Clinic,muskan clinic,Delhi NCR,Hospital,Vasundhra Enclave,,28.600913194599183,77.31614470481873,873da1064ffffff,,3.0,2.0,False,,0.0,800.0,,8.0,,+911140848840,https://www.practo.com/delhi/hospital/muskan-clinic-vasundhra-enclave?referrer=hospital_listing,https://images1-fabric.practo.com/555713cbd8e95c90282cdb222c6bffb4d1d77c942e444.jpg,VN,practo,,1.0,canonical,937,Q2,,Mid-Market,0.191411
hosp_b689040b53757382,Shroff Eye Centre,shroff eye centre,Delhi NCR,Hospital,Gurgaon Sector 27,,28.461150559454484,77.0781932027785,873da11a9ffffff,,6.0,1.0,True,1.0,900.0,1000.0,3.0,22.0,2009.0,+911140036757,https://www.practo.com/gurgaon/hospital/shroff-eye-centre-gurgaon-sector-27?referrer=hospital_listing,https://images1-fabric.practo.com/shroff-eye-centre-gurgaon-1466408232-57679d28ed0ab.jpeg,VN,practo,,1.0,canonical,938,Q2,,Mid-Market,0.191389
hosp_52da4838ab94f245,Dr Chaudhry's Moral Hospital Pvt.Ltd,dr chaudhry s moral hospital,Delhi NCR,Hospital,Yamuna Vihar,,28.702342087223,77.272430062294,873da1b9affffff,,4.0,7.0,True,,400.0,700.0,3.0,20.0,,+914440116807,https://www.practo.com/delhi/hospital/dr-choudhry-s-moral-hospital-pvt-ltd-yamuna-vihar?referrer=hospital_listing,https://images1-fabric.practo.com/dr-choudhry-s-moral-hospital-delhi-1488476267-58b8586b0e56d.jpg,VN,practo,,1.0,canonical,939,Q2,,Mid-Market,0.19123
hosp_793035e8e5430f0b,Tripathi Nursing Home,tripathi nursing home,Delhi NCR,Hospital,Vijai Nagar,,28.646173,77.426637,873da1a98ffffff,,3.0,2.0,False,,300.0,500.0,,2.0,,+918037310980,https://www.practo.com/ghaziabad/hospital/tripathi-nursing-home?referrer=hospital_listing,,VN,practo,,1.0,canonical,940,Q2,,Mid-Market,0.191107
hosp_83638cc4d96946cf,New Rohini Hospital,new rohini hospital,Delhi NCR,Hospital,Rohini,,28.699346,77.0961374,873da18c3ffffff,,3.0,2.0,False,,200.0,800.0,,,,+912071173234,https://www.practo.com/delhi/hospital/new-rohini-hospital-rohini?referrer=hospital_listing,,VN,practo,,1.0,canonical,941,Q2,,Mid-Market,0.191005
hosp_713de615b0411454,Health and care centre,health care centre,Delhi NCR,Hospital,Nangloi,,28.6786481,77.0651105,873da18d1ffffff,,3.0,2.0,False,,0.0,0.0,,,,+911141168799,https://www.practo.com/delhi/hospital/health-and-care-centre-nangloi?referrer=hospital_listing,,active,practo,,1.0,canonical,942,Q2,,Mid-Market,0.191005
hosp_dd395cf1e92d1911,lifecare hospital,lifecare hospital,Delhi NCR,Hospital,Sector 115,,28.5711173,77.406292,873da106bffffff,,3.0,2.0,False,,0.0,0.0,,,,+918037296913,https://www.practo.com/noida/hospital/lifecare-hospital-3-sector-115?referrer=hospital_listing,,active,practo,,1.0,canonical,943,Q2,,Mid-Market,0.191005
hosp_ea265758a214df5c,Amplifon,amplifon,Delhi NCR,Hospital,DLF Phase IV,,28.4623384,77.086959,873da11a9ffffff,,3.0,2.0,False,1.0,0.0,0.0,,,,+912048553251,https://www.practo.com/gurgaon/hospital/amplifon-dlf-phase-iv?referrer=hospital_listing,https://images1-fabric.practo.com/practices/1002639/amplifon-gurgaon-593a857615176.jpg,VN,practo,,1.0,canonical,944,Q2,,Mid-Market,0.191005
hosp_763265ee16381f4a,"Daffodils By Artemis Hospitals, Sector 40, Gurgaon",daffodils artemis hospitals sector 40 gurgaon,Delhi NCR,Hospital,Gurgaon Sector 40,,28.4492152,77.0582587,873da11aaffffff,,3.0,2.0,False,,0.0,0.0,,,,+918045686671,https://www.practo.com/gurgaon/hospital/daffodils-by-artemis-hospitals-sector-40-gurgaon-gurgaon-sector-40?referrer=hospital_listing,,VN,practo,,1.0,canonical,945,Q2,,Mid-Market,0.191005
hosp_58477fb28641e667,ORL International Hospital,orl international hospital,Delhi NCR,Hospital,Jasola,,28.541553570844,77.294832944608,873da1075ffffff,,10.0,8.0,True,,300.0,1500.0,3.5,73.0,,+918047284068,https://www.practo.com/delhi/hospital/orl-international-hospital-jasola?referrer=hospital_listing,https://images1-fabric.practo.com/practices/1403208/orl-international-hospital-delhi-667536fa35deb.png,ABS,practo,,1.0,canonical,946,Q2,,Mid-Market,0.190943
hosp_cb67544ac7ff7f26,Manav Hospital,manav hospital,Delhi NCR,Hospital,Kavi Nagar,,28.772474183943032,77.57720947265625,873da1aeaffffff,,2.0,2.0,False,,600.0,600.0,,8.0,,+911140849586,https://www.practo.com/ghaziabad/hospital/manav-hospital-kavi-nagar?referrer=hospital_listing,,VN,practo,,1.0,canonical,947,Q2,,Mid-Market,0.190689
hosp_f38385c41491d42a,Centre for Sight ,centre for sight,Delhi NCR,Hospital,Sector 16A,,28.411691,77.314858,873da10e2ffffff,,5.0,1.0,False,,0.0,0.0,,,,+911142213848,https://www.practo.com/faridabad/hospital/centre-for-sight-1-sector-16a?referrer=hospital_listing,,active,practo,,1.0,canonical,948,Q2,,Mid-Market,0.190563
hosp_f1037bc15207b94c,VARDAAN HOSPITAL,vardaan hospital,Delhi NCR,Hospital,Malviya Nagar,,28.534952394858,77.210883855981,873da102cffffff,,2.0,2.0,False,,0.0,600.0,,3.0,,+911161260160,https://www.practo.com/delhi/hospital/vardaan-hospital-4-malviya-nagar?referrer=hospital_listing,https://images1-fabric.practo.com/practices/1189160/vardaan-hospital-delhi-5bd4a40fe0c38.jpg,VN,practo,,1.0,canonical,949,Q2,,Mid-Market,0.190436
hosp_59899352b2b592ff,R K Hospital ,r k hospital,Delhi NCR,Hospital,Sangam Vihar,,,,,,2.0,2.0,False,,0.0,0.0,,,,+911140036740,https://www.practo.com/delhi/hospital/r-k-hospital-sangam-vihar?referrer=hospital_listing,,VN,practo,,0.6,canonical,950,Q2,,Mid-Market,0.190283
hosp_ae1a9c6ca7d02d8d,Devanshi Hospital,devanshi hospital,Delhi NCR,Hospital,Delhi,,28.38103,77.2979366,873da10f1ffffff,,2.0,2.0,False,,200.0,200.0,,,,+912048553250,https://www.practo.com/delhi/hospital/devanshi-hospital-faridabad-nit?referrer=hospital_listing,,VN,practo,,1.0,canonical,951,Q2,,Mid-Market,0.190283
hosp_79c29422a0b5f319,Apollo Cradle Royale,apollo cradle royale,Delhi NCR,Hospital,Kalkaji,,28.5445968493169,77.2477792203426,873da102dffffff,,2.0,2.0,False,,750.0,1000.0,,,,+911161262025,https://www.practo.com/delhi/hospital/apollo-cradle-royale-kalkaji-nehru-enclave-kalkaji?referrer=hospital_listing,https://images1-fabric.practo.com/practices/1150759/apollo-cradle-royale-delhi-5aa23d6498d52.png,VN,practo,,1.0,canonical,952,Q2,,Mid-Market,0.190283
hosp_f1e703d326e37ddb,"Sir Ganga Ram Hospital, Rajinder Nagar, Delhi",sir ganga ram hospital rajinder nagar delhi,Delhi NCR,Hospital,Old Rajendra Nagar,,28.6384582,77.1895559,873da1144ffffff,,2.0,2.0,False,,0.0,0.0,,,,+911141133901,https://www.practo.com/delhi/hospital/sir-ganga-ram-hospital-rajinder-nagar-delhi-old-rajendra-nagar?referrer=hospital_listing,,VN,practo,,1.0,canonical,953,Q2,,Mid-Market,0.190283
hosp_0a2de5aed17e0915,"Eden Hospital, Delhi",eden hospital delhi,Delhi NCR,Hospital,East Of Kailash,,28.5593599,77.2562194,873da115affffff,,2.0,2.0,False,,0.0,0.0,,,,+911140787358,https://www.practo.com/delhi/hospital/eden-hospital-delhi-east-of-kailash?referrer=hospital_listing,,VN,practo,,1.0,canonical,954,Q2,,Mid-Market,0.190283
hosp_6b0e61e7da405d30,"Triton Hospital, Delhi",triton hospital delhi,Delhi NCR,Hospital,Nehru Place,,28.5471619,77.2547253,873da115affffff,,2.0,2.0,False,,0.0,300.0,,,,+911143078910,https://www.practo.com/delhi/hospital/triton-hospital-delhi-nehru-place?referrer=hospital_listing,,VN,practo,,1.0,canonical,955,Q2,,Mid-Market,0.190283
hosp_fee7ec436717c8a1,Kukreja Hospital,kukreja hospital,Delhi NCR,Hospital,Prem Nagar,,28.6963047,77.0537479,873da18c6ffffff,,2.0,2.0,False,,0.0,0.0,,,,+911140036581,https://www.practo.com/delhi/hospital/kukreja-hospital-2-prem-nagar?referrer=hospital_listing,,VN,practo,,1.0,canonical,956,Q2,,Mid-Market,0.190283
hosp_abbe70532362ddff,"Makkar Multispeciality Hospital, Delhi",makkar multispeciality hospital delhi,Delhi NCR,Hospital,Chitra Vihar,,28.6409618,77.2825527,873da114cffffff,,2.0,2.0,False,,0.0,0.0,,,,+911141193975,https://www.practo.com/delhi/hospital/makkar-multispeciality-hospital-delhi-chitra-vihar?referrer=hospital_listing,,VN,practo,,1.0,canonical,957,Q2,,Mid-Market,0.190283
hosp_3893decb985224a1,Smt Sucheta Kriplani Hospital,smt sucheta kriplani hospital,Delhi NCR,Hospital,Connaught Place,,28.6356088,77.2145335,873da1144ffffff,,2.0,2.0,False,,0.0,0.0,,,,+911161264278,https://www.practo.com/delhi/hospital/smt-sucheta-kriplani-hospital-connaught-place-1?referrer=hospital_listing,,VN,practo,,1.0,canonical,958,Q2,,Mid-Market,0.190283
hosp_e7ee7d834cd05bef,Swapna Mother Care,swapna mother care,Delhi NCR,Hospital,Pooth Khurd,,28.776485599849977,77.04835865646601,873da18e5ffffff,,2.0,2.0,False,,100.0,500.0,,,,+911142246372,https://www.practo.com/delhi/hospital/maharshi-valmiki-hospital-pooth-khurd?referrer=hospital_listing,,VN,practo,,1.0,canonical,959,Q2,,Mid-Market,0.190283
hosp_3a4e4ebf75969f2f,Mom's Belief Sunshine Therapy Centre,mom s belief sunshine therapy centre,Delhi NCR,Hospital,Sector 33,,28.588314476024184,77.35825147982264,873da1061ffffff,,2.0,2.0,False,,1000.0,1000.0,,,,+911140845976,https://www.practo.com/noida/hospital/sunshine-therapy-centre-for-special-need-children-sector-51?referrer=hospital_listing,https://images1-fabric.practo.com/practices/740188/mom-s-belief-sunshine-therapy-centre-noida-661e4da418ec9.png,RFA,practo,,1.0,canonical,960,Q2,,Mid-Market,0.190283
hosp_3980aeae4fbf888f,Max Multi Speciality Hospital,max multi speciality hospital,Delhi NCR,Hospital,Sector 19,,,,,,2.0,2.0,False,,0.0,0.0,,,,+911140036742,https://www.practo.com/noida/hospital/max-multi-speciality-hospital-1-sector-19?referrer=hospital_listing,,VN,practo,,0.6,canonical,961,Q2,,Mid-Market,0.190283
hosp_b3027a4f5900d9ed,"Mamta Hospital, Gurgaon",mamta hospital gurgaon,Delhi NCR,Hospital,Sector 13,,28.4696224,77.0337301,873da11acffffff,,2.0,2.0,False,,0.0,0.0,,,,+911140848836,https://www.practo.com/gurgaon/hospital/mamta-hospital-gurgaon-sector-13?referrer=hospital_listing,,VN,practo,,1.0,canonical,962,Q2,,Mid-Market,0.190283
hosp_0d909993317cf096,Akropolis Super Speciality Hospital,akropolis super speciality hospital,Delhi NCR,Hospital,Badshahpur,,28.3976223,77.0455906,873da1183ffffff,,2.0,2.0,False,,0.0,0.0,,,,+918037296914,https://www.practo.com/gurgaon/hospital/akropolis-super-speciality-hospital-badshahpur-1?referrer=hospital_listing,,active,practo,,1.0,canonical,963,Q2,,Mid-Market,0.190283
hosp_e23d79034c3c6397,Uma Sanjeevani Hospital,uma sanjeevani hospital,Delhi NCR,Hospital,Gurgaon Sector 55,,28.4273158,77.1089292,873da118dffffff,,2.0,2.0,False,,0.0,0.0,,,,+918037296916,https://www.practo.com/gurgaon/hospital/uma-sanjeevani-hospital-gurgaon-sector-55?referrer=hospital_listing,,VN,practo,,1.0,canonical,964,Q2,,Mid-Market,0.190283
hosp_b8f65a2d85490a3c,Ashirwad Hospital,ashirwad hospital,Delhi NCR,Hospital,Sector 11,,28.3721264,77.3209342,873da10c6ffffff,,2.0,2.0,False,,0.0,0.0,,,,+918037296914,https://www.practo.com/faridabad/hospital/ashirwad-hospital-1-sector-11?referrer=hospital_listing,,active,practo,,1.0,canonical,965,Q2,,Mid-Market,0.190283
hosp_ea0cbfbc3105033d,"Vedantaa Hospital, Faridabad",vedantaa hospital faridabad,Delhi NCR,Hospital,Rahul Colony,,28.3948656,77.3002953,873da10f1ffffff,,2.0,2.0,False,,0.0,500.0,,,,+911141193970,https://www.practo.com/faridabad/hospital/vedantaa-hospital-faridabad-rahul-colony?referrer=hospital_listing,,VN,practo,,1.0,canonical,966,Q2,,Mid-Market,0.190283
hosp_f5c81042305552db,Eye Med Hospital,eye med hospital,Delhi NCR,Hospital,New Industrial Town,,28.39395840028,77.301751219449,873da10f1ffffff,,2.0,2.0,False,,600.0,600.0,,,,+914461712706,https://www.practo.com/faridabad/hospital/eyemed-hospital-new-industrial-town?referrer=hospital_listing,https://images1-fabric.practo.com/practices/1238224/eye-med-hospital-faridabad-5c22948b578b9.jpg,VN,practo,,1.0,canonical,967,Q2,,Mid-Market,0.190283
hosp_19126d3d98813bc3,Mohan eye institute,mohan eye institute,Delhi NCR,Hospital,Karol Bagh,,,,,,4.0,1.0,False,,0.0,800.0,,8.0,,+911140036726,https://www.practo.com/delhi/hospital/mohan-eye-institute-karol-bagh?referrer=hospital_listing,,VN,practo,,0.6,canonical,968,Q2,,Mid-Market,0.190247
hosp_19318f0e5705fab2,Tirupati Stone Centre & Hospital,tirupati stone centre hospital,Delhi NCR,Hospital,Preet Vihar,,29.157558149111,76.944122314453,873d125a0ffffff,,1.0,1.0,True,,1000.0,1000.0,3.5,36.0,,+911142246362,https://www.practo.com/delhi/hospital/tirupati-stone-centre-hospital-preet-vihar?referrer=hospital_listing,https://images1-fabric.practo.com/practices/1142090/tirupati-stone-centre-hospital-delhi-5996e2dd72b71.png,VN,practo,,1.0,canonical,969,Q2,,Mid-Market,0.190029
hosp_434b69d483ad2d09,Enhance Clinic,enhance clinic,Delhi NCR,Hospital,Sector 18,,28.571118140950222,77.3239016532898,873da1062ffffff,,1.0,2.0,False,,700.0,700.0,,9.0,,+911143079117,https://www.practo.com/noida/hospital/enhance-clinic-sector-18?referrer=hospital_listing,https://images1-fabric.practo.com/practices/652707/enhance-clinic-noida-noida-592d156bb22ab.JPG,VN,practo,,1.0,canonical,970,Q2,,Mid-Market,0.190018
hosp_b725e8f92ccacf37,Heera La Hospital,heera la hospital,Delhi NCR,Hospital,Shastri Nagar,,,,,,1.0,2.0,False,,300.0,300.0,,9.0,,+911140849632,https://www.practo.com/ghaziabad/hospital/heera-la-hospital-shastri-nagar-1?referrer=hospital_listing,,VN,practo,,0.6,canonical,971,Q2,,Mid-Market,0.190018
hosp_da4f6b8b0d9d6e46,Richfeel Trichology Centre,richfeel trichology centre,Delhi NCR,Hospital,Lajpat Nagar,,28.567345,77.246531,873da115effffff,,4.0,1.0,False,2.0,0.0,100.0,,,,+911140036727,https://www.practo.com/delhi/hospital/richfeel-trichology-centre-lajpat-nagar?referrer=hospital_listing,https://images1-fabric.practo.com/richfeel-trichology-centre-delhi-1491307443-58e38bb370754.jpg,VN,practo,,1.0,canonical,972,Q2,,Mid-Market,0.18984
hosp_492771cb8e0d7fc7,Hearing Plus - Karolbagh,hearing plus karolbagh,Delhi NCR,Hospital,Old Rajendra Nagar,,28.642195,77.186039,873da1162ffffff,,4.0,1.0,False,7.0,500.0,500.0,,,,+917971262940,https://www.practo.com/delhi/hospital/hearing-plus-old-rajendra-nagar?referrer=hospital_listing,https://images1-fabric.practo.com/hearing-plus-karolbagh-delhi-1482919016-58638c682f15b.png,VN,practo,,1.0,canonical,973,Q2,,Mid-Market,0.18984
hosp_83558c7fe099a44e,Hearing Plus - Green Park,hearing plus green park,Delhi NCR,Hospital,Green Park,,28.556925,77.204341,873da1153ffffff,,4.0,1.0,False,7.0,500.0,500.0,,,,+917971262940,https://www.practo.com/delhi/hospital/hearing-plus-green-park?referrer=hospital_listing,https://images1-fabric.practo.com/hearing-plus-green-park-delhi-1482926740-5863aa943a3c3.png,VN,practo,,1.0,canonical,974,Q2,,Mid-Market,0.18984
hosp_8f9e4468665b1769,Hearing Plus,hearing plus,Delhi NCR,Hospital,Model Town 1,,28.703134,77.193828,873da1165ffffff,,4.0,1.0,False,7.0,500.0,500.0,,,,+917971262940,https://www.practo.com/delhi/hospital/hearing-plus-model-town?referrer=hospital_listing,https://images1-fabric.practo.com/hearing-plus-model-town-delhi-1482982807-58648597dff0a.png,VN,practo,,1.0,canonical,975,Q2,,Mid-Market,0.18984
hosp_4fd4e85599240ddc,Hearing Plus - Punjabi Bagh,hearing plus punjabi bagh,Delhi NCR,Hospital,Punjabi Bagh,,28.667109,77.116931,873da18d8ffffff,,4.0,1.0,False,7.0,500.0,500.0,,,,+917971262940,https://www.practo.com/delhi/hospital/hearing-plus-punjabi-bagh?referrer=hospital_listing,https://images1-fabric.practo.com/hearing-plus-punjabi-bagh-delhi-1482983359-586487bf5a100.png,VN,practo,,1.0,canonical,976,Q2,,Mid-Market,0.18984
hosp_0590bc91a90fdfb3,Hearing Plus,hearing plus,Delhi NCR,Hospital,Dwarka,,28.583898,77.071259,873da112affffff,,4.0,1.0,False,7.0,500.0,500.0,,,,+917971262940,https://www.practo.com/delhi/hospital/hearing-plus-dwarka?referrer=hospital_listing,https://images1-fabric.practo.com/hearing-plus-dwarka-delhi-1482919813-58638f8544028.png,VN,practo,,1.0,canonical,977,Q2,,Mid-Market,0.18984
hosp_8a7e5bbde5fb904d,Hearing Plus - Janakpuri,hearing plus janakpuri,Delhi NCR,Hospital,Janakpuri,,28.625141,77.089752,873da112dffffff,,4.0,1.0,False,7.0,500.0,500.0,,,,+911161260160,https://www.practo.com/delhi/hospital/hearing-plus-janakpuri-janak-puri?referrer=hospital_listing,https://images1-fabric.practo.com/hearing-plus-janakpuri-delhi-1482921740-5863970c670d6.png,VN,practo,,1.0,canonical,978,Q2,,Mid-Market,0.18984
hosp_11ae8a61732501e3,Hearing Plus - Saket,hearing plus saket,Delhi NCR,Hospital,Saket,,28.528552,77.210074,873da102cffffff,,4.0,1.0,False,7.0,500.0,500.0,,,,+917971262940,https://www.practo.com/delhi/hospital/hearing-plus-saket?referrer=hospital_listing,https://images1-fabric.practo.com/hearing-plus-saket-delhi-1482922214-586398e6cdc91.png,VN,practo,,1.0,canonical,979,Q2,,Mid-Market,0.18984
hosp_deff2523a15db4da,Hearing Plus - Laxminagar,hearing plus laxminagar,Delhi NCR,Hospital,Laxmi Nagar,,28.637682,77.285224,873da1148ffffff,,4.0,1.0,False,7.0,500.0,500.0,,,,+917971262940,https://www.practo.com/delhi/hospital/hearing-plus-laxmi-nagar?referrer=hospital_listing,https://images1-fabric.practo.com/hearing-plus-laxminagar-delhi-1482922739-58639af3bc29e.png,VN,practo,,1.0,canonical,980,Q2,,Mid-Market,0.18984
hosp_c63ce91e36a93970,Hearing Plus - Noida,hearing plus noida,Delhi NCR,Hospital,Sector 18,,28.570867,77.325648,873da1062ffffff,,4.0,1.0,False,,500.0,500.0,,,,+918037309351,https://www.practo.com/noida/hospital/hearing-plus-sector-18?referrer=hospital_listing,https://images1-fabric.practo.com/hearing-plus-noida-noida-1482925816-5863a6f815155.png,VN,practo,,1.0,canonical,981,Q2,,Mid-Market,0.18984
hosp_35424cb51615043f,Hearing Plus - Gurgaon,hearing plus gurgaon,Delhi NCR,Hospital,DLF Phase IV,,28.467598,77.081796,873da11a9ffffff,,4.0,1.0,False,1.0,500.0,500.0,,,,+917971262940,https://www.practo.com/gurgaon/hospital/hearing-plus-dlf-phase-iv?referrer=hospital_listing,https://images1-fabric.practo.com/hearing-plus-gurgaon-gurgaon-1482920978-58639412d9a18.png,VN,practo,,1.0,canonical,982,Q2,,Mid-Market,0.18984
hosp_8f00f0d2e6afb7f5,Hearing Plus - Old Gurgaon,hearing plus old gurgaon,Delhi NCR,Hospital,Gurgaon Sector 12,,28.466499,77.027952,873da11a1ffffff,,4.0,1.0,False,1.0,500.0,500.0,,,,+917971262940,https://www.practo.com/gurgaon/hospital/hearing-plus-old-gurgaon-gurgaon-sector-12?referrer=hospital_listing,https://images1-fabric.practo.com/hearing-plus-old-gurgaon-gurgaon-1482982058-586482aac866d.png,VN,practo,,1.0,canonical,983,Q2,,Mid-Market,0.18984
hosp_c4cfe305a77f60df,Pet Care Hospital,pet care hospital,Delhi NCR,Hospital,Dwarka,,28.584980321918,77.070177252298,873da1105ffffff,,1.0,2.0,False,,300.0,300.0,,3.0,,+917971262940,https://www.practo.com/delhi/hospital/the-pet-care-centre-dwarka?referrer=hospital_listing,https://images1-fabric.practo.com/practices/696707/the-pet-care-centre-delhi-5b693b3dedc74.jpeg,VN,practo,,1.0,canonical,984,Q2,,Mid-Market,0.189714
hosp_1194a811e7559c9e,VLCC Wellness and Healthcare,vlcc wellness healthcare,Delhi NCR,Hospital,Pitampura,,28.698314,77.139208,873da18caffffff,,1.0,2.0,False,2.0,0.0,0.0,,3.0,,+914471967084,https://www.practo.com/delhi/hospital/vlcc-wellness-and-healthcare-pitampura?referrer=hospital_listing,https://images1-fabric.practo.com/practices/1185327/vlcc-wellness-delhi-5ae992619ea77.jpg,VN,practo,,1.0,canonical,985,Q2,,Mid-Market,0.189714
hosp_aca1d93e50f3daae,Surya Kiran Hospital,surya kiran hospital,Delhi NCR,Hospital,Najafgarh,,28.621695310058218,76.99207250028849,873da1124ffffff,,1.0,2.0,False,,200.0,1500.0,,,,+911161266228,https://www.practo.com/delhi/hospital/surya-kiran-hospital-najafgarh-4?referrer=hospital_listing,,VN,practo,,1.0,canonical,986,Q2,,Mid-Market,0.189561
hosp_323f30ec92f5d113,Saroj hospital,saroj hospital,Delhi NCR,Hospital,Rohini Sector 31,,28.7382677,77.0822151,873da18c5ffffff,,1.0,2.0,False,,0.0,0.0,,,,+911141194012,https://www.practo.com/delhi/hospital/saroj-hospital-2-rohini-sector-31?referrer=hospital_listing,,VN,practo,,1.0,canonical,987,Q2,,Mid-Market,0.189561
hosp_b93ec3f9e7ffd52c,Jay hospital,jay hospital,Delhi NCR,Hospital,Dwarka Sector 19,,28.60854519170468,76.98608681559563,873da1126ffffff,,1.0,2.0,False,,200.0,200.0,,,,+911161262065,https://www.practo.com/delhi/hospital/jay-hospital-2-najafgarh?referrer=hospital_listing,,VN,practo,,1.0,canonical,988,Q2,,Mid-Market,0.189561
hosp_49b2ecc8dae7ab35,Jain hospital,jain hospital,Delhi NCR,Hospital,Kailash Nagar,,28.6663566,77.2590803,873da1168ffffff,,1.0,2.0,False,,0.0,0.0,,,,+911142213465,https://www.practo.com/delhi/hospital/jain-hospital-1-kailash-nagar?referrer=hospital_listing,,VN,practo,,1.0,canonical,989,Q2,,Mid-Market,0.189561
hosp_1749102cdde5cac8,NEW LIFE MULTI-SPECIALITY HOSPITAL,new life multi speciality hospital,Delhi NCR,Hospital,Pushpanjali Enclave,,28.6964395,77.1129165,873da18ddffffff,,1.0,2.0,False,,0.0,0.0,,,,+911141236444,https://www.practo.com/delhi/hospital/new-life-multi-speciality-hospital-pushpanjali-enclave?referrer=hospital_listing,,active,practo,,1.0,canonical,990,Q2,,Mid-Market,0.189561
hosp_e0342d570cf405ca,K.S.Hospital,k s hospital,Delhi NCR,Hospital,Jagriti Enclave,,28.6419257,77.3189533,873da1149ffffff,,1.0,2.0,False,,0.0,0.0,,,,+911142213465,https://www.practo.com/delhi/hospital/k-s-hospital-5-jagriti-enclave?referrer=hospital_listing,,VN,practo,,1.0,canonical,991,Q2,,Mid-Market,0.189561
hosp_1379637587704cf6,BENSUPS Multi-speciality Hospital,bensups multi speciality hospital,Delhi NCR,Hospital,Dwarka Sector 12,,28.5929211,77.0440331,873da1123ffffff,,1.0,2.0,False,,0.0,0.0,,,,+911141194012,https://www.practo.com/delhi/hospital/bensups-multi-speciality-hospital-dwarka-sector-12?referrer=hospital_listing,,VN,practo,,1.0,canonical,992,Q2,,Mid-Market,0.189561
hosp_f8dd8d494daebdb1,Indira IVF - Fertility and IVF Center,indira ivf fertility ivf center,Delhi NCR,Hospital,Lajpat Nagar,,28.57351895142125,77.23771498588859,873da115effffff,,1.0,2.0,False,,500.0,500.0,,,,+911142213999,https://www.practo.com/delhi/hospital/indira-ivf-fertility-and-ivf-center-lajpat-nagar?referrer=hospital_listing,https://images1-fabric.practo.com/practices/1324818/indira-ivf-fertility-and-ivf-center-delhi-60519fefc6ad0.jpeg,VN,practo,,1.0,canonical,993,Q2,,Mid-Market,0.189561
hosp_781cd35b7185e2c0,"Md City Hospital, Delhi",md city hospital delhi,Delhi NCR,Hospital,Model Town,,28.7145117,77.186601,873da1b96ffffff,,1.0,2.0,False,,800.0,800.0,,,,+918037296909,https://www.practo.com/delhi/hospital/md-city-hospital-delhi-model-town?referrer=hospital_listing,,VN,practo,,1.0,canonical,994,Q2,,Mid-Market,0.189561
hosp_4cd659d8f8626a9e,B L Gupta Multispecialty Hospital,b l gupta multispecialty hospital,Delhi NCR,Hospital,Subhash Nagar,,28.6369843,77.1075961,873da18daffffff,,1.0,2.0,False,,300.0,300.0,,,,+911140787363,https://www.practo.com/delhi/hospital/b-l-gupta-multispecialty-hospital-subhash-nagar?referrer=hospital_listing,,active,practo,,1.0,canonical,995,Q2,,Mid-Market,0.189561
hosp_d9e74a4e969682b7,Jain hospital,jain hospital,Delhi NCR,Hospital,Ganga Vihar,,28.7003079,77.2808433,873da1b9affffff,,1.0,2.0,False,,0.0,0.0,,,,+911161262793,https://www.practo.com/delhi/hospital/jain-hospital-1-ganga-vihar?referrer=hospital_listing,,VN,practo,,1.0,canonical,996,Q2,,Mid-Market,0.189561
hosp_c8c0f8f9b2c211d7,"Medeor Hospital, Qutab , Delhi",medeor hospital qutab delhi,Delhi NCR,Hospital,Qutab Institutional Area,,28.53748,77.1810186,873da1021ffffff,,1.0,2.0,False,,0.0,0.0,,,,+911140787356,https://www.practo.com/delhi/hospital/medeor-hospital-qutab-delhi-qutab-institutional-area?referrer=hospital_listing,,VN,practo,,1.0,canonical,997,Q2,,Mid-Market,0.189561
hosp_dac404024f9b48aa,Dr. Dahiphale Multi Speciality Hospital,dr dahiphale multi speciality hospital,Delhi NCR,Hospital,Dwarka,,28.56398396336012,77.05536125158994,873da1100ffffff,,1.0,2.0,False,,1000.0,1000.0,,,,+911161263110,https://www.practo.com/delhi/hospital/dr-dahiphale-multi-speciality-hospital-dwarka?referrer=hospital_listing,https://images1-fabric.practo.com/practices/1257953/dr-dahiphale-multi-speciality-hospital-delhi-5cf64417dbd68.png,VN,practo,,1.0,canonical,998,Q2,,Mid-Market,0.189561
hosp_cd92c5bd837e8072,New Life Multi-Speciality Hospital,new life multi speciality hospital,Delhi NCR,Hospital,Palam Colony,,28.5916235,77.0896146,873da112affffff,,1.0,2.0,False,,0.0,0.0,,,,+911140787355,https://www.practo.com/delhi/hospital/new-life-multi-speciality-hospital-palam-colony-2?referrer=hospital_listing,,active,practo,,1.0,canonical,999,Q2,,Mid-Market,0.189561
hosp_89731ebbccfb0038,International Fertility Center,international fertility center,Delhi NCR,Hospital,Green Park,,28.5586,77.2028,873da1153ffffff,,1.0,2.0,False,,0.0,0.0,,,,+911140787358,https://www.practo.com/delhi/hospital/international-fertility-center-green-park?referrer=hospital_listing,,active,practo,,1.0,canonical,1000,Q2,,Mid-Market,0.189561
hosp_dc9f4f247f82043f,"Gunjan-A Boutique Hospital, Noida",gunjan boutique hospital noida,Delhi NCR,Hospital,Sector 31,,28.5763692,77.3464527,873da1063ffffff,,1.0,2.0,False,,0.0,0.0,,,,+911142213847,https://www.practo.com/noida/hospital/gunjan-a-boutique-hospital-noida-sector-31?referrer=hospital_listing,,VN,practo,,1.0,canonical,1001,Q2,,Mid-Market,0.189561
hosp_c621106de0dc6b08,Apex Multispeciality Hospital,apex multispeciality hospital,Delhi NCR,Hospital,Sector 117,,28.5732032,77.4000336,873da106affffff,,1.0,2.0,False,,0.0,0.0,,,,+911140848827,https://www.practo.com/noida/hospital/apex-multispeciality-hospital-1-sector-117?referrer=hospital_listing,,VN,practo,,1.0,canonical,1002,Q2,,Mid-Market,0.189561
hosp_6e457faf66e0eb3c,Anjali Mukerjee Health Total,anjali mukerjee health total,Delhi NCR,Hospital,Sector 18,,28.57028897325154,77.32578992843628,873da1062ffffff,,1.0,2.0,False,,500.0,500.0,,,,+918037309351,https://www.practo.com/noida/hospital/anjali-mukerjee-health-total-sector-18?referrer=hospital_listing,https://images1-fabric.practo.com/anjali-mukerjee-health-total-noida-1477576026-5812055a329e4.png,VN,practo,,1.0,canonical,1003,Q2,,Mid-Market,0.189561
hosp_461294d1657d85de,Sukhmani Hospital Gurugram,sukhmani hospital gurugram,Delhi NCR,Hospital,Gurgaon Sector 38,,28.434275,77.0483262,873da11aaffffff,,1.0,2.0,False,,0.0,0.0,,,,+911140848837,https://www.practo.com/gurgaon/hospital/sukhmani-hospital-gurugram-gurgaon-sector-38?referrer=hospital_listing,,VN,practo,,1.0,canonical,1004,Q2,,Mid-Market,0.189561
hosp_043db27fa7f108f1,Dayal Eye and Maternity Centre,dayal eye maternity centre,Delhi NCR,Hospital,Housing Board Colony,,28.4559083,77.0373804,873da11aeffffff,,1.0,2.0,False,,0.0,0.0,,,,+911142213465,https://www.practo.com/gurgaon/hospital/dayal-eye-and-maternity-centre-housing-board-colony?referrer=hospital_listing,,VN,practo,,1.0,canonical,1005,Q2,,Mid-Market,0.189561
hosp_3c8c44e2a405ba2d,AA Centre for Skin & Cosmetic Surgery,aa centre for skin cosmetic surgery,Delhi NCR,Hospital,DLF Phase I,,28.474679,77.1048978,873da1034ffffff,,1.0,2.0,False,,0.0,0.0,,,,+911161191399,https://www.practo.com/gurgaon/hospital/aa-centre-for-skin-cosmetic-surgery-dlf-phase-i?referrer=hospital_listing,,VN,practo,,1.0,canonical,1006,Q2,,Mid-Market,0.189561
hosp_1b8a46e36c38c661,Guru Nanak Medical Center,guru nanak medical center,Delhi NCR,Hospital,Gurgaon Sector 5,,28.4822632,77.0214727,873da1112ffffff,,1.0,2.0,False,,0.0,0.0,,,,+911140036480,https://www.practo.com/gurgaon/hospital/guru-nanak-medical-center-gurgaon-sector-5-1?referrer=hospital_listing,,VN,practo,,1.0,canonical,1007,Q2,,Mid-Market,0.189561
hosp_93edda9dd964e8eb,"V Kare Ent Centre, Gurgaon",v kare ent centre gurgaon,Delhi NCR,Hospital,Laxmi Garden,,28.4538704,77.0203949,873da11a3ffffff,,1.0,2.0,False,,0.0,0.0,,,,+911142213848,https://www.practo.com/gurgaon/hospital/v-kare-ent-centre-gurgaon-laxmi-garden?referrer=hospital_listing,,active,practo,,1.0,canonical,1008,Q2,,Mid-Market,0.189561
hosp_dd5d75c74ab584f5,Kalawati Hospital,kalawati hospital,Delhi NCR,Hospital,Manesar,,28.3457012,76.9381579,873da1cc8ffffff,,1.0,2.0,False,,0.0,0.0,,,,+911143079117,https://www.practo.com/gurgaon/hospital/kalawati-hospital-manesar?referrer=hospital_listing,,VN,practo,,1.0,canonical,1009,Q2,,Mid-Market,0.189561
hosp_610a64c4541edee7,Doc & Me Poly Clinic,doc me poly clinic,Delhi NCR,Hospital,Indirapuram,,28.634631616553,77.361477893688,873da1a90ffffff,,1.0,2.0,False,,800.0,800.0,,,,+911141193906,https://www.practo.com/ghaziabad/hospital/doc-me-indirapuram?referrer=hospital_listing,,VN,practo,,1.0,canonical,1010,Q2,,Mid-Market,0.189561
hosp_225174d931712cdf,Family health care hospital,family health care hospital,Delhi NCR,Hospital,Vasundhara,,,,,,1.0,2.0,False,,500.0,500.0,,,,+911140849637,https://www.practo.com/ghaziabad/hospital/family-health-care-hospital-vasundhara-1?referrer=hospital_listing,,VN,practo,,0.6,canonical,1011,Q2,,Mid-Market,0.189561
hosp_dc79422f6289a801,"Park Hospital, Sector 10, Faridabad",park hospital sector 10 faridabad,Delhi NCR,Hospital,N.T.P.C. Sector-10,,28.377459,77.3258565,873da10c6ffffff,,1.0,2.0,False,,0.0,0.0,,,,+911140848830,https://www.practo.com/faridabad/hospital/park-hospital-sector-10-faridabad-n-t-p-c-sector-10?referrer=hospital_listing,,VN,practo,,1.0,canonical,1012,Q2,,Mid-Market,0.189561
hosp_375f938088209521,ESI Hospital,esi hospital,Delhi NCR,Hospital,Sector 9,,28.3690952,77.3358613,873da10c2ffffff,,1.0,2.0,False,,0.0,0.0,,,,+911161262799,https://www.practo.com/faridabad/hospital/esi-hospital-7-sector-9?referrer=hospital_listing,,VN,practo,,1.0,canonical,1013,Q2,,Mid-Market,0.189561
hosp_705d3a99c74b9acc,Anuj Hospital,anuj hospital,Delhi NCR,Hospital,Sector-16,,28.4160078,77.3211071,873da10e3ffffff,,1.0,2.0,False,,0.0,0.0,,,,+911143060238,https://www.practo.com/faridabad/hospital/anuj-hospital-sector-16-1?referrer=hospital_listing,,VN,practo,,1.0,canonical,1014,Q2,,Mid-Market,0.189561
hosp_6d50472fbb8953b2,"Jagriti Hospital,faridabad",jagriti hospital faridabad,Delhi NCR,Hospital,Sector 37,,28.4800397,77.3107597,873da1056ffffff,,1.0,2.0,False,,500.0,500.0,,,,+911140848838,https://www.practo.com/faridabad/hospital/jagriti-hospital-faridabad-sector-37?referrer=hospital_listing,,VN,practo,,1.0,canonical,1015,Q2,,Mid-Market,0.189561
hosp_f8631ee4af053171,The Healing Touch Super Speciality Eye Care,healing touch super speciality eye care,Delhi NCR,Hospital,Janakpuri,,28.6175867,77.0805515,873da1128ffffff,,3.0,1.0,False,1.0,700.0,1000.0,,8.0,,+911141168288,https://www.practo.com/delhi/hospital/the-healing-touch-super-speciality-eye-care-janak-puri?referrer=hospital_listing,https://images1-fabric.practo.com/practices/1193213/the-healing-touch-eye-centre-delhi-5b14ad6f8bcf5.jpg,VN,practo,,1.0,canonical,1016,Q1,,Economy,0.189525
hosp_f75460b174bc4298,Clove Dental,clove dental,Delhi NCR,Hospital,Old Rajendra Nagar,,28.636938,77.183084,873da1171ffffff,,3.0,1.0,False,73.0,500.0,500.0,,8.0,,+911142246386,https://www.practo.com/delhi/hospital/clove-dental-old-rajendra-nagar?referrer=hospital_listing,https://images1-fabric.practo.com/clove-dental-delhi-1489740402-58cba272c6603.png,VN,practo,,1.0,canonical,1017,Q1,,Economy,0.189525
hosp_29ec96b16112ebe8,Cloudnine Fertility - IVF Centre,cloudnine fertility ivf centre,Delhi NCR,Hospital,Gaur City,,28.613188640955592,77.42649346590042,873da1a9affffff,,3.0,1.0,False,,1000.0,1100.0,,8.0,,+911140844811,https://www.practo.com/noida/hospital/cloudnine-fertility-ivf-centre-gaur-city-sector-4?referrer=hospital_listing,https://images1-fabric.practo.com/practices/2182794/cloudnine-fertility-ivf-centre-noida-69eca8713c82a.png,ABS,practo,,1.0,canonical,1018,Q1,,Economy,0.189525
hosp_10f40e7b18458c06,Cloudnine Fertility - IVF Centre,cloudnine fertility ivf centre,Delhi NCR,Hospital,Dwarka Sector 13,,28.598810390998388,77.03697611903247,873da1123ffffff,,3.0,1.0,False,,1000.0,1300.0,,2.0,,+911141193965,https://www.practo.com/delhi/hospital/cloudnine-fertility-ivf-centre-dwarka-sector-13?referrer=hospital_listing,https://images1-fabric.practo.com/practices/2183559/cloudnine-fertility-ivf-centre-delhi-69eca7e05252a.png,ABS,practo,,1.0,canonical,1019,Q1,,Economy,0.18922
hosp_019561456a4c4c76,Kalra  Hospitals,kalra hospitals,Delhi NCR,Hospital,Kirti Nagar,,28.655200330131805,77.1385492157043,873da18dbffffff,,52.0,28.0,True,,0.0,2000.0,3.0,98.0,,+918047284155,https://www.practo.com/delhi/hospital/kalra-hospitals-kirti-nagar?referrer=hospital_listing,https://images1-fabric.practo.com/kalra-hospital-delhi-1466148489-5763a6892a1b2.png,ABS,practo,,1.0,canonical,1020,Q1,,Economy,0.189167
hosp_f6253508b5b14a29,LHMC & Associated Hospitals,lhmc associated hospitals,Delhi NCR,Hospital,Connaught Place,,28.6340601,77.2129011,873da1144ffffff,,3.0,1.0,False,,0.0,0.0,,,,+911141194669,https://www.practo.com/delhi/hospital/lhmc-associated-hospitals-connaught-place?referrer=hospital_listing,,VN,practo,,1.0,canonical,1021,Q1,,Economy,0.189118
hosp_20753353e9a596f4,"Centre For Sight Eye Hospital, Gurugram, Gurgaon",centre for sight eye hospital gurugram gurgaon,Delhi NCR,Hospital,Gurgaon Sector 51,,28.463835,77.065397,873da11a8ffffff,,3.0,1.0,False,,1250.0,1250.0,,,,+911140849998,https://www.practo.com/gurgaon/hospital/centre-for-sight-eye-hospital-gurugram-gurgaon-gurgaon-sector-29?referrer=hospital_listing,,VN,practo,,1.0,canonical,1022,Q1,,Economy,0.189118
hosp_681e952af319ae49,Orthosquare Multispeciality Dental Clinic,orthosquare multispeciality dental clinic,Delhi NCR,Hospital,Gurgaon Sector 28,,28.4671411,76.9990025,873da11a5ffffff,,3.0,1.0,False,,400.0,400.0,,,,+911140849998,https://www.practo.com/gurgaon/hospital/orthosquare-multispeciality-dental-clinic-gurgaon-sector-28?referrer=hospital_listing,https://images1-fabric.practo.com/practices/2086102/orthosquare-multispeciality-dental-clinic-gurgaon-68b155fb73bc4.png,ABS,practo,,1.0,canonical,1023,Q1,,Economy,0.189118
hosp_45805af9009b07b2,"Sharp Sight Eye Hospital, Indirapuram, Ghaziabad",sharp sight eye hospital indirapuram ghaziabad,Delhi NCR,Hospital,Ahinsa Khand-1,,28.6362672,77.3607246,873da1a90ffffff,,3.0,1.0,False,,400.0,400.0,,,,+918037296355,https://www.practo.com/ghaziabad/hospital/sharp-sight-eye-hospital-indirapuram-ghaziabad-ahinsa-khand-1?referrer=hospital_listing,,VN,practo,,1.0,canonical,1024,Q1,,Economy,0.189118
hosp_194b5bab20bad291,Maharishi Ayurveda Wellness Clinic,maharishi ayurveda wellness clinic,Delhi NCR,Hospital,Rajouri Garden,,28.640221,77.122146,873da18daffffff,,2.0,1.0,False,2.0,300.0,1200.0,,9.0,,+918037296355,https://www.practo.com/delhi/hospital/maharishi-ayurveda-products-pvt-ltd-rajouri-garden?referrer=hospital_listing,https://images1-fabric.practo.com/practices/748665/maharishi-ayurveda-wellness-clinic-delhi-5f291dbdaad99.png,VN,practo,,1.0,canonical,1025,Q1,,Economy,0.188853
hosp_99938c33808d9ae0,Diet Clinic,diet clinic,Delhi NCR,Hospital,Sector 20,,28.58173,77.333585,873da1060ffffff,,2.0,1.0,False,,1000.0,1000.0,,9.0,,+911161266300,https://www.practo.com/noida/hospital/diet-clinic-noida-sector-20?referrer=hospital_listing,https://images1-fabric.practo.com/diet-clinic-noida-sector-20-noida-1456473485-56d0058dd9db5.jpg,VN,practo,,1.0,canonical,1026,Q1,,Economy,0.188853
hosp_21c5acaa07752a0f,Dr Batra's Positive Health Clinic Pvt Ltd,dr batra s positive health clinic,Delhi NCR,Hospital,DLF Phase II,,28.4790086,77.0807613,873da11a9ffffff,,2.0,1.0,False,1.0,499.0,499.0,,9.0,,+911161191400,https://www.practo.com/gurgaon/hospital/dr-batra-s-physiocare-dlf-phase-ii?referrer=hospital_listing,https://images1-fabric.practo.com/practices/722937/dr-batra-s-positive-health-clinic-pvt-ltd-gurgaon-640f0b46c3133.png,VN,practo,,1.0,canonical,1027,Q1,,Economy,0.188853
hosp_df59c18f333e855f,Diet Clinic,diet clinic,Delhi NCR,Hospital,Indirapuram,,28.6395213,77.3645037,873da1a90ffffff,,2.0,1.0,False,1.0,1000.0,1000.0,,9.0,,+911161262033,https://www.practo.com/ghaziabad/hospital/diet-clinic-indirapuram?referrer=hospital_listing,https://images1-fabric.practo.com/practices/1176311/diet-clinic-ghaziabad-5a68324c954e8.PNG,VN,practo,,1.0,canonical,1028,Q1,,Economy,0.188853
hosp_f9bed39952757371,Cloudnine Fertility - IVF Centre,cloudnine fertility ivf centre,Delhi NCR,Hospital,Punjabi Bagh,,28.66583460139629,77.12780129927009,873da18d8ffffff,,2.0,1.0,False,,1000.0,1000.0,,8.0,,+911141168571,https://www.practo.com/delhi/hospital/cloudnine-fertility-ivf-centre-punjabi-bagh-1-punjabi-bagh?referrer=hospital_listing,https://images1-fabric.practo.com/practices/2184115/cloudnine-fertility-ivf-centre-delhi-69eca85cac4a8.png,ABS,practo,,1.0,canonical,1029,Q1,,Economy,0.188803
hosp_83d825fc955c81b6,Clove Dental,clove dental,Delhi NCR,Hospital,Palam Vihar,,28.508906,77.031023,873da1110ffffff,,2.0,1.0,False,16.0,500.0,500.0,,8.0,,+911141194669,https://www.practo.com/gurgaon/hospital/clove-dental-palam-vihar?referrer=hospital_listing,https://images1-fabric.practo.com/clove-dental-gurgaon-1489041155-58c0f7033ba88.png,VN,practo,,1.0,canonical,1030,Q1,,Economy,0.188803
hosp_30b6b3985706f9aa,Clove Dental,clove dental,Delhi NCR,Hospital,IP Extension,,28.636046,77.299628,873da1148ffffff,,2.0,1.0,False,73.0,500.0,500.0,,6.0,,+914446276052,https://www.practo.com/delhi/hospital/clove-dental-ip-extension?referrer=hospital_listing,https://images1-fabric.practo.com/clove-dental-delhi-1489733018-58cb859a06f5c.png,VN,practo,,1.0,canonical,1031,Q1,,Economy,0.188701
hosp_84cca17733e56c43,Jain Hospital ,jain hospital,Delhi NCR,Hospital,Gurgaon Sector 14,,28.474483,77.047017,873da11acffffff,,4.0,3.0,True,,0.0,600.0,2.5,11.0,,+911140036757,https://www.practo.com/gurgaon/hospital/jain-hospital-gurgaon-sector-14?referrer=hospital_listing,https://images1-fabric.practo.com/practices/629102/jain-hospital-gurgaon-665081629d3c0.png,VN,practo,,1.0,canonical,1032,Q1,,Economy,0.188552
hosp_1e81f22ca738c9f6,Shri Jiyalal Hospital,shri jiyalal hospital,Delhi NCR,Hospital,Peeragarhi,,28.6805333,77.083975,873da18dcffffff,,2.0,1.0,False,,0.0,200.0,,2.0,,+911140036734,https://www.practo.com/delhi/hospital/shri-jiyalal-hospital-peeragarhi?referrer=hospital_listing,,VN,practo,,1.0,canonical,1033,Q1,,Economy,0.188498
hosp_0597b55b33d8eec9,Clove Dental,clove dental,Delhi NCR,Hospital,Ashok Vihar Phase 3,,28.692402,77.177628,873da1165ffffff,,2.0,1.0,False,73.0,500.0,500.0,,2.0,,+911141194669,https://www.practo.com/delhi/hospital/clove-dental-ashok-vihar-phase-3?referrer=hospital_listing,https://images1-fabric.practo.com/clove-dental-delhi-1489752874-58cbd32af05f2.png,VN,practo,,1.0,canonical,1034,Q1,,Economy,0.188498
hosp_abe7a17f74f7e916,Dr Batra's Positive Health Clinic Pvt Ltd,dr batra s positive health clinic,Delhi NCR,Hospital,Raj Nagar,,28.6547554,77.4326236,873da1a9dffffff,,2.0,1.0,False,1.0,499.0,499.0,,2.0,,+911141133614,https://www.practo.com/ghaziabad/hospital/dr-batra-s-positive-health-clinic-pvt-ltd-2-model-town?referrer=hospital_listing,https://images1-fabric.practo.com/practices/1238101/dr-batra-s-positive-health-clinic-pvt-ltd-ghaziabad-640c4e0028ac6.png,VN,practo,,1.0,canonical,1035,Q1,,Economy,0.188498
hosp_2f36f9bcf0b4817f,Eye-Q Super Speciality Eye Hospital,eye q super speciality eye hospital,Delhi NCR,Hospital,Vaishali,,28.634589,77.333094,873da1a96ffffff,,2.0,1.0,False,,0.0,600.0,,2.0,,+911140845976,https://www.practo.com/ghaziabad/hospital/eye-q-super-speciality-eye-hospital-3-vaishali?referrer=hospital_listing,https://images1-fabric.practo.com/practices/1288174/eye-q-super-speciality-eye-hospital-ghaziabad-5ead50aa8d88b.png,VN,practo,,1.0,canonical,1036,Q1,,Economy,0.188498
hosp_7da2d9ad9bbcbe9d,The Body Care,body care,Delhi NCR,Hospital,Preet Vihar,,28.640021,77.292638,873da1148ffffff,,2.0,1.0,False,,500.0,500.0,,,,+914440116020,https://www.practo.com/delhi/hospital/the-body-care-preet-vihar-preet-vihar?referrer=hospital_listing,https://images1-fabric.practo.com/practices/1186030/the-body-care-delhi-5add75b2ee17d.PNG,VN,practo,,1.0,canonical,1037,Q1,,Economy,0.188396
hosp_02fb577d344c0dd7,The Body Care,body care,Delhi NCR,Hospital,Pitampura,,28.697987,77.140469,873da18caffffff,,2.0,1.0,False,,0.0,500.0,,,,+914448134926,https://www.practo.com/delhi/hospital/the-body-care-pitampura-pitampura?referrer=hospital_listing,https://images1-fabric.practo.com/practices/1186174/the-body-care-delhi-5add755ac249f.PNG,VN,practo,,1.0,canonical,1038,Q1,,Economy,0.188396
hosp_3f8067f3679eeb49,"New Vision Eye Centre, Delhi",new vision eye centre delhi,Delhi NCR,Hospital,Paschim Vihar,,28.6763409,77.1041759,873da18dcffffff,,2.0,1.0,False,,0.0,0.0,,,,+911161262759,https://www.practo.com/delhi/hospital/new-vision-eye-centre-delhi-paschim-vihar?referrer=hospital_listing,,VN,practo,,1.0,canonical,1039,Q1,,Economy,0.188396
hosp_77f28810078e1b1d,Sharma clinic & maternity home,sharma clinic maternity home,Delhi NCR,Hospital,Laxmi Nagar,,28.6324969,77.280611,873da1148ffffff,,2.0,1.0,False,,0.0,0.0,,,,+912071177314,https://www.practo.com/delhi/hospital/sharma-clinic-maternity-home-laxmi-nagar?referrer=hospital_listing,,VN,practo,,1.0,canonical,1040,Q1,,Economy,0.188396
hosp_4c54770276c947e2,Life Line Hospital,life line hospital,Delhi NCR,Hospital,Wazirabad,,28.7295366,77.2203141,873da1b90ffffff,,2.0,1.0,False,,0.0,0.0,,,,+911141168735,https://www.practo.com/delhi/hospital/life-line-hospital-2-wazirabad?referrer=hospital_listing,,VN,practo,,1.0,canonical,1041,Q1,,Economy,0.188396
hosp_13efc0f3422ec59c,Swami Sarvanand Hospital,swami sarvanand hospital,Delhi NCR,Hospital,Shakurpur,,28.6851976,77.1426876,873da18d9ffffff,,2.0,1.0,False,,0.0,0.0,,,,+911140848838,https://www.practo.com/delhi/hospital/swami-sarvanand-hospital-shakurpur?referrer=hospital_listing,,VN,practo,,1.0,canonical,1042,Q1,,Economy,0.188396
hosp_922dbe5a136555d2,Cloudnine Fertility - IVF Centre,cloudnine fertility ivf centre,Delhi NCR,Hospital,Indirapuram,,28.652390565437976,77.36863227116486,873da1a95ffffff,,2.0,1.0,False,,1000.0,1000.0,,,,+911141168799,https://www.practo.com/ghaziabad/hospital/cloudnine-fertility-ivf-centre-indirapuram?referrer=hospital_listing,https://images1-fabric.practo.com/practices/2182777/cloudnine-fertility-ivf-centre-ghaziabad-69eca8ac25410.png,ABS,practo,,1.0,canonical,1043,Q1,,Economy,0.188396
hosp_387a7f2ef4caea94,DENTAL CARE CENTRE,dental care centre,Delhi NCR,Hospital,Sanjay Nagar,,28.6905339192,77.4521352221,873da1a88ffffff,,2.0,1.0,False,,0.0,0.0,,,,+911140787361,https://www.practo.com/ghaziabad/hospital/dental-care-centre-3-sanjay-nagar?referrer=hospital_listing,,VN,practo,,1.0,canonical,1044,Q1,,Economy,0.188396
hosp_6411b2857a2f4aaa,Clove Dental,clove dental,Delhi NCR,Hospital,Kaushambi,,28.644118,77.326115,873da1a94ffffff,,2.0,1.0,False,4.0,500.0,500.0,,,,+911141172109,https://www.practo.com/ghaziabad/hospital/clove-dental-kaushambi?referrer=hospital_listing,https://images1-fabric.practo.com/clove-dental-ghaziabad-1489728018-58cb72124b537.png,VN,practo,,1.0,canonical,1045,Q1,,Economy,0.188396
hosp_2ded01f094a89070,Clove Dental,clove dental,Delhi NCR,Hospital,Indirapuram,,28.634602,77.362849,873da1a90ffffff,,2.0,1.0,False,4.0,300.0,500.0,,,,+911141194669,https://www.practo.com/ghaziabad/hospital/clove-dental-indirapuram-1?referrer=hospital_listing,https://images1-fabric.practo.com/clove-dental-ghaziabad-1490089060-58d0f464e067f.png,VN,practo,,1.0,canonical,1046,Q1,,Economy,0.188396
hosp_4549a0a4a6d2f720,Clove Dental,clove dental,Delhi NCR,Hospital,Old Raj Nagar,,28.674892,77.442502,873da1a8effffff,,2.0,1.0,False,4.0,500.0,500.0,,,,+911141172109,https://www.practo.com/ghaziabad/hospital/clove-dental-old-raj-nagar-1?referrer=hospital_listing,https://images1-fabric.practo.com/clove-dental-ghaziabad-1490185596-58d26d7c86caf.png,VN,practo,,1.0,canonical,1047,Q1,,Economy,0.188396
hosp_759052a6b1ae0ca0,Mom's Belief Sunshine Therapy Centre,mom s belief sunshine therapy centre,Delhi NCR,Hospital,Indirapuram,,28.64481951272673,77.36534476773515,873da1a90ffffff,,2.0,1.0,False,1.0,700.0,700.0,,,,+911143078817,https://www.practo.com/ghaziabad/hospital/mom-s-belief-sunshine-therapy-centre-indirapuram?referrer=hospital_listing,,VN,practo,,1.0,canonical,1048,Q1,,Economy,0.188396
hosp_7a9b035599e322dd,Cloudnine Fertility - IVF,cloudnine fertility ivf,Delhi NCR,Hospital,New Industrial Township 1,,28.3831556,77.3036276,873da10f1ffffff,,2.0,1.0,False,,1000.0,1100.0,,,,+917969204270,https://www.practo.com/faridabad/hospital/cloudnine-fertility-ivf-new-industrial-township?referrer=hospital_listing,https://images1-fabric.practo.com/practices/2182776/cloudnine-fertility-ivf-faridabad-69eca76d488c4.png,ABS,practo,,1.0,canonical,1049,Q1,,Economy,0.188396
hosp_1553ea90fc22b945,Centre For Sight,centre for sight,Delhi NCR,Hospital,Palwal,,28.41,77.31,873da10e2ffffff,,2.0,1.0,False,,350.0,350.0,,,,,https://www.practo.com/faridabad/hospital/centre-for-sight-1-railway-colony?referrer=hospital_listing,,VN,practo,,1.0,canonical,1050,Q1,,Economy,0.188396
hosp_f471bef38aaccca1,Clove Dental,clove dental,Delhi NCR,Hospital,DLF Phase IV,,28.467483,77.081769,873da11a9ffffff,,1.0,1.0,False,16.0,500.0,500.0,,9.0,,+911141194669,https://www.practo.com/gurgaon/hospital/clove-dental-dlf-phase-iv?referrer=hospital_listing,https://images1-fabric.practo.com/clove-dental-gurgaon-1489729807-58cb790f1f22d.png,VN,practo,,1.0,canonical,1051,Q1,,Economy,0.188131
hosp_8dc014757cfea982,R. R. Medical Centre,r r medical centre,Delhi NCR,Hospital,Mayur Vihar Ph-II,,28.6191602,77.3006692,873da114bffffff,,1.0,1.0,False,,500.0,500.0,,8.0,,+918037298997,https://www.practo.com/delhi/hospital/r-r-medical-centre-mayur-vihar-ph-ii?referrer=hospital_listing,,VN,practo,,1.0,canonical,1052,Q1,,Economy,0.188081
hosp_0d557ed61e78f8d8,Itek Vision Centre (Dev Eye Centre) - Ghaziabad,itek vision centre dev eye centre ghaziabad,Delhi NCR,Hospital,Pratap Vihar,,28.6455047,77.4208129,873da1a98ffffff,,1.0,1.0,False,,200.0,200.0,,8.0,,+911141193964,https://www.practo.com/ghaziabad/hospital/itek-vision-centre-pratap-vihar?referrer=hospital_listing,https://images1-fabric.practo.com/practices/1279707/dev-eye-centre-ghaziabad-5e6263fa87426.png,VN,practo,,1.0,canonical,1053,Q1,,Economy,0.188081
hosp_fbaeb48d5693dc0f, Centre For Holistic Medicine Ayurvedic Hospital,centre for holistic medicine ayurvedic hospital,Delhi NCR,Hospital,"G Motors, Sector-11",,28.38042424019115,77.31814205602859,873da10c6ffffff,,1.0,1.0,False,,150.0,150.0,,8.0,,+912071173190,https://www.practo.com/faridabad/hospital/centre-for-holistic-medicine-ayurvedic-hospital-g-motors-sector-11?referrer=hospital_listing,,VN,practo,,1.0,canonical,1054,Q1,,Economy,0.188081
hosp_9dceca3decbb6d2e,Shyamlal Eye Hospital,shyamlal eye hospital,Delhi NCR,Hospital,Kamla Nagar,,,,,,1.0,1.0,False,,100.0,300.0,,7.0,,+911140036724,https://www.practo.com/delhi/hospital/shyamlal-eye-hospital-kamla-nagar?referrer=hospital_listing,,VN,practo,,0.6,canonical,1055,Q1,,Economy,0.18803
hosp_b12e6ac7f4df9e11,A2Z Eye Care Hospital,a2z eye care hospital,Delhi NCR,Hospital,Dwarka,,28.601176946100715,77.03158378513763,873da1123ffffff,,1.0,1.0,False,,600.0,600.0,,7.0,,+911140036709,https://www.practo.com/delhi/hospital/a2z-eye-care-hospital-dwarka?referrer=hospital_listing,https://images1-fabric.practo.com/a2z-eye-care-hospital-delhi-1457983485-56e70ffde51e8.jpg,VN,practo,,1.0,canonical,1056,Q1,,Economy,0.18803
hosp_b729ac867524f6c9,Kamaal Hospital & Maternity Centre,kamaal hospital maternity centre,Delhi NCR,Hospital,Badshahpur,,28.389646,77.050405,873da1183ffffff,,1.0,1.0,False,,500.0,500.0,,7.0,,+911140036753,https://www.practo.com/gurgaon/hospital/kamaal-hospital-maternity-centre-badshahpur?referrer=hospital_listing,,VN,practo,,1.0,canonical,1057,Q1,,Economy,0.18803
hosp_559fe9e8d5f0c2bc,Eleganza Complete Skin And Cosmetic Surgery Clinic,eleganza complete skin cosmetic surgery clinic,Delhi NCR,Hospital,DLF Phase I,,28.479936,77.086687,873da11a9ffffff,,1.0,1.0,False,,500.0,500.0,,7.0,,+911161262759,https://www.practo.com/gurgaon/hospital/eleganza-complete-skin-and-cosmetic-surgery-clinic-dlf-phase-i?referrer=hospital_listing,https://images1-fabric.practo.com/practices/1171879/eleganza-complete-skin-and-cosmetic-surgery-clinic-gurgaon-5a4345d348ea3.jpg,VN,practo,,1.0,canonical,1058,Q1,,Economy,0.18803
hosp_b01090a4031cc502,"Anamiiva, Dr. Tyagi Panchakarma and Ayurvedic Hospital",anamiiva dr tyagi panchakarma ayurvedic hospital,Delhi NCR,Hospital,East Of Kailash,,28.658354,77.231716,873da116effffff,,1.0,1.0,False,,350.0,350.0,,6.0,,+918037320709,https://www.practo.com/delhi/hospital/anamiiva-dr-tyagi-panchakarma-and-ayurvedic-hospital-east-of-kailash?referrer=hospital_listing,https://images1-fabric.practo.com/anamiiva-dr-tyagi-panchakarma-and-ayurvedic-hospital-delhi-1463634635-573d4acb87a9a.jpg,VN,practo,,1.0,canonical,1059,Q1,,Economy,0.187979
hosp_9dbf28ceda28458e,Dr. Suresh Garg Eye & Laser Hospital (est. 1984),dr suresh garg eye laser hospital est 1984,Delhi NCR,Hospital,Paschim Vihar,,28.669909,77.110619,873da18d8ffffff,,1.0,1.0,False,,600.0,600.0,,6.0,,+911140036732,https://www.practo.com/delhi/hospital/dr-suresh-garg-eye-laser-hospital-est-1984-paschim-vihar?referrer=hospital_listing,,VN,practo,,1.0,canonical,1060,Q1,,Economy,0.187979
hosp_42f55716bbe9723d,Dr Poonam Chawla Maternity Home,dr poonam chawla maternity home,Delhi NCR,Hospital,Vikas Puri,,28.635077,77.069595,873da112cffffff,,1.0,1.0,False,,300.0,300.0,,6.0,,+911140036744,https://www.practo.com/delhi/hospital/dr-poonam-chawla-maternity-home-vikas-puri?referrer=hospital_listing,,VN,practo,,1.0,canonical,1061,Q1,,Economy,0.187979
hosp_89078801b091c1df,Kalawati Saran Children's Hospital,kalawati saran children s hospital,Delhi NCR,Hospital,Connaught Place,,28.635308,77.22496,873da1145ffffff,,1.0,1.0,False,,0.0,0.0,,6.0,,+911140036706,https://www.practo.com/delhi/hospital/kalawati-saran-children-s-hospital-connaught-place?referrer=hospital_listing,,VN,practo,,1.0,canonical,1062,Q1,,Economy,0.187979
hosp_c355fca05e24de7d,Acharya Manish Ji Ayurveda Centre,acharya manish ji ayurveda centre,Delhi NCR,Hospital,Hauz Khas,,28.550454340663,77.204434553067,873da1153ffffff,,1.0,1.0,False,5.0,300.0,300.0,,5.0,,+914446312550,https://www.practo.com/delhi/hospital/acharya-manish-ji-ayurveda-centre-hauz-khas?referrer=hospital_listing,https://images1-fabric.practo.com/practices/1246181/acharya-manish-ji-ayurveda-centre-delhi-5f0c0fc09d470.jpg,VN,practo,,1.0,canonical,1063,Q1,,Economy,0.187928
hosp_5409f6fc3de7c9cd,Clove Dental,clove dental,Delhi NCR,Hospital,Sector 77,,28.57183,77.392756,873da106affffff,,1.0,1.0,False,7.0,500.0,500.0,,5.0,,+911141188192,https://www.practo.com/noida/hospital/clove-dental-sector-77?referrer=hospital_listing,https://images1-fabric.practo.com/clove-dental-noida-1489734645-58cb8bf53ca1c.png,VN,practo,,1.0,canonical,1064,Q1,,Economy,0.187928
hosp_43f6d7d13b87aaa9,Eleganza Complete Skin And Cosmetic Surgery Clinic,eleganza complete skin cosmetic surgery clinic,Delhi NCR,Hospital,Sector 18,,28.567823,77.322889,873da1062ffffff,,1.0,1.0,False,,500.0,500.0,,5.0,,+911161262759,https://www.practo.com/noida/hospital/eleganza-complete-skin-and-cosmetic-surgery-clinic-sector-18?referrer=hospital_listing,https://images1-fabric.practo.com/practices/1171878/eleganza-complete-skin-and-cosmetic-surgery-clinic-noida-5a4342252bd21.jpg,VN,practo,,1.0,canonical,1065,Q1,,Economy,0.187928
hosp_b3188c1c8c10003b,Orhto 1 Hospital,orhto 1 hospital,Delhi NCR,Hospital,Ballabgarh,,28.34531223685286,77.29578673839569,873da10d4ffffff,,1.0,1.0,False,,200.0,200.0,,5.0,,+917971171887,https://www.practo.com/faridabad/hospital/orhto-1-hospital-ballabgarh-1?referrer=hospital_listing,,VN,practo,,1.0,canonical,1066,Q1,,Economy,0.187928
hosp_891083fe78c81ff7,Batla Hospital,batla hospital,Delhi NCR,Hospital,Jamia Nagar,,28.55241693173,77.296577131707,873da1075ffffff,,1.0,1.0,False,,200.0,200.0,,4.0,,+911161262036,https://www.practo.com/delhi/hospital/batla-hospital-jamia-nagar?referrer=hospital_listing,,VN,practo,,1.0,canonical,1067,Q1,,Economy,0.187877
hosp_0a430bb5dc6b9a42,Sanjivini Maternity & Children Hospital,sanjivini maternity children hospital,Delhi NCR,Hospital,Uttam Nagar,,28.613939,77.209021,873da1146ffffff,,1.0,1.0,False,,300.0,300.0,,4.0,,+917971171887,https://www.practo.com/delhi/hospital/sanjivini-maternity-children-hospital-uttam-nagar?referrer=hospital_listing,,VN,practo,,1.0,canonical,1068,Q1,,Economy,0.187877
hosp_a504fefe83b654f6,Clove Dental,clove dental,Delhi NCR,Hospital,Dilshad Garden,,28.677931,77.322614,873da1ab0ffffff,,1.0,1.0,False,73.0,250.0,250.0,,4.0,,+911143060238,https://www.practo.com/delhi/hospital/clove-dental-dilshad-garden?referrer=hospital_listing,https://images1-fabric.practo.com/clove-dental-delhi-1489380670-58c6253e3a7c4.png,VN,practo,,1.0,canonical,1069,Q1,,Economy,0.187877
hosp_e5a8f411b3761a4f,Clove Dental,clove dental,Delhi NCR,Hospital,Inder Puri,,28.627816,77.145759,873da1170ffffff,,1.0,1.0,False,73.0,500.0,500.0,,4.0,,+911141194669,https://www.practo.com/delhi/hospital/clove-dental-inder-puri?referrer=hospital_listing,https://images1-fabric.practo.com/clove-dental-delhi-1489045196-58c106ccadd4e.png,VN,practo,,1.0,canonical,1070,Q1,,Economy,0.187877
hosp_1dfcfb19407e337f,Acharya Manish Ji Ayurveda Centre,acharya manish ji ayurveda centre,Delhi NCR,Hospital,Dabrivillage,,28.612457259684,77.088601833135,873da1128ffffff,,1.0,1.0,False,5.0,300.0,300.0,,4.0,,+914446314757,https://www.practo.com/delhi/hospital/acharya-manish-ji-ayurveda-centre-dabrivillage?referrer=hospital_listing,https://images1-fabric.practo.com/practices/1246184/acharya-manish-ji-ayurveda-centre-delhi-5f0c199065b0b.jpg,VN,practo,,1.0,canonical,1071,Q1,,Economy,0.187877
hosp_9be254c16c73fbc6,Clove Dental,clove dental,Delhi NCR,Hospital,Sector 73,,28.587325,77.392907,873da1068ffffff,,1.0,1.0,False,7.0,500.0,500.0,,4.0,,+911141194669,https://www.practo.com/noida/hospital/clove-dental-sector-73?referrer=hospital_listing,https://images1-fabric.practo.com/clove-dental-noida-1489046183-58c10aa7a8648.png,VN,practo,,1.0,canonical,1072,Q1,,Economy,0.187877
hosp_cd7dd4f47249a219,Diet and You,diet you,Delhi NCR,Hospital,Gurgaon Sector 4,,28.4741765,77.0101097,873da11a1ffffff,,1.0,1.0,False,,1500.0,1500.0,,4.0,,+918037311710,https://www.practo.com/gurgaon/hospital/diet-diabetes-centre-arjun-nagar?referrer=hospital_listing,https://images1-fabric.practo.com/diet-and-you-gurgaon-1456981856-56d7c7609acf6.jpg,VN,practo,,1.0,canonical,1073,Q1,,Economy,0.187877
hosp_a3c64be4f3a8240f,Sant Nirankari Charitable Hospital,sant nirankari charitable hospital,Delhi NCR,Hospital,Mukherjee Nagar,,28.715431338968,77.204795479774,873da1b90ffffff,,1.0,1.0,False,,30.0,30.0,,3.0,,+914461712706,https://www.practo.com/delhi/hospital/sant-nirankari-charitable-hospital-mukherjee-nagar?referrer=hospital_listing,,VN,practo,,1.0,canonical,1074,Q1,,Economy,0.187827
hosp_9a1cb518ae53a623,Clove Dental,clove dental,Delhi NCR,Hospital,Shivalik,,28.535594,77.208266,873da102cffffff,,1.0,1.0,False,73.0,500.0,500.0,,3.0,,+911161262759,https://www.practo.com/delhi/hospital/clove-dental-shivalik?referrer=hospital_listing,https://images1-fabric.practo.com/clove-dental-delhi-1489567395-58c8fea3e2c23.png,VN,practo,,1.0,canonical,1075,Q1,,Economy,0.187827
hosp_95e13215929205a6,Clove Dental,clove dental,Delhi NCR,Hospital,Green Park,,28.555666,77.201954,873da1153ffffff,,1.0,1.0,False,73.0,500.0,500.0,,3.0,,+911140036716,https://www.practo.com/delhi/hospital/clove-dental-green-park-1?referrer=hospital_listing,https://images1-fabric.practo.com/practices/671453/clove-dental-delhi-58edd714d302d.png,VN,practo,,1.0,canonical,1076,Q1,,Economy,0.187827
hosp_729e308527cafb69,Clove Dental,clove dental,Delhi NCR,Hospital,Hauz Khas,,28.547559,77.197055,873da1152ffffff,,1.0,1.0,False,73.0,500.0,500.0,,3.0,,+914461712656,https://www.practo.com/delhi/hospital/clove-dental-hauz-khas?referrer=hospital_listing,https://images1-fabric.practo.com/practices/1186134/clove-dental-delhi-5acc6947f0784.png,VN,practo,,1.0,canonical,1077,Q1,,Economy,0.187827
hosp_4785004da1a31ab5,JIVA Ayurveda,jiva ayurveda,Delhi NCR,Hospital,Kalkaji,,28.5373386,77.2576055,873da1029ffffff,,1.0,1.0,False,9.0,500.0,500.0,,3.0,,+917969204270,https://www.practo.com/delhi/hospital/jiva-ayurveda-kalkaji?referrer=hospital_listing,https://images1-fabric.practo.com/practices/1182998/jiva-ayurveda-delhi-605d77e6261b7.jpg,ABS,practo,,1.0,canonical,1078,Q1,,Economy,0.187827
hosp_26a66ef8dae659fa,Acharya Manish Ji Ayurveda Centre,acharya manish ji ayurveda centre,Delhi NCR,Hospital,Paschim Vihar,,28.678264124926,77.107924369864,873da18dcffffff,,1.0,1.0,False,5.0,300.0,300.0,,3.0,,+914446314530,https://www.practo.com/delhi/hospital/acharya-manish-ji-ayurveda-centre-paschim-vihar?referrer=hospital_listing,https://images1-fabric.practo.com/practices/1246581/acharya-manish-ji-ayurveda-centre-delhi-5f0d99c894c68.jpg,VN,practo,,1.0,canonical,1079,Q1,,Economy,0.187827
hosp_66a086f7a081dca5,Indira IVF - Fertility and IVF Center,indira ivf fertility ivf center,Delhi NCR,Hospital,Sector 18,,28.571806376611406,77.32344332239995,873da1060ffffff,,1.0,1.0,False,,1000.0,1000.0,,3.0,,+918037296909,https://www.practo.com/noida/hospital/indira-ivf-noida-sector-18?referrer=hospital_listing,https://images1-fabric.practo.com/practices/1322985/indira-ivf-noida-noida-6038889574550.jpeg,VN,practo,,1.0,canonical,1080,Q1,,Economy,0.187827
hosp_c730dc5ae90a3951,Dewan Memorial Eye Hospital ,dewan memorial eye hospital,Delhi NCR,Hospital,New Industrial Town,,28.3954841,77.3056863,873da10f1ffffff,,1.0,1.0,False,,400.0,400.0,,3.0,,+911140036751,https://www.practo.com/faridabad/hospital/dewan-memorial-eye-hospital-faridabad-nit?referrer=hospital_listing,https://images1-fabric.practo.com/555f30d37ee5896d6f2e7e1f705ab5e59c84a6dc009b2.jpg,VN,practo,,1.0,canonical,1081,Q1,,Economy,0.187827
hosp_aa32c12825458693,Clove Dental,clove dental,Delhi NCR,Hospital,Sector 37,,28.480041,77.31076,873da1056ffffff,,1.0,1.0,False,4.0,500.0,500.0,,3.0,,+914446271587,https://www.practo.com/faridabad/hospital/clove-dental-sector-37?referrer=hospital_listing,https://images1-fabric.practo.com/clove-dental-faridabad-1489385984-58c63a00dc96d.png,VN,practo,,1.0,canonical,1082,Q1,,Economy,0.187827
hosp_b875b9ee479ac835,Cloudnine Fertility - IVF Centre,cloudnine fertility ivf centre,Delhi NCR,Hospital,Vikas Puri,,28.64221263681238,77.08257252795924,873da112dffffff,,1.0,1.0,False,,1000.0,1000.0,,2.0,,+911141168495,https://www.practo.com/delhi/hospital/cloudnine-fertility-ivf-centre-vikaspuri-vikas-puri?referrer=hospital_listing,https://images1-fabric.practo.com/practices/2183561/cloudnine-fertility-ivf-centre-delhi-69eca807ba5b0.png,ABS,practo,,1.0,canonical,1083,Q1,,Economy,0.187776
hosp_571c06bf169712f1,Swasthya Hospital,swasthya hospital,Delhi NCR,Hospital,Krishna Nagar,,28.6606436,77.2800878,873da116bffffff,,1.0,1.0,False,,400.0,400.0,,2.0,,+914461712654,https://www.practo.com/delhi/hospital/swasthya-hospital-krishna-nagar?referrer=hospital_listing,https://images1-fabric.practo.com/practices/676592/swasthya-hospital-delhi-5af56520750f3.jpg,VN,practo,,1.0,canonical,1084,Q1,,Economy,0.187776
hosp_396a67cb5535b3b6,Mata Gujri Hospital,mata gujri hospital,Delhi NCR,Hospital,Greater Kailash Part 1,,28.55120335481594,77.23860740661621,873da102dffffff,,1.0,1.0,False,,60.0,60.0,,2.0,,+911140036714,https://www.practo.com/delhi/hospital/mata-gujri-hospital-1-greater-kailash-part-1?referrer=hospital_listing,,VN,practo,,1.0,canonical,1085,Q1,,Economy,0.187776
hosp_bc7193cb7f61da93,Pavan Nursing Home,pavan nursing home,Delhi NCR,Hospital,Laxmi Nagar,,28.6342815,77.283508,873da1148ffffff,,1.0,1.0,False,,200.0,200.0,,2.0,,+912071187887,https://www.practo.com/delhi/hospital/pavan-nursing-home?referrer=hospital_listing,,VN,practo,,1.0,canonical,1086,Q1,,Economy,0.187776
hosp_d902dc5d066a5d0a,Santhigiri Ayurveda & Siddha Hospital,santhigiri ayurveda siddha hospital,Delhi NCR,Hospital,Saket,,28.5296,77.2238,873da1028ffffff,,1.0,1.0,False,,100.0,100.0,,2.0,,+911140036740,https://www.practo.com/delhi/hospital/santhigiri-ayurveda-siddha-hospital-1-saket?referrer=hospital_listing,https://images1-fabric.practo.com/santhigiri-ayurveda-siddha-hospital-delhi-1463667268-573dca44d19ea.jpg,VN,practo,,1.0,canonical,1087,Q1,,Economy,0.187776
hosp_cddb0aab6f0b6bb3,Centre for Sight - Okhla,centre for sight okhla,Delhi NCR,Hospital,Okhla,,28.5587141,77.2957666,873da1075ffffff,,1.0,1.0,False,2.0,0.0,0.0,,2.0,,+911140036731,https://www.practo.com/delhi/hospital/center-for-sight-okhla?referrer=hospital_listing,https://images1-fabric.practo.com/practices/838165/centre-for-sight-okhla-delhi-58e3e516471e9.jpg,VN,practo,,1.0,canonical,1088,Q1,,Economy,0.187776
hosp_483d0094240b0c2a,Clove Dental,clove dental,Delhi NCR,Hospital,Sarita Vihar,,28.537567,77.2963,873da1070ffffff,,1.0,1.0,False,73.0,500.0,500.0,,2.0,,+911161263109,https://www.practo.com/delhi/hospital/clove-dental-sarita-vihar?referrer=hospital_listing,https://images1-fabric.practo.com/clove-dental-delhi-1489142003-58c280f324f44.png,VN,practo,,1.0,canonical,1089,Q1,,Economy,0.187776
hosp_bb0fecca6d4f3e1b,Clove Dental,clove dental,Delhi NCR,Hospital,Safdarjung Enclave,,28.566528,77.198983,873da1150ffffff,,1.0,1.0,False,73.0,500.0,500.0,,2.0,,+914461712671,https://www.practo.com/delhi/hospital/clove-dental-safdarjung-enclave?referrer=hospital_listing,https://images1-fabric.practo.com/practices/1186151/clove-dental-delhi-5acc857f22088.png,VN,practo,,1.0,canonical,1090,Q1,,Economy,0.187776
hosp_65adf865257da47c,Acharya Manish Ji Ayurveda Centre,acharya manish ji ayurveda centre,Delhi NCR,Hospital,Pitampura,,28.704762088959,77.148392504668,873da18caffffff,,1.0,1.0,False,5.0,300.0,300.0,,2.0,,+914446315128,https://www.practo.com/delhi/hospital/acharya-manish-ji-ayurveda-centre-pitampura?referrer=hospital_listing,https://images1-fabric.practo.com/practices/1246088/acharya-manish-ji-ayurveda-centre-delhi-5f099df33e125.jpg,VN,practo,,1.0,canonical,1091,Q1,,Economy,0.187776
hosp_acabe285cd27bab1,Clove Dental,clove dental,Delhi NCR,Hospital,Sector 51,,28.577602,77.361152,873da106effffff,,1.0,1.0,False,7.0,500.0,500.0,,2.0,,+911141194669,https://www.practo.com/noida/hospital/clove-dental-sector-51?referrer=hospital_listing,https://images1-fabric.practo.com/practices/1143725/clove-dental-noida-58edf68493a84.png,VN,practo,,1.0,canonical,1092,Q1,,Economy,0.187776
hosp_801fcd1ddc2c96b8,Clove Dental,clove dental,Delhi NCR,Hospital,Sector 62,,28.618503,77.370742,873da1a93ffffff,,1.0,1.0,False,7.0,500.0,500.0,,2.0,,+911141194669,https://www.practo.com/noida/hospital/clove-dental-sector-62?referrer=hospital_listing,https://images1-fabric.practo.com/clove-dental-noida-1488885596-58be975ca82a8.jpg,VN,practo,,1.0,canonical,1093,Q1,,Economy,0.187776
hosp_d08dee54d5304ffd,Glamyo Health,glamyo health,Delhi NCR,Hospital,Sector 17,,28.573917277398152,77.32214077118925,873da1060ffffff,,1.0,1.0,False,,500.0,500.0,,2.0,,+918037296912,https://www.practo.com/noida/hospital/glamyo-health-sector-17?referrer=hospital_listing,https://images1-fabric.practo.com/practices/1323565/glamyo-health-noida-60702b6e9d33a.png,VN,practo,,1.0,canonical,1094,Q1,,Economy,0.187776
hosp_1f79fc8b5cd09d95,Clove Dental,clove dental,Delhi NCR,Hospital,Gurgaon Sector 82A,,28.389141,76.969024,873da11b2ffffff,,1.0,1.0,False,16.0,500.0,500.0,,2.0,,+914446312693,https://www.practo.com/gurgaon/hospital/clove-dental-gurgaon-sector-82a?referrer=hospital_listing,https://images1-fabric.practo.com/clove-dental-gurgaon-1489145453-58c28e6d624a1.png,VN,practo,,1.0,canonical,1095,Q1,,Economy,0.187776
hosp_ed8ab501e8e20f0d,Vardhman Nursing Home,vardhman nursing home,Delhi NCR,Hospital,Sahibabad,,28.6917776,77.3392102,873da1ab1ffffff,,1.0,1.0,False,,250.0,250.0,,2.0,,+918037310980,https://www.practo.com/ghaziabad/hospital/vardhman-nursing-home?referrer=hospital_listing,,VN,practo,,1.0,canonical,1096,Q1,,Economy,0.187776
hosp_dfd254466692efe3,Clove Dental,clove dental,Delhi NCR,Hospital,Vaishali,,28.653439,77.349965,873da1a95ffffff,,1.0,1.0,False,4.0,500.0,500.0,,2.0,,+911141194669,https://www.practo.com/ghaziabad/hospital/clove-dental-vaishali?referrer=hospital_listing,https://images1-fabric.practo.com/clove-dental-ghaziabad-1489386506-58c63c0a72051.png,VN,practo,,1.0,canonical,1097,Q1,,Economy,0.187776
hosp_e58645349c3b6b95,Max Saket West,max saket west,Delhi NCR,Hospital,Saket,,28.527584781082,77.21432838589,873da102cffffff,,1.0,1.0,False,,1500.0,1500.0,,,,+911141193968,https://www.practo.com/delhi/hospital/max-saket-west-saket?referrer=hospital_listing,https://images1-fabric.practo.com/practices/1182352/max-saket-west-delhi-5ab242d323212.png,VN,practo,,1.0,canonical,1098,Q1,,Economy,0.187674
hosp_eac5b8b19c2a64e8,Shishu Sadan Multi-Speciality Children's Hospital,shishu sadan multi speciality children s hospital,Delhi NCR,Hospital,Janakpuri,,28.627165,77.072494,873da112cffffff,,1.0,1.0,False,,1000.0,1000.0,,,,+911140036707,https://www.practo.com/delhi/hospital/shishu-sadan-hospital-janak-puri?referrer=hospital_listing,,VN,practo,,1.0,canonical,1099,Q1,,Economy,0.187674
hosp_45c1dcee90546b79,Healing Touch Hospital - Sarvapriya Vihar,healing touch hospital sarvapriya vihar,Delhi NCR,Hospital,Hauz Khas,,,,,,1.0,1.0,False,,0.0,600.0,,,,+911140036716,https://www.practo.com/delhi/hospital/healing-touch-hospital-sarvapriya-vihar-sarvapriya-vihar?referrer=hospital_listing,,VN,practo,,0.6,canonical,1100,Q1,,Economy,0.187674
hosp_e955a9e107442aa7,Shiva Krishna Hospital,shiva krishna hospital,Delhi NCR,Hospital,Sahibabad,,28.6864735,77.3700063,873da1a86ffffff,,1.0,1.0,False,,250.0,250.0,,,,+912071177324,https://www.practo.com/delhi/hospital/shiva-krishna-hospital-mohan-nagar?referrer=hospital_listing,,VN,practo,,1.0,canonical,1101,Q1,,Economy,0.187674
hosp_f94ce9c41a94363e,Paul Nursing Home & Child Care Center,paul nursing home child care center,Delhi NCR,Hospital,Hari Nagar,,28.6297948,77.120865,873da1174ffffff,,1.0,1.0,False,,400.0,400.0,,,,+911140036716,https://www.practo.com/delhi/hospital/paul-nursing-home-child-care-centre-hari-nagar?referrer=hospital_listing,,VN,practo,,1.0,canonical,1102,Q1,,Economy,0.187674
hosp_a559ecce55707e4f,Guru Nanak Charitable Hospital,guru nanak charitable hospital,Delhi NCR,Hospital,Inder Puri,,28.695348,77.139213,873da18caffffff,,1.0,1.0,False,,300.0,300.0,,,,+912071188518,https://www.practo.com/delhi/hospital/guru-nanak-charitable-hospital?referrer=hospital_listing,,VN,practo,,1.0,canonical,1103,Q1,,Economy,0.187674
hosp_55572177974a62eb,New Balaji Hospital,new balaji hospital,Delhi NCR,Hospital,Chhawla,,28.562579519294,77.001282793171,873da1131ffffff,,1.0,1.0,False,,1000.0,1000.0,,,,+911141133786,https://www.practo.com/delhi/hospital/new-balaji-hospital-1-chhawla-1?referrer=hospital_listing,https://images1-fabric.practo.com/practices/2083746/new-balaji-hospital-delhi-68a55d6e5b7c3.jpg,active,practo,,1.0,canonical,1104,Q1,,Economy,0.187674
hosp_5700137d29c5f7f7,K.R. Gangwal Memorial Hospital,k r gangwal memorial hospital,Delhi NCR,Hospital,Narela,,28.857532488011053,77.10708495229483,873da1843ffffff,,1.0,1.0,False,,300.0,300.0,,,,+914440114419,https://www.practo.com/delhi/hospital/k-r-gangwal-memorial-hospital-narela?referrer=hospital_listing,,VN,practo,,1.0,canonical,1105,Q1,,Economy,0.187674
hosp_cbd4eab6c624f74a,Healers at Home - Laxmi Nagar,healers home laxmi nagar,Delhi NCR,Hospital,Laxmi Nagar,,28.634200082678152,77.27576561250316,873da114cffffff,,1.0,1.0,False,1.0,500.0,500.0,,,,+912071187803,https://www.practo.com/delhi/hospital/healers-at-home-laxmi-nagar-laxmi-nagar?referrer=hospital_listing,https://images1-fabric.practo.com/healers-at-home-laxmi-nagar-delhi-1455687372-56c406ccdef6a.jpg,VN,practo,,1.0,canonical,1106,Q1,,Economy,0.187674
hosp_0c12be28e82a06d3,Anand Hospital and Chiddha Singh Yadav Trauma Centre,anand hospital chiddha singh yadav trauma centre,Delhi NCR,Hospital,Lal Kuan,,28.628947052226,77.471736967564,873da1326ffffff,,1.0,1.0,False,,350.0,350.0,,,,+911141168282,https://www.practo.com/delhi/hospital/anand-hospital-and-chiddha-singh-yadav-trauma-centre-lal-kuan?referrer=hospital_listing,,VN,practo,,1.0,canonical,1107,Q1,,Economy,0.187674
hosp_86fe8eafc9814b12,Healers at Home - Okhla,healers home okhla,Delhi NCR,Hospital,Okhla,,28.562932507163307,77.28762522296165,873da115bffffff,,1.0,1.0,False,1.0,500.0,500.0,,,,+912048552978,https://www.practo.com/delhi/hospital/healers-at-home-okhla?referrer=hospital_listing,https://images1-fabric.practo.com/healers-at-home-okhla-delhi-1455687498-56c4074a30bc0.jpg,VN,practo,,1.0,canonical,1108,Q1,,Economy,0.187674
hosp_2fac1880a16a94a2,Sanjay Global Hospital,sanjay global hospital,Delhi NCR,Hospital,Jahangirpuri,,28.731318,77.167451,873da18c9ffffff,,1.0,1.0,False,,0.0,0.0,,,,+918037311397,https://www.practo.com/delhi/hospital/sanjay-global-hospital-jahangirpuri?referrer=hospital_listing,,VN,practo,,1.0,canonical,1109,Q1,,Economy,0.187674
hosp_9b3a8f6431bbee34,Bhivadi Charm Rog Hospital,bhivadi charm rog hospital,Delhi NCR,Hospital,Sat Nagar,,28.6468866,77.1877444,873da1162ffffff,,1.0,1.0,False,,0.0,0.0,,,,+911141193964,https://www.practo.com/delhi/hospital/bhivadi-charm-rog-hospital-sat-nagar?referrer=hospital_listing,,VN,practo,,1.0,canonical,1110,Q1,,Economy,0.187674
hosp_092554901a31cfde,DaVita at Primus Super Speciality Hospital,davita primus super speciality hospital,Delhi NCR,Hospital,Chanakyapuri,,28.5930524,77.1814837,873da1155ffffff,,1.0,1.0,False,,0.0,0.0,,,,+911142213882,https://www.practo.com/delhi/hospital/davita-at-primus-super-speciality-hospital-chanakyapuri?referrer=hospital_listing,,VN,practo,,1.0,canonical,1111,Q1,,Economy,0.187674
hosp_890dbfc8c466235d,Arnish Multispeciality Hospital,arnish multispeciality hospital,Delhi NCR,Hospital,Rohini,,28.7341202,77.1391479,873da18cdffffff,,1.0,1.0,False,,1000.0,1000.0,,,,+911141193965,https://www.practo.com/delhi/hospital/arnish-multispeciality-hospital-rohini?referrer=hospital_listing,,VN,practo,,1.0,canonical,1112,Q1,,Economy,0.187674
hosp_394f5160d7c07f6f,O.P Memorial Hospital,o p memorial hospital,Delhi NCR,Hospital,Rohini,,28.699213,77.096331,873da18c3ffffff,,1.0,1.0,False,,200.0,200.0,,,,+912071177326,https://www.practo.com/delhi/hospital/o-p-memorial-hospital-rohini?referrer=hospital_listing,,VN,practo,,1.0,canonical,1113,Q1,,Economy,0.187674
hosp_ece319572eddf30a,Fortiz Hospital,fortiz hospital,Delhi NCR,Hospital,Karawal Nagar,,28.7361513,77.2933605,873da1b98ffffff,,1.0,1.0,False,,0.0,0.0,,,,+911142213880,https://www.practo.com/delhi/hospital/fortiz-hospital-karawal-nagar?referrer=hospital_listing,,VN,practo,,1.0,canonical,1114,Q1,,Economy,0.187674
hosp_7342d5a15827bd98,"Rlkc Hospital And Metro Heart Institute, Naraina Road, Delhi",rlkc hospital metro heart institute naraina road delhi,Delhi NCR,Hospital,Shadipur,,28.6511322,77.1547144,873da1175ffffff,,1.0,1.0,False,,0.0,0.0,,,,+911161191421,https://www.practo.com/delhi/hospital/rlkc-hospital-and-metro-heart-institute-naraina-road-delhi-shadipur?referrer=hospital_listing,,VN,practo,,1.0,canonical,1115,Q1,,Economy,0.187674
hosp_16adbfcedc45f480,"Jain Hospital, Delhi",jain hospital delhi,Delhi NCR,Hospital,Surya Niketan,,28.6532825,77.3087411,873da1ab2ffffff,,1.0,1.0,False,,0.0,0.0,,,,+911141168530,https://www.practo.com/delhi/hospital/jain-hospital-delhi-surya-niketan?referrer=hospital_listing,,VN,practo,,1.0,canonical,1116,Q1,,Economy,0.187674
hosp_114349594d3c1d78,Skin Care Center,skin care center,Delhi NCR,Hospital,Narela,,28.8510675,77.0849152,873da1842ffffff,,1.0,1.0,False,,0.0,0.0,,,,+911161266255,https://www.practo.com/delhi/hospital/skin-care-center-1-narela?referrer=hospital_listing,,VN,practo,,1.0,canonical,1117,Q1,,Economy,0.187674
hosp_f66991786a3f393c,"New Rohini Hospital, Delhi",new rohini hospital delhi,Delhi NCR,Hospital,Rohini Sector 1,,28.6995098,77.0963407,873da18c3ffffff,,1.0,1.0,False,,300.0,300.0,,,,+911161191358,https://www.practo.com/delhi/hospital/new-rohini-hospital-delhi-rohini-sector-1?referrer=hospital_listing,,VN,practo,,1.0,canonical,1118,Q1,,Economy,0.187674
hosp_21752288c12f0279,"Cm Patel Hospital, Delhi",cm patel hospital delhi,Delhi NCR,Hospital,Durga Puri,,28.689412,77.28912,873da1ab4ffffff,,1.0,1.0,False,,0.0,0.0,,,,+911140849367,https://www.practo.com/delhi/hospital/cm-patel-hospital-delhi-durga-puri?referrer=hospital_listing,,VN,practo,,1.0,canonical,1119,Q1,,Economy,0.187674
hosp_78bf64bc980db882,Daivik Hospital,daivik hospital,Delhi NCR,Hospital,Najafgarh,,28.6052606,76.9872984,873da1126ffffff,,1.0,1.0,False,,0.0,0.0,,,,+911143078257,https://www.practo.com/delhi/hospital/daivik-hospital-najafgarh?referrer=hospital_listing,,VN,practo,,1.0,canonical,1120,Q1,,Economy,0.187674
hosp_830ea953ecbc6d73,Anand Maya Multi-Speciality Hospital,anand maya multi speciality hospital,Delhi NCR,Hospital,Jahangir Puri D Block,,28.7299738,77.1600342,873da18c9ffffff,,1.0,1.0,False,,0.0,0.0,,,,+911140787361,https://www.practo.com/delhi/hospital/anand-maya-multi-speciality-hospital-jahangir-puri-d-block?referrer=hospital_listing,,VN,practo,,1.0,canonical,1121,Q1,,Economy,0.187674
hosp_5080e0da75d5b7d7,"Eye Mantra Hospital, Rohini, Delhi",eye mantra hospital rohini delhi,Delhi NCR,Hospital,Rohini Sector 14,,28.71102,77.1327796,873da18ceffffff,,1.0,1.0,False,,0.0,0.0,,,,+911161262798,https://www.practo.com/delhi/hospital/eye-mantra-hospital-rohini-delhi-rohini-sector-14?referrer=hospital_listing,,VN,practo,,1.0,canonical,1122,Q1,,Economy,0.187674
hosp_7f0543032727ca47,Gupta Multispeciality Hospital,gupta multispeciality hospital,Delhi NCR,Hospital,Bawana,,28.799554,77.035458,873da1856ffffff,,1.0,1.0,False,,300.0,300.0,,,,+911141193969,https://www.practo.com/delhi/hospital/gupta-multispeciality-hospital-bawana?referrer=hospital_listing,,VN,practo,,1.0,canonical,1123,Q1,,Economy,0.187674
hosp_7653b634d8eb9fc5,Shri Vardhman Jain Hospital,shri vardhman jain hospital,Delhi NCR,Hospital,Rohini,,28.7323292009479,77.13179111480713,873da18ccffffff,,1.0,1.0,False,,0.0,0.0,,,,+917971262940,https://www.practo.com/delhi/hospital/sr-dental-implant-centre-rohini?referrer=hospital_listing,https://images1-fabric.practo.com/practices/792557/shri-vardhman-jain-hospital-sr-dental-implant-centre-delhi-58e381a5648fb.png,VN,practo,,1.0,canonical,1124,Q1,,Economy,0.187674
hosp_15764d40aa6b57d6,"Vimhans Nayati Super Speciality Hospital, Delhi",vimhans nayati super speciality hospital delhi,Delhi NCR,Hospital,Chanakyapuri,,28.592886,77.181267,873da1155ffffff,,1.0,1.0,False,,0.0,0.0,,,,+918037296911,https://www.practo.com/delhi/hospital/vimhans-nayati-super-speciality-hospital-delhi-chanakyapuri?referrer=hospital_listing,,active,practo,,1.0,canonical,1125,Q1,,Economy,0.187674
hosp_ecd21ac41643d12b,"Jaipur Golden Hospital, Delhi",jaipur golden hospital delhi,Delhi NCR,Hospital,Pushpanjali Enclave,,28.697727,77.1093369,873da18c3ffffff,,1.0,1.0,False,,0.0,0.0,,,,+911143060238,https://www.practo.com/delhi/hospital/jaipur-golden-hospital-delhi-pushpanjali-enclave?referrer=hospital_listing,,VN,practo,,1.0,canonical,1126,Q1,,Economy,0.187674
hosp_9b79594bf00918b8,Balak Ram Hospital,balak ram hospital,Delhi NCR,Hospital,Saiyad ul Ajaib,,28.5115251,77.2025558,873da102effffff,,1.0,1.0,False,,0.0,0.0,,,,+911140849612,https://www.practo.com/delhi/hospital/balak-ram-hospital-saiyad-ul-ajaib?referrer=hospital_listing,,VN,practo,,1.0,canonical,1127,Q1,,Economy,0.187674
hosp_6d13cab0282d99e3,Shankar Hospital,shankar hospital,Delhi NCR,Hospital,Janakpuri,,28.6217426,77.0882695,873da1128ffffff,,1.0,1.0,False,,0.0,0.0,,,,+911161266235,https://www.practo.com/delhi/hospital/shankar-hospital-2-janakpuri?referrer=hospital_listing,,VN,practo,,1.0,canonical,1128,Q1,,Economy,0.187674
hosp_ed6a406753e7a3fa,Balaji Hospital,balaji hospital,Delhi NCR,Hospital,Mehrauli,,28.5200812,77.1740812,873da1020ffffff,,1.0,1.0,False,,0.0,0.0,,,,+911161262033,https://www.practo.com/delhi/hospital/balaji-hospital-1-mehrauli?referrer=hospital_listing,,VN,practo,,1.0,canonical,1129,Q1,,Economy,0.187674
hosp_0a64586baa3fc4ae,Kidney Hospital & Stone Centre,kidney hospital stone centre,Delhi NCR,Hospital,Dabrivillage,,28.6061535,77.0813955,873da1128ffffff,,1.0,1.0,False,,0.0,0.0,,,,+918047111096,https://www.practo.com/delhi/hospital/kidney-hospital-stone-centre-dabrivillage?referrer=hospital_listing,,VN,practo,,1.0,canonical,1130,Q1,,Economy,0.187674
hosp_ea28eb0d8a9b2e61,Chikitsa Hospital,chikitsa hospital,Delhi NCR,Hospital,Mahipalpur,,28.5378172,77.1390435,873da1024ffffff,,1.0,1.0,False,,0.0,0.0,,,,+911161264524,https://www.practo.com/delhi/hospital/chikitsa-hospital-1-mahipalpur?referrer=hospital_listing,,VN,practo,,1.0,canonical,1131,Q1,,Economy,0.187674
hosp_e80f28ac8c5da590,"Adarsh Hospital, Delhi",adarsh hospital delhi,Delhi NCR,Hospital,Sheikh Sarai,,28.5351882,77.222364,873da102cffffff,,1.0,1.0,False,,0.0,0.0,,,,+911161264525,https://www.practo.com/delhi/hospital/adarsh-hospital-delhi-sheikh-sarai?referrer=hospital_listing,,VN,practo,,1.0,canonical,1132,Q1,,Economy,0.187674
hosp_e8e41e2b457f427a,Khetarpal Hospital,khetarpal hospital,Delhi NCR,Hospital,Baprola,,28.6412122,77.0127304,873da1125ffffff,,1.0,1.0,False,,0.0,0.0,,,,+911140848834,https://www.practo.com/delhi/hospital/khetarpal-hospital-baprola?referrer=hospital_listing,,VN,practo,,1.0,canonical,1133,Q1,,Economy,0.187674
hosp_eeefb63ee90f47ab,Advance Fertility and Gynaecology Centre,advance fertility gynaecology centre,Delhi NCR,Hospital,Lajpat Nagar III,,28.5651,77.2348,873da115effffff,,1.0,1.0,False,,0.0,0.0,,,,,https://www.practo.com/delhi/hospital/advance-fertility-and-gynaecology-centre-lajpat-nagar-iii?referrer=hospital_listing,,active,practo,,1.0,canonical,1134,Q1,,Economy,0.187674
hosp_fa697631b13806e5,Agarwal Hospital,agarwal hospital,Delhi NCR,Hospital,Lajpat Rai Market,,28.6610779,77.2345881,873da116effffff,,1.0,1.0,False,,0.0,0.0,,,,+918037296914,https://www.practo.com/delhi/hospital/agarwal-hospital-11-lajpat-rai-market?referrer=hospital_listing,,VN,practo,,1.0,canonical,1135,Q1,,Economy,0.187674
hosp_977bfab7e0e06370,B.M. Gupta Hospital Pvt. Ltd.,b m gupta hospital,Delhi NCR,Hospital,Uttam Nagar,,28.620834,77.0609549,873da112cffffff,,1.0,1.0,False,,0.0,0.0,,,,+918047111096,https://www.practo.com/delhi/hospital/b-m-gupta-hospital-pvt-ltd-uttam-nagar?referrer=hospital_listing,,VN,practo,,1.0,canonical,1136,Q1,,Economy,0.187674
hosp_92d2d9479d1d30e1,YASHO CLINIC,yasho clinic,Delhi NCR,Hospital,Yamuna Vihar,,28.701168874832,77.272295556977,873da1b9affffff,,1.0,1.0,False,,300.0,300.0,,,,+914446312550,https://www.practo.com/delhi/hospital/eagle-eye-hospital-yamuna-vihar?referrer=hospital_listing,https://images1-fabric.practo.com/practices/1178643/eagle-eye-hospital-delhi-5a7fd9edef02c.JPG,VN,practo,,1.0,canonical,1137,Q1,,Economy,0.187674
hosp_4c071191a975bd87,Satyam Medical Centre,satyam medical centre,Delhi NCR,Hospital,Katwaria Sarai,,28.5411065756,77.1865874863,873da1152ffffff,,1.0,1.0,False,,0.0,0.0,,,,+911140849518,https://www.practo.com/delhi/hospital/satyam-medical-centre-2-katwaria-sarai?referrer=hospital_listing,,VN,practo,,1.0,canonical,1138,Q1,,Economy,0.187674
hosp_dafa1b56168e9dee,Pheonix Hospital,pheonix hospital,Delhi NCR,Hospital,Greater Kailash Part 1,,28.550124,77.244243,873da102dffffff,,1.0,1.0,False,,500.0,500.0,,,,+918037311397,https://www.practo.com/delhi/hospital/pheonix-hospital-greater-kailash-part-1?referrer=hospital_listing,,VN,practo,,1.0,canonical,1139,Q1,,Economy,0.187674
hosp_ee59536fd8c03e0c,Dr Shroffs Charity Eye Hospital,dr shroffs charity eye hospital,Delhi NCR,Hospital,Subhash Nagar,,29.8843363,77.5026477,873d12a32ffffff,,1.0,1.0,False,,0.0,0.0,,,,+911140844822,https://www.practo.com/delhi/hospital/dr-shroffs-charity-eye-hospital-subhash-nagar?referrer=hospital_listing,,VN,practo,,1.0,canonical,1140,Q1,,Economy,0.187674
hosp_705dfdce571dd3cb,Maya Homeopathic Clinic,maya homeopathic clinic,Delhi NCR,Hospital,Delhi Cantt,,28.5985349,77.124867,873da110dffffff,,1.0,1.0,False,,500.0,500.0,,,,+912048556725,https://www.practo.com/delhi/hospital/delhi-cantonment-general-hospital-delhi-cantt?referrer=hospital_listing,,VN,practo,,1.0,canonical,1141,Q1,,Economy,0.187674
hosp_840e04d8ebe7db5d,SHASHIKANTA EYE AND LASER CENTRE,shashikanta eye laser centre,Delhi NCR,Hospital,Babarpur,,28.6894585,77.285111,873da1169ffffff,,1.0,1.0,False,,0.0,0.0,,,,+911143078148,https://www.practo.com/delhi/hospital/shashikanta-eye-and-laser-centre-babarpur?referrer=hospital_listing,,active,practo,,1.0,canonical,1142,Q1,,Economy,0.187674
hosp_1377d26b8a071a7c,KOSMOS SUPERSPECIALITY HOSPITAL,kosmos superspeciality hospital,Delhi NCR,Hospital,New Rajdhani Enclave,,28.6419986286,77.2920904407,873da114dffffff,,1.0,1.0,False,,0.0,0.0,,,,+911143060238,https://www.practo.com/delhi/hospital/kosmos-superspeciality-hospital-1-new-rajdhani-enclave?referrer=hospital_listing,,active,practo,,1.0,canonical,1143,Q1,,Economy,0.187674
hosp_a4f2003cd004cd2d,sushila hospital,sushila hospital,Delhi NCR,Hospital,Narela,,28.859707,77.084158,873da1846ffffff,,1.0,1.0,False,,0.0,0.0,,,,+911141193997,https://www.practo.com/delhi/hospital/sushila-hospital-1-narela?referrer=hospital_listing,,active,practo,,1.0,canonical,1144,Q1,,Economy,0.187674
hosp_f79a1f9e49184e7c,Nulife hospital,nulife hospital,Delhi NCR,Hospital,Central Secretariat,,28.6139391,77.2090212,873da1146ffffff,,1.0,1.0,False,,0.0,0.0,,,,+918037296908,https://www.practo.com/delhi/hospital/nulife-hospital-1-central-secretariat?referrer=hospital_listing,,active,practo,,1.0,canonical,1145,Q1,,Economy,0.187674
hosp_3f119be64d660d61,city hospital,city hospital,Delhi NCR,Hospital,C R R I,,28.549291,77.2678137,873da115affffff,,1.0,1.0,False,,1500.0,1500.0,,,,+911140036711,https://www.practo.com/delhi/hospital/city-hospital-8-c-r-r-i?referrer=hospital_listing,,active,practo,,1.0,canonical,1146,Q1,,Economy,0.187674
hosp_2f9198b57c14e49d,Sharp Sight Centre,sharp sight centre,Delhi NCR,Hospital,Bharti Artist Colony,,28.639309,77.291447,873da1148ffffff,,1.0,1.0,False,,0.0,0.0,,,,+911140849486,https://www.practo.com/delhi/hospital/sharp-sight-centre-1-bharti-artist-colony?referrer=hospital_listing,,active,practo,,1.0,canonical,1147,Q1,,Economy,0.187674
hosp_556c36fd18085182,i Care Centre,i care centre,Delhi NCR,Hospital,Hauz Khas Enclave,,28.5457096167,77.2005473721,873da1152ffffff,,1.0,1.0,False,,0.0,0.0,,,,+911140844820,https://www.practo.com/delhi/hospital/i-care-centre-1-hauz-khas-enclave?referrer=hospital_listing,,active,practo,,1.0,canonical,1148,Q1,,Economy,0.187674
hosp_3b46e8e7ad9b4266,Balaji Multispeciality Dental Centre,balaji multispeciality dental centre,Delhi NCR,Hospital,Paschim Vihar,,28.6680632734,77.1065179207,873da18d8ffffff,,1.0,1.0,False,,0.0,0.0,,,,+911140848837,https://www.practo.com/delhi/hospital/balaji-multispeciality-dental-centre-paschim-vihar-2?referrer=hospital_listing,,active,practo,,1.0,canonical,1149,Q1,,Economy,0.187674
hosp_8bdf3065ebbb1a8c,Bliniq Cosmetic Surgery Centre,bliniq cosmetic surgery centre,Delhi NCR,Hospital,Deoli,,28.4983,77.22132,873da102affffff,,1.0,1.0,False,,0.0,0.0,,,,+911140849602,https://www.practo.com/delhi/hospital/bliniq-cosmetic-surgery-centre-deoli?referrer=hospital_listing,,active,practo,,1.0,canonical,1150,Q1,,Economy,0.187674
hosp_48efea2849326f8c,Akash hospital,akash hospital,Delhi NCR,Hospital,Uttam Nagar,,28.6215892,77.0551158,873da112cffffff,,1.0,1.0,False,,0.0,0.0,,,,+911161262033,https://www.practo.com/delhi/hospital/akash-hospital-1-uttam-nagar?referrer=hospital_listing,,active,practo,,1.0,canonical,1151,Q1,,Economy,0.187674
hosp_e9cd7bfcc34641a1,Ashoka Hospital,ashoka hospital,Delhi NCR,Hospital,Delhi,,12.99495,77.534817,876014586ffffff,,1.0,1.0,False,,250.0,250.0,,,,+918037311710,https://www.practo.com/delhi/hospital/ashoka-hospital-basaveshwaranagar?referrer=hospital_listing,,VN,practo,,1.0,canonical,1152,Q1,,Economy,0.187674
hosp_0a93675fd8666dd6,All In One Siddha Hospital,all one siddha hospital,Delhi NCR,Hospital,Janakpuri,,28.6261237,77.0818549,873da112dffffff,,1.0,1.0,False,,100.0,100.0,,,,+912071171320,https://www.practo.com/delhi/hospital/all-in-one-siddha-hospital-janak-puri?referrer=hospital_listing,,VN,practo,,1.0,canonical,1153,Q1,,Economy,0.187674
hosp_74ccfc1a407164c1,Family hospital,family hospital,Delhi NCR,Hospital,Rohini Sector 2,,28.701277219621126,77.09843583405018,873da18c3ffffff,,1.0,1.0,False,,300.0,300.0,,,,+914461712655,https://www.practo.com/delhi/hospital/family-hospital-9-rohini-sector-2?referrer=hospital_listing,,VN,practo,,1.0,canonical,1154,Q1,,Economy,0.187674
hosp_602536f2d15a61f7,Asha Fertility and Pathology lab,asha fertility pathology lab,Delhi NCR,Hospital,Rohini,,28.728839,77.090896,873da18c1ffffff,,1.0,1.0,False,,500.0,500.0,,,,+911140036737,https://www.practo.com/delhi/hospital/asha-fertility-and-pathology-lab-rohini?referrer=hospital_listing,,VN,practo,,1.0,canonical,1155,Q1,,Economy,0.187674
hosp_a03b0d8fe8884e24,The Wadhwa Optikos,wadhwa optikos,Delhi NCR,Hospital,Kalkaji,,28.542023875567917,77.25609540939331,873da1029ffffff,,1.0,1.0,False,1.0,200.0,200.0,,,,+912071533850,https://www.practo.com/delhi/hospital/wadhwa-optikos-kalkaji?referrer=hospital_listing,https://images1-fabric.practo.com/5538a448e38d558cf05bc5006a9f558e801240d12abd9.png,VN,practo,,1.0,canonical,1156,Q1,,Economy,0.187674
hosp_1611c000c499fc67,The Wadhwa Optikos,wadhwa optikos,Delhi NCR,Hospital,Greater Kailash Part 1,,28.556235707140814,77.23275482654572,873da102dffffff,,1.0,1.0,False,1.0,200.0,200.0,,,,+917971262940,https://www.practo.com/delhi/hospital/the-wadhwa-optikos-greater-kailash-part-1?referrer=hospital_listing,,VN,practo,,1.0,canonical,1157,Q1,,Economy,0.187674
hosp_acfc7a82e825f378,Dr.pal's Health & Wellness Clinic A Complete Cure,dr pal s health wellness clinic complete cure,Delhi NCR,Hospital,East Of Kailash,,28.5587,77.250898,873da115affffff,,1.0,1.0,False,,3500.0,3500.0,,,,+911140036711,https://www.practo.com/delhi/hospital/dr-pal-s-homoeopathic-clinic-east-of-kailash?referrer=hospital_listing,https://images1-fabric.practo.com/551136242c3a07fc56270e7a70fa81a5935b72eacbe29.jpg,VN,practo,,1.0,canonical,1158,Q1,,Economy,0.187674
hosp_5a8e0db09e3acbc7,Malhotra Dental Clinic,malhotra dental clinic,Delhi NCR,Hospital,Yamuna Vihar,,28.70094,77.272105,873da1b9affffff,,1.0,1.0,False,,0.0,0.0,,,,+911140036747,https://www.practo.com/delhi/hospital/malhotra-dental-clinic-yamuna-vihar?referrer=hospital_listing,,VN,practo,,1.0,canonical,1159,Q1,,Economy,0.187674
hosp_938e794cd619ca0a,Clove Dental,clove dental,Delhi NCR,Hospital,Pitampura,,28.699099,77.139077,873da18caffffff,,1.0,1.0,False,73.0,500.0,500.0,,,,+914446314494,https://www.practo.com/delhi/hospital/clove-dental-pitampura-2?referrer=hospital_listing,https://images1-fabric.practo.com/clove-dental-delhi-1490184631-58d269b73e7e0.png,VN,practo,,1.0,canonical,1160,Q1,,Economy,0.187674
hosp_2ace83488dc36062,Richfeel Trichology Centre,richfeel trichology centre,Delhi NCR,Hospital,Dwarka,,28.584393,77.07113,873da112affffff,,1.0,1.0,False,2.0,1218.0,1218.0,,,,+912071173185,https://www.practo.com/delhi/hospital/richfeel-trichology-centre-dwarka?referrer=hospital_listing,https://images1-fabric.practo.com/richfeel-trichology-centre-delhi-1491307587-58e38c439ead6.jpg,VN,practo,,1.0,canonical,1161,Q1,,Economy,0.187674
hosp_a78a11d9e522467b,Lifespan Diabetes Clinics - Tagore Garden,lifespan diabetes clinics tagore garden,Delhi NCR,Hospital,Tagore Garden,,28.6440052,77.1123049,873da18daffffff,,1.0,1.0,False,4.0,600.0,600.0,,,,+912048552973,https://www.practo.com/delhi/hospital/lifespan-diabetes-clinic-tagore-garden-tagore-garden?referrer=hospital_listing,https://images1-fabric.practo.com/lifespan-diabetes-clinic-tagore-garden-delhi-1459240629-56fa3eb50ef13.jpg,VN,practo,,1.0,canonical,1162,Q1,,Economy,0.187674
hosp_2498b79dfac1cfe7,Clove Dental,clove dental,Delhi NCR,Hospital,Paschim Vihar,,28.670477,77.108719,873da18d8ffffff,,1.0,1.0,False,73.0,500.0,500.0,,,,+911140787305,https://www.practo.com/delhi/hospital/clove-dental-paschim-vihar-1?referrer=hospital_listing,https://images1-fabric.practo.com/clove-dental-delhi-1489040577-58c0f4c16649d.png,VN,practo,,1.0,canonical,1163,Q1,,Economy,0.187674
hosp_a8e4daabce727e87,Clove Dental,clove dental,Delhi NCR,Hospital,Pitampura,,28.701326,77.149363,873da18caffffff,,1.0,1.0,False,73.0,250.0,250.0,,,,+914471967345,https://www.practo.com/delhi/hospital/clove-dental-pitampura-1?referrer=hospital_listing,https://images1-fabric.practo.com/clove-dental-delhi-1489728930-58cb75a299821.png,VN,practo,,1.0,canonical,1164,Q1,,Economy,0.187674
hosp_937fd23a2dfcf44e,Clove Dental,clove dental,Delhi NCR,Hospital,Tri Nagar,,28.679289,77.16207,873da1164ffffff,,1.0,1.0,False,73.0,250.0,250.0,,,,+914446313682,https://www.practo.com/delhi/hospital/clove-dental-tri-nagar?referrer=hospital_listing,https://images1-fabric.practo.com/clove-dental-delhi-1489732079-58cb81ef15240.png,VN,practo,,1.0,canonical,1165,Q1,,Economy,0.187674
hosp_29622d9eeb678f11,Clove Dental,clove dental,Delhi NCR,Hospital,Krishna Nagar,,28.663208,77.285049,873da116bffffff,,1.0,1.0,False,73.0,500.0,500.0,,,,+911161262605,https://www.practo.com/delhi/hospital/clove-dental-krishna-nagar?referrer=hospital_listing,https://images1-fabric.practo.com/clove-dental-delhi-1488885617-58be9771dd447.jpg,VN,practo,,1.0,canonical,1166,Q1,,Economy,0.187674
hosp_acdfc38a550b0907,Clove Dental,clove dental,Delhi NCR,Hospital,Paschim Vihar,,28.661008,77.091931,873da18deffffff,,1.0,1.0,False,73.0,500.0,500.0,,,,+911141194669,https://www.practo.com/delhi/hospital/clove-dental-paschim-vihar-2?referrer=hospital_listing,https://images1-fabric.practo.com/clove-dental-delhi-1489037122-58c0e74214155.png,VN,practo,,1.0,canonical,1167,Q1,,Economy,0.187674
hosp_2ee9fa8efd085462,Clove Dental,clove dental,Delhi NCR,Hospital,RK Puram,,28.573546,77.172367,873da1154ffffff,,1.0,1.0,False,73.0,500.0,500.0,,,,+914448132958,https://www.practo.com/delhi/hospital/clove-dental-rk-puram?referrer=hospital_listing,https://images1-fabric.practo.com/clove-dental-delhi-1489143353-58c28639ad37f.png,VN,practo,,1.0,canonical,1168,Q1,,Economy,0.187674
hosp_9c8b601da0beb5de,Acharya Manish Ji Ayurveda Centre,acharya manish ji ayurveda centre,Delhi NCR,Hospital,Laxmi Nagar,,28.643042310416,77.276433126727,873da114cffffff,,1.0,1.0,False,5.0,300.0,300.0,,,,+911141186149,https://www.practo.com/delhi/hospital/acharya-manish-ji-ayurveda-centre-laxmi-nagar?referrer=hospital_listing,https://images1-fabric.practo.com/practices/1246090/acharya-manish-ji-ayurveda-centre-delhi-5f0d7571aeff5.jpg,VN,practo,,1.0,canonical,1169,Q1,,Economy,0.187674
hosp_3bdae5740773b74f,SN  Dental Hospital & Implant Centre,sn dental hospital implant centre,Delhi NCR,Hospital,Sector 34,,28.58293895888166,77.35992908477783,873da1061ffffff,,1.0,1.0,False,,300.0,300.0,,,,+911140849610,https://www.practo.com/noida/hospital/sn-dental-hospital-implant-centre-sector-34-noida?referrer=hospital_listing,https://images1-fabric.practo.com/51f882e921230images,VN,practo,,1.0,canonical,1170,Q1,,Economy,0.187674
hosp_f1a69c600ed9751a,DROOIN CLINIC,drooin clinic,Delhi NCR,Hospital,Gaur City,,28.615657881263,77.421908772785,873da1a9affffff,,1.0,1.0,False,,500.0,500.0,,,,+911140849621,https://www.practo.com/noida/hospital/st-joseph-hospital-6-meerut-road?referrer=hospital_listing,,VN,practo,,1.0,canonical,1171,Q1,,Economy,0.187674
hosp_2d09d2d45f84d052,"Tewari Eye Centre, Sector 55, Noida",tewari eye centre sector 55 noida,Delhi NCR,Hospital,Sector 55,,28.6039832,77.3497194,873da1a92ffffff,,1.0,1.0,False,,0.0,0.0,,,,+911141168386,https://www.practo.com/noida/hospital/tewari-eye-centre-sector-55-noida-sector-55?referrer=hospital_listing,,VN,practo,,1.0,canonical,1172,Q1,,Economy,0.187674
hosp_f261bc9fafc0bd5b,Om Hospital,om hospital,Delhi NCR,Hospital,Sector 66,,28.6054816,77.3798083,873da106cffffff,,1.0,1.0,False,,0.0,0.0,,,,+911140844821,https://www.practo.com/noida/hospital/om-hospital-11-sector-66?referrer=hospital_listing,,VN,practo,,1.0,canonical,1173,Q1,,Economy,0.187674
hosp_4d505f71f666c6a9,"Felix Hospital Polyclinic - Sector 135, Noida",felix hospital polyclinic sector 135 noida,Delhi NCR,Hospital,Sector 135,,28.4954988,77.4024589,873da1058ffffff,,1.0,1.0,False,,0.0,0.0,,,,+911140844819,https://www.practo.com/noida/hospital/felix-hospital-polyclinic-sector-135-noida-sector-135?referrer=hospital_listing,,VN,practo,,1.0,canonical,1174,Q1,,Economy,0.187674
hosp_ce9d2e824d22c2d9,Sai Hospital (Multispeciality Hospital),sai hospital multispeciality hospital,Delhi NCR,Hospital,Kulesara,,28.5296411,77.4359908,873da1048ffffff,,1.0,1.0,False,,0.0,0.0,,,,+911142213465,https://www.practo.com/noida/hospital/sai-hospital-multispeciality-hospital-kulesara?referrer=hospital_listing,,VN,practo,,1.0,canonical,1175,Q1,,Economy,0.187674
hosp_30c7361765aa9896,"Manas Hospital, Noida",manas hospital noida,Delhi NCR,Hospital,Sector 34,,28.5864321,77.3614837,873da1061ffffff,,1.0,1.0,False,,0.0,0.0,,,,+911161264524,https://www.practo.com/noida/hospital/manas-hospital-noida-sector-34-2?referrer=hospital_listing,,VN,practo,,1.0,canonical,1176,Q1,,Economy,0.187674
hosp_68ffc9b24bf03a6b,"Motherland Hospital, Sector 119, Noida",motherland hospital sector 119 noida,Delhi NCR,Hospital,Sector 119,,28.5869634,77.4007065,873da1068ffffff,,1.0,1.0,False,,0.0,0.0,,,,+911141168495,https://www.practo.com/noida/hospital/motherland-hospital-sector-119-noida-sector-119?referrer=hospital_listing,,VN,practo,,1.0,canonical,1177,Q1,,Economy,0.187674
hosp_b874c6a170ece908,Noida Medicare center,noida medicare center,Delhi NCR,Hospital,Sector 30,,28.573227,77.3406089,873da1063ffffff,,1.0,1.0,False,,0.0,0.0,,,,+911161262025,https://www.practo.com/noida/hospital/noida-medicare-center-sector-30-1?referrer=hospital_listing,,VN,practo,,1.0,canonical,1178,Q1,,Economy,0.187674
hosp_9298dc31c1bf74d0,Amplifon,amplifon,Delhi NCR,Hospital,Sector 18,,28.56964,77.322798,873da1062ffffff,,1.0,1.0,False,,500.0,500.0,,,,+911140849602,https://www.practo.com/noida/hospital/amplifon-clinic-sector-18?referrer=hospital_listing,https://images1-fabric.practo.com/practices/1001529/amplifon-noida-593a82ec28aeb.jpg,VN,practo,,1.0,canonical,1179,Q1,,Economy,0.187674
hosp_3a53af0a101f4ed6,"Healers At Home - Noida, Sector 30",healers home noida sector 30,Delhi NCR,Hospital,Sector 30,,28.553942527462215,77.32257977084373,873da1062ffffff,,1.0,1.0,False,1.0,450.0,450.0,,,,+911161264402,https://www.practo.com/noida/hospital/healers-at-home-noida-sector-30-sector-30-noida?referrer=hospital_listing,https://images1-fabric.practo.com/healers-at-home-noida-sector-30-noida-1454999087-56b9862fc9345.jpg,VN,practo,,1.0,canonical,1180,Q1,,Economy,0.187674
hosp_8f533e715e9c30c6,"Healers At Home - Noida, Sector 12",healers home noida sector 12,Delhi NCR,Hospital,Sector 12,,28.597678998324216,77.34049692739063,873da1065ffffff,,1.0,1.0,False,1.0,450.0,450.0,,,,+911139587625,https://www.practo.com/noida/hospital/healers-at-home-noida-sector-12-sector-12?referrer=hospital_listing,https://images1-fabric.practo.com/healers-at-home-noida-sector-12-noida-1455687324-56c4069c61ca6.jpg,VN,practo,,1.0,canonical,1181,Q1,,Economy,0.187674
hosp_fe1a8d5efc941d75,JEEVAN REKHA HOSPITAL,jeevan rekha hospital,Delhi NCR,Hospital,Laxmi Garden,,28.448403,77.01583,873da11a3ffffff,,1.0,1.0,False,,0.0,0.0,,,,+912071186491,https://www.practo.com/gurgaon/hospital/jeevan-rekha-hospital-1-laxmi-garden?referrer=hospital_listing,,active,practo,,1.0,canonical,1182,Q1,,Economy,0.187674
hosp_707ebee2a96d89f1,Center Point Pet Hospital,center point pet hospital,Delhi NCR,Hospital,Gurgaon Sector 29,,28.51139,77.048872,873da1111ffffff,,1.0,1.0,False,,400.0,400.0,,,,+911140787305,https://www.practo.com/gurgaon/hospital/center-point-pet-hospital-gurgaon-sector-29-1?referrer=hospital_listing,,VN,practo,,1.0,canonical,1183,Q1,,Economy,0.187674
hosp_d5f81e24f83ea8f2,Monika Hospital,monika hospital,Delhi NCR,Hospital,Palam Vihar,,28.512438115783695,77.02258832752705,873da1110ffffff,,1.0,1.0,False,,500.0,500.0,,,,+914448132962,https://www.practo.com/gurgaon/hospital/monika-hospital-2-palam-vihar?referrer=hospital_listing,,VN,practo,,1.0,canonical,1184,Q1,,Economy,0.187674
hosp_6e09abd9aabb3686,The Signature HOSPITAL,signature hospital,Delhi NCR,Hospital,Gurgaon Sector 98,,28.4213571,76.9040872,873da1cedffffff,,1.0,1.0,False,,0.0,0.0,,,,+911161262034,https://www.practo.com/gurgaon/hospital/the-signature-hospital-gurgaon-sector-98?referrer=hospital_listing,,VN,practo,,1.0,canonical,1185,Q1,,Economy,0.187674
hosp_602a65fd8cc781c1,Healers At Home - Gurgaon,healers home gurgaon,Delhi NCR,Hospital,Gurgaon,,28.4795698,77.0280751,873da1112ffffff,,1.0,1.0,False,,600.0,600.0,,,,+912071173267,https://www.practo.com/gurgaon/hospital/healers-at-home-gurgaon-gurgaon?referrer=hospital_listing,https://images1-fabric.practo.com/healers-at-home-gurgaon-gurgaon-1455687408-56c406f0bff6c.jpg,VN,practo,,1.0,canonical,1186,Q1,,Economy,0.187674
hosp_aba0ba2735ba85ac,"Dr Rajiv Sharma Ms Hospital, Gurgaon",dr rajiv sharma ms hospital gurgaon,Delhi NCR,Hospital,Railway Road,,28.4640256,77.0218886,873da11a1ffffff,,1.0,1.0,False,,650.0,650.0,,,,+911141193974,https://www.practo.com/gurgaon/hospital/dr-rajiv-sharma-ms-hospital-gurgaon-railway-road?referrer=hospital_listing,,VN,practo,,1.0,canonical,1187,Q1,,Economy,0.187674
hosp_f7969b2face21e07,Shree Ram Hospital,shree ram hospital,Delhi NCR,Hospital,Manesar,,28.3541468,76.9378626,873da1cc8ffffff,,1.0,1.0,False,,0.0,0.0,,,,+911140844818,https://www.practo.com/gurgaon/hospital/shree-ram-hospital-3-manesar?referrer=hospital_listing,,VN,practo,,1.0,canonical,1188,Q1,,Economy,0.187674
hosp_2459b63fedbfd9ac,"Eyeq Vision Superspeciality Hospital, New Railway Road, Gurgaon",eyeq vision superspeciality hospital new railway road gurgaon,Delhi NCR,Hospital,Railway Road,,28.4680429,77.0256571,873da11a1ffffff,,1.0,1.0,False,,0.0,0.0,,,,+911140848700,https://www.practo.com/gurgaon/hospital/eyeq-vision-superspeciality-hospital-new-railway-road-gurgaon-railway-road?referrer=hospital_listing,,VN,practo,,1.0,canonical,1189,Q1,,Economy,0.187674
hosp_d325ec24c2801438,Thakral Hospital and Fertility Centre,thakral hospital fertility centre,Delhi NCR,Hospital,Gurgaon Sector 11,,28.4543121,77.0277772,873da11aeffffff,,1.0,1.0,False,,0.0,0.0,,,,+911140848836,https://www.practo.com/gurgaon/hospital/thakral-hospital-and-fertility-centre-gurgaon-sector-11?referrer=hospital_listing,,VN,practo,,1.0,canonical,1190,Q1,,Economy,0.187674
hosp_b753ba772f7efa96,Medox Hospital,medox hospital,Delhi NCR,Hospital,Maruti Kunj,,28.3481733,77.0671428,873da119affffff,,1.0,1.0,False,,0.0,0.0,,,,+911142213848,https://www.practo.com/gurgaon/hospital/medox-hospital-1-maruti-kunj?referrer=hospital_listing,,VN,practo,,1.0,canonical,1191,Q1,,Economy,0.187674
hosp_570daf3bb09d9ffc,Narayani Hospital,narayani hospital,Delhi NCR,Hospital,Sohna,,28.248699,77.063512,873da154effffff,,1.0,1.0,False,,0.0,0.0,,,,+918037311710,https://www.practo.com/gurgaon/hospital/narayani-hospital-sohna?referrer=hospital_listing,,active,practo,,1.0,canonical,1192,Q1,,Economy,0.187674
hosp_2cb270e5e41e65f3,Hariram Hospital,hariram hospital,Delhi NCR,Hospital,Gurgaon,,28.1808167,76.8213039,873da1506ffffff,,1.0,1.0,False,,100.0,100.0,,,,+918037311710,https://www.practo.com/gurgaon/hospital/hariram-hospital-gurgaon?referrer=hospital_listing,,VN,practo,,1.0,canonical,1193,Q1,,Economy,0.187674
hosp_b7d888abe2cac450,Nova IVF Fertility,nova ivf fertility,Delhi NCR,Hospital,Gurgaon Sector 27,,28.462932222131492,77.09020847053631,873da11a9ffffff,,1.0,1.0,False,,2000.0,2000.0,,,,+911141172109,https://www.practo.com/gurgaon/hospital/nova-ivf-fertility-southend-fertility-ivf-best-ivf-centre-in-gurugram-gurgaon-sector-27?referrer=hospital_listing,https://images1-fabric.practo.com/practices/1355718/nova-ivf-fertility-gurgaon-6750335ad4b21.png,VN,practo,,1.0,canonical,1194,Q1,,Economy,0.187674
hosp_95dc3bdcfe9deae6,"Cdas Super Speciality Hospital, Gurgaon",cdas super speciality hospital gurgaon,Delhi NCR,Hospital,South City-II,,28.4208726,77.0509255,873da1181ffffff,,1.0,1.0,False,,0.0,0.0,,,,+911161260791,https://www.practo.com/gurgaon/hospital/cdas-super-speciality-hospital-gurgaon-south-city-ii?referrer=hospital_listing,,VN,practo,,1.0,canonical,1195,Q1,,Economy,0.187674
hosp_a317dacef003f424,Prem Nath Hospital,prem nath hospital,Delhi NCR,Hospital,Gurgaon Sector 14,,28.4701461,77.0395312,873da11acffffff,,1.0,1.0,False,,0.0,0.0,,,,+911141168498,https://www.practo.com/gurgaon/hospital/prem-nath-hospital-gurgaon-sector-14?referrer=hospital_listing,,VN,practo,,1.0,canonical,1196,Q1,,Economy,0.187674
hosp_71620996c29a0c47,Lall Eye Care Centre,lall eye care centre,Delhi NCR,Hospital,Jacobpura,,28.4660642585,77.026195032,873da11a1ffffff,,1.0,1.0,False,,0.0,0.0,,,,+911140844813,https://www.practo.com/gurgaon/hospital/lall-eye-care-centre-jacobpura?referrer=hospital_listing,,VN,practo,,1.0,canonical,1197,Q1,,Economy,0.187674
hosp_a111dc6ea0885094,ESIC MODEL HOSPITAL GURGAON,esic model hospital gurgaon,Delhi NCR,Hospital,Gurgaon Sector 9A,,28.4675372493,77.0011109692,873da11a5ffffff,,1.0,1.0,False,,0.0,0.0,,,,+911140849480,https://www.practo.com/gurgaon/hospital/esic-model-hospital-gurgaon-gurgaon-sector-9a?referrer=hospital_listing,,VN,practo,,1.0,canonical,1198,Q1,,Economy,0.187674
hosp_dc0f2fe3d4b885ba,DAYAL EYE CENTRE,dayal eye centre,Delhi NCR,Hospital,Housing Board Colony,,28.456112,77.037309,873da11aeffffff,,1.0,1.0,False,,0.0,0.0,,,,+918045686671,https://www.practo.com/gurgaon/hospital/dayal-eye-centre-1-housing-board-colony?referrer=hospital_listing,,active,practo,,1.0,canonical,1199,Q1,,Economy,0.187674
hosp_4788db5ae5fa0d54,Uma sanjivani hospital,uma sanjivani hospital,Delhi NCR,Hospital,DLF Phase III,,28.4819,77.099,873da1034ffffff,,1.0,1.0,False,,0.0,0.0,,,,+911161191400,https://www.practo.com/gurgaon/hospital/uma-sanjivani-hospital-dlf-phase-iii?referrer=hospital_listing,,active,practo,,1.0,canonical,1200,Q1,,Economy,0.187674
hosp_f5d4c295b8160410,Manipal Hospital Formerly Columbia Asia,manipal hospital formerly columbia asia,Delhi NCR,Hospital,Palam Vihar,,28.5091,77.0417,873da1111ffffff,,1.0,1.0,False,,0.0,0.0,,,,+911142213811,https://www.practo.com/gurgaon/hospital/manipal-hospital-formerly-columbia-asia-palam-vihar?referrer=hospital_listing,,active,practo,,1.0,canonical,1201,Q1,,Economy,0.187674
hosp_e026c524409b8a6c,geetanjali hospital pataudi,geetanjali hospital pataudi,Delhi NCR,Hospital,Pataudi,,28.338354,76.795584,873da1cf0ffffff,,1.0,1.0,False,,100.0,100.0,,,,+911140787363,https://www.practo.com/gurgaon/hospital/geetanjali-hospital-pataudi-pataudi?referrer=hospital_listing,,active,practo,,1.0,canonical,1202,Q1,,Economy,0.187674
hosp_c0325c75d9a588b9,Clove Dental,clove dental,Delhi NCR,Hospital,Gurgaon Sector 24,,28.4979161,77.1018416,873da111bffffff,,1.0,1.0,False,16.0,500.0,500.0,,,,+914471967913,https://www.practo.com/gurgaon/hospital/clove-dental-29-gurgaon-sector-24?referrer=hospital_listing,https://images1-fabric.practo.com/practices/1262394/clove-dental-gurgaon-5d382c68a677c.png,VN,practo,,1.0,canonical,1203,Q1,,Economy,0.187674
hosp_71e700c9a4c72b44,Shivam Hospital and Heart Centre,shivam hospital heart centre,Delhi NCR,Hospital,Old Raj Nagar,,28.680082,77.468151,873da1a8bffffff,,1.0,1.0,False,,300.0,300.0,,,,+918037311169,https://www.practo.com/ghaziabad/hospital/shivam-hospital-and-heart-centre?referrer=hospital_listing,,VN,practo,,1.0,canonical,1204,Q1,,Economy,0.187674
hosp_a57c3e2acc1255ea,Healers at Home - Ghaziabad,healers home ghaziabad,Delhi NCR,Hospital,Indirapuram,,28.6448379,77.3692791,873da1a91ffffff,,1.0,1.0,False,,450.0,450.0,,,,+911140849621,https://www.practo.com/ghaziabad/hospital/healers-at-home-ghaziabad-indirapuram?referrer=hospital_listing,https://images1-fabric.practo.com/healers-at-home-ghaziabad-ghaziabad-1455687434-56c4070a3d0d7.jpg,VN,practo,,1.0,canonical,1205,Q1,,Economy,0.187674
hosp_ce6d7a2e6009ccc0,Centre for Sight ,centre for sight,Delhi NCR,Hospital,Nehru Nagar,,28.669368211,77.4316823902,873da1a9dffffff,,1.0,1.0,False,,350.0,350.0,,,,,https://www.practo.com/ghaziabad/hospital/centre-for-sight-1-ambedkar-road?referrer=hospital_listing,,VN,practo,,1.0,canonical,1206,Q1,,Economy,0.187674
hosp_847b5a2bbbef0a0f,Joshi Hospital,joshi hospital,Delhi NCR,Hospital,Shastri Nagar,,28.680522,77.4817708,873da1a8bffffff,,1.0,1.0,False,,0.0,0.0,,,,+911141193906,https://www.practo.com/ghaziabad/hospital/joshi-hospital-3-shastri-nagar?referrer=hospital_listing,,VN,practo,,1.0,canonical,1207,Q1,,Economy,0.187674
hosp_e14c4889c5dca7d3,Amritsar Eye Hospital ,amritsar eye hospital,Delhi NCR,Hospital,Mathurawali,,,,,,1.0,1.0,False,,400.0,400.0,,,,+911140036729,https://www.practo.com/ghaziabad/hospital/amritsar-eye-hospital-mathurawali?referrer=hospital_listing,,VN,practo,,0.6,canonical,1208,Q1,,Economy,0.187674
hosp_f55d341d35277e2f,Sahibabad Medicare Center,sahibabad medicare center,Delhi NCR,Hospital,Sahibabad,,28.6783004,77.3656898,873da1a86ffffff,,1.0,1.0,False,,0.0,0.0,,,,+911141194012,https://www.practo.com/ghaziabad/hospital/sahibabad-medicare-center-sahibabad?referrer=hospital_listing,,VN,practo,,1.0,canonical,1209,Q1,,Economy,0.187674
hosp_e8cc5a8aa9f86f14,Santosh Hospitals - Ghaziabad,santosh hospitals ghaziabad,Delhi NCR,Hospital,Lohia Nagar,,28.669754,77.4321853,873da1a9dffffff,,1.0,1.0,False,,0.0,0.0,,,,+911141132883,https://www.practo.com/ghaziabad/hospital/santosh-hospitals-ghaziabad-lohia-nagar?referrer=hospital_listing,,VN,practo,,1.0,canonical,1210,Q1,,Economy,0.187674
hosp_5842617dc2c5e27e,Tripathi Hospital,tripathi hospital,Delhi NCR,Hospital,Sector-9,,28.6462552,77.4268173,873da1a98ffffff,,1.0,1.0,False,,0.0,0.0,,,,+918037296914,https://www.practo.com/ghaziabad/hospital/tripathi-hospital-sector-9?referrer=hospital_listing,,VN,practo,,1.0,canonical,1211,Q1,,Economy,0.187674
hosp_0e748bde9b7eff5d,Anand Hospital,anand hospital,Delhi NCR,Hospital,Govindpuri,,28.7710301,77.508507,873da1ae2ffffff,,1.0,1.0,False,,0.0,0.0,,,,+911140845776,https://www.practo.com/ghaziabad/hospital/anand-hospital-5-govindpuri?referrer=hospital_listing,,VN,practo,,1.0,canonical,1212,Q1,,Economy,0.187674
hosp_157e6ccd4ebcdd0d,SHITIJ MEDICARE CENTRE ,shitij medicare centre,Delhi NCR,Hospital,Nasirpur,,28.663025,77.447208,873da1a8affffff,,1.0,1.0,False,,0.0,0.0,,,,+911140787360,https://www.practo.com/ghaziabad/hospital/shitij-medicare-centre-nasirpur?referrer=hospital_listing,,VN,practo,,1.0,canonical,1213,Q1,,Economy,0.187674
hosp_b14078e3b22f1398,T32 Advanced Dental Clinic & Implant Centre,t32 advanced dental clinic implant centre,Delhi NCR,Hospital,Sahibabad,,28.6885984,77.3779921,873da1a80ffffff,,1.0,1.0,False,,0.0,0.0,,,,+911141194012,https://www.practo.com/ghaziabad/hospital/t32-advanced-dental-clinic-implant-centre-sahibabad?referrer=hospital_listing,,VN,practo,,1.0,canonical,1214,Q1,,Economy,0.187674
hosp_61b5d77b1656eb33,Shishu Mangal Hospital  ,shishu mangal hospital,Delhi NCR,Hospital,Vaishali,,28.6465035,77.3440476,873da1a94ffffff,,1.0,1.0,False,,200.0,200.0,,,,+918037309351,https://www.practo.com/ghaziabad/hospital/shishu-mangal-hospital-ajmer-road?referrer=hospital_listing,,VN,practo,,1.0,canonical,1215,Q1,,Economy,0.187674
hosp_2e555940b583eaae,Aashirwad Dental Care and Implant Centre,aashirwad dental care implant centre,Delhi NCR,Hospital,Rajendra Nagar,,28.679264882884638,77.35720530152321,873da1a86ffffff,,1.0,1.0,False,,0.0,0.0,,,,+911141194882,https://www.practo.com/ghaziabad/hospital/aashirwad-dental-care-and-implant-centre-rajendra-nagar?referrer=hospital_listing,https://images1-fabric.practo.com/5548711f0fcc9bd3c2b2822565cbc9b6527711977c151.jpg,VN,practo,,1.0,canonical,1216,Q1,,Economy,0.187674
hosp_3b6571eeeddf4f91,Diet Clinic,diet clinic,Delhi NCR,Hospital,Old Raj Nagar,,28.680581,77.448667,873da1a8effffff,,1.0,1.0,False,1.0,750.0,750.0,,,,+911141168765,https://www.practo.com/ghaziabad/hospital/diet-clinic-ghaziabad-old-raj-nagar?referrer=hospital_listing,https://images1-fabric.practo.com/diet-clinic-ghaziabad-ghaziabad-1482225464-5858f738f0c81.png,VN,practo,,1.0,canonical,1217,Q1,,Economy,0.187674
hosp_d7162ef6fb1a23e4,Clove Dental,clove dental,Delhi NCR,Hospital,Model Town,,28.65455,77.435229,873da1a9dffffff,,1.0,1.0,False,4.0,500.0,500.0,,,,+911141194012,https://www.practo.com/ghaziabad/hospital/clove-dental-model-town-1?referrer=hospital_listing,https://images1-fabric.practo.com/practices/1143728/clove-dental-ghaziabad-58edf9e83ca12.png,VN,practo,,1.0,canonical,1218,Q1,,Economy,0.187674
hosp_f725237841f722a6,Jiva Ayurveda Clinic Indirapuram,jiva ayurveda clinic indirapuram,Delhi NCR,Hospital,Indirapuram,,28.644045,77.359772,873da1a90ffffff,,1.0,1.0,False,1.0,299.0,299.0,,,,+917969204270,https://www.practo.com/ghaziabad/hospital/jiva-ayurveda-clinic-indirapuram-indirapuram?referrer=hospital_listing,https://images1-fabric.practo.com/practices/1183039/jiva-ayurveda-clinic-indirapuram-ghaziabad-6294b4222b5e0.JPG,ABS,practo,,1.0,canonical,1219,Q1,,Economy,0.187674
hosp_d5bf4513d603184a,Acharya Manish Ji Ayurveda Centre,acharya manish ji ayurveda centre,Delhi NCR,Hospital,Bharat Nagar,,28.658,77.4252,873da1a9dffffff,,1.0,1.0,False,1.0,300.0,300.0,,,,+911140848700,https://www.practo.com/ghaziabad/hospital/acharya-manish-ji-ayurveda-centre-bharat-nagar?referrer=hospital_listing,https://images1-fabric.practo.com/practices/1246284/acharya-manish-ji-ayurveda-centre-ghaziabad-5f0d99dee751d.jpg,VN,practo,,1.0,canonical,1220,Q1,,Economy,0.187674
hosp_d996caec01b70fc1,Acharya Manish Ji Ayurveda Centre,acharya manish ji ayurveda centre,Delhi NCR,Hospital,Vaishali,,28.6692,77.3735,873da1a86ffffff,,1.0,1.0,False,1.0,0.0,0.0,,,,+911140848700,https://www.practo.com/ghaziabad/hospital/acharya-manish-ji-ayurveda-centre-vaishali?referrer=hospital_listing,https://images1-fabric.practo.com/practices/1246285/acharya-manish-ji-ayurveda-centre-ghaziabad-5f0c1a8cd3098.jpg,VN,practo,,1.0,canonical,1221,Q1,,Economy,0.187674
hosp_22309781795dd458,Raj Dental clinic and Implant center.,raj dental clinic implant center,Delhi NCR,Hospital,Surya Nagar,,28.66245259226849,77.32442736625671,873da1ab2ffffff,,1.0,1.0,False,,200.0,200.0,,,,+911141168306,https://www.practo.com/ghaziabad/hospital/dentist-chander-nagar?referrer=hospital_listing,https://images1-fabric.practo.com/dentist-1449566334-5666a07e81a02.JPG,VN,practo,,1.0,canonical,1222,Q1,,Economy,0.187674
hosp_654a25cbc6fb67a8,Anjali Mukerjee Health Total,anjali mukerjee health total,Delhi NCR,Hospital,Vasundhara,,28.66279503075205,77.36857652664185,873da1a95ffffff,,1.0,1.0,False,1.0,0.0,0.0,,,,+918037309351,https://www.practo.com/ghaziabad/hospital/anjali-mukerjee-health-total-vasundhara?referrer=hospital_listing,https://images1-fabric.practo.com/anjali-mukerjee-health-total-ghaziabad-1477575715-581204232da52.png,VN,practo,,1.0,canonical,1223,Q1,,Economy,0.187674
hosp_7d0aae7827dbcdca,Dr.Harish Hospital,dr harish hospital,Delhi NCR,Hospital,Sector-8,,28.369288686164,77.32982615009,873da10c6ffffff,,1.0,1.0,False,,200.0,200.0,,,,+914446276052,https://www.practo.com/faridabad/hospital/dr-harish-hospital-2-sector-8?referrer=hospital_listing,https://images1-fabric.practo.com/dr-harish-hospital-faridabad-1485879086-5890b72e76d5e.png,VN,practo,,1.0,canonical,1224,Q1,,Economy,0.187674
hosp_a7c49928242a985d,Bala Ji Hospital,bala ji hospital,Delhi NCR,Hospital,Tilpat,,28.4717482,77.3293412,873da1052ffffff,,1.0,1.0,False,,0.0,0.0,,,,+911141193962,https://www.practo.com/faridabad/hospital/bala-ji-hospital-1-tilpat?referrer=hospital_listing,,active,practo,,1.0,canonical,1225,Q1,,Economy,0.187674
hosp_00d67d4286609b44,Centre Hospital,centre hospital,Delhi NCR,Hospital,Sector 23,,28.3597969,77.2878363,873da10f3ffffff,,1.0,1.0,False,,500.0,500.0,,,,+918037296909,https://www.practo.com/faridabad/hospital/centre-hospital-sector-23?referrer=hospital_listing,,active,practo,,1.0,canonical,1226,Q1,,Economy,0.187674
hosp_87693a683b9ff6b7,"Life Hospital, Sector 8, Faridabad",life hospital sector 8 faridabad,Delhi NCR,Hospital,Sector 7,,28.3647163,77.3297961,873da10c2ffffff,,1.0,1.0,False,,0.0,0.0,,,,+911161266228,https://www.practo.com/faridabad/hospital/life-hospital-sector-8-faridabad-sector-7?referrer=hospital_listing,,VN,practo,,1.0,canonical,1227,Q1,,Economy,0.187674
hosp_b64df79a2af1d848,Ayu Health Hospitals,ayu health hospitals,Delhi NCR,Hospital,Ballabgarh,,28.337163,77.3212697,873da10d0ffffff,,1.0,1.0,False,,0.0,0.0,,,,+911143078857,https://www.practo.com/faridabad/hospital/ayu-health-hospitals-2-ballabgarh?referrer=hospital_listing,,VN,practo,,1.0,canonical,1228,Q1,,Economy,0.187674
hosp_a199434f39693381,Lala Diwan Chand Memorial Hospital,lala diwan chand memorial hospital,Delhi NCR,Hospital,Sector 37,,28.480518,77.314438,873da1056ffffff,,1.0,1.0,False,,0.0,0.0,,,,+911140844819,https://www.practo.com/faridabad/hospital/lala-diwan-chand-memorial-hospital-sector-37-1?referrer=hospital_listing,,active,practo,,1.0,canonical,1229,Q1,,Economy,0.187674
hosp_fec1591913d1c497,Ocean Medicity Multispeciality Hospital,ocean medicity multispeciality hospital,Delhi NCR,Hospital,Saraswati Colony,,28.4776943,77.3218009,873da1056ffffff,,1.0,1.0,False,,0.0,0.0,,,,+911140844820,https://www.practo.com/faridabad/hospital/ocean-medicity-multispeciality-hospital-saraswati-colony?referrer=hospital_listing,,active,practo,,1.0,canonical,1230,Q1,,Economy,0.187674
hosp_7cd855a66028c418,MEDICAL SATHI HOSPITAL,medical sathi hospital,Delhi NCR,Hospital,Sector 88,,28.4180193,77.3503581,873da10eeffffff,,1.0,1.0,False,,400.0,400.0,,,,+911140036303,https://www.practo.com/faridabad/hospital/medical-sathi-hospital-sector-88?referrer=hospital_listing,,VN,practo,,1.0,canonical,1231,Q1,,Economy,0.187674
hosp_abc5c0fd7a29dcff,Sunrise Hospital,sunrise hospital,Delhi NCR,Hospital,Rahul Colony,,28.3920559,77.2935612,873da10f1ffffff,,1.0,1.0,False,,0.0,0.0,,,,+911161191400,https://www.practo.com/faridabad/hospital/sunrise-hospital-1-rahul-colony?referrer=hospital_listing,,VN,practo,,1.0,canonical,1232,Q1,,Economy,0.187674
hosp_635d4b762bd8335f,Ayu Health Hospitals,ayu health hospitals,Delhi NCR,Hospital,Sector 11,,28.3692491,77.3232021,873da10c6ffffff,,1.0,1.0,False,,0.0,0.0,,,,+911141168766,https://www.practo.com/faridabad/hospital/ayu-health-hospitals-2-sector-11?referrer=hospital_listing,,VN,practo,,1.0,canonical,1233,Q1,,Economy,0.187674
hosp_db1c1e3fbbe288f6,Swastik Multispeciality Hospital,swastik multispeciality hospital,Delhi NCR,Hospital,Ballabgarh,,28.3325582,77.3275617,873da10d0ffffff,,1.0,1.0,False,,0.0,0.0,,,,+911142213466,https://www.practo.com/faridabad/hospital/swastik-multispeciality-hospital-ballabgarh-1?referrer=hospital_listing,,VN,practo,,1.0,canonical,1234,Q1,,Economy,0.187674
hosp_94aebe33907d239d,Centre Hospital,centre hospital,Delhi NCR,Hospital,Ballabgarh,,28.3314046,77.3288793,873da10d1ffffff,,1.0,1.0,False,,500.0,500.0,,,,+911141193907,https://www.practo.com/faridabad/hospital/centre-hospital-ballabgarh-2?referrer=hospital_listing,,VN,practo,,1.0,canonical,1235,Q1,,Economy,0.187674
hosp_4e5be174351333bf,"Drishti Eye Centre, Faridabad",drishti eye centre faridabad,Delhi NCR,Hospital,New Industrial Township 5,,28.3959242,77.3066899,873da10f1ffffff,,1.0,1.0,False,,0.0,0.0,,,,+911141168530,https://www.practo.com/faridabad/hospital/drishti-eye-centre-faridabad-new-industrial-township-5?referrer=hospital_listing,,VN,practo,,1.0,canonical,1236,Q1,,Economy,0.187674
hosp_0a38802a37f18ad1,Triveni Hospital Faridabad,triveni hospital faridabad,Delhi NCR,Hospital,New Industrial Town,,28.3880655,77.2893724,873da10f1ffffff,,1.0,1.0,False,,0.0,0.0,,,,+911142213879,https://www.practo.com/faridabad/hospital/triveni-hospital-faridabad-new-industrial-town?referrer=hospital_listing,,VN,practo,,1.0,canonical,1237,Q1,,Economy,0.187674
hosp_55c5e77be6108d8d,Dr Atul Maggu's Dental Clinic & Implant Centre,dr atul maggu s dental clinic implant centre,Delhi NCR,Hospital,Sector-7,,,,,,1.0,1.0,False,,0.0,0.0,,,,+918037311397,https://www.practo.com/faridabad/hospital/dr-atul-maggu-s-dental-clinic-implant-centre-sector-7?referrer=hospital_listing,,VN,practo,,0.6,canonical,1238,Q1,,Economy,0.187674
hosp_9901c793ccfaaedf,OM Medical Centre,om medical centre,Delhi NCR,Hospital,Saraswati Colony,,28.4878801,77.3188352,873da1054ffffff,,1.0,1.0,False,,0.0,0.0,,,,+911140036316,https://www.practo.com/faridabad/hospital/om-medical-centre-2-saraswati-colony?referrer=hospital_listing,,VN,practo,,1.0,canonical,1239,Q1,,Economy,0.187674
hosp_dddeb253823f8839,Care & Cure PhysiotherapyClinic.,care cure physiotherapyclinic,Delhi NCR,Hospital,Sector 37,,28.484478416419446,77.30794787406921,873da1056ffffff,,1.0,1.0,False,,1000.0,1000.0,,,,+914471966928,https://www.practo.com/faridabad/hospital/dr-rahul-satija-sector-35?referrer=hospital_listing,,VN,practo,,1.0,canonical,1240,Q1,,Economy,0.187674
hosp_ebdf5ca4e10be6cb,Thyrocare,thyrocare,Delhi NCR,Hospital,Sector 35,,28.4547053,77.3157157,873da10e5ffffff,,1.0,1.0,False,1.0,0.0,0.0,,,,+911141168495,https://www.practo.com/faridabad/hospital/thyrocare-faridabad-city?referrer=hospital_listing,https://images1-fabric.practo.com/thyrocare-faridabad-1462264503-572862b748aca.png,VN,practo,,1.0,canonical,1241,Q1,,Economy,0.187674
hosp_ec1cfcb716fee2ec,Diet Clinic,diet clinic,Delhi NCR,Hospital,Sector 21 C,,28.511381,77.065412,873da111effffff,,1.0,1.0,False,1.0,750.0,750.0,,,,+911140036752,https://www.practo.com/faridabad/hospital/diet-clinic-faridabad-sector-21-sector-21-c?referrer=hospital_listing,https://images1-fabric.practo.com/diet-clinic-greater-noida-noida-1456473524-56d005b42e0bc.jpg,VN,practo,,1.0,canonical,1242,Q1,,Economy,0.187674
hosp_e2709d416e5ead40,Clove Dental,clove dental,Delhi NCR,Hospital,Sector-15,,28.395273,77.323827,873da10c4ffffff,,1.0,1.0,False,4.0,500.0,500.0,,,,+914448134922,https://www.practo.com/faridabad/hospital/clove-dental-sector-15?referrer=hospital_listing,https://images1-fabric.practo.com/clove-dental-faridabad-1489383116-58c62ecc6a793.png,VN,practo,,1.0,canonical,1243,Q1,,Economy,0.187674
hosp_54ed97477250a5c4,Clove Dental,clove dental,Delhi NCR,Hospital,New Industrial Town,,28.38839,77.306015,873da10f1ffffff,,1.0,1.0,False,4.0,500.0,500.0,,,,+911141172109,https://www.practo.com/faridabad/hospital/clove-dental-new-industrial-town?referrer=hospital_listing,https://images1-fabric.practo.com/practices/654090/clove-dental-faridabad-58edf11b2d4c5.png,VN,practo,,1.0,canonical,1244,Q1,,Economy,0.187674
hosp_c859a2494327fb90,JIVA Ayurveda,jiva ayurveda,Delhi NCR,Hospital,Shahdara,,28.698757,77.292577,873da1ab4ffffff,,2.0,1.0,True,9.0,0.0,299.0,3.0,16.0,,+917969204270,https://www.practo.com/delhi/hospital/jiva-ayurveda-clinic-shahadara?referrer=hospital_listing,https://images1-fabric.practo.com/practices/1182996/jiva-ayurveda-delhi-605d7b16bc046.jpg,ABS,practo,,1.0,canonical,1245,Q1,,Economy,0.187496
hosp_61f34ae09fe9cd59,Anant Jyoti Eye Hospital,anant jyoti eye hospital,Delhi NCR,Hospital,Karkardooma,,28.631224,77.278345,873da1148ffffff,,,1.0,False,,300.0,300.0,,2.0,,+911140036724,https://www.practo.com/delhi/hospital/anant-jyoti-eye-hospital-karkardooma?referrer=hospital_listing,,active,practo,,1.0,canonical,1246,Q1,,Economy,0.187054
hosp_ece8435e40ab3774,Sanchet Hospital,sanchet hospital,Delhi NCR,Hospital,Paschim Vihar,,28.670237790077536,77.09262013435364,873da18dcffffff,,3.0,2.0,False,,0.0,700.0,4.0,14.0,,+912071177423,https://www.practo.com/delhi/hospital/sanchet-hospital-paschim-vihar-1?referrer=hospital_listing,https://images1-fabric.practo.com/dr-suneeta-agarwal-s-gynaecology-and-paediatrics-clinic-delhi-1459941008-5704ee90985b3.png,VN,practo,,1.0,canonical,1247,Q1,,Economy,0.186672
hosp_d4b082f27f66151d,Centre for Sight - Faridabad,centre for sight faridabad,Delhi NCR,Hospital,Sector 16A,,28.403038,77.31852,873da10c4ffffff,,9.0,1.0,False,,700.0,2000.0,4.0,28.0,,+917948501083,https://www.practo.com/faridabad/hospital/center-for-sight-faridabad-sector-16a?referrer=hospital_listing,https://images1-fabric.practo.com/centre-for-sight-faridabad-faridabad-1439270922-55c9880aa7d06.jpg,ABS,practo,,1.0,canonical,1248,Q1,,Economy,0.186595
hosp_87274fb2c68a1c73,Nigam Physiotherapy Clinic,nigam physiotherapy clinic,Delhi NCR,Hospital,Sector 21 C,,28.43313335131502,77.29563653469086,873da10e0ffffff,,1.0,,False,,0.0,0.0,,,,+918037311710,https://www.practo.com/faridabad/hospital/nigam-physiotherapy-clinic-sector-21-c?referrer=hospital_listing,,VN,practo,,1.0,canonical,1249,Q1,,Economy,0.185788
hosp_0983b270e2c4a349,J.M Khera Orthopedic Hospital,j m khera orthopedic hospital,Delhi NCR,Hospital,Nangloi,,28.680561463450356,77.06698894500732,873da18d1ffffff,,4.0,3.0,False,,200.0,800.0,4.0,37.0,,+911142213998,https://www.practo.com/delhi/hospital/khera-hospital-nangloi?referrer=hospital_listing,https://images1-fabric.practo.com/practices/1134394/khera-hospital-delhi-5ac49d3a14b6e.jpg,VN,practo,,1.0,canonical,1250,Q1,,Economy,0.185687
hosp_51a0f078a9cd7108,Jain Hospital,jain hospital,Delhi NCR,Hospital,Gurgaon Sector 46,,28.473096885938304,77.04908654093742,873da11acffffff,,3.0,4.0,True,,700.0,700.0,3.5,55.0,,+911161262798,https://www.practo.com/gurgaon/hospital/jain-hospital-gurgaon-sector-46-2?referrer=hospital_listing,https://images1-fabric.practo.com/practices/864815/jain-hospital-gurgaon-58ef513bed347.jpeg,VN,practo,,1.0,canonical,1251,Q1,,Economy,0.185664
hosp_34a82f23b1b0b716,Gargi Hospital,gargi hospital,Delhi NCR,Hospital,Raj Nagar,,28.6830646,77.4492413,873da1a88ffffff,,14.0,9.0,True,,0.0,1200.0,3.5,116.0,,+918047284099,https://www.practo.com/ghaziabad/hospital/gargi-hospital-1-raj-nagar-1?referrer=hospital_listing,https://images1-fabric.practo.com/practices/1337527/gargi-hospital-ghaziabad-693abaace2e43.png,ABS,practo,,1.0,canonical,1252,Q1,,Economy,0.185456
hosp_00f9f77cabd4bf50,Pasricha Hospital & Maternity Home,pasricha hospital maternity home,Delhi NCR,Hospital,Basai Road,,28.456865327245,77.022152206628,873da11a1ffffff,,2.0,4.0,True,,500.0,500.0,3.5,54.0,,+911140036707,https://www.practo.com/gurgaon/hospital/pasricha-hospital-maternity-home-basai-road-2?referrer=hospital_listing,https://images1-fabric.practo.com/558beb9388cdeddb97c33844efc4276bd4c6a43c7f482.jpg,VN,practo,,1.0,canonical,1253,Q1,,Economy,0.185433
hosp_d9acc79b211fc512,Artemis Lite,artemis lite,Delhi NCR,Hospital,New Friends Colony,,28.563785845892646,77.27157309651375,873da115bffffff,,2.0,3.0,False,1.0,700.0,1000.0,4.0,81.0,2022.0,+911141170243,https://www.practo.com/delhi/hospital/bansal-hospital-6-new-friends-colony-2?referrer=hospital_listing,https://images1-fabric.practo.com/practices/1358772/artemis-lite-delhi-6450abcb9303b.PNG,VN,practo,,1.0,canonical,1254,Q1,,Economy,0.185359
hosp_13e190749d5a6ffb,Cronus Multispeciality Hospital,cronus multispeciality hospital,Delhi NCR,Hospital,Chattarpur,,28.5020632,77.1876122,873da1023ffffff,,13.0,14.0,True,,600.0,1500.0,3.5,311.0,,+918047284331,https://www.practo.com/delhi/hospital/cronus-multispeciality-hospital-chattarpur-1?referrer=hospital_listing,https://images1-fabric.practo.com/practices/1146990/cronus-multispeciality-hospital-delhi-5e3e78cf19ecb.png,ABS,practo,,1.0,canonical,1255,Q1,,Economy,0.184838
hosp_9d1e09a6d4bb232a,Dr. Sehgal's Homoeopathic Clinic,dr sehgal s homoeopathic clinic,Delhi NCR,Hospital,Mayur Vihar Ph-II,,28.619421,77.2837637,873da1148ffffff,,3.0,1.0,False,,2000.0,2000.0,4.0,15.0,,+911140036729,https://www.practo.com/delhi/hospital/dr-sehgal-s-homoeopathic-clinic-mayur-vihar-ph-ii?referrer=hospital_listing,https://images1-fabric.practo.com/practices/661343/dr-sehgal-s-homoeopathic-clinic-delhi-5bab20169d8b7.jpg,VN,practo,,1.0,canonical,1256,Q1,,Economy,0.184559
hosp_597e5f38157fc956,Centre For Sight,centre for sight,Delhi NCR,Hospital,Rohini,,28.698156,77.1135553,873da18ddffffff,,9.0,1.0,False,6.0,850.0,1600.0,4.0,49.0,,+918047284013,https://www.practo.com/delhi/hospital/centre-for-sight-rohini?referrer=hospital_listing,https://images1-fabric.practo.com/practices/667854/centre-for-sight-rohini-delhi-58e3e3200400d.jpg,ABS,practo,,1.0,canonical,1257,Q1,,Economy,0.184526
hosp_931eb4d628fa245c,Malhotra Nursing Home,malhotra nursing home,Delhi NCR,Hospital,Mayur Vihar Ph-II,,28.6199503,77.3038829,873da114bffffff,,1.0,1.0,False,,700.0,700.0,4.0,10.0,,+918037311710,https://www.practo.com/delhi/hospital/malhotra-nursing-home-mayur-vihar-ph-ii-1?referrer=hospital_listing,,VN,practo,,1.0,canonical,1258,Q1,,Economy,0.184339
hosp_bbbc55997d40488c,Eye Veda Eye Hospital,eye veda eye hospital,Delhi NCR,Hospital,Defence Colony,,28.566223534496,77.230759844382,873da115effffff,,6.0,1.0,True,,600.0,1000.0,3.5,51.0,,+918047284084,https://www.practo.com/delhi/hospital/eyeveda-eye-hospital-indraprastha-extension?referrer=hospital_listing,https://images1-fabric.practo.com/practices/2077054/eyeveda-eye-hospital-new-delhi-686de309be75f.jpg,ABS,practo,,1.0,canonical,1259,Q1,,Economy,0.184196
hosp_db9b641ea802bb87,Uday ENT Hospital,uday ent hospital,Delhi NCR,Hospital,Model Town,,28.70309,77.19213,873da1165ffffff,,1.0,1.0,True,,1500.0,1500.0,3.5,90.0,2005.0,+911140036729,https://www.practo.com/delhi/hospital/uday-ent-hospital-model-town-i?referrer=hospital_listing,https://images1-fabric.practo.com/practices/683082/uday-ent-hospital-delhi-5ea6dcad0cfdf.jpg,VN,practo,,1.0,canonical,1260,Q1,,Economy,0.183767
hosp_dc095d62569a5dbc,Medeor Hospital,medeor hospital,Delhi NCR,Hospital,Manesar,,28.366366325081742,76.93314805692353,873da1ccdffffff,,17.0,15.0,True,,0.0,1000.0,3.0,40.0,,+911140787307,https://www.practo.com/gurgaon/hospital/medeor-hospital-manesar-1?referrer=hospital_listing,https://images1-fabric.practo.com/practices/1005033/medeor-hospital-gurgaon-5eb7ce6e4d108.jpg,VN,practo,,1.0,canonical,1261,Q1,,Economy,0.182866
hosp_1e8b9d3f3098fc8a,KRISHNA DIAGNOSTICS & MRI CENTER,krishna diagnostics mri center,Delhi NCR,Hospital,Indirapuram,,28.64399,77.37449,873da1a91ffffff,,2.0,1.0,True,,0.0,500.0,3.0,18.0,,+911161260801,https://www.practo.com/ghaziabad/hospital/krishna-diagnostics-dr-vandana-s-3d-4d-ultrasound-lab-indirapuram?referrer=hospital_listing,https://images1-fabric.practo.com/practices/835726/krishna-diagnostics-mri-center-ghaziabad-656c142cb6b09.JPG,VN,practo,,1.0,canonical,1262,Q1,,Economy,0.182845
hosp_068917fa75e4b4c9,JIVA Ayurveda,jiva ayurveda,Delhi NCR,Hospital,Rohini Sector 7,,28.708057,77.117954,873da18ceffffff,,1.0,1.0,False,9.0,200.0,200.0,4.0,17.0,,+911141187412,https://www.practo.com/delhi/hospital/jiva-ayurveda-rohini-sector-7?referrer=hospital_listing,https://images1-fabric.practo.com/practices/1183031/jiva-ayurveda-delhi-605d7f216b0f3.jpg,VN,practo,,1.0,canonical,1263,Q1,,Economy,0.182687
hosp_c591bb90dfe67d75,Ram Lal Kundan Lal Orthopedic Hospital,ram lal kundan lal orthopedic hospital,Delhi NCR,Hospital,Patparganj,,28.6180931,77.2868119,873da114affffff,,3.0,2.0,True,,800.0,800.0,2.5,12.0,,+911140036734,https://www.practo.com/delhi/hospital/ram-lal-kundan-lal-orthopedic-hospital-patparganj?referrer=hospital_listing,https://images1-fabric.practo.com/practices/687652/ram-lal-kundan-lal-orthopedic-hospital-delhi-66694190b90c3.png,VN,practo,,1.0,canonical,1264,Q1,,Economy,0.181916
hosp_25997528161ed6f5,Shivalik Hospital,shivalik hospital,Delhi NCR,Hospital,Sector 37,,28.479935,77.310832,873da1056ffffff,,4.0,5.0,True,,250.0,300.0,3.0,32.0,2007.0,+917971262940,https://www.practo.com/faridabad/hospital/shivalik-hospital-sector-37?referrer=hospital_listing,https://images1-fabric.practo.com/shivalik-hospital-faridabad-1479705469-5832837d7fed7.jpg,VN,practo,,1.0,canonical,1265,Q1,,Economy,0.181601
hosp_e493f62dd0e8258f,Dr. Ameeta Manchanda's Holistic Homeopathy,dr ameeta manchanda s holistic homeopathy,Delhi NCR,Hospital,Sector 41,,28.56399,77.36259,873da1045ffffff,,1.0,1.0,False,,1500.0,1500.0,4.0,256.0,,+911140849610,https://www.practo.com/noida/hospital/holistic-homoeopathic-clinic-noida-sector-41-1?referrer=hospital_listing,https://images1-fabric.practo.com/55949cf7b85d91824fb80ddb37e6a1f2cb15b62b4fe8b.png,VN,practo,,1.0,canonical,1266,Q1,,Economy,0.18138
hosp_38051934c3d17f70,Tripathi Hospital,tripathi hospital,Delhi NCR,Hospital,Sector 119,,28.586660292427425,77.40073353052139,873da1068ffffff,,8.0,7.0,True,,0.0,600.0,3.0,27.0,,+918037310980,https://www.practo.com/noida/hospital/tripathi-hospital-sector-119?referrer=hospital_listing,https://images1-fabric.practo.com/tripathi-hospital-noida-1479471983-582ef36f41161.png,VN,practo,,1.0,canonical,1267,Q1,,Economy,0.180622
hosp_e307dc27b345ee77,"Cloudnine Fertility - IVF Centre, Sector 51",cloudnine fertility ivf centre sector 51,Delhi NCR,Hospital,Sector 51,,28.578815,77.36689,873da106effffff,,3.0,1.0,True,,1100.0,1100.0,3.5,56.0,,+918037354440,https://www.practo.com/noida/hospital/cloudnine-fertility-gurgaon-gurgaon-sector-47?referrer=hospital_listing,https://images1-fabric.practo.com/practices/1156528/cloudnine-fertility-ivf-centre-sector-51-noida-6481796ad5e6d.JPG,ABS,practo,,1.0,canonical,1268,Q1,,Economy,0.179524
hosp_6d1c5d5d3f9cbc5c,MASSH-Minimal Access Smart Surgery Hospital,massh minimal access smart surgery hospital,Delhi NCR,Hospital,Nehru Place,,28.546919,77.249654,873da115affffff,,7.0,7.0,True,,1000.0,2500.0,3.5,103.0,,+918047284329,https://www.practo.com/delhi/hospital/massh-minimal-access-smart-surgery-hospital-nehru-place?referrer=hospital_listing,https://images1-fabric.practo.com/practices/1431379/massh-minimal-access-smart-surgery-hospital-delhi-64c4a867699ae.png,ABS,practo,,1.0,canonical,1269,Q1,,Economy,0.178993
hosp_2b5d7bc57064ff5d,KukrejaHospital,kukrejahospital,Delhi NCR,Hospital,Patparganj,,28.6216306,77.297967,873da1148ffffff,,14.0,10.0,True,,500.0,700.0,3.0,35.0,,+911140036729,https://www.practo.com/delhi/hospital/kukreja-hospital-mandawali?referrer=hospital_listing,https://images1-fabric.practo.com/kukreja-hospital-delhi-1482990768-5864a4b0e5916.jpg,VN,practo,,1.0,canonical,1270,Q1,,Economy,0.177983
hosp_96fe0e01f185a5da,Kriti Hospital,kriti hospital,Delhi NCR,Hospital,Gurgaon Sector 56,,28.424870041855392,77.09295272827148,873da118cffffff,,6.0,7.0,True,,0.0,1000.0,3.5,112.0,,+911141171878,https://www.practo.com/gurgaon/hospital/kriti-hospital-gurgaon-sector-56?referrer=hospital_listing,https://images1-fabric.practo.com/kriti-hospital-gurgaon-1478163314-581afb72cf925.jpg,VN,practo,,1.0,canonical,1271,Q1,,Economy,0.176582
hosp_7c7c4a48a9237e10,Genesis Hospital,genesis hospital,Delhi NCR,Hospital,Gurgaon Sector 84,,28.40650097534,76.955860269106,873da11b0ffffff,,5.0,5.0,True,,1000.0,1500.0,3.0,26.0,,+914471967714,https://www.practo.com/gurgaon/hospital/genesis-hospital-1-gurgaon-sector-84-1?referrer=hospital_listing,https://images1-fabric.practo.com/practices/1258523/genesis-hospital-gurgaon-5cf6c30e120b0.jpg,VN,practo,,1.0,canonical,1272,Q1,,Economy,0.176454
hosp_693f240f468f713c,Asg Eye Hospitals,asg eye hospitals,Delhi NCR,Hospital,Sector 27,,28.571489548298,77.328090235183,873da1060ffffff,,4.0,1.0,True,,500.0,500.0,3.5,66.0,,+917948501148,https://www.practo.com/noida/hospital/asg-eye-hospital-noida-sector-27?referrer=hospital_listing,https://images1-fabric.practo.com/practices/1633514/asg-eye-hospital-noida-noida-67d7b94a25adc.png,ABS,practo,,1.0,canonical,1273,Q1,,Economy,0.175947
hosp_6c7f841708ec14d8,Krishna Hospital,krishna hospital,Delhi NCR,Hospital,Pitampura,,28.690262,77.135572,873da18caffffff,,5.0,4.0,True,,500.0,700.0,2.5,15.0,,+911161260620,https://www.practo.com/delhi/hospital/krishna-hospital?referrer=hospital_listing,https://images1-fabric.practo.com/krishna-hospital-delhi-1476090051-57fb58c30bae0.jpg,VN,practo,,1.0,canonical,1274,Q1,,Economy,0.175805
hosp_11a27e716fae2bb2,Institute Of Liver And Biliary Sciences,institute liver biliary sciences,Delhi NCR,Hospital,Vasant Kunj,,28.50626,77.16505,873da1022ffffff,,15.0,8.0,True,,0.0,500.0,3.5,353.0,,+918037311710,https://www.practo.com/delhi/hospital/institute-of-liver-and-biliary-sciences-vasant-kunj?referrer=hospital_listing,https://images1-fabric.practo.com/institute-of-liver-and-biliary-sciences-delhi-1473328674-57d13622dcbe2.png,VN,practo,,1.0,canonical,1275,Q1,,Economy,0.175387
hosp_c6aa093da96fabb3,Samyak Hospital,samyak hospital,Delhi NCR,Hospital,Shalimar Bagh,,28.706774360878853,77.16341972351074,873da18cbffffff,,3.0,6.0,True,,0.0,800.0,3.0,27.0,,+918047284077,https://www.practo.com/delhi/hospital/samyak-hospital-shalimar-bagh-3?referrer=hospital_listing,https://images1-fabric.practo.com/practices/1124655/samyak-hospital-delhi-66699593c8e75.png,ABS,practo,,1.0,canonical,1276,Q1,,Economy,0.175125
hosp_8d2efa5d3410895e,Santosh Hospital,santosh hospital,Delhi NCR,Hospital,Nehru Nagar,,28.669753585527435,77.43218444287777,873da1a9dffffff,,3.0,3.0,True,,200.0,500.0,3.0,24.0,,+911161262759,https://www.practo.com/ghaziabad/hospital/victor-clinic-tapovan?referrer=hospital_listing,https://images1-fabric.practo.com/practices/1233610/santosh-hospital-ghaziabad-66583c4e9af88.png,VN,practo,,1.0,canonical,1277,Q1,,Economy,0.174927
hosp_731383c61cb89d80,St. Stephen’s Hospital,st stephens hospital,Delhi NCR,Hospital,DLF Phase III,,28.48614988331563,77.10464715957642,873da1034ffffff,,4.0,5.0,True,1.0,200.0,650.0,2.5,16.0,,+911140036753,https://www.practo.com/gurgaon/hospital/st-stephen-s-hospital-1-dlf-phase-iii?referrer=hospital_listing,https://images1-fabric.practo.com/st-stephen-s-hospital-gurgaon-1467867645-577de1fd334da.jpeg,VN,practo,,1.0,canonical,1278,Q1,,Economy,0.173426
hosp_5d7a5d7eb217f189,Shivalik Hospital,shivalik hospital,Delhi NCR,Hospital,Sector 51,,28.584168426684,77.369234254584,873da106effffff,,2.0,3.0,False,,500.0,500.0,3.5,11.0,,+911161260801,https://www.practo.com/noida/hospital/shivalik-hospital-5-sector-51-1?referrer=hospital_listing,https://images1-fabric.practo.com/practices/1151305/shivalik-hospital-noida-5b1a13743ddba.jpg,VN,practo,,1.0,canonical,1279,Q1,,Economy,0.171416
hosp_7093d9c9b7e1baa6,Navjeevan Hospital,navjeevan hospital,Delhi NCR,Hospital,Pitampura,,28.6949272,77.1084898,873da18ddffffff,,5.0,4.0,True,,300.0,600.0,3.0,28.0,,+911140036734,https://www.practo.com/delhi/hospital/navjeevan-hospital-pitampura-2?referrer=hospital_listing,https://images1-fabric.practo.com/practices/676216/navjeevan-hospital-delhi-67f8b2bad8508.png,VN,practo,,1.0,canonical,1280,Q1,,Economy,0.17107
hosp_d3b19645c1314478,Pushpanjali Gynae Centre,pushpanjali gynae centre,Delhi NCR,Hospital,Green Field Colony,,28.465683040744,77.298973690558,873da100bffffff,,1.0,3.0,False,,600.0,600.0,3.5,11.0,,+911161191399,https://www.practo.com/faridabad/hospital/pushpanjali-gynae-centre-sector-86?referrer=hospital_listing,https://images1-fabric.practo.com/practices/988424/pushpanjali-gynae-centre-faridabad-5bcf6d3babf4d.jpg,VN,practo,,1.0,canonical,1281,Q1,,Economy,0.170694
hosp_c3dba90548b2e980,Jeevan Anmol Hospital,jeevan anmol hospital,Delhi NCR,Hospital,Mayur Vihar Ph-I,,28.60789,77.30549,873da114bffffff,,18.0,16.0,True,,0.0,1500.0,2.5,37.0,2000.0,+911140036729,https://www.practo.com/delhi/hospital/jeevan-anmol-hospital-mayur-vihar-ph-i?referrer=hospital_listing,https://images1-fabric.practo.com/jeevan-anmol-hospital-delhi-1441619483-55ed5e1b49af2.png,VN,practo,,1.0,canonical,1282,Q1,,Economy,0.170619
hosp_ea52ac2f84b01807,Soch Eye Care,soch eye care,Delhi NCR,Hospital,Anand Vihar,,28.659499969307095,77.31389741809677,873da1ab2ffffff,,2.0,1.0,False,,800.0,1100.0,3.5,11.0,,+917948501155,https://www.practo.com/delhi/hospital/soch-eye-care-anand-vihar?referrer=hospital_listing,https://images1-fabric.practo.com/practices/1714357/soch-eye-care-a-unit-of-ub-ophthalmology-llp-delhi-6810c908b63c8.png,ABS,practo,,1.0,canonical,1283,Q1,,Economy,0.167643
hosp_713aef56e922f398,Paras Hospital,paras hospital,Delhi NCR,Hospital,Vaishali,,28.647134680889,77.344737052917,873da1a94ffffff,,14.0,15.0,True,,500.0,1500.0,2.5,27.0,,+911141169399,https://www.practo.com/ghaziabad/hospital/paras-hospital-12-vaishali-1?referrer=hospital_listing,https://images1-fabric.practo.com/practices/1208524/paras-hospital-ghaziabad-5b508c3ad345f.png,VN,practo,,1.0,canonical,1284,Q1,,Economy,0.166691
hosp_2a4b3e5e1db9b99a,Park Hospital,park hospital,Delhi NCR,Hospital,Palam Vihar,,28.51840236021657,77.0389598608017,873da1111ffffff,,39.0,19.0,True,1.0,0.0,1500.0,3.0,92.0,,+918047091132,https://www.practo.com/gurgaon/hospital/park-hospital-palam-vihar?referrer=hospital_listing,https://images1-fabric.practo.com/practices/1457417/park-hospital-gurgaon-664ad4b75fc92.jpeg,ABS,practo,,1.0,canonical,1285,Q1,,Economy,0.16554
hosp_60e97c7b54d01b78,Sharp Sight Centre,sharp sight centre,Delhi NCR,Hospital,RK Puram,,28.574644,77.163586,873da1154ffffff,,3.0,1.0,False,2.0,400.0,500.0,3.5,13.0,,+917948501308,https://www.practo.com/delhi/hospital/sharp-sight-centre-shanti-niketan?referrer=hospital_listing,https://images1-fabric.practo.com/sharp-sight-centre-shantiniketan-delhi-1486203664-5895ab10e9f80.jpg,ABS,practo,,1.0,canonical,1286,Q1,,Economy,0.165391
hosp_f311ddc92e14ffe3,Saraswati Hospital,saraswati hospital,Delhi NCR,Hospital,Gurgaon Sector 14,,28.468613,77.0381589,873da11acffffff,,5.0,6.0,False,,0.0,500.0,3.5,22.0,,+911140036757,https://www.practo.com/gurgaon/hospital/saraswati-hospital-gurgaon-sector-14?referrer=hospital_listing,https://images1-fabric.practo.com/practices/724017/saraswati-hospital-gurgaon-5997e9835e37b.png,VN,practo,,1.0,canonical,1287,Q1,,Economy,0.165001
hosp_1d6634d1abd984b7,Banarasi Das Chandiwal institute of Medical sciences Physiotherapy Department,banarasi das chandiwal institute medical sciences physiotherapy department,Delhi NCR,Hospital,Kalkaji,,18.9540421,72.8260998,87608b189ffffff,,5.0,5.0,True,,300.0,500.0,3.0,33.0,,+911140036724,https://www.practo.com/delhi/hospital/banarasi-das-chandiwal-institute-of-medical-sciences-physiotherapy-department-kalkaji?referrer=hospital_listing,,VN,practo,,1.0,canonical,1288,Q1,,Economy,0.164973
hosp_c8a68bb44d952e2e,Centre For Sight,centre for sight,Delhi NCR,Hospital,Railway Road,,28.4683291,77.026243,873da11a1ffffff,,7.0,1.0,False,1.0,650.0,3000.0,3.5,17.0,,+918047284028,https://www.practo.com/gurgaon/hospital/center-for-sight-railway-road-1?referrer=hospital_listing,https://images1-fabric.practo.com/practices/838178/centre-for-sight-gurgaon-58e3e51f3616f.jpg,ABS,practo,,1.0,canonical,1289,Q1,,Economy,0.162882
hosp_e7b64e22264fe47c,RG ENT Hospital,rg ent hospital,Delhi NCR,Hospital,Railway Road,,28.472393,77.020104,873da11a1ffffff,,1.0,1.0,False,,600.0,600.0,3.5,14.0,,+911140787308,https://www.practo.com/gurgaon/hospital/rg-ent-hospital-railway-road-2?referrer=hospital_listing,https://images1-fabric.practo.com/rg-ent-hospital-1449221536-56615da0e5018.png,VN,practo,,1.0,canonical,1290,Q1,,Economy,0.162532
hosp_d22bd4d1dea1bead,Shroff Eye Centre,shroff eye centre,Delhi NCR,Hospital,Kailash Colony,,28.55418,77.24302,873da102dffffff,,16.0,3.0,True,10.0,0.0,1600.0,3.0,38.0,,+911140849480,https://www.practo.com/delhi/hospital/shroff-eye-centre-kailash-colony?referrer=hospital_listing,https://images1-fabric.practo.com/shroff-eye-centre-kailash-colony-delhi-1466408287-57679d5fbbd2b.jpeg,VN,practo,,1.0,canonical,1291,Q1,,Economy,0.162094
hosp_8544a42e529337f1,QRG Central Hospital and Research Centre,qrg central hospital research centre,Delhi NCR,Hospital,Sector 20A,,28.39358,77.31023,873da10f1ffffff,,3.0,3.0,False,,300.0,550.0,3.5,19.0,,+917971171887,https://www.practo.com/faridabad/hospital/qrg-central-hospital-and-research-centre-sector-20a?referrer=hospital_listing,,VN,practo,,1.0,canonical,1292,Q1,,Economy,0.161313
hosp_e1b22d58dff47dba,Vinayak Hospital,vinayak hospital,Delhi NCR,Hospital,Sector 27,,28.57124,77.328244,873da1060ffffff,,24.0,19.0,True,,600.0,1500.0,3.0,82.0,,+917948501256,https://www.practo.com/noida/hospital/vinayak-hospital-sector-27-2?referrer=hospital_listing,https://images1-fabric.practo.com/practices/1145763/vinayak-hospital-noida-5ac38d9b98c28.jpg,ABS,practo,,1.0,canonical,1293,Q1,,Economy,0.159892
hosp_df03f427325aa6fc,Dr Batra's Positive Health Clinic Pvt Ltd,dr batra s positive health clinic,Delhi NCR,Hospital,Gurgaon Sector 14,,28.47637178030053,77.04519046470523,873da11acffffff,,2.0,1.0,False,1.0,499.0,499.0,3.5,17.0,,+911140848836,https://www.practo.com/gurgaon/hospital/dr-batra-s-positive-health-clinic-pvt-ltd-2-gurgaon-sector-14?referrer=hospital_listing,https://images1-fabric.practo.com/practices/1238126/dr-batra-s-positive-health-clinic-pvt-ltd-gurgaon-641065c75f1ec.png,VN,practo,,1.0,canonical,1294,Q1,,Economy,0.159272
hosp_7678100db471646d,Sehgal Nursing Home By Dr. Ruchi Malhotra,sehgal nursing home dr ruchi malhotra,Delhi NCR,Hospital,Kingsway Camp,,28.714266628975267,77.17259220778942,873da18cbffffff,,3.0,3.0,True,1.0,1000.0,2000.0,3.5,225.0,,+918037296912,https://www.practo.com/delhi/hospital/fsivf-and-research-center-adarsh-nagar?referrer=hospital_listing,https://images1-fabric.practo.com/practices/702626/sehgal-nursing-home-by-dr-ruchi-malhotra-delhi-67625bf84d8f1.png,VN,practo,,1.0,canonical,1295,Q1,,Economy,0.157616
hosp_7f9caa0891c9c03c,Ortho Plus Fracture Clinic,ortho plus fracture clinic,Delhi NCR,Hospital,Railway Road,,28.623706283277,76.681137084961,873da1d66ffffff,,1.0,1.0,False,,800.0,800.0,3.5,18.0,,+917971262940,https://www.practo.com/gurgaon/hospital/esic-hospital-gurgaon-sector-4?referrer=hospital_listing,,VN,practo,,1.0,canonical,1296,Q1,,Economy,0.157304
hosp_74755fa9a96f8fbb,SCI IVF Hospital,sci ivf hospital,Delhi NCR,Hospital,Kailash Colony,,28.55280544064176,77.24463701248169,873da115affffff,,1.0,2.0,False,,1000.0,1000.0,3.5,22.0,,+911142213847,https://www.practo.com/delhi/hospital/sci-ivf-hospital-kailash-colony?referrer=hospital_listing,https://images1-fabric.practo.com/sci-ivf-hospital-delhi-1475867799-57f7f497ae09d.jpg,VN,practo,,1.0,canonical,1297,Q1,,Economy,0.154566
hosp_43275a8c20c700cc,Yashroop Hospital,yashroop hospital,Delhi NCR,Hospital,Gurgaon Sector 9,,28.464233,76.99175,873da11a0ffffff,,4.0,5.0,True,,400.0,800.0,2.5,22.0,,+914446315859,https://www.practo.com/gurgaon/hospital/yashroop-hospital-gurgaon-sector-9-1?referrer=hospital_listing,https://images1-fabric.practo.com/practices/1182430/yashroop-hospital-gurgaon-5aaa405a250c4.png,VN,practo,,1.0,canonical,1298,Q1,,Economy,0.154258
hosp_cbbade981521c113,Centre for Sight,centre for sight,Delhi NCR,Hospital,Rajouri Garden,,28.6408944,77.1185142,873da18daffffff,,4.0,1.0,False,6.0,750.0,1500.0,3.5,24.0,,+918047284065,https://www.practo.com/delhi/hospital/center-for-sight-rajouri-garden-1?referrer=hospital_listing,https://images1-fabric.practo.com/practices/838149/centre-for-sight-rajouri-garden-delhi-58e3e35c60143.jpg,ABS,practo,,1.0,canonical,1299,Q1,,Economy,0.152728
hosp_55341aa4f942dd2b,Sheetla Hospital ,sheetla hospital,Delhi NCR,Hospital,Railway Road,,28.4683549,77.02564,873da11a1ffffff,,7.0,6.0,True,,400.0,500.0,2.5,24.0,,+911140787308,https://www.practo.com/gurgaon/hospital/sheetla-hospital-railway-road-1?referrer=hospital_listing,https://images1-fabric.practo.com/practices/675183/sheetla-hospital-gurgaon-58edc7e2e62c6.png,VN,practo,,1.0,canonical,1300,Q1,,Economy,0.152623
hosp_e9151335932ab9ea,C K Memorial Kapoor Hospital,c k memorial kapoor hospital,Delhi NCR,Hospital,New Industrial Township 3,,28.397635,77.295516,873da10f1ffffff,,4.0,5.0,True,,200.0,300.0,3.0,62.0,2002.0,+917971262940,https://www.practo.com/faridabad/hospital/c-k-memorial-kapoor-hospital-new-industrial-township-3?referrer=hospital_listing,,VN,practo,,1.0,canonical,1301,Q1,,Economy,0.15245
hosp_2835f3d398c5001e,Mother And Child Hospital,mother child hospital,Delhi NCR,Hospital,Defence Colony,,28.56791,77.2341,873da115effffff,,1.0,2.0,False,,2500.0,2500.0,3.0,11.0,,+917971262940,https://www.practo.com/delhi/hospital/mother-and-child-hospital-defence-colony?referrer=hospital_listing,,VN,practo,,1.0,canonical,1302,Q1,,Economy,0.151653
hosp_5499698e62093805,Mehta Urology Hospital,mehta urology hospital,Delhi NCR,Hospital,Saket,,28.522791,77.210999,873da102effffff,,1.0,1.0,True,,800.0,800.0,3.0,35.0,,+914446314757,https://www.practo.com/delhi/hospital/mehta-urology-hospital-saket?referrer=hospital_listing,https://images1-fabric.practo.com/practices/883760/mehta-urology-hospital-delhi-59952f5785e78.png,VN,practo,,1.0,canonical,1303,Q1,,Economy,0.151616
hosp_c397b15e5bd5a7ad,Krishna Hospital & Trauma Centre,krishna hospital trauma centre,Delhi NCR,Hospital,Patel Nagar,,28.6691831861669,77.4237076565623,873da1a9dffffff,,3.0,2.0,False,,400.0,500.0,3.5,31.0,,+911140849671,https://www.practo.com/ghaziabad/hospital/krishna-hospital-trauma-centre-patel-nagar-1?referrer=hospital_listing,,VN,practo,,1.0,canonical,1304,Q1,,Economy,0.147348
hosp_7fd6a28ca0580b14,Eye Q Super Speciality Eye Hospital,eye q super speciality eye hospital,Delhi NCR,Hospital,Gurgaon Sector 27,,28.463043,77.090113,873da11a9ffffff,,8.0,1.0,False,2.0,0.0,1650.0,3.5,35.0,,+917948501324,https://www.practo.com/gurgaon/hospital/eye-q-super-speciality-eye-hospital-dlf-phase-i?referrer=hospital_listing,https://images1-fabric.practo.com/559bc36c2c25b08465f82ecfe10ca2c25738173312f6e.jpg,ABS,practo,,1.0,canonical,1305,Q1,,Economy,0.145841
hosp_dc5fe12e9447bb05,Pihu Dental Hospital,pihu dental hospital,Delhi NCR,Hospital,Sector 122,,28.590798354883,77.397403568029,873da1068ffffff,,1.0,1.0,False,,500.0,500.0,3.5,29.0,,+918037310980,https://www.practo.com/noida/hospital/pihu-dental-clinic-implant-centre-sector-120?referrer=hospital_listing,https://images1-fabric.practo.com/54f6f03f1a74bfd456406745d816a45cae554c788e754.jpg,VN,practo,,1.0,canonical,1306,Q1,,Economy,0.145762
hosp_1e5dd14aee090eaf,Hamra Hospital -Hamara Pariwar,hamra hospital hamara pariwar,Delhi NCR,Hospital,Manesar,,28.36219639433611,76.94620940834284,873da1cc9ffffff,,1.0,2.0,False,,300.0,300.0,3.5,34.0,,+911161262036,https://www.practo.com/gurgaon/hospital/hamra-hospital-hamara-pariwar-manesar?referrer=hospital_listing,,VN,practo,,1.0,canonical,1307,Q1,,Economy,0.14345
hosp_05237d8197729c72,Kamla Hospital,kamla hospital,Delhi NCR,Hospital,Pataudi,,28.44615708790771,76.9917368888855,873da11a0ffffff,,11.0,10.0,False,,500.0,2000.0,2.5,15.0,,+917948501147,https://www.practo.com/gurgaon/hospital/kamla-hospital-2-pataudi?referrer=hospital_listing,https://images1-fabric.practo.com/practices/1608023/kamla-hospital-gurgaon-679b2986d8476.png,ABS,practo,,1.0,canonical,1308,Q1,,Economy,0.141458
hosp_f6bb561b44009f55,Sanjeevani Hospital,sanjeevani hospital,Delhi NCR,Hospital,Sohna Road,,28.4663964,77.0168137,873da11a1ffffff,,2.0,3.0,False,,500.0,600.0,3.5,41.0,,+911140787308,https://www.practo.com/gurgaon/hospital/sanjeevani-hospital-sohna-road?referrer=hospital_listing,https://images1-fabric.practo.com/53a1151888393242d5ee9035a64208e0395c4b9dbe320.png,VN,practo,,1.0,canonical,1309,Q1,,Economy,0.141003
hosp_54bc5ca1105fe9ef,Panchsheel Hospital,panchsheel hospital,Delhi NCR,Hospital,Yamuna Vihar,,28.7017707,77.2772017,873da1b9affffff,,12.0,11.0,True,,0.0,800.0,2.5,36.0,,+911140036747,https://www.practo.com/delhi/hospital/panchsheel-hospital-yamuna-vihar-2?referrer=hospital_listing,https://images1-fabric.practo.com/practices/1170821/panchsheel-hospital-delhi-664b0207c7b3a.png,VN,practo,,1.0,canonical,1310,Q1,,Economy,0.137196
hosp_9bf65789513b262c,Sanjeevani Hospital,sanjeevani hospital,Delhi NCR,Hospital,Jasola,,28.543989543642976,77.29504745453596,873da1075ffffff,,10.0,8.0,True,,400.0,1000.0,2.5,33.0,,+917948501191,https://www.practo.com/delhi/hospital/sanjeevani-hospital-34-jasola?referrer=hospital_listing,https://images1-fabric.practo.com/practices/1193874/sanjeevani-hospital-delhi-664ad9f4f419f.jpg,ABS,practo,,1.0,canonical,1311,Q1,,Economy,0.136421
hosp_cdf9baf66894315e,"Centre For Sight, Dwarka, Delhi",centre for sight dwarka delhi,Delhi NCR,Hospital,Dwarka Sector 9,,28.5803422,77.0645305,873da1105ffffff,,19.0,1.0,False,6.0,700.0,3000.0,3.5,68.0,,+917948501143,https://www.practo.com/delhi/hospital/centre-for-sight-dwarka-delhi-dwarka-sector-9?referrer=hospital_listing,,ABS,practo,,1.0,canonical,1312,Q1,,Economy,0.136016
hosp_8b3c695564b60415,The Neptune Hospital,neptune hospital,Delhi NCR,Hospital,Safdarjung Enclave,,28.5629543,77.1863912,873da1150ffffff,,9.0,10.0,True,,1500.0,1500.0,3.0,76.0,,+918047284094,https://www.practo.com/delhi/hospital/neptune-safdarjung-enclave?referrer=hospital_listing,https://images1-fabric.practo.com/practices/1390559/the-neptune-hospital-delhi-667530fd53fd7.png,ABS,practo,,1.0,canonical,1313,Q1,,Economy,0.135624
hosp_67f151b02954a16d,Eye Q Hospital,eye q hospital,Delhi NCR,Hospital,Railway Road,,28.46827,77.025566,873da11a1ffffff,,11.0,1.0,False,2.0,850.0,1500.0,3.0,23.0,,+917948501088,https://www.practo.com/gurgaon/hospital/eyeq-hospital-railway-road?referrer=hospital_listing,https://images1-fabric.practo.com/practices/1287960/eye-q-hospital-gurgaon-65337386a805e.png,ABS,practo,,1.0,canonical,1314,Q1,,Economy,0.128854
hosp_8f392f70812a85dd,Narender Mohan Hospital,narender mohan hospital,Delhi NCR,Hospital,Mohan Nagar,,28.6794,77.38493,873da1a80ffffff,,10.0,10.0,True,,0.0,1000.0,2.5,39.0,,+911140849621,https://www.practo.com/ghaziabad/hospital/narender-mohan-hospital-mohan-nagar?referrer=hospital_listing,,VN,practo,,1.0,canonical,1315,Q1,,Economy,0.127973
hosp_99365cfb356de945,Ayur Skin Clinic.,ayur skin clinic,Delhi NCR,Hospital,Karol Bagh,,28.65271969336315,77.18935769051313,873da1162ffffff,,1.0,1.0,False,1.0,400.0,400.0,3.5,62.0,,+914448134926,https://www.practo.com/delhi/hospital/ayur-skin-clinic-karol-bagh?referrer=hospital_listing,,VN,practo,,1.0,canonical,1316,Q1,,Economy,0.125398
hosp_c43509f3d8e1fcb4,Chandraleela Hospital,chandraleela hospital,Delhi NCR,Hospital,Uttam Nagar,,28.6294016,77.08672,873da112dffffff,,4.0,4.0,True,,600.0,800.0,2.5,42.0,2004.0,+918047284038,https://www.practo.com/delhi/hospital/chandar-leela-hospital-uttam-nagar?referrer=hospital_listing,https://images1-fabric.practo.com/practices/677349/chandar-leela-hospital-delhi-67ebc191ba097.png,ABS,practo,,1.0,canonical,1317,Q1,,Economy,0.125155
hosp_ba99c58d932aaa12,Centre For Sight,centre for sight,Delhi NCR,Hospital,Gurgaon Sector 29,,28.463864,77.065418,873da11a8ffffff,,11.0,1.0,False,1.0,1000.0,3000.0,3.5,114.0,,+918047284113,https://www.practo.com/gurgaon/hospital/center-for-sight-gurgaon-sector-29?referrer=hospital_listing,https://images1-fabric.practo.com/practices/1172288/centre-for-sight-gurgaon-5a5adb4aeeb86.png,ABS,practo,,1.0,canonical,1318,Q1,,Economy,0.118528
hosp_3857966f9aaf90b1,Sharp Sight Centre,sharp sight centre,Delhi NCR,Hospital,Rajendra Nagar,,28.635308,77.22496,873da1145ffffff,,8.0,1.0,False,,400.0,1000.0,2.5,17.0,,+917948501307,https://www.practo.com/delhi/hospital/sharp-sight-centre-rajendra-nagar?referrer=hospital_listing,https://images1-fabric.practo.com/548585c48ce72144cb8381aea8b7eb240d8c884e65495.jpg,ABS,practo,,1.0,canonical,1319,Q1,,Economy,0.11533
hosp_bc9641f257bcd011,Centre for Sight,centre for sight,Delhi NCR,Hospital,Sector 75,,28.573098,77.379,873da106effffff,,15.0,1.0,False,,350.0,1500.0,3.0,34.0,,+918047284121,https://www.practo.com/noida/hospital/centre-for-sight-1-sector-75?referrer=hospital_listing,,RFA,practo,,1.0,canonical,1320,Q1,,Economy,0.113167
hosp_cc2d4692cdee6842,Harsh ENT Hospital,harsh ent hospital,Delhi NCR,Hospital,Raj Nagar,,28.67537,77.44355,873da1a8effffff,,3.0,4.0,False,,300.0,1000.0,3.5,172.0,,+911143078817,https://www.practo.com/ghaziabad/hospital/harsh-ent-hospital-raj-nagar?referrer=hospital_listing,https://images1-fabric.practo.com/practices/1043462/harsh-ent-hospital-ghaziabad-675188c90c403.png,VN,practo,,1.0,canonical,1321,Q1,,Economy,0.111943
hosp_f7adba46f5532879,Saroj Hospital,saroj hospital,Delhi NCR,Hospital,Rohini,,28.705946264564464,77.1289211511612,873da18ceffffff,,25.0,21.0,True,,0.0,1000.0,2.5,75.0,,+911140849480,https://www.practo.com/delhi/hospital/saroj-hospital-rohini-2?referrer=hospital_listing,https://images1-fabric.practo.com/practices/679505/saroj-hospital-delhi-66570cfb426fe.png,VN,practo,,1.0,canonical,1322,Q1,,Economy,0.11148
hosp_84dae65c4226a612,A.S. Kidney Hospital & Stone Centre Pvt. Ltd,s kidney hospital stone centre,Delhi NCR,Hospital,Dwarka,,28.606112714712,77.080756388605,873da1128ffffff,,1.0,1.0,False,,500.0,500.0,3.0,30.0,,+914471967006,https://www.practo.com/delhi/hospital/a-s-kidney-hospital-stone-centre-pvt-ltd-dwarka?referrer=hospital_listing,https://images1-fabric.practo.com/practices/987794/a-s-kidney-hospital-stone-centre-pvt-ltd-delhi-595c70b10e49a.png,VN,practo,,1.0,canonical,1323,Q1,,Economy,0.109205
hosp_56d02b422e1734c9,Shree Narayan Hospital,shree narayan hospital,Delhi NCR,Hospital,Indirapuram,,28.641447560354,77.362485816702,873da1a90ffffff,,2.0,3.0,False,,800.0,1000.0,2.5,20.0,,+911161260165,https://www.practo.com/ghaziabad/hospital/shree-narayan-hospital-indirapuram-1?referrer=hospital_listing,https://images1-fabric.practo.com/practices/1142451/shree-narayan-hospital-ghaziabad-590031baca9b2.png,VN,practo,,1.0,canonical,1324,Q1,,Economy,0.105059
hosp_e29d486e0e0a38b9,Mata Roop Rani Maggo Hospital,mata roop rani maggo hospital,Delhi NCR,Hospital,Janakpuri,,28.62094755315261,77.05066400493484,873da1121ffffff,,12.0,10.0,False,,0.0,1300.0,2.5,30.0,,+918047284078,https://www.practo.com/delhi/hospital/mata-roop-rani-maggo-hospital-1-janakpuri?referrer=hospital_listing,https://images1-fabric.practo.com/practices/1691418/mata-roop-rani-maggo-hospital-delhi-67ef936c6db12.png,ABS,practo,,1.0,canonical,1325,Q1,,Economy,0.098455
hosp_fca20202c1159677,Muni Maya Ram Jain Hospital,muni maya ram jain hospital,Delhi NCR,Hospital,Pitampura,,28.6990838,77.1391049,873da18caffffff,,29.0,12.0,False,,0.0,550.0,2.5,55.0,,+911140036734,https://www.practo.com/delhi/hospital/muni-maya-ram-jain-hospital-pitampura?referrer=hospital_listing,,VN,practo,,1.0,canonical,1326,Q1,,Economy,0.069872
hosp_b1951db4fc864d28,Meera Hospital,meera hospital,Delhi NCR,Hospital,Sector 22,,28.599283581899694,77.34638392925262,873da1061ffffff,,1.0,1.0,False,,500.0,500.0,2.5,39.0,,+911140849610,https://www.practo.com/noida/hospital/meera-hospital-sector-22?referrer=hospital_listing,https://images1-fabric.practo.com/54170e29d86a096d6f2e7e1f705ab5e59c84a6dc009b2.jpg,VN,practo,,1.0,canonical,1327,Q1,,Economy,0.054494
hosp_fd245cb18ae49812,ENT Eye Hospital,ent eye hospital,Delhi NCR,Hospital,Krishna Nagar,,28.6528931,77.2925632,873da114dffffff,,1.0,1.0,False,,500.0,500.0,2.5,49.0,,+911140036726,https://www.practo.com/delhi/hospital/ent-eye-hospital-krishna-nagar?referrer=hospital_listing,,VN,practo,,1.0,canonical,1328,Q1,,Economy,0.037498
