hospital_id,name,normalized_name,city,practice_type,locality,address,latitude,longitude,h3_res7,zone,doctors_count,speciality_count,multispeciality,other_centers_count,consultation_fee_min,consultation_fee_max,rating,reviews_count,year_established,phone,profile_url,image_url,status,source,scraped_at,data_completeness,dedupe_status,city_rank,quartile,q4_subquartile,segment,hospital_score
hosp_c6ac20a2cedd5668,I K Hospitals,i k hospitals,Chennai,Hospital,Anna Nagar,,13.086960720815355,80.19900441169739,87618c4d3ffffff,,3.0,5.0,True,,0.0,300.0,5.0,5865.0,,+914448134923,https://www.practo.com/chennai/hospital/i-k-hospitals-anna-nagar-2?referrer=hospital_listing,,VN,practo,,1.0,canonical,1,Q4,Q4-Sub-Q4,Ultra Premium,0.662946
hosp_8d34ef73293ddcaa,Laser and Laparoscopic Hospital,laser laparoscopic hospital,Chennai,Hospital,T Nagar,,13.04332764473191,80.23716864417923,87618c4f2ffffff,,7.0,6.0,True,,0.0,800.0,5.0,1303.0,1955.0,+914440114719,https://www.practo.com/chennai/hospital/laser-and-laparoscopic-hospital-t-nagar?referrer=hospital_listing,https://images1-fabric.practo.com/practices/1136353/laser-and-laparoscopic-hospital-chennai-590ae90285e9b.jpg,ABS,practo,,1.0,canonical,2,Q4,Q4-Sub-Q4,Ultra Premium,0.520052
hosp_7d3fd056edd40008,Sri Ramachandra Medical Center,sri ramachandra medical center,Chennai,Hospital,Porur,,13.043361009724773,80.13874361077485,87618c4ceffffff,,36.0,25.0,True,,0.0,1000.0,5.0,252.0,1985.0,+914446276053,https://www.practo.com/chennai/hospital/sri-ramachandra-medical-centre-mugalivakkam?referrer=hospital_listing,https://images1-fabric.practo.com/practices/1063018/sri-ramachandra-medical-center-chennai-595e32d834094.jpg,VN,practo,,1.0,canonical,3,Q4,Q4-Sub-Q4,Ultra Premium,0.505729
hosp_ae37116031570f9f,Dr. Kamakshi Memorial Hospital,dr kamakshi memorial hospital,Chennai,Hospital,Pallikaranai,,12.94903212812409,80.20897015929222,87618c4e5ffffff,,81.0,43.0,True,,0.0,1500.0,4.5,1138.0,2004.0,+914448132959,https://www.practo.com/chennai/hospital/dr-kamakshi-memorial-hospital-pallikaranai-3?referrer=hospital_listing,https://images1-fabric.practo.com/practices/1137076/dr-kamakshi-memorial-hospital-chennai-67b8205d93cad.png,VN,practo,,1.0,canonical,4,Q4,Q4-Sub-Q4,Ultra Premium,0.50121
hosp_3964386a27cffbdb,MIOT International Hospital,miot international hospital,Chennai,Hospital,Manapakkam,,13.02094854982778,80.1848316192627,87618c4c0ffffff,,36.0,26.0,True,,0.0,800.0,5.0,553.0,,+914446271656,https://www.practo.com/chennai/hospital/miot-international-hospital-manapakkam-2?referrer=hospital_listing,https://images1-fabric.practo.com/dr-s-palaniappan-miot-hospital-chennai-1450988376-567c53584ff5f.gif,RFA,practo,,1.0,canonical,5,Q4,Q4-Sub-Q4,Ultra Premium,0.497074
hosp_6d30682e3e246852,R.K. Eye Centre,r k eye centre,Chennai,Hospital,T Nagar,,13.04869,80.23115,87618c4f2ffffff,,2.0,1.0,False,,500.0,500.0,5.0,3122.0,,+918047283017,https://www.practo.com/chennai/hospital/r-k-eye-centre-1-t-nagar?referrer=hospital_listing,https://images1-fabric.practo.com/54e5d9dc53e8cf92de063198f54ec5bbd07a422eb45ef.jpg,ABS,practo,,1.0,canonical,6,Q4,Q4-Sub-Q4,Ultra Premium,0.48581
hosp_2db8e977f035df03,Cloudnine Hospital,cloudnine hospital,Chennai,Hospital,T Nagar,,13.04336,80.246181,87618c4f2ffffff,,14.0,5.0,True,,400.0,1000.0,5.0,983.0,2007.0,+918037318834,https://www.practo.com/chennai/hospital/cloud-nine-hospital-tnagar?referrer=hospital_listing,https://images1-fabric.practo.com/555344912bbe30ca8a8c019d3a1c84b6d58b0e15510ea.png,ABS,practo,,1.0,canonical,7,Q4,Q4-Sub-Q4,Ultra Premium,0.47404
hosp_269d02d5018e683e,C.M.Hospital,c m hospital,Chennai,Hospital,Nanganallur,,12.98574,80.18598,87618c4e3ffffff,,11.0,11.0,True,,300.0,450.0,5.0,645.0,2000.0,+914461712656,https://www.practo.com/chennai/hospital/c-m-hospital-nanganallur?referrer=hospital_listing,https://images1-fabric.practo.com/55014f758211a68a4bcb59ac9c72acfcb68c4be30550b.jpg,VN,practo,,1.0,canonical,8,Q4,Q4-Sub-Q4,Ultra Premium,0.472918
hosp_ae76f941747c3bec,Astra Ortho N Spine Center,astra ortho n spine center,Chennai,Hospital,Velachery,,12.98973,80.21792,87618c4e2ffffff,,3.0,4.0,True,1.0,500.0,700.0,5.0,1485.0,,+914440116828,https://www.practo.com/chennai/hospital/astra-ortho-n-spine-center-velachery?referrer=hospital_listing,https://images1-fabric.practo.com/556eb686437b8bb3c83b9fb38c904fc7f9177ccee3040.png,ABS,practo,,1.0,canonical,9,Q4,Q4-Sub-Q4,Ultra Premium,0.471037
hosp_df02ff05ff25b172,A4 Hospital,a4 hospital,Chennai,Hospital,Valasaravakkam,,13.048848577435,80.181363523006,87618c4c2ffffff,,7.0,8.0,True,,300.0,800.0,5.0,1217.0,,+914446270809,https://www.practo.com/chennai/hospital/a4-hospital-valasaravakkam?referrer=hospital_listing,https://images1-fabric.practo.com/practices/665859/metro-speciality-clinic-chennai-5a001202e1f33.PNG,VN,practo,,1.0,canonical,10,Q4,Q4-Sub-Q4,Ultra Premium,0.470321
hosp_629241ef0b2241a6,Jayam Hospital & GFC Fertility,jayam hospital gfc fertility,Chennai,Hospital,Kodambakkam,,13.05274,80.2244,87618c4d4ffffff,,4.0,4.0,True,,0.0,1000.0,5.0,892.0,1997.0,+914448132962,https://www.practo.com/chennai/hospital/jayam-hospital-gfc-fertility-kodambakkam-1?referrer=hospital_listing,https://images1-fabric.practo.com/5569beb5d0cd61e1f8bbfe3dc5f0ed830a3a7b808e60c.jpg,VN,practo,,1.0,canonical,11,Q4,Q4-Sub-Q4,Ultra Premium,0.468078
hosp_5312abae7fa50341,Parvathi Nursing Home,parvathi nursing home,Chennai,Hospital,KK Nagar,,13.04193,80.20706,87618c4f3ffffff,,5.0,6.0,True,,0.0,900.0,5.0,1273.0,,+914461712130,https://www.practo.com/chennai/hospital/parvathi-nursing-home-kk-nagar1?referrer=hospital_listing,https://images1-fabric.practo.com/b3205ef12f03e3563faefafe28fb690b,VN,practo,,1.0,canonical,12,Q4,Q4-Sub-Q4,Ultra Premium,0.467128
hosp_35fb12ab60be7aa1,MGM Healthcare Malar Hospitals,mgm healthcare malar hospitals,Chennai,Hospital,Adyar,,13.01012,80.25867,87618c4f4ffffff,,62.0,27.0,True,,500.0,1200.0,4.5,1165.0,1992.0,+914446276053,https://www.practo.com/chennai/hospital/fortis-malar-hospital-adyar-6?referrer=hospital_listing,https://images1-fabric.practo.com/practices/702067/mgm-healthcare-malar-hospitals-chennai-66c9931e1bc8a.png,VN,practo,,1.0,canonical,13,Q4,Q4-Sub-Q4,Ultra Premium,0.46371
hosp_52af303c647543b6,Yash Dental,yash dental,Chennai,Hospital,Adyar,,13.001878652626782,80.25104597210884,87618c4f4ffffff,,6.0,2.0,True,3.0,100.0,1500.0,5.0,1252.0,,+914448132961,https://www.practo.com/chennai/hospital/yash-dental-adyar?referrer=hospital_listing,https://images1-fabric.practo.com/practices/659113/yash-dental-chennai-63f5cdfe75e88.jpeg,VN,practo,,1.0,canonical,14,Q4,Q4-Sub-Q4,Ultra Premium,0.458413
hosp_58608583765c2211,MV Hospital for Diabetes,mv hospital for diabetes,Chennai,Hospital,Adyar,,13.0086,80.25869,87618c4f4ffffff,,2.0,5.0,True,1.0,950.0,950.0,5.0,548.0,1991.0,+914448134925,https://www.practo.com/chennai/hospital/mv-hospital-for-diabetes-mylapore?referrer=hospital_listing,https://images1-fabric.practo.com/practices/894931/mv-hospital-for-diabetes-chennai-59153b78c61ff.jpg,VN,practo,,1.0,canonical,15,Q4,Q4-Sub-Q4,Ultra Premium,0.455104
hosp_6eb5743d9efe0309,Medicare Eye Hospital,medicare eye hospital,Chennai,Hospital,Alwarpet,,13.045924075844,80.260348247645,87618c48dffffff,,1.0,1.0,True,,500.0,500.0,5.0,1234.0,,+918037319067,https://www.practo.com/chennai/hospital/medicare-eye-clinic-royapettah-1?referrer=hospital_listing,https://images1-fabric.practo.com/practices/709419/medicare-eye-hospital-chennai-5994537a681ce.jpg,ABS,practo,,1.0,canonical,16,Q4,Q4-Sub-Q4,Ultra Premium,0.451604
hosp_bdae6b9f553fdadc,Yash Dental,yash dental,Chennai,Hospital,Velachery,,12.978447691484,80.224788759369,87618c4e6ffffff,,3.0,2.0,True,3.0,500.0,1000.0,5.0,1134.0,,+914461712654,https://www.practo.com/chennai/hospital/yash-dental-velachery?referrer=hospital_listing,https://images1-fabric.practo.com/practices/648479/yash-dental-chennai-63f5ba390e8ab.png,VN,practo,,1.0,canonical,17,Q4,Q4-Sub-Q4,Ultra Premium,0.450587
hosp_731f6ef83c39012c,Meridian Hospital,meridian hospital,Chennai,Hospital,Kolathur,,13.1292935,80.2253236,87618eb21ffffff,,35.0,22.0,True,,0.0,1500.0,5.0,154.0,,+918047184925,https://www.practo.com/chennai/hospital/meridian-hospital-1-madhavaram?referrer=hospital_listing,https://images1-fabric.practo.com/practices/1351423/meridian-hospital-chennai-613064c528bde.png,ABS,practo,,1.0,canonical,18,Q4,Q4-Sub-Q4,Ultra Premium,0.450075
hosp_b2ddbe2c2d1d2f80,SR Dental Hospital,sr dental hospital,Chennai,Hospital,Tambaram East,,12.92047,80.14356,87618c45effffff,,1.0,1.0,True,,200.0,200.0,5.0,1157.0,,+911142246386,https://www.practo.com/chennai/hospital/sri-ragavendrar-dental-hospital-tambaram-east?referrer=hospital_listing,https://images1-fabric.practo.com/552228a1322c1a253bc758b58d914fc16866fd5b11353.png,VN,practo,,1.0,canonical,19,Q4,Q4-Sub-Q4,Ultra Premium,0.448004
hosp_0b8b17b55c629a2e,Madras Medical Mission Hospital,madras medical mission hospital,Chennai,Hospital,Mogappair,,13.08593,80.18718,87618c4d3ffffff,,21.0,15.0,True,,0.0,1000.0,5.0,106.0,1984.0,+914461711210,https://www.practo.com/chennai/hospital/madras-medical-mission-hospital-mogappair-west?referrer=hospital_listing,https://images1-fabric.practo.com/madras-medical-mission-mogappair-chennai-1453093267-569c7193e59d0.gif,VN,practo,,1.0,canonical,20,Q4,Q4-Sub-Q4,Ultra Premium,0.447736
hosp_ed2c51d422481441,Sri Balaji Hospital,sri balaji hospital,Chennai,Hospital,Guindy,,13.007631,80.206102,87618c4f1ffffff,,36.0,27.0,True,,0.0,1000.0,5.0,31.0,1981.0,+914448134923,https://www.practo.com/chennai/hospital/sri-balaji-hospital-guindy-2?referrer=hospital_listing,https://images1-fabric.practo.com/practices/1112035/sri-balaji-hospital-chennai-58ede1c2c6012.PNG,VN,practo,,1.0,canonical,21,Q4,Q4-Sub-Q4,Ultra Premium,0.44621
hosp_0788773831bd9a40,Dr Raman's Kidney Stone Centre,dr raman s kidney stone centre,Chennai,Hospital,Tambaram,,12.93507,80.12589,87618c45affffff,,1.0,1.0,False,2.0,400.0,400.0,5.0,1881.0,2008.0,+914471967153,https://www.practo.com/chennai/hospital/deepam-kidney-stone-center-tambaram?referrer=hospital_listing,https://images1-fabric.practo.com/practices/695221/dr-raman-kidney-stone-centre-chennai-5d81e102cdf34.jpg,VN,practo,,1.0,canonical,22,Q4,Q4-Sub-Q4,Ultra Premium,0.445849
hosp_e5df2c6bdd2e0b57,Root Canal Foundation,root canal foundation,Chennai,Hospital,Anna Nagar,,13.084967014041547,80.22448506206275,87618c4d6ffffff,,3.0,1.0,True,,600.0,600.0,5.0,1026.0,,+914440114419,https://www.practo.com/chennai/hospital/root-canal-foundation-anna-nagar1?referrer=hospital_listing,https://images1-fabric.practo.com/552391898e811977135c29c6711269321fde9cc5582cc.jpg,ABS,practo,,1.0,canonical,23,Q4,Q4-Sub-Q4,Ultra Premium,0.443315
hosp_f148f199fa98f060,VS Hospitals,vs hospitals,Chennai,Hospital,Chetpet,,13.0731,80.2527,87618c489ffffff,,16.0,9.0,True,1.0,500.0,2000.0,5.0,489.0,,+918047095608,https://www.practo.com/chennai/hospital/vs-hospitals-advanced-cancer-care-chetpet-2?referrer=hospital_listing,https://images1-fabric.practo.com/vs-hospitals-advanced-cancer-care-chennai-1472122859-57becfeb99e6a.png,ABS,practo,,1.0,canonical,24,Q4,Q4-Sub-Q4,Ultra Premium,0.441534
hosp_c9d33bbab429ed8d,Shree Ayurvedic Multispeciality Hospital,shree ayurvedic multispeciality hospital,Chennai,Hospital,West Mambalam,,13.039352,80.223721,87618c4f3ffffff,,6.0,2.0,True,,500.0,2000.0,5.0,857.0,,+914448132961,https://www.practo.com/chennai/hospital/shree-ayurvedic-multispeciality-hospital-west-mambalam?referrer=hospital_listing,https://images1-fabric.practo.com/practices/649624/shree-ayurvedic-multispeciality-hospital-chennai-60be20c6d82ef.jpg,VN,practo,,1.0,canonical,25,Q4,Q4-Sub-Q4,Ultra Premium,0.439441
hosp_730fe98b24e926c7,Dr.  Mehta's Hospitals - Global Campus,dr mehta s hospitals global campus,Chennai,Hospital,Poonamalle,,13.061185791167308,80.13566583410434,87618c4ddffffff,,17.0,16.0,True,,300.0,650.0,5.0,209.0,2018.0,+914471966980,https://www.practo.com/chennai/hospital/dr-mehta-s-hospitals-global-campus-poonamalle?referrer=hospital_listing,https://images1-fabric.practo.com/practices/1276557/dr-mehta-s-hospitals-chennai-658bb84e89c68.png,ABS,practo,,1.0,canonical,26,Q4,Q4-Sub-Q4,Ultra Premium,0.439121
hosp_1255250156a037ae,Medway Hospitals,medway hospitals,Chennai,Hospital,Kodambakkam,,13.053716453137,80.227735228837,87618c4d4ffffff,,20.0,15.0,True,,500.0,1200.0,5.0,245.0,,+914446312691,https://www.practo.com/chennai/hospital/medway-medical-centre-kodambakkam?referrer=hospital_listing,https://images1-fabric.practo.com/medway-medical-centre-chennai-1446188083-5633143333847.png,VN,practo,,1.0,canonical,27,Q4,Q4-Sub-Q4,Ultra Premium,0.437178
hosp_eaae9049878df704,Chennai Obesity & Gastro Surgeons Centre,chennai obesity gastro surgeons centre,Chennai,Hospital,Velachery,,12.97667,80.22402,87618c4e6ffffff,,1.0,4.0,True,,700.0,700.0,5.0,780.0,,+914461712655,https://www.practo.com/chennai/hospital/chennai-obesity-gastro-surgeons-thiruvanmiyur?referrer=hospital_listing,https://images1-fabric.practo.com/54c0f744465c278805a221a988e79ef3f42d7c5bfd418.jpg,ABS,practo,,1.0,canonical,28,Q4,Q4-Sub-Q4,Ultra Premium,0.435914
hosp_ba99617779a5f061,Maaya Speciality Hospitals,maaya speciality hospitals,Chennai,Hospital,Kolathur,,13.13164110862,80.212151563935,87618eb21ffffff,,5.0,9.0,True,4.0,100.0,500.0,5.0,534.0,,+914446314530,https://www.practo.com/chennai/hospital/maaya-speciality-hospitals-kolathur?referrer=hospital_listing,https://images1-fabric.practo.com/practices/1239072/maaya-speciality-hospitals-chennai-5d3198f689225.jpeg,VN,practo,,1.0,canonical,29,Q4,Q4-Sub-Q4,Ultra Premium,0.435903
hosp_5c748ea26db3df85,Vasantha Hospital,vasantha hospital,Chennai,Hospital,Washermenpet,,13.117396735617916,80.28801441236283,87618c499ffffff,,7.0,7.0,True,,0.0,500.0,5.0,275.0,2005.0,+914448134925,https://www.practo.com/chennai/hospital/vasantha-hospital-washermenpet-1?referrer=hospital_listing,,VN,practo,,1.0,canonical,30,Q4,Q4-Sub-Q4,Ultra Premium,0.430933
hosp_3b3a337b938e78ca,PVR Dental Hospital,pvr dental hospital,Chennai,Hospital,Nanganallur,,12.983812272696,80.192184898148,87618c4e3ffffff,,2.0,1.0,True,,300.0,300.0,5.0,329.0,2003.0,+914471967085,https://www.practo.com/chennai/hospital/pvr-dental-hospital-nanganallur?referrer=hospital_listing,https://images1-fabric.practo.com/practices/683360/pvr-dental-hospital-chennai-5b5067fd1751e.jpg,ABS,practo,,1.0,canonical,31,Q4,Q4-Sub-Q4,Ultra Premium,0.421089
hosp_83cb3d975a965fb1,Apollo Speciality Hospital,apollo speciality hospital,Chennai,Hospital,Vanagaram,,13.071525566513479,80.15057738465856,87618c4d8ffffff,,79.0,28.0,True,12.0,0.0,2000.0,4.5,459.0,,+917969200487,https://www.practo.com/chennai/hospital/apollo-speciality-hospitals-vanagaram?referrer=hospital_listing,https://images1-fabric.practo.com/apollo-speciality-hospitals-vanagaram-chennai-1470658663-57a878672f2a2.png,RFA,practo,,1.0,canonical,32,Q4,Q4-Sub-Q4,Ultra Premium,0.420058
hosp_61dae5473f72560d,Unittas Multi Speciality Hospital,unittas multi speciality hospital,Chennai,Hospital,Tambaram West,,12.929228005358812,80.11908296495676,87618c458ffffff,,15.0,14.0,True,,350.0,700.0,5.0,166.0,,+914448132961,https://www.practo.com/chennai/hospital/unittas-multi-specialty-hospital-tambaram-west?referrer=hospital_listing,https://images1-fabric.practo.com/practices/1210341/unittas-multi-speciality-hospital-chennai-5baa044aebf52.jpg,VN,practo,,1.0,canonical,33,Q4,Q4-Sub-Q4,Ultra Premium,0.41992
hosp_0acf4b3fce0b8ddb,Chennai Urology And Robotics Institute,chennai urology robotics institute,Chennai,Hospital,OMR Road,,12.9520119,80.2414108,87618c40affffff,,11.0,7.0,True,,600.0,1000.0,5.0,306.0,,+917969200635,https://www.practo.com/chennai/hospital/chennai-urology-and-robotics-institute-thoraipakkam?referrer=hospital_listing,https://images1-fabric.practo.com/practices/1237713/chennai-urology-and-robotics-institute-chennai-5c546ccf95436.jpg,VN,practo,,1.0,canonical,34,Q4,Q4-Sub-Q4,Ultra Premium,0.419542
hosp_5a5f8937d2d05f4b,A2Z  Pregnancy Care,a2z pregnancy care,Chennai,Hospital,Shenoy Nagar,,13.080282964319354,80.22655203938483,87618c4d6ffffff,,1.0,1.0,True,,1000.0,1000.0,5.0,591.0,,+914448134926,https://www.practo.com/chennai/hospital/chennai-multi-speciality-clinic-anna-nagar-east?referrer=hospital_listing,https://images1-fabric.practo.com/a2z-pregnanacy-care-chennai-1487226934-58a548368c90a.jpg,VN,practo,,1.0,canonical,35,Q4,Q4-Sub-Q4,Ultra Premium,0.419207
hosp_9c34719ab01c2cfe,Parasu Dental Hospital,parasu dental hospital,Chennai,Hospital,Adyar,,13.003239,80.251885,87618c4f4ffffff,,13.0,1.0,True,3.0,0.0,1500.0,5.0,106.0,1976.0,+914446312690,https://www.practo.com/chennai/hospital/parasu-dental-hospital-adyar-2?referrer=hospital_listing,https://images1-fabric.practo.com/parasu-dental-hospital-chennai-1461045575-5715c9476361e.jpg,VN,practo,,1.0,canonical,36,Q4,Q4-Sub-Q4,Ultra Premium,0.418461
hosp_9350ee17e8a424e4,Pearl Singapore Fertility Centre and Research Institute,pearl singapore fertility centre research institute,Chennai,Hospital,Okkiyam Thuraipakkam,,12.927384666961,80.230833097247,87618c408ffffff,,2.0,3.0,True,3.0,700.0,1000.0,5.0,493.0,,+914446276052,https://www.practo.com/chennai/hospital/pearl-singapore-fertility-centre-and-research-institue-sholinganallur?referrer=hospital_listing,https://images1-fabric.practo.com/pearl-singapore-fertility-centre-and-research-institute-chennai-1480314384-583bce109f363.png,VN,practo,,1.0,canonical,37,Q4,Q4-Sub-Q4,Ultra Premium,0.418256
hosp_92d2ad4ef5a873b0,Parasu Dental Hospital,parasu dental hospital,Chennai,Hospital,Medavakkam,,12.91714,80.19235,87618c456ffffff,,10.0,1.0,True,3.0,500.0,1500.0,5.0,462.0,,+918047285723,https://www.practo.com/chennai/hospital/parasu-dental-hospital-santhosapuram?referrer=hospital_listing,https://images1-fabric.practo.com/parasu-dental-hospital-chennai-1450532651-56755f2bb7c85.jpg,ABS,practo,,1.0,canonical,38,Q4,Q4-Sub-Q4,Ultra Premium,0.418121
hosp_3895df93c3f0d7c8,Billroth Hospital,billroth hospital,Chennai,Hospital,Raja Annamalai Puram,,13.032432332179487,80.25663060002314,87618c4f6ffffff,,20.0,17.0,True,1.0,500.0,1200.0,5.0,112.0,,+914440114953,https://www.practo.com/chennai/hospital/billroth-hospital-raja-annamalai-puram?referrer=hospital_listing,https://images1-fabric.practo.com/billroth-hospitals-chennai-kaliappa-ra-puram-chennai-1452598009-5694e2f902349.jpg,ABS,practo,,1.0,canonical,39,Q4,Q4-Sub-Q4,Ultra Premium,0.417994
hosp_33385ccd4e9ddd54,SIMS Hospital,sims hospital,Chennai,Hospital,Vadapalani,,13.05193,80.21167,87618c4d5ffffff,,53.0,32.0,True,2.0,600.0,2000.0,4.5,624.0,,+914446972862,https://www.practo.com/chennai/hospital/sims-hospital-vadapalani-4?referrer=hospital_listing,https://images1-fabric.practo.com/practices/1192041/sims-hospital-vadapalani-chennai-5b03f73b16cf0.jpg,ABS,practo,,1.0,canonical,40,Q4,Q4-Sub-Q4,Ultra Premium,0.415783
hosp_fb4691eacf82f475,Chettinad Hospital,chettinad hospital,Chennai,Hospital,Kelambakkam,,12.796735978398448,80.21852016448975,87618c55dffffff,,15.0,11.0,True,,0.0,600.0,5.0,165.0,,+914471967153,https://www.practo.com/chennai/hospital/chettinad-hospital-kelambakkam?referrer=hospital_listing,https://images1-fabric.practo.com/practices/678945/chettinad-hospital-chennai-67d513f05d3ff.png,VN,practo,,1.0,canonical,41,Q4,Q4-Sub-Q4,Ultra Premium,0.413357
hosp_8eaea74e10e57e08,Kauvery Hospital,kauvery hospital,Chennai,Hospital,Alwarpet,,13.038066662353,80.257109776139,87618c4f6ffffff,,18.0,18.0,True,,0.0,1000.0,5.0,85.0,,+914446314494,https://www.practo.com/chennai/hospital/kauvery-hospital-alwarpet-3?referrer=hospital_listing,https://images1-fabric.practo.com/practices/1249653/kauvery-hospital-chennai-67a7383f04284.png,VN,practo,,1.0,canonical,42,Q4,Q4-Sub-Q4,Ultra Premium,0.409549
hosp_6396031be1c40a6c,Hera Hospital,hera hospital,Chennai,Hospital,Virugambakkam,,13.050789951326,80.19217343658,87618c4d5ffffff,,1.0,2.0,True,,200.0,200.0,5.0,406.0,,+914448132961,https://www.practo.com/chennai/hospital/hera-hospital-virugambakkam?referrer=hospital_listing,https://images1-fabric.practo.com/practices/740153/hera-hospital-chennai-5d16426ea6831.jpg,VN,practo,,1.0,canonical,43,Q4,Q4-Sub-Q4,Ultra Premium,0.409407
hosp_64a08dab9f34ec17,SIXTH SENSE WELLNESS INSTITUTE,sixth sense wellness institute,Chennai,Hospital,Madipakkam,,12.971067235805,80.188907664032,87618c4e1ffffff,,1.0,3.0,True,,600.0,600.0,5.0,367.0,,+914446312550,https://www.practo.com/chennai/hospital/the-6th-sense-hospital-nanganallur?referrer=hospital_listing,https://images1-fabric.practo.com/practices/652385/sixth-sense-wellness-institute-chennai-67ffb4222d5a1.jpg,VN,practo,,1.0,canonical,44,Q4,Q4-Sub-Q4,Ultra Premium,0.408563
hosp_7220e8666ae4542d,Pooja Dental Clinic,pooja dental clinic,Chennai,Hospital,Perambur,,13.109529466609,80.248104929924,87618eb24ffffff,,2.0,1.0,True,,200.0,400.0,5.0,407.0,,+914461712654,https://www.practo.com/chennai/hospital/pooja-dental-clinic-ashok-nagar?referrer=hospital_listing,https://images1-fabric.practo.com/practices/700085/pooja-dental-clinic-chennai-69a222c0a86c8.jpg,VN,practo,,1.0,canonical,45,Q4,Q4-Sub-Q4,Ultra Premium,0.408122
hosp_6fcb1e89559e5b55,Stunning Smiles Dental,stunning smiles dental,Chennai,Hospital,Anna Nagar West,,13.026936341656,80.214631181574,87618c4f1ffffff,,1.0,1.0,True,1.0,300.0,300.0,5.0,354.0,,+914461712655,https://www.practo.com/chennai/hospital/stunning-smiles-dental-hearing-aid-clinic-anna-nagar?referrer=hospital_listing,https://images1-fabric.practo.com/practices/761501/stunning-smiles-dental-chennai-69a2c75ca4626.jpg,ABS,practo,,1.0,canonical,46,Q4,Q4-Sub-Q4,Ultra Premium,0.403261
hosp_b347001c9a77ba88,Mr. & Mrs. Tooth Dental Clinic,mr mrs tooth dental clinic,Chennai,Hospital,Thoraipakkam,,12.928629425663871,80.23103264653253,87618c408ffffff,,1.0,1.0,True,,0.0,300.0,5.0,346.0,,+914440114535,https://www.practo.com/chennai/hospital/mr-and-mrs-tooth-dental-hospital-okkiyam-thuraipakkam?referrer=hospital_listing,https://images1-fabric.practo.com/practices/1223925/mr-and-mrs-tooth-dental-hospital-5baf30bb43011.png,ABS,practo,,1.0,canonical,47,Q4,Q4-Sub-Q4,Ultra Premium,0.402601
hosp_cd1c077412d4223e,Vihaa Multi Speciality Hospital,vihaa multi speciality hospital,Chennai,Hospital,Anna Nagar East,,13.0871165,80.2180576,87618c4d6ffffff,,6.0,9.0,True,,0.0,500.0,5.0,167.0,,+914448134923,https://www.practo.com/chennai/hospital/the-back-and-neck-clinic-anna-nagar-east?referrer=hospital_listing,,VN,practo,,1.0,canonical,48,Q4,Q4-Sub-Q4,Ultra Premium,0.402537
hosp_b30c66870ca08636,Nandita's Fertility And Research Centre,nandita s fertility research centre,Chennai,Hospital,Chetpet,,13.07142636308,80.240544956177,87618c489ffffff,,1.0,2.0,True,,800.0,800.0,5.0,318.0,,+911142246365,https://www.practo.com/chennai/hospital/nandita-s-fertility-and-research-centre-chetpet?referrer=hospital_listing,https://images1-fabric.practo.com/556e9c448873323bcfe3be41cc90fcdf52f8053c7608c.png,VN,practo,,1.0,canonical,49,Q4,Q4-Sub-Q4,Ultra Premium,0.402308
hosp_ce8b02af166a115c,MGM Healthcare,mgm healthcare,Chennai,Hospital,Anna Nagar,,13.070940071958,80.221846103668,87618c4d4ffffff,,60.0,24.0,True,,0.0,9900.0,4.5,374.0,2016.0,+918045682598,https://www.practo.com/chennai/hospital/mgm-healthcarechennai-aminjikarai?referrer=hospital_listing,https://images1-fabric.practo.com/practices/1255075/mgm-healthcare-chennai-chennai-5f3bf018063f0.jpg,ABS,practo,,1.0,canonical,50,Q4,Q4-Sub-Q4,Ultra Premium,0.401494
hosp_5dcf41826419bdda,The Clinik,clinik,Chennai,Hospital,Anna Nagar West,,13.093983142796688,80.19321084022522,87618c4d3ffffff,,6.0,13.0,True,,0.0,500.0,5.0,122.0,,+914448134923,https://www.practo.com/chennai/hospital/the-clinik-anna-nagar-west-1?referrer=hospital_listing,https://images1-fabric.practo.com/55753d42eeef44e381c7922d9e8a6e284daf819095f10.jpg,VN,practo,,1.0,canonical,51,Q4,Q4-Sub-Q4,Ultra Premium,0.401431
hosp_1fb68112ae77da72,Kidz N Teenz,kidz n teenz,Chennai,Hospital,Anna Nagar West,,13.08574,80.20523,87618c4d0ffffff,,2.0,1.0,True,,700.0,700.0,5.0,320.0,,+911142246372,https://www.practo.com/chennai/hospital/kidz-n-teenz-anna-nagar-anna-nagar?referrer=hospital_listing,https://images1-fabric.practo.com/54afdb0e3db0edd3c029c142f784ee4446a764acd3ee4.jpg,VN,practo,,1.0,canonical,52,Q4,Q4-Sub-Q4,Ultra Premium,0.401129
hosp_60ad596083251738,Oliva Skin & Hair Clinic,oliva skin hair clinic,Chennai,Hospital,Adyar,,13.007111330187,80.254234665198,87618c4f4ffffff,,7.0,6.0,True,2.0,500.0,500.0,5.0,191.0,,+918037314909,https://www.practo.com/chennai/hospital/oliva-skin-and-hair-clinic-adyar?referrer=hospital_listing,https://images1-fabric.practo.com/practices/1195052/oliva-skin-hair-clinic-chennai-6041bb39a6c7b.jpg,RFA,practo,,1.0,canonical,53,Q4,Q4-Sub-Q4,Ultra Premium,0.400877
hosp_2b17464674eb7e0d,Apollo Hospital,apollo hospital,Chennai,Hospital,Greams Road,,13.06294,80.2515,87618c489ffffff,,260.0,47.0,True,12.0,0.0,4000.0,3.5,1176.0,,+914446972868,https://www.practo.com/chennai/hospital/apollo-hospitals-greams-road-3?referrer=hospital_listing,https://images1-fabric.practo.com/apollo-hospitals-chennai-1452747669-56972b95db304.png,RFA,practo,,1.0,canonical,54,Q4,Q4-Sub-Q4,Ultra Premium,0.400128
hosp_609e12303f739ef2,Apollo Cancer Centres Chennai,apollo cancer centres chennai,Chennai,Hospital,Teynampet,,13.0336058,80.2456856,87618c4f6ffffff,,64.0,28.0,True,12.0,1000.0,3000.0,4.5,270.0,,+918037312466,https://www.practo.com/chennai/hospital/apollo-speciality-cancer-hospital?referrer=hospital_listing,https://images1-fabric.practo.com/practices/1005781/apollo-speciality-cancer-hospital-chennai-621f1e677791d.png,RFA,practo,,1.0,canonical,55,Q4,Q4-Sub-Q4,Ultra Premium,0.400028
hosp_7e3055ffd9bf48e4,Mind Vidya,mind vidya,Chennai,Hospital,Anna Nagar West,,13.021843039765956,77.57145910987742,8760145b2ffffff,,1.0,1.0,True,,1200.0,1200.0,5.0,316.0,,+914448134927,https://www.practo.com/chennai/hospital/mind-vidya-mathikere-bel?referrer=hospital_listing,https://images1-fabric.practo.com/practices/769596/mind-vidya-chennai-5d4b7d07222b1.jpg,VN,practo,,1.0,canonical,56,Q4,Q4-Sub-Q4,Ultra Premium,0.4
hosp_3da54784726d0e8b,Promed Hospital,promed hospital,Chennai,Hospital,Kottivakkam,,12.97157,80.1758831,87618c4e1ffffff,,3.0,6.0,True,,600.0,1500.0,5.0,195.0,,+918037320556,https://www.practo.com/chennai/hospital/promed-hospital-kottivakkam-1?referrer=hospital_listing,https://images1-fabric.practo.com/practices/1156803/promed-hospital-chennai-5e8b0cd81f628.jpg,ABS,practo,,1.0,canonical,57,Q4,Q4-Sub-Q4,Ultra Premium,0.398403
hosp_55636dac83cdec7c,V.V Dental Hospital,v v dental hospital,Chennai,Hospital,Anna Nagar,,13.08486,80.21078,87618c4d0ffffff,,2.0,1.0,True,,250.0,300.0,5.0,279.0,,+914448132962,https://www.practo.com/chennai/hospital/vv-dental-hospital-anna-nagar-1?referrer=hospital_listing,https://images1-fabric.practo.com/vv-dental-hospital-chennai-1459529478-56fea706eaee2.jpg,VN,practo,,1.0,canonical,58,Q4,Q4-Sub-Q4,Ultra Premium,0.39723
hosp_b67c05b4215c7119,Dr. Rabindrans Health Care Centre,dr rabindrans health care centre,Chennai,Hospital,Ambattur,,13.11911,80.15037,87618eb29ffffff,,1.0,1.0,False,,300.0,300.0,5.0,1110.0,,+914471967153,https://www.practo.com/chennai/hospital/dr-rohit-k-rabindran-health-care-centre-ambattur?referrer=hospital_listing,https://images1-fabric.practo.com/dr-rohit-k-rabindran-health-care-centre-chennai-1462973313-573333815daca.png,VN,practo,,1.0,canonical,59,Q4,Q4-Sub-Q4,Ultra Premium,0.395786
hosp_83dde21211d92b87,Billroth Hospitals,billroth hospitals,Chennai,Hospital,Raja Annamalai Puram,,13.0271055,80.2546949,87618c4f6ffffff,,30.0,24.0,True,,0.0,800.0,5.0,29.0,,+914448134924,https://www.practo.com/chennai/hospital/billroth-hospitals-raja-annamalai-puram-1-1?referrer=hospital_listing,,VN,practo,,1.0,canonical,60,Q4,Q4-Sub-Q3,Super Premium,0.395631
hosp_a3cad83965b02f31,Dr.L.P.Mohan's Dental Hospital,dr l p mohan s dental hospital,Chennai,Hospital,Adyar,,12.9966,80.2571,87618c4f4ffffff,,1.0,1.0,False,,500.0,500.0,5.0,1105.0,,+914471967085,https://www.practo.com/chennai/hospital/dr-l-p-mohan-s-dental-hospital-adyar?referrer=hospital_listing,https://images1-fabric.practo.com/practices/649373/dr-l-p-mohan-s-dental-hospital-chennai-68bfff2dc7278.png,ABS,practo,,1.0,canonical,61,Q4,Q4-Sub-Q3,Super Premium,0.39555
hosp_068f18d83a388d2d,Orthomed Hospital,orthomed hospital,Chennai,Hospital,Royapettah,,13.045584982829661,80.26677310466766,87618c48dffffff,,12.0,10.0,True,,0.0,700.0,5.0,105.0,,+914471967017,https://www.practo.com/chennai/hospital/orthomed-hospital-royapettah?referrer=hospital_listing,https://images1-fabric.practo.com/53d3d14613c74915685bac52d0cfcf4ae02bafdae70da.PNG,VN,practo,,1.0,canonical,62,Q4,Q4-Sub-Q3,Super Premium,0.394868
hosp_4f868c52d54fc191,Maaya Revive,maaya revive,Chennai,Hospital,Kolathur,,13.12358392887964,80.20178938060147,87618eb2cffffff,,1.0,2.0,True,4.0,500.0,500.0,5.0,232.0,,+914440114419,https://www.practo.com/chennai/hospital/maaya-revive-kolathur?referrer=hospital_listing,https://images1-fabric.practo.com/practices/1262042/maaya-revive-chennai-5d31a6203c52c.PNG,VN,practo,,1.0,canonical,63,Q4,Q4-Sub-Q3,Super Premium,0.393351
hosp_a3470405ccfa52dc,The Head and Neck Centre & Hospital,head neck centre hospital,Chennai,Hospital,Kilpauk,,13.080356117561,80.233454704285,87618c4d6ffffff,,6.0,7.0,True,,500.0,1000.0,5.0,139.0,,+914461712675,https://www.practo.com/chennai/hospital/the-head-and-neck-centre-clinic-t-nagar?referrer=hospital_listing,https://images1-fabric.practo.com/practices/1322299/the-head-and-neck-center-hospital-chennai-6124b55575687.png,VN,practo,,1.0,canonical,64,Q4,Q4-Sub-Q3,Super Premium,0.392729
hosp_61805081456f6ecd,Be Well Hospital,be well hospital,Chennai,Hospital,T Nagar,,13.042940629590023,80.24533152580261,87618c4f2ffffff,,19.0,9.0,True,3.0,0.0,1500.0,5.0,84.0,,+914446973091,https://www.practo.com/chennai/hospital/be-well-hospitall-t-nagar?referrer=hospital_listing,https://images1-fabric.practo.com/be-well-hospital-chennai-1487829214-58ae78dece2b9,ABS,practo,,1.0,canonical,65,Q4,Q4-Sub-Q3,Super Premium,0.390774
hosp_6a6bc8c39604cc5e,St.Isabel's Hospital,st isabel s hospital,Chennai,Hospital,Mylapore,,13.038558570922389,80.26203364133835,87618c4f6ffffff,,38.0,23.0,True,,0.0,750.0,4.5,116.0,1992.0,+914471967153,https://www.practo.com/chennai/hospital/st-isabel-s-hospital-mylapore?referrer=hospital_listing,https://images1-fabric.practo.com/practices/645546/st-isabel-s-hospital-chennai-67b8633689148.png,VN,practo,,1.0,canonical,66,Q4,Q4-Sub-Q3,Super Premium,0.390069
hosp_f3a042dcab96264f,Dr. Rela Institute & Medical Centre,dr rela institute medical centre,Chennai,Hospital,Chromepet,,12.9536221,80.1385395,87618c4edffffff,,39.0,24.0,True,,400.0,1000.0,4.5,518.0,2018.0,+918045682054,https://www.practo.com/chennai/hospital/dr-rela-institute-medical-centre-chromepet?referrer=hospital_listing,https://images1-fabric.practo.com/practices/1224581/dr-rela-institute-medical-centre-chennai-5f362c32aa9ec.jpg,ABS,practo,,1.0,canonical,67,Q4,Q4-Sub-Q3,Super Premium,0.390037
hosp_caeafcf232d21c4b,Lifeline Multispeciality Hospitals,lifeline multispeciality hospitals,Chennai,Hospital,Kilpauk,,13.077973,80.233731,87618c4d6ffffff,,34.0,19.0,True,,300.0,1000.0,4.5,134.0,1980.0,+914448134864,https://www.practo.com/chennai/hospital/lifeline-rigid-hospital-kilpauk-2?referrer=hospital_listing,https://images1-fabric.practo.com/lifeline-rigid-hospitals-chennai-1488888607-58bea31fa4dcc.png,ABS,practo,,1.0,canonical,68,Q4,Q4-Sub-Q3,Super Premium,0.389471
hosp_fd457a0b54285431,Tooth Helpline,tooth helpline,Chennai,Hospital,Ramapuram,,13.035719449572,80.182397492374,87618c4c0ffffff,,1.0,2.0,True,,200.0,200.0,5.0,196.0,,+914446313682,https://www.practo.com/chennai/hospital/tooth-helpline-t-nagar?referrer=hospital_listing,https://images1-fabric.practo.com/7305e4d5cac401a20520a4bac3ccdd70,VN,practo,,1.0,canonical,69,Q4,Q4-Sub-Q3,Super Premium,0.388503
hosp_a26980a5b7b143ce,Venkateswara Laser Dental Clinic and Implant Centre,venkateswara laser dental clinic implant centre,Chennai,Hospital,West Mambalam,,13.029394,80.224358,87618c4f3ffffff,,4.0,2.0,False,,0.0,300.0,5.0,506.0,2002.0,+914446312693,https://www.practo.com/chennai/hospital/venkateshwara-dental-clinic-and-implant-centre-west-mambalam?referrer=hospital_listing,https://images1-fabric.practo.com/venkateswara-dental-clinic-and-implant-centre-chennai-1443814504-560edc68052c3.jpg,VN,practo,,1.0,canonical,70,Q4,Q4-Sub-Q3,Super Premium,0.388496
hosp_65491b80b1064e15,RKP Multispeciality Hospital,rkp multispeciality hospital,Chennai,Hospital,Kovilambakkam,,12.939128726634,80.182335252586,87618c452ffffff,,9.0,6.0,True,,250.0,500.0,5.0,120.0,,+914471966841,https://www.practo.com/chennai/hospital/rkp-mother-and-child-hospital-kovilambakkam?referrer=hospital_listing,https://images1-fabric.practo.com/practices/1222519/rkp-mother-and-child-hospital-chennai-695ca7f7e3f4c.png,VN,practo,,1.0,canonical,71,Q4,Q4-Sub-Q3,Super Premium,0.388324
hosp_963cfb9b8afd5d20,Manam Dental Hospitals,manam dental hospitals,Chennai,Hospital,Maduravoyal,,13.067083674314036,80.17720341682434,87618c4d1ffffff,,1.0,1.0,True,,300.0,300.0,5.0,194.0,,+914448134926,https://www.practo.com/chennai/hospital/manam-dental-hospitals-maduravoyal?referrer=hospital_listing,https://images1-fabric.practo.com/55b728dfe012817842f6fa28eae9021b5e516f4962425.jpg,VN,practo,,1.0,canonical,72,Q4,Q4-Sub-Q3,Super Premium,0.386077
hosp_5a1de5cf061f4dca,The Surgical Clinic and Nursing Home,surgical clinic nursing home,Chennai,Hospital,Mandaveli,,13.0282,80.26837,87618c4f6ffffff,,2.0,3.0,True,,700.0,800.0,5.0,156.0,,+911142246378,https://www.practo.com/chennai/hospital/the-base-ent-research-centre-and-hospital-mandaveli?referrer=hospital_listing,https://images1-fabric.practo.com/the-base-ent-research-centre-and-hospital-chennai-1441890100-55f17f34ad964.png,VN,practo,,1.0,canonical,73,Q4,Q4-Sub-Q3,Super Premium,0.384654
hosp_85e379177b7c1345,Dr Archana IVF & Women Center,dr archana ivf women center,Chennai,Hospital,Anna Nagar,,13.08528197538,80.220806880374,87618c4d6ffffff,,2.0,5.0,True,,500.0,1000.0,5.0,128.0,,+911142246378,https://www.practo.com/chennai/hospital/dr-archana-ivf-women-center-anna-nagar?referrer=hospital_listing,https://images1-fabric.practo.com/practices/1209733/dr-archana-ivf-women-center-chennai-5b7706bf0aeee.jpg,VN,practo,,1.0,canonical,74,Q4,Q4-Sub-Q3,Super Premium,0.38284
hosp_adbb6aa52350315b,Sanjeevini Nursing Home,sanjeevini nursing home,Chennai,Hospital,Washermenpet,,13.117107649500788,80.28849363327026,87618c49dffffff,,3.0,3.0,True,,0.0,300.0,5.0,138.0,,+914448134924,https://www.practo.com/chennai/hospital/sanjeevini-nursing-home-washermenpet-3?referrer=hospital_listing,https://images1-fabric.practo.com/practices/899832/sanjeevini-nursing-home-chennai-66712f632c2d9.png,VN,practo,,1.0,canonical,75,Q4,Q4-Sub-Q3,Super Premium,0.381689
hosp_244b04d62e424c43,Oasis Fertility,oasis fertility,Chennai,Hospital,Anna Nagar,,13.089863764041,80.209570169318,87618c4d2ffffff,,1.0,2.0,True,,0.0,0.0,5.0,155.0,,+914448132962,https://www.practo.com/chennai/hospital/oasis-fertility-anna-nagar?referrer=hospital_listing,https://images1-fabric.practo.com/practices/1142050/oasis-fertility-chennai-662cd0009eabb.png,RFA,practo,,1.0,canonical,76,Q4,Q4-Sub-Q3,Super Premium,0.381564
hosp_9b235dc2a60d07ce,Smile Care Multispeciality Dental Hospital,smile care multispeciality dental hospital,Chennai,Hospital,Perungalathur,,12.90624,80.09438,87618c459ffffff,,4.0,1.0,True,,0.0,200.0,5.0,152.0,,+914448134920,https://www.practo.com/chennai/hospital/smile-care-dental-clinic-perungalathur?referrer=hospital_listing,,VN,practo,,1.0,canonical,77,Q4,Q4-Sub-Q3,Super Premium,0.381153
hosp_b282d10cf8e7cfda,DM Hospital,dm hospital,Chennai,Hospital,T Nagar,,13.0343261,80.2342994,87618c4f0ffffff,,86.0,43.0,False,,0.0,0.0,,,,+914471967085,https://www.practo.com/chennai/hospital/dm-hospital-t-nagar?referrer=hospital_listing,,VN,practo,,1.0,canonical,78,Q4,Q4-Sub-Q3,Super Premium,0.381018
hosp_5a4cb69ea7a0adf3,Dr V Seshiah & Balaji Research Institute & Diabetes Care Centre,dr v seshiah balaji research institute diabetes care centre,Chennai,Hospital,Aminjikarai,,13.07463,80.22995,87618c4d6ffffff,,5.0,4.0,True,,200.0,1000.0,5.0,120.0,,+914461711208,https://www.practo.com/chennai/hospital/dr-v-balaji-diabetes-care-centre-aminjikarai?referrer=hospital_listing,https://images1-fabric.practo.com/dr-v-seshiah-balaji-research-institute-diabetes-care-centre-chennai-1465880153-575f8e5915cc8.jpg,VN,practo,,1.0,canonical,79,Q4,Q4-Sub-Q3,Super Premium,0.380991
hosp_fef75e18df2762fe,St. Thomas Hospital,st thomas hospital,Chennai,Hospital,St Thomas Mount,,13.012523309908534,80.19645094871521,87618c4c4ffffff,,20.0,19.0,True,,0.0,600.0,4.5,45.0,1972.0,+914448134924,https://www.practo.com/chennai/hospital/st-thomas-hospital-st-thomas-mount-1-1?referrer=hospital_listing,,VN,practo,,1.0,canonical,80,Q4,Q4-Sub-Q3,Super Premium,0.379662
hosp_62c3fbc1fc0f6c59,Be Well Hospitals,be well hospitals,Chennai,Hospital,Selaiyur,,12.9218513,80.0593281,87618c7a0ffffff,,5.0,5.0,True,3.0,0.0,1750.0,5.0,105.0,,+911142246378,https://www.practo.com/chennai/hospital/be-well-hospitals-2-selaiyur?referrer=hospital_listing,https://images1-fabric.practo.com/practices/1423514/be-well-hospitals-chennai-646f26437ad1c.jpg,ABS,practo,,1.0,canonical,81,Q4,Q4-Sub-Q3,Super Premium,0.378845
hosp_4a05b2bdb802b5cd,Dr. U. Mohan Rau Memorial Hospital,dr u mohan rau memorial hospital,Chennai,Hospital,Egmore,,13.079506,80.257249,87618c488ffffff,,6.0,5.0,True,,0.0,600.0,5.0,22.0,1942.0,+914446312690,https://www.practo.com/chennai/hospital/dr-u-mohan-rau-memorial-hospital-egmore?referrer=hospital_listing,https://images1-fabric.practo.com/practices/645458/dr-u-mohan-rau-memorial-hospital-chennai-590ae7734ae9f.jpeg,VN,practo,,1.0,canonical,82,Q4,Q4-Sub-Q3,Super Premium,0.378587
hosp_af109c55be3839f7,SRM Prime Hospital,srm prime hospital,Chennai,Hospital,Ramapuram,,13.03226519249108,80.1811209,87618c4c0ffffff,,42.0,25.0,True,,500.0,800.0,4.5,257.0,,+918045680284,https://www.practo.com/chennai/hospital/dental-anaesthesia-and-sedation-adambakkam?referrer=hospital_listing,https://images1-fabric.practo.com/practices/1116896/srm-prime-hospital-chennai-68a5cafec9e54.png,ABS,practo,,1.0,canonical,83,Q4,Q4-Sub-Q3,Super Premium,0.376118
hosp_8a9a28e3bc692865,Sen Hospital,sen hospital,Chennai,Hospital,Perambur,,13.110592,80.241817,87618eb25ffffff,,2.0,2.0,True,,0.0,750.0,5.0,121.0,,+914471967351,https://www.practo.com/chennai/hospital/sen-hospital-perambur-1?referrer=hospital_listing,https://images1-fabric.practo.com/sen-hospital-chennai-1446461643-563740cb8bc46.jpg,VN,practo,,1.0,canonical,84,Q4,Q4-Sub-Q3,Super Premium,0.374691
hosp_5c8b6457ecc008b8,Motherhood Hospital,motherhood hospital,Chennai,Hospital,Alwarpet,,13.03124,80.251123,87618c4f6ffffff,,15.0,9.0,True,,600.0,1500.0,5.0,41.0,2013.0,+914471967143,https://www.practo.com/chennai/hospital/motherhood-hospital-chennai-alwarpet?referrer=hospital_listing,https://images1-fabric.practo.com/practices/1120251/motherhood-hospital-chennai-6752da8182237.png,RFA,practo,,1.0,canonical,85,Q4,Q4-Sub-Q3,Super Premium,0.374181
hosp_a4e56350f256c6ed,Murugan Hospitals,murugan hospitals,Chennai,Hospital,Kilpauk,,13.083617,80.235175,87618c4d6ffffff,,30.0,27.0,True,,0.0,1150.0,4.5,120.0,2015.0,+914448133293,https://www.practo.com/chennai/hospital/murugan-hospital-kilpauk?referrer=hospital_listing,https://images1-fabric.practo.com/practices/1029288/murugan-hospitals-chennai-59017416db2d1.jpg,ABS,practo,,1.0,canonical,86,Q4,Q4-Sub-Q3,Super Premium,0.373483
hosp_40ca25a8e8fccb14,SM Hospital,sm hospital,Chennai,Hospital,KK Nagar,,13.0401572,80.2044942,87618c4c6ffffff,,1.0,2.0,True,,500.0,500.0,5.0,118.0,,+914446314493,https://www.practo.com/chennai/hospital/s-m-hospital-kk-nagar-2?referrer=hospital_listing,https://images1-fabric.practo.com/practices/1222025/s-m-hospital-chennai-5b98b5f4c2325.jpg,VN,practo,,1.0,canonical,87,Q4,Q4-Sub-Q3,Super Premium,0.373127
hosp_cb206f2250d64ebd,Indigo Womens Center,indigo womens center,Chennai,Hospital,Anna Nagar,,13.085381051145,80.205479264259,87618c4d0ffffff,,2.0,3.0,True,,500.0,500.0,5.0,105.0,,+914471967341,https://www.practo.com/chennai/hospital/indigo-womens-center-anna-nagar?referrer=hospital_listing,https://images1-fabric.practo.com/indigo-womens-center-chennai-1486035016-58931848e9c1c.png,VN,practo,,1.0,canonical,88,Q4,Q4-Sub-Q3,Super Premium,0.372282
hosp_1fc81bbcc9b03627,"Fortis Hospitals, Vadapalani",fortis hospitals vadapalani,Chennai,Hospital,Vadapalani,,13.05052,80.21404,87618c4f3ffffff,,1.0,1.0,True,,600.0,600.0,5.0,119.0,,+914440204444,https://www.practo.com/chennai/hospital/fortis-hospitals-vadapalani-1-vadapalani?referrer=hospital_listing,https://images1-fabric.practo.com/practices/1316292/fortis-hospitals-vadapalani-chennai-5fd9ecbba6298.png,VN,practo,,1.0,canonical,89,Q4,Q4-Sub-Q3,Super Premium,0.371267
hosp_72ccd26579052394,Gold Dental Care,gold dental care,Chennai,Hospital,Madipakkam,,12.958492014027746,80.18688887357712,87618c4e1ffffff,,1.0,1.0,True,2.0,200.0,200.0,5.0,119.0,,+914461712655,https://www.practo.com/chennai/hospital/gold-dental-care-madipakkam?referrer=hospital_listing,https://images1-fabric.practo.com/gold-dental-care-keelkatalai-chennai-1452611280-569516d0846a6.png,VN,practo,,1.0,canonical,90,Q4,Q4-Sub-Q3,Super Premium,0.371267
hosp_deb0ad61890ba236,Dr. A.C Aruldas Hospital,dr c aruldas hospital,Chennai,Hospital,Perambur,,13.110244,80.241955,87618eb25ffffff,,6.0,6.0,True,,0.0,800.0,4.5,1016.0,1990.0,+914448134924,https://www.practo.com/chennai/hospital/dr-ac-aruldas-hospital-perambur?referrer=hospital_listing,https://images1-fabric.practo.com/practices/730286/dr-a-c-aruldas-hospital-chennai-597753af2a900.jpg,VN,practo,,1.0,canonical,91,Q4,Q4-Sub-Q3,Super Premium,0.371224
hosp_92e4c3c317a6c2b7,Aathitya Dental Hospital,aathitya dental hospital,Chennai,Hospital,T Nagar,,13.049420812562,80.246458053589,87618c4f2ffffff,,2.0,1.0,True,,0.0,200.0,5.0,115.0,,+914471967017,https://www.practo.com/chennai/hospital/aathitya-dental-hospital-t-nagar?referrer=hospital_listing,https://images1-fabric.practo.com/524972f1d40316044e1b77e91b4fe89b4880b3c5fad15.jpg,VN,practo,,1.0,canonical,92,Q4,Q4-Sub-Q3,Super Premium,0.370949
hosp_dd922a008865c304,Jayadeva Fertility Center and Women's Hospital,jayadeva fertility center women s hospital,Chennai,Hospital,Thoraipakkam,,12.934696540665088,80.23295044898987,87618c40affffff,,4.0,4.0,True,,200.0,400.0,5.0,72.0,2017.0,+914461712655,https://www.practo.com/chennai/hospital/jayadeva-fertility-center-women-s-hospital-thoraipakkam?referrer=hospital_listing,https://images1-fabric.practo.com/practices/1158221/jayadeva-fertility-center-women-s-hospital-chennai-59ba3f05f4162.jpg,VN,practo,,1.0,canonical,93,Q4,Q4-Sub-Q3,Super Premium,0.370898
hosp_9ac11d219467c5e7,Jyothi Siddha & Ayurveda Hospital,jyothi siddha ayurveda hospital,Chennai,Hospital,Tambaram,,12.930489684044,80.11857659847,87618c458ffffff,,3.0,1.0,True,,0.0,500.0,5.0,110.0,,+914440114419,https://www.practo.com/chennai/hospital/jyothi-siddha-ayurveda-hospital-tambaram?referrer=hospital_listing,https://images1-fabric.practo.com/553f303f562706ef0bb726b33eafe1ddac090587df5fb.jpg,VN,practo,,1.0,canonical,94,Q4,Q4-Sub-Q3,Super Premium,0.370296
hosp_f99d47c3a0902b24,Vijaya Hospital,vijaya hospital,Chennai,Hospital,Vadapalani,,13.04975,80.20843,87618c4d5ffffff,,16.0,10.0,True,,0.0,600.0,4.5,267.0,1972.0,+914471967351,https://www.practo.com/chennai/hospital/vijaya-hospital-vadapalani-3?referrer=hospital_listing,https://images1-fabric.practo.com/practices/645443/vijaya-hospital-chennai-664897355285d.jpg,VN,practo,,1.0,canonical,95,Q4,Q4-Sub-Q3,Super Premium,0.369668
hosp_4c127fccf15dc8a7,Prashanth Superspeciality Hospital,prashanth superspeciality hospital,Chennai,Hospital,Velachery,,12.978761987621915,80.22133111953735,87618c4e6ffffff,,27.0,24.0,True,2.0,300.0,1000.0,4.5,394.0,,+914440114535,https://www.practo.com/chennai/hospital/prasanth-superspeciality-hospital-velachery?referrer=hospital_listing,https://images1-fabric.practo.com/practices/1169924/prashanth-superspeciality-hospital-chennai-67beef8e9bcaf.png,VN,practo,,1.0,canonical,96,Q4,Q4-Sub-Q3,Super Premium,0.368669
hosp_28ddd356eddf27a3,Recnac Oncology Clinic,recnac oncology clinic,Chennai,Hospital,T Nagar,,13.041785684852,80.237580779762,87618c4f2ffffff,,5.0,4.0,True,,800.0,1250.0,5.0,78.0,,+918037320597,https://www.practo.com/chennai/hospital/recnac-oncology-clinic-t-nagar?referrer=hospital_listing,https://images1-fabric.practo.com/recnac-oncology-clinic-chennai-1441886038-55f16f5625130.png,VN,practo,,1.0,canonical,97,Q4,Q4-Sub-Q3,Super Premium,0.366877
hosp_b3a843affe611316,Madras ENT Research Foundation,madras ent research foundation,Chennai,Hospital,Raja Annamalai Puram,,13.027277,80.254061,87618c4f6ffffff,,7.0,7.0,True,,0.0,1000.0,5.0,59.0,,+914446312566,https://www.practo.com/chennai/hospital/madras-ent-research-foundation-raja-annamalai-puram?referrer=hospital_listing,https://images1-fabric.practo.com/practices/667769/madras-ent-research-foundation-chennai-666813f0584fa.png,VN,practo,,1.0,canonical,98,Q4,Q4-Sub-Q3,Super Premium,0.365293
hosp_52d9eea3c71160a1,Iswarya Fertility Centre,iswarya fertility centre,Chennai,Hospital,Adyar,,13.00661,80.25068,87618c4f4ffffff,,6.0,6.0,True,3.0,500.0,700.0,4.5,797.0,1986.0,+914448132961,https://www.practo.com/chennai/hospital/iswarya-fertility-center-adyar?referrer=hospital_listing,https://images1-fabric.practo.com/practices/742800/iswarya-fertility-centre-chennai-662f3bc39337a.png,ABS,practo,,1.0,canonical,99,Q4,Q4-Sub-Q3,Super Premium,0.365131
hosp_ec3d637dba44ce08,Flamingo Healthcare Centre,flamingo healthcare centre,Chennai,Hospital,Ambattur,,13.126843221096,80.153286159039,87618eb29ffffff,,13.0,9.0,True,,0.0,600.0,5.0,45.0,,+914446315128,https://www.practo.com/chennai/hospital/flamingo-healthcare-centre-ambattur?referrer=hospital_listing,https://images1-fabric.practo.com/practices/1352670/flamingo-healthcare-centre-chennai-612cb81052aa5.png,VN,practo,,1.0,canonical,100,Q4,Q4-Sub-Q3,Super Premium,0.364934
hosp_01ea06203cdc0b62,K H Nursing Home,k h nursing home,Chennai,Hospital,Chromepet,,12.9522,80.148,87618c4edffffff,,5.0,5.0,True,,150.0,300.0,5.0,68.0,,+914448134922,https://www.practo.com/chennai/hospital/k-h-nursing-home-chromepet-2?referrer=hospital_listing,https://images1-fabric.practo.com/k-h-nursing-home-chennai-1474006479-57db8dcfab3bb.jpg,VN,practo,,1.0,canonical,101,Q4,Q4-Sub-Q3,Super Premium,0.364351
hosp_85630b7bac36f6a1,Anbu Hospital,anbu hospital,Chennai,Hospital,Velachery,,12.986267731779774,80.21725282073021,87618c4e2ffffff,,6.0,9.0,True,,400.0,500.0,5.0,51.0,,+914446312566,https://www.practo.com/chennai/hospital/dr-anbu-ganpathy-s-sugam-clinic-velachery?referrer=hospital_listing,https://images1-fabric.practo.com/practices/655629/anbu-hospital-chennai-66750d0ee2634.png,ABS,practo,,1.0,canonical,102,Q4,Q4-Sub-Q3,Super Premium,0.363798
hosp_e77162970b5a2561,32 Dental Care - Nungambakkam,32 dental care nungambakkam,Chennai,Hospital,Nungambakkam,,13.057953,80.235999,87618c4f2ffffff,,3.0,1.0,True,,200.0,200.0,5.0,89.0,,+914471967020,https://www.practo.com/chennai/hospital/32-dental-care-nungambakkam-nungambakkam?referrer=hospital_listing,https://images1-fabric.practo.com/5555c633766d26364d3f0f495b6ab9dcf8d3b5c6e0b01.jpg,VN,practo,,1.0,canonical,103,Q4,Q4-Sub-Q3,Super Premium,0.363372
hosp_b5a10518f07b702b,Back & Pain Centre,back pain centre,Chennai,Hospital,T Nagar,,13.04664,80.2434,87618c4f2ffffff,,2.0,2.0,True,,500.0,1000.0,5.0,83.0,,+914448132962,https://www.practo.com/chennai/hospital/back-pain-centre-t-nagar?referrer=hospital_listing,https://images1-fabric.practo.com/back-pain-centre-chennai-1490870259-58dcdff359b42.jpg,VN,practo,,1.0,canonical,104,Q4,Q4-Sub-Q3,Super Premium,0.362402
hosp_8e0238ef0258507c,All Smiles Dental Clinic,all smiles dental clinic,Chennai,Hospital,Kilkattalai,,12.952482584055637,80.18408060073853,87618c4e1ffffff,,2.0,4.0,False,,150.0,500.0,5.0,373.0,,+914448132962,https://www.practo.com/chennai/hospital/all-smiles-dental-clinic-pallavaram?referrer=hospital_listing,https://images1-fabric.practo.com/546c31172d25a5ae586153694f7c922a32bb5b465866e.jpg,VN,practo,,1.0,canonical,105,Q4,Q4-Sub-Q3,Super Premium,0.361933
hosp_57e0306234838b7c,Spot Hospital,spot hospital,Chennai,Hospital,Kodambakkam,,13.047813,80.2189,87618c4f3ffffff,,2.0,1.0,True,,200.0,400.0,5.0,86.0,,+914448134926,https://www.practo.com/chennai/hospital/spot-hospital-kodambakkam?referrer=hospital_listing,https://images1-fabric.practo.com/spot-hospital-chennai-1460517928-570dbc281cddd.JPG,VN,practo,,1.0,canonical,106,Q4,Q4-Sub-Q3,Super Premium,0.361461
hosp_85d7b94d9efcf0f4,Santosham Chest Hospital,santosham chest hospital,Chennai,Hospital,Egmore,,13.074686676994403,80.25370001792908,87618c489ffffff,,6.0,7.0,True,,0.0,1000.0,4.5,460.0,1976.0,+914448132961,https://www.practo.com/chennai/hospital/santosham-chest-hospital-egmore?referrer=hospital_listing,https://images1-fabric.practo.com/santosham-chest-hospital-chennai-1488707588-58bbe0040b7c4.png,VN,practo,,1.0,canonical,107,Q4,Q4-Sub-Q3,Super Premium,0.360934
hosp_f252e0c5f2fb0a9a,Dr. Mehta's Hospitals,dr mehta s hospitals,Chennai,Hospital,Chetpet,,13.0718,80.2405,87618c489ffffff,,25.0,22.0,True,,500.0,800.0,4.5,340.0,,+914471967014,https://www.practo.com/chennai/hospital/dr-mehtas-hospital-chetpet?referrer=hospital_listing,https://images1-fabric.practo.com/practices/1052964/dr-mehta-s-hospitals-chennai-658bb86844b85.png,ABS,practo,,1.0,canonical,108,Q4,Q4-Sub-Q3,Super Premium,0.360456
hosp_fb0249f25f0c0420,Mint Hospital,mint hospital,Chennai,Hospital,Adyar,,13.001264819117,80.257353186607,87618c4f4ffffff,,4.0,4.0,True,,500.0,600.0,5.0,61.0,,+914461712656,https://www.practo.com/chennai/hospital/mint-hospital-adyar?referrer=hospital_listing,https://images1-fabric.practo.com/practices/1380416/mint-hospital-chennai-665dad0e24b01.png,VN,practo,,1.0,canonical,109,Q4,Q4-Sub-Q3,Super Premium,0.357743
hosp_edd69f109aa3b6f8,Apollo Heart Centre,apollo heart centre,Chennai,Hospital,Greams Road,,13.0607588,80.2516562,87618c489ffffff,,56.0,31.0,True,,0.0,2500.0,4.0,15.0,,+914448132959,https://www.practo.com/chennai/hospital/the-apollo-heart-centre-1-thousand-lights?referrer=hospital_listing,https://images1-fabric.practo.com/practices/1147727/the-apollo-heart-centre-chennai-5c81245456563.png,RFA,practo,,1.0,canonical,110,Q4,Q4-Sub-Q3,Super Premium,0.357046
hosp_1fffb31fe8e5c52c,S R Multispeciality Hospital,s r multispeciality hospital,Chennai,Hospital,Arumbakkam,,13.064535,80.214447,87618c4d4ffffff,,27.0,24.0,True,,0.0,750.0,,7.0,2016.0,+914448134926,https://www.practo.com/chennai/hospital/s-r-multispeciality-hospital-arumbakkam-1?referrer=hospital_listing,https://images1-fabric.practo.com/s-r-multispeciality-hospital-chennai-1477029659-5809af1b2712e.png,VN,practo,,1.0,canonical,111,Q4,Q4-Sub-Q3,Super Premium,0.35384
hosp_33c72ced9dd37c1c,Edin Dental & Orthodontic Clinic,edin dental orthodontic clinic,Chennai,Hospital,Nungambakkam,,13.055519887909,80.242467751298,87618c4f2ffffff,,2.0,1.0,False,,500.0,500.0,5.0,349.0,,+911142246366,https://www.practo.com/chennai/hospital/dr-edeinton-s-dental-orthodontic-clinic-nungambakkam?referrer=hospital_listing,,VN,practo,,1.0,canonical,112,Q4,Q4-Sub-Q3,Super Premium,0.353619
hosp_5383cfc678378841,"Cloudnine Fertility - IVF Centre, T-Nagar",cloudnine fertility ivf centre t nagar,Chennai,Hospital,T Nagar,,13.043,80.245,87618c4f2ffffff,,1.0,1.0,True,,850.0,850.0,5.0,68.0,,+914461712130,https://www.practo.com/chennai/hospital/cloudnine-fertility-chennai-t-nagar?referrer=hospital_listing,https://images1-fabric.practo.com/practices/1156526/cloudnine-fertility-ivf-centre-t-nagar-chennai-648178a030cc7.JPG,ABS,practo,,1.0,canonical,113,Q4,Q4-Sub-Q3,Super Premium,0.352763
hosp_dead007b92d450cc,Klariti Eye Care Hospital,klariti eye care hospital,Chennai,Hospital,KK Nagar,,13.038272,80.203255,87618c4c6ffffff,,3.0,1.0,False,,400.0,500.0,5.0,329.0,,+914471967004,https://www.practo.com/chennai/hospital/klariti-eye-care-ashok-nagar?referrer=hospital_listing,https://images1-fabric.practo.com/practices/1071463/klariti-eye-care-hospital-chennai-5cc15b484fcad.jpg,VN,practo,,1.0,canonical,114,Q4,Q4-Sub-Q3,Super Premium,0.352691
hosp_a38fe28c01540ef0,VS Hospitals,vs hospitals,Chennai,Hospital,Kilpauk,,13.07796,80.241539,87618c489ffffff,,23.0,17.0,True,1.0,0.0,2000.0,4.5,251.0,2016.0,+918047108828,https://www.practo.com/chennai/hospital/vs-hospitals-centre-for-advanced-surgeries-and-tertiary-care-kilpauk-2?referrer=hospital_listing,https://images1-fabric.practo.com/vs-hospitals-centre-for-advanced-surgeries-and-tertiary-care-chennai-1472122994-57bed0727bdeb.png,ABS,practo,,1.0,canonical,115,Q4,Q4-Sub-Q3,Super Premium,0.352534
hosp_d0a37d241578ee21,Sathyam Dental Hospital,sathyam dental hospital,Chennai,Hospital,Gowrivakkam,,12.92137447584445,80.1668232679367,87618c450ffffff,,1.0,1.0,True,,200.0,200.0,5.0,63.0,,+914471967004,https://www.practo.com/chennai/hospital/sathyam-dental-clinic-gowrivakkam?referrer=hospital_listing,https://images1-fabric.practo.com/551f4335d72e88aed51998936073deb5d32317ff960e3.jpg,VN,practo,,1.0,canonical,116,Q4,Q4-Sub-Q3,Super Premium,0.350155
hosp_da7a2dc2177d2bec,Annai Therasa Hospital ,annai therasa hospital,Chennai,Hospital,Medavakkam,,12.9180712989734,80.1890839263797,87618c456ffffff,,2.0,8.0,True,,500.0,500.0,5.0,39.0,,+914461712706,https://www.practo.com/chennai/hospital/annai-therasa-hospital-medavakkam?referrer=hospital_listing,https://images1-fabric.practo.com/practices/1132130/annai-therasa-hospital-chennai-6368bf45d09e5.jpg,VN,practo,,1.0,canonical,117,Q4,Q4-Sub-Q3,Super Premium,0.349558
hosp_c10dbfb4d4935488,Om Sakthi  Multispeciality Centre,om sakthi multispeciality centre,Chennai,Hospital,Mannady,,13.105446398496,80.286079645157,87618c49dffffff,,1.0,2.0,True,1.0,0.0,0.0,5.0,57.0,,+914446312693,https://www.practo.com/chennai/hospital/om-sakthi-multispeciality-centre-mannady?referrer=hospital_listing,https://images1-fabric.practo.com/practices/707996/om-sakthi-multispeciality-centre-chennai-5a682f057f87d.jpg,VN,practo,,1.0,canonical,118,Q4,Q4-Sub-Q3,Super Premium,0.348859
hosp_22b5e644be5a9d8b,Jebastins Dental Clinic,jebastins dental clinic,Chennai,Hospital,Velachery,,12.979763857093,80.218755779927,87618c4e6ffffff,,1.0,1.0,False,,400.0,400.0,5.0,275.0,,+914448132961,https://www.practo.com/chennai/hospital/jebastins-dental-clinic-velachery-1?referrer=hospital_listing,https://images1-fabric.practo.com/53ac0755df405579ffee4f78fc8ae3b6a34b23b0fb63f.jpg,VN,practo,,1.0,canonical,119,Q4,Q4-Sub-Q2,Premium,0.346052
hosp_300df75f0bb60551,Hande Medical Centre - Piles & Laser Center,hande medical centre piles laser center,Chennai,Hospital,Nungambakkam,,13.0589124,80.2453335,87618c489ffffff,,2.0,2.0,True,1.0,300.0,300.0,5.0,51.0,,+914471967014,https://www.practo.com/chennai/hospital/hande-medical-centre-piles-and-laser-center-nungambakkam?referrer=hospital_listing,https://images1-fabric.practo.com/5559ccdae1123a818ad3305a7fd0cfb10f7692f2ffb61.jpg,VN,practo,,1.0,canonical,120,Q4,Q4-Sub-Q2,Premium,0.345827
hosp_6944ef30d332b2d2,Gentle Dental Clinic & Orthodontic Centre,gentle dental clinic orthodontic centre,Chennai,Hospital,Thiruvanmiyur,,12.983576353637032,80.2591972053051,87618c41bffffff,,4.0,1.0,True,,0.0,300.0,5.0,51.0,,+914448134923,https://www.practo.com/chennai/hospital/gentle-dental-clinic-orthodontic-centre-thiruvanmiyur?referrer=hospital_listing,https://images1-fabric.practo.com/52ea57f09679696d6f2e7e1f705ab5e59c84a6dc009b2.jpg,VN,practo,,1.0,canonical,121,Q4,Q4-Sub-Q2,Premium,0.345238
hosp_11803545aee73497,Aura Plastic Surgery,aura plastic surgery,Chennai,Hospital,Sembakkam,,12.924087440237379,80.15904050320387,87618c453ffffff,,1.0,3.0,True,,700.0,700.0,5.0,48.0,,+914448134925,https://www.practo.com/chennai/hospital/aura-plastic-surgery-sembakkam-1?referrer=hospital_listing,https://images1-fabric.practo.com/55943f9b85a944a951190d9b622d971e7c43004b62257.jpg,VN,practo,,1.0,canonical,122,Q4,Q4-Sub-Q2,Premium,0.345123
hosp_1c296d52cf04c6b3,Apollo Medical Centre,apollo medical centre,Chennai,Hospital,T Nagar,,13.039691,80.238128,87618c4f2ffffff,,25.0,18.0,True,3.0,500.0,1500.0,4.5,191.0,,+918037324605,https://www.practo.com/chennai/hospital/apollo-clinic-1-t-nagar?referrer=hospital_listing,https://images1-fabric.practo.com/practices/711963/apollo-clinic-chennai-5d2ef2b1f3948.png,ABS,practo,,1.0,canonical,123,Q4,Q4-Sub-Q2,Premium,0.344999
hosp_336d5b3206fd4e3b,Gums and Teeth Dental,gums teeth dental,Chennai,Hospital,Perumbakkam,,12.907290573505797,80.20130775868893,87618c409ffffff,,1.0,1.0,False,,200.0,200.0,5.0,254.0,,+914446314530,https://www.practo.com/chennai/hospital/gums-and-teeth-dental-medavakkam?referrer=hospital_listing,https://images1-fabric.practo.com/55608a398dc0896d6f2e7e1f705ab5e59c84a6dc009b2.png,VN,practo,,1.0,canonical,124,Q4,Q4-Sub-Q2,Premium,0.343799
hosp_1b6e121703290de1,CSI Rainy Hospital,csi rainy hospital,Chennai,Hospital,Washermenpet,,13.118426,80.289968,87618c49dffffff,,8.0,6.0,True,,150.0,400.0,,2.0,1888.0,+914448134926,https://www.practo.com/chennai/hospital/csi-rainy-hospital-royapuram?referrer=hospital_listing,https://images1-fabric.practo.com/practices/757666/csi-rainy-hospital-chennai-6666df1519312.png,VN,practo,,1.0,canonical,125,Q4,Q4-Sub-Q2,Premium,0.34238
hosp_89d29f8865bdf3e5,Parampara Fertility & Gynaec Centre,parampara fertility gynaec centre,Chennai,Hospital,Kilpauk,,13.081421516741663,80.24924556913098,87618c48bffffff,,1.0,3.0,True,,700.0,700.0,5.0,44.0,,+914461712130,https://www.practo.com/chennai/hospital/parampara-fertility-gynaec-centre-kilpauk-1?referrer=hospital_listing,https://images1-fabric.practo.com/practices/1143085/parampara-fertility-gynaec-centre-chennai-5b50790bc6dfb.jpg,VN,practo,,1.0,canonical,126,Q4,Q4-Sub-Q2,Premium,0.342179
hosp_7f9f0db631aaf425,Lakshya Fertility and Women's Centre,lakshya fertility women s centre,Chennai,Hospital,Hasthinapuram,,12.94432426989899,80.13960152864456,87618c4edffffff,,1.0,3.0,False,,500.0,500.0,5.0,202.0,,+914440115002,https://www.practo.com/chennai/hospital/lakshya-fertility-womens-centre-chromepet?referrer=hospital_listing,https://images1-fabric.practo.com/54a905b47fd8921584c4cf2127a9716c6bdd775310e80.jpg,VN,practo,,1.0,canonical,127,Q4,Q4-Sub-Q2,Premium,0.341504
hosp_a2d6f233a7324afe,Pride Super Speciality Hospital (formerly Muthu Hospital),pride super speciality hospital formerly muthu hospital,Chennai,Hospital,Pulianthope,,13.099658861234854,80.26050485669771,87618c48bffffff,,29.0,21.0,True,,0.0,1000.0,,6.0,,+914471967004,https://www.practo.com/chennai/hospital/muthu-hospital-pulianthope?referrer=hospital_listing,https://images1-fabric.practo.com/practices/677464/pride-super-speciality-hospital-chennai-65f3ee1b96e18.png,VN,practo,,1.0,canonical,128,Q4,Q4-Sub-Q2,Premium,0.34062
hosp_f724af63de473671,RSR'S Trinity Acute Care Hospital,rsr s trinity acute care hospital,Chennai,Hospital,Mylapore,,13.0379,80.258,87618c4f6ffffff,,9.0,12.0,True,,200.0,1000.0,4.5,21.0,1988.0,+914461711211,https://www.practo.com/chennai/hospital/rsr-trinity-acute-care-hospital-mylapore-1?referrer=hospital_listing,https://images1-fabric.practo.com/rsr-s-trinity-acute-care-hospital-chennai-1464589065-574bdb0981308.jpg,VN,practo,,1.0,canonical,129,Q4,Q4-Sub-Q2,Premium,0.340614
hosp_7137a05285aa3944,Kedar Hospital,kedar hospital,Chennai,Hospital,Porur,,13.022888,80.167147,87618c4c0ffffff,,7.0,11.0,True,1.0,0.0,500.0,4.5,175.0,1996.0,+914446312692,https://www.practo.com/chennai/hospital/kedar-hospital-porur-2?referrer=hospital_listing,https://images1-fabric.practo.com/practices/1136254/kedar-hospital-chennai-5c3dcd1be70c1.jpg,VN,practo,,1.0,canonical,130,Q4,Q4-Sub-Q2,Premium,0.340466
hosp_f42d8883026d3607,Apollo Medical Center,apollo medical center,Chennai,Hospital,Anna Nagar,,13.084672120418,80.220653056967,87618c4d6ffffff,,17.0,16.0,True,3.0,0.0,2000.0,4.5,279.0,,+918037324600,https://www.practo.com/chennai/hospital/apollo-medical-center-anna-nagar?referrer=hospital_listing,https://images1-fabric.practo.com/practices/765396/apollo-medical-center-chennai-5d2ef50fe526a.png,ABS,practo,,1.0,canonical,131,Q4,Q4-Sub-Q2,Premium,0.338758
hosp_083401ab9f1c8fd0,Yash Dental,yash dental,Chennai,Hospital,Mogappair West,,13.0811504,80.1652913,87618c4deffffff,,2.0,2.0,True,3.0,100.0,1000.0,5.0,41.0,,+914448134923,https://www.practo.com/chennai/hospital/yash-dental-anna-nagar?referrer=hospital_listing,https://images1-fabric.practo.com/practices/920334/yash-dental-mogapair-chennai-60df09a234368.jpg,VN,practo,,1.0,canonical,132,Q4,Q4-Sub-Q2,Premium,0.338454
hosp_c16381ff99ee18a7,RIMS HOSPITAL,rims hospital,Chennai,Hospital,Red Hills,,13.2019474,80.1765408,87618eb0effffff,,61.0,32.0,False,,0.0,0.0,,,,+911142246366,https://www.practo.com/chennai/hospital/rims-hospital-red-hills-1?referrer=hospital_listing,,VN,practo,,1.0,canonical,133,Q4,Q4-Sub-Q2,Premium,0.338383
hosp_83b8625ff7109c3b,Aysha Hospital,aysha hospital,Chennai,Hospital,Kilpauk,,13.084690295183,80.250003610251,87618c48bffffff,,5.0,8.0,True,,0.0,500.0,5.0,25.0,,+914446312570,https://www.practo.com/chennai/hospital/aysha-hospital-kilpauk?referrer=hospital_listing,https://images1-fabric.practo.com/practices/645267/aysha-hospital-chennai-5bbd8b37a7ce3.png,VN,practo,,1.0,canonical,134,Q4,Q4-Sub-Q2,Premium,0.337876
hosp_ffdb3dfbd5b75926,Right Hospitals,right hospitals,Chennai,Hospital,Kilpauk,,13.077534,80.240495,87618c489ffffff,,6.0,8.0,True,,300.0,1100.0,5.0,12.0,2005.0,+914440114419,https://www.practo.com/chennai/hospital/dr-kavya-somesh-kilpauk?referrer=hospital_listing,https://images1-fabric.practo.com/practices/1111479/right-hospitals-chennai-5f468dd152a52.png,VN,practo,,1.0,canonical,135,Q4,Q4-Sub-Q2,Premium,0.33774
hosp_c5ca93c064783b22,Noble Hospital,noble hospital,Chennai,Hospital,Purasawakkam,,13.0821,80.2533,87618c48bffffff,,19.0,16.0,True,,250.0,900.0,4.5,216.0,,+914448133578,https://www.practo.com/chennai/hospital/noble-hospital-purasawakkam?referrer=hospital_listing,https://images1-fabric.practo.com/noble-hospital-chennai-1462272118-57288076727e2.jpg,ABS,practo,,1.0,canonical,136,Q4,Q4-Sub-Q2,Premium,0.33734
hosp_392826cf9b7d3512,Annai Arul Hospital,annai arul hospital,Chennai,Hospital,Tambaram West,,12.920493458663644,80.08830461651087,87618c459ffffff,,4.0,7.0,True,,0.0,600.0,5.0,27.0,,+914448132959,https://www.practo.com/chennai/hospital/annai-arul-family-clinic-tambaram-east?referrer=hospital_listing,,VN,practo,,1.0,canonical,137,Q4,Q4-Sub-Q2,Premium,0.337276
hosp_3e79bd3a94c59dd3,Chennai Meenakshi Multispeciality Hospital,chennai meenakshi multispeciality hospital,Chennai,Hospital,Mylapore,,13.037599576950253,80.2618807554245,87618c4f6ffffff,,30.0,22.0,True,,0.0,1000.0,4.0,25.0,1990.0,+914471967001,https://www.practo.com/chennai/hospital/chennai-meenakshi-multi-speciality-hospital-mylapore-1?referrer=hospital_listing,https://images1-fabric.practo.com/chennai-meenakshi-multi-speciality-hospital-chennai-1445257559-5624e15716ef8.jpg,VN,practo,,1.0,canonical,138,Q4,Q4-Sub-Q2,Premium,0.336766
hosp_e1a0538299beb41c,Prime Indian Hospitals,prime indian hospitals,Chennai,Hospital,Arumbakkam,,13.07672,80.20577,87618c4d0ffffff,,16.0,18.0,True,,300.0,1000.0,4.5,161.0,,+914448134919,https://www.practo.com/chennai/hospital/prime-indian-hospitals-arumbakkam?referrer=hospital_listing,https://images1-fabric.practo.com/prime-indian-hospitals-chennai-1473340043-57d1628b2f9e3.jpg,VN,practo,,1.0,canonical,139,Q4,Q4-Sub-Q2,Premium,0.336575
hosp_0239506fc6f1610d,Xcellent Care Hospital,xcellent care hospital,Chennai,Hospital,Velachery,,12.985631970648326,80.21839611232281,87618c4e6ffffff,,12.0,16.0,True,,0.0,600.0,4.5,56.0,2010.0,+914471967153,https://www.practo.com/chennai/hospital/xcellent-care-hospital-1?referrer=hospital_listing,https://images1-fabric.practo.com/dr-rajan-gb-xcellent-care-super-speciality-hospital-chennai-1445587523-5629ea433447d.png,VN,practo,,1.0,canonical,140,Q4,Q4-Sub-Q2,Premium,0.336338
hosp_09c2c5c78d5ccfec,Cloudnine Hospital - OMR,cloudnine hospital omr,Chennai,Hospital,OMR Road,,12.94256417108838,80.23678858918719,87618c40affffff,,6.0,2.0,True,,850.0,850.0,5.0,35.0,,+914461712654,https://www.practo.com/chennai/hospital/cloudnine-hospital-1-omr-road?referrer=hospital_listing,https://images1-fabric.practo.com/practices/1378207/cloudnine-hospital-omr-chennai-625eadf2a6485.jpg,ABS,practo,,1.0,canonical,141,Q4,Q4-Sub-Q2,Premium,0.336322
hosp_51d2f5fb092a001c,Firm Hospitals,firm hospitals,Chennai,Hospital,Anna Nagar,,13.09156,80.21397,87618c4d2ffffff,,8.0,10.0,True,,300.0,600.0,4.5,666.0,,+914471967351,https://www.practo.com/chennai/hospital/firm-hospitals-anna-nagar?referrer=hospital_listing,https://images1-fabric.practo.com/54d0a01b8a32d96d6f2e7e1f705ab5e59c84a6dc009b2.jpg,VN,practo,,1.0,canonical,142,Q4,Q4-Sub-Q2,Premium,0.336182
hosp_8c144fdd0252a953,Raadha Rajendran Hospital,raadha rajendran hospital,Chennai,Hospital,Alandur,,13.0057618,80.2042755,87618c4c4ffffff,,26.0,19.0,True,,200.0,1000.0,4.5,14.0,,+914440116807,https://www.practo.com/chennai/hospital/raadha-rajendran-hospital-alandur?referrer=hospital_listing,https://images1-fabric.practo.com/practices/1184217/raadha-rajendran-hospital-chennai-5abcc29f72020.JPG,VN,practo,,1.0,canonical,143,Q4,Q4-Sub-Q2,Premium,0.336041
hosp_732ab919092b7266,Kumaran Hospital,kumaran hospital,Chennai,Hospital,Red Hills,,13.1916143,80.1899761,87618eb03ffffff,,25.0,20.0,True,,0.0,0.0,,,,+914471967085,https://www.practo.com/chennai/hospital/kumaran-hospital-1-red-hills?referrer=hospital_listing,,VN,practo,,1.0,canonical,144,Q4,Q4-Sub-Q2,Premium,0.335159
hosp_b95297886aa33d1b,Kumaran Hospital,kumaran hospital,Chennai,Hospital,Kilpauk,,13.0788143,80.2490729,87618c489ffffff,,23.0,16.0,True,,0.0,1300.0,4.5,104.0,,+911142246366,https://www.practo.com/chennai/hospital/kumaran-hospital-kilpauk-2?referrer=hospital_listing,https://images1-fabric.practo.com/practices/1180782/kumaran-hospital-chennai-5aa11fea78570.png,VN,practo,,1.0,canonical,145,Q4,Q4-Sub-Q2,Premium,0.334616
hosp_332c45ca78cfa65e,Krishna Eye and ENT Hospitals,krishna eye ent hospitals,Chennai,Hospital,T Nagar,,13.035950956638,80.231669837945,87618c4f0ffffff,,2.0,2.0,False,,400.0,500.0,5.0,167.0,,+914448134922,https://www.practo.com/chennai/hospital/krishna-eye-and-ent-hospital-t-nagar?referrer=hospital_listing,https://images1-fabric.practo.com/55157fa20df8396d6f2e7e1f705ab5e59c84a6dc009b2.png,VN,practo,,1.0,canonical,146,Q4,Q4-Sub-Q2,Premium,0.334567
hosp_48459d0def546a23,Srushti Fertility Centre & Women's Hospital,srushti fertility centre women s hospital,Chennai,Hospital,Ramapuram,,13.03174,80.18167,87618c4c0ffffff,,5.0,6.0,True,2.0,600.0,1000.0,4.5,876.0,,+914448132905,https://www.practo.com/chennai/hospital/srushti-fertility-centre-women-s-hospital-ramapuram?referrer=hospital_listing,https://images1-fabric.practo.com/practices/663903/srushti-fertility-centre-women-s-hospital-chennai-6779268a7abb0.png,ABS,practo,,1.0,canonical,147,Q4,Q4-Sub-Q2,Premium,0.334434
hosp_17261724230fcd0a,Be Well Hospitals,be well hospitals,Chennai,Hospital,Anna Nagar,,13.07938,80.1158481,87618eb66ffffff,,23.0,20.0,True,3.0,0.0,1500.0,,7.0,,+914446973087,https://www.practo.com/chennai/hospital/be-well-hospitals-2-anna-nagar?referrer=hospital_listing,https://images1-fabric.practo.com/practices/1273517/be-well-hospitals-chennai-5fd1bafb7f176.jpg,ABS,practo,,1.0,canonical,148,Q4,Q4-Sub-Q2,Premium,0.333919
hosp_fd3d5e653a0b74c1,Aditya Hospital,aditya hospital,Chennai,Hospital,Kilpauk,,13.0809362,80.248392,87618c489ffffff,,7.0,13.0,True,,0.0,1000.0,5.0,13.0,,+914446312691,https://www.practo.com/chennai/hospital/aditya-hospital-kilpauk-1?referrer=hospital_listing,https://images1-fabric.practo.com/practices/771101/aditya-hospital-chennai-5e7c3a080253f.JPG,VN,practo,,1.0,canonical,149,Q4,Q4-Sub-Q2,Premium,0.333325
hosp_efec70f0210ccd91,Aswene Soundra Hospital And Research Centre,aswene soundra hospital research centre,Chennai,Hospital,Teynampet,,13.04116,80.256223,87618c4f6ffffff,,7.0,8.0,True,,250.0,500.0,5.0,20.0,,+914448134922,https://www.practo.com/chennai/hospital/aswene-soundra-hospital-and-research-centre-teynampet?referrer=hospital_listing,https://images1-fabric.practo.com/practices/666647/aswene-soundra-hospital-and-research-centre-chennai-665ada30b9d64.png,VN,practo,,1.0,canonical,150,Q4,Q4-Sub-Q2,Premium,0.333121
hosp_be7468daf0bf8f8c,K.F Hospital,k f hospital,Chennai,Hospital,Nanganallur,,12.973529329896703,80.1837158203125,87618c4e1ffffff,,9.0,6.0,True,,0.0,500.0,5.0,21.0,,+914448134922,https://www.practo.com/chennai/hospital/k-f-hospital-nanganallur-1?referrer=hospital_listing,,VN,practo,,1.0,canonical,151,Q4,Q4-Sub-Q2,Premium,0.331731
hosp_e47af43d3fda93eb,Sri PadmaPriya Hospital,sri padmapriya hospital,Chennai,Hospital,Adyar,,12.999623566555,80.253736898303,87618c4f4ffffff,,4.0,5.0,True,,300.0,1500.0,5.0,25.0,,+914448134922,https://www.practo.com/chennai/hospital/sri-padmapriya-hospital-adyar?referrer=hospital_listing,https://images1-fabric.practo.com/practices/678237/sri-padmapriya-hospital-chennai-6662f7347b606.png,VN,practo,,1.0,canonical,152,Q4,Q4-Sub-Q2,Premium,0.330724
hosp_60e8f19634bfd6ef,Hindu Mission Health Services,hindu mission health services,Chennai,Hospital,Nanganallur,,12.991306,80.194634,87618c4e3ffffff,,6.0,7.0,True,,0.0,400.0,4.5,22.0,1985.0,+914461711211,https://www.practo.com/chennai/hospital/hindu-mission-health-services-nanganallur?referrer=hospital_listing,,VN,practo,,1.0,canonical,153,Q4,Q4-Sub-Q2,Premium,0.330284
hosp_4dc88ebcb3380b0b,Apollo Hospitals,apollo hospitals,Chennai,Hospital,Thousand Lights,,13.062312735868192,80.25284707546234,87618c489ffffff,,29.0,16.0,True,,0.0,1000.0,,,,+914446314494,https://www.practo.com/chennai/hospital/apollo-hospitals-thousand-lights-1?referrer=hospital_listing,https://images1-fabric.practo.com/practices/1468152/apollo-hospitals-chennai-67c2ec4d7e90d.png,VN,practo,,1.0,canonical,154,Q4,Q4-Sub-Q2,Premium,0.329725
hosp_36263c07c54340f5,Margaret Sidney Hospital,margaret sidney hospital,Chennai,Hospital,Nanganallur,,12.983987,80.193222,87618c4e3ffffff,,9.0,6.0,True,,0.0,400.0,,5.0,1983.0,+914461711208,https://www.practo.com/chennai/hospital/margaret-sidney-hospital-nanganallur?referrer=hospital_listing,https://images1-fabric.practo.com/practices/679305/margaret-sidney-hospital-chennai-6662b64362ad8.png,VN,practo,,1.0,canonical,155,Q4,Q4-Sub-Q2,Premium,0.329111
hosp_2af5fbb8b1404710,Jyoti Hospital,jyoti hospital,Chennai,Hospital,Washermenpet,,13.118175731051139,80.28507411225424,87618c499ffffff,,4.0,4.0,True,,350.0,500.0,5.0,25.0,,+914446312566,https://www.practo.com/chennai/hospital/jyoti-clinic-9-washermenpet?referrer=hospital_listing,https://images1-fabric.practo.com/practices/1191477/jyoti-clinic-chennai-5e9d860727f36.png,ABS,practo,,1.0,canonical,156,Q4,Q4-Sub-Q2,Premium,0.328597
hosp_d1b5e88e135d95e4,Sree Parthas Multispeciality Hospital,sree parthas multispeciality hospital,Chennai,Hospital,Ashok Nagar,,13.041664,80.2127872,87618c4f3ffffff,,2.0,2.0,True,,500.0,650.0,5.0,30.0,,+914446314530,https://www.practo.com/chennai/hospital/sree-parthas-multispeciality-hospital-ashok-nagar?referrer=hospital_listing,https://images1-fabric.practo.com/practices/1440262/sree-parthas-multispeciality-hospital-chennai-66756568550c4.png,VN,practo,,1.0,canonical,157,Q4,Q4-Sub-Q2,Premium,0.328337
hosp_16af98014079f091,Sunils Ortho World,sunils ortho world,Chennai,Hospital,Aminjikarai,,13.081546305029,80.21730422557,87618c4d0ffffff,,1.0,2.0,False,,600.0,600.0,5.0,134.0,,+914448134920,https://www.practo.com/chennai/hospital/sunils-ortho-world-aminjikarai?referrer=hospital_listing,https://images1-fabric.practo.com/5540e49a551bd96d6f2e7e1f705ab5e59c84a6dc009b2.jpg,VN,practo,,1.0,canonical,158,Q4,Q4-Sub-Q2,Premium,0.327114
hosp_4447aed2607733e1,N.N. Hospital,n n hospital,Chennai,Hospital,Tambaram West,,13.052414,80.250825,87618c4f2ffffff,,2.0,3.0,True,,200.0,500.0,5.0,10.0,1998.0,+914448134922,https://www.practo.com/chennai/hospital/n-n-hospital-tambaram-west?referrer=hospital_listing,,VN,practo,,1.0,canonical,159,Q4,Q4-Sub-Q2,Premium,0.32634
hosp_d6f15d2e93f386d0,Murugesan Memorial Hospital,murugesan memorial hospital,Chennai,Hospital,Saligramam,,13.051281466241,80.207556660555,87618c4d5ffffff,,1.0,1.0,False,,500.0,500.0,5.0,139.0,,+914448134926,https://www.practo.com/chennai/hospital/murugesan-memorial-hospital-kk-nagar?referrer=hospital_listing,https://images1-fabric.practo.com/murugesan-memorial-hospital-chennai-1476702007-5804af375758f.png,VN,practo,,1.0,canonical,160,Q4,Q4-Sub-Q2,Premium,0.326117
hosp_ac7b983414d293b5,Billroth Hospitals,billroth hospitals,Chennai,Hospital,Shenoy Nagar,,13.07573,80.22735,87618c4d6ffffff,,44.0,29.0,True,1.0,400.0,1200.0,4.0,785.0,1991.0,+918045685618,https://www.practo.com/chennai/hospital/billroth-hospitals-shenoy-nagar-1?referrer=hospital_listing,https://images1-fabric.practo.com/billroth-hospital-shenoy-nagar-chennai-1465537756-575a54dc44b48.jpg,ABS,practo,,1.0,canonical,161,Q4,Q4-Sub-Q2,Premium,0.325618
hosp_006b62a7db320182,Shifa Clinic,shifa clinic,Chennai,Hospital,Triplicane,,13.04563,80.27765,87618c4abffffff,,1.0,1.0,True,,300.0,300.0,,,1967.0,+914471967020,https://www.practo.com/chennai/hospital/shifa-clinic-18-triplicane?referrer=hospital_listing,https://images1-fabric.practo.com/practices/837713/shifa-clinic-chennai-6662d1f2822b5.png,VN,practo,,1.0,canonical,162,Q4,Q4-Sub-Q2,Premium,0.325439
hosp_8da56630ce547946,Parasu Dental Hospital,parasu dental hospital,Chennai,Hospital,T Nagar,,13.041009145761,80.238543022219,87618c4f2ffffff,,11.0,1.0,True,3.0,500.0,1500.0,5.0,23.0,,+914446312570,https://www.practo.com/chennai/hospital/parasu-dental-hospital-6?referrer=hospital_listing,https://images1-fabric.practo.com/practices/1190800/parasu-dental-hospital-chennai-5b06605b40567.jpg,VN,practo,,1.0,canonical,163,Q4,Q4-Sub-Q2,Premium,0.32518
hosp_c153a5d06200d31f,Mother's Speciality Hospital,mother s speciality hospital,Chennai,Hospital,Ambattur,,13.12101,80.14975,87618eb29ffffff,,10.0,6.0,True,,0.0,400.0,4.5,570.0,,+914471967153,https://www.practo.com/chennai/hospital/mother-s-speciality-hospital-ambattur-1?referrer=hospital_listing,https://images1-fabric.practo.com/mother-s-speciality-hospital-chennai-1443593147-560b7bbbc9094.jpg,VN,practo,,1.0,canonical,164,Q4,Q4-Sub-Q2,Premium,0.325036
hosp_589245a2069683f1,MU. VA Hospital,mu va hospital,Chennai,Hospital,Shenoy Nagar,,13.07404918336168,80.22586941719055,87618c4d4ffffff,,1.0,2.0,True,,300.0,300.0,,,1971.0,+914471967343,https://www.practo.com/chennai/hospital/muva-hospital-and-speciality-hospital-shenoy-nagar?referrer=hospital_listing,https://images1-fabric.practo.com/practices/911107/mu-va-hospital-chennai-6666ed0f93667.png,VN,practo,,1.0,canonical,165,Q4,Q4-Sub-Q2,Premium,0.324233
hosp_497a456368e885c6,Sims Hospital,sims hospital,Chennai,Hospital,Egmore,,13.0745867,80.2572878,87618c488ffffff,,48.0,30.0,False,,0.0,0.0,,,,+914471967087,https://www.practo.com/chennai/hospital/sims-hospital-egmore?referrer=hospital_listing,,VN,practo,,1.0,canonical,166,Q4,Q4-Sub-Q2,Premium,0.324128
hosp_2771a7b06744664d,Apollo Womens Hospital,apollo womens hospital,Chennai,Hospital,Thousand Lights,,13.060128,80.252307,87618c489ffffff,,25.0,12.0,True,12.0,0.0,2000.0,4.5,51.0,,+918037319065,https://www.practo.com/chennai/hospital/apollo-womens-hospital-thousand-lights?referrer=hospital_listing,https://images1-fabric.practo.com/practices/1303447/apollo-womens-hospital-chennai-5f4e159e3834a.png,RFA,practo,,1.0,canonical,167,Q4,Q4-Sub-Q2,Premium,0.324105
hosp_ac315806d637f6e1,Anand Hospital,anand hospital,Chennai,Hospital,Manali,,13.166921,80.250198,87618eb31ffffff,,4.0,5.0,True,,100.0,500.0,,,1982.0,+914448134922,https://www.practo.com/chennai/hospital/anand-hospital-manali?referrer=hospital_listing,https://images1-fabric.practo.com/practices/678653/anand-hospital-chennai-6655947d503c3.png,VN,practo,,1.0,canonical,168,Q4,Q4-Sub-Q2,Premium,0.323757
hosp_b7acc60fdc5f388d,Ayanavaram Hospital,ayanavaram hospital,Chennai,Hospital,Ayanavaram,,13.098676,80.233865,87618eb25ffffff,,5.0,4.0,True,,100.0,600.0,,4.0,1981.0,+914471967335,https://www.practo.com/chennai/hospital/ayanavaram-hospital-ayanavaram?referrer=hospital_listing,,VN,practo,,1.0,canonical,169,Q4,Q4-Sub-Q2,Premium,0.323403
hosp_50c8b75012636839,Partha Dental  Skin Hair,partha dental skin hair,Chennai,Hospital,Thiruvanmiyur,,12.9880632,80.2534002,87618c41bffffff,,2.0,1.0,True,4.0,0.0,0.0,5.0,26.0,,+911142246366,https://www.practo.com/chennai/hospital/partha-dental-skin-and-hair-thiruvanmiyur?referrer=hospital_listing,https://images1-fabric.practo.com/practices/1427910/partha-dental-skin-and-hair-chennai-64994957333b0.PNG,ABS,practo,,1.0,canonical,170,Q4,Q4-Sub-Q2,Premium,0.321838
hosp_04cf4d90265f4ac9,Maaya Women's Hospital & Fertility Centre,maaya women s hospital fertility centre,Chennai,Hospital,Kolathur,,13.123571531857007,80.20179423154757,87618eb2cffffff,,1.0,3.0,True,4.0,500.0,500.0,5.0,23.0,,+914446313682,https://www.practo.com/chennai/hospital/maaya-women-s-hospital-fertility-centre-kolathur?referrer=hospital_listing,https://images1-fabric.practo.com/practices/1263689/maaya-women-s-hospital-fertility-centre-chennai-5d4d53d806549.PNG,VN,practo,,1.0,canonical,171,Q4,Q4-Sub-Q2,Premium,0.321743
hosp_b27db17c6cecb06f,Srinivas Priya Hospital,srinivas priya hospital,Chennai,Hospital,Perambur,,13.11005,80.24668,87618eb24ffffff,,1.0,3.0,True,,600.0,600.0,4.5,61.0,1985.0,+914461712654,https://www.practo.com/chennai/hospital/srinivas-priya-hospital-perambur?referrer=hospital_listing,https://images1-fabric.practo.com/practices/646374/srinivas-priya-hospital-chennai-64954316cff34.jpg,VN,practo,,1.0,canonical,172,Q4,Q4-Sub-Q2,Premium,0.321423
hosp_fdc028b4462ba7fd,Partha Dental  Skin Hair,partha dental skin hair,Chennai,Hospital,Pallavaram,,12.96913,80.14777,87618c4e8ffffff,,1.0,1.0,True,4.0,0.0,0.0,5.0,26.0,,+914446276052,https://www.practo.com/chennai/hospital/partha-dental-skin-and-hair-old-pallavaram?referrer=hospital_listing,https://images1-fabric.practo.com/practices/1427906/partha-dental-skin-and-hair-kanchipuram-649946d9563ad.PNG,ABS,practo,,1.0,canonical,173,Q4,Q4-Sub-Q2,Premium,0.321069
hosp_128d3806bd8d9e46,Ponmalligai Hospital,ponmalligai hospital,Chennai,Hospital,Adambakkam,,12.99774186236438,80.20837068557739,87618c4e2ffffff,,6.0,5.0,True,,0.0,500.0,4.5,596.0,,+914461711210,https://www.practo.com/chennai/hospital/ponmalligai-hospital-adambakkam-1?referrer=hospital_listing,,VN,practo,,1.0,canonical,174,Q4,Q4-Sub-Q2,Premium,0.320964
hosp_548dbd780c3ea45b,Surya Fertility Centre,surya fertility centre,Chennai,Hospital,T Nagar,,13.05636,80.23204,87618c4d4ffffff,,1.0,4.0,True,,550.0,550.0,4.5,230.0,2000.0,+914471967020,https://www.practo.com/chennai/hospital/surya-fertility-centre-t-nagar?referrer=hospital_listing,https://images1-fabric.practo.com/surya-fertility-centre-chennai-1442303633-55f7ce91efe30.jpg,VN,practo,,1.0,canonical,175,Q4,Q4-Sub-Q2,Premium,0.320296
hosp_c73d1dc05b3391b0,Prashanth Multispeciality Hospital,prashanth multispeciality hospital,Chennai,Hospital,Chetpet,,13.06922,80.236372,87618c489ffffff,,15.0,14.0,True,2.0,500.0,650.0,4.5,46.0,,+914448132961,https://www.practo.com/chennai/hospital/prashanth-multispeciality-hospital-chetpet?referrer=hospital_listing,https://images1-fabric.practo.com/practices/673709/prashanth-multispeciality-hospital-chennai-5a9914e08fc0e.jpg,VN,practo,,1.0,canonical,176,Q4,Q4-Sub-Q2,Premium,0.320261
hosp_1c6370e84d7743c2,SBS Hospital,sbs hospital,Chennai,Hospital,Virugambakkam,,13.05943,80.19496,87618c4d5ffffff,,1.0,1.0,True,,200.0,200.0,4.5,860.0,,+914448134923,https://www.practo.com/chennai/hospital/sbs-hospital-virugambhakkam?referrer=hospital_listing,,VN,practo,,1.0,canonical,177,Q4,Q4-Sub-Q1,Upper-Mid Premium,0.32003
hosp_34d2d9510f6b0b4b,Sugam Hospital,sugam hospital,Chennai,Hospital,Thiruvottiyur,,13.16522012950828,80.30331015586853,87618e869ffffff,,3.0,7.0,True,1.0,200.0,4000.0,,6.0,1991.0,+914448134920,https://www.practo.com/chennai/hospital/sugam-hospital-thiruvottiyur?referrer=hospital_listing,https://images1-fabric.practo.com/practices/671985/sugam-hospital-chennai-6489cd42e7439.png,VN,practo,,1.0,canonical,178,Q4,Q4-Sub-Q1,Upper-Mid Premium,0.319999
hosp_1221621972b5e30e,Ezhil Hospital,ezhil hospital,Chennai,Hospital,Tondiarpet,,13.1291131446435,80.29106855392456,87618c498ffffff,,7.0,9.0,True,,0.0,500.0,,2.0,2000.0,+914448134922,https://www.practo.com/chennai/hospital/ezhil-hospital-tondiarpet?referrer=hospital_listing,,VN,practo,,1.0,canonical,179,Q4,Q4-Sub-Q1,Upper-Mid Premium,0.319661
hosp_4edf8c0a651d4aaa,Teja Hospital,teja hospital,Chennai,Hospital,Ambattur,,13.122299,80.146837,87618eb29ffffff,,9.0,6.0,True,,0.0,300.0,,3.0,1995.0,+914471967017,https://www.practo.com/chennai/hospital/teja-hospital-ambattur?referrer=hospital_listing,https://images1-fabric.practo.com/practices/677160/teja-hospital-chennai-6673e2bd184a6.png,VN,practo,,1.0,canonical,180,Q4,Q4-Sub-Q1,Upper-Mid Premium,0.319025
hosp_3544a0030f2bc25a,Rajan Dental Care,rajan dental care,Chennai,Hospital,Mylapore,,13.04386,80.272657,87618c4abffffff,,13.0,1.0,True,,350.0,1500.0,5.0,17.0,,+914471967006,https://www.practo.com/chennai/hospital/rajan-dental-care-mylapore?referrer=hospital_listing,https://images1-fabric.practo.com/practices/1171279/rajan-dental-care-chennai-5a4c98e86f8a7.JPG,VN,practo,,1.0,canonical,181,Q4,Q4-Sub-Q1,Upper-Mid Premium,0.31863
hosp_4090409d7e5ce0a0,IOG Hospital,iog hospital,Chennai,Hospital,Egmore,,13.072103,80.2584009,87618c488ffffff,,57.0,24.0,False,,0.0,0.0,,,,+914448132962,https://www.practo.com/chennai/hospital/iog-hospital-egmore?referrer=hospital_listing,,VN,practo,,1.0,canonical,182,Q4,Q4-Sub-Q1,Upper-Mid Premium,0.318285
hosp_36c6d344970799a6,KKR Hospital,kkr hospital,Chennai,Hospital,Mylapore,,13.0274124,80.2649026,87618c4f6ffffff,,2.0,1.0,True,,0.0,0.0,5.0,23.0,,+914448132961,https://www.practo.com/chennai/hospital/kkr-hospital-cancer-mandaveli?referrer=hospital_listing,https://images1-fabric.practo.com/practices/1173073/kkr-hospital-chennai-5a818465317d2.jpg,VN,practo,,1.0,canonical,183,Q4,Q4-Sub-Q1,Upper-Mid Premium,0.318257
hosp_2355d7b6b09fd892,"Apollo Specialty Hospital, Vanagaram, Chennai",apollo specialty hospital vanagaram chennai,Chennai,Hospital,Agraharam,,13.0707104,80.1506203,87618c4d8ffffff,,54.0,25.0,False,,0.0,1000.0,,,,+914446312690,https://www.practo.com/chennai/hospital/apollo-specialty-hospital-vanagaram-chennai-agraharam?referrer=hospital_listing,,VN,practo,,1.0,canonical,184,Q4,Q4-Sub-Q1,Upper-Mid Premium,0.318105
hosp_afbbe2cdd4f1c9e5,Rohit Hospital,rohit hospital,Chennai,Hospital,Thiruvottiyur,,13.150131,80.299359,87618c49affffff,,5.0,5.0,True,,0.0,250.0,,2.0,1990.0,+914448134922,https://www.practo.com/chennai/hospital/rohit-hospital-thiruvottiyur?referrer=hospital_listing,https://images1-fabric.practo.com/practices/679095/rohit-hospital-chennai-6673c183a71b1.png,VN,practo,,1.0,canonical,185,Q4,Q4-Sub-Q1,Upper-Mid Premium,0.317945
hosp_bdd93f75d262fc2c,Nagamani Hospital,nagamani hospital,Chennai,Hospital,Washermenpet,,13.117663,80.289321,87618c49dffffff,,5.0,8.0,True,,200.0,500.0,,3.0,1998.0,+914448134924,https://www.practo.com/chennai/hospital/nagamani-hospitals-washermenpet-1?referrer=hospital_listing,https://images1-fabric.practo.com/practices/1169597/nagamani-hospital-chennai-5a446208bd9b6.png,VN,practo,,1.0,canonical,186,Q4,Q4-Sub-Q1,Upper-Mid Premium,0.317704
hosp_51d38ce728cb2905,Dr Care Homeopathy,dr care homeopathy,Chennai,Hospital,Anna Nagar,,13.085363,80.206326,87618c4d0ffffff,,2.0,1.0,True,1.0,300.0,1500.0,5.0,12.0,2008.0,+918037318754,https://www.practo.com/chennai/hospital/positive-homeopathy-anna-nagar?referrer=hospital_listing,https://images1-fabric.practo.com/practices/1193443/positive-homeopathy-chennai-65852bad97c24.png,ABS,practo,,1.0,canonical,187,Q4,Q4-Sub-Q1,Upper-Mid Premium,0.31727
hosp_41aea8a03692633c,Raju Hospital,raju hospital,Chennai,Hospital,T Nagar,,13.040503,80.233692,87618c4f2ffffff,,4.0,3.0,True,,250.0,750.0,4.5,32.0,1990.0,+911142246362,https://www.practo.com/chennai/hospital/raju-hospital-t-nagar-1?referrer=hospital_listing,https://images1-fabric.practo.com/raju-hospital-chennai-1490881175-58dd0a97ceb80.jpg,VN,practo,,1.0,canonical,188,Q4,Q4-Sub-Q1,Upper-Mid Premium,0.317131
hosp_8530c16dc09bbab8,Sankara Kidney Hospital,sankara kidney hospital,Chennai,Hospital,Pallavaram,,12.949837238782088,80.1691460609436,87618c4ecffffff,,1.0,2.0,True,,400.0,400.0,5.0,11.0,2008.0,+914471967017,https://www.practo.com/chennai/hospital/sankara-kidney-hospital-pallavaram?referrer=hospital_listing,https://images1-fabric.practo.com/sankara-kidney-hospital-chennai-1463726896-573eb330e0243.png,VN,practo,,1.0,canonical,189,Q4,Q4-Sub-Q1,Upper-Mid Premium,0.316897
hosp_c9a1a1f2fe832784,Apollo Spectra Hospitals,apollo spectra hospitals,Chennai,Hospital,MRC Nagar,,13.0178334,80.2685151,87618c4a9ffffff,,69.0,30.0,True,12.0,0.0,1500.0,4.0,115.0,,+914461712656,https://www.practo.com/chennai/hospital/apollo-spectra-hospitals-mrc-nagar?referrer=hospital_listing,https://images1-fabric.practo.com/practices/1134530/apollo-spectra-hospitals-chennai-624e99e33828c.jpg,VN,practo,,1.0,canonical,190,Q4,Q4-Sub-Q1,Upper-Mid Premium,0.316649
hosp_891c8e9d723fdc45,MGM health care,mgm health care,Chennai,Hospital,Aminjikarai,,13.072670205796124,80.22232618183047,87618c4d4ffffff,,17.0,14.0,True,,0.0,1000.0,,3.0,,+914471967143,https://www.practo.com/chennai/hospital/krishna-cardio-and-gastro-clinic-kilpauk?referrer=hospital_listing,https://images1-fabric.practo.com/practices/1379169/mgm-health-care-chennai-67ebc35331bef.png,VN,practo,,1.0,canonical,191,Q4,Q4-Sub-Q1,Upper-Mid Premium,0.316367
hosp_e481aa1a6dd48d5b,Sundar Eye Hospital,sundar eye hospital,Chennai,Hospital,Anna Nagar,,13.0851,80.216,87618c4d0ffffff,,3.0,1.0,False,,300.0,500.0,5.0,37.0,1988.0,+914448134926,https://www.practo.com/chennai/hospital/sundar-eye-hospital-anna-nagar-1?referrer=hospital_listing,https://images1-fabric.practo.com/sundar-eye-hospital-chennai-1474285622-57dfd0363dcf1.jpg,VN,practo,,1.0,canonical,192,Q4,Q4-Sub-Q1,Upper-Mid Premium,0.315365
hosp_52bd9f6f7d580b03,Joseph Dental,joseph dental,Chennai,Hospital,Mogappair East,,13.083070755122,80.187628976964,87618c4d3ffffff,,3.0,1.0,True,,200.0,200.0,5.0,20.0,,+914446314530,https://www.practo.com/chennai/hospital/st-joseph-dental-hospital-mogappair-east?referrer=hospital_listing,https://images1-fabric.practo.com/practices/1145869/joseph-dental-chennai-68a85b6369709.jpeg,ABS,practo,,1.0,canonical,193,Q4,Q4-Sub-Q1,Upper-Mid Premium,0.31515
hosp_297bf62c38740f79,New Hope Medical Centre,new hope medical centre,Chennai,Hospital,Kilpauk,,13.077603058723179,80.24148590862751,87618c489ffffff,,12.0,12.0,True,,200.0,1500.0,4.5,63.0,,+914440115149,https://www.practo.com/chennai/hospital/new-hope-medical-centre-kilpauk-1?referrer=hospital_listing,https://images1-fabric.practo.com/practices/708029/new-hope-medical-centre-chennai-5c98d5cabe378.PNG,ABS,practo,,1.0,canonical,194,Q4,Q4-Sub-Q1,Upper-Mid Premium,0.315011
hosp_9728f06a7ff8c102,Amma Hospital,amma hospital,Chennai,Hospital,Nungambakkam,,13.062636723652757,80.23074299097061,87618c4d4ffffff,,1.0,1.0,True,,300.0,300.0,,5.0,1980.0,+914448134925,https://www.practo.com/chennai/hospital/amma-infertility-centre-choolaimedu?referrer=hospital_listing,,VN,practo,,1.0,canonical,195,Q4,Q4-Sub-Q1,Upper-Mid Premium,0.314819
hosp_e18e3909b2b57081,Sri Hospitals,sri hospitals,Chennai,Hospital,Tondiarpet,,13.124833,80.290823,87618c498ffffff,,7.0,9.0,True,,200.0,500.0,4.5,78.0,2016.0,+914446271587,https://www.practo.com/chennai/hospital/sri-hospitals-tondiarpet?referrer=hospital_listing,https://images1-fabric.practo.com/practices/1152674/sri-hospitals-chennai-598994d2c5812.jpg,VN,practo,,1.0,canonical,196,Q4,Q4-Sub-Q1,Upper-Mid Premium,0.314145
hosp_3bcb927cbad4bc85,Pallava Hospital,pallava hospital,Chennai,Hospital,Ashok Nagar,,13.052414,80.250825,87618c4f2ffffff,,5.0,3.0,True,,0.0,300.0,,9.0,1990.0,+914461711211,https://www.practo.com/chennai/hospital/pallava-hospital-ashok-nagar?referrer=hospital_listing,https://images1-fabric.practo.com/practices/677514/pallava-hospital-chennai-66506a047e173.png,VN,practo,,1.0,canonical,197,Q4,Q4-Sub-Q1,Upper-Mid Premium,0.313988
hosp_716f9bd431a44405,Ward Hospital,ward hospital,Chennai,Hospital,Karapakkam,,12.91999,80.2516009,87618c40effffff,,43.0,27.0,False,,0.0,0.0,,,,+914446312691,https://www.practo.com/chennai/hospital/ward-hospital-karapakkam?referrer=hospital_listing,,active,practo,,1.0,canonical,198,Q4,Q4-Sub-Q1,Upper-Mid Premium,0.313899
hosp_c94864b3ba074e75,Dhanvantri Dental Care & Implant Centre,dhanvantri dental care implant centre,Chennai,Hospital,Kolathur,,13.122360778829249,80.20677275955677,87618eb21ffffff,,1.0,1.0,True,,200.0,200.0,5.0,20.0,,+914471967343,https://www.practo.com/chennai/hospital/dhanvantri-dental-care-implant-centre-kolathur?referrer=hospital_listing,https://images1-fabric.practo.com/555fe4ed3f5638b47040e637a18b48ae79e6e4286d89d.jpg,VN,practo,,1.0,canonical,199,Q4,Q4-Sub-Q1,Upper-Mid Premium,0.313612
hosp_ea4f3fef2d71560e,Sudha Hospital,sudha hospital,Chennai,Hospital,Royapuram,,13.1128299,80.2916047,87618c49dffffff,,2.0,4.0,True,,300.0,350.0,5.0,15.0,,+918037319046,https://www.practo.com/chennai/hospital/sudha-hospital-2-royapuram-2?referrer=hospital_listing,https://images1-fabric.practo.com/practices/2087845/sudha-hospital-chennai-68c3a60482d9f.jpeg,VN,practo,,1.0,canonical,200,Q4,Q4-Sub-Q1,Upper-Mid Premium,0.313534
hosp_5aa3e8c767e65df7,Sri Ranga Hospital,sri ranga hospital,Chennai,Hospital,Mandaveli,,13.02929,80.263984,87618c4f6ffffff,,6.0,4.0,True,,0.0,500.0,5.0,13.0,,+914448134923,https://www.practo.com/chennai/hospital/sri-ranga-hospital-mandaveli-1?referrer=hospital_listing,,VN,practo,,1.0,canonical,201,Q4,Q4-Sub-Q1,Upper-Mid Premium,0.313407
hosp_743b478afc4291e6,Laksha Hospital,laksha hospital,Chennai,Hospital,Mylapore,,13.04356,80.26362,87618c48dffffff,,7.0,9.0,True,,0.0,500.0,,9.0,2008.0,+914471967017,https://www.practo.com/chennai/hospital/laksha-hospital-mylapore?referrer=hospital_listing,https://images1-fabric.practo.com/practices/645363/laksha-hospital-chennai-665d791abeb4a.png,VN,practo,,1.0,canonical,202,Q4,Q4-Sub-Q1,Upper-Mid Premium,0.313292
hosp_7164195483fbeabf,Frontline Eye Hospital,frontline eye hospital,Chennai,Hospital,Alwarpet,,13.032274,80.251577,87618c4f6ffffff,,1.0,1.0,False,,500.0,500.0,5.0,93.0,,+914446310179,https://www.practo.com/chennai/hospital/frontline-eye-hospital-alwarpet-1?referrer=hospital_listing,https://images1-fabric.practo.com/frontline-eye-hospital-chennai-1488269454-58b5308e50659.png,VN,practo,,1.0,canonical,203,Q4,Q4-Sub-Q1,Upper-Mid Premium,0.313289
hosp_1ab4d6a83d3ef867,Rakshith Hospital,rakshith hospital,Chennai,Hospital,Valasaravakkam,,13.042722,80.177525,87618c4c2ffffff,,9.0,12.0,True,,0.0,500.0,4.5,67.0,,+914471967006,https://www.practo.com/chennai/hospital/rakshith-hospital-valasaravakkam-1?referrer=hospital_listing,https://images1-fabric.practo.com/practices/672247/rakshith-hospital-chennai-59de0ce1c2aaa.jpg,VN,practo,,1.0,canonical,204,Q4,Q4-Sub-Q1,Upper-Mid Premium,0.312988
hosp_6a646de85b095add,Medicity Multispeciality Hospital,medicity multispeciality hospital,Chennai,Hospital,Selaiyur,,12.9234094,80.1372648,87618c45effffff,,12.0,13.0,True,,250.0,500.0,4.5,14.0,,+914471967017,https://www.practo.com/chennai/hospital/medicity-multispeciality-hospital-selaiyur-1?referrer=hospital_listing,https://images1-fabric.practo.com/practices/666104/medicity-multispeciality-hospital-chennai-5acf11e047354.jpg,VN,practo,,1.0,canonical,205,Q4,Q4-Sub-Q1,Upper-Mid Premium,0.312506
hosp_4813b82155902dc2,RPS Hospitals,rps hospitals,Chennai,Hospital,Korattur,,13.12094,80.18176,87618eb28ffffff,,10.0,8.0,True,,300.0,800.0,4.5,189.0,,+918047285654,https://www.practo.com/chennai/hospital/rps-hospital-korattur?referrer=hospital_listing,https://images1-fabric.practo.com/practices/1327777/rps-hospitals-chennai-67e53c659fa1e.png,ABS,practo,,1.0,canonical,206,Q4,Q4-Sub-Q1,Upper-Mid Premium,0.312086
hosp_851d9f2409fe66fa,City Tower Hospitals,city tower hospitals,Chennai,Hospital,Anna Nagar,,13.084525,80.215806,87618c4d0ffffff,,3.0,2.0,True,,0.0,150.0,,8.0,1988.0,+914448134922,https://www.practo.com/chennai/hospital/city-tower-hospitals-anna-nagar?referrer=hospital_listing,https://images1-fabric.practo.com/practices/671358/city-tower-hospitals-chennai-6669887702734.png,VN,practo,,1.0,canonical,207,Q4,Q4-Sub-Q1,Upper-Mid Premium,0.311946
hosp_955e59069e73f795,Maaya Speciality Hospitals,maaya speciality hospitals,Chennai,Hospital,Kolathur,,0.0,0.0,87754e64dffffff,,2.0,7.0,True,4.0,100.0,500.0,5.0,10.0,,+914446315128,https://www.practo.com/chennai/hospital/maaya-speciality-hospital-kolathur?referrer=hospital_listing,https://images1-fabric.practo.com/practices/1250278/maaya-speciality-hospital-for-women-chennai-5d4d54073b481.PNG,VN,practo,,1.0,canonical,208,Q4,Q4-Sub-Q1,Upper-Mid Premium,0.311518
hosp_1003499a6c310105,GEM Hospital & Research Center,gem hospital research center,Chennai,Hospital,Aminjikarai,,13.0743194,80.2179244,87618c4d0ffffff,,3.0,3.0,True,,500.0,500.0,,,1991.0,+911142246362,https://www.practo.com/chennai/hospital/gem-hospital-research-center-chennai-perungudi?referrer=hospital_listing,https://images1-fabric.practo.com/practices/1434754/gem-hospital-research-center-chennai-chennai-64e63e7a2005a.jpeg,VN,practo,,1.0,canonical,209,Q4,Q4-Sub-Q1,Upper-Mid Premium,0.311233
hosp_d3361f375a53f2c1,Karthik Hospital,karthik hospital,Chennai,Hospital,Madipakkam,,12.967051,80.189208,87618c4e1ffffff,,3.0,2.0,True,,0.0,300.0,,6.0,1989.0,+914448134923,https://www.practo.com/chennai/hospital/karthik-hospital-madipakkam?referrer=hospital_listing,https://images1-fabric.practo.com/practices/678769/karthik-hospital-chennai-666ac5a50052d.png,VN,practo,,1.0,canonical,210,Q4,Q4-Sub-Q1,Upper-Mid Premium,0.311027
hosp_357ef9c86e581721,Genesis Women's Hospital,genesis women s hospital,Chennai,Hospital,Choolai,,13.034978976881,80.246523813873,87618c4f6ffffff,,1.0,1.0,True,,400.0,400.0,5.0,18.0,,+914461712655,https://www.practo.com/chennai/hospital/genesis-women-s-hospital-teynampet?referrer=hospital_listing,https://images1-fabric.practo.com/genesis-women-s-hospital-chennai-1460965394-57149012de538.jpg,VN,practo,,1.0,canonical,211,Q4,Q4-Sub-Q1,Upper-Mid Premium,0.310843
hosp_f97e298ebd85726f,Padmini Nursing Home,padmini nursing home,Chennai,Hospital,Chetpet,,13.073229,80.234526,87618c489ffffff,,2.0,2.0,True,,300.0,400.0,5.0,16.0,,+914461711210,https://www.practo.com/chennai/hospital/padmini-nursing-home-chetpet?referrer=hospital_listing,,VN,practo,,1.0,canonical,212,Q4,Q4-Sub-Q1,Upper-Mid Premium,0.31081
hosp_08f25b68cc2df76c,Prime OBG Women Speciality - Thiruvanmiyur,prime obg women speciality thiruvanmiyur,Chennai,Hospital,Thiruvanmiyur,,12.987237021774,80.255005082882,87618c41bffffff,,5.0,7.0,True,,700.0,1000.0,4.5,277.0,,+914461712655,https://www.practo.com/chennai/hospital/prime-obg-fertility-centre-thiruvanmiyur?referrer=hospital_listing,https://images1-fabric.practo.com/practices/655243/prime-obg-fertility-centre-chennai-5ab4a0c6e069f.png,VN,practo,,1.0,canonical,213,Q4,Q4-Sub-Q1,Upper-Mid Premium,0.310286
hosp_2bfc0bc7bf50cca9,Cherish Hospital,cherish hospital,Chennai,Hospital,Thirumullaivoyal,,13.1301,80.1311,87618eb76ffffff,,5.0,6.0,True,,200.0,400.0,4.5,308.0,,+914471967153,https://www.practo.com/chennai/hospital/cherish-hospital-thirumullaivoyal-1?referrer=hospital_listing,https://images1-fabric.practo.com/cherish-hospital-chennai-1461333425-571a2db15ef65.jpg,VN,practo,,1.0,canonical,214,Q4,Q4-Sub-Q1,Upper-Mid Premium,0.309579
hosp_ef945dbe8e764df7,Parvathy Ortho Hospital,parvathy ortho hospital,Chennai,Hospital,Chromepet,,12.946082,80.136565,87618c4edffffff,,17.0,8.0,True,,800.0,1000.0,4.5,44.0,,+914448132960,https://www.practo.com/chennai/hospital/parvathy-hospital-chromepet-2?referrer=hospital_listing,https://images1-fabric.practo.com/practices/1011909/parvathy-hospital-chennai-5c25e1bc98f6a.PNG,VN,practo,,1.0,canonical,215,Q4,Q4-Sub-Q1,Upper-Mid Premium,0.308865
hosp_5f641d65214ee913,Das Nursing Home,das nursing home,Chennai,Hospital,Pozhichalur,,,,,,4.0,5.0,True,,0.0,300.0,,,2000.0,+914448134922,https://www.practo.com/chennai/hospital/das-nursing-home-pozhichalur?referrer=hospital_listing,,VN,practo,,0.6,canonical,216,Q4,Q4-Sub-Q1,Upper-Mid Premium,0.308757
hosp_cec81ea02d5b5875,Hiba Hospital,hiba hospital,Chennai,Hospital,Triplicane,,13.06147,80.275678,87618c48cffffff,,2.0,4.0,True,,150.0,200.0,,4.0,1996.0,+914448134923,https://www.practo.com/chennai/hospital/hiba-hospital-triplicane-1?referrer=hospital_listing,https://images1-fabric.practo.com/practices/676109/hiba-hospital-chennai-6671786630af7.png,VN,practo,,1.0,canonical,217,Q4,Q4-Sub-Q1,Upper-Mid Premium,0.308595
hosp_aefbdb7aebf49503,Padhuvai Hospital,padhuvai hospital,Chennai,Hospital,Madipakkam,,12.965605,80.190648,87618c4e1ffffff,,3.0,5.0,True,,200.0,350.0,,4.0,2000.0,+914448132962,https://www.practo.com/chennai/hospital/padhuvai-hospital-madipakkam-1?referrer=hospital_listing,https://images1-fabric.practo.com/padhuvai-hospital-chennai-1488426586-58b7965abc3d2.jpg,VN,practo,,1.0,canonical,218,Q4,Q4-Sub-Q1,Upper-Mid Premium,0.308158
hosp_78a6b95844445a9b,Be Well Hospital,be well hospital,Chennai,Hospital,Poonamalle,,13.050513,80.0986603,87618c4cbffffff,,11.0,11.0,True,3.0,200.0,1500.0,4.5,19.0,,+914461712654,https://www.practo.com/chennai/hospital/be-well-hospital-3-poonamalle-3?referrer=hospital_listing,https://images1-fabric.practo.com/practices/1261980/bewell-hospitals-chennai-5e9be96471ab1.jpg,ABS,practo,,1.0,canonical,219,Q4,Q4-Sub-Q1,Upper-Mid Premium,0.308119
hosp_c80bbb6b79062c3c,Dr Kumar's Speciality Hospital,dr kumar s speciality hospital,Chennai,Hospital,Chromepet,,12.951653257314563,80.13915223079987,87618c4edffffff,,12.0,9.0,True,,500.0,750.0,4.5,56.0,,+914448133298,https://www.practo.com/chennai/hospital/dr-kumar-s-speciality-hospital-chromepet-1?referrer=hospital_listing,https://images1-fabric.practo.com/practices/1454686/dr-kumar-s-speciality-hospital-chennai-65f80c91a05c3.jpg,ABS,practo,,1.0,canonical,220,Q4,Q4-Sub-Q1,Upper-Mid Premium,0.308111
hosp_fef9119fd6e101b2,SRM Hospitals,srm hospitals,Chennai,Hospital,West Mambalam,,13.0417066,80.224818,87618c4f3ffffff,,11.0,12.0,True,,0.0,300.0,,2.0,,+914448134923,https://www.practo.com/chennai/hospital/srm-hospitals-west-mambalam?referrer=hospital_listing,https://images1-fabric.practo.com/practices/670553/srm-hospitals-chennai-665dc0e0c6037.png,VN,practo,,1.0,canonical,221,Q4,Q4-Sub-Q1,Upper-Mid Premium,0.307454
hosp_5f55929daab30d42,SIMS HOSPITAL,sims hospital,Chennai,Hospital,Ayanambakkam,,13.095658,80.14641,87618c4daffffff,,37.0,26.0,False,,0.0,0.0,,,,+914446313682,https://www.practo.com/chennai/hospital/sims-hospital-ayanambakkam?referrer=hospital_listing,,VN,practo,,1.0,canonical,222,Q4,Q4-Sub-Q1,Upper-Mid Premium,0.307156
hosp_244b0e658203650c,VN Allergy & Asthma Research Centre,vn allergy asthma research centre,Chennai,Hospital,Tambaram West,,12.926756,80.114098,87618c458ffffff,,2.0,3.0,True,,400.0,500.0,5.0,12.0,,+914448134926,https://www.practo.com/chennai/hospital/vn-hospital-tambaram-west?referrer=hospital_listing,https://images1-fabric.practo.com/practices/1140480/vn-hospital-chennai-5d80f85a362c5.png,VN,practo,,1.0,canonical,223,Q4,Q4-Sub-Q1,Upper-Mid Premium,0.306525
hosp_f8ec56696948cb9b,Kauvery Hospitals,kauvery hospitals,Chennai,Hospital,Mylapore,,13.038066662353312,80.25710977613926,87618c4f6ffffff,,2.0,3.0,True,,0.0,750.0,4.5,17.0,1999.0,+914446314757,https://www.practo.com/chennai/hospital/kauvery-hospital-alwarpet-2?referrer=hospital_listing,https://images1-fabric.practo.com/practices/701898/kauvery-hospitals-chennai-67ab349081b93.png,VN,practo,,1.0,canonical,224,Q4,Q4-Sub-Q1,Upper-Mid Premium,0.306427
hosp_2f22a0e6a4ab0d09,Soul Hospital,soul hospital,Chennai,Hospital,Perambur,,13.118455554156727,80.23222088813782,87618eb25ffffff,,1.0,1.0,True,,300.0,300.0,5.0,15.0,,+914448134925,https://www.practo.com/chennai/hospital/soul-hospital-perambur?referrer=hospital_listing,https://images1-fabric.practo.com/55a50263982272374f6ffbae8476ca1c850e0cd03e09e.JPG,VN,practo,,1.0,canonical,225,Q4,Q4-Sub-Q1,Upper-Mid Premium,0.306382
hosp_ca6397a08d175965,Chennai National Hospital,chennai national hospital,Chennai,Hospital,Parrys,,13.096472,80.291645,87618c49dffffff,,12.0,11.0,True,,300.0,700.0,,6.0,,+914446312692,https://www.practo.com/chennai/hospital/usr-ent-care-parrys?referrer=hospital_listing,https://images1-fabric.practo.com/practices/1122448/chennai-national-hospital-chennai-64f01c2a6959c.JPG,VN,practo,,1.0,canonical,226,Q4,Q4-Sub-Q1,Upper-Mid Premium,0.306266
hosp_e78bd2f6d9586645,Pallavaram Children Medical Centre,pallavaram children medical centre,Chennai,Hospital,Pallavaram,,12.96475,80.160222,87618c4ecffffff,,5.0,5.0,True,,150.0,150.0,4.5,31.0,2009.0,+914446315128,https://www.practo.com/chennai/hospital/pallavaram-children-medical-centre-pallavaram-1?referrer=hospital_listing,https://images1-fabric.practo.com/pcmc-health-centre-chennai-1456994674-56d7f9727756a.jpg,VN,practo,,1.0,canonical,227,Q4,Q4-Sub-Q1,Upper-Mid Premium,0.306223
hosp_c936b31b0c4b029b,Care & Cure Speciality Hospital,care cure speciality hospital,Chennai,Hospital,Ayanavaram,,13.09957,80.22983,87618eb25ffffff,,4.0,3.0,True,,0.0,150.0,4.5,141.0,2012.0,+914461712130,https://www.practo.com/chennai/hospital/care-cure-speciality-hospital-ayanavaram?referrer=hospital_listing,https://images1-fabric.practo.com/violet-logo.jpg,VN,practo,,1.0,canonical,228,Q4,Q4-Sub-Q1,Upper-Mid Premium,0.306058
hosp_2531b9b0be886f4c,MGM Health Care,mgm health care,Chennai,Hospital,Madhavaram,,13.364753943221,80.139549576799,87618ea12ffffff,,12.0,11.0,True,,0.0,300.0,,,,+914446313682,https://www.practo.com/chennai/hospital/mgm-health-care-madhavaram?referrer=hospital_listing,https://images1-fabric.practo.com/practices/1342851/mgm-health-care-chennai-67f8cbae8a238.png,VN,practo,,1.0,canonical,229,Q4,Q4-Sub-Q1,Upper-Mid Premium,0.30601
hosp_ac668f8d0b1ed1e4,Apollo Children's Hospitals,apollo children s hospitals,Chennai,Hospital,Thousand Lights,,13.0601534,80.2523041,87618c489ffffff,,76.0,25.0,True,12.0,0.0,2000.0,4.0,160.0,,+918037318574,https://www.practo.com/chennai/hospital/apollo-children-s-hospitals-thousand-lights-apollo-thousand-lights?referrer=hospital_listing,https://images1-fabric.practo.com/apollo-childrens-hospital-chennai-1475474851-57f1f5a3a9064.png,RFA,practo,,1.0,canonical,230,Q4,Q4-Sub-Q1,Upper-Mid Premium,0.305997
hosp_8ecf72e244283f58,Pristyn Care- Porur Srushti Clinic,pristyn care porur srushti clinic,Chennai,Hospital,Kanchipuram,,13.03373056351,80.160810890415,87618c4c3ffffff,,1.0,1.0,False,7.0,0.0,0.0,5.0,74.0,,+914041891799,https://www.practo.com/chennai/hospital/pristyn-care-ent-secunderabad?referrer=hospital_listing,https://images1-fabric.practo.com/practices/1270330/pristyn-care-chennai-69d0fe35acff0.jpeg,ABS,practo,,1.0,canonical,231,Q4,Q4-Sub-Q1,Upper-Mid Premium,0.305637
hosp_0283b94ed7b1b839,Apollo Hospital,apollo hospital,Chennai,Hospital,Sowcarpet,,13.098163060842396,80.27997493743896,87618c48affffff,,2.0,1.0,True,12.0,0.0,0.0,5.0,14.0,,+914440116807,https://www.practo.com/chennai/hospital/apollo-hospital-sowcarpet-sowcarpet?referrer=hospital_listing,https://images1-fabric.practo.com/apollo-hospital-sowcarpet-chennai-1470222019-57a1cec3d6e2f.png,active,practo,,1.0,canonical,232,Q4,Q4-Sub-Q1,Upper-Mid Premium,0.305573
hosp_82f5d40fcf3322aa,J V Hospital,j v hospital,Chennai,Hospital,Kodambakkam,,13.050602,80.229915,87618c4f2ffffff,,3.0,3.0,True,,250.0,300.0,5.0,11.0,,+914448134922,https://www.practo.com/chennai/hospital/j-v-hospital-kodambakkam?referrer=hospital_listing,,VN,practo,,1.0,canonical,233,Q4,Q4-Sub-Q1,Upper-Mid Premium,0.305563
hosp_42e8e20668c4b8b1,Visa Hospital - T Nagar,visa hospital t nagar,Chennai,Hospital,T Nagar,,13.031966,80.235794,87618c4f0ffffff,,1.0,1.0,True,,300.0,300.0,,6.0,1992.0,+914448134922,https://www.practo.com/chennai/hospital/sri-visa-hospital-t-nagar?referrer=hospital_listing,,VN,practo,,1.0,canonical,234,Q4,Q4-Sub-Q1,Upper-Mid Premium,0.304861
hosp_8ebe785432b3ac67,Avm Medical ENT Research Foundation Hospital,avm medical ent research foundation hospital,Chennai,Hospital,Mylapore,,13.0440378,80.2635382,87618c48dffffff,,1.0,1.0,True,,500.0,500.0,,6.0,1993.0,+914471967085,https://www.practo.com/chennai/hospital/avm-medical-ent-research-foundation-mylapore?referrer=hospital_listing,https://images1-fabric.practo.com/avm-medical-ent-research-foundation-merf-hospital-chennai-1488524681-58b91589ba008.PNG,VN,practo,,1.0,canonical,235,Q4,Q4-Sub-Q1,Upper-Mid Premium,0.304028
hosp_87b5498cec237019,A V Hospital,v hospital,Chennai,Hospital,Washermenpet,,13.117145,80.28633,87618c499ffffff,,3.0,3.0,True,,200.0,250.0,,5.0,2000.0,+914448134923,https://www.practo.com/chennai/hospital/a-v-hospital-washermenpet?referrer=hospital_listing,https://images1-fabric.practo.com/practices/673713/a-v-hospital-chennai-5e99923985937.png,VN,practo,,1.0,canonical,236,Q3,,Premium,0.303946
hosp_d1d8623278f97499,Vasan Eye Care Hospital,vasan eye care hospital,Chennai,Hospital,Saidapet,,13.021638445123175,80.22568702697754,87618c4f0ffffff,,4.0,1.0,True,6.0,400.0,400.0,5.0,12.0,,+914461711207,https://www.practo.com/chennai/hospital/vasan-eye-care-hospital-saidapet?referrer=hospital_listing,https://images1-fabric.practo.com/vasan-eye-care-hospital-saidapet-chennai-1465531795-575a3d934f791.jpg,ABS,practo,,1.0,canonical,237,Q3,,Premium,0.303808
hosp_0c6381f341322408,SRM Global Hospitals,srm global hospitals,Chennai,Hospital,Kattankulathur,,12.82330764655995,80.0478196889162,87618c730ffffff,,11.0,10.0,True,,0.0,800.0,,,,+914446315859,https://www.practo.com/chennai/hospital/srm-global-hospitals-kattankulathur?referrer=hospital_listing,https://images1-fabric.practo.com/practices/1430463/srm-global-hospitals-chennai-666980038ed86.png,VN,practo,,1.0,canonical,238,Q3,,Premium,0.303113
hosp_646c620d8bb84557,Prashanth Fertility Research Centre,prashanth fertility research centre,Chennai,Hospital,Chetpet,,13.0695922,80.2359113,87618c489ffffff,,1.0,2.0,True,,500.0,500.0,4.5,26.0,2001.0,+914471967339,https://www.practo.com/chennai/hospital/prashanth-fertility-research-centre-chetpet?referrer=hospital_listing,https://images1-fabric.practo.com/prashanth-fertility-research-centre-1447919583-564d7fdf5432b.jpg,VN,practo,,1.0,canonical,239,Q3,,Premium,0.302911
hosp_40896133f8a5e4ef,Bharathirajaa Hospital,bharathirajaa hospital,Chennai,Hospital,T Nagar,,13.0482,80.24498,87618c4f2ffffff,,7.0,8.0,True,,0.0,1300.0,4.5,62.0,,+914471967258,https://www.practo.com/chennai/hospital/bharathiraja-hospital-t-nagar-5?referrer=hospital_listing,https://images1-fabric.practo.com/practices/657002/bharathiraja-hospital-chennai-5c6beceb9d2fb.png,VN,practo,,1.0,canonical,240,Q3,,Premium,0.302582
hosp_9d0aab476a8e6cd2,Ganga Hospital,ganga hospital,Chennai,Hospital,Washermenpet,,13.043943,80.240412,87618c4f2ffffff,,10.0,10.0,True,,0.0,0.0,,,,+914448134923,https://www.practo.com/chennai/hospital/ganga-hospital-washermenpet?referrer=hospital_listing,,VN,practo,,1.0,canonical,241,Q3,,Premium,0.302344
hosp_49eaed261423242e,Sri Raghavendra Hospital,sri raghavendra hospital,Chennai,Hospital,Tondiarpet,,13.123937653552137,80.28736352876876,87618c499ffffff,,2.0,1.0,True,,0.0,300.0,,2.0,1996.0,+914448132961,https://www.practo.com/chennai/hospital/sri-raghavendra-hospital-tondiarpet-1?referrer=hospital_listing,https://images1-fabric.practo.com/sri-raghavendra-hospital-1462025047-5724bb57cff21.jpg,VN,practo,,1.0,canonical,242,Q3,,Premium,0.302127
hosp_baa4f9c319d6c30e,RR Dental Hospital,rr dental hospital,Chennai,Hospital,Vadapalani,,13.05035145539676,80.2222622926638,87618c4f3ffffff,,1.0,1.0,True,,0.0,200.0,,,1995.0,+914448134924,https://www.practo.com/chennai/hospital/rr-dental-hospital-kodambakkam?referrer=hospital_listing,https://images1-fabric.practo.com/rr-dental-hospital-kodambakkam-chennai-1445662918-562b10c630717.jpg,VN,practo,,1.0,canonical,243,Q3,,Premium,0.302105
hosp_4cece3d04de1b11f,KGJ Hospitals,kgj hospitals,Chennai,Hospital,Korattur,,13.101,80.1795,87618eb2dffffff,,1.0,2.0,True,,50.0,50.0,5.0,11.0,,+914446312550,https://www.practo.com/chennai/hospital/kgj-hospitals-korattur?referrer=hospital_listing,https://images1-fabric.practo.com/kgj-hospitals-chennai-1456902622-56d691de081e5.jpg,VN,practo,,1.0,canonical,244,Q3,,Premium,0.301897
hosp_a8fad724adc59e59,Childs Trust Hospital,childs trust hospital,Chennai,Hospital,Nungambakkam,,13.0574833,80.2456688,87618c4f2ffffff,,3.0,2.0,True,,200.0,1000.0,5.0,10.0,,+914446271587,https://www.practo.com/chennai/hospital/kanchi-kamakoti-childs-trust-hospital-nungambakkam-2?referrer=hospital_listing,https://images1-fabric.practo.com/practices/1269318/childs-trust-hospital-chennai-665858fa57d53.png,VN,practo,,1.0,canonical,245,Q3,,Premium,0.301649
hosp_694f14075fd1513e,Manashasthra Integrated Mind Care,manashasthra integrated mind care,Chennai,Hospital,Vanagaram,,13.05083,80.15485,87618c4c3ffffff,,1.0,1.0,True,,500.0,500.0,5.0,12.0,,+914440114419,https://www.practo.com/chennai/hospital/manashasthra-vanagaram?referrer=hospital_listing,https://images1-fabric.practo.com/manashasthra-foundation-research-center-chennai-1470905334-57ac3bf6f3d4f.jpg,VN,practo,,1.0,canonical,246,Q3,,Premium,0.301501
hosp_2f058c338fe79be4,GLB Hospitals,glb hospitals,Chennai,Hospital,Anna Nagar,,13.081629,80.214233,87618c4d0ffffff,,2.0,2.0,True,,150.0,700.0,,2.0,2000.0,+914448134922,https://www.practo.com/chennai/hospital/glb-hospital-anna-nagar?referrer=hospital_listing,,VN,practo,,1.0,canonical,247,Q3,,Premium,0.300921
hosp_2bd38749135dd6b8,Ayush Hospital,ayush hospital,Chennai,Hospital,Thiruvottiyur,,13.1640148,80.3033687,87618c49affffff,,2.0,2.0,True,,0.0,250.0,,2.0,2000.0,+914448134921,https://www.practo.com/chennai/hospital/ayush-hospital-thiruvottiyur?referrer=hospital_listing,https://images1-fabric.practo.com/practices/767693/ayush-hospital-chennai-6656b7e6363ed.png,VN,practo,,1.0,canonical,248,Q3,,Premium,0.300921
hosp_1cfe99f171cb25d6,Srinivas Eye Hospital,srinivas eye hospital,Chennai,Hospital,Mogappair East,,13.050361470167319,80.22990882396698,87618c4f2ffffff,,2.0,2.0,True,,0.0,250.0,,,2000.0,+914471967017,https://www.practo.com/chennai/hospital/srinivasa-hospital-kodambakkam?referrer=hospital_listing,https://images1-fabric.practo.com/practices/670618/srinivas-eye-hospital-chennai-666bf58b1de5f.png,VN,practo,,1.0,canonical,249,Q3,,Premium,0.300836
hosp_f1b24ff56c4daff1,Apollo Speciality Hospitals O M R,apollo speciality hospitals o m r,Chennai,Hospital,OMR Road,,12.9632191,80.2457308,87618c419ffffff,,64.0,29.0,True,12.0,0.0,2000.0,4.0,290.0,,+918037319212,https://www.practo.com/chennai/hospital/apollo-omr-omr-road?referrer=hospital_listing,https://images1-fabric.practo.com/practices/1158991/apollo-omr-chennai-59d7622cc4c00.jpg,RFA,practo,,1.0,canonical,250,Q3,,Premium,0.30056
hosp_af76ddd8523268d5,Selvaraman Hospital,selvaraman hospital,Chennai,Hospital,Anna Nagar West,,13.089136,80.209562,87618c4d0ffffff,,2.0,1.0,True,,200.0,400.0,5.0,11.0,,+914448134922,https://www.practo.com/chennai/hospital/selvaraman-hospital-anna-nagar-west?referrer=hospital_listing,,VN,practo,,1.0,canonical,251,Q3,,Premium,0.300539
hosp_d1b211942832b9b0,Suman Hospital,suman hospital,Chennai,Hospital,Thiruvottiyur,,13.083585652173733,80.27063742265454,87618c488ffffff,,2.0,2.0,True,,200.0,200.0,,4.0,2001.0,+914446276053,https://www.practo.com/chennai/hospital/suman-hospital-1-thiruvottiyur?referrer=hospital_listing,https://images1-fabric.practo.com/55361efc9e8854dddc3bd059fcdd01128755c37c4e030.jpg,VN,practo,,1.0,canonical,252,Q3,,Premium,0.300173
hosp_e574872d2cd8210b,NM Fertility Centre and Hospital,nm fertility centre hospital,Chennai,Hospital,Madhavaram,,13.135529,80.237853,87618eb20ffffff,,4.0,5.0,True,,100.0,500.0,,4.0,2011.0,+914440115382,https://www.practo.com/chennai/hospital/nm-fertility-centre-and-hospital-madhavaram?referrer=hospital_listing,https://images1-fabric.practo.com/nm-fertility-centre-and-hospital-chennai-1490363885-58d525ed38a50.jpg,VN,practo,,1.0,canonical,253,Q3,,Premium,0.299761
hosp_f6b6f4c408d161da,DRJ Hospital,drj hospital,Chennai,Hospital,Kolathur,,13.116987,80.212641,87618eb21ffffff,,2.0,2.0,True,,100.0,100.0,,6.0,2002.0,+914448134923,https://www.practo.com/chennai/hospital/drj-hospital-kolathur?referrer=hospital_listing,,VN,practo,,1.0,canonical,254,Q3,,Premium,0.299425
hosp_fde5c4f8cdd5da31,MGM Cancer Institute,mgm cancer institute,Chennai,Hospital,Aminjikarai,,13.068119554204674,80.22684180426631,87618c4d4ffffff,,14.0,7.0,True,,750.0,1500.0,,5.0,,+918045680976,https://www.practo.com/chennai/hospital/mgm-cancer-institute-aminjikarai?referrer=hospital_listing,https://images1-fabric.practo.com/practices/1452084/mgm-cancer-institute-chennai-666c342ba65ae.png,ABS,practo,,1.0,canonical,255,Q3,,Premium,0.299251
hosp_21bd17a4c528319e,GG Fertility & Women's Specialty Hospital,gg fertility women s specialty hospital,Chennai,Hospital,Nungambakkam,,13.056031,80.247676,87618c4f2ffffff,,4.0,7.0,True,,500.0,650.0,4.0,18.0,1982.0,+914448134926,https://www.practo.com/chennai/hospital/gg-fertility-women-s-specialty-hospital-nungambakkam?referrer=hospital_listing,https://images1-fabric.practo.com/gg-fertility-research-center-chennai-1462003403-572466cbecf9c.png,VN,practo,,1.0,canonical,256,Q3,,Premium,0.298953
hosp_02ade9e9a1e71977,M R Hospital,m r hospital,Chennai,Hospital,Aminjikarai,,13.072551,80.219531,87618c4d4ffffff,,8.0,9.0,True,,0.0,800.0,,6.0,,+914448134922,https://www.practo.com/chennai/hospital/m-r-hospital-aminjikarai-1?referrer=hospital_listing,https://images1-fabric.practo.com/practices/672479/m-r-hospital-chennai-5d43d7025818a.png,VN,practo,,1.0,canonical,257,Q3,,Premium,0.298934
hosp_2bbbafaddc6da77d,Suraj Hospital,suraj hospital,Chennai,Hospital,Medavakkam,,12.910825594204512,80.19682377576828,87618c454ffffff,,4.0,7.0,True,,300.0,800.0,4.5,71.0,,+914440116298,https://www.practo.com/chennai/hospital/suraj-hospitals-jalladiampet?referrer=hospital_listing,https://images1-fabric.practo.com/practices/1475775/suraj-hospitals-chennai-66e28ea24aedf.png,ABS,practo,,1.0,canonical,258,Q3,,Premium,0.29878
hosp_7b309cf1cd1bc2cc,Astra Speciality Hospital,astra speciality hospital,Chennai,Hospital,Sholinganallur,,12.879222828083,80.212278991422,87618c472ffffff,,6.0,5.0,True,1.0,400.0,600.0,4.5,113.0,,+914440116098,https://www.practo.com/chennai/hospital/astra-specialty-hospital-sholinganallur-1?referrer=hospital_listing,https://images1-fabric.practo.com/practices/1209498/astra-specialty-hospital-chennai-5b5ebd742e56b.jpeg,ABS,practo,,1.0,canonical,259,Q3,,Premium,0.298653
hosp_dec97eefd6e190ad,Sri Chakra Multispeciality Hospital,sri chakra multispeciality hospital,Chennai,Hospital,Nanganallur,,12.978652212717,80.18505692482,87618c4e3ffffff,,5.0,10.0,True,,0.0,700.0,,2.0,,+914448134922,https://www.practo.com/chennai/hospital/sri-chakra-multispeciality-hospital-nanganallur?referrer=hospital_listing,,VN,practo,,1.0,canonical,260,Q3,,Premium,0.298583
hosp_78f5dbf27212f308,Shadithya Hospital,shadithya hospital,Chennai,Hospital,Pallavaram,,12.971672497239,80.144573265047,87618c4e8ffffff,,2.0,1.0,True,,3000.0,4000.0,4.5,344.0,,+914448132962,https://www.practo.com/chennai/hospital/shadithya-hospital-pallavaram-2?referrer=hospital_listing,https://images1-fabric.practo.com/practices/775739/shadithya-hospital-chennai-665461495ebea.png,VN,practo,,1.0,canonical,261,Q3,,Premium,0.298263
hosp_2436fd0c71302b1c,SIMS Hospital - Nungambakkam,sims hospital nungambakkam,Chennai,Hospital,Nungambakkam,,13.0561497018,80.24796009,87618c4f2ffffff,,7.0,8.0,True,2.0,0.0,800.0,4.5,13.0,,+914440115142,https://www.practo.com/chennai/hospital/sims-hospital-nungambakkam-1?referrer=hospital_listing,https://images1-fabric.practo.com/practices/1178216/sims-hospital-nungambakkam-chennai-5b03b34f0c5d8.jpg,active,practo,,1.0,canonical,262,Q3,,Premium,0.297885
hosp_453ef52929c053ac,Retteri Sri Kumaran Health Centre Private Limited,retteri sri kumaran health centre,Chennai,Hospital,Kolathur,,13.116973,80.212638,87618eb21ffffff,,5.0,7.0,True,,0.0,700.0,4.5,47.0,,+914471967017,https://www.practo.com/chennai/hospital/retteri-sri-kumaran-health-centre-private-limited-kolathur?referrer=hospital_listing,,VN,practo,,1.0,canonical,263,Q3,,Premium,0.297758
hosp_98590eca937d4dc4,Medindia Hospitals,medindia hospitals,Chennai,Hospital,Nungambakkam,,13.060655,80.243312,87618c489ffffff,,1.0,1.0,True,,350.0,350.0,,7.0,2001.0,+914448134922,https://www.practo.com/chennai/hospital/medindia-hospitals-nungambakkam-1?referrer=hospital_listing,https://images1-fabric.practo.com/practices/673296/medindia-hospitals-chennai-5d4911becef39.jpg,active,practo,,1.0,canonical,264,Q3,,Premium,0.297404
hosp_8bb0a3449fc33ad1,Saraswati Hospital,saraswati hospital,Chennai,Hospital,Thiruvottiyur,,13.161488,80.302799,87618c49affffff,,1.0,1.0,True,,150.0,150.0,,2.0,2001.0,+911142246366,https://www.practo.com/chennai/hospital/saraswati-hospital-2-thiruvottiyur?referrer=hospital_listing,,VN,practo,,1.0,canonical,265,Q3,,Premium,0.297191
hosp_2ea74d224700f0bb,Agada Hospital,agada hospital,Chennai,Hospital,T Nagar,,13.043805,80.2408568,87618c4f2ffffff,,5.0,9.0,True,,200.0,500.0,,,,+914448132962,https://www.practo.com/chennai/hospital/agada-hospital-t-nagar?referrer=hospital_listing,https://images1-fabric.practo.com/agada-hospital-chennai-1479814175-58342c1f9f1e9.jpg,VN,practo,,1.0,canonical,266,Q3,,Premium,0.29637
hosp_2ef41e198ff13854,Rainbow Children's Hospital,rainbow children s hospital,Chennai,Hospital,Thirumangalam,,13.079164756731886,80.19808903050426,87618c4d0ffffff,,13.0,6.0,True,1.0,0.0,1000.0,,2.0,,+914440115002,https://www.practo.com/chennai/hospital/rainbow-children-s-hospital-1-thirumangalam?referrer=hospital_listing,https://images1-fabric.practo.com/practices/1456880/rainbow-children-s-hospital-chennai-6788d2cf3c4fc.png,VN,practo,,1.0,canonical,267,Q3,,Premium,0.296226
hosp_98f6eba1bb59b27c,GR Hospital@ Fertility Centre,gr hospital fertility centre,Chennai,Hospital,Adambakkam,,12.995316533699,80.206852555275,87618c4e2ffffff,,2.0,2.0,True,,500.0,600.0,,,2006.0,+914471967017,https://www.practo.com/chennai/hospital/g-r-fertility-centrel-adambakkam?referrer=hospital_listing,https://images1-fabric.practo.com/practices/674360/g-r-fertility-centre-chennai-58e476f8d81e1.png,VN,practo,,1.0,canonical,268,Q3,,Premium,0.295836
hosp_edaef9f36a6e8a06,BRS Hospital,brs hospital,Chennai,Hospital,Nungambakkam,,13.0518779,80.2455887,87618c4f2ffffff,,6.0,8.0,True,,100.0,700.0,,3.0,,+914461711211,https://www.practo.com/chennai/hospital/b-r-s-hospital-nungambakkam-3?referrer=hospital_listing,https://images1-fabric.practo.com/practices/670578/brs-hospital-chennai-66542bdf58a27.png,VN,practo,,1.0,canonical,269,Q3,,Premium,0.29514
hosp_57bce17c23cc820e,Sundaram Medical Foundation,sundaram medical foundation,Chennai,Hospital,Anna Nagar,,13.0823516,80.2087983,87618c4d0ffffff,,7.0,5.0,True,,0.0,500.0,4.5,38.0,,+914448134925,https://www.practo.com/chennai/hospital/sundaram-medical-foundation-anna-nagar-3?referrer=hospital_listing,https://images1-fabric.practo.com/practices/756975/sundaram-medical-foundation-chennai-6728573b78d5c.png,VN,practo,,1.0,canonical,270,Q3,,Premium,0.294262
hosp_2a190ee31fb82eb7,TOSH (Trauma and Orthopaedic Speciality Hospital),tosh trauma orthopaedic speciality hospital,Chennai,Hospital,Kilpauk,,13.082675546124,80.242389358296,87618c48bffffff,,6.0,4.0,True,,750.0,750.0,4.5,73.0,,+914440114892,https://www.practo.com/chennai/hospital/trauma-and-orthopaedic-speciality-hospital-tosh-kilpauk-2?referrer=hospital_listing,https://images1-fabric.practo.com/trauma-and-orthopaedic-speciality-hospital-tosh-chennai-1463477767-573ae607b9181.png,ABS,practo,,1.0,canonical,271,Q3,,Premium,0.294071
hosp_b8ddd04ed7b38a38,Vasan Eye Care Hospital,vasan eye care hospital,Chennai,Hospital,Neelankarai,,12.9503041,80.2550295,87618c41dffffff,,3.0,1.0,True,6.0,400.0,400.0,,7.0,2007.0,+918045883670,https://www.practo.com/chennai/hospital/vasan-eye-care-hospital-neelankarai?referrer=hospital_listing,https://images1-fabric.practo.com/vasan-eye-care-hospital-chennai-1465364533-5757b035b81b0.jpg,ABS,practo,,1.0,canonical,272,Q3,,Premium,0.293942
hosp_59767723b9fe7c26,Gunasekaran Hospital Pvt Ltd,gunasekaran hospital,Chennai,Hospital,T Nagar,,12.979717586124977,77.59781193019951,8760145b4ffffff,,7.0,7.0,True,,0.0,100.0,,2.0,,+914448134922,https://www.practo.com/chennai/hospital/gunasekaran-hospital-pvt-ltd-t-nagar?referrer=hospital_listing,,VN,practo,,1.0,canonical,273,Q3,,Premium,0.293739
hosp_774ae05c4f79d1c6,Hindu Mission Hospital,hindu mission hospital,Chennai,Hospital,Nanganallur,,12.9786928,80.1846806,87618c4e3ffffff,,22.0,25.0,False,,0.0,0.0,,,,+914471967084,https://www.practo.com/chennai/hospital/hindu-mission-hospital-1-nanganallur?referrer=hospital_listing,,VN,practo,,1.0,canonical,274,Q3,,Premium,0.29349
hosp_de9b22a6823dbe6c,Apollo Spectra Hospital,apollo spectra hospital,Chennai,Hospital,Alwarpet,,13.03609,80.25719,87618c4f6ffffff,,62.0,26.0,True,12.0,0.0,2000.0,4.0,345.0,,+914448132962,https://www.practo.com/chennai/hospital/apollo-spectra-hospital-5-alwarpet?referrer=hospital_listing,https://images1-fabric.practo.com/practices/1132595/apollo-spectra-hospital-chennai-624e9a0b6aa95.jpg,VN,practo,,1.0,canonical,275,Q3,,Premium,0.292676
hosp_16c06d218fd64f70,Psycholab,psycholab,Chennai,Hospital,Mugalivakkam,,13.025123824275104,80.16913566738366,87618c4c0ffffff,,2.0,2.0,True,,250.0,500.0,,,2010.0,+914448134926,https://www.practo.com/chennai/hospital/apollo-clinic-45-valasaravakkam?referrer=hospital_listing,,VN,practo,,1.0,canonical,276,Q3,,Premium,0.292502
hosp_8d715345fd439aeb,Laser Kidney Stone Clinic,laser kidney stone clinic,Chennai,Hospital,T Nagar,,13.037526411045006,80.2388083934784,87618c4f2ffffff,,1.0,3.0,True,9.0,500.0,500.0,4.5,148.0,,+914461712675,https://www.practo.com/chennai/hospital/laser-kidney-stone-clinic-t-nagar?referrer=hospital_listing,https://images1-fabric.practo.com/laser-kidney-stone-clinic-chennai-1457588602-56e1097a1444d.jpg,ABS,practo,,1.0,canonical,277,Q3,,Premium,0.292451
hosp_0ade6ee3b640c8fe,Jawahar Hospital,jawahar hospital,Chennai,Hospital,Tambaram,,,,,,5.0,7.0,True,,0.0,400.0,,4.0,,+914448134922,https://www.practo.com/chennai/hospital/jawahar-hospital-tambaram?referrer=hospital_listing,,VN,practo,,0.6,canonical,278,Q3,,Premium,0.292286
hosp_6ae9f6d652139dbe,Niranjana Hospital & Well Women Centre,niranjana hospital well women centre,Chennai,Hospital,Villivakkam,,13.1101277,80.2242427,87618eb25ffffff,,5.0,5.0,True,,0.0,300.0,4.5,31.0,,+914446270809,https://www.practo.com/chennai/hospital/niranjana-hospital-well-women-centre-villivakkam-1?referrer=hospital_listing,https://images1-fabric.practo.com/practices/1129159/niranjana-hospital-well-women-centre-chennai-5ab8d3e3c0901.jpg,VN,practo,,1.0,canonical,279,Q3,,Premium,0.292056
hosp_8464c6a3e84f22fb,Kauvery Hospital,kauvery hospital,Chennai,Hospital,Saligramam,,13.04771,80.2042062,87618c4d5ffffff,,36.0,19.0,False,,0.0,1000.0,,,,+914440115382,https://www.practo.com/chennai/hospital/kauvery-hospital-vadapalani-saligramam?referrer=hospital_listing,,VN,practo,,1.0,canonical,280,Q3,,Premium,0.291493
hosp_ffe08689a978d29c,The Laser Gastroenterology Clinic,laser gastroenterology clinic,Chennai,Hospital,T Nagar,,13.037506,80.239167,87618c4f2ffffff,,1.0,3.0,True,9.0,500.0,500.0,4.5,127.0,,+911142246375,https://www.practo.com/chennai/hospital/the-laser-gastroenterology-clinic-t-nagar?referrer=hospital_listing,https://images1-fabric.practo.com/550d52c1bd0e64980fbfc312a41548afc65aa1f58c1d6.jpg,VN,practo,,1.0,canonical,281,Q3,,Premium,0.291331
hosp_ba0d8b179b2645f2,BSS Hospital,bss hospital,Chennai,Hospital,Mandaveli,,13.026186,80.265474,87618c4f6ffffff,,5.0,5.0,True,,200.0,350.0,4.5,22.0,,+914448134922,https://www.practo.com/chennai/hospital/bss-hospital-mandaveli?referrer=hospital_listing,,VN,practo,,1.0,canonical,282,Q3,,Premium,0.291093
hosp_f08092fe1ca37623,V. S Hospital,v s hospital,Chennai,Hospital,Kovilambakkam,,12.93381818466296,80.18054008483887,87618c452ffffff,,7.0,5.0,False,,0.0,150.0,5.0,13.0,1997.0,+914446270809,https://www.practo.com/chennai/hospital/v-s-hospital-kovilambakkam?referrer=hospital_listing,https://images1-fabric.practo.com/v-s-hospital-chennai-1490167173-58d22585bc0bd.jpg,VN,practo,,1.0,canonical,283,Q3,,Premium,0.290471
hosp_bf2b6c0731eab9d5,C-DOT Hospital,c dot hospital,Chennai,Hospital,Perumbakkam,,12.907304766905,80.202748666934,87618c409ffffff,,5.0,6.0,True,,0.0,500.0,,9.0,,+914471967087,https://www.practo.com/chennai/hospital/a-b-hospital-mogappair-east?referrer=hospital_listing,https://images1-fabric.practo.com/practices/1154987/c-dot-hospital-chennai-5fc0cbb5c4fc1.jpg,VN,practo,,1.0,canonical,284,Q3,,Premium,0.290371
hosp_b99ce9f0ba544edf,Trust Hospital,trust hospital,Chennai,Hospital,Ayanavaram,,13.0969636,80.2415967,87618c48bffffff,,29.0,21.0,False,,0.0,0.0,,,,+914448132959,https://www.practo.com/chennai/hospital/trust-hospital-1-ayanavaram?referrer=hospital_listing,,VN,practo,,1.0,canonical,285,Q3,,Premium,0.290364
hosp_60cc65cb760a62e8,"Apollo Spectra Hospital, Mrc Nagar, Chennai",apollo spectra hospital mrc nagar chennai,Chennai,Hospital,MRC Nagar,,13.0179502,80.2710282,87618c4a9ffffff,,29.0,21.0,False,,0.0,650.0,,,,+914446312692,https://www.practo.com/chennai/hospital/apollo-spectra-hospital-mrc-nagar-chennai-mrc-nagar?referrer=hospital_listing,,VN,practo,,1.0,canonical,286,Q3,,Premium,0.290364
hosp_23ad22354d8856ea,Chennai National Hospital,chennai national hospital,Chennai,Hospital,Kilpauk,,13.078338036346608,80.24580956027701,87618c489ffffff,,5.0,6.0,True,,400.0,1500.0,,,,+914446314494,https://www.practo.com/chennai/hospital/chennai-national-hospital-kilpauk-1?referrer=hospital_listing,https://images1-fabric.practo.com/practices/1433156/chennai-national-hospital-chennai-64d3d45fe1b44.PNG,VN,practo,,1.0,canonical,287,Q3,,Premium,0.289987
hosp_b1eec1f26330cf7f,Dhanwanthralaya Ayurveda Speciality Hospital,dhanwanthralaya ayurveda speciality hospital,Chennai,Hospital,Tambaram West,,12.931709529450576,80.10507915169,87618c45bffffff,,7.0,4.0,True,,800.0,800.0,4.5,16.0,,+914448132959,https://www.practo.com/chennai/hospital/bhuvan-speciality-clinic-tambaram-west?referrer=hospital_listing,https://images1-fabric.practo.com/practices/742804/dhanwanthralaya-ayurveda-speciality-hospital-chennai-6583c8dc0faeb.png,VN,practo,,1.0,canonical,288,Q3,,Premium,0.289774
hosp_beeec95907a010d9,Nanthini Hospitals,nanthini hospitals,Chennai,Hospital,Thoraipakkam,,12.932744,80.232017,87618c40affffff,,4.0,6.0,True,,300.0,1000.0,,8.0,,+914471967084,https://www.practo.com/chennai/hospital/nanthini-hospitals-besant-nagar?referrer=hospital_listing,https://images1-fabric.practo.com/practices/750287/nanthini-hospitals-chennai-60d4198813e07.jpg,VN,practo,,1.0,canonical,289,Q3,,Premium,0.289559
hosp_ae3428e84d318ba9,K.V.T.Speciality Hospital,k v t speciality hospital,Chennai,Hospital,Kodungaiyur,,13.1266865,80.249092,87618eb20ffffff,,4.0,6.0,True,,200.0,400.0,,7.0,,+914471967017,https://www.practo.com/chennai/hospital/k-v-t-speciality-hospital-kodungaiyur?referrer=hospital_listing,,VN,practo,,1.0,canonical,290,Q3,,Premium,0.289516
hosp_15377e7fe903200a,Bharani Hospital,bharani hospital,Chennai,Hospital,Saligramam,,13.047105,80.201355,87618c4d5ffffff,,4.0,6.0,True,,0.0,650.0,,6.0,,+914448134923,https://www.practo.com/chennai/hospital/bharani-hospital-saligramam-1?referrer=hospital_listing,https://images1-fabric.practo.com/54083d87a5fe0c9b12f7373dba23a5c19e2d1542895aa.jpg,VN,practo,,1.0,canonical,291,Q3,,Premium,0.289474
hosp_9d7cff0b7ac222fe,Portea Home Healthcare,portea home healthcare,Chennai,Hospital,Anna Nagar,,12.960978,77.635681,876189253ffffff,,15.0,2.0,True,,600.0,700.0,,7.0,,+914440116020,https://www.practo.com/chennai/hospital/portea-medical-anna-nagar-1?referrer=hospital_listing,https://images1-fabric.practo.com/practices/794563/portea-medical-chennai-595ccbc2689ce.png,VN,practo,,1.0,canonical,292,Q3,,Premium,0.289467
hosp_97c895a72dc15d9b,Medcross Hospital,medcross hospital,Chennai,Hospital,Madipakkam,,12.97471,80.20788,87618c4e0ffffff,,2.0,1.0,True,,200.0,350.0,4.5,157.0,,+914440114535,https://www.practo.com/chennai/hospital/medcross-hospital-madipakkam?referrer=hospital_listing,https://images1-fabric.practo.com/medcross-hospital-chennai-1440792704-55e0c08061589.jpg,VN,practo,,1.0,canonical,293,Q3,,Premium,0.289431
hosp_9b742295e1dbc796,Venkateshwara Hospitals,venkateshwara hospitals,Chennai,Hospital,Nandanam,,13.0294920751105,80.2440913394094,87618c4f0ffffff,,4.0,6.0,True,,0.0,500.0,,,,+914448134922,https://www.practo.com/chennai/hospital/venkateshwara-hospitals-nandanam-1?referrer=hospital_listing,,VN,practo,,1.0,canonical,294,Q3,,Premium,0.289218
hosp_d49df8e493a7bdda,Rainbow Children`s Hospital,rainbow children s hospital,Chennai,Hospital,Sholinganallur,,12.9006322,80.2266017,87618c40dffffff,,6.0,5.0,True,1.0,750.0,800.0,,8.0,,+914440114535,https://www.practo.com/chennai/hospital/rainbow-children-s-hospital-1-sholinganallur?referrer=hospital_listing,https://images1-fabric.practo.com/practices/1400117/rainbow-children-s-hospital-chennai-6331df3a8c1bb.jpg,VN,practo,,1.0,canonical,295,Q3,,Premium,0.28897
hosp_bb16a1b9d6523ade,Pavithra Hospital,pavithra hospital,Chennai,Hospital,Kodungaiyur,,13.128221,80.249772,87618eb20ffffff,,6.0,5.0,True,,0.0,400.0,,4.0,,+914471967017,https://www.practo.com/chennai/hospital/pavithra-hospital-kodungaiyur?referrer=hospital_listing,,VN,practo,,1.0,canonical,296,Q3,,Premium,0.288799
hosp_afa824164c587425,Dental Care (Anchi Bai Hemraj Katariya Dental Centre),dental care anchi bai hemraj katariya dental centre,Chennai,Hospital,Perambur,,13.112744,80.237445,87618eb25ffffff,,1.0,1.0,True,,100.0,100.0,,,2011.0,+914448134925,https://www.practo.com/chennai/hospital/dental-care-anchi-bai-hemraj-katariya-dental-centre-perambur?referrer=hospital_listing,https://images1-fabric.practo.com/practices/768211/dental-care-anchi-bai-hemraj-katariya-dental-centre-chennai-6662f7d431235.png,VN,practo,,1.0,canonical,297,Q3,,Premium,0.288772
hosp_9fd98a257aa081ab,K.P Hospital,k p hospital,Chennai,Hospital,Adambakkam,,12.9911839,80.1986392,87618c4e2ffffff,,3.0,6.0,True,,300.0,600.0,,6.0,,+914471967353,https://www.practo.com/chennai/hospital/k-p-bone-joint-centre-adambakkam?referrer=hospital_listing,https://images1-fabric.practo.com/k-p-bone-joint-centre-chennai-1482472625-585cbcb196e21.png,VN,practo,,1.0,canonical,298,Q3,,Premium,0.288705
hosp_d3bc350dd9c101ef,MuvaHospital,muvahospital,Chennai,Hospital,Aminjikarai,,13.037464,80.271127,87618c4abffffff,,3.0,6.0,True,,0.0,300.0,,3.0,,+914448134922,https://www.practo.com/chennai/hospital/mu-va-hospital-aminjikarai?referrer=hospital_listing,https://images1-fabric.practo.com/dr-mu-va-hospital-chennai-1442294902-55f7ac7676511.jpg,VN,practo,,1.0,canonical,299,Q3,,Premium,0.288577
hosp_add70af3af650d19,Nightingales Home Health Services,nightingales home health services,Chennai,Hospital,Adyar,,12.999102457653287,80.25649092836863,87618c4f4ffffff,,8.0,4.0,True,,550.0,650.0,,9.0,,+914440114535,https://www.practo.com/chennai/hospital/nightingales-home-health-services-adyar?referrer=hospital_listing,https://images1-fabric.practo.com/practices/1195546/nightingales-home-health-services-chennai-5b34a44e3b9f8.jpg,VN,practo,,1.0,canonical,300,Q3,,Premium,0.288423
hosp_e02715171f6879f9,Gem Hospital,gem hospital,Chennai,Hospital,Perungudi,,12.9691947,80.1633509,87618c4eeffffff,,1.0,3.0,True,,500.0,500.0,,4.0,2018.0,+911142246365,https://www.practo.com/chennai/hospital/gem-hospital-1-perungudi-3?referrer=hospital_listing,https://images1-fabric.practo.com/practices/1444411/gem-hospital-chennai-658a784a9b826.jpeg,active,practo,,1.0,canonical,301,Q3,,Premium,0.287365
hosp_7a4c53b7c0f91c3c,GKM Hospital PVT LTD,gkm hospital,Chennai,Hospital,Purasawakkam,,13.0900327,80.2585379,87618c48bffffff,,4.0,5.0,True,,0.0,600.0,,6.0,,+914446271587,https://www.practo.com/chennai/hospital/gkm-hospital-pvt-ltd-purasawakkam-3?referrer=hospital_listing,,VN,practo,,1.0,canonical,302,Q3,,Premium,0.287346
hosp_d221ebf3a0bd7b68,Apple Plus Hospital,apple plus hospital,Chennai,Hospital,Korattur,,13.113716,80.186742,87618eb2cffffff,,4.0,5.0,True,,150.0,450.0,,6.0,,+914471967339,https://www.practo.com/chennai/hospital/apple-plus-polyclinic-mogappair-west-1?referrer=hospital_listing,,VN,practo,,1.0,canonical,303,Q3,,Premium,0.287346
hosp_e0952e722181eaf4,Grace Hospital ,grace hospital,Chennai,Hospital,Pattabiram,,13.1233,80.059,87618eb40ffffff,,4.0,5.0,True,,200.0,500.0,,6.0,,+914448134920,https://www.practo.com/chennai/hospital/grace-hospital-1-pattabiram?referrer=hospital_listing,https://images1-fabric.practo.com/grace-hospital-tiruvallur-1462354062-5729c08ebe716.jpg,VN,practo,,1.0,canonical,304,Q3,,Premium,0.287346
hosp_59baccf72f091d70,Sri Ramachandra Medical Centre,sri ramachandra medical centre,Chennai,Hospital,Porur,,13.037589124679398,80.14457702636719,87618c4ceffffff,,4.0,5.0,True,,0.0,500.0,,2.0,,+914446270809,https://www.practo.com/chennai/hospital/sri-ramachandra-medical-centre-2-porur-9?referrer=hospital_listing,https://images1-fabric.practo.com/practices/1192376/sri-ramachandra-medical-centre-chennai-5b28a11d69f30.jpg,VN,practo,,1.0,canonical,305,Q3,,Premium,0.287176
hosp_b071bd2990ddd0fb,K L Hospital,k l hospital,Chennai,Hospital,Neelankarai,,12.948143366584773,80.24919927120209,87618c41dffffff,,4.0,5.0,True,,0.0,500.0,,,,+914448134927,https://www.practo.com/chennai/hospital/usharani-neelankarai?referrer=hospital_listing,https://images1-fabric.practo.com/usharani-chennai-1446023351-563090b7e758b.png,VN,practo,,1.0,canonical,306,Q3,,Premium,0.28709
hosp_76e1052d61750a5c,Sekar Hospital,sekar hospital,Chennai,Hospital,Thyagarajapuram,,13.1523133,80.2999361,87618c49affffff,,4.0,5.0,True,,0.0,0.0,,,,+914440114419,https://www.practo.com/chennai/hospital/sekar-hospital-thyagarajapuram?referrer=hospital_listing,,active,practo,,1.0,canonical,307,Q3,,Premium,0.28709
hosp_d4c71355ca305485,MMRV Multi Speciality Hospital,mmrv multi speciality hospital,Chennai,Hospital,Mogappair West,,13.0791515,80.1707193,87618c4deffffff,,2.0,4.0,True,,400.0,500.0,4.5,24.0,,+911142246386,https://www.practo.com/chennai/hospital/gmr-hospital-mogappair-west?referrer=hospital_listing,https://images1-fabric.practo.com/practices/1131899/mmrv-multi-speciality-hospital-chennai-66698195c8bc7.png,VN,practo,,1.0,canonical,308,Q3,,Premium,0.286884
hosp_dc701c392624dfaf,K C Multispeciality Hospital,k c multispeciality hospital,Chennai,Hospital,Avadi,,,,,,3.0,5.0,True,,0.0,100.0,,8.0,,+914448134922,https://www.practo.com/chennai/hospital/k-c-multispeciality-hospital-avadi?referrer=hospital_listing,,VN,practo,,0.6,canonical,309,Q3,,Premium,0.286662
hosp_1a77dab74f854c97,K.J.Hospital-Research & Postgraduate Center,k j hospital research postgraduate center,Chennai,Hospital,Chetpet,,13.078933,80.252633,87618c489ffffff,,3.0,5.0,True,,0.0,600.0,,5.0,,+914448134923,https://www.practo.com/chennai/hospital/k-j-hospital-research-postgraduate-center-chetpet?referrer=hospital_listing,,VN,practo,,1.0,canonical,310,Q3,,Premium,0.286534
hosp_ac2ca86170566519,Appasamy Krishna Hospital,appasamy krishna hospital,Chennai,Hospital,Velachery,,12.9816658,80.2302172,87618c4e6ffffff,,6.0,4.0,True,,0.0,150.0,,,,+914448134922,https://www.practo.com/chennai/hospital/appasamy-krishna-hospital-velachery?referrer=hospital_listing,https://images1-fabric.practo.com/practices/679589/appasamy-krishna-hospital-chennai-665d9a9a20d9b.png,VN,practo,,1.0,canonical,311,Q3,,Premium,0.286501
hosp_fa4f504974a81a55,KM Nursing Home,km nursing home,Chennai,Hospital,KK Nagar,,13.037225254725062,80.20135469734669,87618c4c6ffffff,,5.0,4.0,True,,0.0,400.0,,7.0,,+914440116807,https://www.practo.com/chennai/hospital/km-nursing-home-kk-nagar-1-1?referrer=hospital_listing,https://images1-fabric.practo.com/practices/1469825/km-nursing-home-chennai-678f4bdcbc15a.png,VN,practo,,1.0,canonical,312,Q3,,Premium,0.28603
hosp_e79a628610ec74b4,Prime Care Nursing Home,prime care nursing home,Chennai,Hospital,Adambakkam,,,,,,5.0,4.0,True,,0.0,500.0,,4.0,,+914448134922,https://www.practo.com/chennai/hospital/prime-care-nursing-home-adambakkam?referrer=hospital_listing,,VN,practo,,0.6,canonical,313,Q3,,Premium,0.285903
hosp_bc38cada957dd7f6,Neolife Hospital,neolife hospital,Chennai,Hospital,Velachery,,12.972821331349223,80.21042861044407,87618c4e0ffffff,,2.0,5.0,True,,150.0,500.0,,6.0,,+914461712656,https://www.practo.com/chennai/hospital/neolife-hospital-velachery?referrer=hospital_listing,https://images1-fabric.practo.com/practices/1182251/neolife-hospital-chennai-66698ce77d91e.png,VN,practo,,1.0,canonical,314,Q3,,Premium,0.285808
hosp_386cd9ef8d530da6,Muthu Hospital,muthu hospital,Chennai,Hospital,Perambur,,13.11602,80.23166,87618eb25ffffff,,5.0,4.0,True,,800.0,1500.0,,,,+918047285625,https://www.practo.com/chennai/hospital/muthu-hospital-perambur-jamalia?referrer=hospital_listing,,ABS,practo,,1.0,canonical,315,Q3,,Premium,0.285732
hosp_58e9ab9f3d8c81f9,LS Hospital,ls hospital,Chennai,Hospital,Nerkundram,,13.065955019356995,80.18687697635542,87618c4d1ffffff,,5.0,4.0,True,,300.0,500.0,,,,+914471967261,https://www.practo.com/chennai/hospital/ls-hospital-ortho-and-multispecality-koyambedu?referrer=hospital_listing,https://images1-fabric.practo.com/practices/1570352/ls-hospital-ortho-and-multispecality-chennai-67d94307815a3.png,VN,practo,,1.0,canonical,316,Q3,,Premium,0.285732
hosp_3760fa04db88f90a,M.V. Centre For Diabetes,m v centre for diabetes,Chennai,Hospital,Velachery,,12.977711282968812,80.21931946277618,87618c4e6ffffff,,2.0,5.0,False,1.0,200.0,950.0,,3.0,1954.0,+914448134926,https://www.practo.com/chennai/hospital/mv-hospital-for-diabetes?referrer=hospital_listing,https://images1-fabric.practo.com/m-v-centre-for-diabetes-chennai-1464679404-574d3bec70759.jpg,VN,practo,,1.0,canonical,317,Q3,,Premium,0.28568
hosp_a3515c73a3292a78,Kings Hospital.,kings hospital,Chennai,Hospital,Kolathur,,13.1308,80.2025,87618eb2effffff,,1.0,1.0,True,,400.0,400.0,,,2015.0,+914471967001,https://www.practo.com/chennai/hospital/kings-hospital-kolathur?referrer=hospital_listing,https://images1-fabric.practo.com/kings-hospital-chennai-1464016203-57431d4bae0b0.jpg,VN,practo,,1.0,canonical,318,Q3,,Premium,0.285439
hosp_590978859f1c524f,Cadence Hospitals,cadence hospitals,Chennai,Hospital,Kodambakkam,,13.0480839,80.2266488,87618c4f3ffffff,,4.0,3.0,True,,500.0,750.0,4.5,12.0,,+914461712655,https://www.practo.com/chennai/hospital/cadence-hospitals-kodambakkam?referrer=hospital_listing,https://images1-fabric.practo.com/practices/1407435/cadence-hospitals-chennai-63bfe7aa7c693.jpeg,VN,practo,,1.0,canonical,319,Q3,,Premium,0.284801
hosp_4fe3c6abad3305b9,Chennai Orthopaedic Center,chennai orthopaedic center,Chennai,Hospital,Valasaravakkam,,13.047225930898277,80.18141984939575,87618c4c2ffffff,,2.0,3.0,True,,500.0,500.0,4.5,24.0,,+914471967336,https://www.practo.com/chennai/hospital/sunshine-speciality-hospital-ashok-nagar?referrer=hospital_listing,https://images1-fabric.practo.com/chennai-orthopaedic-center-chennai-1451311084-56813fec3a806.jpg,VN,practo,,1.0,canonical,320,Q3,,Premium,0.284756
hosp_1ab5123051174f40,Be Well Hospital,be well hospital,Chennai,Hospital,Ambattur,,13.1261428,80.1408303,87618eb74ffffff,,1.0,2.0,True,,500.0,500.0,,7.0,2019.0,+914446276052,https://www.practo.com/chennai/hospital/be-well-hospital-3-ambattur?referrer=hospital_listing,https://images1-fabric.practo.com/practices/1276405/be-well-hospital-chennai-625e468032278.jpg,VN,practo,,1.0,canonical,321,Q3,,Premium,0.284531
hosp_a1e5a999849eeefe,A.K. Hospital,k hospital,Chennai,Hospital,Aminjikarai,,,,,,3.0,4.0,True,,200.0,1000.0,,4.0,,+914448134922,https://www.practo.com/chennai/hospital/a-k-hospital-aminjikarai?referrer=hospital_listing,,VN,practo,,0.6,canonical,322,Q3,,Premium,0.284364
hosp_fb6ac92c409bd25c,Nalam Hospital,nalam hospital,Chennai,Hospital,Porur,,13.024330063701129,80.14742083847523,87618c4c1ffffff,,3.0,4.0,True,,0.0,500.0,,3.0,,+914471967341,https://www.practo.com/chennai/hospital/nalam-hospital-porur?referrer=hospital_listing,https://images1-fabric.practo.com/nalam-hospital-chennai-1442555561-55fba6a9c62fe.jpg,VN,practo,,1.0,canonical,323,Q3,,Premium,0.284321
hosp_c5c78f5d58e69889,BP Jain Hospital,bp jain hospital,Chennai,Hospital,Pammal,,12.973033,80.134132,87618c4e8ffffff,,3.0,4.0,True,,0.0,300.0,,,,+914448134920,https://www.practo.com/chennai/hospital/bp-jain-hospital-tambaram?referrer=hospital_listing,https://images1-fabric.practo.com/practices/744633/bp-jain-hospital-chennai-6667fdce2748d.png,VN,practo,,1.0,canonical,324,Q3,,Premium,0.284194
hosp_f968f54f5c5888a0,New Life Hospital,new life hospital,Chennai,Hospital,Mogappair West,,13.08059843752,80.1687715575099,87618c4deffffff,,3.0,4.0,True,,250.0,750.0,,,,+914471967261,https://www.practo.com/chennai/hospital/new-life-hospital-9-mogappair-west?referrer=hospital_listing,https://images1-fabric.practo.com/practices/1180086/new-life-hospital-chennai-66583fbd416b3.png,VN,practo,,1.0,canonical,325,Q3,,Premium,0.284194
hosp_0c8f3a881cf3a46a,Dencity Dental Care,dencity dental care,Chennai,Hospital,T Nagar,,13.0488913,80.2350519,87618c4f2ffffff,,1.0,1.0,False,,300.0,300.0,5.0,39.0,,+914448134923,https://www.practo.com/chennai/hospital/dencity-dental-care-t-nagar?referrer=hospital_listing,https://images1-fabric.practo.com/559cc41e37a18cd04ea400ae8d0e5d22277114b19bd69.jpg,VN,practo,,1.0,canonical,326,Q3,,Premium,0.283895
hosp_1bb51d84f0636b63,Apollo Cradle Women's Hospital,apollo cradle women s hospital,Chennai,Hospital,Thousand Lights,,13.058980514682,80.253150165081,87618c48dffffff,,5.0,3.0,False,,200.0,1000.0,5.0,31.0,,+914471967143,https://www.practo.com/chennai/hospital/apollo-cradle-women-s-hospital-t-nagar?referrer=hospital_listing,https://images1-fabric.practo.com/practices/1135665/apollo-cradle-women-s-hospital-chennai-5aa23d72c6d68.png,VN,practo,,1.0,canonical,327,Q3,,Premium,0.2838
hosp_51fbe43bb353e5e0,PK Multi Speciality Hospital,pk multi speciality hospital,Chennai,Hospital,Tambaram West,,12.929188465468,80.119164730422,87618c458ffffff,,1.0,1.0,True,,0.0,0.0,,,2017.0,+914446312691,https://www.practo.com/chennai/hospital/pk-hospital-tambaram-west?referrer=hospital_listing,https://images1-fabric.practo.com/practices/1147274/pk-hospital-chennai-5927fd3b5cf37.png,VN,practo,,1.0,canonical,328,Q3,,Premium,0.283772
hosp_eab9ec0c06b09867,Chellam Hospital,chellam hospital,Chennai,Hospital,Madambakkam,,12.901264,80.158363,87618c455ffffff,,2.0,4.0,True,,0.0,300.0,,2.0,,+914448134922,https://www.practo.com/chennai/hospital/chellam-hospital-madambakkam?referrer=hospital_listing,https://images1-fabric.practo.com/practices/642545/chellam-hospital-chennai-666ae742d7f39.png,VN,practo,,1.0,canonical,329,Q3,,Premium,0.28351
hosp_eca06217d54259a0,Vellammal Hospitals,vellammal hospitals,Chennai,Hospital,Mogappair,,,,,,2.0,4.0,True,,0.0,300.0,,,,+914471967336,https://www.practo.com/chennai/hospital/vellammal-hospitals-mogappair?referrer=hospital_listing,,VN,practo,,0.6,canonical,330,Q3,,Premium,0.283424
hosp_a2e9ed7e654dab89,Clove Dental,clove dental,Chennai,Hospital,Vadapalani,,13.0479969,80.1924846,87618c4c2ffffff,,10.0,1.0,True,24.0,500.0,750.0,,5.0,,+914471967261,https://www.practo.com/chennai/hospital/clove-care-vadapalani-1?referrer=hospital_listing,https://images1-fabric.practo.com/practices/1143171/clove-dental-chennai-5983158d2b093.jpg,VN,practo,,1.0,canonical,331,Q3,,Premium,0.283408
hosp_c4b27c4c3ccfe0e0,GBR Fertility Centre and Hospital,gbr fertility centre hospital,Chennai,Hospital,Mogappair West,,13.0753541,80.1766543,87618c4d1ffffff,,1.0,4.0,True,1.0,500.0,500.0,,9.0,,+914446315859,https://www.practo.com/chennai/hospital/gbr-fertility-centre-and-hospital-mogappair?referrer=hospital_listing,https://images1-fabric.practo.com/practices/900514/gbr-fertility-centre-and-hospital-chennai-5a4f2360d8775.png,VN,practo,,1.0,canonical,332,Q3,,Premium,0.283039
hosp_db1ba3ad3c1f4d82,GBR Fertility Centre and Hospitals,gbr fertility centre hospitals,Chennai,Hospital,Chromepet,,12.9541054,80.1403238,87618c4edffffff,,1.0,4.0,True,1.0,500.0,500.0,,,,+914446315859,https://www.practo.com/chennai/hospital/gbr-fertility-centre-and-hospital-kandanchavadi?referrer=hospital_listing,https://images1-fabric.practo.com/practices/1150776/gbr-fertility-centre-and-hospital-chennai-5a13e19c19359.png,VN,practo,,1.0,canonical,333,Q3,,Premium,0.282655
hosp_633f64f87e06b6bc,MMC Hospital,mmc hospital,Chennai,Hospital,Ayappakkam,,13.1019529,80.1363317,87618c4dbffffff,,27.0,18.0,False,,0.0,0.0,,,,+914446315128,https://www.practo.com/chennai/hospital/mmc-hospital-ayappakkam-1?referrer=hospital_listing,,VN,practo,,1.0,canonical,334,Q3,,Premium,0.282442
hosp_80886b69c458209a,B M Hospitals,b m hospitals,Chennai,Hospital,Nanganallur,,12.9889,80.19013,87618c4e3ffffff,,8.0,15.0,True,,0.0,1200.0,3.5,20.0,1982.0,+914471967084,https://www.practo.com/chennai/hospital/bm-hospitals-nanganallur?referrer=hospital_listing,https://images1-fabric.practo.com/b-m-hospitals-chennai-1467201272-5773b6f84f6a5.jpg,VN,practo,,1.0,canonical,335,Q3,,Premium,0.282428
hosp_6e0e46ca97205614,Selvarangam Hospital - Institute Of Liver & Digestive Diseases,selvarangam hospital institute liver digestive diseases,Chennai,Hospital,Anna Nagar East,,13.084578,80.224308,87618c4d6ffffff,,3.0,3.0,True,,700.0,1500.0,,7.0,,+914461711207,https://www.practo.com/chennai/hospital/selvarangam-hospital-institute-of-liver-digestive-diseases-anna-nagar-east?referrer=hospital_listing,https://images1-fabric.practo.com/practices/1024589/selvarangam-hospital-chennai-59705c9ccd47e.jpg,VN,practo,,1.0,canonical,336,Q3,,Premium,0.282364
hosp_2227e849f5526c7c,Arjun Nursing Home,arjun nursing home,Chennai,Hospital,KK Nagar,,13.045428203782,80.209379196167,87618c4f3ffffff,,3.0,3.0,True,,300.0,500.0,,5.0,,+914471967017,https://www.practo.com/chennai/hospital/arjun-nursing-home-kk-nagar?referrer=hospital_listing,https://images1-fabric.practo.com/practices/680033/arjun-nursing-home-chennai-66685c9592aae.png,VN,practo,,1.0,canonical,337,Q3,,Premium,0.282279
hosp_f0b1a5ab98f862b6,RK Nursing Home,rk nursing home,Chennai,Hospital,Chromepet,,12.945694,80.141573,87618c4edffffff,,3.0,3.0,True,,0.0,200.0,,3.0,,+914448134926,https://www.practo.com/chennai/hospital/rajan-s-physio-clinic-chromepet-1?referrer=hospital_listing,,VN,practo,,1.0,canonical,338,Q3,,Premium,0.282194
hosp_efc5f25ab3e797f2,Raj Nursing Home,raj nursing home,Chennai,Hospital,Mogappair East,,13.0846,80.1876,87618c4d3ffffff,,2.0,2.0,True,,200.0,200.0,4.5,20.0,,+914446312693,https://www.practo.com/chennai/hospital/raj-nursing-home-mogappair-east?referrer=hospital_listing,,VN,practo,,1.0,canonical,339,Q3,,Premium,0.282168
hosp_996156a50c723974,Arokya Hospital,arokya hospital,Chennai,Hospital,Nesapakkam,,13.035013,80.191691,87618c4c6ffffff,,3.0,3.0,True,,0.0,300.0,,2.0,,+914448134923,https://www.practo.com/chennai/hospital/arokya-hospital-nesapakkam?referrer=hospital_listing,,VN,practo,,1.0,canonical,340,Q3,,Premium,0.282151
hosp_d7f2a90ab407a06e,Guru Raghavendra Hospitals,guru raghavendra hospitals,Chennai,Hospital,KK Nagar,,,,,,3.0,3.0,True,,0.0,450.0,,2.0,,+914448134923,https://www.practo.com/chennai/hospital/guru-raghavendra-hospitals-kk-nagar-1?referrer=hospital_listing,,VN,practo,,0.6,canonical,341,Q3,,Premium,0.282151
hosp_f2d16508dc26358c,Kanchi Kamakoti CHILDS Trust Hospital,kanchi kamakoti childs trust hospital,Chennai,Hospital,Nungambakkam,,13.05724,80.245851,87618c4f2ffffff,,3.0,3.0,True,,0.0,700.0,,,,+914440116807,https://www.practo.com/chennai/hospital/kanchi-kamakoti-childs-trust-hospital-nungambakkam?referrer=hospital_listing,https://images1-fabric.practo.com/practices/669882/kanchi-kamakoti-childs-trust-hospital-chennai-67b2d18ba6030.png,VN,practo,,1.0,canonical,342,Q3,,Premium,0.282066
hosp_fb552d98f2917e47,Murari Hospital,murari hospital,Chennai,Hospital,Madhavaram,,13.137725830078,80.237908935547,87618eb20ffffff,,3.0,3.0,True,,0.0,500.0,,,,+914471967914,https://www.practo.com/chennai/hospital/murari-hospital-madhavaram-1?referrer=hospital_listing,https://images1-fabric.practo.com/practices/1243058/murari-hospital-chennai-5c6f953e3605d.png,VN,practo,,1.0,canonical,343,Q3,,Premium,0.282066
hosp_ebb9ea2c699939a4,ST. PAUL Physiotherapy Care,st paul physiotherapy care,Chennai,Hospital,Anna Nagar East,,13.084996082075266,80.2174704653595,87618c4d6ffffff,,5.0,2.0,True,,150.0,600.0,,9.0,,+914471967014,https://www.practo.com/chennai/hospital/st-paul-orthopaedic-physiotherapy-care-anna-nagar-east?referrer=hospital_listing,,VN,practo,,1.0,canonical,344,Q3,,Premium,0.28186
hosp_8918d4f4043bfd18,Dr Pavanis Dentistry,dr pavanis dentistry,Chennai,Hospital,Adyar,,13.008411524219348,80.25652170181273,87618c4f4ffffff,,1.0,1.0,True,,1500.0,1500.0,4.5,43.0,,+918037320258,https://www.practo.com/chennai/hospital/dhantham-dental-hospital-t-nagar?referrer=hospital_listing,https://images1-fabric.practo.com/practices/1150272/dr-pavanis-dentistry-chennai-6638a8f0453a2.jpg,ABS,practo,,1.0,canonical,345,Q3,,Premium,0.281578
hosp_8c37da64691f9b9d,Robin Hospitals,robin hospitals,Chennai,Hospital,Anna Nagar,,13.0820804,80.198678,87618c4d0ffffff,,2.0,3.0,True,,300.0,500.0,,6.0,,+914471967083,https://www.practo.com/chennai/hospital/robin-hospitals-anna-nagar?referrer=hospital_listing,https://images1-fabric.practo.com/practices/1170680/robin-hospitals-chennai-5eff75f5000c8.png,VN,practo,,1.0,canonical,346,Q3,,Premium,0.281552
hosp_753d84edd41bbd1e,Aashara Hospital,aashara hospital,Chennai,Hospital,Anna Nagar West,,13.088357174678944,80.18529832363129,87618c4d3ffffff,,2.0,3.0,True,,200.0,500.0,,5.0,,+914471967341,https://www.practo.com/chennai/hospital/aashara-hospital-anna-nagar-west-2?referrer=hospital_listing,https://images1-fabric.practo.com/aashara-hospital-chennai-1484023857-5874683133069.jpg,VN,practo,,1.0,canonical,347,Q3,,Premium,0.28151
hosp_ce54196791be356c,Grace Hospital,grace hospital,Chennai,Hospital,Tambaram,,12.930269310383,80.117618472647,87618c458ffffff,,2.0,3.0,True,,0.0,300.0,,,,+914471967001,https://www.practo.com/chennai/hospital/grace-hospital-1-kilkattalai?referrer=hospital_listing,,VN,practo,,1.0,canonical,348,Q3,,Premium,0.281297
hosp_68736df16a814526,Gleneagles Health City,gleneagles health city,Chennai,Hospital,Perumbakkam,,12.898729,80.206374,87618c472ffffff,,35.0,28.0,True,,550.0,1200.0,4.0,595.0,,+914448134921,https://www.practo.com/chennai/hospital/gleneagles-global-health-city-perumbakkam-3?referrer=hospital_listing,https://images1-fabric.practo.com/practices/1153960/gleneagles-health-city-chennai-65e96a0f6c311.png,VN,practo,,1.0,canonical,349,Q3,,Premium,0.28129
hosp_81c9513bedfa97a3,Sooriya Hospital - Vadapalani,sooriya hospital vadapalani,Chennai,Hospital,Vadapalani,,13.048229307791,80.203757286072,87618c4d5ffffff,,35.0,23.0,True,1.0,0.0,3000.0,4.0,88.0,,+914448133591,https://www.practo.com/chennai/hospital/sooriya-hospital-6-vadapalani-1?referrer=hospital_listing,https://images1-fabric.practo.com/practices/1183650/sooriya-hospital-chennai-665418d5a3e28.png,ABS,practo,,1.0,canonical,350,Q3,,Premium,0.281131
hosp_77730168cde2aa40,S V Multispeciality Hospital,s v multispeciality hospital,Chennai,Hospital,Kodambakkam,,0.0,0.0,87754e64dffffff,,4.0,2.0,True,,200.0,400.0,,6.0,,+914448134919,https://www.practo.com/chennai/hospital/s-v-multispeciality-hospital-kodambakkam?referrer=hospital_listing,https://images1-fabric.practo.com/practices/1153200/s-v-multispeciality-hospital-chennai-5e9fcc4bc8540.jpg,VN,practo,,1.0,canonical,351,Q3,,Premium,0.280963
hosp_f0e7e127cc265758,Vani Nursing Home,vani nursing home,Chennai,Hospital,Rajakilpakkam,,12.92241,80.15069,87618c451ffffff,,1.0,3.0,True,,300.0,300.0,,9.0,,+914440116807,https://www.practo.com/chennai/hospital/vani-nursing-home-2-rajakilpakkam?referrer=hospital_listing,https://images1-fabric.practo.com/practices/1276763/vani-nursing-home-chennai-5e3bf696ec0c8.png,VN,practo,,1.0,canonical,352,Q3,,Premium,0.280911
hosp_bba6b233293c4d48,Lifeline Hospital,lifeline hospital,Chennai,Hospital,Kandanchavadi,,12.9623568,80.2376186,87618c419ffffff,,25.0,18.0,False,,0.0,650.0,,,,+911142246386,https://www.practo.com/chennai/hospital/lifeline-hospital-3-kandanchavadi?referrer=hospital_listing,,active,practo,,1.0,canonical,353,Q3,,Premium,0.280904
hosp_ed0b6a88b6a767e5,The Dentist - Royapettah,dentist royapettah,Chennai,Hospital,Royapettah,,13.0485513,80.2638749,87618c48dffffff,,7.0,1.0,True,9.0,200.0,300.0,,,,+914461711342,https://www.practo.com/chennai/hospital/the-dentist-royapettah?referrer=hospital_listing,https://images1-fabric.practo.com/practices/1196094/the-dentist-royapettah-chennai-5b3b3531dd77d.JPG,VN,practo,,1.0,canonical,354,Q3,,Premium,0.280888
hosp_380586af09f1d112,Agada Hospital,agada hospital,Chennai,Hospital,Porur,,13.033368004331573,80.16180083155632,87618c4c3ffffff,,1.0,3.0,True,,500.0,500.0,,6.0,,+914448134920,https://www.practo.com/chennai/hospital/agada-hospital-1-t-nagar-1?referrer=hospital_listing,https://images1-fabric.practo.com/practices/1151851/agada-hospital-chennai-666fc95a7e7ad.png,VN,practo,,1.0,canonical,355,Q3,,Premium,0.280783
hosp_a04d9917d536aff1,Bethesda Hospital & Child Care Centre,bethesda hospital child care centre,Chennai,Hospital,Tambaram East,,12.91967,80.14435,87618c451ffffff,,1.0,1.0,True,,500.0,500.0,4.5,33.0,,+914448134922,https://www.practo.com/chennai/hospital/bethesda-hospital-and-child-care-centre-tambaram-east?referrer=hospital_listing,,VN,practo,,1.0,canonical,356,Q3,,Premium,0.280665
hosp_b9cc622c7a1949f9,Mother's Care Women's Hospital,mother s care women s hospital,Chennai,Hospital,Mogappair West,,13.080019318867553,80.17066948958232,87618c4deffffff,,1.0,3.0,True,,500.0,500.0,,3.0,,+914446314493,https://www.practo.com/chennai/hospital/mother-s-care-women-s-hospital-mogappair?referrer=hospital_listing,https://images1-fabric.practo.com/practices/1473096/mother-s-care-women-s-hospital-chennai-66c2f8999c9b6.png,VN,practo,,1.0,canonical,357,Q3,,Premium,0.280655
hosp_61e64b25d4ac9df8,Noor Hospital,noor hospital,Chennai,Hospital,Kodungaiyur,,13.14167636106342,80.24860315024853,87618eb22ffffff,,1.0,3.0,True,,500.0,500.0,,2.0,,+914471967351,https://www.practo.com/chennai/hospital/noor-hospital-kodungaiyur-chennai-kodungaiyur?referrer=hospital_listing,https://images1-fabric.practo.com/practices/1138925/noor-hospital-chennai-66681e3ce3851.png,VN,practo,,1.0,canonical,358,Q3,,Premium,0.280613
hosp_54e2f2a22a3c97ea,Metromale Clinic & Fertility Center,metromale clinic fertility center,Chennai,Hospital,Porur,,13.0341515,80.1567984,87618c4c3ffffff,,1.0,3.0,True,9.0,750.0,750.0,,2.0,,+914448132961,https://www.practo.com/chennai/hospital/metromale-clinic-and-fertility-center-porur?referrer=hospital_listing,https://images1-fabric.practo.com/practices/1268792/metromale-clinic-fertility-center-chennai-5d9f3353e9fd3.jpg,VN,practo,,1.0,canonical,359,Q3,,Premium,0.280613
hosp_f6d97d8f538adc60,KHM Hospital,khm hospital,Chennai,Hospital,Anna Nagar,,13.0847387409349,80.21307528018951,87618c4d0ffffff,,15.0,21.0,True,,0.0,1000.0,4.0,41.0,,+914471967153,https://www.practo.com/chennai/hospital/khm-hospital-anna-nagar?referrer=hospital_listing,https://images1-fabric.practo.com/534bc34480097a8daca5d1007f2ff5a5e818ae76d309f.png,VN,practo,,1.0,canonical,360,Q3,,Premium,0.280574
hosp_356ff9b18d3b15fc,Mahalakshmi Hospital ,mahalakshmi hospital,Chennai,Hospital,Ambattur,,13.125667083315,80.144560555426,87618eb29ffffff,,1.0,3.0,True,,300.0,300.0,,,,+914448132959,https://www.practo.com/chennai/hospital/mahalakshmi-hospital-2-ambattur-1?referrer=hospital_listing,https://images1-fabric.practo.com/practices/1370037/mahalakshmi-hospital-chennai-66eaa8c4b607c.png,VN,practo,,1.0,canonical,361,Q3,,Premium,0.280527
hosp_26c0bdff56b40ad4,BOSH - Brain Orthopaedic Spine Hospital,bosh brain orthopaedic spine hospital,Chennai,Hospital,Guduvanchery,,12.843744175521,80.058351550251,87618c732ffffff,,1.0,3.0,True,,400.0,400.0,,,,+914440115002,https://www.practo.com/chennai/hospital/brain-orthopaedic-spine-hospital-guduvanchery?referrer=hospital_listing,https://images1-fabric.practo.com/practices/1170645/brain-orthopaedic-spine-hospital-clinic-chennai-5a4073849ee0e.jpg,VN,practo,,1.0,canonical,362,Q3,,Premium,0.280527
hosp_09f9137b94303ac9,People's Nursing Home,people s nursing home,Chennai,Hospital,Aminjikarai,,13.069176,80.213892,87618c4d0ffffff,,1.0,2.0,True,,0.0,500.0,4.5,11.0,,+914448134922,https://www.practo.com/chennai/hospital/people-s-nursing-home-aminjikarai?referrer=hospital_listing,,VN,practo,,1.0,canonical,363,Q3,,Premium,0.280223
hosp_43f4fccfc723cad6,The Dentist,dentist,Chennai,Hospital,Valasaravakkam,,13.0410381,80.1674797,87618c4c3ffffff,,6.0,1.0,True,9.0,200.0,300.0,,2.0,,+914471967084,https://www.practo.com/chennai/hospital/the-dentist-valasaravakkam?referrer=hospital_listing,https://images1-fabric.practo.com/practices/1195432/the-dentist-valasaravakkam-chennai-5b3b3ca7a98bf.JPG,VN,practo,,1.0,canonical,364,Q3,,Premium,0.280204
hosp_55f8e59bdffeb817,The Dentist,dentist,Chennai,Hospital,Teynampet,,13.034324,80.2597593,87618c4f6ffffff,,6.0,1.0,True,9.0,200.0,300.0,,,,+914461712655,https://www.practo.com/chennai/hospital/the-dentist-teynampet?referrer=hospital_listing,https://images1-fabric.practo.com/practices/1195429/the-dentist-teynampet-chennai-5b3b3da458dc4.JPG,VN,practo,,1.0,canonical,365,Q3,,Premium,0.280118
hosp_4eb4382a91f47a0c,Apollo Dental,apollo dental,Chennai,Hospital,T Nagar,,13.0464375,80.2433423,87618c4f2ffffff,,6.0,1.0,True,16.0,300.0,500.0,,,,+918037320545,https://www.practo.com/chennai/hospital/apollo-white-dental-t-nagar?referrer=hospital_listing,https://images1-fabric.practo.com/practices/1158105/apollo-dental-chennai-6013f408a946f.PNG,VN,practo,,1.0,canonical,366,Q3,,Premium,0.280118
hosp_9a71a254c2b2a77a,Dr. Rai Memorial Medical Centre,dr rai memorial medical centre,Chennai,Hospital,Teynampet,,13.0448331,80.247972,87618c4f2ffffff,,3.0,2.0,True,,300.0,500.0,,,,+914448134923,https://www.practo.com/chennai/hospital/dr-rai-memorial-medical-centre-teynampet?referrer=hospital_listing,https://images1-fabric.practo.com/practices/709559/dr-rai-memorial-medical-centre-chennai-666d8755730de.png,VN,practo,,1.0,canonical,367,Q3,,Premium,0.279938
hosp_8082a77f49c13e14,The Dentist,dentist,Chennai,Hospital,Mogappair West,,13.0830183,80.1711895,87618c4deffffff,,5.0,1.0,True,9.0,100.0,300.0,,4.0,,+914446315128,https://www.practo.com/chennai/hospital/the-dentist-mogappair-west?referrer=hospital_listing,https://images1-fabric.practo.com/practices/1195427/the-dentist-mogappair-west-chennai-5b3b3e9e093e4.JPG,VN,practo,,1.0,canonical,368,Q3,,Premium,0.27952
hosp_b9cac88ced7cb515,The Dentist - Velachery,dentist velachery,Chennai,Hospital,Velachery,,12.975418,80.221757,87618c4e6ffffff,,5.0,1.0,True,9.0,200.0,300.0,,3.0,,+914446312510,https://www.practo.com/chennai/hospital/the-dentist-velachery?referrer=hospital_listing,https://images1-fabric.practo.com/practices/1195981/the-dentist-velachery-chennai-5b3b39ef2c8e6.JPG,VN,practo,,1.0,canonical,369,Q3,,Premium,0.279477
hosp_b61491259611c1ea,Sugam Hospital,sugam hospital,Chennai,Hospital,Pallavaram,,12.961878,80.146646,87618c4e8ffffff,,2.0,2.0,True,1.0,500.0,500.0,,7.0,,+914446276053,https://www.practo.com/chennai/hospital/sugam-hospital-1-pallavaram-1?referrer=hospital_listing,https://images1-fabric.practo.com/practices/1311282/sugam-hospital-chennai-5f9aa76010cc8.png,VN,practo,,1.0,canonical,370,Q3,,Premium,0.279467
hosp_9ff1bb396faf2fa3,Apex Medical Centre,apex medical centre,Chennai,Hospital,West Mambalam,,13.0321723,80.2191041,87618c4f3ffffff,,2.0,2.0,True,,500.0,500.0,,7.0,,+914440114535,https://www.practo.com/chennai/hospital/apex-medical-centre-west-mambalam?referrer=hospital_listing,https://images1-fabric.practo.com/practices/1184832/apex-medical-centre-chennai-5ac48d1d2a036.jpeg,VN,practo,,1.0,canonical,371,Q3,,Premium,0.279467
hosp_dd051d43b632e9f3,St Anthonys Hospital,st anthonys hospital,Chennai,Hospital,Puzhal,,12.8226524,76.2731673,876010b04ffffff,,5.0,1.0,True,,0.0,0.0,,2.0,,+914448134922,https://www.practo.com/chennai/hospital/st-anthonys-hospital-puzhal?referrer=hospital_listing,https://images1-fabric.practo.com/practices/675090/st-anthonys-hospital-chennai-666986a4e8e59.png,VN,practo,,1.0,canonical,372,Q3,,Premium,0.279434
hosp_39aa5b15c290245b,Vasan Dental Care,vasan dental care,Chennai,Hospital,Anna Nagar,,13.091815,80.218624,87618c4d2ffffff,,5.0,1.0,True,4.0,100.0,100.0,,2.0,,+914471967020,https://www.practo.com/chennai/hospital/vasan-dental-care-anna-nagar-anna-nagar?referrer=hospital_listing,https://images1-fabric.practo.com/practices/644438/vasan-dental-care-anna-nagar-chennai-5983fd7200565.jpeg,VN,practo,,1.0,canonical,373,Q3,,Premium,0.279434
hosp_07c4b5a158a0741f,"Sudha Hospitals - Women, Child Care & Fertility Centre",sudha hospitals women child care fertility centre,Chennai,Hospital,Purasawakkam,,13.078978713668,80.253868971875,87618c489ffffff,,2.0,2.0,True,,700.0,700.0,,5.0,,+914446312693,https://www.practo.com/chennai/hospital/sudha-hospitals-fertility-women-care-centre-poonamalle?referrer=hospital_listing,https://images1-fabric.practo.com/practices/1261779/sudha-hospitals-fertility-women-care-centre-chennai-5d2d9e0e460c2.jpeg,VN,practo,,1.0,canonical,374,Q3,,Premium,0.279382
hosp_a02beaf38776e172,Vasan Dental Care,vasan dental care,Chennai,Hospital,Chromepet,,12.95687,80.143151,87618c4edffffff,,5.0,1.0,True,,100.0,100.0,,,,+914471967020,https://www.practo.com/chennai/hospital/vasan-dental-care-chromepet?referrer=hospital_listing,https://images1-fabric.practo.com/practices/793012/vasan-dental-care-chennai-5983fe82cdf65.jpeg,VN,practo,,1.0,canonical,375,Q3,,Premium,0.279349
hosp_e0bd1295c3385ccf,The Dentist,dentist,Chennai,Hospital,T Nagar,,13.052844,80.2338853,87618c4f2ffffff,,5.0,1.0,True,9.0,300.0,300.0,,,,+914446312689,https://www.practo.com/chennai/hospital/the-dentist-t-nagar?referrer=hospital_listing,https://images1-fabric.practo.com/practices/1195430/the-dentist-t-nagar-chennai-5b3b3cc22fafb.JPG,VN,practo,,1.0,canonical,376,Q3,,Premium,0.279349
hosp_0224a8d82885247c,Srinivas Eye Hospital,srinivas eye hospital,Chennai,Hospital,Thiruvallur,,13.082992,80.179714,87618c4deffffff,,2.0,2.0,True,,0.0,350.0,,3.0,,+914471967017,https://www.practo.com/chennai/hospital/srinivas-eye-hospital-thiruvallur?referrer=hospital_listing,,VN,practo,,1.0,canonical,377,Q3,,Premium,0.279297
hosp_8b86c463fcf10e7c,Starlight Hospitals Pvt. Ltd.,starlight hospitals,Chennai,Hospital,Thiruvanmiyur,,12.988835,80.252509,87618c41bffffff,,2.0,2.0,True,,0.0,500.0,,2.0,,+911142246386,https://www.practo.com/chennai/hospital/starlight-hospitals-pvt-ltd-thiruvanmiyur-1?referrer=hospital_listing,https://images1-fabric.practo.com/practices/618422/starlight-hospitals-pvt-ltd-chennai-596378f9257a3.jpg,VN,practo,,1.0,canonical,378,Q3,,Premium,0.279254
hosp_96a7069afcd2d753,Csi Kalyani Hospital,csi kalyani hospital,Chennai,Hospital,Mylapore,,13.043506644598,80.272536381038,87618c4abffffff,,2.0,2.0,True,,200.0,350.0,,,,+914471967261,https://www.practo.com/chennai/hospital/csi-kalyani-hospital-mylapore-3?referrer=hospital_listing,https://images1-fabric.practo.com/practices/1479432/csi-kalyani-multispecialty-hospital-chennai-66ed0d1764cbc.jpeg,VN,practo,,1.0,canonical,379,Q3,,Premium,0.279169
hosp_602a0e73be53dcea,Ramaiah Hospital,ramaiah hospital,Chennai,Hospital,Tondiarpet,,13.1381735,80.2920482,87618c498ffffff,,2.0,2.0,True,,0.0,0.0,,,,+914440115382,https://www.practo.com/chennai/hospital/ramaiah-hospital-tondiarpet?referrer=hospital_listing,,VN,practo,,1.0,canonical,380,Q3,,Premium,0.279169
hosp_9c2e568402b040c4,La belle Slimming Skin and Hair Clinic,la belle slimming skin hair clinic,Chennai,Hospital,Kilpauk,,13.077837,80.241967,87618c489ffffff,,2.0,2.0,True,,0.0,0.0,,,,+914461712657,https://www.practo.com/chennai/hospital/la-belle-slimming-skin-and-hair-clinic-kilpauk?referrer=hospital_listing,https://images1-fabric.practo.com/practices/1207893/la-belle-slimming-skin-and-hair-clinic-chennai-5b4c71cd2e6c4.png,VN,practo,,1.0,canonical,381,Q3,,Premium,0.279169
hosp_b4e9b9068f46dac5,Dr. Hariharan Diabetes & Heart Care Hospital,dr hariharan diabetes heart care hospital,Chennai,Hospital,Nanganallur,,12.985231,80.19051,87618c4e3ffffff,,5.0,6.0,True,,300.0,500.0,4.0,31.0,1989.0,+914461711207,https://www.practo.com/chennai/hospital/dr-hariharan-diabetes-heart-care-hospital-nanganallur?referrer=hospital_listing,,VN,practo,,1.0,canonical,382,Q3,,Premium,0.279018
hosp_08ced54f3bd9ad86,Clove Dental,clove dental,Chennai,Hospital,Nungambakkam,,13.058891,80.242555,87618c489ffffff,,4.0,1.0,True,24.0,500.0,750.0,,8.0,,+914471967261,https://www.practo.com/chennai/hospital/clove-dental-nungambakkam-2?referrer=hospital_listing,https://images1-fabric.practo.com/practices/1143166/clove-dental-chennai-598315d3d9bed.jpg,VN,practo,,1.0,canonical,383,Q3,,Premium,0.278921
hosp_bda53e730be547cf,K.M.Hospitals,k m hospitals,Chennai,Hospital,Kilpauk,,13.0884237418986,80.24213433265686,87618c48bffffff,,1.0,2.0,True,,400.0,400.0,,8.0,,+914448134923,https://www.practo.com/chennai/hospital/k-m-hospitals-kilpauk?referrer=hospital_listing,,VN,practo,,1.0,canonical,384,Q3,,Premium,0.278741
hosp_26ca469f55fb074a,Clove Dental,clove dental,Chennai,Hospital,Choolaimedu,,13.058243,80.228464,87618c4d4ffffff,,4.0,1.0,True,24.0,500.0,750.0,,3.0,,+914448134927,https://www.practo.com/chennai/hospital/clove-dental-choolaimedu?referrer=hospital_listing,https://images1-fabric.practo.com/practices/1182787/clove-dental-chennai-5aacabf05798f.png,VN,practo,,1.0,canonical,385,Q3,,Premium,0.278708
hosp_7264728953825b21,Clove Dental,clove dental,Chennai,Hospital,Adyar,,13.005801,80.251217,87618c4f4ffffff,,4.0,1.0,True,24.0,500.0,750.0,,2.0,,+914446271587,https://www.practo.com/chennai/hospital/clove-dental-adyar?referrer=hospital_listing,https://images1-fabric.practo.com/practices/1182664/clove-dental-chennai-5aab927a2de2b.png,VN,practo,,1.0,canonical,386,Q3,,Premium,0.278665
hosp_762597c18d660a5b,Clove Dental,clove dental,Chennai,Hospital,Porur,,13.035816,80.158769,87618c4c3ffffff,,4.0,1.0,True,24.0,500.0,750.0,,2.0,,+914448134927,https://www.practo.com/chennai/hospital/clove-dental-porur?referrer=hospital_listing,https://images1-fabric.practo.com/practices/1182789/clove-dental-chennai-5aacafb5c20b2.png,VN,practo,,1.0,canonical,387,Q3,,Premium,0.278665
hosp_c8cd6eb8b93476fc,Clove Dental,clove dental,Chennai,Hospital,Mogappair West,,13.085951,80.183322,87618c4d3ffffff,,4.0,1.0,True,24.0,500.0,750.0,,2.0,,+914471967004,https://www.practo.com/chennai/hospital/clove-dental-mogappair-west?referrer=hospital_listing,https://images1-fabric.practo.com/practices/1171471/clove-dental-chennai-5aaaa60f15493.png,VN,practo,,1.0,canonical,388,Q3,,Premium,0.278665
hosp_bc61210436b4a566,The Dentist,dentist,Chennai,Hospital,Vadapalani,,13.0487388,80.213762,87618c4f3ffffff,,4.0,1.0,True,9.0,200.0,300.0,,,,+914446312510,https://www.practo.com/chennai/hospital/the-dentist-vadapalani?referrer=hospital_listing,https://images1-fabric.practo.com/practices/1195986/the-dentist-vadapalani-chennai-5b3b38ceca735.JPG,VN,practo,,1.0,canonical,389,Q3,,Premium,0.27858
hosp_ccad76f4a584d805,Apollo Dental,apollo dental,Chennai,Hospital,Anna Nagar,,13.084942,80.204459,87618c4d0ffffff,,4.0,1.0,True,16.0,500.0,500.0,,,,+914446314494,https://www.practo.com/chennai/hospital/apollo-white-dental-23-anna-nagar?referrer=hospital_listing,https://images1-fabric.practo.com/practices/1158094/apollo-dental-chennai-6013b8112de4e.PNG,RFA,practo,,1.0,canonical,390,Q3,,Premium,0.27858
hosp_3d84f1c5ab1e03f9,Clove Dental,clove dental,Chennai,Hospital,Anna Nagar,,13.082496,80.2112913,87618c4d0ffffff,,4.0,1.0,True,24.0,500.0,750.0,,,,+914448134927,https://www.practo.com/chennai/hospital/clove-dental-30-anna-nagar?referrer=hospital_listing,https://images1-fabric.practo.com/practices/1182570/clove-dental-chennai-5aab4a6630f53.png,VN,practo,,1.0,canonical,391,Q3,,Premium,0.27858
hosp_1be8d937b17f1ffa,Clove Dental,clove dental,Chennai,Hospital,Raja Annamalai Puram,,13.0271489,80.2565635,87618c4f6ffffff,,4.0,1.0,True,24.0,500.0,750.0,,,,+914448134927,https://www.practo.com/chennai/hospital/clove-dental-raja-annamalai-puram?referrer=hospital_listing,https://images1-fabric.practo.com/practices/1182612/clove-dental-chennai-5aab63330d703.png,VN,practo,,1.0,canonical,392,Q3,,Premium,0.27858
hosp_e7c8ae92b188342a,Clove Dental,clove dental,Chennai,Hospital,KK Nagar,,13.037142,80.212041,87618c4f3ffffff,,4.0,1.0,True,24.0,500.0,750.0,,,,+914471967261,https://www.practo.com/chennai/hospital/clove-dental-kk-nagar?referrer=hospital_listing,https://images1-fabric.practo.com/practices/1171473/clove-dental-chennai-5aaaa6fa1a5ab.png,VN,practo,,1.0,canonical,393,Q3,,Premium,0.27858
hosp_4bda1f7428b695db,Bharath Super Speciality Hospital,bharath super speciality hospital,Chennai,Hospital,Tambaram West,,12.916122312629321,80.10458596050739,87618c458ffffff,,1.0,2.0,True,,500.0,500.0,,4.0,,+911142246363,https://www.practo.com/chennai/hospital/bharath-super-speciality-hospital-tambaram-west?referrer=hospital_listing,,ABS,practo,,1.0,canonical,394,Q3,,Premium,0.27857
hosp_70ed3890a8d7277b,SS Neuro Speciality and Trauma Care Hospital,ss neuro speciality trauma care hospital,Chennai,Hospital,Poonamalle,,13.04761199631758,80.08082393556833,87618eb65ffffff,,1.0,2.0,True,,300.0,300.0,,2.0,,+914471967341,https://www.practo.com/chennai/hospital/ss-neuro-speciality-and-trauma-care-hospital-poonamalle?referrer=hospital_listing,https://images1-fabric.practo.com/practices/1173599/ss-neuro-speciality-and-trauma-care-hospital-chennai-5a575c4814eb5.jpg,VN,practo,,1.0,canonical,395,Q3,,Premium,0.278485
hosp_78e6ad1dda8c6187,Ezhil Hospital,ezhil hospital,Chennai,Hospital,Saidapet,,13.033622,80.21932,87618c4f3ffffff,,1.0,2.0,True,,250.0,250.0,,2.0,,+914448134922,https://www.practo.com/chennai/hospital/ezhil-hospital-west-mambalam?referrer=hospital_listing,https://images1-fabric.practo.com/practices/679515/ezhil-hospital-chennai-666c24349d1d7.png,VN,practo,,1.0,canonical,396,Q3,,Premium,0.278485
hosp_b05605d2cd418481,C. S. Hospital,c s hospital,Chennai,Hospital,Thiruvottiyur,,13.1605134,80.3038496,87618c49affffff,,1.0,2.0,True,,150.0,150.0,,2.0,,+914471967020,https://www.practo.com/chennai/hospital/c-s-hospital-1-thiruvottiyur?referrer=hospital_listing,,VN,practo,,1.0,canonical,397,Q3,,Premium,0.278485
hosp_96f1fa6c74fc75db,BE  WELL HOSPITALS,be well hospitals,Chennai,Hospital,Kilpauk,,13.0807218,80.1515983,87618c4d8ffffff,,1.0,2.0,True,,300.0,300.0,,,,+914440114419,https://www.practo.com/chennai/hospital/be-well-hospitals-2-kilpauk?referrer=hospital_listing,https://images1-fabric.practo.com/practices/1368186/be-well-hospitals-chennai-61b303b771c4c.PNG,ABS,practo,,1.0,canonical,398,Q3,,Premium,0.2784
hosp_80748493ebb63676,AG Hospital,ag hospital,Chennai,Hospital,Tambaram,,12.924804736563,80.114390973158,87618c458ffffff,,1.0,2.0,True,,250.0,250.0,,,,+914461712657,https://www.practo.com/chennai/hospital/a-g-hospital-tambaram-1?referrer=hospital_listing,https://images1-fabric.practo.com/practices/1210743/ag-hospital-chennai-6662d76fccc71.png,VN,practo,,1.0,canonical,399,Q3,,Premium,0.2784
hosp_e0e7d43dfc728889,Kedar Hospital,kedar hospital,Chennai,Hospital,Iyyappanthangal,,13.044019474253544,80.13655856251717,87618c4ceffffff,,1.0,2.0,True,1.0,300.0,300.0,,,,+914461712671,https://www.practo.com/chennai/hospital/kedar-hospital-iyyappanthangal?referrer=hospital_listing,https://images1-fabric.practo.com/practices/1136177/kedar-hospital-chennai-5bb9993391b5e.jpg,VN,practo,,1.0,canonical,400,Q3,,Premium,0.2784
hosp_7300fa5835233716,Janani Hospital,janani hospital,Chennai,Hospital,Nesapakkam,,13.04052,80.169512,87618c4c3ffffff,,1.0,2.0,True,,300.0,300.0,,,,+914448134922,https://www.practo.com/chennai/hospital/janani-hospital-nesapakkam?referrer=hospital_listing,https://images1-fabric.practo.com/practices/681505/janani-hospital-chennai-666829ba62efd.png,VN,practo,,1.0,canonical,401,Q3,,Premium,0.2784
hosp_a43181d95228b6d9,Retteri Kumaran Hospital,retteri kumaran hospital,Chennai,Hospital,Kolathur,,13.1311022,80.1314606,87618eb76ffffff,,1.0,2.0,True,,300.0,300.0,,,,+914471967345,https://www.practo.com/chennai/hospital/retteri-kumaran-hospital-kolathur-kolathur?referrer=hospital_listing,https://images1-fabric.practo.com/practices/1121977/retteri-kumaran-hospital-chennai-666829927b49f.png,VN,practo,,1.0,canonical,402,Q3,,Premium,0.2784
hosp_4f606774326b962b,Sudar Hospital,sudar hospital,Chennai,Hospital,Tambaram West,,,,,,1.0,2.0,True,,499.0,499.0,,,,+914471967144,https://www.practo.com/chennai/hospital/sudar-hospital-1-tambaram-west?referrer=hospital_listing,,VN,practo,,0.6,canonical,403,Q3,,Premium,0.2784
hosp_9625a8153d2180e0,Chennai Diabetic Foot Care Centre,chennai diabetic foot care centre,Chennai,Hospital,Kilpauk,,13.077757888324,80.241853615325,87618c489ffffff,,1.0,2.0,True,,800.0,800.0,,,,+914440114419,https://www.practo.com/chennai/hospital/chennai-diabetic-foot-care-centre-kilpauk-1?referrer=hospital_listing,https://images1-fabric.practo.com/practices/1447396/chennai-diabetic-foot-care-centre-chennai-65d5ab4a346a3.png,VN,practo,,1.0,canonical,404,Q3,,Premium,0.2784
hosp_57ef4c5243c8b9b7,Pristyn Care Clinic,pristyn care clinic,Chennai,Hospital,Anna Nagar,,13.123988418044249,80.27509125159429,87618c499ffffff,,1.0,2.0,True,7.0,450.0,450.0,,,,+914448132959,https://www.practo.com/chennai/hospital/pristyn-care-clinic-anna-nagar-4?referrer=hospital_listing,https://images1-fabric.practo.com/practices/1367793/pristyn-care-clinic-chennai-61af527b7714f.jpeg,VN,practo,,1.0,canonical,405,Q3,,Premium,0.2784
hosp_991269fdc9a6b649,Iswarya Fertility Centre,iswarya fertility centre,Chennai,Hospital,Porur,,13.028913587633,80.170176029205,87618c4c0ffffff,,1.0,2.0,True,3.0,700.0,700.0,,,,+914446312692,https://www.practo.com/chennai/hospital/iswarya-fertility-centre-3-porur?referrer=hospital_listing,https://images1-fabric.practo.com/practices/1382140/iswarya-fertility-centre-chennai-662f45f8b8fa0.png,VN,practo,,1.0,canonical,406,Q3,,Premium,0.2784
hosp_2aebf92105b1c1e8,Khm Hospital,khm hospital,Chennai,Hospital,Vepery,,13.0860222,80.2565214,87618c48bffffff,,16.0,20.0,False,,0.0,300.0,,,,+911142246375,https://www.practo.com/chennai/hospital/khm-hospital-vepery?referrer=hospital_listing,,VN,practo,,1.0,canonical,407,Q3,,Premium,0.278236
hosp_b42819515da9cdd0,Deepam Eye Hospital,deepam eye hospital,Chennai,Hospital,Avadi,,13.113894591161825,80.0961309671402,87618eb71ffffff,,3.0,1.0,True,,300.0,300.0,,2.0,,+914471967258,https://www.practo.com/chennai/hospital/deepm-eye-hospitals-avadi?referrer=hospital_listing,https://images1-fabric.practo.com/practices/1515602/deepm-eye-hospitals-chennai-66fe565bdeec2.png,VN,practo,,1.0,canonical,408,Q3,,Premium,0.277896
hosp_0598f902c734b041,Clove Dental,clove dental,Chennai,Hospital,Kilpauk,,13.087812,80.23486,87618c4d6ffffff,,3.0,1.0,True,24.0,500.0,750.0,,2.0,,+914471967738,https://www.practo.com/chennai/hospital/clove-dental-kilpauk?referrer=hospital_listing,https://images1-fabric.practo.com/practices/1182680/clove-dental-chennai-5aab9baf3d855.png,VN,practo,,1.0,canonical,409,Q3,,Premium,0.277896
hosp_ebaba1c0b3859d46,The Dentist,dentist,Chennai,Hospital,Saligramam,,13.048414,80.203901,87618c4d5ffffff,,3.0,1.0,True,9.0,200.0,300.0,,,,+914461712655,https://www.practo.com/chennai/hospital/the-dentist-saligramam?referrer=hospital_listing,https://images1-fabric.practo.com/practices/1195990/the-dentist-saligramam-chennai-5b3b38a1b7f72.JPG,VN,practo,,1.0,canonical,410,Q3,,Premium,0.277811
hosp_9c208a1d3c4c5637,Apollo Dental,apollo dental,Chennai,Hospital,Nungambakkam,,13.061219,80.251132,87618c489ffffff,,3.0,1.0,True,16.0,300.0,500.0,,,,+914440114535,https://www.practo.com/chennai/hospital/apollo-white-dental-23-nungambakkam?referrer=hospital_listing,https://images1-fabric.practo.com/practices/1158098/apollo-dental-chennai-6013b885d9c57.PNG,RFA,practo,,1.0,canonical,411,Q3,,Premium,0.277811
hosp_8166acc4ba3e9f82,Clove Dental,clove dental,Chennai,Hospital,Teynampet,,13.038176,80.254826,87618c4f6ffffff,,3.0,1.0,True,24.0,500.0,750.0,,,,+914471967261,https://www.practo.com/chennai/hospital/clove-dental-teynampet?referrer=hospital_listing,https://images1-fabric.practo.com/practices/1182627/clove-dental-chennai-5aab6daf7552d.png,VN,practo,,1.0,canonical,412,Q3,,Premium,0.277811
hosp_672d35a7e2f374e7,Clove Dental,clove dental,Chennai,Hospital,Royapettah,,13.058767,80.263573,87618c48dffffff,,3.0,1.0,True,24.0,500.0,750.0,,,,+914448134927,https://www.practo.com/chennai/hospital/clove-dental-royapettah?referrer=hospital_listing,https://images1-fabric.practo.com/practices/1182649/clove-dental-chennai-5aab84c978296.png,VN,practo,,1.0,canonical,413,Q3,,Premium,0.277811
hosp_4a6d410f37c9bc48,"Vibes -  Slimming, Beauty & Laser Clinic",vibes slimming beauty laser clinic,Chennai,Hospital,Adyar,,13.0332271,80.2313735,87618c4f0ffffff,,3.0,1.0,True,,0.0,0.0,,,,+914461712655,https://www.practo.com/chennai/hospital/vibes-slimming-beauty-laser-clinic-adyar?referrer=hospital_listing,https://images1-fabric.practo.com/practices/1186262/vibes-clinic-chennai-5ace0d62a8371.png,VN,practo,,1.0,canonical,414,Q3,,Premium,0.277811
hosp_1d2c3ade49875400,Serene Life Hospital,serene life hospital,Chennai,Hospital,Vanagaram,,13.059219225378,80.160441279054,87618c4dcffffff,,2.0,1.0,True,,2000.0,2000.0,,9.0,,+914440116807,https://www.practo.com/chennai/hospital/serene-life-hospital-vanagaram-1?referrer=hospital_listing,https://images1-fabric.practo.com/practices/1051290/serene-life-hospital-chennai-6294878bc2a10.jpg,ABS,practo,,1.0,canonical,415,Q3,,Premium,0.277425
hosp_243d9560c819ae4b,Partha Dental  Skin Hair,partha dental skin hair,Chennai,Hospital,Vadapalani,,13.0575092,80.2095364,87618c4d5ffffff,,2.0,1.0,True,4.0,0.0,0.0,,5.0,,+918037324577,https://www.practo.com/chennai/hospital/partha-dental-skin-and-hair-vadapalani?referrer=hospital_listing,https://images1-fabric.practo.com/practices/1427900/partha-dental-skin-and-hair-chennai-64993cea2c8bf.PNG,VN,practo,,1.0,canonical,416,Q3,,Premium,0.277254
hosp_319ad9e1cdef7a05,Vasan Eye Care Hospital,vasan eye care hospital,Chennai,Hospital,Vadapalani,,13.049535782017301,80.21098852157593,87618c4d5ffffff,,2.0,1.0,True,7.0,400.0,400.0,,5.0,,+914461711207,https://www.practo.com/chennai/hospital/vasan-eye-care-hospital-vadapalani?referrer=hospital_listing,https://images1-fabric.practo.com/vasan-eye-care-hospital-vadapalani-chennai-1466080014-57629b0e3196e.jpg,ABS,practo,,1.0,canonical,417,Q3,,Premium,0.277254
hosp_3a7ae2fd6a198b2f,Bora Hospital,bora hospital,Chennai,Hospital,Saidapet,,13.023426,80.222148,87618c4f1ffffff,,2.0,1.0,True,,600.0,800.0,,4.0,,+914448134923,https://www.practo.com/chennai/hospital/bora-hospital-adyar?referrer=hospital_listing,https://images1-fabric.practo.com/practices/673461/bora-hospital-chennai-666af2e961aad.png,VN,practo,,1.0,canonical,418,Q3,,Premium,0.277212
hosp_3d3f5197a58445fb,Arka Dental Craniofacial Hospital,arka dental craniofacial hospital,Chennai,Hospital,Selaiyur,,12.912450438571,80.143808908761,87618c451ffffff,,2.0,1.0,True,,0.0,300.0,,3.0,,+914440115002,https://www.practo.com/chennai/hospital/arka-dental-craniofacial-hospital-selaiyur?referrer=hospital_listing,https://images1-fabric.practo.com/practices/1158625/arka-dental-craniofacial-hospital-chennai-59dcb5ee42c61.png,VN,practo,,1.0,canonical,419,Q3,,Premium,0.277169
hosp_038d18c9b4bd7360,Partha Dental  Skin Hair,partha dental skin hair,Chennai,Hospital,Madipakkam,,12.964765296416,80.209639370441,87618c4e0ffffff,,2.0,1.0,True,4.0,0.0,500.0,,2.0,,+914471967912,https://www.practo.com/chennai/hospital/partha-dental-skin-and-hair-medavakkam?referrer=hospital_listing,https://images1-fabric.practo.com/practices/1427905/partha-dental-skin-and-hair-kanchipuram-6499445ee3d91.PNG,ABS,practo,,1.0,canonical,420,Q3,,Premium,0.277127
hosp_4ccd1e2558833312,Kensington Hospital - Kilpauk,kensington hospital kilpauk,Chennai,Hospital,Kilpauk,,13.078863,80.246894,87618c489ffffff,,2.0,1.0,True,,0.0,0.0,,,,+914448134923,https://www.practo.com/chennai/hospital/kensington-hospital-kilpauk-kilpauk?referrer=hospital_listing,,VN,practo,,1.0,canonical,421,Q3,,Premium,0.277041
hosp_306ce5e7b2db1a23,Jeyam Hospital,jeyam hospital,Chennai,Hospital,Poonamalle,,,,,,2.0,1.0,True,,0.0,0.0,,,,+914448134923,https://www.practo.com/chennai/hospital/jeyam-hospital-poonamalle?referrer=hospital_listing,,VN,practo,,0.6,canonical,422,Q3,,Premium,0.277041
hosp_fb8f605b722389c8,The Dentist,dentist,Chennai,Hospital,Mugalivakkam,,13.0202116,80.1638385,87618c4c1ffffff,,2.0,1.0,True,9.0,300.0,300.0,,,,+914461712655,https://www.practo.com/chennai/hospital/the-dentist-mugalivakkam?referrer=hospital_listing,https://images1-fabric.practo.com/practices/1195428/the-dentist-mugalivakkam-chennai-5b3b3db11b7de.JPG,VN,practo,,1.0,canonical,423,Q3,,Premium,0.277041
hosp_c1246ff86b387f9a,Admert Hospital Pvt Ltd,admert hospital,Chennai,Hospital,Aminjikarai,,,,,,2.0,1.0,True,,0.0,250.0,,,,+914471967017,https://www.practo.com/chennai/hospital/admert-hospital-pvt-ltd-aminjikarai?referrer=hospital_listing,,VN,practo,,0.6,canonical,424,Q3,,Premium,0.277041
hosp_8901678b326bbc75,Eyewell Hospital,eyewell hospital,Chennai,Hospital,Thiruvanmiyur,,12.9762612,80.25938,87618c418ffffff,,2.0,1.0,True,,0.0,600.0,,,,+914471967085,https://www.practo.com/chennai/hospital/eyewell-hospital-thiruvanmiyur?referrer=hospital_listing,https://images1-fabric.practo.com/practices/1436864/eyewell-healthcare-chennai-650bbd0a1af37.jpeg,VN,practo,,1.0,canonical,425,Q3,,Premium,0.277041
hosp_95548a10a9b377dc,Prayoga Hospital,prayoga hospital,Chennai,Hospital,Rajakilpakkam,,12.918769976156852,80.15244696289301,87618c451ffffff,,2.0,1.0,True,,200.0,200.0,,,,+914471967914,https://www.practo.com/chennai/hospital/aburvaa-multi-special-herbal-clinic-hasthinapuram?referrer=hospital_listing,https://images1-fabric.practo.com/practices/826246/prayoga-hospital-chennai-5d1624c109256.png,VN,practo,,1.0,canonical,426,Q3,,Premium,0.277041
hosp_52dfcc9e0cc92e0b,Apollo Dental,apollo dental,Chennai,Hospital,Vadapalani,,13.054501,80.211422,87618c4d5ffffff,,2.0,1.0,True,16.0,500.0,500.0,,,,+914448132961,https://www.practo.com/chennai/hospital/apollo-white-dental-9-vadapalani?referrer=hospital_listing,https://images1-fabric.practo.com/practices/874980/apollo-dental-chennai-6013b3bb2744c.PNG,RFA,practo,,1.0,canonical,427,Q3,,Premium,0.277041
hosp_68a03a17e3e5244d,Apollo White Dental,apollo white dental,Chennai,Hospital,Kilpauk,,13.076055,80.234332,87618c4d6ffffff,,2.0,1.0,True,16.0,0.0,0.0,,,,+914448134920,https://www.practo.com/chennai/hospital/apollo-white-dental-23-kilpauk?referrer=hospital_listing,https://images1-fabric.practo.com/practices/1158100/apollo-white-dental-chennai-5c5bffd52e0a8.png,VN,practo,,1.0,canonical,428,Q3,,Premium,0.277041
hosp_87a547fe98ac64a4,PM Hospital,pm hospital,Chennai,Hospital,Adyar,,12.998211,80.255854,87618c4f4ffffff,,9.0,7.0,True,,0.0,600.0,4.0,10.0,,+914448134922,https://www.practo.com/chennai/hospital/pm-hospital-adyar?referrer=hospital_listing,https://images1-fabric.practo.com/practices/669966/pm-hospital-chennai-666c19b52c4b9.png,VN,practo,,1.0,canonical,429,Q3,,Premium,0.276838
hosp_96d3747e422443a4,Shivas Eye Care Hospital,shivas eye care hospital,Chennai,Hospital,Anna Nagar,,13.094788,80.200948,87618c4d3ffffff,,1.0,1.0,True,,250.0,250.0,,9.0,,+914471967017,https://www.practo.com/chennai/hospital/shivas-eye-care-anna-nagar?referrer=hospital_listing,https://images1-fabric.practo.com/practices/673980/shivas-eye-care-hospital-chennai-66616d3ff2297.png,VN,practo,,1.0,canonical,430,Q3,,Premium,0.276656
hosp_4720a797370786fa,Dental Life Hospital,dental life hospital,Chennai,Hospital,Saidapet,,13.0237853,80.22721100000001,87618c4f0ffffff,,1.0,1.0,True,,200.0,200.0,,9.0,,+914471967341,https://www.practo.com/chennai/hospital/dental-life-hospital-saidapet-1-1?referrer=hospital_listing,https://images1-fabric.practo.com/dental-life-hospital-chennai-1444025830-561215e651a1e.jpg,VN,practo,,1.0,canonical,431,Q3,,Premium,0.276656
hosp_40d17dfce0814dc8,Suraksha ENT Care Centre,suraksha ent care centre,Chennai,Hospital,Abhiramapuram,,13.033223,80.257879,87618c4f6ffffff,,1.0,1.0,True,,850.0,850.0,,9.0,,+914471967017,https://www.practo.com/chennai/hospital/suraksha-ent-care-centre-abhiramapuram?referrer=hospital_listing,https://images1-fabric.practo.com/practices/655405/suraksha-ent-care-centre-chennai-666c1e9f8f0dc.png,VN,practo,,1.0,canonical,432,Q3,,Premium,0.276656
hosp_acc3ed4f9bba16db,Sampath Gowri Clinic And Women Health Center,sampath gowri clinic women health center,Chennai,Hospital,Perungudi,,12.959274,80.243271,87618c419ffffff,,1.0,1.0,True,3.0,0.0,0.0,,9.0,,+914471966841,https://www.practo.com/chennai/hospital/sampath-gowri-clinic-women-health-center-perungudi-perungudi?referrer=hospital_listing,https://images1-fabric.practo.com/practices/1266247/sampath-gowri-clinic-women-health-center-perungudi-chennai-5d7b25cd8cc9f.jpg,VN,practo,,1.0,canonical,433,Q3,,Premium,0.276656
hosp_a1c40e6c34ff90ba,Vijayam Hospital and Fertility Centre,vijayam hospital fertility centre,Chennai,Hospital,Keelkattalai,,12.958696,80.187168,87618c4e1ffffff,,1.0,1.0,True,,200.0,200.0,,8.0,,+914448134922,https://www.practo.com/chennai/hospital/vijayam-hospital-and-fertility-centre-keelkattalai?referrer=hospital_listing,https://images1-fabric.practo.com/vijayam-hospital-and-fertility-centre-chennai-1489734265-58cb8a7962e7e.png,VN,practo,,1.0,canonical,434,Q3,,Premium,0.276613
hosp_25ac9bbe90cf64a3,Sugan Maternity Hospital,sugan maternity hospital,Chennai,Hospital,Neelankarai,,12.949579293416,80.251293561342,87618c41dffffff,,1.0,1.0,True,,300.0,300.0,,8.0,,+914461712130,https://www.practo.com/chennai/hospital/sugan-hospital-5-neelankarai?referrer=hospital_listing,https://images1-fabric.practo.com/practices/1196838/sugan-hospital-chennai-5b71588d21a11.jpg,VN,practo,,1.0,canonical,435,Q3,,Premium,0.276613
hosp_ca4bc691b68bf0ec,Shifa Hospital & research centre,shifa hospital research centre,Chennai,Hospital,Triplicane,,,,,,1.0,1.0,True,,0.0,0.0,,7.0,,+914448134922,https://www.practo.com/chennai/hospital/shifa-hospital-triplicane?referrer=hospital_listing,,VN,practo,,0.6,canonical,436,Q3,,Premium,0.276571
hosp_5dce2c8e4f0453b8,Vasan Eye Care,vasan eye care,Chennai,Hospital,Tambaram West,,12.92899,80.1139,87618c458ffffff,,1.0,1.0,True,,400.0,400.0,,6.0,,+918068452167,https://www.practo.com/chennai/hospital/vasan-eye-care-tambaram-west?referrer=hospital_listing,,ABS,practo,,1.0,canonical,437,Q3,,Premium,0.276528
hosp_419a552453607b98,Santhosh Hospitals,santhosh hospitals,Chennai,Hospital,Besant Nagar,,12.995335,80.269228,87618c41affffff,,1.0,1.0,True,,300.0,300.0,,6.0,,+914448134923,https://www.practo.com/chennai/hospital/santosh-hospitals-besant-nagar?referrer=hospital_listing,,VN,practo,,1.0,canonical,438,Q3,,Premium,0.276528
hosp_bc6383a16c35b694,St. Joseph multispeciality Dental Hospital,st joseph multispeciality dental hospital,Chennai,Hospital,Porur,,13.033348950493016,80.16123622655869,87618c4c3ffffff,,1.0,1.0,True,,100.0,100.0,,5.0,,+914471967341,https://www.practo.com/chennai/hospital/st-joseph-hospital-porur-1?referrer=hospital_listing,https://images1-fabric.practo.com/st-joseph-dental-hospital-chennai-1478168633-581b1039ce82e.jpg,VN,practo,,1.0,canonical,439,Q3,,Premium,0.276485
hosp_41432cd3bccbdde0,Santhi Hospital,santhi hospital,Chennai,Hospital,Neelankarai,,12.95048,80.255109,87618c41dffffff,,1.0,1.0,True,,300.0,300.0,,5.0,,+914448134923,https://www.practo.com/chennai/hospital/shanthi-hospital-neelankarai?referrer=hospital_listing,,VN,practo,,1.0,canonical,440,Q3,,Premium,0.276485
hosp_b9da6675892b5dcb,Aishwarya hospital,aishwarya hospital,Chennai,Hospital,Kolathur,,13.121412559411462,80.21338641643524,87618eb21ffffff,,1.0,1.0,True,,500.0,500.0,,4.0,,+914471967351,https://www.practo.com/chennai/hospital/aishwarya-hospital-kolathur?referrer=hospital_listing,,VN,practo,,1.0,canonical,441,Q3,,Premium,0.276443
hosp_332a447b5354fc54,Shriram Hospital,shriram hospital,Chennai,Hospital,Perungudi,,12.959345294601283,80.24422366608633,87618c419ffffff,,1.0,1.0,True,,200.0,200.0,,4.0,,+914471967343,https://www.practo.com/chennai/hospital/shriram-clinic-perungudi?referrer=hospital_listing,https://images1-fabric.practo.com/practices/771744/shriram-hospital-chennai-665af65f4c0a7.png,VN,practo,,1.0,canonical,442,Q3,,Premium,0.276443
hosp_24f2a1a275506cb4,SS Fertility Clinic,ss fertility clinic,Chennai,Hospital,Ayanavaram,,13.1001293,80.2252852,87618eb25ffffff,,1.0,1.0,True,,600.0,600.0,,4.0,,+914471967714,https://www.practo.com/chennai/hospital/s-s-fertility-clinic-2-ayanavaram?referrer=hospital_listing,https://images1-fabric.practo.com/practices/1277660/s-s-fertility-clinic-chennai-5e463bcb745c4.JPG,VN,practo,,1.0,canonical,443,Q3,,Premium,0.276443
hosp_ceeb3bff4258a64e,N.S.Hospital,n s hospital,Chennai,Hospital,Tambaram,,12.92741,80.11421,87618c458ffffff,,1.0,1.0,True,,200.0,200.0,,3.0,,+914448134924,https://www.practo.com/chennai/hospital/n-s-hospital-tambaram-west-1-1?referrer=hospital_listing,https://images1-fabric.practo.com/practices/813933/n-s-hospital-chennai-58e39b88397e0.jpg,VN,practo,,1.0,canonical,444,Q3,,Premium,0.2764
hosp_43bfda51d50aaa9b,J.K.Hospital,j k hospital,Chennai,Hospital,Porur,,13.03556823514156,80.16420107334852,87618c4c3ffffff,,1.0,1.0,True,,250.0,250.0,,3.0,,+914448134919,https://www.practo.com/chennai/hospital/j-k-hospital-porur-1?referrer=hospital_listing,https://images1-fabric.practo.com/practices/1146156/j-k-hospital-chennai-59477312ea565.jpg,VN,practo,,1.0,canonical,445,Q3,,Premium,0.2764
hosp_514a6937b351e05c,New Ruthraan Hospital,new ruthraan hospital,Chennai,Hospital,Villivakkam,,13.101424041505,80.213016925804,87618c4d2ffffff,,1.0,1.0,True,,250.0,250.0,,3.0,,+914461712706,https://www.practo.com/chennai/hospital/ruthraan-hospital-ayanavaram?referrer=hospital_listing,https://images1-fabric.practo.com/practices/1234391/new-ruthraan-hospital-chennai-66686b708b4e6.png,VN,practo,,1.0,canonical,446,Q3,,Premium,0.2764
hosp_4a190f3661abe916,Radiant Wellness Centre,radiant wellness centre,Chennai,Hospital,T Nagar,,13.051923999054614,80.23375779390335,87618c4f2ffffff,,1.0,1.0,True,,500.0,500.0,,3.0,,+914471967017,https://www.practo.com/chennai/hospital/radiant-wellness-centre-t-nagar?referrer=hospital_listing,https://images1-fabric.practo.com/54e441ec858a509fab5ab092fc2b8eb0c77857ccdb00b.jpg,VN,practo,,1.0,canonical,447,Q3,,Premium,0.2764
hosp_c0701ab37393699f,Positive Homeopathy,positive homeopathy,Chennai,Hospital,Velachery,,12.975993,80.2216,87618c4e6ffffff,,1.0,1.0,True,1.0,1500.0,1500.0,,3.0,,+914440114535,https://www.practo.com/chennai/hospital/positive-homeopathy-velachery?referrer=hospital_listing,https://images1-fabric.practo.com/practices/1193448/positive-homeopathy-chennai-658404efc458c.png,VN,practo,,1.0,canonical,448,Q3,,Premium,0.2764
hosp_4584b5a1c6db8b62,Iswarya Fertility Centre,iswarya fertility centre,Chennai,Hospital,Navalur,,12.835961014065,80.228241158874,87618c55affffff,,1.0,1.0,True,3.0,500.0,500.0,,3.0,,+911142246365,https://www.practo.com/chennai/hospital/iswarya-fertility-service-pvt-ltd-navalur-navalur?referrer=hospital_listing,https://images1-fabric.practo.com/practices/1382364/iswarya-fertility-centre-chennai-662f44ca7c5dd.png,ABS,practo,,1.0,canonical,449,Q3,,Premium,0.2764
hosp_19b81eb23ccf0e62,Vasan Eye Care Hospital,vasan eye care hospital,Chennai,Hospital,Washermenpet,,13.11084867758886,80.28119802474976,87618c499ffffff,,1.0,1.0,True,6.0,400.0,400.0,,2.0,,+918047166213,https://www.practo.com/chennai/hospital/vasan-eye-care-hospital-old-washermenpet-washermenpet?referrer=hospital_listing,https://images1-fabric.practo.com/vasan-eye-care-hospital-chennai-1466414214-5767b486a82fb.jpg,ABS,practo,,1.0,canonical,450,Q3,,Premium,0.276357
hosp_31d57bb9ad5964ee,M K Nursing Home,m k nursing home,Chennai,Hospital,Washermenpet,,13.088712,80.252164,87618c48bffffff,,1.0,1.0,True,,200.0,200.0,,2.0,,+914448134923,https://www.practo.com/chennai/hospital/m-k-nursing-home-washermenpet?referrer=hospital_listing,,VN,practo,,1.0,canonical,451,Q3,,Premium,0.276357
hosp_b386c116ccfa939c,Janaki ENT Nursing Home,janaki ent nursing home,Chennai,Hospital,Broadway,,13.096979,80.282273,87618c48affffff,,1.0,1.0,True,,300.0,300.0,,2.0,,+914448134922,https://www.practo.com/chennai/hospital/janaki-ent-nursing-home-broadway?referrer=hospital_listing,https://images1-fabric.practo.com/practices/678876/janaki-ent-nursing-home-chennai-6672e95fb7f63.png,VN,practo,,1.0,canonical,452,Q3,,Premium,0.276357
hosp_f09c20b247a8e8fd,Rajan Eye care Hospital,rajan eye care hospital,Chennai,Hospital,Kotturpuram,,13.018031,80.241099,87618c4f0ffffff,,1.0,1.0,True,,300.0,300.0,,2.0,,+914471967014,https://www.practo.com/chennai/hospital/rajan-eye-care-hospital-kotturpuram?referrer=hospital_listing,https://images1-fabric.practo.com/practices/814626/rajan-eye-care-hospital-chennai-6672b7c384c27.png,VN,practo,,1.0,canonical,453,Q3,,Premium,0.276357
hosp_82097d2f2d466215,MCCF - Kumaran Hospital,mccf kumaran hospital,Chennai,Hospital,Kilpauk,,13.079065,80.249062,87618c489ffffff,,1.0,1.0,True,,1000.0,1000.0,,2.0,,+914446271587,https://www.practo.com/chennai/hospital/mccf-kumaran-hospital-kilpauk?referrer=hospital_listing,,VN,practo,,1.0,canonical,454,Q3,,Premium,0.276357
hosp_ad3fc55ec0b3fa29,Apollo Dental,apollo dental,Chennai,Hospital,Adyar,,13.007111175978265,80.25210914215576,87618c4f4ffffff,,1.0,1.0,True,16.0,500.0,500.0,,2.0,,+918037312394,https://www.practo.com/chennai/hospital/apollo-white-dental-23-adyar?referrer=hospital_listing,https://images1-fabric.practo.com/practices/1158091/apollo-dental-chennai-6013b756e5d7f.PNG,RFA,practo,,1.0,canonical,455,Q3,,Premium,0.276357
hosp_fa7de7e8e3be80fd,ELINA Home Health Care,elina home health care,Chennai,Hospital,Kilpauk,,13.0788143,80.2490729,87618c489ffffff,,1.0,1.0,True,,500.0,500.0,,,,+914461712671,https://www.practo.com/chennai/hospital/elina-home-health-care-kilpauk-2?referrer=hospital_listing,https://images1-fabric.practo.com/practices/1180524/elina-home-health-care-chennai-5ac4a13ab0fb2.JPG,VN,practo,,1.0,canonical,456,Q3,,Premium,0.276272
hosp_cdb81afa612625c6,Healtree Multispeciality Centre & Hospital,healtree multispeciality centre hospital,Chennai,Hospital,Neelankarai,,12.953013749074875,80.25391459465027,87618c41dffffff,,1.0,1.0,True,,600.0,600.0,,,,+914461712655,https://www.practo.com/chennai/hospital/healtree-multispeciality-centre-hospital-neelankarai-2?referrer=hospital_listing,https://images1-fabric.practo.com/practices/2179808/healtree-multispeciality-centre-hospital-chennai-69f76b35c97d6.jpg?original_image=https://images1-fabric.practo.com/healtree-multispeciality-centre-hospital-chenna,VN,practo,,1.0,canonical,457,Q3,,Premium,0.276272
hosp_759fad850bb2883a,DRR Eye Care and Oculoplasty Hospital,drr eye care oculoplasty hospital,Chennai,Hospital,Poonamalle,,13.0459,80.1131,87618c4caffffff,,1.0,1.0,True,,150.0,150.0,,,,+914471967004,https://www.practo.com/chennai/hospital/drr-eye-care-and-oculoplasty-hospital-poonamallee?referrer=hospital_listing,https://images1-fabric.practo.com/drr-eye-care-and-oculoplasty-hospital-tiruvallur-1456909834-56d6ae0abf902.jpg,VN,practo,,1.0,canonical,458,Q3,,Premium,0.276272
hosp_bb3fd5684712b009,Deepam Eye Hospital,deepam eye hospital,Chennai,Hospital,Chennai - Tiruvallur High Road,,13.141498732968294,79.90380441951635,87618c69effffff,,1.0,1.0,True,,300.0,300.0,,,,+911142246362,https://www.practo.com/chennai/hospital/deepam-eye-hospitals-private-limited-chennai-tiruvallur-high-road?referrer=hospital_listing,https://images1-fabric.practo.com/practices/1515645/deepam-eye-hospitals-chennai-66fe66674e51c.png,VN,practo,,1.0,canonical,459,Q3,,Premium,0.276272
hosp_a5bd2928d0dff8bf,Apollo hospitals,apollo hospitals,Chennai,Hospital,Karapakkam,,12.9230787,80.2300359,87618c408ffffff,,1.0,1.0,True,,0.0,0.0,,,,+914446310179,https://www.practo.com/chennai/hospital/apollo-hospitals-1-karapakkam?referrer=hospital_listing,https://images1-fabric.practo.com/practices/1571891/apollo-hospitals-chennai-67c83309a1ac4.png,VN,practo,,1.0,canonical,460,Q3,,Premium,0.276272
hosp_2da6ed897c775f25,Lakshmi Hospital,lakshmi hospital,Chennai,Hospital,Tondiarpet,,13.129426,80.278901,87618c499ffffff,,1.0,1.0,True,,150.0,150.0,,,,+914448134924,https://www.practo.com/chennai/hospital/lakshmi-hospital-4-tondiarpet?referrer=hospital_listing,https://images1-fabric.practo.com/practices/765999/lakshmi-hospital-chennai-665994c158603.png,VN,practo,,1.0,canonical,461,Q3,,Premium,0.276272
hosp_44c380b14515f7e9,Aayur Siddh Healthcare Hospital,aayur siddh healthcare hospital,Chennai,Hospital,Avadi,,13.114202837603,80.10353493697,87618eb75ffffff,,1.0,1.0,True,,200.0,200.0,,,,+914440116020,https://www.practo.com/chennai/hospital/aayursiddh-healthcare-hospital-opc-pvt-ltd-avadi-1?referrer=hospital_listing,https://images1-fabric.practo.com/practices/1150773/aayursiddh-healthcare-hospital-opc-pvt-ltd-chennai-5982d0fa38874.jpg,VN,practo,,1.0,canonical,462,Q3,,Premium,0.276272
hosp_35d9eae0bd4edee6,Balaji Dental & Craniofacial Hospital,balaji dental craniofacial hospital,Chennai,Hospital,Teynampet,,13.035499,80.247606,87618c4f6ffffff,,1.0,1.0,True,,200.0,200.0,,,,+914448134922,https://www.practo.com/chennai/hospital/balaji-dental-craniofacial-hospital-teynampet?referrer=hospital_listing,https://images1-fabric.practo.com/practices/646011/balaji-dental-craniofacial-hospital-chennai-66642d846907d.png,VN,practo,,1.0,canonical,463,Q3,,Premium,0.276272
hosp_f8674954a5ea760f,Unittas Multi Speciality Hospital Pvt Ltd,unittas multi speciality hospital,Chennai,Hospital,Kelambakkam,,12.815779826875115,80.22903554683768,87618c558ffffff,,1.0,1.0,True,,500.0,500.0,,,,+914461712656,https://www.practo.com/chennai/hospital/unittas-multi-speciality-hospital-pvt-ltd-kelambakkam?referrer=hospital_listing,https://images1-fabric.practo.com/practices/1438210/unittas-multi-speciality-hospital-pvt-ltd-chennai-65167193039ba.PNG,VN,practo,,1.0,canonical,464,Q3,,Premium,0.276272
hosp_3cbf14e4d431bf7b,Koncept Hospitals,koncept hospitals,Chennai,Hospital,Kodambakkam,,13.051662707286352,80.21770745515823,87618c4f3ffffff,,1.0,1.0,True,,500.0,500.0,,,,+914448134924,https://www.practo.com/chennai/hospital/koncept-hospitals-kodambakkam?referrer=hospital_listing,https://images1-fabric.practo.com/practices/1178242/koncept-hospitals-chennai-5a7d8307d757d.png,VN,practo,,1.0,canonical,465,Q3,,Premium,0.276272
hosp_acf9b6a36e34a448,Sri Bala Nursing Home,sri bala nursing home,Chennai,Hospital,Perambur,,13.117273,80.231803,87618eb25ffffff,,1.0,1.0,True,,500.0,500.0,,,,+914471967085,https://www.practo.com/chennai/hospital/sri-bala-nursing-home-perambur?referrer=hospital_listing,,VN,practo,,1.0,canonical,466,Q3,,Premium,0.276272
hosp_48667314a49bcd99,Dhyan Ayurvedic Hospital,dhyan ayurvedic hospital,Chennai,Hospital,Kottivakkam,,12.970024603031476,80.25873553007841,87618c418ffffff,,1.0,1.0,True,,300.0,300.0,,,,+914471967343,https://www.practo.com/chennai/hospital/dhyan-ayurvedic-hospital-kottivakkam?referrer=hospital_listing,,VN,practo,,1.0,canonical,467,Q3,,Premium,0.276272
hosp_69ecc95755212dd2,White Care Dental Hospital,white care dental hospital,Chennai,Hospital,Adambakkam,,12.9936566,80.2012883,87618c4e2ffffff,,1.0,1.0,True,,100.0,100.0,,,,+914471967014,https://www.practo.com/chennai/hospital/white-care-dental-hospital-adambakkam?referrer=hospital_listing,https://images1-fabric.practo.com/practices/802167/white-care-dental-hospital-chennai-6662bb2e450e4.png,VN,practo,,1.0,canonical,468,Q3,,Premium,0.276272
hosp_6428c9c3609f446e,Sri Sudharsanam Multispeciality Hospital,sri sudharsanam multispeciality hospital,Chennai,Hospital,Avadi,,13.114131653607814,80.10290890932083,87618eb75ffffff,,1.0,1.0,True,,600.0,600.0,,,,+914448134927,https://www.practo.com/chennai/hospital/sri-sudharsanam-multispeciality-hospital-avadi?referrer=hospital_listing,,VN,practo,,1.0,canonical,469,Q3,,Premium,0.276272
hosp_84caf5582cf5e648,Best Hospital,best hospital,Chennai,Hospital,Kodambakkam,,13.052807163186545,80.22321403026581,87618c4d4ffffff,,1.0,1.0,True,,500.0,500.0,,,,+914471967341,https://www.practo.com/chennai/hospital/best-hospital-kodambakkam-2?referrer=hospital_listing,https://images1-fabric.practo.com/practices/1122691/best-hospital-chennai-664b44e1387be.png,VN,practo,,1.0,canonical,470,Q3,,Premium,0.276272
hosp_b97fcfdec76edea2,Janamma Hospital,janamma hospital,Chennai,Hospital,Raja Annamalai Puram,,,,,,1.0,1.0,True,,0.0,0.0,,,,+914448134923,https://www.practo.com/chennai/hospital/janamma-hospital-raja-annamalai-puram-1-672116?referrer=hospital_listing,,VN,practo,,0.6,canonical,471,Q3,,Premium,0.276272
hosp_68d9fef7165a8a3f,Sri Sugam Hospital ,sri sugam hospital,Chennai,Hospital,Semmancheri,,12.883802428301,80.226874878128,87618c476ffffff,,1.0,1.0,True,,500.0,500.0,,,,+914446312570,https://www.practo.com/chennai/hospital/sri-sugam-hospital-1-semmancheri?referrer=hospital_listing,https://images1-fabric.practo.com/practices/1153727/sri-sugam-hospital-chennai-597ee6789012d.jpg,VN,practo,,1.0,canonical,472,Q3,,Premium,0.276272
hosp_90cea6327fffb124,Indian Hospital,indian hospital,Chennai,Hospital,Arumbakkam,,13.076724555425873,80.20576357841492,87618c4d0ffffff,,1.0,1.0,True,,250.0,250.0,,,,+914448134926,https://www.practo.com/chennai/hospital/indian-hospital-arumbakkam-1?referrer=hospital_listing,https://images1-fabric.practo.com/indian-hospital-chennai-1474709605-57e64865c04fe.PNG,VN,practo,,1.0,canonical,473,Q3,,Premium,0.276272
hosp_90ad128fc234c181,Nila Hospital,nila hospital,Chennai,Hospital,Ambattur,,13.114317,80.148055,87618eb29ffffff,,1.0,1.0,True,,200.0,200.0,,,,+914448134926,https://www.practo.com/chennai/hospital/nila-hospital-ambattur?referrer=hospital_listing,https://images1-fabric.practo.com/practices/791666/nila-hospital-chennai-6666eb47259da.png,VN,practo,,1.0,canonical,474,Q3,,Premium,0.276272
hosp_3bf2974e2f29266c,Barodi Ortho Hospital,barodi ortho hospital,Chennai,Hospital,Chromepet,,12.946594,80.136792,87618c4edffffff,,1.0,1.0,True,,500.0,500.0,,,,+914471967343,https://www.practo.com/chennai/hospital/barodi-ortho-hospital-chromepet?referrer=hospital_listing,,VN,practo,,1.0,canonical,475,Q3,,Premium,0.276272
hosp_4fdd6324327d3221,Cosmetic Surgery Chennai,cosmetic surgery chennai,Chennai,Hospital,Anna Nagar,,13.076834286863743,80.20685255527496,87618c4d0ffffff,,1.0,1.0,True,,300.0,300.0,,,,+914471967336,https://www.practo.com/chennai/hospital/cosmetic-surgery-chennai-anna-nagar?referrer=hospital_listing,,VN,practo,,1.0,canonical,476,Q3,,Premium,0.276272
hosp_e79bc94b990ce325,Homeocare International,homeocare international,Chennai,Hospital,Aminjikarai,,13.072417,80.221594,87618c4d4ffffff,,1.0,1.0,True,1.0,500.0,500.0,,,,+914446313682,https://www.practo.com/chennai/hospital/homeocare-international-6-aminjikarai?referrer=hospital_listing,https://images1-fabric.practo.com/practices/1161027/homeocare-international-chennai-59ddc592068f0.png,VN,practo,,1.0,canonical,477,Q3,,Premium,0.276272
hosp_bf20fce526b4ea26,Kolors Health Care,kolors health care,Chennai,Hospital,Adyar,,12.977083,80.251655,87618c41bffffff,,1.0,1.0,True,9.0,0.0,0.0,,,,+914471967014,https://www.practo.com/chennai/hospital/kolors-health-care-adyar?referrer=hospital_listing,https://images1-fabric.practo.com/practices/1163644/kolors-health-care-chennai-59fd6a8f960ce.png,VN,practo,,1.0,canonical,478,Q3,,Premium,0.276272
hosp_91a1d76fc058d8dc,Apollo Dental,apollo dental,Chennai,Hospital,Vanagaram,,13.070396873694824,80.15062029999999,87618c4d8ffffff,,1.0,1.0,True,16.0,500.0,500.0,,,,+914446315128,https://www.practo.com/chennai/hospital/apollo-white-dental-2-vanagaram?referrer=hospital_listing,https://images1-fabric.practo.com/practices/1305490/apollo-dental-chennai-6013d9bd9657a.PNG,RFA,practo,,1.0,canonical,479,Q3,,Premium,0.276272
hosp_9c045b12d4587a5f,Revamp Hospital,revamp hospital,Chennai,Hospital,Ambattur,,13.101288472598675,80.15978693852958,87618c4daffffff,,,1.0,True,,1000.0,1000.0,,3.0,,+914471967341,https://www.practo.com/chennai/hospital/revamp-hospital-ambattur?referrer=hospital_listing,https://images1-fabric.practo.com/revamp-hospital-chennai-1474950998-57e9f756d1ef0.png,active,practo,,1.0,canonical,480,Q2,,Mid-Market,0.275631
hosp_fdacb7d7de7ed479,SKS Veterinary Hospital,sks veterinary hospital,Chennai,Hospital,Abhiramapuram,,13.028929266589047,80.2582597732544,87618c4f6ffffff,,,1.0,True,,0.0,0.0,,2.0,,+914471967335,https://www.practo.com/chennai/hospital/sks-vet-hospital-abhiramapuram?referrer=hospital_listing,https://images1-fabric.practo.com/sks-veterinary-hospital-chennai-1452249137-568f9031b3be6.png,active,practo,,1.0,canonical,481,Q2,,Mid-Market,0.275588
hosp_c5f7eeee92ddc6a8,SKS Pet Hospital,sks pet hospital,Chennai,Hospital,Neelankarai,,12.941627,80.255147,87618c41dffffff,,,1.0,True,,200.0,200.0,,,,+914471967339,https://www.practo.com/chennai/hospital/sks-pet-hospital-1?referrer=hospital_listing,https://images1-fabric.practo.com/practices/1024639/sks-pet-hospital-chennai-666ad469c2017.png,active,practo,,1.0,canonical,482,Q2,,Mid-Market,0.275503
hosp_399995534fcc51be,Mount Multispeciality Hospital,mount multispeciality hospital,Chennai,Hospital,St Thomas Mount,,12.981329,80.195547,87618c4e3ffffff,,,1.0,True,,100.0,100.0,,,,+914448134925,https://www.practo.com/chennai/hospital/mount-mulrispeciality-hospital-st-thomas-mount?referrer=hospital_listing,https://images1-fabric.practo.com/practices/872337/mount-multispeciality-hospital-chennai-666bf3b822039.png,active,practo,,1.0,canonical,483,Q2,,Mid-Market,0.275503
hosp_7b4762dfd66a1340,Immanuel Hospital,immanuel hospital,Chennai,Hospital,Avadi,,,,,,,1.0,True,,1000.0,1000.0,,,,+914461712130,https://www.practo.com/chennai/hospital/immanuel-hospital-avadi?referrer=hospital_listing,,active,practo,,0.6,canonical,484,Q2,,Mid-Market,0.275503
hosp_8979e122673d5d66,The Chennai Siddha Hospital,chennai siddha hospital,Chennai,Hospital,Thiruverkadu,,13.077478958075423,80.12095112353563,87618c4d9ffffff,,1.0,,True,,150.0,150.0,,,,+914448134927,https://www.practo.com/chennai/hospital/the-chennai-siddha-hospital-thiruverkadu?referrer=hospital_listing,https://images1-fabric.practo.com/practices/1177647/the-chennai-siddha-hospital-chennai-5fc1014daff8f.jpg,VN,practo,,1.0,canonical,485,Q2,,Mid-Market,0.274144
hosp_1c565e310301d12a,Medway Heart Institute,medway heart institute,Chennai,Hospital,Kodambakkam,,13.05277449917737,80.22797259718786,87618c4d4ffffff,,11.0,10.0,True,,500.0,1500.0,4.0,18.0,,+914446271587,https://www.practo.com/chennai/hospital/med-hospital?referrer=hospital_listing,https://images1-fabric.practo.com/practices/1000657/medway-heart-institute-chennai-64e360fbcc545.jpg,VN,practo,,1.0,canonical,486,Q2,,Mid-Market,0.274054
hosp_86afdec0c0a16af7,Santosh Hospitals Pvt. Ltd.,santosh hospitals,Chennai,Hospital,Beach Road,,12.9952887,80.2691764,87618c41affffff,,18.0,17.0,False,,0.0,0.0,,,,+914471967261,https://www.practo.com/chennai/hospital/santosh-hospitals-pvt-ltd-1-beach-road?referrer=hospital_listing,,VN,practo,,1.0,canonical,487,Q2,,Mid-Market,0.273392
hosp_f7396492bae849a9,Apollo Specialty Hospital,apollo specialty hospital,Chennai,Hospital,Chamiers Road,,13.0337165,80.2451388,87618c4f0ffffff,,,,True,,0.0,0.0,,,,+914446310179,https://www.practo.com/chennai/hospital/apollo-specialty-hospital-1-chamiers-road?referrer=hospital_listing,,active,practo,,1.0,canonical,488,Q2,,Mid-Market,0.273375
hosp_8f35a3f94e653b76,Kannapa Memorial Hospital,kannapa memorial hospital,Chennai,Hospital,Kilpauk,,13.07610181101043,80.2363303697754,87618c4d6ffffff,,24.0,14.0,False,,700.0,1000.0,,8.0,,+918045883861,https://www.practo.com/chennai/hospital/kannapa-memorial-hospital-kilpauk?referrer=hospital_listing,https://images1-fabric.practo.com/practices/1610491/kannapa-memorial-hospital-chennai-67b577645d940.png,ABS,practo,,1.0,canonical,489,Q2,,Mid-Market,0.271965
hosp_23dc5520d2af8aef,Mahalakshmi Multispeciality Hospital,mahalakshmi multispeciality hospital,Chennai,Hospital,Iyyappanthangal,,13.038802238417,80.133332535625,87618c4ceffffff,,23.0,25.0,True,,200.0,750.0,3.0,13.0,,+914446312689,https://www.practo.com/chennai/hospital/mms-hospital-iyyappanthangal?referrer=hospital_listing,https://images1-fabric.practo.com/practices/1184608/mahalakshmi-multispeciality-hospital-chennai-5f215dbe089bc.png,VN,practo,,1.0,canonical,490,Q2,,Mid-Market,0.271959
hosp_ddfea21c4f51ced7,Apollo Proton Cancer Centre,apollo proton cancer centre,Chennai,Hospital,Tharamani,,12.980158,80.167571,87618c4eeffffff,,20.0,13.0,True,,0.0,2000.0,3.5,12.0,,+918037316779,https://www.practo.com/chennai/hospital/apollo-proton-cancer-center-thousand-lights?referrer=hospital_listing,https://images1-fabric.practo.com/practices/1304125/apollo-proton-cancer-centre-chennai-5f632a757b6e8.png,RFA,practo,,1.0,canonical,491,Q2,,Mid-Market,0.271859
hosp_6bf442ea48456f33,Asian Institute of Nephrology and Urology,asian institute nephrology urology,Chennai,Hospital,Nungambakkam,,13.056237,80.247753,87618c4f2ffffff,,5.0,6.0,True,,750.0,800.0,4.0,10.0,,+914446312693,https://www.practo.com/chennai/hospital/dr-arun-urology-clinic-alwarpet?referrer=hospital_listing,https://images1-fabric.practo.com/practices/1280024/asian-institute-of-nephrology-and-urology-chennai-66f6965b60f20.png,VN,practo,,1.0,canonical,492,Q2,,Mid-Market,0.271634
hosp_d6233f5c00f7169a,Saraswathy Multispeciality Hospital,saraswathy multispeciality hospital,Chennai,Hospital,Madipakkam,,12.965341,80.20685,87618c4e0ffffff,,14.0,15.0,True,,0.0,2500.0,4.0,74.0,2004.0,+914471967258,https://www.practo.com/chennai/hospital/saraswathy-multispeciality-hospital-madipakkam?referrer=hospital_listing,https://images1-fabric.practo.com/practices/671123/saraswathy-multispeciality-hospital-chennai-68b7fbce0ee20.jpg,VN,practo,,1.0,canonical,493,Q2,,Mid-Market,0.270302
hosp_7d5718d3f6f9a843,CNS Hospital,cns hospital,Chennai,Hospital,Vepery,,13.0870362,80.2595174,87618c48bffffff,,15.0,16.0,False,,0.0,0.0,,,,+914446313682,https://www.practo.com/chennai/hospital/cns-hospital-vepery?referrer=hospital_listing,,VN,practo,,1.0,canonical,494,Q2,,Mid-Market,0.268956
hosp_6bc6bf4c689dbdb1,Dr.V.Subashini's Practice at Hariharan's Diabatic and Heart Care Hospital,dr v subashini s practice hariharan s diabatic heart care hospital,Chennai,Hospital,Nanganallur,,12.98484135073343,80.19063591957092,87618c4e3ffffff,,1.0,1.0,False,,250.0,250.0,5.0,24.0,,+914471967004,https://www.practo.com/chennai/hospital/dr-v-subashini-s-practice-nanganallur?referrer=hospital_listing,https://images1-fabric.practo.com/dr-v-subashini-s-practice-chennai-1460443281-570c98917b4b6.JPG,VN,practo,,1.0,canonical,495,Q2,,Mid-Market,0.268713
hosp_8f7ed5b40b50c704,Vijay Homoeo Clinic,vijay homoeo clinic,Chennai,Hospital,Nungambakkam,,13.066890330298676,80.22865891456604,87618c4d4ffffff,,1.0,1.0,False,,600.0,600.0,5.0,24.0,,+914471966841,https://www.practo.com/chennai/hospital/vijay-homoeo-clinic-nungambakkam?referrer=hospital_listing,,ABS,practo,,1.0,canonical,496,Q2,,Mid-Market,0.268713
hosp_714142c76a292de4,Anjaka Hospital,anjaka hospital,Chennai,Hospital,Alandur,,12.9882275,80.1982073,87618c4e3ffffff,,14.0,16.0,False,,0.0,800.0,,,,+911142246365,https://www.practo.com/chennai/hospital/anjaka-hospital-alandur?referrer=hospital_listing,,active,practo,,1.0,canonical,497,Q2,,Mid-Market,0.268187
hosp_27360d7ef1cec4d3,Sri Kumaran Hospital,sri kumaran hospital,Chennai,Hospital,Madipakkam,,12.964499,80.1961425,87618c4e0ffffff,,19.0,14.0,False,,0.0,0.0,,,,+914448132958,https://www.practo.com/chennai/hospital/sri-kumaran-hospital-madipakkam?referrer=hospital_listing,,active,practo,,1.0,canonical,498,Q2,,Mid-Market,0.267778
hosp_ca0139b24503905b,Kasthuri Hospital,kasthuri hospital,Chennai,Hospital,Tambaram West,,12.9265789,80.1148617,87618c458ffffff,,8.0,9.0,True,,0.0,700.0,4.0,21.0,,+914448134925,https://www.practo.com/chennai/hospital/kasthuri-hospital-tambaram-west-1?referrer=hospital_listing,,VN,practo,,1.0,canonical,499,Q2,,Mid-Market,0.266245
hosp_a5ba0addad143b25,Deepam Medfirst Hospital,deepam medfirst hospital,Chennai,Hospital,Pallikaranai,,12.931243,80.2031723,87618c456ffffff,,17.0,14.0,False,,0.0,500.0,,,,+914471967083,https://www.practo.com/chennai/hospital/deepam-medfirst-hospital-pallikaranai?referrer=hospital_listing,https://images1-fabric.practo.com/practices/1572516/deepam-medfirst-hospital-chennai-68b9320f571cb.png,VN,practo,,1.0,canonical,500,Q2,,Mid-Market,0.266239
hosp_07f37bbbef17b1a6,Hande Hospital - Laser Piles Centre,hande hospital laser piles centre,Chennai,Hospital,Shenoy Nagar,,13.076414,80.2253333,87618c4d6ffffff,,2.0,2.0,True,1.0,400.0,650.0,4.0,33.0,1990.0,+914471967335,https://www.practo.com/chennai/hospital/hande-hospital-laser-piles-centre-shenoy-nagar?referrer=hospital_listing,https://images1-fabric.practo.com/hande-hospital-chennai-1456989426-56d7e4f2221d3.jpg,ABS,practo,,1.0,canonical,501,Q2,,Mid-Market,0.265775
hosp_7ffb6de4f53a005e,Billroth Hospitals Annex,billroth hospitals annex,Chennai,Hospital,Shenoy Nagar,,13.0758221,80.2282305,87618c4d6ffffff,,16.0,14.0,False,,0.0,500.0,,,,+914446314530,https://www.practo.com/chennai/hospital/billroth-hospitals-annex-shenoy-nagar?referrer=hospital_listing,,active,practo,,1.0,canonical,502,Q2,,Mid-Market,0.26547
hosp_5ec56d9aaf9b8af0,Rajan Eye Care Hospital Pvt Ltd,rajan eye care hospital,Chennai,Hospital,T Nagar,,13.0508123,80.2411125,87618c4f2ffffff,,13.0,3.0,False,,300.0,1000.0,5.0,12.0,,+914461711211,https://www.practo.com/chennai/hospital/rajan-eye-care-hospital-pvt-ltd-t-nagar?referrer=hospital_listing,https://images1-fabric.practo.com/rajan-eye-care-hospital-chennai-1463991634-5742bd5261c05.jpg,VN,practo,,1.0,canonical,503,Q2,,Mid-Market,0.264987
hosp_3f7faac0b318e615,Priya Nursing Home,priya nursing home,Chennai,Hospital,Washermenpet,,13.119269,80.28906,87618c499ffffff,,4.0,5.0,True,,300.0,350.0,3.5,18.0,1980.0,+914448134923,https://www.practo.com/chennai/hospital/priya-nursing-home-washermenpet?referrer=hospital_listing,,VN,practo,,1.0,canonical,504,Q2,,Mid-Market,0.264548
hosp_401264efab773afd,SRM General Hospital,srm general hospital,Chennai,Hospital,Kattankulathur,,12.8229418,80.0479642,87618c730ffffff,,16.0,13.0,False,,0.0,500.0,,,,+914440116807,https://www.practo.com/chennai/hospital/srm-general-hospital-kattankulathur?referrer=hospital_listing,,VN,practo,,1.0,canonical,505,Q2,,Mid-Market,0.263342
hosp_88430636abe9590c,CURI HOSPITAL,curi hospital,Chennai,Hospital,ECR Road,,12.9520709,80.2413103,87618c40affffff,,13.0,14.0,False,,0.0,750.0,,,,+914448132962,https://www.practo.com/chennai/hospital/curi-hospital-ecr-road?referrer=hospital_listing,,VN,practo,,1.0,canonical,506,Q2,,Mid-Market,0.263162
hosp_84520f34be4b8f1d,OneHealth Super Speciality Hospital,onehealth super speciality hospital,Chennai,Hospital,Vandalur,,12.8780839,80.0792364,87618c448ffffff,,12.0,14.0,False,,0.0,0.0,,,,+914471966841,https://www.practo.com/chennai/hospital/onehealth-super-speciality-hospital-vandalur?referrer=hospital_listing,,VN,practo,,1.0,canonical,507,Q2,,Mid-Market,0.262393
hosp_46bbd5fd2887c7e6,Sindhu Hospital,sindhu hospital,Chennai,Hospital,Tambaram,,,,,,8.0,5.0,True,,0.0,250.0,4.0,17.0,,+914448134922,https://www.practo.com/chennai/hospital/sindhu-hospital-tambaram?referrer=hospital_listing,,VN,practo,,0.6,canonical,508,Q2,,Mid-Market,0.262302
hosp_119adcbfd4548171,"Apollo Spectra Hospital, Alwarpet, Chennai",apollo spectra hospital alwarpet chennai,Chennai,Hospital,Cp Ramaswami Road,,13.0361105,80.2572236,87618c4f6ffffff,,17.0,12.0,False,,0.0,250.0,,,,+914471967261,https://www.practo.com/chennai/hospital/apollo-spectra-hospital-alwarpet-chennai-cp-ramaswami-road?referrer=hospital_listing,,VN,practo,,1.0,canonical,509,Q2,,Mid-Market,0.261984
hosp_a01ef72e517caf21,Gajanan Hospitals,gajanan hospitals,Chennai,Hospital,Tambaram,,12.92634,80.11197,87618c458ffffff,,17.0,12.0,True,,0.0,500.0,3.5,32.0,1979.0,+914471967353,https://www.practo.com/chennai/hospital/gajanan-hospitals-tambaram?referrer=hospital_listing,https://images1-fabric.practo.com/practices/671344/gajanan-hospital-chennai-58f99fb6a6488.jpg,VN,practo,,1.0,canonical,510,Q2,,Mid-Market,0.261638
hosp_83ca8388203e0459,Malligai Dental Hospital,malligai dental hospital,Chennai,Hospital,West Mambalam,,13.035769,80.220603,87618c4f3ffffff,,1.0,1.0,False,,500.0,500.0,4.5,661.0,,+914446310179,https://www.practo.com/chennai/hospital/malligai-dental-hospital-west-mambalam-1?referrer=hospital_listing,https://images1-fabric.practo.com/malligai-dental-hospital-chennai-1455361705-56bf0ea98b303.jpg,VN,practo,,1.0,canonical,511,Q2,,Mid-Market,0.261431
hosp_eb2b9f34f3751e25,M.N.Eye Hospital,m n eye hospital,Chennai,Hospital,Tondiarpet,,13.132423,80.292302,87618c498ffffff,,3.0,1.0,False,,0.0,200.0,,,1986.0,+914448134925,https://www.practo.com/chennai/hospital/m-n-eye-hospital-1-tondiarpet?referrer=hospital_listing,,VN,practo,,1.0,canonical,512,Q2,,Mid-Market,0.261144
hosp_2f37bdd86ecbd2d7,Dr Santha's Homeopathy ( Care In Cure Multispecialty),dr santha s homeopathy care cure multispecialty,Chennai,Hospital,Ashok Nagar,,13.0333454662366,80.212098956108,87618c4f3ffffff,,1.0,1.0,False,,200.0,200.0,5.0,18.0,,+914471967336,https://www.practo.com/chennai/hospital/dr-santha-s-homeopathy-ashok-nagar?referrer=hospital_listing,,VN,practo,,1.0,canonical,513,Q2,,Mid-Market,0.260843
hosp_37754781cfd2a2d3,Bloom Fertility & Healthcare,bloom fertility healthcare,Chennai,Hospital,Velachery,,12.979676776614,80.22757479921,87618c4e6ffffff,,7.0,13.0,True,,0.0,500.0,4.0,36.0,,+914440114535,https://www.practo.com/chennai/hospital/bloom-fertility-in-velachery-velachery-1?referrer=hospital_listing,https://images1-fabric.practo.com/guru-clinic-chennai-1467525444-5778a9447a69b.jpeg,VN,practo,,1.0,canonical,514,Q2,,Mid-Market,0.260785
hosp_2c52b09f2d989bb1,RIMS Hospital,rims hospital,Chennai,Hospital,Red Hills,,13.23329,80.14516,87618ea26ffffff,,12.0,14.0,True,,250.0,1500.0,3.5,17.0,2018.0,+914448134983,https://www.practo.com/chennai/hospital/rela-ms-hospital-red-hills?referrer=hospital_listing,https://images1-fabric.practo.com/practices/1441117/rela-ms-hospital-chennai-653f4cc97855b.png,ABS,practo,,1.0,canonical,515,Q2,,Mid-Market,0.260697
hosp_df4f02e45a9f8106,SRI KUMARAN HOSPITAL,sri kumaran hospital,Chennai,Hospital,Sholinganallur,,12.8829353,80.2296906,87618c476ffffff,,14.0,12.0,False,,0.0,0.0,,,,+914471967084,https://www.practo.com/chennai/hospital/sri-kumaran-hospital-sholinganallur?referrer=hospital_listing,,VN,practo,,1.0,canonical,516,Q2,,Mid-Market,0.259676
hosp_0cf18ecf8f8fd2c8,Apollo Fertility,apollo fertility,Chennai,Hospital,Anna Nagar,,13.092309,80.216732,87618c4d2ffffff,,7.0,4.0,True,,500.0,1500.0,4.0,17.0,,+914446312692,https://www.practo.com/chennai/hospital/apollo-fertility-anna-nagar?referrer=hospital_listing,https://images1-fabric.practo.com/practices/1125584/apollo-fertility-chennai-5aa2525cad2ab.jpg,ABS,practo,,1.0,canonical,517,Q2,,Mid-Market,0.259405
hosp_17b3dbe52d91a870,Dr Kamaraj Hospital For Men's Health,dr kamaraj hospital for men s health,Chennai,Hospital,Vadapalani,,13.055192413104,80.211294868891,87618c4d5ffffff,,1.0,1.0,True,1.0,500.0,500.0,4.0,2186.0,,+911142246365,https://www.practo.com/chennai/hospital/dr-kamaraj-hospitals-for-men-healthvadapalani?referrer=hospital_listing,https://images1-fabric.practo.com/53f44b10113ddf75b39d111535efcb3d5932e40e9294e.jpg,VN,practo,,1.0,canonical,518,Q2,,Mid-Market,0.259291
hosp_01d00648600377c1,SRM HOSPITAL,srm hospital,Chennai,Hospital,Urapakkam,,12.8598895,80.0623445,87618c449ffffff,,10.0,13.0,False,,0.0,0.0,,,,+914471967087,https://www.practo.com/chennai/hospital/srm-hospital-urapakkam?referrer=hospital_listing,,VN,practo,,1.0,canonical,519,Q2,,Mid-Market,0.258727
hosp_e6c006a6716fe694,Kkr Ent Hospital & Research Institute,kkr ent hospital research institute,Chennai,Hospital,Kilpauk,,13.078145835033036,80.24525910615921,87618c489ffffff,,3.0,2.0,True,,500.0,1000.0,4.0,2080.0,,+914446276052,https://www.practo.com/chennai/hospital/kkr-ent-hospital-research-institute-kilpauk-1?referrer=hospital_listing,https://images1-fabric.practo.com/kkr-ent-hospital-research-institute-chennai-1470130167-57a067f7b4cd1.jpg,VN,practo,,1.0,canonical,520,Q2,,Mid-Market,0.258565
hosp_e2ac53f577ab8cb2,Partha Dental  Skin Hair,partha dental skin hair,Chennai,Hospital,Thoraipakkam,,12.9255349,80.2289019,87618c408ffffff,,1.0,1.0,True,4.0,0.0,0.0,4.0,10.0,,+914440114535,https://www.practo.com/chennai/hospital/partha-dental-skin-and-hair-thoraipakkam?referrer=hospital_listing,https://images1-fabric.practo.com/practices/1427908/partha-dental-skin-and-hair-chennai-649947b549774.PNG,ABS,practo,,1.0,canonical,521,Q2,,Mid-Market,0.257918
hosp_900216b4e536dabf,"Billroth Hospital, Shenoy Nagar, Chennai",billroth hospital shenoy nagar chennai,Chennai,Hospital,Shenoy Nagar,,13.0757774,80.2272901,87618c4d6ffffff,,17.0,10.0,False,,0.0,300.0,,,,+914446312570,https://www.practo.com/chennai/hospital/billroth-hospital-shenoy-nagar-chennai-shenoy-nagar?referrer=hospital_listing,,VN,practo,,1.0,canonical,522,Q2,,Mid-Market,0.257729
hosp_6af5e938686c20d9,Dr. Mohan's Diabetic Specialities Centre,dr mohan s diabetic specialities centre,Chennai,Hospital,OMR Road,,12.8756688,80.2064651,87618c470ffffff,,1.0,2.0,False,,700.0,700.0,,,1991.0,+914471967351,https://www.practo.com/chennai/hospital/mohan-diabetes-omr-road-2?referrer=hospital_listing,,VN,practo,,1.0,canonical,523,Q2,,Mid-Market,0.257566
hosp_2f92b187a9acfa6f,Chennai Hospital,chennai hospital,Chennai,Hospital,Mogappair East,,13.0813008,80.1854715,87618c4d1ffffff,,12.0,11.0,False,,0.0,0.0,,,,+914440114535,https://www.practo.com/chennai/hospital/chennai-hospital-1-mogappair-east?referrer=hospital_listing,,VN,practo,,1.0,canonical,524,Q2,,Mid-Market,0.25601
hosp_9001bde101d4e65f,SPM Hospital,spm hospital,Chennai,Hospital,Ashok Nagar,,13.0380088,80.2135376,87618c4f3ffffff,,13.0,10.0,False,,0.0,0.0,,,,+914471966841,https://www.practo.com/chennai/hospital/spm-hospital-ashok-nagar?referrer=hospital_listing,,VN,practo,,1.0,canonical,525,Q2,,Mid-Market,0.254652
hosp_156c7dc4a7f8a6d0,"Apollo Hospital, Tondiarpet, Chennai",apollo hospital tondiarpet chennai,Chennai,Hospital,Tondiarpet,,13.1290048,80.290524,87618c498ffffff,,13.0,10.0,False,,0.0,0.0,,,,+914446315859,https://www.practo.com/chennai/hospital/apollo-hospital-tondiarpet-chennai-tondiarpet?referrer=hospital_listing,,VN,practo,,1.0,canonical,526,Q2,,Mid-Market,0.254652
hosp_9cf76517025f1ec5,AV Hospital,av hospital,Chennai,Hospital,Royapuram,,13.117138,80.28639,87618c499ffffff,,12.0,10.0,False,,0.0,0.0,,,,+914448132959,https://www.practo.com/chennai/hospital/av-hospital-3-royapuram?referrer=hospital_listing,,VN,practo,,1.0,canonical,527,Q2,,Mid-Market,0.253883
hosp_90bdbaa02e67b819,Star Bone and Joint Centre,star bone joint centre,Chennai,Hospital,Triplicane,,13.0611,80.274266,87618c48cffffff,,2.0,1.0,True,,0.0,300.0,4.0,14.0,,+914446314530,https://www.practo.com/chennai/hospital/star-bone-joint-centre-triplicane-1?referrer=hospital_listing,https://images1-fabric.practo.com/practices/1247784/star-bone-and-joint-centre-chennai-5cd03e0aa3b3e.jpg,VN,practo,,1.0,canonical,528,Q2,,Mid-Market,0.252989
hosp_7214c4f9f89cf5d7,Nichani Hosptial,nichani hosptial,Chennai,Hospital,Royapuram,,13.113162,80.29426,87618c49dffffff,,2.0,3.0,False,,200.0,300.0,,,2000.0,+914448134926,https://www.practo.com/chennai/hospital/nichani-hosptial-royapuram?referrer=hospital_listing,,VN,practo,,1.0,canonical,529,Q2,,Mid-Market,0.252963
hosp_2046f688d1d56f38,IMAX Hospital,imax hospital,Chennai,Hospital,Shenoy Nagar,,13.0834179,80.2264482,87618c4d6ffffff,,13.0,9.0,False,,0.0,0.0,,,,+914471967084,https://www.practo.com/chennai/hospital/imax-hospital-shenoy-nagar?referrer=hospital_listing,,VN,practo,,1.0,canonical,530,Q2,,Mid-Market,0.252524
hosp_79f130e075125033,Sringeri Sharada Equitas Hospital Multispecialty & Cancer care,sringeri sharada equitas hospital multispecialty cancer care,Chennai,Hospital,Gowrivakkam,,12.9208875,80.1668594,87618c450ffffff,,7.0,11.0,False,,0.0,0.0,,,,+911142246362,https://www.practo.com/chennai/hospital/sringeri-sharada-equitas-hospital-multispecialty-cancer-care-gowrivakkam?referrer=hospital_listing,,VN,practo,,1.0,canonical,531,Q2,,Mid-Market,0.252164
hosp_532d29f7397950e4,Sri Sai Sakthi Nursing Home,sri sai sakthi nursing home,Chennai,Hospital,MKB Nagar,,13.123891,80.258488,87618eb24ffffff,,1.0,1.0,False,,300.0,300.0,,,1995.0,+914471967339,https://www.practo.com/chennai/hospital/sri-saai-sakthi-nursing-home-vyasarpadi?referrer=hospital_listing,,VN,practo,,1.0,canonical,532,Q2,,Mid-Market,0.252105
hosp_92e38c3a458bc3fd,"Apollo Medical Centre, Annanagar, Chennai",apollo medical centre annanagar chennai,Chennai,Hospital,2Nd Main Road-Annanagar East,,13.0847724,80.221755,87618c4d6ffffff,,12.0,9.0,False,,0.0,0.0,,2.0,,+914446271587,https://www.practo.com/chennai/hospital/apollo-medical-centre-annanagar-chennai-2nd-main-road-annanagar-east?referrer=hospital_listing,,VN,practo,,1.0,canonical,533,Q2,,Mid-Market,0.25184
hosp_cb7c2d0ecb6bd4bf,Mohans Diabetes Hospital,mohans diabetes hospital,Chennai,Hospital,Anna Nagar,,13.085073,80.212444,87618c4d0ffffff,,1.0,4.0,False,,700.0,700.0,,,2003.0,+914471967351,https://www.practo.com/chennai/hospital/mohans-diabetes-hospital-anna-nagar-1?referrer=hospital_listing,,VN,practo,,1.0,canonical,534,Q2,,Mid-Market,0.251822
hosp_5f99f9b5a4af3331,Global Hospitals & Health City,global hospitals health city,Chennai,Hospital,Perumbakkam,,12.8978167,80.206125,87618c472ffffff,,6.0,11.0,False,,0.0,0.0,,,,+914446315859,https://www.practo.com/chennai/hospital/global-hospitals-health-city-perumbakkam?referrer=hospital_listing,,VN,practo,,1.0,canonical,535,Q2,,Mid-Market,0.251395
hosp_ebbd28d4a05081fc,Shepherd Nursing Home,shepherd nursing home,Chennai,Hospital,Perambur,,13.12528,80.224943,87618eb21ffffff,,1.0,1.0,True,,250.0,250.0,4.0,15.0,,+914448134925,https://www.practo.com/chennai/hospital/shepherd-nursing-home-perambur?referrer=hospital_listing,,VN,practo,,1.0,canonical,536,Q2,,Mid-Market,0.250908
hosp_ab3ee903a9ade571,Elizabeth Mother Children Hospital,elizabeth mother children hospital,Chennai,Hospital,Kolathur,,13.1255696,80.2038346,87618eb2cffffff,,2.0,2.0,False,,250.0,300.0,5.0,10.0,,+914448134925,https://www.practo.com/chennai/hospital/elizabeth-mother-children-hospital-kolathur?referrer=hospital_listing,,VN,practo,,1.0,canonical,537,Q2,,Mid-Market,0.250879
hosp_ee528f14c438eb21,Oxymed Hospital,oxymed hospital,Chennai,Hospital,Nandanam,,13.0295532,80.235981,87618c4f0ffffff,,8.0,10.0,False,,0.0,0.0,,,,+914448132960,https://www.practo.com/chennai/hospital/oxymed-hospital-1-nandanam?referrer=hospital_listing,,VN,practo,,1.0,canonical,538,Q2,,Mid-Market,0.250806
hosp_638d8e4f9589c8fd,Ganga Hospital,ganga hospital,Chennai,Hospital,Tondiarpet,,13.1197636,80.2894938,87618c499ffffff,,7.0,10.0,False,,0.0,0.0,,,,+914440116807,https://www.practo.com/chennai/hospital/ganga-hospital-2-tondiarpet?referrer=hospital_listing,,VN,practo,,1.0,canonical,539,Q2,,Mid-Market,0.250036
hosp_bc3b9fd0b5f1114a,Dr. Mohan's Diabetes Specialities Centre,dr mohan s diabetes specialities centre,Chennai,Hospital,Gopalapuram,,13.0553735,80.1841584,87618c4c2ffffff,,17.0,4.0,False,,500.0,700.0,4.5,38.0,,+914440116020,https://www.practo.com/chennai/hospital/dr-mohan-s-diabetes-specialities-centre-4-gopalapuram?referrer=hospital_listing,https://images1-fabric.practo.com/dr-mohan-s-diabetes-specialities-centre-chennai-1488022927-58b16d8f83320.png,VN,practo,,1.0,canonical,540,Q2,,Mid-Market,0.249826
hosp_a7ed3467cdd4145a,St.Isabel's Hospital,st isabel s hospital,Chennai,Hospital,Mylapore,,13.0380871,80.2684444,87618c4abffffff,,8.0,9.0,False,,0.0,600.0,,4.0,,+914448134925,https://www.practo.com/chennai/hospital/dr-r-srivathsan-s-urology-practice-mylapore?referrer=hospital_listing,,VN,practo,,1.0,canonical,541,Q2,,Mid-Market,0.248849
hosp_3acf689c343f5992,Jolen Hospital,jolen hospital,Chennai,Hospital,Sembakkam,,12.9229286,80.1604765,87618c453ffffff,,8.0,9.0,False,,0.0,0.0,,,,+914446313682,https://www.practo.com/chennai/hospital/jolen-hospital-sembakkam?referrer=hospital_listing,,VN,practo,,1.0,canonical,542,Q2,,Mid-Market,0.248678
hosp_135e1506905a0dfa,An - Noor Eye Hospital,noor eye hospital,Chennai,Hospital,Periyamet,,13.094103,80.290896,87618c48effffff,,2.0,1.0,False,,600.0,600.0,,3.0,2001.0,+914471967339,https://www.practo.com/chennai/hospital/an-noor-eye-hospital-1-mannady?referrer=hospital_listing,,VN,practo,,1.0,canonical,543,Q2,,Mid-Market,0.248003
hosp_5e97cf16a9d64680,Narayanaa Hospital,narayanaa hospital,Chennai,Hospital,Purasawakkam,,13.08941,80.254593,87618c48bffffff,,10.0,10.0,True,,500.0,1100.0,3.5,22.0,2007.0,+918047280236,https://www.practo.com/chennai/hospital/narayana-hospital-purasawakkam?referrer=hospital_listing,https://images1-fabric.practo.com/practices/678439/narayanaa-hospital-chennai-665436f37384e.png,ABS,practo,,1.0,canonical,544,Q2,,Mid-Market,0.24796
hosp_4445b18c2f25ad29,Noble Hospital,noble hospital,Chennai,Hospital,Washermenpet,,13.1346958,80.2790079,87618c49bffffff,,7.0,9.0,False,,0.0,0.0,,,,+914448132962,https://www.practo.com/chennai/hospital/noble-hospital-1-washermenpet?referrer=hospital_listing,,VN,practo,,1.0,canonical,545,Q2,,Mid-Market,0.247909
hosp_7c57afec7dc403e8,"Kumaran Hospital, Chennai",kumaran hospital chennai,Chennai,Hospital,Flowers Road,,13.0790214,80.2490449,87618c489ffffff,,7.0,9.0,False,,0.0,700.0,,,,+914448132962,https://www.practo.com/chennai/hospital/kumaran-hospital-chennai-flowers-road?referrer=hospital_listing,,VN,practo,,1.0,canonical,546,Q2,,Mid-Market,0.247909
hosp_8de8e7d50e131885,Chennai Dental Centre - OMR,chennai dental centre omr,Chennai,Hospital,Kottivakkam,,12.966984,80.248336,87618c419ffffff,,2.0,1.0,False,,100.0,100.0,,,2001.0,+914471967335,https://www.practo.com/chennai/hospital/chennai-dental-centre-kottivakkam?referrer=hospital_listing,https://images1-fabric.practo.com/practices/837835/chennai-dental-centre-omr-chennai-5a3356471ea58.jpeg,VN,practo,,1.0,canonical,547,Q2,,Mid-Market,0.247875
hosp_03e150d375776f00,Deepam Hospitals,deepam hospitals,Chennai,Hospital,Chromepet,,12.961952794362404,80.1466691493988,87618c4e8ffffff,,7.0,8.0,True,2.0,0.0,350.0,4.0,117.0,1995.0,+914471967153,https://www.practo.com/chennai/hospital/deepam-hospitals-chromepet-1?referrer=hospital_listing,https://images1-fabric.practo.com/deepam-hospitals-ltd-chrompet-chennai-1462341595-57298fdbe9fab.jpg,VN,practo,,1.0,canonical,548,Q2,,Mid-Market,0.247658
hosp_d0abbd3de191885a,Vasan Eye Care Hospital,vasan eye care hospital,Chennai,Hospital,Chromepet,,12.876486,80.079142,87618c448ffffff,,2.0,1.0,False,6.0,400.0,400.0,,9.0,2002.0,+918047191760,https://www.practo.com/chennai/hospital/vasan-eye-care-hospital-chromepet?referrer=hospital_listing,https://images1-fabric.practo.com/vasan-eye-care-hospital-chennai-1466572674-576a1f824297b.jpg,ABS,practo,,1.0,canonical,549,Q2,,Mid-Market,0.247425
hosp_94f09b2397937cd3,P.K.Child Care Hospital,p k child care hospital,Chennai,Hospital,Porur,,46.510221,84.300785,872058c10ffffff,,2.0,3.0,False,,0.0,250.0,,6.0,2007.0,+914471967343,https://www.practo.com/chennai/hospital/p-k-child-care-hospital-1-porur?referrer=hospital_listing,,VN,practo,,1.0,canonical,550,Q2,,Mid-Market,0.247386
hosp_01e51d19205cd540,Life Care DKJ Hospital,life care dkj hospital,Chennai,Hospital,Villivakkam,,13.102922856116,80.207946896553,87618c4d2ffffff,,2.0,5.0,True,,300.0,300.0,3.5,10.0,,+914471967014,https://www.practo.com/chennai/hospital/life-care-dkj-hospital-villivakkam?referrer=hospital_listing,https://images1-fabric.practo.com/practices/647533/life-care-dkj-hospital-chennai-665d7b69ee821.png,VN,practo,,1.0,canonical,551,Q2,,Mid-Market,0.247166
hosp_84520c8a6bbe975f,Deepam Eye Hospital,deepam eye hospital,Chennai,Hospital,Urapakkam,,12.867512066634298,80.07543642349998,87618c448ffffff,,2.0,1.0,True,,300.0,300.0,4.0,19.0,,+918037320050,https://www.practo.com/chennai/hospital/deepam-eye-hospital-urapakkam?referrer=hospital_listing,https://images1-fabric.practo.com/practices/1515281/deepam-eye-hospital-chennai-66fa727e868c5.png,VN,practo,,1.0,canonical,552,Q2,,Mid-Market,0.246823
hosp_949bffba4f24cd81,New Life Fertility & IVF Centre,new life fertility ivf centre,Chennai,Hospital,Nanganallur,,12.987699,80.190141,87618c4e3ffffff,,1.0,2.0,False,,0.0,0.0,,,2004.0,+914471967341,https://www.practo.com/chennai/hospital/new-life-fertility-ivf-centre-nanganallur?referrer=hospital_listing,,VN,practo,,1.0,canonical,553,Q2,,Mid-Market,0.246733
hosp_9cbd8c31efd9e6d8,"Frontier Lifeline Hospital, Chennai",frontier lifeline hospital chennai,Chennai,Hospital,Mogappair East,,13.087721,80.185609,87618c4d3ffffff,,11.0,7.0,False,,0.0,750.0,,,,+914461712657,https://www.practo.com/chennai/hospital/frontier-lifeline-hospital-chennai-mogappair-east-1?referrer=hospital_listing,,VN,practo,,1.0,canonical,554,Q2,,Mid-Market,0.24673
hosp_d9e40521ba1dc00e,Vasan Eye Care Hospital,vasan eye care hospital,Chennai,Hospital,Madipakkam,,13.038408,80.197313,87618c4c6ffffff,,1.0,1.0,False,6.0,400.0,400.0,,7.0,2002.0,+914471967017,https://www.practo.com/chennai/hospital/vasan-eye-care-hospital-madipakkam?referrer=hospital_listing,https://images1-fabric.practo.com/practices/674002/vasan-eye-care-hospital-chennai-68d38e6f1d1d6.png,ABS,practo,,1.0,canonical,555,Q2,,Mid-Market,0.246571
hosp_18c66e0d945a5f74,Delta Hospitals,delta hospitals,Chennai,Hospital,Mugalivakkam,,13.020652,80.1593735,87618c4c1ffffff,,8.0,8.0,False,,0.0,0.0,,,,+914446312693,https://www.practo.com/chennai/hospital/delta-hospitals-mugalivakkam?referrer=hospital_listing,,VN,practo,,1.0,canonical,556,Q2,,Mid-Market,0.24655
hosp_4a2dd5aad99daf69,PARVATHY HOSPITAL,parvathy hospital,Chennai,Hospital,Chromepet,,12.9459046,80.1365663,87618c4edffffff,,10.0,7.0,False,,0.0,0.0,,,,+914446312570,https://www.practo.com/chennai/hospital/parvathy-hospital-1-chromepet-4?referrer=hospital_listing,,VN,practo,,1.0,canonical,557,Q2,,Mid-Market,0.245961
hosp_f03801ef1918d518,Sri Balaji Hospital,sri balaji hospital,Chennai,Hospital,Medavakkam,,12.9177393,80.1902846,87618c456ffffff,,10.0,7.0,False,,0.0,700.0,,,,+914446312690,https://www.practo.com/chennai/hospital/sri-balaji-hospital-4-medavakkam?referrer=hospital_listing,,VN,practo,,1.0,canonical,558,Q2,,Mid-Market,0.245961
hosp_698d27e8f638caac,Sri Srinivasa Hospital,sri srinivasa hospital,Chennai,Hospital,Kodambakkam,,13.052648755651068,80.23034870624542,87618c4d4ffffff,,4.0,6.0,True,,500.0,800.0,4.0,33.0,,+914440116291,https://www.practo.com/chennai/hospital/sri-srinivasa-hospital-kodambakkam-2?referrer=hospital_listing,https://images1-fabric.practo.com/practices/1303485/sri-srinivasa-hospital-chennai-5fd312c945a32.jpeg,ABS,practo,,1.0,canonical,559,Q2,,Mid-Market,0.245824
hosp_b96d71c9066ed779,Ganga Hospital,ganga hospital,Chennai,Hospital,Purasawakkam,,13.089845,80.2534318,87618c48bffffff,,7.0,8.0,False,,0.0,0.0,,,,+914471967085,https://www.practo.com/chennai/hospital/ganga-hospital-2-purasawakkam?referrer=hospital_listing,,VN,practo,,1.0,canonical,560,Q2,,Mid-Market,0.245781
hosp_25a2b4933ff5c543,Vadapalani Hospital,vadapalani hospital,Chennai,Hospital,Vadapalani,,,,,,7.0,8.0,False,,0.0,700.0,,,,+914471967912,https://www.practo.com/chennai/hospital/vadapalani-hospital?referrer=hospital_listing,,VN,practo,,0.6,canonical,561,Q2,,Mid-Market,0.245781
hosp_c8130e11594a1f50,Soorya Hospital,soorya hospital,Chennai,Hospital,Mahalingapuram,,13.054047,80.2340622,87618c4f2ffffff,,7.0,8.0,False,,0.0,0.0,,,,+914471967143,https://www.practo.com/chennai/hospital/soorya-hospital-mahalingapuram?referrer=hospital_listing,,active,practo,,1.0,canonical,562,Q2,,Mid-Market,0.245781
hosp_461f8330284b3a39,"St Isabels Hospital, Chennai",st isabels hospital chennai,Chennai,Hospital,Cit Colony,,13.0385565,80.2620359,87618c4f6ffffff,,6.0,8.0,False,,0.0,0.0,,,,+914471967714,https://www.practo.com/chennai/hospital/st-isabels-hospital-chennai-cit-colony?referrer=hospital_listing,,VN,practo,,1.0,canonical,563,Q2,,Mid-Market,0.245012
hosp_d727ba4ec7c2f098,R R Multispeciality Hospital,r r multispeciality hospital,Chennai,Hospital,Triplicane,,13.05913,80.274156,87618c48cffffff,,5.0,8.0,False,,150.0,500.0,,5.0,,+914448134924,https://www.practo.com/chennai/hospital/r-r-multi-speciality-hospital-triplicane?referrer=hospital_listing,,VN,practo,,1.0,canonical,564,Q2,,Mid-Market,0.244456
hosp_3e1b4ff771f8da51,"Sri Balaji Hospital, Chennai",sri balaji hospital chennai,Chennai,Hospital,Race View Colony,,13.007323,80.206018,87618c4f1ffffff,,8.0,7.0,False,,0.0,700.0,,,,+914446270809,https://www.practo.com/chennai/hospital/sri-balaji-hospital-chennai-race-view-colony?referrer=hospital_listing,,VN,practo,,1.0,canonical,565,Q2,,Mid-Market,0.244423
hosp_468e703588f12629,Shakthi Maternity Centre,shakthi maternity centre,Chennai,Hospital,Ayanavaram,,13.095233,80.226148,87618c4d6ffffff,,1.0,2.0,False,,200.0,200.0,,2.0,2007.0,+914471967085,https://www.practo.com/chennai/hospital/shakthi-maternity-centre-ayanavaram?referrer=hospital_listing,https://images1-fabric.practo.com/shakthi-maternity-centre-chennai-1476701424-5804acf0973ad.jpg,VN,practo,,1.0,canonical,566,Q2,,Mid-Market,0.244318
hosp_a243f4a3aa1ece37,Soundarapandian Bone And Joint Hospital & Research Institute,soundarapandian bone joint hospital research institute,Chennai,Hospital,Anna Nagar,,13.084097354422367,80.21560192108154,87618c4d0ffffff,,6.0,3.0,True,,500.0,1000.0,4.0,29.0,,+914471967545,https://www.practo.com/chennai/hospital/soundarapandian-bone-and-joint-hospital-research-institute-anna-nagar?referrer=hospital_listing,https://images1-fabric.practo.com/soundarapandian-bone-joint-hospital-chennai-1484898346-5881c02ab7cc4.jpg,VN,practo,,1.0,canonical,567,Q2,,Mid-Market,0.244246
hosp_ddc2c9a2496daf70,"Rainbow Children Hospital, Guindy, Chennai",rainbow children hospital guindy chennai,Chennai,Hospital,Abith Colony,,13.0139254,80.22263,87618c4f1ffffff,,5.0,8.0,False,,0.0,0.0,,,,+914446314530,https://www.practo.com/chennai/hospital/rainbow-children-hospital-guindy-chennai-abith-colony?referrer=hospital_listing,,VN,practo,,1.0,canonical,568,Q2,,Mid-Market,0.244243
hosp_d99945f80529bc77,Gastro Foundation,gastro foundation,Chennai,Hospital,Tambaram East,,12.922692,80.141288,87618c45effffff,,1.0,1.0,False,,500.0,500.0,4.5,270.0,,+914471967335,https://www.practo.com/chennai/hospital/gastro-foundation-medicity-hospital-tambaram?referrer=hospital_listing,https://images1-fabric.practo.com/gastro-foundation-chellam-superspeciality-center-chennai-1440746464-55e00be0ab24c.png,VN,practo,,1.0,canonical,569,Q2,,Mid-Market,0.244119
hosp_f8445f843fc60755,SKS Pet Hospital,sks pet hospital,Chennai,Hospital,Kottivakkam,,12.929684,80.250057,87618c40effffff,,,1.0,False,,300.0,300.0,,,2004.0,+914471967336,https://www.practo.com/chennai/hospital/sks-pet-hospital-2?referrer=hospital_listing,,active,practo,,1.0,canonical,570,Q2,,Mid-Market,0.243836
hosp_0fe6691e0a4bae74,"Apollo First Med Hospital, Kilpauk, Chennai",apollo first med hospital kilpauk chennai,Chennai,Hospital,Flowers Road,,13.0777125,80.24592,87618c489ffffff,,10.0,6.0,False,,0.0,0.0,,,,+914446315128,https://www.practo.com/chennai/hospital/apollo-first-med-hospital-kilpauk-chennai-flowers-road?referrer=hospital_listing,,VN,practo,,1.0,canonical,571,Q2,,Mid-Market,0.243833
hosp_2d6c70af6cc86e3d,Iswarya Hospital,iswarya hospital,Chennai,Hospital,Tharamani,,12.979282711507288,80.2528644576717,87618c41bffffff,,36.0,24.0,True,3.0,700.0,2000.0,3.5,45.0,,+914448133612,https://www.practo.com/chennai/hospital/iswarya-hospital-1-kottivakkam?referrer=hospital_listing,https://images1-fabric.practo.com/practices/1713993/iswarya-hospital-chennai-680b704c75a8b.png,RFA,practo,,1.0,canonical,572,Q2,,Mid-Market,0.243742
hosp_121ff5ca32016a6a,"Murugan Hospital, Chennai",murugan hospital chennai,Chennai,Hospital,Kilpauk,,13.0833879,80.2342535,87618c4d6ffffff,,7.0,7.0,False,,0.0,0.0,,,,+914440115382,https://www.practo.com/chennai/hospital/murugan-hospital-chennai-kilpauk?referrer=hospital_listing,,VN,practo,,1.0,canonical,573,Q2,,Mid-Market,0.243653
hosp_e0d9484ed138a277,CFC Multispeciality Hospital,cfc multispeciality hospital,Chennai,Hospital,Aminjikarai,,13.069173150065073,80.22573298102819,87618c4d4ffffff,,18.0,9.0,True,,0.0,1000.0,4.0,70.0,,+914448132997,https://www.practo.com/chennai/hospital/chennai-fertility-center-arumbakkam-1?referrer=hospital_listing,https://images1-fabric.practo.com/practices/722822/chennai-fertility-center-chennai-6659b1f95b9b2.png,ABS,practo,,1.0,canonical,574,Q2,,Mid-Market,0.243624
hosp_113d9a25deee5ff3,Metromale Clinic & Fertility Center,metromale clinic fertility center,Chennai,Hospital,T Nagar,,13.03743,80.23924,87618c4f2ffffff,,1.0,3.0,True,9.0,850.0,850.0,4.0,1690.0,,+917969200652,https://www.practo.com/chennai/hospital/metromale-clinic-and-fertility-center-t-nagar?referrer=hospital_listing,https://images1-fabric.practo.com/metromale-clinic-super-speciality-clinic-for-male-sexual-health-and-fertility-chennai-1459245840-56fa5310112e4.jpg,ABS,practo,,1.0,canonical,575,Q2,,Mid-Market,0.243123
hosp_f1ce3044b84b2b2d,Girishwari Hospital,girishwari hospital,Chennai,Hospital,Alwarpet,,13.03513,80.251876,87618c4f6ffffff,,6.0,11.0,True,,500.0,500.0,3.5,17.0,,+914471967339,https://www.practo.com/chennai/hospital/girishwari-hospital-alwarpet-2?referrer=hospital_listing,https://images1-fabric.practo.com/554a1db150a23604bb6460bba86dafea00d8ec18f1aa1.jpg,ABS,practo,,1.0,canonical,576,Q2,,Mid-Market,0.243032
hosp_234a48c968321470,Rajan Eye Care Hospital Pvt Ltd - Adyar,rajan eye care hospital adyar,Chennai,Hospital,Adyar,,13.0020195,80.2523405,87618c4f4ffffff,,3.0,1.0,False,,100.0,300.0,,5.0,2008.0,+914471967004,https://www.practo.com/chennai/hospital/rajan-eye-care-hospital-adyar?referrer=hospital_listing,https://images1-fabric.practo.com/rajan-eye-care-hospital-chennai-1463991791-5742bdef4ca43.jpg,VN,practo,,1.0,canonical,577,Q2,,Mid-Market,0.243024
hosp_e8140fa1bb0e835f,Vasan Eye Care Hospital,vasan eye care hospital,Chennai,Hospital,Anna Nagar East,,13.0929274,80.2185631,87618c4d2ffffff,,2.0,1.0,False,7.0,100.0,100.0,,2.0,2007.0,+914471967155,https://www.practo.com/chennai/hospital/vasan-eye-care-hospital-anna-nagar-anna-nagar-east?referrer=hospital_listing,https://images1-fabric.practo.com/vasan-eye-care-hospital-anna-nagar-chennai-1466075388-576288fc63c4f.jpg,VN,practo,,1.0,canonical,578,Q2,,Mid-Market,0.24296
hosp_981c73361be82325,Iswarya Fertility Centre,iswarya fertility centre,Chennai,Hospital,Tambaram East,,12.922544,80.1344777,87618c45effffff,,2.0,2.0,True,3.0,500.0,700.0,4.0,25.0,,+914471967085,https://www.practo.com/chennai/hospital/iswarya-fertility-centre-tambaram-east-1?referrer=hospital_listing,https://images1-fabric.practo.com/practices/1208525/iswarya-fertility-centre-chennai-662f467e5de63.png,ABS,practo,,1.0,canonical,579,Q2,,Mid-Market,0.242675
hosp_898bb0d494a566d9,Centre For Liver Disease and Transplantation,centre for liver disease transplantation,Chennai,Hospital,Greams Road,,13.0631,80.2515,87618c489ffffff,,5.0,7.0,False,,0.0,1000.0,,6.0,,+914471967351,https://www.practo.com/chennai/hospital/centre-for-liver-disease-and-transplantation-greams-road?referrer=hospital_listing,https://images1-fabric.practo.com/centre-for-liver-disease-and-transplantation-chennai-1461140204-57173aec80647.jpg,VN,practo,,1.0,canonical,580,Q2,,Mid-Market,0.242371
hosp_477fd68f24ad92d5,VHS Hospital,vhs hospital,Chennai,Hospital,Neelankarai,,12.9503378,80.2546804,87618c41dffffff,,8.0,6.0,False,,0.0,0.0,,,,+911142246366,https://www.practo.com/chennai/hospital/vhs-hospital-neelankarai?referrer=hospital_listing,,VN,practo,,1.0,canonical,581,Q2,,Mid-Market,0.242295
hosp_12cd670464be3ccd,"Rela Hospital, Chennai",rela hospital chennai,Chennai,Hospital,New Colony-Chromepet,,12.9549896,80.1385812,87618c4edffffff,,8.0,6.0,False,,0.0,0.0,,,,+914440114535,https://www.practo.com/chennai/hospital/rela-hospital-chennai-new-colony-chromepet?referrer=hospital_listing,,VN,practo,,1.0,canonical,582,Q2,,Mid-Market,0.242295
hosp_01bc98386c964002,Sakthi Hospital,sakthi hospital,Chennai,Hospital,Royapuram,,13.115576,80.289808,87618c49dffffff,,1.0,1.0,False,,250.0,250.0,,3.0,2007.0,+914448134922,https://www.practo.com/chennai/hospital/sakthi-hospital-2-royapuram?referrer=hospital_listing,,VN,practo,,1.0,canonical,583,Q2,,Mid-Market,0.242233
hosp_8590f7118b577a76,Vasan Eye Care Hospital,vasan eye care hospital,Chennai,Hospital,Alwarpet,,13.0420116,80.2591155,87618c4f6ffffff,,1.0,1.0,False,7.0,100.0,100.0,,,2007.0,+914471967017,https://www.practo.com/chennai/hospital/vasan-eye-care-alwarpet-alwarpet?referrer=hospital_listing,https://images1-fabric.practo.com/vasan-eye-care-hospital-chennai-1466587237-576a58651216e.jpg,VN,practo,,1.0,canonical,584,Q2,,Mid-Market,0.242105
hosp_858e451dda953c8f,Nova IVF Fertility,nova ivf fertility,Chennai,Hospital,Raja Annamalai Puram,,13.018000793745673,80.27216970920563,87618c4a9ffffff,,4.0,2.0,False,,0.0,750.0,,9.0,2013.0,+914440114419,https://www.practo.com/chennai/hospital/nova-ivi-fertility-raja-annamalai-puram?referrer=hospital_listing,https://images1-fabric.practo.com/practices/760220/nova-ivi-fertility-chennai-5dde44ae68b6d.jpg,VN,practo,,1.0,canonical,585,Q2,,Mid-Market,0.241924
hosp_0d42221832fa9ec7, Dr.RK Diabetic Foot and Podiatry Institute ,dr rk diabetic foot podiatry institute,Chennai,Hospital,Kolathur,,13.126157211593556,80.20451970398426,87618eb21ffffff,,2.0,2.0,True,,600.0,1000.0,4.0,26.0,,+914471967914,https://www.practo.com/chennai/hospital/dr-r-k-diabetic-foot-care-and-podiatric-clinic-kilpauk?referrer=hospital_listing,https://images1-fabric.practo.com/practices/1349678/dr-r-k-diabetic-foot-care-and-podiatric-clinic-chennai-6430dd0eda652.jpg,VN,practo,,1.0,canonical,586,Q2,,Mid-Market,0.241729
hosp_17bddd9b8d50170e,F.O.R Ortho Hospital,f o r ortho hospital,Chennai,Hospital,Kolathur,,13.1232,80.2012,87618eb2cffffff,,3.0,4.0,False,,450.0,750.0,4.5,71.0,,+914471967153,https://www.practo.com/chennai/hospital/for-ortho-hospital-kolathur-1?referrer=hospital_listing,https://images1-fabric.practo.com/for-ortho-hospital-chennai-1456909968-56d6ae90435af.jpg,VN,practo,,1.0,canonical,587,Q2,,Mid-Market,0.241628
hosp_e51e7aab5e287eed,Meenakshi Hospital,meenakshi hospital,Chennai,Hospital,Kolathur,,13.1182037,80.2202322,87618eb21ffffff,,7.0,6.0,False,,0.0,0.0,,,,+911142246367,https://www.practo.com/chennai/hospital/meenakshi-hospital-1-kolathur?referrer=hospital_listing,,VN,practo,,1.0,canonical,588,Q2,,Mid-Market,0.241526
hosp_55e0f94ec612c3f8,ABIRAMI HOSPITAL,abirami hospital,Chennai,Hospital,Pattabiram,,13.1219826,80.063019,87618eb44ffffff,,7.0,6.0,False,,0.0,0.0,,,,+914461712657,https://www.practo.com/chennai/hospital/abirami-hospital-pattabiram?referrer=hospital_listing,,VN,practo,,1.0,canonical,589,Q2,,Mid-Market,0.241526
hosp_88f66d969997afb6,Apollo Speciality Hospital,apollo speciality hospital,Chennai,Hospital,Nandanam,,13.0293576,80.2420693,87618c4f0ffffff,,7.0,6.0,False,,0.0,700.0,,,,+914446312693,https://www.practo.com/chennai/hospital/apollo-speciality-hospital-2-nandanam?referrer=hospital_listing,,VN,practo,,1.0,canonical,590,Q2,,Mid-Market,0.241526
hosp_3f82cdfb0efa867f,Gremaltes Hospital,gremaltes hospital,Chennai,Hospital,Shenoy Nagar,,13.0792889,80.2291211,87618c4d6ffffff,,4.0,7.0,False,,0.0,0.0,,,,+911142246362,https://www.practo.com/chennai/hospital/gremaltes-hospital-shenoy-nagar-2?referrer=hospital_listing,,VN,practo,,1.0,canonical,591,Q2,,Mid-Market,0.241346
hosp_d41674d145696275,E.G.Hospital,e g hospital,Chennai,Hospital,Choolai,,13.09531,80.265551,87618c48affffff,,1.0,1.0,False,,70.0,70.0,,,2008.0,+914471967343,https://www.practo.com/chennai/hospital/e-g-hospital?referrer=hospital_listing,,VN,practo,,1.0,canonical,592,Q2,,Mid-Market,0.241272
hosp_77994e89b96cfc4c,Vee Care Dental,vee care dental,Chennai,Hospital,Kottivakkam,,12.9762920405294,80.2514700964093,87618c41bffffff,,1.0,1.0,False,,230.0,230.0,,,2008.0,+914471967335,https://www.practo.com/chennai/hospital/vee-care-dental-kottivakkam?referrer=hospital_listing,https://images1-fabric.practo.com/549aac42c59c63921214a055fc13698a57b21662f6177.jpeg,VN,practo,,1.0,canonical,593,Q2,,Mid-Market,0.241272
hosp_4312c254cdabc92e,Saveetha ARC Fertility Centres,saveetha arc fertility centres,Chennai,Hospital,Poonamalle,,13.046,80.108,87618c4cbffffff,,2.0,4.0,False,3.0,500.0,500.0,,7.0,2017.0,+914471967153,https://www.practo.com/chennai/hospital/saveetha-arc-fertility-centres-poonamalle?referrer=hospital_listing,https://images1-fabric.practo.com/practices/1184206/saveetha-arc-fertility-centres-chennai-5abc79cf7e153.png,VN,practo,,1.0,canonical,594,Q2,,Mid-Market,0.241223
hosp_b8e3425f2b819e66,RM Noble Hospital,rm noble hospital,Chennai,Hospital,Thiruvanmiyur,,12.975846,80.258991,87618c418ffffff,,9.0,5.0,False,,0.0,500.0,,2.0,,+914471967006,https://www.practo.com/chennai/hospital/rm-noble-hospital-thiruvanmiyur?referrer=hospital_listing,,VN,practo,,1.0,canonical,595,Q2,,Mid-Market,0.241022
hosp_667a3fa0ed378aaa,The Dentist,dentist,Chennai,Hospital,Ashok Nagar,,13.039333,80.2098826,87618c4f3ffffff,,5.0,1.0,True,9.0,200.0,300.0,3.5,10.0,,+914461712654,https://www.practo.com/chennai/hospital/the-dentist-ashok-nagar?referrer=hospital_listing,https://images1-fabric.practo.com/practices/1195433/the-dentist-ashok-nagar-chennai-5b3b3a026743e.JPG,VN,practo,,1.0,canonical,596,Q2,,Mid-Market,0.240963
hosp_82197b15baba12dd,"Motherhood Hospital, Chennai",motherhood hospital chennai,Chennai,Hospital,Alwarpet,,13.0312396,80.2511221,87618c4f6ffffff,,9.0,5.0,False,,0.0,450.0,,,,+914440116020,https://www.practo.com/chennai/hospital/motherhood-hospital-chennai-alwarpet-1?referrer=hospital_listing,,VN,practo,,1.0,canonical,597,Q2,,Mid-Market,0.240937
hosp_aa691c244195c805,Dr. Deva Multi Speciality Hospital,dr deva multi speciality hospital,Chennai,Hospital,Pattabiram,,13.1234,80.0293,87618eb41ffffff,,8.0,5.0,False,,0.0,600.0,,,,+914471967004,https://www.practo.com/chennai/hospital/dr-deva-multi-speciality-hospital-pattabiram?referrer=hospital_listing,https://images1-fabric.practo.com/dr-deva-multi-speciality-hospital-tiruvallur-1461335317-571a3515dd30a.jpg,VN,practo,,1.0,canonical,598,Q2,,Mid-Market,0.240167
hosp_eee2a7ed87e78e9c,Seethapathy Clinic & Hospital,seethapathy clinic hospital,Chennai,Hospital,Royapettah,,13.0487712,80.2645167,87618c48dffffff,,5.0,6.0,False,,0.0,0.0,,,,+914446312510,https://www.practo.com/chennai/hospital/seethapathy-clinic-hospital-1-royapettah?referrer=hospital_listing,,VN,practo,,1.0,canonical,599,Q2,,Mid-Market,0.239987
hosp_621bd77fc69c721c,BLR Hospital,blr hospital,Chennai,Hospital,Mahalingapuram,,13.0562123,80.2356602,87618c4f2ffffff,,5.0,6.0,False,,0.0,0.0,,,,+914446312566,https://www.practo.com/chennai/hospital/blr-hospital-mahalingapuram?referrer=hospital_listing,,active,practo,,1.0,canonical,600,Q2,,Mid-Market,0.239987
hosp_3593bfdaf5760c4d,Chakra Critical Care Centre and Hospitals,chakra critical care centre hospitals,Chennai,Hospital,Kolathur,,13.123888821824304,80.20328285093667,87618eb2cffffff,,7.0,5.0,False,,600.0,1000.0,,8.0,,+918047091857,https://www.practo.com/chennai/hospital/chakra-critical-care-centre-and-hospitals-kolathur?referrer=hospital_listing,https://images1-fabric.practo.com/practices/2078380/chakra-critical-care-centre-and-hospitals-chennai-6874e7fc02c90.png,ABS,practo,,1.0,canonical,601,Q2,,Mid-Market,0.239739
hosp_501ed6708a3a87e5,S.R Hospitals,s r hospitals,Chennai,Hospital,Ashok Nagar,,13.03103,80.197355,87618c4c6ffffff,,1.0,1.0,False,,3000.0,3000.0,,,2010.0,+914471967343,https://www.practo.com/chennai/hospital/s-r-hospitals-jafferkhanpet?referrer=hospital_listing,,VN,practo,,1.0,canonical,602,Q2,,Mid-Market,0.239605
hosp_2ecae6622a53a0d2,BB Hospital,bb hospital,Chennai,Hospital,Kolathur,,13.1184,80.2044,87618eb2cffffff,,4.0,5.0,True,,100.0,400.0,3.5,13.0,,+914448134922,https://www.practo.com/chennai/hospital/bb-hospital-kolathur?referrer=hospital_listing,,VN,practo,,1.0,canonical,603,Q2,,Mid-Market,0.239592
hosp_4cca0c223ea64f09,SUPREME SPECIALITY HOSPITALS,supreme speciality hospitals,Chennai,Hospital,Padur,,12.806374,80.224649,87618c558ffffff,,4.0,6.0,False,,0.0,0.0,,,,+914446312510,https://www.practo.com/chennai/hospital/supreme-speciality-hospitals-padur-1?referrer=hospital_listing,,VN,practo,,1.0,canonical,604,Q2,,Mid-Market,0.239218
hosp_4d93414d7b7c4edd,Ezhil Hospital,ezhil hospital,Chennai,Hospital,Kolathur,,13.1236787,80.2210222,87618eb21ffffff,,4.0,6.0,False,,0.0,500.0,,,,+914461712675,https://www.practo.com/chennai/hospital/ezhil-hospital-kolathur?referrer=hospital_listing,,VN,practo,,1.0,canonical,605,Q2,,Mid-Market,0.239218
hosp_db174f318bc6c238,RK Speciality Hospital,rk speciality hospital,Chennai,Hospital,Chromepet,,12.9456956,80.1415726,87618c4edffffff,,4.0,6.0,False,,0.0,0.0,,,,+914448132961,https://www.practo.com/chennai/hospital/rk-speciality-hospital-chromepet?referrer=hospital_listing,,VN,practo,,1.0,canonical,606,Q2,,Mid-Market,0.239218
hosp_7a9eac736a8e79e2,Nalamm Hospital PVT. Limited,nalamm hospital,Chennai,Hospital,MKB Nagar,,13.060422,80.249583,87618c489ffffff,,2.0,2.0,False,,200.0,300.0,,,2014.0,+914471967343,https://www.practo.com/chennai/hospital/nalamm-hospital-mkb-nagar?referrer=hospital_listing,,VN,practo,,1.0,canonical,607,Q2,,Mid-Market,0.239169
hosp_7a13a5a49db1c368,Rajan Eye Care Hospital,rajan eye care hospital,Chennai,Hospital,Velachery,,12.9834556,80.2217197,87618c4e6ffffff,,2.0,1.0,False,,0.0,300.0,,,2012.0,+914471967017,https://www.practo.com/chennai/hospital/rajan-eye-care-hospital-velachery?referrer=hospital_listing,https://images1-fabric.practo.com/rajan-eye-care-hospital-chennai-1464692514-574d6f229805e.jpg,VN,practo,,1.0,canonical,608,Q2,,Mid-Market,0.238708
hosp_dfbd252396821bbe,"Vs Hospital, Chetpet, Chennai",vs hospital chetpet chennai,Chennai,Hospital,Flowers Road,,13.0731192,80.2526141,87618c489ffffff,,7.0,4.0,False,,0.0,500.0,,,,+914440115002,https://www.practo.com/chennai/hospital/vs-hospital-chetpet-chennai-flowers-road?referrer=hospital_listing,,VN,practo,,1.0,canonical,609,Q2,,Mid-Market,0.23727
hosp_bc65829472b96803,Nalam Hospital,nalam hospital,Chennai,Hospital,Manapakkam,,13.017923,80.177874,87618c4c0ffffff,,4.0,5.0,False,,0.0,500.0,,2.0,,+914448134927,https://www.practo.com/chennai/hospital/nalam-hospital-manapakkam?referrer=hospital_listing,,VN,practo,,1.0,canonical,610,Q2,,Mid-Market,0.237176
hosp_1a61e5cc1c96366e,Sri Sainath Hospital and Research Institute,sri sainath hospital research institute,Chennai,Hospital,Chetpet,,13.0708122,80.2407414,87618c489ffffff,,4.0,5.0,False,,0.0,650.0,,,,+914446271587,https://www.practo.com/chennai/hospital/sri-sainath-hospital-and-research-institute-chetpet?referrer=hospital_listing,,VN,practo,,1.0,canonical,611,Q2,,Mid-Market,0.23709
hosp_183fabb03020d01a,Government Hospital Egmore,government hospital egmore,Chennai,Hospital,Egmore,,13.0715982,80.2587589,87618c488ffffff,,4.0,5.0,False,,0.0,0.0,,,,+914471967258,https://www.practo.com/chennai/hospital/government-hospital-egmore-egmore?referrer=hospital_listing,,active,practo,,1.0,canonical,612,Q2,,Mid-Market,0.23709
hosp_6390de913dc11eee,"Xcellent Care Hospital, Chennai",xcellent care hospital chennai,Chennai,Hospital,Rajalakshmi Nagar,,12.9856233,80.2184309,87618c4e6ffffff,,4.0,5.0,False,,0.0,0.0,,,,+914448132960,https://www.practo.com/chennai/hospital/xcellent-care-hospital-chennai-rajalakshmi-nagar?referrer=hospital_listing,,VN,practo,,1.0,canonical,613,Q2,,Mid-Market,0.23709
hosp_7c927360e225b303,Arc international fertility and  research center,arc international fertility research center,Chennai,Hospital,Montieth Road,,13.0701657888,80.2545712527,87618c489ffffff,,1.0,6.0,False,,500.0,500.0,,,,+914448134927,https://www.practo.com/chennai/hospital/arc-international-fertility-and-research-center-montieth-road?referrer=hospital_listing,,active,practo,,1.0,canonical,614,Q2,,Mid-Market,0.23691
hosp_45e2d31762672323,Srushti Fertility Centre & Women's Hospital,srushti fertility centre women s hospital,Chennai,Hospital,Porur,,13.028989,80.169728,87618c4c0ffffff,,3.0,4.0,True,2.0,0.0,900.0,3.5,13.0,,+911142246367,https://www.practo.com/chennai/hospital/srushti-fertility-centre-women-s-hospital-porur?referrer=hospital_listing,https://images1-fabric.practo.com/practices/1234637/srushti-fertility-centre-women-s-hospital-5bebeba400664.jpg,VN,practo,,1.0,canonical,615,Q2,,Mid-Market,0.236695
hosp_eb114b33f317c2ba,Mount Multispeciality Hospitals,mount multispeciality hospitals,Chennai,Hospital,Adambakkam,,12.982413,80.19912,87618c4e0ffffff,,3.0,5.0,False,,250.0,500.0,,6.0,,+914448134926,https://www.practo.com/chennai/hospital/mount-multispeciality-hospitals?referrer=hospital_listing,,VN,practo,,1.0,canonical,616,Q2,,Mid-Market,0.236577
hosp_4044236546a49ae8,Sugan Hospital,sugan hospital,Chennai,Hospital,West Mambalam,,13.0503696,80.2156286,87618c4f3ffffff,,3.0,5.0,False,,250.0,1000.0,,4.0,,+914461711207,https://www.practo.com/chennai/hospital/sugan-hospital-5-west-mambalam-1?referrer=hospital_listing,,VN,practo,,1.0,canonical,617,Q2,,Mid-Market,0.236492
hosp_8f6a977e31649804,M.V. Hospital for Diabetes & Diabetes Research Centre,m v hospital for diabetes diabetes research centre,Chennai,Hospital,Royapuram,,13.111682,80.295105,87618c49dffffff,,3.0,5.0,False,,600.0,950.0,,3.0,,+914448134923,https://www.practo.com/chennai/hospital/m-v-hospital-for-diabetes-diabetes-research-centre-royapuram?referrer=hospital_listing,,VN,practo,,1.0,canonical,618,Q2,,Mid-Market,0.236449
hosp_ce83ccc9ed2fc4a8,Vignesh Dental Hospital & Implantology Centre,vignesh dental hospital implantology centre,Chennai,Hospital,Anna Nagar,,13.08574,80.21003,87618c4d0ffffff,,2.0,2.0,False,,200.0,200.0,4.5,67.0,,+914471967017,https://www.practo.com/chennai/hospital/vignesh-dental-hospital-implantology-centre-anna-nagar?referrer=hospital_listing,https://images1-fabric.practo.com/527a5d6f12aee31d38ecd194aaab6e0584e14314036af.JPG,VN,practo,,1.0,canonical,619,Q2,,Mid-Market,0.236327
hosp_897c867d52b2f1e2,A G Speciality Hospital Thiruninravur,g speciality hospital thiruninravur,Chennai,Hospital,Pattabiram,,13.1256603,80.0354458,87618eb41ffffff,,3.0,5.0,False,,0.0,0.0,,,,+911142246378,https://www.practo.com/chennai/hospital/a-g-speciality-hospital-thiruninravur-pattabiram?referrer=hospital_listing,,active,practo,,1.0,canonical,620,Q2,,Mid-Market,0.236321
hosp_f2121fbd796d2f5a,Deepak Hospital,deepak hospital,Chennai,Hospital,Ashok Nagar,,13.0418563,80.2138182,87618c4f3ffffff,,3.0,5.0,False,,0.0,0.0,,,,+914471967914,https://www.practo.com/chennai/hospital/deepak-hospital-1-ashok-nagar?referrer=hospital_listing,,VN,practo,,1.0,canonical,621,Q2,,Mid-Market,0.236321
hosp_9bd933334e2808b7,Dr. Agarwal's Eye Hospital,dr agarwal s eye hospital,Chennai,Hospital,Alwarpet,,13.042633381381718,80.25933909576432,87618c4f6ffffff,,13.0,1.0,False,,500.0,1000.0,,3.0,,+918047282993,https://www.practo.com/chennai/hospital/dr-agarwal-s-eye-hospital-ttk-road-alwarpet-alwarpet?referrer=hospital_listing,https://images1-fabric.practo.com/practices/2092031/dr-agarwal-s-eye-hospital-ttk-road-alwarpet-chennai-68e8f165dcd00.png,ABS,practo,,1.0,canonical,622,Q2,,Mid-Market,0.235631
hosp_18dc1ece6994ff7d,ANN Hospital,ann hospital,Chennai,Hospital,Valasaravakkam,,13.0403855,80.1784583,87618c4c2ffffff,,20.0,11.0,True,,0.0,500.0,3.5,25.0,,+914461711208,https://www.practo.com/chennai/hospital/ann-hospital-valasaravakkam-3?referrer=hospital_listing,https://images1-fabric.practo.com/5594d3190b811911af7aa209e00b49f3d6fd2afa92564.jpg,VN,practo,,1.0,canonical,623,Q2,,Mid-Market,0.235606
hosp_b2ebbfb4d30f42ca,Orthoderm Speciality Centre,orthoderm speciality centre,Chennai,Hospital,Rajakilpakkam,,12.9228834,80.1465063,87618c451ffffff,,2.0,5.0,False,,0.0,400.0,,,,+914446312693,https://www.practo.com/chennai/hospital/orthoderm-speciality-centre-rajakilpakkam?referrer=hospital_listing,,VN,practo,,1.0,canonical,624,Q2,,Mid-Market,0.235552
hosp_616694ee52a153fe,Arun Vijaya Hospitals Pvt Ltd,arun vijaya hospitals,Chennai,Hospital,KK Nagar,,13.042601,80.193423,87618c4c6ffffff,,4.0,4.0,False,,0.0,300.0,,5.0,,+914471967339,https://www.practo.com/chennai/hospital/arun-vijaya-hospitals-pvt-ltd-kk-nagar-kk-nagar?referrer=hospital_listing,https://images1-fabric.practo.com/arun-vijaya-hospitals-pvt-ltd-chennai-1474440507-57e22d3be78f1.jpg,VN,practo,,1.0,canonical,625,Q2,,Mid-Market,0.235176
hosp_0fcea0ac3bab482b,Apollo Cancer Hospital,apollo cancer hospital,Chennai,Hospital,Chamiers Road,,13.0337,80.2452,87618c4f0ffffff,,7.0,3.0,False,,0.0,0.0,,,,+914446270809,https://www.practo.com/chennai/hospital/apollo-cancer-hospital-chamiers-road?referrer=hospital_listing,,active,practo,,1.0,canonical,626,Q2,,Mid-Market,0.235143
hosp_60f23a9120f16d30,"Noble Hospital, Chennai",noble hospital chennai,Chennai,Hospital,Flowers Road,,13.0823185,80.2532024,87618c48bffffff,,4.0,4.0,False,,0.0,0.0,,,,+914461712657,https://www.practo.com/chennai/hospital/noble-hospital-chennai-flowers-road?referrer=hospital_listing,,VN,practo,,1.0,canonical,627,Q2,,Mid-Market,0.234963
hosp_94684a2d508b6f36,Jawahar Hospital,jawahar hospital,Chennai,Hospital,Tambaram,,12.9227836,80.1281244,87618c45effffff,,4.0,4.0,False,,0.0,0.0,,,,+914461712130,https://www.practo.com/chennai/hospital/jawahar-hospital-4-tambaram?referrer=hospital_listing,,VN,practo,,1.0,canonical,628,Q2,,Mid-Market,0.234963
hosp_67d686bcd12b314e,Ganga Hospital,ganga hospital,Chennai,Hospital,St Thomas Mount,,13.0073625,80.1960794,87618c4c4ffffff,,4.0,4.0,False,,0.0,0.0,,,,+914471967913,https://www.practo.com/chennai/hospital/ganga-hospital-2-st-thomas-mount?referrer=hospital_listing,,VN,practo,,1.0,canonical,629,Q2,,Mid-Market,0.234963
hosp_ab532dce80e6e22c,M.V.Hospital for diabetes,m v hospital for diabetes,Chennai,Hospital,Royapettah,,13.0540467,80.2640558,87618c48dffffff,,1.0,5.0,False,,0.0,0.0,,,,+914446314493,https://www.practo.com/chennai/hospital/m-v-hospital-for-diabetes-royapettah?referrer=hospital_listing,,VN,practo,,1.0,canonical,630,Q2,,Mid-Market,0.234783
hosp_05e961824830c124,M. V. Hospital for Diabetes,m v hospital for diabetes,Chennai,Hospital,Royapuram,,13.1122128,80.2955223,87618c49dffffff,,1.0,5.0,False,,0.0,0.0,,,,+911142246386,https://www.practo.com/chennai/hospital/m-v-hospital-for-diabetes-royapuram?referrer=hospital_listing,,VN,practo,,1.0,canonical,631,Q2,,Mid-Market,0.234783
hosp_c1ce59555bc96680,Venkataeswara Hospitals,venkataeswara hospitals,Chennai,Hospital,Nandanam,,13.029393,80.24405,87618c4f0ffffff,,23.0,23.0,True,,0.0,700.0,3.5,60.0,2003.0,+914440115002,https://www.practo.com/chennai/hospital/venkataeswara-hospitals-nandanam-1?referrer=hospital_listing,https://images1-fabric.practo.com/venkataeswara-hospital-24-7-chennai-1464696948-574d807457e89.jpg,VN,practo,,1.0,canonical,632,Q2,,Mid-Market,0.234707
hosp_171efeff3ac973e7,SP Hospital,sp hospital,Chennai,Hospital,Adambakkam,,12.993443,80.200876,87618c4e2ffffff,,4.0,5.0,True,,0.0,400.0,4.0,47.0,,+914440114535,https://www.practo.com/chennai/hospital/sp-hospital-adambakkam?referrer=hospital_listing,https://images1-fabric.practo.com/practices/645185/sp-hospital-chennai-664b3be373076.png,VN,practo,,1.0,canonical,633,Q2,,Mid-Market,0.234496
hosp_8fe8c5b0b5db97cc,Nichani's Hospital,nichani s hospital,Chennai,Hospital,Royapuram,,13.11145,80.29384,87618c49dffffff,,3.0,4.0,False,,0.0,250.0,,5.0,,+914471967343,https://www.practo.com/chennai/hospital/nichani-hospital-royapuram?referrer=hospital_listing,,VN,practo,,1.0,canonical,634,Q2,,Mid-Market,0.234407
hosp_95e50d399396e545,Chennai Siddha Hospital,chennai siddha hospital,Chennai,Hospital,Beach Road,,12.9962505,80.2641706,87618c41affffff,,6.0,3.0,False,,0.0,0.0,,,,+911142246378,https://www.practo.com/chennai/hospital/chennai-siddha-hospital-beach-road?referrer=hospital_listing,,VN,practo,,1.0,canonical,635,Q2,,Mid-Market,0.234374
hosp_11b8fe78811785e6,"Csi Rainy Multi Speciality Hospital, Chennai",csi rainy multi speciality hospital chennai,Chennai,Hospital,Old Washermanpet,,13.1184498,80.2900771,87618c49dffffff,,3.0,4.0,False,,0.0,350.0,,,,+914446270809,https://www.practo.com/chennai/hospital/csi-rainy-multi-speciality-hospital-chennai-old-washermanpet?referrer=hospital_listing,,VN,practo,,1.0,canonical,636,Q2,,Mid-Market,0.234194
hosp_5a9dc298875ff6db,"Prashanth Super Speciality Hospital, Velachery, Chennai",prashanth super speciality hospital velachery chennai,Chennai,Hospital,Velachery,,12.978529,80.221329,87618c4e6ffffff,,3.0,4.0,False,,0.0,0.0,,,,+914471967083,https://www.practo.com/chennai/hospital/prashanth-super-speciality-hospital-velachery-chennai-velachery?referrer=hospital_listing,,VN,practo,,1.0,canonical,637,Q2,,Mid-Market,0.234194
hosp_0f72dbf3391448f2,Ponmalligai hospital - Guindy,ponmalligai hospital guindy,Chennai,Hospital,Guindy,,12.991392,80.205564,87618c4e2ffffff,,3.0,4.0,False,,400.0,500.0,,,,+914448134926,https://www.practo.com/chennai/hospital/ponmalligai-hospital-guindy-1-guindy?referrer=hospital_listing,,VN,practo,,1.0,canonical,638,Q2,,Mid-Market,0.234194
hosp_8a8a9291e5efd8b2,Kanaga Hospital,kanaga hospital,Chennai,Hospital,Kovur,,13.0127483,80.1360934,87618c4ccffffff,,9.0,9.0,True,,100.0,300.0,3.5,20.0,,+914448132962,https://www.practo.com/chennai/hospital/kanaga-hospital-kovur?referrer=hospital_listing,https://images1-fabric.practo.com/practices/1184332/kanaga-hospital-chennai-5ae17637c2e7f.JPG,VN,practo,,1.0,canonical,639,Q2,,Mid-Market,0.233765
hosp_46c06138ff681556,Dhanwanthralaya Ayurveda Speciality Clinic,dhanwanthralaya ayurveda speciality clinic,Chennai,Hospital,Nandanam,,13.03523,80.24343,87618c4f2ffffff,,5.0,3.0,False,,800.0,800.0,,,,+914440115382,https://www.practo.com/chennai/hospital/dhanwanthralaya-ayurveda-speciality-hospital-nandanam?referrer=hospital_listing,https://images1-fabric.practo.com/practices/1446262/dhanwanthralaya-ayurveda-speciality-hospital-chennai-65819d0db7e93.png,VN,practo,,1.0,canonical,640,Q2,,Mid-Market,0.233604
hosp_1f2d8f8e1659d346,Woman And Child Care,woman child care,Chennai,Hospital,Velachery,,12.980534061527988,80.22947430610657,87618c4e6ffffff,,2.0,4.0,False,3.0,500.0,700.0,,4.0,,+914471966841,https://www.practo.com/chennai/hospital/woman-child-care-velachery?referrer=hospital_listing,https://images1-fabric.practo.com/practices/1065341/woman-and-child-care-chennai-5d80a86cd4e2a.jpg,VN,practo,,1.0,canonical,641,Q2,,Mid-Market,0.233595
hosp_d57e79d8aa39b63a,"Rps Hospital, Chennai",rps hospital chennai,Chennai,Hospital,Senthil Nagar-Kolathur,,13.1205542,80.1978368,87618eb2cffffff,,2.0,4.0,False,,0.0,0.0,,,,+914461712657,https://www.practo.com/chennai/hospital/rps-hospital-chennai-senthil-nagar-kolathur?referrer=hospital_listing,,VN,practo,,1.0,canonical,642,Q2,,Mid-Market,0.233424
hosp_0653cf122269b26e,Siva Childrens Hospital and Family Health Center,siva childrens hospital family health center,Chennai,Hospital,Velachery,,12.98231,80.2309,87618c4e6ffffff,,3.0,4.0,True,,200.0,1000.0,4.0,44.0,,+914471967714,https://www.practo.com/chennai/hospital/siva-childrens-hospital-family-health-centre-velachery?referrer=hospital_listing,https://images1-fabric.practo.com/545ceeebac296f306230a2e72532957eda5fae01befad.jpg,VN,practo,,1.0,canonical,643,Q2,,Mid-Market,0.233325
hosp_1f56a9bd67e8c5e1,Isha Life Health Solutions,isha life health solutions,Chennai,Hospital,Royapettah,,13.061375,80.263343,87618c48dffffff,,4.0,3.0,False,,300.0,300.0,,6.0,,+914440115382,https://www.practo.com/chennai/hospital/isha-life-health-solutions-royapettah-1-1?referrer=hospital_listing,https://images1-fabric.practo.com/practices/1224183/isha-life-health-solutions-chennai-5bb49fb2a623e.jpg,VN,practo,,1.0,canonical,644,Q2,,Mid-Market,0.233091
hosp_79550e147adfe7a4,Dr Agarwals Eye Hospital,dr agarwals eye hospital,Chennai,Hospital,Avadi,,13.1162931,80.0965102,87618eb71ffffff,,7.0,2.0,False,,0.0,0.0,,,,+914446313682,https://www.practo.com/chennai/hospital/dr-agarwals-eye-hospital-avadi?referrer=hospital_listing,,VN,practo,,1.0,canonical,645,Q2,,Mid-Market,0.233015
hosp_e572b8c8592dfa64,SB hospital,sb hospital,Chennai,Hospital,Navalur,,12.8461268,80.2263137,87618c474ffffff,,7.0,2.0,False,,0.0,0.0,,,,+914461712706,https://www.practo.com/chennai/hospital/sb-hospital-navalur?referrer=hospital_listing,,active,practo,,1.0,canonical,646,Q2,,Mid-Market,0.233015
hosp_86058cb1d28f8acf,Kmc hospital,kmc hospital,Chennai,Hospital,Chetpet,,13.0771021,80.2427006,87618c489ffffff,,4.0,3.0,False,,0.0,0.0,,,,+914440116020,https://www.practo.com/chennai/hospital/kmc-hospital-chetpet?referrer=hospital_listing,,VN,practo,,1.0,canonical,647,Q2,,Mid-Market,0.232835
hosp_f362a6dc08d7889d,CM Hospital,cm hospital,Chennai,Hospital,Perumbakkam,,12.880245,80.203147,87618c472ffffff,,1.0,4.0,False,,0.0,100.0,,4.0,,+914471967339,https://www.practo.com/chennai/hospital/cm-hospital-perumbakkam?referrer=hospital_listing,,VN,practo,,1.0,canonical,648,Q2,,Mid-Market,0.232826
hosp_4e8b850d977184b7,Nova IVF Fertility,nova ivf fertility,Chennai,Hospital,Selaiyur,,12.9229406,80.1266025,87618c45effffff,,6.0,2.0,False,,500.0,800.0,,,,+914446314757,https://www.practo.com/chennai/hospital/nova-ivf-fertility-clinic-selaiyur?referrer=hospital_listing,https://images1-fabric.practo.com/practices/1599099/nova-ivf-fertility-chennai-675034aa03e95.png,VN,practo,,1.0,canonical,649,Q2,,Mid-Market,0.232246
hosp_7c3f27530fff588c,Ramachandra Medical Centre,ramachandra medical centre,Chennai,Hospital,Abhiramapuram,,13.0324509,80.2546277,87618c4f6ffffff,,3.0,3.0,False,,0.0,500.0,,,,+914471967258,https://www.practo.com/chennai/hospital/ramachandra-medical-centre-abhiramapuram?referrer=hospital_listing,,active,practo,,1.0,canonical,650,Q2,,Mid-Market,0.232066
hosp_fa7869349976b9e5,"Dr Mehta Hospital, Chetpet, Chennai",dr mehta hospital chetpet chennai,Chennai,Hospital,Chetpet,,13.0716109,80.2405937,87618c489ffffff,,3.0,3.0,False,,0.0,300.0,,,,+914471967085,https://www.practo.com/chennai/hospital/dr-mehta-hospital-chetpet-chennai-chetpet?referrer=hospital_listing,,VN,practo,,1.0,canonical,651,Q2,,Mid-Market,0.232066
hosp_e836e3568249de1a,Saraswathy Hospital,saraswathy hospital,Chennai,Hospital,Hasthinapuram,,12.9425556,80.1405117,87618c4edffffff,,3.0,3.0,False,,0.0,0.0,,,,+914471967085,https://www.practo.com/chennai/hospital/saraswathy-hospital-hasthinapuram?referrer=hospital_listing,,VN,practo,,1.0,canonical,652,Q2,,Mid-Market,0.232066
hosp_481060e7b404d752,Unittas hospital,unittas hospital,Chennai,Hospital,Padur,,12.8158268,80.2289855,87618c558ffffff,,3.0,3.0,False,,0.0,0.0,,,,+914446271587,https://www.practo.com/chennai/hospital/unittas-hospital-padur?referrer=hospital_listing,,VN,practo,,1.0,canonical,653,Q2,,Mid-Market,0.232066
hosp_d5d156ec0551920b,Aakash Hospital,aakash hospital,Chennai,Hospital,Madipakkam,,12.9588118,80.2016546,87618c4e5ffffff,,3.0,3.0,False,,0.0,0.0,,,,+914446314757,https://www.practo.com/chennai/hospital/aakash-hospital-1-madipakkam?referrer=hospital_listing,,VN,practo,,1.0,canonical,654,Q2,,Mid-Market,0.232066
hosp_8b7bb57a51bd168d,Lake View Hospital,lake view hospital,Chennai,Hospital,Lakshmipuram,,13.1368453,80.2086759,87618eb2effffff,,3.0,3.0,False,,0.0,200.0,,,,+914461712656,https://www.practo.com/chennai/hospital/lake-view-hospital-lakshmipuram?referrer=hospital_listing,,VN,practo,,1.0,canonical,655,Q2,,Mid-Market,0.232066
hosp_70e250b24f9c6ff9,Arokya Hospital,arokya hospital,Chennai,Hospital,Mogappair,,13.0773633,80.1709301,87618c4deffffff,,3.0,3.0,False,,0.0,0.0,,,,+914440114419,https://www.practo.com/chennai/hospital/arokya-hospital-mogappair?referrer=hospital_listing,,VN,practo,,1.0,canonical,656,Q2,,Mid-Market,0.232066
hosp_1811cd81fd3e6b7c,Aakash Hospital,aakash hospital,Chennai,Hospital,Minjur,,13.2706593,80.2630549,87618eba5ffffff,,3.0,3.0,False,,0.0,0.0,,,,+914448132959,https://www.practo.com/chennai/hospital/aakash-hospital-1-minjur?referrer=hospital_listing,,VN,practo,,1.0,canonical,657,Q2,,Mid-Market,0.232066
hosp_53a268dff74408b3,Dentistree Dental Hospitals,dentistree dental hospitals,Chennai,Hospital,Adyar,,13.006905,80.255852,87618c4f4ffffff,,8.0,1.0,False,6.0,200.0,300.0,,4.0,,+914471967085,https://www.practo.com/chennai/hospital/dentistree-dental-care-adyar-adyar?referrer=hospital_listing,https://images1-fabric.practo.com/practices/1132629/dentistree-dental-hospitals-chennai-5cecc5a69907d.png,VN,practo,,1.0,canonical,658,Q2,,Mid-Market,0.231827
hosp_b7a256a8eb2c04bf,Dr. Agarwals Eye Hospital,dr agarwals eye hospital,Chennai,Hospital,Cathedral Road,,13.049902,80.253852,87618c48dffffff,,5.0,2.0,False,,0.0,500.0,,6.0,,+914461711208,https://www.practo.com/chennai/hospital/dr-agarwals-eye-hospital-cathedral-road?referrer=hospital_listing,,VN,practo,,1.0,canonical,659,Q2,,Mid-Market,0.231732
hosp_a8c10c205167a7d2,Dr. Aravind's IVF Fertility & Pregnancy Centre,dr aravind s ivf fertility pregnancy centre,Chennai,Hospital,Sholinganallur,,12.900718605931049,80.22843368712451,87618c40dffffff,,2.0,3.0,False,,800.0,800.0,,2.0,,+914471967341,https://www.practo.com/chennai/hospital/dr-aravind-s-ivf-fertility-pregnancy-centre-sholinganallur?referrer=hospital_listing,https://images1-fabric.practo.com/practices/1448342/dr-aravind-s-ivf-fertility-pregnancy-centre-chennai-65a24a537b968.jpeg,VN,practo,,1.0,canonical,660,Q2,,Mid-Market,0.231382
hosp_d8de2c37203bbba8,Sakthi Hospital & Research Center,sakthi hospital research center,Chennai,Hospital,Triplicane,,13.0569695,80.2758015,87618c48cffffff,,2.0,5.0,True,1.0,500.0,550.0,4.0,50.0,,+911142246372,https://www.practo.com/chennai/hospital/sakthi-hospital-research-center-triplicane-1?referrer=hospital_listing,https://images1-fabric.practo.com/practices/744709/sakthi-hospital-research-center-chennai-5a86d0d67847f.jpg,VN,practo,,1.0,canonical,661,Q2,,Mid-Market,0.231343
hosp_5317a7ed92fcc1d9,Dr. Aravind's IVF Fertility & Pregnancy Centre,dr aravind s ivf fertility pregnancy centre,Chennai,Hospital,Tambaram,,12.922403611201602,80.13836978346315,87618c45effffff,,2.0,3.0,False,,300.0,800.0,,,,+914446314757,https://www.practo.com/chennai/hospital/dr-aravind-s-ivf-fertility-pregnancy-centre-tambaram?referrer=hospital_listing,https://images1-fabric.practo.com/practices/1448347/dr-aravind-s-ivf-fertility-pregnancy-centre-chennai-65a24a6a764b9.jpeg,ABS,practo,,1.0,canonical,662,Q2,,Mid-Market,0.231297
hosp_7755a67fcd237e29,Triyog Ayurved Hospital,triyog ayurved hospital,Chennai,Hospital,Thousand Lights,,13.0553031,80.2546929,87618c48dffffff,,2.0,3.0,False,,0.0,0.0,,,,+914471967912,https://www.practo.com/chennai/hospital/triyog-ayurved-hospital-thousand-lights?referrer=hospital_listing,,VN,practo,,1.0,canonical,663,Q2,,Mid-Market,0.231297
hosp_b94104b1908643af,"Aysha Hospital, Chennai",aysha hospital chennai,Chennai,Hospital,Purasawakkam,,13.084738,80.2498797,87618c48bffffff,,2.0,3.0,False,,0.0,0.0,,,,+914461712654,https://www.practo.com/chennai/hospital/aysha-hospital-chennai-purasawakkam?referrer=hospital_listing,,VN,practo,,1.0,canonical,664,Q2,,Mid-Market,0.231297
hosp_8912d68caafce337,Government Maternity Hospital,government maternity hospital,Chennai,Hospital,Egmore,,13.0716905,80.2583767,87618c488ffffff,,2.0,3.0,False,,0.0,0.0,,,,+914471967083,https://www.practo.com/chennai/hospital/government-maternity-hospital-egmore?referrer=hospital_listing,,VN,practo,,1.0,canonical,665,Q2,,Mid-Market,0.231297
hosp_9cf84c2dd39598ab,Moses Diabetes and Medical Centre,moses diabetes medical centre,Chennai,Hospital,Purasawakkam,,13.0882226,80.2553714,87618c48bffffff,,2.0,3.0,False,,0.0,300.0,,,,+914440116020,https://www.practo.com/chennai/hospital/moses-diabetes-and-medical-centre-purasawakkam-1?referrer=hospital_listing,,VN,practo,,1.0,canonical,666,Q2,,Mid-Market,0.231297
hosp_00c5e9729e2092ef,DHI Hair Transplant and Restoration Clinic - Chennai,dhi hair transplant restoration clinic chennai,Chennai,Hospital,T Nagar,,13.04756,80.244228,87618c4f2ffffff,,7.0,1.0,False,,1000.0,1000.0,,4.0,,+914446312566,https://www.practo.com/chennai/hospital/dhi-hair-transplant-and-restoration-clinics-chennai-t-nagar?referrer=hospital_listing,https://images1-fabric.practo.com/practices/1170031/dhi-hair-transplant-and-restoration-clinics-chennai-chennai-63216d16c3d84.PNG,VN,practo,,1.0,canonical,667,Q2,,Mid-Market,0.231058
hosp_ae690cafd9bb7b14,Rainbow Children's Hospital,rainbow children s hospital,Chennai,Hospital,Saidapet,,13.0145539,80.2240194,87618c4f1ffffff,,22.0,15.0,True,,0.0,950.0,3.5,33.0,,+914448132959,https://www.practo.com/chennai/hospital/rainbow-children-s-hospital-5-saidapet?referrer=hospital_listing,https://images1-fabric.practo.com/practices/1222805/rainbow-children-s-hospital-chennai-5ba214292d62c.png,VN,practo,,1.0,canonical,668,Q2,,Mid-Market,0.231032
hosp_9c938c866975e5a2,Dentistree Dental Hospitals,dentistree dental hospitals,Chennai,Hospital,Velachery,,12.978946,80.225676,87618c4e6ffffff,,7.0,1.0,False,6.0,300.0,300.0,,3.0,,+914471967738,https://www.practo.com/chennai/hospital/dentistree-international-dental-hospital-velachery?referrer=hospital_listing,https://images1-fabric.practo.com/practices/679210/dentistree-dental-hospitals-chennai-5ced01020e9dd.png,VN,practo,,1.0,canonical,669,Q2,,Mid-Market,0.231015
hosp_6dccd5663e301e19,BONSPERO - Center For Musculoskeletal Wellness,bonspero center for musculoskeletal wellness,Chennai,Hospital,Thiruvanmiyur,,12.988970841879127,80.25489091873169,87618c41bffffff,,5.0,1.0,True,,350.0,350.0,4.0,40.0,,+914440116807,https://www.practo.com/chennai/hospital/bonspero-center-for-musculoskeletal-wellness-thiruvanmiyur?referrer=hospital_listing,https://images1-fabric.practo.com/practices/1151759/bon-spero-center-for-musculoskeletal-wellness-chennai-5964721217d02.png,VN,practo,,1.0,canonical,670,Q2,,Mid-Market,0.230974
hosp_7b2d60898be5c121,Geri Care Hospital T.Nagar,geri care hospital t nagar,Chennai,Hospital,Pondy Bazaar,,13.0439483,80.2406077,87618c4f2ffffff,,4.0,2.0,False,,0.0,0.0,,,,+914446276052,https://www.practo.com/chennai/hospital/geri-care-hospital-t-nagar-1-pondy-bazaar?referrer=hospital_listing,,VN,practo,,1.0,canonical,671,Q2,,Mid-Market,0.230707
hosp_3e6058b227a0c046,Venkateshwara hospital,venkateshwara hospital,Chennai,Hospital,Nerkundram,,13.0622573,80.1793689,87618c4d1ffffff,,4.0,2.0,False,,0.0,0.0,,,,+914461711207,https://www.practo.com/chennai/hospital/venkateshwara-hospital-nerkundram?referrer=hospital_listing,,VN,practo,,1.0,canonical,672,Q2,,Mid-Market,0.230707
hosp_2f2cccb00c86064f,Bethesda Hospital,bethesda hospital,Chennai,Hospital,Tambaram,,12.9197131,80.1443848,87618c451ffffff,,1.0,3.0,False,,250.0,250.0,,4.0,,+914446315859,https://www.practo.com/chennai/hospital/bethesda-hospital-tambaram?referrer=hospital_listing,,VN,practo,,1.0,canonical,673,Q2,,Mid-Market,0.230698
hosp_2c5d2db2e98b522b,Laser Gastroenterolgy Clinic,laser gastroenterolgy clinic,Chennai,Hospital,Porur,,13.061623,80.196317,87618c4d5ffffff,,1.0,3.0,False,9.0,500.0,500.0,,3.0,,+914446271587,https://www.practo.com/chennai/hospital/laser-gastroenterolgy-clinic-porur?referrer=hospital_listing,https://images1-fabric.practo.com/practices/1268997/laser-gastroenterolgy-clinic-chennai-5da420b429a39.jpg,VN,practo,,1.0,canonical,674,Q2,,Mid-Market,0.230655
hosp_ce774bdbca8e21e3,Suguna Hospital,suguna hospital,Chennai,Hospital,Padi,,13.09478,80.18569,87618c4d3ffffff,,1.0,3.0,False,,150.0,300.0,,,,+914448134925,https://www.practo.com/chennai/hospital/suguna-hospital-padi?referrer=hospital_listing,https://images1-fabric.practo.com/practices/873283/suguna-hospital-chennai-6658702180bfa.png,VN,practo,,1.0,canonical,675,Q2,,Mid-Market,0.230527
hosp_b5458f291ef3a141,V.P Hospital,v p hospital,Chennai,Hospital,Perungudi,,12.965365,80.221209,87618c4e4ffffff,,1.0,3.0,False,,100.0,100.0,,,,+914471967339,https://www.practo.com/chennai/hospital/v-p-hospital-perungudi?referrer=hospital_listing,,VN,practo,,1.0,canonical,676,Q2,,Mid-Market,0.230527
hosp_5d0aab169359e99b,Laser Kidney Stone Clinic,laser kidney stone clinic,Chennai,Hospital,Porur,,13.029491,80.184886,87618c4c0ffffff,,1.0,3.0,False,9.0,500.0,500.0,,,,+914446270809,https://www.practo.com/chennai/hospital/laser-kidney-stone-clinic-1-porur?referrer=hospital_listing,https://images1-fabric.practo.com/practices/1268992/laser-kidney-stone-clinic-chennai-5da41cacdea90.jpg,VN,practo,,1.0,canonical,677,Q2,,Mid-Market,0.230527
hosp_691636aa4e2c3be1,Pristyn Care Madras Scan,pristyn care madras scan,Chennai,Hospital,Kilpauk,,9.941469404837513,78.12514674109322,87603422effffff,,1.0,3.0,False,7.0,0.0,0.0,,,,+914448132959,https://www.practo.com/chennai/hospital/pristyn-care-madras-scan-kilpauk?referrer=hospital_listing,https://images1-fabric.practo.com/practices/1363913/pristyn-care-madras-scan-chennai-69f1dd323b608.jpeg?original_image=https://images1-fabric.practo.com/pristyn-care-madras-scan-chennai-69f1dd323b608-original.jpeg,ABS,practo,,1.0,canonical,678,Q2,,Mid-Market,0.230527
hosp_6a6aa21516612eba,Chennai Eye Care Hospital,chennai eye care hospital,Chennai,Hospital,Velachery,,12.975971,80.221209,87618c4e6ffffff,,1.0,2.0,False,,300.0,300.0,4.5,12.0,,+914461711207,https://www.practo.com/chennai/hospital/chennai-eye-care-hospital-velachery?referrer=hospital_listing,,VN,practo,,1.0,canonical,679,Q2,,Mid-Market,0.230365
hosp_d30198a5342043fa,Dentistree Dental Hospitals,dentistree dental hospitals,Chennai,Hospital,Anna Nagar,,13.092697803738,80.208516698331,87618c4d2ffffff,,6.0,1.0,False,6.0,100.0,300.0,,2.0,,+914471967083,https://www.practo.com/chennai/hospital/dentistree-5-anna-nagar?referrer=hospital_listing,https://images1-fabric.practo.com/practices/738288/dentistree-dental-hospitals-chennai-5cecd3fec66bd.png,VN,practo,,1.0,canonical,680,Q2,,Mid-Market,0.230204
hosp_c9d0cde4f55266db,Sham's Rheumatic Care Centre,sham s rheumatic care centre,Chennai,Hospital,KK Nagar,,13.038885202898,80.200774669647,87618c4c6ffffff,,3.0,2.0,False,,0.0,500.0,,6.0,,+914471967020,https://www.practo.com/chennai/hospital/sham-s-rheumatic-care-centre-virugambakkam?referrer=hospital_listing,https://images1-fabric.practo.com/sham-s-rheumatic-care-centre-chennai-1439660974-55cf7bae6b76a.jpg,VN,practo,,1.0,canonical,681,Q2,,Mid-Market,0.230194
hosp_0de95de0ba61ed96,Dentistree Dental Hospitals,dentistree dental hospitals,Chennai,Hospital,Ashok Nagar,,13.03175930182,80.211674643215,87618c4f3ffffff,,6.0,1.0,False,6.0,300.0,300.0,,,,+914471967143,https://www.practo.com/chennai/hospital/dentistree-dental-care-ashok-nagar-ashok-nagar?referrer=hospital_listing,https://images1-fabric.practo.com/practices/1132589/dentistree-dental-hospitals-chennai-5ced10e61f42a.png,VN,practo,,1.0,canonical,682,Q2,,Mid-Market,0.230118
hosp_ebc3cf87a46148ca,G K M Hospital,g k m hospital,Chennai,Hospital,Purasawakkam,,13.090039,80.258533,87618c48bffffff,,3.0,2.0,False,,0.0,0.0,,4.0,,+914448134923,https://www.practo.com/chennai/hospital/g-k-m-hospital-purasawakkam-1?referrer=hospital_listing,,VN,practo,,1.0,canonical,683,Q2,,Mid-Market,0.230109
hosp_83b93210d54e4213,Vasan Eye Care Hospital,vasan eye care hospital,Chennai,Hospital,Valasaravakkam,,13.041038350090762,80.17446756362915,87618c4c2ffffff,,3.0,2.0,False,7.0,100.0,100.0,,,,+914471967017,https://www.practo.com/chennai/hospital/vasan-eye-care-hospital-valasaravakkam-valasaravakkam?referrer=hospital_listing,https://images1-fabric.practo.com/vasan-eye-care-hospital-chennai-1465562060-575ab3cc9e973.jpg,VN,practo,,1.0,canonical,684,Q2,,Mid-Market,0.229938
hosp_0e5f5b446072882f,ROYAL MOTHER HOSPITAL,royal mother hospital,Chennai,Hospital,Ashok Nagar,,13.0441119,80.2103639,87618c4f3ffffff,,3.0,2.0,False,,0.0,0.0,,,,+911142246366,https://www.practo.com/chennai/hospital/royal-mother-hospital-1-ashok-nagar?referrer=hospital_listing,,VN,practo,,1.0,canonical,685,Q2,,Mid-Market,0.229938
hosp_74c96503e9e57261,Military Hospital,military hospital,Chennai,Hospital,Nandambakkam,,13.0116505,80.1941256,87618c4c4ffffff,,3.0,2.0,False,,0.0,0.0,,,,+914461712656,https://www.practo.com/chennai/hospital/military-hospital-1-nandambakkam?referrer=hospital_listing,,VN,practo,,1.0,canonical,686,Q2,,Mid-Market,0.229938
hosp_8617e8b8b092bbe0,USHA HOSPITAL -FERTILITY & MATERNITY,usha hospital fertility maternity,Chennai,Hospital,Perungalathur,,12.9174095,80.0801235,87618c459ffffff,,3.0,2.0,False,,0.0,0.0,,,,+911142246372,https://www.practo.com/chennai/hospital/usha-hospital-fertility-maternity-perungalathur?referrer=hospital_listing,,VN,practo,,1.0,canonical,687,Q2,,Mid-Market,0.229938
hosp_c2ac0eb27b33f121,Military Hospital,military hospital,Chennai,Hospital,Gandhi Nagar,,13.0190969,80.1971875,87618c4c4ffffff,,3.0,2.0,False,,0.0,0.0,,,,+914461712675,https://www.practo.com/chennai/hospital/military-hospital-1-gandhi-nagar?referrer=hospital_listing,,VN,practo,,1.0,canonical,688,Q2,,Mid-Market,0.229938
hosp_32caca1c85606b16,Dentistree Dental Hospitals,dentistree dental hospitals,Chennai,Hospital,Tambaram,,12.91510271613,80.152102257125,87618c451ffffff,,5.0,1.0,False,6.0,300.0,300.0,,9.0,,+914471967258,https://www.practo.com/chennai/hospital/dentistree-5-tambaram?referrer=hospital_listing,https://images1-fabric.practo.com/practices/740568/dentistree-dental-hospitals-chennai-5cecf9a84868d.png,VN,practo,,1.0,canonical,689,Q2,,Mid-Market,0.229733
hosp_a866945bf0fadec0,Dentistree Dental Hospitals,dentistree dental hospitals,Chennai,Hospital,Teynampet,,13.035354,80.248221,87618c4f6ffffff,,5.0,1.0,False,6.0,300.0,300.0,,7.0,,+914471967084,https://www.practo.com/chennai/hospital/dentistree-clinics-teynampet?referrer=hospital_listing,https://images1-fabric.practo.com/practices/669809/dentistree-dental-hospitals-chennai-5cebcd971afb7.png,VN,practo,,1.0,canonical,690,Q2,,Mid-Market,0.229647
hosp_251830e4cf0afa42,Ramani Hospital,ramani hospital,Chennai,Hospital,KK Nagar,,13.040144308877,80.208777457672,87618c4f3ffffff,,2.0,2.0,False,,0.0,400.0,,9.0,,+914448134926,https://www.practo.com/chennai/hospital/ramani-hospital-kk-nagar-1?referrer=hospital_listing,https://images1-fabric.practo.com/practices/1113968/ramani-hospital-chennai-5c8cc9fc7a460.jpg,VN,practo,,1.0,canonical,691,Q2,,Mid-Market,0.229553
hosp_5963867b0d75ff3e,Dr Agarwals Eye Hospital,dr agarwals eye hospital,Chennai,Hospital,Periyar Nagar,,13.113807918782035,80.22719875767271,87618eb25ffffff,,5.0,1.0,False,,300.0,500.0,,3.0,,+918047282998,https://www.practo.com/chennai/hospital/dr-agarwal-s-eye-hospital-perambur-periyar-nagar-1?referrer=hospital_listing,https://images1-fabric.practo.com/practices/2189693/dr-agarwal-s-eye-hospital-perambur-chennai-69fc3ed963c96.png,ABS,practo,,1.0,canonical,692,Q2,,Mid-Market,0.229477
hosp_eacedb4ed8e4b106,Apollo Cradle,apollo cradle,Chennai,Hospital,Karapakkam,,12.916192609367997,80.22995248418738,87618c408ffffff,,21.0,10.0,True,12.0,500.0,1500.0,4.0,196.0,,+914471967336,https://www.practo.com/chennai/hospital/apollo-medical-center-karapakkam-1?referrer=hospital_listing,https://images1-fabric.practo.com/practices/1129482/apollo-medical-center-chennai-59d7527435890.jpg,ABS,practo,,1.0,canonical,693,Q2,,Mid-Market,0.229383
hosp_604a1987807a9f22,Shanta Ayurveda Hospital,shanta ayurveda hospital,Chennai,Hospital,T Nagar,,13.042097,80.244443,87618c4f2ffffff,,2.0,2.0,False,,200.0,200.0,,2.0,,+914471967714,https://www.practo.com/chennai/hospital/shanta-ayurveda-hospital-t-nagar?referrer=hospital_listing,https://images1-fabric.practo.com/practices/1247517/shanta-ayurveda-hospital-chennai-5c91dcdf114bc.png,VN,practo,,1.0,canonical,694,Q2,,Mid-Market,0.229254
hosp_096026f642c290e9,Dr. Mohan's Diabetic Specialities Centre,dr mohan s diabetic specialities centre,Chennai,Hospital,Tambaram East,,12.925576,80.128335,87618c45effffff,,2.0,2.0,False,,0.0,700.0,,,,+914471967351,https://www.practo.com/chennai/hospital/dr-mohan-s-diabetic-specialities-centre-tambaram-east?referrer=hospital_listing,,VN,practo,,1.0,canonical,695,Q2,,Mid-Market,0.229169
hosp_6ae663335b6637a5,Vasan Eye Care Hospital,vasan eye care hospital,Chennai,Hospital,Tiruvottiyur,,13.159139985215578,80.30181884765625,87618c49affffff,,2.0,2.0,False,7.0,100.0,100.0,,,,+914471967336,https://www.practo.com/chennai/hospital/vasan-eye-care-21-tiruvottiyur?referrer=hospital_listing,https://images1-fabric.practo.com/vasan-eye-care-chennai-1465364403-5757afb3d7713.jpg,VN,practo,,1.0,canonical,696,Q2,,Mid-Market,0.229169
hosp_ccebf05a2e233bfb,Vasan Eye Care Hospital - Triplicane,vasan eye care hospital triplicane,Chennai,Hospital,Triplicane,,13.060268,80.27436,87618c48cffffff,,2.0,2.0,False,,100.0,200.0,,,,+914471967017,https://www.practo.com/chennai/hospital/vasan-eye-care-hospital-triplicane-triplicane?referrer=hospital_listing,,VN,practo,,1.0,canonical,697,Q2,,Mid-Market,0.229169
hosp_28c274f5eb7a7a38,OPHA Rehabilitation Hospital,opha rehabilitation hospital,Chennai,Hospital,Vandalur,,12.8915261,80.058998,87618c44bffffff,,2.0,2.0,False,,0.0,500.0,,,,+914446312570,https://www.practo.com/chennai/hospital/opha-rehabilitation-hospital-vandalur?referrer=hospital_listing,,VN,practo,,1.0,canonical,698,Q2,,Mid-Market,0.229169
hosp_e9612f6ddd98c72f,Chennai National Hospital - Kilpauk,chennai national hospital kilpauk,Chennai,Hospital,Chetpet,,13.0781186,80.2457881,87618c489ffffff,,2.0,2.0,False,,0.0,0.0,,,,+914446270809,https://www.practo.com/chennai/hospital/chennai-national-hospital-kilpauk-2-chetpet?referrer=hospital_listing,,VN,practo,,1.0,canonical,699,Q2,,Mid-Market,0.229169
hosp_f138db6513bb31de,"Fortis Malar Hospital, Adyar, Chennai",fortis malar hospital adyar chennai,Chennai,Hospital,Bishop Garden,,13.0101544,80.258616,87618c4f4ffffff,,2.0,2.0,False,,0.0,0.0,,,,+914446312690,https://www.practo.com/chennai/hospital/fortis-malar-hospital-adyar-chennai-bishop-garden?referrer=hospital_listing,,VN,practo,,1.0,canonical,700,Q2,,Mid-Market,0.229169
hosp_18a9defa4c1be077,"Dr Agarwals Eye Hospital, Chennai",dr agarwals eye hospital chennai,Chennai,Hospital,Cit Colony,,13.0432396,80.2591424,87618c4f6ffffff,,2.0,2.0,False,,0.0,0.0,,,,+914446312570,https://www.practo.com/chennai/hospital/dr-agarwals-eye-hospital-chennai-cit-colony?referrer=hospital_listing,,VN,practo,,1.0,canonical,701,Q2,,Mid-Market,0.229169
hosp_99dfb897746258ba,Aakash Hospital,aakash hospital,Chennai,Hospital,Pulianthope,,13.1127259,80.2817893,87618c499ffffff,,2.0,2.0,False,,0.0,0.0,,,,+914448132961,https://www.practo.com/chennai/hospital/aakash-hospital-1-pulianthope?referrer=hospital_listing,,VN,practo,,1.0,canonical,702,Q2,,Mid-Market,0.229169
hosp_e52f8c0f2aef155a,KCK Hospital,kck hospital,Chennai,Hospital,Kolathur,,13.1291389,80.215909,87618eb21ffffff,,2.0,2.0,False,,0.0,0.0,,,,+914446312566,https://www.practo.com/chennai/hospital/kck-hospital-kolathur?referrer=hospital_listing,,VN,practo,,1.0,canonical,703,Q2,,Mid-Market,0.229169
hosp_08ad0dff53638606,Pavithra Hospital Erukkancherry,pavithra hospital erukkancherry,Chennai,Hospital,Moolakadai,,13.1261566,80.2490871,87618eb20ffffff,,2.0,2.0,False,,0.0,0.0,,,,+914446271587,https://www.practo.com/chennai/hospital/pavithra-hospital-erukkancherry-moolakadai?referrer=hospital_listing,,VN,practo,,1.0,canonical,704,Q2,,Mid-Market,0.229169
hosp_6469bbb2c3beb291,Delta Hospitals,delta hospitals,Chennai,Hospital,Alandur,,12.9934683,80.2006649,87618c4e2ffffff,,2.0,2.0,False,,0.0,0.0,,,,+914446312691,https://www.practo.com/chennai/hospital/delta-hospitals-alandur?referrer=hospital_listing,,VN,practo,,1.0,canonical,705,Q2,,Mid-Market,0.229169
hosp_2495e8df40fcdf0e,Sri Muthukumaran Medical college and Hospital,sri muthukumaran medical college hospital,Chennai,Hospital,Mangadu,,13.017938075150177,80.10895729064941,87618c4c8ffffff,,2.0,2.0,False,,0.0,100.0,,,,+914446314530,https://www.practo.com/chennai/hospital/sri-muthukumaran-medical-college-and-hospital-mangadu?referrer=hospital_listing,,VN,practo,,1.0,canonical,706,Q2,,Mid-Market,0.229169
hosp_4c50e4a9de0775e3,Birla Fertility & IVF,birla fertility ivf,Chennai,Hospital,Koyambedu,,13.0705527,80.2034482,87618c4d0ffffff,,2.0,2.0,False,,600.0,800.0,,,,+914446271587,https://www.practo.com/chennai/hospital/baby-science-ivf-clinic-chennai-koyambedu?referrer=hospital_listing,https://images1-fabric.practo.com/practices/1409705/baby-science-ivf-clinic-chennai-chennai-63a57ab5af804.JPG,ABS,practo,,1.0,canonical,707,Q2,,Mid-Market,0.229169
hosp_eedc9d5494774673,Vasan Dental Hospital,vasan dental hospital,Chennai,Hospital,Saidapet,,13.022846,80.227021,87618c4f0ffffff,,4.0,1.0,False,4.0,100.0,100.0,,2.0,,+914471967020,https://www.practo.com/chennai/hospital/vasan-dental-hospital-saidapet?referrer=hospital_listing,https://images1-fabric.practo.com/practices/642077/vasan-dental-hospital-chennai-5986d57d00488.jpeg,VN,practo,,1.0,canonical,708,Q1,,Economy,0.228665
hosp_1c412a1e73375e97,Clove Dental,clove dental,Chennai,Hospital,Mogappair East,,13.08139,80.181049,87618c4d1ffffff,,4.0,1.0,False,24.0,500.0,750.0,,2.0,,+914471967261,https://www.practo.com/chennai/hospital/clove-dental-mogappair-east?referrer=hospital_listing,https://images1-fabric.practo.com/practices/1182637/clove-dental-chennai-5aab767923d6f.png,VN,practo,,1.0,canonical,709,Q1,,Economy,0.228665
hosp_b159b0866559e6eb,Chennai hospital,chennai hospital,Chennai,Hospital,Pammal,,12.9734199,80.1308035,87618c4e9ffffff,,4.0,1.0,False,,0.0,0.0,,,,+911142246378,https://www.practo.com/chennai/hospital/chennai-hospital-1-pammal?referrer=hospital_listing,,active,practo,,1.0,canonical,710,Q1,,Economy,0.22858
hosp_e1a1e7d8142d0030,Clove Dental,clove dental,Chennai,Hospital,Velachery,,12.98785,80.218198,87618c4e2ffffff,,4.0,1.0,False,24.0,500.0,750.0,,,,+914448134927,https://www.practo.com/chennai/hospital/clove-dental-velachery?referrer=hospital_listing,https://images1-fabric.practo.com/practices/1182577/clove-dental-chennai-5aab4e44d57b8.png,VN,practo,,1.0,canonical,711,Q1,,Economy,0.22858
hosp_555023cc45a1c2b0,Sree Balaji  Hospitals,sree balaji hospitals,Chennai,Hospital,Mogappair,,67.001113057135,65.422987066556,871049d21ffffff,,1.0,2.0,False,,500.0,500.0,,4.0,,+914461712706,https://www.practo.com/chennai/hospital/sreebalaji-hosp-and-rps-hospital-mogappair?referrer=hospital_listing,,VN,practo,,1.0,canonical,712,Q1,,Economy,0.22857
hosp_d1e628dab6ddf2ca,Pallava Hospital,pallava hospital,Chennai,Hospital,KK Nagar,,13.033425522136215,80.21198356022069,87618c4f3ffffff,,1.0,2.0,False,,500.0,500.0,,3.0,,+914471967341,https://www.practo.com/chennai/hospital/pallava-hospital-chennai-kk-nagar?referrer=hospital_listing,,VN,practo,,1.0,canonical,713,Q1,,Economy,0.228528
hosp_2eba4285ee99cfca,Dr. Mohan’s Diabetes Specialities Centre,dr mohans diabetes specialities centre,Chennai,Hospital,Avadi,,13.119023,80.090887,87618eb71ffffff,,1.0,2.0,False,,700.0,700.0,,2.0,,+914448134926,https://www.practo.com/chennai/hospital/dr-mohan-s-diabetes-specialities-centre?referrer=hospital_listing,,VN,practo,,1.0,canonical,714,Q1,,Economy,0.228485
hosp_b18b832a7e5da7f5,Sri Devi hospital -Anna nagar,sri devi hospital anna nagar,Chennai,Hospital,Anna Nagar,,13.08949,80.20234,87618c4d3ffffff,,1.0,2.0,False,,500.0,500.0,,2.0,,+914471967343,https://www.practo.com/chennai/hospital/sri-devi-hospital-anna-nagar-anna-nagar-1?referrer=hospital_listing,,VN,practo,,1.0,canonical,715,Q1,,Economy,0.228485
hosp_b7f8cc4358995521,Dr. Aravind's IVF Fertility & Pregnancy Centre,dr aravind s ivf fertility pregnancy centre,Chennai,Hospital,Medavakkam,,12.972109002499256,80.1911069274299,87618c4e1ffffff,,1.0,2.0,False,,500.0,500.0,,,,+918071175342,https://www.practo.com/chennai/hospital/dr-aravind-s-ivf-fertility-pregnancy-centre-medavakkam?referrer=hospital_listing,https://images1-fabric.practo.com/practices/1448211/dr-aravind-s-ivf-fertility-pregnancy-centre-chennai-65a24a2e2aed5.jpeg,ABS,practo,,1.0,canonical,716,Q1,,Economy,0.2284
hosp_44837b17933fbcdb,A M Hospital,m hospital,Chennai,Hospital,Kovilambakkam,,12.934484140873666,80.18206793814898,87618c452ffffff,,1.0,2.0,False,,300.0,300.0,,,,+911142246386,https://www.practo.com/chennai/hospital/a-m-hospital-kovilambakkam?referrer=hospital_listing,,ABS,practo,,1.0,canonical,717,Q1,,Economy,0.2284
hosp_7781f56081ad5e11,Fred Hutch Cancer Center - South Lake Union Clinic Building 1,fred hutch cancer center south lake union clinic building 1,Chennai,Hospital,Broadway,,47.626458,-122.3298046,8728d5428ffffff,,1.0,2.0,False,,0.0,0.0,,,,8555570555,https://www.practo.com/chennai/hospital/fred-hutch-cancer-center-south-lake-union-clinic-building-1-broadway?referrer=hospital_listing,,VN,practo,,1.0,canonical,718,Q1,,Economy,0.2284
hosp_225411775b23654e,K.R Hospital,k r hospital,Chennai,Hospital,Guduvanchery,,12.842325853935,80.057688344937,87618c732ffffff,,1.0,2.0,False,,200.0,200.0,,,,+914461711207,https://www.practo.com/chennai/hospital/k-r-hospital-4-guduvanchery?referrer=hospital_listing,,VN,practo,,1.0,canonical,719,Q1,,Economy,0.2284
hosp_26e3676878918fe0,Rajan Hospital,rajan hospital,Chennai,Hospital,Tambaram,,12.881425,80.193468,87618c473ffffff,,1.0,2.0,False,,100.0,100.0,,,,+914471967343,https://www.practo.com/chennai/hospital/rajan-hospital-sithalapakkam?referrer=hospital_listing,https://images1-fabric.practo.com/practices/768554/rajan-hospital-chennai-665ad95ed8354.png,VN,practo,,1.0,canonical,720,Q1,,Economy,0.2284
hosp_a60c3b1fbb9b0935,CM Hospital,cm hospital,Chennai,Hospital,Pazavanthangal,,12.9857747,80.1859035,87618c4e3ffffff,,1.0,2.0,False,,0.0,0.0,,,,+914471967258,https://www.practo.com/chennai/hospital/cm-hospital-pazavanthangal?referrer=hospital_listing,,VN,practo,,1.0,canonical,721,Q1,,Economy,0.2284
hosp_4d8a1c6be58c0646,Government Royapettah Hospital,government royapettah hospital,Chennai,Hospital,Royapettah,,13.0552786,80.2648512,87618c48dffffff,,1.0,2.0,False,,0.0,0.0,,,,+914446312510,https://www.practo.com/chennai/hospital/government-royapettah-hospital-royapettah?referrer=hospital_listing,,VN,practo,,1.0,canonical,722,Q1,,Economy,0.2284
hosp_25115b42f9191d1e,G.R. Hospital and Fertility Centre,g r hospital fertility centre,Chennai,Hospital,Alandur,,12.9952704,80.2068802,87618c4e2ffffff,,1.0,2.0,False,,0.0,0.0,,,,+914471967261,https://www.practo.com/chennai/hospital/g-r-hospital-and-fertility-centre-alandur?referrer=hospital_listing,,VN,practo,,1.0,canonical,723,Q1,,Economy,0.2284
hosp_e4947f0d9a2aa0fb,Indira Medical College and Hospitals,indira medical college hospitals,Chennai,Hospital,Thiruvallur,,13.15091,79.849704,87618c69bffffff,,1.0,2.0,False,,300.0,300.0,,,,+914448132959,https://www.practo.com/chennai/hospital/indira-medical-college-and-hospitals-thiruvallur?referrer=hospital_listing,,VN,practo,,1.0,canonical,724,Q1,,Economy,0.2284
hosp_5548a4da30d0ee65,Annai Theresa Hospitals Pvt Ltd,annai theresa hospitals,Chennai,Hospital,Medavakkam,,12.9183607,80.1892064,87618c456ffffff,,1.0,2.0,False,,0.0,0.0,,,,+914446312570,https://www.practo.com/chennai/hospital/annai-theresa-hospitals-pvt-ltd-medavakkam?referrer=hospital_listing,,VN,practo,,1.0,canonical,725,Q1,,Economy,0.2284
hosp_fb6ff6478c8510cd,SriSai Subhramaniya Hospital,srisai subhramaniya hospital,Chennai,Hospital,Thirumullaivoyal,,13.1386178,80.1333347,87618eb76ffffff,,1.0,2.0,False,,0.0,0.0,,,,+914471967714,https://www.practo.com/chennai/hospital/srisai-subhramaniya-hospital-thirumullaivoyal?referrer=hospital_listing,,VN,practo,,1.0,canonical,726,Q1,,Economy,0.2284
hosp_c1613d48d275b002,A.C.Hospital,c hospital,Chennai,Hospital,Ayanavaram,,13.097906,80.2304654,87618eb25ffffff,,1.0,2.0,False,,0.0,0.0,,,,+914440114419,https://www.practo.com/chennai/hospital/a-c-hospital-ayanavaram-4?referrer=hospital_listing,,VN,practo,,1.0,canonical,727,Q1,,Economy,0.2284
hosp_f91c5defd01be1ae,chennai stanly hospital,chennai stanly hospital,Chennai,Hospital,Royapuram,,13.1063692,80.2871226,87618c49dffffff,,1.0,2.0,False,,0.0,0.0,,,,+914446271587,https://www.practo.com/chennai/hospital/chennai-stanly-hospital-royapuram?referrer=hospital_listing,,VN,practo,,1.0,canonical,728,Q1,,Economy,0.2284
hosp_f4eaa2983916e63c,SRINIVASAN HOSPITAL,srinivasan hospital,Chennai,Hospital,Koyambedu,,13.0623895,80.1853402,87618c4d1ffffff,,1.0,2.0,False,,0.0,0.0,,,,+914471967738,https://www.practo.com/chennai/hospital/srinivasan-hospital-koyambedu?referrer=hospital_listing,,VN,practo,,1.0,canonical,729,Q1,,Economy,0.2284
hosp_3bdf0b20e1660147,"Retteri Kumaran Hospital, Chennai",retteri kumaran hospital chennai,Chennai,Hospital,Balakumaran Nagar,,13.1311153,80.2138625,87618eb21ffffff,,1.0,2.0,False,,0.0,0.0,,,,+914446312550,https://www.practo.com/chennai/hospital/retteri-kumaran-hospital-chennai-balakumaran-nagar?referrer=hospital_listing,,VN,practo,,1.0,canonical,730,Q1,,Economy,0.2284
hosp_c3b47e036e71b282,Sri Devi hospital- vadapalani,sri devi hospital vadapalani,Chennai,Hospital,Vadapalani,,13.078758,80.253929,87618c489ffffff,,1.0,2.0,False,,500.0,500.0,,,,+914471967343,https://www.practo.com/chennai/hospital/sri-devi-hospital-vadapalani-vadapalani?referrer=hospital_listing,,VN,practo,,1.0,canonical,731,Q1,,Economy,0.2284
hosp_614730cf236a6279,MEHARAJ HOSPITAL Dr.MOHAMED YASEEN,meharaj hospital dr mohamed yaseen,Chennai,Hospital,Thyagarajapuram,,13.1577322,80.3029635,87618c49affffff,,1.0,2.0,False,,0.0,0.0,,,,+914446314530,https://www.practo.com/chennai/hospital/meharaj-hospital-dr-mohamed-yaseen-thyagarajapuram?referrer=hospital_listing,,VN,practo,,1.0,canonical,732,Q1,,Economy,0.2284
hosp_1930c17ec81953d8,Tanishq Nakhstra hospital - Tondiarpet,tanishq nakhstra hospital tondiarpet,Chennai,Hospital,Tondiarpet,,13.169191,80.304579,87618e869ffffff,,1.0,2.0,False,,500.0,500.0,,,,+914471967343,https://www.practo.com/chennai/hospital/tanishq-nakhstra-hospital-tondiarpet-tondiarpet?referrer=hospital_listing,,VN,practo,,1.0,canonical,733,Q1,,Economy,0.2284
hosp_c0a4e2b9974fd8f2,Apollo Family Clinic,apollo family clinic,Chennai,Hospital,Valasaravakkam,,13.041004,80.180468,87618c4c2ffffff,,1.0,2.0,False,3.0,600.0,600.0,,,,+914471967351,https://www.practo.com/chennai/hospital/apollo-family-clinic-valasaravakkam?referrer=hospital_listing,,VN,practo,,1.0,canonical,734,Q1,,Economy,0.2284
hosp_58134a7f8e943abc,Pristyn Care- Progress Heart and specialty Clinics,pristyn care progress heart specialty clinics,Chennai,Hospital,Anna Nagar,,13.085246739817,80.210607207167,87618c4d0ffffff,,1.0,2.0,False,7.0,0.0,0.0,,,,+912071177430,https://www.practo.com/chennai/hospital/pristyn-care-clinic-erandwane?referrer=hospital_listing,https://images1-fabric.practo.com/practices/1366552/pristyn-care-clinic-chennai-69d0fdfab5994.jpeg,ABS,practo,,1.0,canonical,735,Q1,,Economy,0.2284
hosp_3123722a9ce19b92,Miracle Advanced Reproductive Centre,miracle advanced reproductive centre,Chennai,Hospital,Kilpauk,,13.078275,80.24451,87618c489ffffff,,2.0,5.0,True,,1000.0,1000.0,3.0,13.0,2008.0,+918037320104,https://www.practo.com/chennai/hospital/miracle-advanced-reproductive-centre-kilpauk?referrer=hospital_listing,https://images1-fabric.practo.com/practices/653558/miracle-advanced-reproductive-centre-chennai-59b65da4e47aa.JPG,ABS,practo,,1.0,canonical,736,Q1,,Economy,0.228252
hosp_c88ff3048affdc1b,Chettinad Super Speciality Hospital,chettinad super speciality hospital,Chennai,Hospital,Kelambakkam,,12.759359115422,80.21637793519,87618c54effffff,,37.0,23.0,True,,800.0,1300.0,3.5,58.0,,+918045680196,https://www.practo.com/chennai/hospital/chettinad-kelambakkam?referrer=hospital_listing,https://images1-fabric.practo.com/practices/1256810/chettinad-chennai-67e68b760a72f.png,ABS,practo,,1.0,canonical,737,Q1,,Economy,0.228184
hosp_0f895fcaf475425f,Dr Batra's Positive Health Clinic Pvt Ltd,dr batra s positive health clinic,Chennai,Hospital,Porur,,13.0393542,80.1317395,87618c4ceffffff,,3.0,1.0,False,7.0,499.0,499.0,,4.0,,+914448132959,https://www.practo.com/chennai/hospital/dr-batras-positive-health-clinic-pvt-ltd-1-porur?referrer=hospital_listing,https://images1-fabric.practo.com/practices/1026758/dr-batra-s-positive-health-clinic-pvt-ltd-chennai-640f0cccbb656.png,VN,practo,,1.0,canonical,738,Q1,,Economy,0.227981
hosp_94a8e5d38d42623d,Brain & Spine Hospital ,brain spine hospital,Chennai,Hospital,CIT Nagar,,13.0280449,80.2256558,87618c4f0ffffff,,3.0,1.0,False,,0.0,500.0,,3.0,,+914471967335,https://www.practo.com/chennai/hospital/neurosurgeon-cit-nagar?referrer=hospital_listing,,VN,practo,,1.0,canonical,739,Q1,,Economy,0.227938
hosp_3b81b7a2011c060b,Ragas Dental College And Hospital,ragas dental college hospital,Chennai,Hospital,ECR Road,,12.860535497857915,80.24147886782885,87618c429ffffff,,3.0,1.0,False,,150.0,200.0,,2.0,,+914471967155,https://www.practo.com/chennai/hospital/siva-dental-clinic-3-guduvanchery?referrer=hospital_listing,,VN,practo,,1.0,canonical,740,Q1,,Economy,0.227896
hosp_0bcc5b582b1de218,M.N. Eye Hospital,m n eye hospital,Chennai,Hospital,Tondiarpet,,13.131624,80.25247,87618eb26ffffff,,3.0,1.0,False,,0.0,300.0,,,,+914448134923,https://www.practo.com/chennai/hospital/m-n-eye-hospital-tondiarpet?referrer=hospital_listing,https://images1-fabric.practo.com/543f558220357938d894cc8c600e44a250b4d77f26218.jpg,VN,practo,,1.0,canonical,741,Q1,,Economy,0.227811
hosp_925a26cde295761f,Vasan Eye Care Hospital - Madhavaram,vasan eye care hospital madhavaram,Chennai,Hospital,Madhavaram,,13.149528452881306,80.22969961166382,87618eb23ffffff,,3.0,1.0,False,7.0,100.0,100.0,,,,+914471967017,https://www.practo.com/chennai/hospital/vasan-eye-care-hospital-madhavaram-madhavaram?referrer=hospital_listing,https://images1-fabric.practo.com/vasan-eye-care-hospital-madhavaram-chennai-1465535070-575a4a5e42252.jpg,VN,practo,,1.0,canonical,742,Q1,,Economy,0.227811
hosp_a3b3e74c807b688e,Jeyam hospital,jeyam hospital,Chennai,Hospital,Selaiyur,,12.8887226,80.1401055,87618c442ffffff,,3.0,1.0,False,,0.0,0.0,,,,+911142246386,https://www.practo.com/chennai/hospital/jeyam-hospital-selaiyur?referrer=hospital_listing,,VN,practo,,1.0,canonical,743,Q1,,Economy,0.227811
hosp_5e26ea9421093dca,Clove Dental,clove dental,Chennai,Hospital,OMR Road,,12.954286,80.241938,87618c419ffffff,,3.0,1.0,False,24.0,500.0,750.0,,,,+914446271587,https://www.practo.com/chennai/hospital/clove-dental-omr-road?referrer=hospital_listing,https://images1-fabric.practo.com/practices/1182653/clove-dental-chennai-5aab8a571f2e0.png,VN,practo,,1.0,canonical,744,Q1,,Economy,0.227811
hosp_b133584c160ea174,Vasan Eye Care Hospital - Ambattur,vasan eye care hospital ambattur,Chennai,Hospital,Ambattur,,13.1226773,80.1491147,87618eb29ffffff,,2.0,1.0,False,6.0,400.0,400.0,,3.0,,+918045883573,https://www.practo.com/chennai/hospital/vasan-eye-care-hospital-ambattur-ambattur?referrer=hospital_listing,https://images1-fabric.practo.com/practices/674382/vasan-eye-care-hospital-ambattur-chennai-68c17ae7e58e2.png,ABS,practo,,1.0,canonical,745,Q1,,Economy,0.227169
hosp_a41318373de45c53,Paterson Cancer Center,paterson cancer center,Chennai,Hospital,Vadapalani,,13.048088,80.206895,87618c4d5ffffff,,2.0,1.0,False,,500.0,1000.0,,3.0,,+914448134923,https://www.practo.com/chennai/hospital/paterson-cancer-center-vadapalani?referrer=hospital_listing,,VN,practo,,1.0,canonical,746,Q1,,Economy,0.227169
hosp_252cc8fae3e5c393,Dr SRM Dental Hospital,dr srm dental hospital,Chennai,Hospital,Velachery,,12.989284,80.213071,87618c4e2ffffff,,2.0,1.0,False,,100.0,100.0,,3.0,,+914448134922,https://www.practo.com/chennai/hospital/dr-srm-dental-hospital-velachery?referrer=hospital_listing,https://images1-fabric.practo.com/dr-srm-dental-hospital-chennai-1490348530-58d4e9f271a80.png,VN,practo,,1.0,canonical,747,Q1,,Economy,0.227169
hosp_2a9c1ffcae6cf2de,Malar Fertility and Research Centre,malar fertility research centre,Chennai,Hospital,Tambaram,,12.9264285,80.1027186,87618c45bffffff,,2.0,1.0,False,,500.0,500.0,,3.0,,+914446314494,https://www.practo.com/chennai/hospital/malar-fertility-and-research-centre-tambaram?referrer=hospital_listing,https://images1-fabric.practo.com/practices/1300031/malar-fertility-and-research-centre-chennai-5f29497d1118d.jpg,VN,practo,,1.0,canonical,748,Q1,,Economy,0.227169
hosp_79fa942b77820c4b,New Life Med Hospital,new life med hospital,Chennai,Hospital,Gopalapuram,,13.053374,80.25767,87618c48dffffff,,2.0,5.0,True,,500.0,500.0,3.0,10.0,,+914440115002,https://www.practo.com/chennai/hospital/life-med-hospitals-gopalapuram?referrer=hospital_listing,https://images1-fabric.practo.com/practices/681464/life-med-hospitals-chennai-5d19bb3f0be31.jpg,VN,practo,,1.0,canonical,749,Q1,,Economy,0.227134
hosp_6fe64ff7684ae741,Dr. Agarwal's Eye Hospital,dr agarwal s eye hospital,Chennai,Hospital,Porur,,13.038193044101517,80.16199390859602,87618c4c3ffffff,,2.0,1.0,False,,300.0,500.0,,2.0,,+918047282989,https://www.practo.com/chennai/hospital/dr-agarwal-s-eye-hospital-13-porur?referrer=hospital_listing,https://images1-fabric.practo.com/practices/2090648/dr-agarwal-s-eye-hospital-chennai-68da5ccda408e.png,ABS,practo,,1.0,canonical,750,Q1,,Economy,0.227127
hosp_332719df4d6d7e61,ReLiva Physiotherapy & Rehab,reliva physiotherapy rehab,Chennai,Hospital,Valasaravakkam,,13.0419738,80.1788509,87618c4c2ffffff,,2.0,1.0,False,4.0,600.0,600.0,,2.0,,+914471967084,https://www.practo.com/chennai/hospital/reliva-physiotherapy-rehab-1-valasaravakkam?referrer=hospital_listing,https://images1-fabric.practo.com/practices/1267334/reliva-physiotherapy-rehab-chennai-6932bddb7ddf2.png,VN,practo,,1.0,canonical,751,Q1,,Economy,0.227127
hosp_b33a9f2d017be380,Dr. Agarwal's Eye Hospital,dr agarwal s eye hospital,Chennai,Hospital,Tambaram,,12.929812337344533,80.1198984779109,87618c458ffffff,,2.0,1.0,False,,100.0,500.0,,,,+918047282995,https://www.practo.com/chennai/hospital/dr-agarwal-s-eye-hospital-13-tambaram?referrer=hospital_listing,https://images1-fabric.practo.com/practices/2090617/dr-agarwal-s-eye-hospital-chennai-68da43ed254a3.png,ABS,practo,,1.0,canonical,752,Q1,,Economy,0.227041
hosp_f6c1f6e0ce266436,Rajan Eye Care Hospital,rajan eye care hospital,Chennai,Hospital,Kotturpuram,,13.015762,80.246402,87618c4f4ffffff,,2.0,1.0,False,,0.0,300.0,,,,+914471967014,https://www.practo.com/chennai/hospital/rajan-eye-care-hospital-kotturpuram-1?referrer=hospital_listing,,VN,practo,,1.0,canonical,753,Q1,,Economy,0.227041
hosp_a563772295f2b650,RR Dental Hospitals,rr dental hospitals,Chennai,Hospital,Vadapalani,,13.053329744026874,80.21356344223022,87618c4d5ffffff,,2.0,1.0,False,,0.0,0.0,,,,+914448134925,https://www.practo.com/chennai/hospital/rr-dental-hospitals-vadapalani?referrer=hospital_listing,,VN,practo,,1.0,canonical,754,Q1,,Economy,0.227041
hosp_eda0f4e21b65dc3c,Choolai 24 Hours Hospital,choolai 24 hours hospital,Chennai,Hospital,Choolai,,13.0891581,80.2638429,87618c488ffffff,,2.0,1.0,False,,0.0,0.0,,,,+911142246362,https://www.practo.com/chennai/hospital/choolai-24-hours-hospital-choolai?referrer=hospital_listing,,VN,practo,,1.0,canonical,755,Q1,,Economy,0.227041
hosp_60c15cfe35281b5b,St Anthony's Hospital,st anthony s hospital,Chennai,Hospital,Puzhal,,13.1618588,80.2044332,87618eb05ffffff,,2.0,1.0,False,,0.0,0.0,,,,+914446312570,https://www.practo.com/chennai/hospital/st-anthony-s-hospital-puzhal?referrer=hospital_listing,,VN,practo,,1.0,canonical,756,Q1,,Economy,0.227041
hosp_f07528f4ce4d1966,"Raju Hospital, Chennai",raju hospital chennai,Chennai,Hospital,CIT Nagar,,13.0329331,80.2302704,87618c4f0ffffff,,2.0,1.0,False,,0.0,250.0,,,,+911142246375,https://www.practo.com/chennai/hospital/raju-hospital-chennai-cit-nagar?referrer=hospital_listing,,VN,practo,,1.0,canonical,757,Q1,,Economy,0.227041
hosp_d4760d879ba45a72,Kumaran Specialties Hospital,kumaran specialties hospital,Chennai,Hospital,Ashok Nagar,,13.0395512,80.212135,87618c4f3ffffff,,2.0,1.0,False,,0.0,0.0,,,,+914446312693,https://www.practo.com/chennai/hospital/kumaran-specialties-hospital-ashok-nagar?referrer=hospital_listing,,VN,practo,,1.0,canonical,758,Q1,,Economy,0.227041
hosp_ff0e09d3515e4786,H & M Hospital,h m hospital,Chennai,Hospital,Sithalapakkam,,12.8920163,80.1768371,87618c455ffffff,,2.0,1.0,False,,0.0,0.0,,,,+911142246375,https://www.practo.com/chennai/hospital/h-m-hospital-sithalapakkam?referrer=hospital_listing,,VN,practo,,1.0,canonical,759,Q1,,Economy,0.227041
hosp_2f0a5c35fce39fe4,Deepa Hospital,deepa hospital,Chennai,Hospital,Ayappakkam,,13.0979338,80.1388193,87618c4dbffffff,,2.0,1.0,False,,0.0,500.0,,,,+914440116020,https://www.practo.com/chennai/hospital/deepa-hospital-1-ayappakkam?referrer=hospital_listing,,VN,practo,,1.0,canonical,760,Q1,,Economy,0.227041
hosp_f0c4214a91defb2b,Impressions Multispeciality Dental hospital,impressions multispeciality dental hospital,Chennai,Hospital,Anna Nagar West,,13.083253723631444,80.20538512023768,87618c4d0ffffff,,2.0,1.0,False,,0.0,200.0,,,,+914471967017,https://www.practo.com/chennai/hospital/impressions-multispeciality-dental-hospital-anna-nagar-west?referrer=hospital_listing,,VN,practo,,1.0,canonical,761,Q1,,Economy,0.227041
hosp_6819bf2a159ecbcc,Clove Dental,clove dental,Chennai,Hospital,Tambaram West,,12.9283074,80.1099784,87618c458ffffff,,2.0,1.0,False,24.0,500.0,500.0,,,,+914448134927,https://www.practo.com/chennai/hospital/clove-dental-29-tambaram-west?referrer=hospital_listing,https://images1-fabric.practo.com/practices/1240177/clove-dental-chennai-5c403c2aee805.png,VN,practo,,1.0,canonical,762,Q1,,Economy,0.227041
hosp_e0c2b0071800acee,ReLiva Physiotherapy & Rehab,reliva physiotherapy rehab,Chennai,Hospital,T Nagar,,13.0462961,80.2434829,87618c4f2ffffff,,2.0,1.0,False,4.0,600.0,600.0,,,,+914448132961,https://www.practo.com/chennai/hospital/reliva-physiotherapy-rehab-1-t-nagar?referrer=hospital_listing,https://images1-fabric.practo.com/practices/1267332/reliva-physiotherapy-rehab-chennai-5fc7474e39653.jpg,VN,practo,,1.0,canonical,763,Q1,,Economy,0.227041
hosp_8d7ab1b12ebf16b1,Palani Balaji Hospital & Fertility Center,palani balaji hospital fertility center,Chennai,Hospital,Saidapet,,13.011817842796816,80.22342496086935,87618c4f1ffffff,,1.0,1.0,False,,300.0,300.0,,8.0,,+914446271587,https://www.practo.com/chennai/hospital/palani-balaji-hospital-fertility-center-saidapet?referrer=hospital_listing,https://images1-fabric.practo.com/palani-balaji-fertility-centre-chennai-1472137157-57bf07c5ce5dd.jpg,VN,practo,,1.0,canonical,764,Q1,,Economy,0.226613
hosp_450ff02e15e68b98,Pranav Eye Care Hospital,pranav eye care hospital,Chennai,Hospital,Ambattur,,13.119395948377576,80.14952301979065,87618eb29ffffff,,1.0,1.0,False,,400.0,400.0,,8.0,,+914471967017,https://www.practo.com/chennai/hospital/pranav-eye-care-hospital-ambattur?referrer=hospital_listing,https://images1-fabric.practo.com/pranav-eye-care-hospital-chennai-1440577121-55dd76612d213.jpg,VN,practo,,1.0,canonical,765,Q1,,Economy,0.226613
hosp_37586ea07dcbcbb1,Center For Mind-Christudas Orthopaedic Speciality Hospital(COSH),center for mind christudas orthopaedic speciality hospital cosh,Chennai,Hospital,Tambaram East,,12.92141,80.12754,87618c45effffff,,1.0,1.0,False,,500.0,500.0,,8.0,,+914471967004,https://www.practo.com/chennai/hospital/center-for-mind-tambaram-east?referrer=hospital_listing,,VN,practo,,1.0,canonical,766,Q1,,Economy,0.226613
hosp_aa484e7ab9cd6d59,Dr Batra's Positive Health Clinic Pvt Ltd,dr batra s positive health clinic,Chennai,Hospital,Chromepet,,12.94784385955525,80.13775000027658,87618c4edffffff,,1.0,1.0,False,7.0,499.0,499.0,,8.0,,+914446312691,https://www.practo.com/chennai/hospital/dr-batras-positive-health-clinic-pvt-ltd-1-chromepet?referrer=hospital_listing,https://images1-fabric.practo.com/practices/1026753/dr-batra-s-positive-health-clinic-pvt-ltd-chennai-640f0c86890f3.png,VN,practo,,1.0,canonical,767,Q1,,Economy,0.226613
hosp_3f299d1319540e56,Pet Zone Speciality Hospital,pet zone speciality hospital,Chennai,Hospital,Alwarpet,,13.033044958107803,80.24962574243546,87618c4f6ffffff,,1.0,1.0,False,,250.0,250.0,,6.0,,+914471967014,https://www.practo.com/chennai/hospital/pet-zone-speciality-hospital-alwarpet?referrer=hospital_listing,https://images1-fabric.practo.com/practices/916838/pet-zone-speciality-hospital-chennai-666c6cc0441a4.png,VN,practo,,1.0,canonical,768,Q1,,Economy,0.226528
hosp_5b78dc5016221ebd,Ridley Eye Hospital,ridley eye hospital,Chennai,Hospital,Porur,,13.034437744884,80.15984416008,87618c4c3ffffff,,1.0,1.0,False,,300.0,300.0,,6.0,,+914448134920,https://www.practo.com/chennai/hospital/ridley-eye-hospital-porur?referrer=hospital_listing,https://images1-fabric.practo.com/ridley-eye-hospital-chennai-1441877826-55f14f428f8d3.jpg,VN,practo,,1.0,canonical,769,Q1,,Economy,0.226528
hosp_d213ccbb9199727d,PDR Orthopaedic Hospital,pdr orthopaedic hospital,Chennai,Hospital,T Nagar,,13.039247,80.228865,87618c4f3ffffff,,1.0,1.0,False,,400.0,400.0,,5.0,,+914448134923,https://www.practo.com/chennai/hospital/pdr-orthopaedic-hospital-t-nagar-1?referrer=hospital_listing,,VN,practo,,1.0,canonical,770,Q1,,Economy,0.226485
hosp_de23c1f23d651f78,Dr. Kapil Mathur's Vascular Surgery Centre,dr kapil mathur s vascular surgery centre,Chennai,Hospital,Perungudi,,12.962844120479202,80.2460503578186,87618c419ffffff,,1.0,1.0,False,,500.0,500.0,,5.0,,+914448134924,https://www.practo.com/chennai/hospital/apollo-speciality-hospital-omr-adyar?referrer=hospital_listing,https://images1-fabric.practo.com/apollo-speciality-hospital-omr-chennai-1450989770-567c58ca30aaf.png,VN,practo,,1.0,canonical,771,Q1,,Economy,0.226485
hosp_d80309ab56e4b33a,Sai Ortho Hospital,sai ortho hospital,Chennai,Hospital,T Nagar,,13.033071,80.235442,87618c4f0ffffff,,1.0,1.0,False,,300.0,300.0,,4.0,,+914471967336,https://www.practo.com/chennai/hospital/sai-ortho-hospital-t-nagar-1?referrer=hospital_listing,,VN,practo,,1.0,canonical,772,Q1,,Economy,0.226443
hosp_b2c7e980a21ed428,Balakrishna Eye Hospital & Research Centre,balakrishna eye hospital research centre,Chennai,Hospital,Saidapet,,13.027555,80.226886,87618c4f0ffffff,,1.0,1.0,False,,200.0,200.0,,3.0,,+914448134922,https://www.practo.com/chennai/hospital/balakrishna-eye-hospital-research-centre-saidapet?referrer=hospital_listing,,VN,practo,,1.0,canonical,773,Q1,,Economy,0.2264
hosp_aa4c0829d9e0726e,Optimus Maqbool Hospitals,optimus maqbool hospitals,Chennai,Hospital,Triplicane,,13.0617052,80.2693808,87618c48dffffff,,1.0,1.0,False,,300.0,300.0,,3.0,,+914471967004,https://www.practo.com/chennai/hospital/optimus-maqbool-hospitals-triplicane?referrer=hospital_listing,,VN,practo,,1.0,canonical,774,Q1,,Economy,0.2264
hosp_1c06dc69f653b9c9,White Care Dental Hospital,white care dental hospital,Chennai,Hospital,Madipakkam,,12.965929,80.204146,87618c4e0ffffff,,1.0,1.0,False,,100.0,100.0,,3.0,,+914471967335,https://www.practo.com/chennai/hospital/white-care-dental-hospital-madipakkam?referrer=hospital_listing,,VN,practo,,1.0,canonical,775,Q1,,Economy,0.2264
hosp_0d8dbbab66a96ad7,S. M. Hospital,s m hospital,Chennai,Hospital,Mannady,,13.097043,80.288025,87618c49dffffff,,1.0,1.0,False,,200.0,200.0,,3.0,,+914471967343,https://www.practo.com/chennai/hospital/s-m-hospital-mannady?referrer=hospital_listing,,VN,practo,,1.0,canonical,776,Q1,,Economy,0.2264
hosp_bd2a48385d00e405,V L Rangan Hospital,v l rangan hospital,Chennai,Hospital,Vyasarpadi,,13.114814,80.263453,87618eb24ffffff,,1.0,1.0,False,,200.0,200.0,,3.0,,+914471967343,https://www.practo.com/chennai/hospital/v-l-rangan-hospital-vyasarpadi?referrer=hospital_listing,,VN,practo,,1.0,canonical,777,Q1,,Economy,0.2264
hosp_1a5c4b13ddc52fa6,Vasan Eye Care Hospital,vasan eye care hospital,Chennai,Hospital,Perambur,,13.11743156524766,80.22881984710693,87618eb25ffffff,,1.0,1.0,False,6.0,400.0,400.0,,2.0,,+914471967017,https://www.practo.com/chennai/hospital/vasan-eye-care-hospital-perambur?referrer=hospital_listing,https://images1-fabric.practo.com/vasan-eye-care-hospital-perambur-chennai-1465540960-575a6160d001f.jpg,ABS,practo,,1.0,canonical,778,Q1,,Economy,0.226357
hosp_c333143cc14c83a4,An - Noor Eye Hospital,noor eye hospital,Chennai,Hospital,Egmore,,13.073054,80.254096,87618c489ffffff,,1.0,1.0,False,,300.0,300.0,,2.0,,+914471967339,https://www.practo.com/chennai/hospital/an-noor-eye-hospital-1-egmore?referrer=hospital_listing,,VN,practo,,1.0,canonical,779,Q1,,Economy,0.226357
hosp_8c28f37ef6d01409,Lalitha Nursing Home,lalitha nursing home,Chennai,Hospital,Alwarthirunagar,,13.047585,80.185251,87618c4c2ffffff,,1.0,1.0,False,,100.0,100.0,,2.0,,+914448134924,https://www.practo.com/chennai/hospital/lalitha-nursing-home?referrer=hospital_listing,,VN,practo,,1.0,canonical,780,Q1,,Economy,0.226357
hosp_d7377e27f31fa576,Dental Life Hospital - Velachery,dental life hospital velachery,Chennai,Hospital,Velachery,,12.980615085254128,80.2184034883976,87618c4e6ffffff,,1.0,1.0,False,,200.0,200.0,,2.0,,+914471967004,https://www.practo.com/chennai/hospital/dental-life-hospital-velachery-velachery?referrer=hospital_listing,,VN,practo,,1.0,canonical,781,Q1,,Economy,0.226357
hosp_fa3efcc705e1594d,Homeocare International,homeocare international,Chennai,Hospital,CIT Nagar,,13.027506,80.232918,87618c4f0ffffff,,1.0,1.0,False,1.0,500.0,500.0,,2.0,,+914446313682,https://www.practo.com/chennai/hospital/homeocare-international-6-cit-nagar?referrer=hospital_listing,https://images1-fabric.practo.com/practices/1161031/homeocare-international-chennai-59ddc7aa9679a.png,VN,practo,,1.0,canonical,782,Q1,,Economy,0.226357
hosp_a1d3b6c609b238b6,Kolors Healthcare Pvt Ltd,kolors healthcare,Chennai,Hospital,OMR Road,,12.977106,80.251577,87618c41bffffff,,1.0,1.0,False,9.0,0.0,0.0,,2.0,,+914448132961,https://www.practo.com/chennai/hospital/kolors-healthcare-pvt-ltd-omr-road?referrer=hospital_listing,https://images1-fabric.practo.com/practices/1161410/kolors-health-care-chennai-59e223e65cc60.png,VN,practo,,1.0,canonical,783,Q1,,Economy,0.226357
hosp_c2243ce72b16f150,Apple Dental Clinic,apple dental clinic,Chennai,Hospital,Aminjikarai,,13.063843835688,80.220944881439,87618c4d4ffffff,,1.0,1.0,False,,400.0,400.0,,,,+914461712655,https://www.practo.com/chennai/hospital/apple-dental-clinic-6-arumbakkam?referrer=hospital_listing,https://images1-fabric.practo.com/practices/1352461/apple-dental-clinic-chennai-678e4cf4f018b.jpeg,ABS,practo,,1.0,canonical,784,Q1,,Economy,0.226272
hosp_02ea110716b160bc,Dr. Agarwal's Eye Hospital,dr agarwal s eye hospital,Chennai,Hospital,Adyar,,12.995285279237372,80.25710555755082,87618c41bffffff,,1.0,1.0,False,,500.0,500.0,,,,+918047282571,https://www.practo.com/chennai/hospital/dr-agarwal-s-eye-hospital-13-adyar?referrer=hospital_listing,https://images1-fabric.practo.com/practices/2090614/dr-agarwal-s-eye-hospital-chennai-68da3f41d72e4.png,ABS,practo,,1.0,canonical,785,Q1,,Economy,0.226272
hosp_f8f5d835999fb5a9,Cloudnine Fertility IVF Centre,cloudnine fertility ivf centre,Chennai,Hospital,Thoraipakkam,,12.94256417108838,80.23678858918719,87618c40affffff,,1.0,1.0,False,,1000.0,1000.0,,,,+914471967143,https://www.practo.com/chennai/hospital/cloudnine-fertility-ivf-centre-old-thoraipakkam?referrer=hospital_listing,https://images1-fabric.practo.com/practices/2183490/cloudnine-fertility-ivf-centre-chennai-69ef0c2bb41ad.png,ABS,practo,,1.0,canonical,786,Q1,,Economy,0.226272
hosp_afafdb704e713a65,Iyyappa Hospital & Diabetic Reseach Centre,iyyappa hospital diabetic reseach centre,Chennai,Hospital,Perambur,,13.11578749250203,80.24471394717693,87618eb24ffffff,,1.0,1.0,False,,300.0,300.0,,,,+914471967351,https://www.practo.com/chennai/hospital/iyappa-hospital-perambur-perambur?referrer=hospital_listing,,VN,practo,,1.0,canonical,787,Q1,,Economy,0.226272
hosp_65141f73763ab252,M.N. Eye Hospital Pvt Ltd – Adyar,m n eye hospital adyar,Chennai,Hospital,Adyar,,12.996666,80.260377,87618c41affffff,,1.0,1.0,False,,200.0,200.0,,,,+914448134923,https://www.practo.com/chennai/hospital/m-n-eye-hospital-pvt-ltd-adyar-adyar?referrer=hospital_listing,,VN,practo,,1.0,canonical,788,Q1,,Economy,0.226272
hosp_75861f5248980300,STN  Family Care Hospital,stn family care hospital,Chennai,Hospital,Nanganallur,,13.0506752,80.1759232,87618c4c2ffffff,,1.0,1.0,False,,150.0,150.0,,,,+914471967912,https://www.practo.com/chennai/hospital/stn-family-care-hospital-nanganallur?referrer=hospital_listing,,VN,practo,,1.0,canonical,789,Q1,,Economy,0.226272
hosp_026af77c9a7c10cc,Rathna Nursing Home,rathna nursing home,Chennai,Hospital,Triplicane,,13.057926,80.27407,87618c48dffffff,,1.0,1.0,False,,150.0,150.0,,,,+914471967339,https://www.practo.com/chennai/hospital/ratna-nursing-clinic-triplicane?referrer=hospital_listing,,VN,practo,,1.0,canonical,790,Q1,,Economy,0.226272
hosp_7eb3b8965489cc5e,Balaji Medical College And Hospital,balaji medical college hospital,Chennai,Hospital,Chromepet,,12.952496866139,80.147622302247,87618c4edffffff,,1.0,1.0,False,,200.0,200.0,,,,+914471967020,https://www.practo.com/chennai/hospital/balaji-medical-college-chromepet?referrer=hospital_listing,,VN,practo,,1.0,canonical,791,Q1,,Economy,0.226272
hosp_814addf739399415,GG Fertility & Women's Speciality Hospital,gg fertility women s speciality hospital,Chennai,Hospital,Nungambakkam,,13.050594,80.247774,87618c4f2ffffff,,1.0,1.0,False,,700.0,700.0,,,,+914446312690,https://www.practo.com/chennai/hospital/gg-hospitals-nungambakkam-1?referrer=hospital_listing,https://images1-fabric.practo.com/gg-superspeciality-hospital-chennai-1480573959-583fc4076b11b.JPG,VN,practo,,1.0,canonical,792,Q1,,Economy,0.226272
hosp_1cbf0bc20b53b35b,Shine Dental Care Multi Speciality Dental Hospital,shine dental care multi speciality dental hospital,Chennai,Hospital,Perumbakkam,,12.907155,80.198415,87618c454ffffff,,1.0,1.0,False,,100.0,100.0,,,,+914471967339,https://www.practo.com/chennai/hospital/shine-dental-care-perumbakkam?referrer=hospital_listing,,VN,practo,,1.0,canonical,793,Q1,,Economy,0.226272
hosp_84bb8e5334e5a583,Vasan Eye Care Hospital,vasan eye care hospital,Chennai,Hospital,Mogappair West,,13.082446201018387,80.16927480697632,87618c4deffffff,,1.0,1.0,False,7.0,100.0,100.0,,,,+914471967017,https://www.practo.com/chennai/hospital/vasan-eye-care-hospital-mogappair-mogappair?referrer=hospital_listing,https://images1-fabric.practo.com/vasan-eye-care-hospital-chennai-1465796193-575e46613f033.jpg,VN,practo,,1.0,canonical,794,Q1,,Economy,0.226272
hosp_2f7735ccface4013,K.K Hospital,k k hospital,Chennai,Hospital,Tondiarpet,,13.12816,80.27854,87618c499ffffff,,1.0,1.0,False,,200.0,200.0,,,,+914471967343,https://www.practo.com/chennai/hospital/k-k-hospital-tondiarpet?referrer=hospital_listing,,VN,practo,,1.0,canonical,795,Q1,,Economy,0.226272
hosp_a0ab2e44c7531496,Iman Multispeciality Dental Hospital,iman multispeciality dental hospital,Chennai,Hospital,Vyasarpadi,,13.127838,80.242828,87618eb20ffffff,,1.0,1.0,False,,50.0,50.0,,,,+914471967336,https://www.practo.com/chennai/hospital/iman-multispeciality-dental-hospital-vyasarpadi?referrer=hospital_listing,,VN,practo,,1.0,canonical,796,Q1,,Economy,0.226272
hosp_13644c2a1b547102,Baby Hospital & Vaccination Centre,baby hospital vaccination centre,Chennai,Hospital,Pammal,,12.972322758020125,80.14023151248693,87618c4e8ffffff,,1.0,1.0,False,,100.0,100.0,,,,+914471967155,https://www.practo.com/chennai/hospital/baby-hospital-pammal-pammal?referrer=hospital_listing,,VN,practo,,1.0,canonical,797,Q1,,Economy,0.226272
hosp_1b1c07cfa9361d92,Tamil Nadu Government Multi Super Speciality Hospital,tamil nadu government multi super speciality hospital,Chennai,Hospital,Mount Road,,13.0692888,80.2736878,87618c488ffffff,,1.0,1.0,False,,100.0,100.0,,,,+914448134926,https://www.practo.com/chennai/hospital/tamil-nadu-government-multi-super-speciality-hospital-triplicane?referrer=hospital_listing,,VN,practo,,1.0,canonical,798,Q1,,Economy,0.226272
hosp_c1868d9e300837ae,Neo Life Child Care Hospital,neo life child care hospital,Chennai,Hospital,Madipakkam,,12.961333,80.195078,87618c4e1ffffff,,1.0,1.0,False,,250.0,250.0,,,,+914461711207,https://www.practo.com/chennai/hospital/neo-life-child-care-hospital-1?referrer=hospital_listing,,VN,practo,,1.0,canonical,799,Q1,,Economy,0.226272
hosp_3c63581e3b3b0a44,Abhishek Hospital,abhishek hospital,Chennai,Hospital,Thiruverkadu,,13.069654612771346,80.12425661087036,87618c4d9ffffff,,1.0,1.0,False,,150.0,150.0,,,,+914446270809,https://www.practo.com/chennai/hospital/abhishek-hospital-6-thiruverkadu?referrer=hospital_listing,,VN,practo,,1.0,canonical,800,Q1,,Economy,0.226272
hosp_8dd1277c8e22c93b,"Department of Prosthodontics, SBDCH",department prosthodontics sbdch,Chennai,Hospital,Pallikaranai,,12.9825,80.223609,87618c4e6ffffff,,1.0,1.0,False,,0.0,0.0,,,,+914448134923,https://www.practo.com/chennai/hospital/department-of-prosthodontics-sbdch-pallikaranai?referrer=hospital_listing,,VN,practo,,1.0,canonical,801,Q1,,Economy,0.226272
hosp_a0bf10515c076313,RR Hospital,rr hospital,Chennai,Hospital,Palavakkam,,12.9636834,80.2563405,87618c418ffffff,,1.0,1.0,False,,0.0,0.0,,,,+914446270809,https://www.practo.com/chennai/hospital/rr-hospital-palavakkam?referrer=hospital_listing,,active,practo,,1.0,canonical,802,Q1,,Economy,0.226272
hosp_35c6428feefca259,"Dental Wing, HVF Hospital",dental wing hvf hospital,Chennai,Hospital,Avadi,,13.08268,80.270718,87618c488ffffff,,1.0,1.0,False,,0.0,0.0,,,,+914471967341,https://www.practo.com/chennai/hospital/dental-wing-hvf-hospital-avadi?referrer=hospital_listing,https://images1-fabric.practo.com/dental-wing-hvf-hospital-chennai-1476536642-5802294212ed8.jpg,VN,practo,,1.0,canonical,803,Q1,,Economy,0.226272
hosp_7ffb98eebaab0ded,Vasan Eye Care Hospital,vasan eye care hospital,Chennai,Hospital,Kilpauk,,13.079154,80.251352,87618c489ffffff,,1.0,1.0,False,7.0,100.0,100.0,,,,+914471967017,https://www.practo.com/chennai/hospital/vasan-eye-care-hospital-kilpauk-kilpauk?referrer=hospital_listing,https://images1-fabric.practo.com/vasan-eye-care-hospital-kilpauk-chennai-1465537007-575a51ef6067a.jpg,VN,practo,,1.0,canonical,804,Q1,,Economy,0.226272
hosp_ca75508a3b456015,Dentistree International Dental Hospital,dentistree international dental hospital,Chennai,Hospital,Kamaraj Nagar,,,,,,1.0,1.0,False,,0.0,0.0,,,,+914448134923,https://www.practo.com/chennai/hospital/dentistree-international-dental-hospital-kamaraj-nagar?referrer=hospital_listing,,VN,practo,,0.6,canonical,805,Q1,,Economy,0.226272
hosp_0ec999816fa92afc,Ravin Hospital,ravin hospital,Chennai,Hospital,Tambaram East,,12.92273,80.146931,87618c451ffffff,,1.0,1.0,False,,150.0,150.0,,,,+914448134923,https://www.practo.com/chennai/hospital/ravin-hospital-tambaram-east?referrer=hospital_listing,,VN,practo,,1.0,canonical,806,Q1,,Economy,0.226272
hosp_f4866e737342798f,Dr.Sambandam Eye Hospital,dr sambandam eye hospital,Chennai,Hospital,Kilpauk,,13.088672234337,80.24156652301,87618c48bffffff,,1.0,1.0,False,,400.0,400.0,,,,+914440115142,https://www.practo.com/chennai/hospital/dr-sambandam-eye-hospital-kilpauk?referrer=hospital_listing,https://images1-fabric.practo.com/practices/1235278/eye-hospital-chennai-5cd27b352b531.png,VN,practo,,1.0,canonical,807,Q1,,Economy,0.226272
hosp_c5e312e648090b91,Child Care Hospital,child care hospital,Chennai,Hospital,Vyasarpadi,,13.114151,80.26213,87618eb24ffffff,,1.0,1.0,False,,200.0,200.0,,,,+914471967335,https://www.practo.com/chennai/hospital/child-care-hospital-3-vyasarpadi?referrer=hospital_listing,,VN,practo,,1.0,canonical,808,Q1,,Economy,0.226272
hosp_f402916a4ff94d75,Rsrm Hospital,rsrm hospital,Chennai,Hospital,Vyasarpadi,,13.117346,80.254173,87618eb24ffffff,,1.0,1.0,False,,100.0,100.0,,,,+914471967343,https://www.practo.com/chennai/hospital/rsrm-hospital-vyasarpadi?referrer=hospital_listing,,active,practo,,1.0,canonical,809,Q1,,Economy,0.226272
hosp_395d586c087b9b3f,Sri Venkateswara Hospital,sri venkateswara hospital,Chennai,Hospital,Pattabiram,,13.121621533702085,80.06381034851074,87618eb44ffffff,,1.0,1.0,False,,200.0,200.0,,,,+914471967335,https://www.practo.com/chennai/hospital/sri-venkateswara-hospital-1-pattabiram?referrer=hospital_listing,,VN,practo,,1.0,canonical,810,Q1,,Economy,0.226272
hosp_57ad5571c24f7285,Alamelu Hospital,alamelu hospital,Chennai,Hospital,Tharamani,,12.983071,80.239653,87618c41bffffff,,1.0,1.0,False,,100.0,100.0,,,,+911142246367,https://www.practo.com/chennai/hospital/alamelu-hospital-tharamani?referrer=hospital_listing,,VN,practo,,1.0,canonical,811,Q1,,Economy,0.226272
hosp_6b08261f82320cd5,Sri Hospital,sri hospital,Chennai,Hospital,Purasawakkam,,13.038483,80.244328,87618c4f2ffffff,,1.0,1.0,False,,200.0,200.0,,,,+914471967343,https://www.practo.com/chennai/hospital/sri-hospital-t-nagar?referrer=hospital_listing,,VN,practo,,1.0,canonical,812,Q1,,Economy,0.226272
hosp_662ef11a54d9e262,Sri Venkateswara Dental College & Hospital,sri venkateswara dental college hospital,Chennai,Hospital,Navalur,,12.896578341899568,80.22493802011013,87618c40dffffff,,1.0,1.0,False,,200.0,200.0,,,,+918071966501,https://www.practo.com/chennai/hospital/vidhya-r-s-whitefield?referrer=hospital_listing,,VN,practo,,1.0,canonical,813,Q1,,Economy,0.226272
hosp_2a616e7ce3dcc8e1,RIO Hospital (Regen Institute of Orthopaedics),rio hospital regen institute orthopaedics,Chennai,Hospital,Cathedral Road,,13.0411312,80.2583693,87618c4f6ffffff,,1.0,1.0,False,,0.0,0.0,,,,+914440115382,https://www.practo.com/chennai/hospital/rio-hospital-regen-institute-of-orthopaedics-cathedral-road?referrer=hospital_listing,,VN,practo,,1.0,canonical,814,Q1,,Economy,0.226272
hosp_ef9055fb42393092,SR Dental Hospital,sr dental hospital,Chennai,Hospital,Ramapuram,,13.034437443313,80.174015744018,87618c4c0ffffff,,1.0,1.0,False,,100.0,100.0,,,,+914461711207,https://www.practo.com/chennai/hospital/sr-dental-hospital-ramapuram?referrer=hospital_listing,,VN,practo,,1.0,canonical,815,Q1,,Economy,0.226272
hosp_bb6ec04d8756fbbb,KAUVERY Cancer Institute,kauvery cancer institute,Chennai,Hospital,Alwarpet,,-0.060537446202556,0.19576907157898,87754e2e1ffffff,,1.0,1.0,False,,1000.0,1000.0,,,,+914471967336,https://www.practo.com/chennai/hospital/nil-ambilikai?referrer=hospital_listing,,VN,practo,,1.0,canonical,816,Q1,,Economy,0.226272
hosp_0d117d25a31a9e63,Dr. Kamaraj Hospital for Men's Health,dr kamaraj hospital for men s health,Chennai,Hospital,Kotturpuram,,13.014361,80.24784,87618c4f4ffffff,,1.0,1.0,False,1.0,500.0,500.0,,,,+914440114535,https://www.practo.com/chennai/hospital/dr-kamaraj-hospital-for-men-s-health-kotturpuram?referrer=hospital_listing,https://images1-fabric.practo.com/practices/1242032/dr-kamaraj-hospital-for-men-s-health-chennai-5c5bc05dbbd06.jpg,VN,practo,,1.0,canonical,817,Q1,,Economy,0.226272
hosp_480870f49ba03876,Holistic Hospital,holistic hospital,Chennai,Hospital,Mogappair West,,13.0836813,80.1671889,87618c4deffffff,,1.0,1.0,False,,0.0,0.0,,,,+914471967085,https://www.practo.com/chennai/hospital/holistic-hospital-mogappair-west?referrer=hospital_listing,,VN,practo,,1.0,canonical,818,Q1,,Economy,0.226272
hosp_a57ffdac4d2c3dd4,Janamma Hospital,janamma hospital,Chennai,Hospital,Mandaveli,,13.0269094,80.2621663,87618c4f6ffffff,,1.0,1.0,False,,0.0,0.0,,,,+914461712656,https://www.practo.com/chennai/hospital/janamma-hospital-mandaveli?referrer=hospital_listing,,VN,practo,,1.0,canonical,819,Q1,,Economy,0.226272
hosp_413c86250ff9b9f3,Kalpana Hospital,kalpana hospital,Chennai,Hospital,Velachery,,12.917732,80.194709,87618c456ffffff,,1.0,1.0,False,,200.0,200.0,,,,+914471967014,https://www.practo.com/chennai/hospital/kalpana-hospital-medavakkam?referrer=hospital_listing,,VN,practo,,1.0,canonical,820,Q1,,Economy,0.226272
hosp_2036338dacc851ff,A. R. Ayurveda Hospital,r ayurveda hospital,Chennai,Hospital,Keelkattalai,,12.963425947462,80.190400060258,87618c4e1ffffff,,1.0,1.0,False,,100.0,100.0,,,,+914461712657,https://www.practo.com/chennai/hospital/a-r-ayurveda-hospital-keelkattalai?referrer=hospital_listing,,VN,practo,,1.0,canonical,821,Q1,,Economy,0.226272
hosp_e015d396f30555b3,MULLAI MEDICAL CENTRE,mullai medical centre,Chennai,Hospital,Nerkundram,,13.0626005,80.1824649,87618c4d1ffffff,,1.0,1.0,False,,0.0,0.0,,,,+914446271587,https://www.practo.com/chennai/hospital/mullai-medical-centre-nerkundram?referrer=hospital_listing,,VN,practo,,1.0,canonical,822,Q1,,Economy,0.226272
hosp_1178ee89c6e86606,Aarokia Hospital,aarokia hospital,Chennai,Hospital,Vadapalani,,13.0515106,80.215333,87618c4f3ffffff,,1.0,1.0,False,,0.0,0.0,,,,+911142246372,https://www.practo.com/chennai/hospital/aarokia-hospital-vadapalani?referrer=hospital_listing,,active,practo,,1.0,canonical,823,Q1,,Economy,0.226272
hosp_553c235d65338432,Dr. Rabindran Health Care Centre Pvt. Ltd.,dr rabindran health care centre,Chennai,Hospital,Ambattur,,13.1191158,80.1504664,87618eb29ffffff,,1.0,1.0,False,,350.0,350.0,,,,+911142246375,https://www.practo.com/chennai/hospital/dr-rabindran-health-care-centre-pvt-ltd-ambattur?referrer=hospital_listing,,VN,practo,,1.0,canonical,824,Q1,,Economy,0.226272
hosp_b8afafce36a13199,"K M Speciality Hospital, Chennai",k m speciality hospital chennai,Chennai,Hospital,KK Nagar,,13.0380244,80.2012746,87618c4c6ffffff,,1.0,1.0,False,,0.0,0.0,,,,+914446271587,https://www.practo.com/chennai/hospital/k-m-speciality-hospital-chennai-kk-nagar?referrer=hospital_listing,,VN,practo,,1.0,canonical,825,Q1,,Economy,0.226272
hosp_a0492f238f04b597,Rakki Hospital,rakki hospital,Chennai,Hospital,Ambattur,,13.1216108,80.1513566,87618eb29ffffff,,1.0,1.0,False,,0.0,0.0,,,,+914471967087,https://www.practo.com/chennai/hospital/rakki-hospital-ambattur-1?referrer=hospital_listing,,VN,practo,,1.0,canonical,826,Q1,,Economy,0.226272
hosp_1c2df3347d836802,Mani Hospital,mani hospital,Chennai,Hospital,Tambaram East,,12.92406,80.14321,87618c45effffff,,1.0,1.0,False,,100.0,100.0,,,,+914471967343,https://www.practo.com/chennai/hospital/mani-hospital-tambaram-east?referrer=hospital_listing,,VN,practo,,1.0,canonical,827,Q1,,Economy,0.226272
hosp_c1bd47c2fa1b198d,G. M. Hospital,g m hospital,Chennai,Hospital,Pulianthope,,13.100693,80.260823,87618c48affffff,,1.0,1.0,False,,100.0,100.0,,,,+914471967084,https://www.practo.com/chennai/hospital/g-m-hospital-pulianthope?referrer=hospital_listing,,VN,practo,,1.0,canonical,828,Q1,,Economy,0.226272
hosp_c190e7cc25277205,RK EYE Centre,rk eye centre,Chennai,Hospital,Bharathy Nagar,,13.0484935994,80.231109955,87618c4f2ffffff,,1.0,1.0,False,,0.0,0.0,,,,,https://www.practo.com/chennai/hospital/rk-eye-centre-1-bharathy-nagar?referrer=hospital_listing,,active,practo,,1.0,canonical,829,Q1,,Economy,0.226272
hosp_699132f3f84e7d33,Avinash Hospitals,avinash hospitals,Chennai,Hospital,Kovilambakkam,,12.9499907,80.1877727,87618c4e5ffffff,,1.0,1.0,False,,0.0,0.0,,,,+911142246375,https://www.practo.com/chennai/hospital/avinash-hospitals-kovilambakkam?referrer=hospital_listing,,VN,practo,,1.0,canonical,830,Q1,,Economy,0.226272
hosp_17326de3e8e2c830,Sugantha Hospital & Sunil Lab,sugantha hospital sunil lab,Chennai,Hospital,Washermenpet,,13.114451,80.287088,87618c49dffffff,,1.0,1.0,False,,80.0,80.0,,,,+914471967014,https://www.practo.com/chennai/hospital/sugantha-hospital-sunil-lab-washermenpet?referrer=hospital_listing,,VN,practo,,1.0,canonical,831,Q1,,Economy,0.226272
hosp_ec1aa0ef69149ab4,KTK Madhu Hospital,ktk madhu hospital,Chennai,Hospital,Thiruvottiyur,,13.14112,80.295554,87618c498ffffff,,1.0,1.0,False,,100.0,100.0,,,,+914448134924,https://www.practo.com/chennai/hospital/ktk-madhu-hospital-thiruvottiyur?referrer=hospital_listing,,VN,practo,,1.0,canonical,832,Q1,,Economy,0.226272
hosp_aa5602dfda08779d,NAVA Hospital,nava hospital,Chennai,Hospital,Alandur,,12.998549592644883,80.1986002280853,87618c4e2ffffff,,1.0,1.0,False,,200.0,200.0,,,,+914461711207,https://www.practo.com/chennai/hospital/nava-hospital-alandur?referrer=hospital_listing,,VN,practo,,1.0,canonical,833,Q1,,Economy,0.226272
hosp_66a74c4bbaa9f167,Shifa Hospital & Research Centre,shifa hospital research centre,Chennai,Hospital,Triplicane,,13.0622598,80.2746518,87618c48cffffff,,1.0,1.0,False,,0.0,0.0,,,,+914440115382,https://www.practo.com/chennai/hospital/shifa-hospital-research-centre-triplicane-1?referrer=hospital_listing,,VN,practo,,1.0,canonical,834,Q1,,Economy,0.226272
hosp_46d235fa8739b646,Subha Dental Hospital,subha dental hospital,Chennai,Hospital,Mogappair East,,13.081389,80.186719,87618c4d1ffffff,,1.0,1.0,False,,100.0,100.0,,,,+914448134922,https://www.practo.com/chennai/hospital/subha-dental-hospital-mogappair-east?referrer=hospital_listing,,VN,practo,,1.0,canonical,835,Q1,,Economy,0.226272
hosp_318be8b5deaee089,Fathima Hospital,fathima hospital,Chennai,Hospital,Moolakadai,,13.1303931,80.2439331,87618eb20ffffff,,1.0,1.0,False,,0.0,0.0,,,,+914461712656,https://www.practo.com/chennai/hospital/fathima-hospital-1-moolakadai?referrer=hospital_listing,,VN,practo,,1.0,canonical,836,Q1,,Economy,0.226272
hosp_76ec243443b9e921,SARASWATHI HOSPITAL,saraswathi hospital,Chennai,Hospital,Ennore,,13.2126831,80.3183524,87618e84cffffff,,1.0,1.0,False,,0.0,0.0,,,,+914446312692,https://www.practo.com/chennai/hospital/saraswathi-hospital-ennore?referrer=hospital_listing,,VN,practo,,1.0,canonical,837,Q1,,Economy,0.226272
hosp_22598222b072db54,Christudas Hospital,christudas hospital,Chennai,Hospital,Urapakkam,,12.851666,80.0663992,87618c449ffffff,,1.0,1.0,False,,0.0,0.0,,,,+914446312691,https://www.practo.com/chennai/hospital/christudas-hospital-1-urapakkam?referrer=hospital_listing,,VN,practo,,1.0,canonical,838,Q1,,Economy,0.226272
hosp_b35ee55f54aae7f4,"Apollo Children Hospital, Thousand Lights, Chennai",apollo children hospital thousand lights chennai,Chennai,Hospital,Greams Road,,13.060162,80.2526564,87618c489ffffff,,1.0,1.0,False,,1500.0,1500.0,,,,+914471967914,https://www.practo.com/chennai/hospital/apollo-children-hospital-thousand-lights-chennai-greams-road?referrer=hospital_listing,,VN,practo,,1.0,canonical,839,Q1,,Economy,0.226272
hosp_7183e1e00f3c645e,Jaya Sri Hospital,jaya sri hospital,Chennai,Hospital,Alandur,,13.002923,80.2070364,87618c4e2ffffff,,1.0,1.0,False,,0.0,0.0,,,,+914461712675,https://www.practo.com/chennai/hospital/jaya-sri-hospital-alandur?referrer=hospital_listing,,VN,practo,,1.0,canonical,840,Q1,,Economy,0.226272
hosp_5f06927727016718,JAYAM HOSPITAL,jayam hospital,Chennai,Hospital,Avadi,,13.1155689,80.1067175,87618eb75ffffff,,1.0,1.0,False,,0.0,0.0,,,,+914446313682,https://www.practo.com/chennai/hospital/jayam-hospital-3-avadi?referrer=hospital_listing,,VN,practo,,1.0,canonical,841,Q1,,Economy,0.226272
hosp_34601b7186d76204,Dr. Saraswathi Hospital,dr saraswathi hospital,Chennai,Hospital,Choolai,,13.0901045,80.2654155,87618c48affffff,,1.0,1.0,False,,200.0,200.0,,,,+911142246372,https://www.practo.com/chennai/hospital/dr-saraswathi-hospital-choolai?referrer=hospital_listing,,VN,practo,,1.0,canonical,842,Q1,,Economy,0.226272
hosp_738276d4844f02cf,Koncept Hospitals and Wellness,koncept hospitals wellness,Chennai,Hospital,Nungambakkam,,13.0510267,80.2439571,87618c4f2ffffff,,1.0,1.0,False,,0.0,0.0,,,,+911142246375,https://www.practo.com/chennai/hospital/koncept-hospitals-and-wellness-nungambakkam?referrer=hospital_listing,,VN,practo,,1.0,canonical,843,Q1,,Economy,0.226272
hosp_5cfbd5527e6ab603,"Cloudnine Hospital, Chennai",cloudnine hospital chennai,Chennai,Hospital,Teynampet,,13.0433232,80.2461544,87618c4f2ffffff,,1.0,1.0,False,,0.0,0.0,,,,+911142246378,https://www.practo.com/chennai/hospital/cloudnine-hospital-chennai-teynampet?referrer=hospital_listing,,VN,practo,,1.0,canonical,844,Q1,,Economy,0.226272
hosp_0e3d2ca39a8709bb,Vadapalani Multi Speciality Hospital,vadapalani multi speciality hospital,Chennai,Hospital,Vadapalani,,13.0516551,80.2132958,87618c4d5ffffff,,1.0,1.0,False,,0.0,0.0,,,,+914440115002,https://www.practo.com/chennai/hospital/vadapalani-multi-speciality-hospital-vadapalani-2?referrer=hospital_listing,,VN,practo,,1.0,canonical,845,Q1,,Economy,0.226272
hosp_dc95ca15e06e5607,"Amrit Medical Centre, Purasaiwakkam, Chennai",amrit medical centre purasaiwakkam chennai,Chennai,Hospital,Flowers Road,,13.0811742,80.2520603,87618c48bffffff,,1.0,1.0,False,,0.0,0.0,,,,+911142246378,https://www.practo.com/chennai/hospital/amrit-medical-centre-purasaiwakkam-chennai-flowers-road?referrer=hospital_listing,,VN,practo,,1.0,canonical,846,Q1,,Economy,0.226272
hosp_bbd318548524d3de,MRC Medical Center,mrc medical center,Chennai,Hospital,MRC Nagar,,13.0191854,80.2720804,87618c4a9ffffff,,1.0,1.0,False,,0.0,0.0,,,,+914448132958,https://www.practo.com/chennai/hospital/mrc-medical-center-mrc-nagar?referrer=hospital_listing,,VN,practo,,1.0,canonical,847,Q1,,Economy,0.226272
hosp_1bc963ca2c22894a,Bethel Hospital & Women's Clinic,bethel hospital women s clinic,Chennai,Hospital,Madambakkam,,12.9112429,80.1563405,87618c451ffffff,,1.0,1.0,False,,0.0,0.0,,,,+914448132959,https://www.practo.com/chennai/hospital/bethel-hospital-women-s-clinic-madambakkam?referrer=hospital_listing,,VN,practo,,1.0,canonical,848,Q1,,Economy,0.226272
hosp_c9fff72bdc8bf3ae,Sri Esodha Children Hospital,sri esodha children hospital,Chennai,Hospital,Ayanavaram,,13.0981111,80.2362542,87618eb25ffffff,,1.0,1.0,False,,0.0,0.0,,,,+914471967261,https://www.practo.com/chennai/hospital/sri-esodha-children-hospital-ayanavaram?referrer=hospital_listing,,VN,practo,,1.0,canonical,849,Q1,,Economy,0.226272
hosp_73444ea32ad32f3d,Sathyam Dental Hospital,sathyam dental hospital,Chennai,Hospital,Sithalapakkam,,12.8896249,80.1847401,87618c473ffffff,,1.0,1.0,False,,0.0,0.0,,,,+914440116020,https://www.practo.com/chennai/hospital/sathyam-dental-hospital-sithalapakkam?referrer=hospital_listing,,VN,practo,,1.0,canonical,850,Q1,,Economy,0.226272
hosp_abb6bc692e40a487,Rotary Central Margaret Sidney Hospital,rotary central margaret sidney hospital,Chennai,Hospital,Nanganallur,,12.9837888,80.1931295,87618c4e3ffffff,,1.0,1.0,False,,0.0,0.0,,,,+914461712130,https://www.practo.com/chennai/hospital/rotary-central-margaret-sidney-hospital-nanganallur?referrer=hospital_listing,,VN,practo,,1.0,canonical,851,Q1,,Economy,0.226272
hosp_705cfa73ab990e4a,Anuradha Maternity Centre,anuradha maternity centre,Chennai,Hospital,T Nagar,,13.0356786,80.2337611,87618c4f0ffffff,,1.0,1.0,False,,0.0,0.0,,,,+911142246378,https://www.practo.com/chennai/hospital/anuradha-maternity-centre-1-t-nagar?referrer=hospital_listing,,VN,practo,,1.0,canonical,852,Q1,,Economy,0.226272
hosp_370e837241434637,Meenakshi General Hospital,meenakshi general hospital,Chennai,Hospital,Vanagaram,,13.0522809,80.1665754,87618c4dcffffff,,1.0,1.0,False,,0.0,0.0,,,,+914448132962,https://www.practo.com/chennai/hospital/meenakshi-general-hospital-vanagaram?referrer=hospital_listing,,VN,practo,,1.0,canonical,853,Q1,,Economy,0.226272
hosp_ace696d522fe98cd,Doctors Centre,doctors centre,Chennai,Hospital,Ashok Nagar,,13.0374587,80.2129489,87618c4f3ffffff,,1.0,1.0,False,,0.0,0.0,,,,+914461712657,https://www.practo.com/chennai/hospital/doctors-centre-ashok-nagar-2?referrer=hospital_listing,,VN,practo,,1.0,canonical,854,Q1,,Economy,0.226272
hosp_33de12aa90ac33f6,RelaMS Hospital,relams hospital,Chennai,Hospital,Red Hills,,13.2018725,80.1765671,87618eb0effffff,,1.0,1.0,False,,0.0,0.0,,,,+914446315859,https://www.practo.com/chennai/hospital/relams-hospital-red-hills?referrer=hospital_listing,,VN,practo,,1.0,canonical,855,Q1,,Economy,0.226272
hosp_dc9211d4849f96fc,AMS HOSPITAL,ams hospital,Chennai,Hospital,Raja Annamalai Puram,,13.0184103,80.2600211,87618c4f4ffffff,,1.0,1.0,False,,0.0,0.0,,,,+911142246365,https://www.practo.com/chennai/hospital/ams-hospital-raja-annamalai-puram?referrer=hospital_listing,,VN,practo,,1.0,canonical,856,Q1,,Economy,0.226272
hosp_29a7c6f140238e8d,HARISH HOSPITAL,harish hospital,Chennai,Hospital,Thiruneermalai,,12.9653366,80.1135825,87618c4e9ffffff,,1.0,1.0,False,,0.0,0.0,,,,+914440114535,https://www.practo.com/chennai/hospital/harish-hospital-thiruneermalai?referrer=hospital_listing,,VN,practo,,1.0,canonical,857,Q1,,Economy,0.226272
hosp_a403ad068048cf3c,Rekha hospital,rekha hospital,Chennai,Hospital,Ashok Nagar,,13.041459,80.2089775,87618c4f3ffffff,,1.0,1.0,False,,500.0,500.0,,,,+914446276053,https://www.practo.com/chennai/hospital/rekha-hospital-ashok-nagar-2?referrer=hospital_listing,,VN,practo,,1.0,canonical,858,Q1,,Economy,0.226272
hosp_42da4074a75a1c38,Vijaya Diabetes Centre Sugar Clinic,vijaya diabetes centre sugar clinic,Chennai,Hospital,Chromepet,,12.952991,80.1404951,87618c4edffffff,,1.0,1.0,False,,0.0,0.0,,,,+914446312510,https://www.practo.com/chennai/hospital/vijaya-diabetes-centre-sugar-clinic-chromepet?referrer=hospital_listing,,VN,practo,,1.0,canonical,859,Q1,,Economy,0.226272
hosp_c44b43a065f5af89,Pranav Eye Care Hospital,pranav eye care hospital,Chennai,Hospital,Padi,,13.089607,80.179575,87618c4deffffff,,1.0,1.0,False,,350.0,350.0,,,,+914471967343,https://www.practo.com/chennai/hospital/pranav-eye-care-hospital-padi?referrer=hospital_listing,,VN,practo,,1.0,canonical,860,Q1,,Economy,0.226272
hosp_a45130c29302798f,SILOAM Multispeciality Hospital,siloam multispeciality hospital,Chennai,Hospital,Kilpauk,,13.094996,80.241325,87618c48bffffff,,1.0,1.0,False,,250.0,250.0,,,,+914448134925,https://www.practo.com/chennai/hospital/siloam-multispeciality-hospital-medavakkam?referrer=hospital_listing,,VN,practo,,1.0,canonical,861,Q1,,Economy,0.226272
hosp_ce3a67bfadd9ee9c,Mahathevan Eye Hospital,mahathevan eye hospital,Chennai,Hospital,Pallavaram,,12.970769202345446,80.14659404754639,87618c4e8ffffff,,1.0,1.0,False,,600.0,600.0,,,,+914471967336,https://www.practo.com/chennai/hospital/mahathevan-eye-hospital-pallavaram?referrer=hospital_listing,,VN,practo,,1.0,canonical,862,Q1,,Economy,0.226272
hosp_bcd393dd192ed8cc,MATHI Accupuncture and Electro Homeopathy Hospital and ATMA Training Centre,mathi accupuncture electro homeopathy hospital atma training centre,Chennai,Hospital,Adambakkam,,12.994422,80.200532,87618c4e2ffffff,,1.0,1.0,False,,400.0,400.0,,,,+914440114535,https://www.practo.com/chennai/hospital/mathi-acupuncture-hospital-and-training-centre-adambakkam?referrer=hospital_listing,,VN,practo,,1.0,canonical,863,Q1,,Economy,0.226272
hosp_e4d4d7f7ed902d90,Sakthi hospital ,sakthi hospital,Chennai,Hospital,Triplicane,,13.055954744899,80.27533408278,87618c48cffffff,,1.0,1.0,False,,450.0,450.0,,,,+914461712656,https://www.practo.com/chennai/hospital/sakthi-hospital-4-triplicane?referrer=hospital_listing,,VN,practo,,1.0,canonical,864,Q1,,Economy,0.226272
hosp_4161e77b4238cf19,SV Hospital,sv hospital,Chennai,Hospital,Perumbakkam,,12.9071498,80.202494,87618c409ffffff,,1.0,1.0,False,,0.0,0.0,,,,+914446312510,https://www.practo.com/chennai/hospital/sv-hospital-1-perumbakkam?referrer=hospital_listing,,VN,practo,,1.0,canonical,865,Q1,,Economy,0.226272
hosp_8a1068fc081c81a0,Dr.Senthil's Ortho Clinic and Pain Care Centre,dr senthil s ortho clinic pain care centre,Chennai,Hospital,Chitlapakkam,,12.9262688,80.1477338,87618c453ffffff,,1.0,1.0,False,,0.0,0.0,,,,+914446315128,https://www.practo.com/chennai/hospital/dr-senthil-s-ortho-clinic-and-pain-care-centre-chitlapakkam?referrer=hospital_listing,,VN,practo,,1.0,canonical,866,Q1,,Economy,0.226272
hosp_2ac50aead9458b0c,Total Diabetes Care-Bhaarat Hospitals,total diabetes care bhaarat hospitals,Chennai,Hospital,Mogappair,,,,,,1.0,1.0,False,,0.0,0.0,,,,+914448134923,https://www.practo.com/chennai/hospital/total-diabetes-care-bhaarat-hospitals-mogappair?referrer=hospital_listing,,VN,practo,,0.6,canonical,867,Q1,,Economy,0.226272
hosp_14e03f007f3aa893,Rishik Ortho Speciality Hospital,rishik ortho speciality hospital,Chennai,Hospital,Tambaram,,12.9219672,80.1129557,87618c458ffffff,,1.0,1.0,False,,250.0,250.0,,,,+914471967343,https://www.practo.com/chennai/hospital/rishik-ortho-speciality-hospital-tambaram?referrer=hospital_listing,,VN,practo,,1.0,canonical,868,Q1,,Economy,0.226272
hosp_a8e0a7dfe1c17bcc,Dr.Yogi's Chennai Dental Care Hospital,dr yogi s chennai dental care hospital,Chennai,Hospital,Velachery,,12.975971,80.221209,87618c4e6ffffff,,1.0,1.0,False,,100.0,100.0,,,,+914471967343,https://www.practo.com/chennai/hospital/dr-yogi-s-chennai-dental-care-hospital-velachery?referrer=hospital_listing,,VN,practo,,1.0,canonical,869,Q1,,Economy,0.226272
hosp_a1f44f1237713c7d,KKR ENT Medical Center,kkr ent medical center,Chennai,Hospital,Karapakkam,,12.9188315,80.2301841,87618c408ffffff,,1.0,1.0,False,,0.0,0.0,,,,+914471967085,https://www.practo.com/chennai/hospital/kkr-ent-medical-center-karapakkam?referrer=hospital_listing,,VN,practo,,1.0,canonical,870,Q1,,Economy,0.226272
hosp_d876ad34278a827d,Parameshwari First Med Hospital,parameshwari first med hospital,Chennai,Hospital,Ayanavaram,,13.0970553894691,80.2330255508423,87618eb25ffffff,,1.0,1.0,False,,100.0,100.0,,,,+914471967008,https://www.practo.com/chennai/hospital/parameshwari-first-med-hospital-ayanavaram?referrer=hospital_listing,,VN,practo,,1.0,canonical,871,Q1,,Economy,0.226272
hosp_b9ffeacad7a39d13,Aishwariya Hospital,aishwariya hospital,Chennai,Hospital,Kolathur,,13.122635,80.201248,87618eb2cffffff,,1.0,1.0,False,,150.0,150.0,,,,+914471967014,https://www.practo.com/chennai/hospital/aishwariya-hospital-kolathur?referrer=hospital_listing,,VN,practo,,1.0,canonical,872,Q1,,Economy,0.226272
hosp_a0252cd6b8a60ea6,Annai Hospital,annai hospital,Chennai,Hospital,Vyasarpadi,,13.1243286,80.2534646,87618eb24ffffff,,1.0,1.0,False,,100.0,100.0,,,,+914471967343,https://www.practo.com/chennai/hospital/annai-hospital-vyasarpadi?referrer=hospital_listing,,active,practo,,1.0,canonical,873,Q1,,Economy,0.226272
hosp_ec7a9d75e8309980,prabu Medical Centre,prabu medical centre,Chennai,Hospital,Pallavaram,,12.9657199,80.1543121,87618c4ecffffff,,1.0,1.0,False,,0.0,0.0,,,,+914446310179,https://www.practo.com/chennai/hospital/prabu-medical-centre-pallavaram?referrer=hospital_listing,,active,practo,,1.0,canonical,874,Q1,,Economy,0.226272
hosp_99a80800d11bded2,Life Line Hospital,life line hospital,Chennai,Hospital,Anna Nagar,,13.0821837,80.2180769,87618c4d0ffffff,,1.0,1.0,False,,0.0,0.0,,,,+911142246372,https://www.practo.com/chennai/hospital/life-line-hospital-2-anna-nagar?referrer=hospital_listing,,active,practo,,1.0,canonical,875,Q1,,Economy,0.226272
hosp_2b60ba46eb5b7158,Sri Sai KRS Hospital,sri sai krs hospital,Chennai,Hospital,Ashok Nagar,,13.0379248,80.2162495,87618c4f3ffffff,,1.0,1.0,False,,0.0,0.0,,,,+914446312692,https://www.practo.com/chennai/hospital/sri-sai-krs-hospital-ashok-nagar-1?referrer=hospital_listing,,VN,practo,,1.0,canonical,876,Q1,,Economy,0.226272
hosp_e221ff69ad067eb1,Jai Dhanvantari Aesthetic Dental And Implant Centre,jai dhanvantari aesthetic dental implant centre,Chennai,Hospital,Porur,,13.028413,80.151458,87618c4c1ffffff,,1.0,1.0,False,,100.0,100.0,,,,+914471967020,https://www.practo.com/chennai/hospital/jai-dhanvantari-aesthetic-dental-and-implant-centre-porur?referrer=hospital_listing,,VN,practo,,1.0,canonical,877,Q1,,Economy,0.226272
hosp_8d4ff60298f0da30,Ram Physio Clinic,ram physio clinic,Chennai,Hospital,Velachery,,12.974313451454917,80.21931946277618,87618c4e6ffffff,,1.0,1.0,False,,300.0,300.0,,,,+914471967001,https://www.practo.com/chennai/hospital/shri-ram-physio-clinic-velachery?referrer=hospital_listing,,VN,practo,,1.0,canonical,878,Q1,,Economy,0.226272
hosp_ffe7af5a763552a9,Cloud Dental care,cloud dental care,Chennai,Hospital,Shenoy Nagar,,13.07220201013319,80.2299316227436,87618c4d4ffffff,,1.0,1.0,False,,300.0,300.0,,,,+914471967339,https://www.practo.com/chennai/hospital/cloud-dental-care-shenoy-nagar?referrer=hospital_listing,,VN,practo,,1.0,canonical,879,Q1,,Economy,0.226272
hosp_aa9028b3cb20510a,Dr Batra's Positive Health Clinic Pvt Ltd,dr batra s positive health clinic,Chennai,Hospital,Purasawakkam,,13.0855879,80.2475093,87618c48bffffff,,1.0,1.0,False,7.0,499.0,499.0,,,,+914448132959,https://www.practo.com/chennai/hospital/dr-batras-positive-health-clinic-pvt-ltd-1-purasawakkam?referrer=hospital_listing,https://images1-fabric.practo.com/practices/1026756/dr-batra-s-positive-health-clinic-pvt-ltd-chennai-64100d0ba48fb.png,VN,practo,,1.0,canonical,880,Q1,,Economy,0.226272
hosp_75bbda1d0dc23b95,Kolors Healthcare Pvt Ltd,kolors healthcare,Chennai,Hospital,Porur,,13.033743,80.161052,87618c4c3ffffff,,1.0,1.0,False,9.0,0.0,0.0,,,,+914448132961,https://www.practo.com/chennai/hospital/kolors-healthcare-pvt-ltd-porur?referrer=hospital_listing,https://images1-fabric.practo.com/practices/1161435/kolors-health-care-chennai-59e24ad7ecae9.png,VN,practo,,1.0,canonical,881,Q1,,Economy,0.226272
hosp_4055d9f98c9cd644,Clove Dental,clove dental,Chennai,Hospital,Kotturpuram,,13.0412582,80.1745404,87618c4c2ffffff,,1.0,1.0,False,24.0,500.0,500.0,,,,+914448134927,https://www.practo.com/chennai/hospital/clove-dental-29-kotturpuram?referrer=hospital_listing,https://images1-fabric.practo.com/practices/1240567/clove-dental-chennai-5c46e3eae62dd.png,VN,practo,,1.0,canonical,882,Q1,,Economy,0.226272
hosp_3e6d1a740c9b2282,VLCC Wellness and Healthcare,vlcc wellness healthcare,Chennai,Hospital,Alwarpet,,13.0353167,80.2569997,87618c4f6ffffff,,1.0,1.0,False,1.0,1000.0,1000.0,,,,+914461711207,https://www.practo.com/chennai/hospital/vlcc-alwarpet?referrer=hospital_listing,https://images1-fabric.practo.com/practices/1104144/vlcc-wellness-and-healthcare-chennai-5b068b5eab8aa.jpg,VN,practo,,1.0,canonical,883,Q1,,Economy,0.226272
hosp_d2e792b623cd7fb5,Apollo Dental,apollo dental,Chennai,Hospital,Kilpauk,,13.076656626416055,80.24611473083496,87618c489ffffff,,1.0,1.0,False,16.0,500.0,500.0,,,,+914440116020,https://www.practo.com/chennai/hospital/apollo-white-dental-2-tambaram?referrer=hospital_listing,https://images1-fabric.practo.com/practices/1263554/apollo-dental-chennai-601410825c1b8.PNG,VN,practo,,1.0,canonical,884,Q1,,Economy,0.226272
hosp_c1561e80a16db321,Apollo Dental,apollo dental,Chennai,Hospital,Ashok Nagar,,12.974798136142788,77.6003580727679,8760145b4ffffff,,1.0,1.0,False,16.0,500.0,500.0,,,,+914440116020,https://www.practo.com/chennai/hospital/apollo-white-dental-2-ashok-nagar?referrer=hospital_listing,https://images1-fabric.practo.com/practices/1263555/apollo-dental-chennai-601410cbb3fee.PNG,VN,practo,,1.0,canonical,885,Q1,,Economy,0.226272
hosp_dd29edf8fcebfd0c,ReLiva Physiotherapy & Rehab,reliva physiotherapy rehab,Chennai,Hospital,Velachery,,12.9786233,80.2228558,87618c4e6ffffff,,1.0,1.0,False,4.0,650.0,650.0,,,,+914446315859,https://www.practo.com/chennai/hospital/reliva-physiotherapy-rehab-1-velachery?referrer=hospital_listing,https://images1-fabric.practo.com/practices/1267329/reliva-physiotherapy-rehab-chennai-5fc73e9b3868e.jpg,VN,practo,,1.0,canonical,886,Q1,,Economy,0.226272
hosp_1355d945b341af73,"Kosmoderma Skin, Hair & Body Clinics",kosmoderma skin hair body clinics,Chennai,Hospital,Chetpet,,13.054352218523,80.250158646708,87618c4f2ffffff,,1.0,1.0,False,,700.0,700.0,,,,+914471967714,https://www.practo.com/chennai/hospital/kosmoderma-skin-hair-body-clinics-chetpet?referrer=hospital_listing,https://images1-fabric.practo.com/practices/1384365/kosmoderma-skin-hair-body-clinics-chennai-626778a75a005.jpg,VN,practo,,1.0,canonical,887,Q1,,Economy,0.226272
hosp_dc9b5a658c5228a3,Dezy Dental - OMR Road,dezy dental omr road,Chennai,Hospital,OMR Road,,12.9579765,80.2437326,87618c419ffffff,,1.0,1.0,False,,500.0,500.0,,,,+914461712655,https://www.practo.com/chennai/hospital/dezy-dental-omr-road-omr-road?referrer=hospital_listing,https://images1-fabric.practo.com/practices/1418029/dezy-dental-omr-road-chennai-641830b9d3c81.JPG,VN,practo,,1.0,canonical,888,Q1,,Economy,0.226272
hosp_700adc8346da37f3,Apollo First Med Hospitals,apollo first med hospitals,Chennai,Hospital,Kilpauk,,13.0777112,80.2458942,87618c489ffffff,,67.0,23.0,True,12.0,0.0,2000.0,3.5,149.0,2002.0,+918037324578,https://www.practo.com/chennai/hospital/apollo-first-med-hospital-kilpauk?referrer=hospital_listing,https://images1-fabric.practo.com/dr-s-ramkumar-apollo-first-med-hospital-chennai-1459582503-56ff7627a12f0.jpg,RFA,practo,,1.0,canonical,889,Q1,,Economy,0.225839
hosp_e0b6bb8bbd79b116,S.R.M Hospital,s r m hospital,Chennai,Hospital,Nanganallur,,12.973435,80.187488,87618c4e1ffffff,,,1.0,False,,100.0,100.0,,,,+914448134925,https://www.practo.com/chennai/hospital/s-r-m-hospital-nanganallur?referrer=hospital_listing,,active,practo,,1.0,canonical,890,Q1,,Economy,0.225503
hosp_c3fbfed570106b7b,RUKMANI HOSPITAL (DR.VARADHARAJAN ),rukmani hospital dr varadharajan,Chennai,Hospital,Thyagarajapuram,,13.1534228,80.297291,87618c49affffff,,,1.0,False,,0.0,0.0,,,,+914461712671,https://www.practo.com/chennai/hospital/rukmani-hospital-dr-varadharajan-thyagarajapuram?referrer=hospital_listing,,active,practo,,1.0,canonical,891,Q1,,Economy,0.225503
hosp_c1fa7352936e2f9a,Shree Raghavendra Hospital,shree raghavendra hospital,Chennai,Hospital,Thiruvottiyur,,13.1630718,80.3001117,87618c49affffff,,1.0,,False,,150.0,150.0,,,,+914471967351,https://www.practo.com/chennai/hospital/shree-raghavendra-hospital-thiruvottiyur?referrer=hospital_listing,,VN,practo,,1.0,canonical,892,Q1,,Economy,0.224144
hosp_c7f821cbf68295e1,Sriram hospital,sriram hospital,Chennai,Hospital,Chromepet,,12.9498088,80.1350827,87618c4edffffff,,1.0,,False,,0.0,0.0,,,,+914471967083,https://www.practo.com/chennai/hospital/sriram-hospital-chromepet?referrer=hospital_listing,,active,practo,,1.0,canonical,893,Q1,,Economy,0.224144
hosp_f83ffe7f32e9f5bb,Camp Road Animal Hospital,camp road animal hospital,Chennai,Hospital,Tambaram East,,12.9187,80.14405,87618c451ffffff,,,,False,,300.0,300.0,,,,+914471967014,https://www.practo.com/chennai/hospital/camp-road-animal-hospital-tambaram-east?referrer=hospital_listing,,active,practo,,1.0,canonical,894,Q1,,Economy,0.223375
hosp_a84aa86f7cabb950,Vel's Pet Hospital,vel s pet hospital,Chennai,Hospital,Velachery,,12.92766,80.19808,87618c456ffffff,,,,False,,150.0,150.0,,,,+914471967014,https://www.practo.com/chennai/hospital/vel-s-pet-hospital-pallikaranai?referrer=hospital_listing,,active,practo,,1.0,canonical,895,Q1,,Economy,0.223375
hosp_009a236b6dcbdf98,Neuro Life Hospital,neuro life hospital,Chennai,Hospital,Maduravoyal,,13.058904306362994,80.16642093658447,87618c4dcffffff,,7.0,10.0,True,,500.0,800.0,4.0,148.0,,+918045682453,https://www.practo.com/chennai/hospital/neuro-life-hospital-maduravoyal?referrer=hospital_listing,https://images1-fabric.practo.com/neuro-life-hospital-chennai-1439543997-55cdb2bd8425e.jpg,ABS,practo,,1.0,canonical,896,Q1,,Economy,0.222119
hosp_f83fb23ab03bfc81,Cauvery Trust Hospital,cauvery trust hospital,Chennai,Hospital,Villivakkam,,13.10264,80.21136,87618c4d2ffffff,,3.0,4.0,True,,0.0,300.0,3.5,20.0,,+914448134926,https://www.practo.com/chennai/hospital/cauvery-trust-hospital-villivakkam-1?referrer=hospital_listing,https://images1-fabric.practo.com/cauvery-trust-hospital-chennai-1471942938-57bc111a19788.png,VN,practo,,1.0,canonical,897,Q1,,Economy,0.218511
hosp_c0316a53cade42d5,Christudas Hospital,christudas hospital,Chennai,Hospital,Tambaram East,,12.923445,80.129732,87618c45effffff,,1.0,1.0,False,,100.0,100.0,3.5,10.0,1990.0,+914448134923,https://www.practo.com/chennai/hospital/christudas-hospital-tambaram-east-1?referrer=hospital_listing,,VN,practo,,1.0,canonical,898,Q1,,Economy,0.217886
hosp_73d3fb91518b3dc0,ARC International Fertility And Research Centre,arc international fertility research centre,Chennai,Hospital,Perungudi,,12.9543,80.2411,87618c419ffffff,,1.0,4.0,True,3.0,500.0,500.0,4.0,112.0,2016.0,+914471967001,https://www.practo.com/chennai/hospital/arc-international-fertility-and-research-centre-perungudi?referrer=hospital_listing,https://images1-fabric.practo.com/arc-international-fertility-and-research-centre-chennai-1471485135-57b514cf3f697.jpg,VN,practo,,1.0,canonical,899,Q1,,Economy,0.21786
hosp_8b6662f244e224e4,Femelife Fertility Foundation Private Limited,femelife fertility foundation,Chennai,Hospital,Ashok Nagar,,13.039993135347,80.213434696198,87618c4f3ffffff,,2.0,4.0,True,,300.0,500.0,3.5,20.0,,+914448134927,https://www.practo.com/chennai/hospital/femelife-fertility-foundation-private-limited-ashok-nagar?referrer=hospital_listing,https://images1-fabric.practo.com/practices/1176635/femelife-fertility-chennai-5aafebff6069f.png,ABS,practo,,1.0,canonical,900,Q1,,Economy,0.217742
hosp_e3116ca6e3b4ad93,SKS Hospital,sks hospital,Chennai,Hospital,Mogappair East,,13.089934,80.187691,87618c4d3ffffff,,1.0,2.0,True,,300.0,300.0,2.5,10.0,2005.0,+914448134922,https://www.practo.com/chennai/hospital/sks-hospital-mogappair-east?referrer=hospital_listing,https://images1-fabric.practo.com/practices/672153/sks-hospital-chennai-66558ab2d5983.png,VN,practo,,1.0,canonical,901,Q1,,Economy,0.21745
hosp_bb245ba3ddccd7fc,RathiMed Speciality Hospital,rathimed speciality hospital,Chennai,Hospital,Anna Nagar,,13.091971,80.218008,87618c4d2ffffff,,2.0,3.0,True,,400.0,400.0,3.5,20.0,,+914446312550,https://www.practo.com/chennai/hospital/rathimed-speciality-hospital-anna-nagar-1?referrer=hospital_listing,https://images1-fabric.practo.com/rathimed-speciality-hospital-chennai-1448778556-565a9b3cc4525.jpg,VN,practo,,1.0,canonical,902,Q1,,Economy,0.215614
hosp_01c9204ecead701f,COSH,cosh,Chennai,Hospital,Tambaram,,12.92141,80.12754,87618c45effffff,,5.0,8.0,True,,150.0,500.0,3.5,39.0,2001.0,+914471967351,https://www.practo.com/chennai/hospital/cosh-tambaram?referrer=hospital_listing,https://images1-fabric.practo.com/practices/644040/cosh-chennai-671f28ead4525.png,VN,practo,,1.0,canonical,903,Q1,,Economy,0.214693
hosp_aa1ab5ece9e862f5,Balaji Nursing Home,balaji nursing home,Chennai,Hospital,Thiruvanmiyur,,12.995843,80.258509,87618c41affffff,,5.0,4.0,True,,0.0,1000.0,3.5,23.0,,+914471967353,https://www.practo.com/chennai/hospital/balaji-nursing-home-thiruvanmiyur-1?referrer=hospital_listing,https://images1-fabric.practo.com/balaji-nursing-home-chennai-1441800793-55f0225935079.jpg,VN,practo,,1.0,canonical,904,Q1,,Economy,0.213342
hosp_4e67d01e5798907b,Iswarya Fertility Centre,iswarya fertility centre,Chennai,Hospital,Ambattur,,13.121034,80.150329,87618eb29ffffff,,1.0,1.0,True,3.0,700.0,700.0,3.5,19.0,,+911142246363,https://www.practo.com/chennai/hospital/iswarya-fertility-centre-ambattur?referrer=hospital_listing,https://images1-fabric.practo.com/practices/1189220/iswarya-fertility-centre-chennai-662f3c9760866.png,ABS,practo,,1.0,canonical,905,Q1,,Economy,0.212958
hosp_a490a3b55e7bc30f,Siva Head & Neck Hospital,siva head neck hospital,Chennai,Hospital,Royapettah,,13.047757131041,80.264605686574,87618c48dffffff,,2.0,2.0,True,,100.0,200.0,4.0,81.0,,+914448134923,https://www.practo.com/chennai/hospital/siva-head-neck-hospital-royapettah?referrer=hospital_listing,https://images1-fabric.practo.com/practices/687052/siva-head-neck-hospital-chennai-5b596503d7787.jpg,VN,practo,,1.0,canonical,906,Q1,,Economy,0.212949
hosp_3716d355ad67cde4,Best Hospital,best hospital,Chennai,Hospital,Kodambakkam,,13.05353093735579,80.21948575973511,87618c4d4ffffff,,4.0,5.0,True,,300.0,500.0,3.5,24.0,,+914461711210,https://www.practo.com/chennai/hospital/best-hospital-kodambakkam-3?referrer=hospital_listing,https://images1-fabric.practo.com/practices/673481/best-hospital-chennai-67cbdad0deac6.png,VN,practo,,1.0,canonical,907,Q1,,Economy,0.212587
hosp_b0542afc210c8286,Deepam Hospitals,deepam hospitals,Chennai,Hospital,Tambaram West,,12.92935316050946,80.11744514107704,87618c458ffffff,,12.0,12.0,True,2.0,650.0,1500.0,3.5,58.0,1995.0,+918045685726,https://www.practo.com/chennai/hospital/deepam-hospital-tambaram-west-1?referrer=hospital_listing,https://images1-fabric.practo.com/practices/711341/deepam-hospitals-chennai-68f73374a0154.jpeg,ABS,practo,,1.0,canonical,908,Q1,,Economy,0.211382
hosp_b63fede91b61f418,Prashanth Children's Hospital,prashanth children s hospital,Chennai,Hospital,Velachery,,12.979070402572546,80.22289752960205,87618c4e6ffffff,,9.0,7.0,False,2.0,400.0,750.0,4.0,52.0,2001.0,+914440114535,https://www.practo.com/chennai/hospital/prashanth-children-s-hospital-velachery?referrer=hospital_listing,https://images1-fabric.practo.com/practices/1169926/prashanth-children-s-hospital-chennai-5a2e52bbda267.jpg,VN,practo,,1.0,canonical,909,Q1,,Economy,0.210797
hosp_1f9da48e39443f3a,Helios Hospitals,helios hospitals,Chennai,Hospital,Velachery,,12.98559,80.21882,87618c4e6ffffff,,5.0,6.0,True,,0.0,500.0,4.0,186.0,,+914471967714,https://www.practo.com/chennai/hospital/helios-hospitals-velachery?referrer=hospital_listing,https://images1-fabric.practo.com/helios-hospitals-private-ltd-chennai-1456926041-56d6ed5941085.jpg,VN,practo,,1.0,canonical,910,Q1,,Economy,0.209108
hosp_6ff6ec2f4b93f22f,V S Hospitals,v s hospitals,Chennai,Hospital,Tondiarpet,,13.13262841833914,80.296502608061,87618c498ffffff,,8.0,8.0,False,,750.0,1000.0,3.5,11.0,,+914440115823,https://www.practo.com/chennai/hospital/vasantha-subramanian-hospital-tondiarpet?referrer=hospital_listing,https://images1-fabric.practo.com/practices/2165672/vs-hospital-tondiarpet-chennai-6939178555a73.png,ABS,practo,,1.0,canonical,911,Q1,,Economy,0.205026
hosp_a21858a0bdab3dde,V Cure Hospital,v cure hospital,Chennai,Hospital,Pallikaranai,,12.928163,80.199391,87618c456ffffff,,2.0,3.0,True,,300.0,500.0,3.5,25.0,,+914448132961,https://www.practo.com/chennai/hospital/v-cure-hospital-pallikaranai?referrer=hospital_listing,https://images1-fabric.practo.com/practices/643972/v-cure-hospital-chennai-5bdfe6d0e54c7.jpg,active,practo,,1.0,canonical,912,Q1,,Economy,0.204738
hosp_defb690a327d37e6,Dr.JP's Dental & Orthodontic Care,dr jp s dental orthodontic care,Chennai,Hospital,Perambur,,13.106214597918,80.25092030538,87618eb24ffffff,,2.0,1.0,True,,100.0,100.0,3.5,23.0,,+914471967335,https://www.practo.com/chennai/hospital/dr-jp-s-dental-and-orthodontic-care-perambur?referrer=hospital_listing,https://images1-fabric.practo.com/552b635f1e1484de9e522a37b655138d6e1985c38d142.jpg,VN,practo,,1.0,canonical,913,Q1,,Economy,0.204651
hosp_17c2bf1bcb0449a8,Sri Sudharsanam Hospital,sri sudharsanam hospital,Chennai,Hospital,Avadi,,13.1151,80.1029,87618eb75ffffff,,4.0,3.0,True,,0.0,500.0,2.5,10.0,,+914448134926,https://www.practo.com/chennai/hospital/sri-sudharsanam-hospital-avadi?referrer=hospital_listing,https://images1-fabric.practo.com/sri-sudharsanam-hospital-chennai-1456914248-56d6bf48499a0.jpg,VN,practo,,1.0,canonical,914,Q1,,Economy,0.204385
hosp_e549445e1756d29f,Aakash Fertility Centre & Hospital,aakash fertility centre hospital,Chennai,Hospital,Vadapalani,,13.0466732,80.2142802,87618c4f3ffffff,,2.0,3.0,True,2.0,600.0,600.0,4.0,611.0,,+911142246372,https://www.practo.com/chennai/hospital/aakash-fertility-centre-hospital-vadapalani-1-1-1?referrer=hospital_listing,https://images1-fabric.practo.com/practices/700889/aakash-fertility-centre-hospital-chennai-6282440c126de.png,VN,practo,,1.0,canonical,915,Q1,,Economy,0.203184
hosp_6d33cdff9fef12e6,Radial Ortho Speciality Hospital,radial ortho speciality hospital,Chennai,Hospital,Medavakkam,,12.91312,80.19173,87618c454ffffff,,1.0,1.0,True,,500.0,500.0,4.0,126.0,,+911142246372,https://www.practo.com/chennai/hospital/radial-ortho-speciality-hospital-medavakkam-1?referrer=hospital_listing,https://images1-fabric.practo.com/practices/796481/radial-ortho-speciality-hospital-chennai-58e36c072e3c7.jpg,VN,practo,,1.0,canonical,916,Q1,,Economy,0.200974
hosp_7d4beb48ded4674c,The Guest Hospital,guest hospital,Chennai,Hospital,Kilpauk,,13.077459,80.238707,87618c489ffffff,,6.0,6.0,True,,300.0,750.0,3.5,36.0,,+914461711210,https://www.practo.com/chennai/hospital/the-guest-hospital-kilpauk-1?referrer=hospital_listing,https://images1-fabric.practo.com/the-guest-hospital-chennai-1454093871-56abb62f232fa.jpg,VN,practo,,1.0,canonical,917,Q1,,Economy,0.19481
hosp_745d8808ffa45324,Amrit Hospital,amrit hospital,Chennai,Hospital,Sowcarpet,,13.092067,80.279271,87618c48affffff,,10.0,7.0,True,,200.0,1000.0,3.0,21.0,,+914461711211,https://www.practo.com/chennai/hospital/amrit-hospital-sowcarpet?referrer=hospital_listing,https://images1-fabric.practo.com/practices/666195/amrit-hospital-chennai-6655733e843c6.png,VN,practo,,1.0,canonical,918,Q1,,Economy,0.192429
hosp_4e1a412134ea6631,Sai Nursing Home,sai nursing home,Chennai,Hospital,Mangadu,,13.03722068185,80.113655012101,87618c4c8ffffff,,1.0,3.0,False,,500.0,500.0,4.0,30.0,,+914446312550,https://www.practo.com/chennai/hospital/sai-nursing-home-mangadu?referrer=hospital_listing,https://images1-fabric.practo.com/practices/1165974/sai-nursing-home-chennai-5a129583e1252.png,VN,practo,,1.0,canonical,919,Q1,,Economy,0.189551
hosp_4c8ab6bb0925c5aa,Frontier Lifeline Hospital,frontier lifeline hospital,Chennai,Hospital,Mogappair,,13.08755,80.18568,87618c4d3ffffff,,21.0,12.0,True,,0.0,1000.0,3.5,63.0,,+914440115124,https://www.practo.com/chennai/hospital/frontier-lifeline-hospital-mogappair?referrer=hospital_listing,https://images1-fabric.practo.com/55b05869ca6720fc9cdfedb90c668833204d4ee3a2786.jpg,ABS,practo,,1.0,canonical,920,Q1,,Economy,0.187915
hosp_102a64b630c9e187,Buddhi Clinic,buddhi clinic,Chennai,Hospital,Teynampet,,13.034832322827,80.248563456698,87618c4f6ffffff,,4.0,4.0,True,4.0,500.0,2500.0,3.5,38.0,,+918037318924,https://www.practo.com/chennai/hospital/buddhi-clinic-teynampet?referrer=hospital_listing,https://images1-fabric.practo.com/practices/1139172/neurokrish-chennai-5be012806b125.png,ABS,practo,,1.0,canonical,921,Q1,,Economy,0.186024
hosp_1656802bd91fa194,Chennai Krishna Hospital,chennai krishna hospital,Chennai,Hospital,Chromepet,,12.94636,80.13689,87618c4edffffff,,3.0,3.0,True,,250.0,300.0,3.5,50.0,2006.0,+914448134922,https://www.practo.com/chennai/hospital/chennai-krishna-hospital-chromepet?referrer=hospital_listing,https://images1-fabric.practo.com/practices/666188/chennai-krishna-hospital-chennai-596dba29a1e9c.png,VN,practo,,1.0,canonical,922,Q1,,Economy,0.184428
hosp_d712f511763a8f1c,Apollo Hospital,apollo hospital,Chennai,Hospital,Tondiarpet,,13.1289361,80.2905464,87618c498ffffff,,28.0,20.0,True,12.0,0.0,20000.0,3.0,40.0,,+914471967738,https://www.practo.com/chennai/hospital/apollo-hospital-34?referrer=hospital_listing,https://images1-fabric.practo.com/apollo-hospital-tondiarpet-chennai-1470222187-57a1cf6bdebdc.png,RFA,practo,,1.0,canonical,923,Q1,,Economy,0.182254
hosp_f264a7fde6a32002,Saravana Hospital,saravana hospital,Chennai,Hospital,Virugambakkam,,13.048894304035,80.194802731276,87618c4d5ffffff,,2.0,3.0,True,,0.0,500.0,3.0,20.0,,+914446315128,https://www.practo.com/chennai/hospital/london-spine-sports-ortho-centre-virugambakkam?referrer=hospital_listing,https://images1-fabric.practo.com/practices/1267489/saravana-hospital-chennai-64ddc720a92e3.jpeg,ABS,practo,,1.0,canonical,924,Q1,,Economy,0.181274
hosp_33510748221096f7,Vasanthi Orthopaedic Hospital,vasanthi orthopaedic hospital,Chennai,Hospital,Arumbakkam,,13.07231,80.21571,87618c4d0ffffff,,2.0,3.0,False,,500.0,500.0,4.0,43.0,,+914440114419,https://www.practo.com/chennai/hospital/vasanthi-orthopedic-hospital-arumbakkam-1?referrer=hospital_listing,https://images1-fabric.practo.com/practices/705647/vasanthi-orthopaedic-hospital-chennai-5c93786b170fb.jpg,VN,practo,,1.0,canonical,925,Q1,,Economy,0.18103
hosp_7afbe3ffb280e6cd,Tulips Multispeciality Hospital,tulips multispeciality hospital,Chennai,Hospital,Sholinganallur,,12.901118138264378,80.22918596863747,87618c40dffffff,,7.0,5.0,True,,300.0,700.0,3.5,49.0,,+918068452160,https://www.practo.com/chennai/hospital/tulips-multispeciality-hospital-sholinganallur-1?referrer=hospital_listing,https://images1-fabric.practo.com/practices/821190/tulips-multispeciality-hospital-chennai-6884787df162e.png,ABS,practo,,1.0,canonical,926,Q1,,Economy,0.176227
hosp_bf7ba9658c0609b5,Abhijay Hospital Pvt Ltd,abhijay hospital,Chennai,Hospital,Perambur,,13.11596,80.23288,87618eb25ffffff,,20.0,21.0,True,3.0,0.0,1000.0,3.5,192.0,2004.0,+914471967335,https://www.practo.com/chennai/hospital/abhijay-hospital-pvt-ltd-perambur-2?referrer=hospital_listing,https://images1-fabric.practo.com/abhijay-hospital-pvt-ltd-chennai-1462098639-5725dacf9d297.jpg,VN,practo,,1.0,canonical,927,Q1,,Economy,0.1752
hosp_0e763f6072a00d86,Eswar Medical Foundation,eswar medical foundation,Chennai,Hospital,Kolathur,,13.1218861,80.2237455,87618eb21ffffff,,3.0,4.0,True,,600.0,650.0,3.5,60.0,2010.0,+914471967738,https://www.practo.com/chennai/hospital/eswar-medical-foundation-kolathur-3?referrer=hospital_listing,https://images1-fabric.practo.com/practices/1143599/eswar-medical-foundation-chennai-58ec5f6759bce.PNG,VN,practo,,1.0,canonical,928,Q1,,Economy,0.173063
hosp_d91021c921d76d52,Hindu Mission Hospital,hindu mission hospital,Chennai,Hospital,Tambaram West,,12.92385,80.11398,87618c458ffffff,,18.0,17.0,True,,0.0,500.0,3.5,106.0,,+914471967153,https://www.practo.com/chennai/hospital/hindu-mission-hospital-tambaram-tambaram-west?referrer=hospital_listing,https://images1-fabric.practo.com/practices/701757/hindu-mission-hospital-chennai-67b5be3a9886b.png,VN,practo,,1.0,canonical,929,Q1,,Economy,0.169676
hosp_875052a60c3a0cec,Anjakha Multispeciality Hospital,anjakha multispeciality hospital,Chennai,Hospital,Madipakkam,,12.963764,80.187969,87618c4e1ffffff,,19.0,17.0,True,,0.0,700.0,3.5,113.0,,+914471967153,https://www.practo.com/chennai/hospital/anjakha-multispeciality-hospital-madipakkam-1?referrer=hospital_listing,https://images1-fabric.practo.com/anjakha-multispeciality-hospital-chennai-1469542264-57976f78dce75.jpg,VN,practo,,1.0,canonical,930,Q1,,Economy,0.167538
hosp_eb0344549752ed1a,K M Speciality & Pediatric Care,k m speciality pediatric care,Chennai,Hospital,KK Nagar,,13.037845056579096,80.2014575053181,87618c4c6ffffff,,5.0,4.0,True,,300.0,600.0,3.5,60.0,,+914471967014,https://www.practo.com/chennai/hospital/k-m-speciality-hospital-pediatric-care-kk-nagar?referrer=hospital_listing,https://images1-fabric.practo.com/practices/647496/k-m-speciality-pediatric-care-chennai-58e3a45b27ec3.jpg,VN,practo,,1.0,canonical,931,Q1,,Economy,0.161268
hosp_9ccd95497242b58f,Mind Zone,mind zone,Chennai,Hospital,Adyar,,13.001281,80.257407,87618c4f4ffffff,,1.0,1.0,False,,800.0,800.0,3.0,14.0,2015.0,+914471967143,https://www.practo.com/chennai/hospital/mind-zone-adyar?referrer=hospital_listing,https://images1-fabric.practo.com/psychology-chennai-1448621622-5658363677305.jpg,VN,practo,,1.0,canonical,932,Q1,,Economy,0.158803
hosp_c2434ab52a142d7d,Nirmals' Eye Hospital,nirmals eye hospital,Chennai,Hospital,Tambaram West,,12.92971,80.116,87618c458ffffff,,4.0,3.0,False,,0.0,500.0,3.5,24.0,,+914471967155,https://www.practo.com/chennai/hospital/nirmal-s-eye-care-hospital-tambaram-west?referrer=hospital_listing,https://images1-fabric.practo.com/nirmals-eye-hospital-chennai-1477369621-580edf1505417.jpg,VN,practo,,1.0,canonical,933,Q1,,Economy,0.158332
hosp_7f4d486dc1509a45,Apollo Speciality Hospitals,apollo speciality hospitals,Chennai,Hospital,OMR Road,,12.9632159,80.2435853,87618c419ffffff,,4.0,4.0,True,12.0,0.0,1500.0,3.5,66.0,,+914471967004,https://www.practo.com/chennai/hospital/apollo-speciality-hospitals-omr-road?referrer=hospital_listing,https://images1-fabric.practo.com/dr-gb-rajan-apollo-speciality-hospital-perungudi-chennai-1445839376-562dc210c62f4.png,VN,practo,,1.0,canonical,934,Q1,,Economy,0.15528
hosp_71f70d27a4ffa154,KKR ENT Hospital and Research Centre,kkr ent hospital research centre,Chennai,Hospital,Kilpauk,,13.0782,80.2452,87618c489ffffff,,5.0,2.0,False,,500.0,500.0,3.5,29.0,,+914471967153,https://www.practo.com/chennai/hospital/kkr-ent-hospital-and-research-centre-kilpauk?referrer=hospital_listing,,VN,practo,,1.0,canonical,935,Q1,,Economy,0.147228
hosp_9e4394c75f2ceb22,Sri Kumaran A Speciality Hospital,sri kumaran speciality hospital,Chennai,Hospital,Tambaram,,12.927643463833789,80.11193454265594,87618c458ffffff,,2.0,3.0,True,,300.0,500.0,2.5,22.0,,+914446314757,https://www.practo.com/chennai/hospital/sri-kumaran-a-speciality-hospital-tambaram-west?referrer=hospital_listing,https://images1-fabric.practo.com/sri-kumaran-a-speciality-hospital-chennai-1467202527-5773bbdf88d3e.png,VN,practo,,1.0,canonical,936,Q1,,Economy,0.137628
hosp_bf612ff378570b87,Pankajam Memorial Hospital,pankajam memorial hospital,Chennai,Hospital,Nanganallur,,12.9801405,80.183732,87618c4e3ffffff,,5.0,3.0,True,,250.0,500.0,3.5,108.0,,+914471967143,https://www.practo.com/chennai/hospital/pankajam-memorial-hospital-nanganallur-1?referrer=hospital_listing,https://images1-fabric.practo.com/pankajam-memorial-hospital-chennai-1478671159-5822bb37e09f8.jpg,VN,practo,,1.0,canonical,937,Q1,,Economy,0.129029
hosp_21138fed17f7b553,Lakshya Fertility Centre,lakshya fertility centre,Chennai,Hospital,East Tambaram,,12.925773064229496,80.1276463353202,87618c45effffff,,1.0,3.0,False,,500.0,500.0,3.5,50.0,,+914448134097,https://www.practo.com/chennai/hospital/lakshya-fertility-centre-chengalpattu-thiruporur-road?referrer=hospital_listing,https://images1-fabric.practo.com/practices/1600522/lakshya-fertility-centre-chengalpattu-674ee775bed37.png,ABS,practo,,1.0,canonical,938,Q1,,Economy,0.116222
