hospital_id,name,normalized_name,city,practice_type,locality,address,latitude,longitude,h3_res7,zone,doctors_count,speciality_count,multispeciality,other_centers_count,consultation_fee_min,consultation_fee_max,rating,reviews_count,year_established,phone,profile_url,image_url,status,source,scraped_at,data_completeness,dedupe_status,city_rank,quartile,q4_subquartile,segment,hospital_score
hosp_fb0caa65d2577a0f,Smiline Dental Hospitals,smiline dental hospitals,Hyderabad,Hospital,Punjagutta,,17.42991071184,78.44935603207,8760a2591ffffff,,10.0,1.0,True,,700.0,700.0,5.0,5675.0,,+914049173256,https://www.practo.com/hyderabad/hospital/smiline-dental-hospitals-srinagar-colony-1?referrer=hospital_listing,https://images1-fabric.practo.com/smiline-dental-hospitals-hyderabad-1456985154-56d7d44266973.jpg,VN,practo,,1.0,canonical,1,Q4,Q4-Sub-Q4,Ultra Premium,0.661804
hosp_2f9f54accb277bfc,Dr. P Siva Reddy Eye Hospital,dr p siva reddy eye hospital,Hyderabad,Hospital,Himayat Nagar,,17.397883915127537,78.48438955843449,8760a25b3ffffff,,1.0,1.0,True,,750.0,750.0,5.0,3934.0,,+914067822616,https://www.practo.com/hyderabad/hospital/dr-p-siva-reddy-eye-hospital-narayanguda?referrer=hospital_listing,https://images1-fabric.practo.com/51a89d90d3202logo,VN,practo,,1.0,canonical,2,Q4,Q4-Sub-Q4,Ultra Premium,0.575748
hosp_dd9b272c00dea131,Citizens Speciality Hospitals,citizens speciality hospitals,Hyderabad,Hospital,Lingampally,,17.4706677,78.3113086,8760a2485ffffff,,58.0,31.0,True,,0.0,1300.0,4.5,3473.0,,+914045208866,https://www.practo.com/hyderabad/hospital/citizens-hospital-lingampally-4?referrer=hospital_listing,https://images1-fabric.practo.com/citizens-hospital-hyderabad-1470900665-57ac29ba01a43.jpg,VN,practo,,1.0,canonical,3,Q4,Q4-Sub-Q4,Ultra Premium,0.572595
hosp_90b427614378d4f5,Apollo Hospitals,apollo hospitals,Hyderabad,Hospital,Jubilee Hills,,17.41487,78.41234,8760a259cffffff,,204.0,44.0,True,4.0,0.0,2000.0,4.0,1568.0,,+914041892133,https://www.practo.com/hyderabad/hospital/apollo-hospitals-18-jubilee-hills?referrer=hospital_listing,https://images1-fabric.practo.com/dr-vimee-bindra-clinic-apollo-hospita-hyderabad-1456987870-56d7dede540e9.jpg,VN,practo,,1.0,canonical,4,Q4,Q4-Sub-Q4,Ultra Premium,0.560306
hosp_b1ffabaf7823d686,Siri Dental-KARMANGHAT,siri dental karmanghat,Hyderabad,Hospital,LB Nagar,,17.34455,78.52921,8760b525effffff,,6.0,1.0,True,,0.0,400.0,5.0,2725.0,,+918037324178,https://www.practo.com/hyderabad/hospital/siri-multispeciality-dental-hospital-karmanghat?referrer=hospital_listing,https://images1-fabric.practo.com/siri-dental-hospital-hyderabad-1479988049-5836d3519307b.jpg,ABS,practo,,1.0,canonical,5,Q4,Q4-Sub-Q4,Ultra Premium,0.526621
hosp_e2da253c5013b13c,Germanten Hospitals,germanten hospitals,Hyderabad,Hospital,Attapur,,17.362032720116,78.428157210533,8760a2585ffffff,,17.0,15.0,True,,0.0,800.0,5.0,1129.0,2006.0,+918046808996,https://www.practo.com/hyderabad/hospital/germanten-hospitals-attapur-1?referrer=hospital_listing,https://images1-fabric.practo.com/practices/983268/germanten-hospitals-hyderabad-5c4aadb38b43f.PNG,ABS,practo,,1.0,canonical,6,Q4,Q4-Sub-Q4,Ultra Premium,0.508335
hosp_0751ea320ff02c45,Redefine Plastic and Cosmetic Surgery Center,redefine plastic cosmetic surgery center,Hyderabad,Hospital,Kothapet,,17.36907,78.53908,8760b52edffffff,,3.0,6.0,True,,1000.0,1500.0,5.0,1809.0,2012.0,+914048213517,https://www.practo.com/hyderabad/hospital/redefine-plastic-surgery-center-kothapet?referrer=hospital_listing,https://images1-fabric.practo.com/545c92445f7fa96d6f2e7e1f705ab5e59c84a6dc009b2.jpg,ABS,practo,,1.0,canonical,7,Q4,Q4-Sub-Q4,Ultra Premium,0.503746
hosp_e4fa072bcbd68086,Hegde Hospital,hegde hospital,Hyderabad,Hospital,Madhapur,,17.4445995,78.3023006,8760a24aeffffff,,7.0,7.0,True,4.0,500.0,800.0,4.5,3131.0,1977.0,+914045210458,https://www.practo.com/hyderabad/hospital/hegde-hospital-madhapur?referrer=hospital_listing,https://images1-fabric.practo.com/practices/675874/hegde-hospital-hyderabad-624d348a6ce99.jpg,ABS,practo,,1.0,canonical,8,Q4,Q4-Sub-Q4,Ultra Premium,0.500301
hosp_b85f2d6910040de7,Shenoy Hospitals,shenoy hospitals,Hyderabad,Hospital,East Marredpally,,17.447789298866503,78.5089498758316,8760b52cbffffff,,17.0,14.0,True,,0.0,3300.0,5.0,362.0,1963.0,+918045682934,https://www.practo.com/hyderabad/hospital/shenoy-hospitals-east-marredpally-1?referrer=hospital_listing,https://images1-fabric.practo.com/practices/1181639/shenoy-hospitals-hyderabad-5aa222b15266b.jpg,ABS,practo,,1.0,canonical,9,Q4,Q4-Sub-Q4,Ultra Premium,0.49478
hosp_93fba191cd78e1d3,Alavi Hospital,alavi hospital,Hyderabad,Hospital,Chintal,,17.4922204,78.4512617,8760b196effffff,,2.0,4.0,True,,300.0,400.0,5.0,1823.0,,+914067822744,https://www.practo.com/hyderabad/hospital/alavi-multi-speciality-hospital-chintal?referrer=hospital_listing,https://images1-fabric.practo.com/practices/1136542/alavi-multi-speciality-hospital-hyderabad-59f94c3df3362.jpg,VN,practo,,1.0,canonical,10,Q4,Q4-Sub-Q4,Ultra Premium,0.487744
hosp_289ab45d936a07c8,SLG Hospitals,slg hospitals,Hyderabad,Hospital,Nizampet,,17.528616061464,78.362753391266,8760a2494ffffff,,23.0,19.0,True,,300.0,700.0,5.0,608.0,,+914049172582,https://www.practo.com/hyderabad/hospital/slg-hospitals-nizampet?referrer=hospital_listing,https://images1-fabric.practo.com/practices/1245821/slg-hospitals-hyderabad-6655a1f05f067.png,VN,practo,,1.0,canonical,11,Q4,Q4-Sub-Q4,Ultra Premium,0.477878
hosp_b9377c65197586aa,ONUS ROBOTIC HOSPITALS,onus robotic hospitals,Hyderabad,Hospital,Champapet,,17.347115957698,78.520033614467,8760b525affffff,,7.0,5.0,True,,0.0,600.0,5.0,1363.0,,+914049170393,https://www.practo.com/hyderabad/hospital/onus-hospitals-champapet?referrer=hospital_listing,https://images1-fabric.practo.com/practices/1207781/onus-hospitals-hyderabad-64e619b22196e.jpg,ABS,practo,,1.0,canonical,12,Q4,Q4-Sub-Q4,Ultra Premium,0.47316
hosp_c03a7ce5358d2c8a,Lotus Hospitals | Kukatpally,lotus hospitals kukatpally,Hyderabad,Hospital,Kukatpally,,17.49135,78.393073,8760a24b6ffffff,,17.0,8.0,True,,500.0,1200.0,5.0,704.0,2012.0,+917949108238,https://www.practo.com/hyderabad/hospital/lotus-children-hospitals-kukatpally?referrer=hospital_listing,https://images1-fabric.practo.com/practices/615835/lotus-hospitals-kukatpally-hyderabad-69216458adf54.png,ABS,practo,,1.0,canonical,13,Q4,Q4-Sub-Q4,Ultra Premium,0.467252
hosp_acbbda5bd14beff7,KIMS - Krishna Institute of Medical Sciences,kims krishna institute medical sciences,Hyderabad,Hospital,Secunderabad,,17.38504,78.48667,8760a25b0ffffff,,127.0,50.0,True,,0.0,1500.0,4.0,776.0,,+914071963655,https://www.practo.com/hyderabad/hospital/krishna-institute-of-medical-sciences-kims-secunderabad?referrer=hospital_listing,https://images1-fabric.practo.com/kims-hospitals-hyderabad-1466088156-5762badc0b649.jpg,VN,practo,,1.0,canonical,14,Q4,Q4-Sub-Q4,Ultra Premium,0.463682
hosp_549c8ae2be3fa9fa,Medicover Hospitals - Hitech City,medicover hospitals hitech city,Hyderabad,Hospital,Hitech City,,17.44582,78.3774,8760a259bffffff,,95.0,33.0,True,3.0,500.0,1000.0,4.0,1974.0,2015.0,+917941056658,https://www.practo.com/hyderabad/hospital/medicover-hospitals-hitech-city-1?referrer=hospital_listing,https://images1-fabric.practo.com/practices/1154495/medicover-hospitals-hyderabad-5d7b62f31bc20.PNG,ABS,practo,,1.0,canonical,15,Q4,Q4-Sub-Q4,Ultra Premium,0.458128
hosp_283cdcc2c41fe254,Udai Omni Hospital,udai omni hospital,Hyderabad,Hospital,Chapel Road,,17.395815331829155,78.47139855344722,8760a25b3ffffff,,23.0,13.0,True,,0.0,950.0,4.5,1457.0,1974.0,+914049172582,https://www.practo.com/hyderabad/hospital/udai-omni-hospital-chapel-road?referrer=hospital_listing,https://images1-fabric.practo.com/udai-omni-hospital-hyderabad-1481627624-584fd7e8e0991.jpg,VN,practo,,1.0,canonical,16,Q4,Q4-Sub-Q4,Ultra Premium,0.456032
hosp_707dc4b9f223c8bd,Chetana Hospital,chetana hospital,Hyderabad,Hospital,Secunderabad,,17.436,78.4832,8760a2596ffffff,,4.0,1.0,False,,0.0,1000.0,5.0,2027.0,2013.0,+914049172582,https://www.practo.com/hyderabad/hospital/chetana-hospital-secunderabad-1?referrer=hospital_listing,https://images1-fabric.practo.com/chetana-hospital-1446550201-56389ab9aa44a.jpeg,VN,practo,,1.0,canonical,17,Q4,Q4-Sub-Q4,Ultra Premium,0.453894
hosp_2324db755a81f44a,Pace Hospitals,pace hospitals,Hyderabad,Hospital,Madinaguda,,17.494154749252,78.34704938829,8760a24b3ffffff,,8.0,13.0,True,1.0,0.0,600.0,4.5,2688.0,,+914045206170,https://www.practo.com/hyderabad/hospital/pace-hospitals-best-gastro-liver-kidney-centre-24x7-begumpet?referrer=hospital_listing,https://images1-fabric.practo.com/practices/1207742/pace-hospitals-hyderabad-5b46e57acccf1.jpg,active,practo,,1.0,canonical,18,Q4,Q4-Sub-Q4,Ultra Premium,0.452829
hosp_06b06ff56d6d508a,Manasa Nursing Home,manasa nursing home,Hyderabad,Hospital,Padmarao Nagar,,17.4290753,78.5072058,8760b52c9ffffff,,2.0,1.0,True,,1800.0,2000.0,5.0,686.0,1997.0,+917969205164,https://www.practo.com/hyderabad/hospital/manasa-nursing-home-padmarao-nagar-011?referrer=hospital_listing,https://images1-fabric.practo.com/practices/1017232/manasa-nursing-home-hyderabad-665ecbc2590d8.png,ABS,practo,,1.0,canonical,19,Q4,Q4-Sub-Q4,Ultra Premium,0.450025
hosp_804dbb36652ff95c,Geetha Multi Speciality Hospital,geetha multi speciality hospital,Hyderabad,Hospital,West Marredpally,,17.44708,78.50824,8760b52cbffffff,,10.0,8.0,True,,0.0,500.0,4.5,1994.0,1983.0,+914041891805,https://www.practo.com/hyderabad/hospital/geetha-multi-speciality-hospital-west-marredpally?referrer=hospital_listing,https://images1-fabric.practo.com/geetha-multi-speciality-hospital-hyderabad-1462451819-572b3e6b52af1.jpg,VN,practo,,1.0,canonical,20,Q4,Q4-Sub-Q4,Ultra Premium,0.449798
hosp_153150fe54a17517,Virinchi Hospitals,virinchi hospitals,Hyderabad,Hospital,Banjara Hills,,17.408053811991,78.451348934323,8760a2595ffffff,,41.0,27.0,True,,600.0,1500.0,4.5,607.0,1992.0,+917948223569,https://www.practo.com/hyderabad/hospital/virinchi-hospitals-banjara-hills-1-2?referrer=hospital_listing,https://images1-fabric.practo.com/practices/1138784/virinchi-hospitals-hyderabad-5c388f78f1778.png,ABS,practo,,1.0,canonical,21,Q4,Q4-Sub-Q4,Ultra Premium,0.447488
hosp_66536aa3c21bc5df,Hyderabad Multispeciality Hospital,hyderabad multispeciality hospital,Hyderabad,Hospital,Malakpet,,17.371569066194056,78.50052237510681,8760a25b4ffffff,,8.0,6.0,True,,0.0,500.0,5.0,777.0,,+914041892132,https://www.practo.com/hyderabad/hospital/hyderabad-multispeciality-hospital-malakpet?referrer=hospital_listing,https://images1-fabric.practo.com/practices/813776/hyderabad-multispeciality-hospital-hyderabad-58e35e2020bca.jpg,VN,practo,,1.0,canonical,22,Q4,Q4-Sub-Q4,Ultra Premium,0.4468
hosp_272d45994765f835,Medicover Hospitals,medicover hospitals,Hyderabad,Hospital,Secunderabad,,17.44095196506271,78.50432624501329,8760b52c9ffffff,,52.0,29.0,True,,0.0,1200.0,4.5,845.0,2025.0,+918045680130,https://www.practo.com/hyderabad/hospital/medicover-hospitals-4-secunderabad?referrer=hospital_listing,https://practo-fabric.s3.ap-southeast-1.amazonaws.com/establishment/establishment-000000000000000000119dc0/logo/gallery-image-69e723a5f51360ae2aaa5acd-1776755621698,ABS,practo,,1.0,canonical,23,Q4,Q4-Sub-Q4,Ultra Premium,0.44608
hosp_da36f52bd366548f,Olive Hospital,olive hospital,Hyderabad,Hospital,Mehdipatnam,,17.39362,78.42734,8760a2580ffffff,,37.0,19.0,True,,0.0,600.0,4.5,1300.0,2009.0,+914049170224,https://www.practo.com/hyderabad/hospital/olive-hospital-mehdipatnam-4?referrer=hospital_listing,https://images1-fabric.practo.com/practices/1129835/olive-hospital-hyderabad-67b84c7e81e75.png,VN,practo,,1.0,canonical,24,Q4,Q4-Sub-Q4,Ultra Premium,0.445518
hosp_52d7cec7fb5370aa,Dr. Smiles Dental Hospitals,dr smiles dental hospitals,Hyderabad,Hospital,Vidyanagar,,17.40301,78.50745,8760a25b6ffffff,,5.0,1.0,True,,0.0,300.0,5.0,990.0,,+917317172676,https://www.practo.com/hyderabad/hospital/kirans-dental-hospitals-ram-nagar?referrer=hospital_listing,https://images1-fabric.practo.com/practices/653716/dr-smiles-dental-hospitals-hyderabad-5d2495bff1f0b.jpg,ABS,practo,,1.0,canonical,25,Q4,Q4-Sub-Q4,Ultra Premium,0.444983
hosp_50794c2e994d8376,Andani Hospital,andani hospital,Hyderabad,Hospital,Manikonda,,17.386648,78.358808,8760a2588ffffff,,3.0,4.0,True,,250.0,400.0,5.0,882.0,,+914067822406,https://www.practo.com/hyderabad/hospital/andani-hospital-manikonda?referrer=hospital_listing,https://images1-fabric.practo.com/andani-hospital-hyderabad-1444021165-561203ada13e3.jpg,VN,practo,,1.0,canonical,26,Q4,Q4-Sub-Q4,Ultra Premium,0.443482
hosp_71832ebe12b96b8f,Sunshine Hospitals,sunshine hospitals,Hyderabad,Hospital,Gachibowli,,17.420070734374,78.38507108725,8760a2599ffffff,,28.0,21.0,True,1.0,200.0,1000.0,4.5,1488.0,2017.0,+914048213515,https://www.practo.com/hyderabad/hospital/sunshine-hospitals-gachibowli-1?referrer=hospital_listing,https://images1-fabric.practo.com/practices/1157404/sunshine-hospitals-hyderabad-5ae02ab012762.jpg,VN,practo,,1.0,canonical,27,Q4,Q4-Sub-Q4,Ultra Premium,0.442494
hosp_d701aa3504e77d63,Access Dental Hospital,access dental hospital,Hyderabad,Hospital,Alwal,,17.499400060032,78.513219952583,8760b1966ffffff,,4.0,1.0,True,,0.0,400.0,5.0,924.0,,+914041891805,https://www.practo.com/hyderabad/hospital/access-dental-hospital-alwal?referrer=hospital_listing,https://images1-fabric.practo.com/practices/652460/access-dental-hospital-hyderabad-5a8fd611e98ef.jpg,VN,practo,,1.0,canonical,28,Q4,Q4-Sub-Q4,Ultra Premium,0.440637
hosp_3d60ffa3abe75eba,Yashoda Hospital,yashoda hospital,Hyderabad,Hospital,Somajiguda,,17.424468804637236,78.45666289329529,8760a2595ffffff,,43.0,28.0,True,2.0,0.0,900.0,4.5,953.0,,+914049172967,https://www.practo.com/hyderabad/hospital/yashoda-hospital-19-somajiguda-1?referrer=hospital_listing,https://images1-fabric.practo.com/practices/1147444/yashoda-hospital-hyderabad-5dc9073e3c32a.png,VN,practo,,1.0,canonical,29,Q4,Q4-Sub-Q4,Ultra Premium,0.439426
hosp_c14629a1ab335493,Zoi Hospitals,zoi hospitals,Hyderabad,Hospital,Attapur,,17.36334,78.428417,8760a2585ffffff,,12.0,10.0,True,2.0,300.0,600.0,5.0,458.0,,+914049170393,https://www.practo.com/hyderabad/hospital/zoi-hospitals-attapur-1?referrer=hospital_listing,https://images1-fabric.practo.com/practices/1147216/zoi-hospitals-hyderabad-592e474671d6e.jpg,VN,practo,,1.0,canonical,30,Q4,Q4-Sub-Q4,Ultra Premium,0.439332
hosp_b74367bfbe883035,Smiline Dental Hospitals,smiline dental hospitals,Hyderabad,Hospital,Madhapur,,17.460137,78.384241,8760a259bffffff,,5.0,1.0,True,,700.0,700.0,5.0,878.0,,+914049170295,https://www.practo.com/hyderabad/hospital/smiline-hitech-madhapur?referrer=hospital_listing,https://images1-fabric.practo.com/smiline-dental-hospitals-near-hitech-city-hyderabad-1456987854-56d7deced0f9b.jpg,VN,practo,,1.0,canonical,31,Q4,Q4-Sub-Q4,Ultra Premium,0.439234
hosp_1ecd3c80c8c0c7b7,Janapareddy Hospitals,janapareddy hospitals,Hyderabad,Hospital,Sikh Village,,17.4607,78.49057,8760b1965ffffff,,5.0,5.0,True,,0.0,500.0,4.5,2375.0,2003.0,+914067822617,https://www.practo.com/hyderabad/hospital/janapareddy-hospitals-secunderabad?referrer=hospital_listing,https://images1-fabric.practo.com/janapareddy-hospitals-pediatric-gynecology-ent-surgery-hyderabad-1449121647-565fd76f27b42.jpg,VN,practo,,1.0,canonical,32,Q4,Q4-Sub-Q4,Ultra Premium,0.43917
hosp_81f0c12d1c2a8aa0,Ankura hospital for women and children,ankura hospital for women children,Hyderabad,Hospital,Banjara Hills,,17.411911,78.431975,8760a2582ffffff,,15.0,6.0,True,8.0,300.0,1600.0,5.0,363.0,2014.0,+914045210126,https://www.practo.com/hyderabad/hospital/ankura-hospitals-banjara-hills?referrer=hospital_listing,https://images1-fabric.practo.com/practices/914484/ankura-hospital-for-women-and-children-avis-ankura-hyderabad-5c650fa4d5939.jpg,ABS,practo,,1.0,canonical,33,Q4,Q4-Sub-Q4,Ultra Premium,0.436905
hosp_5fd555418a36f7c3,Lakshmi Hospital & Research Centre,lakshmi hospital research centre,Hyderabad,Hospital,Himayat Nagar,,17.4002,78.482,8760a25b3ffffff,,3.0,5.0,True,,750.0,1100.0,5.0,669.0,,+914049173477,https://www.practo.com/hyderabad/hospital/lakshmi-hospital-research-centre-himayat-nagar?referrer=hospital_listing,https://images1-fabric.practo.com/practices/1234765/lakshmi-hospital-research-centre-hyderabad-5bee7693f3030.jpg,ABS,practo,,1.0,canonical,34,Q4,Q4-Sub-Q4,Ultra Premium,0.433864
hosp_ae2ed568223a24b8,Lifeline Multispeciality Hospital,lifeline multispeciality hospital,Hyderabad,Hospital,Ecil,,17.475284266917,78.570971677246,8760b52dcffffff,,37.0,24.0,True,,0.0,2000.0,4.5,380.0,1985.0,+914045210969,https://www.practo.com/hyderabad/hospital/lifeline-multispeciality-hospital-ecil?referrer=hospital_listing,,ABS,practo,,1.0,canonical,35,Q4,Q4-Sub-Q4,Ultra Premium,0.431766
hosp_ae6ba2606e2227d4,Ferty 9 Fertility Centre,ferty 9 fertility centre,Hyderabad,Hospital,Secunderabad,,17.477064,78.491567,8760b1965ffffff,,4.0,1.0,True,,0.0,0.0,5.0,750.0,,+914067820170,https://www.practo.com/hyderabad/hospital/ferty9-hospital-west-marredpally?referrer=hospital_listing,https://images1-fabric.practo.com/practices/1153714/ferty9-hospital-hyderabad-5f105a25abe4f.JPG,ABS,practo,,1.0,canonical,36,Q4,Q4-Sub-Q4,Ultra Premium,0.431402
hosp_46f885e1f9eab465,KJS Dental Hospital,kjs dental hospital,Hyderabad,Hospital,AS Rao Nagar,,17.48163,78.55282,8760b52d8ffffff,,4.0,1.0,True,,0.0,500.0,5.0,741.0,,+914041891804,https://www.practo.com/hyderabad/hospital/kjs-dental-hospital-as-rao-nagar?referrer=hospital_listing,https://images1-fabric.practo.com/practices/654751/kjs-dental-hospital-hyderabad-619a27d1903b8.jpg,ABS,practo,,1.0,canonical,37,Q4,Q4-Sub-Q4,Ultra Premium,0.430906
hosp_0934773574ed7fc2,Siri Dental Hospital,siri dental hospital,Hyderabad,Hospital,Madinaguda,,17.49332164851377,78.35108913481236,8760a24b3ffffff,,3.0,1.0,True,,500.0,500.0,5.0,739.0,,+914041892133,https://www.practo.com/hyderabad/hospital/siri-dental-hospital-madinaguda?referrer=hospital_listing,https://images1-fabric.practo.com/siri-dental-hospital-hyderabad-1489644385-58ca2b612f63f.jpg,ABS,practo,,1.0,canonical,38,Q4,Q4-Sub-Q4,Ultra Premium,0.429815
hosp_477c3b7341fa77d0,Smile N Glow Dental & Skin Hospital,smile n glow dental skin hospital,Hyderabad,Hospital,Karkhana,,17.461489889795,78.500536791981,8760b52cbffffff,,3.0,6.0,True,,300.0,600.0,5.0,543.0,,+914041891803,https://www.practo.com/hyderabad/hospital/smilenglow-dental-and-skin-hospital-karkhana-1?referrer=hospital_listing,https://images1-fabric.practo.com/practices/1239648/smilenglow-dental-and-skin-hospital-hyderabad-5c519d0c23128.jpeg,ABS,practo,,1.0,canonical,39,Q4,Q4-Sub-Q4,Ultra Premium,0.428236
hosp_78df0b72c57e61d2,Lux Hospitals,lux hospitals,Hyderabad,Hospital,Madhapur,,17.43342718685,78.374457662129,8760a2599ffffff,,9.0,7.0,True,,500.0,800.0,5.0,359.0,,+918045680996,https://www.practo.com/hyderabad/hospital/lux-hospitals-madhapur?referrer=hospital_listing,https://images1-fabric.practo.com/practices/1428771/lux-hospitals-hyderabad-64b9320a8836b.png,ABS,practo,,1.0,canonical,40,Q4,Q4-Sub-Q4,Ultra Premium,0.42268
hosp_eceb70a9e50770c5,Viva Smilez Dental Hospital,viva smilez dental hospital,Hyderabad,Hospital,Nallakunta,,17.39916,78.502738,8760a25b6ffffff,,1.0,1.0,True,,300.0,300.0,5.0,626.0,,+914041891805,https://www.practo.com/hyderabad/hospital/viva-smilez-dental-hospital-nallakunta?referrer=hospital_listing,https://images1-fabric.practo.com/53281a2117a18f5f0fa4a6bae3a42d5c28accb0f90eff.jpg,VN,practo,,1.0,canonical,41,Q4,Q4-Sub-Q4,Ultra Premium,0.421387
hosp_17aaf8de55812a3c,Tx Hospitals,tx hospitals,Hyderabad,Hospital,Uppal,,17.402346351768152,78.56694459915161,8760b52eeffffff,,84.0,35.0,True,2.0,0.0,600.0,4.5,11.0,,+914041891797,https://www.practo.com/hyderabad/hospital/tx-hospitals-therapy-for-every-illness-uppal?referrer=hospital_listing,https://images1-fabric.practo.com/practices/1418867/tx-hospitals-therapy-for-every-illness-hyderabad-642400d43e19b.JPG,VN,practo,,1.0,canonical,42,Q4,Q4-Sub-Q4,Ultra Premium,0.420815
hosp_56dfb69108bc8f13,Landmark Hospitals,landmark hospitals,Hyderabad,Hospital,Kukatpally,,17.49926,78.38805,8760a24b6ffffff,,13.0,12.0,True,,0.0,750.0,4.5,1629.0,2012.0,+914049170223,https://www.practo.com/hyderabad/hospital/landmark-hospitals-kukatpally?referrer=hospital_listing,https://images1-fabric.practo.com/practices/728698/landmark-hospitals-hyderabad-58e394b66f15b.jpg,VN,practo,,1.0,canonical,43,Q4,Q4-Sub-Q4,Ultra Premium,0.420277
hosp_87e6babe1e8a45ce,American Oncology Institute,american oncology institute,Hyderabad,Hospital,Lingampally,,17.4705,78.3109,8760a2485ffffff,,17.0,5.0,True,,650.0,800.0,5.0,277.0,,+914049172578,https://www.practo.com/hyderabad/hospital/american-oncology-institute-lingampally?referrer=hospital_listing,https://images1-fabric.practo.com/american-oncology-institute-hyderabad-1478600298-5821a66a0edd9.jpg,VN,practo,,1.0,canonical,44,Q4,Q4-Sub-Q4,Ultra Premium,0.418601
hosp_3969c161e7d7a007,Dr.Mahalaxmi Dental Hospital,dr mahalaxmi dental hospital,Hyderabad,Hospital,Begumpet,,17.44712,78.46225,8760a2590ffffff,,1.0,1.0,True,,300.0,300.0,5.0,554.0,,+914048216833,https://www.practo.com/hyderabad/hospital/dr-mahalaxmi-dental-hospital-begumpet?referrer=hospital_listing,https://images1-fabric.practo.com/541c268b3542b7877849be4bb7a1d2cfd3bd6f3984c17.png,VN,practo,,1.0,canonical,45,Q4,Q4-Sub-Q4,Ultra Premium,0.416976
hosp_c01256062e3d1118,KIMS Hospital,kims hospital,Hyderabad,Hospital,Kondapur,,17.466300652210148,78.36792469024658,8760a24b5ffffff,,51.0,34.0,True,,0.0,1000.0,4.0,2138.0,,+914045206002,https://www.practo.com/hyderabad/hospital/kims-hospitals-kondapur-1?referrer=hospital_listing,https://images1-fabric.practo.com/practices/1063838/kims-hospital-hyderabad-67a6fd9d757be.png,VN,practo,,1.0,canonical,46,Q4,Q4-Sub-Q4,Ultra Premium,0.414939
hosp_21cc02356e80e970,Advanced Endocrine & Diabetes Hospital & Research Center,advanced endocrine diabetes hospital research center,Hyderabad,Hospital,KPHB,,17.48978,78.400946,8760a24b6ffffff,,2.0,4.0,True,,500.0,1000.0,4.5,2019.0,2012.0,+914049173880,https://www.practo.com/hyderabad/hospital/advanced-endocrine-diabetes-hospital-research-center-kphb?referrer=hospital_listing,https://images1-fabric.practo.com/55ba38cae8dde6044e1b77e91b4fe89b4880b3c5fad15.jpg,ABS,practo,,1.0,canonical,47,Q4,Q4-Sub-Q4,Ultra Premium,0.410902
hosp_f7f441c22780176c,Kanamaneni Multispeciality Dental Hospitals,kanamaneni multispeciality dental hospitals,Hyderabad,Hospital,Kukatpally,,17.48815728523229,78.41505981981754,8760b1969ffffff,,1.0,1.0,True,,500.0,500.0,5.0,284.0,2008.0,+914045209803,https://www.practo.com/hyderabad/hospital/kanamaneni-multispeciality-dental-hospital-kukatpally?referrer=hospital_listing,https://practo-fabric.s3.ap-southeast-1.amazonaws.com/establishment/establishment-000000000000000000112d8b/logo/gallery-image-000000003f0000000016ab8d-1781721067594,VN,practo,,1.0,canonical,48,Q4,Q4-Sub-Q4,Ultra Premium,0.410674
hosp_fe03edf2a826dd0c,Sowjanya Dental Hospitals,sowjanya dental hospitals,Hyderabad,Hospital,Himayat Nagar,,17.401499,78.485053,8760a25b3ffffff,,9.0,1.0,True,,0.0,300.0,5.0,358.0,,+914067822587,https://www.practo.com/hyderabad/hospital/sowjanya-dental-hospitals-himayat-nagar?referrer=hospital_listing,https://images1-fabric.practo.com/53fc90013c5018a120374f3415c6da1f37dcbbd8bc799.jpg,VN,practo,,1.0,canonical,49,Q4,Q4-Sub-Q4,Ultra Premium,0.410594
hosp_1c2efd82c7de5ff1,Kiran Dental Hospital,kiran dental hospital,Hyderabad,Hospital,Madinaguda,,17.489004378776926,78.34614749997854,8760a24b1ffffff,,2.0,1.0,True,,150.0,300.0,5.0,445.0,,+914048216790,https://www.practo.com/hyderabad/hospital/kiran-dental-hospital-kphb?referrer=hospital_listing,https://images1-fabric.practo.com/53d206c5c844259b514174bffe4ae402b3d63aad79fe0.jpg,VN,practo,,1.0,canonical,50,Q4,Q4-Sub-Q4,Ultra Premium,0.410592
hosp_312f602fee331289,Dr. Murthy Eye Care center,dr murthy eye care center,Hyderabad,Hospital,KPHB,,17.479364099691,78.394221067429,8760a24b4ffffff,,1.0,1.0,True,,500.0,500.0,5.0,430.0,,+917969205304,https://www.practo.com/hyderabad/hospital/dr-murthy-eye-hospital-kukatpally?referrer=hospital_listing,https://images1-fabric.practo.com/practices/1258327/dr-murthy-eye-hospital-hyderabad-5cf140fa53e47.jpeg,VN,practo,,1.0,canonical,51,Q4,Q4-Sub-Q4,Ultra Premium,0.408507
hosp_5e49acaa8c5182c7,Mother To Be - Fertility Care Redefined ,mother to be fertility care redefined,Hyderabad,Hospital,Madhapur,,17.455779623024,78.374962806702,8760a259bffffff,,1.0,1.0,True,,1000.0,1000.0,5.0,415.0,,+914041892132,https://www.practo.com/hyderabad/hospital/mother-to-be-madhapur?referrer=hospital_listing,https://images1-fabric.practo.com/practices/1262861/mother-to-be-hyderabad-5d5d0892a11b3.png,VN,practo,,1.0,canonical,52,Q4,Q4-Sub-Q4,Ultra Premium,0.407374
hosp_3b888ba5ae586dcb,Green Med Hospital,green med hospital,Hyderabad,Hospital,Srinagar Colony,,17.429585621923657,78.4315638230503,8760a2591ffffff,,3.0,3.0,True,,500.0,650.0,5.0,326.0,,+917948227672,https://www.practo.com/hyderabad/hospital/greenmed-hospital-srinagar-colony?referrer=hospital_listing,https://images1-fabric.practo.com/practices/1437758/green-med-hospital-hyderabad-652a3f4bf29a1.jpg,ABS,practo,,1.0,canonical,53,Q4,Q4-Sub-Q4,Ultra Premium,0.405835
hosp_a3e485ab16cfb06b,Smilevel Dental Hospital,smilevel dental hospital,Hyderabad,Hospital,Secunderabad,,17.441049,78.50048,8760b52c9ffffff,,1.0,1.0,True,,300.0,300.0,5.0,385.0,,+914049172581,https://www.practo.com/hyderabad/hospital/smilevel-dental-hospital-secunderabad-1?referrer=hospital_listing,https://images1-fabric.practo.com/smile-vel-dental-hospital-hyderabad-1459006382-56f6abae7dae7.jpg,VN,practo,,1.0,canonical,54,Q4,Q4-Sub-Q4,Ultra Premium,0.405009
hosp_fc13648e086fb250,Femina Womens Hospital,femina womens hospital,Hyderabad,Hospital,Banjara Hills,,17.411911,78.431975,8760a2582ffffff,,3.0,3.0,True,,0.0,500.0,5.0,317.0,,+914067822453,https://www.practo.com/hyderabad/hospital/femina-women-s-hospital-banjara-hills?referrer=hospital_listing,https://images1-fabric.practo.com/femina-womens-hospital-hyderabad-1478608875-5821c7ebec0a0.jpg,VN,practo,,1.0,canonical,55,Q4,Q4-Sub-Q4,Ultra Premium,0.404981
hosp_2c71ecfba9162db0,Sarojini Dental Hospital,sarojini dental hospital,Hyderabad,Hospital,Trimulgherry,,17.47088,78.50585,8760b1964ffffff,,2.0,1.0,True,,500.0,500.0,5.0,371.0,,+914041891806,https://www.practo.com/hyderabad/hospital/sarojini-dental-hospital-trimulgherry-1?referrer=hospital_listing,https://images1-fabric.practo.com/sarojini-dental-hospital-hyderabad-1491304847-58e3818f87b4c.jpg,VN,practo,,1.0,canonical,56,Q4,Q4-Sub-Q4,Ultra Premium,0.404836
hosp_616b7428823a0782,Medicover Hospital,medicover hospital,Hyderabad,Hospital,Financial District,,17.447385145517792,78.37828728841991,8760a259bffffff,,54.0,28.0,True,,500.0,2000.0,4.5,130.0,,+918045682904,https://www.practo.com/hyderabad/hospital/medicover-hospital-financial-district?referrer=hospital_listing,https://images1-fabric.practo.com/practices/2170277/medicover-finacial-district-hyderabad-696e1f6d0a6b4.png,ABS,practo,,1.0,canonical,57,Q4,Q4-Sub-Q4,Ultra Premium,0.404685
hosp_2a4a1a4043f15acb,Zoi Hospitals,zoi hospitals,Hyderabad,Hospital,Somajiguda,,17.427466,78.456985,8760a2590ffffff,,5.0,4.0,True,2.0,0.0,700.0,5.0,267.0,,+914041891802,https://www.practo.com/hyderabad/hospital/zoi-hospitals-somajiguda-2?referrer=hospital_listing,https://images1-fabric.practo.com/zoi-hospitals-hyderabad-1448277645-5652f68d4d687.jpg,VN,practo,,1.0,canonical,58,Q4,Q4-Sub-Q4,Ultra Premium,0.403718
hosp_d70ce9bcc87251cf,Sai Bharadwaja Advanced Ayurveda Hospital,sai bharadwaja advanced ayurveda hospital,Hyderabad,Hospital,Erragadda,,17.453957826684,78.428773283958,8760a259effffff,,1.0,1.0,True,,500.0,500.0,5.0,366.0,,+917969205180,https://www.practo.com/hyderabad/hospital/sai-bharadwaja-advanced-ayurveda-hospital-erragadda?referrer=hospital_listing,https://images1-fabric.practo.com/sai-bharadwaja-advanced-ayurveda-hospital-hyderabad-1483347282-586a155221d97.jpg,ABS,practo,,1.0,canonical,59,Q4,Q4-Sub-Q4,Ultra Premium,0.403434
hosp_30c4d86c0a78307c,Asian Institute Of Nephrology & Urology,asian institute nephrology urology,Hyderabad,Hospital,Somajiguda,,17.41674,78.45356,8760a2595ffffff,,13.0,6.0,True,2.0,0.0,750.0,4.5,1527.0,2013.0,+914048216790,https://www.practo.com/hyderabad/hospital/asian-institute-of-nephrology-urology-somajiguda?referrer=hospital_listing,https://images1-fabric.practo.com/asian-institute-of-nephrology-urology-hyderabad-1467285252-5774ff043ce53.png,VN,practo,,1.0,canonical,60,Q4,Q4-Sub-Q4,Ultra Premium,0.402872
hosp_9cb87f8faed2f89f,Ankura Hospital for Women and Children,ankura hospital for women children,Hyderabad,Hospital,Mehdipatnam,,17.388042,78.428857,8760a2580ffffff,,18.0,6.0,True,8.0,350.0,1000.0,5.0,149.0,,+914045210842,https://www.practo.com/hyderabad/hospital/ankura-hospital-for-women-and-children-mehdipatnam?referrer=hospital_listing,https://images1-fabric.practo.com/practices/1170729/ankura-hospital-for-women-children-hyderabad-5c650ef612efd.jpg,ABS,practo,,1.0,canonical,61,Q4,Q4-Sub-Q4,Ultra Premium,0.402116
hosp_e8d5d2c257235c5a,Parvathi Hospital,parvathi hospital,Hyderabad,Hospital,West Marredpally,,17.4565392,78.4988779,8760b52cbffffff,,9.0,7.0,True,1.0,800.0,800.0,4.5,1030.0,1985.0,+914049170420,https://www.practo.com/hyderabad/hospital/parvathi-hospitals-secunderabad?referrer=hospital_listing,https://images1-fabric.practo.com/parvathi-hospital-hyderabad-1478506647-582038973780c.png,VN,practo,,1.0,canonical,62,Q4,Q4-Sub-Q4,Ultra Premium,0.401796
hosp_d4423b0a99894fd2,Oasis Fertility,oasis fertility,Hyderabad,Hospital,Banjara Hills,,17.4266287,78.420512,8760a259cffffff,,3.0,2.0,True,3.0,0.0,1000.0,5.0,280.0,,+917941057217,https://www.practo.com/hyderabad/hospital/oasis-fertility-banjara-hills-2?referrer=hospital_listing,https://images1-fabric.practo.com/practices/1129299/oasis-fertility-hyderabad-662cd05a8dc21.png,RFA,practo,,1.0,canonical,63,Q4,Q4-Sub-Q4,Ultra Premium,0.399203
hosp_5076855bf7366e37,Naveen Super Speciality Dental Hospital,naveen super speciality dental hospital,Hyderabad,Hospital,Vanasthalipuram,,17.33675,78.56991,8760b5250ffffff,,3.0,1.0,True,,0.0,300.0,5.0,292.0,,+914067822617,https://www.practo.com/hyderabad/hospital/naveen-super-speciality-dental-hospital-vanasthalipuram?referrer=hospital_listing,https://images1-fabric.practo.com/practices/652926/naveen-super-speciality-dental-hospital-hyderabad-6671cc880f62b.png,VN,practo,,1.0,canonical,64,Q4,Q4-Sub-Q4,Ultra Premium,0.398479
hosp_e9ae6b36df053783,Vijaya Dental Hospital,vijaya dental hospital,Hyderabad,Hospital,Gachibowli,,17.441629900867,78.359631277845,8760a24a6ffffff,,3.0,1.0,True,,500.0,500.0,5.0,289.0,,+914041891804,https://www.practo.com/hyderabad/hospital/vijaya-dental-hospital-gachibowli-1?referrer=hospital_listing,https://images1-fabric.practo.com/practices/713948/vijaya-dental-hospital-hyderabad-59952fe559dc8.jpg,VN,practo,,1.0,canonical,65,Q4,Q4-Sub-Q4,Ultra Premium,0.398165
hosp_4eb9b2eb0e70eba5,Cloudnine Hospital,cloudnine hospital,Hyderabad,Hospital,Nallagandla,,17.462524,78.3080486,8760a2485ffffff,,13.0,3.0,True,2.0,1100.0,1100.0,5.0,184.0,,+914071964866,https://www.practo.com/hyderabad/hospital/cloudnine-hospital-1-nallagandla?referrer=hospital_listing,https://images1-fabric.practo.com/practices/2078644/cloudnine-hospital-hyderabad-68875dc3b129f.png,ABS,practo,,1.0,canonical,66,Q4,Q4-Sub-Q4,Ultra Premium,0.398039
hosp_f5cf6456eac5d56e,Femcity Women’S Hospital,femcity womens hospital,Hyderabad,Hospital,Shaikpet,,17.408445,78.400652,8760a259dffffff,,8.0,12.0,True,,0.0,600.0,5.0,119.0,,+914041891805,https://www.practo.com/hyderabad/hospital/femcity-women-s-hospital-shaikpet?referrer=hospital_listing,https://images1-fabric.practo.com/practices/1232060/femcity-women-s-hospital-hyderabad-5bc1a1e144b46.png,VN,practo,,1.0,canonical,67,Q4,Q4-Sub-Q4,Ultra Premium,0.39672
hosp_e64b9c7b54f2b1e6,Apollo Hospital,apollo hospital,Hyderabad,Hospital,Secunderabad,,17.439578,78.504656,8760b52c9ffffff,,39.0,22.0,True,4.0,0.0,1500.0,4.5,397.0,,+914041891798,https://www.practo.com/hyderabad/hospital/apollo-hospital-secunderabad-2?referrer=hospital_listing,https://images1-fabric.practo.com/apollo-hospitals-1466686265-576bdb3970217.png,VN,practo,,1.0,canonical,68,Q4,Q4-Sub-Q4,Ultra Premium,0.396489
hosp_7626476609222900,Mahatma Multi Specialty Dental Hospital,mahatma multi specialty dental hospital,Hyderabad,Hospital,East Marredpally,,17.44757,78.50895,8760b52cbffffff,,2.0,1.0,True,,0.0,200.0,5.0,282.0,,+914067822377,https://www.practo.com/hyderabad/hospital/mahatma-multispecialty-dental-hospital-east-marredpally?referrer=hospital_listing,https://images1-fabric.practo.com/559cb7e2001faa3d1aba744a6f06fff15a8249a8ca49e.jpg,VN,practo,,1.0,canonical,69,Q4,Q4-Sub-Q4,Ultra Premium,0.396439
hosp_2f060e63d86b6ae6,Asian Institute Of Nephrology   Urology - Dilsukhnagar,asian institute nephrology urology dilsukhnagar,Hyderabad,Hospital,Dilsukhnagar,,17.369,78.5203,8760a25b4ffffff,,3.0,3.0,True,2.0,600.0,600.0,5.0,225.0,,+914048216790,https://www.practo.com/hyderabad/hospital/asian-institute-of-nephrology-urology-dilsukhnagar?referrer=hospital_listing,https://images1-fabric.practo.com/practices/1280876/asian-institute-of-nephrology-urology-hyderabad-5e784daf1e28d.png,VN,practo,,1.0,canonical,70,Q4,Q4-Sub-Q4,Ultra Premium,0.39452
hosp_c01fdf67293c5036,Miswak Dental Hospital & Implant Centre,miswak dental hospital implant centre,Hyderabad,Hospital,Masab Tank,,17.398788696716,78.450293233618,8760a2586ffffff,,5.0,1.0,True,,200.0,500.0,4.5,1961.0,,+914067820374,https://www.practo.com/hyderabad/hospital/miswak-dental-hospital-implant-centre-masab-tank?referrer=hospital_listing,https://images1-fabric.practo.com/practices/653021/miswak-dental-hospital-implant-centre-hyderabad-5f474c239b64a.jpg,VN,practo,,1.0,canonical,71,Q4,Q4-Sub-Q3,Super Premium,0.393593
hosp_b226f39d9f6f089b,Prasad Hospital,prasad hospital,Hyderabad,Hospital,Nacharam,,17.438441115408605,78.55520725250244,8760b52c1ffffff,,21.0,17.0,True,3.0,300.0,800.0,4.5,528.0,2005.0,+914049172575,https://www.practo.com/hyderabad/hospital/prasad-hospital-ecil?referrer=hospital_listing,https://images1-fabric.practo.com/practices/709266/prasad-hospital-hyderabad-5c3300f7c3ae2.jpg,VN,practo,,1.0,canonical,72,Q4,Q4-Sub-Q3,Super Premium,0.393144
hosp_c13e9adb43a8649c,Suraksha Dental Hospital,suraksha dental hospital,Hyderabad,Hospital,Hyderguda,,17.393316427424,78.483805507421,8760a25b0ffffff,,2.0,1.0,True,,400.0,400.0,5.0,243.0,,+914067822587,https://www.practo.com/hyderabad/hospital/suraksha-dental-hospital-hyderguda?referrer=hospital_listing,https://images1-fabric.practo.com/5204e0c49f06cVINAL,VN,practo,,1.0,canonical,73,Q4,Q4-Sub-Q3,Super Premium,0.391903
hosp_8a59d1399d16fd3f,Prasad Hospitals,prasad hospitals,Hyderabad,Hospital,Manikonda,,17.406686757728,78.384583730518,8760a258affffff,,16.0,11.0,True,3.0,0.0,1000.0,5.0,86.0,,+914048213519,https://www.practo.com/hyderabad/hospital/prasad-hospital-2-manikonda?referrer=hospital_listing,https://images1-fabric.practo.com/practices/1442523/prasad-hospital-hyderabad-6555e80cf2b28.PNG,VN,practo,,1.0,canonical,74,Q4,Q4-Sub-Q3,Super Premium,0.391017
hosp_8d2931d8756b4038,Shreya Hospitals,shreya hospitals,Hyderabad,Hospital,Serilingampally,,17.4795,78.32022,8760a2484ffffff,,2.0,3.0,True,,400.0,500.0,4.5,1856.0,,+914067822453,https://www.practo.com/hyderabad/hospital/shreya-hospitals-serilingampally?referrer=hospital_listing,https://images1-fabric.practo.com/53f1bcf5ee1ade5e633f8bd2b3ce37d24fe84a60c03bb.jpg,ABS,practo,,1.0,canonical,75,Q4,Q4-Sub-Q3,Super Premium,0.38997
hosp_801bc8fc72dca7df,Renova Neelima Hospitals (formerly Neelima Hospitals),renova neelima hospitals formerly neelima hospitals,Hyderabad,Hospital,Sanath Nagar,,17.456481982057,78.438996523619,8760a2593ffffff,,27.0,21.0,True,3.0,500.0,1000.0,4.5,531.0,,+918045680543,https://www.practo.com/hyderabad/hospital/neelima-hospitals-sanath-nagar?referrer=hospital_listing,https://images1-fabric.practo.com/practices/1122997/neelima-hospital-hyderabad-5f3a26ad09e60.png,ABS,practo,,1.0,canonical,76,Q4,Q4-Sub-Q3,Super Premium,0.389677
hosp_ae5247995ed1de76,Radhika Dental Hospital,radhika dental hospital,Hyderabad,Hospital,Mehdipatnam,,17.39405,78.42715,8760a2580ffffff,,3.0,1.0,True,,100.0,500.0,5.0,218.0,,+914067822447,https://www.practo.com/hyderabad/hospital/radhika-dental-hospital-mehdipatnam?referrer=hospital_listing,https://images1-fabric.practo.com/radhika-dental-hospital-hyderabad-1442976040-560211280c579.jpg,VN,practo,,1.0,canonical,77,Q4,Q4-Sub-Q3,Super Premium,0.389544
hosp_d686d81efdfdb2f7,Dr. Praveen's Specialty Dental Hospital,dr praveen s specialty dental hospital,Hyderabad,Hospital,KPHB,,17.489139324987,78.400284200907,8760a24b6ffffff,,1.0,1.0,True,,500.0,500.0,5.0,232.0,,+914041891806,https://www.practo.com/hyderabad/hospital/dr-praveen-s-specialty-dental-hospital-kphb?referrer=hospital_listing,https://images1-fabric.practo.com/practices/888272/dr-praveen-s-specialty-dental-hospital-hyderabad-59eeecfcce1be.jpg,VN,practo,,1.0,canonical,78,Q4,Q4-Sub-Q3,Super Premium,0.389502
hosp_8db59ef4b95169a6,Dr.Ahmed's Ayurvaidhya,dr ahmed s ayurvaidhya,Hyderabad,Hospital,Manikonda,,17.407413931378,78.383055103169,8760a258affffff,,1.0,3.0,True,,500.0,500.0,5.0,195.0,,+914041892135,https://www.practo.com/hyderabad/hospital/dr-ahmed-s-ayurvedic-hospital-shaikpet?referrer=hospital_listing,https://images1-fabric.practo.com/practices/835155/dr-ahmed-s-ayurvaidhya-hyderabad-5cc1d0fc26274.png,VN,practo,,1.0,canonical,79,Q4,Q4-Sub-Q3,Super Premium,0.388108
hosp_b7158ac405daa256,Livlife Hospitals,livlife hospitals,Hyderabad,Hospital,Jubilee Hills,,17.438102,78.399752,8760a2598ffffff,,3.0,7.0,True,,750.0,2500.0,5.0,140.0,,+914049172582,https://www.practo.com/hyderabad/hospital/livlife-hospitals-jubilee-hills-2?referrer=hospital_listing,https://images1-fabric.practo.com/535a2c9a7a71cfc447c067c4f82a527ae4e48ec8e2076.jpg,VN,practo,,1.0,canonical,80,Q4,Q4-Sub-Q3,Super Premium,0.38734
hosp_f0cf0afb61e14df8,Aakruthi Dental Hospital,aakruthi dental hospital,Hyderabad,Hospital,Gachibowli,,17.44106,78.3591,8760a24a6ffffff,,2.0,1.0,True,,0.0,300.0,5.0,200.0,,+914067822377,https://www.practo.com/hyderabad/hospital/aakruthi-dental-hospital-gachibowli?referrer=hospital_listing,https://images1-fabric.practo.com/bf1a649064b5adc0b980ddad93edb48a,VN,practo,,1.0,canonical,81,Q4,Q4-Sub-Q3,Super Premium,0.385882
hosp_5e78b51e1e2e3e0e,DSR Sri Balaji Multispeciality Laser Dental Hospital and Implant Centre,dsr sri balaji multispeciality laser dental hospital implant centre,Hyderabad,Hospital,Manikonda,,17.400494167492,78.38814398667,8760a258effffff,,1.0,1.0,True,,500.0,500.0,5.0,204.0,,+914041891805,https://www.practo.com/hyderabad/hospital/dsr-multispeciality-laser-dental-hospital-implant-center-manikonda?referrer=hospital_listing,https://images1-fabric.practo.com/540553c5c96d3143df350de69802956506fa69d4b8132.jpeg,ABS,practo,,1.0,canonical,82,Q4,Q4-Sub-Q3,Super Premium,0.385521
hosp_b3fe5a9162209c68,Esthetix Dental ,esthetix dental,Hyderabad,Hospital,West Marredpally,,17.454986808836,78.504092085312,8760b52cbffffff,,2.0,1.0,True,,400.0,400.0,5.0,192.0,,+914049174377,https://www.practo.com/hyderabad/hospital/esthetix-superspeciality-dental-hospital-west-marredpally-1?referrer=hospital_listing,https://images1-fabric.practo.com/practices/1172617/esthetix-dental-hyderabad-6426c8488d69b.PNG,VN,practo,,1.0,canonical,83,Q4,Q4-Sub-Q3,Super Premium,0.3846
hosp_8ad09d2ae292543a,Venu's Dental Hospital,venu s dental hospital,Hyderabad,Hospital,Madhapur,,17.44157,78.39053,8760a259bffffff,,2.0,1.0,True,,100.0,300.0,5.0,181.0,,+914067822783,https://www.practo.com/hyderabad/hospital/venu-s-dental-hospital-madhapur-1?referrer=hospital_listing,https://images1-fabric.practo.com/venu-s-dental-hospital-1441974674-55f2c992da64d.JPG,VN,practo,,1.0,canonical,84,Q4,Q4-Sub-Q3,Super Premium,0.382733
hosp_47e309befdc0f9ae,Sudha Hospital,sudha hospital,Hyderabad,Hospital,KPHB,,17.4849,78.38304,8760a24b0ffffff,,1.0,2.0,True,,600.0,600.0,5.0,171.0,,+917317172892,https://www.practo.com/hyderabad/hospital/sri-sudha-clinic-scanning-centre-kphb?referrer=hospital_listing,https://images1-fabric.practo.com/practices/1139362/sudha-hospital-hyderabad-65c7480d9c2bb.png,ABS,practo,,1.0,canonical,85,Q4,Q4-Sub-Q3,Super Premium,0.381935
hosp_a683ae7652eba6b7,Lahari Super Speciality Dental Hospital,lahari super speciality dental hospital,Hyderabad,Hospital,Nizampet,,17.49272,78.40976,8760b1969ffffff,,6.0,1.0,True,,0.0,200.0,5.0,155.0,,+914067822453,https://www.practo.com/hyderabad/hospital/lahari-super-speciality-dental-hospital-kukatpally?referrer=hospital_listing,https://images1-fabric.practo.com/practices/894112/lahari-super-speciality-dental-hospital-hyderabad-665d9288a875a.png,VN,practo,,1.0,canonical,86,Q4,Q4-Sub-Q3,Super Premium,0.381649
hosp_43f8fe343f9e586d,Apollo Fertility,apollo fertility,Hyderabad,Hospital,Kondapur,,17.459845,78.366087,8760a24b5ffffff,,1.0,2.0,True,,700.0,700.0,5.0,152.0,,+914067822367,https://www.practo.com/hyderabad/hospital/apollo-fertility-kondapur?referrer=hospital_listing,https://images1-fabric.practo.com/practices/1125650/apollo-fertility-hyderabad-5aa2525530337.jpg,ABS,practo,,1.0,canonical,87,Q4,Q4-Sub-Q3,Super Premium,0.378106
hosp_f3982b00682c8846,The Dental Specialists,dental specialists,Hyderabad,Hospital,Ameerpet,,17.439912496118,78.451193869114,8760a2590ffffff,,5.0,1.0,True,,200.0,350.0,5.0,134.0,,+914041892135,https://www.practo.com/hyderabad/hospital/challa-dental-wing-ameerpet?referrer=hospital_listing,https://images1-fabric.practo.com/challa-dental-wing-the-dental-specialists-hyderabad-1481493965-584dcdcdbbc90.png,ABS,practo,,1.0,canonical,88,Q4,Q4-Sub-Q3,Super Premium,0.37583
hosp_8b4ad79986b42246,Win Vision Eye Hospitals Begumpet,win vision eye hospitals begumpet,Hyderabad,Hospital,Begumpet,,17.435387,78.455048,8760a2590ffffff,,2.0,1.0,False,,300.0,300.0,5.0,513.0,2014.0,+914045206183,https://www.practo.com/hyderabad/hospital/win-vision-eye-hospital-begumpet?referrer=hospital_listing,https://images1-fabric.practo.com/win-vision-eye-hospitals-hyderabad-1469532799-57974a7f568f5.jpg,VN,practo,,1.0,canonical,89,Q4,Q4-Sub-Q3,Super Premium,0.375302
hosp_ef172239d0d2e6d8,M/S Eledent International Digital Dentistry & Imaging Centre,m s eledent international digital dentistry imaging centre,Hyderabad,Hospital,Kondapur,,17.46377663288915,78.3676028251648,8760a24b5ffffff,,1.0,1.0,True,,300.0,300.0,5.0,146.0,,+914067822480,https://www.practo.com/hyderabad/hospital/eledent-hospital-kondapur?referrer=hospital_listing,https://images1-fabric.practo.com/practices/1153300/eledent-hospital-hyderabad-59ca11b4dbe6b.jpg,ABS,practo,,1.0,canonical,90,Q4,Q4-Sub-Q3,Super Premium,0.374776
hosp_d9336d192f774042,Dental City Super Speciality Dental Hospital,dental city super speciality dental hospital,Hyderabad,Hospital,East Marredpally,,17.444142392618,78.507597656134,8760b52cbffffff,,1.0,1.0,True,,500.0,500.0,5.0,143.0,,+914045206170,https://www.practo.com/hyderabad/hospital/dental-city-super-speciality-dental-hospital-east-marredpally-1?referrer=hospital_listing,https://images1-fabric.practo.com/practices/1136504/dental-city-super-speciality-dental-hospital-hyderabad-693a6fff8c422.png,ABS,practo,,1.0,canonical,91,Q4,Q4-Sub-Q3,Super Premium,0.374087
hosp_d4fbf3149ffc5db4,Gleneagles Hospital,gleneagles hospital,Hyderabad,Hospital,Lakdikapul,,17.40537,78.46334,8760a25b3ffffff,,34.0,19.0,True,1.0,0.0,1000.0,4.5,209.0,,+914041891800,https://www.practo.com/hyderabad/hospital/gleneagles-global-hospital-lakdikapul-1?referrer=hospital_listing,https://images1-fabric.practo.com/practices/1139564/gleneagles-hospital-hyderabad-65e9690e3554b.png,VN,practo,,1.0,canonical,92,Q4,Q4-Sub-Q3,Super Premium,0.374003
hosp_d4f53b17bbfc0f61,Archana Hospitals,archana hospitals,Hyderabad,Hospital,Madinaguda,,17.495823687207732,78.3376275239425,8760a2486ffffff,,23.0,16.0,True,,0.0,800.0,4.5,271.0,2013.0,+914045210271,https://www.practo.com/hyderabad/hospital/archana-hospital-madinaguda-2?referrer=hospital_listing,https://images1-fabric.practo.com/practices/747910/archana-hospitals-hyderabad-666e541b77bd0.png,ABS,practo,,1.0,canonical,93,Q4,Q4-Sub-Q3,Super Premium,0.3723
hosp_af534eb2622031c9,Progressive Care,progressive care,Hyderabad,Hospital,Begumpet,,17.427469607301,78.455325920624,8760a2590ffffff,,17.0,5.0,True,,0.0,1000.0,5.0,69.0,,+914041891804,https://www.practo.com/hyderabad/hospital/progressive-care-physiotherapy-and-rehabilitation-center-begumpet-1?referrer=hospital_listing,https://images1-fabric.practo.com/progressive-care-physiotherapy-and-rehabilitation-center-1473070893-57cd472d884f5.jpg,VN,practo,,1.0,canonical,94,Q4,Q4-Sub-Q3,Super Premium,0.371865
hosp_1085553e5052e8d2,Apollo Hospital,apollo hospital,Hyderabad,Hospital,Hyderguda,,17.3997105,78.4793098,8760a25b3ffffff,,25.0,24.0,True,4.0,0.0,1500.0,4.5,166.0,,+914049172582,https://www.practo.com/hyderabad/hospital/apollo-hospitals-21-hyderguda?referrer=hospital_listing,https://images1-fabric.practo.com/practices/1158615/apollo-hospital-hyderabad-5b8505441e4d3.png,VN,practo,,1.0,canonical,95,Q4,Q4-Sub-Q3,Super Premium,0.371722
hosp_bd75317c48a1f843,Inform Cosmetic Surgery And Medical Aesthetics,inform cosmetic surgery medical aesthetics,Hyderabad,Hospital,Jubilee Hills,,17.41959,78.4121,8760a259cffffff,,2.0,3.0,False,,900.0,1200.0,5.0,532.0,,+914048213519,https://www.practo.com/hyderabad/hospital/inform-cosmetic-surgery-and-medical-aesthetics-jubilee-hills-1?referrer=hospital_listing,https://images1-fabric.practo.com/inform-cosmetic-surgery-and-medical-aesthetics-hyderabad-1461338854-571a42e69b280.jpg,VN,practo,,1.0,canonical,96,Q4,Q4-Sub-Q3,Super Premium,0.370547
hosp_bd6dd784405ddb7b,Retreat Hospital,retreat hospital,Hyderabad,Hospital,Malakpet,,17.37486,78.507,8760a25b4ffffff,,1.0,1.0,True,,1500.0,1500.0,5.0,128.0,,+914045209803,https://www.practo.com/hyderabad/hospital/retreat-hospital-malakpet?referrer=hospital_listing,https://images1-fabric.practo.com/retreat-hospital-hyderabad-1453719333-56a5ff25bbdee.jpg,VN,practo,,1.0,canonical,97,Q4,Q4-Sub-Q3,Super Premium,0.370357
hosp_9d7d44b8f2e1edeb,Dr Gowd's Dental Hospital,dr gowd s dental hospital,Hyderabad,Hospital,Madhapur,,17.444953484369,78.385734558105,8760a259bffffff,,2.0,1.0,True,,500.0,500.0,5.0,123.0,,+914048216790,https://www.practo.com/hyderabad/hospital/dr-gowds-dental-hospital-madhapur-madhapur?referrer=hospital_listing,https://images1-fabric.practo.com/practices/1255539/dr-gowd-s-dental-hospital-hyderabad-68ac3fe5f08bf.png,VN,practo,,1.0,canonical,98,Q4,Q4-Sub-Q3,Super Premium,0.369976
hosp_ed0470af0d0e6b06,N Care Hospital,n care hospital,Hyderabad,Hospital,Beeramguda,,17.508266137372,78.302822113037,8760a2483ffffff,,5.0,7.0,True,,0.0,650.0,5.0,80.0,,+914071963653,https://www.practo.com/hyderabad/hospital/ncare-hospital-ramachandrapuram?referrer=hospital_listing,https://images1-fabric.practo.com/practices/1236141/n-care-hospital-hyderabad-5c21d820eeff0.jpg,VN,practo,,1.0,canonical,99,Q4,Q4-Sub-Q3,Super Premium,0.369583
hosp_f8ed74f00d754876,Sri Visista Super Speciality Ayurveda,sri visista super speciality ayurveda,Hyderabad,Hospital,Punjagutta,,17.42005,78.45673,8760a2595ffffff,,6.0,2.0,True,1.0,500.0,500.0,4.5,1342.0,,+914045206171,https://www.practo.com/hyderabad/hospital/sri-visista-super-speciality-ayurveda-somajiguda?referrer=hospital_listing,https://images1-fabric.practo.com/sri-visista-super-speciality-ayurveda-hyderabad-1456981837-56d7c74d899a1.jpg,VN,practo,,1.0,canonical,100,Q4,Q4-Sub-Q3,Super Premium,0.368855
hosp_5fb6f1951e41fb56,Sangeri's Multispeciality Dental Hospital,sangeri s multispeciality dental hospital,Hyderabad,Hospital,Attapur,,17.364273,78.427147,8760a2585ffffff,,1.0,1.0,True,,100.0,100.0,5.0,122.0,,+914041891804,https://www.practo.com/hyderabad/hospital/sangeri-s-multispeciality-dental-hospital-hyderguda?referrer=hospital_listing,https://images1-fabric.practo.com/practices/661658/sangeri-s-multispeciality-dental-hospital-hyderabad-5ddfa5bac2a5f.jpg,VN,practo,,1.0,canonical,101,Q4,Q4-Sub-Q3,Super Premium,0.368715
hosp_9be31ac10e69f916,Amruth's Dental Hospital,amruth s dental hospital,Hyderabad,Hospital,Miyapur,,17.51251,78.35223,8760a24b3ffffff,,2.0,1.0,True,,200.0,200.0,5.0,118.0,,+914041891806,https://www.practo.com/hyderabad/hospital/amruth-s-dental-miyapur?referrer=hospital_listing,https://images1-fabric.practo.com/practices/710983/amruths-multispeciality-dental-hospital-hyderabad-69f773867c704.jpg?original_image=https://images1-fabric.practo.com/amruths-multispeciality-dental-hospital-hyderab,VN,practo,,1.0,canonical,102,Q4,Q4-Sub-Q3,Super Premium,0.368546
hosp_8dbfcda4f09a0803,GB Dental Hospital,gb dental hospital,Hyderabad,Hospital,SR Nagar,,17.444683688081,78.446550782209,8760a2593ffffff,,2.0,1.0,True,,0.0,200.0,5.0,114.0,,+914048213515,https://www.practo.com/hyderabad/hospital/vedatis-dental-hospital-sr-nagar?referrer=hospital_listing,https://images1-fabric.practo.com/practices/1257311/gb-dental-hospital-hyderabad-666aa64657ff8.png,VN,practo,,1.0,canonical,103,Q4,Q4-Sub-Q3,Super Premium,0.367349
hosp_df4e584882e14b84,Vijay Multispeciality Dental Hospital,vijay multispeciality dental hospital,Hyderabad,Hospital,Madinaguda,,17.49527,78.34591,8760a24b3ffffff,,2.0,1.0,True,,0.0,200.0,5.0,113.0,,+914041892136,https://www.practo.com/hyderabad/hospital/vijay-multy-speciality-hospital-chandanagar-chanda-nagar?referrer=hospital_listing,https://images1-fabric.practo.com/practices/1125120/vijay-multispeciality-dental-hospital-hyderabad-5a02ffba8138f.jpg,VN,practo,,1.0,canonical,104,Q4,Q4-Sub-Q3,Super Premium,0.367042
hosp_a62b369656105990,Nikhil Hospitals,nikhil hospitals,Hyderabad,Hospital,Dilsukhnagar,,17.3687826,78.5246706,8760b52e9ffffff,,7.0,7.0,True,,550.0,800.0,5.0,24.0,1980.0,+918047285019,https://www.practo.com/hyderabad/hospital/nikhil-hospitals-dilsukh-nagar?referrer=hospital_listing,https://images1-fabric.practo.com/practices/669906/nikhil-hospitals-hyderabad-691aed2a5a826.png,ABS,practo,,1.0,canonical,105,Q4,Q4-Sub-Q3,Super Premium,0.366491
hosp_4491da5924cc0d8d,Goutam Neuro Care,goutam neuro care,Hyderabad,Hospital,KPHB,,17.491580491030565,78.4013195335865,8760a24b6ffffff,,5.0,5.0,True,1.0,0.0,600.0,5.0,82.0,,+917969204877,https://www.practo.com/hyderabad/hospital/goutam-neuro-care-kphb?referrer=hospital_listing,https://images1-fabric.practo.com/practices/1273499/goutam-neuro-care-hyderabad-679b097a2b4f8.png,ABS,practo,,1.0,canonical,106,Q4,Q4-Sub-Q3,Super Premium,0.36649
hosp_29874a00d4907089,DR MATHUR'S DENTAL & ENDODONTIC HOSPITALS,dr mathur s dental endodontic hospitals,Hyderabad,Hospital,Kondapur,,17.46499,78.36652,8760a24b5ffffff,,2.0,1.0,False,,300.0,500.0,5.0,528.0,,+914067822631,https://www.practo.com/hyderabad/hospital/dr-mathur-s-dental-endodontic-hospitals-kondapur?referrer=hospital_listing,https://images1-fabric.practo.com/practices/1131192/dr-mathur-s-dental-endodontic-hospitals-hyderabad-5b33898bc3df8.jpg,VN,practo,,1.0,canonical,107,Q4,Q4-Sub-Q3,Super Premium,0.366287
hosp_c3bb3617d76de9fe,Ankura Hospital for Women & Children,ankura hospital for women children,Hyderabad,Hospital,Kukatpally,,17.488405114065376,78.40979933738708,8760b1969ffffff,,30.0,9.0,True,8.0,0.0,1300.0,4.5,248.0,2012.0,+918045680992,https://www.practo.com/hyderabad/hospital/ankura-hospital-for-women-and-children-kukatpally?referrer=hospital_listing,https://images1-fabric.practo.com/practices/914476/ankura-hospital-for-women-children-kukatpally-hyderabad-5c650f4a1a985.jpg,ABS,practo,,1.0,canonical,108,Q4,Q4-Sub-Q3,Super Premium,0.364494
hosp_81c53f18981a87e4,Siri Dental-DILSUKHNAGAR,siri dental dilsukhnagar,Hyderabad,Hospital,Dilsukhnagar,,17.36794,78.5219,8760b525affffff,,3.0,1.0,True,,0.0,300.0,5.0,97.0,,+918037324089,https://www.practo.com/hyderabad/hospital/vishnu-superspeciality-dental-hospital-dilsukh-nagar-1?referrer=hospital_listing,https://images1-fabric.practo.com/siri-dental-hospital-dilsukhnagar-hyderabad-1486109279-58943a5f200dd.jpg,ABS,practo,,1.0,canonical,109,Q4,Q4-Sub-Q3,Super Premium,0.362624
hosp_d45b617a530421ca,Cure Rehab,cure rehab,Hyderabad,Hospital,Begumpet,,17.43713,78.4552,8760a2590ffffff,,14.0,1.0,False,,350.0,350.0,5.0,301.0,,+914041891806,https://www.practo.com/hyderabad/hospital/cure-rehab-home-health-begumpet?referrer=hospital_listing,https://images1-fabric.practo.com/practices/649070/cure-rehab-physiotherapy-inpatient-rehabilitation-hyderabad-5d2d9a98d31bb.jpg,VN,practo,,1.0,canonical,110,Q4,Q4-Sub-Q3,Super Premium,0.360187
hosp_e37f3afa21587ef9,Satwalekar's Multi Speciality Dental Hospital,satwalekar s multi speciality dental hospital,Hyderabad,Hospital,Gachibowli,,17.433094,78.364583,8760a24a6ffffff,,2.0,1.0,False,,300.0,300.0,5.0,435.0,,+914067822616,https://www.practo.com/hyderabad/hospital/satwalekar-s-multi-speciality-dental-hospital-gachibowli?referrer=hospital_listing,https://images1-fabric.practo.com/satwalekar-s-multi-speciality-dental-hospital-hyderabad-1453960976-56a9af102f010.jpg,VN,practo,,1.0,canonical,111,Q4,Q4-Sub-Q3,Super Premium,0.359858
hosp_634133ab4ce9e896,Padmaja Hospital,padmaja hospital,Hyderabad,Hospital,KPHB,,17.486865052258,78.399407118559,8760a24b6ffffff,,16.0,12.0,True,,0.0,600.0,4.5,491.0,,+914048213519,https://www.practo.com/hyderabad/hospital/padmaja-hospital-kukatpally?referrer=hospital_listing,https://images1-fabric.practo.com/practices/1196868/padmaja-hospital-hyderabad-5b45d40e4c3ae.png,VN,practo,,1.0,canonical,112,Q4,Q4-Sub-Q3,Super Premium,0.358872
hosp_59f1675645da3e0e,Esha Ivf Fertility Centre,esha ivf fertility centre,Hyderabad,Hospital,Banjara Hills,,17.425101221096273,78.43244038974554,8760a2591ffffff,,1.0,3.0,True,,700.0,700.0,5.0,82.0,,+914041892133,https://www.practo.com/hyderabad/hospital/nova-ivf-fertility-banjara-hills-1?referrer=hospital_listing,https://images1-fabric.practo.com/practices/1299140/esha-ivf-fertility-centre-hyderabad-648b53e95fd3e.jpeg,ABS,practo,,1.0,canonical,113,Q4,Q4-Sub-Q3,Super Premium,0.358569
hosp_d991c244262ea917,Oasis Fertility,oasis fertility,Hyderabad,Hospital,Secunderabad,,17.4417523,78.4901665,8760a2596ffffff,,2.0,3.0,True,3.0,0.0,0.0,5.0,78.0,,+918045682552,https://www.practo.com/hyderabad/hospital/oasis-fertility-secunderabad?referrer=hospital_listing,https://images1-fabric.practo.com/practices/1177787/oasis-fertility-hyderabad-662cd4bf11b6a.png,RFA,practo,,1.0,canonical,114,Q4,Q4-Sub-Q3,Super Premium,0.357709
hosp_9a5ccb8fa7ee00c8,Hope Children's Hospital,hope children s hospital,Hyderabad,Hospital,Basheerbagh,,17.40643,78.473856,8760a25b3ffffff,,23.0,9.0,True,,500.0,1200.0,4.5,126.0,2001.0,+914045206170,https://www.practo.com/hyderabad/hospital/hope-children-s-hospital-basheerbagh-1?referrer=hospital_listing,https://images1-fabric.practo.com/practices/1191517/hope-children-s-hospital-hyderabad-5afbccb67d5d0.jpg,VN,practo,,1.0,canonical,115,Q4,Q4-Sub-Q3,Super Premium,0.356693
hosp_d7d0717dd257f345,Pearly Teeth Superspeciality Dental Hospital,pearly teeth superspeciality dental hospital,Hyderabad,Hospital,Karkhana,,17.4643069,78.5092769,8760b1964ffffff,,2.0,1.0,True,,1000.0,1000.0,5.0,84.0,,+914041891804,https://www.practo.com/hyderabad/hospital/pearly-teeth-secunderabad?referrer=hospital_listing,https://images1-fabric.practo.com/53eb157c8f9098893dc16b1b2534bab7b03727145a2bb.png,VN,practo,,1.0,canonical,116,Q4,Q4-Sub-Q3,Super Premium,0.356432
hosp_800bea0683bfea81,Idea Clinics,idea clinics,Hyderabad,Hospital,Madhapur,,17.45234,78.38887,8760a259bffffff,,15.0,15.0,True,1.0,0.0,1000.0,4.5,345.0,,+918037324012,https://www.practo.com/hyderabad/hospital/idea-clinics-madhapur-2?referrer=hospital_listing,https://images1-fabric.practo.com/idea-clinics-hyderabad-1486452568-58997758ed647.jpg,ABS,practo,,1.0,canonical,117,Q4,Q4-Sub-Q3,Super Premium,0.35607
hosp_3ab5b30e7958fd27,Prasad Hospital,prasad hospital,Hyderabad,Hospital,Pragathi Nagar,,17.5056992,78.3957318,8760a24b6ffffff,,18.0,15.0,True,3.0,500.0,1000.0,4.5,104.0,2009.0,+914048213515,https://www.practo.com/hyderabad/hospital/prasad-hospital-2-pragathi-nagar?referrer=hospital_listing,https://images1-fabric.practo.com/practices/1427692/prasad-hospital-hyderabad-6495b58f8a2f7.jpg,VN,practo,,1.0,canonical,118,Q4,Q4-Sub-Q3,Super Premium,0.354505
hosp_bae116b54c6d552b,Arete Hospitals,arete hospitals,Hyderabad,Hospital,Gachibowli,,17.42841986860992,78.37441886257366,8760a2599ffffff,,19.0,20.0,True,,600.0,2500.0,4.5,100.0,2023.0,+914045901168,https://www.practo.com/hyderabad/hospital/arete-hospitals-gachibowli-2?referrer=hospital_listing,https://images1-fabric.practo.com/practices/1448891/arete-hospitals-hyderabad-65af9bdd8e57e.png,ABS,practo,,1.0,canonical,119,Q4,Q4-Sub-Q3,Super Premium,0.35329
hosp_39203adbb70ff842,Pragna Hospitals,pragna hospitals,Hyderabad,Hospital,Banjara Hills,,17.424067,78.450234,8760a2595ffffff,,7.0,10.0,True,,0.0,1000.0,4.5,231.0,2000.0,+914067822433,https://www.practo.com/hyderabad/hospital/pragna-hospitals-banjara-hills?referrer=hospital_listing,https://images1-fabric.practo.com/pragna-hospitals-hyderabad-1450448222-5674155e05c1b.jpg,VN,practo,,1.0,canonical,120,Q4,Q4-Sub-Q3,Super Premium,0.352783
hosp_15c36e97e2c26ad0,Care Hospital,care hospital,Hyderabad,Hospital,Musheerabad,,17.41544,78.49797,8760a25b2ffffff,,25.0,16.0,True,,150.0,1000.0,4.5,39.0,2007.0,+914067822495,https://www.practo.com/hyderabad/hospital/gurunanak-care-hospital-musheerabad?referrer=hospital_listing,https://images1-fabric.practo.com/practices/641918/care-hospital-hyderabad-5c5ad5a388885.jpg,VN,practo,,1.0,canonical,121,Q4,Q4-Sub-Q3,Super Premium,0.352526
hosp_c3b5f5c5454d4d46,STRIDE HOSPITALS,stride hospitals,Hyderabad,Hospital,KPHB,,17.49335,78.40162,8760a24b6ffffff,,1.0,2.0,True,,700.0,700.0,4.5,1080.0,,+914071963653,https://www.practo.com/hyderabad/hospital/surakshaka-multispeciality-and-diabetes-hospitals-kphb?referrer=hospital_listing,,ABS,practo,,1.0,canonical,122,Q4,Q4-Sub-Q3,Super Premium,0.352072
hosp_48a32a42206ba697,Sai Shourya's Test Tube Baby Centre,sai shourya s test tube baby centre,Hyderabad,Hospital,Kukatpally,,17.48248,78.39332,8760a24b4ffffff,,1.0,2.0,True,,300.0,300.0,5.0,71.0,,+914067822616,https://www.practo.com/hyderabad/hospital/sai-shourya-hospital-kphb?referrer=hospital_listing,https://images1-fabric.practo.com/sai-shourya-s-test-tube-baby-centre-hyderabad-1488534234-58b93ada5ca26.jpg,VN,practo,,1.0,canonical,123,Q4,Q4-Sub-Q3,Super Premium,0.351243
hosp_4b00df5697e0b0a8,Dr. G Chandra Sekhar's Dental Hospital,dr g chandra sekhar s dental hospital,Hyderabad,Hospital,Himayat Nagar,,17.402509735894,78.482927311138,8760a25b3ffffff,,1.0,1.0,False,,500.0,500.0,5.0,336.0,,+918037324207,https://www.practo.com/hyderabad/hospital/g-chandra-sekhar-s-dental-hospital-himayat-nagar?referrer=hospital_listing,https://images1-fabric.practo.com/g-chandra-sekhar-s-dental-hospital-hyderabad-1460713267-5710b7337b4dc.jpg,ABS,practo,,1.0,canonical,124,Q4,Q4-Sub-Q3,Super Premium,0.3508
hosp_2867b2c5345888e2,Basant Sahney Hospital,basant sahney hospital,Hyderabad,Hospital,West Marredpally,,17.444443,78.504636,8760b52cbffffff,,19.0,9.0,True,,0.0,600.0,4.5,51.0,1990.0,+914067822495,https://www.practo.com/hyderabad/hospital/basant-sahney-hospital-west-marredpally?referrer=hospital_listing,https://images1-fabric.practo.com/practices/647728/basant-sahney-hospital-hyderabad-666c303704cd5.png,VN,practo,,1.0,canonical,125,Q4,Q4-Sub-Q3,Super Premium,0.350054
hosp_b5e6851830127443,Vijay Marie Hospital,vijay marie hospital,Hyderabad,Hospital,Khairatabad,,17.407531701960462,78.45576703548431,8760a2595ffffff,,17.0,7.0,True,,0.0,500.0,4.5,24.0,1973.0,+914048216833,https://www.practo.com/hyderabad/hospital/vijay-marie-hospital-khairatabad?referrer=hospital_listing,https://images1-fabric.practo.com/practices/633589/vijay-marie-hospital-hyderabad-67c00838af0b2.png,VN,practo,,1.0,canonical,126,Q4,Q4-Sub-Q3,Super Premium,0.349724
hosp_1bd9596006c7d0e8,Vijay Multi Speciality Dental Hospital,vijay multi speciality dental hospital,Hyderabad,Hospital,Kondapur,,17.456102017669995,78.36489915847778,8760a24b5ffffff,,4.0,1.0,False,,300.0,300.0,5.0,294.0,,+914041892136,https://www.practo.com/hyderabad/hospital/vijay-multi-speciality-dental-hospital-kondapur?referrer=hospital_listing,https://images1-fabric.practo.com/537320d634b9096d6f2e7e1f705ab5e59c84a6dc009b2.jpg,VN,practo,,1.0,canonical,127,Q4,Q4-Sub-Q3,Super Premium,0.349667
hosp_edeccf9849a3846e,BSR ENT And Eye Hospital,bsr ent eye hospital,Hyderabad,Hospital,Secunderabad,,17.442347,78.490759,8760a2596ffffff,,4.0,2.0,True,,0.0,600.0,4.5,224.0,1981.0,+914067822495,https://www.practo.com/hyderabad/hospital/bsr-ent-and-eye-hospital-secunderabad?referrer=hospital_listing,https://images1-fabric.practo.com/54118c756dc89afacdb0a401ccdf6b48551bbc00e8a74.jpg,VN,practo,,1.0,canonical,128,Q4,Q4-Sub-Q3,Super Premium,0.349182
hosp_5a89d56bbfd2c082,Partha Dental Skin Hair,partha dental skin hair,Hyderabad,Hospital,Dilsukhnagar,,17.3725445,78.5196949,8760b52e9ffffff,,4.0,1.0,True,41.0,0.0,500.0,5.0,61.0,,+914067820170,https://www.practo.com/hyderabad/hospital/partha-dental-skin-and-hair-dilsukhnagar?referrer=hospital_listing,https://images1-fabric.practo.com/practices/1428134/partha-dental-skin-and-hair-hyderabad-649ad73903572.PNG,ABS,practo,,1.0,canonical,129,Q4,Q4-Sub-Q3,Super Premium,0.34651
hosp_3e57b289d6c26ce1,Whites Dental Care,whites dental care,Hyderabad,Hospital,Kondapur,,17.46014,78.35439,8760a24a2ffffff,,4.0,1.0,False,,200.0,200.0,5.0,260.0,,+914049172967,https://www.practo.com/hyderabad/hospital/whites-dental-care-kondapur-kondapur?referrer=hospital_listing,https://images1-fabric.practo.com/picture12566873814467.png,VN,practo,,1.0,canonical,130,Q4,Q4-Sub-Q3,Super Premium,0.345928
hosp_053573e2faf8bb77,Dr. Sridhar International Dental Hospitals,dr sridhar international dental hospitals,Hyderabad,Hospital,KPHB,,17.49492,78.39478,8760a24b6ffffff,,5.0,2.0,True,,100.0,200.0,4.5,852.0,,+914067822616,https://www.practo.com/hyderabad/hospital/dr-sridhar-international-dental-hospital-and-research-centre-moghalrajpuram?referrer=hospital_listing,https://images1-fabric.practo.com/53e4710418fb6965364784613d548703fb292cddc1c04.jpg,VN,practo,,1.0,canonical,131,Q4,Q4-Sub-Q3,Super Premium,0.345495
hosp_b4c174aaafb901b1,Seha Hospital,seha hospital,Hyderabad,Hospital,Lakdikapul,,17.4039,78.46239,8760a25b3ffffff,,5.0,6.0,True,,0.0,600.0,5.0,44.0,,+914067820154,https://www.practo.com/hyderabad/hospital/seha-hospital-lakdikapul-1?referrer=hospital_listing,https://images1-fabric.practo.com/seha-ark-family-health-education-society-hyderabad-1472725214-57c800dee0087.jpg,VN,practo,,1.0,canonical,132,Q4,Q4-Sub-Q3,Super Premium,0.345289
hosp_0092c436c021121d,Raghava Hospital Multi Speciality,raghava hospital multi speciality,Hyderabad,Hospital,Ameerpet,,17.4388,78.44208,8760a2591ffffff,,11.0,10.0,True,,0.0,400.0,4.5,78.0,1996.0,+914049170224,https://www.practo.com/hyderabad/hospital/raghava-hospital-multi-speciality-ameerpet?referrer=hospital_listing,,VN,practo,,1.0,canonical,133,Q4,Q4-Sub-Q3,Super Premium,0.344647
hosp_9b5cbfba708790eb,Shine N Smile Dental Hospital,shine n smile dental hospital,Hyderabad,Hospital,Attapur,,17.36432,78.42802,8760a2585ffffff,,3.0,1.0,True,,0.0,100.0,5.0,41.0,2011.0,+914067820361,https://www.practo.com/hyderabad/hospital/shine-n-smile-advanced-dental-speciality-shivarampally-1?referrer=hospital_listing,https://images1-fabric.practo.com/53d356401dddc96d6f2e7e1f705ab5e59c84a6dc009b2.jpg,VN,practo,,1.0,canonical,134,Q4,Q4-Sub-Q3,Super Premium,0.343231
hosp_d4ba35e9f2d6a701,Ankura Hospital For Women and Children,ankura hospital for women children,Hyderabad,Hospital,Kompally,,17.52472,78.482856,8760b1944ffffff,,17.0,8.0,True,,0.0,800.0,5.0,26.0,,+918046810593,https://www.practo.com/hyderabad/hospital/ankura-hospital-women-and-children-satyam-enclave?referrer=hospital_listing,,ABS,practo,,1.0,canonical,135,Q4,Q4-Sub-Q3,Super Premium,0.34255
hosp_05a297c5c7474b00,Srikara Hospitals,srikara hospitals,Hyderabad,Hospital,Secunderabad,,17.44243099,78.49582665,8760b52c9ffffff,,9.0,6.0,True,4.0,0.0,600.0,4.5,330.0,2013.0,+914045208867,https://www.practo.com/hyderabad/hospital/barli-orthopaedic-clinic-secunderabad?referrer=hospital_listing,https://images1-fabric.practo.com/srikara-hospitals-hyderabad-1483436707-586b72a396e95.png,VN,practo,,1.0,canonical,136,Q4,Q4-Sub-Q3,Super Premium,0.342157
hosp_8500fa4cd60fe2ed,DSR Multispeciality Dental Hospital,dsr multispeciality dental hospital,Hyderabad,Hospital,Karmanghat,,17.34504689683251,78.52842003107071,8760b525affffff,,4.0,1.0,True,,0.0,100.0,5.0,54.0,,+914067822744,https://www.practo.com/hyderabad/hospital/dsr-multispeciality-dental-hospital-karmanghat?referrer=hospital_listing,https://images1-fabric.practo.com/dsr-multispeciality-dental-hospital-hyderabad-1440324134-55d99a2668d2c.jpg,VN,practo,,1.0,canonical,137,Q4,Q4-Sub-Q3,Super Premium,0.341939
hosp_2ad94cb9d591b469,Akshaya Dental Hospital And Implant  Center,akshaya dental hospital implant center,Hyderabad,Hospital,Manikonda,,17.401684722092,78.383729317883,8760a258affffff,,1.0,1.0,True,,300.0,300.0,5.0,58.0,,+914045209634,https://www.practo.com/hyderabad/hospital/akshaya-dental-hospital-and-implant-center-manikonda-1?referrer=hospital_listing,https://images1-fabric.practo.com/akshaya-dental-hospital-and-implant-center-hyderabad-1455020821-56b9db1509e90.jpg,ABS,practo,,1.0,canonical,138,Q4,Q4-Sub-Q3,Super Premium,0.341678
hosp_afc0dd8ee77ebe33,Ferty 9 Fertility Centre,ferty 9 fertility centre,Hyderabad,Hospital,Banjara Hills,,17.414182256465217,78.42657400000003,8760a2582ffffff,,2.0,1.0,True,,0.0,0.0,5.0,55.0,,+912071531872,https://www.practo.com/hyderabad/hospital/ferty9-hospital-banjara-hills?referrer=hospital_listing,https://images1-fabric.practo.com/practices/1149284/ferty9-hospital-hyderabad-5f105ac8366e6.JPG,ABS,practo,,1.0,canonical,139,Q4,Q4-Sub-Q3,Super Premium,0.340666
hosp_d960f6c1078f5da3,Swasa Hospital,swasa hospital,Hyderabad,Hospital,Narayanguda,,17.3989769,78.4905816,8760a25b2ffffff,,2.0,2.0,True,,1000.0,1000.0,4.5,811.0,,+914071963653,https://www.practo.com/hyderabad/hospital/swasa-hospital-himayat-nagar?referrer=hospital_listing,https://images1-fabric.practo.com/practices/654848/swasa-hospital-hyderabad-5fd0c89de92f5.png,VN,practo,,1.0,canonical,140,Q4,Q4-Sub-Q3,Super Premium,0.34064
hosp_fbc9d51b5c1fb8f0,Madhava Multispeciality Hospital,madhava multispeciality hospital,Hyderabad,Hospital,Secunderabad,,17.441095,78.502003,8760b52c9ffffff,,9.0,7.0,True,,0.0,300.0,4.5,15.0,1971.0,+914049170222,https://www.practo.com/hyderabad/hospital/madhava-multispeciality-hospital-secunderabad?referrer=hospital_listing,https://images1-fabric.practo.com/practices/795466/madhava-multispeciality-hospital-hyderabad-59355ca169bac.jpeg,VN,practo,,1.0,canonical,141,Q4,Q4-Sub-Q2,Premium,0.339346
hosp_3ed76ebd0109487f,Lakshmi Multi Specialty Dental Hospital,lakshmi multi specialty dental hospital,Hyderabad,Hospital,Tarnaka,,17.429566518894724,78.53422567248344,8760b52ccffffff,,1.0,1.0,True,,300.0,300.0,5.0,54.0,,+914041891804,https://www.practo.com/hyderabad/hospital/lakshmi-multi-specialty-dental-hospital-tarnaka-1?referrer=hospital_listing,,ABS,practo,,1.0,canonical,142,Q4,Q4-Sub-Q2,Premium,0.338998
hosp_aac3828651034f1b,Asha Hospital,asha hospital,Hyderabad,Hospital,Banjara Hills,,17.4212014,78.4345316,8760a2591ffffff,,11.0,5.0,True,,700.0,1500.0,4.5,471.0,,+917969205208,https://www.practo.com/hyderabad/hospital/asha-hospital-banjara-hills-2?referrer=hospital_listing,https://images1-fabric.practo.com/practices/1309495/asha-hospital-hyderabad-6638774893c2c.jpg,VN,practo,,1.0,canonical,143,Q4,Q4-Sub-Q2,Premium,0.338944
hosp_eeb3626fd5bb946b,Anupama Hospital,anupama hospital,Hyderabad,Hospital,KPHB,,17.484102984681186,78.39624272565526,8760a24b6ffffff,,10.0,12.0,True,,0.0,1000.0,4.5,237.0,,+914067822362,https://www.practo.com/hyderabad/hospital/anupama-hospital-kphb?referrer=hospital_listing,https://images1-fabric.practo.com/practices/647912/anupama-hospital-hyderabad-65dc54dc02113.jpeg,VN,practo,,1.0,canonical,144,Q4,Q4-Sub-Q2,Premium,0.338473
hosp_8cdb726476688305,Oasis Fertility,oasis fertility,Hyderabad,Hospital,Miyapur,,17.4939397,78.3476146,8760a24b3ffffff,,3.0,3.0,True,3.0,0.0,750.0,5.0,44.0,,+917948501084,https://www.practo.com/hyderabad/hospital/oasis-fertility-1-chanda-nagar?referrer=hospital_listing,https://images1-fabric.practo.com/practices/1238113/oasis-fertility-hyderabad-662cd0d02c1de.png,RFA,practo,,1.0,canonical,145,Q4,Q4-Sub-Q2,Premium,0.337328
hosp_73e4f8195bef920e,Santhanu Clinics & Diagnostics,santhanu clinics diagnostics,Hyderabad,Hospital,Gachibowli,,17.417791287875,78.365281743228,8760a24a4ffffff,,5.0,5.0,True,,0.0,600.0,5.0,36.0,,+914049172578,https://www.practo.com/hyderabad/hospital/santhanu-clinics-diagnostics?referrer=hospital_listing,https://images1-fabric.practo.com/practices/1238188/santhanu-clinics-diagnostics-hyderabad-60cafb8727995.jpg,VN,practo,,1.0,canonical,146,Q4,Q4-Sub-Q2,Premium,0.33598
hosp_56b172ed2f751b20,Oakridge Hospitals,oakridge hospitals,Hyderabad,Hospital,Madhapur,,17.44468480576953,78.38511228561401,8760a259bffffff,,13.0,15.0,True,,0.0,700.0,4.5,53.0,2016.0,+914067820171,https://www.practo.com/hyderabad/hospital/oakridge-hospitals-madhapur?referrer=hospital_listing,https://images1-fabric.practo.com/oakridge-hospitals-hyderabad-1465986631-57612e475d246.png,VN,practo,,1.0,canonical,147,Q4,Q4-Sub-Q2,Premium,0.334984
hosp_134f2dd8cd290743,Krishna Institute of Medical Sciences,krishna institute medical sciences,Hyderabad,Hospital,Begumpet,,17.437517,78.482361,8760a2596ffffff,,30.0,22.0,True,,0.0,600.0,,,,+914446271079,https://www.practo.com/hyderabad/hospital/krishna-institute-of-medical-sciences-secunderabad-4?referrer=hospital_listing,https://images1-fabric.practo.com/practices/1313552/krishna-institute-of-medical-sciences-hyderabad-67f3b28f7d061.png,VN,practo,,1.0,canonical,148,Q4,Q4-Sub-Q2,Premium,0.334055
hosp_32191c40ac4c6456,Rainbow Children's Hospital,rainbow children s hospital,Hyderabad,Hospital,Secunderabad,,17.4553478,78.4986727,8760b52cbffffff,,17.0,15.0,True,4.0,0.0,1250.0,4.5,69.0,,+914048212400,https://www.practo.com/hyderabad/hospital/rainbow-children-s-hospital-5-vikrampuri-colony?referrer=hospital_listing,https://images1-fabric.practo.com/practices/1132571/rainbow-children-s-hospital-hyderabad-665ee4d1afeea.png,VN,practo,,1.0,canonical,149,Q4,Q4-Sub-Q2,Premium,0.333932
hosp_39ed6fd96daeb55a,Ankura Hospital For Women and Children,ankura hospital for women children,Hyderabad,Hospital,Madinaguda,,17.494722,78.341242,8760a2486ffffff,,15.0,5.0,True,8.0,400.0,1100.0,4.5,294.0,,+914045210409,https://www.practo.com/hyderabad/hospital/ankura-childrens-hospital-madinaguda-1?referrer=hospital_listing,https://images1-fabric.practo.com/practices/1101366/ankura-children-s-hospital-hyderabad-5c650e7c46adc.jpg,ABS,practo,,1.0,canonical,150,Q4,Q4-Sub-Q2,Premium,0.33306
hosp_375b2a91361e0442,Citi Neuro Centre,citi neuro centre,Hyderabad,Hospital,Banjara Hills,,17.413750856844235,78.42443615198135,8760a259cffffff,,11.0,12.0,True,,0.0,500.0,4.5,155.0,,+914049174488,https://www.practo.com/hyderabad/hospital/citi-neuro-centre-banjara-hills?referrer=hospital_listing,https://images1-fabric.practo.com/citi-neuro-centre-hyderabad-1474395132-57e17bfce01f3.png,VN,practo,,1.0,canonical,151,Q4,Q4-Sub-Q2,Premium,0.333007
hosp_2e4a5c8f570bceff,Star Hospitals,star hospitals,Hyderabad,Hospital,Banjara Hills,,17.41497,78.44776,8760a2595ffffff,,53.0,29.0,True,,0.0,600.0,4.0,292.0,,+914045206002,https://www.practo.com/hyderabad/hospital/star-hospitals-banjara-hills-3?referrer=hospital_listing,https://images1-fabric.practo.com/star-hospitals-hyderabad-1464362956-574867ccc1a72.png,VN,practo,,1.0,canonical,152,Q4,Q4-Sub-Q2,Premium,0.332886
hosp_a27c1ba34d568b50,Sainath Hospital,sainath hospital,Hyderabad,Hospital,Ameerpet,,17.434802,78.448011,8760a2591ffffff,,1.0,1.0,True,,250.0,250.0,5.0,30.0,2008.0,+914049170225,https://www.practo.com/hyderabad/hospital/sainath-hospital-ameerpet-1?referrer=hospital_listing,https://images1-fabric.practo.com/practices/634525/sainath-hospital-hyderabad-666845bf4777d.png,VN,practo,,1.0,canonical,153,Q4,Q4-Sub-Q2,Premium,0.332664
hosp_510eb67ea9942db3,Care Hospitals,care hospitals,Hyderabad,Hospital,Gachibowli,,17.430518485900716,78.37222427129745,8760a2599ffffff,,49.0,30.0,True,,0.0,1000.0,4.0,326.0,,+914049171962,https://www.practo.com/hyderabad/hospital/care-hospitals-gachibowli?referrer=hospital_listing,https://images1-fabric.practo.com/practices/1122140/care-hospitals-hyderabad-62737dbd37c3a.jpg,VN,practo,,1.0,canonical,154,Q4,Q4-Sub-Q2,Premium,0.331679
hosp_eab752f8b942d20a,Medwise Hospital,medwise hospital,Hyderabad,Hospital,KPHB,,17.490788,78.396835,8760a24b6ffffff,,2.0,3.0,True,1.0,350.0,700.0,5.0,38.0,,+914045206171,https://www.practo.com/hyderabad/hospital/medwise-hospital-kphb?referrer=hospital_listing,https://images1-fabric.practo.com/practices/1171435/medwise-hospital-hyderabad-5a3bce03d0db2.jpeg,VN,practo,,1.0,canonical,155,Q4,Q4-Sub-Q2,Premium,0.330985
hosp_195c2a2bbf06cd2d,Nagarjun Superspeciality Dental Hospital,nagarjun superspeciality dental hospital,Hyderabad,Hospital,KPHB,,17.495189,78.40321,8760a24b6ffffff,,2.0,1.0,True,,0.0,100.0,5.0,42.0,,+914067822744,https://www.practo.com/hyderabad/hospital/nagarjun-superspeciality-dental-hospital-kphb?referrer=hospital_listing,https://images1-fabric.practo.com/nagarjuna-superspeciality-dental-hospital-1438690125-55c0ab4d3a2aa.jpg,VN,practo,,1.0,canonical,156,Q4,Q4-Sub-Q2,Premium,0.330634
hosp_ac978937f80c9d59,Kalyani Dental Hospital,kalyani dental hospital,Hyderabad,Hospital,Mehdipatnam,,17.39439144179917,78.4394833445549,8760a2586ffffff,,3.0,1.0,False,,0.0,300.0,5.0,164.0,,+914041891802,https://www.practo.com/hyderabad/hospital/kalyani-dental-hospital-mehdipatnam?referrer=hospital_listing,https://images1-fabric.practo.com/kalyani-dental-hospital-hyderabad-1441376078-55e9a74e66534.gif,VN,practo,,1.0,canonical,157,Q4,Q4-Sub-Q2,Premium,0.330547
hosp_92e8ad2c10d66a17,Surekha Hospital,surekha hospital,Hyderabad,Hospital,Kompally,,17.53615,78.48853,8760b1944ffffff,,4.0,4.0,True,,0.0,500.0,4.5,288.0,2014.0,+914049170223,https://www.practo.com/hyderabad/hospital/surekha-hospital-kompally?referrer=hospital_listing,https://images1-fabric.practo.com/surekha-hospital-hyderabad-1448952852-565d441464431.jpg,VN,practo,,1.0,canonical,158,Q4,Q4-Sub-Q2,Premium,0.329907
hosp_932b67ec94337389,Sravani Hospital,sravani hospital,Hyderabad,Hospital,Madhapur,,17.45122,78.39843,8760a259affffff,,10.0,12.0,True,,600.0,900.0,4.5,131.0,,+918045682534,https://www.practo.com/hyderabad/hospital/sravani-hospital-madhapur-1?referrer=hospital_listing,https://images1-fabric.practo.com/practices/1410302/sravani-hospital-hyderabad-63ad8b5b8ea8f.jpg,ABS,practo,,1.0,canonical,159,Q4,Q4-Sub-Q2,Premium,0.329654
hosp_e9858c0bba22e220,Little Stars and She Hospital,little stars she hospital,Hyderabad,Hospital,Banjara Hills,,17.41511036026737,78.44671831947686,8760a2595ffffff,,9.0,4.0,True,,500.0,1200.0,4.5,174.0,2011.0,+917949106804,https://www.practo.com/hyderabad/hospital/little-stars-childrens-hospital-panjagutta?referrer=hospital_listing,https://images1-fabric.practo.com/practices/672148/little-stars-and-she-hospital-hyderabad-65d4860db0410.png,ABS,practo,,1.0,canonical,160,Q4,Q4-Sub-Q2,Premium,0.329225
hosp_0cd729a4d903c2ed,Ayur Jyothi Super Speciality Ayurvedic Hospital,ayur jyothi super speciality ayurvedic hospital,Hyderabad,Hospital,AS Rao Nagar,,17.48265,78.55543,8760b52d8ffffff,,2.0,1.0,False,,200.0,200.0,5.0,159.0,,+914041891804,https://www.practo.com/hyderabad/hospital/ayur-jyothi-super-specialty-ayuvedic-hospital-hanamkonda?referrer=hospital_listing,https://images1-fabric.practo.com/ayur-jyothi-super-speciality-ayurvedic-hospital-hyderabad-1442936522-560176ca53ea5.jpg,VN,practo,,1.0,canonical,161,Q4,Q4-Sub-Q2,Premium,0.32856
hosp_21b540960a85ff4e,Oasis Fertility,oasis fertility,Hyderabad,Hospital,Dilsukhnagar,,17.3693093,78.5173637,8760a25b4ffffff,,2.0,2.0,True,3.0,0.0,0.0,5.0,37.0,,+917949108766,https://www.practo.com/hyderabad/hospital/oasis-fertility-dilsukhnagar?referrer=hospital_listing,https://images1-fabric.practo.com/practices/1129531/oasis-fertility-hyderabad-662cd49eb70c8.png,RFA,practo,,1.0,canonical,162,Q4,Q4-Sub-Q2,Premium,0.328023
hosp_6050692d7d82a62c,Nanditha Dental Hospital,nanditha dental hospital,Hyderabad,Hospital,Sanath Nagar,,17.455623,78.446828,8760a2593ffffff,,2.0,1.0,True,,100.0,100.0,5.0,39.0,,+914067820172,https://www.practo.com/hyderabad/hospital/sri-sai-dental-clinic-sanath-nagar?referrer=hospital_listing,https://images1-fabric.practo.com/practices/884282/nanditha-dental-hospital-hyderabad-6666a5d50e73f.png,VN,practo,,1.0,canonical,163,Q4,Q4-Sub-Q2,Premium,0.327926
hosp_ac0dda79d7f60c62,Majestic Hospital,majestic hospital,Hyderabad,Hospital,Tolichowki,,17.380067636398,78.421010971069,8760a2580ffffff,,7.0,11.0,True,,200.0,500.0,4.5,164.0,,+914067822631,https://www.practo.com/hyderabad/hospital/majestic-hospital-langer-house-1?referrer=hospital_listing,https://images1-fabric.practo.com/practices/705029/majestic-hospital-hyderabad-5b16755f21223.jpeg,VN,practo,,1.0,canonical,164,Q4,Q4-Sub-Q2,Premium,0.327899
hosp_49643b2ca9544a19,Venus Hospital,venus hospital,Hyderabad,Hospital,Malakpet,,17.372739,78.501048,8760a25b4ffffff,,9.0,12.0,True,,0.0,300.0,,4.0,1985.0,+914067822539,https://www.practo.com/hyderabad/hospital/venus-multi-speciality-hospital-malakpet?referrer=hospital_listing,https://images1-fabric.practo.com/practices/646428/venus-hospital-hyderabad-666cef9e9396f.png,VN,practo,,1.0,canonical,165,Q4,Q4-Sub-Q2,Premium,0.327809
hosp_b1c8321a425b538d,Cloudnine Hospital,cloudnine hospital,Hyderabad,Hospital,Gachibowli,,17.450881873544144,78.36315470100368,8760a24a6ffffff,,4.0,4.0,True,2.0,1100.0,1600.0,4.5,426.0,,+914049174488,https://www.practo.com/hyderabad/hospital/the-birthplace-gachibowli?referrer=hospital_listing,https://images1-fabric.practo.com/practices/724827/cloudnine-clinic-hyderabad-65682e91e9800.png,ABS,practo,,1.0,canonical,166,Q4,Q4-Sub-Q2,Premium,0.32773
hosp_3ae3b375fcadb6ee,Sidarth Hospitals,sidarth hospitals,Hyderabad,Hospital,Madinaguda,,17.494942504261,78.34825293586,8760a24b3ffffff,,13.0,10.0,True,,0.0,600.0,4.5,117.0,,+914041891803,https://www.practo.com/hyderabad/hospital/sidarth-hospitals-madinaguda?referrer=hospital_listing,https://images1-fabric.practo.com/practices/1309854/sidarth-hospitals-hyderabad-5f9421a79ec8e.png,VN,practo,,1.0,canonical,167,Q4,Q4-Sub-Q2,Premium,0.327037
hosp_84c73f42950f826e,Partha Dental  Skin hair,partha dental skin hair,Hyderabad,Hospital,Vanasthalipuram,,17.325833849214565,78.57464790344238,8760b5250ffffff,,3.0,1.0,True,41.0,0.0,500.0,5.0,37.0,,+914067820361,https://www.practo.com/hyderabad/hospital/partha-dental-1-vanasthalipuram?referrer=hospital_listing,https://images1-fabric.practo.com/practices/753409/partha-dental-hyderabad-64aba832e538c.PNG,ABS,practo,,1.0,canonical,168,Q4,Q4-Sub-Q2,Premium,0.327003
hosp_9d64b1318a6c4fbb,Medicover Cancer Institute,medicover cancer institute,Hyderabad,Hospital,Hitech City,,17.4466,78.3782,8760a259bffffff,,24.0,14.0,True,3.0,500.0,1000.0,4.5,25.0,,+917949121185,https://www.practo.com/hyderabad/hospital/medicover-cancer-hospital-hitech-city?referrer=hospital_listing,https://images1-fabric.practo.com/practices/1356961/medicover-cancer-hospital-hyderabad-61307a63bf217.png,ABS,practo,,1.0,canonical,169,Q4,Q4-Sub-Q2,Premium,0.326831
hosp_37d91988d37df5aa,Hyderabad Dental Hospital,hyderabad dental hospital,Hyderabad,Hospital,Himayat Nagar,,17.399983974157,78.485614657402,8760a25b3ffffff,,2.0,1.0,True,,200.0,500.0,5.0,37.0,,+914045209803,https://www.practo.com/hyderabad/hospital/hyderabad-dental-hospital-implant-centre-himayat-nagar?referrer=hospital_listing,https://images1-fabric.practo.com/practices/1121585/hyderabad-dental-hospital-hyderabad-66629b51cc580.png,VN,practo,,1.0,canonical,170,Q4,Q4-Sub-Q2,Premium,0.326023
hosp_1ca3d63ae3b587a8,Continental Hospitals,continental hospitals,Hyderabad,Hospital,Gachibowli,,17.41768,78.33972,8760a24a5ffffff,,84.0,38.0,True,,0.0,3000.0,3.5,1093.0,2013.0,+914041891804,https://www.practo.com/hyderabad/hospital/continental-hospital-gachibowli-5?referrer=hospital_listing,https://images1-fabric.practo.com/practices/663465/continental-hospitals-hyderabad-62430bb84b66a.jpg,VN,practo,,1.0,canonical,171,Q4,Q4-Sub-Q2,Premium,0.325785
hosp_49cecfd5769ff46d,Pace Hospitals,pace hospitals,Hyderabad,Hospital,Hitech City,,17.44693,78.38435,8760a259bffffff,,19.0,23.0,True,1.0,0.0,860.0,4.0,1305.0,,+914041891805,https://www.practo.com/hyderabad/hospital/pace-hospitals-hitech-city?referrer=hospital_listing,https://images1-fabric.practo.com/dr-krishna-patil-vijaykumar-hyderabad-1466674059-576bab8b4be97.jpg,VN,practo,,1.0,canonical,172,Q4,Q4-Sub-Q2,Premium,0.325703
hosp_2a2b80ce6948de71,RM Hospital,rm hospital,Hyderabad,Hospital,Beeramguda,,17.5100877096724,78.299872353673,8760a2483ffffff,,2.0,2.0,True,,400.0,500.0,5.0,34.0,,+914071964875,https://www.practo.com/hyderabad/hospital/rm-hospital-beeramguda?referrer=hospital_listing,,VN,practo,,1.0,canonical,173,Q4,Q4-Sub-Q2,Premium,0.325005
hosp_8a1525f89961a848,Vasavi Hospital,vasavi hospital,Hyderabad,Hospital,Lakdikapul,,17.406382,78.46421,8760a25b3ffffff,,20.0,18.0,True,,0.0,600.0,4.0,43.0,1985.0,+914067822587,https://www.practo.com/hyderabad/hospital/vasavi-hospital-lakdikapul?referrer=hospital_listing,https://images1-fabric.practo.com/practices/659589/vasavi-hospital-hyderabad-5b580fdb40b27.png,VN,practo,,1.0,canonical,174,Q4,Q4-Sub-Q2,Premium,0.32492
hosp_b3dd351b4e4366d2,Sanathnagar Dental Hospital,sanathnagar dental hospital,Hyderabad,Hospital,Sanath Nagar,,17.45572589052704,78.4463994204998,8760a2593ffffff,,2.0,1.0,False,,0.0,100.0,5.0,138.0,,+914045209753,https://www.practo.com/hyderabad/hospital/sanathnagar-dental-hospital-sanath-nagar-1?referrer=hospital_listing,https://images1-fabric.practo.com/sanathnagar-dental-hospital-hyderabad-1467281422-5774f00e06496.jpg,VN,practo,,1.0,canonical,175,Q4,Q4-Sub-Q2,Premium,0.323878
hosp_e592c2a2415c2f11,Aruna Hospital,aruna hospital,Hyderabad,Hospital,LB Nagar,,17.344685262557885,78.5546687990427,8760b5253ffffff,,1.0,1.0,True,,400.0,400.0,4.5,523.0,,+914045208867,https://www.practo.com/hyderabad/hospital/aruna-hospital-lb-nagar-2?referrer=hospital_listing,,VN,practo,,1.0,canonical,176,Q4,Q4-Sub-Q2,Premium,0.323785
hosp_281695676222eb98,Ramesh Lasik & Laser Centre,ramesh lasik laser centre,Hyderabad,Hospital,Himayat Nagar,,17.398494355248,78.484787489288,8760a25b3ffffff,,2.0,1.0,False,,350.0,350.0,5.0,136.0,,+914049170737,https://www.practo.com/hyderabad/hospital/ramesh-lasik-and-laser-centre-himayat-nagar?referrer=hospital_listing,https://images1-fabric.practo.com/ramesh-lasik-and-laser-centre-hyderabad-1489640132-58ca1ac4ec5e7.jpg,VN,practo,,1.0,canonical,177,Q4,Q4-Sub-Q2,Premium,0.323388
hosp_cf4f05fe1d10c89c,FMS Dental Hospital,fms dental hospital,Hyderabad,Hospital,Langar Houz,,17.374708545863,78.418601325177,8760a2581ffffff,,6.0,1.0,True,7.0,200.0,500.0,5.0,15.0,2001.0,+918040265213,https://www.practo.com/hyderabad/hospital/fms-dental-hospital-langer-house?referrer=hospital_listing,https://images1-fabric.practo.com/fms-dental-hospital-pvt-ltd-hyderabad-1478258851-581c70a37074e.png,ABS,practo,,1.0,canonical,178,Q4,Q4-Sub-Q2,Premium,0.322462
hosp_0987bf71aaffb024,EPIC International Hospitals Private Limited,epic international hospitals,Hyderabad,Hospital,Banjara Hills,,17.424494064187,78.432230833485,8760a2591ffffff,,5.0,4.0,True,,750.0,750.0,4.5,312.0,,+914045208722,https://www.practo.com/hyderabad/hospital/neo-healthcare-pvt-ltd-ameerpet?referrer=hospital_listing,https://images1-fabric.practo.com/practices/1070219/epic-international-hospitals-private-limited-hyderabad-69d737b98f555.png,ABS,practo,,1.0,canonical,179,Q4,Q4-Sub-Q2,Premium,0.322343
hosp_16c08c0068bd8fba,Noor Hospital,noor hospital,Hyderabad,Hospital,Mallepally,,17.39388976921,78.457971811295,8760a2586ffffff,,1.0,1.0,True,,100.0,100.0,4.5,493.0,,+914067822305,https://www.practo.com/hyderabad/hospital/noor-hospital-mallepally-1?referrer=hospital_listing,https://images1-fabric.practo.com/noor-hospital-hyderabad-1445233598-562483bed565a.jpg,VN,practo,,1.0,canonical,180,Q4,Q4-Sub-Q2,Premium,0.322268
hosp_4fd8dcc62e9db626,L K Hospital,l k hospital,Hyderabad,Hospital,Malkajgiri,,17.45158,78.53535,8760b52ceffffff,,3.0,3.0,True,,0.0,500.0,4.5,92.0,2000.0,+914048216790,https://www.practo.com/hyderabad/hospital/l-k-hospital-malkajgiri?referrer=hospital_listing,https://images1-fabric.practo.com/practices/743022/l-k-hospital-hyderabad-64f2d4bb2c0c6.png,VN,practo,,1.0,canonical,181,Q4,Q4-Sub-Q2,Premium,0.321654
hosp_a41548f6efd4ab6d,Goutam Hospitals Gachibowli,goutam hospitals gachibowli,Hyderabad,Hospital,Gachibowli,,17.433415232348,78.374408144569,8760a2599ffffff,,1.0,2.0,True,1.0,600.0,800.0,5.0,31.0,,+918037324281,https://www.practo.com/hyderabad/hospital/goutam-hospitals-gachibowli-1-gachibowli?referrer=hospital_listing,https://images1-fabric.practo.com/practices/1404858/goutam-hospitals-gachibowli-hyderabad-635fbe759606d.jpg,VN,practo,,1.0,canonical,182,Q4,Q4-Sub-Q2,Premium,0.320793
hosp_97f3714e7ac051b6,Oasis Fertility,oasis fertility,Hyderabad,Hospital,Kompally,,17.514906458876617,78.48053455352783,8760b1963ffffff,,2.0,3.0,True,3.0,0.0,0.0,5.0,28.0,,+918047285536,https://www.practo.com/hyderabad/hospital/oasis-fertility-kompally?referrer=hospital_listing,https://images1-fabric.practo.com/practices/1373279/oasis-fertility-hyderabad-662cd56b1d317.png,RFA,practo,,1.0,canonical,183,Q4,Q4-Sub-Q2,Premium,0.320304
hosp_f9757e1331f62e70,Gopilatha Super Speciality Dental Hospital,gopilatha super speciality dental hospital,Hyderabad,Hospital,Vanasthalipuram,,17.329851,78.5691882,8760b5251ffffff,,2.0,1.0,False,,300.0,300.0,5.0,123.0,,+914067822377,https://www.practo.com/hyderabad/hospital/gopilatha-super-specialty-dental-hospital-vanasthalipuram?referrer=hospital_listing,https://images1-fabric.practo.com/6de1a86c0f39aa640a17316d92f712eb,VN,practo,,1.0,canonical,184,Q4,Q4-Sub-Q2,Premium,0.319976
hosp_23db63ba08c1ec59,2nd Life Nature Cure Hospital,2nd life nature cure hospital,Hyderabad,Hospital,Banjara Hills,,17.421852857751,78.433627784517,8760a2591ffffff,,1.0,6.0,True,,800.0,800.0,4.5,261.0,,+914049172968,https://www.practo.com/hyderabad/hospital/2nd-life-nature-cure-hospital-banjara-hills?referrer=hospital_listing,https://images1-fabric.practo.com/practices/1192225/2nd-life-nature-cure-hospital-5b069cd2c2c07.jpeg,VN,practo,,1.0,canonical,185,Q4,Q4-Sub-Q2,Premium,0.319254
hosp_da501dbc58bb0c29,Srikara Hospitals,srikara hospitals,Hyderabad,Hospital,Miyapur,,17.4922407512243,78.34825530576329,8760a24b3ffffff,,18.0,17.0,True,4.0,800.0,1500.0,4.0,1441.0,,+914049172579,https://www.practo.com/hyderabad/hospital/srikara-hospitals-miyapur-2?referrer=hospital_listing,https://images1-fabric.practo.com/practices/1053027/srikara-hospitals-hyderabad-59670d1262a02.png,VN,practo,,1.0,canonical,186,Q4,Q4-Sub-Q2,Premium,0.318515
hosp_f6536d7c3207ec64,Epione,epione,Hyderabad,Hospital,Banjara Hills,,17.426869252078664,78.41647267341614,8760a259cffffff,,2.0,2.0,True,,1200.0,1200.0,5.0,28.0,,+914049174488,https://www.practo.com/hyderabad/hospital/epione-banjara-hills?referrer=hospital_listing,https://images1-fabric.practo.com/practices/1223782/epione-hyderabad-5bd0108dc8434.png,VN,practo,,1.0,canonical,187,Q4,Q4-Sub-Q2,Premium,0.318304
hosp_b3d80e7f6251606e,Sai Neha Hospital,sai neha hospital,Hyderabad,Hospital,Kondapur,,17.46638,78.34826,8760a24a2ffffff,,2.0,2.0,True,,700.0,700.0,4.5,359.0,,+914049172579,https://www.practo.com/hyderabad/hospital/sai-neha-hospital-kondapur-2?referrer=hospital_listing,https://images1-fabric.practo.com/practices/1132129/sai-neha-hospital-hyderabad-5e99660770d8e.png,ABS,practo,,1.0,canonical,188,Q4,Q4-Sub-Q2,Premium,0.318118
hosp_0e39fd2e1e9f74f7,Aster Prime Hospital,aster prime hospital,Hyderabad,Hospital,Ameerpet,,17.43731,78.44655,8760a2591ffffff,,18.0,17.0,True,,500.0,800.0,4.0,1036.0,2006.0,+918045682070,https://www.practo.com/hyderabad/hospital/aster-prime-hospitals-ameerpet-1?referrer=hospital_listing,https://images1-fabric.practo.com/practices/771879/aster-prime-hospital-hyderabad-65608b13188dd.png,RFA,practo,,1.0,canonical,189,Q4,Q4-Sub-Q2,Premium,0.318081
hosp_4e51544ed5f47b12,Safe Super Speciality Hospitals,safe super speciality hospitals,Hyderabad,Hospital,Kompally,,17.511094788880083,78.48018388004789,8760b1963ffffff,,14.0,12.0,True,,0.0,800.0,4.5,39.0,,+914049172967,https://www.practo.com/hyderabad/hospital/safe-super-speciality-hospital-quthbullapur?referrer=hospital_listing,https://images1-fabric.practo.com/practices/1262564/safe-super-speciality-hospital-hyderabad-5d3aa86a8ce74.png,VN,practo,,1.0,canonical,190,Q4,Q4-Sub-Q2,Premium,0.317909
hosp_6d2689bdbfab0958,Sri Veda Sushruta Ayurveda Hospital,sri veda sushruta ayurveda hospital,Hyderabad,Hospital,Nallagandla,,17.476676524208,78.303966075182,8760a2480ffffff,,2.0,2.0,False,,500.0,600.0,5.0,109.0,,+914067820172,https://www.practo.com/hyderabad/hospital/sushruta-ayurveda-hospital-sr-nagar?referrer=hospital_listing,https://images1-fabric.practo.com/practices/655320/sri-veda-sushruta-ayurveda-hospital-hyderabad-678f34bce6f34.jpg,VN,practo,,1.0,canonical,191,Q4,Q4-Sub-Q2,Premium,0.317781
hosp_9196702e5c74472b,SMS ENT And Surgical Clinic,sms ent surgical clinic,Hyderabad,Hospital,Himayat Nagar,,17.40616,78.47928,8760a25b3ffffff,,2.0,2.0,True,,900.0,1000.0,4.5,348.0,,+917969205025,https://www.practo.com/hyderabad/hospital/sms-ent-and-surgical-hospital-himayat-nagar?referrer=hospital_listing,https://images1-fabric.practo.com/sms-ent-and-surgical-hospital-hyderabad-1479882233-583535f9db504.jpg,ABS,practo,,1.0,canonical,192,Q4,Q4-Sub-Q2,Premium,0.317496
hosp_0589fb1eda19bb72,Thatha Hospital,thatha hospital,Hyderabad,Hospital,Kapra,,17.476893,78.562848,8760b52dcffffff,,11.0,7.0,True,,0.0,500.0,,7.0,1988.0,+914067822616,https://www.practo.com/hyderabad/hospital/thatha-hospital-kapra?referrer=hospital_listing,https://images1-fabric.practo.com/practices/661386/thatha-hospital-hyderabad-5e9dc0d35be3d.png,VN,practo,,1.0,canonical,193,Q4,Q4-Sub-Q2,Premium,0.317402
hosp_51507bb575c2ebce,Ramdev Rao Hospital,ramdev rao hospital,Hyderabad,Hospital,Kukatpally,,17.49028316597332,78.40694345533848,8760b1969ffffff,,21.0,18.0,True,,0.0,350.0,,,,+914041892134,https://www.practo.com/hyderabad/hospital/medicare-clinic-nizampet?referrer=hospital_listing,https://images1-fabric.practo.com/practices/839248/ramdev-rao-hospital-hyderabad-67d7cbcec161b.png,VN,practo,,1.0,canonical,194,Q4,Q4-Sub-Q2,Premium,0.317231
hosp_3b3123bdcedc4464,Kakatiya Hospital,kakatiya hospital,Hyderabad,Hospital,Gachibowli,,17.451476,78.366853,8760a24a6ffffff,,2.0,5.0,True,,400.0,500.0,5.0,15.0,2013.0,+914067822433,https://www.practo.com/hyderabad/hospital/kakatiya-hospital-hitech-city?referrer=hospital_listing,,VN,practo,,1.0,canonical,195,Q4,Q4-Sub-Q2,Premium,0.316541
hosp_21370b596ef90255,Sachi Dental Hospital,sachi dental hospital,Hyderabad,Hospital,East Marredpally,,17.447151516324023,78.51215779781342,8760b52cbffffff,,4.0,2.0,True,,0.0,300.0,5.0,25.0,,+914045209803,https://www.practo.com/hyderabad/hospital/sachi-dental-hospital-east-marredpally?referrer=hospital_listing,https://images1-fabric.practo.com/sachi-dental-hospital-hyderabad-1485580260-588c27e4837dc.jpg,VN,practo,,1.0,canonical,196,Q4,Q4-Sub-Q2,Premium,0.316528
hosp_94861031c89329c8,Partha Dental Skin Hair,partha dental skin hair,Hyderabad,Hospital,Kondapur,,17.46285,78.36695,8760a24b5ffffff,,1.0,1.0,True,41.0,0.0,0.0,5.0,29.0,,+914049172575,https://www.practo.com/hyderabad/hospital/partha-dental-skin-hair-kondapur?referrer=hospital_listing,https://images1-fabric.practo.com/practices/1427928/partha-dental-skin-hair-hyderabad-64995ea28a686.JPG,VN,practo,,1.0,canonical,197,Q4,Q4-Sub-Q2,Premium,0.316508
hosp_d38cc560919f67fc,Cloudnine Hospital,cloudnine hospital,Hyderabad,Hospital,Kompally,,17.5418626,78.4833709,8760b1946ffffff,,11.0,3.0,True,2.0,1100.0,1100.0,4.5,13.0,1990.0,+914049174159,https://www.practo.com/hyderabad/hospital/cloudnine-hospital-kompally?referrer=hospital_listing,https://images1-fabric.practo.com/practices/1459120/cloudnine-hospital-hyderabad-663b14d26c969.jpeg,ABS,practo,,1.0,canonical,198,Q4,Q4-Sub-Q2,Premium,0.316393
hosp_5184385316ff3180,Princess Esra Hospital,princess esra hospital,Hyderabad,Hospital,Old City,,17.35646521236123,78.47403287887573,8760a25a2ffffff,,8.0,10.0,True,,0.0,500.0,5.0,12.0,,+914067822587,https://www.practo.com/hyderabad/hospital/princess-esra-hospital-old-city?referrer=hospital_listing,https://images1-fabric.practo.com/practices/640611/princess-esra-hospital-hyderabad-67fe2c89236a7.png,VN,practo,,1.0,canonical,199,Q4,Q4-Sub-Q2,Premium,0.316225
hosp_f6dc439481e08234,Lifecare Gynaecology Hospital & Garbh Fertility,lifecare gynaecology hospital garbh fertility,Hyderabad,Hospital,Chanda Nagar,,17.505958210685783,78.3354588970542,8760a2495ffffff,,1.0,1.0,True,,500.0,500.0,4.5,369.0,,+918037323888,https://www.practo.com/hyderabad/hospital/lifecare-gynaecology-hospital-miyapur?referrer=hospital_listing,https://images1-fabric.practo.com/practices/1257694/lifecare-gynaecology-hospital-hyderabad-5ce78771aeea2.png,ABS,practo,,1.0,canonical,200,Q4,Q4-Sub-Q2,Premium,0.315697
hosp_d2d3345f48870c42,Diya Hospitals,diya hospitals,Hyderabad,Hospital,LB Nagar,,17.3383729,78.5413899,8760b525effffff,,19.0,18.0,True,,400.0,700.0,,8.0,,+914041891806,https://www.practo.com/hyderabad/hospital/diya-hospitals-lb-nagar?referrer=hospital_listing,https://images1-fabric.practo.com/practices/1314472/diya-hospitals-hyderabad-6039d2551a8b9.png,VN,practo,,1.0,canonical,201,Q4,Q4-Sub-Q2,Premium,0.315623
hosp_c3f889831dcdfd92,Prerana Hospital,prerana hospital,Hyderabad,Hospital,Manikonda,,17.401081984449,78.386222720146,8760a258effffff,,1.0,2.0,True,,1000.0,1000.0,5.0,26.0,,+914041891802,https://www.practo.com/hyderabad/hospital/prerana-hospital-manikonda?referrer=hospital_listing,https://images1-fabric.practo.com/practices/1144963/prerana-hospital-hyderabad-596a035ea253a.jpg,VN,practo,,1.0,canonical,202,Q4,Q4-Sub-Q2,Premium,0.314864
hosp_462ec6c13e1a4aa6,Nakshatra Hospitals,nakshatra hospitals,Hyderabad,Hospital,LB Nagar,,17.3625036,78.5570869,8760b52edffffff,,6.0,6.0,True,,300.0,650.0,4.5,71.0,2015.0,+914048216834,https://www.practo.com/hyderabad/hospital/nakshatra-hospitals-lb-nagar?referrer=hospital_listing,https://images1-fabric.practo.com/practices/1271425/nakshatra-hospitals-hyderabad-5ddfa0a0e3e59.png,VN,practo,,1.0,canonical,203,Q4,Q4-Sub-Q2,Premium,0.314685
hosp_46205c0eb641c108,Dr.Gowds Dental Hospitals,dr gowds dental hospitals,Hyderabad,Hospital,Banjara Hills,,17.41263,78.43564,8760a2582ffffff,,3.0,1.0,True,,500.0,500.0,4.5,307.0,,+918047285628,https://www.practo.com/hyderabad/hospital/dr-gowd-s-dental-banjara-hills?referrer=hospital_listing,https://images1-fabric.practo.com/drgowdsdentalhospital-hyderabad-1456846295-56d5b5d77735a.png,ABS,practo,,1.0,canonical,204,Q4,Q4-Sub-Q2,Premium,0.314083
hosp_6d22c4d15d72725d,Yashoda Hospitals Malakpet.,yashoda hospitals malakpet,Hyderabad,Hospital,Malakpet,,17.37449753372174,78.49984645843506,8760a25b4ffffff,,48.0,22.0,True,2.0,0.0,750.0,4.0,297.0,,+914049172967,https://www.practo.com/hyderabad/hospital/yashoda-hospitals-malakpet-2?referrer=hospital_listing,https://images1-fabric.practo.com/practices/1146410/yashoda-hospital-hyderabad-5dc9074f6f845.png,VN,practo,,1.0,canonical,205,Q4,Q4-Sub-Q2,Premium,0.31408
hosp_f1ed736f2db4cfd8,Kamineni Hospitals,kamineni hospitals,Hyderabad,Hospital,King Koti,,17.3926509391682,78.48011612892151,8760a25b3ffffff,,21.0,19.0,True,,0.0,800.0,4.0,36.0,2005.0,+914049172581,https://www.practo.com/hyderabad/hospital/kamineni-hospitals-king-koti?referrer=hospital_listing,https://images1-fabric.practo.com/kamineni-hospitals-hyderabad-1470662037-57a8859545594.jpg,VN,practo,,1.0,canonical,206,Q4,Q4-Sub-Q2,Premium,0.313518
hosp_c173360df25c3f31,Praanadah Hospital,praanadah hospital,Hyderabad,Hospital,Madhapur,,17.437105347338,78.391021778807,8760a2598ffffff,,3.0,3.0,True,,0.0,800.0,4.5,229.0,,+914041891806,https://www.practo.com/hyderabad/hospital/praanadah-hospital-madhapur?referrer=hospital_listing,https://images1-fabric.practo.com/practices/730460/praanadah-hospital-hyderabad-5a7ad74930965.jpg,VN,practo,,1.0,canonical,207,Q4,Q4-Sub-Q2,Premium,0.313055
hosp_04237b791ba8b478,Farha Hospital,farha hospital,Hyderabad,Hospital,Mehdipatnam,,17.394651,78.432954,8760a2580ffffff,,4.0,2.0,True,,200.0,300.0,5.0,22.0,,+914045206171,https://www.practo.com/hyderabad/hospital/farha-hospital-mehdipatnam?referrer=hospital_listing,https://images1-fabric.practo.com/practices/1186249/farha-hospital-hyderabad-5ad83878c7938.jpg,VN,practo,,1.0,canonical,208,Q4,Q4-Sub-Q2,Premium,0.31249
hosp_757d56571272269b,Olive Sarvodaya Hospital,olive sarvodaya hospital,Hyderabad,Hospital,Asif Nagar,,17.42342,78.40707,8760a259cffffff,,20.0,16.0,True,,0.0,500.0,,5.0,,+914041892135,https://www.practo.com/hyderabad/hospital/olive-sarvodaya-hospital-asif-nagar?referrer=hospital_listing,https://images1-fabric.practo.com/practices/1431069/olive-sarvodaya-hospital-hyderabad-64c4da4c3e85d.jpeg,VN,practo,,1.0,canonical,209,Q4,Q4-Sub-Q2,Premium,0.312471
hosp_a107235805e65559,Mana Hospitals,mana hospitals,Hyderabad,Hospital,Kukatpally,,17.49497,78.41201,8760b196bffffff,,5.0,4.0,True,,0.0,400.0,4.5,95.0,2017.0,+914045208867,https://www.practo.com/hyderabad/hospital/mana-hospital?referrer=hospital_listing,https://images1-fabric.practo.com/practices/1138446/mana-hospitals-hyderabad-5b2c997fb2360.png,VN,practo,,1.0,canonical,210,Q4,Q4-Sub-Q2,Premium,0.311877
hosp_ee8b45517bc5df12,Dr. Agarwal's Eye Hospital,dr agarwal s eye hospital,Hyderabad,Hospital,Secunderabad,,17.437937007245147,78.49488395859123,8760b52c9ffffff,,11.0,1.0,False,,0.0,300.0,5.0,75.0,,+914067822587,https://www.practo.com/hyderabad/hospital/dr-agarawal-s-eye-hopsital-secunderabad?referrer=hospital_listing,https://images1-fabric.practo.com/practices/659623/dr-agarawal-s-eye-hopsital-hyderabad-5a12cc80edaf2.jpg,VN,practo,,1.0,canonical,211,Q4,Q4-Sub-Q1,Upper-Mid Premium,0.311082
hosp_8387a7601aa1e1df,DR. HUSSAIN's ONLINe CLINIC,dr hussain s online clinic,Hyderabad,Hospital,Attapur,,17.361169300324555,78.4280514344573,8760a2585ffffff,,1.0,2.0,True,,300.0,300.0,5.0,23.0,,+914067822790,https://www.practo.com/hyderabad/hospital/saisurya-hospital-attapur?referrer=hospital_listing,https://images1-fabric.practo.com/practices/1180385/dr-hussain-s-online-clinic-hyderabad-5e9e977d6873b.jpg,active,practo,,1.0,canonical,212,Q4,Q4-Sub-Q1,Upper-Mid Premium,0.31093
hosp_ae3d7437493ec075,"Kamineni Orthopaedics, Kingkoti",kamineni orthopaedics kingkoti,Hyderabad,Hospital,King Koti,,17.39259,78.47973,8760a25b3ffffff,,6.0,11.0,True,,350.0,450.0,4.5,46.0,,+914067822408,https://www.practo.com/hyderabad/hospital/kamineni-hospitals-hyderguda?referrer=hospital_listing,https://images1-fabric.practo.com/virinchi-hospital-hyderabad-1465402139-5758431bc2883.jpg,VN,practo,,1.0,canonical,213,Q4,Q4-Sub-Q1,Upper-Mid Premium,0.31004
hosp_a7f34825e36d3944,Aravind Hospital,aravind hospital,Hyderabad,Hospital,Hayathnagar,,17.32769660943031,78.59837740659714,8760b5254ffffff,,2.0,1.0,True,,150.0,200.0,5.0,23.0,,+914067822433,https://www.practo.com/hyderabad/hospital/aravind-hospital-hayathnagar?referrer=hospital_listing,https://images1-fabric.practo.com/practices/795787/aravind-hospital-hyderabad-666971b3a581f.png,VN,practo,,1.0,canonical,214,Q4,Q4-Sub-Q1,Upper-Mid Premium,0.309911
hosp_1f73ca0819ac8127,Induss Hospital,induss hospital,Hyderabad,Hospital,Dilsukhnagar,,17.367607,78.53567,8760b52edffffff,,5.0,5.0,True,,0.0,500.0,,2.0,1985.0,+914045209753,https://www.practo.com/hyderabad/hospital/induss-hospital-dilsukh-nagar?referrer=hospital_listing,,VN,practo,,1.0,canonical,215,Q4,Q4-Sub-Q1,Upper-Mid Premium,0.3098
hosp_330c281c788fbaf0,Malla Reddy Narayana Multispeciality Hospital,malla reddy narayana multispeciality hospital,Hyderabad,Hospital,Jeedimetla,,17.543961402517418,78.43345642089844,8760b194effffff,,60.0,26.0,True,,0.0,700.0,3.5,59.0,2000.0,+918045682987,https://www.practo.com/hyderabad/hospital/narayana-health-hospital-jeedimetla?referrer=hospital_listing,https://images1-fabric.practo.com/practices/646087/malla-reddy-narayana-multispeciality-hospital-hyderabad-697448f95dff6.png,ABS,practo,,1.0,canonical,216,Q4,Q4-Sub-Q1,Upper-Mid Premium,0.309584
hosp_bea245be645ab176,Saluja Hospital,saluja hospital,Hyderabad,Hospital,Secunderabad,,17.43513,78.502943,8760b52c9ffffff,,5.0,4.0,True,,0.0,300.0,,3.0,1983.0,+914067822539,https://www.practo.com/hyderabad/hospital/saluja-hospital-secunderabad?referrer=hospital_listing,,VN,practo,,1.0,canonical,217,Q4,Q4-Sub-Q1,Upper-Mid Premium,0.309511
hosp_4399088187110d0b,Amrita ENT Head and Neck Hospital,amrita ent head neck hospital,Hyderabad,Hospital,KPHB,,17.488643029427,78.391616118607,8760a24b6ffffff,,2.0,2.0,False,,400.0,500.0,4.5,1212.0,,+914045206170,https://www.practo.com/hyderabad/hospital/amrita-ent-head-and-neck-hospital-kukatpally?referrer=hospital_listing,https://images1-fabric.practo.com/practices/690812/amrita-ent-head-and-neck-hospital-hyderabad-5b17b0059f83c.jpg,VN,practo,,1.0,canonical,218,Q4,Q4-Sub-Q1,Upper-Mid Premium,0.309056
hosp_dbd1749d42e771f0,Partha Dental  Skin Hair,partha dental skin hair,Hyderabad,Hospital,Gachibowli,,17.441307193361,78.359079689957,8760a24a6ffffff,,1.0,1.0,True,41.0,0.0,0.0,5.0,23.0,,+914049172575,https://www.practo.com/hyderabad/hospital/partha-dental-clinic-2-gachibowli-1?referrer=hospital_listing,https://images1-fabric.practo.com/practices/1261687/partha-dental-clinic-hyderabad-5d37e2440d716.png,VN,practo,,1.0,canonical,219,Q4,Q4-Sub-Q1,Upper-Mid Premium,0.30893
hosp_cddf42bab20521d6,City Super Speciality Dental Hospital,city super speciality dental hospital,Hyderabad,Hospital,Vidyanagar,,17.4029,78.50994,8760a25b6ffffff,,2.0,1.0,True,,200.0,200.0,4.5,236.0,,+914067822587,https://www.practo.com/hyderabad/hospital/city-super-speciality-dental-hospital-vidyanagar?referrer=hospital_listing,https://images1-fabric.practo.com/542ba82045628911af7aa209e00b49f3d6fd2afa92564.png,VN,practo,,1.0,canonical,220,Q4,Q4-Sub-Q1,Upper-Mid Premium,0.308561
hosp_5f82d5326d361360,Zoi Health,zoi health,Hyderabad,Hospital,Ameerpet,,17.43967835546,78.450697660446,8760a2590ffffff,,2.0,1.0,True,2.0,500.0,650.0,5.0,22.0,,+914041891798,https://www.practo.com/hyderabad/hospital/zoi-hospitals-ameerpet-ameerpet?referrer=hospital_listing,https://images1-fabric.practo.com/practices/1367652/zoi-hospitals-ameerpet-hyderabad-61ade530e7ced.jpg,VN,practo,,1.0,canonical,221,Q4,Q4-Sub-Q1,Upper-Mid Premium,0.308529
hosp_da3e2d67dc95837c,ApoKos Rehabilitation Hospital,apokos rehabilitation hospital,Hyderabad,Hospital,Jubilee Hills,,17.414482809297084,78.41369658708572,8760a259cffffff,,7.0,2.0,True,,500.0,700.0,5.0,12.0,2015.0,+914045209753,https://www.practo.com/hyderabad/hospital/apokos-rehabilitation-hospital-jubilee-hills-1?referrer=hospital_listing,https://images1-fabric.practo.com/apokos-rehabilitation-hospital-1467721334-577ba6764b4a7.jpg,VN,practo,,1.0,canonical,222,Q4,Q4-Sub-Q1,Upper-Mid Premium,0.308411
hosp_90a5ba49ab2454a4,Dr. Deenadayals ENT Care Centre,dr deenadayals ent care centre,Hyderabad,Hospital,Secunderabad,,17.447772,78.508984,8760b52cbffffff,,7.0,3.0,True,,800.0,800.0,4.5,128.0,,+918045680979,https://www.practo.com/hyderabad/hospital/dr-deenadayals-ent-care-centre-secunderabad-1?referrer=hospital_listing,https://images1-fabric.practo.com/practices/1181570/dr-deenadayals-ent-care-centre-hyderabad-64256c8944966.png,ABS,practo,,1.0,canonical,223,Q4,Q4-Sub-Q1,Upper-Mid Premium,0.308391
hosp_c959177c54d9e4c8,Himagiri Hospitals,himagiri hospitals,Hyderabad,Hospital,Gachibowli,,17.44219,78.35872,8760a24a6ffffff,,15.0,15.0,True,,0.0,550.0,4.0,1364.0,,+914048213521,https://www.practo.com/hyderabad/hospital/himagiri-hospitals-gachibowli-1?referrer=hospital_listing,https://images1-fabric.practo.com/himagiri-hospitals-hyderabad-1456926264-56d6ee38bd8b8.jpg,VN,practo,,1.0,canonical,224,Q4,Q4-Sub-Q1,Upper-Mid Premium,0.308289
hosp_3015361db89a942f,Sri Devi Maternity & Nursing Home,sri devi maternity nursing home,Hyderabad,Hospital,Warasiguda,,17.4225095,78.5167914,8760b52cdffffff,,3.0,5.0,True,,250.0,300.0,,9.0,1985.0,+914045209753,https://www.practo.com/hyderabad/hospital/sri-devi-maternity-nursing-home-warasiguda?referrer=hospital_listing,,VN,practo,,1.0,canonical,225,Q4,Q4-Sub-Q1,Upper-Mid Premium,0.308147
hosp_4d7f8a1e83b6568f,Dr. Smile Design Dental And Orthodontic Hospital,dr smile design dental orthodontic hospital,Hyderabad,Hospital,Jubilee Hills,,17.421435,78.40947,8760a259cffffff,,4.0,1.0,True,,0.0,500.0,5.0,20.0,,+914067822631,https://www.practo.com/hyderabad/hospital/dr-smile-design-dental-and-implant-centre-jubilee-hills?referrer=hospital_listing,https://images1-fabric.practo.com/5493dd9e99e2c96d6f2e7e1f705ab5e59c84a6dc009b2.jpg,VN,practo,,1.0,canonical,226,Q4,Q4-Sub-Q1,Upper-Mid Premium,0.307613
hosp_3a25c994a37d3e8b,Shri Krishna Multi Specilaity Dental Hospital,shri krishna multi specilaity dental hospital,Hyderabad,Hospital,Miyapur,,17.492793,78.352607,8760a24b3ffffff,,1.0,1.0,True,,200.0,200.0,5.0,22.0,,+914041891804,https://www.practo.com/hyderabad/hospital/shri-krishna-multispeciality-dental-hospital-yousufguda?referrer=hospital_listing,https://images1-fabric.practo.com/practices/652840/shri-krishna-multi-specilaity-dental-hospital-hyderabad-59673bae98a1e.jpg,VN,practo,,1.0,canonical,227,Q4,Q4-Sub-Q1,Upper-Mid Premium,0.307549
hosp_9469dfc8133dd6bb,Sai Sanjeevini Hospitals,sai sanjeevini hospitals,Hyderabad,Hospital,Kothapet,,17.360897,78.543209,8760b52edffffff,,8.0,5.0,True,,0.0,500.0,4.5,83.0,,+914041891805,https://www.practo.com/hyderabad/hospital/sai-sanjeevini-hospitals-kothapet?referrer=hospital_listing,https://images1-fabric.practo.com/sai-sanjeevini-hospitals-1441037088-55e47b20a7df1.jpg,VN,practo,,1.0,canonical,228,Q4,Q4-Sub-Q1,Upper-Mid Premium,0.307524
hosp_8fbb2bd1fd1d34e5,Mahaveer Hospital,mahaveer hospital,Hyderabad,Hospital,Masab Tank,,17.403249,78.457043,8760a2586ffffff,,10.0,8.0,True,,0.0,380.0,4.0,26.0,1978.0,+914045206002,https://www.practo.com/hyderabad/hospital/mahavir-hospital-masab-tank-1?referrer=hospital_listing,https://images1-fabric.practo.com/practices/642324/mahaveer-hospital-hyderabad-6662a9dac5207.png,VN,practo,,1.0,canonical,229,Q4,Q4-Sub-Q1,Upper-Mid Premium,0.307325
hosp_ab20b673332e7aee,Madhuri Hospital,madhuri hospital,Hyderabad,Hospital,Yousufguda,,17.43526,78.43433,8760a2591ffffff,,6.0,5.0,True,,0.0,450.0,4.5,93.0,,+914067822790,https://www.practo.com/hyderabad/hospital/madhuri-hospital-yousufguda-1?referrer=hospital_listing,https://images1-fabric.practo.com/54e5a6a34ffe264e0246b0449c2cdfc97c1c67b540d2c.JPG,VN,practo,,1.0,canonical,230,Q4,Q4-Sub-Q1,Upper-Mid Premium,0.307073
hosp_c77418b53b95a3bc,Brite Smile Super Speciality Dental Hospital,brite smile super speciality dental hospital,Hyderabad,Hospital,Malakpet,,17.375641773606752,78.4923443198204,8760a25b0ffffff,,4.0,1.0,True,,0.0,300.0,4.5,188.0,,+914067822495,https://www.practo.com/hyderabad/hospital/brite-smile-super-speciality-dental-hospital-charminar?referrer=hospital_listing,https://images1-fabric.practo.com/5343fc8deea14f48dfdca475e21f926b8a1fd6ffdab67.jpg,VN,practo,,1.0,canonical,231,Q4,Q4-Sub-Q1,Upper-Mid Premium,0.306973
hosp_8d84d93be50fdefa,Health Valley Hospital,health valley hospital,Hyderabad,Hospital,Kondapur,,17.464220862996,78.368151087486,8760a24b5ffffff,,3.0,3.0,True,,0.0,800.0,4.5,148.0,,+918068452138,https://www.practo.com/hyderabad/hospital/health-valley-hospital-kondapur?referrer=hospital_listing,https://images1-fabric.practo.com/practices/1320699/health-valley-hospital-hyderabad-602e1fc7df3db.png,ABS,practo,,1.0,canonical,232,Q4,Q4-Sub-Q1,Upper-Mid Premium,0.306505
hosp_c73fdb06e3139b03,Srikara Hospital,srikara hospital,Hyderabad,Hospital,Medipally,,17.4074717,78.5974274,8760b52e3ffffff,,7.0,6.0,True,,400.0,700.0,4.5,27.0,2013.0,+914049172582,https://www.practo.com/hyderabad/hospital/srikara-hospital-peerzadiguda-1-peerzadiguda?referrer=hospital_listing,https://images1-fabric.practo.com/practices/1420880/srikara-hospital-peerzadiguda-hyderabad-643a825dd4a4d.png,VN,practo,,1.0,canonical,233,Q4,Q4-Sub-Q1,Upper-Mid Premium,0.30579
hosp_1112b8c35bf23f48,Partha Dental  Skin Hair,partha dental skin hair,Hyderabad,Hospital,Suchitra Circle,,17.49978,78.47499,8760b1963ffffff,,2.0,1.0,True,41.0,0.0,0.0,5.0,20.0,,+914071963654,https://www.practo.com/hyderabad/hospital/partha-dental-skin-and-hair-suchitra-circle?referrer=hospital_listing,https://images1-fabric.practo.com/practices/1428109/partha-dental-skin-and-hair-hyderabad-649ac6015d85a.PNG,VN,practo,,1.0,canonical,234,Q4,Q4-Sub-Q1,Upper-Mid Premium,0.305652
hosp_9c73d1e63d2fa5fd,Partha Dental  Skin Hair,partha dental skin hair,Hyderabad,Hospital,Alwal,,17.5050794,78.5045789,8760b1962ffffff,,1.0,1.0,True,41.0,0.0,0.0,5.0,20.0,,+914048213514,https://www.practo.com/hyderabad/hospital/partha-dental-skin-and-hair-alwal?referrer=hospital_listing,https://images1-fabric.practo.com/practices/1428107/partha-dental-skin-and-hair-hyderabad-649ac5d8d7e24.PNG,ABS,practo,,1.0,canonical,235,Q4,Q4-Sub-Q1,Upper-Mid Premium,0.304672
hosp_8c1c3ed11049a456,Krishnaveni Hospital,krishnaveni hospital,Hyderabad,Hospital,Hayathnagar,,17.328635,78.599441,8760b5254ffffff,,6.0,8.0,True,,0.0,450.0,,4.0,2000.0,+914067822539,https://www.practo.com/hyderabad/hospital/krishnaveni-hospital-hayathnagar?referrer=hospital_listing,,VN,practo,,1.0,canonical,236,Q4,Q4-Sub-Q1,Upper-Mid Premium,0.304368
hosp_bcd3eb772b4b757e,Sowmya Hospital,sowmya hospital,Hyderabad,Hospital,Ram Nagar,,17.4096991,78.5083643,8760b52cdffffff,,2.0,2.0,True,,200.0,500.0,,,1981.0,+914049170225,https://www.practo.com/hyderabad/hospital/sowmya-hospital-1-ram-nagar?referrer=hospital_listing,https://images1-fabric.practo.com/practices/894406/sowmya-hospital-hyderabad-666ad0333a88c.png,VN,practo,,1.0,canonical,237,Q4,Q4-Sub-Q1,Upper-Mid Premium,0.304104
hosp_941147a3a3e71ee3,Oasis Fertility,oasis fertility,Hyderabad,Hospital,Gachibowli,,17.441864,78.35714,8760a24a6ffffff,,1.0,2.0,False,3.0,0.0,0.0,5.0,76.0,,+914048213521,https://www.practo.com/hyderabad/hospital/oasis-fertility-gachibowli?referrer=hospital_listing,https://images1-fabric.practo.com/practices/1129530/oasis-fertility-hyderabad-662cd39b75fde.png,RFA,practo,,1.0,canonical,238,Q4,Q4-Sub-Q1,Upper-Mid Premium,0.303769
hosp_2e203f11aa98bdc1,Siri Dental Hospital,siri dental hospital,Hyderabad,Hospital,Attapur,,17.354570742839186,78.4203565120697,8760a2585ffffff,,3.0,1.0,True,,0.0,300.0,5.0,18.0,,+914045209753,https://www.practo.com/hyderabad/hospital/siri-dental-hospital-attapur-1?referrer=hospital_listing,https://images1-fabric.practo.com/siri-dental-hospital-hyderabad-1464270634-5746ff2a66706.jpeg,VN,practo,,1.0,canonical,239,Q4,Q4-Sub-Q1,Upper-Mid Premium,0.303591
hosp_bda954107f0bcc48,Apollo Emergency Hospital,apollo emergency hospital,Hyderabad,Hospital,Kukatpally,,17.4941377,78.402933,8760a24b6ffffff,,17.0,13.0,True,4.0,400.0,1000.0,,5.0,,+914049172558,https://www.practo.com/hyderabad/hospital/apollo-emergency-hospital-kukatpally?referrer=hospital_listing,https://images1-fabric.practo.com/practices/1148398/apollo-emergency-hospital-hyderabad-59d75dc9285ce.jpg,VN,practo,,1.0,canonical,240,Q4,Q4-Sub-Q1,Upper-Mid Premium,0.30353
hosp_d4d41a550b498de4,K K Reddy Hospital,k k reddy hospital,Hyderabad,Hospital,KPHB,,17.491369746242,78.397315744128,8760a24b6ffffff,,6.0,4.0,False,,0.0,1000.0,4.5,908.0,,+918046810975,https://www.practo.com/hyderabad/hospital/k-k-reddy-chest-clinic-kphb?referrer=hospital_listing,https://images1-fabric.practo.com/practices/674679/k-k-reddy-chest-allergy-hospital-hyderabad-5d6a5decbebce.jpg,ABS,practo,,1.0,canonical,241,Q4,Q4-Sub-Q1,Upper-Mid Premium,0.303074
hosp_77981d12b8a2c570,Srujana Hospitals,srujana hospitals,Hyderabad,Hospital,Suchitra Circle,,17.5058278,78.4670149,8760b1963ffffff,,7.0,8.0,True,,200.0,350.0,4.5,39.0,,+914049172963,https://www.practo.com/hyderabad/hospital/srujana-hospitals-suchitra-circle?referrer=hospital_listing,https://images1-fabric.practo.com/practices/1238186/srujana-hospitals-hyderabad-5c23b642557f6.jpeg,VN,practo,,1.0,canonical,242,Q4,Q4-Sub-Q1,Upper-Mid Premium,0.303046
hosp_66e52efa7800e112,Vcare Multispeciality Hospital,vcare multispeciality hospital,Hyderabad,Hospital,Ameerpet,,17.438589,78.442659,8760a2591ffffff,,6.0,5.0,True,,0.0,500.0,,6.0,1995.0,+914067822609,https://www.practo.com/hyderabad/hospital/v-caremulti-speciality-hospital-ameerpet?referrer=hospital_listing,https://images1-fabric.practo.com/v-caremulti-speciality-hospital-hyderabad-1442145858-55f566426f8b3.png,VN,practo,,1.0,canonical,243,Q4,Q4-Sub-Q1,Upper-Mid Premium,0.302623
hosp_2562c5a70f4e9d06,"KIMS - Sunshine Hospitals, Begumpet",kims sunshine hospitals begumpet,Hyderabad,Hospital,Begumpet,,17.4439829,78.4720621,8760a2596ffffff,,10.0,16.0,True,,0.0,800.0,,3.0,,+914048213518,https://www.practo.com/hyderabad/hospital/kims-sunshine-hospitals-begumpet-begumpet?referrer=hospital_listing,https://images1-fabric.practo.com/practices/1524548/kims-sunshine-hospitals-begumpet-hyderabad-67c1675004dab.png,VN,practo,,1.0,canonical,244,Q4,Q4-Sub-Q1,Upper-Mid Premium,0.302579
hosp_497a2c5ac8803a55,Treatment Range Hospital,treatment range hospital,Hyderabad,Hospital,Kukatpally,,17.49358962224083,78.39841720029592,8760a24b6ffffff,,8.0,8.0,True,,0.0,1500.0,4.5,34.0,,+914041892133,https://www.practo.com/hyderabad/hospital/treatment-range-hospital-kukatpally?referrer=hospital_listing,https://images1-fabric.practo.com/practices/1277624/treatment-range-hospital-hyderabad-5e560045dc5f4.png,VN,practo,,1.0,canonical,245,Q4,Q4-Sub-Q1,Upper-Mid Premium,0.302446
hosp_45bc1ff682b7e269,Durgabai Deshmukh Hospital,durgabai deshmukh hospital,Hyderabad,Hospital,Vidyanagar,,17.401755,78.509931,8760a25b6ffffff,,11.0,7.0,True,,0.0,500.0,4.0,81.0,1953.0,+914067822362,https://www.practo.com/hyderabad/hospital/durgabai-deshmukh-hospital-vidyanagar-2?referrer=hospital_listing,https://images1-fabric.practo.com/durgabai-deshmukh-hospital-hyderabad-1442210814-55f663fe6e777.jpg,VN,practo,,1.0,canonical,246,Q4,Q4-Sub-Q1,Upper-Mid Premium,0.302365
hosp_f3e3d49ae48f07d5,Mythri Hospital,mythri hospital,Hyderabad,Hospital,Gudimalkapur,,17.382631758647,78.4301649547,8760a2580ffffff,,47.0,31.0,True,,0.0,1000.0,3.5,70.0,1998.0,+914071963653,https://www.practo.com/hyderabad/hospital/mythri-hospital-mehdipatnam-2-mehdipatnam-2?referrer=hospital_listing,https://images1-fabric.practo.com/practices/1394535/mythri-hospital-hyderabad-67c6a8f56b0a4.jpg,VN,practo,,1.0,canonical,247,Q4,Q4-Sub-Q1,Upper-Mid Premium,0.302298
hosp_0a7f0f6109071d03,K N M Smile Dental Hospital,k n m smile dental hospital,Hyderabad,Hospital,Chaitanyapuri,,17.372036231472,78.532133627051,8760b52e9ffffff,,1.0,1.0,True,,300.0,300.0,4.5,163.0,,+914049171962,https://www.practo.com/hyderabad/hospital/knm-smile-dental-hospital-chaitanyapuri?referrer=hospital_listing,https://images1-fabric.practo.com/practices/649635/k-n-m-smile-dental-hospital-hyderabad-5fc0a6b55de77.jpg,ABS,practo,,1.0,canonical,248,Q4,Q4-Sub-Q1,Upper-Mid Premium,0.301928
hosp_edd434fc4b7d6b1a,Balaji Hospital,balaji hospital,Hyderabad,Hospital,Kompally,,17.518426037748632,78.48216533660889,8760b1944ffffff,,10.0,8.0,True,,0.0,600.0,,9.0,2008.0,+914049170222,https://www.practo.com/hyderabad/hospital/balaji-hospital-kompally?referrer=hospital_listing,https://images1-fabric.practo.com/balaji-hospital-hyderabad-1487851897-58aed179a3d29.jpg,VN,practo,,1.0,canonical,249,Q4,Q4-Sub-Q1,Upper-Mid Premium,0.301843
hosp_4917046879788922,Star Multi Speciality Dental Clinic,star multi speciality dental clinic,Hyderabad,Hospital,Madinaguda,,17.494885318432,78.34075357765,8760a2486ffffff,,1.0,1.0,False,,500.0,500.0,5.0,76.0,,+914071964871,https://www.practo.com/hyderabad/hospital/charan-s-multi-speciality-dental-hospital-malakpet?referrer=hospital_listing,https://images1-fabric.practo.com/star-multi-speciality-dental-hospital-hyderabad-1477028036-5809a8c4256d0.jpg,ABS,practo,,1.0,canonical,250,Q4,Q4-Sub-Q1,Upper-Mid Premium,0.301769
hosp_7bb875e2a0039d76,Medone Hospitals,medone hospitals,Hyderabad,Hospital,Kompally,,17.512103024561654,78.4789252281189,8760b1963ffffff,,21.0,18.0,False,,500.0,900.0,4.5,121.0,,+918045680062,https://www.practo.com/hyderabad/hospital/medone-hospitals-kompally-1?referrer=hospital_listing,https://images1-fabric.practo.com/practices/1605437/medone-hospitals-hyderabad-67876490bec1f.png,ABS,practo,,1.0,canonical,251,Q4,Q4-Sub-Q1,Upper-Mid Premium,0.301341
hosp_3b5a50ec574712a0,"Magna Centres for Obesity,Diabetes & Endocrinology",magna centres for obesity diabetes endocrinology,Hyderabad,Hospital,Film Nagar,,17.4145248,78.4082109,8760a259dffffff,,1.0,2.0,True,,600.0,600.0,4.5,134.0,,+914041892132,https://www.practo.com/hyderabad/hospital/magnacode-jubilee-hills?referrer=hospital_listing,https://images1-fabric.practo.com/53885f94ef0e364e0a211faed6ec775b381c4b3b54168.jpg,VN,practo,,1.0,canonical,252,Q4,Q4-Sub-Q1,Upper-Mid Premium,0.301146
hosp_0e33e814f8c8c16b,Ozone Hospitals,ozone hospitals,Hyderabad,Hospital,Kothapet,,17.359404161468834,78.54498267173767,8760b52edffffff,,38.0,20.0,True,,0.0,800.0,4.0,302.0,,+918045883935,https://www.practo.com/hyderabad/hospital/ozone-hospitals-dilsukh-nagar-4?referrer=hospital_listing,https://images1-fabric.practo.com/ozone-hospitals-hyderabad-1477477724-5810855c372db.pNG,ABS,practo,,1.0,canonical,253,Q4,Q4-Sub-Q1,Upper-Mid Premium,0.300375
hosp_c0ea0651b86bbd7a,BirthRight by Rainbow,birthright rainbow,Hyderabad,Hospital,LB Nagar,,17.341797,78.55888,8760b5253ffffff,,2.0,1.0,False,4.0,500.0,500.0,5.0,71.0,,+914048213518,https://www.practo.com/hyderabad/hospital/birthright-by-rainbow-lb-nagar?referrer=hospital_listing,,VN,practo,,1.0,canonical,254,Q4,Q4-Sub-Q1,Upper-Mid Premium,0.300223
hosp_167fe88a6ed664f7,Asian Bariatrics Hospital,asian bariatrics hospital,Hyderabad,Hospital,Banjara Hills,,17.408047,78.451228,8760a2595ffffff,,2.0,3.0,True,,500.0,1000.0,5.0,14.0,,+914041891804,https://www.practo.com/hyderabad/hospital/asian-bariatrics-hospital-jubilee-hills-1?referrer=hospital_listing,https://images1-fabric.practo.com/asian-bariatricshospital-hyderabad-1487764550-58ad7c46b9089.jpg,VN,practo,,1.0,canonical,255,Q4,Q4-Sub-Q1,Upper-Mid Premium,0.299974
hosp_40d561e41c1303e5,G S S Hospital,g s s hospital,Hyderabad,Hospital,Boduppal,,17.4095923,78.5976532,8760b52e3ffffff,,3.0,5.0,True,,500.0,500.0,4.5,34.0,2016.0,+914041891806,https://www.practo.com/hyderabad/hospital/gss-hospital-boduppal?referrer=hospital_listing,https://images1-fabric.practo.com/practices/1194842/gss-hospital-hyderabad-5b2a2b9a76eda.jpg,VN,practo,,1.0,canonical,256,Q4,Q4-Sub-Q1,Upper-Mid Premium,0.299878
hosp_c9c6b5af24fd914f,Dr. Agarwal's Eye Hospital,dr agarwal s eye hospital,Hyderabad,Hospital,Punjagutta,,17.4298225,78.4506748,8760a2591ffffff,,11.0,1.0,False,,0.0,700.0,5.0,55.0,,+914067822587,https://www.practo.com/hyderabad/hospital/dr-agarwal-s-eye-hospital-punjagutta-1?referrer=hospital_listing,https://images1-fabric.practo.com/practices/1169922/dr-agarwal-s-eye-hospital-hyderabad-5a2651110294e.jpg,VN,practo,,1.0,canonical,257,Q4,Q4-Sub-Q1,Upper-Mid Premium,0.29949
hosp_499ff3b48c61bb99,Goodwill Hospital - Kidney And Surgical Centre,goodwill hospital kidney surgical centre,Hyderabad,Hospital,Banjara Hills,,17.405993,78.450897,8760a2595ffffff,,9.0,7.0,True,,200.0,500.0,,4.0,2007.0,+914067822495,https://www.practo.com/hyderabad/hospital/goodwill-hospital-kidney-and-surgical-centre-banjara-hills?referrer=hospital_listing,,VN,practo,,1.0,canonical,258,Q4,Q4-Sub-Q1,Upper-Mid Premium,0.299476
hosp_50261fd4efba83c1,Manas Eye Hospital,manas eye hospital,Hyderabad,Hospital,Moti Nagar,,17.45136,78.42441,8760a259effffff,,2.0,2.0,False,,200.0,250.0,4.5,530.0,2000.0,+914049170222,https://www.practo.com/hyderabad/hospital/manas-eye-hospital-moti-nagar-1?referrer=hospital_listing,,VN,practo,,1.0,canonical,259,Q4,Q4-Sub-Q1,Upper-Mid Premium,0.298784
hosp_caa5aa804184c2bb,Leela Hospital,leela hospital,Hyderabad,Hospital,Moti Nagar,,17.45537,78.42385,8760a259effffff,,1.0,1.0,True,,300.0,300.0,4.5,33.0,2005.0,+914041891805,https://www.practo.com/hyderabad/hospital/leela-hospital-moti-nagar?referrer=hospital_listing,,VN,practo,,1.0,canonical,260,Q4,Q4-Sub-Q1,Upper-Mid Premium,0.298748
hosp_02424b9cc4852808,Anandbagh Super Speciality Dental Hospital,anandbagh super speciality dental hospital,Hyderabad,Hospital,Malkajgiri,,17.45712420962248,78.5364317893982,8760b52caffffff,,1.0,1.0,True,,300.0,300.0,4.5,127.0,,+918037323918,https://www.practo.com/hyderabad/hospital/anandbagh-dental-hospital-malkajgiri?referrer=hospital_listing,https://images1-fabric.practo.com/practices/736152/anandbagh-super-speciality-dental-hospital-hyderabad-667509ff5cd21.png,VN,practo,,1.0,canonical,261,Q4,Q4-Sub-Q1,Upper-Mid Premium,0.2984
hosp_ab7929f72da53ba4,Cloudnine Hospital,cloudnine hospital,Hyderabad,Hospital,Hitech City,,17.4407417,78.3763277,8760a259bffffff,,10.0,2.0,True,,1100.0,1100.0,4.5,52.0,,+914049172582,https://www.practo.com/hyderabad/hospital/cloudnine-hospital-1-serilingampally?referrer=hospital_listing,https://images1-fabric.practo.com/practices/1432300/cloudnine-hospital-hyderabad-664ef5c7eebb4.png,ABS,practo,,1.0,canonical,262,Q4,Q4-Sub-Q1,Upper-Mid Premium,0.297472
hosp_d73f6581ee9d5bda,Shri Adithya Hospitals,shri adithya hospitals,Hyderabad,Hospital,Ecil,,17.50092978342904,78.59011888504028,8760b52d3ffffff,,6.0,5.0,True,,350.0,600.0,4.5,12.0,2011.0,+918047280759,https://www.practo.com/hyderabad/hospital/shri-adithya-hospitals-dammaiguda-main-road-ecil?referrer=hospital_listing,https://images1-fabric.practo.com/54d22bc3412b2eb7bce8dfd145a00ac1158adab279d05.jpg,ABS,practo,,1.0,canonical,263,Q4,Q4-Sub-Q1,Upper-Mid Premium,0.297426
hosp_b78a8759866dc350,Bhaskara Hospital,bhaskara hospital,Hyderabad,Hospital,SR Nagar,,17.434940461072674,78.44751119613647,8760a2591ffffff,,3.0,4.0,True,,0.0,400.0,,,1995.0,+914067822377,https://www.practo.com/hyderabad/hospital/bhaskara-hospital-ameerpet?referrer=hospital_listing,,VN,practo,,1.0,canonical,264,Q4,Q4-Sub-Q1,Upper-Mid Premium,0.297418
hosp_b27e50be2b43fe42,Care Hospital,care hospital,Hyderabad,Hospital,Nampally,,17.38565,78.4744,8760a25b1ffffff,,32.0,20.0,True,,0.0,700.0,4.0,97.0,,+914049170224,https://www.practo.com/hyderabad/hospital/care-hospital-nampally-nampally?referrer=hospital_listing,https://images1-fabric.practo.com/practices/642087/care-hospital-hyderabad-5c5acf5b62052.jpg,VN,practo,,1.0,canonical,265,Q4,Q4-Sub-Q1,Upper-Mid Premium,0.297197
hosp_8c4034dd4deb1f7e,Icon Hospitals,icon hospitals,Hyderabad,Hospital,Kukatpally,,17.4856752,78.3898381,8760a24b6ffffff,,15.0,18.0,True,,0.0,600.0,4.0,48.0,2011.0,+914045206002,https://www.practo.com/hyderabad/hospital/icon-hospitals-kukatpally?referrer=hospital_listing,https://images1-fabric.practo.com/practices/944329/icon-hospitals-hyderabad-5923e4d46173a.jpg,VN,practo,,1.0,canonical,266,Q4,Q4-Sub-Q1,Upper-Mid Premium,0.296947
hosp_eba21ef9612cd656,Partha Dental  Skin Hair,partha dental skin hair,Hyderabad,Hospital,Kushaiguda,,17.4800736,78.5781872,8760b52dcffffff,,1.0,1.0,True,41.0,0.0,0.0,5.0,15.0,,+914049172582,https://www.practo.com/hyderabad/hospital/partha-dental-skin-and-hair-kushaiguda?referrer=hospital_listing,https://images1-fabric.practo.com/practices/1428111/partha-dental-hyderabad-64ba3447c241a.PNG,ABS,practo,,1.0,canonical,267,Q4,Q4-Sub-Q1,Upper-Mid Premium,0.296727
hosp_843227e3f6ef6a44,Care & Cure Dental Hospital,care cure dental hospital,Hyderabad,Hospital,Bachupally,,17.527265609289,78.368768077344,8760a2494ffffff,,1.0,1.0,True,,100.0,100.0,5.0,15.0,,+914067822791,https://www.practo.com/hyderabad/hospital/care-cure-dental-hospital-bachupally-1?referrer=hospital_listing,https://images1-fabric.practo.com/practices/1145495/care-cure-dental-hospital-hyderabad-590ac2697f253.jpg,VN,practo,,1.0,canonical,268,Q4,Q4-Sub-Q1,Upper-Mid Premium,0.296727
hosp_e4beb05ef3d60b9e,Sundari Maternity and General Hospital,sundari maternity general hospital,Hyderabad,Hospital,Alwal,,17.502739,78.513212,8760b1966ffffff,,1.0,1.0,True,,0.0,0.0,,8.0,1987.0,+914067822587,https://www.practo.com/hyderabad/hospital/sundari-maternity-and-general-hospital-alwal-1?referrer=hospital_listing,https://images1-fabric.practo.com/practices/712547/sundari-maternity-and-general-hospital-hyderabad-665eca7c5d6aa.png,VN,practo,,1.0,canonical,269,Q4,Q4-Sub-Q1,Upper-Mid Premium,0.296476
hosp_d430c7afe0d8dd38,Oasis Fertility,oasis fertility,Hyderabad,Hospital,Uppal,,17.4013165,78.4400601,8760a2582ffffff,,2.0,2.0,True,3.0,0.0,0.0,5.0,13.0,,+918047285598,https://www.practo.com/hyderabad/hospital/oasis-fertility-uppal?referrer=hospital_listing,https://images1-fabric.practo.com/practices/1390763/oasis-fertility-hyderabad-662cd43c37f9f.png,RFA,practo,,1.0,canonical,270,Q4,Q4-Sub-Q1,Upper-Mid Premium,0.296186
hosp_c930639b94a0d1ad,Rukkus Dental Hospitals And Implant Center,rukkus dental hospitals implant center,Hyderabad,Hospital,Barkatpura,,17.394936,78.50053,8760a25b6ffffff,,4.0,1.0,True,,0.0,300.0,4.5,84.0,,+914067822305,https://www.practo.com/hyderabad/hospital/rukkus-dental-hospitals-barkatpura-1?referrer=hospital_listing,https://images1-fabric.practo.com/rukkus-dental-hospitals-and-implant-center-hyderabad-1475758061-57f647ededcb8.jpg,VN,practo,,1.0,canonical,271,Q4,Q4-Sub-Q1,Upper-Mid Premium,0.29576
hosp_d765cb79229a1ab8,Siris Hospital,siris hospital,Hyderabad,Hospital,Habsiguda,,17.4114223,78.544615799,8760b52eaffffff,,3.0,5.0,True,,0.0,500.0,,7.0,2000.0,+914067820361,https://www.practo.com/hyderabad/hospital/siris-hospital-habsiguda-1?referrer=hospital_listing,https://images1-fabric.practo.com/practices/629984/siris-hospital-hyderabad-667172eb1ae2e.png,VN,practo,,1.0,canonical,272,Q4,Q4-Sub-Q1,Upper-Mid Premium,0.295559
hosp_048ff1c9b421f881,Vishvayu Kerala Ayurvedic Hospital,vishvayu kerala ayurvedic hospital,Hyderabad,Hospital,Ameerpet,,17.437248747569,78.435122273821,8760a2591ffffff,,1.0,3.0,True,,300.0,300.0,5.0,12.0,,+914049174488,https://www.practo.com/hyderabad/hospital/vishvayu-kerala-ayurvedic-hospital-yousufguda?referrer=hospital_listing,https://images1-fabric.practo.com/practices/1234521/vishvayu-kerala-ayurvedic-hospital-hyderabad-666d750077694.png,VN,practo,,1.0,canonical,273,Q4,Q4-Sub-Q1,Upper-Mid Premium,0.295362
hosp_269f02700ba92a00,Sai Teja Hospital,sai teja hospital,Hyderabad,Hospital,Miyapur,,17.49472,78.35812,8760a24b3ffffff,,2.0,3.0,True,,100.0,500.0,4.5,69.0,,+914049170223,https://www.practo.com/hyderabad/hospital/sai-teja-hospital-miyapur?referrer=hospital_listing,https://images1-fabric.practo.com/54b116748c1edc05880f94b887c2ebf4a55d0cf4a1150.jpg,VN,practo,,1.0,canonical,274,Q4,Q4-Sub-Q1,Upper-Mid Premium,0.295226
hosp_4c55ac9e275cc2e8,Datta Sai Multi Speciality Dental Hospital,datta sai multi speciality dental hospital,Hyderabad,Hospital,Nallakunta,,17.3954869261383,78.50255012512207,8760a25b6ffffff,,2.0,1.0,False,,100.0,100.0,5.0,62.0,,+914049170222,https://www.practo.com/hyderabad/hospital/datta-sai-dental-hospital-nallakunta-1-1?referrer=hospital_listing,,VN,practo,,1.0,canonical,275,Q4,Q4-Sub-Q1,Upper-Mid Premium,0.295159
hosp_829f2666d8018a54,Woodlands Hospital,woodlands hospital,Hyderabad,Hospital,Barkatpura,,17.393070708965322,78.4975665807724,8760a25b0ffffff,,15.0,19.0,True,,0.0,1050.0,3.5,30.0,1978.0,+914045209753,https://www.practo.com/hyderabad/hospital/woodlands-hospital-kachiguda?referrer=hospital_listing,https://images1-fabric.practo.com/5541f50e46b54ae462413bafee936a375a30b92c8feed.JPG,VN,practo,,1.0,canonical,276,Q4,Q4-Sub-Q1,Upper-Mid Premium,0.294987
hosp_a5bf80e5cd60c68a,Sangeri's Multispeciality Dental Hospital,sangeri s multispeciality dental hospital,Hyderabad,Hospital,Sun city,,17.364939,78.395851,8760a258cffffff,,1.0,1.0,False,,100.0,100.0,5.0,63.0,,+914067822336,https://www.practo.com/hyderabad/hospital/sangeri-s-multispeciality-dental-hospital-rajendra-nagar?referrer=hospital_listing,,VN,practo,,1.0,canonical,277,Q4,Q4-Sub-Q1,Upper-Mid Premium,0.294778
hosp_73181932cf5e148d,Narmada Test Tube Baby and Speciality Center,narmada test tube baby speciality center,Hyderabad,Hospital,East Marredpally,,17.448362,78.517007,8760b52c8ffffff,,1.0,2.0,True,,400.0,400.0,4.5,82.0,,+914049172967,https://www.practo.com/hyderabad/hospital/narmada-test-tube-baby-laproscopy-center-east-marredpally?referrer=hospital_listing,https://images1-fabric.practo.com/narmada-test-tube-baby-laproscopy-center-hyderabad-1450372518-5672eda6c8c3f.jpg,VN,practo,,1.0,canonical,278,Q4,Q4-Sub-Q1,Upper-Mid Premium,0.294501
hosp_7f364ebd0ac70609,Sunridge Multispeciality Hospital,sunridge multispeciality hospital,Hyderabad,Hospital,Champapet,,17.34727691001137,78.51830054232954,8760b525affffff,,10.0,12.0,True,,600.0,900.0,,,,+914049170393,https://www.practo.com/hyderabad/hospital/sunridge-multispeciality-hopsital-saidabad?referrer=hospital_listing,https://images1-fabric.practo.com/practices/1439667/sunridge-multispeciality-hospital-hyderabad-65311ba7c1227.png,VN,practo,,1.0,canonical,279,Q4,Q4-Sub-Q1,Upper-Mid Premium,0.294447
hosp_a3bb2573241123ae,Ardent Dental Care and Implant Centre,ardent dental care implant centre,Hyderabad,Hospital,Narsingi,,17.395197698434,78.354230672121,8760a258bffffff,,1.0,1.0,True,,200.0,300.0,4.5,32.0,2010.0,+914071963654,https://www.practo.com/hyderabad/hospital/dentinova-dental-hospitals-nampally?referrer=hospital_listing,https://images1-fabric.practo.com/practices/721694/ardent-dental-care-and-implant-centre-hyderabad-5a1cfc66ba2c5.JPG,VN,practo,,1.0,canonical,280,Q4,Q4-Sub-Q1,Upper-Mid Premium,0.294238
hosp_c9a7b8be88113e86,Sai Siva Children Hospital,sai siva children hospital,Hyderabad,Hospital,Chanda Nagar,,17.4938043,78.3210398,8760a2480ffffff,,4.0,7.0,True,,0.0,200.0,,7.0,2008.0,+914067822616,https://www.practo.com/hyderabad/hospital/sai-siva-children-hospital-chanda-nagar?referrer=hospital_listing,,VN,practo,,1.0,canonical,281,Q3,,Premium,0.293873
hosp_bc1fee4488edf0ee,Maxi Vision Super Speciality Eye Hospital,maxi vision super speciality eye hospital,Hyderabad,Hospital,Dilsukhnagar,,17.373324,78.520931,8760b52e9ffffff,,2.0,1.0,True,,0.0,100.0,,,1991.0,+914045206002,https://www.practo.com/hyderabad/hospital/maxivision-hospital-dilsukh-nagar?referrer=hospital_listing,,VN,practo,,1.0,canonical,282,Q3,,Premium,0.293771
hosp_006d6cf8f98d1ad3,Sigma Hospital ,sigma hospital,Hyderabad,Hospital,Jeedimetla,,17.522002,78.443128,8760b1941ffffff,,7.0,5.0,True,,0.0,600.0,,6.0,2007.0,+914067822587,https://www.practo.com/hyderabad/hospital/sigma-hospital-jeedimetla?referrer=hospital_listing,https://images1-fabric.practo.com/sigma-hospital-hyderabad-1469029024-578f9aa05ffdd.png,VN,practo,,1.0,canonical,283,Q3,,Premium,0.293603
hosp_98906a015cdceaaa,Kirloskar Hospital,kirloskar hospital,Hyderabad,Hospital,Basheerbagh,,17.403668,78.47553,8760a25b3ffffff,,4.0,5.0,True,,300.0,1000.0,4.5,36.0,,+914067822539,https://www.practo.com/hyderabad/hospital/kirloskar-hospital-basheerbagh-1?referrer=hospital_listing,https://images1-fabric.practo.com/practices/697272/kirloskar-hospital-hyderabad-6663fb75a7abc.png,VN,practo,,1.0,canonical,284,Q3,,Premium,0.293176
hosp_4fba70fe57da7ede,FMS Dental Hospital,fms dental hospital,Hyderabad,Hospital,Koti,,17.385543501581,78.48014228046,8760a25b0ffffff,,3.0,1.0,True,7.0,0.0,500.0,,5.0,1994.0,+914041891805,https://www.practo.com/hyderabad/hospital/fms-dental-hospital-koti-2?referrer=hospital_listing,https://images1-fabric.practo.com/fms-dental-hospitals-koti-hyderabad-1478172772-581b2064b4ec9.png,VN,practo,,1.0,canonical,285,Q3,,Premium,0.292471
hosp_3665451b3106884b,Bloom Hospitals - Unit of Janapareddy,bloom hospitals unit janapareddy,Hyderabad,Hospital,Kompally,,17.52415543877241,78.48205804824829,8760b1944ffffff,,2.0,2.0,True,,400.0,500.0,4.5,65.0,,+914067822631,https://www.practo.com/hyderabad/hospital/bloom-hospitals-unit-of-janapareddy-kompally?referrer=hospital_listing,https://images1-fabric.practo.com/practices/1034345/bloom-hospitals-unit-of-janapareddy-hyderabad-5a0ab8f1cb27a.jpg,VN,practo,,1.0,canonical,286,Q3,,Premium,0.292455
hosp_249cbb51d799fcb2,Vasudha Hospital,vasudha hospital,Hyderabad,Hospital,Saroor Nagar,,17.354009,78.531478,8760b525affffff,,1.0,2.0,True,,100.0,200.0,4.5,15.0,2006.0,+912071531872,https://www.practo.com/hyderabad/hospital/vasudha-hospital-saroor-nagar?referrer=hospital_listing,,VN,practo,,1.0,canonical,287,Q3,,Premium,0.292337
hosp_e7c6432889e4d98e,Jaya Bhushan Hospitals,jaya bhushan hospitals,Hyderabad,Hospital,Mehdipatnam,,17.394695,78.438587,8760a2580ffffff,,3.0,4.0,True,,200.0,500.0,4.5,43.0,,+914049172575,https://www.practo.com/hyderabad/hospital/jaya-bhushan-hospitals-mehdipatnam?referrer=hospital_listing,,VN,practo,,1.0,canonical,288,Q3,,Premium,0.292283
hosp_35358c18e2e1e163,Al-Shifa Mother & Child Hospital,al shifa mother child hospital,Hyderabad,Hospital,Bandlaguda,,17.360243852558643,78.40344250202179,8760a25aaffffff,,3.0,5.0,True,,300.0,500.0,4.5,35.0,,+914049172581,https://www.practo.com/hyderabad/hospital/al-shifa-mother-and-child-hospital-langer-house?referrer=hospital_listing,https://images1-fabric.practo.com/556424b1b770a833ebc961730da4b738863290bc004cf.jpg,VN,practo,,1.0,canonical,289,Q3,,Premium,0.291873
hosp_83f696c92a09b92a,M M Hospital & Maternity Centre,m m hospital maternity centre,Hyderabad,Hospital,Mehdipatnam,,17.393315,78.444761,8760a2586ffffff,,3.0,2.0,True,,0.0,300.0,5.0,10.0,,+914067822616,https://www.practo.com/hyderabad/hospital/m-m-hospital-maternity-centre-mehdipatnam?referrer=hospital_listing,,VN,practo,,1.0,canonical,290,Q3,,Premium,0.291456
hosp_de825988a72f7a7c,FMS Dental Hospital,fms dental hospital,Hyderabad,Hospital,Jubilee Hills,,17.438041921378,78.398540241178,8760a2598ffffff,,3.0,1.0,True,,1000.0,1000.0,5.0,11.0,,+914041891805,https://www.practo.com/hyderabad/hospital/fms-dental-hospital-jubilee-hills-1?referrer=hospital_listing,https://images1-fabric.practo.com/fms-dental-hospital-jubilee-hills-hyderabad-1479303963-582c631bd219d.png,VN,practo,,1.0,canonical,291,Q3,,Premium,0.29142
hosp_1914a21ffdb4d1ff,Century Hospital,century hospital,Hyderabad,Hospital,Banjara Hills,,17.40723,78.44495,8760a2582ffffff,,23.0,23.0,True,,500.0,800.0,4.0,277.0,,+914049172968,https://www.practo.com/hyderabad/hospital/century-hospital-banjara-hills-3?referrer=hospital_listing,https://images1-fabric.practo.com/century-hospital-hyderabad-1480922961-584517513ef52.png,VN,practo,,1.0,canonical,292,Q3,,Premium,0.291211
hosp_00d6eddce085abe1,Premier Hospital,premier hospital,Hyderabad,Hospital,Mehadipatnam,,17.391719251542,78.426954746246,8760a2580ffffff,,26.0,16.0,False,,500.0,1500.0,4.5,52.0,,+918045683713,https://www.practo.com/hyderabad/hospital/premier-hospital-2-tolichowki?referrer=hospital_listing,https://images1-fabric.practo.com/practices/2171464/premier-hospital-hyderabad-6996df9193f53.jpg,ABS,practo,,1.0,canonical,293,Q3,,Premium,0.291158
hosp_210297e93f641b44,Sri Sai Indira Dental Hospital,sri sai indira dental hospital,Hyderabad,Hospital,Nallakunta,,17.4008797872454,78.51344425231218,8760a25b6ffffff,,1.0,1.0,False,,500.0,500.0,5.0,57.0,,+914041891800,https://www.practo.com/hyderabad/hospital/sri-sai-indira-dental-hospital-nallakunta-1-654073?referrer=hospital_listing,https://images1-fabric.practo.com/5316d8036a9af27707822768c9c9c00789bdb852cbeae.gif,VN,practo,,1.0,canonical,294,Q3,,Premium,0.291025
hosp_de1d091e08867516,Nova IVF Fertility,nova ivf fertility,Hyderabad,Hospital,Banjara Hills,,17.420407992434,78.450242874096,8760a2595ffffff,,2.0,2.0,False,1.0,750.0,750.0,5.0,52.0,,+914049174488,https://www.practo.com/hyderabad/hospital/nova-ivf-fertility-banjara-hills?referrer=hospital_listing,https://images1-fabric.practo.com/practices/1156813/nova-ivi-fertility-hyderabad-5dde46f6c38fa.jpg,VN,practo,,1.0,canonical,295,Q3,,Premium,0.290565
hosp_723ec5a70f7135ab,Mahesh Hospital  And Research Foundation,mahesh hospital research foundation,Hyderabad,Hospital,Himayat Nagar,,17.375127,78.500507,8760a25b4ffffff,,2.0,1.0,True,,0.0,200.0,,,1995.0,+914067822495,https://www.practo.com/hyderabad/hospital/mahesh-hospital-and-research-foundation-himayat-nagar-1?referrer=hospital_listing,https://images1-fabric.practo.com/practices/647811/mahesh-hospital-and-research-foundation-hyderabad-66686ddb61cb9.png,VN,practo,,1.0,canonical,296,Q3,,Premium,0.290437
hosp_eea0819751df04b9,Siva Eye Hospital,siva eye hospital,Hyderabad,Hospital,Dilsukhnagar,,17.369216,78.527793,8760b52e9ffffff,,3.0,1.0,False,,400.0,400.0,5.0,53.0,,+912071531872,https://www.practo.com/hyderabad/hospital/siva-eye-hospital-dilsukhnagar?referrer=hospital_listing,https://images1-fabric.practo.com/practices/1171263/siva-eye-hospital-hyderabad-5f608dba7d795.jpg,VN,practo,,1.0,canonical,297,Q3,,Premium,0.290259
hosp_fdb02663b8c2a356,Sri Sai Dental Hospital,sri sai dental hospital,Hyderabad,Hospital,Chanda Nagar,,17.495329836326,78.322762416847,8760a2486ffffff,,2.0,1.0,True,,400.0,400.0,4.5,64.0,,+918046802116,https://www.practo.com/hyderabad/hospital/sri-sai-dental-hospital-chanda-nagar-1?referrer=hospital_listing,https://images1-fabric.practo.com/practices/711785/sri-sai-dental-hospital-hyderabad-58e3d1279b241.jpg,ABS,practo,,1.0,canonical,298,Q3,,Premium,0.290256
hosp_9b40d8776f546e8a,"Continental Hospital, Hyderabad",continental hospital hyderabad,Hyderabad,Hospital,Nanakramguda,,17.4175264,78.3394579,8760a24a5ffffff,,34.0,23.0,False,,0.0,1500.0,,3.0,,+914049170378,https://www.practo.com/hyderabad/hospital/continental-hospital-hyderabad-nanakramguda?referrer=hospital_listing,,VN,practo,,1.0,canonical,299,Q3,,Premium,0.290109
hosp_a325eed02468050c,St.Theresa's Multy Specialty  Hospital,st theresa s multy specialty hospital,Hyderabad,Hospital,Erragadda,,17.45169,78.43786,8760a2593ffffff,,19.0,18.0,True,,200.0,550.0,4.0,42.0,,+914045208866,https://www.practo.com/hyderabad/hospital/st-theresa-hospital-erragadda-1?referrer=hospital_listing,https://images1-fabric.practo.com/st-theresa-hospital-hyderabad-1467026599-57710ca7975e1.jpg,VN,practo,,1.0,canonical,300,Q3,,Premium,0.290075
hosp_41a886718421f3f2,SV Super Speciality Hospital,sv super speciality hospital,Hyderabad,Hospital,Medchal,,17.558577271097,78.442358002067,8760b1943ffffff,,11.0,9.0,True,,500.0,800.0,,4.0,,+914045210358,https://www.practo.com/hyderabad/hospital/sv-super-speciality-hospital-ida-jeedimetla?referrer=hospital_listing,https://images1-fabric.practo.com/practices/1485306/sv-super-speciality-hospital-hyderabad-69745fe0c2329.png,ABS,practo,,1.0,canonical,301,Q3,,Premium,0.289604
hosp_f7e977a6ec33441e,Partha Dental Skin Hair,partha dental skin hair,Hyderabad,Hospital,Rajeev Nagar,,17.150247,79.6208687,87619b6deffffff,,1.0,1.0,True,,300.0,300.0,5.0,11.0,,+914049172582,https://www.practo.com/hyderabad/hospital/partha-dental-skin-and-hair-suchitra-circle-1?referrer=hospital_listing,https://images1-fabric.practo.com/practices/1429209/partha-dental-skin-and-hair-hyderabad-64a7ebf587fce.PNG,ABS,practo,,1.0,canonical,302,Q3,,Premium,0.289459
hosp_13f7826f751b30c7,Himabindu Multispeciality Hospital,himabindu multispeciality hospital,Hyderabad,Hospital,Sagar Road,,17.351169,78.50917,8760b525bffffff,,1.0,1.0,True,,500.0,500.0,,,1995.0,+914067822616,https://www.practo.com/hyderabad/hospital/himabindu-multispeciality-hospital-sagar-road?referrer=hospital_listing,,VN,practo,,1.0,canonical,303,Q3,,Premium,0.289457
hosp_402eb9c5a22686e8,Rainbow Children's Hospital,rainbow children s hospital,Hyderabad,Hospital,Financial District,,17.418921167953012,78.35392397398712,8760a24a4ffffff,,11.0,9.0,True,,0.0,1300.0,,,,+914049170377,https://www.practo.com/hyderabad/hospital/rainbow-children-s-hospital-financial-district?referrer=hospital_listing,https://images1-fabric.practo.com/practices/1458090/rainbow-children-s-hospital-birthright-hyderabad-6628bacdc83b8.jpg,VN,practo,,1.0,canonical,304,Q3,,Premium,0.289427
hosp_ec3d64f77cdce0bb,RamanaMoorthy Personnel Practice,ramanamoorthy personnel practice,Hyderabad,Hospital,Gachibowli,,17.41789,78.33992,8760a24a5ffffff,,1.0,,True,,600.0,600.0,5.0,12.0,,+914067822631,https://www.practo.com/hyderabad/hospital/hyderabad-oncology-associates-gachibowli?referrer=hospital_listing,https://images1-fabric.practo.com/5406073c65053038b857f401d483ef27b115d9cd5c9bd.jpg,VN,practo,,1.0,canonical,305,Q3,,Premium,0.289362
hosp_ab4f97591f6b12f1,Mayflower Hospital For Women And Children,mayflower hospital for women children,Hyderabad,Hospital,Trimulgherry,,17.482592719508276,78.55242848396301,8760b52d8ffffff,,4.0,5.0,True,,0.0,200.0,4.5,25.0,,+914067822744,https://www.practo.com/hyderabad/hospital/mayflower-hospital-for-women-and-children-trimulgherry?referrer=hospital_listing,https://images1-fabric.practo.com/mayflower-hospital-for-women-and-children-hyderabad-1443459803-560972db4954b,VN,practo,,1.0,canonical,306,Q3,,Premium,0.289223
hosp_95a250c49f36a4e5,Sreshta Sri Kamala Hospitals,sreshta sri kamala hospitals,Hyderabad,Hospital,Dilsukhnagar,,17.368248,78.522119,8760b525affffff,,13.0,4.0,True,,0.0,700.0,4.5,11.0,,+914071963653,https://www.practo.com/hyderabad/hospital/sreshta-sri-kamala-hospitals-dilsukhnagar?referrer=hospital_listing,https://images1-fabric.practo.com/practices/662073/sreshta-sri-kamala-hospitals-hyderabad-66191cc79d697.png,VN,practo,,1.0,canonical,307,Q3,,Premium,0.289207
hosp_0433989e6e0be063,Prasad Hospitals,prasad hospitals,Hyderabad,Hospital,Kukatpally,,17.494555,78.403582,8760a24b6ffffff,,4.0,7.0,True,,0.0,500.0,4.5,16.0,,+914067820361,https://www.practo.com/hyderabad/hospital/prasad-hospitals-kphb?referrer=hospital_listing,https://images1-fabric.practo.com/practices/1404909/prasad-hospital-hyderabad-6360d44d13687.jpeg,VN,practo,,1.0,canonical,308,Q3,,Premium,0.289129
hosp_6cb37b556ddb05ef,Go Hospital,go hospital,Hyderabad,Hospital,Jubilee Hills,,17.429071660428338,78.40979028493166,8760a259cffffff,,1.0,2.0,True,,650.0,650.0,4.5,54.0,,+914048213755,https://www.practo.com/hyderabad/hospital/go-clinic-shiv-health-care-jubilee-hills?referrer=hospital_listing,https://images1-fabric.practo.com/practices/1441855/go-hospital-hyderabad-65e82d1200f29.png,VN,practo,,1.0,canonical,309,Q3,,Premium,0.28912
hosp_4b88b0e2dad678fa,Apple Hospitals,apple hospitals,Hyderabad,Hospital,Yakutpura,,17.358952,78.494889,8760a25b5ffffff,,6.0,5.0,True,,0.0,400.0,,2.0,2011.0,+914067822616,https://www.practo.com/hyderabad/hospital/apple-hospital-yakutpura?referrer=hospital_listing,,VN,practo,,1.0,canonical,310,Q3,,Premium,0.289114
hosp_8d2215050c0a1843,Konaseema Hospitals,konaseema hospitals,Hyderabad,Hospital,Kukatpally,,17.48885536222951,78.40013265609741,8760a24b6ffffff,,2.0,2.0,True,,0.0,150.0,4.5,13.0,2010.0,+914067822495,https://www.practo.com/hyderabad/hospital/konaseema-hospitals-kukatpally?referrer=hospital_listing,,VN,practo,,1.0,canonical,311,Q3,,Premium,0.288902
hosp_540f3f8949cddbaf,Anaya Hospital,anaya hospital,Hyderabad,Hospital,Himayat Nagar,,17.399223809323,78.492459654808,8760a25b2ffffff,,6.0,8.0,True,,0.0,600.0,,9.0,2019.0,+914041891806,https://www.practo.com/hyderabad/hospital/anaya-hospital-himayat-nagar?referrer=hospital_listing,https://images1-fabric.practo.com/practices/1276329/anaya-hospital-hyderabad-61d3190b29356.jpg,VN,practo,,1.0,canonical,312,Q3,,Premium,0.288755
hosp_db0be70ddb16dc7d,Indo US Diabetes Research Center and Multi Specialty Hospital,indo us diabetes research center multi specialty hospital,Hyderabad,Hospital,Malakpet,,17.3726379,78.5006632,8760a25b4ffffff,,12.0,8.0,True,,0.0,500.0,,6.0,,+914045209753,https://www.practo.com/hyderabad/hospital/indo-us-multi-speciality-hospital-malakpet?referrer=hospital_listing,,VN,practo,,1.0,canonical,313,Q3,,Premium,0.288672
hosp_7a76fa5cdd4b5edb,Germanten Hospital ,germanten hospital,Hyderabad,Hospital,Mehdipatnam,,17.394584722844,78.435826909757,8760a2580ffffff,,6.0,11.0,True,,0.0,600.0,,2.0,,+914048213521,https://www.practo.com/hyderabad/hospital/germanten-hospital-mehdipatnam?referrer=hospital_listing,https://images1-fabric.practo.com/practices/1245620/germanten-hospital-hyderabad-5c778b9b6be21.jpg,VN,practo,,1.0,canonical,314,Q3,,Premium,0.288614
hosp_23386874beb0ee48,Maxivision Super Speciality Eye Hospital,maxivision super speciality eye hospital,Hyderabad,Hospital,Madhapur,,17.4504059,78.3824863,8760a259bffffff,,5.0,3.0,True,,0.0,500.0,4.5,31.0,,+914049170222,https://www.practo.com/hyderabad/hospital/maxivision-super-speciality-eye-hospital-madhapur?referrer=hospital_listing,https://images1-fabric.practo.com/practices/832958/maxivision-super-speciality-eye-hospital-hyderabad-6655ce208a3cf.png,VN,practo,,1.0,canonical,315,Q3,,Premium,0.288476
hosp_32f9c11be3c1e6f5,Srinivasa Hospital,srinivasa hospital,Hyderabad,Hospital,Narayanguda,,17.398640246295912,78.49186420440674,8760a25b2ffffff,,5.0,5.0,True,,300.0,500.0,,5.0,2011.0,+914045209753,https://www.practo.com/hyderabad/hospital/srinivasa-hospital-3-narayanguda?referrer=hospital_listing,,VN,practo,,1.0,canonical,316,Q3,,Premium,0.288265
hosp_7a4ddbf4f3a81a15,Pranadhara Super Speciality Hospital,pranadhara super speciality hospital,Hyderabad,Hospital,Chintal,,17.495204765907,78.452602028847,8760b196effffff,,19.0,20.0,True,,0.0,650.0,4.0,68.0,,+918045682794,https://www.practo.com/hyderabad/hospital/rnc-super-speciality-hospital-chintal?referrer=hospital_listing,https://images1-fabric.practo.com/practices/1434495/pranadhara-super-speciality-hospital-hyderabad-67a60067103f1.png,ABS,practo,,1.0,canonical,317,Q3,,Premium,0.288126
hosp_3f5bbe6e7d36623c,Kishan Rao Hospital,kishan rao hospital,Hyderabad,Hospital,Tilak Nagar,,17.394209,78.508053,8760a25b6ffffff,,6.0,2.0,True,,0.0,500.0,,,2005.0,+914067822616,https://www.practo.com/hyderabad/hospital/kishan-rao-hospital-tilak-nagar?referrer=hospital_listing,,VN,practo,,1.0,canonical,318,Q3,,Premium,0.288025
hosp_69ba7b20a7a73f55,Dr Teeth Multi Speciality Dental Hospital,dr teeth multi speciality dental hospital,Hyderabad,Hospital,KPHB,,17.490772,78.399954,8760a24b6ffffff,,1.0,1.0,True,,200.0,200.0,4.5,57.0,,+914045208867,https://www.practo.com/hyderabad/hospital/doctor-teeth-dental-clinic-kphb?referrer=hospital_listing,https://images1-fabric.practo.com/practices/1144140/dr-teeth-multi-speciality-dental-hospital-hyderabad-5910686a694cf.jpg,VN,practo,,1.0,canonical,319,Q3,,Premium,0.2878
hosp_db76135fed19bb9b,Vanaja Dental Hospital,vanaja dental hospital,Hyderabad,Hospital,Chanda Nagar,,17.494861,78.325477,8760a2486ffffff,,1.0,1.0,True,,100.0,100.0,5.0,10.0,,+914067822587,https://www.practo.com/hyderabad/hospital/vanaja-dental-hospital-chanda-nagar?referrer=hospital_listing,https://images1-fabric.practo.com/practices/640793/vanaja-dental-hospital-hyderabad-66694996a2118.png,VN,practo,,1.0,canonical,320,Q3,,Premium,0.287495
hosp_e7b6078d03b859c7,Renova Bibi Cancer Hospital,renova bibi cancer hospital,Hyderabad,Hospital,Malakpet,,17.370258408216,78.500618934631,8760a25b4ffffff,,13.0,7.0,True,,500.0,500.0,,2.0,,+914049170423,https://www.practo.com/hyderabad/hospital/renova-bibi-cancer-hospital-malakpet?referrer=hospital_listing,https://images1-fabric.practo.com/practices/1354107/renova-bibi-cancer-hospital-hyderabad-69eddb05b10a8.png,VN,practo,,1.0,canonical,321,Q3,,Premium,0.287476
hosp_2889700c4283969b,Vijaya Marie Hospital,vijaya marie hospital,Hyderabad,Hospital,Attapur,,17.3581549,78.4417015,8760a25a3ffffff,,2.0,2.0,True,,0.0,0.0,,,2001.0,+914067822433,https://www.practo.com/hyderabad/hospital/vijaya-marie-hospital-attapur?referrer=hospital_listing,,VN,practo,,1.0,canonical,322,Q3,,Premium,0.287437
hosp_8d5dc5d454470f65,Apple Multi Speciality Hospital,apple multi speciality hospital,Hyderabad,Hospital,Tolichowki,,17.398099,78.4132223,8760a2583ffffff,,4.0,5.0,True,,200.0,800.0,,8.0,2011.0,+914045209753,https://www.practo.com/hyderabad/hospital/apple-multi-speciality-hospital-tolichowki?referrer=hospital_listing,,VN,practo,,1.0,canonical,323,Q3,,Premium,0.287417
hosp_e2e9e7c80a54d799,FMS Dental Hospital,fms dental hospital,Hyderabad,Hospital,Secunderabad,,17.438968254905,78.505251926836,8760b52c9ffffff,,1.0,1.0,True,7.0,500.0,500.0,,7.0,1998.0,+914067820172,https://www.practo.com/hyderabad/hospital/fms-dental-hospital-secunderabad-1?referrer=hospital_listing,https://images1-fabric.practo.com/fms-dental-hospital-secunderabad-hyderabad-1478178472-581b36a867165.png,VN,practo,,1.0,canonical,324,Q3,,Premium,0.287265
hosp_84697efe2e5fbea5,Amrutham Ayurveda Hospital,amrutham ayurveda hospital,Hyderabad,Hospital,Dilsukhnagar,,17.367294033899,78.525460548699,8760b525affffff,,1.0,1.0,True,,500.0,500.0,,6.0,1998.0,+914048213520,https://www.practo.com/hyderabad/hospital/amrutham-ayurveda-hospital-punjagutta?referrer=hospital_listing,https://images1-fabric.practo.com/amrutham-ayurveda-hospital-hyderabad-1473240577-57cfde01d97de.jpg,VN,practo,,1.0,canonical,325,Q3,,Premium,0.287221
hosp_dfd1147ca790eff0,FMS Dental Hospital,fms dental hospital,Hyderabad,Hospital,Dilsukhnagar,,17.368762147556,78.525994790252,8760b52e9ffffff,,1.0,1.0,True,7.0,500.0,500.0,,2.0,1998.0,+914041891805,https://www.practo.com/hyderabad/hospital/fms-dental-hospital-dilsukhnagar?referrer=hospital_listing,https://images1-fabric.practo.com/fms-dental-hospital-hyderabad-1478179471-581b3a8f3e481.png,VN,practo,,1.0,canonical,326,Q3,,Premium,0.287045
hosp_ae7fbe27629fd2cb,Tx Hospitals- Therapy for every Illness,tx hospitals therapy for every illness,Hyderabad,Hospital,Kachiguda,,17.387032,78.4859337,8760a25b0ffffff,,8.0,9.0,True,2.0,600.0,600.0,,9.0,,+914049170423,https://www.practo.com/hyderabad/hospital/tx-hospitals-therapy-for-every-illness-kachiguda?referrer=hospital_listing,https://images1-fabric.practo.com/practices/1418943/tx-hospitals-therapy-for-every-illness-hyderabad-642534f0a0171.JPG,VN,practo,,1.0,canonical,327,Q3,,Premium,0.286883
hosp_9b3502f473633735,TKR's Ikon Hospital,tkr s ikon hospital,Hyderabad,Hospital,Dilsukhnagar,,17.369384,78.520968,8760b52e9ffffff,,6.0,10.0,True,,0.0,350.0,,8.0,,+914067822587,https://www.practo.com/hyderabad/hospital/tkr-s-ikon-hospital-dilsukhnagar?referrer=hospital_listing,,VN,practo,,1.0,canonical,328,Q3,,Premium,0.286878
hosp_9eae178f3e722728,Unik Care Hospital,unik care hospital,Hyderabad,Hospital,Mallepally,,17.390160455865082,78.46116900444031,8760a2586ffffff,,2.0,2.0,True,,200.0,300.0,,4.0,2002.0,+914049170423,https://www.practo.com/hyderabad/hospital/unik-care-hospital-mallepally?referrer=hospital_listing,,VN,practo,,1.0,canonical,329,Q3,,Premium,0.28678
hosp_d3bb3249a1ae51ed,Ankusha Dental Clinic,ankusha dental clinic,Hyderabad,Hospital,KPHB,,17.487940076064,78.391278470392,8760a24b6ffffff,,2.0,1.0,True,,300.0,500.0,4.5,47.0,,+918037323727,https://www.practo.com/hyderabad/hospital/ankura-dental-hospitall-kukatpally?referrer=hospital_listing,https://images1-fabric.practo.com/practices/837053/ankusha-dental-clinic-hyderabad-68ef4c0e9ae85.png,ABS,practo,,1.0,canonical,330,Q3,,Premium,0.286381
hosp_60087d89d5e98572,GSN Hospital,gsn hospital,Hyderabad,Hospital,Ameerpet,,17.441882,78.445243,8760a2593ffffff,,4.0,4.0,True,,0.0,300.0,,7.0,2010.0,+914067822539,https://www.practo.com/hyderabad/hospital/gsn-hospital-ameerpet?referrer=hospital_listing,,VN,practo,,1.0,canonical,331,Q3,,Premium,0.286206
hosp_946882e8f57fc8a3,Sunshine Hospitals,sunshine hospitals,Hyderabad,Hospital,Secunderabad,,17.44119962464,78.486891388893,8760a2596ffffff,,14.0,12.0,True,1.0,400.0,950.0,4.0,250.0,1995.0,+914071963653,https://www.practo.com/hyderabad/hospital/sunshine-hospital-secunderabad-1?referrer=hospital_listing,https://images1-fabric.practo.com/practices/777490/sunshine-hospitals-hyderabad-5c5be6105c44d.jpg,VN,practo,,1.0,canonical,332,Q3,,Premium,0.285846
hosp_d97d5ea8f22c530f,Sia Life Multi-speciality Hospital,sia life multi speciality hospital,Hyderabad,Hospital,Kondapur,,17.467642480287,78.366067441021,8760a24b5ffffff,,4.0,6.0,True,,0.0,500.0,4.5,13.0,,+914049174377,https://www.practo.com/hyderabad/hospital/sia-life-multi-speciality-hospital-kondapur?referrer=hospital_listing,https://images1-fabric.practo.com/practices/1359605/sia-life-multi-speciality-hospital-hyderabad-614ef435507b7.png,VN,practo,,1.0,canonical,333,Q3,,Premium,0.28553
hosp_980c58ed6c9bc573,KIMS Hospital,kims hospital,Hyderabad,Hospital,Secunderabad,,17.437089993625,78.483002185822,8760a2596ffffff,,7.0,9.0,True,,0.0,1000.0,,,,+914045206183,https://www.practo.com/hyderabad/hospital/kims-hospital-4-secunderabad-1?referrer=hospital_listing,https://images1-fabric.practo.com/practices/1231962/kims-hospital-hyderabad-66597b783c45b.png,VN,practo,,1.0,canonical,334,Q3,,Premium,0.285506
hosp_f3e490d9c992834f,Chenna Reddy Hospital,chenna reddy hospital,Hyderabad,Hospital,Chanda Nagar,,17.494168,78.321151,8760a2480ffffff,,1.0,1.0,True,,600.0,600.0,,,2000.0,+914067822433,https://www.practo.com/hyderabad/hospital/chenna-reddy-hospital-chanda-nagar?referrer=hospital_listing,https://images1-fabric.practo.com/practices/797625/chenna-reddy-hospital-hyderabad-6667de88ac054.png,VN,practo,,1.0,canonical,335,Q3,,Premium,0.28529
hosp_27c2a100d0729cd0,RR Hospitals,rr hospitals,Hyderabad,Hospital,Dammaiguda,,17.499813914537,78.592778269389,8760b52d3ffffff,,7.0,7.0,True,,300.0,600.0,,4.0,2022.0,+914048213517,https://www.practo.com/hyderabad/hospital/rr-hospitals-keesara?referrer=hospital_listing,https://images1-fabric.practo.com/practices/1429791/rr-hospitals-hyderabad-64b7cdb5adbd0.PNG,VN,practo,,1.0,canonical,336,Q3,,Premium,0.285015
hosp_923811ee98f42c63,Dr. Agarwal's Eye Hospital,dr agarwal s eye hospital,Hyderabad,Hospital,Santosh Nagar,,17.345501,78.508256,8760b525bffffff,,3.0,1.0,False,,300.0,300.0,5.0,46.0,,+914067822587,https://www.practo.com/hyderabad/hospital/dr-agarwals-eye-hospital-santosh-nagar?referrer=hospital_listing,https://images1-fabric.practo.com/practices/829281/dr-agarwals-eye-hospital-hyderabad-5a12cca109ceb.jpg,VN,practo,,1.0,canonical,337,Q3,,Premium,0.284974
hosp_3b921c2c05d9054d,Ritvik Kidney Centre And Androcare,ritvik kidney centre androcare,Hyderabad,Hospital,Habsiguda,,17.4182869,78.5432996,8760b52ccffffff,,1.0,3.0,True,,800.0,800.0,4.5,31.0,,+917969205191,https://www.practo.com/hyderabad/hospital/ritvik-kidney-centre-and-androcare-uppal?referrer=hospital_listing,https://images1-fabric.practo.com/practices/1246597/ritvik-kidney-centre-and-androcare-hyderabad-66d2acf265085.jpg,ABS,practo,,1.0,canonical,338,Q3,,Premium,0.284555
hosp_5c31139d46ca9707,"yashoda Hospital, secunderabad",yashoda hospital secunderabad,Hyderabad,Hospital,Secunderabad,,17.4416641,78.4965131,8760b52c9ffffff,,8.0,8.0,True,,0.0,800.0,,,,+914049170737,https://www.practo.com/hyderabad/hospital/yashoda-hospital-secunderabad-6-secunderabad-1?referrer=hospital_listing,https://images1-fabric.practo.com/practices/1264310/yashoda-hospital-secunderabad-hyderabad-6647402168975.png,VN,practo,,1.0,canonical,339,Q3,,Premium,0.284486
hosp_89ba190b579ca61b,Renova Hospitals,renova hospitals,Hyderabad,Hospital,Secunderabad,,17.60292206925013,78.47989385562512,8760b1953ffffff,,18.0,12.0,True,3.0,500.0,1000.0,4.0,25.0,,+918045680578,https://www.practo.com/hyderabad/hospital/renova-hospitals-secunderabad?referrer=hospital_listing,https://images1-fabric.practo.com/practices/1447411/renova-hospitals-hyderabad-659660620defd.jpeg,ABS,practo,,1.0,canonical,340,Q3,,Premium,0.283644
hosp_493de0236d803e73,Osmania Medical Hospital,osmania medical hospital,Hyderabad,Hospital,Afzalgunj,,17.3742889,78.4745851,8760a25b1ffffff,,9.0,7.0,True,,250.0,800.0,,,,+914048213436,https://www.practo.com/hyderabad/hospital/osmania-medical-hospital-afzalgunj?referrer=hospital_listing,https://images1-fabric.practo.com/practices/638713/osmania-medical-hospital-hyderabad-6672aaee45aa6.png,VN,practo,,1.0,canonical,341,Q3,,Premium,0.283467
hosp_293c050fca1a5e40,Maxwell Hospital,maxwell hospital,Hyderabad,Hospital,Moti Nagar,,17.454406727031,78.422018690617,8760a259effffff,,2.0,3.0,True,,400.0,400.0,4.5,25.0,,+914067822791,https://www.practo.com/hyderabad/hospital/maxwell-hospital-3-moti-nagar?referrer=hospital_listing,https://images1-fabric.practo.com/practices/1189180/maxwell-hospital-hyderabad-5b13685230dc2.jpeg,VN,practo,,1.0,canonical,342,Q3,,Premium,0.283262
hosp_af103e2ebbbde7b9,Sri Chakra Kerala Ayurvedic Hospital,sri chakra kerala ayurvedic hospital,Hyderabad,Hospital,Attapur,,17.366869085118,78.42844337225,8760a2585ffffff,,2.0,1.0,True,,0.0,300.0,4.5,35.0,,+914041891804,https://www.practo.com/hyderabad/hospital/sri-chakra-kerala-ayurvedic-hospital-attapur?referrer=hospital_listing,,VN,practo,,1.0,canonical,343,Q3,,Premium,0.282893
hosp_29a1014e8835cc84,Amrutha Hospital,amrutha hospital,Hyderabad,Hospital,Vidyanagar,,17.414034,78.51244,8760b52cdffffff,,1.0,1.0,True,,0.0,0.0,,,2003.0,+914067822617,https://www.practo.com/hyderabad/hospital/amrutha-hospital-vidyanagar?referrer=hospital_listing,,VN,practo,,1.0,canonical,344,Q3,,Premium,0.28279
hosp_34a42be45b20c4b5,Integro Hospital,integro hospital,Hyderabad,Hospital,Hyderabad,,17.3958181,78.4273195,8760a2580ffffff,,10.0,6.0,True,,0.0,700.0,,6.0,,+914049172967,https://www.practo.com/hyderabad/hospital/integro-hospital-hitech-city?referrer=hospital_listing,https://images1-fabric.practo.com/practices/1443167/integro-hospital-hyderabad-65609444cb15e.png,VN,practo,,1.0,canonical,345,Q3,,Premium,0.282711
hosp_f3c08324557a3041,The Deccan Hospital,deccan hospital,Hyderabad,Hospital,Somajiguda,,17.42488,78.45639,8760a2595ffffff,,23.0,17.0,True,,400.0,800.0,4.0,105.0,,+914045207865,https://www.practo.com/hyderabad/hospital/the-deccan-hospital-somajiguda?referrer=hospital_listing,https://images1-fabric.practo.com/practices/1131614/the-deccan-hospital-hyderabad-66d00da2d30b2.png,ABS,practo,,1.0,canonical,346,Q3,,Premium,0.281686
hosp_2361a987870c06c1,Maxivision Eye Hospital,maxivision eye hospital,Hyderabad,Hospital,Somajiguda,,17.4246962,78.4567287,8760a2595ffffff,,8.0,1.0,True,,200.0,200.0,4.5,17.0,,+914067822587,https://www.practo.com/hyderabad/hospital/maxivision-eye-hospital-somajiguda?referrer=hospital_listing,https://images1-fabric.practo.com/practices/643711/maxivision-eye-hospital-hyderabad-665aa59b6b9b5.png,VN,practo,,1.0,canonical,347,Q3,,Premium,0.281555
hosp_0815a1ddb17ccbd5,HYI Eye Care Hospital,hyi eye care hospital,Hyderabad,Hospital,Malakpet,,0.0,0.0,87754e64dffffff,,1.0,1.0,True,,150.0,150.0,4.5,33.0,,+914067822744,https://www.practo.com/hyderabad/hospital/hyi-eye-care-hospital-chikkadpally?referrer=hospital_listing,https://images1-fabric.practo.com/practices/1135810/hyi-eye-care-hospital-hyderabad-6663f9346c388.png,VN,practo,,1.0,canonical,348,Q3,,Premium,0.281248
hosp_11125e4f55e8e855,Chaitaya hospital,chaitaya hospital,Hyderabad,Hospital,Vanasthalipuram,,17.3363907,78.5694925,8760b5250ffffff,,1.0,1.0,True,,150.0,150.0,,,2005.0,+914067822616,https://www.practo.com/hyderabad/hospital/chaitanya-hospital-vanasthalipuram?referrer=hospital_listing,,VN,practo,,1.0,canonical,349,Q3,,Premium,0.281123
hosp_23f8f31de5904f34,Vijaya Nursing Home,vijaya nursing home,Hyderabad,Hospital,Vanasthalipuram,,17.33496,78.570456,8760b5250ffffff,,1.0,1.0,True,,300.0,300.0,,,2005.0,+914067822744,https://www.practo.com/hyderabad/hospital/vijaya-nursing-home-vanasthalipuram-1?referrer=hospital_listing,,VN,practo,,1.0,canonical,350,Q3,,Premium,0.281123
hosp_ac770ef9795d741d,Krishna Children's Hospital,krishna children s hospital,Hyderabad,Hospital,Lakdikapul,,17.402119,78.46236,8760a25b3ffffff,,1.0,1.0,False,,0.0,0.0,5.0,22.0,1998.0,+914067822609,https://www.practo.com/hyderabad/hospital/krishna-children-s-hospital-lakdikapul-2-2?referrer=hospital_listing,https://images1-fabric.practo.com/practices/644889/krishna-children-s-hospital-hyderabad-5b9fa9e921028.jpg,VN,practo,,1.0,canonical,351,Q3,,Premium,0.280882
hosp_a8b44ac0e8e1fafe,Pulse Hospital,pulse hospital,Hyderabad,Hospital,Padmarao Nagar,,17.421735634153865,78.5038161277771,8760b52c9ffffff,,2.0,2.0,True,,100.0,400.0,,2.0,2009.0,+914067822377,https://www.practo.com/hyderabad/hospital/pulse-hospital-padmarao-nagar?referrer=hospital_listing,https://images1-fabric.practo.com/practices/656878/pulse-hospital-hyderabad-593fbb3a76915.jpg,VN,practo,,1.0,canonical,352,Q3,,Premium,0.280859
hosp_4a43918e66c48b2f,Ushodaya Hospital,ushodaya hospital,Hyderabad,Hospital,Kishanbagh,,17.360492,78.435459,8760a2585ffffff,,2.0,1.0,True,,200.0,400.0,,2.0,2007.0,+914067822617,https://www.practo.com/hyderabad/hospital/ushodaya-hospital-kishanbagh?referrer=hospital_listing,https://images1-fabric.practo.com/practices/800029/ushodaya-hospital-hyderabad-66616d26d45d4.png,VN,practo,,1.0,canonical,353,Q3,,Premium,0.280525
hosp_b8c4ff6403a54fd7,"Yashoda Hospitals, Secunderabad.",yashoda hospitals secunderabad,Hyderabad,Hospital,Secunderabad,,17.44215,78.49705,8760b52c9ffffff,,7.0,9.0,True,2.0,0.0,650.0,4.0,1163.0,,+914049172967,https://www.practo.com/hyderabad/hospital/yashoda-hospital-19-secunderabad-1?referrer=hospital_listing,https://images1-fabric.practo.com/practices/1144419/yashoda-hospital-hyderabad-5dc9087cc8781.png,VN,practo,,1.0,canonical,354,Q3,,Premium,0.279939
hosp_3bbcf11939de8d50,Dr. Mohan's Diabetes Specialities Centre,dr mohan s diabetes specialities centre,Hyderabad,Hospital,Domalguda,,17.41125,78.483036,8760a2594ffffff,,8.0,3.0,False,2.0,500.0,700.0,5.0,13.0,1995.0,+914049170226,https://www.practo.com/hyderabad/hospital/dr-mohan-s-diabetes-specialities-centre-domalguda?referrer=hospital_listing,https://images1-fabric.practo.com/practices/741414/dr-mohan-s-diabetes-specialities-centre-hyderabad-5d1c9abe366f1.jpg,VN,practo,,1.0,canonical,355,Q3,,Premium,0.279902
hosp_68e03b566374d740,Rise Hospitals,rise hospitals,Hyderabad,Hospital,Attapur,,17.380767726927914,78.42961616814137,8760a2580ffffff,,3.0,3.0,True,,300.0,300.0,,6.0,2014.0,+914045206170,https://www.practo.com/hyderabad/hospital/rise-hospitals-attapur?referrer=hospital_listing,https://images1-fabric.practo.com/practices/858934/rise-hospitals-hyderabad-597081f4b2b76.jpg,VN,practo,,1.0,canonical,356,Q3,,Premium,0.279849
hosp_76379680b04dffc0,Vivek Hospital,vivek hospital,Hyderabad,Hospital,Saidabad,,17.359737,78.504575,8760b525bffffff,,7.0,6.0,True,,0.0,600.0,,7.0,,+914048212400,https://www.practo.com/hyderabad/hospital/vivek-hospital-saidabad-1?referrer=hospital_listing,https://images1-fabric.practo.com/practices/643941/vivek-hospital-hyderabad-5d8c54b631842.png,VN,practo,,1.0,canonical,357,Q3,,Premium,0.279814
hosp_2a05f6839ea2eaa7,Sree Dental Hospitals,sree dental hospitals,Hyderabad,Hospital,Kothapet,,17.367473228873244,78.54051679372787,8760b52edffffff,,2.0,1.0,False,,100.0,200.0,5.0,41.0,,+914067822495,https://www.practo.com/hyderabad/hospital/sree-dental-hospitals-kothapet?referrer=hospital_listing,https://images1-fabric.practo.com/52ea5c2c4c8366c851670beee739e6548d14e058a6211.jpg,VN,practo,,1.0,canonical,358,Q3,,Premium,0.27975
hosp_9302a6e0a7c906ca,Sunridge Multispeciality Hospital,sunridge multispeciality hospital,Hyderabad,Hospital,AS Rao Nagar,,17.480559933085146,78.55408480369319,8760b52d8ffffff,,7.0,6.0,True,,600.0,700.0,,2.0,,+914071964867,https://www.practo.com/hyderabad/hospital/sunridge-multispeciality-hopsital-as-rao-nagar?referrer=hospital_listing,https://images1-fabric.practo.com/practices/1439707/sunridge-multispeciality-hospital-hyderabad-65310b74bd2d4.png,VN,practo,,1.0,canonical,359,Q3,,Premium,0.279594
hosp_158ea714aed871c4,Sunseed Hospitals,sunseed hospitals,Hyderabad,Hospital,Ecil,,17.4800577,78.5803936,8760b52dcffffff,,7.0,6.0,True,,500.0,1000.0,,2.0,,+914048213514,https://www.practo.com/hyderabad/hospital/sunseed-hospitals-kushaiguda?referrer=hospital_listing,https://images1-fabric.practo.com/practices/1431793/sunseed-hospitals-hyderabad-64c767f34cd7a.jpeg,VN,practo,,1.0,canonical,360,Q3,,Premium,0.279594
hosp_ae11934ecd63dd70,Yashodha Hospital,yashodha hospital,Hyderabad,Hospital,Dilsukhnagar,,17.3687826,78.5246706,8760b52e9ffffff,,5.0,7.0,True,,0.0,250.0,,,,+914067822609,https://www.practo.com/hyderabad/hospital/yashodha-hospital-dilsukh-nagar?referrer=hospital_listing,https://images1-fabric.practo.com/practices/630801/yashodha-hospital-hyderabad-67a4997704f3b.png,VN,practo,,1.0,canonical,361,Q3,,Premium,0.279545
hosp_782e13d0a068db4e,Bapuji Hospital,bapuji hospital,Hyderabad,Hospital,Nacharam,,17.422757,78.546941,8760b52ccffffff,,5.0,7.0,True,,0.0,300.0,,,,+914049172582,https://www.practo.com/hyderabad/hospital/dr-ravisankar-reddy-nacharam?referrer=hospital_listing,https://images1-fabric.practo.com/practices/866342/bapuji-hospital-hyderabad-6655756e8bfd9.png,VN,practo,,1.0,canonical,362,Q3,,Premium,0.279545
hosp_cf7ce195dc21494b,Innova Hospital And Research Centre,innova hospital research centre,Hyderabad,Hospital,Tarnaka,,17.4290233,78.5331422,8760b52ccffffff,,7.0,6.0,True,,0.0,500.0,,,,+914067822433,https://www.practo.com/hyderabad/hospital/innova-hospital-tarnaka-1?referrer=hospital_listing,,VN,practo,,1.0,canonical,363,Q3,,Premium,0.279506
hosp_6b787a7633570c4d,AIG Hospital,aig hospital,Hyderabad,Hospital,Gachibowli,,17.443753383561,78.366841077805,8760a24a6ffffff,,76.0,34.0,True,,0.0,1000.0,3.5,341.0,,+914041891805,https://www.practo.com/hyderabad/hospital/aig-hospitals-gachibowli-3?referrer=hospital_listing,https://images1-fabric.practo.com/practices/1232720/aig-hospital-hyderabad-5c2758dd86ac5.png,VN,practo,,1.0,canonical,364,Q3,,Premium,0.279371
hosp_90aac9910888607f,Datta Saanvi Hospitals,datta saanvi hospitals,Hyderabad,Hospital,Old Bowenpally,,17.476514,78.480528,8760b1961ffffff,,1.0,2.0,True,,0.0,100.0,,4.0,2010.0,+914067822587,https://www.practo.com/hyderabad/hospital/datta-saanvi-hospitals-secunderabad?referrer=hospital_listing,,VN,practo,,1.0,canonical,365,Q3,,Premium,0.279133
hosp_189630753cbbeca3,omega Hospitals,omega hospitals,Hyderabad,Hospital,Gachibowli,,17.436431657287,78.367423521698,8760a24a6ffffff,,3.0,3.0,True,,0.0,1000.0,4.5,14.0,,+917969204876,https://www.practo.com/hyderabad/hospital/omega-hospital-gachibowli-1?referrer=hospital_listing,https://images1-fabric.practo.com/practices/1467346/omega-hospitals-hyderabad-66a0b0bf6983d.jpg,VN,practo,,1.0,canonical,366,Q3,,Premium,0.279098
hosp_03c86b8fafdce28a,Apoorva Hospital,apoorva hospital,Hyderabad,Hospital,Mehdipatnam,,17.391435137064043,78.43697413802147,8760a2580ffffff,,4.0,3.0,True,,0.0,500.0,4.5,12.0,,+914049170222,https://www.practo.com/hyderabad/hospital/apoorva-hospital-mehdipatnam-1?referrer=hospital_listing,https://images1-fabric.practo.com/55042b339dfe51e784fe1cde1def7ae22ac7d45fa0331.jpg,VN,practo,,1.0,canonical,367,Q3,,Premium,0.278965
hosp_66851af9df0cb162,Shalivahana Multi Speciality Hospital,shalivahana multi speciality hospital,Hyderabad,Hospital,Dilsukhnagar,,17.385044,78.486671,8760a25b0ffffff,,4.0,7.0,True,,0.0,500.0,,5.0,,+914067822587,https://www.practo.com/hyderabad/hospital/shalivahana-hospitality-dilsukh-nagar?referrer=hospital_listing,,VN,practo,,1.0,canonical,368,Q3,,Premium,0.278785
hosp_23b891513cd102a8,SuVitas - Post Hospitalisation Rehab,suvitas post hospitalisation rehab,Hyderabad,Hospital,Srinagar Colony,,17.42880903622407,78.4377372264862,8760a2591ffffff,,2.0,3.0,True,,0.0,0.0,,2.0,2014.0,+914067822480,https://www.practo.com/hyderabad/hospital/suvitas-post-hospitalisation-rehab-srinagar-colony?referrer=hospital_listing,https://images1-fabric.practo.com/practices/1148061/suvitas-hyderabad-594267671947f.jpg,VN,practo,,1.0,canonical,369,Q3,,Premium,0.278692
hosp_26b29e4ef1506114,Columbus Hospital - Institute of Psychiatry and Deaddiction,columbus hospital institute psychiatry deaddiction,Hyderabad,Hospital,Begumpet,,17.444006710401936,78.46503507345915,8760a2590ffffff,,2.0,2.0,True,,250.0,1000.0,4.0,1577.0,,+914048213520,https://www.practo.com/hyderabad/hospital/columbus-hospital-institute-of-psychiatry-and-deaddiction-begumpet-1?referrer=hospital_listing,https://images1-fabric.practo.com/5475a4a22937bba2cc3c0ce3ded7fee2824248145b9f3.jpg,VN,practo,,1.0,canonical,370,Q3,,Premium,0.278653
hosp_5909d9ba10f4750c,Suvidha Hospitals,suvidha hospitals,Hyderabad,Hospital,Kushaiguda,,17.475608390611,78.572089076042,8760b52dcffffff,,6.0,6.0,True,,0.0,800.0,,2.0,,+914041892135,https://www.practo.com/hyderabad/hospital/suvidha-hospitals-1-kushaiguda?referrer=hospital_listing,https://images1-fabric.practo.com/practices/1466996/suvidha-hospitals-hyderabad-685a7f5c128a0.jfif,VN,practo,,1.0,canonical,371,Q3,,Premium,0.278614
hosp_0e4c086a7263fbc5,Bbr Super Speciality Hospital,bbr super speciality hospital,Hyderabad,Hospital,Sun city,,17.36574,78.3834727,8760a258cffffff,,4.0,7.0,True,,0.0,200.0,,,,+914048213514,https://www.practo.com/hyderabad/hospital/bbr-super-speciality-hospital-sun-city?referrer=hospital_listing,,VN,practo,,1.0,canonical,372,Q3,,Premium,0.278565
hosp_2675c099c91fe7d3,Rainbow Children's Hospital,rainbow children s hospital,Hyderabad,Hospital,Himayat Nagar,,17.399319789905885,78.48594322800636,8760a25b3ffffff,,6.0,6.0,True,,0.0,950.0,,,,+914045208866,https://www.practo.com/hyderabad/hospital/rainbow-children-s-hospital-birthright-himayat-nagar?referrer=hospital_listing,https://images1-fabric.practo.com/practices/1458086/rainbow-children-s-hospital-birthright-hyderabad-662799fa0f99c.jpg,VN,practo,,1.0,canonical,373,Q3,,Premium,0.278525
hosp_917fc60879b6158e,SURAKSHA HOSPITALS,suraksha hospitals,Hyderabad,Hospital,Kompally,,17.516903261569,78.480476582556,8760b1944ffffff,,15.0,10.0,True,,300.0,500.0,4.0,22.0,,+914045208866,https://www.practo.com/hyderabad/hospital/suraksha-hospital-near-suchitra-kompally-kompally?referrer=hospital_listing,https://images1-fabric.practo.com/practices/1247243/suraksha-hospital-hyderabad-5cee61eece162.png,VN,practo,,1.0,canonical,374,Q3,,Premium,0.278216
hosp_8f02cec2f0d57ce3,FMS Dental Hospital,fms dental hospital,Hyderabad,Hospital,KPHB,,17.488075101919,78.399795514997,8760a24b6ffffff,,1.0,1.0,True,7.0,500.0,500.0,,9.0,2009.0,+914041891805,https://www.practo.com/hyderabad/hospital/fms-dental-hospital-kphb-1?referrer=hospital_listing,https://images1-fabric.practo.com/fms-dental-hospitals-hyderabad-1477394338-580f3fa2d1986.png,VN,practo,,1.0,canonical,375,Q3,,Premium,0.278187
hosp_d6b2d4a58828765f,Image Hospitals,image hospitals,Hyderabad,Hospital,Madhapur,,17.444416,78.386152,8760a259bffffff,,2.0,2.0,True,,650.0,1000.0,4.5,18.0,,+914041891797,https://www.practo.com/hyderabad/hospital/image-hospitals-madhapur-1?referrer=hospital_listing,https://images1-fabric.practo.com/practices/1181532/image-hospitals-hyderabad-6451ea7b67d1e.jpg,VN,practo,,1.0,canonical,376,Q3,,Premium,0.278163
hosp_935a9f1eeabc121c,Spark Eye Hospital,spark eye hospital,Hyderabad,Hospital,Malakpet,,17.37250085639604,78.50756049156189,8760a25b4ffffff,,2.0,2.0,True,,200.0,200.0,4.5,18.0,,+914067822631,https://www.practo.com/hyderabad/hospital/spark-eye-hospital-malakpet?referrer=hospital_listing,,VN,practo,,1.0,canonical,377,Q3,,Premium,0.278163
hosp_eccf906ca65b74de,KS Hospital,ks hospital,Hyderabad,Hospital,Old Bowenpally,,17.468980065760253,78.47801629453897,8760b1965ffffff,,3.0,3.0,True,,200.0,300.0,,4.0,2016.0,+914067822495,https://www.practo.com/hyderabad/hospital/ks-hospital-old-bowenpally-1?referrer=hospital_listing,https://images1-fabric.practo.com/practices/1146634/ks-hospital-hyderabad-593e856b7832f.jpg,VN,practo,,1.0,canonical,378,Q3,,Premium,0.278094
hosp_38ab5ed4f97901d9,Kamineni Hospitals,kamineni hospitals,Hyderabad,Hospital,LB Nagar,,17.35163,78.55596,8760b5253ffffff,,13.0,17.0,True,,0.0,800.0,4.0,59.0,,+914045206002,https://www.practo.com/hyderabad/hospital/kamineni-hospitals-lb-nagar?referrer=hospital_listing,,VN,practo,,1.0,canonical,379,Q3,,Premium,0.27792
hosp_5f07bc7b3edb4786,Aditya Hospital,aditya hospital,Hyderabad,Hospital,Uppal,,17.401583637306608,78.57560813426971,8760b52eeffffff,,27.0,17.0,True,,0.0,500.0,3.5,48.0,1987.0,+914067822480,https://www.practo.com/hyderabad/hospital/aditya-hospitals-uppal?referrer=hospital_listing,https://images1-fabric.practo.com/practices/761100/aditya-hospital-hyderabad-66584b33e26c1.png,VN,practo,,1.0,canonical,380,Q3,,Premium,0.277774
hosp_11c85c039bae6131,Janahita Hospital,janahita hospital,Hyderabad,Hospital,Jeedimetla,,17.491286,78.453563,8760b196effffff,,5.0,2.0,True,,0.0,200.0,3.5,12.0,1980.0,+914071963655,https://www.practo.com/hyderabad/hospital/janahita-hospital-jeedimetla-1?referrer=hospital_listing,https://images1-fabric.practo.com/practices/688279/janahita-hospital-hyderabad-6667dec59101d.png,VN,practo,,1.0,canonical,381,Q3,,Premium,0.277603
hosp_3841451c7ce3e0a7,Cloudnine Hospital,cloudnine hospital,Hyderabad,Hospital,Kokapet,,17.38789991230272,78.33508741278101,8760a2416ffffff,,9.0,4.0,True,2.0,1100.0,1200.0,,,,+914041891803,https://www.practo.com/hyderabad/hospital/cloudnine-hospital-6-kokapet?referrer=hospital_listing,https://images1-fabric.practo.com/practices/2188827/cloudnine-hospital-hyderabad-69f34aa79a446.png,ABS,practo,,1.0,canonical,382,Q3,,Premium,0.277467
hosp_9c727a3cdeca2471,Bristlecone Hospitals,bristlecone hospitals,Hyderabad,Hospital,Barkatpura,,17.390491,78.49469,8760a25b0ffffff,,20.0,17.0,True,,0.0,500.0,3.5,24.0,2010.0,+914049171962,https://www.practo.com/hyderabad/hospital/bristlecone-hospitals-barkatpura-1?referrer=hospital_listing,https://images1-fabric.practo.com/practices/769838/bristlecone-hospitals-hyderabad-5d6782cd924a5.jpg,VN,practo,,1.0,canonical,383,Q3,,Premium,0.277023
hosp_c7a16a7c7d84bc15,Venus Mother & Child Hospital,venus mother child hospital,Hyderabad,Hospital,Lal Bazaar,,17.477435,78.510673,8760b1964ffffff,,2.0,2.0,True,,200.0,200.0,,4.0,2014.0,+914067822433,https://www.practo.com/hyderabad/hospital/venus-hospital-trimulgherry?referrer=hospital_listing,,VN,practo,,1.0,canonical,384,Q3,,Premium,0.27678
hosp_860c19fde8069d7a,Mahatma Sri Ramachandra Centenary Memorial Hospital,mahatma sri ramachandra centenary memorial hospital,Hyderabad,Hospital,Vijaynagar Colony,,17.39474,78.45271,8760a2586ffffff,,1.0,2.0,True,,0.0,50.0,4.5,17.0,,+914067822616,https://www.practo.com/hyderabad/hospital/mahatma-sri-ramachandra-centenary-memorial-hospital-vijay-nagar-colony?referrer=hospital_listing,https://images1-fabric.practo.com/practices/644180/mahatma-sri-ramachandra-centenary-memorial-hospital-hyderabad-666c2b36e14f3.png,active,practo,,1.0,canonical,385,Q3,,Premium,0.276692
hosp_1bb8d80368ae2ec1,Cure Multispeciality Hospital,cure multispeciality hospital,Hyderabad,Hospital,Padmarao Nagar,,17.4220018,78.502078,8760b52c9ffffff,,2.0,2.0,True,,150.0,200.0,,,2014.0,+914067822433,https://www.practo.com/hyderabad/hospital/cure-multispeciality-hospital-padmarao-nagar?referrer=hospital_listing,https://images1-fabric.practo.com/practices/909521/cure-multispeciality-hospital-hyderabad-666a90ed2abda.png,VN,practo,,1.0,canonical,386,Q3,,Premium,0.276604
hosp_9e7fac851f4e763a,NHS Hospitals,nhs hospitals,Hyderabad,Hospital,Secunderabad,,17.46421461712,78.54274395897,8760b52ddffffff,,6.0,5.0,True,,600.0,1000.0,,,,+918037354260,https://www.practo.com/hyderabad/hospital/nhs-hospitals-secunderabad?referrer=hospital_listing,https://images1-fabric.practo.com/practices/1441864/nhs-hospitals-hyderabad-654a1f15ae75d.png,VN,practo,,1.0,canonical,387,Q3,,Premium,0.276525
hosp_c5b64f4bc14f7d60,FMS Dental Hospital,fms dental hospital,Hyderabad,Hospital,AS Rao Nagar,,17.477290538288,78.562598079443,8760b52dcffffff,,1.0,1.0,True,7.0,500.0,500.0,,7.0,2011.0,+914067820172,https://www.practo.com/hyderabad/hospital/fms-dental-hospital-a-s-rao-nagar?referrer=hospital_listing,https://images1-fabric.practo.com/fms-dental-hospital-a-s-rao-nagar-hyderabad-1478173863-581b24a801869.png,VN,practo,,1.0,canonical,388,Q3,,Premium,0.276432
hosp_03a4dee951306851,Apollo Spectra Hospital,apollo spectra hospital,Hyderabad,Hospital,Ameerpet,,17.43764,78.452614,8760a2590ffffff,,9.0,13.0,True,,480.0,1000.0,4.0,188.0,2003.0,+914048212400,https://www.practo.com/hyderabad/hospital/indo-us-superspeciality-hospital-ameerpet-1?referrer=hospital_listing,https://images1-fabric.practo.com/practices/1147587/apollo-spectra-hospital-hyderabad-6055c4b8b59ab.jpg,VN,practo,,1.0,canonical,389,Q3,,Premium,0.276119
hosp_4a6d2b8fd5f89588,Saijyothi Eye Hospital,saijyothi eye hospital,Hyderabad,Hospital,Kompally,,17.542653,78.492418,8760b1946ffffff,,3.0,1.0,False,1.0,400.0,500.0,5.0,36.0,,+918045682643,https://www.practo.com/hyderabad/hospital/saijyothi-eye-institute-kompally?referrer=hospital_listing,,ABS,practo,,1.0,canonical,390,Q3,,Premium,0.27602
hosp_e96a1dd53ad9b2e6,VSKs Sri Sai Superspeciality Dental Hospital and Hair Transplant Center,vsks sri sai superspeciality dental hospital hair transplant center,Hyderabad,Hospital,Uppal,,17.408314866447,78.556782379746,8760b52eaffffff,,2.0,2.0,True,,150.0,150.0,,5.0,2015.0,+914067822336,https://www.practo.com/hyderabad/hospital/vsks-sri-sai-superspeciality-dental-hospital-uppal?referrer=hospital_listing,,VN,practo,,1.0,canonical,391,Q3,,Premium,0.275991
hosp_17141c7579e602d3,Safe Hospitals,safe hospitals,Hyderabad,Hospital,KPHB,,17.486918775563865,78.39945942163467,8760a24b6ffffff,,3.0,2.0,True,,0.0,200.0,4.5,12.0,,+914067822453,https://www.practo.com/hyderabad/hospital/safe-hospitals-4-kphb?referrer=hospital_listing,https://images1-fabric.practo.com/safe-hospitals-hyderabad-1456996553-56d800c96abc1.jpg,VN,practo,,1.0,canonical,392,Q3,,Premium,0.275985
hosp_bc53ccedab70c704,My Nation Ayurvedic Village,my nation ayurvedic village,Hyderabad,Hospital,Chanchalguda,,17.36703804077571,78.50159794092178,8760a25b4ffffff,,2.0,2.0,True,,150.0,150.0,,3.0,2015.0,+914045209803,https://www.practo.com/hyderabad/hospital/my-nation-ayurvedic-village?referrer=hospital_listing,,VN,practo,,1.0,canonical,393,Q3,,Premium,0.275903
hosp_bda154b9271abf14,My Health Hospital,my health hospital,Hyderabad,Hospital,Kukatpally,,17.492903660211,78.4020685109,8760a24b6ffffff,,11.0,13.0,True,,0.0,800.0,4.0,32.0,,+914049170737,https://www.practo.com/hyderabad/hospital/my-health-hospitals-kukatpally?referrer=hospital_listing,https://images1-fabric.practo.com/practices/1433287/my-health-hospital-hyderabad-64e0d87d907a9.png,VN,practo,,1.0,canonical,394,Q3,,Premium,0.275718
hosp_d8c19ef557a1022f,Hegde Fertility,hegde fertility,Hyderabad,Hospital,Dilsukhnagar,,17.3709956544827,78.5146951675415,8760a25b4ffffff,,4.0,4.0,True,4.0,500.0,800.0,4.0,174.0,1977.0,+914049170136,https://www.practo.com/hyderabad/hospital/hegde-hospital-dilsukh-nagar?referrer=hospital_listing,https://images1-fabric.practo.com/practices/679426/hegde-fertility-hyderabad-64708b1239385.JPG,ABS,practo,,1.0,canonical,395,Q3,,Premium,0.275044
hosp_6c0293c5926212ea,Wellness Hospitals,wellness hospitals,Hyderabad,Hospital,Ameerpet,,17.436537259102,78.452709317207,8760a2590ffffff,,2.0,2.0,True,,500.0,500.0,4.5,12.0,,+918037324087,https://www.practo.com/hyderabad/hospital/wellness-hospital-ameerpet?referrer=hospital_listing,https://images1-fabric.practo.com/practices/1017996/wellness-hospitals-hyderabad-62de38459ea1a.jpg,VN,practo,,1.0,canonical,396,Q3,,Premium,0.275004
hosp_4f7b76eb21cb607c,Neodent Dental Hospital,neodent dental hospital,Hyderabad,Hospital,Mehdipatnam,,17.442699130706,78.543663024902,8760b52ceffffff,,4.0,1.0,True,,200.0,200.0,4.5,12.0,,+914041891806,https://www.practo.com/hyderabad/hospital/neodent-dental-hospital-mehdipatnam?referrer=hospital_listing,https://images1-fabric.practo.com/practices/1143860/neodent-dental-hospital-hyderabad-5902235fbac65.jpg,VN,practo,,1.0,canonical,397,Q3,,Premium,0.274965
hosp_8a92c1fb08de8756,Asian Vascular Hospital,asian vascular hospital,Hyderabad,Hospital,Banjara Hills,,17.408028218397,78.447602391243,8760a2595ffffff,,4.0,5.0,True,,800.0,1200.0,,7.0,,+918046810723,https://www.practo.com/hyderabad/hospital/asian-vascular-hospital-banjara-hills?referrer=hospital_listing,https://images1-fabric.practo.com/practices/1390589/asian-vascular-hospital-hyderabad-65438cc8c5835.png,ABS,practo,,1.0,canonical,398,Q3,,Premium,0.274873
hosp_08438e5652d90a89,Gleneagles Aware Hospital,gleneagles aware hospital,Hyderabad,Hospital,LB Nagar,,17.346301,78.540021,8760b525effffff,,19.0,16.0,True,1.0,630.0,750.0,4.0,121.0,,+914049173256,https://www.practo.com/hyderabad/hospital/aware-gleneagles-global-hospitals-lb-nagar?referrer=hospital_listing,https://images1-fabric.practo.com/practices/671126/gleneagles-aware-hospital-hyderabad-65e9698260394.png,VN,practo,,1.0,canonical,399,Q3,,Premium,0.274681
hosp_3b6ed03d53763d1a,UDBHAVA HOSPITALS,udbhava hospitals,Hyderabad,Hospital,Miyapur,,17.495254619957,78.357540270367,8760a24b3ffffff,,20.0,17.0,True,,0.0,800.0,3.5,17.0,,+914067820172,https://www.practo.com/hyderabad/hospital/udbhava-hospitals-miyapur?referrer=hospital_listing,https://images1-fabric.practo.com/practices/1246151/udbhava-hospitals-hyderabad-5e4cc04f0dea1.jpg,VN,practo,,1.0,canonical,400,Q3,,Premium,0.274617
hosp_bfdd828b39586afc,Shadan Hospital,shadan hospital,Hyderabad,Hospital,Gachibowli,,17.3522974,78.3705157,8760a258dffffff,,6.0,4.0,True,,0.0,500.0,,,,+914067822587,https://www.practo.com/hyderabad/hospital/shadan-hospital-gachibowli?referrer=hospital_listing,https://images1-fabric.practo.com/practices/656750/shadan-hospital-hyderabad-6666a6e7545ba.png,VN,practo,,1.0,canonical,401,Q3,,Premium,0.274525
hosp_d176ddbd552c2b14,Bhoomi Hospitals,bhoomi hospitals,Hyderabad,Hospital,Manikonda,,17.399776656789,78.371529579163,8760a258affffff,,15.0,13.0,True,,0.0,1000.0,4.0,48.0,,+918045682949,https://www.practo.com/hyderabad/hospital/bhoomi-hospitals-manikonda?referrer=hospital_listing,https://images1-fabric.practo.com/practices/1440831/bhoomi-hospitals-hyderabad-65d4030d2063a.jpg,ABS,practo,,1.0,canonical,402,Q3,,Premium,0.274447
hosp_38eb61edc1ac9451,Dr. Sridhar International Dental Hospitals,dr sridhar international dental hospitals,Hyderabad,Hospital,Serilingampally,,17.47701632963962,78.30709218978882,8760a2480ffffff,,1.0,1.0,True,,100.0,100.0,4.5,16.0,,+914067822336,https://www.practo.com/hyderabad/hospital/rushi-dental-care-erragadda1?referrer=hospital_listing,https://images1-fabric.practo.com/practices/779904/dr-sridhar-international-dental-hospitals-hyderabad-59b78e66ea6ad.jpg,VN,practo,,1.0,canonical,403,Q3,,Premium,0.274188
hosp_c17165f50d08ca21,Oracare Dental Hospital and Implant Centre,oracare dental hospital implant centre,Hyderabad,Hospital,Gandhinagar,,17.417505,78.4895349,8760a25b2ffffff,,2.0,1.0,True,,200.0,200.0,4.5,14.0,,+914045209803,https://www.practo.com/hyderabad/hospital/oracare-dental-hospital-and-implant-centre-malakpet?referrer=hospital_listing,https://images1-fabric.practo.com/practices/981559/oracare-dental-hospital-and-implant-centre-hyderabad-666c5682f0b57.png,VN,practo,,1.0,canonical,404,Q3,,Premium,0.274117
hosp_7048f0c16d4eedf8,Tirumala Hospital,tirumala hospital,Hyderabad,Hospital,Ramachandrapuram,,17.5132851,78.219741,8760b1b25ffffff,,3.0,5.0,True,,0.0,250.0,,5.0,,+914049170225,https://www.practo.com/hyderabad/hospital/tirumala-hospital-ramachandrapuram?referrer=hospital_listing,https://images1-fabric.practo.com/practices/859108/tirumala-hospital-hyderabad-66694877a60ed.png,VN,practo,,1.0,canonical,405,Q3,,Premium,0.273805
hosp_30c429656dbbc3f0,Mantra Kerali Ayurvedic Hospital,mantra kerali ayurvedic hospital,Hyderabad,Hospital,Saroor Nagar,,17.345067378752397,78.525410592556,8760b525affffff,,1.0,1.0,True,,0.0,0.0,,3.0,2014.0,+914067822336,https://www.practo.com/hyderabad/hospital/mantra-kerali-ayurvedic-hospital-champapet?referrer=hospital_listing,https://images1-fabric.practo.com/practices/817928/mantra-kerali-ayurvedic-hospital-hyderabad-58e36a07b0941.jpg,VN,practo,,1.0,canonical,406,Q3,,Premium,0.273756
hosp_c425ece9d8a6155e,Asian Institute Of Nephrology And Urology,asian institute nephrology urology,Hyderabad,Hospital,Secunderabad,,17.351359841745,78.513204523938,8760b525bffffff,,5.0,4.0,True,,0.0,0.0,,2.0,,+914049174377,https://www.practo.com/hyderabad/hospital/ainu-hospital-secunderabad?referrer=hospital_listing,https://images1-fabric.practo.com/practices/1438109/asian-institute-of-nephrology-and-urology-hyderabad-665eee05213af.png,VN,practo,,1.0,canonical,407,Q3,,Premium,0.273633
hosp_7f2b51ff150556aa,Pulse Hospital,pulse hospital,Hyderabad,Hospital,Jeedimetla,,17.507728,78.460258,8760b1945ffffff,,3.0,5.0,True,,200.0,450.0,,,,+914067822377,https://www.practo.com/hyderabad/hospital/pulse-hospital-balanagar?referrer=hospital_listing,https://images1-fabric.practo.com/practices/647645/pulse-hospital-hyderabad-66545c131af41.png,VN,practo,,1.0,canonical,408,Q3,,Premium,0.273584
hosp_264ab5e44774f1af,Siddarth Neuro Centre,siddarth neuro centre,Hyderabad,Hospital,Madinaguda,,17.494214764696935,78.3465126156807,8760a24b3ffffff,,10.0,9.0,True,,500.0,1500.0,4.0,925.0,,+917949108757,https://www.practo.com/hyderabad/hospital/siddarth-neuro-centre-chandra-nagar?referrer=hospital_listing,https://images1-fabric.practo.com/practices/1169963/siddarth-neuro-centre-hyderabad-5a3363e632bf2.jpg,ABS,practo,,1.0,canonical,409,Q3,,Premium,0.272992
hosp_09dce74e067dacf3,Shine Childrens Hospital,shine childrens hospital,Hyderabad,Hospital,LB Nagar,,17.348345,78.552339,8760b5253ffffff,,1.0,1.0,True,,200.0,200.0,,3.0,2015.0,+914041891804,https://www.practo.com/hyderabad/hospital/shine-children-s-hospital-lb-nagar?referrer=hospital_listing,https://images1-fabric.practo.com/shine-children-s-hospital-hyderabad-1482815934-5861f9be3f65c.jpg,VN,practo,,1.0,canonical,410,Q3,,Premium,0.272922
hosp_d3cf4a51cec9633d,Vasundhara Hospital,vasundhara hospital,Hyderabad,Hospital,Moosapet,,17.473368,78.421381,8760b196dffffff,,4.0,4.0,True,,0.0,500.0,,8.0,,+914067822495,https://www.practo.com/hyderabad/hospital/vasundhara-hospital-moosapet?referrer=hospital_listing,https://images1-fabric.practo.com/practices/641166/vasundhara-hospital-hyderabad-5b2a3d47566d1.JPG,VN,practo,,1.0,canonical,411,Q3,,Premium,0.272917
hosp_100e6ae58c760a9a,Koral Hospital,koral hospital,Hyderabad,Hospital,Ecil,,17.477087146353366,78.56934249401093,8760b52dcffffff,,4.0,4.0,True,,500.0,600.0,,7.0,,+914045210585,https://www.practo.com/hyderabad/hospital/koral-hospital-ecil?referrer=hospital_listing,https://images1-fabric.practo.com/practices/1163413/koral-hospital-for-women-and-children-hyderabad-690ce89eae90b.png,ABS,practo,,1.0,canonical,412,Q3,,Premium,0.272873
hosp_fd16146b332aaf1e,Lazarus Hospital,lazarus hospital,Hyderabad,Hospital,Khairatabad,,17.406421,78.461638,8760a2595ffffff,,2.0,5.0,True,,300.0,400.0,,5.0,,+914049170222,https://www.practo.com/hyderabad/hospital/lazarus-hospital-khairatabad?referrer=hospital_listing,https://images1-fabric.practo.com/practices/665627/lazarus-hospital-hyderabad-666993c37169c.png,VN,practo,,1.0,canonical,413,Q3,,Premium,0.272824
hosp_355e2d74113f5381,ARK Health Care,ark health care,Hyderabad,Hospital,Dilsukhnagar,,17.366182,78.525686,8760b525affffff,,4.0,4.0,True,,300.0,300.0,,4.0,,+914045208866,https://www.practo.com/hyderabad/hospital/ark-health-care-dilsukhnagar?referrer=hospital_listing,https://images1-fabric.practo.com/practices/1257640/ark-health-care-hyderabad-5ce7dd35e20d3.png,VN,practo,,1.0,canonical,414,Q3,,Premium,0.272741
hosp_d0905fa4424096ec,Pumega Hospital,pumega hospital,Hyderabad,Hospital,Erragadda,,17.447305044923315,78.4377908706665,8760a2593ffffff,,4.0,4.0,True,,0.0,500.0,,3.0,,+914067822443,https://www.practo.com/hyderabad/hospital/pumega-hospital-erragadda?referrer=hospital_listing,https://images1-fabric.practo.com/practices/644304/pumega-hospital-hyderabad-5a0d6fdc656c4.png,VN,practo,,1.0,canonical,415,Q3,,Premium,0.272697
hosp_69f784164ad145af,Image Hospitals,image hospitals,Hyderabad,Hospital,Ameerpet,,17.4314353,78.3766345,8760a2599ffffff,,3.0,4.0,True,,500.0,750.0,,7.0,,+914049172582,https://www.practo.com/hyderabad/hospital/image-hospitals-2-ameerpet-2?referrer=hospital_listing,https://images1-fabric.practo.com/practices/1422095/image-hospitals-hyderabad-66754fa270b05.png,VN,practo,,1.0,canonical,416,Q3,,Premium,0.271893
hosp_58296e577d01cfc4,Sri Hasini Hospital,sri hasini hospital,Hyderabad,Hospital,Jeedimetla,,17.5244765,78.427919,8760b194cffffff,,3.0,4.0,True,,0.0,350.0,,5.0,,+914041891805,https://www.practo.com/hyderabad/hospital/srihasini-clinic-kukatpally?referrer=hospital_listing,https://images1-fabric.practo.com/practices/1159970/sri-hasini-hospital-hyderabad-5d5a6672b4414.jpeg,VN,practo,,1.0,canonical,417,Q3,,Premium,0.271805
hosp_09ac91c8977dcef9,Bhaskara Hospital,bhaskara hospital,Hyderabad,Hospital,Jeedimetla,,17.51649,78.445745,8760b196affffff,,3.0,4.0,True,,0.0,150.0,,3.0,,+914067822374,https://www.practo.com/hyderabad/hospital/bhaskara-hospital-jeedimetla?referrer=hospital_listing,https://images1-fabric.practo.com/practices/667823/bhaskara-hospital-hyderabad-666194a6a8dc4.png,VN,practo,,1.0,canonical,418,Q3,,Premium,0.271716
hosp_fb0ca2607857f352,Sri Visista Super Speciality Ayurveda,sri visista super speciality ayurveda,Hyderabad,Hospital,Saroor Nagar,,17.362624663084,78.544494509697,8760b52edffffff,,7.0,2.0,True,1.0,300.0,500.0,,4.0,,+914045206171,https://www.practo.com/hyderabad/hospital/sri-visista-super-speciality-ayurveda-saroor-nagar?referrer=hospital_listing,https://images1-fabric.practo.com/practices/1192798/sri-visista-super-speciality-ayurveda-hyderabad-5b1109cbbfa3e.jpg,VN,practo,,1.0,canonical,419,Q3,,Premium,0.271682
hosp_d1bf657ad40ca75b,Trinity Multispeciality Hospital,trinity multispeciality hospital,Hyderabad,Hospital,Ecil,,17.465344,78.5547264,8760b52ddffffff,,3.0,4.0,True,,0.0,300.0,,,,+914049173256,https://www.practo.com/hyderabad/hospital/trinitymultispecialityhospital-ecil?referrer=hospital_listing,https://images1-fabric.practo.com/practices/1306290/trinity-multispeciality-hospital-hyderabad-666aabe6d0472.png,VN,practo,,1.0,canonical,420,Q3,,Premium,0.271584
hosp_420ad9de096990b0,Tricolor Hospital & Critical Care,tricolor hospital critical care,Hyderabad,Hospital,Bharat Nagar,,17.39382765981615,78.52261945924684,8760a25b6ffffff,,3.0,4.0,True,,600.0,600.0,,,,+914041891798,https://www.practo.com/hyderabad/hospital/tricolor-hospital-bharat-nagar?referrer=hospital_listing,https://images1-fabric.practo.com/practices/1611804/tricolor-hospital-hyderabad-67c1a794c8199.png,VN,practo,,1.0,canonical,421,Q3,,Premium,0.271584
hosp_60d9a31c49b20335,Sri Santosh Hospital,sri santosh hospital,Hyderabad,Hospital,AS Rao Nagar,,17.4795195,78.5535766,8760b52d8ffffff,,4.0,3.0,True,,0.0,200.0,,7.0,,+914067822433,https://www.practo.com/hyderabad/hospital/sri-santosh-hospital-as-rao-nagar-1?referrer=hospital_listing,,VN,practo,,1.0,canonical,422,Q3,,Premium,0.270873
hosp_984e1a4d6a085d7d,Sri Harsha Ayurvedic Hospital,sri harsha ayurvedic hospital,Hyderabad,Hospital,Kothapet,,17.366464614880467,78.53954583406448,8760b52edffffff,,1.0,1.0,True,,300.0,300.0,4.0,15.0,2002.0,+914041891804,https://www.practo.com/hyderabad/hospital/sri-harsha-ayurvedic-hospital-saroor-nagar?referrer=hospital_listing,https://images1-fabric.practo.com/practices/1132271/sri-harsha-ayurvedic-hospital-hyderabad-59f2d0b7436a1.jpg,VN,practo,,1.0,canonical,423,Q3,,Premium,0.270613
hosp_3242cc0a4460d49a,Kamineni Fertility Centre,kamineni fertility centre,Hyderabad,Hospital,King Koti,,17.3930831,78.480035,8760a25b3ffffff,,4.0,3.0,True,,0.0,500.0,,,,+914067822790,https://www.practo.com/hyderabad/hospital/kamineni-fertility-centre-king-koti?referrer=hospital_listing,,VN,practo,,1.0,canonical,424,Q3,,Premium,0.270565
hosp_4130d0fe37345d16,Preeti Urology and Kidney Hospital,preeti urology kidney hospital,Hyderabad,Hospital,Kondapur,,17.4879651,78.3822011,8760a24b0ffffff,,3.0,3.0,True,,30.0,600.0,,8.0,,+914049172578,https://www.practo.com/hyderabad/hospital/preeti-urology-kidney-hospital-kondapur?referrer=hospital_listing,https://images1-fabric.practo.com/practices/1402778/preeti-urology-kidney-hospital-hyderabad-633c097ea0b67.jpg,VN,practo,,1.0,canonical,425,Q3,,Premium,0.269937
hosp_5e62f6c102b67f0c,S.V.K. Hospital,s v k hospital,Hyderabad,Hospital,Jeedimetla,,17.511935,78.446563,8760b196affffff,,3.0,3.0,True,,0.0,300.0,,4.0,,+914071964866,https://www.practo.com/hyderabad/hospital/s-v-k-hospital-jeedimetla?referrer=hospital_listing,,VN,practo,,1.0,canonical,426,Q3,,Premium,0.26976
hosp_e996da80f08f57a2,Seasons Hospitals ,seasons hospitals,Hyderabad,Hospital,Amberpet,,17.389818,78.512844,8760a25b6ffffff,,3.0,3.0,True,,0.0,100.0,,,,+914067822616,https://www.practo.com/hyderabad/hospital/seasons-hospitals-amberpet?referrer=hospital_listing,,VN,practo,,1.0,canonical,427,Q3,,Premium,0.269584
hosp_7499b4c8be6d77dd,Sameer Hospital,sameer hospital,Hyderabad,Hospital,Asif Nagar,,17.39378738688033,78.44502210617065,8760a2586ffffff,,3.0,3.0,True,,0.0,250.0,,,,+914067822790,https://www.practo.com/hyderabad/hospital/m-m-hospital-1-asif-nagar?referrer=hospital_listing,https://images1-fabric.practo.com/practices/779274/sameer-hospital-hyderabad-666ac4676cae0.png,VN,practo,,1.0,canonical,428,Q3,,Premium,0.269584
hosp_d527be43d4f002ff,Vasan Eye Care,vasan eye care,Hyderabad,Hospital,Ameerpet,,17.431898,78.4430501,8760a2591ffffff,,5.0,2.0,True,,0.0,0.0,,,,+914049170223,https://www.practo.com/hyderabad/hospital/vasan-eye-care-ameerpet-1?referrer=hospital_listing,,VN,practo,,1.0,canonical,429,Q3,,Premium,0.269545
hosp_1c2a015cd1fecf67,Usha Mullapudi Cardiac Centre,usha mullapudi cardiac centre,Hyderabad,Hospital,Jeedimetla,,17.52086,78.429415,8760b194cffffff,,2.0,3.0,True,,300.0,500.0,,8.0,,+914041891802,https://www.practo.com/hyderabad/hospital/usha-mullapudi-cardiac-centre-jeedimetla?referrer=hospital_listing,https://images1-fabric.practo.com/53be660037e55fd456406745d816a45cae554c788e754.jpg,VN,practo,,1.0,canonical,430,Q3,,Premium,0.268956
hosp_12dffb2954dd32a7,ASR Hospital,asr hospital,Hyderabad,Hospital,Attapur,,17.364963,78.420335,8760a2585ffffff,,2.0,3.0,True,,200.0,400.0,,6.0,,+914067822539,https://www.practo.com/hyderabad/hospital/asr-multispeciality-clinic-attapur?referrer=hospital_listing,https://images1-fabric.practo.com/practices/692287/asr-hospital-hyderabad-6662bf2ca1de5.png,VN,practo,,1.0,canonical,431,Q3,,Premium,0.268868
hosp_efc30ffbd07702b3,Aroha Aesthetics,aroha aesthetics,Hyderabad,Hospital,Gachibowli,,17.421396323169947,78.38495679925215,8760a2599ffffff,,2.0,3.0,True,,750.0,750.0,,5.0,,+914049173256,https://www.practo.com/hyderabad/hospital/aroha-aesthetics-clinic-ranga-reddy-nagar?referrer=hospital_listing,https://images1-fabric.practo.com/practices/2079810/aroha-aesthetics-hyderabad-688212ca0d8c8.png,VN,practo,,1.0,canonical,432,Q3,,Premium,0.268824
hosp_2111cc506fd72563,TX Children's Hospital,tx children s hospital,Hyderabad,Hospital,Banjara Hills,,17.407719884630865,78.4434000150215,8760a2582ffffff,,4.0,2.0,True,,500.0,800.0,,3.0,,+914049170377,https://www.practo.com/hyderabad/hospital/tx-mother-child-banjara-hills?referrer=hospital_listing,https://images1-fabric.practo.com/practices/1435297/tx-children-s-hospital-hyderabad-64f2c569ae8ec.png,VN,practo,,1.0,canonical,433,Q3,,Premium,0.268697
hosp_7d94fb770a9316c8,Eureka Hospital,eureka hospital,Hyderabad,Hospital,Beeramguda,,17.509790670254,78.299311918672,8760a2483ffffff,,2.0,3.0,True,,350.0,450.0,,2.0,,+914067822616,https://www.practo.com/hyderabad/hospital/eureka-hospital-beeramguda?referrer=hospital_listing,https://images1-fabric.practo.com/practices/1163412/eureka-hospital-hyderabad-6662d45a218d6.png,VN,practo,,1.0,canonical,434,Q3,,Premium,0.268692
hosp_dd94dd755d577101,HPC Gynaecology and Maternity Centre,hpc gynaecology maternity centre,Hyderabad,Hospital,Habsiguda,,17.417303102164016,78.54123830795288,8760b52ccffffff,,2.0,3.0,True,,0.0,500.0,,2.0,,+914041891806,https://www.practo.com/hyderabad/hospital/hpc-gynaecology-and-maternity-centre-habsiguda?referrer=hospital_listing,https://images1-fabric.practo.com/practices/1160998/habsiguda-polyclinic-hyderabad-5ab357a3d3ab0.jpg,VN,practo,,1.0,canonical,435,Q3,,Premium,0.268692
hosp_9c49f9f089ba535e,Srikara Hospitals,srikara hospitals,Hyderabad,Hospital,Attapur,,17.375881115945,78.429124653339,8760a2580ffffff,,2.0,3.0,True,4.0,500.0,500.0,,,,+914045208866,https://www.practo.com/hyderabad/hospital/srikara-hospital-attapur?referrer=hospital_listing,https://images1-fabric.practo.com/practices/1447542/srikara-hospitals-hyderabad-665af5f03ee8d.png,VN,practo,,1.0,canonical,436,Q3,,Premium,0.268604
hosp_64b4b9e01aab8fac,Life Line Hospital,life line hospital,Hyderabad,Hospital,Begumpet,,17.4408271,78.4972034,8760b52c9ffffff,,2.0,3.0,True,,200.0,400.0,,,,+914067822495,https://www.practo.com/hyderabad/hospital/life-line-14-begumpet?referrer=hospital_listing,https://images1-fabric.practo.com/practices/1153158/life-line-hospital-hyderabad-6847d7d344c28.png,VN,practo,,1.0,canonical,437,Q3,,Premium,0.268604
hosp_8143e922b60de3ab,Prolife Hospital,prolife hospital,Hyderabad,Hospital,Manikonda,,12.976429056023736,77.60195096964662,8760145b4ffffff,,2.0,3.0,True,,500.0,500.0,,,,+914041891805,https://www.practo.com/hyderabad/hospital/profile-hospital-manikonda?referrer=hospital_listing,https://images1-fabric.practo.com/practices/1245393/prolife-hospital-hyderabad-5c77715eba38e.PNG,VN,practo,,1.0,canonical,438,Q3,,Premium,0.268604
hosp_081870b40e007bed,Usha Mohan Hospitals,usha mohan hospitals,Hyderabad,Hospital,Attapur,,17.364301,78.427497,8760a2585ffffff,,4.0,2.0,True,,0.0,200.0,,,,+914067822616,https://www.practo.com/hyderabad/hospital/usha-mohan-hospitals-hyderguda?referrer=hospital_listing,,VN,practo,,1.0,canonical,439,Q3,,Premium,0.268565
hosp_7531c871429c24b0,Swarup Eye Centre -Banjara Hills,swarup eye centre banjara hills,Hyderabad,Hospital,Banjara Hills,,17.423521924364124,78.45091223716736,8760a2595ffffff,,4.0,1.0,False,1.0,250.0,450.0,4.5,364.0,,+914067822631,https://www.practo.com/hyderabad/hospital/swarup-eye-centre-banjara-hills-banjara-hills?referrer=hospital_listing,https://images1-fabric.practo.com/swarup-eye-centre-banjara-hills-hyderabad-1457689539-56e293c335a46.jpg,VN,practo,,1.0,canonical,440,Q3,,Premium,0.268359
hosp_51873aadd8850b78,Spark Hospital,spark hospital,Hyderabad,Hospital,Uppal,,17.403021,78.582684,8760b52e3ffffff,,6.0,7.0,True,,0.0,200.0,4.0,14.0,,+914049170222,https://www.practo.com/hyderabad/hospital/spark-hospital-uppal?referrer=hospital_listing,https://images1-fabric.practo.com/practices/656706/spark-hospital-hyderabad-666aae2095450.png,VN,practo,,1.0,canonical,441,Q3,,Premium,0.268183
hosp_59ea0029ea9321ba,Rishitha Hospitals,rishitha hospitals,Hyderabad,Hospital,Sun city,,17.3584393439771,78.3861965686083,8760a258cffffff,,3.0,2.0,True,,300.0,400.0,,8.0,,+914041891802,https://www.practo.com/hyderabad/hospital/rishitha-hospitals-sun-city?referrer=hospital_listing,,VN,practo,,1.0,canonical,442,Q3,,Premium,0.267937
hosp_b99f679efc320823,Maruthi Hospital,maruthi hospital,Hyderabad,Hospital,Serilingampally,,17.49263,78.31598,8760a2480ffffff,,1.0,3.0,True,,300.0,300.0,,7.0,,+914067822305,https://www.practo.com/hyderabad/hospital/maruthi-hospital-serilingampally?referrer=hospital_listing,https://images1-fabric.practo.com/maruthi-hospital-hyderabad-1451709421-568753ed8b7ee.jpg,VN,practo,,1.0,canonical,443,Q3,,Premium,0.267932
hosp_a7984889757cb26a,B.V.K Reddy Hospital,b v k reddy hospital,Hyderabad,Hospital,Warasiguda,,17.435928221857,78.499569949927,8760b52c9ffffff,,3.0,2.0,True,,200.0,200.0,,5.0,,+914041891804,https://www.practo.com/hyderabad/hospital/b-v-k-reddy-hospital-warasiguda?referrer=hospital_listing,https://images1-fabric.practo.com/practices/1149394/b-v-k-reddy-hospital-hyderabad-594ccc8810817.jpeg,VN,practo,,1.0,canonical,444,Q3,,Premium,0.267805
hosp_f787fd1bf8573c90,SUNSHINE HOSPITAL (KUKATPALLY),sunshine hospital kukatpally,Hyderabad,Hospital,Kukatpally,,12.915478,77.6158316,87618925cffffff,,1.0,3.0,True,,300.0,300.0,,4.0,,+914045209753,https://www.practo.com/hyderabad/hospital/sunshine-hospital-kukatpally-kukatpally?referrer=hospital_listing,https://images1-fabric.practo.com/practices/1116761/sunshine-hospital-kukatpally-hyderabad-66556a8075d76.jpeg,VN,practo,,1.0,canonical,445,Q3,,Premium,0.2678
hosp_59b1e015336478b8,Aarudhra Ayurveda & Panchakarma Hospital,aarudhra ayurveda panchakarma hospital,Hyderabad,Hospital,Hitech City,,17.445496445111,78.392300979112,8760a259bffffff,,1.0,3.0,True,,200.0,200.0,,3.0,,+914067822539,https://www.practo.com/hyderabad/hospital/veda-rushi-multi-speciality-ayurvedic-hospital-madhapur?referrer=hospital_listing,https://images1-fabric.practo.com/practices/1159999/veda-rushi-multi-speciality-ayurvedic-hospital-hyderabad-59fd432fba8b1.jpg,VN,practo,,1.0,canonical,446,Q3,,Premium,0.267756
hosp_46fed06c4e6d497f,Raghavendra Orthopaedic and Multispeciality Hospital,raghavendra orthopaedic multispeciality hospital,Hyderabad,Hospital,Secunderabad,,17.4763152,78.5053324,8760b1964ffffff,,3.0,2.0,True,,0.0,400.0,,3.0,,+914067822587,https://www.practo.com/hyderabad/hospital/raghavendra-orthopedic-and-multi-speciality-hospital-secunderabad?referrer=hospital_listing,https://images1-fabric.practo.com/541fb42b66698af990bcd90d1b280643662848bd75869.JPG,VN,practo,,1.0,canonical,447,Q3,,Premium,0.267716
hosp_ada01bff01ac6821,Srinivasa  Hospital,srinivasa hospital,Hyderabad,Hospital,Sainikpuri,,17.493737029625976,78.53986836969854,8760b52dbffffff,,3.0,2.0,True,,0.0,300.0,,2.0,,+914067822480,https://www.practo.com/hyderabad/hospital/srinivasa-hospital-sainikpuri?referrer=hospital_listing,https://images1-fabric.practo.com/53b907191aeccb4f6a2029586bbe864dda9c0cf22976d.jpg,VN,practo,,1.0,canonical,448,Q3,,Premium,0.267672
hosp_60abab4612624e71,BBR Hospital,bbr hospital,Hyderabad,Hospital,Balanagar,,17.464068950146487,78.45713462680578,8760a2592ffffff,,3.0,2.0,True,,0.0,300.0,,,,+914067822587,https://www.practo.com/hyderabad/hospital/bbr-hospital-balanagar-11?referrer=hospital_listing,https://images1-fabric.practo.com/practices/1168714/bbr-hospital-hyderabad-67e28ea803f85.png,VN,practo,,1.0,canonical,449,Q3,,Premium,0.267584
hosp_ebc64a9f223b81ca,Nethra Eye Institute - A Unit Of Sowrya Hospitals,nethra eye institute unit sowrya hospitals,Hyderabad,Hospital,Ameerpet,,17.43918,78.44254,8760a2591ffffff,,3.0,1.0,False,,200.0,400.0,4.5,367.0,,+914049174488,https://www.practo.com/hyderabad/hospital/nethra-eye-institute-a-unit-of-sowrya-hospitals-ameerpet?referrer=hospital_listing,https://images1-fabric.practo.com/nethra-eye-institute-a-unit-of-sowrya-hospitals-hyderabad-1476255129-57fddd99414fd.png,VN,practo,,1.0,canonical,450,Q3,,Premium,0.267546
hosp_fe57e74edcf5d81f,Vasan Dental Care,vasan dental care,Hyderabad,Hospital,Kukatpally,,17.488909,78.40064,8760a24b6ffffff,,5.0,1.0,True,1.0,100.0,100.0,,,,+914067820160,https://www.practo.com/hyderabad/hospital/vasan-dental-care-kukatpally?referrer=hospital_listing,https://images1-fabric.practo.com/practices/622098/vasan-dental-care-hyderabad-59829a981ba5f.jpeg,VN,practo,,1.0,canonical,451,Q3,,Premium,0.267545
hosp_fa0f38bd0c98903d,Vasan Dental Care,vasan dental care,Hyderabad,Hospital,AS Rao Nagar,,17.477355,78.562991,8760b52dcffffff,,5.0,1.0,True,,100.0,100.0,,,,+914041891804,https://www.practo.com/hyderabad/hospital/vasan-dental-care-as-rao-nagar?referrer=hospital_listing,https://images1-fabric.practo.com/practices/1154212/vasan-dental-hyderabad-598aec523522c.jpeg,VN,practo,,1.0,canonical,452,Q3,,Premium,0.267545
hosp_bb68a287b8880250,Sri Raghavendra Multispeciality Hospital,sri raghavendra multispeciality hospital,Hyderabad,Hospital,Ecil,,17.4748175,78.5678212,8760b52dcffffff,,9.0,12.0,True,,0.0,350.0,3.5,10.0,,+914041892133,https://www.practo.com/hyderabad/hospital/sri-raghavendra-multispeciality-hospital-ecil?referrer=hospital_listing,https://images1-fabric.practo.com/practices/643835/sri-raghavendra-multispeciality-hospital-hyderabad-665968d201f7c.png,VN,practo,,1.0,canonical,453,Q3,,Premium,0.267381
hosp_77def835b65f3cf8,Park Endocrinology,park endocrinology,Hyderabad,Hospital,Gachibowli,,17.428634809563,78.37477665031,8760a2599ffffff,,2.0,2.0,True,,500.0,1000.0,,7.0,,+914446271079,https://www.practo.com/hyderabad/hospital/park-endocrinology-gachibowli?referrer=hospital_listing,https://images1-fabric.practo.com/practices/829451/park-endocrinology-hyderabad-64c1ff03d029f.jpg,VN,practo,,1.0,canonical,454,Q3,,Premium,0.266912
hosp_ebe0cc62750d6592,New Life Rehab Hospital,new life rehab hospital,Hyderabad,Hospital,Banjara Hills,,17.41544603380705,78.44279195472939,8760a2582ffffff,,4.0,1.0,True,,250.0,250.0,,7.0,,+914048213518,https://www.practo.com/hyderabad/hospital/new-life-rehab-hospital-banjara-hills?referrer=hospital_listing,https://images1-fabric.practo.com/practices/1245303/new-life-rehab-hospital-hyderabad-5c73e4560d6f5.png,ABS,practo,,1.0,canonical,455,Q3,,Premium,0.266873
hosp_73de3825d53cb7ec,Vijaya Vamsi Hospital,vijaya vamsi hospital,Hyderabad,Hospital,Somajiguda,,17.418178,78.458008,8760a2595ffffff,,2.0,2.0,True,,0.0,350.0,,6.0,,+914067820361,https://www.practo.com/hyderabad/hospital/vijaya-vamsi-hospital-punjagutta?referrer=hospital_listing,https://images1-fabric.practo.com/practices/631709/vijaya-vamsi-hospital-hyderabad-666d2f778628b.png,VN,practo,,1.0,canonical,456,Q3,,Premium,0.266868
hosp_387d20dba5a7bc5e,ROSE MULTI SPECIALITY HOSPITAL ,rose multi speciality hospital,Hyderabad,Hospital,Tolichowki,,17.403341970891,78.409693809226,8760a2583ffffff,,2.0,2.0,True,,200.0,300.0,,5.0,,+914045208867,https://www.practo.com/hyderabad/hospital/sameer-hospital-3-mehdipatnam?referrer=hospital_listing,https://images1-fabric.practo.com/practices/1185415/rose-multispeciality-hospital-hyderabad-5bfaee1e8173a.png,VN,practo,,1.0,canonical,457,Q3,,Premium,0.266824
hosp_b666a1a15f621e8e,Shri Shiv Sai Hospital,shri shiv sai hospital,Hyderabad,Hospital,Madinaguda,,17.494722,78.341243,8760a2486ffffff,,2.0,2.0,True,,300.0,500.0,,3.0,,+914067822480,https://www.practo.com/hyderabad/hospital/shri-shiv-sai-hospital-madinaguda?referrer=hospital_listing,https://images1-fabric.practo.com/practices/1147968/shri-shiv-sai-hospital-hyderabad-66668925b59d2.png,VN,practo,,1.0,canonical,458,Q3,,Premium,0.266736
hosp_22c60038ab63d91d,Azam Hospital ,azam hospital,Hyderabad,Hospital,Old City,,17.3647075,78.4627299,8760a25a2ffffff,,2.0,2.0,True,,0.0,300.0,,2.0,,+914067822587,https://www.practo.com/hyderabad/hospital/azam-hospital-puranapool?referrer=hospital_listing,https://images1-fabric.practo.com/practices/658876/azam-hospital-hyderabad-665db17b866ac.png,VN,practo,,1.0,canonical,459,Q3,,Premium,0.266692
hosp_04aa41cd2e744408,Bakoban Hospital,bakoban hospital,Hyderabad,Hospital,Chandrayangutta,,17.32272024494189,78.47980499267578,8760a25a4ffffff,,2.0,2.0,True,,250.0,300.0,,2.0,,+914045209753,https://www.practo.com/hyderabad/hospital/bakoban-hospital-chandrayangutta?referrer=hospital_listing,,VN,practo,,1.0,canonical,460,Q3,,Premium,0.266692
hosp_b70c75199718ed30,BirthRight Fertility By Rainbow,birthright fertility rainbow,Hyderabad,Hospital,Hitech City,,17.4550909,78.3684169,8760a24b5ffffff,,2.0,2.0,True,,950.0,950.0,,2.0,,+914049172963,https://www.practo.com/hyderabad/hospital/rainbow-childerns-clinic-kondapur-hitech-city?referrer=hospital_listing,https://images1-fabric.practo.com/practices/1415630/rainbow-childerns-clinic-kondapur-hyderabad-63f89e7520e7f.png,VN,practo,,1.0,canonical,461,Q3,,Premium,0.266692
hosp_ea49b6562f3f4aec,Sai Sharan Hospital,sai sharan hospital,Hyderabad,Hospital,LB Nagar,,17.342876,78.555899,8760b5253ffffff,,2.0,2.0,True,,0.0,150.0,,,,+914067822539,https://www.practo.com/hyderabad/hospital/sai-sharan-hopsital-lb-nagar?referrer=hospital_listing,,VN,practo,,1.0,canonical,462,Q3,,Premium,0.266604
hosp_ce9e94a3ffcaa6c7,Sai Preethi Life Line Hospital & Diagnostics,sai preethi life line hospital diagnostics,Hyderabad,Hospital,Mehdipatnam,,17.392824,78.445443,8760a2586ffffff,,2.0,2.0,True,,0.0,200.0,,,,+914067822616,https://www.practo.com/hyderabad/hospital/sai-preethi-life-line-hospital-diagnostics-mehdipatnam?referrer=hospital_listing,,VN,practo,,1.0,canonical,463,Q3,,Premium,0.266604
hosp_447547f3794dfb33,Aakar Asha Hospital,aakar asha hospital,Hyderabad,Hospital,Kukatpally,,17.487279488778,78.410196304321,8760b1969ffffff,,2.0,2.0,True,,300.0,350.0,,,,+914067822495,https://www.practo.com/hyderabad/hospital/aakar-asha-2-kukatpally?referrer=hospital_listing,,VN,practo,,1.0,canonical,464,Q3,,Premium,0.266604
hosp_0cd64025c2c96c13,People's Health Care Hospital,people s health care hospital,Hyderabad,Hospital,Secunderabad,,17.547362,78.435404,8760b194effffff,,2.0,2.0,True,,100.0,500.0,,,,+914067822587,https://www.practo.com/hyderabad/hospital/people-s-health-care-hospital-secunderabad?referrer=hospital_listing,,VN,practo,,1.0,canonical,465,Q3,,Premium,0.266604
hosp_fb04c7f0d366464a,Jayakrishna Hospital,jayakrishna hospital,Hyderabad,Hospital,Ramanthapur,,17.398416,78.53029,8760b52ebffffff,,2.0,2.0,True,,0.0,300.0,,,,+914067822616,https://www.practo.com/hyderabad/hospital/shree-jayakrishna-hospital-ramanthapur?referrer=hospital_listing,,VN,practo,,1.0,canonical,466,Q3,,Premium,0.266604
hosp_46ceeca319dfb93a,Jeevan Hospital,jeevan hospital,Hyderabad,Hospital,Karmanghat,,17.345192,78.526741,8760b525affffff,,2.0,2.0,True,,0.0,200.0,,,,+914067820361,https://www.practo.com/hyderabad/hospital/jeevan-hospital-karmanghat?referrer=hospital_listing,https://images1-fabric.practo.com/practices/687046/jeevan-hospital-hyderabad-66506cbd4f1b0.png,VN,practo,,1.0,canonical,467,Q3,,Premium,0.266604
hosp_cc53ea79c9286628,ESI Hospital,esi hospital,Hyderabad,Hospital,Ramachandrapuram,,17.4120779,78.0783859,8760a24c9ffffff,,2.0,2.0,True,,0.0,100.0,,,,+914067820361,https://www.practo.com/hyderabad/hospital/esi-hospital-ramachandrapuram?referrer=hospital_listing,https://images1-fabric.practo.com/practices/880811/esi-hospital-hyderabad-665b0c57dc91b.png,VN,practo,,1.0,canonical,468,Q3,,Premium,0.266604
hosp_6b12b31964117cd1,Relief Dental Hospital Laser And Implant Centre,relief dental hospital laser implant centre,Hyderabad,Hospital,Ashok Nagar,,17.409256,78.489201,8760a25b2ffffff,,2.0,1.0,False,,200.0,200.0,5.0,28.0,,+914067822631,https://www.practo.com/hyderabad/hospital/relief-dental-hospital-laser-and-implant-centre-ashok-nagar?referrer=hospital_listing,,VN,practo,,1.0,canonical,469,Q3,,Premium,0.266304
hosp_f2cd1feee8a7b612,Haritha Hospitals,haritha hospitals,Hyderabad,Hospital,Kothaguda,,18.507025,78.708768,8760b1594ffffff,,1.0,2.0,True,,200.0,200.0,,8.0,20008.0,+914067822539,https://www.practo.com/hyderabad/hospital/haritha-hospitals-kondapur?referrer=hospital_listing,,VN,practo,,1.0,canonical,470,Q3,,Premium,0.265976
hosp_810b14f89ad0194b,Smile Care Dental Hospital,smile care dental hospital,Hyderabad,Hospital,Kothapet,,17.371935,78.54327,8760b52edffffff,,3.0,1.0,True,,150.0,200.0,,5.0,,+914067820156,https://www.practo.com/hyderabad/hospital/smile-care-dental-hospital-3-kothapet-1?referrer=hospital_listing,https://images1-fabric.practo.com/practices/1162089/smile-care-dental-hospital-hyderabad-6667f053d99bd.png,VN,practo,,1.0,canonical,471,Q3,,Premium,0.265805
hosp_91a2b7e5f21591dd,Ask Hospital,ask hospital,Hyderabad,Hospital,Attapur,,17.3946738,78.4310595,8760a2580ffffff,,1.0,2.0,True,,800.0,800.0,,4.0,,+914049172558,https://www.practo.com/hyderabad/hospital/ask-hospital-attapur?referrer=hospital_listing,https://images1-fabric.practo.com/practices/1245629/ask-hospital-5c77859c98a4c.JPG,ABS,practo,,1.0,canonical,472,Q3,,Premium,0.2658
hosp_99315cbe4e657d08,Partha Dental  Skin Hair,partha dental skin hair,Hyderabad,Hospital,Kothapet,,17.369027,78.539024,8760b52edffffff,,3.0,1.0,True,41.0,0.0,500.0,,4.0,,+914048213514,https://www.practo.com/hyderabad/hospital/partha-dental-clinic-1-kothapet?referrer=hospital_listing,https://images1-fabric.practo.com/practices/754870/partha-dental-clinic-hyderabad-64a56bb965419.PNG,ABS,practo,,1.0,canonical,473,Q3,,Premium,0.26576
hosp_3f3efb2f7323457c,Sree Fertility Centre,sree fertility centre,Hyderabad,Hospital,Kondapur,,17.463825245857,78.367381291464,8760a24b5ffffff,,1.0,2.0,True,,500.0,500.0,,3.0,,+914041891805,https://www.practo.com/hyderabad/hospital/sree-fertility-centre-kondapur-1?referrer=hospital_listing,https://images1-fabric.practo.com/practices/641138/sree-fertility-ivf-centre-hyderabad-59e44c59750a5.jpg,VN,practo,,1.0,canonical,474,Q3,,Premium,0.265756
hosp_b4a102aa1cafdb44,Indogermann Multispeciality Dental Hospital,indogermann multispeciality dental hospital,Hyderabad,Hospital,West Marredpally,,17.440856732441944,78.50382149219513,8760b52c9ffffff,,1.0,2.0,True,,300.0,300.0,,2.0,,+914067822539,https://www.practo.com/hyderabad/hospital/indo-germann-dental-hospital-secunderabad?referrer=hospital_listing,https://images1-fabric.practo.com/53e9d2bf3ec0816aa633d5632a8e914d43f62694e7364.jpg,VN,practo,,1.0,canonical,475,Q3,,Premium,0.265712
hosp_c55c0bedc53b4051,Partha Dental Skin Hair,partha dental skin hair,Hyderabad,Hospital,Nizampet,,17.51577,78.38249,8760a24b2ffffff,,3.0,1.0,True,41.0,0.0,0.0,,2.0,,+914041891797,https://www.practo.com/hyderabad/hospital/partha-dental-skin-hair-nizampet?referrer=hospital_listing,https://images1-fabric.practo.com/practices/1427930/partha-dental-skin-hair-hyderabad-64995f73e2a2f.JPG,ABS,practo,,1.0,canonical,476,Q3,,Premium,0.265672
hosp_5f7914c0cd46dcf6,Maxi Vision Super Speciality Eye Hospitals,maxi vision super speciality eye hospitals,Hyderabad,Hospital,Santosh Nagar,,17.353524,78.506849,8760b525bffffff,,3.0,1.0,True,,0.0,100.0,,2.0,,+914067822790,https://www.practo.com/hyderabad/hospital/maxivision-hospital-santosh-nagar?referrer=hospital_listing,,VN,practo,,1.0,canonical,477,Q3,,Premium,0.265672
hosp_553391a0171100ec,"Ameyaa Hair Transplant , Plastic Surgery & Lasers Centre",ameyaa hair transplant plastic surgery lasers centre,Hyderabad,Hospital,Gachibowli,,17.4192908,78.3745146,8760a2599ffffff,,1.0,2.0,True,,800.0,800.0,,,,+914041891802,https://www.practo.com/hyderabad/hospital/plastic-cosmetic-surgeon-kukatpally?referrer=hospital_listing,,ABS,practo,,1.0,canonical,478,Q3,,Premium,0.265623
hosp_c046a8fcbb392da2,Sushrutha Hospital,sushrutha hospital,Hyderabad,Hospital,Ameerpet,,17.4449763,78.4375286,8760a2593ffffff,,1.0,2.0,True,,500.0,500.0,,,,+914067822790,https://www.practo.com/hyderabad/hospital/sushrutha-hospital-sr-nagar?referrer=hospital_listing,https://images1-fabric.practo.com/practices/811357/sushrutha-hospital-hyderabad-6672cc0c0cc0c.png,VN,practo,,1.0,canonical,479,Q3,,Premium,0.265623
hosp_23def7f1e05a23d4,Sri Charaka Kerala Ayurvedic Hospital,sri charaka kerala ayurvedic hospital,Hyderabad,Hospital,Jubilee Hills,,17.427722,78.415719,8760a259cffffff,,1.0,2.0,True,,300.0,300.0,,,,+914067822631,https://www.practo.com/hyderabad/hospital/sri-charaka-kerala-ayurvedic-hospital-jubilee-hills?referrer=hospital_listing,https://images1-fabric.practo.com/practices/751367/sri-charaka-kerala-ayurvedic-hospital-hyderabad-66642c8eddae4.png,VN,practo,,1.0,canonical,480,Q3,,Premium,0.265623
hosp_0a27aa2bc7f9350a,Kirloskar Hospital,kirloskar hospital,Hyderabad,Hospital,Basheerbagh,,17.4016997,78.4739103,8760a25b3ffffff,,1.0,2.0,True,,700.0,700.0,,,,+914067822790,https://www.practo.com/hyderabad/hospital/kirloskar-hospital-basheerbagh?referrer=hospital_listing,,VN,practo,,1.0,canonical,481,Q3,,Premium,0.265623
hosp_afd1dbe99f286498,Nirmala Hospital,nirmala hospital,Hyderabad,Hospital,Vijaynagar Colony,,17.394777,78.45317,8760a2586ffffff,,1.0,2.0,True,,400.0,400.0,,,,+914049170225,https://www.practo.com/hyderabad/hospital/nirmala-maternity-orthopaedic-and-general-hospital-vijay-nagar-colony?referrer=hospital_listing,,VN,practo,,1.0,canonical,482,Q3,,Premium,0.265623
hosp_b4312680f8739846,Sri Krishna Hospital,sri krishna hospital,Hyderabad,Hospital,Malakpet,,17.379528808042,78.497778475285,8760a25b0ffffff,,1.0,2.0,True,,100.0,100.0,,,,+914071964871,https://www.practo.com/hyderabad/hospital/sri-krishna-hospital-1-malakpet?referrer=hospital_listing,https://images1-fabric.practo.com/practices/1238610/sri-krishna-hospital-hyderabad-666bf3af1890b.png,VN,practo,,1.0,canonical,483,Q3,,Premium,0.265623
hosp_95e5cd7b792e323c,Metro Hospital,metro hospital,Hyderabad,Hospital,Langar Houz,,17.374164,78.417753,8760a2581ffffff,,1.0,2.0,True,,250.0,300.0,,,,+914067822783,https://www.practo.com/hyderabad/hospital/metro-hospital-4-langer-house?referrer=hospital_listing,https://images1-fabric.practo.com/practices/799171/metro-hospital-hyderabad-66596a6c2fbd7.png,VN,practo,,1.0,canonical,484,Q3,,Premium,0.265623
hosp_9e6da418b32c9f57,Tx Hospitals,tx hospitals,Hyderabad,Hospital,Banjara Hills,,17.4078476,78.4416919,8760a2582ffffff,,16.0,19.0,True,2.0,500.0,1000.0,3.5,23.0,,+914049170393,https://www.practo.com/hyderabad/hospital/tx-hospitals-therapy-for-every-illness-banjara-hills?referrer=hospital_listing,https://images1-fabric.practo.com/practices/1418845/tx-hospitals-therapy-for-every-illness-hyderabad-6423e00e9882d.JPG,VN,practo,,1.0,canonical,485,Q3,,Premium,0.265197
hosp_3a02df2a395700d6,Partha Dental Skin Hair,partha dental skin hair,Hyderabad,Hospital,KPHB,,17.49494,78.39471,8760a24b6ffffff,,2.0,1.0,True,41.0,0.0,200.0,,9.0,,+914049172578,https://www.practo.com/hyderabad/hospital/partha-dental-skin-hair-kphb?referrer=hospital_listing,https://images1-fabric.practo.com/practices/1427950/partha-dental-skin-hair-hyderabad-64997a664e866.JPG,ABS,practo,,1.0,canonical,486,Q3,,Premium,0.265
hosp_0646b1d28965b1ea,Siri Smile Dental Hospital,siri smile dental hospital,Hyderabad,Hospital,Chanda Nagar,,17.49583406619955,78.32103967666626,8760a2486ffffff,,2.0,1.0,True,,0.0,100.0,,9.0,,+914045209803,https://www.practo.com/hyderabad/hospital/siri-smile-dental-hospital-chanda-nagar-1?referrer=hospital_listing,https://images1-fabric.practo.com/siri-smile-multi-speciality-dental-hospital-hyderabad-1472129687-57beea970d318.png,VN,practo,,1.0,canonical,487,Q3,,Premium,0.265
hosp_219f82d6c13819da,Partha Dental Skin Hair,partha dental skin hair,Hyderabad,Hospital,Banjara Hills,,17.4235063,78.4278313,8760a259cffffff,,2.0,1.0,True,41.0,0.0,0.0,,7.0,,+914071964883,https://www.practo.com/hyderabad/hospital/partha-dental-skin-hair-banjara-hills?referrer=hospital_listing,https://images1-fabric.practo.com/practices/1427923/partha-dental-skin-hair-hyderabad-649957a3b4a09.JPG,ABS,practo,,1.0,canonical,488,Q3,,Premium,0.264912
hosp_8b3c592dda0109c8,Smile Dental Hospitals,smile dental hospitals,Hyderabad,Hospital,Uppal,,17.40139629,78.5645838,8760b52eeffffff,,2.0,1.0,True,,0.0,150.0,,7.0,,+914067822305,https://www.practo.com/hyderabad/hospital/smile-dental-hospitals-uppal-1?referrer=hospital_listing,https://images1-fabric.practo.com/smile-dental-hospitals-hyderabad-1457358762-56dd87aa88fe9.JPG,VN,practo,,1.0,canonical,489,Q3,,Premium,0.264912
hosp_47e68f5363ebb49e,Sree Manju Hospitals,sree manju hospitals,Hyderabad,Hospital,Moti Nagar,,17.454075722582346,78.4228544714417,8760a259effffff,,15.0,11.0,True,,500.0,800.0,4.0,77.0,,+918045680092,https://www.practo.com/hyderabad/hospital/sree-manju-hospitals-moti-nagar?referrer=hospital_listing,https://images1-fabric.practo.com/practices/1611718/sree-manju-mothi-nagar-hyderabad-67c0554cb6e6c.png,ABS,practo,,1.0,canonical,490,Q3,,Premium,0.264822
hosp_bd0448416fb1d46d,Ramachandra Dental Hospital,ramachandra dental hospital,Hyderabad,Hospital,Kukatpally,,17.484733,78.41442,8760b1969ffffff,,2.0,1.0,True,,100.0,200.0,,4.0,,+914067822386,https://www.practo.com/hyderabad/hospital/ramachandra-dental-hospital-kukatpally?referrer=hospital_listing,https://images1-fabric.practo.com/practices/747649/ramachandra-dental-hospital-hyderabad-66629ada5d415.png,VN,practo,,1.0,canonical,491,Q3,,Premium,0.26478
hosp_976448d268629343,Anitha Dental Hospital,anitha dental hospital,Hyderabad,Hospital,Beeramguda,,17.523091420831,78.298766613007,8760a249cffffff,,2.0,1.0,True,,100.0,200.0,,3.0,,+914067822587,https://www.practo.com/hyderabad/hospital/anitha-dental-hospital-beeramguda-1?referrer=hospital_listing,,VN,practo,,1.0,canonical,492,Q3,,Premium,0.264736
hosp_cb9366786bc2bdea,Navjeevan Hospitals,navjeevan hospitals,Hyderabad,Hospital,Secunderabad,,17.4554316408603,78.49815130233765,8760b52cbffffff,,8.0,11.0,True,,300.0,600.0,4.0,44.0,,+914067822305,https://www.practo.com/hyderabad/hospital/navjeevan-hospitals-secunderabad?referrer=hospital_listing,https://images1-fabric.practo.com/navjeevan-hospitals-hyderabad-1484816977-58808251bb013.jpg,VN,practo,,1.0,canonical,493,Q3,,Premium,0.264694
hosp_cafee6106f805d67,Partha Dental  Skin Hair,partha dental skin hair,Hyderabad,Hospital,Nallagandla,,17.4749731,78.3061946,8760a2485ffffff,,2.0,1.0,True,41.0,0.0,0.0,,2.0,,+914049172558,https://www.practo.com/hyderabad/hospital/partha-dental-skin-and-hair-nallagandla?referrer=hospital_listing,https://images1-fabric.practo.com/practices/1428209/partha-dental-skin-and-hair-hyderabad-649bf30c3dfed.PNG,VN,practo,,1.0,canonical,494,Q3,,Premium,0.264692
hosp_6e4b69f42817ee99,Partha Dental Skin Hair,partha dental skin hair,Hyderabad,Hospital,Vivekananda Nagar,,17.49452,78.41129,8760b196bffffff,,2.0,1.0,True,41.0,500.0,500.0,,2.0,,+914071964883,https://www.practo.com/hyderabad/hospital/partha-dental-kukatpally?referrer=hospital_listing,https://images1-fabric.practo.com/practices/751223/partha-dental-skin-hair-hyderabad-6499601499008.JPG,ABS,practo,,1.0,canonical,495,Q3,,Premium,0.264692
hosp_f7aff342df688335,Partha Dental  Skin Hair,partha dental skin hair,Hyderabad,Hospital,Santosh Nagar,,17.345498138600203,78.50826390087605,8760b525bffffff,,2.0,1.0,True,41.0,0.0,0.0,,,,+914049170420,https://www.practo.com/hyderabad/hospital/partha-dental-11-santosh-nagar?referrer=hospital_listing,https://images1-fabric.practo.com/practices/1171213/partha-dental-hyderabad-64a6b25b9efb6.PNG,VN,practo,,1.0,canonical,496,Q3,,Premium,0.264604
hosp_3827c26ce14bb8f9,Partha Dental  Skin Hair,partha dental skin hair,Hyderabad,Hospital,East Marredpally,,17.444704,78.5053713,8760b52cbffffff,,2.0,1.0,True,41.0,0.0,0.0,,,,+914041891802,https://www.practo.com/hyderabad/hospital/partha-dental-skin-and-hair-east-marredpally?referrer=hospital_listing,https://images1-fabric.practo.com/practices/1428118/partha-dental-care-hyderabad-64c3a5ab926ae.PNG,ABS,practo,,1.0,canonical,497,Q3,,Premium,0.264604
hosp_5a1df62d1261243e,Cloudnine Fertility & IVF Center,cloudnine fertility ivf center,Hyderabad,Hospital,Kompally,,17.541763314868785,78.4901060116486,8760b1946ffffff,,2.0,1.0,True,,1000.0,1000.0,,,,+914071964875,https://www.practo.com/hyderabad/hospital/cloudnine-fertility-ivf-center-kompally?referrer=hospital_listing,https://images1-fabric.practo.com/practices/1459113/cloudnine-fertility-ivf-center-hyderabad-6635bfeebe0ce.jpeg,ABS,practo,,1.0,canonical,498,Q3,,Premium,0.264604
hosp_6019af42b4060c0b,Curewell Hospital,curewell hospital,Hyderabad,Hospital,Lakdikapul,,17.405724,78.460804,8760a2595ffffff,,2.0,1.0,True,,250.0,250.0,,,,+914067822433,https://www.practo.com/hyderabad/hospital/curewell-hospital-lakdikapul?referrer=hospital_listing,https://images1-fabric.practo.com/practices/796111/curewell-hospital-hyderabad-66687b23a634f.png,VN,practo,,1.0,canonical,499,Q3,,Premium,0.264604
hosp_c0b001b5718bf9ab,Refracto Eye Hospitals - Santhosh Nagar,refracto eye hospitals santhosh nagar,Hyderabad,Hospital,Santosh Nagar,,17.352464632557,78.506846028558,8760b525bffffff,,2.0,1.0,True,,250.0,250.0,,,,+914045206171,https://www.practo.com/hyderabad/hospital/refracto-eye-hospitals-santosh-nagar?referrer=hospital_listing,https://images1-fabric.practo.com/practices/1183947/refracto-eye-hospitals-hyderabad-5aba1b59b14be.jpeg,VN,practo,,1.0,canonical,500,Q3,,Premium,0.264604
hosp_b97fc1542a27ddef,Sahasra ENT Clinic,sahasra ent clinic,Hyderabad,Hospital,Madhapur,,17.4511931135983,78.3818031102419,8760a259bffffff,,2.0,1.0,True,,500.0,500.0,,,,+914067822480,https://www.practo.com/hyderabad/hospital/sahasra-hospital-madhapur?referrer=hospital_listing,https://images1-fabric.practo.com/practices/1146291/sahasra-hospital-hyderabad-6129b76ecd2bd.png,VN,practo,,1.0,canonical,501,Q3,,Premium,0.264604
hosp_1cd1fbc8a9ba6522,Siri Multi Speciality Dental Hospital,siri multi speciality dental hospital,Hyderabad,Hospital,KPHB,,17.494323,78.399581,8760a24b6ffffff,,2.0,1.0,True,,0.0,200.0,,,,+914067822539,https://www.practo.com/hyderabad/hospital/siri-multi-speciality-dental-hospital-kphb?referrer=hospital_listing,https://images1-fabric.practo.com/practices/688538/siri-multi-speciality-dental-hospital-hyderabad-6663b0f06382b.png,VN,practo,,1.0,canonical,502,Q3,,Premium,0.264604
hosp_3329794f532589c7,Siri Dental Hospital,siri dental hospital,Hyderabad,Hospital,Narayanguda,,17.392272121695058,78.48931074142456,8760a25b0ffffff,,2.0,1.0,True,,100.0,100.0,,,,+914067822744,https://www.practo.com/hyderabad/hospital/siri-dental-hospital-2-narayanguda?referrer=hospital_listing,https://images1-fabric.practo.com/practices/767058/siri-dental-hospital-hyderabad-666a7e614668d.png,VN,practo,,1.0,canonical,503,Q3,,Premium,0.264604
hosp_8b62fdd76e41a811,Signature Smiles Dental Hospital,signature smiles dental hospital,Hyderabad,Hospital,Kothapet,,17.37408796066053,78.55055630207062,8760b52edffffff,,1.0,1.0,True,,300.0,300.0,,9.0,,+914048213514,https://www.practo.com/hyderabad/hospital/signature-smiles-dental-hospital-nagole?referrer=hospital_listing,https://images1-fabric.practo.com/signature-smiles-dental-hospital-1450682199-5677a757a01ca.JPG,ABS,practo,,1.0,canonical,504,Q3,,Premium,0.26402
hosp_6d47aa1edc753204,Iswarya Fertility Centre,iswarya fertility centre,Hyderabad,Hospital,Malakpet,,17.374796,78.514136,8760a25b4ffffff,,1.0,1.0,True,2.0,500.0,500.0,,9.0,,+914049172582,https://www.practo.com/hyderabad/hospital/iswarya-fertility-services-pvt-ltd-malakpet?referrer=hospital_listing,https://images1-fabric.practo.com/practices/1280640/iswarya-fertility-centre-hyderabad-662f4429572ca.png,ABS,practo,,1.0,canonical,505,Q3,,Premium,0.26402
hosp_b8ddb027ba4d7927,Sri Sai Ram Hospital,sri sai ram hospital,Hyderabad,Hospital,Langar Houz,,17.373231,78.414461,8760a2581ffffff,,1.0,1.0,True,,300.0,300.0,,8.0,,+914067822495,https://www.practo.com/hyderabad/hospital/sri-sai-ram-hospital-langer-house?referrer=hospital_listing,,VN,practo,,1.0,canonical,506,Q3,,Premium,0.263976
hosp_60c4570da820a6cb,Banjara12 Hospital,banjara12 hospital,Hyderabad,Hospital,Banjara Hills,,17.40755217689174,78.44954162836075,8760a2595ffffff,,1.0,1.0,True,,0.0,0.0,,8.0,,+914067822386,https://www.practo.com/hyderabad/hospital/banjara12-hospital-banjara-hills?referrer=hospital_listing,https://images1-fabric.practo.com/554368f77be3afd456406745d816a45cae554c788e754.jpg,VN,practo,,1.0,canonical,507,Q3,,Premium,0.263976
hosp_da6bf998d2435b0d,High Sight Super Speciality Eye Hospital,high sight super speciality eye hospital,Hyderabad,Hospital,Banjara Hills,,17.421359,78.446323,8760a2591ffffff,,1.0,1.0,True,,500.0,500.0,,8.0,,+914049170030,https://www.practo.com/hyderabad/hospital/high-sight-super-speciality-eye-hospital-banjara-hills?referrer=hospital_listing,https://images1-fabric.practo.com/practices/1290322/high-sight-super-speciality-eye-hospital-hyderabad-666bcaac678ea.png,VN,practo,,1.0,canonical,508,Q3,,Premium,0.263976
hosp_9ec9e34bb0cc257f,Rao Superspeciality Dental Hospital,rao superspeciality dental hospital,Hyderabad,Hospital,Madhapur,,17.443196,78.387037,8760a259bffffff,,1.0,1.0,True,,200.0,200.0,,7.0,,+914049172581,https://www.practo.com/hyderabad/hospital/rao-superspeciality-dental-hospital-madhapur?referrer=hospital_listing,,VN,practo,,1.0,canonical,509,Q3,,Premium,0.263932
hosp_ca6496b37bae2ac5,Saicharan Hospital,saicharan hospital,Hyderabad,Hospital,Ramanthapur,,17.396154302481,78.52990063425,8760b52ebffffff,,2.0,3.0,False,,300.0,300.0,5.0,23.0,,+914071964871,https://www.practo.com/hyderabad/hospital/saicharan-hospital-ramanthapur?referrer=hospital_listing,,VN,practo,,1.0,canonical,510,Q3,,Premium,0.263911
hosp_868099fac3694910,Partha Dental  Skin Hair,partha dental skin hair,Hyderabad,Hospital,Kondapur,,17.46128,78.35291,8760a24a2ffffff,,1.0,1.0,True,41.0,500.0,500.0,,6.0,,+914048213521,https://www.practo.com/hyderabad/hospital/partha-dental-skin-and-hair-ram-nagar?referrer=hospital_listing,https://images1-fabric.practo.com/practices/1428213/partha-dental-skin-and-hair-hyderabad-649bf40b365f6.PNG,VN,practo,,1.0,canonical,511,Q3,,Premium,0.263888
hosp_984a151eb88369b9,Hegde Fertility,hegde fertility,Hyderabad,Hospital,Attapur,,17.4879651,78.3822011,8760a24b0ffffff,,1.0,1.0,True,,600.0,600.0,,6.0,,+914049172943,https://www.practo.com/hyderabad/hospital/hegde-hospital-1-attapur?referrer=hospital_listing,https://images1-fabric.practo.com/practices/1420189/hegde-fertility-hyderabad-64708b0204ee6.JPG,ABS,practo,,1.0,canonical,512,Q3,,Premium,0.263888
hosp_6677fd0ae2f51f17,Sumithra Hospital,sumithra hospital,Hyderabad,Hospital,Uppal,,17.396066785825703,78.55960199633705,8760b52e8ffffff,,1.0,1.0,True,,250.0,250.0,,6.0,,+914067822616,https://www.practo.com/hyderabad/hospital/sumithra-hospital-uppal?referrer=hospital_listing,https://images1-fabric.practo.com/practices/671378/sumithra-hospital-hyderabad-5afd482995217.jpeg,VN,practo,,1.0,canonical,513,Q3,,Premium,0.263888
hosp_20cea18d51721559,Clear Vision Eye Hospital,clear vision eye hospital,Hyderabad,Hospital,Himayat Nagar,,17.398812,78.484963,8760a25b3ffffff,,1.0,1.0,True,,500.0,500.0,,6.0,,+914067822631,https://www.practo.com/hyderabad/hospital/clear-vision-eye-hospital-himayat-nagar-2?referrer=hospital_listing,https://images1-fabric.practo.com/clear-vision-eye-hospital-hyderabad-1481650331-5850309b7b123.jpg,VN,practo,,1.0,canonical,514,Q3,,Premium,0.263888
hosp_b8ad07287c37cc73,Vet N Pet Hospital,vet n pet hospital,Hyderabad,Hospital,Jubilee Hills,,17.413807774159,78.405077718649,8760a259dffffff,,1.0,1.0,True,,500.0,500.0,,6.0,,+914067822587,https://www.practo.com/hyderabad/hospital/vet-n-pet-hospital-jubilee-hills-1?referrer=hospital_listing,https://images1-fabric.practo.com/practices/652606/vet-n-pet-hospital-hyderabad-5b21d86930ea7.jpg,VN,practo,,1.0,canonical,515,Q3,,Premium,0.263888
hosp_e38dcf6086a1f5a2,Ivory Oro-Care Dental Hospital,ivory oro care dental hospital,Hyderabad,Hospital,SR Nagar,,17.442051734547924,78.44384998083115,8760a2593ffffff,,1.0,1.0,True,,100.0,100.0,,6.0,,+914067822305,https://www.practo.com/hyderabad/hospital/ivory-oro-care-dental-hospital-sr-nagar?referrer=hospital_listing,https://images1-fabric.practo.com/practices/1034205/ivory-oro-care-dental-hospital-hyderabad-666d3c45caa9a.png,VN,practo,,1.0,canonical,516,Q3,,Premium,0.263888
hosp_8f9c7dac66ada4da,Partha Dental  Skin Hair,partha dental skin hair,Hyderabad,Hospital,Bowenpally,,17.4657903,78.492943,8760b1965ffffff,,1.0,1.0,True,41.0,0.0,0.0,,5.0,,+914049172962,https://www.practo.com/hyderabad/hospital/partha-dental-skin-and-hair-bowenpally?referrer=hospital_listing,https://images1-fabric.practo.com/practices/1428120/partha-dental-skin-and-hair-hyderabad-649ace54bb20b.PNG,VN,practo,,1.0,canonical,517,Q3,,Premium,0.263844
hosp_7649b0ae5c0b897b,Fortune Hospitals,fortune hospitals,Hyderabad,Hospital,Hyderguda,,17.400934,78.477616,8760a25b3ffffff,,1.0,1.0,True,,350.0,350.0,,5.0,,+914067822386,https://www.practo.com/hyderabad/hospital/fortune-hospitals-hyderguda-1?referrer=hospital_listing,,VN,practo,,1.0,canonical,518,Q3,,Premium,0.263844
hosp_bdbe40bac889ec3f,Harsh Hospital,harsh hospital,Hyderabad,Hospital,Chanda Nagar,,17.492853,78.327814,8760a2486ffffff,,1.0,1.0,True,,500.0,500.0,,5.0,,+914067822587,https://www.practo.com/hyderabad/hospital/harsh-hospital-5-chanda-nagar?referrer=hospital_listing,https://images1-fabric.practo.com/practices/1171081/harsh-hospital-hyderabad-5a379b4ae0b59.jpg,VN,practo,,1.0,canonical,519,Q3,,Premium,0.263844
hosp_ca73111b0161f6c1,Life Kare Dental Hospital.,life kare dental hospital,Hyderabad,Hospital,Santosh Nagar,,17.34576376266787,78.50824445486069,8760b525bffffff,,1.0,1.0,True,,0.0,100.0,,5.0,,+914071964875,https://www.practo.com/hyderabad/hospital/life-kare-dental-hospital-santosh-nagar-1?referrer=hospital_listing,,VN,practo,,1.0,canonical,520,Q3,,Premium,0.263844
hosp_3dd74cc893e6110d,Cosmo Care Dental Hospital,cosmo care dental hospital,Hyderabad,Hospital,SR Nagar,,17.4460336,78.4470152,8760a2593ffffff,,1.0,1.0,True,,100.0,100.0,,5.0,,+914067822539,https://www.practo.com/hyderabad/hospital/cosmo-care-dental-hospital-balkampet-1-1?referrer=hospital_listing,https://images1-fabric.practo.com/cosmo-care-dental-hospital-1444311166-5616707e8a6a4.jpg,VN,practo,,1.0,canonical,521,Q3,,Premium,0.263844
hosp_2da5c9291137d8c8,Tharun Super Speciality Dental Hospital,tharun super speciality dental hospital,Hyderabad,Hospital,Kukatpally,,17.5055896,78.4183354,8760b196bffffff,,1.0,1.0,True,,500.0,500.0,,4.0,,+914048213436,https://www.practo.com/hyderabad/hospital/tharun-super-speciality-dental-clinic-kukatpally?referrer=hospital_listing,https://images1-fabric.practo.com/practices/816167/tharun-super-speciality-dental-hospital-hyderabad-67b5c32ad571f.jpeg,VN,practo,,1.0,canonical,522,Q3,,Premium,0.2638
hosp_218691bb743fca5e,FMS Dental Hospital,fms dental hospital,Hyderabad,Hospital,Somajiguda,,17.424830462053,78.454379906746,8760a2595ffffff,,1.0,1.0,True,7.0,500.0,500.0,,4.0,,+914067820172,https://www.practo.com/hyderabad/hospital/fms-dental-hospitals-somajiguda?referrer=hospital_listing,https://images1-fabric.practo.com/fms-dental-hospitals-panjagutta-hyderabad-1478240758-581c29f6d9b1d.png,VN,practo,,1.0,canonical,523,Q3,,Premium,0.2638
hosp_c48b59a748e77e32,Lavanya Dental Hospital,lavanya dental hospital,Hyderabad,Hospital,Himayat Nagar,,17.401297,78.486376,8760a25b2ffffff,,1.0,1.0,True,,0.0,100.0,,4.0,,+914067822587,https://www.practo.com/hyderabad/hospital/lavanya-dental-hospitals-himayat-nagar-1?referrer=hospital_listing,https://images1-fabric.practo.com/practices/701213/lavanya-dental-hospital-hyderabad-666d6a9171524.png,VN,practo,,1.0,canonical,524,Q3,,Premium,0.2638
hosp_4b2708fa2b75ddf2,Health N Smile Dental Hospital,health n smile dental hospital,Hyderabad,Hospital,Malakpet,,17.372880109392,78.509964130689,8760a25b4ffffff,,1.0,1.0,True,,400.0,400.0,,4.0,,+914045206171,https://www.practo.com/hyderabad/hospital/health-n-smile-dental-hospital-malakpet?referrer=hospital_listing,https://images1-fabric.practo.com/practices/698752/health-n-smile-dental-hospital-hyderabad-5b7bb4f04eba3.png,VN,practo,,1.0,canonical,525,Q3,,Premium,0.2638
hosp_afc96a48d6f5fd81,Sri V Care Hospital ,sri v care hospital,Hyderabad,Hospital,Secunderabad,,17.4297667,78.4945463,8760b52c9ffffff,,1.0,1.0,True,,600.0,600.0,,3.0,,+914041891798,https://www.practo.com/hyderabad/hospital/sri-v-care-hospital-nampally?referrer=hospital_listing,https://images1-fabric.practo.com/practices/1272043/sri-v-care-hospital-hyderabad-652e31ab90699.jpg,ABS,practo,,1.0,canonical,526,Q3,,Premium,0.263756
hosp_0003e9fb97b2591f,Krishna Multispeciality Dental Hospital,krishna multispeciality dental hospital,Hyderabad,Hospital,Yousufguda,,17.433526,78.426828,8760a259effffff,,1.0,1.0,True,,200.0,200.0,,3.0,,+914067822386,https://www.practo.com/hyderabad/hospital/krishna-multispeciality-dental-hospital-yousufguda?referrer=hospital_listing,https://images1-fabric.practo.com/practices/754937/krishna-multispeciality-dental-hospital-hyderabad-666c1cdabe9d6.png,VN,practo,,1.0,canonical,527,Q3,,Premium,0.263756
hosp_c0edc9de31ebf2d0,The Birthzone Hospital (Mother & Child Care Centre),birthzone hospital mother child care centre,Hyderabad,Hospital,Chandrayangutta,,17.316206,78.465871,8760a25a4ffffff,,1.0,1.0,True,,300.0,300.0,,3.0,,+914049170030,https://www.practo.com/hyderabad/hospital/the-birthzone-hospital-mother-child-care-centre-chandrayangutta?referrer=hospital_listing,,VN,practo,,1.0,canonical,528,Q3,,Premium,0.263756
hosp_1c371d4f9ab888c5,Datta Sai Dental Hospital,datta sai dental hospital,Hyderabad,Hospital,Ramanthapur,,17.397615,78.5327,8760b52ebffffff,,1.0,1.0,True,,100.0,100.0,,3.0,,+914067822433,https://www.practo.com/hyderabad/hospital/datta-sai-dental-hospital-ramanthapur?referrer=hospital_listing,https://images1-fabric.practo.com/practices/751504/datta-sai-dental-hospital-hyderabad-6659bbd089d62.png,VN,practo,,1.0,canonical,529,Q3,,Premium,0.263756
hosp_4f46d2010016f025,Partha Dental  Skin Hair,partha dental skin hair,Hyderabad,Hospital,LB Nagar,,17.353130036865426,78.54672610759735,8760b52edffffff,,1.0,1.0,True,41.0,0.0,0.0,,2.0,,+914049173256,https://www.practo.com/hyderabad/hospital/partha-dental-11-lb-nagar?referrer=hospital_listing,https://images1-fabric.practo.com/practices/1428127/partha-dental-skin-and-hair-hyderabad-649ad6658b521.PNG,ABS,practo,,1.0,canonical,530,Q3,,Premium,0.263712
hosp_462bb2d97d9b9706,Sai Ram Multi Specality Hospital,sai ram multi specality hospital,Hyderabad,Hospital,Dilsukhnagar,,17.365961,78.525442,8760b525affffff,,1.0,1.0,True,,0.0,0.0,,2.0,,+914067822616,https://www.practo.com/hyderabad/hospital/sai-ram-multi-specality-hospital-dilsukh-nagar?referrer=hospital_listing,,VN,practo,,1.0,canonical,531,Q3,,Premium,0.263712
hosp_658876fa313c06f0,Tooth Tales Dental Hospital,tooth tales dental hospital,Hyderabad,Hospital,Gachibowli,,17.435554615815,78.366701602936,8760a24a6ffffff,,1.0,1.0,True,,500.0,500.0,,2.0,,+914067822495,https://www.practo.com/hyderabad/hospital/tooth-tales-gachibowli?referrer=hospital_listing,https://images1-fabric.practo.com/practices/1156443/tooth-tales-dental-hospital-hyderabad-59dc94c039f2c.jpg,VN,practo,,1.0,canonical,532,Q3,,Premium,0.263712
hosp_39e7eafe1af33fe7,Anitha Dental Hospital,anitha dental hospital,Hyderabad,Hospital,Ashok Nagar,,17.504648517995,78.3087864134,8760a2482ffffff,,1.0,1.0,True,,100.0,100.0,,2.0,,+914067822587,https://www.practo.com/hyderabad/hospital/anitha-dental-hospital-ashok-nagar?referrer=hospital_listing,https://images1-fabric.practo.com/practices/1165450/anitha-dental-hospital-hyderabad-5a0a8c3e60fa3.jpg,VN,practo,,1.0,canonical,533,Q3,,Premium,0.263712
hosp_b01186d36cd56f53,Partha Dental Skin Hair,partha dental skin hair,Hyderabad,Hospital,Nallakunta,,17.400555,78.5059296,8760a25b6ffffff,,1.0,1.0,True,41.0,0.0,0.0,,,,+914049170737,https://www.practo.com/hyderabad/hospital/partha-dental-skin-hair-nallakunta?referrer=hospital_listing,https://images1-fabric.practo.com/practices/1427902/partha-dental-skin-hair-hyderabad-64993e93a4a23.JPG,ABS,practo,,1.0,canonical,534,Q3,,Premium,0.263623
hosp_5658542662a37645,Partha Dental Skin Hair,partha dental skin hair,Hyderabad,Hospital,Rajiv Nagar,,17.4501326,78.4224348,8760a259effffff,,1.0,1.0,True,41.0,0.0,0.0,,,,+914048213516,https://www.practo.com/hyderabad/hospital/partha-dental-clinic-2-rajiv-nagar?referrer=hospital_listing,https://images1-fabric.practo.com/practices/1174327/partha-dental-clinic-hyderabad-649954336bd79.JPG,ABS,practo,,1.0,canonical,535,Q3,,Premium,0.263623
hosp_d8ed940e511ec272,Happy Hospital,happy hospital,Hyderabad,Hospital,Madinaguda,,17.470645004949,78.367087841034,8760a24b5ffffff,,1.0,1.0,True,,350.0,350.0,,,,+914045206183,https://www.practo.com/hyderabad/hospital/happy-hospital-madinaguda?referrer=hospital_listing,https://images1-fabric.practo.com/practices/1182791/happy-hospital-hyderabad-5aacb774c7bc1.jpg,VN,practo,,1.0,canonical,536,Q3,,Premium,0.263623
hosp_b93c96c4e0d2560a,Susheela Hospital,susheela hospital,Hyderabad,Hospital,Ramanthapur,,17.393568,78.536748,8760b52ebffffff,,1.0,1.0,True,,0.0,200.0,,,,+914067822433,https://www.practo.com/hyderabad/hospital/susheela-hospital-ramanthapur?referrer=hospital_listing,https://images1-fabric.practo.com/practices/795931/susheela-hospital-hyderabad-666c3ed033ff4.png,VN,practo,,1.0,canonical,537,Q3,,Premium,0.263623
hosp_238f05975c10b15e,Win Vision Eye Hospitals,win vision eye hospitals,Hyderabad,Hospital,Gachibowli,,17.435397,78.367863,8760a24a6ffffff,,1.0,1.0,True,,200.0,200.0,,,,+914045206183,https://www.practo.com/hyderabad/hospital/win-vision-eye-hospitals-gachibowli-gachibowli?referrer=hospital_listing,https://images1-fabric.practo.com/practices/1231984/win-vision-eye-hospitals-gachibowli-hyderabad-5bc084712784c.jpg,VN,practo,,1.0,canonical,538,Q3,,Premium,0.263623
hosp_32ae755b414aacdc,Maa ENT Hospital,maa ent hospital,Hyderabad,Hospital,Dilsukhnagar,,17.368112251664,78.53018073301,8760b52e9ffffff,,1.0,1.0,True,,600.0,600.0,,,,+914049172574,https://www.practo.com/hyderabad/hospital/maa-ent-hospital-kothapet?referrer=hospital_listing,https://images1-fabric.practo.com/maa-ent-hospital-hyderabad-1490011802-58cfc69af117c.png,VN,practo,,1.0,canonical,539,Q3,,Premium,0.263623
hosp_d59a1c5e812d8e78,Dr. Raja Shekar Reddy Laperoscopy Hospital,dr raja shekar reddy laperoscopy hospital,Hyderabad,Hospital,LB Nagar,,17.35427,78.546992,8760b52edffffff,,1.0,1.0,True,,300.0,300.0,,,,+914067822783,https://www.practo.com/hyderabad/hospital/dr-raja-shekar-reddy-laperoscopy-hospital?referrer=hospital_listing,,VN,practo,,1.0,canonical,540,Q3,,Premium,0.263623
hosp_a9408ec643be77cc,Aarogya Hospital,aarogya hospital,Hyderabad,Hospital,Nampally,,17.385007,78.475291,8760a25b1ffffff,,1.0,1.0,True,,200.0,200.0,,,,+914067822539,https://www.practo.com/hyderabad/hospital/aarogya-hospital-hyderabad?referrer=hospital_listing,https://images1-fabric.practo.com/practices/684653/aarogya-hospital-hyderabad-664b32b5407d5.png,VN,practo,,1.0,canonical,541,Q3,,Premium,0.263623
hosp_91598097e3905f44,Healing Touch Hospital,healing touch hospital,Hyderabad,Hospital,Mehdipatnam,,17.390496,78.451558,8760a2586ffffff,,1.0,1.0,True,,350.0,350.0,,,,+914067822495,https://www.practo.com/hyderabad/hospital/khans-healing-touch-hospital-asif-nagar?referrer=hospital_listing,https://images1-fabric.practo.com/practices/661153/healing-touch-hospital-hyderabad-665af9f81ee01.png,VN,practo,,1.0,canonical,542,Q3,,Premium,0.263623
hosp_809f408fa01e9693,Calcium Hospital,calcium hospital,Hyderabad,Hospital,Nizampet,,17.506449457620253,78.38421016598204,8760a24b2ffffff,,1.0,1.0,True,,400.0,400.0,,,,+914045209803,https://www.practo.com/hyderabad/hospital/calcium-hospital-nizampet?referrer=hospital_listing,https://images1-fabric.practo.com/practices/1209217/calcium-hospital-hyderabad-666bf7f3146da.png,VN,practo,,1.0,canonical,543,Q3,,Premium,0.263623
hosp_80f105f1aa40d927,Vijaya Multispeciality Hospital,vijaya multispeciality hospital,Hyderabad,Hospital,Secunderabad,,17.481753590867,78.595161437988,8760b52d1ffffff,,1.0,1.0,True,,500.0,500.0,,,,+914067822744,https://www.practo.com/hyderabad/hospital/vijaya-multispeciality-hospital-secunderabad?referrer=hospital_listing,https://images1-fabric.practo.com/practices/1135656/vijaya-multispeciality-hospital-hyderabad-5f92d1386d1ef.jpeg,VN,practo,,1.0,canonical,544,Q3,,Premium,0.263623
hosp_c3c0fb55b27563bd,Mahendra Dental Hospital,mahendra dental hospital,Hyderabad,Hospital,Ameerpet,,17.42887,78.454305,8760a2590ffffff,,1.0,1.0,True,,300.0,300.0,,,,+914067822587,https://www.practo.com/hyderabad/hospital/mahendra-dental-hospital-ameerpet?referrer=hospital_listing,https://images1-fabric.practo.com/practices/631903/mahendra-dental-hospital-hyderabad-666951bd79f00.png,VN,practo,,1.0,canonical,545,Q3,,Premium,0.263623
hosp_7f442650c2fd3a36,Jyothi Multispeciality Dental Hospital,jyothi multispeciality dental hospital,Hyderabad,Hospital,Lingampally,,17.492615914148,78.316048672423,8760a2480ffffff,,1.0,1.0,True,,200.0,200.0,,,,+914067822495,https://www.practo.com/hyderabad/hospital/jyothi-multispeciality-dental-hospital-lingampally?referrer=hospital_listing,,VN,practo,,1.0,canonical,546,Q3,,Premium,0.263623
hosp_8928d4d096a4c521,Trident Hospital,trident hospital,Hyderabad,Hospital,Shamshabad,,17.25994689574881,78.3840122446418,8760a251cffffff,,1.0,1.0,True,,0.0,200.0,,,,+914045206171,https://www.practo.com/hyderabad/hospital/trident-hospital-shamshabad?referrer=hospital_listing,https://images1-fabric.practo.com/practices/1220803/trident-hospital-hyderabad-665d6d417dc55.png,VN,practo,,1.0,canonical,547,Q3,,Premium,0.263623
hosp_d404bcfee4c0ea18,Face Dental Hospital,face dental hospital,Hyderabad,Hospital,KPHB,,17.484746,78.38965,8760a24b6ffffff,,1.0,1.0,True,,200.0,200.0,,,,+914067822386,https://www.practo.com/hyderabad/hospital/face-dental-hospital-kukatpally?referrer=hospital_listing,,VN,practo,,1.0,canonical,548,Q3,,Premium,0.263623
hosp_84cba42032d3234d,Srikara hospital,srikara hospital,Hyderabad,Hospital,Hastinapuram,,17.344714503515,78.548507764496,8760b525effffff,,1.0,1.0,True,,500.0,500.0,,,,+918037323965,https://www.practo.com/hyderabad/hospital/naveena-hospital-hastinapuram?referrer=hospital_listing,https://images1-fabric.practo.com/practices/1151232/srikara-hospital-hyderabad-6678fcb32c1b3.png,VN,practo,,1.0,canonical,549,Q3,,Premium,0.263623
hosp_a91dc12ff6e658b0,Leaf Hospital,leaf hospital,Hyderabad,Hospital,Borabanda,,17.459529344535014,78.40037941932678,8760a259affffff,,1.0,1.0,True,,350.0,350.0,,,,+914045209803,https://www.practo.com/hyderabad/hospital/leaf-hospital-2-borabanda?referrer=hospital_listing,,VN,practo,,1.0,canonical,550,Q3,,Premium,0.263623
hosp_5cc23a9efdded203,Datta Sai Dental Hospital,datta sai dental hospital,Hyderabad,Hospital,Amberpet,,17.39287,78.520515,8760a25b6ffffff,,1.0,1.0,True,,100.0,100.0,,,,+914067822616,https://www.practo.com/hyderabad/hospital/datta-sai-dental-hospital-2-amberpet?referrer=hospital_listing,https://images1-fabric.practo.com/practices/761325/datta-sai-dental-hospital-hyderabad-666c36d7601db.png,VN,practo,,1.0,canonical,551,Q3,,Premium,0.263623
hosp_0f04d00f981de6a1,Medinova Hospitals,medinova hospitals,Hyderabad,Hospital,Somajiguda,,,,,,1.0,1.0,True,,0.0,0.0,,,,+914067822377,https://www.practo.com/hyderabad/hospital/medinova-hospitals-somajiguda?referrer=hospital_listing,,VN,practo,,0.6,canonical,552,Q3,,Premium,0.263623
hosp_b5f0fe526f12b0fb,Karthikeya Hospitals,karthikeya hospitals,Hyderabad,Hospital,Hastinapuram,,17.326921229642,78.556639905804,8760b5251ffffff,,1.0,1.0,True,,200.0,200.0,,,,+914067822495,https://www.practo.com/hyderabad/hospital/karthikeya-hospitals-hastinapuram?referrer=hospital_listing,,VN,practo,,1.0,canonical,553,Q3,,Premium,0.263623
hosp_3aec46eb1020378f,Meher Multi Speciality Dental Hospital,meher multi speciality dental hospital,Hyderabad,Hospital,Ecil,,17.476689,78.563403,8760b52dcffffff,,1.0,1.0,True,,100.0,100.0,,,,+914067822744,https://www.practo.com/hyderabad/hospital/meher-multi-speciality-dental-hospital-ecil?referrer=hospital_listing,https://images1-fabric.practo.com/practices/653702/meher-multi-speciality-dental-hospital-hyderabad-6659aebd1bfae.png,VN,practo,,1.0,canonical,554,Q3,,Premium,0.263623
hosp_205bd7cd1db6985b,Arjun Dental Hospital,arjun dental hospital,Hyderabad,Hospital,LB Nagar,,17.35007769969614,78.54809202253819,8760b525effffff,,1.0,1.0,True,,100.0,100.0,,,,+914067822587,https://www.practo.com/hyderabad/hospital/arjun-dental-hospital-lb-nagar?referrer=hospital_listing,,VN,practo,,1.0,canonical,555,Q3,,Premium,0.263623
hosp_a9b4af434c5a1c14,Krishna Hospital,krishna hospital,Hyderabad,Hospital,Afzalgunj,,17.38580138858601,78.48509430885315,8760a25b0ffffff,,1.0,1.0,True,,300.0,300.0,,,,+914041891804,https://www.practo.com/hyderabad/hospital/krishna-hospital-afzalgunj?referrer=hospital_listing,https://images1-fabric.practo.com/krishna-hospital-hyderabad-1466059840-57624c4089c80.jpg,VN,practo,,1.0,canonical,556,Q3,,Premium,0.263623
hosp_8ecee6f526991333,Atlantis Multi Speciality Hospital,atlantis multi speciality hospital,Hyderabad,Hospital,Mehdipatnam,,17.3952,78.4331,8760a2580ffffff,,1.0,1.0,True,,350.0,350.0,,,,+914067822631,https://www.practo.com/hyderabad/hospital/atlantis-multi-speciality-hospital-mehdipatnam?referrer=hospital_listing,https://images1-fabric.practo.com/atlantis-multi-speciality-hospital-hyderabad-1472536452-57c51f841a20b.jpg,VN,practo,,1.0,canonical,557,Q3,,Premium,0.263623
hosp_93c577c59f783186,Lyomania Piles Injection Hospital,lyomania piles injection hospital,Hyderabad,Hospital,Mehdipatnam,,17.39716757320485,78.44320189207792,8760a2586ffffff,,1.0,1.0,True,,300.0,300.0,,,,+914067822480,https://www.practo.com/hyderabad/hospital/lyomania-piles-injection-clinic-secunderabad?referrer=hospital_listing,https://images1-fabric.practo.com/practices/1146739/lyomania-piles-injection-hospital-hyderabad-666ad87e486cf.png,VN,practo,,1.0,canonical,558,Q3,,Premium,0.263623
hosp_9ea028919806df38,Sara Eye Care Hospital,sara eye care hospital,Hyderabad,Hospital,Mehdipatnam,,17.389779,78.442342,8760a2586ffffff,,1.0,1.0,True,,200.0,200.0,,,,+914067822616,https://www.practo.com/hyderabad/hospital/sara-eye-care-hospital-mehdipatnam?referrer=hospital_listing,https://images1-fabric.practo.com/practices/656576/sara-eye-care-hospital-hyderabad-666d6eeeefa4a.png,VN,practo,,1.0,canonical,559,Q3,,Premium,0.263623
hosp_24ea945efd9d625d,Sree Dental Hospital,sree dental hospital,Hyderabad,Hospital,Abids,,17.3881919,78.4806414,8760a25b0ffffff,,1.0,1.0,True,,0.0,100.0,,,,+914067822587,https://www.practo.com/hyderabad/hospital/sree-dental-hospital-abids-1?referrer=hospital_listing,https://images1-fabric.practo.com/practices/703687/sree-dental-hospital-hyderabad-6662bb0dd216c.png,VN,practo,,1.0,canonical,560,Q3,,Premium,0.263623
hosp_cac5c18f6dc97c7b,Balaji Dental Hospital,balaji dental hospital,Hyderabad,Hospital,Ramanthapur,,17.392198,78.530191,8760b52ebffffff,,1.0,1.0,True,,300.0,300.0,,,,+914067822631,https://www.practo.com/hyderabad/hospital/balaji-dental-hospital-ramanthapur?referrer=hospital_listing,https://images1-fabric.practo.com/practices/1134495/balaji-dental-hospital-hyderabad-665c261327a47.png,VN,practo,,1.0,canonical,561,Q3,,Premium,0.263623
hosp_aafa5221b9ddf898,Abhaya Hospital,abhaya hospital,Hyderabad,Hospital,Hayathnagar,,17.331792054968766,78.58919486403465,8760b5250ffffff,,1.0,1.0,True,,400.0,400.0,,,,+914071963654,https://www.practo.com/hyderabad/hospital/abhaya-hospital-2-hayathnagar?referrer=hospital_listing,https://images1-fabric.practo.com/practices/2093632/abhaya-hospital-hyderabad-691ef45fcb2a8.png,VN,practo,,1.0,canonical,562,Q3,,Premium,0.263623
hosp_1f500b7eda6ddd27,Suraksha Dental Hospital KB,suraksha dental hospital kb,Hyderabad,Hospital,Kachiguda,,17.3877441,78.4957951,8760a25b0ffffff,,1.0,1.0,True,,400.0,400.0,,,,+914067822480,https://www.practo.com/hyderabad/hospital/suraksha-dental-hospital-kachiguda-1?referrer=hospital_listing,,VN,practo,,1.0,canonical,563,Q3,,Premium,0.263623
hosp_ca8a0b66976a0feb,Kosaraju Hospitals,kosaraju hospitals,Hyderabad,Hospital,Langar Houz,,17.375445,78.419446,8760a2581ffffff,,1.0,1.0,True,,300.0,300.0,,,,+914049170295,https://www.practo.com/hyderabad/hospital/kosaraju-hospitals-langer-house?referrer=hospital_listing,https://images1-fabric.practo.com/practices/1294541/kosaraju-hospitals-hyderabad-667147eb384d0.png,VN,practo,,1.0,canonical,564,Q3,,Premium,0.263623
hosp_87e474f1f40cfad9,Chandamama Hospital,chandamama hospital,Hyderabad,Hospital,Nacharam,,17.426812,78.55158,8760b52c1ffffff,,1.0,1.0,True,,0.0,0.0,,,,+914067822744,https://www.practo.com/hyderabad/hospital/chandamama-clinic-tarnaka?referrer=hospital_listing,https://images1-fabric.practo.com/practices/646874/chandamama-hospital-hyderabad-619bdda249818.jpg,VN,practo,,1.0,canonical,565,Q3,,Premium,0.263623
hosp_411376065350841a,Kolors Healthcare Pvt Ltd,kolors healthcare,Hyderabad,Hospital,Srinagar Colony,,17.430298849199097,78.43915780238284,8760a2591ffffff,,1.0,1.0,True,10.0,500.0,500.0,,,,+914049172578,https://www.practo.com/hyderabad/hospital/kolors-healthcare-pvt-ltd-1-srinagar-colony?referrer=hospital_listing,https://images1-fabric.practo.com/practices/1323693/kolors-healthcare-pvt-ltd-hyderabad-6041de27b296e.png,active,practo,,1.0,canonical,566,Q3,,Premium,0.263623
hosp_7bda45233420a14b,VS Dental Hospital,vs dental hospital,Hyderabad,Hospital,Vanasthalipuram,,17.331233,78.588378,8760b5250ffffff,,1.0,1.0,True,,100.0,100.0,,,,+914067822744,https://www.practo.com/hyderabad/hospital/vs-dental-hospital-vanasthalipuram-1?referrer=hospital_listing,https://images1-fabric.practo.com/practices/746968/vs-dental-hospital-hyderabad-666a93f6e4965.png,VN,practo,,1.0,canonical,567,Q3,,Premium,0.263623
hosp_bb8b2185b35146a9,Novacare Hospitals,novacare hospitals,Hyderabad,Hospital,Medchal,,17.471369053659913,78.48497226834297,8760b1965ffffff,,4.0,4.0,True,,400.0,500.0,4.0,10.0,,+918045680597,https://www.practo.com/hyderabad/hospital/novacare-hospitals-medchal-1?referrer=hospital_listing,https://images1-fabric.practo.com/practices/1455986/novacare-hospitals-hyderabad-660bed707794e.jpg,ABS,practo,,1.0,canonical,568,Q2,,Mid-Market,0.263131
hosp_79a6170782f5a0ae,KIMS BiBi Hospital,kims bibi hospital,Hyderabad,Hospital,Malakpet,,17.370269,78.500614,8760a25b4ffffff,,8.0,9.0,True,,400.0,500.0,4.0,37.0,,+914045206170,https://www.practo.com/hyderabad/hospital/kims-bibi-hospital-malakpet?referrer=hospital_listing,https://images1-fabric.practo.com/practices/659736/kims-bibi-hospital-hyderabad-5aefee87272ec.jpg,VN,practo,,1.0,canonical,569,Q2,,Mid-Market,0.262921
hosp_460bc0475ea07d3b,Princess Durru Shehvar Hospital,princess durru shehvar hospital,Hyderabad,Hospital,Charminar,,17.368317,78.482759,8760a25b5ffffff,,5.0,7.0,True,,0.0,400.0,4.0,22.0,,+914049170222,https://www.practo.com/hyderabad/hospital/princess-durru-shehvar-hospital-charminar-1?referrer=hospital_listing,https://images1-fabric.practo.com/practices/782650/princess-durru-shehvar-hospital-hyderabad-6673c16970557.png,VN,practo,,1.0,canonical,570,Q2,,Mid-Market,0.262412
hosp_6d28a90f420b2c2a,Kiran Hospital,kiran hospital,Hyderabad,Hospital,Secunderabad,,17.440083,78.485421,8760a2596ffffff,,18.0,17.0,False,,0.0,0.0,,,,+914067822587,https://www.practo.com/hyderabad/hospital/kiran-hospital-secunderabad?referrer=hospital_listing,,VN,practo,,1.0,canonical,571,Q2,,Mid-Market,0.26229
hosp_854dc58c3c7c5fa9,Pramida Dental & Facial-Maxillary Hospital,pramida dental facial maxillary hospital,Hyderabad,Hospital,Malakpet,,17.368394800255356,78.51751685142517,8760a25b4ffffff,,1.0,2.0,False,,200.0,200.0,5.0,24.0,,+914067822305,https://www.practo.com/hyderabad/hospital/de-pramida-dental-hospital-dilsukh-nagar?referrer=hospital_listing,,VN,practo,,1.0,canonical,572,Q2,,Mid-Market,0.262276
hosp_f6e074250ecd47b2,Allwin Hospital,allwin hospital,Hyderabad,Hospital,Khairatabad,,17.409209,78.459151,8760a2595ffffff,,1.0,,True,,250.0,250.0,,,,+914067822616,https://www.practo.com/hyderabad/hospital/allwin-hospital-khairatabad?referrer=hospital_listing,https://images1-fabric.practo.com/practices/648316/allwin-hospital-hyderabad-6670262d59269.png,VN,practo,,1.0,canonical,573,Q2,,Mid-Market,0.261623
hosp_558a0d9bb5c50a32,Global Dental Hospital,global dental hospital,Hyderabad,Hospital,Musheerabad,,17.414459,78.497738,8760a25b2ffffff,,1.0,1.0,False,,200.0,200.0,5.0,25.0,,+914049170295,https://www.practo.com/hyderabad/hospital/global-dental-hospital-musheerabad1?referrer=hospital_listing,,VN,practo,,1.0,canonical,574,Q2,,Mid-Market,0.261586
hosp_8ff5dfdf3e512101,Renova - NIGL Hospitals,renova nigl hospitals,Hyderabad,Hospital,Banjara Hills,,17.413511514981458,78.4246011000219,8760a259cffffff,,11.0,8.0,True,3.0,500.0,950.0,4.0,215.0,2011.0,+918045682362,https://www.practo.com/hyderabad/hospital/renova-ngl-banjara-hills?referrer=hospital_listing,https://images1-fabric.practo.com/practices/660036/renova-nigl-hospitals-hyderabad-65c361ab2022a.PNG,ABS,practo,,1.0,canonical,575,Q2,,Mid-Market,0.261334
hosp_c2bbbc60e1ea8f02,Sri Srinivasa Hospital,sri srinivasa hospital,Hyderabad,Hospital,Santosh Nagar,,17.350639,78.50785,8760b525bffffff,,3.0,3.0,True,,200.0,500.0,3.0,12.0,1978.0,+914067822539,https://www.practo.com/hyderabad/hospital/sri-srinivasa-hospital-santosh-nagar?referrer=hospital_listing,https://images1-fabric.practo.com/practices/644417/sri-srinivasa-hospital-hyderabad-66728f2394892.png,VN,practo,,1.0,canonical,576,Q2,,Mid-Market,0.25997
hosp_e1bf4ad185b6409f,Sri Balaji Nursing Home,sri balaji nursing home,Hyderabad,Hospital,Uppal,,17.40076,78.56681,8760b52eeffffff,,2.0,2.0,False,,0.0,250.0,4.5,27.0,1994.0,+914049174159,https://www.practo.com/hyderabad/hospital/sri-balaji-nursing-home-uppal?referrer=hospital_listing,https://images1-fabric.practo.com/practices/665760/sri-balaji-nursing-home-hyderabad-59364b1d2a003.jpeg,VN,practo,,1.0,canonical,577,Q2,,Mid-Market,0.258721
hosp_387f038fcc413d1a,Dr. Agarwal's Eye Hospital,dr agarwal s eye hospital,Hyderabad,Hospital,Himayat Nagar,,17.399766418888,78.487042766064,8760a25b2ffffff,,3.0,2.0,False,,300.0,500.0,5.0,20.0,,+914067822587,https://www.practo.com/hyderabad/hospital/dr-agarwal-s-eye-hospital-himayat-nagar?referrer=hospital_listing,https://images1-fabric.practo.com/practices/1170266/dr-agarwal-s-eye-hospital-hyderabad-5a2a3a2c6af02.jpg,VN,practo,,1.0,canonical,578,Q2,,Mid-Market,0.258632
hosp_dccb082a741b89ca,Citizens Hospital,citizens hospital,Hyderabad,Hospital,Nallagandla,,17.470453,78.310976,8760a2485ffffff,,14.0,17.0,False,,0.0,650.0,,,,+914048213518,https://www.practo.com/hyderabad/hospital/citizens-hospital-2-nallagandla-4?referrer=hospital_listing,,VN,practo,,1.0,canonical,579,Q2,,Mid-Market,0.258369
hosp_4d9c4821ac9cb5a5,Shree Hospital,shree hospital,Hyderabad,Hospital,Srinagar Colony,,17.430674,78.438799,8760a2591ffffff,,1.0,1.0,True,,700.0,700.0,3.5,12.0,1996.0,+914041891802,https://www.practo.com/hyderabad/hospital/shree-hospital-srinagar-colony?referrer=hospital_listing,https://images1-fabric.practo.com/practices/1149160/shree-hospital-hyderabad-61c57bca363cd.png,VN,practo,,1.0,canonical,580,Q2,,Mid-Market,0.258348
hosp_1b9ab576d596506d,Smile Miles Dental Hospital,smile miles dental hospital,Hyderabad,Hospital,Begumpet,,17.44525,78.46232,8760a2590ffffff,,3.0,1.0,False,,300.0,300.0,4.5,218.0,,+918037324341,https://www.practo.com/hyderabad/hospital/smile-miles-dental-hospital-begumpet-1?referrer=hospital_listing,https://images1-fabric.practo.com/55686f2e748933ddaeb82fbba964fb3461d4e4f1342eb.JPG,ABS,practo,,1.0,canonical,581,Q2,,Mid-Market,0.258271
hosp_b37a872991b74ff2,"Lakshmi Hospital for Women, Children & Multispeciality",lakshmi hospital for women children multispeciality,Hyderabad,Hospital,Madinaguda,,17.49065,78.33737,8760a2486ffffff,,2.0,2.0,True,,0.0,400.0,4.0,62.0,2000.0,+914067822495,https://www.practo.com/hyderabad/hospital/lakshmi-hospital-women-children-multi-specialty-madinaguda?referrer=hospital_listing,,VN,practo,,1.0,canonical,582,Q2,,Mid-Market,0.258207
hosp_c654b730028c6a14,Magnas V  ENT Hospital,magnas v ent hospital,Hyderabad,Hospital,Dilsukhnagar,,17.36815,78.53086,8760b52e9ffffff,,4.0,3.0,True,,200.0,600.0,4.0,552.0,2005.0,+914041891800,https://www.practo.com/hyderabad/hospital/magnas-v-ent-hospitals-dilsukh-nagar?referrer=hospital_listing,https://images1-fabric.practo.com/practices/658022/magnas-v-ent-hospital-hyderabad-666a8199068c5.png,VN,practo,,1.0,canonical,583,Q2,,Mid-Market,0.25806
hosp_62360df36992a813,Vivekananda Hospital,vivekananda hospital,Hyderabad,Hospital,Begumpet,,17.431252353009,78.455453526914,8760a2590ffffff,,36.0,22.0,True,,0.0,1200.0,3.5,123.0,1995.0,+917941056524,https://www.practo.com/hyderabad/hospital/vivekananda-hospital-begumpet-3?referrer=hospital_listing,https://images1-fabric.practo.com/vivekananda-hospital-hyderabad-1467192731-5773959bc6238.jpg,ABS,practo,,1.0,canonical,584,Q2,,Mid-Market,0.258032
hosp_768725f4a032511f,Star Hospital,star hospital,Hyderabad,Hospital,Banjara Hills,,17.41751024499404,78.44370167793352,8760a2591ffffff,,7.0,10.0,False,,0.0,700.0,4.5,42.0,,+914041892133,https://www.practo.com/hyderabad/hospital/star-hospital-neurology-banjara-hills?referrer=hospital_listing,https://images1-fabric.practo.com/practices/1245630/neurology-department-star-hospital-hyderabad-5c7789b30bbf5.jpg,VN,practo,,1.0,canonical,585,Q2,,Mid-Market,0.257923
hosp_6e24d998d9e52cf6,Medivision Eye & Health Care Centre - KPHB,medivision eye health care centre kphb,Hyderabad,Hospital,Kukatpally,,17.495297770066077,78.39314202451389,8760a24b6ffffff,,5.0,2.0,False,,500.0,500.0,5.0,18.0,,+914045210093,https://www.practo.com/hyderabad/hospital/medivision-eye-care-centre-kphb-colony-pragathi-nagar-kukatpally?referrer=hospital_listing,https://images1-fabric.practo.com/practices/1589464/medivision-eye-health-care-centre-kphb-hyderabad-69201c67a70ad.png,ABS,practo,,1.0,canonical,586,Q2,,Mid-Market,0.257552
hosp_1ea182a6d06e96af,PRK Hospitals,prk hospitals,Hyderabad,Hospital,Madinaguda,,17.494766657498,78.321644077993,8760a2486ffffff,,34.0,24.0,True,,0.0,1500.0,3.5,71.0,2019.0,+914048213520,https://www.practo.com/hyderabad/hospital/prk-hospitals-madinaguda?referrer=hospital_listing,https://images1-fabric.practo.com/practices/1349482/prk-hospitals-hyderabad-60ffae453bec1.jpeg,VN,practo,,1.0,canonical,587,Q2,,Mid-Market,0.257548
hosp_f9cb18334fa6f7db,Remedy Hospitals,remedy hospitals,Hyderabad,Hospital,Kukatpally,,17.4947,78.39857,8760a24b6ffffff,,9.0,11.0,True,,0.0,500.0,3.5,14.0,,+914067822539,https://www.practo.com/hyderabad/hospital/remedy-hospitals-kukatpally-1?referrer=hospital_listing,https://images1-fabric.practo.com/53bd074b750fac219bbad3d446d288a6e2bcb67cb3199.png,VN,practo,,1.0,canonical,588,Q2,,Mid-Market,0.257268
hosp_657e31f15ce4d1e2,Renew Medical and Rehabilitation Center,renew medical rehabilitation center,Hyderabad,Hospital,Begumpet,,17.446013,78.46287,8760a2590ffffff,,5.0,3.0,True,,0.0,300.0,4.0,17.0,,+914067822617,https://www.practo.com/hyderabad/hospital/renew-medical-and-rehabilitation-center-begumpet-1?referrer=hospital_listing,https://images1-fabric.practo.com/renew-medical-and-rehabilitation-center-hyderabad-1456628612-56d26384232e4.jpg,VN,practo,,1.0,canonical,589,Q2,,Mid-Market,0.257262
hosp_6c9b60372450a7a1,Ankura Hospital for Women and Children,ankura hospital for women children,Hyderabad,Hospital,Boduppal,,17.403052755612,78.583306074142,8760b52e3ffffff,,19.0,8.0,True,8.0,350.0,900.0,4.0,236.0,,+914045210087,https://www.practo.com/hyderabad/hospital/ankura-hospital-for-women-and-children-boduppal-1?referrer=hospital_listing,https://images1-fabric.practo.com/practices/1117578/ankura-hospital-for-women-and-children-boduppal-hyderabad-5c650f877b03f.jpg,ABS,practo,,1.0,canonical,590,Q2,,Mid-Market,0.256782
hosp_ff23d44ed3264039,Mythri hospital,mythri hospital,Hyderabad,Hospital,Hyder Nagar,,17.4997266,78.3833812,8760a24b6ffffff,,14.0,16.0,False,,0.0,500.0,,2.0,,+914049172962,https://www.practo.com/hyderabad/hospital/mythri-hospital-2-hyder-nagar?referrer=hospital_listing,,active,practo,,1.0,canonical,591,Q2,,Mid-Market,0.256457
hosp_bf4728c8c23e03dc,Vijaya Hospital,vijaya hospital,Hyderabad,Hospital,Madinaguda,,17.495305,78.346092,8760a24b3ffffff,,5.0,8.0,True,,0.0,600.0,4.0,42.0,,+914049172968,https://www.practo.com/hyderabad/hospital/vijaya-hospital-madinaguda-3?referrer=hospital_listing,https://images1-fabric.practo.com/practices/666449/vijaya-hospital-hyderabad-6656b447ce6a0.png,VN,practo,,1.0,canonical,592,Q2,,Mid-Market,0.25635
hosp_c3a209a2c408f6c3,Paramitha Children Hospital,paramitha children hospital,Hyderabad,Hospital,LB Nagar,,17.359583364158,78.544794917107,8760b52edffffff,,6.0,4.0,False,,0.0,500.0,4.5,47.0,2014.0,+914049170222,https://www.practo.com/hyderabad/hospital/paramitha-children-hospital-lb-nagar?referrer=hospital_listing,https://images1-fabric.practo.com/practices/657785/paramitha-children-hospital-hyderabad-59d4cb504a776.jpg,VN,practo,,1.0,canonical,593,Q2,,Mid-Market,0.256303
hosp_2b00811c9f53d80a,Sreehaas Dental Hospital,sreehaas dental hospital,Hyderabad,Hospital,Madinaguda,,17.494278718426415,78.34309816360474,8760a2486ffffff,,3.0,1.0,True,,300.0,1200.0,4.0,10.0,,+914041891804,https://www.practo.com/hyderabad/hospital/sreehaas-dental-hospital-madinaguda?referrer=hospital_listing,https://images1-fabric.practo.com/sreehaas-dental-hospital-hyderabad-1472478478-57c43d0e2a6d8.jpg,VN,practo,,1.0,canonical,594,Q2,,Mid-Market,0.256151
hosp_e4abb50a275c5703,CARE Hospitals,care hospitals,Hyderabad,Hospital,Malakpet,,17.3768915,78.4905862,8760a25b0ffffff,,30.0,19.0,True,,0.0,600.0,3.5,44.0,,+918046810901,https://www.practo.com/hyderabad/hospital/care-hospitals-malakpet-best-hospital-azampura?referrer=hospital_listing,https://images1-fabric.practo.com/practices/1593601/care-hospitals-hyderabad-6908720c6e330.jpeg,ABS,practo,,1.0,canonical,595,Q2,,Mid-Market,0.255495
hosp_2b3a366808a7bd6c,Ankura Hospitals for Women and Children,ankura hospitals for women children,Hyderabad,Hospital,AS Rao Nagar,,17.493,78.4058,8760a24b6ffffff,,9.0,4.0,True,8.0,250.0,900.0,4.0,96.0,2011.0,+914041891799,https://www.practo.com/hyderabad/hospital/ankura-hospitals-for-women-and-children-as-rao-nagar-3?referrer=hospital_listing,https://images1-fabric.practo.com/practices/1052840/ankura-hospitals-for-women-and-children-as-rao-nagar-hyderabad-5c650fcf45746.jpg,ABS,practo,,1.0,canonical,596,Q2,,Mid-Market,0.255242
hosp_d27c2745edc45cc0,Ankura Hospital For Women and Children,ankura hospital for women children,Hyderabad,Hospital,Gachibowli,,17.4198761,78.3621992,8760a24a4ffffff,,19.0,6.0,True,8.0,700.0,1100.0,4.0,117.0,,+918046810922,https://www.practo.com/hyderabad/hospital/ankura-hospital-for-women-children-gachibowli?referrer=hospital_listing,https://images1-fabric.practo.com/practices/1416637/ankura-hospital-for-women-children-hyderabad-640195bf7a1b5.jpg,ABS,practo,,1.0,canonical,597,Q2,,Mid-Market,0.25492
hosp_19d6d30f093cb182,Sathya Kidney Center,sathya kidney center,Hyderabad,Hospital,Himayat Nagar,,17.404788040421746,78.48206475377083,8760a25b3ffffff,,8.0,8.0,True,,500.0,750.0,4.0,61.0,,+918068452155,https://www.practo.com/hyderabad/hospital/sathya-kidney-centre-super-speciality-hospitals-himayat-nagar?referrer=hospital_listing,https://images1-fabric.practo.com/practices/659271/sathya-kidney-centre-and-super-speciality-hospitals-hyderabad-691c25f00c5b7.png,ABS,practo,,1.0,canonical,598,Q2,,Mid-Market,0.254617
hosp_8f0b3955d2c8c3d9,Metro Hospital,metro hospital,Hyderabad,Hospital,Nizampet,,17.50628,78.38367,8760a24b2ffffff,,3.0,2.0,True,,0.0,200.0,4.0,15.0,,+914049174488,https://www.practo.com/hyderabad/hospital/metro-hospital-nizampet?referrer=hospital_listing,https://images1-fabric.practo.com/537ee92445edf6044e1b77e91b4fe89b4880b3c5fad15.jpg,VN,practo,,1.0,canonical,599,Q2,,Mid-Market,0.254574
hosp_9bbb2942efaeab5d,Ankura Hospital For Women & Children,ankura hospital for women children,Hyderabad,Hospital,LB Nagar,,17.358298985847405,78.54477360001016,8760b52edffffff,,16.0,3.0,True,8.0,0.0,1000.0,4.0,53.0,,+914045210656,https://www.practo.com/hyderabad/hospital/ankura-hospital-1-lb-nagar?referrer=hospital_listing,https://images1-fabric.practo.com/practices/1361135/ankura-hospital-for-women-children-hyderabad-61b6decc35db9.jfif,ABS,practo,,1.0,canonical,600,Q2,,Mid-Market,0.25418
hosp_8ae1d8d5e2ec35f2,Matrix Hospital,matrix hospital,Hyderabad,Hospital,Ramanthapur,,17.400064,78.540308,8760b52ebffffff,,10.0,9.0,True,,0.0,400.0,3.5,22.0,2010.0,+914049170222,https://www.practo.com/hyderabad/hospital/matrix-hospital-ramanthapur-1?referrer=hospital_listing,https://images1-fabric.practo.com/matrix-hospital-hyderabad-1464586381-574bd08da0cf4.jpg,VN,practo,,1.0,canonical,601,Q2,,Mid-Market,0.254118
hosp_80297a578c410673,Aries Maternity Hospital,aries maternity hospital,Hyderabad,Hospital,Mehdipatnam,,17.393007,78.445607,8760a2586ffffff,,4.0,4.0,True,,0.0,500.0,4.0,25.0,,+914067822408,https://www.practo.com/hyderabad/hospital/aries-meternity-hospital-mehdipatnam?referrer=hospital_listing,https://images1-fabric.practo.com/practices/662259/aries-maternity-hospital-hyderabad-5c908235a285e.PNG,VN,practo,,1.0,canonical,602,Q2,,Mid-Market,0.253918
hosp_7ef0adb839846688,Ramdev Rao Memorial General Hospital,ramdev rao memorial general hospital,Hyderabad,Hospital,Kukatpally,,17.490273,78.406908,8760b1969ffffff,,7.0,8.0,True,,0.0,500.0,4.0,61.0,,+914067820361,https://www.practo.com/hyderabad/hospital/ramdev-rao-memorial-general-hospital-kukatpally?referrer=hospital_listing,https://images1-fabric.practo.com/practices/630354/ramdev-rao-memorial-general-hospital-hyderabad-6663fc4f9bc3c.png,VN,practo,,1.0,canonical,603,Q2,,Mid-Market,0.253636
hosp_ec221647c94f92e3,Harsha Hospitals,harsha hospitals,Hyderabad,Hospital,Jeedimetla,,17.5209537,78.414496,8760b194cffffff,,2.0,3.0,True,,0.0,400.0,3.5,13.0,2006.0,+914067820165,https://www.practo.com/hyderabad/hospital/harsha-hospitals-jeedimetla?referrer=hospital_listing,https://images1-fabric.practo.com/practices/641347/harsha-hospitals-hyderabad-5aa24fd5e008e.PNG,VN,practo,,1.0,canonical,604,Q2,,Mid-Market,0.253001
hosp_c67d9f603accc978,SVS Hospital,svs hospital,Hyderabad,Hospital,Kachiguda,,17.389255,78.492856,8760a25b0ffffff,,10.0,6.0,True,,0.0,800.0,4.0,59.0,,+914041891805,https://www.practo.com/hyderabad/hospital/svs-hospital-kachiguda?referrer=hospital_listing,https://images1-fabric.practo.com/practices/1157977/svs-hospital-hyderabad-59db6bd42b4f7.jpg,VN,practo,,1.0,canonical,605,Q2,,Mid-Market,0.252979
hosp_fb76559e8c37f70a,Dr Rama's Institute For Fertility,dr rama s institute for fertility,Hyderabad,Hospital,Ameerpet,,17.431547,78.448464,8760a2591ffffff,,2.0,2.0,True,,500.0,500.0,4.0,16.0,,+914045206171,https://www.practo.com/hyderabad/hospital/dr-rama-s-institute-for-fertility-ameerpet-2?referrer=hospital_listing,https://images1-fabric.practo.com/practices/653923/dr-rama-s-institute-for-fertility-hyderabad-5b18c3a1380ac.png,VN,practo,,1.0,canonical,606,Q2,,Mid-Market,0.252947
hosp_1e49ce59d825700d,BBR Super Speciality Hospital,bbr super speciality hospital,Hyderabad,Hospital,Balanagar,,17.46416,78.45712,8760a2592ffffff,,17.0,16.0,True,,0.0,500.0,3.5,70.0,1986.0,+914049174488,https://www.practo.com/hyderabad/hospital/bbr-super-speciality-hospital-balanagar-1-1?referrer=hospital_listing,https://images1-fabric.practo.com/bbr-super-speciality-hospital-hyderabad-1444213785-5614f419e6481.jpg,VN,practo,,1.0,canonical,607,Q2,,Mid-Market,0.252886
hosp_0bfbbb4238c8298f,Maa ENT Hospital,maa ent hospital,Hyderabad,Hospital,Erragadda,,17.455731,78.433912,8760a2593ffffff,,2.0,1.0,False,,500.0,500.0,5.0,18.0,,+914067822453,https://www.practo.com/hyderabad/hospital/maa-ent-hospital-erragadda-1?referrer=hospital_listing,https://images1-fabric.practo.com/maa-ent-hospital-hyderabad-1490085704-58d0e748336c2.png,VN,practo,,1.0,canonical,608,Q2,,Mid-Market,0.25261
hosp_f3d187a7c05db6db,Malakpet Multi Speciality Dental Hospital,malakpet multi speciality dental hospital,Hyderabad,Hospital,Malakpet,,17.374614,78.499034,8760a25b4ffffff,,3.0,1.0,True,,0.0,100.0,4.0,15.0,,+914067822616,https://www.practo.com/hyderabad/hospital/malakpet-dental-hospital-malakpet?referrer=hospital_listing,https://images1-fabric.practo.com/55179d671e21096d6f2e7e1f705ab5e59c84a6dc009b2.png,VN,practo,,1.0,canonical,609,Q2,,Mid-Market,0.252574
hosp_a6aa95f7fdb8969b,Alpha Hospital,alpha hospital,Hyderabad,Hospital,Charminar,,17.358866,78.478073,8760a25b5ffffff,,7.0,8.0,True,,300.0,500.0,3.0,13.0,2000.0,+914071963653,https://www.practo.com/hyderabad/hospital/alpha-hospital-charminar?referrer=hospital_listing,https://images1-fabric.practo.com/practices/671933/alpha-hospital-hyderabad-6545ea274a03e.jpg,VN,practo,,1.0,canonical,610,Q2,,Mid-Market,0.252286
hosp_ad1af4ec71171c24,Mohammedi Memorial Hospital,mohammedi memorial hospital,Hyderabad,Hospital,Attapur,,17.356476,78.453619,8760a25a2ffffff,,1.0,1.0,False,,250.0,250.0,,3.0,1980.0,+914067822433,https://www.practo.com/hyderabad/hospital/mohammedi-memorial-hospital-kishanbagh?referrer=hospital_listing,,VN,practo,,1.0,canonical,611,Q2,,Mid-Market,0.252089
hosp_735b12fece0e8caf,Nirvitha Hospital,nirvitha hospital,Hyderabad,Hospital,Chanda Nagar,,17.5130046,78.301477,8760a249cffffff,,3.0,4.0,True,,0.0,400.0,4.0,29.0,,+914049172579,https://www.practo.com/hyderabad/hospital/nirvitha-hospital-ramachandrapuram?referrer=hospital_listing,https://images1-fabric.practo.com/practices/1135505/nirvitha-hospital-hyderabad-604b8abd5ceb5.png,VN,practo,,1.0,canonical,612,Q2,,Mid-Market,0.251115
hosp_ffacb1dc60a43271,Refracto Eye Hospitals ,refracto eye hospitals,Hyderabad,Hospital,Kondapur,,17.46195811477402,78.36696982383728,8760a24b5ffffff,,3.0,1.0,True,,300.0,300.0,4.0,18.0,,+914067822587,https://www.practo.com/hyderabad/hospital/refracto-eye-hospitals-hitech-city?referrer=hospital_listing,https://images1-fabric.practo.com/practices/1163256/refracto-eye-hospitals-hyderabad-5a32578bd20ce.jpeg,VN,practo,,1.0,canonical,613,Q2,,Mid-Market,0.250695
hosp_6a785655718d6664,Y. Kishan Rao Balanagar Lions Eye Hospital,y kishan rao balanagar lions eye hospital,Hyderabad,Hospital,Balanagar,,17.465797,78.455471,8760b196cffffff,,2.0,1.0,False,,150.0,150.0,,2.0,1983.0,+914045209803,https://www.practo.com/hyderabad/hospital/lion-s-eye-hospital-balanagar?referrer=hospital_listing,,VN,practo,,1.0,canonical,614,Q2,,Mid-Market,0.250525
hosp_75e2d4e732e33591,Zoi Hospitals,zoi hospitals,Hyderabad,Hospital,Bandlaguda,,17.3632953,78.3834669,8760a258cffffff,,12.0,14.0,False,,0.0,400.0,,,,+914049172575,https://www.practo.com/hyderabad/hospital/zoi-hospitals-bandlaguda?referrer=hospital_listing,,VN,practo,,1.0,canonical,615,Q2,,Mid-Market,0.250408
hosp_bbfb13de568f4f17,Lotus Cure Multispeciality Hospital,lotus cure multispeciality hospital,Hyderabad,Hospital,Trimulgherry,,17.470997,78.508604,8760b1964ffffff,,6.0,7.0,True,,500.0,650.0,3.5,12.0,,+914045206170,https://www.practo.com/hyderabad/hospital/lotus-cure-multispeciality-hospital-trimulgherry?referrer=hospital_listing,https://images1-fabric.practo.com/practices/1193662/lotus-cure-multispeciality-hospital-hyderabad-5b1e065d7ad1e.jpeg,VN,practo,,1.0,canonical,616,Q2,,Mid-Market,0.25025
hosp_8a882a8ab7df004f,Kare Dental Hospital,kare dental hospital,Hyderabad,Hospital,Banjara Hills,,17.422432,78.449715,8760a2595ffffff,,1.0,1.0,False,,200.0,200.0,5.0,17.0,,+914067822744,https://www.practo.com/hyderabad/hospital/kare-dental-hospital-somajiguda?referrer=hospital_listing,,VN,practo,,1.0,canonical,617,Q2,,Mid-Market,0.250043
hosp_6af89375cbd7342e,Dr.V. Swetha Skin And Cosmetology Clinic,dr v swetha skin cosmetology clinic,Hyderabad,Hospital,KPHB,,17.492831594803,78.397912823059,8760a24b6ffffff,,1.0,2.0,False,,400.0,400.0,4.5,123.0,,+914067822617,https://www.practo.com/hyderabad/hospital/dr-swetha-s-cosmetic-clinic-sankhya-hospital-kphb?referrer=hospital_listing,https://images1-fabric.practo.com/practices/901429/dr-v-swetha-skin-and-cosmetology-clinic-hyderabad-5e537e78a9f68.jpeg,VN,practo,,1.0,canonical,618,Q2,,Mid-Market,0.249958
hosp_913961a470b06aef,Thumbay Hospital New Life,thumbay hospital new life,Hyderabad,Hospital,Malakpet,,17.376891,78.490591,8760a25b0ffffff,,20.0,15.0,True,,0.0,600.0,3.5,41.0,2015.0,+914045206170,https://www.practo.com/hyderabad/hospital/thumbay-hospital-new-life-malakpet?referrer=hospital_listing,https://images1-fabric.practo.com/practices/1143018/thumbay-hospital-new-life-hyderabad-5913f6bb1e638.png,VN,practo,,1.0,canonical,619,Q2,,Mid-Market,0.249516
hosp_28b512af07ec58f8,Green Leaf Health Centre,green leaf health centre,Hyderabad,Hospital,Kukatpally,,17.491597758789965,78.40974971652031,8760b1969ffffff,,3.0,2.0,True,,0.0,300.0,4.0,24.0,,+914067822495,https://www.practo.com/hyderabad/hospital/green-leaf-health-centre-kukatpally?referrer=hospital_listing,https://images1-fabric.practo.com/practices/940104/green-leaf-health-centre-hyderabad-59840ad5af1b1.jpg,VN,practo,,1.0,canonical,620,Q2,,Mid-Market,0.249428
hosp_9dfd4f69631f18e0,Solis Eye Care Super Specialty Hospital,solis eye care super specialty hospital,Hyderabad,Hospital,Ecil,,17.47417271643848,78.57165724039078,8760b52dcffffff,,6.0,1.0,True,,0.0,500.0,4.0,26.0,,+914041891805,https://www.practo.com/hyderabad/hospital/solis-eye-care-super-specialty-hospital-ecil?referrer=hospital_listing,https://images1-fabric.practo.com/practices/1159972/solis-eye-care-hospital-hyderabad-59f6e2675666a.png,VN,practo,,1.0,canonical,621,Q2,,Mid-Market,0.249404
hosp_0c7e674a22189062,Banjara Dental Hospital,banjara dental hospital,Hyderabad,Hospital,Banjara Hills,,17.408668697014207,78.45046196132898,8760a2595ffffff,,2.0,1.0,False,,200.0,200.0,4.5,124.0,,+914067822616,https://www.practo.com/hyderabad/hospital/geetha-dental-clinic-miyapur?referrer=hospital_listing,https://images1-fabric.practo.com/55896d7d5022e96d6f2e7e1f705ab5e59c84a6dc009b2.PNG,VN,practo,,1.0,canonical,622,Q2,,Mid-Market,0.24905
hosp_c050c181f1d6cb85,Shree Hospital,shree hospital,Hyderabad,Hospital,Baghlingampally,,17.4018,78.49853,8760a25b2ffffff,,4.0,4.0,False,,0.0,350.0,,4.0,1995.0,+914067822616,https://www.practo.com/hyderabad/hospital/shree-hospital-baghlingampally?referrer=hospital_listing,,VN,practo,,1.0,canonical,623,Q2,,Mid-Market,0.248574
hosp_3db488d6ec347613,Vijaya Nursing Home,vijaya nursing home,Hyderabad,Hospital,Chanda Nagar,,17.495665,78.325026,8760a2486ffffff,,10.0,7.0,True,,300.0,750.0,4.0,366.0,,+914041891800,https://www.practo.com/hyderabad/hospital/vijaya-nursing-home-chanda-nagar-2?referrer=hospital_listing,https://images1-fabric.practo.com/practices/1267160/vijaya-nursing-home-hyderabad-5d8d9b2a00a77.jpg,VN,practo,,1.0,canonical,624,Q2,,Mid-Market,0.248448
hosp_57bf68ced7ddb0af,"MANKINDD - The Gastro, Liver & Pancreas Centre",mankindd gastro liver pancreas centre,Hyderabad,Hospital,Himayat Nagar,,17.405501,78.479984,8760a25b3ffffff,,6.0,5.0,True,,0.0,500.0,4.0,53.0,,+914041892136,https://www.practo.com/hyderabad/hospital/mankindd-the-gastro-liver-pancreas-centre-himayat-nagar-2?referrer=hospital_listing,https://images1-fabric.practo.com/mankindd-hospital-gastro-liver-pancreas-centre-hyderabad-1486308275-589743b3e6399.png,VN,practo,,1.0,canonical,625,Q2,,Mid-Market,0.248376
hosp_2ef60dac06348841,Avasa Hospital,avasa hospital,Hyderabad,Hospital,Manikonda,,17.406902,78.3737969,8760a258affffff,,3.0,3.0,True,,800.0,1500.0,4.0,49.0,2019.0,+918068452179,https://www.practo.com/hyderabad/hospital/avasa-hospital-manikonda?referrer=hospital_listing,https://images1-fabric.practo.com/practices/1269912/avasa-hospital-5db84ffc4a52c.jpg,ABS,practo,,1.0,canonical,626,Q2,,Mid-Market,0.248254
hosp_e55e15c3d4fb2d79,Ratna Maternity & Nursing Home ,ratna maternity nursing home,Hyderabad,Hospital,Saidabad,,17.3534341,78.5068859,8760b525bffffff,,1.0,1.0,False,,200.0,200.0,,9.0,1985.0,+914067822631,https://www.practo.com/hyderabad/hospital/ratna-maternity-and-nursing-home-saidabad?referrer=hospital_listing,,VN,practo,,1.0,canonical,627,Q2,,Mid-Market,0.248187
hosp_909ecf1c73f4db20,Stardent Dental Hospital,stardent dental hospital,Hyderabad,Hospital,Miyapur,,17.507345272384832,78.36495280265808,8760a24b3ffffff,,1.0,1.0,True,,100.0,100.0,4.0,19.0,,+914045209803,https://www.practo.com/hyderabad/hospital/stardent-dental-hospital-miyapur?referrer=hospital_listing,https://images1-fabric.practo.com/stardent-dental-hospital-hyderabad-1472704722-57c7b0d298b51.jpg,VN,practo,,1.0,canonical,628,Q2,,Mid-Market,0.248147
hosp_86d43c28008b0c1f,Sudha Hospitals,sudha hospitals,Hyderabad,Hospital,Malkajgiri,,17.404912,78.511214,8760a25b6ffffff,,2.0,2.0,False,,200.0,450.0,4.5,99.0,,+914067822783,https://www.practo.com/hyderabad/hospital/sudha-hospitals-malkajgiri?referrer=hospital_listing,,VN,practo,,1.0,canonical,629,Q2,,Mid-Market,0.247988
hosp_9417e7f7a57f1ab3,K.G Hospital,k g hospital,Hyderabad,Hospital,West Marredpally,,17.441705,78.521569,8760b52c8ffffff,,1.0,1.0,False,,200.0,200.0,,,1985.0,+914067822617,https://www.practo.com/hyderabad/hospital/k-g-hospital-west-marredpally?referrer=hospital_listing,,VN,practo,,1.0,canonical,630,Q2,,Mid-Market,0.24779
hosp_169d2fe65d3e78a8,M. S. Maternity And Nursing Home,m s maternity nursing home,Hyderabad,Hospital,Tolichowki,,17.384855,78.408974,8760a2581ffffff,,1.0,1.0,False,,150.0,150.0,,,1985.0,+914067822433,https://www.practo.com/hyderabad/hospital/m-s-maternity-and-nursing-home-tolichowki?referrer=hospital_listing,,VN,practo,,1.0,canonical,631,Q2,,Mid-Market,0.24779
hosp_f3b10dc374865250,Dr. Sulochana's Hospital,dr sulochana s hospital,Hyderabad,Hospital,Madinaguda,,17.494984766104,78.3403891325,8760a2486ffffff,,2.0,2.0,True,,500.0,500.0,4.0,27.0,,+914049173256,https://www.practo.com/hyderabad/hospital/dr-sulochana-hospital-madinaguda?referrer=hospital_listing,https://images1-fabric.practo.com/practices/1157909/dr-sulochana-s-hospital-hyderabad-5df227c19cfb3.png,VN,practo,,1.0,canonical,632,Q2,,Mid-Market,0.24702
hosp_f4c50bf289193636,Ankura Hospital for Women & Children,ankura hospital for women children,Hyderabad,Hospital,Balanagar,,17.48558,78.44581,8760b196cffffff,,2.0,2.0,True,8.0,400.0,400.0,4.0,47.0,2018.0,+914041891802,https://www.practo.com/hyderabad/hospital/ankura-hospital-for-women-children-balanagar-1?referrer=hospital_listing,https://images1-fabric.practo.com/practices/1220754/ankura-hospital-for-women-children-hyderabad-5c650edf45721.jpg,VN,practo,,1.0,canonical,633,Q2,,Mid-Market,0.246636
hosp_3b188a425ffd18b9,Citi Care Dental Hospital & Implant Centre,citi care dental hospital implant centre,Hyderabad,Hospital,Masab Tank,,17.398878278808,78.448221730068,8760a2586ffffff,,4.0,2.0,False,,200.0,800.0,5.0,12.0,,+914067822790,https://www.practo.com/hyderabad/hospital/citi-care-dental-hospital-implant-centre-masab-tank-1?referrer=hospital_listing,,VN,practo,,1.0,canonical,634,Q2,,Mid-Market,0.246303
hosp_e69f509d9e6e6f80,Srikara Hospitals,srikara hospitals,Hyderabad,Hospital,Ecil,,17.4748984,78.485559,8760b1965ffffff,,8.0,8.0,True,,500.0,800.0,3.5,23.0,2013.0,+914041892133,https://www.practo.com/hyderabad/hospital/srikara-hospital-ecil-1-ecil?referrer=hospital_listing,https://images1-fabric.practo.com/practices/1420883/srikara-hospital-ecil-hyderabad-643a824a26490.png,VN,practo,,1.0,canonical,635,Q2,,Mid-Market,0.246188
hosp_533ed3f82afaf8e3,Vignesh Nursing Home,vignesh nursing home,Hyderabad,Hospital,Kukatpally,,17.492468,78.397688,8760a24b6ffffff,,6.0,6.0,True,,500.0,600.0,4.0,76.0,,+914041891802,https://www.practo.com/hyderabad/hospital/vignesh-nursing-home-kukatpally-1?referrer=hospital_listing,https://images1-fabric.practo.com/5295adc2494cefd456406745d816a45cae554c788e754.jpg,ABS,practo,,1.0,canonical,636,Q2,,Mid-Market,0.24614
hosp_3352ba3a10127a31,HRC Hospital,hrc hospital,Hyderabad,Hospital,Begumpet,,17.444023677913,78.466257001483,8760a2590ffffff,,2.0,2.0,True,,350.0,800.0,4.0,30.0,,+914041892133,https://www.practo.com/hyderabad/hospital/dr-raj-kiran-banjara-hills?referrer=hospital_listing,https://images1-fabric.practo.com/practices/747586/hyderabad-rheumatology-centre-hyderabad-5a18ef34afc29.jpg,VN,practo,,1.0,canonical,637,Q2,,Mid-Market,0.24571
hosp_7561177135dd24c9,BirthRight By Rainbow Women's Clinic & Fertility Centre,birthright rainbow women s clinic fertility centre,Hyderabad,Hospital,Kondapur,,17.456413,78.372875,8760a24b5ffffff,,3.0,5.0,True,4.0,600.0,900.0,4.0,55.0,,+914041892133,https://www.practo.com/hyderabad/hospital/rainbow-children-s-clinic-rainbow-birthright-clinic-madhapur?referrer=hospital_listing,,VN,practo,,1.0,canonical,638,Q2,,Mid-Market,0.244975
hosp_2a541ae7c3cf30cb,Sri Tirumala Maternity & Nursing Home,sri tirumala maternity nursing home,Hyderabad,Hospital,Vidyanagar,,17.415885,78.510292,8760b52cdffffff,,4.0,3.0,False,,0.0,300.0,,,1998.0,+914067822386,https://www.practo.com/hyderabad/hospital/sri-venkataramana-nursing-home-padmarao-nagar?referrer=hospital_listing,,VN,practo,,1.0,canonical,639,Q2,,Mid-Market,0.243898
hosp_328e9f102d49a77d,Konark Hospital,konark hospital,Hyderabad,Hospital,Jeedimetla,,17.5127,78.4749,8760b1963ffffff,,11.0,13.0,True,,200.0,600.0,3.5,39.0,2009.0,+914049170224,https://www.practo.com/hyderabad/hospital/konark-hospital-jeedimetla-1?referrer=hospital_listing,https://images1-fabric.practo.com/55165a2ead6118db221abb2024ca77c2fd423f1f88c09.png,VN,practo,,1.0,canonical,640,Q2,,Mid-Market,0.24357
hosp_e95463a87a45e88d,Kiran Hospital,kiran hospital,Hyderabad,Hospital,Karmanghat,,17.385044,78.486671,8760a25b0ffffff,,11.0,11.0,False,,0.0,0.0,,,,+914067822374,https://www.practo.com/hyderabad/hospital/kiran-hospital-karmanghat?referrer=hospital_listing,,VN,practo,,1.0,canonical,641,Q2,,Mid-Market,0.243427
hosp_8d6e97c06bd07356,Nizam's Institute Of Medical Sciences,nizam s institute medical sciences,Hyderabad,Hospital,Punjagutta,,17.42194,78.45201,8760a2595ffffff,,9.0,6.0,True,,0.0,300.0,4.0,226.0,,+914049172581,https://www.practo.com/hyderabad/hospital/nizam-s-institute-of-medical-sciences-punjagutta?referrer=hospital_listing,https://images1-fabric.practo.com/practices/642311/nizam-s-institute-of-medical-sciences-hyderabad-67a988471dfc3.png,VN,practo,,1.0,canonical,642,Q2,,Mid-Market,0.242912
hosp_1cd94f9013f72e22,Abhaya BBC Children Hopsital,abhaya bbc children hopsital,Hyderabad,Hospital,Vidyanagar,,17.402022,78.509403,8760a25b6ffffff,,2.0,2.0,False,,150.0,150.0,,8.0,1995.0,+914067822587,https://www.practo.com/hyderabad/hospital/abhaya-bbc-children-hopsital-vidyanagar?referrer=hospital_listing,,VN,practo,,1.0,canonical,643,Q2,,Mid-Market,0.24279
hosp_f8b44cbf27f21f2f,Apollo DRDO Hospital,apollo drdo hospital,Hyderabad,Hospital,Kanchanbagh,,17.3425663,78.5069077,8760b525bffffff,,35.0,23.0,True,4.0,0.0,1000.0,3.5,90.0,,+914049170420,https://www.practo.com/hyderabad/hospital/apollo-drdo-hospital-kanchanbagh-1?referrer=hospital_listing,https://images1-fabric.practo.com/practices/1148376/apollo-drdo-hospital-hyderabad-59d747e9a5fc8.jpg,VN,practo,,1.0,canonical,644,Q2,,Mid-Market,0.242607
hosp_3d798441e79106cb,Birthright By Rainbow,birthright rainbow,Hyderabad,Hospital,Vikrampuri Colony,,17.4553478,78.4986727,8760b52cbffffff,,1.0,3.0,True,4.0,700.0,700.0,4.0,42.0,,+914048213519,https://www.practo.com/hyderabad/hospital/rainbow-children-s-hospital-birthright-by-rainbow-vikrampuri-colony?referrer=hospital_listing,,VN,practo,,1.0,canonical,645,Q2,,Mid-Market,0.242428
hosp_680ba6288eae4439,Healing Touch Hospital,healing touch hospital,Hyderabad,Hospital,West Marredpally,,17.4403,78.49763,8760b52c9ffffff,,5.0,5.0,True,,0.0,300.0,4.0,91.0,,+914041891805,https://www.practo.com/hyderabad/hospital/healing-touch-hospital-west-marredpally?referrer=hospital_listing,https://images1-fabric.practo.com/practices/643102/healing-touch-hospital-hyderabad-5be3cd599ea0b.jpg,VN,practo,,1.0,canonical,646,Q2,,Mid-Market,0.241319
hosp_c79ef4281f5f77ed,Sunitha Childrens Hospital,sunitha childrens hospital,Hyderabad,Hospital,Sagar Road,,17.3500957,78.5121894,8760b525bffffff,,1.0,1.0,False,,200.0,200.0,,4.0,1993.0,+914041892136,https://www.practo.com/hyderabad/hospital/sunitha-children-s-hospital-sagar-road?referrer=hospital_listing,,VN,practo,,1.0,canonical,647,Q2,,Mid-Market,0.2413
hosp_b4cf1bdc15338a74,Jayaa Hospital,jayaa hospital,Hyderabad,Hospital,Miyapur,,17.5144892,78.3479982,8760a2495ffffff,,3.0,8.0,True,,0.0,600.0,4.0,177.0,,+918037324228,https://www.practo.com/hyderabad/hospital/jayaa-hospital-miyapur?referrer=hospital_listing,https://images1-fabric.practo.com/5545769460aced7d9b3b43ec9d296b6c0b6ef5c2b0c60.jpg,VN,practo,,1.0,canonical,648,Q2,,Mid-Market,0.241188
hosp_9be28132e7403d16,Long Life Hospitals,long life hospitals,Hyderabad,Hospital,Himayat Nagar,,17.398272,78.485352,8760a25b3ffffff,,1.0,3.0,False,,400.0,400.0,4.5,53.0,,+914067822609,https://www.practo.com/hyderabad/hospital/long-life-hospitals-himayat-nagar-1?referrer=hospital_listing,,VN,practo,,1.0,canonical,649,Q2,,Mid-Market,0.240886
hosp_4c7e7668ffbedba7,Sharada orthopaedic centre,sharada orthopaedic centre,Hyderabad,Hospital,Bowenpally,,17.46879777222356,78.48113536834717,8760b1965ffffff,,3.0,3.0,False,,0.0,500.0,4.5,44.0,,+914067822744,https://www.practo.com/hyderabad/hospital/sai-raghavendra-orthopaedic-and-multispeciality-hospital-bowenpally?referrer=hospital_listing,,VN,practo,,1.0,canonical,650,Q2,,Mid-Market,0.24056
hosp_6f1adb6f710935a1,Manju Sudha Multi speciality ,manju sudha multi speciality,Hyderabad,Hospital,Dilsukhnagar,,17.36967,78.52925,8760b52e9ffffff,,2.0,3.0,True,,300.0,500.0,3.5,11.0,,+914067822631,https://www.practo.com/hyderabad/hospital/manju-sudha-multi-speciality-dilsukh-nagar?referrer=hospital_listing,,VN,practo,,1.0,canonical,651,Q2,,Mid-Market,0.240388
hosp_a0a771b27d793ecf,Sri Narmada Hospital,sri narmada hospital,Hyderabad,Hospital,Gandhinagar,,17.413542,78.490533,8760a25b2ffffff,,4.0,4.0,True,,0.0,200.0,3.5,13.0,,+914067822791,https://www.practo.com/hyderabad/hospital/sri-narmada-hospital-gandhinagar-1?referrer=hospital_listing,https://images1-fabric.practo.com/practices/1190970/sri-narmada-hospital-hyderabad-5af3c9b4523e1.jpg,VN,practo,,1.0,canonical,652,Q2,,Mid-Market,0.240296
hosp_d3b576b4236ffbb7,Swapna Health Care,swapna health care,Hyderabad,Hospital,Begumpet,,17.436383721438,78.458100557327,8760a2590ffffff,,10.0,11.0,True,1.0,0.0,850.0,3.5,67.0,1983.0,+914049172943,https://www.practo.com/hyderabad/hospital/swapna-health-care-begumpet-2?referrer=hospital_listing,https://images1-fabric.practo.com/swapna-health-care-hyderabad-1456743525-56d42465a527c.jpg,VN,practo,,1.0,canonical,653,Q2,,Mid-Market,0.240091
hosp_e8f54ef77a0b1c2d,Sri Tirumala Maternity And Nursing Home,sri tirumala maternity nursing home,Hyderabad,Hospital,Warasiguda,,17.4217561074931,78.5167121887207,8760b52cdffffff,,2.0,2.0,False,,0.0,300.0,,3.0,1998.0,+914067822433,https://www.practo.com/hyderabad/hospital/sri-tirumala-maternity-and-nursing-home-warasiguda?referrer=hospital_listing,,VN,practo,,1.0,canonical,654,Q2,,Mid-Market,0.240069
hosp_23c48cb28521e47f,"Dr. Sreedhar's Kidney, Gyn and IVF Hospital",dr sreedhar s kidney gyn ivf hospital,Hyderabad,Hospital,Gachibowli,,17.428981,78.373958,8760a2599ffffff,,2.0,6.0,True,,500.0,500.0,4.0,410.0,,+917969205095,https://www.practo.com/hyderabad/hospital/dr-sreedhar-s-kidney-gyn-and-ivf-hospital-gachibowli?referrer=hospital_listing,https://images1-fabric.practo.com/practices/1179998/dr-sreedhar-s-kidney-gyn-and-ivf-hospital-hyderabad-5a8d610b8f49f.png,ABS,practo,,1.0,canonical,655,Q2,,Mid-Market,0.239862
hosp_f3a5df136e5c9ac6,Omni Hospitals,omni hospitals,Hyderabad,Hospital,Kothapet,,17.36844,78.53866,8760b52edffffff,,32.0,23.0,True,,0.0,700.0,3.5,143.0,2010.0,+914049170222,https://www.practo.com/hyderabad/hospital/omni-hospital-dilsukh-nagar?referrer=hospital_listing,https://images1-fabric.practo.com/omni-hospital-hyderabad-1463048542-5734595e7815f.jpg,VN,practo,,1.0,canonical,656,Q2,,Mid-Market,0.239725
hosp_265e9a388841831b,Cure Hospital,cure hospital,Hyderabad,Hospital,Old Bowenpally,,17.469063,78.477749,8760b1965ffffff,,2.0,1.0,False,,0.0,300.0,,,1996.0,+914067822617,https://www.practo.com/hyderabad/hospital/cure-hospital-bowenpally?referrer=hospital_listing,,VN,practo,,1.0,canonical,657,Q2,,Mid-Market,0.239604
hosp_04a2d4b87e726da5,"Tx Hospitals Kachiguda, Hyderabad",tx hospitals kachiguda hyderabad,Hyderabad,Hospital,Kachiguda,,17.389563,78.4954536,8760a25b0ffffff,,8.0,10.0,False,,0.0,500.0,,,,+914067820171,https://www.practo.com/hyderabad/hospital/tx-hospitals-kachiguda-hyderabad-kachiguda?referrer=hospital_listing,,VN,practo,,1.0,canonical,658,Q2,,Mid-Market,0.238486
hosp_df0f349338c4a028,Aware Global Hospitals,aware global hospitals,Hyderabad,Hospital,Basheerbagh,,17.398345,78.474496,8760a25b3ffffff,,8.0,10.0,False,,0.0,0.0,,,,+914049172574,https://www.practo.com/hyderabad/hospital/aware-global-hospitals-basheerbagh?referrer=hospital_listing,,VN,practo,,1.0,canonical,659,Q2,,Mid-Market,0.238486
hosp_651d8bd1c554857c,Pratibha Maternity and ENT Hospital,pratibha maternity ent hospital,Hyderabad,Hospital,Trimulgherry,,17.4721,78.505737,8760b1964ffffff,,2.0,2.0,False,,200.0,300.0,,3.0,2000.0,+914067822617,https://www.practo.com/hyderabad/hospital/pratibha-maternity-and-ent-hospital-trimulgherry?referrer=hospital_listing,,VN,practo,,1.0,canonical,660,Q2,,Mid-Market,0.238403
hosp_9e224087bc20a910,Swapna Hospital,swapna hospital,Hyderabad,Hospital,Dilsukhnagar,,17.369704098959,78.531892781615,8760b52e9ffffff,,14.0,8.0,True,,0.0,600.0,3.5,46.0,2000.0,+914049174488,https://www.practo.com/hyderabad/hospital/swapna-hospitals-dilsukh-nagar-1?referrer=hospital_listing,https://images1-fabric.practo.com/practices/1145278/swapna-hospital-hyderabad-5924047940397.jpg,VN,practo,,1.0,canonical,661,Q2,,Mid-Market,0.237799
hosp_e97cff3ef25f5f0f,Vasavi Hospital,vasavi hospital,Hyderabad,Hospital,Chaitanyapuri,,17.3751101,78.540963,8760b52edffffff,,9.0,9.0,False,,0.0,0.0,,,,+914045206183,https://www.practo.com/hyderabad/hospital/vasavi-hospital-1-chaitanyapuri?referrer=hospital_listing,,VN,practo,,1.0,canonical,662,Q2,,Mid-Market,0.237467
hosp_4fe5235b4d788dff,"Radiant Hospital - Institute of Mental Health, Addiction & Rehabilitation",radiant hospital institute mental health addiction rehabilitation,Hyderabad,Hospital,Banjara Hills,,17.40516,78.45226,8760a2595ffffff,,3.0,2.0,False,,0.0,1000.0,4.5,40.0,,+914067822790,https://www.practo.com/hyderabad/hospital/oxygen-institute-of-psychiatry-banjara-hills?referrer=hospital_listing,https://images1-fabric.practo.com/radiant-hospital-institute-of-mental-health-addiction-rehabilitation-hyderabad-1451642173-56864d3d117fb.jpg,VN,practo,,1.0,canonical,663,Q2,,Mid-Market,0.237422
hosp_9cac21f3f290e66a,Dr.Care Dental Hospital,dr care dental hospital,Hyderabad,Hospital,Vanasthalipuram,,17.33283158459534,78.56632232666016,8760b5251ffffff,,1.0,1.0,False,,350.0,350.0,4.5,55.0,,+914067822539,https://www.practo.com/hyderabad/hospital/doctor-s-multispeciality-clinic-vanasthalipuram?referrer=hospital_listing,https://images1-fabric.practo.com/52f1df0a1223f190c668370b5bc65c0c4a44a562b6df6.jpg,VN,practo,,1.0,canonical,664,Q2,,Mid-Market,0.23735
hosp_9d988b8ee0b5d757,Eawsar Lakshmi Hospital,eawsar lakshmi hospital,Hyderabad,Hospital,Gandhinagar,,17.412049,78.488817,8760a25b2ffffff,,1.0,1.0,False,,0.0,0.0,,,1998.0,+914067822495,https://www.practo.com/hyderabad/hospital/eawsar-lakshmi-hospital-gandhinagar?referrer=hospital_listing,,VN,practo,,1.0,canonical,665,Q2,,Mid-Market,0.236957
hosp_545e6b49aa70b551,Life Line Hospital,life line hospital,Hyderabad,Hospital,Chandrayangutta,,17.327418,78.477953,8760a25a4ffffff,,4.0,6.0,True,,0.0,600.0,3.5,17.0,,+914041891804,https://www.practo.com/hyderabad/hospital/life-line-hospital-chandrayangutta?referrer=hospital_listing,https://images1-fabric.practo.com/practices/662083/life-line-hospital-hyderabad-665848ae379bb.jpg,VN,practo,,1.0,canonical,666,Q2,,Mid-Market,0.236931
hosp_21406ec8bf2b326d,Sravani Hospitals,sravani hospitals,Hyderabad,Hospital,KPHB,,17.49439639322986,78.39852333068848,8760a24b6ffffff,,10.0,7.0,True,,600.0,750.0,3.5,22.0,,+914045208262,https://www.practo.com/hyderabad/hospital/sravani-hospitals-kphb-1?referrer=hospital_listing,https://images1-fabric.practo.com/practices/2079247/sravani-hospitals-hyderabad-687f2418bbedd.jpeg,ABS,practo,,1.0,canonical,667,Q2,,Mid-Market,0.236785
hosp_d25a36418d3ea8df,Military Hospital,military hospital,Hyderabad,Hospital,Langar Houz,,17.3799346,78.423322,8760a2580ffffff,,8.0,9.0,False,,0.0,0.0,,,,+914071963653,https://www.practo.com/hyderabad/hospital/military-hospital-1-langar-houz?referrer=hospital_listing,,VN,practo,,1.0,canonical,668,Q2,,Mid-Market,0.236486
hosp_22644005f29730de,Ragi Dental and Orthopaedic Hospital,ragi dental orthopaedic hospital,Hyderabad,Hospital,Vivekananda Nagar,,17.493852147959,78.410579205225,8760b196bffffff,,2.0,2.0,True,,200.0,1000.0,3.5,12.0,,+914045206183,https://www.practo.com/hyderabad/hospital/ragi-dental-and-orthopedic-hospital-vivekananda-nagar?referrer=hospital_listing,,VN,practo,,1.0,canonical,669,Q2,,Mid-Market,0.236328
hosp_bda1e8e0abc5776f,Sakhi Maternity & General Care,sakhi maternity general care,Hyderabad,Hospital,Vanasthalipuram,,17.325375,78.574602,8760b5250ffffff,,2.0,3.0,False,,0.0,200.0,,,2005.0,+914067822587,https://www.practo.com/hyderabad/hospital/sakhi-maternity-general-care-vanasthalipuram?referrer=hospital_listing,,VN,practo,,1.0,canonical,670,Q2,,Mid-Market,0.236104
hosp_e6d51f4a8357d595,Apex Hospitals,apex hospitals,Hyderabad,Hospital,Boduppal,,17.4081203553194,78.59880924224854,8760b52e3ffffff,,2.0,3.0,False,,0.0,250.0,,,2005.0,+914067822744,https://www.practo.com/hyderabad/hospital/apex-hospitals-uppal?referrer=hospital_listing,,VN,practo,,1.0,canonical,671,Q2,,Mid-Market,0.236104
hosp_97e1b99cd7ea1d21,KGH The Family Hospital,kgh family hospital,Hyderabad,Hospital,Malakpet,,17.373086781961,78.509736439887,8760a25b4ffffff,,3.0,6.0,True,,0.0,600.0,3.5,17.0,,+914049173256,https://www.practo.com/hyderabad/hospital/kgh-the-family-hospital-malakpet-1?referrer=hospital_listing,https://images1-fabric.practo.com/practices/1309175/kgh-the-family-hospital-hyderabad-5f9961f640cc4.png,ABS,practo,,1.0,canonical,672,Q2,,Mid-Market,0.23595
hosp_e9876871712e7ea0,Pure Ortho Hospitals,pure ortho hospitals,Hyderabad,Hospital,Sainikpuri,,17.484240514055273,78.54777902451046,8760b52d8ffffff,,9.0,8.0,False,,500.0,1000.0,,9.0,,+914049170737,https://www.practo.com/hyderabad/hospital/pure-hospitals-sainikpuri?referrer=hospital_listing,https://images1-fabric.practo.com/practices/1601852/pure-hospitals-hyderabad-69538a931506b.png,VN,practo,,1.0,canonical,673,Q2,,Mid-Market,0.235863
hosp_8e1967ed2e6f24ab,Leaf Hospital,leaf hospital,Hyderabad,Hospital,Kondapur,,17.46327131311014,78.36737751960754,8760a24b5ffffff,,1.0,1.0,False,,300.0,300.0,4.5,48.0,,+914067822480,https://www.practo.com/hyderabad/hospital/leaf-hospital-kondapur-2?referrer=hospital_listing,https://images1-fabric.practo.com/leaf-hospital-hyderabad-1446612851-56398f7379522.png,VN,practo,,1.0,canonical,674,Q2,,Mid-Market,0.235659
hosp_d250f6da7200fcb1,"Aster Prime Hospital, Hyderabad",aster prime hospital hyderabad,Hyderabad,Hospital,Srinivasa Nagar-Ameerpet,,17.437562,78.4460392,8760a2591ffffff,,11.0,7.0,False,,0.0,700.0,,,,+914041891797,https://www.practo.com/hyderabad/hospital/aster-prime-hospital-hyderabad-srinivasa-nagar-ameerpet?referrer=hospital_listing,,VN,practo,,1.0,canonical,675,Q2,,Mid-Market,0.235427
hosp_3908f3c761afb8a6,Jayaprada Hospital,jayaprada hospital,Hyderabad,Hospital,Lothkunta,,17.4951183,78.5130323,8760b1966ffffff,,1.0,1.0,False,,200.0,200.0,,2.0,2000.0,+914067822631,https://www.practo.com/hyderabad/hospital/jayapradha-hospital-lothkunta?referrer=hospital_listing,,VN,practo,,1.0,canonical,676,Q2,,Mid-Market,0.235378
hosp_12b5e9bffc999896,Matrika Hospital,matrika hospital,Hyderabad,Hospital,Somajiguda,,17.42749,78.46063,8760a2590ffffff,,1.0,2.0,True,,0.0,0.0,3.5,12.0,,+914067822495,https://www.practo.com/hyderabad/hospital/matrika-hospital-somajiguda-1?referrer=hospital_listing,,VN,practo,,1.0,canonical,677,Q2,,Mid-Market,0.235348
hosp_a295b9bc162d79f8,Medisys Hospitals,medisys hospitals,Hyderabad,Hospital,LB Nagar,,17.341403788784,78.557966996503,8760b5253ffffff,,4.0,4.0,True,,300.0,500.0,4.0,138.0,,+914049170295,https://www.practo.com/hyderabad/hospital/medisys-hospitals-lb-nagar-1?referrer=hospital_listing,https://images1-fabric.practo.com/medisys-hospitals-hyderabad-1483000765-5864cbbda89e7.png,VN,practo,,1.0,canonical,678,Q2,,Mid-Market,0.235157
hosp_cf547a7696617bc2,Suraksha Children Hospital,suraksha children hospital,Hyderabad,Hospital,Tarnaka,,17.42613,78.53242,8760b52ccffffff,,30.0,14.0,True,,0.0,1500.0,3.5,58.0,,+918047282566,https://www.practo.com/hyderabad/hospital/suraksha-children-hospital-tarnaka?referrer=hospital_listing,https://images1-fabric.practo.com/practices/659539/suraksha-children-hospital-hyderabad-69f58bc2964fe.png,ABS,practo,,1.0,canonical,679,Q2,,Mid-Market,0.235137
hosp_49142af7e99cd0f5,"Vasavi Hospital, General & Orthopaedic Hospital",vasavi hospital general orthopaedic hospital,Hyderabad,Hospital,Kothapet,,17.363382419945,78.545052409172,8760b52edffffff,,1.0,1.0,True,,400.0,400.0,4.0,56.0,,+914048216833,https://www.practo.com/hyderabad/hospital/vasavi-hospital-general-orthopaedic-hospital-kothapet?referrer=hospital_listing,https://images1-fabric.practo.com/vasavi-hospital-general-orthopaedic-hospital-hyderabad-1443261547-56066c6b13bf8.jpg,VN,practo,,1.0,canonical,680,Q2,,Mid-Market,0.234793
hosp_5c0df743d8d9abec,Sri Ramakrishna Hospital,sri ramakrishna hospital,Hyderabad,Hospital,Kachiguda,,17.386277,78.49438,8760a25b0ffffff,,2.0,2.0,False,,200.0,200.0,,,2005.0,+914067822495,https://www.practo.com/hyderabad/hospital/sri-ramakrishna-hospital-maternity-speciality-nursing-home-kachiguda?referrer=hospital_listing,,VN,practo,,1.0,canonical,681,Q2,,Mid-Market,0.234104
hosp_d74d64068dba96a6,Hyderabad Urology and Andrology Hospital,hyderabad urology andrology hospital,Hyderabad,Hospital,Kothapet,,17.36864887155029,78.53945698589085,8760b52edffffff,,1.0,5.0,True,,500.0,500.0,4.0,141.0,,+914041891802,https://www.practo.com/hyderabad/hospital/hyderabad-urology-and-andrology-center-kothapet?referrer=hospital_listing,https://images1-fabric.practo.com/practices/679010/hyderabad-urology-and-andrology-hospital-hyderabad-5ef43a308c561.png,VN,practo,,1.0,canonical,682,Q2,,Mid-Market,0.234101
hosp_828951ee29d025ec,Prashamsa Hospital,prashamsa hospital,Hyderabad,Hospital,Alwal,,17.503515,78.50968,8760b1966ffffff,,1.0,1.0,False,,300.0,300.0,,4.0,2002.0,+914067822790,https://www.practo.com/hyderabad/hospital/prashamsa-hospital-alwal-1?referrer=hospital_listing,,VN,practo,,1.0,canonical,683,Q2,,Mid-Market,0.2338
hosp_70d102bb94e9b220,SaiVani SuperSupecialty Hospital,saivani supersupecialty hospital,Hyderabad,Hospital,Domalguda,,17.4117858,78.4814639,8760a2594ffffff,,5.0,9.0,False,,0.0,500.0,,2.0,,+914067822539,https://www.practo.com/hyderabad/hospital/saivani-supersupecialty-hospital-domalguda?referrer=hospital_listing,,VN,practo,,1.0,canonical,684,Q2,,Mid-Market,0.233633
hosp_86dbd42d1e63633c,Owaisi Hospital,owaisi hospital,Hyderabad,Hospital,Kanchanbagh,,17.3430842,78.5063589,8760b525bffffff,,6.0,8.0,True,,0.0,450.0,3.5,23.0,,+914067822495,https://www.practo.com/hyderabad/hospital/owaisi-hospital-and-research-centre-kanchanbagh?referrer=hospital_listing,https://images1-fabric.practo.com/practices/641557/owaisi-hospital-hyderabad-66475a28ab956.png,VN,practo,,1.0,canonical,685,Q2,,Mid-Market,0.233394
hosp_9d2b51da6efa4e46,Srija Hospital,srija hospital,Hyderabad,Hospital,Gachibowli,,17.4279408,78.3241097,8760a24a1ffffff,,1.0,1.0,True,,450.0,450.0,3.5,12.0,,+914067822631,https://www.practo.com/hyderabad/hospital/srija-hospital-gachibowli?referrer=hospital_listing,https://images1-fabric.practo.com/srija-hospital-hyderabad-1477120066-580b104292b51.jpg,VN,practo,,1.0,canonical,686,Q2,,Mid-Market,0.233348
hosp_4c7de313554af6d7,Aradhya Multi Speciality Hospital,aradhya multi speciality hospital,Hyderabad,Hospital,Moosapet,,17.469155962859,78.427720810287,8760b196dffffff,,2.0,5.0,True,,250.0,250.0,3.5,17.0,,+914049172962,https://www.practo.com/hyderabad/hospital/aradhya-multi-speciality-hospital-moosapet?referrer=hospital_listing,https://images1-fabric.practo.com/practices/1149601/aradhya-multi-speciality-hospital-hyderabad-59492337c5a9c.jpeg,VN,practo,,1.0,canonical,687,Q2,,Mid-Market,0.23297
hosp_0a77e01d6358a98c,Aruna Hospital,aruna hospital,Hyderabad,Hospital,Ecil,,17.476022852774864,78.56390833854675,8760b52dcffffff,,1.0,1.0,False,,0.0,150.0,,2.0,2003.0,+914067822374,https://www.practo.com/hyderabad/hospital/aruna-hospital-secunderabad?referrer=hospital_listing,,VN,practo,,1.0,canonical,688,Q2,,Mid-Market,0.232878
hosp_7e3e312f55c07255,15 Bases Hospital,15 bases hospital,Hyderabad,Hospital,Hayathnagar,,17.329425,78.595312,8760b5254ffffff,,2.0,3.0,False,,150.0,350.0,,,2009.0,+914067822617,https://www.practo.com/hyderabad/hospital/15-bases-hospital-hayathnagar?referrer=hospital_listing,,VN,practo,,1.0,canonical,689,Q2,,Mid-Market,0.232771
hosp_ccc76630a181be8c,Disha Childrens Hospital,disha childrens hospital,Hyderabad,Hospital,Vanasthalipuram,,17.352486803754854,78.55530649423599,8760b5253ffffff,,2.0,1.0,False,,0.0,250.0,,3.0,2005.0,+914067822433,https://www.practo.com/hyderabad/hospital/disha-childrens-hospital-nagole?referrer=hospital_listing,,VN,practo,,1.0,canonical,690,Q2,,Mid-Market,0.232236
hosp_10669565c595e2d8,Akruti Institute Of Plastic And Cosmetic Surgery,akruti institute plastic cosmetic surgery,Hyderabad,Hospital,Kukatpally,,17.48578,78.39041,8760a24b6ffffff,,2.0,4.0,True,,0.0,600.0,4.0,190.0,,+914067822406,https://www.practo.com/hyderabad/hospital/akruti-institute-of-plastic-and-cosmetic-surgery-kukatpally?referrer=hospital_listing,https://images1-fabric.practo.com/5286306dc44e67854bd4d5aadf839621251e44dbaece2.png,VN,practo,,1.0,canonical,691,Q2,,Mid-Market,0.232074
hosp_0261d7b3d42b1c00,"CARE Hospitals Outpatient Centre, Banjara Hills",care hospitals outpatient centre banjara hills,Hyderabad,Hospital,Banjara Hills,,17.41251,78.45038,8760a2595ffffff,,38.0,21.0,True,,600.0,1000.0,3.5,262.0,2009.0,+918046810609,https://www.practo.com/hyderabad/hospital/care-hospital-banjara-hills-3?referrer=hospital_listing,https://images1-fabric.practo.com/practices/660883/care-hospitals-outpatient-centre-banjara-hills-hyderabad-69de24b362cc3.png,ABS,practo,,1.0,canonical,692,Q2,,Mid-Market,0.231956
hosp_7817a57cb5411eef,Poulomi Hospital,poulomi hospital,Hyderabad,Hospital,Kapra,,17.4823933,78.5524183,8760b52d8ffffff,,8.0,7.0,True,,0.0,500.0,3.5,24.0,,+914067822587,https://www.practo.com/hyderabad/hospital/poulomi-hospital-kapra?referrer=hospital_listing,https://images1-fabric.practo.com/poulomi-hospital-hyderabad-1479269406-582bdc1ec1c4c.png,VN,practo,,1.0,canonical,693,Q2,,Mid-Market,0.231925
hosp_d930f6644a62c61e,Anantha MK Institute of Medical Sciences,anantha mk institute medical sciences,Hyderabad,Hospital,Begumpet,,17.44403617279128,78.46632842405131,8760a2590ffffff,,7.0,7.0,False,,800.0,1500.0,,6.0,,+918045883741,https://www.practo.com/hyderabad/hospital/anantha-rehab-begumpet?referrer=hospital_listing,https://images1-fabric.practo.com/practices/2076895/ananta-rehab-hyderabad-686783294924d.png,ABS,practo,,1.0,canonical,694,Q2,,Mid-Market,0.23177
hosp_85d4f2a8fb12f8ba,"Aravind Eye Hospital, Mehdipatnam",aravind eye hospital mehdipatnam,Hyderabad,Hospital,Mehdipatnam,,17.39191,78.43772,8760a2580ffffff,,1.0,2.0,False,,200.0,300.0,4.5,28.0,,+914067822616,https://www.practo.com/hyderabad/hospital/aravind-eye-hospital-mehdipatnam-mehdipatnam?referrer=hospital_listing,https://images1-fabric.practo.com/527372ecc4797c4ca4238a0b923820dcc509a6f75849b.JPG,VN,practo,,1.0,canonical,695,Q2,,Mid-Market,0.231457
hosp_2b8ef4701eeccad1,Sudha Nursing Home,sudha nursing home,Hyderabad,Hospital,Safilguda,,17.465818,78.5389765,8760b52ddffffff,,1.0,1.0,False,,300.0,300.0,,4.0,2005.0,+914049170224,https://www.practo.com/hyderabad/hospital/sudha-nursing-home-1-ecil?referrer=hospital_listing,,VN,practo,,1.0,canonical,696,Q2,,Mid-Market,0.2313
hosp_3fe6d22d0ba86aff,Lakshmi Ayurveda Hospital,lakshmi ayurveda hospital,Hyderabad,Hospital,Vanasthalipuram,,17.330176419654876,78.56718063354492,8760b5251ffffff,,1.0,1.0,False,,100.0,100.0,,3.0,2005.0,+914067822587,https://www.practo.com/hyderabad/hospital/lakshmi-ayurveda-hospital-vanasthalipuram-1?referrer=hospital_listing,,VN,practo,,1.0,canonical,697,Q2,,Mid-Market,0.231256
hosp_e7a9c46e6080b380,Harsha Hospitals,harsha hospitals,Hyderabad,Hospital,Kukatpally,,17.495136,78.415376,8760b196bffffff,,11.0,5.0,True,,0.0,300.0,3.5,37.0,2007.0,+914049170223,https://www.practo.com/hyderabad/hospital/harsha-hospitals-kukatpally?referrer=hospital_listing,,VN,practo,,1.0,canonical,698,Q2,,Mid-Market,0.231204
hosp_859bb5882b8d5600,Sri Nitya Hospitals,sri nitya hospitals,Hyderabad,Hospital,Vanasthalipuram,,17.32075,78.561819,8760b5251ffffff,,1.0,2.0,False,,150.0,150.0,,8.0,2008.0,+914067822495,https://www.practo.com/hyderabad/hospital/sri-nitya-hospitals-vanasthalipuram?referrer=hospital_listing,,VN,practo,,1.0,canonical,699,Q2,,Mid-Market,0.230976
hosp_5a1c5302bfb5869e,J J Hospital,j j hospital,Hyderabad,Hospital,Kalyan Nagar,,17.44486,78.43233,8760a259effffff,,2.0,2.0,True,,0.0,500.0,4.0,110.0,,+914049173256,https://www.practo.com/hyderabad/hospital/j-j-hospital-kalyan-nagar?referrer=hospital_listing,https://images1-fabric.practo.com/practices/670434/j-j-hospital-hyderabad-5e0ef13cec67e.jpg,VN,practo,,1.0,canonical,700,Q2,,Mid-Market,0.23072
hosp_dbd6b8d73fce9157,Sree Gowri Surgical Maternity Hospital & Fertility Center,sree gowri surgical maternity hospital fertility center,Hyderabad,Hospital,KPHB,,17.491956884708603,78.40133056783866,8760a24b6ffffff,,2.0,3.0,True,,600.0,600.0,4.0,274.0,,+914049170423,https://www.practo.com/hyderabad/hospital/sreegowri-surgical-maternity-hospital-test-tube-baby-center-kphb-1?referrer=hospital_listing,https://images1-fabric.practo.com/practices/1268954/sreegowri-surgical-maternity-hospital-test-tube-baby-center-hyderabad-5db95ce6d60ce.png,VN,practo,,1.0,canonical,701,Q2,,Mid-Market,0.230574
hosp_ede3e4e9a2f9c719,Pristine Eye Hospitals,pristine eye hospitals,Hyderabad,Hospital,Hitech City,,17.4408,78.3768,8760a259bffffff,,3.0,2.0,False,,750.0,750.0,4.5,21.0,,+918047362531,https://www.practo.com/hyderabad/hospital/pristine-eye-hospitals-madhapur-1-hitech-city?referrer=hospital_listing,https://images1-fabric.practo.com/practices/1584133/pristine-eye-hospitals-hyderabad-69395bf99026a.png,ABS,practo,,1.0,canonical,702,Q2,,Mid-Market,0.230539
hosp_97a3f758e0518ebd,Dr. Agarwal's Eye Hospital,dr agarwal s eye hospital,Hyderabad,Hospital,Madinaguda,,17.493752,78.350431,8760a24b3ffffff,,2.0,1.0,False,,0.0,300.0,4.5,28.0,,+914045206002,https://www.practo.com/hyderabad/hospital/dr-agarwal-s-eye-hospital-madinaguda?referrer=hospital_listing,https://images1-fabric.practo.com/practices/1143508/dr-agarwal-s-eye-hospital-hyderabad-5a12cc8c8338d.jpg,VN,practo,,1.0,canonical,703,Q2,,Mid-Market,0.230437
hosp_022bb6d0c29c9a15,Saptagiri Hospital ( A unit of Padmalaya Hospital Pvt Ltd),saptagiri hospital unit padmalaya hospital,Hyderabad,Hospital,Chaitanyapuri,,17.3686425,78.5309017,8760b52e9ffffff,,4.0,5.0,True,,400.0,450.0,3.5,20.0,,+914041891805,https://www.practo.com/hyderabad/hospital/saptagiri-hospital-chaitanyapuri?referrer=hospital_listing,https://images1-fabric.practo.com/practices/659807/saptagiri-hospital-hyderabad-5e677d9f2540b.jpg,VN,practo,,1.0,canonical,704,Q2,,Mid-Market,0.229973
hosp_2c7e01b1c28d5c6e,"Nirmala Maternity, Orthopaedic And General Hospital",nirmala maternity orthopaedic general hospital,Hyderabad,Hospital,Mehdipatnam,,17.394639,78.452177,8760a2586ffffff,,2.0,1.0,False,,0.0,400.0,,7.0,2008.0,+914049174488,https://www.practo.com/hyderabad/hospital/nirmala-maternity-orthopaedic-and-general-hospital-mehdipatnam?referrer=hospital_listing,,VN,practo,,1.0,canonical,705,Q2,,Mid-Market,0.229912
hosp_d41b4a9f3b426e76,SRI CHANDRA MULTI SPECIALITY HOSPITAL,sri chandra multi speciality hospital,Hyderabad,Hospital,Shivrampalli Village,,17.326371818,78.4260355802,8760a25a1ffffff,,5.0,7.0,False,,0.0,0.0,,,,+914045208867,https://www.practo.com/hyderabad/hospital/sri-chandra-multi-speciality-hospital-shivrampalli-village?referrer=hospital_listing,,VN,practo,,1.0,canonical,706,Q2,,Mid-Market,0.229545
hosp_1963c5ebd75b2d14,AGARWAL HOSPITAL AND TRAUMA CARE CENTER,agarwal hospital trauma care center,Hyderabad,Hospital,Ramkoti,,17.385044,78.486671,8760a25b0ffffff,,7.0,6.0,False,,0.0,0.0,,,,+914045206171,https://www.practo.com/hyderabad/hospital/agarwal-hospital-and-trauma-care-center-ramkoti?referrer=hospital_listing,,VN,practo,,1.0,canonical,707,Q2,,Mid-Market,0.229506
hosp_cfb4a6a29db0ea7a,TSRTC Tarnaka Hospital,tsrtc tarnaka hospital,Hyderabad,Hospital,Osmania University,,17.4252039,78.5301165,8760b52ccffffff,,7.0,6.0,False,,0.0,200.0,,,,+914049170737,https://www.practo.com/hyderabad/hospital/tsrtc-tarnaka-hospital-osmania-university?referrer=hospital_listing,,VN,practo,,1.0,canonical,708,Q2,,Mid-Market,0.229506
hosp_1f9b5b68b7d16d3d,Shree Laxmi Nursing Home,shree laxmi nursing home,Hyderabad,Hospital,Chanda Nagar,,17.493556,78.324968,8760a2486ffffff,,1.0,1.0,False,,300.0,300.0,,,2007.0,+914067822617,https://www.practo.com/hyderabad/hospital/shree-laxmi-nursing-home-chanda-nagar-1?referrer=hospital_listing,,VN,practo,,1.0,canonical,709,Q2,,Mid-Market,0.229457
hosp_385286183539f353,Srikara Hospital,srikara hospital,Hyderabad,Hospital,Kompally,,17.531460162707013,78.48762094974518,8760b1944ffffff,,8.0,7.0,True,,500.0,1100.0,3.5,35.0,2013.0,+914049172967,https://www.practo.com/hyderabad/hospital/srikara-hospital-kompally-1-kompally-1?referrer=hospital_listing,https://images1-fabric.practo.com/practices/1420894/srikara-hospital-kompally-hyderabad-643a82005b353.png,VN,practo,,1.0,canonical,710,Q2,,Mid-Market,0.229327
hosp_53ac7cdcaec5a8d9,Care Hospital,care hospital,Hyderabad,Hospital,Banjara Hills,,17.41383,78.43976,8760a2582ffffff,,42.0,24.0,True,,0.0,1000.0,3.5,572.0,,+918045682016,https://www.practo.com/hyderabad/hospital/care-banjara-banjara-hills?referrer=hospital_listing,https://images1-fabric.practo.com/practices/791839/care-hospital-banjara-hills-hyderabad-67d01b99c21d3.png,ABS,practo,,1.0,canonical,711,Q2,,Mid-Market,0.228656
hosp_425e98407894a06e,Vijay Hospital,vijay hospital,Hyderabad,Hospital,Vanasthalipuram,,17.3256449939052,78.57441995267436,8760b5250ffffff,,1.0,1.0,False,,0.0,0.0,,,2008.0,+914067820361,https://www.practo.com/hyderabad/hospital/vijay-hospital-vanasthalipuram?referrer=hospital_listing,,VN,practo,,1.0,canonical,712,Q2,,Mid-Market,0.228623
hosp_64371de0cc294981,asvins specialty hospitals  - somajiguda ,asvins specialty hospitals somajiguda,Hyderabad,Hospital,Somajiguda,,17.4248,78.4564,8760a2595ffffff,,4.0,7.0,False,,0.0,500.0,,,,+914045208866,https://www.practo.com/hyderabad/hospital/asvins-specialty-hospitals-somajiguda-2-somajiguda?referrer=hospital_listing,,VN,practo,,1.0,canonical,713,Q2,,Mid-Market,0.228565
hosp_94a146f4a3d55f3b,"Kamineni Hospital, King Koti, Hyderabad",kamineni hospital king koti hyderabad,Hyderabad,Hospital,Sultan Bazar,,17.3926279,78.4797983,8760a25b3ffffff,,6.0,6.0,False,,0.0,0.0,,,,+914049170423,https://www.practo.com/hyderabad/hospital/kamineni-hospital-king-koti-hyderabad-sultan-bazar?referrer=hospital_listing,,VN,practo,,1.0,canonical,714,Q2,,Mid-Market,0.228525
hosp_36546d27b4855ec2,"Omni Hospital, Kothapet, Hyderabad",omni hospital kothapet hyderabad,Hyderabad,Hospital,Pratap Nagar,,17.3684047,78.5386342,8760b52edffffff,,6.0,6.0,False,,0.0,0.0,,,,+914049172943,https://www.practo.com/hyderabad/hospital/omni-hospital-kothapet-hyderabad-pratap-nagar?referrer=hospital_listing,,VN,practo,,1.0,canonical,715,Q2,,Mid-Market,0.228525
hosp_4593bccb898fb2fc,Vijaya Health Care,vijaya health care,Hyderabad,Hospital,Secunderabad,,17.43874,78.49851,8760b52c9ffffff,,9.0,8.0,True,,0.0,500.0,3.5,29.0,,+914041892132,https://www.practo.com/hyderabad/hospital/vijaya-health-care-secunderabad-1?referrer=hospital_listing,https://images1-fabric.practo.com/practices/632887/vijaya-health-care-hyderabad-672dc7f6683a9.png,VN,practo,,1.0,canonical,716,Q2,,Mid-Market,0.22832
hosp_5a4b9a4ec3da2847,Aruna Dental Hospital,aruna dental hospital,Hyderabad,Hospital,Saidabad,,17.358559346429253,78.51861655712128,8760b525affffff,,1.0,1.0,False,,200.0,200.0,4.5,24.0,,+914041891806,https://www.practo.com/hyderabad/hospital/aruna-dental-hospital-saidabad?referrer=hospital_listing,https://images1-fabric.practo.com/aruna-dental-hospital-hyderabad-1457795900-56e4333cb2480.JPG,VN,practo,,1.0,canonical,717,Q2,,Mid-Market,0.227871
hosp_1dffffbffd02355a,Maa ENT Hospital,maa ent hospital,Hyderabad,Hospital,Balanagar,,17.464101,78.453,8760b196cffffff,,3.0,2.0,False,,600.0,600.0,,5.0,2014.0,+914045208867,https://www.practo.com/hyderabad/hospital/maa-ent-hospital-balanagar?referrer=hospital_listing,https://images1-fabric.practo.com/maa-ent-hospital-hyderabad-1490078725-58d0cc05a53aa.png,VN,practo,,1.0,canonical,718,Q2,,Mid-Market,0.227805
hosp_a822e5329a5d0300,Medicover Hospitals..,medicover hospitals,Hyderabad,Hospital,Chanda Nagar,,17.4982,78.3144,8760a2482ffffff,,35.0,20.0,True,3.0,0.0,1000.0,3.5,170.0,2016.0,+917941056776,https://www.practo.com/hyderabad/hospital/medicover-hospitals-2-chanda-nagar?referrer=hospital_listing,https://images1-fabric.practo.com/practices/1360867/medicover-hospitals-hyderabad-62bc34623595b.png,ABS,practo,,1.0,canonical,719,Q2,,Mid-Market,0.227795
hosp_d3ce41943a006cc9,Uppal Industrial Association Hospital,uppal industrial association hospital,Hyderabad,Hospital,Uppal,,17.401235,78.548127,8760b52eaffffff,,1.0,1.0,False,,0.0,0.0,,,2009.0,+914067822744,https://www.practo.com/hyderabad/hospital/medi-eye-care-hospital-hayathnagar?referrer=hospital_listing,,VN,practo,,1.0,canonical,720,Q2,,Mid-Market,0.22779
hosp_66cf6ed69a410999,Supraja Hospitals,supraja hospitals,Hyderabad,Hospital,Nagole,,17.376738,78.558359,8760b52ecffffff,,19.0,16.0,True,,500.0,1000.0,3.5,113.0,2000.0,+918045680212,https://www.practo.com/hyderabad/hospital/supraja-hospitals-nagole?referrer=hospital_listing,https://images1-fabric.practo.com/supraja-hospital-hyderabad-1467340656-5775d7704f385.png,ABS,practo,,1.0,canonical,721,Q2,,Mid-Market,0.22758
hosp_e7e254dcf51c35d3,SAI JYOTHI EYE HOSPITAL,sai jyothi eye hospital,Hyderabad,Hospital,Secunderabad,,17.446926340811,78.502417981799,8760b52cbffffff,,1.0,1.0,True,1.0,500.0,500.0,4.0,113.0,,+918045682064,https://www.practo.com/hyderabad/hospital/saijyothi-eye-institute-secunderabad-2?referrer=hospital_listing,https://images1-fabric.practo.com/practices/1112078/sai-jyothi-eye-hospital-hyderabad-6756c720c9c45.png,ABS,practo,,1.0,canonical,722,Q2,,Mid-Market,0.227532
hosp_46bb5fb224171c4d,Laalityam Hospitals,laalityam hospitals,Hyderabad,Hospital,Indira Nagar,,17.33740597121948,78.57301518481174,8760b5250ffffff,,7.0,5.0,False,,500.0,600.0,,,,+918047093367,https://www.practo.com/hyderabad/hospital/laalityam-hospitals-indira-nagar?referrer=hospital_listing,https://images1-fabric.practo.com/practices/1606650/laalityam-hospitals-hyderabad-679726d05f437.png,ABS,practo,,1.0,canonical,723,Q2,,Mid-Market,0.227506
hosp_5b09ffab66438f2c,Shadow Hospitals,shadow hospitals,Hyderabad,Hospital,Hayathnagar,,17.326978,78.6003405,8760b5254ffffff,,1.0,1.0,False,,100.0,100.0,,,2010.0,+914067822631,https://www.practo.com/hyderabad/hospital/shadow-hospitals-hayathnagar?referrer=hospital_listing,,VN,practo,,1.0,canonical,724,Q2,,Mid-Market,0.226957
hosp_b66562637a19b78f,Rakshitha Hospital,rakshitha hospital,Hyderabad,Hospital,Dilsukhnagar,,17.3700268,78.5317426,8760b52e9ffffff,,6.0,5.0,False,,0.0,1000.0,,5.0,,+914067822433,https://www.practo.com/hyderabad/hospital/rakshitha-hospitals-chaitanyapuri?referrer=hospital_listing,,VN,practo,,1.0,canonical,725,Q2,,Mid-Market,0.226746
hosp_fbb50ba41fbd0cc1,Sunridge Multispeciality Hospital,sunridge multispeciality hospital,Hyderabad,Hospital,Moti Nagar,,17.453822214711,78.421330153942,8760a259effffff,,6.0,5.0,False,,400.0,600.0,,4.0,,+914049172575,https://www.practo.com/hyderabad/hospital/sunridge-multispeciality-hospital-moti-nagar?referrer=hospital_listing,https://images1-fabric.practo.com/practices/1344792/sunridge-multispeciality-hospital-hyderabad-65310d8be7de8.png,VN,practo,,1.0,canonical,726,Q2,,Mid-Market,0.226702
hosp_331b0927aaac5456,Ocean International Dental Hospitals,ocean international dental hospitals,Hyderabad,Hospital,Madhapur,,17.440012636984,78.389711120268,8760a2598ffffff,,2.0,1.0,False,,500.0,500.0,,5.0,2012.0,+914049174377,https://www.practo.com/hyderabad/hospital/pos-dental-hospital-satyanarayanapuram?referrer=hospital_listing,https://images1-fabric.practo.com/practices/1028631/ocean-international-dental-hospitals-hyderabad-67c55c3d70114.jpg,ABS,practo,,1.0,canonical,727,Q2,,Mid-Market,0.226491
hosp_fb722332af92787d,Prashanthi Ortho & Maternity Hospital,prashanthi ortho maternity hospital,Hyderabad,Hospital,Malkajgiri,,17.45776,78.53411,8760b52caffffff,,3.0,3.0,True,,200.0,300.0,3.5,36.0,2000.0,+914067820361,https://www.practo.com/hyderabad/hospital/prashanthi-ortho-maternity-hospital-malkajgiri?referrer=hospital_listing,,VN,practo,,1.0,canonical,728,Q2,,Mid-Market,0.226213
hosp_a624c48cd3325616,C C Shroff Memorial Hospital,c c shroff memorial hospital,Hyderabad,Hospital,Barkatpura,,17.39151,78.49722,8760a25b0ffffff,,12.0,12.0,True,,0.0,500.0,3.0,19.0,,+914045206002,https://www.practo.com/hyderabad/hospital/c-c-shroff-memorial-hospital-barkatpura?referrer=hospital_listing,,VN,practo,,1.0,canonical,729,Q2,,Mid-Market,0.225907
hosp_2efa6904ad436488,New Lifeline Multispecility Hospital,new lifeline multispecility hospital,Hyderabad,Hospital,Kapra,,17.487904339584706,78.55410285294056,8760b52d8ffffff,,5.0,5.0,False,,0.0,1800.0,,8.0,,+918037323505,https://www.practo.com/hyderabad/hospital/lifeline-clinics-yapral?referrer=hospital_listing,,VN,practo,,1.0,canonical,730,Q2,,Mid-Market,0.225897
hosp_ff3f28b8a3370fa4,Mahaveer Hospital,mahaveer hospital,Hyderabad,Hospital,Old City,,17.0522062221,79.2652750972,8760b58f5ffffff,,5.0,5.0,False,,0.0,0.0,,,,+914049172968,https://www.practo.com/hyderabad/hospital/mahaveer-hospital-1-old-city?referrer=hospital_listing,,active,practo,,1.0,canonical,731,Q2,,Mid-Market,0.225545
hosp_7685ba352e4659f0,FERNANDES HOSPITAL,fernandes hospital,Hyderabad,Hospital,Banjara Hills,,17.4070676,78.441371,8760a2582ffffff,,7.0,4.0,False,,0.0,1000.0,,,,+914048213514,https://www.practo.com/hyderabad/hospital/fernandes-hospital-banjara-hills?referrer=hospital_listing,,VN,practo,,1.0,canonical,732,Q2,,Mid-Market,0.225506
hosp_f7bad7281221d931,Safe Mother & Child Hospital,safe mother child hospital,Hyderabad,Hospital,Champapet,,17.343867,78.523557,8760b5258ffffff,,1.0,1.0,False,,200.0,200.0,,4.0,2012.0,+914067822539,https://www.practo.com/hyderabad/hospital/safe-mother-child-hospital-champapet?referrer=hospital_listing,,VN,practo,,1.0,canonical,733,Q2,,Mid-Market,0.225466
hosp_ab00b43dbc8cf2ca,Vasan Eye Care,vasan eye care,Hyderabad,Hospital,Santosh Nagar,,17.345838,78.522691,8760b525affffff,,3.0,1.0,False,5.0,400.0,400.0,4.5,14.0,,+918047107165,https://www.practo.com/hyderabad/hospital/vasan-eye-care-santosh-nagar-santosh-nagar?referrer=hospital_listing,https://images1-fabric.practo.com/practices/645996/vasan-eye-care-hyderabad-685d47d3829f6.png,ABS,practo,,1.0,canonical,734,Q2,,Mid-Market,0.225098
hosp_2d50f078c4fb27fb,SRM Westin Multi-speciality Hospital,srm westin multi speciality hospital,Hyderabad,Hospital,Madhapur,,17.4505865,78.3873175,8760a259bffffff,,10.0,7.0,True,,500.0,1200.0,2.5,10.0,,+918047095280,https://www.practo.com/hyderabad/hospital/smr-westin-multi-speciality-hospital-madhapur?referrer=hospital_listing,https://images1-fabric.practo.com/practices/1716016/srm-westin-multi-speciality-hospital-hyderabad-698ab2ace8ad9.jpeg,ABS,practo,,1.0,canonical,735,Q2,,Mid-Market,0.225057
hosp_ac45f9099a73ed3c,Maa ENT Hospital,maa ent hospital,Hyderabad,Hospital,Mehdipatnam,,17.397801,78.443304,8760a2586ffffff,,2.0,1.0,False,,600.0,600.0,,8.0,2014.0,+914045208867,https://www.practo.com/hyderabad/hospital/maa-ent-hospital-mehdipatnam?referrer=hospital_listing,https://images1-fabric.practo.com/maa-ent-hospital-hyderabad-1490011825-58cfc6b145094.png,VN,practo,,1.0,canonical,736,Q2,,Mid-Market,0.224956
hosp_9f439bde88068175,Padmaavathi Nethralaya Hospital,padmaavathi nethralaya hospital,Hyderabad,Hospital,Kukatpally,,17.491477,78.401239,8760a24b6ffffff,,1.0,1.0,False,,400.0,400.0,4.5,17.0,,+914049170222,https://www.practo.com/hyderabad/hospital/padmaavathi-nethralaya-hospital-kukatpally?referrer=hospital_listing,https://images1-fabric.practo.com/practices/793693/padmaavathi-nethralaya-hospital-hyderabad-58e3cf25d696f.jpg,VN,practo,,1.0,canonical,737,Q2,,Mid-Market,0.224692
hosp_efe4cf743cc7b650,Naidu Eye Hospital,naidu eye hospital,Hyderabad,Hospital,Madinaguda,,17.4942891,78.3416123,8760a2486ffffff,,1.0,1.0,False,,0.0,0.0,4.5,17.0,,+914049170223,https://www.practo.com/hyderabad/hospital/naidu-eye-hospital-madinaguda?referrer=hospital_listing,,VN,practo,,1.0,canonical,738,Q2,,Mid-Market,0.224692
hosp_819bd454002d123a,Chaitanya Hospitals & Diagnostics,chaitanya hospitals diagnostics,Hyderabad,Hospital,Kushaiguda,,17.4790168,78.5870249,8760b52d1ffffff,,2.0,1.0,False,,100.0,150.0,,,2014.0,+914067822433,https://www.practo.com/hyderabad/hospital/chaitanya-hospitals-diagnostics-kushaiguda?referrer=hospital_listing,,VN,practo,,1.0,canonical,739,Q2,,Mid-Market,0.224604
hosp_ed8724076094ae1c,"K K Reddy Hospital, Hyderabad",k k reddy hospital hyderabad,Hyderabad,Hospital,Pragathi Nagar-Kukatpally,,17.4917074,78.3973727,8760a24b6ffffff,,4.0,5.0,False,,0.0,0.0,,,,+914045208867,https://www.practo.com/hyderabad/hospital/k-k-reddy-hospital-hyderabad-pragathi-nagar-kukatpally?referrer=hospital_listing,,VN,practo,,1.0,canonical,740,Q2,,Mid-Market,0.224565
hosp_13e0d8b95cefd608,Amma Eye Care Hospital,amma eye care hospital,Hyderabad,Hospital,Vanasthalipuram,,17.341851689327513,78.55715990066528,8760b5253ffffff,,1.0,1.0,False,,0.0,0.0,,,2013.0,+914045206183,https://www.practo.com/hyderabad/hospital/amma-eye-care-hospital-lb-nagar?referrer=hospital_listing,,VN,practo,,1.0,canonical,741,Q2,,Mid-Market,0.224457
hosp_cc2a07fca1ea5a99,Omega Hospital,omega hospital,Hyderabad,Hospital,Banjara Hills,,17.4139,78.42407,8760a259cffffff,,23.0,10.0,True,,200.0,1000.0,3.5,52.0,,+914049170222,https://www.practo.com/hyderabad/hospital/omega-hospital-banjara-hills-2?referrer=hospital_listing,https://images1-fabric.practo.com/53d3545b00e2b96d6f2e7e1f705ab5e59c84a6dc009b2.png,VN,practo,,1.0,canonical,742,Q2,,Mid-Market,0.224344
hosp_e71a226ebd335be3,Pranaam Hospital,pranaam hospital,Hyderabad,Hospital,Madinaguda,,17.494498719083982,78.34274411201477,8760a2486ffffff,,25.0,20.0,True,,0.0,600.0,3.5,238.0,2002.0,+914045206002,https://www.practo.com/hyderabad/hospital/pranaam-hospital-madinaguda-5?referrer=hospital_listing,https://images1-fabric.practo.com/pranaam-hospital-hyderabad-1471435037-57b4511d6af07.png,VN,practo,,1.0,canonical,743,Q2,,Mid-Market,0.224113
hosp_3e68ee9866bd70b7,Sai Krishna Neuro Hospital,sai krishna neuro hospital,Hyderabad,Hospital,Kachiguda,,17.38994,78.49593,8760a25b0ffffff,,22.0,15.0,True,,150.0,750.0,3.5,159.0,1995.0,+914049172575,https://www.practo.com/hyderabad/hospital/sai-krishna-neuro-hospital-kachiguda-2?referrer=hospital_listing,https://images1-fabric.practo.com/53be3859eda074cade5ce23af26d93cd0870f5855957c.jpg,VN,practo,,1.0,canonical,744,Q2,,Mid-Market,0.223969
hosp_c02daaf1c0ff71c8,2nd Hope Acupuncture Hopsital,2nd hope acupuncture hopsital,Hyderabad,Hospital,Madhapur,,17.445835032087,78.391682558722,8760a259bffffff,,1.0,1.0,False,,500.0,500.0,4.5,15.0,,+914049172968,https://www.practo.com/hyderabad/hospital/2nd-life-nature-cure-hospital-kphb?referrer=hospital_listing,https://images1-fabric.practo.com/practices/1139454/2nd-hope-acupuncture-hopsital-hyderabad-62565afb6592b.jpeg,active,practo,,1.0,canonical,745,Q2,,Mid-Market,0.22367
hosp_e762b446f88d8ece,Hydent Dental Hospital,hydent dental hospital,Hyderabad,Hospital,Karwan,,17.3741468,78.4458211,8760a2584ffffff,,1.0,1.0,False,,100.0,100.0,,,2014.0,+914067822744,https://www.practo.com/hyderabad/hospital/hydent-dental-hospital-karwan?referrer=hospital_listing,,VN,practo,,1.0,canonical,746,Q2,,Mid-Market,0.223623
hosp_d463065ca430fc43,KNM Smile Dental Hospital,knm smile dental hospital,Hyderabad,Hospital,Begumpet,,17.44492,78.462975,8760a2590ffffff,,2.0,1.0,False,,0.0,200.0,4.5,13.0,,+914067822587,https://www.practo.com/hyderabad/hospital/knm-smile-dental-hospital-begumpet?referrer=hospital_listing,,VN,practo,,1.0,canonical,747,Q2,,Mid-Market,0.223569
hosp_60a311d8faf4abcf,"Rainbow Children Hospital And Birthright, Lb Nagar, Hyderabad",rainbow children hospital birthright lb nagar hyderabad,Hyderabad,Hospital,Vijayawada Highway,,17.3417106,78.55879,8760b5253ffffff,,5.0,4.0,False,,0.0,0.0,,,,+914049170423,https://www.practo.com/hyderabad/hospital/rainbow-children-hospital-and-birthright-lb-nagar-hyderabad-vijayawada-highway?referrer=hospital_listing,,VN,practo,,1.0,canonical,748,Q2,,Mid-Market,0.223545
hosp_ed7831f65eadaae5,"The Deccan Hospital, Hyderabad",deccan hospital hyderabad,Hyderabad,Hospital,Durga Nagar,,17.4247384,78.4554823,8760a2595ffffff,,5.0,4.0,False,,0.0,0.0,,,,+914071963653,https://www.practo.com/hyderabad/hospital/the-deccan-hospital-hyderabad-durga-nagar?referrer=hospital_listing,,VN,practo,,1.0,canonical,749,Q2,,Mid-Market,0.223545
hosp_33a31ce7107cb5a3,SM Smile Care Dental Hospital,sm smile care dental hospital,Hyderabad,Hospital,Nallakunta,,17.395773593854063,78.50369811058044,8760a25b6ffffff,,1.0,1.0,False,,0.0,100.0,4.5,14.0,,+914067822617,https://www.practo.com/hyderabad/hospital/sm-smile-care-dental-hospital-nallakunta?referrer=hospital_listing,,VN,practo,,1.0,canonical,750,Q2,,Mid-Market,0.223137
hosp_981c0f583f959e8f,Srikara Hospital,srikara hospital,Hyderabad,Hospital,RTC X Road,,17.4089269,78.4940779,8760a25b2ffffff,,12.0,10.0,True,4.0,500.0,1500.0,3.5,54.0,2013.0,+914030165624,https://www.practo.com/hyderabad/hospital/srikara-hospital-rtc-rtc-x-road?referrer=hospital_listing,https://images1-fabric.practo.com/practices/1420884/srikara-hospital-rtc-hyderabad-643a8216c1014.png,VN,practo,,1.0,canonical,751,Q2,,Mid-Market,0.222981
hosp_8828c36f98a0a67e,Xenia Hospital,xenia hospital,Hyderabad,Hospital,Ecil,,17.47274,78.57119,8760b52dcffffff,,3.0,2.0,True,,0.0,200.0,3.5,29.0,2011.0,+914041891804,https://www.practo.com/hyderabad/hospital/xenia-hospital-ecil?referrer=hospital_listing,https://images1-fabric.practo.com/xenia-hospital-hyderabad-1468346605-578530edf1132.jpg,VN,practo,,1.0,canonical,752,Q2,,Mid-Market,0.222937
hosp_11683b0ee13b8812,Safe Children Hospital,safe children hospital,Hyderabad,Hospital,Malakpet,,17.372266,78.4911848,8760a25b5ffffff,,4.0,4.0,False,,250.0,400.0,,2.0,,+914049170224,https://www.practo.com/hyderabad/hospital/safe-children-hospital-malakpet?referrer=hospital_listing,,VN,practo,,1.0,canonical,753,Q2,,Mid-Market,0.222653
hosp_bb81b21f4af98543,Lalitha Hospitals,lalitha hospitals,Hyderabad,Hospital,Navodaya Colony,,17.5165913,78.414412,8760b194cffffff,,4.0,4.0,False,,0.0,400.0,,,,+914041892132,https://www.practo.com/hyderabad/hospital/lalitha-hospitals-navodaya-colony-1?referrer=hospital_listing,,VN,practo,,1.0,canonical,754,Q2,,Mid-Market,0.222565
hosp_53fbb5e2525c5c31,"Rainbow Children Hospital, Hyder Nagar, Hyderabad",rainbow children hospital hyder nagar hyderabad,Hyderabad,Hospital,Hyder Nagar,,17.4996901,78.3840308,8760a24b6ffffff,,6.0,3.0,False,,0.0,0.0,,,,+914071963653,https://www.practo.com/hyderabad/hospital/rainbow-children-hospital-hyder-nagar-hyderabad-hyder-nagar?referrer=hospital_listing,,VN,practo,,1.0,canonical,755,Q2,,Mid-Market,0.222525
hosp_c858f7e0d6b61409,"Rainbow Children Hospital, Banjara Hills, Hyderabad",rainbow children hospital banjara hills hyderabad,Hyderabad,Hospital,Srinagar Colony,,17.4254319,78.4319898,8760a2591ffffff,,6.0,3.0,False,,0.0,0.0,,,,+914048213521,https://www.practo.com/hyderabad/hospital/rainbow-children-hospital-banjara-hills-hyderabad-srinagar-colony?referrer=hospital_listing,,VN,practo,,1.0,canonical,756,Q2,,Mid-Market,0.222525
hosp_9fe90c5d50838087,Tanvir Hospital,tanvir hospital,Hyderabad,Hospital,Srinagar Colony,,17.4298503,78.4339011,8760a2591ffffff,,6.0,4.0,True,,400.0,800.0,3.5,52.0,1994.0,+914049172574,https://www.practo.com/hyderabad/hospital/tanvir-hospital-srinagar-colony-3?referrer=hospital_listing,https://images1-fabric.practo.com/practices/1149815/tanvir-hospital-hyderabad-67285cc395c88.jpg,ABS,practo,,1.0,canonical,757,Q2,,Mid-Market,0.222344
hosp_6e452d644a55a467,Hyderabad Nursing Home,hyderabad nursing home,Hyderabad,Hospital,Basheerbagh,,17.406934,78.476175,8760a25b3ffffff,,3.0,4.0,False,,0.0,500.0,,5.0,,+914067822495,https://www.practo.com/hyderabad/hospital/hyderabad-nursing-home-basheerbagh?referrer=hospital_listing,,VN,practo,,1.0,canonical,758,Q2,,Mid-Market,0.221805
hosp_981f9c30e3a55c43,smile n glow dental and skin hospital  - karkhana ,smile n glow dental skin hospital karkhana,Hyderabad,Hospital,Karkhana,,17.4614,78.5007,8760b52cbffffff,,1.0,5.0,False,,0.0,0.0,,,,+914041891802,https://www.practo.com/hyderabad/hospital/smile-n-glow-dental-and-skin-hospital-karkhana-karkhana?referrer=hospital_listing,,VN,practo,,1.0,canonical,759,Q2,,Mid-Market,0.221623
hosp_fa21f95144bf5791,Pulse Hospital,pulse hospital,Hyderabad,Hospital,Hafeezpet,,17.4773586,78.3618317,8760a24b1ffffff,,3.0,4.0,False,,0.0,450.0,,,,+914049172943,https://www.practo.com/hyderabad/hospital/pulse-hospital-1-hafeezpet?referrer=hospital_listing,,VN,practo,,1.0,canonical,760,Q2,,Mid-Market,0.221584
hosp_077d493038413464,Sai Kiran Hospital,sai kiran hospital,Hyderabad,Hospital,Karmanghat,,16.6767628,78.4892239,8760a29b2ffffff,,3.0,4.0,False,,0.0,200.0,,,,+914045206183,https://www.practo.com/hyderabad/hospital/sai-kiran-hospital-1-karmanghat?referrer=hospital_listing,,VN,practo,,1.0,canonical,761,Q2,,Mid-Market,0.221584
hosp_23d24fe822c94c36,Dr. Akbar Eye Hospital,dr akbar eye hospital,Hyderabad,Hospital,Mehdipatnam,,17.393847,78.443516,8760a2586ffffff,,5.0,1.0,True,,0.0,500.0,3.0,11.0,,+914067822616,https://www.practo.com/hyderabad/hospital/dr-akbar-eye-hospital-mehdipatnam?referrer=hospital_listing,https://images1-fabric.practo.com/558c590e6cb8e8c2857a9ad1d8f31659e35e904e20fa6.png,VN,practo,,1.0,canonical,762,Q2,,Mid-Market,0.221312
hosp_680d3d4e68b1400b,Pavan Sai Hospital,pavan sai hospital,Hyderabad,Hospital,LB Nagar,,17.365937266267544,78.55800747871399,8760b52ecffffff,,2.0,1.0,True,,0.0,300.0,3.5,30.0,2008.0,+914067820171,https://www.practo.com/hyderabad/hospital/pavan-sai-hospital-lb-nagar?referrer=hospital_listing,https://images1-fabric.practo.com/pavan-sai-hospital-1441090317-55e54b0dd0c73.jpg,VN,practo,,1.0,canonical,763,Q2,,Mid-Market,0.221242
hosp_a291a5323dc79009,"Omega Hospital, Hyderabad",omega hospital hyderabad,Hyderabad,Hospital,Venkateswara Colony-Banjara Hills,,17.4135613,78.4240212,8760a259cffffff,,4.0,3.0,False,,0.0,0.0,,,,+914045206171,https://www.practo.com/hyderabad/hospital/omega-hospital-hyderabad-venkateswara-colony-banjara-hills?referrer=hospital_listing,,VN,practo,,1.0,canonical,764,Q2,,Mid-Market,0.220565
hosp_ee28a9fbb450b911,Rainbow Children Hospital,rainbow children hospital,Hyderabad,Hospital,Whitefields,,17.455493,78.3720613,8760a24b5ffffff,,4.0,3.0,False,,0.0,500.0,,,,+914049172581,https://www.practo.com/hyderabad/hospital/rainbow-children-hospital-whitefields?referrer=hospital_listing,,VN,practo,,1.0,canonical,765,Q2,,Mid-Market,0.220565
hosp_ec4a3630febac4d0,Focus Hospital,focus hospital,Hyderabad,Hospital,Champapet,,17.344734,78.518291,8760b5258ffffff,,1.0,4.0,False,,0.0,0.0,,7.0,,+914067822374,https://www.practo.com/hyderabad/hospital/focus-hospital-champapet-1?referrer=hospital_listing,,VN,practo,,1.0,canonical,766,Q2,,Mid-Market,0.219932
hosp_bf61386c49c0bf2d,Suncity Nursing Home,suncity nursing home,Hyderabad,Hospital,Langar Houz,,17.3634551,78.4002114,8760a25aaffffff,,3.0,3.0,False,,0.0,500.0,,2.0,,+914067822616,https://www.practo.com/hyderabad/hospital/suncity-nursing-home-langer-house?referrer=hospital_listing,,VN,practo,,1.0,canonical,767,Q2,,Mid-Market,0.219672
hosp_c79e7e41da6ae59d,KR Hospital,kr hospital,Hyderabad,Hospital,Nampally,,17.3859276,78.4683882,8760a25b1ffffff,,3.0,3.0,False,,0.0,300.0,,2.0,,+914045209753,https://www.practo.com/hyderabad/hospital/kr-hospital-nampally?referrer=hospital_listing,,VN,practo,,1.0,canonical,768,Q2,,Mid-Market,0.219672
hosp_26096de9a3022a03,My Hospital,my hospital,Hyderabad,Hospital,King Koti,,17.3947049,78.4856579,8760a25b0ffffff,,3.0,3.0,False,,0.0,0.0,,,,+914045208866,https://www.practo.com/hyderabad/hospital/my-hospital-king-koti?referrer=hospital_listing,,VN,practo,,1.0,canonical,769,Q2,,Mid-Market,0.219584
hosp_878a9b790ad13298,preeti urology and kidney hospital  - kondapur ,preeti urology kidney hospital kondapur,Hyderabad,Hospital,Whitefields,,17.4539,78.3641,8760a24a6ffffff,,3.0,3.0,False,,0.0,0.0,,,,+914049172963,https://www.practo.com/hyderabad/hospital/preeti-urology-and-kidney-hospital-kondapur-1-whitefields?referrer=hospital_listing,,VN,practo,,1.0,canonical,770,Q2,,Mid-Market,0.219584
hosp_6df79524afae668a,Malkajgiri Area hospital,malkajgiri area hospital,Hyderabad,Hospital,Malkajgiri,,17.4512748,78.5340584,8760b52ceffffff,,5.0,2.0,False,,0.0,0.0,,,,+914045206183,https://www.practo.com/hyderabad/hospital/malkajgiri-area-hospital-malkajgiri?referrer=hospital_listing,,active,practo,,1.0,canonical,771,Q2,,Mid-Market,0.219545
hosp_a9992fbe5fcbd5be,Challa Hospitals,challa hospitals,Hyderabad,Hospital,Ameerpet,,17.4397,78.45057,8760a2590ffffff,,15.0,14.0,True,,0.0,550.0,3.5,206.0,1984.0,+914045206002,https://www.practo.com/hyderabad/hospital/challa-hospital-ameerpet?referrer=hospital_listing,https://images1-fabric.practo.com/53b3e21e7ad0f7f6ba0941bf074acb3c3b3a739626c2f.jpg,VN,practo,,1.0,canonical,772,Q2,,Mid-Market,0.219353
hosp_4def5c23406e7f64,SMT. Bhagwan Devi Hospital,smt bhagwan devi hospital,Hyderabad,Hospital,Old City,,17.3645505,78.4733525,8760a25a2ffffff,,2.0,3.0,False,,0.0,400.0,,4.0,,+914067822587,https://www.practo.com/hyderabad/hospital/smt-bhagwan-devi-hospital-old-city?referrer=hospital_listing,,VN,practo,,1.0,canonical,773,Q2,,Mid-Market,0.21878
hosp_dcdcde8f842a34f9,Maxi Vision Super Speciality Eye Hospital,maxi vision super speciality eye hospital,Hyderabad,Hospital,Begumpet,,17.444429,78.466252,8760a2590ffffff,,6.0,1.0,False,,0.0,200.0,,5.0,,+914067822744,https://www.practo.com/hyderabad/hospital/maxi-vision-super-speciality-eye-hospital-begumpet?referrer=hospital_listing,,VN,practo,,1.0,canonical,774,Q2,,Mid-Market,0.218746
hosp_0e15c20e8ba0766a,activelife physiotherapy and rehabilitation centre  - kphb colony ,activelife physiotherapy rehabilitation centre kphb colony,Hyderabad,Hospital,Kukatpally,,17.4876,78.4,8760a24b6ffffff,,4.0,2.0,False,,0.0,0.0,,2.0,,+914041891803,https://www.practo.com/hyderabad/hospital/activelife-physiotherapy-and-rehabilitation-centre-kphb-colony-kukatpally?referrer=hospital_listing,,VN,practo,,1.0,canonical,775,Q2,,Mid-Market,0.218653
hosp_c92d2439b0506a9d,Dr Chandra Shekar Hospital,dr chandra shekar hospital,Hyderabad,Hospital,Shamshabad,,17.067453213793,78.203599338719,8760a219effffff,,2.0,3.0,False,,0.0,150.0,,,,+914045206183,https://www.practo.com/hyderabad/hospital/dr-chandra-shekar-hospital-shamshabad?referrer=hospital_listing,,VN,practo,,1.0,canonical,776,Q2,,Mid-Market,0.218604
hosp_ff8fcfdf55487aa5,Bhaskara Hospital,bhaskara hospital,Hyderabad,Hospital,IDA Jeedimetla,,17.5713303,78.4249286,8760b195dffffff,,2.0,3.0,False,,0.0,0.0,,,,+914041892132,https://www.practo.com/hyderabad/hospital/bhaskara-hospital-1-ida-jeedimetla?referrer=hospital_listing,,VN,practo,,1.0,canonical,777,Q2,,Mid-Market,0.218604
hosp_33cbcbf1e04562c3,matrusri hospital  - nizampet ,matrusri hospital nizampet,Hyderabad,Hospital,Nandamuri Nagar,,17.5031,78.3878,8760a24b6ffffff,,2.0,3.0,False,,0.0,300.0,,,,+914067820170,https://www.practo.com/hyderabad/hospital/matrusri-hospital-nizampet-nandamuri-nagar?referrer=hospital_listing,,VN,practo,,1.0,canonical,778,Q2,,Mid-Market,0.218604
hosp_3c17897949c38733,Anaya Hospitals Hyderabad,anaya hospitals hyderabad,Hyderabad,Hospital,Narayanguda,,17.3992195,78.4924644,8760a25b2ffffff,,2.0,3.0,False,,0.0,0.0,,,,+914048213514,https://www.practo.com/hyderabad/hospital/anaya-hospitals-hyderabad-narayanguda?referrer=hospital_listing,,VN,practo,,1.0,canonical,779,Q2,,Mid-Market,0.218604
hosp_78ca04388bc03416,sreegowri surgical maternity hospital and test tube baby center  - kukatpally ,sreegowri surgical maternity hospital test tube baby center kukatpally,Hyderabad,Hospital,Pragathi Nagar-Kukatpally,,17.492,78.3977,8760a24b6ffffff,,2.0,3.0,False,,0.0,500.0,,,,+914071964867,https://www.practo.com/hyderabad/hospital/sreegowri-surgical-maternity-hospital-and-test-tube-baby-center-kukatpally-pragathi-nagar-kukatpally?referrer=hospital_listing,,VN,practo,,1.0,canonical,780,Q2,,Mid-Market,0.218604
hosp_4f4b2c828247cfe7,Sai Siddhartha Super Speciality Hospital,sai siddhartha super speciality hospital,Hyderabad,Hospital,Kompally,,17.5309926,78.4895862,8760b1944ffffff,,2.0,3.0,False,,0.0,0.0,,,,+914048216833,https://www.practo.com/hyderabad/hospital/sai-siddhartha-super-speciality-hospital-kompally?referrer=hospital_listing,,VN,practo,,1.0,canonical,781,Q2,,Mid-Market,0.218604
hosp_8b03219c4d60604f,Vanaja Hospital,vanaja hospital,Hyderabad,Hospital,Malkajgiri,,17.44235,78.5371643,8760b52ceffffff,,2.0,3.0,False,,0.0,0.0,,,,+914045206171,https://www.practo.com/hyderabad/hospital/vanaja-hospital-malkajgiri?referrer=hospital_listing,,VN,practo,,1.0,canonical,782,Q2,,Mid-Market,0.218604
hosp_3e3ee65cfc27af20,padmavathi gastro and liver hospital  - miyapur ,padmavathi gastro liver hospital miyapur,Hyderabad,Hospital,Ambedkar Nagar,,17.4948,78.36,8760a24b3ffffff,,2.0,3.0,False,,0.0,0.0,,,,+914041892134,https://www.practo.com/hyderabad/hospital/padmavathi-gastro-and-liver-hospital-miyapur-1-ambedkar-nagar?referrer=hospital_listing,,VN,practo,,1.0,canonical,783,Q2,,Mid-Market,0.218604
hosp_16635fe2ed7f1139,NHS Hospitals,nhs hospitals,Hyderabad,Hospital,West Marredpally,,17.4505328,78.503195,8760b52cbffffff,,2.0,3.0,False,,0.0,0.0,,,,+914045206170,https://www.practo.com/hyderabad/hospital/nhs-hospitals-west-marredpally?referrer=hospital_listing,,VN,practo,,1.0,canonical,784,Q2,,Mid-Market,0.218604
hosp_f5982fed43b10b13,sai veda hospitals  - bandlaguda jagir ,sai veda hospitals bandlaguda jagir,Hyderabad,Hospital,Sri Venkateshwara Colony,,17.3545,78.3888,8760a25abffffff,,2.0,3.0,False,,0.0,0.0,,,,+914049170393,https://www.practo.com/hyderabad/hospital/sai-veda-hospitals-bandlaguda-jagir-sri-venkateshwara-colony?referrer=hospital_listing,,VN,practo,,1.0,canonical,785,Q2,,Mid-Market,0.218604
hosp_bef40c369a94a014,Anusri Hospitals,anusri hospitals,Hyderabad,Hospital,Secunderabad,,17.4291238,78.5057,8760b52c9ffffff,,5.0,5.0,False,,0.0,500.0,4.0,17.0,2018.0,+914041891800,https://www.practo.com/hyderabad/hospital/anusri-hospitals-padmarao-nagar?referrer=hospital_listing,https://images1-fabric.practo.com/practices/1274189/anusri-hospitals-hyderabad-5e12cc259fbe1.jpg,VN,practo,,1.0,canonical,786,Q2,,Mid-Market,0.217929
hosp_7af6b98b1864b610,Swetha Hospital,swetha hospital,Hyderabad,Hospital,Khairatabad,,17.407847,78.458425,8760a2595ffffff,,3.0,2.0,False,,0.0,150.0,,2.0,,+914067822539,https://www.practo.com/hyderabad/hospital/swetha-hospital-khairatabad?referrer=hospital_listing,,VN,practo,,1.0,canonical,787,Q2,,Mid-Market,0.217672
hosp_864eb70e6212b4db,Fort dental hospital ,fort dental hospital,Hyderabad,Hospital,Tolichowki,,17.402872955617344,78.41049134731293,8760a2583ffffff,,1.0,3.0,False,,500.0,500.0,,,,+914045208867,https://www.practo.com/hyderabad/hospital/fort-dental-hospital-1-tolichowki?referrer=hospital_listing,,VN,practo,,1.0,canonical,788,Q2,,Mid-Market,0.217623
hosp_44f652223544ecef,dr.y.rami reddy's gastro & liver center  - toli chowki ,dr y rami reddy s gastro liver center toli chowki,Hyderabad,Hospital,Tarakarama Nagar,,17.4071,78.4018,8760a259dffffff,,1.0,3.0,False,,0.0,0.0,,,,+914030165624,https://www.practo.com/hyderabad/hospital/dr-y-rami-reddy-s-gastro-liver-center-toli-chowki-tarakarama-nagar?referrer=hospital_listing,,VN,practo,,1.0,canonical,789,Q2,,Mid-Market,0.217623
hosp_3e9cbe717ed7e716,"Vijay Marie Hospital, Hyderabad",vijay marie hospital hyderabad,Hyderabad,Hospital,P & T Officers Colony,,17.40753,78.4557671,8760a2595ffffff,,3.0,2.0,False,,0.0,0.0,,,,+914048216834,https://www.practo.com/hyderabad/hospital/vijay-marie-hospital-hyderabad-p-t-officers-colony?referrer=hospital_listing,,VN,practo,,1.0,canonical,790,Q2,,Mid-Market,0.217584
hosp_fac5ae7ea6533108,"Citi Neuro Centre, Banjara Hill, Hyderabad",citi neuro centre banjara hill hyderabad,Hyderabad,Hospital,Venkateswara Colony-Banjara Hills,,17.4136954,78.4244467,8760a259cffffff,,3.0,2.0,False,,0.0,0.0,,,,+914049172968,https://www.practo.com/hyderabad/hospital/citi-neuro-centre-banjara-hill-hyderabad-venkateswara-colony-banjara-hills?referrer=hospital_listing,,VN,practo,,1.0,canonical,791,Q2,,Mid-Market,0.217584
hosp_257373625059fd22,maxivision eye hospital  - somajiguda ,maxivision eye hospital somajiguda,Hyderabad,Hospital,Somajiguda,,17.4248,78.4566,8760a2595ffffff,,5.0,1.0,False,,0.0,0.0,,,,+914045210458,https://www.practo.com/hyderabad/hospital/maxivision-eye-hospital-somajiguda-1-somajiguda?referrer=hospital_listing,,VN,practo,,1.0,canonical,792,Q2,,Mid-Market,0.217545
hosp_6a38522899f9dfc4,Prathima Hospitals,prathima hospitals,Hyderabad,Hospital,Kukatpally,,17.49744216157077,78.39705985039473,8760a24b6ffffff,,20.0,12.0,True,,600.0,950.0,3.5,65.0,,+914045209651,https://www.practo.com/hyderabad/hospital/prathima-hospitals-kukatpally-2?referrer=hospital_listing,https://images1-fabric.practo.com/practices/1605765/prathima-hospitals-hyderabad-695239c111b3c.png,ABS,practo,,1.0,canonical,793,Q2,,Mid-Market,0.217157
hosp_64b6f609054f469c,Sree Maruthi Nursing Home,sree maruthi nursing home,Hyderabad,Hospital,West Marredpally,,17.455013,78.508732,8760b52cbffffff,,2.0,2.0,False,,0.0,300.0,,2.0,,+914067822539,https://www.practo.com/hyderabad/hospital/sree-maruthi-nursing-home-west-marredpally?referrer=hospital_listing,,VN,practo,,1.0,canonical,794,Q2,,Mid-Market,0.216692
hosp_78427c9aced0fc3c,Swathi Hospital,swathi hospital,Hyderabad,Hospital,Banjara Hills,,17.410352102135565,78.41882798820734,8760a259cffffff,,2.0,2.0,False,,100.0,150.0,,2.0,,+914067822616,https://www.practo.com/hyderabad/hospital/swathi-hospital-banjara-hills?referrer=hospital_listing,,VN,practo,,1.0,canonical,795,Q2,,Mid-Market,0.216692
hosp_fd0b1bbff1731b1f,Blossoms Hospital,blossoms hospital,Hyderabad,Hospital,Bandlaguda,,12.947422368478,77.709605199653,87618920bffffff,,2.0,2.0,False,,400.0,400.0,,,,+918071031227,https://www.practo.com/hyderabad/hospital/ashirwad-hospital-munnekollal?referrer=hospital_listing,,VN,practo,,1.0,canonical,796,Q2,,Mid-Market,0.216604
hosp_4b3c0bc52a7cf140,Apollo Institute of Medical Science,apollo institute medical science,Hyderabad,Hospital,Jubilee Hills,,17.415127259133,78.413130223979,8760a259cffffff,,2.0,2.0,False,,0.0,350.0,,,,+914045208867,https://www.practo.com/hyderabad/hospital/apollo-general-hospital-jubilee-hills?referrer=hospital_listing,,VN,practo,,1.0,canonical,797,Q2,,Mid-Market,0.216604
hosp_2b2c09082e0613c8,Vasundhara Hospital,vasundhara hospital,Hyderabad,Hospital,Kukatpally,,17.4735112,78.4193954,8760b196dffffff,,2.0,2.0,False,,0.0,200.0,,,,+914067822305,https://www.practo.com/hyderabad/hospital/vasundhara-hospital-kukatpally?referrer=hospital_listing,,VN,practo,,1.0,canonical,798,Q2,,Mid-Market,0.216604
hosp_4812430fd07101f6,ADR Hospital,adr hospital,Hyderabad,Hospital,Malkajgiri,,17.458440641122433,78.54095935821533,8760b52ddffffff,,2.0,2.0,False,,0.0,500.0,,,,+914067822539,https://www.practo.com/hyderabad/hospital/adr-hospital-malkajgiri?referrer=hospital_listing,,VN,practo,,1.0,canonical,799,Q2,,Mid-Market,0.216604
hosp_c75ad172dc34f608,Sri Niharika Hospital,sri niharika hospital,Hyderabad,Hospital,Mehdipatnam,,17.382036,78.440528,8760a2580ffffff,,2.0,2.0,False,,400.0,500.0,,,,+914067822587,https://www.practo.com/hyderabad/hospital/sri-niharika-hospital-mehdipatnam?referrer=hospital_listing,,VN,practo,,1.0,canonical,800,Q2,,Mid-Market,0.216604
hosp_591556cc26b072e8,"Majestic Hospital,  Hyderabad",majestic hospital hyderabad,Hyderabad,Hospital,Langar Houz,,17.3800571,78.4210215,8760a2580ffffff,,2.0,2.0,False,,0.0,400.0,,,,+914048216790,https://www.practo.com/hyderabad/hospital/majestic-hospital-hyderabad-langar-houz?referrer=hospital_listing,,VN,practo,,1.0,canonical,801,Q2,,Mid-Market,0.216604
hosp_4dfe03ce0d73e96c,"Srinidhi Multi Specialty Hospitals, Hyderabad",srinidhi multi specialty hospitals hyderabad,Hyderabad,Hospital,Sai Pruthvi Enclave,,17.464753,78.3432886,8760a24a2ffffff,,2.0,2.0,False,,0.0,0.0,,,,+914048212400,https://www.practo.com/hyderabad/hospital/srinidhi-multi-specialty-hospitals-hyderabad-sai-pruthvi-enclave?referrer=hospital_listing,,VN,practo,,1.0,canonical,802,Q2,,Mid-Market,0.216604
hosp_280fa8fe66c245c1,Asian Spine Hospital,asian spine hospital,Hyderabad,Hospital,Film Nagar,,17.416184,78.4207681,8760a259cffffff,,2.0,2.0,False,,0.0,0.0,,,,+914071964883,https://www.practo.com/hyderabad/hospital/asian-spine-hospital-film-nagar?referrer=hospital_listing,,VN,practo,,1.0,canonical,803,Q2,,Mid-Market,0.216604
hosp_9662c6cd5582f00c,swasa hospital  - narayanaguda ,swasa hospital narayanaguda,Hyderabad,Hospital,Narayanguda,,17.399,78.4928,8760a25b2ffffff,,2.0,2.0,False,,0.0,0.0,,,,+914048213521,https://www.practo.com/hyderabad/hospital/swasa-hospital-narayanaguda-narayanguda?referrer=hospital_listing,,VN,practo,,1.0,canonical,804,Q2,,Mid-Market,0.216604
hosp_33ec11f4c9fc248a,"Bristlecone Hospital, Hyderabad",bristlecone hospital hyderabad,Hyderabad,Hospital,Barkatpura,,17.3920034,78.4961504,8760a25b0ffffff,,2.0,2.0,False,,0.0,0.0,,,,+914041892132,https://www.practo.com/hyderabad/hospital/bristlecone-hospital-hyderabad-barkatpura?referrer=hospital_listing,,VN,practo,,1.0,canonical,805,Q2,,Mid-Market,0.216604
hosp_03a7c31ec998d6cf,JJHOSPITAL,jjhospital,Hyderabad,Hospital,Siddhartha Nagar,,17.444734374,78.4326932847,8760a259effffff,,2.0,2.0,False,,0.0,0.0,,,,+914049172963,https://www.practo.com/hyderabad/hospital/jjhospital-siddhartha-nagar?referrer=hospital_listing,,VN,practo,,1.0,canonical,806,Q2,,Mid-Market,0.216604
hosp_0471f95a35854609,princess durru shehvar children's & general hospital  - purani haveli ,princess durru shehvar children s general hospital purani haveli,Hyderabad,Hospital,Panjetan Colony,,17.3675,78.4826,8760a25b5ffffff,,2.0,2.0,False,,0.0,0.0,,,,+914049170393,https://www.practo.com/hyderabad/hospital/princess-durru-shehvar-children-s-general-hospital-purani-haveli-panjetan-colony?referrer=hospital_listing,,VN,practo,,1.0,canonical,807,Q2,,Mid-Market,0.216604
hosp_2ccd436df73095f0,Sri Ram Hospital,sri ram hospital,Hyderabad,Hospital,Kutbullapur,,17.4951293,78.4636436,8760b196effffff,,2.0,2.0,False,,0.0,0.0,,,,+914049170295,https://www.practo.com/hyderabad/hospital/sri-ram-hospital-1-kutbullapur?referrer=hospital_listing,,VN,practo,,1.0,canonical,808,Q2,,Mid-Market,0.216604
hosp_61af79f1675490e9,Dr. Agarwal's Eye Hospital,dr agarwal s eye hospital,Hyderabad,Hospital,Dilsukhnagar,,17.385157,78.528552,8760b52e9ffffff,,4.0,1.0,False,,0.0,300.0,,,,+914067822406,https://www.practo.com/hyderabad/hospital/dr-agarwal-s-eye-hospital-dilsukhnagar?referrer=hospital_listing,https://images1-fabric.practo.com/practices/668709/dr-agarwal-s-eye-hospital-hyderabad-5a12cc94772ef.jpg,VN,practo,,1.0,canonical,809,Q2,,Mid-Market,0.216565
hosp_f52ac1ac677d5a11,Urgent Care at NYU Langone at Trinity,urgent care nyu langone trinity,Hyderabad,Hospital,Financial District,,40.7085227,-74.0112146,872a10728ffffff,,4.0,1.0,False,,0.0,0.0,,,,+16464612544,https://www.practo.com/hyderabad/hospital/urgent-care-at-nyu-langone-at-trinity-financial-district?referrer=hospital_listing,,VN,practo,,1.0,canonical,810,Q2,,Mid-Market,0.216565
hosp_50206aeef2b02ce9,City Nursing Home,city nursing home,Hyderabad,Hospital,Himayat Nagar,,17.40204,78.48362,8760a25b3ffffff,,1.0,2.0,False,,400.0,400.0,,7.0,,+914067822587,https://www.practo.com/hyderabad/hospital/city-nursing-home-himayat-nagar-1?referrer=hospital_listing,,VN,practo,,1.0,canonical,811,Q2,,Mid-Market,0.215932
hosp_60b02044fc3a9824,Sri Sai Womens Hospital,sri sai womens hospital,Hyderabad,Hospital,Kothapet,,17.370988077345,78.542542290124,8760b52edffffff,,1.0,2.0,False,,600.0,600.0,,7.0,,+914067822305,https://www.practo.com/hyderabad/hospital/sree-sai-womens-hospital-dilsukh-nagar?referrer=hospital_listing,https://images1-fabric.practo.com/sri-sai-womens-hospital-hyderabad-1457237795-56dbaf236031b.jpg,VN,practo,,1.0,canonical,812,Q2,,Mid-Market,0.215932
hosp_b52ce0654b802ce9,Arogya Vardhini Ayurvedic Multi Speciality Hospital & Research Center,arogya vardhini ayurvedic multi speciality hospital research center,Hyderabad,Hospital,Ameerpet,,17.432265451834,78.44528965652,8760a2591ffffff,,1.0,2.0,False,,300.0,300.0,,7.0,,+914067822744,https://www.practo.com/hyderabad/hospital/arogya-vardhini-ayurvedic-hospital-ameerpet?referrer=hospital_listing,,VN,practo,,1.0,canonical,813,Q2,,Mid-Market,0.215932
hosp_7ebadb913d2d75cd,Sunray Hospital,sunray hospital,Hyderabad,Hospital,Nizampet,,17.5159908,78.3820652,8760a24b2ffffff,,1.0,2.0,False,,200.0,200.0,,6.0,,+914067822587,https://www.practo.com/hyderabad/hospital/sunray-diagnostics?referrer=hospital_listing,,VN,practo,,1.0,canonical,814,Q2,,Mid-Market,0.215888
hosp_06180f38b2019d97,Elite Eye Hospital,elite eye hospital,Hyderabad,Hospital,Nallagandla,,17.47539242237713,78.3089357174283,8760a2485ffffff,,3.0,1.0,False,,500.0,800.0,,6.0,,+914049170295,https://www.practo.com/hyderabad/hospital/elite-eye-hospital-nallagandla?referrer=hospital_listing,https://images1-fabric.practo.com/practices/1605089/elite-eye-hospital-hyderabad-6782100b132b0.png,VN,practo,,1.0,canonical,815,Q2,,Mid-Market,0.215849
hosp_e333c7a8b208b673,Cure Rehab,cure rehab,Hyderabad,Hospital,West Marredpally,,17.450486,78.503248,8760b52cbffffff,,3.0,1.0,False,,350.0,500.0,,5.0,,+914041891806,https://www.practo.com/hyderabad/hospital/cure-rehab-west-marredpally?referrer=hospital_listing,,VN,practo,,1.0,canonical,816,Q2,,Mid-Market,0.215805
hosp_4e6591d9131616ad,Adavally Damodar Reddy Memorial Hospital,adavally damodar reddy memorial hospital,Hyderabad,Hospital,Ramanthapur,,17.398489,78.536075,8760b52ebffffff,,1.0,2.0,False,,0.0,500.0,,4.0,,+914067822587,https://www.practo.com/hyderabad/hospital/a-d-r-m-hospital-ramanthapur?referrer=hospital_listing,,VN,practo,,1.0,canonical,817,Q2,,Mid-Market,0.2158
hosp_eb65e0240f58d573,Sri Krishna Multispeciality Dental Hospital,sri krishna multispeciality dental hospital,Hyderabad,Hospital,Kukatpally,,17.376269,78.479102,8760a25b1ffffff,,3.0,1.0,False,,0.0,150.0,,3.0,,+914067820361,https://www.practo.com/hyderabad/hospital/sri-krishna-multispeciality-dental-hospital-kukatpally?referrer=hospital_listing,,VN,practo,,1.0,canonical,818,Q2,,Mid-Market,0.215716
hosp_47eb615d388915ed,Sri Sai Women's Hospital,sri sai women s hospital,Hyderabad,Hospital,Kothapet,,17.3718387,78.5406947,8760b52edffffff,,1.0,2.0,False,,600.0,600.0,,2.0,,+914067822305,https://www.practo.com/hyderabad/hospital/sri-sai-women-s-hospital-kothapet?referrer=hospital_listing,https://images1-fabric.practo.com/sri-sai-women-s-hospital-hyderabad-1456759810-56d46402d23ad.jpg,VN,practo,,1.0,canonical,819,Q2,,Mid-Market,0.215712
hosp_2f1373318c09dda0,Ultra Dental Hospital Laser and Implant Center,ultra dental hospital laser implant center,Hyderabad,Hospital,Masab Tank,,17.40384,78.445861,8760a2582ffffff,,3.0,1.0,False,,100.0,100.0,,2.0,,+914067820361,https://www.practo.com/hyderabad/hospital/ultra-dental-hospital-laser-and-implant-center-masab-tank?referrer=hospital_listing,,VN,practo,,1.0,canonical,820,Q2,,Mid-Market,0.215672
hosp_0ef981a097d75dcc,Vijay Krishna Nursing Home,vijay krishna nursing home,Hyderabad,Hospital,Sanath Nagar,,17.452504,78.44446,8760a2593ffffff,,3.0,1.0,False,,0.0,150.0,,2.0,,+914067822377,https://www.practo.com/hyderabad/hospital/vijay-krishna-nursing-home-sanath-nagar?referrer=hospital_listing,,VN,practo,,1.0,canonical,821,Q2,,Mid-Market,0.215672
hosp_40002bd76bf51576,Gupta Hospital ,gupta hospital,Hyderabad,Hospital,Old City,,17.3661266,78.4732929,8760a25b5ffffff,,1.0,2.0,False,,300.0,300.0,,,,+914067822495,https://www.practo.com/hyderabad/hospital/gupta-hopsital-old-city?referrer=hospital_listing,,VN,practo,,1.0,canonical,822,Q2,,Mid-Market,0.215623
hosp_6542ff004acf6696,Vijay Hospital,vijay hospital,Hyderabad,Hospital,Dilsukhnagar,,17.367055993456,78.525983205032,8760b525affffff,,1.0,2.0,False,,500.0,500.0,,,,+914067822783,https://www.practo.com/hyderabad/hospital/vijay-hospital-5-dilsukh-nagar-1?referrer=hospital_listing,,VN,practo,,1.0,canonical,823,Q2,,Mid-Market,0.215623
hosp_d906e8bd65c5a2d5,J S Mahaveer Hospital,j s mahaveer hospital,Hyderabad,Hospital,Secunderabad,,17.448881264397983,78.48454713821411,8760a2596ffffff,,1.0,2.0,False,,250.0,250.0,,,,+914067822616,https://www.practo.com/hyderabad/hospital/srikara-hospital-secunderabad?referrer=hospital_listing,,VN,practo,,1.0,canonical,824,Q2,,Mid-Market,0.215623
hosp_39eac9467e0823d6,Bhaskara hospital,bhaskara hospital,Hyderabad,Hospital,Thumkunta,,17.5593873691,78.5769755381,8760b192bffffff,,1.0,2.0,False,,0.0,0.0,,,,+914049170378,https://www.practo.com/hyderabad/hospital/bhaskara-hospital-1-thumkunta?referrer=hospital_listing,,active,practo,,1.0,canonical,825,Q2,,Mid-Market,0.215623
hosp_e86addd1826e5782,Medwin Hospital,medwin hospital,Hyderabad,Hospital,Abids,,17.3935007160513,78.47110390663147,8760a25b3ffffff,,1.0,2.0,False,,500.0,500.0,,,,+914067822783,https://www.practo.com/hyderabad/hospital/dr-mujtaba-abids?referrer=hospital_listing,,VN,practo,,1.0,canonical,826,Q2,,Mid-Market,0.215623
hosp_c6a92a670adfe646,Shri Venkateshwara Dental Hospital,shri venkateshwara dental hospital,Hyderabad,Hospital,Habsiguda,,17.405356,78.543781,8760b52ebffffff,,1.0,2.0,False,,200.0,200.0,,,,+914067822453,https://www.practo.com/hyderabad/hospital/s-v-dental-hospital-habsiguda?referrer=hospital_listing,https://images1-fabric.practo.com/s-v-dental-hospital-hyderabad-1488553274-58b9853ae763c.jpg,VN,practo,,1.0,canonical,827,Q2,,Mid-Market,0.215623
hosp_4fd85554c2ece6ed,Alnoor Maternity Hospital,alnoor maternity hospital,Hyderabad,Hospital,Erragadda,,17.45245,78.431305,8760a259effffff,,1.0,2.0,False,,50.0,50.0,,,,+914067822433,https://www.practo.com/hyderabad/hospital/alnoor-maternity-hospital-moti-nagar?referrer=hospital_listing,,VN,practo,,1.0,canonical,828,Q2,,Mid-Market,0.215623
hosp_8e078e9b27da8fd6,Sri Priya Nursing Home,sri priya nursing home,Hyderabad,Hospital,SR Nagar,,17.451205,78.42487,8760a259effffff,,1.0,2.0,False,,0.0,0.0,,,,+914067822539,https://www.practo.com/hyderabad/hospital/sri-priya-nursing-home-sr-nagar?referrer=hospital_listing,,VN,practo,,1.0,canonical,829,Q2,,Mid-Market,0.215623
hosp_c4a16ba6b834abaa,Sujatha hospital,sujatha hospital,Hyderabad,Hospital,Shivrampally,,17.3224242,78.4305523,8760a25a1ffffff,,1.0,2.0,False,,0.0,0.0,,,,+914041892132,https://www.practo.com/hyderabad/hospital/sujatha-hospital-1-shivrampally?referrer=hospital_listing,,VN,practo,,1.0,canonical,830,Q2,,Mid-Market,0.215623
hosp_df7d7dbd5762c64a,"Prk Best Super Speciality Hospital, Hyderabad",prk best super speciality hospital hyderabad,Hyderabad,Hospital,Chanda Nagar,,17.4946856,78.3217,8760a2486ffffff,,1.0,2.0,False,,0.0,0.0,,,,+914049170030,https://www.practo.com/hyderabad/hospital/prk-best-super-speciality-hospital-hyderabad-chanda-nagar?referrer=hospital_listing,,VN,practo,,1.0,canonical,831,Q2,,Mid-Market,0.215623
hosp_b1f8114daf0b9d10,dr chanukya's endocrinology& diabetes centre  - kphb colony ,dr chanukya s endocrinology diabetes centre kphb colony,Hyderabad,Hospital,Pragathi Nagar-Kukatpally,,17.4884,78.3975,8760a24b6ffffff,,1.0,2.0,False,,0.0,0.0,,,,+914041891799,https://www.practo.com/hyderabad/hospital/dr-chanukya-s-endocrinology-diabetes-centre-kphb-colony-pragathi-nagar-kukatpally?referrer=hospital_listing,,VN,practo,,1.0,canonical,832,Q2,,Mid-Market,0.215623
hosp_0c547dcef2f80577,"Icon Hospital, Kukatpally, Hyderabad",icon hospital kukatpally hyderabad,Hyderabad,Hospital,KPHB,,17.4853561,78.3898974,8760a24b6ffffff,,1.0,2.0,False,,0.0,0.0,,,,+914049172574,https://www.practo.com/hyderabad/hospital/icon-hospital-kukatpally-hyderabad-kphb?referrer=hospital_listing,,VN,practo,,1.0,canonical,833,Q2,,Mid-Market,0.215623
hosp_a0e428abba15c50f,Bhaskara Hospital,bhaskara hospital,Hyderabad,Hospital,Kothaguda,,17.4616376,78.3667502,8760a24b5ffffff,,1.0,2.0,False,,0.0,0.0,,,,+914048213518,https://www.practo.com/hyderabad/hospital/bhaskara-hospital-1-kothaguda?referrer=hospital_listing,,VN,practo,,1.0,canonical,834,Q2,,Mid-Market,0.215623
hosp_5bf0a41eaded1fc0,dr. shalini's diabetes thyroid endocrine superspeciality center  - kukatpally ,dr shalini s diabetes thyroid endocrine superspeciality center kukatpally,Hyderabad,Hospital,Pragathi Nagar-Kukatpally,,17.491,78.397,8760a24b6ffffff,,1.0,2.0,False,,0.0,0.0,,,,+914049172582,https://www.practo.com/hyderabad/hospital/dr-shalini-s-diabetes-thyroid-endocrine-superspeciality-center-kukatpally-pragathi-nagar-kukatpally?referrer=hospital_listing,,VN,practo,,1.0,canonical,835,Q2,,Mid-Market,0.215623
hosp_ccc56cb554ee97c6,GK Hospitals,gk hospitals,Hyderabad,Hospital,Shiridi Nagar,,17.327788,78.5997586,8760b5254ffffff,,1.0,2.0,False,,0.0,0.0,,,,+914045209803,https://www.practo.com/hyderabad/hospital/gk-hospitals-shiridi-nagar?referrer=hospital_listing,,VN,practo,,1.0,canonical,836,Q2,,Mid-Market,0.215623
hosp_3e2c621eb788e1ca,agarwal heart centre  - manikonda ,agarwal heart centre manikonda,Hyderabad,Hospital,Srinivasa Colony,,17.4074,78.383,8760a258affffff,,1.0,2.0,False,,0.0,0.0,,,,+914041891798,https://www.practo.com/hyderabad/hospital/agarwal-heart-centre-manikonda-srinivasa-colony?referrer=hospital_listing,,VN,practo,,1.0,canonical,837,Q2,,Mid-Market,0.215623
hosp_d8efec89233e5942,win vision eye hospitals  - gachibowli ,win vision eye hospitals gachibowli,Hyderabad,Hospital,P Janardhan Reddy Nagar,,17.4355,78.3679,8760a24a6ffffff,,1.0,2.0,False,,0.0,0.0,,,,+914048213436,https://www.practo.com/hyderabad/hospital/win-vision-eye-hospitals-gachibowli-p-janardhan-reddy-nagar?referrer=hospital_listing,,VN,practo,,1.0,canonical,838,Q2,,Mid-Market,0.215623
hosp_066d557d319d893c,Cloudnine Fertility - IVF Centre,cloudnine fertility ivf centre,Hyderabad,Hospital,Nallagandla,,17.462524,78.3080486,8760a2485ffffff,,3.0,1.0,False,,1000.0,1000.0,,,,+914041891797,https://www.practo.com/hyderabad/hospital/cloudnine-fertility-ivf-centre-nallagandla-madhapur?referrer=hospital_listing,https://images1-fabric.practo.com/practices/2182782/cloudnine-fertility-ivf-centre-hyderabad-69eca790a909b.png,ABS,practo,,1.0,canonical,839,Q1,,Economy,0.215584
hosp_4ecc98eda82af92f,Cloudnine Fertility - IVF Centre,cloudnine fertility ivf centre,Hyderabad,Hospital,Hitech City,,17.4407417,78.3763277,8760a259bffffff,,3.0,1.0,False,,1000.0,1100.0,,,,+914049172578,https://www.practo.com/hyderabad/hospital/cloudnine-fertility-ivf-centre-hitech-city?referrer=hospital_listing,https://images1-fabric.practo.com/practices/2182800/cloudnine-fertility-ivf-centre-hyderabad-69eca81c456a3.png,ABS,practo,,1.0,canonical,840,Q1,,Economy,0.215584
hosp_a12a1205a9e70fdf,Dr. Gowds Dental Hospital,dr gowds dental hospital,Hyderabad,Hospital,Sultan Bazar,,17.3875924,78.4860887,8760a25b0ffffff,,3.0,1.0,False,,0.0,500.0,,,,+914067820361,https://www.practo.com/hyderabad/hospital/dr-gowds-dental-hospital-sultan-bazar?referrer=hospital_listing,,VN,practo,,1.0,canonical,841,Q1,,Economy,0.215584
hosp_1b8c41327dbb879c,Vasan Dental Care,vasan dental care,Hyderabad,Hospital,Chanda Nagar,,17.495559,78.332348,8760a2486ffffff,,3.0,1.0,False,,100.0,100.0,,,,+914067820156,https://www.practo.com/hyderabad/hospital/vasan-dental-care-chanda-nagar?referrer=hospital_listing,https://images1-fabric.practo.com/practices/1154213/vasan-dental-hyderabad-598b1275514dc.jpeg,VN,practo,,1.0,canonical,842,Q1,,Economy,0.215584
hosp_5304bde828d89591,Hyderabad Dental Hospitals,hyderabad dental hospitals,Hyderabad,Hospital,Mehdipatnam,,17.3912329,78.449791,8760a2586ffffff,,3.0,1.0,False,,0.0,100.0,,,,+914067822374,https://www.practo.com/hyderabad/hospital/hyderabad-dental-hospitals-mehdipatnam-1?referrer=hospital_listing,,VN,practo,,1.0,canonical,843,Q1,,Economy,0.215584
hosp_f7968566fb47cedc,Microcare ENT Hospital & Research Institute,microcare ent hospital research institute,Hyderabad,Hospital,Jubilee Hills,,17.431846,78.406766,8760a2598ffffff,,3.0,1.0,False,,750.0,750.0,,,,+914041891803,https://www.practo.com/hyderabad/hospital/microcare-ent-hospital-research-institute-jubilee-hills?referrer=hospital_listing,https://images1-fabric.practo.com/practices/1245751/microcare-ent-hospital-research-institute-hyderabad-5c78c430b7162.jpg,VN,practo,,1.0,canonical,844,Q1,,Economy,0.215584
hosp_3aadffd263a90423,dr. agarwal's eye hospital  - panjagutta ,dr agarwal s eye hospital panjagutta,Hyderabad,Hospital,Mothi Nagar-Panjagutta,,17.4299,78.4505,8760a2591ffffff,,3.0,1.0,False,,0.0,0.0,,,,+914041891799,https://www.practo.com/hyderabad/hospital/dr-agarwal-s-eye-hospital-panjagutta-mothi-nagar-panjagutta?referrer=hospital_listing,,VN,practo,,1.0,canonical,845,Q1,,Economy,0.215584
hosp_e56411f123530d92,HOPE NEURO MULTI SPECIALTY HOSPITAL,hope neuro multi specialty hospital,Hyderabad,Hospital,Sangareddy,,17.5871600446,78.0901630365,8760b1b56ffffff,,3.0,1.0,False,,0.0,0.0,,,,+914049174159,https://www.practo.com/hyderabad/hospital/hope-neuro-multi-specialty-hospital-sangareddy?referrer=hospital_listing,,VN,practo,,1.0,canonical,846,Q1,,Economy,0.215584
hosp_e637beebfec6f29d,solis eye care super specialty hospital  - ecil ,solis eye care super specialty hospital ecil,Hyderabad,Hospital,Kushaiguda,,17.4737,78.5714,8760b52dcffffff,,3.0,1.0,False,,0.0,250.0,,,,+914049172967,https://www.practo.com/hyderabad/hospital/solis-eye-care-super-specialty-hospital-ecil-1-kushaiguda?referrer=hospital_listing,,VN,practo,,1.0,canonical,847,Q1,,Economy,0.215584
hosp_88c8b550ad8008e5,vijay multispeciality dental hospital  - miyapur ,vijay multispeciality dental hospital miyapur,Hyderabad,Hospital,Rangapuram,,17.5052,78.362,8760a24b3ffffff,,3.0,1.0,False,,0.0,0.0,,,,+914446271079,https://www.practo.com/hyderabad/hospital/vijay-multispeciality-dental-hospital-miyapur-1-rangapuram?referrer=hospital_listing,,VN,practo,,1.0,canonical,848,Q1,,Economy,0.215584
hosp_87204759ff2bf65c,Sree Netralaya Eye Hospital,sree netralaya eye hospital,Hyderabad,Hospital,Kothapet,,17.36743227003754,78.54057312011719,8760b52edffffff,,2.0,1.0,False,,300.0,300.0,,8.0,,+914067822539,https://www.practo.com/hyderabad/hospital/sree-netralaya-eye-hospital-kothapet?referrer=hospital_listing,https://images1-fabric.practo.com/52fef9a538c0f4ceb5c2f0bc2e7e73842ea127b1b2aed.jpg,VN,practo,,1.0,canonical,849,Q1,,Economy,0.214956
hosp_e2c912e2fab9a90f,Smile Kraft Dental Hospital,smile kraft dental hospital,Hyderabad,Hospital,Bowenpally,,17.4712986,78.4834081,8760b1965ffffff,,2.0,1.0,False,,0.0,150.0,,8.0,,+914067822539,https://www.practo.com/hyderabad/hospital/smile-kraft-dental-hospital-1-bowenpally?referrer=hospital_listing,,VN,practo,,1.0,canonical,850,Q1,,Economy,0.214956
hosp_625047271758e7f9,Vital medical centre,vital medical centre,Hyderabad,Hospital,Jubilee Hills,,17.429169,78.413017,8760a259cffffff,,2.0,1.0,False,,400.0,500.0,,5.0,,+914067822408,https://www.practo.com/hyderabad/hospital/vitae-medical-centre-jubilee-hills-1?referrer=hospital_listing,,VN,practo,,1.0,canonical,851,Q1,,Economy,0.214824
hosp_fb1a96c71639f5c2,Naveen's Kalyani Dental Hospital,naveen s kalyani dental hospital,Hyderabad,Hospital,Banjara Hills,,17.407851,78.441879,8760a2582ffffff,,2.0,1.0,False,,200.0,200.0,,5.0,,+914067822305,https://www.practo.com/hyderabad/hospital/kalyani-dental-hospitals-banjara-hills?referrer=hospital_listing,,VN,practo,,1.0,canonical,852,Q1,,Economy,0.214824
hosp_91a993196c332bc9,Dr. Dog,dr dog,Hyderabad,Hospital,Jubilee Hills,,17.415286,78.421244,8760a259cffffff,,2.0,1.0,False,,250.0,250.0,,4.0,,+914041891805,https://www.practo.com/hyderabad/hospital/dr-dog-jubilee-hills?referrer=hospital_listing,https://images1-fabric.practo.com/practices/654541/dr-dog-hyderabad-5b8789315302d.png,VN,practo,,1.0,canonical,853,Q1,,Economy,0.21478
hosp_b89bdf10022d25a8,Secundrabad Dental Hospital,secundrabad dental hospital,Hyderabad,Hospital,Secunderabad,,,,,,2.0,1.0,False,,200.0,200.0,,2.0,,+914067822616,https://www.practo.com/hyderabad/hospital/secundrabad-dental-hospital-secunderabad?referrer=hospital_listing,,VN,practo,,0.6,canonical,854,Q1,,Economy,0.214692
hosp_cc4d42f1e60ac18f,Digital Dental Hospital,digital dental hospital,Hyderabad,Hospital,Vengal Rao Nagar,,17.442289710477738,78.44019412994385,8760a2593ffffff,,2.0,1.0,False,,0.0,500.0,,2.0,,+914067822336,https://www.practo.com/hyderabad/hospital/digital-dental-hospital-ameerpet?referrer=hospital_listing,https://images1-fabric.practo.com/digital-dental-hospital-hyderabad-1472465673-57c40b095a6bc.jpg,VN,practo,,1.0,canonical,855,Q1,,Economy,0.214692
hosp_469f4d9f82568075,Hyderabad Dental Hospital,hyderabad dental hospital,Hyderabad,Hospital,Dilsukhnagar,,17.368713,78.525956,8760b52e9ffffff,,2.0,1.0,False,,0.0,200.0,,2.0,,+914067822408,https://www.practo.com/hyderabad/hospital/hyderabad-dental-hospital-dilsukh-nagar?referrer=hospital_listing,,VN,practo,,1.0,canonical,856,Q1,,Economy,0.214692
hosp_89c8a039fac95633,VMJ Multi Speciality Dental Hospital & Implant Centre,vmj multi speciality dental hospital implant centre,Hyderabad,Hospital,AS Rao Nagar,,17.480376012933732,78.55640588823007,8760b52d8ffffff,,2.0,1.0,False,,0.0,100.0,,2.0,,+914067822305,https://www.practo.com/hyderabad/hospital/vmj-multi-speciality-dental-hospital-implant-centre-as-rao-nagar?referrer=hospital_listing,,VN,practo,,1.0,canonical,857,Q1,,Economy,0.214692
hosp_3f5f9f76b41d94b2,Cloudnine Fertility - IVF Centre,cloudnine fertility ivf centre,Hyderabad,Hospital,Kokapet,,17.38789991230272,78.33508741278101,8760a2416ffffff,,2.0,1.0,False,,1000.0,1700.0,,,,+914041892133,https://www.practo.com/hyderabad/hospital/cloudnine-fertility-ivf-centre-kokapet?referrer=hospital_listing,https://images1-fabric.practo.com/practices/2189753/cloudnine-fertility-ivf-centre-hyderabad-6a02d3ca529b2.png,ABS,practo,,1.0,canonical,858,Q1,,Economy,0.214604
hosp_d5c06a8a61fb3e10,Cloudnine Fertility - IVF Centre,cloudnine fertility ivf centre,Hyderabad,Hospital,Banjara Hills,,17.4246232,78.432834,8760a2591ffffff,,2.0,1.0,False,,1000.0,1100.0,,,,+914041891798,https://www.practo.com/hyderabad/hospital/cloudnine-fertility-ivf-centre-banjara-hills-1?referrer=hospital_listing,https://images1-fabric.practo.com/practices/2183503/cloudnine-fertility-ivf-centre-hyderabad-69eca8c1c1dfb.png,ABS,practo,,1.0,canonical,859,Q1,,Economy,0.214604
hosp_d72b74711a80100a,Aditya Super Speciality Dental Hospital,aditya super speciality dental hospital,Hyderabad,Hospital,Mehdipatnam,,17.395057,78.430929,8760a2580ffffff,,2.0,1.0,False,,0.0,100.0,,,,+914067822587,https://www.practo.com/hyderabad/hospital/aditya-super-speciality-dental-hospital-mehdipatnam?referrer=hospital_listing,,VN,practo,,1.0,canonical,860,Q1,,Economy,0.214604
hosp_82c1610567357438,Nagapuri's Dental Hospital And Implant  Centre,nagapuri s dental hospital implant centre,Hyderabad,Hospital,Saidabad,,17.359138,78.523341,8760b525affffff,,2.0,1.0,False,,0.0,150.0,,,,+914067822616,https://www.practo.com/hyderabad/hospital/nagapuri-s-dental-hospital-and-implant-centre-champapet?referrer=hospital_listing,https://images1-fabric.practo.com/5270f24496ba8d18dd776a7beb3e6631414ee46a1fbec.jpg,VN,practo,,1.0,canonical,861,Q1,,Economy,0.214604
hosp_094db56c79600619,Pearl Multispeciality Dental Hospital,pearl multispeciality dental hospital,Hyderabad,Hospital,Mehdipatnam,,17.38328455163858,78.42897467326361,8760a2580ffffff,,2.0,1.0,False,,0.0,100.0,,,,+914067822616,https://www.practo.com/hyderabad/hospital/pearl-dental-hospital-mehdipatnam?referrer=hospital_listing,,VN,practo,,1.0,canonical,862,Q1,,Economy,0.214604
hosp_f5fe4abfe34c2d36,R. K. Superspeciality Dental Hospital,r k superspeciality dental hospital,Hyderabad,Hospital,Himayat Nagar,,17.403916,78.481899,8760a25b3ffffff,,2.0,1.0,False,,0.0,100.0,,,,+914067820361,https://www.practo.com/hyderabad/hospital/r-k-super-speciality-dental-hospitals-himayat-nagar?referrer=hospital_listing,,VN,practo,,1.0,canonical,863,Q1,,Economy,0.214604
hosp_326632463e658731,Global Multi Speciality Dental Hospital,global multi speciality dental hospital,Hyderabad,Hospital,Kothapet,,17.372271,78.544085,8760b52edffffff,,2.0,1.0,False,,0.0,150.0,,,,+914067822617,https://www.practo.com/hyderabad/hospital/global-multispecialty-dental-hospital-kothapet?referrer=hospital_listing,,VN,practo,,1.0,canonical,864,Q1,,Economy,0.214604
hosp_6b97548a5bc39c19,Gadam Dental Hospitals,gadam dental hospitals,Hyderabad,Hospital,KPHB,,17.49325546,78.40238571,8760a24b6ffffff,,2.0,1.0,False,,0.0,0.0,,,,+914067822609,https://www.practo.com/hyderabad/hospital/gadam-dental-hospitals-kukatpally-1?referrer=hospital_listing,,VN,practo,,1.0,canonical,865,Q1,,Economy,0.214604
hosp_1ed0222e3fee56d4,R K Dental Hospital,r k dental hospital,Hyderabad,Hospital,Ramanthapur,,17.396797,78.530536,8760b52ebffffff,,2.0,1.0,False,,0.0,200.0,,,,+914067822744,https://www.practo.com/hyderabad/hospital/r-k-dental-hospital-ramanthapur-1?referrer=hospital_listing,,VN,practo,,1.0,canonical,866,Q1,,Economy,0.214604
hosp_d87a3069317cca3d,Sigma Multi Speciality Dental Hospital,sigma multi speciality dental hospital,Hyderabad,Hospital,Champapet,,17.34924,78.51312,8760b525bffffff,,2.0,1.0,False,,0.0,100.0,,,,+914067822495,https://www.practo.com/hyderabad/hospital/sigma-multi-speciality-dental-hospital-champapet?referrer=hospital_listing,https://images1-fabric.practo.com/540ff36a027fe6ef393799d945497b7413957c8806795.jpg,VN,practo,,1.0,canonical,867,Q1,,Economy,0.214604
hosp_03f609669fe79d57,Aneesh Dental Hospital,aneesh dental hospital,Hyderabad,Hospital,Serilingampally,,17.493282,78.341291,8760a2486ffffff,,2.0,1.0,False,,200.0,300.0,,,,+914067822386,https://www.practo.com/hyderabad/hospital/aneesh-dental-hospital-madinaguda?referrer=hospital_listing,,VN,practo,,1.0,canonical,868,Q1,,Economy,0.214604
hosp_9fd4001305d6e5b9,Life Kare Dental Hospital,life kare dental hospital,Hyderabad,Hospital,Jeedimetla,,17.513969,78.447389,8760b196affffff,,2.0,1.0,False,,0.0,100.0,,,,+914067822374,https://www.practo.com/hyderabad/hospital/life-care-dental-clinic-jeedimetla?referrer=hospital_listing,,VN,practo,,1.0,canonical,869,Q1,,Economy,0.214604
hosp_36ba90a3e97b84fe,Suhas Multispeciality Dental Hospital,suhas multispeciality dental hospital,Hyderabad,Hospital,Tolichowki,,,,,,2.0,1.0,False,,0.0,200.0,,,,+914067820361,https://www.practo.com/hyderabad/hospital/suhas-multispeciality-dental-hospital-tolichowki?referrer=hospital_listing,,VN,practo,,0.6,canonical,870,Q1,,Economy,0.214604
hosp_59173e28cc239997,Dr. William Wong,dr william wong,Hyderabad,Hospital,Financial District,,40.7063221,-74.0133329,872a10728ffffff,,2.0,1.0,False,,0.0,0.0,,,,+12124229229,https://www.practo.com/hyderabad/hospital/dr-william-wong-financial-district?referrer=hospital_listing,,VN,practo,,1.0,canonical,871,Q1,,Economy,0.214604
hosp_8f6bccec077a7d9d,The Exchange Dental Group,exchange dental group,Hyderabad,Hospital,Financial District,,40.7063221,-74.0133329,872a10728ffffff,,2.0,1.0,False,,0.0,0.0,,,,+12124229229,https://www.practo.com/hyderabad/hospital/the-exchange-dental-group-financial-district?referrer=hospital_listing,,VN,practo,,1.0,canonical,872,Q1,,Economy,0.214604
hosp_6d83c8d8b45cc9bf,Sri Sai Sahadeva Dental Hospital,sri sai sahadeva dental hospital,Hyderabad,Hospital,Nagole,,17.377986120880074,78.56896191631677,8760b52ecffffff,,2.0,1.0,False,,0.0,0.0,,,,+914067822587,https://www.practo.com/hyderabad/hospital/sri-sai-sahadeva-dental-hospital-nagole?referrer=hospital_listing,,VN,practo,,1.0,canonical,873,Q1,,Economy,0.214604
hosp_814be32919f2ab66,"Apollo Cradle And Children Hospital, Kondapur, Hyderabad",apollo cradle children hospital kondapur hyderabad,Hyderabad,Hospital,Whitefields,,17.4598008,78.3659793,8760a24b5ffffff,,2.0,1.0,False,,0.0,600.0,,,,+914049174488,https://www.practo.com/hyderabad/hospital/apollo-cradle-and-children-hospital-kondapur-hyderabad-whitefields?referrer=hospital_listing,,VN,practo,,1.0,canonical,874,Q1,,Economy,0.214604
hosp_4cd5dd25e1e4ef67,Sunshine Dental Hospital,sunshine dental hospital,Hyderabad,Hospital,Upparpally,,17.3559585,78.4220447,8760a2585ffffff,,2.0,1.0,False,,0.0,0.0,,,,+914045208867,https://www.practo.com/hyderabad/hospital/sunshine-dental-hospital-1-upparpally?referrer=hospital_listing,,VN,practo,,1.0,canonical,875,Q1,,Economy,0.214604
hosp_0c4accbfed6061a5,imtiyaz hospital  - new malakpet ,imtiyaz hospital new malakpet,Hyderabad,Hospital,Azampura,,17.3738,78.496,8760a25b4ffffff,,2.0,1.0,False,,0.0,0.0,,,,+914048213436,https://www.practo.com/hyderabad/hospital/imtiyaz-hospital-new-malakpet-azampura?referrer=hospital_listing,,VN,practo,,1.0,canonical,876,Q1,,Economy,0.214604
hosp_13281b39e821f28c,centre for sight  - kukatpally ,centre for sight kukatpally,Hyderabad,Hospital,Samatha Nagar,,17.4988,78.3903,8760a24b6ffffff,,2.0,1.0,False,,0.0,0.0,,,,+914041892133,https://www.practo.com/hyderabad/hospital/centre-for-sight-kukatpally-1-samatha-nagar?referrer=hospital_listing,,VN,practo,,1.0,canonical,877,Q1,,Economy,0.214604
hosp_19f2247049fe227e,Dental hospital,dental hospital,Hyderabad,Hospital,Bachupally,,17.5510459,78.3615321,8760a2496ffffff,,2.0,1.0,False,,0.0,0.0,,,,+914041892134,https://www.practo.com/hyderabad/hospital/dental-hospital-8-bachupally?referrer=hospital_listing,,VN,practo,,1.0,canonical,878,Q1,,Economy,0.214604
hosp_8c28c89663180cbd,"Karla Mind Center, Hyderabad",karla mind center hyderabad,Hyderabad,Hospital,Kukatpally,,17.4944348,78.3986786,8760a24b6ffffff,,2.0,1.0,False,,0.0,0.0,,,,+914067820171,https://www.practo.com/hyderabad/hospital/karla-mind-center-hyderabad-kukatpally?referrer=hospital_listing,,VN,practo,,1.0,canonical,879,Q1,,Economy,0.214604
hosp_2328f149e1b5743e,KJS Dental Hospital,kjs dental hospital,Hyderabad,Hospital,Sainikpuri,,17.5127044,78.5608966,8760b52daffffff,,2.0,1.0,False,,0.0,0.0,,,,+914041891803,https://www.practo.com/hyderabad/hospital/kjs-dental-hospital-sainikpuri?referrer=hospital_listing,,VN,practo,,1.0,canonical,880,Q1,,Economy,0.214604
hosp_4d44fd2c23b21562,Sankhya Hospitals,sankhya hospitals,Hyderabad,Hospital,Medchal,,17.4875038,78.3997726,8760a24b6ffffff,,6.0,6.0,True,,300.0,300.0,3.5,35.0,,+917969204907,https://www.practo.com/hyderabad/hospital/sankhya-hospitals-kukatpally?referrer=hospital_listing,https://images1-fabric.practo.com/sankhya-hospitals-hyderabad-1446880251-563da3fb7e6b1.jpg,ABS,practo,,1.0,canonical,881,Q1,,Economy,0.214532
hosp_ebb34bb9161f9809,"Renova Hospital, Langar House",renova hospital langar house,Hyderabad,Hospital,Langar Houz,,17.37334368726857,78.3320654,8760a2414ffffff,,18.0,15.0,True,3.0,500.0,700.0,3.5,79.0,,+918045680486,https://www.practo.com/hyderabad/hospital/renova-hospital-langer-house?referrer=hospital_listing,https://images1-fabric.practo.com/practices/1267476/renova-hospital-langar-house-hyderabad-65e81cb105703.jpeg,ABS,practo,,1.0,canonical,882,Q1,,Economy,0.214303
hosp_c4e1741baadc2442,Emory Multi Speciality Hospital,emory multi speciality hospital,Hyderabad,Hospital,Attapur,,17.364767,78.436468,8760a2585ffffff,,1.0,1.0,False,,300.0,300.0,,9.0,,+914049171962,https://www.practo.com/hyderabad/hospital/emory-multi-speciality-hospital-attapur?referrer=hospital_listing,https://images1-fabric.practo.com/practices/798557/emory-multi-speciality-hospital-hyderabad-5c9c5b707ddda.png,VN,practo,,1.0,canonical,883,Q1,,Economy,0.21402
hosp_3beaa62296bc3365,Bhagyalatha Hospital - Eye Unit,bhagyalatha hospital eye unit,Hyderabad,Hospital,Vanasthalipuram,,17.331169870628,78.588208146393,8760b5250ffffff,,1.0,1.0,False,,200.0,200.0,,8.0,,+914041891804,https://www.practo.com/hyderabad/hospital/bhagyalatha-hospital-eye-unit-vanasthalipuram?referrer=hospital_listing,https://images1-fabric.practo.com/bhagyalatha-hospital-eye-unit-hyderabad-1490716090-58da85ba14e76.png,VN,practo,,1.0,canonical,884,Q1,,Economy,0.213976
hosp_8b8f17cd1d82b341,Kids Care Children Hospital,kids care children hospital,Hyderabad,Hospital,Beeramguda,,17.518814824253,78.30470200628,8760a249cffffff,,1.0,1.0,False,,200.0,200.0,,7.0,,+914067820154,https://www.practo.com/hyderabad/hospital/kids-care-children-hospital-1-beeramguda?referrer=hospital_listing,https://images1-fabric.practo.com/practices/1168596/kids-care-children-hospital-hyderabad-5a41d3abc7d6e.jpg,VN,practo,,1.0,canonical,885,Q1,,Economy,0.213932
hosp_5fc46b876bc7e43f,Sri Bhargavi Hospital,sri bhargavi hospital,Hyderabad,Hospital,Moti Nagar,,17.451185,78.421175,8760a259effffff,,1.0,1.0,False,,150.0,150.0,,7.0,,+914067822539,https://www.practo.com/hyderabad/hospital/sri-bhargavi-hospital-moti-nagar?referrer=hospital_listing,,VN,practo,,1.0,canonical,886,Q1,,Economy,0.213932
hosp_96b172294d8c215c,Jalagam's Dental Hospital,jalagam s dental hospital,Hyderabad,Hospital,Chikkadpally,,17.409011,78.49019,8760a25b2ffffff,,1.0,1.0,False,,100.0,100.0,,7.0,,+914067822433,https://www.practo.com/hyderabad/hospital/jalagam-s-dental-hospital-ashok-nagar?referrer=hospital_listing,https://images1-fabric.practo.com/55239ccd100d08c2857a9ad1d8f31659e35e904e20fa6.jpg,VN,practo,,1.0,canonical,887,Q1,,Economy,0.213932
hosp_b7ffc7a68b2699e2,Prerana Hospital ,prerana hospital,Hyderabad,Hospital,Kukatpally,,17.484758,78.40978,8760b1969ffffff,,1.0,1.0,False,,0.0,0.0,,6.0,,+914067822495,https://www.practo.com/hyderabad/hospital/prerana-hospital-kukatpally?referrer=hospital_listing,,VN,practo,,1.0,canonical,888,Q1,,Economy,0.213888
hosp_3c56cc4e9e7735a4,Jeevan Sai Hospital,jeevan sai hospital,Hyderabad,Hospital,Vanasthalipuram,,17.331392,78.572036,8760b5250ffffff,,1.0,1.0,False,,200.0,200.0,,5.0,,+914067822539,https://www.practo.com/hyderabad/hospital/jeevan-sai-hospital-vanasthalipuram?referrer=hospital_listing,,VN,practo,,1.0,canonical,889,Q1,,Economy,0.213844
hosp_264a93f8b9163153,S.M.K Dental Hospital,s m k dental hospital,Hyderabad,Hospital,Old City,,17.365186,78.467318,8760a25a2ffffff,,1.0,1.0,False,,200.0,200.0,,5.0,,+914067822433,https://www.practo.com/hyderabad/hospital/s-m-k-dental-clinic-old-city?referrer=hospital_listing,,VN,practo,,1.0,canonical,890,Q1,,Economy,0.213844
hosp_5f3709a7161771a5,Dr.Praveen's Advanced Dental Hospital,dr praveen s advanced dental hospital,Hyderabad,Hospital,Uppal,,17.40395367249575,78.56296956539154,8760b52eaffffff,,1.0,1.0,False,,100.0,100.0,,5.0,,+914067822631,https://www.practo.com/hyderabad/hospital/dr-praveen-s-multi-speciality-dental-hospital-uppal?referrer=hospital_listing,https://images1-fabric.practo.com/dr-praveen-s-advanced-multi-speciality-dental-hospital-hyderabad-1461005636-57152d449c3c2.jpg,VN,practo,,1.0,canonical,891,Q1,,Economy,0.213844
hosp_a5256d5c4cbb2e7c,Dr. Najeeb Dental Hospital,dr najeeb dental hospital,Hyderabad,Hospital,Red Hills,,17.398451,78.462792,8760a25b3ffffff,,1.0,1.0,False,,200.0,200.0,,5.0,,+914067820361,https://www.practo.com/hyderabad/hospital/dr-nejeeb-dental-hospital-nampally?referrer=hospital_listing,,VN,practo,,1.0,canonical,892,Q1,,Economy,0.213844
hosp_facd29178fc7d2c2,Accura Diagnostics,accura diagnostics,Hyderabad,Hospital,Malkajgiri,,17.442446952361298,78.5318379423298,8760b52c8ffffff,,1.0,1.0,False,,700.0,700.0,,5.0,,+914049172578,https://www.practo.com/hyderabad/hospital/accura-diagnostics-clinic-malkajgiri?referrer=hospital_listing,https://images1-fabric.practo.com/practices/1445998/accura-diagnostics-clinic-hyderabad-657d4c6b7880c.png,VN,practo,,1.0,canonical,893,Q1,,Economy,0.213844
hosp_9b075839e3701763,Ameerpet Dental Specialities,ameerpet dental specialities,Hyderabad,Hospital,Ameerpet,,17.43178094323784,78.44842851161957,8760a2591ffffff,,1.0,1.0,False,,200.0,200.0,,4.0,,+914045206171,https://www.practo.com/hyderabad/hospital/ameerpet-dental-specialities-ameerpet?referrer=hospital_listing,https://images1-fabric.practo.com/52bbf6517c3481ffeabd6a2fb7c4b6557470c9448cd62.jpg,VN,practo,,1.0,canonical,894,Q1,,Economy,0.2138
hosp_108c7da8458e24dc,Medhipatnam Dental Hospital,medhipatnam dental hospital,Hyderabad,Hospital,Mehdipatnam,,17.394786,78.437673,8760a2580ffffff,,1.0,1.0,False,,200.0,200.0,,4.0,,+914067822386,https://www.practo.com/hyderabad/hospital/medhipatnam-dental-hospital-mehdipatnam?referrer=hospital_listing,,VN,practo,,1.0,canonical,895,Q1,,Economy,0.2138
hosp_15760359e8158bfc,Sarvani Hospital,sarvani hospital,Hyderabad,Hospital,Santosh Nagar,,17.350434,78.491644,8760b525bffffff,,1.0,1.0,False,,300.0,300.0,,4.0,,+914067822408,https://www.practo.com/hyderabad/hospital/sarvani-hospital-santosh-nagar?referrer=hospital_listing,,VN,practo,,1.0,canonical,896,Q1,,Economy,0.2138
hosp_18f7f259354c0000,Sadhuram Eye Hospital,sadhuram eye hospital,Hyderabad,Hospital,Domalguda,,17.407774,78.478276,8760a25b3ffffff,,1.0,1.0,False,,0.0,0.0,,3.0,,+914067822377,https://www.practo.com/hyderabad/hospital/sadhuram-eye-hospital-domalguda?referrer=hospital_listing,,VN,practo,,1.0,canonical,897,Q1,,Economy,0.213756
hosp_915abba7e28f911b,Shruti Hospital,shruti hospital,Hyderabad,Hospital,Old City,,17.358103,78.46382,8760a25a2ffffff,,1.0,1.0,False,,150.0,150.0,,3.0,,+914049170224,https://www.practo.com/hyderabad/hospital/shruti-hospital-old-city?referrer=hospital_listing,,VN,practo,,1.0,canonical,898,Q1,,Economy,0.213756
hosp_0f655de9ad8bdbab,Oarchid Hospital,oarchid hospital,Hyderabad,Hospital,Kothapet,,17.385044,78.486671,8760a25b0ffffff,,1.0,1.0,False,,200.0,200.0,,3.0,,+914067822539,https://www.practo.com/hyderabad/hospital/orchid-hospital-dilsukh-nagar?referrer=hospital_listing,,VN,practo,,1.0,canonical,899,Q1,,Economy,0.213756
hosp_5340e8a6e6f858c7,Niyar Nursing Home,niyar nursing home,Hyderabad,Hospital,Chandrayangutta,,17.331106,78.487985,8760b5259ffffff,,1.0,1.0,False,,100.0,100.0,,3.0,,+914067822587,https://www.practo.com/hyderabad/hospital/niyar-nursing-home-chandrayangutta?referrer=hospital_listing,,VN,practo,,1.0,canonical,900,Q1,,Economy,0.213756
hosp_6d66b7d18fc8bfcd,AVR Dento Facial Hospital,avr dento facial hospital,Hyderabad,Hospital,Habsiguda,,17.409287,78.54777,8760b52eaffffff,,1.0,1.0,False,,200.0,200.0,,3.0,,+914067822616,https://www.practo.com/hyderabad/hospital/avr-dento-facial-hospital-habsiguda?referrer=hospital_listing,,VN,practo,,1.0,canonical,901,Q1,,Economy,0.213756
hosp_d742144de719028e,Sahasra Sai Dental Hospital,sahasra sai dental hospital,Hyderabad,Hospital,Balkampet,,17.444774,78.449,8760a2593ffffff,,1.0,1.0,False,,100.0,100.0,,3.0,,+914067822631,https://www.practo.com/hyderabad/hospital/sahasra-sai-dental-hospital-balkampet?referrer=hospital_listing,,VN,practo,,1.0,canonical,902,Q1,,Economy,0.213756
hosp_27b204fa852796b1,Sudha Dental Hospital,sudha dental hospital,Hyderabad,Hospital,Srinagar Colony,,17.429955495260604,78.44483703374863,8760a2591ffffff,,1.0,1.0,False,,0.0,0.0,,3.0,,+914067822495,https://www.practo.com/hyderabad/hospital/sudha-dental-hospital-srinagar-colony?referrer=hospital_listing,https://images1-fabric.practo.com/sudha-dental-hospital-hyderabad-1440176554-55d759aac0662.jpg,VN,practo,,1.0,canonical,903,Q1,,Economy,0.213756
hosp_c82faed252f961be,Smile Smart Super Speciality Dental Hospital,smile smart super speciality dental hospital,Hyderabad,Hospital,Kothapet,,17.361928343205758,78.54463130235672,8760b52edffffff,,1.0,1.0,False,,100.0,100.0,,3.0,,+914067820361,https://www.practo.com/hyderabad/hospital/smile-smart-super-speciality-dental-hospital-vanasthalipuram-1?referrer=hospital_listing,https://images1-fabric.practo.com/52e21191d8019a3d43ba4ee27decab8ad2016764b247b.jpg,VN,practo,,1.0,canonical,904,Q1,,Economy,0.213756
hosp_6bcd17dc3c021d54,Vajra Hospitals,vajra hospitals,Hyderabad,Hospital,Medipally,,17.41761035341279,78.63219063739007,8760b52f5ffffff,,1.0,1.0,False,,200.0,200.0,,3.0,,+914045209803,https://www.practo.com/hyderabad/hospital/vajra-hospitals-uppal?referrer=hospital_listing,https://images1-fabric.practo.com/practices/1255581/vajra-hospitals-hyderabad-5cc44c5740fa8.jpeg,VN,practo,,1.0,canonical,905,Q1,,Economy,0.213756
hosp_41e5edd1499fcc5f,Kauser Hospital,kauser hospital,Hyderabad,Hospital,Jeedimetla,,17.517098530186207,78.43766748905182,8760b196affffff,,1.0,1.0,False,,150.0,150.0,,3.0,,+914067822790,https://www.practo.com/hyderabad/hospital/dr-sakina-kauser-jeedimetla?referrer=hospital_listing,,VN,practo,,1.0,canonical,906,Q1,,Economy,0.213756
hosp_792715f99f2910ba,Aditya Hospital,aditya hospital,Hyderabad,Hospital,Abids,,17.39061,78.48107,8760a25b0ffffff,,7.0,10.0,False,,0.0,500.0,4.0,80.0,2015.0,+914049170223,https://www.practo.com/hyderabad/hospital/aditya-hospital-abids-1?referrer=hospital_listing,,VN,practo,,1.0,canonical,907,Q1,,Economy,0.21374
hosp_3a20ca153cf6a480,Vasan Eye Care Hospital,vasan eye care hospital,Hyderabad,Hospital,Himayat Nagar,,17.403459765475912,78.48299085582076,8760a25b3ffffff,,1.0,1.0,False,,400.0,400.0,,2.0,,+918045680860,https://www.practo.com/hyderabad/hospital/vasan-eye-care-hospital-2-himayat-nagar?referrer=hospital_listing,https://images1-fabric.practo.com/practices/2080822/vasan-eye-care-hyderabad-688b0e8943e6e.png,ABS,practo,,1.0,canonical,908,Q1,,Economy,0.213712
hosp_b876e825da805a82,Huma Hospital,huma hospital,Hyderabad,Hospital,Yakutpura,,17.344656,78.49464,8760b525bffffff,,1.0,1.0,False,,400.0,400.0,,2.0,,+914067822433,https://www.practo.com/hyderabad/hospital/z-b-hospital-santosh-nagar?referrer=hospital_listing,,VN,practo,,1.0,canonical,909,Q1,,Economy,0.213712
hosp_121f52b6d2a8b80a,Marvel Maternity And Nursing Home,marvel maternity nursing home,Hyderabad,Hospital,Chandrayangutta,,17.329168,78.478829,8760a25a4ffffff,,1.0,1.0,False,,100.0,150.0,,2.0,,+914049170225,https://www.practo.com/hyderabad/hospital/marvel-maternity-and-nursing-home-chandrayangutta?referrer=hospital_listing,,VN,practo,,1.0,canonical,910,Q1,,Economy,0.213712
hosp_be39b05550f92fb7,Life Spring Maternity Hospital,life spring maternity hospital,Hyderabad,Hospital,Vanasthalipuram,,17.337081,78.570203,8760b5250ffffff,,1.0,1.0,False,,0.0,100.0,,2.0,,+914067822616,https://www.practo.com/hyderabad/hospital/life-spring-maternity-hospital-vanasthalipuram?referrer=hospital_listing,,VN,practo,,1.0,canonical,911,Q1,,Economy,0.213712
hosp_e6b564ba72d3f1a8,Paradise Dental Hospitals,paradise dental hospitals,Hyderabad,Hospital,Narayanguda,,17.406994,78.486225,8760a25b2ffffff,,1.0,1.0,False,,0.0,200.0,,2.0,,+914067822587,https://www.practo.com/hyderabad/hospital/paradise-dental-hospitals-himayat-nagar?referrer=hospital_listing,,VN,practo,,1.0,canonical,912,Q1,,Economy,0.213712
hosp_5ca2a7f15c45ac74,MaxiDent Dental Hospital,maxident dental hospital,Hyderabad,Hospital,LB Nagar,,17.352932266925,78.553855419159,8760b5253ffffff,,1.0,1.0,False,,200.0,200.0,,2.0,,+914067822305,https://www.practo.com/hyderabad/hospital/maxident-advanced-dental-care-lb-nagar?referrer=hospital_listing,https://images1-fabric.practo.com/practices/735437/maxident-dental-hospital-hyderabad-5e9d6b1721cb9.jpg,VN,practo,,1.0,canonical,913,Q1,,Economy,0.213712
hosp_4cf1df785a4ad6a7,M.S.Malik Multi SpecialityDental Hospital,m s malik multi specialitydental hospital,Hyderabad,Hospital,Abids,,17.393231,78.472663,8760a25b3ffffff,,1.0,1.0,False,,200.0,200.0,,2.0,,+914067822408,https://www.practo.com/hyderabad/hospital/m-s-malik-multi-specialitydental-hospital-abids?referrer=hospital_listing,,VN,practo,,1.0,canonical,914,Q1,,Economy,0.213712
hosp_fba29ad50f098d36,Dishvitha Dental Hospital,dishvitha dental hospital,Hyderabad,Hospital,Ashok Nagar,,17.406654,78.489689,8760a25b2ffffff,,1.0,1.0,False,,200.0,200.0,,2.0,,+914067822539,https://www.practo.com/hyderabad/hospital/dishvitha-dental-hospital-ashok-nagar?referrer=hospital_listing,,VN,practo,,1.0,canonical,915,Q1,,Economy,0.213712
hosp_936b9333ffcebe78,Miyapur Dental Hospital,miyapur dental hospital,Hyderabad,Hospital,Miyapur,,17.495863,78.358965,8760a24b3ffffff,,1.0,1.0,False,,200.0,200.0,,2.0,,+914067822408,https://www.practo.com/hyderabad/hospital/miyapur-dental-hospital-miyapur-1?referrer=hospital_listing,,VN,practo,,1.0,canonical,916,Q1,,Economy,0.213712
hosp_d97c038219ecb78a,Hyderabad Eye Hospital,hyderabad eye hospital,Hyderabad,Hospital,Barkatpura,,17.394465,78.498785,8760a25b0ffffff,,1.0,1.0,False,,500.0,500.0,,2.0,,+914067822744,https://www.practo.com/hyderabad/hospital/hyderabad-eye-hospital-barkatpura?referrer=hospital_listing,,VN,practo,,1.0,canonical,917,Q1,,Economy,0.213712
hosp_3836f5fac013e7b5,Sri Sai Care Dental Hospital,sri sai care dental hospital,Hyderabad,Hospital,Miyapur,,17.49565,78.357888,8760a24b3ffffff,,1.0,1.0,False,,100.0,100.0,,2.0,,+914067822744,https://www.practo.com/hyderabad/hospital/sri-sai-superspeciality-dental-and-implant-centre-miyapur-1?referrer=hospital_listing,,VN,practo,,1.0,canonical,918,Q1,,Economy,0.213712
hosp_60417973458fccb1,Anjini Dental Hospital,anjini dental hospital,Hyderabad,Hospital,SR Nagar,,17.441675578412585,78.44120264053345,8760a2593ffffff,,1.0,1.0,False,,200.0,200.0,,2.0,,+914041891804,https://www.practo.com/hyderabad/hospital/anjini-dental-hospital-sr-nagar?referrer=hospital_listing,https://images1-fabric.practo.com/anjini-dental-hospital-hyderabad-1439477579-55ccaf4b5df53.png,VN,practo,,1.0,canonical,919,Q1,,Economy,0.213712
hosp_d194c6f67d590c8d,Ambaa Hospitals,ambaa hospitals,Hyderabad,Hospital,Langar Houz,,17.392968,78.456423,8760a2586ffffff,,1.0,1.0,False,,200.0,200.0,,2.0,,+914067822617,https://www.practo.com/hyderabad/hospital/ambaa-hospitals-langer-house?referrer=hospital_listing,,VN,practo,,1.0,canonical,920,Q1,,Economy,0.213712
hosp_32224938ec3ab0ed,Sunshine Dental Hospital,sunshine dental hospital,Hyderabad,Hospital,Attapur,,17.385315050506584,78.42977374792099,8760a2580ffffff,,1.0,1.0,False,,150.0,150.0,,2.0,,+914067822617,https://www.practo.com/hyderabad/hospital/sunshine-dental-hospital-secunderabad?referrer=hospital_listing,https://images1-fabric.practo.com/54e1d93f8758e96d6f2e7e1f705ab5e59c84a6dc009b2.png,VN,practo,,1.0,canonical,921,Q1,,Economy,0.213712
hosp_7149502306349b87,Leela Hospital,leela hospital,Hyderabad,Hospital,Sanath Nagar,,17.45321,78.44352,8760a2593ffffff,,1.0,1.0,False,,0.0,0.0,,2.0,,+914067820361,https://www.practo.com/hyderabad/hospital/priyaorthopaedic-clinic-hyderabad?referrer=hospital_listing,,VN,practo,,1.0,canonical,922,Q1,,Economy,0.213712
hosp_cdc00dd2c3ea3699,Satya Dental Hospital,satya dental hospital,Hyderabad,Hospital,Kukatpally,,17.488477,78.382224,8760a24b0ffffff,,1.0,1.0,False,,200.0,200.0,,2.0,,+914045206171,https://www.practo.com/hyderabad/hospital/satya-dental-clinic-kphb?referrer=hospital_listing,,VN,practo,,1.0,canonical,923,Q1,,Economy,0.213712
hosp_c96a0362f9d25bed,Dentakare- Multispciality Dental Hospital,dentakare multispciality dental hospital,Hyderabad,Hospital,KPHB,,17.49743,78.407003,8760b196bffffff,,1.0,1.0,False,,150.0,150.0,,2.0,,+914067822587,https://www.practo.com/hyderabad/hospital/dentakare-multispciality-dental-hospital-kukatpally?referrer=hospital_listing,,VN,practo,,1.0,canonical,924,Q1,,Economy,0.213712
hosp_70a551f0c86b6a22,Sanjeevani Children's Hospital,sanjeevani children s hospital,Hyderabad,Hospital,Jeedimetla,,17.493883,78.451943,8760b196effffff,,1.0,1.0,False,,150.0,150.0,,2.0,,+914067822433,https://www.practo.com/hyderabad/hospital/sanjeevani-children-s-hospital-jeedimetla?referrer=hospital_listing,,VN,practo,,1.0,canonical,925,Q1,,Economy,0.213712
hosp_c45959d84063d786,SMS Dental Hospital,sms dental hospital,Hyderabad,Hospital,Champapet,,17.34544288042005,78.52353930386016,8760b525affffff,,1.0,1.0,False,,100.0,100.0,,2.0,,+914067822495,https://www.practo.com/hyderabad/hospital/sms-dental-hospital-champapet?referrer=hospital_listing,,VN,practo,,1.0,canonical,926,Q1,,Economy,0.213712
hosp_25b02a4dc02e8e62,NEO BBC New Born & Children's Hospital,neo bbc new born children s hospital,Hyderabad,Hospital,Vidyanagar,,17.402918,78.5098,8760a25b6ffffff,,1.0,1.0,False,,300.0,300.0,,,,+914067822406,https://www.practo.com/hyderabad/hospital/neo-bbc-new-born-children-s-hospital-vidyanagar?referrer=hospital_listing,https://images1-fabric.practo.com/532ffba9e1a7b5ae0c1c8a5260bc7b6648f6fbd115c35.jpg,VN,practo,,1.0,canonical,927,Q1,,Economy,0.213623
hosp_d147422c3df87a86,Dr. N. Usha Chaderghat Hospital,dr n usha chaderghat hospital,Hyderabad,Hospital,Malakpet,,17.37736,78.489403,8760a25b0ffffff,,1.0,1.0,False,,300.0,300.0,,,,+914067822305,https://www.practo.com/hyderabad/hospital/dr-n-usha-chaderghat-hospital-malakpet?referrer=hospital_listing,,VN,practo,,1.0,canonical,928,Q1,,Economy,0.213623
hosp_fb1f2e038da9a28e,Mansoor Childrens Hospital,mansoor childrens hospital,Hyderabad,Hospital,Mallepally,,17.3935212,78.4567434,8760a2586ffffff,,1.0,1.0,False,,150.0,150.0,,,,+914067822616,https://www.practo.com/hyderabad/hospital/mansoor-childrens-hospital-vijay-nagar-colony?referrer=hospital_listing,,VN,practo,,1.0,canonical,929,Q1,,Economy,0.213623
hosp_7388190a170e548b,Subhiksha Hospitals,subhiksha hospitals,Hyderabad,Hospital,Kukatpally,,17.491904740905,78.39896120131,8760a24b6ffffff,,1.0,1.0,False,,0.0,300.0,,,,+914041891804,https://www.practo.com/hyderabad/hospital/subhiksha-hospitals-kukatpally-1?referrer=hospital_listing,https://images1-fabric.practo.com/practices/1153774/subhiksha-hospitals-hyderabad-598af7bc7f5da.jpeg,VN,practo,,1.0,canonical,930,Q1,,Economy,0.213623
hosp_afbabe0b851b7f2d,Doctors Hospital,doctors hospital,Hyderabad,Hospital,Chaitanyapuri,,17.370554,78.527845,8760b52e9ffffff,,1.0,1.0,False,,250.0,250.0,,,,+914067822790,https://www.practo.com/hyderabad/hospital/doctors-hospital-dilsukh-nagar?referrer=hospital_listing,,VN,practo,,1.0,canonical,931,Q1,,Economy,0.213623
hosp_cba592d7bef37369,Dr Akram Ali Nursing Home,dr akram ali nursing home,Hyderabad,Hospital,Santosh Nagar,,17.348639,78.492225,8760b525bffffff,,1.0,1.0,False,,100.0,100.0,,,,+914067822617,https://www.practo.com/hyderabad/hospital/dr-akram-ali-nursing-home-santosh-nagar?referrer=hospital_listing,,VN,practo,,1.0,canonical,932,Q1,,Economy,0.213623
hosp_dfe70c13a46fdea6,Harmain Hospital,harmain hospital,Hyderabad,Hospital,Falaknuma,,17.337808936945038,78.4674586135493,8760a25a0ffffff,,1.0,1.0,False,,0.0,0.0,,,,+914045206170,https://www.practo.com/hyderabad/hospital/harmain-hospital-falaknuma-1?referrer=hospital_listing,,VN,practo,,1.0,canonical,933,Q1,,Economy,0.213623
hosp_a472cdb071f6a53d,Githa Nature Cure & Yoga Hospital,githa nature cure yoga hospital,Hyderabad,Hospital,Kothapet,,17.368328,78.549438,8760b52edffffff,,1.0,1.0,False,,100.0,100.0,,,,+914067822374,https://www.practo.com/hyderabad/hospital/githa-nature-cure-yoga-hospital-dilsukh-nagar?referrer=hospital_listing,https://images1-fabric.practo.com/525d29da39b256847c4aca62771cb5d571a81357375d4.jpg,VN,practo,,1.0,canonical,934,Q1,,Economy,0.213623
hosp_2428a832494deb43,Vasishta Ayurvedic Hospital,vasishta ayurvedic hospital,Hyderabad,Hospital,Kothapet,,17.371747,78.542198,8760b52edffffff,,1.0,1.0,False,,100.0,100.0,,,,+914041891804,https://www.practo.com/hyderabad/hospital/sri-vashistha-ayurveda-kothapet?referrer=hospital_listing,https://images1-fabric.practo.com/practices/1156716/sri-vashistha-ayurveda-hospital-hyderabad-59d5d7a8678ef.png,VN,practo,,1.0,canonical,935,Q1,,Economy,0.213623
hosp_bb35212db0d80cab,MAA CARE HOSPITAL,maa care hospital,Hyderabad,Hospital,Meerpet,,17.3201794,78.5180884,8760b525dffffff,,1.0,1.0,False,,0.0,0.0,,,,+914071964871,https://www.practo.com/hyderabad/hospital/maa-care-hospital-1-meerpet?referrer=hospital_listing,,VN,practo,,1.0,canonical,936,Q1,,Economy,0.213623
hosp_beed430b1c8a0445,Veeraiah's Rajagiri Children Hospital,veeraiah s rajagiri children hospital,Hyderabad,Hospital,Habsiguda,,17.410881,78.543759,8760b52eaffffff,,1.0,1.0,False,,200.0,200.0,,,,+914067822495,https://www.practo.com/hyderabad/hospital/rajagiri-hospital-uppal?referrer=hospital_listing,,VN,practo,,1.0,canonical,937,Q1,,Economy,0.213623
hosp_b9d151a3035288d3,Veda Rushi Multispeciality Ayurvedic Hospital,veda rushi multispeciality ayurvedic hospital,Hyderabad,Hospital,Hitech City,,17.446104959594,78.388627613895,8760a259bffffff,,1.0,1.0,False,,200.0,200.0,,,,+914067822539,https://www.practo.com/hyderabad/hospital/veda-rushi-multispeciality-ayurvedic-hospital-hitech-city?referrer=hospital_listing,,VN,practo,,1.0,canonical,938,Q1,,Economy,0.213623
hosp_3f9e77723e15886a,Deeksha Hospitals,deeksha hospitals,Hyderabad,Hospital,KPHB,,17.497708204213595,78.38901590555906,8760a24b6ffffff,,1.0,1.0,False,,300.0,300.0,,,,+914067820170,https://www.practo.com/hyderabad/hospital/deeksha-hospitals-kphb?referrer=hospital_listing,,VN,practo,,1.0,canonical,939,Q1,,Economy,0.213623
hosp_6a0006e129bbc318,Ap super Specality Dental Hospital,ap super specality dental hospital,Hyderabad,Hospital,Jubilee Hills,,17.434925,78.413559,8760a2598ffffff,,1.0,1.0,False,,200.0,200.0,,,,+914067820361,https://www.practo.com/hyderabad/hospital/ap-super-specality-dental-hospital-jubilee-hills?referrer=hospital_listing,,VN,practo,,1.0,canonical,940,Q1,,Economy,0.213623
hosp_cc280651b01dae84,Amurtham Ayurveda Hospital,amurtham ayurveda hospital,Hyderabad,Hospital,Punjagutta,,17.507995,78.463218,8760b1945ffffff,,1.0,1.0,False,,600.0,600.0,,,,+914045209803,https://www.practo.com/hyderabad/hospital/amurtham-ayurveda-hospital-punjagutta?referrer=hospital_listing,https://images1-fabric.practo.com/amurtham-ayurveda-hospital-hyderabad-1474124917-57dd5c75c0d8c.jpg,VN,practo,,1.0,canonical,941,Q1,,Economy,0.213623
hosp_ac6f209fe0688eca,Shravan's Multi Speciality Dental Hospital,shravan s multi speciality dental hospital,Hyderabad,Hospital,Masab Tank,,17.40045,78.45678,8760a2586ffffff,,1.0,1.0,False,,200.0,200.0,,,,+914067822744,https://www.practo.com/hyderabad/hospital/shravan-s-multi-speciality-dental-hospital-masab-tank?referrer=hospital_listing,https://images1-fabric.practo.com/534553ef08a6bc016decea7174b2f43c72d4c300914f9.jpeg,VN,practo,,1.0,canonical,942,Q1,,Economy,0.213623
hosp_a8f5054a785b1854,Tayeba Maternity Hospital,tayeba maternity hospital,Hyderabad,Hospital,Red Hills,,17.394197,78.463874,8760a25b3ffffff,,1.0,1.0,False,,200.0,200.0,,,,+914067822790,https://www.practo.com/hyderabad/hospital/taiyeba-maternity-clinic-lakdikapul?referrer=hospital_listing,,VN,practo,,1.0,canonical,943,Q1,,Economy,0.213623
hosp_0de9b2c90e53f08f,Oracare Dental Hospital,oracare dental hospital,Hyderabad,Hospital,Tolichowki,,17.398821,78.41619,8760a2583ffffff,,1.0,1.0,False,,100.0,100.0,,,,+914067822631,https://www.practo.com/hyderabad/hospital/oracare-dental-hospital-tolichowki?referrer=hospital_listing,,VN,practo,,1.0,canonical,944,Q1,,Economy,0.213623
hosp_a4aad94e0a5955fb,Datta Sai Dental Hospital,datta sai dental hospital,Hyderabad,Hospital,Dilsukhnagar,,17.368401,78.529621,8760b52e9ffffff,,1.0,1.0,False,,100.0,100.0,,,,+914067822386,https://www.practo.com/hyderabad/hospital/datta-sai-dental-hospital-2-dilsukh-nagar?referrer=hospital_listing,,VN,practo,,1.0,canonical,945,Q1,,Economy,0.213623
hosp_2d7cd91c1c5d3d9c,Yashoda's Visra Dental Hospital,yashoda s visra dental hospital,Hyderabad,Hospital,Chaitanyapuri,,17.36988869964,78.537012965701,8760b52edffffff,,1.0,1.0,False,,200.0,200.0,,,,+914067822790,https://www.practo.com/hyderabad/hospital/visra-hospital-chaitanyapuri?referrer=hospital_listing,https://images1-fabric.practo.com/practices/1171115/yashoda-s-visra-dental-hospital-hyderabad-5a7045b0e8f3a.jpg,VN,practo,,1.0,canonical,946,Q1,,Economy,0.213623
hosp_c958bfd8d4d46e89,M.S Hospital,m s hospital,Hyderabad,Hospital,Moula Ali,,28.4641695,77.0220252,873da11a1ffffff,,1.0,1.0,False,,100.0,100.0,,,,+914045208867,https://www.practo.com/hyderabad/hospital/m-s-hospital-2-moula-ali?referrer=hospital_listing,,VN,practo,,1.0,canonical,947,Q1,,Economy,0.213623
hosp_c8940f13fc63167d,A. P. Superspeciality Dental Hospital,p superspeciality dental hospital,Hyderabad,Hospital,Ashok Nagar,,17.407892,78.493647,8760a25b2ffffff,,1.0,1.0,False,,200.0,200.0,,,,+914067822617,https://www.practo.com/hyderabad/hospital/a-p-superspeciality-dental-hospital-ashok-nagar?referrer=hospital_listing,,VN,practo,,1.0,canonical,948,Q1,,Economy,0.213623
hosp_89381b7b21acb644,Niraamaya Ayurveda Hospitals,niraamaya ayurveda hospitals,Hyderabad,Hospital,Banjara Hills,,17.426472591832084,78.43012914061546,8760a2591ffffff,,1.0,1.0,False,,500.0,500.0,,,,+914067822539,https://www.practo.com/hyderabad/hospital/niraamaya-ayurveda-hospitals-banjara-hills?referrer=hospital_listing,,VN,practo,,1.0,canonical,949,Q1,,Economy,0.213623
hosp_92e79bf3a95a9e56,Polydent Multispeciality Dental Hospital,polydent multispeciality dental hospital,Hyderabad,Hospital,Masab Tank,,17.404393,78.454874,8760a2595ffffff,,1.0,1.0,False,,100.0,100.0,,,,+914067822744,https://www.practo.com/hyderabad/hospital/polydent-multispeciality-hospital-banjara-hills?referrer=hospital_listing,,VN,practo,,1.0,canonical,950,Q1,,Economy,0.213623
hosp_99dc0be2e8204225,Dr. Najeeb Dental Hospital,dr najeeb dental hospital,Hyderabad,Hospital,Malakpet,,17.374377,78.490381,8760a25b5ffffff,,1.0,1.0,False,,100.0,100.0,,,,+914067822617,https://www.practo.com/hyderabad/hospital/dr-najeeb-dental-hospital-malakpet?referrer=hospital_listing,,VN,practo,,1.0,canonical,951,Q1,,Economy,0.213623
hosp_a20f1ae9215430b7,Dr Amar's Dental Hospital,dr amar s dental hospital,Hyderabad,Hospital,Hitech City,,17.439756402379427,78.3639469742775,8760a24a6ffffff,,1.0,1.0,False,,0.0,0.0,,,,+914049170226,https://www.practo.com/hyderabad/hospital/dr-amar-s-dental-hospital-hitech-city?referrer=hospital_listing,,VN,practo,,1.0,canonical,952,Q1,,Economy,0.213623
hosp_6e925c9720265c6a,Chanchalguda Hospital,chanchalguda hospital,Hyderabad,Hospital,Chanchalguda,,17.366347,78.495199,8760a25b5ffffff,,1.0,1.0,False,,200.0,200.0,,,,+914067822374,https://www.practo.com/hyderabad/hospital/chanchalguda-nursing-home-chanchalguda?referrer=hospital_listing,,VN,practo,,1.0,canonical,953,Q1,,Economy,0.213623
hosp_49018d6c408468d6,GMC Multi Speciality Dental Hospital,gmc multi speciality dental hospital,Hyderabad,Hospital,Old City,,17.36209,78.482887,8760a25b5ffffff,,1.0,1.0,False,,200.0,200.0,,,,+914067822336,https://www.practo.com/hyderabad/hospital/gmc-multi-speciality-dental-hospital-yakutpura?referrer=hospital_listing,,VN,practo,,1.0,canonical,954,Q1,,Economy,0.213623
hosp_435af26ddbd62f53,Panineeya Institute Of Dental Sciences And  Research Centre,panineeya institute dental sciences research centre,Hyderabad,Hospital,Dilsukhnagar,,17.36522,78.533004,8760b525affffff,,1.0,1.0,False,,0.0,0.0,,,,+914067822616,https://www.practo.com/hyderabad/hospital/panineeya-institute-of-dental-sciences-and-research-centre-dilsukh-nagar-621984?referrer=hospital_listing,,active,practo,,1.0,canonical,955,Q1,,Economy,0.213623
hosp_5cc0c6336f43ef36,SNS Hospital,sns hospital,Hyderabad,Hospital,Secunderabad,,17.385044,78.486671,8760a25b0ffffff,,1.0,1.0,False,,150.0,150.0,,,,+914067822616,https://www.practo.com/hyderabad/hospital/sns-hospital-secunderabad?referrer=hospital_listing,,VN,practo,,1.0,canonical,956,Q1,,Economy,0.213623
hosp_b74a5c4c4a6998db,Ap Super Speciality Dental Hospitals Pvt Ltd,ap super speciality dental hospitals,Hyderabad,Hospital,Masab Tank,,17.401707,78.45352,8760a2586ffffff,,1.0,1.0,False,,200.0,200.0,,,,+914067822616,https://www.practo.com/hyderabad/hospital/ap-super-speciality-dental-hospitals-pvt-ltd-rtc-x-road?referrer=hospital_listing,,VN,practo,,1.0,canonical,957,Q1,,Economy,0.213623
hosp_1b55a3124c514627,Sri Uma Devi's Dental Hospital,sri uma devi s dental hospital,Hyderabad,Hospital,Malakpet,,17.372844,78.505503,8760a25b4ffffff,,1.0,1.0,False,,50.0,50.0,,,,+914067822495,https://www.practo.com/hyderabad/hospital/sri-uma-devi-s-dental-hospital-malakpet?referrer=hospital_listing,,VN,practo,,1.0,canonical,958,Q1,,Economy,0.213623
hosp_c1be489aaf52bdc3,Madhurya Dental Hospital,madhurya dental hospital,Hyderabad,Hospital,Vanasthalipuram,,17.333143,78.569358,8760b5250ffffff,,1.0,1.0,False,,100.0,100.0,,,,+914067822587,https://www.practo.com/hyderabad/hospital/madhurya-dental-hospital-vanasthalipuram?referrer=hospital_listing,,VN,practo,,1.0,canonical,959,Q1,,Economy,0.213623
hosp_1f00d5d30f566e5c,"Gandhi hospital, secunderabad",gandhi hospital secunderabad,Hyderabad,Hospital,Musheerabad,,17.419688288638,78.501369953156,8760b52c9ffffff,,1.0,1.0,False,,300.0,300.0,,,,+914067822495,https://www.practo.com/hyderabad/hospital/gandhi-hospital-musheerabad1?referrer=hospital_listing,,VN,practo,,1.0,canonical,960,Q1,,Economy,0.213623
hosp_278d4f56945de138,B.M.S Dental Hospital,b m s dental hospital,Hyderabad,Hospital,Old City,,17.356566,78.476129,8760a25b5ffffff,,1.0,1.0,False,,100.0,100.0,,,,+914049174159,https://www.practo.com/hyderabad/hospital/b-m-s-dental-hospital-old-city?referrer=hospital_listing,,VN,practo,,1.0,canonical,961,Q1,,Economy,0.213623
hosp_4f77a1efbf5cfda2,AM Reddy Austism Centre,am reddy austism centre,Hyderabad,Hospital,Jubilee Hills,,17.428772,78.417929,8760a259cffffff,,1.0,1.0,False,4.0,1500.0,1500.0,,,,+914049172967,https://www.practo.com/hyderabad/hospital/am-reddy-austism-center-jubilee-hills?referrer=hospital_listing,https://images1-fabric.practo.com/practices/1270626/am-reddy-austism-center-hyderabad-5ddb57056dc6f.jpg,VN,practo,,1.0,canonical,962,Q1,,Economy,0.213623
hosp_42ab5f9840819e79,A P Superspeciality Dental Hospital(Miyapur),p superspeciality dental hospital miyapur,Hyderabad,Hospital,Miyapur,,17.495404300382322,78.35558652877808,8760a24b3ffffff,,1.0,1.0,False,,200.0,200.0,,,,+914067822305,https://www.practo.com/hyderabad/hospital/a-p-superspeciality-dental-hospital-miyapur-miyapur?referrer=hospital_listing,,VN,practo,,1.0,canonical,963,Q1,,Economy,0.213623
hosp_044a8b6bb9f65f8d,Kiran Dental Hospital,kiran dental hospital,Hyderabad,Hospital,KPHB,,17.492170791652654,78.39738607406616,8760a24b6ffffff,,1.0,1.0,False,,200.0,200.0,,,,+914067822631,https://www.practo.com/hyderabad/hospital/kiran-dental-hospital-madinaguda?referrer=hospital_listing,,VN,practo,,1.0,canonical,964,Q1,,Economy,0.213623
hosp_c90403de18641334,A P Superspeciality Dental Hospital,p superspeciality dental hospital,Hyderabad,Hospital,Kukatpally,,17.493669,78.401332,8760a24b6ffffff,,1.0,1.0,False,,200.0,200.0,,,,+914067822609,https://www.practo.com/hyderabad/hospital/a-p-superspeciality-dental-hospital-kukatpally?referrer=hospital_listing,,VN,practo,,1.0,canonical,965,Q1,,Economy,0.213623
hosp_01bd8ca20941d4c3,VISHNU DENTAL HOSPITALS,vishnu dental hospitals,Hyderabad,Hospital,Kothapet,,17.36743227003754,78.55055093765259,8760b52edffffff,,1.0,1.0,False,,100.0,100.0,,,,+914067822783,https://www.practo.com/hyderabad/hospital/vishnu-dental-hospitals-kothapet?referrer=hospital_listing,,VN,practo,,1.0,canonical,966,Q1,,Economy,0.213623
hosp_3bc3eb0c7963ad15,Beth Israel Med Center,beth israel med center,Hyderabad,Hospital,Financial District,,40.7064204,-74.0133518,872a10728ffffff,,1.0,1.0,False,,0.0,0.0,,,,+12124401940,https://www.practo.com/hyderabad/hospital/beth-israel-med-center-financial-district?referrer=hospital_listing,,VN,practo,,1.0,canonical,967,Q1,,Economy,0.213623
hosp_c3167c51350f8860,Sai Ram Speciality Dental Hospital,sai ram speciality dental hospital,Hyderabad,Hospital,LB Nagar,,17.348385419579525,78.54949951171875,8760b525effffff,,1.0,1.0,False,,100.0,100.0,,,,+914067822587,https://www.practo.com/hyderabad/hospital/sai-ram-speciality-dental-hospital-lb-nagar?referrer=hospital_listing,,VN,practo,,1.0,canonical,968,Q1,,Economy,0.213623
hosp_30806c9336bd0fe4,V.S Super Speciality  Dental Hospitals,v s super speciality dental hospitals,Hyderabad,Hospital,Nagole,,17.3784,78.541669,8760b52e9ffffff,,1.0,1.0,False,,100.0,100.0,,,,+914067822495,https://www.practo.com/hyderabad/hospital/v-s-super-speciality-dental-hospitals-kothapet?referrer=hospital_listing,,VN,practo,,1.0,canonical,969,Q1,,Economy,0.213623
hosp_e671fbb1121324e4,Vijetha Dental Hospital,vijetha dental hospital,Hyderabad,Hospital,Kothapet,,17.373915,78.550104,8760b52edffffff,,1.0,1.0,False,,100.0,100.0,,,,+914067820361,https://www.practo.com/hyderabad/hospital/vijetha-dental-hospital-dilsukh-nagar?referrer=hospital_listing,,VN,practo,,1.0,canonical,970,Q1,,Economy,0.213623
hosp_c6eeaccc4c48c668,Abhiram Dental Hospital,abhiram dental hospital,Hyderabad,Hospital,Nagole,,17.373314,78.548265,8760b52edffffff,,1.0,1.0,False,,200.0,200.0,,,,+914067822744,https://www.practo.com/hyderabad/hospital/abhiram-dental-hospital-dilsukh-nagar?referrer=hospital_listing,,VN,practo,,1.0,canonical,971,Q1,,Economy,0.213623
hosp_60a958ff4b075c68,Sri Uma Devi's Dental Hospital,sri uma devi s dental hospital,Hyderabad,Hospital,Champapet,,17.35086367017351,78.51023197174072,8760b525bffffff,,1.0,1.0,False,,100.0,100.0,,,,+914067822336,https://www.practo.com/hyderabad/hospital/sri-uma-devi-s-dental-hospital-1-champapet?referrer=hospital_listing,,VN,practo,,1.0,canonical,972,Q1,,Economy,0.213623
hosp_dee31c8da08127ff,G M S Dental Hospital,g m s dental hospital,Hyderabad,Hospital,Nagole,,17.379478,78.53982,8760b52e9ffffff,,1.0,1.0,False,,0.0,100.0,,,,+914067822616,https://www.practo.com/hyderabad/hospital/g-m-s-dental-hospital-dilsukh-nagar?referrer=hospital_listing,,VN,practo,,1.0,canonical,973,Q1,,Economy,0.213623
hosp_0de13d752dca4045,L.B Nagar Multi Dental Hospital,l b nagar multi dental hospital,Hyderabad,Hospital,LB Nagar,,17.34908179089798,78.54894161224365,8760b525effffff,,1.0,1.0,False,,0.0,0.0,,,,+914067822480,https://www.practo.com/hyderabad/hospital/l-b-nagar-multi-dental-hospital-lb-nagar?referrer=hospital_listing,,VN,practo,,1.0,canonical,974,Q1,,Economy,0.213623
hosp_361bc8c78e245574,Geetha Dental Maxillofacial and Women's Hospital,geetha dental maxillofacial women s hospital,Hyderabad,Hospital,Uppal,,17.408990535072,78.570671863854,8760b52c5ffffff,,1.0,1.0,False,,150.0,150.0,,,,+914067822336,https://www.practo.com/hyderabad/hospital/geetha-dental-maxillofacial-and-women-s-hospital-uppal?referrer=hospital_listing,,VN,practo,,1.0,canonical,975,Q1,,Economy,0.213623
hosp_1cce093d80493d5a,Sri Balaji Superspeciality Dental Hospital,sri balaji superspeciality dental hospital,Hyderabad,Hospital,Nagole,,17.380108,78.558633,8760b52e8ffffff,,1.0,1.0,False,,100.0,100.0,,,,+914067822539,https://www.practo.com/hyderabad/hospital/sri-balaji-superspeciality-dental-hospital-nagole?referrer=hospital_listing,,VN,practo,,1.0,canonical,976,Q1,,Economy,0.213623
hosp_abd98aaa53b2a058,R. K Dental Hospital,r k dental hospital,Hyderabad,Hospital,Habsiguda,,17.411041,78.544462,8760b52eaffffff,,1.0,1.0,False,,100.0,100.0,,,,+914067822744,https://www.practo.com/hyderabad/hospital/r-k-dental-hospital-habsiguda?referrer=hospital_listing,,VN,practo,,1.0,canonical,977,Q1,,Economy,0.213623
hosp_203177654a5e7995,Sri The Dentist Dental Hospital,sri dentist dental hospital,Hyderabad,Hospital,Tarnaka,,17.425196,78.535849,8760b52ccffffff,,1.0,1.0,False,,200.0,200.0,,,,+914067822377,https://www.practo.com/hyderabad/hospital/sri-the-dentist-dental-hospital-tarnaka?referrer=hospital_listing,https://images1-fabric.practo.com/54c799082c0eb96d6f2e7e1f705ab5e59c84a6dc009b2.png,VN,practo,,1.0,canonical,978,Q1,,Economy,0.213623
hosp_da9901dd30a2d5a1,Vanasthali Dental Hospital,vanasthali dental hospital,Hyderabad,Hospital,Vanasthalipuram,,17.33050415665247,78.57514142990112,8760b5250ffffff,,1.0,1.0,False,,100.0,100.0,,,,+914049170224,https://www.practo.com/hyderabad/hospital/vanasthali-dental-hospital-vanasthalipuram?referrer=hospital_listing,,VN,practo,,1.0,canonical,979,Q1,,Economy,0.213623
hosp_458e220a9035f6f2,SL Hospital,sl hospital,Hyderabad,Hospital,Kukatpally,,17.492633,78.397791,8760a24b6ffffff,,1.0,1.0,False,,0.0,300.0,,,,+914067822587,https://www.practo.com/hyderabad/hospital/sl-hospital-kukatpally?referrer=hospital_listing,,VN,practo,,1.0,canonical,980,Q1,,Economy,0.213623
hosp_837aa1e9eaf77769,Priya Smile Super Speciality Dental Hospital And Implant Center,priya smile super speciality dental hospital implant center,Hyderabad,Hospital,Moula Ali,,17.455229,78.565849,8760b52c3ffffff,,1.0,1.0,False,,100.0,100.0,,,,+914067822336,https://www.practo.com/hyderabad/hospital/priya-smile-super-speciality-dental-hospital-and-implant-center-moula-ali?referrer=hospital_listing,,VN,practo,,1.0,canonical,981,Q1,,Economy,0.213623
hosp_71c62b2f912a2c55,American Laser Eye Hospital,american laser eye hospital,Hyderabad,Hospital,Begumpet,,17.443235,78.465967,8760a2590ffffff,,1.0,1.0,False,,500.0,500.0,,,,+914048213518,https://www.practo.com/hyderabad/hospital/american-laser-eye-hospital-begumpet?referrer=hospital_listing,https://images1-fabric.practo.com/practices/1435773/american-laser-eye-hospital-hyderabad-655b586a6a6f3.jpeg,VN,practo,,1.0,canonical,982,Q1,,Economy,0.213623
hosp_bfc773604caaa5a7,American Laser Eye Hospital,american laser eye hospital,Hyderabad,Hospital,Chanda Nagar,,17.503217279114438,78.31828005767225,8760a2482ffffff,,1.0,1.0,False,,300.0,300.0,,,,+914041892133,https://www.practo.com/hyderabad/hospital/american-laser-eye-hospital-chanda-nagar?referrer=hospital_listing,https://images1-fabric.practo.com/practices/1435777/american-laser-eye-hospital-hyderabad-655b59b7d1ccc.jpeg,VN,practo,,1.0,canonical,983,Q1,,Economy,0.213623
hosp_706dbe71513f2553,Live Life Hospitals,live life hospitals,Hyderabad,Hospital,Madhapur,,17.4390347869667,78.39995563030243,8760a2598ffffff,,1.0,1.0,False,,600.0,600.0,,,,+914067822783,https://www.practo.com/hyderabad/hospital/live-life-hospitals-madhapur?referrer=hospital_listing,,VN,practo,,1.0,canonical,984,Q1,,Economy,0.213623
hosp_41985ec951dc54a8,DV Dental Hospital And Implants Centre,dv dental hospital implants centre,Hyderabad,Hospital,Moula Ali,,17.454647,78.56601,8760b52c3ffffff,,1.0,1.0,False,,100.0,100.0,,,,+914067822433,https://www.practo.com/hyderabad/hospital/dv-dental-hospital-and-implants-centre-moula-ali?referrer=hospital_listing,,VN,practo,,1.0,canonical,985,Q1,,Economy,0.213623
hosp_59c339f5530650ea,Chandrala Dental Hospital,chandrala dental hospital,Hyderabad,Hospital,Kukatpally,,17.501431,78.426301,8760b196bffffff,,1.0,1.0,False,,150.0,150.0,,,,+914067822408,https://www.practo.com/hyderabad/hospital/chandrala-dental-hospital-nizampet?referrer=hospital_listing,,VN,practo,,1.0,canonical,986,Q1,,Economy,0.213623
hosp_583b3e47802152e7,Indo Us Superspeciality hospital,indo us superspeciality hospital,Hyderabad,Hospital,Secunderabad,,17.537079,78.5713622,8760b1929ffffff,,1.0,1.0,False,,400.0,400.0,,,,+914067822790,https://www.practo.com/hyderabad/hospital/indo-us-superspeciality-hospital-secunderabad?referrer=hospital_listing,,VN,practo,,1.0,canonical,987,Q1,,Economy,0.213623
hosp_82696989b2545609,"Asian Institute of Nephrology and Urology, Banjara Hills | AINU Hospital",asian institute nephrology urology banjara hills ainu hospital,Hyderabad,Hospital,Raj Bhavan Road,,17.4166719,78.453575,8760a2595ffffff,,1.0,1.0,False,,850.0,850.0,,,,+914071964883,https://www.practo.com/hyderabad/hospital/asian-institute-of-nephrology-and-urology-banjara-hills-ainu-hospital-raj-bhavan-road?referrer=hospital_listing,,VN,practo,,1.0,canonical,988,Q1,,Economy,0.213623
hosp_a4c6c6aa008bae9b,ravindra hospitals  - dilsukhnagar ,ravindra hospitals dilsukhnagar,Hyderabad,Hospital,Moosarambagh,,17.3704,78.518,8760a25b4ffffff,,1.0,1.0,False,,500.0,500.0,,,,+914071964871,https://www.practo.com/hyderabad/hospital/ravindra-hospitals-dilsukhnagar-1-moosarambagh?referrer=hospital_listing,,active,practo,,1.0,canonical,989,Q1,,Economy,0.213623
hosp_00fd06316f573f07,LifeSpring Maternity Hospital,lifespring maternity hospital,Hyderabad,Hospital,Vaishali Nagar,,17.3468707,78.5212402,8760b525affffff,,1.0,1.0,False,,0.0,0.0,,,,+914045208866,https://www.practo.com/hyderabad/hospital/lifespring-maternity-hospital-vaishali-nagar?referrer=hospital_listing,,VN,practo,,1.0,canonical,990,Q1,,Economy,0.213623
hosp_747d309d23987ce7,hope children's hospital  - basheerbagh ,hope children s hospital basheerbagh,Hyderabad,Hospital,Adarsh Nagar,,17.4065,78.4735,8760a25b3ffffff,,1.0,1.0,False,,900.0,900.0,,,,+914067820170,https://www.practo.com/hyderabad/hospital/hope-children-s-hospital-basheerbagh-2-adarsh-nagar?referrer=hospital_listing,,VN,practo,,1.0,canonical,991,Q1,,Economy,0.213623
hosp_7c1278587f3a0c68,Cloudnine Hospital - Hitech City,cloudnine hospital hitech city,Hyderabad,Hospital,Hitech City,,17.4407417,78.3763277,8760a259bffffff,,1.0,1.0,False,,0.0,0.0,,,,+914041891797,https://www.practo.com/hyderabad/hospital/cloudnine-hospital-hitech-city-hitech-city?referrer=hospital_listing,,VN,practo,,1.0,canonical,992,Q1,,Economy,0.213623
hosp_13bf87e95db533fc,LifeSpring Maternity Hospital,lifespring maternity hospital,Hyderabad,Hospital,Medipally,,17.4087054,78.5910242,8760b52e3ffffff,,1.0,1.0,False,,0.0,0.0,,,,+914067820170,https://www.practo.com/hyderabad/hospital/lifespring-maternity-hospital-medipally?referrer=hospital_listing,,VN,practo,,1.0,canonical,993,Q1,,Economy,0.213623
hosp_788936f4373fc6a4,Shulman Stan DDS,shulman stan dds,Hyderabad,Hospital,Spring Valley,,38.9470309,-77.0990869,872aa84e3ffffff,,1.0,1.0,False,,0.0,0.0,,,,+12029663100,https://www.practo.com/hyderabad/hospital/shulman-stan-dds-spring-valley?referrer=hospital_listing,,VN,practo,,1.0,canonical,994,Q1,,Economy,0.213623
hosp_6876927cc01f1984,Srirama Multi Speciality Dental Hospital,srirama multi speciality dental hospital,Hyderabad,Hospital,Nagole,,17.374094,78.561581,8760b52ecffffff,,1.0,1.0,False,,100.0,100.0,,,,+914067822631,https://www.practo.com/hyderabad/hospital/sri-rama-multi-speciality-dental-hospital-lb-nagar?referrer=hospital_listing,,VN,practo,,1.0,canonical,995,Q1,,Economy,0.213623
hosp_5fd8b60c44d60b1b,Sai Sri Dental Hospital,sai sri dental hospital,Hyderabad,Hospital,Dilsukhnagar,,17.367585,78.5248,8760b525affffff,,1.0,1.0,False,,100.0,100.0,,,,+914067822495,https://www.practo.com/hyderabad/hospital/siri-multi-speciality-dental-hospital-dilsukh-nagar?referrer=hospital_listing,https://images1-fabric.practo.com/practices/753078/sai-sri-dental-hospital-hyderabad-66617f6ca6e11.png,VN,practo,,1.0,canonical,996,Q1,,Economy,0.213623
hosp_e568bd2e7791902d,Cosmetic Dental Hospital,cosmetic dental hospital,Hyderabad,Hospital,Alwal,,17.494224,78.512628,8760b1966ffffff,,1.0,1.0,False,,100.0,100.0,,,,+914067822336,https://www.practo.com/hyderabad/hospital/cosmetic-dental-hospital-alwal?referrer=hospital_listing,,VN,practo,,1.0,canonical,997,Q1,,Economy,0.213623
hosp_9415a61817e9b9c2,Dr. Vivek Dental Hospital,dr vivek dental hospital,Hyderabad,Hospital,Bandlaguda,,17.360592016029,78.389187378343,8760a258cffffff,,1.0,1.0,False,,0.0,0.0,,,,+914067822495,https://www.practo.com/hyderabad/hospital/dr-vivek-dental-hospital-bandlaguda?referrer=hospital_listing,https://images1-fabric.practo.com/practices/1157257/dr-vivek-dental-hospital-hyderabad-59ae5c86810e0.jpg,VN,practo,,1.0,canonical,998,Q1,,Economy,0.213623
hosp_64c15426591f4173,Dr Agarwal's Eye Hospital,dr agarwal s eye hospital,Hyderabad,Hospital,Gachibowli,,17.4312,78.3719,8760a2599ffffff,,1.0,1.0,False,,600.0,600.0,,,,+914049172943,https://www.practo.com/hyderabad/hospital/dr-agarwals-eye-hospital-gachibowli-telecom-nagar-extension?referrer=hospital_listing,https://images1-fabric.practo.com/practices/1585809/dr-agarwal-s-eye-hospital-hyderabad-6a1aefab636ba.png,VN,practo,,1.0,canonical,999,Q1,,Economy,0.213623
hosp_9cfeacd300be061d,VIHAAN SAI DENTAL HOSPITAL,vihaan sai dental hospital,Hyderabad,Hospital,Vanasthalipuram,,17.33161,78.569667,8760b5250ffffff,,1.0,1.0,False,,0.0,0.0,,,,,https://www.practo.com/hyderabad/hospital/vihaan-sai-dental-hospital-vanasthalipuram?referrer=hospital_listing,,active,practo,,1.0,canonical,1000,Q1,,Economy,0.213623
hosp_49e6f102898d5197,Dr Katta's Superspecialty Dental Hospital,dr katta s superspecialty dental hospital,Hyderabad,Hospital,Saidabad,,17.357749,78.519014,8760b525affffff,,1.0,1.0,False,,100.0,100.0,,,,+914067822495,https://www.practo.com/hyderabad/hospital/superspecialty-dental-hospital-saidabad?referrer=hospital_listing,,VN,practo,,1.0,canonical,1001,Q1,,Economy,0.213623
hosp_8c91d7b9f3781759,Akshaya Hospital Advanced Proctology Centre,akshaya hospital advanced proctology centre,Hyderabad,Hospital,Madinaguda,,17.495364901742,78.33702341692,8760a2486ffffff,,1.0,1.0,False,,600.0,600.0,,,,+914045208867,https://www.practo.com/hyderabad/hospital/akshaya-hospital-advanced-proctology-centre-madinaguda?referrer=hospital_listing,,VN,practo,,1.0,canonical,1002,Q1,,Economy,0.213623
hosp_7685f2e31ad13528,Philips Steven DDS,philips steven dds,Hyderabad,Hospital,Spring Valley,,38.9456971,-77.0971799,872aa84e3ffffff,,1.0,1.0,False,,0.0,0.0,,,,+12022445900,https://www.practo.com/hyderabad/hospital/philips-steven-dds-spring-valley?referrer=hospital_listing,,VN,practo,,1.0,canonical,1003,Q1,,Economy,0.213623
hosp_e0a37997651d3c9c,Spring Valley Dental - Dr. Priya Grewal & Dr. Steve Philips & Dr. Jacob Young,spring valley dental dr priya grewal dr steve philips dr jacob young,Hyderabad,Hospital,Spring Valley,,38.945686,-77.0971601,872aa84e3ffffff,,1.0,1.0,False,,0.0,0.0,,,,+12022445900,https://www.practo.com/hyderabad/hospital/spring-valley-dental-dr-priya-grewal-dr-steve-philips-dr-jacob-young-spring-valley?referrer=hospital_listing,,VN,practo,,1.0,canonical,1004,Q1,,Economy,0.213623
hosp_85d057c0387e1a71,Happy Children's Hospital,happy children s hospital,Hyderabad,Hospital,Jeedimetla,,17.49647,78.452355,8760b196effffff,,1.0,1.0,False,,0.0,0.0,,,,+914041891802,https://www.practo.com/hyderabad/hospital/happy-children-s-hospital-1-jeedimetla?referrer=hospital_listing,,VN,practo,,1.0,canonical,1005,Q1,,Economy,0.213623
hosp_a20103947bdb9fc7,elbit diagnostic centre  - madhapur ,elbit diagnostic centre madhapur,Hyderabad,Hospital,Madhapur,,17.4483,78.3919,8760a259bffffff,,1.0,1.0,False,,0.0,0.0,,,,+914067820172,https://www.practo.com/hyderabad/hospital/elbit-diagnostic-centre-madhapur-1-madhapur?referrer=hospital_listing,,VN,practo,,1.0,canonical,1006,Q1,,Economy,0.213623
hosp_8e20adcc28e99378,ARC Hospital,arc hospital,Hyderabad,Hospital,Shiridi Nagar,,17.3277501,78.5997252,8760b5254ffffff,,1.0,1.0,False,,0.0,0.0,,,,+914049172558,https://www.practo.com/hyderabad/hospital/arc-hospital-1-shiridi-nagar?referrer=hospital_listing,,VN,practo,,1.0,canonical,1007,Q1,,Economy,0.213623
hosp_f2a0cd055e1a8b55,Leelavathi Hospital ,leelavathi hospital,Hyderabad,Hospital,Old City,,17.057546,79.268481,8760b58f5ffffff,,1.0,1.0,False,,0.0,0.0,,,,+914045206170,https://www.practo.com/hyderabad/hospital/leelavathi-hospital-1-old-city?referrer=hospital_listing,,VN,practo,,1.0,canonical,1008,Q1,,Economy,0.213623
hosp_a69ef10e819b758a,american laser eye hospital  - madina guda ,american laser eye hospital madina guda,Hyderabad,Hospital,Mythri Nagar-Madeenaguda,,17.4946,78.3485,8760a24b3ffffff,,1.0,1.0,False,,0.0,0.0,,,,+914041892136,https://www.practo.com/hyderabad/hospital/american-laser-eye-hospital-madina-guda-mythri-nagar-madeenaguda?referrer=hospital_listing,,VN,practo,,1.0,canonical,1009,Q1,,Economy,0.213623
hosp_ff9d8f0774761239,Kosaraju Hospital Pvt Ltd,kosaraju hospital,Hyderabad,Hospital,Langar Houz,,17.375551,78.418973,8760a2581ffffff,,1.0,1.0,False,,1000.0,1000.0,,,,+914049171962,https://www.practo.com/hyderabad/hospital/kosaraju-hospital-pvt-ltd-langar-houz?referrer=hospital_listing,,VN,practo,,1.0,canonical,1010,Q1,,Economy,0.213623
hosp_9101c9e4d6a0b8c1,Sri Yashoda Hospital ,sri yashoda hospital,Hyderabad,Hospital,Raikal,,18.90967729,78.8085670774,8760b38a2ffffff,,1.0,1.0,False,,0.0,0.0,,,,+914049173256,https://www.practo.com/hyderabad/hospital/sri-yashoda-hospital-raikal?referrer=hospital_listing,,VN,practo,,1.0,canonical,1011,Q1,,Economy,0.213623
hosp_107e30afa1b572d1,LOTUS HOSPITAL,lotus hospital,Hyderabad,Hospital,Zahirabad,,17.6813621094,77.6163681943,876084c0effffff,,1.0,1.0,False,,0.0,0.0,,,,+912071531872,https://www.practo.com/hyderabad/hospital/lotus-hospital-1-zahirabad?referrer=hospital_listing,,VN,practo,,1.0,canonical,1012,Q1,,Economy,0.213623
hosp_c53a44399aa40977,sreekanth's kidney centre  - vanasthalipuram ,sreekanth s kidney centre vanasthalipuram,Hyderabad,Hospital,Sachivalaya Colony,,17.3315,78.5701,8760b5250ffffff,,1.0,1.0,False,,0.0,0.0,,,,+914041892132,https://www.practo.com/hyderabad/hospital/sreekanth-s-kidney-centre-vanasthalipuram-sachivalaya-colony?referrer=hospital_listing,,VN,practo,,1.0,canonical,1013,Q1,,Economy,0.213623
hosp_f6faa8af4d9ada77,nano vision laser eye centre  - masab tank ,nano vision laser eye centre masab tank,Hyderabad,Hospital,Venkatadri Colony,,17.3969,78.4497,8760a2586ffffff,,1.0,1.0,False,,0.0,0.0,,,,+914045206170,https://www.practo.com/hyderabad/hospital/nano-vision-laser-eye-centre-masab-tank-venkatadri-colony?referrer=hospital_listing,,VN,practo,,1.0,canonical,1014,Q1,,Economy,0.213623
hosp_34a44a81df964505,Health N Smile Dental Hospitals,health n smile dental hospitals,Hyderabad,Hospital,Malakpet,,17.3756703,78.4873048,8760a25b0ffffff,,1.0,1.0,False,,0.0,0.0,,,,+914045208867,https://www.practo.com/hyderabad/hospital/health-n-smile-dental-hospitals-malakpet?referrer=hospital_listing,,VN,practo,,1.0,canonical,1015,Q1,,Economy,0.213623
hosp_a4057d19da4ee192,Kamineni Academy of medical sciences and research centre,kamineni academy medical sciences research centre,Hyderabad,Hospital,R.T.C. Colony,,17.3510019039,78.5551036783,8760b5253ffffff,,1.0,1.0,False,,0.0,0.0,,,,+914049170423,https://www.practo.com/hyderabad/hospital/kamineni-academy-of-medical-sciences-and-research-centre-r-t-c-colony?referrer=hospital_listing,,VN,practo,,1.0,canonical,1016,Q1,,Economy,0.213623
hosp_66708902b9ed5f87,Government ENT Hospital Koti,government ent hospital koti,Hyderabad,Hospital,Koti,,17.3851615667,78.4816852772,8760a25b0ffffff,,1.0,1.0,False,,0.0,0.0,,,,+914041891797,https://www.practo.com/hyderabad/hospital/government-ent-hospital-koti-koti?referrer=hospital_listing,,VN,practo,,1.0,canonical,1017,Q1,,Economy,0.213623
hosp_b5ddf552b2120d60,AM CURE HOSPITALS,am cure hospitals,Hyderabad,Hospital,Shaikpet,,17.4028718,78.3840915,8760a258affffff,,1.0,1.0,False,,0.0,0.0,,,,+914049172964,https://www.practo.com/hyderabad/hospital/am-cure-hospitals-shaikpet?referrer=hospital_listing,,active,practo,,1.0,canonical,1018,Q1,,Economy,0.213623
hosp_9a9d0932b0fe677d,Peoples Hospital,peoples hospital,Hyderabad,Hospital,MG Road,,17.531712,78.2649808,8760a2499ffffff,,1.0,1.0,False,,100.0,100.0,,,,+914041891798,https://www.practo.com/hyderabad/hospital/peoples-hospital-1-mg-road?referrer=hospital_listing,,VN,practo,,1.0,canonical,1019,Q1,,Economy,0.213623
hosp_8b3acebc17e1cb74,SunMed Hospital,sunmed hospital,Hyderabad,Hospital,Trimulgherry,,17.4707985,78.5087739,8760b1964ffffff,,1.0,1.0,False,,350.0,350.0,,,,+914048213517,https://www.practo.com/hyderabad/hospital/sunmed-hospital-trimulgherry?referrer=hospital_listing,,VN,practo,,1.0,canonical,1020,Q1,,Economy,0.213623
hosp_94fc36a08f314664,Vijayasree Hospital,vijayasree hospital,Hyderabad,Hospital,Chanda Nagar,,17.4954682,78.3212941,8760a2486ffffff,,1.0,1.0,False,,0.0,0.0,,,,+914049173256,https://www.practo.com/hyderabad/hospital/vijayasree-hospital-chanda-nagar?referrer=hospital_listing,,VN,practo,,1.0,canonical,1021,Q1,,Economy,0.213623
hosp_0cc1f222edec69e6,Life Line Hospital,life line hospital,Hyderabad,Hospital,Sindhi Colony,,17.4465006,78.4804844,8760a2596ffffff,,1.0,1.0,False,,0.0,0.0,,,,+914067820171,https://www.practo.com/hyderabad/hospital/life-line-hospital-2-sindhi-colony?referrer=hospital_listing,,VN,practo,,1.0,canonical,1022,Q1,,Economy,0.213623
hosp_21b3eab1440feacd,New Life Hospital,new life hospital,Hyderabad,Hospital,Tarnaka,,17.4376498,78.5341338,8760b52c8ffffff,,1.0,1.0,False,,0.0,0.0,,,,+914049170030,https://www.practo.com/hyderabad/hospital/new-life-hospital-1-tarnaka?referrer=hospital_listing,,VN,practo,,1.0,canonical,1023,Q1,,Economy,0.213623
hosp_b5e295543d61eeb3,Vasavi hospitals,vasavi hospitals,Hyderabad,Hospital,Nizampet,,17.5254744,78.3708401,8760a2494ffffff,,1.0,1.0,False,,0.0,0.0,,,,+914041892134,https://www.practo.com/hyderabad/hospital/vasavi-hospitals-nizampet?referrer=hospital_listing,,VN,practo,,1.0,canonical,1024,Q1,,Economy,0.213623
hosp_7e2f12953e27c32b,lifecare gynaecology hospital  - chanda nagar ,lifecare gynaecology hospital chanda nagar,Hyderabad,Hospital,Pjr Layout,,17.5061,78.3356,8760a2495ffffff,,1.0,1.0,False,,0.0,0.0,,,,+914049172967,https://www.practo.com/hyderabad/hospital/lifecare-gynaecology-hospital-chanda-nagar-pjr-layout?referrer=hospital_listing,,VN,practo,,1.0,canonical,1025,Q1,,Economy,0.213623
hosp_73e4e7b6f2275b3a,vohra ent care centre  - amberpet ,vohra ent care centre amberpet,Hyderabad,Hospital,Turab Nagar,,17.3934,78.5225,8760a25b6ffffff,,1.0,1.0,False,,0.0,0.0,,,,+914049172964,https://www.practo.com/hyderabad/hospital/vohra-ent-care-centre-amberpet-1-turab-nagar?referrer=hospital_listing,,VN,practo,,1.0,canonical,1026,Q1,,Economy,0.213623
hosp_136ca0f4fb8acf5d,"Challa Eye Care Centre, Hyderabad",challa eye care centre hyderabad,Hyderabad,Hospital,Srinagar Colony,,17.4282139,78.4325459,8760a2591ffffff,,1.0,1.0,False,,0.0,0.0,,,,+914041891803,https://www.practo.com/hyderabad/hospital/challa-eye-care-centre-hyderabad-srinagar-colony?referrer=hospital_listing,,active,practo,,1.0,canonical,1027,Q1,,Economy,0.213623
hosp_15cca277809cf693,Lakshmi Sailaja Hospital,lakshmi sailaja hospital,Hyderabad,Hospital,Suchitra Circle,,17.508474,78.4614723,8760b1945ffffff,,1.0,1.0,False,,0.0,0.0,,,,+914049170295,https://www.practo.com/hyderabad/hospital/lakshmi-sailaja-hospital-1-suchitra-circle?referrer=hospital_listing,,VN,practo,,1.0,canonical,1028,Q1,,Economy,0.213623
hosp_95c916981020a1bf,"S R Hospital, Hyderabad",s r hospital hyderabad,Hyderabad,Hospital,Padmarao Nagar,,17.4189895,78.5114775,8760b52cdffffff,,1.0,1.0,False,,0.0,0.0,,,,+914071964883,https://www.practo.com/hyderabad/hospital/s-r-hospital-hyderabad-padmarao-nagar?referrer=hospital_listing,,VN,practo,,1.0,canonical,1029,Q1,,Economy,0.213623
hosp_f253e08848703601,hyderabad smiles dental hospitals  - madhapur ,hyderabad smiles dental hospitals madhapur,Hyderabad,Hospital,Sri Sai Nagar-Madhapur,,17.444,78.3919,8760a259bffffff,,1.0,1.0,False,,0.0,0.0,,,,+914067820172,https://www.practo.com/hyderabad/hospital/hyderabad-smiles-dental-hospitals-madhapur-sri-sai-nagar-madhapur?referrer=hospital_listing,,VN,practo,,1.0,canonical,1030,Q1,,Economy,0.213623
hosp_f35345961ffab824,LifeSpring Maternity Hospital,lifespring maternity hospital,Hyderabad,Hospital,Moula Ali,,17.4595325,78.5576441,8760b52c3ffffff,,1.0,1.0,False,,0.0,0.0,,,,+914071963654,https://www.practo.com/hyderabad/hospital/lifespring-maternity-hospital-moula-ali?referrer=hospital_listing,,VN,practo,,1.0,canonical,1031,Q1,,Economy,0.213623
hosp_e7ddad72bb78074a,Ankura Kodali Hospital for Women and Children,ankura kodali hospital for women children,Hyderabad,Hospital,Balanagar Township,,17.4838836774,78.4487891358,8760b196cffffff,,1.0,1.0,False,,400.0,400.0,,,,+914049172582,https://www.practo.com/hyderabad/hospital/ankura-kodali-hospital-for-women-and-children-balanagar-township?referrer=hospital_listing,,VN,practo,,1.0,canonical,1032,Q1,,Economy,0.213623
hosp_a7d1651aefb74a7d,Sunrise Hospital,sunrise hospital,Hyderabad,Hospital,TNGOs Colony,,17.4310386,78.3143442,8760a24a1ffffff,,1.0,1.0,False,,0.0,0.0,,,,+914048213518,https://www.practo.com/hyderabad/hospital/sunrise-hospital-1-tngos-colony?referrer=hospital_listing,,VN,practo,,1.0,canonical,1033,Q1,,Economy,0.213623
hosp_7be09a359fa7e46e,Chaithanya Hospital ,chaithanya hospital,Hyderabad,Hospital,Narketpalli,,17.2052039469,79.1958755599,8760b512bffffff,,1.0,1.0,False,,150.0,150.0,,,,+914030165624,https://www.practo.com/hyderabad/hospital/chaithanya-hospital-narketpalli?referrer=hospital_listing,,VN,practo,,1.0,canonical,1034,Q1,,Economy,0.213623
hosp_0d297748dcbb04ab,SRISAIBALAJI HOSPITAL,srisaibalaji hospital,Hyderabad,Hospital,Rock Town Colony,,17.3616781375,78.5620112506,8760b5253ffffff,,1.0,1.0,False,,0.0,0.0,,,,+914049170420,https://www.practo.com/hyderabad/hospital/srisaibalaji-hospital-rock-town-colony?referrer=hospital_listing,,VN,practo,,1.0,canonical,1035,Q1,,Economy,0.213623
hosp_37b0dce4cb981c52,kailash diagnostic and rehabilitation centre  - abids ,kailash diagnostic rehabilitation centre abids,Hyderabad,Hospital,Old Kattal Mandi,,17.3855,78.4751,8760a25b1ffffff,,1.0,1.0,False,,0.0,0.0,,,,+914048213519,https://www.practo.com/hyderabad/hospital/kailash-diagnostic-and-rehabilitation-centre-abids-old-kattal-mandi?referrer=hospital_listing,,VN,practo,,1.0,canonical,1036,Q1,,Economy,0.213623
hosp_07c96ad91b613c6d,LifeSpring Maternity Hospital,lifespring maternity hospital,Hyderabad,Hospital,Babuji Nagar,,17.4660428,78.4832636,8760b1965ffffff,,1.0,1.0,False,,0.0,0.0,,,,+914071964867,https://www.practo.com/hyderabad/hospital/lifespring-maternity-hospital-babuji-nagar?referrer=hospital_listing,,VN,practo,,1.0,canonical,1037,Q1,,Economy,0.213623
hosp_65f39aa5d3f77be8,Dr. Rao's Dental Hospital,dr rao s dental hospital,Hyderabad,Hospital,Srinagar Colony,,17.43211,78.4459,8760a2591ffffff,,,1.0,False,,100.0,100.0,,9.0,,+914067822617,https://www.practo.com/hyderabad/hospital/dr-rao-s-dental-hospital-ameerpet?referrer=hospital_listing,https://images1-fabric.practo.com/537301aa1f9f259b514174bffe4ae402b3d63aad79fe0.jpg,active,practo,,1.0,canonical,1038,Q1,,Economy,0.21304
hosp_6197fc4eb90347fb,SLMS  Hospital,slms hospital,Hyderabad,Hospital,Nagole,,17.376164,78.557243,8760b52ecffffff,,,1.0,False,,0.0,0.0,,3.0,,+914067822587,https://www.practo.com/hyderabad/hospital/slms-hospital-nagole?referrer=hospital_listing,,active,practo,,1.0,canonical,1039,Q1,,Economy,0.212775
hosp_662ec9c9bb88ec2a,"Russh Super Speciality Hospital, Hyderabad",russh super speciality hospital hyderabad,Hyderabad,Hospital,Vennala Gadda,,17.499739,78.477503,8760b1963ffffff,,,1.0,False,,0.0,0.0,,,,+914071964866,https://www.practo.com/hyderabad/hospital/russh-super-speciality-hospital-hyderabad-vennala-gadda?referrer=hospital_listing,,active,practo,,1.0,canonical,1040,Q1,,Economy,0.212643
hosp_644f08ec0e5dd6d5,The Cosmos Dental Hospital,cosmos dental hospital,Hyderabad,Hospital,Ameerpet,,17.436250655356922,78.45047235488892,8760a2590ffffff,,1.0,,False,,200.0,200.0,,3.0,,+914067822433,https://www.practo.com/hyderabad/hospital/the-cosmos-dental-hospital-ameerpet?referrer=hospital_listing,,VN,practo,,1.0,canonical,1041,Q1,,Economy,0.211756
hosp_ca115a8b4e9da896,New Delhi Centre For Sight Limited,new delhi centre for sight,Hyderabad,Hospital,Basheerbagh,,17.40675277385368,78.47609115888267,8760a25b3ffffff,,1.0,,False,,500.0,500.0,,,,+914048213755,https://www.practo.com/hyderabad/hospital/centre-for-sight-basheerbagh-adarsh-nagar?referrer=hospital_listing,,VN,practo,,1.0,canonical,1042,Q1,,Economy,0.211623
hosp_c199570ad3b2c95a,Sai Shreya Multispeciality Dental Hospital,sai shreya multispeciality dental hospital,Hyderabad,Hospital,Secunderabad,,17.465611,78.538567,8760b52ddffffff,,1.0,,False,,100.0,100.0,,,,+914067822539,https://www.practo.com/hyderabad/hospital/sai-shreya-multispec-dental-hospital-secunderabad?referrer=hospital_listing,,VN,practo,,1.0,canonical,1043,Q1,,Economy,0.211623
hosp_fa62d610a8a806d1,Sarojana Eye Hospital,sarojana eye hospital,Hyderabad,Hospital,Kothapet,,17.385044,78.486671,8760a25b0ffffff,,,,False,,0.0,0.0,,5.0,,+914067822495,https://www.practo.com/hyderabad/hospital/sarojana-eye-hospital-kothapet?referrer=hospital_listing,,active,practo,,1.0,canonical,1044,Q1,,Economy,0.210863
hosp_929ede15e925736d,Vasan Eye Care,vasan eye care,Hyderabad,Hospital,Kukatpally,,17.495659359525096,78.39978418040343,8760a24b6ffffff,,4.0,1.0,True,5.0,400.0,400.0,3.5,30.0,,+918047108014,https://www.practo.com/hyderabad/hospital/vasan-eye-care-kukatpally?referrer=hospital_listing,https://images1-fabric.practo.com/practices/646014/vasan-eye-care-hyderabad-671f80ee6eff5.png,ABS,practo,,1.0,canonical,1045,Q1,,Economy,0.208203
hosp_e4b35aaf4b8ae006,Secunderabad Women's Hospital,secunderabad women s hospital,Hyderabad,Hospital,Secunderabad,,17.4392696,78.4802742,8760a2596ffffff,,1.0,1.0,True,,500.0,500.0,3.5,28.0,,+914045208867,https://www.practo.com/hyderabad/hospital/secunderabad-women-s-hospital-secunderabad?referrer=hospital_listing,https://images1-fabric.practo.com/53e4b44c82c2924e5a156e53bde694d1b4fb2f252b331.jpg,VN,practo,,1.0,canonical,1046,Q1,,Economy,0.207724
hosp_1877b0f64bd070c3,Dr. Naveen Reddy Hospital,dr naveen reddy hospital,Hyderabad,Hospital,Moti Nagar,,17.4535053,78.4184853,8760a259effffff,,1.0,2.0,True,,450.0,450.0,3.5,30.0,,+914446271079,https://www.practo.com/hyderabad/hospital/dr-naveen-reddy-s-general-hospital-moti-nagar?referrer=hospital_listing,https://images1-fabric.practo.com/practices/677684/dr-naveen-reddy-hospital-hyderabad-5ec629df8894b.jpeg,VN,practo,,1.0,canonical,1047,Q1,,Economy,0.207262
hosp_0c7b8d9491daa0f6,GNR Multi Speciality Hospital,gnr multi speciality hospital,Hyderabad,Hospital,Alwal,,17.49926,78.51291,8760b1966ffffff,,3.0,3.0,True,,0.0,500.0,3.0,26.0,2000.0,+914049170224,https://www.practo.com/hyderabad/hospital/gnr-multi-speciality-hospital-alwal?referrer=hospital_listing,,VN,practo,,1.0,canonical,1048,Q1,,Economy,0.203767
hosp_b653e46fb243134c,Medistar Hospital,medistar hospital,Hyderabad,Hospital,Ameerpet,,17.438260628180643,78.44249082698363,8760a2591ffffff,,9.0,8.0,False,,500.0,700.0,3.5,13.0,,+918045682309,https://www.practo.com/hyderabad/hospital/medistar-hospital-1-ameerpet?referrer=hospital_listing,https://images1-fabric.practo.com/practices/1713816/medistar-hospital-hyderabad-6809d6ecb2f50.png,ABS,practo,,1.0,canonical,1049,Q1,,Economy,0.203198
hosp_d664b8e173996bc0,Basavatarakam Indo American Cancer Hospital & Research Institute,basavatarakam indo american cancer hospital research institute,Hyderabad,Hospital,Banjara Hills,,17.417326135229562,78.42980593442917,8760a2582ffffff,,28.0,16.0,True,,0.0,1000.0,3.5,183.0,,+914045206002,https://www.practo.com/hyderabad/hospital/basavatarakam-indo-american-cancer-hospital-research-institute-banjara-hills-1?referrer=hospital_listing,https://images1-fabric.practo.com/practices/1112077/basavatarakam-indo-american-cancer-hospital-research-institute-hyderabad-67ac352eb5a93.png,VN,practo,,1.0,canonical,1050,Q1,,Economy,0.203153
hosp_004e86db2e33b711,Birthright By Rainbow,birthright rainbow,Hyderabad,Hospital,Banjara Hills,,17.424471,78.428739,8760a259cffffff,,3.0,2.0,False,4.0,750.0,900.0,4.0,134.0,1999.0,+914041892135,https://www.practo.com/hyderabad/hospital/rainbow-children-s-hospital-4-banjara-hills?referrer=hospital_listing,https://images1-fabric.practo.com/practices/1123867/birthright-by-rainbow-hyderabad-6666923d6cb8e.png,VN,practo,,1.0,canonical,1051,Q1,,Economy,0.202843
hosp_2866b3c487957aa9,Rainbow Children's Hospital,rainbow children s hospital,Hyderabad,Hospital,LB Nagar,,17.3417819,78.4888387,8760a25a6ffffff,,8.0,5.0,True,4.0,500.0,1100.0,3.5,48.0,,+914048212400,https://www.practo.com/hyderabad/hospital/rainbow-children-s-hospital-5-lb-nagar?referrer=hospital_listing,https://images1-fabric.practo.com/practices/1134465/rainbow-children-s-hospital-hyderabad-6660300123fac.png,VN,practo,,1.0,canonical,1052,Q1,,Economy,0.202647
hosp_f94f6ddf1acb4d0a,Russh Super Speciality Hospital,russh super speciality hospital,Hyderabad,Hospital,Suchitra Circle,,17.499798799792124,78.47758680582047,8760b1963ffffff,,15.0,17.0,True,,150.0,700.0,3.5,120.0,,+914049174411,https://www.practo.com/hyderabad/hospital/russh-super-speciality-hospital-suchitra-circle?referrer=hospital_listing,https://images1-fabric.practo.com/russh-hospital-hyderabad-1463811751-573ffea74771c.jpg,ABS,practo,,1.0,canonical,1053,Q1,,Economy,0.20229
hosp_6d57937da60f7c2a,Amor Hospitals,amor hospitals,Hyderabad,Hospital,Kukatpally,,17.4772417,78.4181058,8760b1969ffffff,,29.0,17.0,True,,0.0,1350.0,3.5,275.0,,+918045680106,https://www.practo.com/hyderabad/hospital/amor-hospital-kukatpally?referrer=hospital_listing,https://images1-fabric.practo.com/practices/1382035/amor-super-speciality-hospitals-hyderabad-6242ac54cd3f3.png,ABS,practo,,1.0,canonical,1054,Q1,,Economy,0.200518
hosp_b5b233bd4c66eb7d,Haasaa Superspeciality Dental Hospital,haasaa superspeciality dental hospital,Hyderabad,Hospital,Dilsukhnagar,,17.368184887181616,78.52228850126266,8760b525affffff,,2.0,1.0,False,,0.0,100.0,4.0,20.0,,+914067822386,https://www.practo.com/hyderabad/hospital/haasaa-superspeciality-dental-hospital-dilsukh-nagar-1?referrer=hospital_listing,,VN,practo,,1.0,canonical,1055,Q1,,Economy,0.198558
hosp_82bcfc25a5eae127,Shrii Srinivasa ENT Care & Reasearch Institute,shrii srinivasa ent care reasearch institute,Hyderabad,Hospital,Punjagutta,,17.425098,78.450986,8760a2595ffffff,,1.0,1.0,False,,500.0,500.0,4.0,19.0,,+914067822744,https://www.practo.com/hyderabad/hospital/shrii-srinivasa-ent-care-reasearch-institute-punjagutta?referrer=hospital_listing,https://images1-fabric.practo.com/practices/714012/sree-srinivasa-ent-care-reasearch-institute-hyderabad-590adeb9cf1b6.jpg,VN,practo,,1.0,canonical,1056,Q1,,Economy,0.198147
hosp_c3d1c1323fd37d5b,Nextgen Hospitals,nextgen hospitals,Hyderabad,Hospital,Kukatpally,,17.489187931180357,78.39608788490295,8760a24b6ffffff,,11.0,12.0,True,,600.0,800.0,2.5,19.0,,+917941056880,https://www.practo.com/hyderabad/hospital/nextgen-hospitals-kukatpally?referrer=hospital_listing,https://images1-fabric.practo.com/practices/1472078/nextgen-hospitals-hyderabad-66b9a8ece9097.png,ABS,practo,,1.0,canonical,1057,Q1,,Economy,0.197414
hosp_25339398a79035de,Hyderbad Kidney & Laproscopic Center,hyderbad kidney laproscopic center,Hyderabad,Hospital,Malakpet,,17.37178,78.50057,8760a25b4ffffff,,9.0,6.0,False,,0.0,500.0,4.0,93.0,,+914045206002,https://www.practo.com/hyderabad/hospital/hyderbad-kidney-center-malakpet?referrer=hospital_listing,,VN,practo,,1.0,canonical,1058,Q1,,Economy,0.197035
hosp_950450aa80dfe29f,Sri Sri Holistic Hospitals,sri sri holistic hospitals,Hyderabad,Hospital,Kondapur,,17.4644783,78.3410627,8760a24a2ffffff,,18.0,14.0,True,1.0,400.0,700.0,3.5,133.0,,+918045680798,https://www.practo.com/hyderabad/hospital/srinidhi-hospital-kondapur?referrer=hospital_listing,https://images1-fabric.practo.com/practices/1422241/sri-sri-holistic-hospitals-hyderabad-666056bed22c1.png,ABS,practo,,1.0,canonical,1059,Q1,,Economy,0.196478
hosp_12f82503435d0551,Max Vision Eye Hospital,max vision eye hospital,Hyderabad,Hospital,Kukatpally,,17.488557,78.400035,8760a24b6ffffff,,3.0,1.0,True,,150.0,150.0,2.5,15.0,2011.0,+914045206002,https://www.practo.com/hyderabad/hospital/max-vision-eye-hospital-kukatpally?referrer=hospital_listing,https://images1-fabric.practo.com/practices/795144/max-vision-eye-hospital-hyderabad-666bce3b4f2c4.png,VN,practo,,1.0,canonical,1060,Q1,,Economy,0.195903
hosp_4bd15842ddd26757,Dr. Naganna Clinic,dr naganna clinic,Hyderabad,Hospital,Boduppal,,17.4078,78.58657,8760b52e3ffffff,,1.0,2.0,False,,150.0,150.0,4.0,28.0,,+914067822453,https://www.practo.com/hyderabad/hospital/dr-naganna-clinic-boduppal-1?referrer=hospital_listing,,VN,practo,,1.0,canonical,1061,Q1,,Economy,0.19559
hosp_5e7e55eb8a0425b2,Happy Children's Hospital,happy children s hospital,Hyderabad,Hospital,Madinaguda,,17.494836393994,78.343071341515,8760a2486ffffff,,1.0,1.0,False,,300.0,300.0,4.0,81.0,2009.0,+914045209803,https://www.practo.com/hyderabad/hospital/happy-children-s-hospital-chanda-nagar?referrer=hospital_listing,https://images1-fabric.practo.com/practices/832049/happy-children-s-hospital-hyderabad-58e3aa7a562ef.jpg,VN,practo,,1.0,canonical,1062,Q1,,Economy,0.194728
hosp_44e8a48e0c9c52d4,Iris Eye Hospital,iris eye hospital,Hyderabad,Hospital,Attapur,,17.3701469,78.4290637,8760a2585ffffff,,2.0,1.0,False,,350.0,350.0,4.0,34.0,,+914049170222,https://www.practo.com/hyderabad/hospital/iris-eye-hospital-attapur?referrer=hospital_listing,https://images1-fabric.practo.com/iris-eye-hospital-1482603066-585eba3aebfec.jpg,VN,practo,,1.0,canonical,1063,Q1,,Economy,0.192123
hosp_8a7ddd2d41616295,Seasons Hospital,seasons hospital,Hyderabad,Hospital,Nallakunta,,17.4031135,78.5014429,8760a25b2ffffff,,15.0,10.0,True,,500.0,750.0,3.0,34.0,,+914045209216,https://www.practo.com/hyderabad/hospital/seasons-hospital-2-nallakunta?referrer=hospital_listing,https://images1-fabric.practo.com/practices/1349154/seasons-hospital-hyderabad-666725fac5c34.png,ABS,practo,,1.0,canonical,1064,Q1,,Economy,0.191985
hosp_1496d333f40a8599,Radhikaa's Smile-In Dental Hospital,radhikaa s smile dental hospital,Hyderabad,Hospital,Srinagar Colony,,17.429975967677933,78.44640344381332,8760a2591ffffff,,1.0,1.0,False,,200.0,200.0,4.0,32.0,,+914067822370,https://www.practo.com/hyderabad/hospital/radhikaa-s-smile-in-dental-hospital-srinagar-colony?referrer=hospital_listing,https://images1-fabric.practo.com/537989ea2420e911af7aa209e00b49f3d6fd2afa92564.jpg,VN,practo,,1.0,canonical,1065,Q1,,Economy,0.191914
hosp_ec908f5e43c5e708,Vijay Hospital and Diagnostic Centre,vijay hospital diagnostic centre,Hyderabad,Hospital,Lingampally,,17.493562435371125,78.33181947469711,8760a2486ffffff,,3.0,4.0,True,,0.0,300.0,3.0,23.0,,+914067822631,https://www.practo.com/hyderabad/hospital/vijay-hospital-and-diagnostic-centre-chanda-nagar?referrer=hospital_listing,https://images1-fabric.practo.com/vijay-hospital-1443431348-560903b438100.jpg,VN,practo,,1.0,canonical,1066,Q1,,Economy,0.190973
hosp_238aa250d5b8b0f4,Sri Sai Balaji Hospital,sri sai balaji hospital,Hyderabad,Hospital,Nagole,,17.361843,78.562169,8760b52ecffffff,,3.0,3.0,False,,200.0,250.0,3.5,12.0,,+914049170225,https://www.practo.com/hyderabad/hospital/sri-sai-balaji-hospital-nagole?referrer=hospital_listing,,VN,practo,,1.0,canonical,1067,Q1,,Economy,0.189308
hosp_c709cddcf10bc192,Apollo Spectra Hospitals,apollo spectra hospitals,Hyderabad,Hospital,Kothaguda,,17.4596889,78.3634625,8760a24b5ffffff,,9.0,8.0,True,,500.0,700.0,3.5,111.0,2016.0,+914049174488,https://www.practo.com/hyderabad/hospital/apollo-spectra-hospital-6-kothaguda?referrer=hospital_listing,https://images1-fabric.practo.com/practices/1135550/apollo-spectra-hospitals-hyderabad-624e99ca68667.jpg,VN,practo,,1.0,canonical,1068,Q1,,Economy,0.188961
hosp_dc1d00cec6b032b2,Vasan Eye Care,vasan eye care,Hyderabad,Hospital,Chanda Nagar,,17.495060837058546,78.3332899608627,8760a2486ffffff,,4.0,1.0,False,5.0,400.0,400.0,4.0,53.0,,+918045889121,https://www.practo.com/hyderabad/hospital/vasan-eye-care-chandanagar?referrer=hospital_listing,https://images1-fabric.practo.com/practices/2075853/vasan-eye-care-hyderabad-chandanagar-hyderabad-685d46b75d917.png,ABS,practo,,1.0,canonical,1069,Q1,,Economy,0.188415
hosp_b1d3e6b7ac947622,OMNI Hospitals,omni hospitals,Hyderabad,Hospital,Kukatpally,,15.1875228,75.3576896,8760ac2adffffff,,14.0,13.0,True,,450.0,700.0,3.5,401.0,2014.0,+914049172558,https://www.practo.com/hyderabad/hospital/omni-hospital-kukatpally?referrer=hospital_listing,https://images1-fabric.practo.com/omni-hospitals-hyderabad-1468496290-578779a2913f5.jpg,VN,practo,,1.0,canonical,1070,Q1,,Economy,0.186522
hosp_58e9e1c06eb4db2a,Vasan Eye Care Hospital,vasan eye care hospital,Hyderabad,Hospital,Secunderabad,,17.440586747990544,78.49780881349255,8760b52c9ffffff,,4.0,1.0,False,5.0,400.0,400.0,3.5,12.0,,+914049172581,https://www.practo.com/hyderabad/hospital/vasan-eye-care-hospital-secunderabad?referrer=hospital_listing,https://images1-fabric.practo.com/practices/2076899/vasan-eye-care-hyderabad-hyderabad-686788f05d4f1.png,ABS,practo,,1.0,canonical,1071,Q1,,Economy,0.186289
hosp_fc39663b1f30fdc0,Vascular Care Centre,vascular care centre,Hyderabad,Hospital,Raj Bhavan Road,,17.41826,78.45798,8760a2595ffffff,,2.0,3.0,True,,800.0,1200.0,3.5,59.0,,+914041891797,https://www.practo.com/hyderabad/hospital/vascular-care-centre-raj-bhavan-road?referrer=hospital_listing,https://images1-fabric.practo.com/practices/686576/vascular-care-centre-hyderabad-656b1e0cedcf7.jpg,VN,practo,,1.0,canonical,1072,Q1,,Economy,0.185054
hosp_ed0e4a48ce70e720,Dr.Venugopal's (Abhinav) Orthopaedic Hospital,dr venugopal s abhinav orthopaedic hospital,Hyderabad,Hospital,Dilsukhnagar,,17.36991130317436,78.52778031307582,8760b52e9ffffff,,1.0,1.0,False,,500.0,500.0,4.0,56.0,,+914048213436,https://www.practo.com/hyderabad/hospital/abhinav-orthopaedic-hospital-dilsukh-nagar-2?referrer=hospital_listing,https://images1-fabric.practo.com/abhinav-orthopaedic-hospital-hyderabad-1453007090-569b20f20ccc8.JPG,VN,practo,,1.0,canonical,1073,Q1,,Economy,0.184793
hosp_1639528c6e5299cc,Lakshmi Sailaja Hospital,lakshmi sailaja hospital,Hyderabad,Hospital,Suchitra Circle,,17.878587,78.442752,8760b1125ffffff,,3.0,3.0,True,,0.0,500.0,3.5,80.0,2015.0,+914049170295,https://www.practo.com/hyderabad/hospital/lakshmi-sailaja-hospital-suchitra-circle?referrer=hospital_listing,https://images1-fabric.practo.com/practices/722175/lakshmi-sailaja-hospital-hyderabad-5dde394b70a76.jpeg,VN,practo,,1.0,canonical,1074,Q1,,Economy,0.184333
hosp_ce5f9405123a8643,Vasan Eye Care,vasan eye care,Hyderabad,Hospital,Dilsukhnagar,,17.369411,78.519212,8760a25b4ffffff,,3.0,1.0,False,5.0,400.0,400.0,3.5,14.0,,+914045208867,https://www.practo.com/hyderabad/hospital/vasan-eye-care-29-dilsukhnagar?referrer=hospital_listing,https://images1-fabric.practo.com/practices/645764/vasan-eye-care-dilsukh-nagar-hyderabad-685d459504501.png,ABS,practo,,1.0,canonical,1075,Q1,,Economy,0.181386
hosp_54219b9d42103539,Sowmya Childrens Hospital,sowmya childrens hospital,Hyderabad,Hospital,SR Nagar,,17.443138,78.44374,8760a2593ffffff,,2.0,4.0,False,,300.0,600.0,3.5,17.0,,+914067822495,https://www.practo.com/hyderabad/hospital/sowmya-childrens-hospital-sr-nagar?referrer=hospital_listing,,VN,practo,,1.0,canonical,1076,Q1,,Economy,0.18097
hosp_73c92c522d2ff6f0,Sri Sri Holistic Hospitals,sri sri holistic hospitals,Hyderabad,Hospital,Kukatpally,,17.48885395685307,78.4004845423293,8760a24b6ffffff,,14.0,13.0,True,1.0,350.0,550.0,3.5,222.0,,+918047488170,https://www.practo.com/hyderabad/hospital/sri-sri-holistic-hospitals-kukatpally-2?referrer=hospital_listing,https://images1-fabric.practo.com/practices/765874/sri-sri-holistic-hospitals-hyderabad-666a4767af2be.png,ABS,practo,,1.0,canonical,1077,Q1,,Economy,0.180249
hosp_595b445fbce21f9d,Birthright By Rainbow,birthright rainbow,Hyderabad,Hospital,Hyder Nagar,,17.499732,78.3819193,8760a24b2ffffff,,4.0,2.0,False,4.0,600.0,700.0,4.0,180.0,,+914041891799,https://www.practo.com/hyderabad/hospital/rainbow-children-s-hospital-birthright-by-rainbow-hyder-nagar?referrer=hospital_listing,,VN,practo,,1.0,canonical,1078,Q1,,Economy,0.18013
hosp_ced4684b8c0cec24,Kukatpally Dental Hospital,kukatpally dental hospital,Hyderabad,Hospital,Kukatpally,,17.483902,78.412789,8760b1969ffffff,,3.0,1.0,False,,0.0,500.0,4.0,105.0,,+914041892136,https://www.practo.com/hyderabad/hospital/kukatpally-dental-hospital-kukatpally?referrer=hospital_listing,https://images1-fabric.practo.com/53a643b7f31e3517586c0f7b172af4efea9381360a59e.jpg,VN,practo,,1.0,canonical,1079,Q1,,Economy,0.180078
hosp_4cde1cbb11fb9215,Srinivasa Hospital,srinivasa hospital,Hyderabad,Hospital,Madhapur,,17.440713434019,78.394379904494,8760a2598ffffff,,2.0,3.0,True,,0.0,600.0,3.0,27.0,,+914049172962,https://www.practo.com/hyderabad/hospital/srinivasa-hospital-madhapur?referrer=hospital_listing,https://images1-fabric.practo.com/srinivasa-hospital-hyderabad-1487050601-58a29769f2867.jpg,VN,practo,,1.0,canonical,1080,Q1,,Economy,0.178951
hosp_bb30166995753259,Medicover Woman &  Child Hospitals - Hitech City,medicover woman child hospitals hitech city,Hyderabad,Hospital,Hitech City,,17.4551,78.3774,8760a259bffffff,,49.0,12.0,False,3.0,0.0,1100.0,3.5,154.0,2016.0,+918045680093,https://www.practo.com/hyderabad/hospital/medicover-woman-child-hospitals?referrer=hospital_listing,https://practo-fabric.s3.ap-southeast-1.amazonaws.com/establishment/establishment-000000000000000000111e14/logo/gallery-image-69e723c8b49fe0b7dcac0a75-1776755656845,ABS,practo,,1.0,canonical,1081,Q1,,Economy,0.177653
hosp_b21e192692c3863b,Sreshta Hospital,sreshta hospital,Hyderabad,Hospital,Ameerpet,,17.43635,78.44581,8760a2591ffffff,,1.0,2.0,False,,500.0,500.0,4.0,220.0,,+914041891804,https://www.practo.com/hyderabad/hospital/sreshta-hospital-ameerpet-1?referrer=hospital_listing,https://images1-fabric.practo.com/sreshta-hospital-hyderabad-1477377458-580efdb20816b.jpg,VN,practo,,1.0,canonical,1082,Q1,,Economy,0.177043
hosp_c8a029a3611ebfa6,Dr. SAJI D’SOUZA’S KSAC HOSPITALS,dr saji dsouzas ksac hospitals,Hyderabad,Hospital,Banjara Hills,,17.417362,78.452352,8760a2595ffffff,,7.0,2.0,True,,500.0,500.0,3.5,192.0,1998.0,+914045206170,https://www.practo.com/hyderabad/hospital/dr-saji-d-souza-s-ksac-hospitals-banjara-hills?referrer=hospital_listing,https://images1-fabric.practo.com/practices/793051/ksac-hospitals-hyderabad-5b1a1efce2308.jpg,VN,practo,,1.0,canonical,1083,Q1,,Economy,0.177025
hosp_e41e21c0a07363ae,Shalini Hospital,shalini hospital,Hyderabad,Hospital,Barkatpura,,17.392567,78.495843,8760a25b0ffffff,,13.0,13.0,True,,0.0,600.0,3.5,281.0,,+914049174159,https://www.practo.com/hyderabad/hospital/shalini-hospital-barkatpura?referrer=hospital_listing,https://images1-fabric.practo.com/practices/800141/shalini-hospital-hyderabad-59213f5e95bac.png,VN,practo,,1.0,canonical,1084,Q1,,Economy,0.176653
hosp_bfbb20f88d75be8c,Kims Cuddles Mother And Child Centre,kims cuddles mother child centre,Hyderabad,Hospital,Kondapur,,17.466124,78.367959,8760a24b5ffffff,,7.0,6.0,True,,0.0,800.0,3.5,104.0,,+914045208866,https://www.practo.com/hyderabad/hospital/kims-cuddles-mother-and-child-centre-kondapur?referrer=hospital_listing,,VN,practo,,1.0,canonical,1085,Q1,,Economy,0.176605
hosp_0409d7c3c4627400,Rainbow Children's Hospital,rainbow children s hospital,Hyderabad,Hospital,Banjara Hills,,17.424471,78.428739,8760a259cffffff,,11.0,8.0,True,4.0,0.0,1500.0,3.5,142.0,,+914048212400,https://www.practo.com/hyderabad/hospital/rainbow-children-s-hospital-5-banjara-hills?referrer=hospital_listing,https://images1-fabric.practo.com/practices/1132578/rainbow-children-s-hospital-hyderabad-665f081e25ad0.png,VN,practo,,1.0,canonical,1086,Q1,,Economy,0.175974
hosp_9b43d6e3b084763f,Sri Shankara Nethralaya Eye Hospital,sri shankara nethralaya eye hospital,Hyderabad,Hospital,Miyapur,,17.4953699,78.3556249,8760a24b3ffffff,,2.0,1.0,False,,450.0,800.0,3.0,13.0,2009.0,+914067822362,https://www.practo.com/hyderabad/hospital/sri-shankara-nethralaya-eye-hospital-miyapur-2?referrer=hospital_listing,https://images1-fabric.practo.com/sri-shankara-nethralaya-eye-hospital-hyderabad-1456981817-56d7c739330bc.jpg,VN,practo,,1.0,canonical,1087,Q1,,Economy,0.175884
hosp_21a12166b22fea34,Preeti Urology and Kidney Hospital,preeti urology kidney hospital,Hyderabad,Hospital,Kukatpally,,17.49124905187445,78.39687778982248,8760a24b6ffffff,,4.0,6.0,True,,300.0,600.0,3.5,528.0,2002.0,+914041891798,https://www.practo.com/hyderabad/hospital/preeti-urology-and-kidney-hospital-kukatpally?referrer=hospital_listing,https://images1-fabric.practo.com/546369d1db0e828ad173507c6939fce1eadce7b498684.jpg,VN,practo,,1.0,canonical,1088,Q1,,Economy,0.174436
hosp_b32581e67f903a6e,Rainbow Children's Clinic,rainbow children s clinic,Hyderabad,Hospital,Kondapur,,17.456416,78.372872,8760a24b5ffffff,,20.0,15.0,True,4.0,600.0,1300.0,3.0,60.0,,+914049170393,https://www.practo.com/hyderabad/hospital/rainbow-children-s-hospital-5-madhapur-2?referrer=hospital_listing,https://images1-fabric.practo.com/practices/1135165/rainbow-children-s-clinic-hyderabad-6660365730b35.png,VN,practo,,1.0,canonical,1089,Q1,,Economy,0.171583
hosp_68e52c753768cf7c,One Cardiac Centre,one cardiac centre,Hyderabad,Hospital,Chandra Nagar,,17.4945,78.3285,8760a2486ffffff,,1.0,1.0,False,,700.0,700.0,3.5,19.0,,+914067820171,https://www.practo.com/hyderabad/hospital/one-cardiac-centre-chanda-nagar-chandra-nagar?referrer=hospital_listing,https://images1-fabric.practo.com/practices/1592138/one-cardiac-centre-chanda-nagar-hyderabad-67cbd924ebcfe.png,VN,practo,,1.0,canonical,1090,Q1,,Economy,0.170635
hosp_222819e5815fba41,Navodaya Hospitals,navodaya hospitals,Hyderabad,Hospital,Secunderabad,,17.442619961789,78.48643041827,8760a2596ffffff,,6.0,7.0,True,,0.0,500.0,3.0,39.0,,+914045206170,https://www.practo.com/hyderabad/hospital/navodaya-hospitals-secunderabad-1?referrer=hospital_listing,https://images1-fabric.practo.com/practices/1145109/navodaya-hospitals-hyderabad-5930ef516fa2b.png,VN,practo,,1.0,canonical,1091,Q1,,Economy,0.168719
hosp_9ba5d4e42ee51d45,Asian Institute Of Gastroenterology,asian institute gastroenterology,Hyderabad,Hospital,Somajiguda,,17.42107,78.45674,8760a2595ffffff,,9.0,11.0,True,,200.0,600.0,3.5,404.0,,+914067822362,https://www.practo.com/hyderabad/hospital/asian-institute-of-gastroenterology-somajiguda-1-1?referrer=hospital_listing,,VN,practo,,1.0,canonical,1092,Q1,,Economy,0.167636
hosp_fc0c9ea183274c09,ENT Care Hospital,ent care hospital,Hyderabad,Hospital,Miyapur,,17.495067349688,78.370472703894,8760a24b0ffffff,,1.0,1.0,True,,400.0,400.0,3.5,84.0,,+914041891804,https://www.practo.com/hyderabad/hospital/ent-care-hospital-1?referrer=hospital_listing,https://images1-fabric.practo.com/practices/1140632/ent-care-hospital-hyderabad-5dd894f43ec51.jpeg,VN,practo,,1.0,canonical,1093,Q1,,Economy,0.167554
hosp_78b3d5bf833586d2,Swapna Healthcare,swapna healthcare,Hyderabad,Hospital,Miyapur,,17.489428,78.393259,8760a24b6ffffff,,2.0,3.0,True,1.0,650.0,850.0,3.0,33.0,,+914049172943,https://www.practo.com/hyderabad/hospital/swapna-health-care-kukatpally?referrer=hospital_listing,https://images1-fabric.practo.com/swapna-health-care-hyderabad-1461818241-57219381dbc6e.jpg,VN,practo,,1.0,canonical,1094,Q1,,Economy,0.167054
hosp_d5ff7fe09e9ad4ab,Sowmya Multispecality Hospital,sowmya multispecality hospital,Hyderabad,Hospital,Karkhana,,17.459151,78.500834,8760b52cbffffff,,2.0,2.0,False,,0.0,0.0,3.5,24.0,,+914067822495,https://www.practo.com/hyderabad/hospital/sowmya-multispecality-hospital-karkhana?referrer=hospital_listing,,VN,practo,,1.0,canonical,1095,Q1,,Economy,0.166043
hosp_061d2169e14f2d1f,Maa ENT Hospital,maa ent hospital,Hyderabad,Hospital,Somajiguda,,17.425926,78.457363,8760a2595ffffff,,1.0,1.0,False,,600.0,600.0,3.5,40.0,2001.0,+914067822616,https://www.practo.com/hyderabad/hospital/maa-ent-hospital-somajiguda-2?referrer=hospital_listing,https://images1-fabric.practo.com/maa-e-n-t-hospitals-hyderabad-1489566086-58c8f986500cc.png,VN,practo,,1.0,canonical,1096,Q1,,Economy,0.165483
hosp_483d2049ceaee4ca,Kingston Hospitals,kingston hospitals,Hyderabad,Hospital,Banjara Hills,,17.404987864192112,78.45139711349256,8760a2595ffffff,,18.0,13.0,False,,500.0,1500.0,3.5,71.0,,+918045883841,https://www.practo.com/hyderabad/hospital/kingston-hospitals-banjara-hills?referrer=hospital_listing,https://images1-fabric.practo.com/practices/2076907/kingston-hospitals-hyderabad-6867911b4cb8c.png,ABS,practo,,1.0,canonical,1097,Q1,,Economy,0.164029
hosp_88a21b031695509d,Butterfly Hospitals,butterfly hospitals,Hyderabad,Hospital,Mehadipatnam,,17.380035690441808,78.42943053180174,8760a2580ffffff,,7.0,4.0,False,,0.0,600.0,3.0,16.0,,+918045680625,https://www.practo.com/hyderabad/hospital/butterfly-hospitals-mehadipatnam?referrer=hospital_listing,https://images1-fabric.practo.com/practices/1611719/butterfly-hospitals-hyderabad-67c0564dd7d72.png,ABS,practo,,1.0,canonical,1098,Q1,,Economy,0.163406
hosp_7ffbd8678a8542bb,Nice Hospital,nice hospital,Hyderabad,Hospital,Masab Tank,,17.39723,78.45628,8760a2586ffffff,,5.0,5.0,True,,0.0,500.0,3.0,52.0,2008.0,+914067822362,https://www.practo.com/hyderabad/hospital/nice-hospital-masab-tank?referrer=hospital_listing,https://images1-fabric.practo.com/practices/641996/nice-hospital-hyderabad-666c37598d8ef.png,VN,practo,,1.0,canonical,1099,Q1,,Economy,0.160761
hosp_5b46010c125f459a,Preetam Hospitals Specialized Maternity Care,preetam hospitals specialized maternity care,Hyderabad,Hospital,Manikonda,,17.40272,78.37731,8760a258affffff,,1.0,1.0,False,,200.0,200.0,3.0,13.0,,+914067822783,https://www.practo.com/hyderabad/hospital/preetam-hospitals-specialized-maternity-care-manikonda?referrer=hospital_listing,https://images1-fabric.practo.com/preetam-hospitals-specialized-maternity-care-hyderabad-1449730134-56692057011d2.jpg,VN,practo,,1.0,canonical,1100,Q1,,Economy,0.160737
hosp_97a4c75656fb7030,Maa ENT Hospital,maa ent hospital,Hyderabad,Hospital,Jubilee Hills,,17.427274468420332,78.4142678976059,8760a259cffffff,,8.0,5.0,True,,600.0,1200.0,2.5,25.0,,+914067820171,https://www.practo.com/hyderabad/hospital/maa-ent-hospital-jubilee-hills?referrer=hospital_listing,https://images1-fabric.practo.com/maa-ent-hospital-hyderabad-1490705249-58da5b6156958.png,VN,practo,,1.0,canonical,1101,Q1,,Economy,0.159926
hosp_5b35374c0a4ab226,Vanaja Hospital,vanaja hospital,Hyderabad,Hospital,AS Rao Nagar,,17.47752,78.55302,8760b52ddffffff,,3.0,4.0,True,,0.0,500.0,3.0,39.0,,+914071963653,https://www.practo.com/hyderabad/hospital/vanaja-hospital-as-rao-nagar?referrer=hospital_listing,https://images1-fabric.practo.com/543cfc48de41a96d6f2e7e1f705ab5e59c84a6dc009b2.JPG,VN,practo,,1.0,canonical,1102,Q1,,Economy,0.159777
hosp_c62ea5d9a671eb4c,Midas ENT Head & Neck Super Speciality Hospital,midas ent head neck super speciality hospital,Hyderabad,Hospital,Dilsukhnagar,,17.36895,78.51689,8760a25b4ffffff,,1.0,1.0,True,,400.0,400.0,3.5,112.0,,+914067822539,https://www.practo.com/hyderabad/hospital/midas-ent-head-neck-super-speciality-hospital-dilsukh-nagar?referrer=hospital_listing,https://images1-fabric.practo.com/51a3933660181midas logo,VN,practo,,1.0,canonical,1103,Q1,,Economy,0.158524
hosp_9cf9caa426463803,"Dr Kammela Sreedhar's Kidney, Andrology & Fertility Centre",dr kammela sreedhar s kidney andrology fertility centre,Hyderabad,Hospital,Mehdipatnam,,17.391063995864,78.426772356033,8760a2580ffffff,,2.0,6.0,True,,700.0,700.0,3.5,459.0,,+917317172451,https://www.practo.com/hyderabad/hospital/dr-sreedhar-s-kidney-gyn-and-ivf-hospital-mehdipatnam?referrer=hospital_listing,,ABS,practo,,1.0,canonical,1104,Q1,,Economy,0.151302
hosp_94ac96b64866498e,Avis Hospitals,avis hospitals,Hyderabad,Hospital,Jubilee Hills,,17.428972,78.417995,8760a259cffffff,,3.0,4.0,True,,0.0,650.0,3.5,227.0,,+914049172574,https://www.practo.com/hyderabad/hospital/avis-hospitals-jubilee-hills-2?referrer=hospital_listing,https://images1-fabric.practo.com/avis-hospitals-hyderabad-1460540256-570e1360695c6.jpg,ABS,practo,,1.0,canonical,1105,Q1,,Economy,0.151157
hosp_c347b515c84fd624,Shreyas Multi Speciality Hospital,shreyas multi speciality hospital,Hyderabad,Hospital,AS Rao Nagar,,17.477879286301363,78.56266614049673,8760b52dcffffff,,6.0,6.0,False,,0.0,500.0,3.5,89.0,2002.0,+914048212400,https://www.practo.com/hyderabad/hospital/shreyas-multi-speciality-hospital-as-rao-nagar?referrer=hospital_listing,,VN,practo,,1.0,canonical,1106,Q1,,Economy,0.15054
hosp_24236935dc9cafd4,Mamatha Hospitals,mamatha hospitals,Hyderabad,Hospital,Kukatpally,,17.496608,78.3975,8760a24b6ffffff,,3.0,5.0,False,,150.0,300.0,3.5,45.0,,+914067822362,https://www.practo.com/hyderabad/hospital/mamatha-hospitals-kukatpally?referrer=hospital_listing,,VN,practo,,1.0,canonical,1107,Q1,,Economy,0.150177
hosp_592672b4630f671b,Healix Hospitals,healix hospitals,Hyderabad,Hospital,Madinaguda,,17.49428,78.34618,8760a24b3ffffff,,6.0,8.0,True,,0.0,500.0,2.5,37.0,2011.0,+914067822305,https://www.practo.com/hyderabad/hospital/healix-hospital-madinaguda-1?referrer=hospital_listing,https://images1-fabric.practo.com/healix-hospital-hyderabad-1480930861-5845362d9f044.png,VN,practo,,1.0,canonical,1108,Q1,,Economy,0.143984
hosp_9118a084ff29359d,Kasturi Hospital,kasturi hospital,Hyderabad,Hospital,Secunderabad,,17.43892,78.50621,8760b52c9ffffff,,2.0,2.0,True,,700.0,700.0,3.5,295.0,,+918045682887,https://www.practo.com/hyderabad/hospital/kasturi-multispecialityhospital-secunderabad-1?referrer=hospital_listing,https://images1-fabric.practo.com/practices/701311/kasturi-multispeciality-hospital-hyderabad-68ff05d9bd2bf.png,ABS,practo,,1.0,canonical,1109,Q1,,Economy,0.143509
hosp_0b949d2ec1ca5076,Microcare ENT Hospital & Research Institute,microcare ent hospital research institute,Hyderabad,Hospital,KPHB,,17.494026740602,78.398507237434,8760a24b6ffffff,,2.0,1.0,True,,750.0,750.0,3.5,479.0,,+914041891805,https://www.practo.com/hyderabad/hospital/microcare-ent-hospital-research-institute-kphb?referrer=hospital_listing,https://images1-fabric.practo.com/practices/654508/microcare-ent-super-speciality-hospital-hyderabad-59d73f218981e.jpg,active,practo,,1.0,canonical,1110,Q1,,Economy,0.141592
hosp_57dc2f627e3f1caf,Rishab Eye Centre,rishab eye centre,Hyderabad,Hospital,Sainikpuri,,17.480991208440635,78.53346660733223,8760b52d9ffffff,,2.0,1.0,False,,300.0,300.0,3.0,20.0,,+914067820150,https://www.practo.com/hyderabad/hospital/rishab-eye-centre-sainikpuri-1?referrer=hospital_listing,https://images1-fabric.practo.com/rishab-eye-centre-hyderabad-1465312913-5756e691adffa.jpg,VN,practo,,1.0,canonical,1111,Q1,,Economy,0.141465
hosp_56d5f19d684389b7,Rainbow Children's Hospital,rainbow children s hospital,Hyderabad,Hospital,Hyder Nagar,,17.499732,78.3819193,8760a24b2ffffff,,9.0,7.0,True,4.0,500.0,1150.0,3.0,83.0,,+914045208867,https://www.practo.com/hyderabad/hospital/rainbow-children-s-hospital-5-hyder-nagar?referrer=hospital_listing,https://images1-fabric.practo.com/rainbow-children-s-hospital-hyderabad-1480414476-583d550c69d13.jpg,VN,practo,,1.0,canonical,1112,Q1,,Economy,0.125448
hosp_65d5277b8257b34f,Vishnu Women & Childrens Hospital,vishnu women childrens hospital,Hyderabad,Hospital,Chanda Nagar,,17.49549,78.32094,8760a2486ffffff,,1.0,1.0,True,,500.0,500.0,3.0,67.0,,+914049170224,https://www.practo.com/hyderabad/hospital/vishnu-women-childrens-hospital-chanda-nagar?referrer=hospital_listing,,VN,practo,,1.0,canonical,1113,Q1,,Economy,0.118219
hosp_2d7a3f5d14968737,MCS Neuro Hospital,mcs neuro hospital,Hyderabad,Hospital,Kukatpally,,17.49257,78.39774,8760a24b6ffffff,,2.0,2.0,True,,500.0,1000.0,3.0,83.0,,+914067820150,https://www.practo.com/hyderabad/hospital/mcs-neuro-hospital-kukatpally?referrer=hospital_listing,https://images1-fabric.practo.com/mcs-neuro-hospital-hyderabad-1454404546-56b073c2b4d69.jpg,VN,practo,,1.0,canonical,1114,Q1,,Economy,0.108585
hosp_97aaacc7b58a166f,Hyderabad Smiles Dental Hospitals,hyderabad smiles dental hospitals,Hyderabad,Hospital,Punjagutta,,17.429960373521,78.450824980951,8760a2591ffffff,,4.0,1.0,False,,0.0,200.0,3.5,359.0,,+914048212400,https://www.practo.com/hyderabad/hospital/hyderabad-smiles-dental-hospitals-panjagutta?referrer=hospital_listing,https://images1-fabric.practo.com/524974b708673ed285deb7d5f3fee37772eac93784165.jpg,VN,practo,,1.0,canonical,1115,Q1,,Economy,0.09268
hosp_a83293e427373c6e,PEOPLES HOSPITAL,peoples hospital,Hyderabad,Hospital,Pragathi Nagar,,17.385044,78.486671,8760a25b0ffffff,,2.0,2.0,True,,100.0,300.0,2.5,71.0,,+914067822631,https://www.practo.com/hyderabad/hospital/people-s-hospital-pragathi-nagar?referrer=hospital_listing,https://images1-fabric.practo.com/practices/816568/peoples-hospital-hyderabad-666c5302a8897.png,VN,practo,,1.0,canonical,1116,Q1,,Economy,0.059089
hosp_3724f18a4281226d,Endo Viz Hospital,endo viz hospital,Hyderabad,Hospital,Kukatpally,,17.4942345,78.3980363,8760a24b6ffffff,,1.0,1.0,False,,400.0,400.0,2.5,53.0,2010.0,+914067822616,https://www.practo.com/hyderabad/hospital/endo-wiz-kukatpally?referrer=hospital_listing,,VN,practo,,1.0,canonical,1117,Q1,,Economy,0.044572
hosp_b052a927be9b17f5,Micro ENT Hospital,micro ent hospital,Hyderabad,Hospital,Tolichowki,,17.40347,78.40942,8760a2583ffffff,,1.0,1.0,False,,500.0,500.0,3.0,117.0,,+914067820172,https://www.practo.com/hyderabad/hospital/micro-ent-hospital-tolichowki?referrer=hospital_listing,https://images1-fabric.practo.com/micro-laser-ent-and-dental-hospital-hyderabad-1456982936-56d7cb988a4e0.jpg,VN,practo,,1.0,canonical,1118,Q1,,Economy,0.037274
