hospital_id,name,normalized_name,city,practice_type,locality,address,latitude,longitude,h3_res7,zone,doctors_count,speciality_count,multispeciality,other_centers_count,consultation_fee_min,consultation_fee_max,rating,reviews_count,year_established,phone,profile_url,image_url,status,source,scraped_at,data_completeness,dedupe_status,city_rank,quartile,q4_subquartile,segment,hospital_score
hosp_9f58016b6765ea79,People Tree Hospitals,people tree hospitals,Bangalore,Hospital,Yeshwanthpur,,13.02879534214421,77.53946475684643,876014595ffffff,,61.0,39.0,True,3.0,350.0,1500.0,4.5,11719.0,2013.0,+911141193943,https://www.practo.com/bangalore/hospital/people-tree-hospitals-yeshwanthpur-3?referrer=hospital_listing,https://images1-fabric.practo.com/practices/700041/people-tree-hospitals-bangalore-5c81257617f6e.png,VN,practo,,1.0,canonical,1,Q4,Q4-Sub-Q4,Ultra Premium,0.705036
hosp_5c3bb45b83e67b5a,Chisel Dental,chisel dental,Bangalore,Hospital,Koramangala,,12.92777,77.63721,876189251ffffff,,2.0,1.0,True,,250.0,350.0,5.0,9622.0,,+917948221644,https://www.practo.com/bangalore/hospital/chisel-dental-clinic-koramangala-1-block?referrer=hospital_listing,https://images1-fabric.practo.com/chisel-dental-bangalore-1440228638-55d8251e83379.JPG,ABS,practo,,1.0,canonical,2,Q4,Q4-Sub-Q4,Ultra Premium,0.609642
hosp_e8ff2c876bed9efd,Trustwell Hospitals,trustwell hospitals,Bangalore,Hospital,Sampangiramnagar,,12.96056110058228,77.58395074835684,87618925bffffff,,70.0,37.0,True,,0.0,1200.0,5.0,978.0,2019.0,+918047092819,https://www.practo.com/bangalore/hospital/trustwell-hospitals-k-r-market?referrer=hospital_listing,https://images1-fabric.practo.com/practices/1276829/trustwell-hospitals-bangalore-5e3abff674156.png,ABS,practo,,1.0,canonical,3,Q4,Q4-Sub-Q4,Ultra Premium,0.577748
hosp_1442c848db108a2f,SPARSH Hospital,sparsh hospital,Bangalore,Hospital,Yeshwanthpur,,13.027456,77.542773,876014595ffffff,,39.0,29.0,True,3.0,500.0,1100.0,5.0,2981.0,2015.0,+918045002253,https://www.practo.com/bangalore/hospital/sparsh-hospital-yeshwanthpur-2?referrer=hospital_listing,https://images1-fabric.practo.com/practices/918580/sparsh-super-speciality-hospital-bangalore-5911bb7c0ee04.jpg,RFA,practo,,1.0,canonical,4,Q4,Q4-Sub-Q4,Ultra Premium,0.574821
hosp_2c1dcf1e99b0410b,Vikram Aura Hospital,vikram aura hospital,Bangalore,Hospital,Richmond Town,,12.966053,77.609366,87618925affffff,,37.0,24.0,True,,0.0,1600.0,5.0,2592.0,,+918048816825,https://www.practo.com/bangalore/hospital/fortis-la-feme-hospital-for-women-richmond-town?referrer=hospital_listing,https://images1-fabric.practo.com/practices/940113/vikram-aura-hospital-bangalore-67e14f888f99e.png,VN,practo,,1.0,canonical,5,Q4,Q4-Sub-Q4,Ultra Premium,0.544951
hosp_be8bfa3a71db9578,Sakra World Hospital,sakra world hospital,Bangalore,Hospital,Bellandur,,12.93202,77.68528,876189254ffffff,,104.0,52.0,True,,0.0,1500.0,4.0,4741.0,2013.0,+918045685829,https://www.practo.com/bangalore/hospital/sakra-world-hospital-10-bellandur?referrer=hospital_listing,https://images1-fabric.practo.com/practices/1135026/sakra-world-hospital-bangalore-5c812396636f6.png,VN,practo,,1.0,canonical,6,Q4,Q4-Sub-Q4,Ultra Premium,0.528627
hosp_0f72ede02999a66e,Brindhavvan Areion Hospital,brindhavvan areion hospital,Bangalore,Hospital,Chamarajpet,,12.9578853,77.5690757,8760145a6ffffff,,33.0,30.0,True,,0.0,800.0,5.0,1090.0,2015.0,+918046808476,https://www.practo.com/bangalore/hospital/brindhavvan-areion-hospital-chamarajpet?referrer=hospital_listing,https://images1-fabric.practo.com/brindhavvan-areion-hospital-bangalore-1441638655-55eda8ff9668f.png,VN,practo,,1.0,canonical,7,Q4,Q4-Sub-Q4,Ultra Premium,0.525269
hosp_4c000f01a2d77aa1,Ovum Woman & Child Speciality Hospital,ovum woman child speciality hospital,Bangalore,Hospital,Kalyan Nagar,,13.020179,77.651675,8761892c5ffffff,,20.0,7.0,True,5.0,800.0,1000.0,5.0,3993.0,,+918045680620,https://www.practo.com/bangalore/hospital/ovum-birthing-center-kalyan-nagar-1?referrer=hospital_listing,https://images1-fabric.practo.com/ovum-women-child-speciality-hospital-bangalore-1456996399-56d8002f37641.jpg,ABS,practo,,1.0,canonical,8,Q4,Q4-Sub-Q4,Ultra Premium,0.522191
hosp_901f226e33411a3f,Manipal Hospitals Old Airport Road,manipal hospitals old airport road,Bangalore,Hospital,Old Airport Road,,12.95959,77.64937,876189253ffffff,,163.0,46.0,True,9.0,600.0,2500.0,3.5,6628.0,,+918047116545,https://www.practo.com/bangalore/hospital/manipal-hospital-old-airport-road-1-630200?referrer=hospital_listing,https://images1-fabric.practo.com/practices/630200/manipal-hospitals-old-airport-road-bangalore-66b1b7d2960af.jpg,RFA,practo,,1.0,canonical,9,Q4,Q4-Sub-Q4,Ultra Premium,0.513256
hosp_4739c13b086aa466,Cloudnine Hospital - HRBR,cloudnine hospital hrbr,Bangalore,Hospital,HRBR Layout,,13.019983,77.655411,8761892c5ffffff,,22.0,10.0,True,14.0,1000.0,2700.0,5.0,2183.0,2014.0,+917969142087,https://www.practo.com/bangalore/hospital/cloudnineclinic-hrbr-layout?referrer=hospital_listing,https://images1-fabric.practo.com/5552fecce91730ca8a8c019d3a1c84b6d58b0e15510ea.png,ABS,practo,,1.0,canonical,10,Q4,Q4-Sub-Q4,Ultra Premium,0.50042
hosp_95dbcedbfc882029,Lotus Multispeciality Center,lotus multispeciality center,Bangalore,Hospital,HSR Layout,,12.914472655700974,77.64915704727173,876189255ffffff,,4.0,6.0,True,,500.0,2500.0,5.0,3873.0,,+918037298760,https://www.practo.com/bangalore/hospital/lotus-multispeciality-center-hsr-layout-hsr-layout?referrer=hospital_listing,https://images1-fabric.practo.com/practices/746438/lotus-multispeciality-center-bangalore-6960b86003c8f.png,VN,practo,,1.0,canonical,11,Q4,Q4-Sub-Q4,Ultra Premium,0.498024
hosp_3d61cede2423db01,Sakra World Hospital,sakra world hospital,Bangalore,Hospital,Varthur,,13.029593008134304,77.62757062911987,8761892ccffffff,,130.0,44.0,True,,0.0,1200.0,4.0,10.0,,+918046801974,https://www.practo.com/bangalore/hospital/sakra-world-hospital-11-varthur?referrer=hospital_listing,https://images1-fabric.practo.com/practices/1158822/sakra-world-hospital-bangalore-67ac8401505ee.png,active,practo,,1.0,canonical,12,Q4,Q4-Sub-Q4,Ultra Premium,0.494774
hosp_3308b2c9658008a2,Aster Women & Children Hospital,aster women children hospital,Bangalore,Hospital,Whitefield,,12.98863647774082,77.7339572178,876189219ffffff,,27.0,11.0,True,,450.0,1500.0,5.0,1978.0,,+918047092194,https://www.practo.com/bangalore/hospital/aster-women-children-hospital-whitefield?referrer=hospital_listing,https://images1-fabric.practo.com/practices/1322148/aster-women-children-hospital-bangalore-62b08e06778c2.png,RFA,practo,,1.0,canonical,13,Q4,Q4-Sub-Q4,Ultra Premium,0.493793
hosp_8edae7b0dbe8ca4c,Manipal Hospital Whitefield,manipal hospital whitefield,Bangalore,Hospital,Whitefield,,12.988040405561094,77.72831976413727,876189219ffffff,,49.0,34.0,True,9.0,700.0,950.0,4.5,3441.0,,+918037321357,https://www.practo.com/bangalore/hospital/manipal-hospital-whitefield?referrer=hospital_listing,https://images1-fabric.practo.com/practices/1102131/manipal-hospital-whitefield-bangalore-66b1b1d3e803f.jpg,RFA,practo,,1.0,canonical,14,Q4,Q4-Sub-Q4,Ultra Premium,0.492951
hosp_39558bc15231c774,Bangalore Child Neurology And Rehabilitation Center,bangalore child neurology rehabilitation center,Bangalore,Hospital,Vijayanagar,,12.97343,77.54607,8760145a2ffffff,,2.0,5.0,True,,0.0,1000.0,5.0,3798.0,,+918071966535,https://www.practo.com/bangalore/hospital/bangalore-child-neurology-and-rehabilitation-center-vijayanagar?referrer=hospital_listing,https://images1-fabric.practo.com/52735c9e702248219832261ccf8858f0fde4088d46eda.jpg,VN,practo,,1.0,canonical,15,Q4,Q4-Sub-Q4,Ultra Premium,0.492013
hosp_0757d2f98891db5e,"Manipal Hospital, Millers Road ( Vikram Hospitals )",manipal hospital millers road vikram hospitals,Bangalore,Hospital,Millers Road,,12.988214877524,77.592170438025,8760145b4ffffff,,75.0,41.0,True,,0.0,2500.0,4.5,1202.0,,+918047181414,https://www.practo.com/bangalore/hospital/vikram-hospital-millers-road?referrer=hospital_listing,https://images1-fabric.practo.com/practices/634957/manipal-hospital-millers-road-vikram-hospitals-bangalore-66b1ae72d5884.jpg,RFA,practo,,1.0,canonical,16,Q4,Q4-Sub-Q4,Ultra Premium,0.48974
hosp_048a21e39f4a46d8,Motherhood Hospital,motherhood hospital,Bangalore,Hospital,Sahakaranagar,,13.0620359,77.5106743,87601459effffff,,18.0,14.0,True,8.0,400.0,1000.0,5.0,1503.0,2014.0,+917969142103,https://www.practo.com/bangalore/hospital/motherhood-india-sahakaranagar?referrer=hospital_listing,https://images1-fabric.practo.com/practices/730890/motherhood-hospital-bangalore-6752e7c32ef25.png,RFA,practo,,1.0,canonical,17,Q4,Q4-Sub-Q4,Ultra Premium,0.487347
hosp_ef1640f79a6df300,Motherhood Hospital,motherhood hospital,Bangalore,Hospital,HRBR Layout,,13.0202047,77.5691752,8760145b2ffffff,,19.0,8.0,True,8.0,900.0,900.0,5.0,2057.0,,+917969202382,https://www.practo.com/bangalore/hospital/motherhood-hospital-hrbr-layout-hrbr-layout?referrer=hospital_listing,https://images1-fabric.practo.com/practices/1156656/motherhood-hospital-bangalore-59a6a1d848b71.PNG,RFA,practo,,1.0,canonical,18,Q4,Q4-Sub-Q4,Ultra Premium,0.480021
hosp_3d3206ab4ee47983,OPTIMA Super Speciality Hospital ,optima super speciality hospital,Bangalore,Hospital,Mahalakshmi Layout,,13.008527,77.548585,8760145b3ffffff,,2.0,3.0,True,,1000.0,1100.0,5.0,3375.0,,+918044400085,https://www.practo.com/bangalore/hospital/optima-arthritis-and-rheumatology-clinic-mahalakshmi-layout?referrer=hospital_listing,https://images1-fabric.practo.com/practices/733949/optima-super-speciality-hospital-bangalore-639981d26ded2.jpg,ABS,practo,,1.0,canonical,19,Q4,Q4-Sub-Q4,Ultra Premium,0.478922
hosp_f8f930f377868e1a,Devagiri Hospital - Powered by Medisync,devagiri hospital powered medisync,Bangalore,Hospital,Banashankari,,12.9241,77.5658,8760145a4ffffff,,39.0,25.0,True,1.0,200.0,750.0,5.0,160.0,2013.0,+918071966827,https://www.practo.com/bangalore/hospital/devagiri-hospital-banashankari?referrer=hospital_listing,https://images1-fabric.practo.com/devagiri-hospital-bangalore-1456906199-56d69fd79e025.jpg,VN,practo,,1.0,canonical,20,Q4,Q4-Sub-Q4,Ultra Premium,0.478069
hosp_ca55fef4b1e51454,Aster Whitefield Hospital,aster whitefield hospital,Bangalore,Hospital,Whitefield,,12.98863647774082,77.7339572178,876189219ffffff,,67.0,37.0,True,,500.0,1500.0,4.5,1436.0,,+918046809164,https://www.practo.com/bangalore/hospital/aster-whitefield-hospital-whitefield-1?referrer=hospital_listing,https://images1-fabric.practo.com/practices/1403055/aster-whitefield-hospital-bangalore-634120c3419df.jpg,RFA,practo,,1.0,canonical,21,Q4,Q4-Sub-Q4,Ultra Premium,0.477423
hosp_792603fe23f9b3cb,Manipal Hospital Malleshwaram,manipal hospital malleshwaram,Bangalore,Hospital,Malleswaram,,13.007537003025572,77.56577294034955,8760145b3ffffff,,80.0,34.0,True,9.0,700.0,1450.0,4.5,962.0,,+918047116196,https://www.practo.com/bangalore/hospital/northside-manipal-hospital-malleswaram-2?referrer=hospital_listing,https://images1-fabric.practo.com/practices/711687/manipal-hospital-malleshwaram-bangalore-66b1adef519a8.jpg,RFA,practo,,1.0,canonical,22,Q4,Q4-Sub-Q4,Ultra Premium,0.476994
hosp_d759c00684b71f4a,Motherhood Hospital,motherhood hospital,Bangalore,Hospital,Banashankari,,12.9269242,77.4786841,8760145adffffff,,31.0,16.0,True,8.0,500.0,1500.0,5.0,357.0,2011.0,+917941058606,https://www.practo.com/bangalore/hospital/motherhood-hospital-banashankari?referrer=hospital_listing,https://images1-fabric.practo.com/practices/1193338/motherhood-hospital-bangalore-6752d2cb2f3f8.png,RFA,practo,,1.0,canonical,23,Q4,Q4-Sub-Q4,Ultra Premium,0.4727
hosp_a83ad1576929db13,St. Philomena's Hospital,st philomena s hospital,Bangalore,Hospital,Viveknagar,,12.9653,77.61099,87618925affffff,,58.0,31.0,True,,0.0,500.0,4.5,185.0,1937.0,+918045686414,https://www.practo.com/bangalore/hospital/st-philomenas-hospital-viveknagar?referrer=hospital_listing,https://images1-fabric.practo.com/practices/634184/st-philomena-s-hospital-bangalore-666450747e428.png,VN,practo,,1.0,canonical,24,Q4,Q4-Sub-Q4,Ultra Premium,0.47249
hosp_f246a5fb8bc43a65,Keva Ayurveda Healthcare Pvt Ltd,keva ayurveda healthcare,Bangalore,Hospital,BTM Layout 2nd Stage,,12.91427,77.618351,876189243ffffff,,3.0,4.0,True,3.0,500.0,500.0,5.0,2890.0,,+917969202375,https://www.practo.com/bangalore/hospital/keva-ayurveda-healthcare-pvt-ltd-btm-layout-2nd-stage?referrer=hospital_listing,https://images1-fabric.practo.com/5243dad64a4d1540a8191bebbe28792fd81b77c916b57.JPG,ABS,practo,,1.0,canonical,25,Q4,Q4-Sub-Q4,Ultra Premium,0.471394
hosp_4ba328667c579b0c,Manipal Hospital,manipal hospital,Bangalore,Hospital,Yelahanka,,13.107765550659092,77.6030846374192,876016966ffffff,,87.0,40.0,True,9.0,600.0,1320.0,4.5,99.0,,+917969142091,https://www.practo.com/bangalore/hospital/manipal-hospital-1-yelahanka?referrer=hospital_listing,https://images1-fabric.practo.com/practices/2096648/manipal-hospital-bangalore-6924529628cb2.png,RFA,practo,,1.0,canonical,26,Q4,Q4-Sub-Q4,Ultra Premium,0.469663
hosp_36da87122b3bc3ec,Astra Superspeciality Hospital,astra superspeciality hospital,Bangalore,Hospital,Kanakpura Road,,12.89077745335,77.563270448776,876189248ffffff,,19.0,22.0,True,,500.0,1200.0,5.0,377.0,2018.0,+918037298733,https://www.practo.com/bangalore/hospital/astra-superspeciality-hospital-konanakunte?referrer=hospital_listing,https://images1-fabric.practo.com/practices/1177924/astra-superspeciality-hospital-bangalore-5a7b01deb73bd.png,VN,practo,,1.0,canonical,27,Q4,Q4-Sub-Q4,Ultra Premium,0.464901
hosp_2066946a427876f1,Aster RV Hospital,aster rv hospital,Bangalore,Hospital,JP Nagar,,12.9108543526037,77.58517026901245,87618924affffff,,61.0,38.0,True,,600.0,1600.0,4.5,1083.0,,+918046805876,https://www.practo.com/bangalore/hospital/aster-rv-hospital-jp-nagar-1?referrer=hospital_listing,https://images1-fabric.practo.com/practices/1319951/aster-rv-hospital-bangalore-6010e9e69c8be.png,RFA,practo,,1.0,canonical,28,Q4,Q4-Sub-Q4,Ultra Premium,0.464122
hosp_dc58790a080a9893,Cloudnine Hospital - Jayanagar,cloudnine hospital jayanagar,Bangalore,Hospital,Jayanagar,,12.9338941,77.5841719,876189259ffffff,,45.0,17.0,True,14.0,500.0,2500.0,4.5,3752.0,,+918045686853,https://www.practo.com/bangalore/hospital/cloudnine-hospital-jayanagar-jayanagar?referrer=hospital_listing,https://images1-fabric.practo.com/cloudnine-hospital-jayanagar-bangalore-1464604304-574c16907e902.png,ABS,practo,,1.0,canonical,29,Q4,Q4-Sub-Q4,Ultra Premium,0.462023
hosp_ab51b9fa10d311eb,Aster CMI Hospital,aster cmi hospital,Bangalore,Hospital,Hebbal,,13.054552010758,77.591893828697,8761892cbffffff,,96.0,41.0,True,,400.0,1700.0,4.0,3089.0,2014.0,+918045680272,https://www.practo.com/bangalore/hospital/aster-cmi-hospital-hebbal-1?referrer=hospital_listing,https://images1-fabric.practo.com/practices/1146253/aster-cmi-hospital-bangalore-5aa9fa4b7c652.jpg,ABS,practo,,1.0,canonical,30,Q4,Q4-Sub-Q4,Ultra Premium,0.461991
hosp_f0ca7b70e4276e18,Anjani Women's Day Care Hospital,anjani women s day care hospital,Bangalore,Hospital,HRBR Layout,,13.01882,77.64718,8761892eaffffff,,1.0,2.0,True,,800.0,800.0,5.0,2735.0,,+918037321875,https://www.practo.com/bangalore/hospital/anjani-womens-and-day-care-hrbr-layout?referrer=hospital_listing,https://images1-fabric.practo.com/anjani-womens-day-care-hospital-pain-clinic-bangalore-1456987991-56d7df57c0d08.jpg,ABS,practo,,1.0,canonical,31,Q4,Q4-Sub-Q4,Ultra Premium,0.461656
hosp_3ba69dd0081c3f49,Aksha Hospital,aksha hospital,Bangalore,Hospital,Jayanagar 7 Block,,12.925050140101938,77.57386207580566,876189259ffffff,,20.0,18.0,True,,400.0,900.0,5.0,503.0,,+918047186782,https://www.practo.com/bangalore/hospital/g-and-g-speciality-clinic-banashankari-2nd-stage?referrer=hospital_listing,https://images1-fabric.practo.com/practices/1069904/promise-healthcare-bangalore-5f5916a43eade.jpg,VN,practo,,1.0,canonical,32,Q4,Q4-Sub-Q4,Ultra Premium,0.458135
hosp_6c57c487c61aca0c,Primecare Hospital,primecare hospital,Bangalore,Hospital,Frazer Town,,13.0005,77.618,8761892ebffffff,,18.0,15.0,True,,400.0,600.0,5.0,652.0,,+918071966512,https://www.practo.com/bangalore/hospital/primecare-hospital-frazer-town-1?referrer=hospital_listing,https://images1-fabric.practo.com/primecare-hospital-bangalore-1486447794-589964b2cf346.png,VN,practo,,1.0,canonical,33,Q4,Q4-Sub-Q4,Ultra Premium,0.455736
hosp_4af0cb60e7f11ec9,Medicover Hospitals - Bangalore,medicover hospitals bangalore,Bangalore,Hospital,Whitefield,,12.9912,77.7232,876189219ffffff,,54.0,26.0,True,,500.0,1000.0,4.5,2048.0,2024.0,+918046810795,https://www.practo.com/bangalore/hospital/medicover-hospitals-2-hoodi?referrer=hospital_listing,https://images1-fabric.practo.com/practices/1466123/medicover-hospitals-bangalore-6673c841c9a8b.png,ABS,practo,,1.0,canonical,34,Q4,Q4-Sub-Q4,Ultra Premium,0.455351
hosp_fc406181b2c068d0,Cloudnine Hospital - Whitefield,cloudnine hospital whitefield,Bangalore,Hospital,Whitefield,,12.9877637,77.6498187,8761892ecffffff,,30.0,10.0,True,14.0,1000.0,1500.0,4.5,3505.0,1990.0,+918045686843,https://www.practo.com/bangalore/hospital/cloudnine-whitefield-hospital-whitefield?referrer=hospital_listing,https://images1-fabric.practo.com/5552fee69c19c0ca8a8c019d3a1c84b6d58b0e15510ea.png,ABS,practo,,1.0,canonical,35,Q4,Q4-Sub-Q4,Ultra Premium,0.454858
hosp_e2eff5380723028a,Cloudnine Hospital,cloudnine hospital,Bangalore,Hospital,Sarjapur Road,,12.919020685528771,77.6750701534055,876189254ffffff,,22.0,4.0,True,14.0,850.0,1200.0,5.0,322.0,1990.0,+918037321372,https://www.practo.com/bangalore/hospital/cloudnine-hospital-sarjapur-road-harlur?referrer=hospital_listing,https://images1-fabric.practo.com/practices/1451885/cloudnine-hospital-sarjapur-road-bangalore-65d30b854b177.jpeg,ABS,practo,,1.0,canonical,36,Q4,Q4-Sub-Q4,Ultra Premium,0.453741
hosp_e83ace3460288aae,Ovum Woman & Child Speciality Hospital,ovum woman child speciality hospital,Bangalore,Hospital,Banashankari,,12.927202,77.547632,8760145a5ffffff,,19.0,9.0,True,5.0,600.0,1000.0,5.0,617.0,2018.0,+918045688238,https://www.practo.com/bangalore/hospital/ovum-woman-child-speciality-hospital-banashankari?referrer=hospital_listing,https://images1-fabric.practo.com/practices/1180089/ovum-woman-child-speciality-hospital-bangalore-5a94e322b6642.jpg,ABS,practo,,1.0,canonical,37,Q4,Q4-Sub-Q4,Ultra Premium,0.450829
hosp_bbb11cb84f04b5e0,Cloudnine Children's Hospital - Jayanagar,cloudnine children s hospital jayanagar,Bangalore,Hospital,Jayanagar,,12.93497,77.5841,876189259ffffff,,2.0,4.0,False,14.0,500.0,500.0,5.0,3425.0,2006.0,+918046808354,https://www.practo.com/bangalore/hospital/cloudnine-hospital-jayanagar-jayanagar-3-block?referrer=hospital_listing,https://images1-fabric.practo.com/cloudnine-kids-hospital-jayanagar-bangalore-1464604277-574c167506e8b.jpg,VN,practo,,1.0,canonical,38,Q4,Q4-Sub-Q4,Ultra Premium,0.448607
hosp_410bd4d3e57571a8,Care Dental Hospital,care dental hospital,Bangalore,Hospital,Padmanabhanagar,,12.91812,77.55929,8760145a4ffffff,,5.0,1.0,True,,100.0,500.0,5.0,1514.0,2012.0,+918037298743,https://www.practo.com/bangalore/hospital/care-dental-hospital-padmanabhanagar-3?referrer=hospital_listing,https://images1-fabric.practo.com/care-dental-hospital-bangalore-1465216796-57556f1c26e09.jpg,VN,practo,,1.0,canonical,39,Q4,Q4-Sub-Q4,Ultra Premium,0.448329
hosp_a5a7fc374b39a40f,Kinder Women's Hospital and Fertility Centre,kinder women s hospital fertility centre,Bangalore,Hospital,Whitefield,,12.991481704853406,77.70634145368363,8761892e6ffffff,,15.0,12.0,True,,0.0,1500.0,5.0,559.0,2022.0,+918045682719,https://www.practo.com/bangalore/hospital/kinder-women-s-hospital-fertility-centre-kr-puram?referrer=hospital_listing,https://images1-fabric.practo.com/practices/1389634/kinder-womens-hospital-and-fertility-centre-bangalore-62b56c873c24e.png,ABS,practo,,1.0,canonical,40,Q4,Q4-Sub-Q4,Ultra Premium,0.446136
hosp_c7bd87a9c375bcd7,Milann Fertility & Birthing Hospital,milann fertility birthing hospital,Bangalore,Hospital,Kumara Park West,,12.98738,77.579114,8760145b0ffffff,,4.0,5.0,True,5.0,800.0,800.0,5.0,558.0,1990.0,+918045682094,https://www.practo.com/bangalore/hospital/milann-ivf-kumara-park-west-1?referrer=hospital_listing,https://images1-fabric.practo.com/practices/663688/milann-fertility-birthing-hospital-bangalore-69cd168b6eb9d.png,ABS,practo,,1.0,canonical,41,Q4,Q4-Sub-Q4,Ultra Premium,0.445804
hosp_9e0db37785041e35,Cloudnine Hospital - Kanakapura Road,cloudnine hospital kanakapura road,Bangalore,Hospital,Kanakpura Road,,12.883263653672003,77.54999698099725,876189249ffffff,,23.0,6.0,True,14.0,700.0,1000.0,5.0,669.0,,+918045684927,https://www.practo.com/bangalore/hospital/cloudnine-hospital-kanakapura-road-kanakpura-road?referrer=hospital_listing,https://images1-fabric.practo.com/practices/1346007/cloudnine-hospital-kanakapura-road-bangalore-60da1aeb6ce31.jpeg,ABS,practo,,1.0,canonical,42,Q4,Q4-Sub-Q4,Ultra Premium,0.445158
hosp_add6879d6dcae654,Altius Hospitals,altius hospitals,Bangalore,Hospital,Rajajinagar,,12.985127,77.556965,8760145b1ffffff,,9.0,10.0,True,,500.0,1000.0,5.0,419.0,2004.0,+918047092249,https://www.practo.com/bangalore/hospital/altius-hospital-rajajinagar-2?referrer=hospital_listing,https://images1-fabric.practo.com/practices/909717/altius-hospitals-bangalore-62fe07bb2093a.jpg,ABS,practo,,1.0,canonical,43,Q4,Q4-Sub-Q4,Ultra Premium,0.443563
hosp_86d27f1d7d73f86c,Meenakshi Ent Care Centre,meenakshi ent care centre,Bangalore,Hospital,Basavanagudi,,12.938294698354,77.578979152965,876189259ffffff,,2.0,2.0,True,1.0,500.0,600.0,5.0,784.0,1997.0,+911142246093,https://www.practo.com/bangalore/hospital/meenakshi-ent-speciality-centre-basavanagudi?referrer=hospital_listing,https://images1-fabric.practo.com/practices/688171/meenakshi-ent-speciality-centre-bangalore-5e67b1e18e115.png,ABS,practo,,1.0,canonical,44,Q4,Q4-Sub-Q4,Ultra Premium,0.43964
hosp_2b0f4a38873404b3,Ovum Woman and Child Speciality Hospital,ovum woman child speciality hospital,Bangalore,Hospital,Kothanur,,13.062867107979821,77.6493680749321,8761892c3ffffff,,16.0,6.0,True,5.0,700.0,1000.0,5.0,741.0,,+918045691311,https://www.practo.com/bangalore/hospital/ovum-clinic-kothanur?referrer=hospital_listing,https://images1-fabric.practo.com/practices/1186999/ovum-clinic-bangalore-61b6d693eb0bf.jpg,ABS,practo,,1.0,canonical,45,Q4,Q4-Sub-Q4,Ultra Premium,0.438977
hosp_4e519e029d333251,Al Ameen Hospital,al ameen hospital,Bangalore,Hospital,Vasanthnagar,,12.9897011,77.5945266,8760145b6ffffff,,1.0,2.0,True,,400.0,400.0,5.0,260.0,1967.0,+918071172763,https://www.practo.com/bangalore/hospital/al-ameen-hospital-1-vasanthnagar-1?referrer=hospital_listing,https://images1-fabric.practo.com/practices/1193436/al-ameen-hospital-bangalore-6202415861e2c.png,VN,practo,,1.0,canonical,46,Q4,Q4-Sub-Q4,Ultra Premium,0.438266
hosp_13bb02fc0c972c66,Phoenix Hospital,phoenix hospital,Bangalore,Hospital,HSR Layout,,12.91755,77.644828,876189242ffffff,,9.0,10.0,True,,0.0,700.0,5.0,708.0,,+918047111991,https://www.practo.com/bangalore/hospital/phoenix-hospital-hsr-layout?referrer=hospital_listing,https://images1-fabric.practo.com/practices/1180685/phoenix-hospital-bangalore-5a9e8bb5b9e1d.jpg,VN,practo,,1.0,canonical,47,Q4,Q4-Sub-Q4,Ultra Premium,0.436997
hosp_cf0e8dd7da2a7e36,I AIM Health Care,i aim health care,Bangalore,Hospital,Yelahanka,,13.126148152113636,77.5462464184966,876016945ffffff,,19.0,5.0,True,,0.0,800.0,5.0,601.0,,+918047091253,https://www.practo.com/bangalore/hospital/i-aim-health-care-yelahanka?referrer=hospital_listing,https://images1-fabric.practo.com/practices/813752/i-aim-health-care-bangalore-58e366c50ef4b.jpg,VN,practo,,1.0,canonical,48,Q4,Q4-Sub-Q4,Ultra Premium,0.435875
hosp_7454889fd5570943,Cloudnine Hospital,cloudnine hospital,Bangalore,Hospital,Bellandur,,12.924467,77.672494,876189254ffffff,,28.0,11.0,True,14.0,500.0,2200.0,4.5,4042.0,,+917969202355,https://www.practo.com/bangalore/hospital/cloudnine-center-bellandur?referrer=hospital_listing,https://images1-fabric.practo.com/cloudnine-hospital-bellandur-bangalore-1470363012-57a3f58477490.png,ABS,practo,,1.0,canonical,49,Q4,Q4-Sub-Q4,Ultra Premium,0.435841
hosp_c3e86accee8f98ce,Maarga,maarga,Bangalore,Hospital,Yelahanka,,13.099136,77.58614,876016960ffffff,,13.0,3.0,True,3.0,1000.0,4000.0,5.0,807.0,,+917969202292,https://www.practo.com/bangalore/hospital/people-tree-maarga-yelahanka?referrer=hospital_listing,https://images1-fabric.practo.com/practices/1130576/maarga-bangalore-62b55de971a26.png,ABS,practo,,1.0,canonical,50,Q4,Q4-Sub-Q4,Ultra Premium,0.431606
hosp_d8c51643fd6417c9,Sunlife Hospital,sunlife hospital,Bangalore,Hospital,HSR Layout,,12.9091955,77.6517896,876189255ffffff,,11.0,8.0,True,,700.0,850.0,5.0,551.0,,+918045002226,https://www.practo.com/bangalore/hospital/sunlife-hospital-1-hsr-layout-1?referrer=hospital_listing,https://images1-fabric.practo.com/practices/1423815/sunlife-hospital-bangalore-6465dbbba494d.jpeg,ABS,practo,,1.0,canonical,51,Q4,Q4-Sub-Q4,Ultra Premium,0.429881
hosp_39d0ac016f6b6345,Ivory Dental,ivory dental,Bangalore,Hospital,Kundalahalli,,12.96378,77.71211,87618920bffffff,,5.0,1.0,True,,400.0,500.0,5.0,1234.0,,+918069458647,https://www.practo.com/bangalore/hospital/ivory-dental-kundalahalli-1?referrer=hospital_listing,https://images1-fabric.practo.com/5538b4c49185864bdf7faffa04882b8acb3f72a6aee98.JPG,ABS,practo,,1.0,canonical,52,Q4,Q4-Sub-Q4,Ultra Premium,0.429728
hosp_61c07de984b54400,Cloudnine Hospital,cloudnine hospital,Bangalore,Hospital,Malleswaram,,13.0078,77.56253,8760145b3ffffff,,27.0,13.0,True,14.0,400.0,1050.0,4.5,3631.0,,+918045686630,https://www.practo.com/bangalore/hospital/cloudnine-hospital-malleshwaram?referrer=hospital_listing,https://images1-fabric.practo.com/55257c170991f96d6f2e7e1f705ab5e59c84a6dc009b2.png,ABS,practo,,1.0,canonical,53,Q4,Q4-Sub-Q4,Ultra Premium,0.429649
hosp_734515ebd4630970,Sita Bhateja Specialty Hospital,sita bhateja specialty hospital,Bangalore,Hospital,Langford Road,,12.9631,77.5997,87618925affffff,,28.0,20.0,True,,0.0,4500.0,4.5,667.0,1965.0,+918071966525,https://www.practo.com/bangalore/hospital/sita-bhateja-specialty-hospital-langford-road?referrer=hospital_listing,https://images1-fabric.practo.com/sita-bhateja-specialty-hospital-bangalore-1456908694-56d6a996c7f68.jpg,VN,practo,,1.0,canonical,54,Q4,Q4-Sub-Q4,Ultra Premium,0.429332
hosp_26b34d0356790a55,Sai Krupa Multi Speciality Dental Care Hospital,sai krupa multi speciality dental care hospital,Bangalore,Hospital,Basaveshwaranagar,,12.99798,77.5436,876014586ffffff,,2.0,1.0,True,,300.0,300.0,5.0,507.0,1999.0,+918046801969,https://www.practo.com/bangalore/hospital/sai-krupa-multi-speciality-dental-care-hospital-basaveshwaranagar?referrer=hospital_listing,https://images1-fabric.practo.com/cff6f114888a614a9e44c8f7e97a8d37,VN,practo,,1.0,canonical,55,Q4,Q4-Sub-Q4,Ultra Premium,0.426032
hosp_63ca3c15d3010a73,Fortis Hospital,fortis hospital,Bangalore,Hospital,Bannerghatta Road,,12.894832797523716,77.59860277175903,87618924effffff,,76.0,35.0,True,3.0,300.0,2000.0,4.0,2763.0,2006.0,+918071966442,https://www.practo.com/bangalore/hospital/fortis-hospital-32-bannerghatta-road?referrer=hospital_listing,https://images1-fabric.practo.com/practices/1136311/fortis-hospital-bangalore-5b911dd321655.png,VN,practo,,1.0,canonical,56,Q4,Q4-Sub-Q4,Ultra Premium,0.425763
hosp_3e792182161784c3,Prakriya Hospitals,prakriya hospitals,Bangalore,Hospital,Nagasandra,,13.045917811354,77.506557404995,87601459effffff,,20.0,17.0,True,,550.0,1050.0,5.0,127.0,,+918047186783,https://www.practo.com/bangalore/hospital/prakriya-hospital-nagasandra-2?referrer=hospital_listing,https://images1-fabric.practo.com/practices/1235180/prakriya-hospitals-bangalore-639817887f779.JPG,VN,practo,,1.0,canonical,57,Q4,Q4-Sub-Q4,Ultra Premium,0.421715
hosp_ad32950f12e18b22,Access Dental Care Clinics,access dental care clinics,Bangalore,Hospital,Hebbal Kempapura,,13.04909,77.59328,8761892c8ffffff,,4.0,1.0,True,2.0,600.0,800.0,5.0,890.0,,+918046801974,https://www.practo.com/bangalore/hospital/access-dental-care-clinics-hebbal-kempapura?referrer=hospital_listing,https://images1-fabric.practo.com/54c216df0657d65703478f9a8ab866da5701d873d6264.jpg,VN,practo,,1.0,canonical,58,Q4,Q4-Sub-Q4,Ultra Premium,0.419198
hosp_90f32993d3311374,Cloudnine Fertility - IVF Centre,cloudnine fertility ivf centre,Bangalore,Hospital,Whitefield,,12.9878,77.7319,876189219ffffff,,2.0,3.0,True,11.0,1000.0,1000.0,5.0,821.0,,+911141193943,https://www.practo.com/bangalore/hospital/cloudnine-fertility-whitefield-whitefield?referrer=hospital_listing,https://images1-fabric.practo.com/practices/1157966/cloudnine-fertility-ivf-centre-whitefield-bangalore-6482cb6339329.JPG,ABS,practo,,1.0,canonical,59,Q4,Q4-Sub-Q4,Ultra Premium,0.418537
hosp_7352b2c50098fc70,Shree  Dhanvantari Ayurveda Hospital,shree dhanvantari ayurveda hospital,Bangalore,Hospital,Rajajinagar,,12.98213,77.55992,8760145b1ffffff,,1.0,1.0,True,,500.0,500.0,5.0,952.0,,+917317116748,https://www.practo.com/bangalore/hospital/shree-dhanvantari-ayurveda-hospital-rajajinagar?referrer=hospital_listing,https://images1-fabric.practo.com/55547d6893e4bb2f3c42b0f19577baaba3b3f0c5ed7fa.jpg,ABS,practo,,1.0,canonical,60,Q4,Q4-Sub-Q4,Ultra Premium,0.417293
hosp_990ad6c8791ad588,HCG  - The Specialist in Cancer Care,hcg specialist cancer care,Bangalore,Hospital,Sampangiramnagar,,12.963337,77.589563,87618925bffffff,,56.0,29.0,True,2.0,500.0,1500.0,4.5,178.0,,+917948501323,https://www.practo.com/bangalore/hospital/hcg-sampangiramnagar-1?referrer=hospital_listing,https://images1-fabric.practo.com/health-care-global-hcg-bangalore-1444365469-5617449daf18f.png,ABS,practo,,1.0,canonical,61,Q4,Q4-Sub-Q4,Ultra Premium,0.415834
hosp_a6bfcd23f8ad576c,N.D.R Medical Centre,n d r medical centre,Bangalore,Hospital,Yelahanka,,13.10045,77.59558,876016966ffffff,,2.0,2.0,True,,300.0,600.0,5.0,790.0,,+918071910149,https://www.practo.com/bangalore/hospital/n-d-r-medical-center-yelahanka-1?referrer=hospital_listing,https://images1-fabric.practo.com/n-d-r-medical-center-bangalore-1458560098-56efdc62405c2.jpg,ABS,practo,,1.0,canonical,62,Q4,Q4-Sub-Q4,Ultra Premium,0.415661
hosp_351a75f15d65f700,DHEE Hospitals,dhee hospitals,Bangalore,Hospital,Kanakpura Road,,12.883429359113,77.550292854957,876189249ffffff,,45.0,33.0,True,,500.0,2000.0,4.5,299.0,,+918047095584,https://www.practo.com/bangalore/hospital/dhee-hospitals-kanakpura-road-1?referrer=hospital_listing,https://images1-fabric.practo.com/practices/1422628/dhee-hospitals-bangalore-6454dc671f528.png,ABS,practo,,1.0,canonical,63,Q4,Q4-Sub-Q4,Ultra Premium,0.415015
hosp_0064d8eaca1a004b,Jayanagar Dental Clinic,jayanagar dental clinic,Bangalore,Hospital,Jayanagar 3 Block,,12.93593,77.58418,876189259ffffff,,2.0,1.0,True,,300.0,500.0,5.0,776.0,,+918046808409,https://www.practo.com/bangalore/hospital/jayanagar-dental-clinic-jayanagar-3-block-1?referrer=hospital_listing,https://images1-fabric.practo.com/jayanagar-dental-clinic-bangalore-1477554899-5811b2d30dc8a.jpg,VN,practo,,1.0,canonical,64,Q4,Q4-Sub-Q4,Ultra Premium,0.4133
hosp_aabd077976f58d67,Manipal Hospital,manipal hospital,Bangalore,Hospital,Sarjapur Road,,12.919958522657215,77.665283565548,876189255ffffff,,89.0,42.0,True,9.0,200.0,2000.0,4.0,1447.0,,+918045002237,https://www.practo.com/bangalore/hospital/columbia-asia-sarjapur-road-sarjapur-road-1?referrer=hospital_listing,https://images1-fabric.practo.com/practices/1163290/manipal-hospital-bangalore-66b1b2f3183f9.jpg,RFA,practo,,1.0,canonical,65,Q4,Q4-Sub-Q4,Ultra Premium,0.4116
hosp_b6cb1d478b8fcaf7,Cloudnine Fertility - IVF Centre,cloudnine fertility ivf centre,Bangalore,Hospital,Old Airport Road,,12.9594,77.6563,876189252ffffff,,3.0,3.0,True,11.0,1000.0,1000.0,5.0,560.0,,+918047284423,https://www.practo.com/bangalore/hospital/cloudnine-fertility-center-old-airport-road?referrer=hospital_listing,https://images1-fabric.practo.com/practices/1146857/cloudnine-fertility-ivf-centre-old-airport-road-bangalore-648179c0c75f9.JPG,ABS,practo,,1.0,canonical,66,Q4,Q4-Sub-Q3,Super Premium,0.410811
hosp_7549e2869b89399e,Smiles Institute of Gastroenterology,smiles institute gastroenterology,Bangalore,Hospital,Mathikere - BEL,,13.032362933957,77.558305263519,876014594ffffff,,4.0,6.0,True,1.0,500.0,2000.0,5.0,406.0,,+917969202543,https://www.practo.com/bangalore/hospital/smiles-institute-of-gastroenterology-mathikere-bel-1?referrer=hospital_listing,https://images1-fabric.practo.com/practices/1135898/smiles-institute-of-gastroenterology-bangalore-61f4ca46b97f4.png,ABS,practo,,1.0,canonical,67,Q4,Q4-Sub-Q3,Super Premium,0.410706
hosp_95fd9d72bd94ef3c,Wellbeeing Clinic,wellbeeing clinic,Bangalore,Hospital,Sahakaranagar,,13.06191,77.58782,8761892cbffffff,,6.0,10.0,True,,300.0,500.0,5.0,227.0,,+918046801986,https://www.practo.com/bangalore/hospital/wellbeeing-sahakaranagar-1?referrer=hospital_listing,https://images1-fabric.practo.com/wellbeeing-bangalore-1473233521-57cfc271735c8.jpg,active,practo,,1.0,canonical,68,Q4,Q4-Sub-Q3,Super Premium,0.407267
hosp_bf8ff33ede00ebe2,Excel Care Hospital,excel care hospital,Bangalore,Hospital,Banashankari 2nd Stage,,12.9208908,77.574063,87618924affffff,,10.0,9.0,True,,0.0,800.0,5.0,199.0,,+918046801981,https://www.practo.com/bangalore/hospital/excel-care-hospital-banashankari-2nd-stage-2?referrer=hospital_listing,https://images1-fabric.practo.com/excel-care-hospital-bangalore-1475503546-57f265ba10945.png,VN,practo,,1.0,canonical,69,Q4,Q4-Sub-Q3,Super Premium,0.406856
hosp_9b2627e93f3646ea,Sakaria Hospital,sakaria hospital,Bangalore,Hospital,HBR Layout,,13.02963,77.62754,8761892ccffffff,,5.0,2.0,True,,300.0,800.0,5.0,452.0,,+918046801971,https://www.practo.com/bangalore/hospital/sakaria-hospital-hbr-layout-1-1?referrer=hospital_listing,https://images1-fabric.practo.com/sakaria-hospital-bangalore-1488350562-58b66d6289c07.jpg,VN,practo,,1.0,canonical,70,Q4,Q4-Sub-Q3,Super Premium,0.406607
hosp_3b675d2449b97f6c,Smile Care & Orthodontic Center,smile care orthodontic center,Bangalore,Hospital,BTM Layout 1st Stage,,12.92033,77.60801,87618925dffffff,,4.0,1.0,True,,100.0,500.0,5.0,180.0,1996.0,+918046808409,https://www.practo.com/bangalore/hospital/smile-care-orthodontic-center-btm-layout-1st-stage?referrer=hospital_listing,https://images1-fabric.practo.com/533c077262f1274a1357a1e1f8df9998ef6ee23ec364e.jpg,VN,practo,,1.0,canonical,71,Q4,Q4-Sub-Q3,Super Premium,0.406418
hosp_e4c21bc1bc7e1ec8,RxDx Healthcare,rxdx healthcare,Bangalore,Hospital,Whitefield,,12.97686,77.71037,8761892e4ffffff,,75.0,38.0,True,4.0,1.0,3000.0,4.0,1571.0,2007.0,+914430194509,https://www.practo.com/bangalore/hospital/telerad-rxdx-healthcare-whitefield?referrer=hospital_listing,https://images1-fabric.practo.com/practices/1154591/telerad-rxdx-healthcare-bangalore-5b1b80373d0e0.png,VN,practo,,1.0,canonical,72,Q4,Q4-Sub-Q3,Super Premium,0.405018
hosp_e98e3969239eb642,Apple Hospital,apple hospital,Bangalore,Hospital,Yelahanka,,13.104326,77.584081,876016960ffffff,,3.0,4.0,True,,200.0,300.0,5.0,393.0,,+918045686415,https://www.practo.com/bangalore/hospital/apple-hospital-yelahanka1?referrer=hospital_listing,https://images1-fabric.practo.com/54d744a59fefda6e2242bf2648ebe03c444d9a6f0e0dc.jpg,VN,practo,,1.0,canonical,73,Q4,Q4-Sub-Q3,Super Premium,0.404912
hosp_dd607b41050badd0,Kurias Earth Ayurveda Multispeciality Hospital,kurias earth ayurveda multispeciality hospital,Bangalore,Hospital,Banashankari 1st Stage,,12.934774965158,77.561920881271,8760145a4ffffff,,1.0,2.0,True,,750.0,750.0,5.0,517.0,,+918047111402,https://www.practo.com/bangalore/hospital/kurias-earth-ayurveda-galaxy-banashankari?referrer=hospital_listing,https://images1-fabric.practo.com/kurias-earth-ayurveda-multispeciality-hospital-bangalore-1483692389-586f59654d5bb.jpg,ABS,practo,,1.0,canonical,74,Q4,Q4-Sub-Q3,Super Premium,0.404659
hosp_83843222b5d194eb,Cloudnine Hospital,cloudnine hospital,Bangalore,Hospital,Thanisandra Main Road,,13.065027081111568,77.63351180369966,8761892ddffffff,,15.0,5.0,True,14.0,1000.0,1400.0,5.0,193.0,,+918037322612,https://www.practo.com/bangalore/hospital/cloudnine-hospital-thanisandra-thanisandra-main-road?referrer=hospital_listing,https://images1-fabric.practo.com/practices/1455391/cloudnine-hospital-bangalore-6616441ce776b.png,ABS,practo,,1.0,canonical,75,Q4,Q4-Sub-Q3,Super Premium,0.404487
hosp_31a8722d463376d6,Prachi Healthcare,prachi healthcare,Bangalore,Hospital,Mahadevapura,,12.9876254,77.6881768,8761892e0ffffff,,9.0,10.0,True,,0.0,800.0,5.0,176.0,,+918068960988,https://www.practo.com/bangalore/hospital/prachi-healthcare-mahadevapura?referrer=hospital_listing,https://images1-fabric.practo.com/practices/1250275/prachi-healthcare-bangalore-5cbd70bd6a07a.jpg,VN,practo,,1.0,canonical,76,Q4,Q4-Sub-Q3,Super Premium,0.404245
hosp_29e2eeb039fd500d,RxDx Healthcare,rxdx healthcare,Bangalore,Hospital,Malleswaram,,13.004774,77.561523,8760145b3ffffff,,20.0,19.0,True,4.0,350.0,1500.0,5.0,64.0,,+918045685211,https://www.practo.com/bangalore/hospital/rxdx-healthcare-malleswaram?referrer=hospital_listing,https://images1-fabric.practo.com/practices/1223243/rxdx-healthcare-bangalore-5ba500dfd90ac.png,VN,practo,,1.0,canonical,77,Q4,Q4-Sub-Q3,Super Premium,0.402699
hosp_7f5ca433363c7c4a,Bangalore Nethralaya Super Speciality Eye Hospital,bangalore nethralaya super speciality eye hospital,Bangalore,Hospital,Kalyan Nagar,,13.02463,77.64436,8761892eaffffff,,3.0,1.0,True,,0.0,400.0,5.0,461.0,,+918046805689,https://www.practo.com/bangalore/hospital/bangalore-nethralaya-super-speciality-eye-hospital-kalyan-nagar?referrer=hospital_listing,https://images1-fabric.practo.com/bangalore-nethralaya-bangalore-1469598810-57984c5a5ee27.jpg,VN,practo,,1.0,canonical,78,Q4,Q4-Sub-Q3,Super Premium,0.402664
hosp_7a04a4d374214d44,Motherhood Hospital,motherhood hospital,Bangalore,Hospital,Sarjapur Road,,12.91786,77.672289,876189254ffffff,,17.0,14.0,True,2.0,750.0,1100.0,4.5,2345.0,2014.0,+918047116332,https://www.practo.com/bangalore/hospital/motherhood-hospital-sarjapur-road?referrer=hospital_listing,https://images1-fabric.practo.com/practices/693752/motherhood-hospital-bangalore-6752e65e601ea.png,RFA,practo,,1.0,canonical,79,Q4,Q4-Sub-Q3,Super Premium,0.401638
hosp_8d7068b1b0736e68,Atreum Speciality Hospital,atreum speciality hospital,Bangalore,Hospital,Rajarajeshwarinagar,,12.917077739811,77.513272071886,876014512ffffff,,19.0,16.0,True,,400.0,600.0,5.0,63.0,2019.0,+918037298733,https://www.practo.com/bangalore/hospital/atreum-speciality-hospital-rajarajeshwarinagar-3?referrer=hospital_listing,https://images1-fabric.practo.com/practices/1311485/atreum-speciality-hospital-5f9c1c196a7ee.png,VN,practo,,1.0,canonical,80,Q4,Q4-Sub-Q3,Super Premium,0.40098
hosp_200981084674d07e,Ramakrishna Super Speciality Hospital,ramakrishna super speciality hospital,Bangalore,Hospital,Jayanagar,,12.93642,77.58286,876189259ffffff,,10.0,13.0,True,,0.0,1000.0,5.0,121.0,,+918071966536,https://www.practo.com/bangalore/hospital/ramakrishna-super-speciality-hospital-jayanagar?referrer=hospital_listing,,VN,practo,,1.0,canonical,81,Q4,Q4-Sub-Q3,Super Premium,0.400259
hosp_f5de2b3bb271eb53,Crown Dental Care,crown dental care,Bangalore,Hospital,Kalyan Nagar,,13.02286,77.65095,8761892c5ffffff,,1.0,1.0,True,,350.0,350.0,5.0,455.0,,+918071966535,https://www.practo.com/bangalore/hospital/crown-dental-care-kalyan-nagar?referrer=hospital_listing,https://images1-fabric.practo.com/52fe1fa069bcd6f8c3eb37a2343843a9f59857bcf99ce.jpg,VN,practo,,1.0,canonical,82,Q4,Q4-Sub-Q3,Super Premium,0.399921
hosp_24ce83b9a94a2e7a,Jas Dental,jas dental,Bangalore,Hospital,Hosur Road,,12.9356066,77.6081476,876189258ffffff,,7.0,1.0,True,4.0,0.0,200.0,5.0,318.0,,+918045686369,https://www.practo.com/bangalore/hospital/jas-dental-hosur-road?referrer=hospital_listing,https://images1-fabric.practo.com/practices/655132/jas-dental-bangalore-5cda5227d5ab1.jpeg,VN,practo,,1.0,canonical,83,Q4,Q4-Sub-Q3,Super Premium,0.39928
hosp_b07de78cecb818e4,Gleneagles Hospitals,gleneagles hospitals,Bangalore,Hospital,Kengeri,,12.90287,77.4978,876014513ffffff,,35.0,26.0,True,1.0,0.0,1000.0,4.5,545.0,,+918047110870,https://www.practo.com/bangalore/hospital/bgs-global-hospital-kengeri-6?referrer=hospital_listing,https://images1-fabric.practo.com/practices/664585/gleneagles-bgs-hospital-bangalore-65fc0afd018ae.png,VN,practo,,1.0,canonical,84,Q4,Q4-Sub-Q3,Super Premium,0.396404
hosp_e904e4f3936fe473,Tatkshana Ayurveda Hospital,tatkshana ayurveda hospital,Bangalore,Hospital,Yeshwanthpur,,13.0192113,77.5522258,8760145b3ffffff,,5.0,3.0,True,,300.0,300.0,5.0,185.0,2015.0,+918071172763,https://www.practo.com/bangalore/hospital/tatkshana-ayurveda-hospital-yeshwanthpur?referrer=hospital_listing,https://images1-fabric.practo.com/practices/1235183/tatkshana-ayurveda-hospital-bangalore-5bf3da0de47d9.png,VN,practo,,1.0,canonical,85,Q4,Q4-Sub-Q3,Super Premium,0.396402
hosp_8cb7e8857e839e45,Guduchi Ayurveda,guduchi ayurveda,Bangalore,Hospital,Banaswadi,,13.021318541368,77.643409967204,8761892eaffffff,,6.0,1.0,False,,600.0,700.0,5.0,1839.0,,+918037298733,https://www.practo.com/bangalore/hospital/guduchi-the-ayurvedism-kammana-halli-1?referrer=hospital_listing,https://images1-fabric.practo.com/practices/1070601/guduchi-the-ayurvedism-bangalore-5a8177d274464.jpg,VN,practo,,1.0,canonical,86,Q4,Q4-Sub-Q3,Super Premium,0.39558
hosp_c372bc4582602deb,RITU Multispeciality Hospital,ritu multispeciality hospital,Bangalore,Hospital,Kanakpura Road,,12.88608430262,77.538968170993,876014516ffffff,,1.0,1.0,True,,500.0,500.0,5.0,363.0,,+918071966511,https://www.practo.com/bangalore/hospital/ritu-s-children-and-general-clinic-uttarahalli?referrer=hospital_listing,https://images1-fabric.practo.com/practices/1071188/ritu-hospital-bangalore-598d6ecfcbdfe.png,VN,practo,,1.0,canonical,87,Q4,Q4-Sub-Q3,Super Premium,0.394919
hosp_8b1a6524f61b7afe,Nano Hospital,nano hospital,Bangalore,Hospital,Uttarahalli,,12.90736,77.54614,87618924bffffff,,51.0,28.0,True,,400.0,1000.0,4.5,41.0,,+918037298760,https://www.practo.com/bangalore/hospital/nano-hospital-uttarahalli?referrer=hospital_listing,https://images1-fabric.practo.com/practices/1423810/nano-hospital-bangalore-6465d0bcdd597.PNG,ABS,practo,,1.0,canonical,88,Q4,Q4-Sub-Q3,Super Premium,0.394414
hosp_bba7aca4a4ffbafc,Punarjani Ayurveda Multi-Speciality Hospital,punarjani ayurveda multi speciality hospital,Bangalore,Hospital,Sarjapur Road,,12.8963884,77.694982,876189270ffffff,,6.0,2.0,True,,0.0,350.0,5.0,238.0,,+918071175500,https://www.practo.com/bangalore/hospital/punarjani-ayurveda-multi-speciality-hospital-sarjapur-road?referrer=hospital_listing,https://images1-fabric.practo.com/practices/811893/punarjani-ayurveda-multi-speciality-hospital-bangalore-58e39c60e721c.JPG,VN,practo,,1.0,canonical,89,Q4,Q4-Sub-Q3,Super Premium,0.393067
hosp_c09f3a260c0df85a,Greenview Medical Center,greenview medical center,Bangalore,Hospital,HSR Layout,,12.9188416,77.6383033,876189242ffffff,,23.0,17.0,True,,0.0,1500.0,4.5,1788.0,,+918046800243,https://www.practo.com/bangalore/hospital/green-view-medical-centre-hsr-layout?referrer=hospital_listing,https://images1-fabric.practo.com/greenview-medical-center-bangalore-1465760828-575dbc3cdbcd8.jpg,ABS,practo,,1.0,canonical,90,Q4,Q4-Sub-Q3,Super Premium,0.392687
hosp_4d181b5eef3de7ea,Nano Hospitals,nano hospitals,Bangalore,Hospital,Hulimavu,,12.881006584113532,77.61018991470337,876189241ffffff,,25.0,17.0,True,,0.0,1000.0,4.5,1199.0,2014.0,+918046805726,https://www.practo.com/bangalore/hospital/nano-hospitals-btm-layout-1?referrer=hospital_listing,https://images1-fabric.practo.com/54f55d54ec4fbcd07d620e17eb0c13ef04866fb2b80a2.jpg,ABS,practo,,1.0,canonical,91,Q4,Q4-Sub-Q3,Super Premium,0.39217
hosp_491c06424c5ab686,Bangaluru Neuro Centre,bangaluru neuro centre,Bangalore,Hospital,Malleswaram,,13.00145,77.56916,8760145b0ffffff,,6.0,4.0,True,,500.0,1000.0,4.5,3407.0,2015.0,+918046801486,https://www.practo.com/bangalore/hospital/bangaluru-neuro-centre-malleswaram?referrer=hospital_listing,https://images1-fabric.practo.com/553facb2bcbd796d6f2e7e1f705ab5e59c84a6dc009b2.jpg,VN,practo,,1.0,canonical,92,Q4,Q4-Sub-Q3,Super Premium,0.390935
hosp_36a32616cf7856b5,Dentoscope Dental Hospital,dentoscope dental hospital,Bangalore,Hospital,Horamavu,,13.023591528458,77.658407402004,8761892c5ffffff,,1.0,1.0,True,,600.0,600.0,5.0,296.0,,+918071965436,https://www.practo.com/bangalore/hospital/dentoscope-dental-hospital-horamavu-1-678557?referrer=hospital_listing,https://images1-fabric.practo.com/52b2b1ec63fca96d6f2e7e1f705ab5e59c84a6dc009b2.jpg,VN,practo,,1.0,canonical,93,Q4,Q4-Sub-Q3,Super Premium,0.390258
hosp_73ba04e0de1a745b,Cura Hospitals,cura hospitals,Bangalore,Hospital,Kammana Halli,,13.021496687633928,77.63730339699606,8761892eaffffff,,37.0,28.0,True,,500.0,1500.0,4.5,169.0,,+918045682595,https://www.practo.com/bangalore/hospital/cura-hospitals-1-kammana-halli?referrer=hospital_listing,https://images1-fabric.practo.com/practices/1352597/cura-hospitals-bangalore-610d47b23601d.png,ABS,practo,,1.0,canonical,94,Q4,Q4-Sub-Q3,Super Premium,0.390121
hosp_bfe992b85646eed3,Ayaansh Hospital,ayaansh hospital,Bangalore,Hospital,Indiranagar,,12.978269724199,77.643600817647,8761892ecffffff,,3.0,2.0,True,,500.0,1000.0,5.0,232.0,,+918045691397,https://www.practo.com/bangalore/hospital/ayaansh-hospital-indiranagar?referrer=hospital_listing,https://images1-fabric.practo.com/practices/1222473/ayaansh-hospital-bangalore-67333a3e41792.jfif,ABS,practo,,1.0,canonical,95,Q4,Q4-Sub-Q3,Super Premium,0.388749
hosp_237a509b8c0af5a9,Swastha Health Care,swastha health care,Bangalore,Hospital,Padmanabhanagar,,12.915830457129202,77.55915320352278,8760145a4ffffff,,2.0,4.0,True,,600.0,700.0,5.0,200.0,,+918037322152,https://www.practo.com/bangalore/hospital/swastha-healthcare-padmanabhanagar?referrer=hospital_listing,https://images1-fabric.practo.com/practices/1257429/swastha-healthcare-bangalore-5ce4e6cbdef63.png,ABS,practo,,1.0,canonical,96,Q4,Q4-Sub-Q3,Super Premium,0.387557
hosp_a5fc1f08ecefe942,Altius Hospitals,altius hospitals,Bangalore,Hospital,HBR Layout,,13.034495771359,77.629196811005,8761892ccffffff,,35.0,24.0,True,1.0,0.0,1100.0,4.5,349.0,,+918047106898,https://www.practo.com/bangalore/hospital/altius-hospital-hbr-layout-hbr-layout?referrer=hospital_listing,https://images1-fabric.practo.com/practices/1359147/altius-hospitals-bangalore-62d2717163826.jpg,VN,practo,,1.0,canonical,97,Q4,Q4-Sub-Q3,Super Premium,0.387072
hosp_5ff400166096f000,Retina Institute Of Karnataka,retina institute karnataka,Bangalore,Hospital,Chamarajpet,,12.954319771075,77.550689673541,8760145a2ffffff,,7.0,1.0,True,,750.0,750.0,5.0,189.0,,+918069453490,https://www.practo.com/bangalore/hospital/retina-institute-of-karnataka-chamarajpet1?referrer=hospital_listing,https://images1-fabric.practo.com/retina-institute-of-karnataka-bangalore-1441971687-55f2bde7da099.jpg,VN,practo,,1.0,canonical,98,Q4,Q4-Sub-Q3,Super Premium,0.386419
hosp_4849fa3eca64accc,Cloudnine Fertility - IVF Centre,cloudnine fertility ivf centre,Bangalore,Hospital,HRBR Layout,,13.024418912747764,77.63699054718018,8761892eaffffff,,3.0,2.0,True,11.0,1000.0,1100.0,5.0,208.0,,+918047284465,https://www.practo.com/bangalore/hospital/cloudnine-fertility-hospital-kalyan-nagar?referrer=hospital_listing,https://images1-fabric.practo.com/practices/1242717/cloudnine-fertility-ivf-centre-hrbr-layout-bangalore-64817a515a0ad.JPG,ABS,practo,,1.0,canonical,99,Q4,Q4-Sub-Q3,Super Premium,0.385963
hosp_16d7a35b6af5caaf,Mazumdar Shaw Medical Center,mazumdar shaw medical center,Bangalore,Hospital,Anekal,,12.80657039841491,77.69477605819702,87618934affffff,,22.0,22.0,True,3.0,0.0,1100.0,4.5,273.0,2001.0,+918071966535,https://www.practo.com/bangalore/hospital/mazumdar-shaw-cancer-center-narayana-health-city-anekal?referrer=hospital_listing,https://images1-fabric.practo.com/practices/636893/mazumdar-shaw-medical-center-bangalore-67bd97892a9a9.png,VN,practo,,1.0,canonical,100,Q4,Q4-Sub-Q3,Super Premium,0.385554
hosp_8cfeb3982fd5d4b7,Sparsh Hospital,sparsh hospital,Bangalore,Hospital,Vasanthnagar,,12.9832875,77.5947521,8760145b4ffffff,,27.0,20.0,True,3.0,800.0,1400.0,4.5,984.0,,+918037311472,https://www.practo.com/bangalore/hospital/sparsh-hospital-vasanthnagar?referrer=hospital_listing,https://images1-fabric.practo.com/sparsh-hospital-for-advanced-surgeries-bangalore-1490855191-58dca517a49e0.jpg,RFA,practo,,1.0,canonical,101,Q4,Q4-Sub-Q3,Super Premium,0.385543
hosp_e9cd4d2c516836ec,SDM Institute of Ayurveda and Hospital,sdm institute ayurveda hospital,Bangalore,Hospital,Kengeri,,12.893520281320304,77.45734691619873,876014518ffffff,,21.0,4.0,True,,0.0,150.0,5.0,60.0,2013.0,+918046801974,https://www.practo.com/bangalore/hospital/sdm-institute-of-ayurveda-and-hospital-kengeri?referrer=hospital_listing,https://images1-fabric.practo.com/practices/1148215/sdm-institute-of-ayurveda-and-hospital-bangalore-5945370c4e7a0.jpg,VN,practo,,1.0,canonical,102,Q4,Q4-Sub-Q3,Super Premium,0.383629
hosp_daeeb34c5bf00226,Mind and Brain hospital,mind brain hospital,Bangalore,Hospital,Sahakaranagar,,13.05891549732373,77.58164604308445,8761892cbffffff,,10.0,5.0,True,,1000.0,2100.0,4.5,3153.0,,+918037311437,https://www.practo.com/bangalore/hospital/mind-brain-clinic-sahakaranagar?referrer=hospital_listing,https://images1-fabric.practo.com/practices/667644/mind-brain-hospital-bangalore-639bff9e8802f.png,ABS,practo,,1.0,canonical,103,Q4,Q4-Sub-Q3,Super Premium,0.383145
hosp_faaf379e50be37a3,"Manipal Hospital, Jayanagar, Bangalore",manipal hospital jayanagar bangalore,Bangalore,Hospital,Jayanagar 9 Block,,12.9171288,77.591795,87618925dffffff,,26.0,17.0,False,,0.0,300.0,5.0,145.0,,+918045685335,https://www.practo.com/bangalore/hospital/manipal-hospital-jayanagar-bangalore-jayanagar-9-block?referrer=hospital_listing,,VN,practo,,1.0,canonical,104,Q4,Q4-Sub-Q3,Super Premium,0.383056
hosp_3c97a0934d56cac2,MS Ramaiah Memorial Hospital,ms ramaiah memorial hospital,Bangalore,Hospital,New BEL Road,,13.02817,77.56983,876014594ffffff,,35.0,23.0,True,,0.0,700.0,4.5,285.0,,+918071175500,https://www.practo.com/bangalore/hospital/ms-ramaiah-memorial-hospital-new-bel-road-1?referrer=hospital_listing,,VN,practo,,1.0,canonical,105,Q4,Q4-Sub-Q3,Super Premium,0.383026
hosp_4132fde1698e39b6,NU Hospitals,nu hospitals,Bangalore,Hospital,Rajajinagar,,13.0121,77.552763,8760145b3ffffff,,18.0,13.0,True,1.0,0.0,1000.0,4.5,918.0,1999.0,+918046801976,https://www.practo.com/bangalore/hospital/nu-hospitals-rajajinagar-1?referrer=hospital_listing,https://images1-fabric.practo.com/nu-hospitals-west-rajajinagar-bangalore-1456903749-56d696454f26c.jpg,VN,practo,,1.0,canonical,106,Q4,Q4-Sub-Q3,Super Premium,0.382027
hosp_0051d65b7c730c4c,Jas Dental,jas dental,Bangalore,Hospital,JP Nagar 6 Phase,,12.897873520767318,77.5845094397664,87618924effffff,,3.0,1.0,True,4.0,200.0,200.0,5.0,185.0,,+918045686369,https://www.practo.com/bangalore/hospital/jas-dental-p-nagar-6-phase?referrer=hospital_listing,https://images1-fabric.practo.com/practices/650506/jas-dental-bangalore-5cda5352ca7df.jpeg,VN,practo,,1.0,canonical,107,Q4,Q4-Sub-Q3,Super Premium,0.380935
hosp_6e2de45d9e9aba04,Floss & Gloss Family Dental Care,floss gloss family dental care,Bangalore,Hospital,JP Nagar 7 Phase,,12.8950029,77.5817729,876189248ffffff,,,1.0,True,,300.0,300.0,5.0,209.0,,+918046801974,https://www.practo.com/bangalore/hospital/floss-gloss-family-dental-care-jp-nagar-7-phase-1?referrer=hospital_listing,https://images1-fabric.practo.com/553e3c20ab071b648e04a5e2564d23076df020dd69049.jpg,active,practo,,1.0,canonical,108,Q4,Q4-Sub-Q3,Super Premium,0.380484
hosp_4eed413bd2afb9a8,Pathway Hospitals,pathway hospitals,Bangalore,Hospital,Uttarahalli,,12.903132272784374,77.52387859047728,876014512ffffff,,36.0,28.0,True,,300.0,2000.0,4.5,66.0,,+918037323367,https://www.practo.com/bangalore/hospital/pathway-healthcare-channasandra?referrer=hospital_listing,https://images1-fabric.practo.com/practices/1349306/pathway-hospitals-bangalore-65115082ecd8d.jpeg,ABS,practo,,1.0,canonical,109,Q4,Q4-Sub-Q3,Super Premium,0.380287
hosp_21e614e5a5b74f10,Apollo Cradle & Children’s Hospital,apollo cradle childrens hospital,Bangalore,Hospital,Jayanagar 5 Block,,12.91683,77.58524,87618924affffff,,17.0,11.0,True,2.0,750.0,1200.0,4.5,2008.0,,+917969202926,https://www.practo.com/bangalore/hospital/apollo-cradle-jayanagar-1?referrer=hospital_listing,https://images1-fabric.practo.com/practices/1122944/apollo-cradle-children-s-hospital-bangalore-648c2969c72f5.JPG,ABS,practo,,1.0,canonical,110,Q4,Q4-Sub-Q3,Super Premium,0.378571
hosp_557fe6ecc5fb4e3c,The Bangalore Hospital,bangalore hospital,Bangalore,Hospital,Basavanagudi,,12.937742007018288,77.58043348789215,876189259ffffff,,21.0,14.0,True,,500.0,1000.0,4.5,709.0,2004.0,+918046805725,https://www.practo.com/bangalore/hospital/the-bangalore-hospital-basavanagudi-1?referrer=hospital_listing,https://images1-fabric.practo.com/practices/850159/the-bangalore-hospital-bangalore-67b97c5a4e206.png,ABS,practo,,1.0,canonical,111,Q4,Q4-Sub-Q3,Super Premium,0.378556
hosp_6b3173d71a6de707,Sanjeevini MultispecialIty Hospital,sanjeevini multispeciality hospital,Bangalore,Hospital,Mahalakshmi Layout,,13.01152,77.54379,876014595ffffff,,32.0,24.0,True,,0.0,1050.0,4.5,215.0,,+918046801975,https://www.practo.com/bangalore/hospital/sanjeevini-multispeciality-hospital-mahalakshmi-layout?referrer=hospital_listing,https://images1-fabric.practo.com/sanjeevini-multispecality-hospital-bangalore-1448556261-565736e577f82.jpg,VN,practo,,1.0,canonical,112,Q4,Q4-Sub-Q3,Super Premium,0.378529
hosp_2cf37ecb5e9f8d51,NU Hospitals,nu hospitals,Bangalore,Hospital,Padmanabhanagar,,12.9179908,7.5532788,87581d964ffffff,,13.0,8.0,True,1.0,450.0,800.0,4.5,1435.0,1999.0,+918046801976,https://www.practo.com/bangalore/hospital/nu-hospitals-padmanabhanagar-1?referrer=hospital_listing,https://images1-fabric.practo.com/536ccd065d78bda4681bdba5454bb9cd24d12da33f209.jpg,VN,practo,,1.0,canonical,113,Q4,Q4-Sub-Q3,Super Premium,0.377874
hosp_c76eb132e0f37fe2,"Cloudnine Fertility - IVF Centre, Bellandur",cloudnine fertility ivf centre bellandur,Bangalore,Hospital,Bellandur,,12.9183,77.667,876189255ffffff,,3.0,1.0,True,11.0,1000.0,1000.0,5.0,160.0,,+918045686905,https://www.practo.com/bangalore/hospital/cloudnine-fertility-bellandur-bellandur?referrer=hospital_listing,https://images1-fabric.practo.com/practices/1157967/cloudnine-fertility-ivf-centre-bellandur-bangalore-648178c0d96eb.JPG,ABS,practo,,1.0,canonical,114,Q4,Q4-Sub-Q3,Super Premium,0.37691
hosp_03df33cff53033bc,M and M Health Care,m m health care,Bangalore,Hospital,Yelahanka New Town,,13.093212462662036,77.58327025920153,876016960ffffff,,2.0,3.0,True,,300.0,500.0,5.0,144.0,,+918037322098,https://www.practo.com/bangalore/hospital/m-and-m-health-care?referrer=hospital_listing,https://images1-fabric.practo.com/practices/1225039/m-and-m-health-care-bangalore-5d5bf1e6dfdee.jpeg,ABS,practo,,1.0,canonical,115,Q4,Q4-Sub-Q3,Super Premium,0.376481
hosp_1deb76c204880be4,Dhamodhars Dental Care Centre,dhamodhars dental care centre,Bangalore,Hospital,Banashankari 2nd Stage,,12.927843,77.5649889999999,8760145a4ffffff,,4.0,1.0,True,,250.0,400.0,5.0,151.0,,+914430194509,https://www.practo.com/bangalore/hospital/dhamodhars-dental-care-centre-banashankari?referrer=hospital_listing,https://images1-fabric.practo.com/54a55dc14929353d92eaa7c2ef3018b3d7dfc59fecccd.jpg,VN,practo,,1.0,canonical,116,Q4,Q4-Sub-Q3,Super Premium,0.376476
hosp_d74f32038ae33732,Family Hospital,family hospital,Bangalore,Hospital,Mathikere - BEL,,13.03202,77.5584933,876014594ffffff,,12.0,13.0,True,,0.0,400.0,5.0,29.0,2000.0,+918046801974,https://www.practo.com/bangalore/hospital/family-hospital-9-mathikere-bel?referrer=hospital_listing,https://images1-fabric.practo.com/practices/1156867/family-hospital-bangalore-59b39a6d056f3.jpg,VN,practo,,1.0,canonical,117,Q4,Q4-Sub-Q3,Super Premium,0.37548
hosp_25c808a5714cf310,Himas Hospital,himas hospital,Bangalore,Hospital,Basavanagudi,,12.940143324498,77.575577236657,876189259ffffff,,4.0,5.0,True,,700.0,1000.0,5.0,109.0,,+918045685827,https://www.practo.com/bangalore/hospital/himas-hospital-basavanagudi?referrer=hospital_listing,https://images1-fabric.practo.com/practices/683077/himas-hospital-bangalore-6836de2522398.png,ABS,practo,,1.0,canonical,118,Q4,Q4-Sub-Q3,Super Premium,0.374214
hosp_41182378c21fb674,ANC Clinics,anc clinics,Bangalore,Hospital,Whitefield,,12.97228226241899,77.75053152578616,87618921dffffff,,1.0,1.0,True,,1000.0,1000.0,5.0,157.0,,+918037322385,https://www.practo.com/bangalore/hospital/asha-neuromodulation-clinic-1-bommanahalli?referrer=hospital_listing,https://images1-fabric.practo.com/practices/1458442/asha-neuromodulation-clinic-bangalore-669a28d8d5418.png,ABS,practo,,1.0,canonical,119,Q4,Q4-Sub-Q3,Super Premium,0.373917
hosp_d2e4f32f0e485027,Kottakkal Arya Vaidya Sala,kottakkal arya vaidya sala,Bangalore,Hospital,Sarjapur Road,,12.9119653,77.6817897,876189273ffffff,,6.0,3.0,True,,200.0,350.0,5.0,108.0,,+911142246093,https://www.practo.com/bangalore/hospital/kottakkal-arya-vaidya-sala-sarjapur-road?referrer=hospital_listing,https://images1-fabric.practo.com/kottakkal-arya-vaidya-sala-sarjapur-road-bangalore-1491204298-58e1f8ca15219.jpg,VN,practo,,1.0,canonical,120,Q4,Q4-Sub-Q3,Super Premium,0.372527
hosp_fe59c55470880321,Bangalore Hospital,bangalore hospital,Bangalore,Hospital,Kengeri,,12.9310994,77.4930314,8760145acffffff,,12.0,10.0,True,,500.0,1000.0,5.0,58.0,,+918047092193,https://www.practo.com/bangalore/hospital/bangalore-hospital-kengeri-kengeri-1?referrer=hospital_listing,https://images1-fabric.practo.com/practices/1434807/bangalore-hospital-bangalore-64e7266b99682.jpg,ABS,practo,,1.0,canonical,121,Q4,Q4-Sub-Q3,Super Premium,0.372089
hosp_18f75fc191694306,Raghavendra People Tree Hospital,raghavendra people tree hospital,Bangalore,Hospital,T Dasarahalli,,13.0422501,77.5154138,876014591ffffff,,20.0,15.0,True,3.0,0.0,1000.0,4.5,1167.0,,+918046801969,https://www.practo.com/bangalore/hospital/raghavendra-people-tree-hospital-t-dasarahalli?referrer=hospital_listing,https://images1-fabric.practo.com/raghavendra-people-tree-hospitals-bangalore-1454399041-56b05e410b8f6.JPG,VN,practo,,1.0,canonical,122,Q4,Q4-Sub-Q3,Super Premium,0.371473
hosp_b6dd377698059a78,Whitefield Hospitals,whitefield hospitals,Bangalore,Hospital,Kadugodi,,12.979699,77.761624,87618921cffffff,,47.0,26.0,True,,0.0,0.0,,7.0,,+918047110615,https://www.practo.com/bangalore/hospital/whitefield-hospitals-kadugodi?referrer=hospital_listing,,VN,practo,,1.0,canonical,123,Q4,Q4-Sub-Q3,Super Premium,0.370688
hosp_f6377122f7f74d53,Cloudnine Fertility,cloudnine fertility,Bangalore,Hospital,Varthur,,12.9603,77.74118,87618921dffffff,,4.0,1.0,True,11.0,1000.0,1000.0,5.0,120.0,,+918069451969,https://www.practo.com/bangalore/hospital/cloudnine-fertility-varthur-road-whitefield?referrer=hospital_listing,https://images1-fabric.practo.com/practices/1452194/cloudnine-fertility-bangalore-65eea78c2bc3d.jpeg,ABS,practo,,1.0,canonical,124,Q4,Q4-Sub-Q3,Super Premium,0.369562
hosp_45def5f90f745221,Kusuma Hospital,kusuma hospital,Bangalore,Hospital,Banashankari 3rd Stage,,12.9420862,77.5507863,8760145a0ffffff,,24.0,24.0,True,,300.0,1500.0,4.5,65.0,2013.0,+918047281204,https://www.practo.com/bangalore/hospital/kusuma-hospital-banashankari-3rd-stage-1?referrer=hospital_listing,https://images1-fabric.practo.com/practices/616851/kusuma-hospital-bangalore-5940e10165ae7.png,ABS,practo,,1.0,canonical,125,Q4,Q4-Sub-Q3,Super Premium,0.368564
hosp_ee2e824292a520f3,Poornima Hospital,poornima hospital,Bangalore,Hospital,RT Nagar,,13.0260633,77.5951833,8761892cdffffff,,18.0,16.0,True,,0.0,600.0,4.5,216.0,2000.0,+918046808862,https://www.practo.com/bangalore/hospital/poornima-hospital-hmt-layout-rt-nagar?referrer=hospital_listing,https://images1-fabric.practo.com/poornima-hospital-hmt-layout-rt-nagar-bengaluru-karnataka-560032-bangalore-1443032175-5602ec6f3e62b.jpg,VN,practo,,1.0,canonical,126,Q4,Q4-Sub-Q3,Super Premium,0.367676
hosp_e15a5f4d1eda83ae,Cytecare Hospitals,cytecare hospitals,Bangalore,Hospital,Yelahanka,,13.1183348,77.6083878,8761892dbffffff,,28.0,19.0,True,,0.0,1000.0,4.5,297.0,,+918045684485,https://www.practo.com/bangalore/hospital/cytecare-cancer-hospitals-yelahanka?referrer=hospital_listing,https://images1-fabric.practo.com/practices/1142571/cytecare-hospitals-bangalore-656980d6cf24f.jpg,ABS,practo,,1.0,canonical,127,Q4,Q4-Sub-Q3,Super Premium,0.367164
hosp_dd05d48dd52f33c5,Divakars Speciality Hospital,divakars speciality hospital,Bangalore,Hospital,JP Nagar 2 Phase,,12.9100561,77.5925374,87618925dffffff,,4.0,3.0,True,,450.0,1000.0,4.5,1921.0,2000.0,+911141193943,https://www.practo.com/bangalore/hospital/divakars-speciality-hospital-jp-nagar-2-phase-1?referrer=hospital_listing,https://images1-fabric.practo.com/divakars-speciality-hospital-bangalore-1476336192-57ff1a403f4c3.jpg,VN,practo,,1.0,canonical,128,Q4,Q4-Sub-Q3,Super Premium,0.367013
hosp_a452200f828c7c9b,Belenus Champion Hospital,belenus champion hospital,Bangalore,Hospital,Sarjapur Road,,12.901288080809106,77.70872622728348,876189276ffffff,,19.0,22.0,True,,700.0,1500.0,4.5,339.0,2022.0,+918047111990,https://www.practo.com/bangalore/hospital/belenus-champion-hospital-sarjapur-road?referrer=hospital_listing,https://images1-fabric.practo.com/practices/1407429/belenus-champion-hospital-bangalore-638733f089dd7.JPG,VN,practo,,1.0,canonical,129,Q4,Q4-Sub-Q3,Super Premium,0.366612
hosp_3446fa6fa2bce7ed,Total Tooth Care Multispeciality Dental Clinic,total tooth care multispeciality dental clinic,Bangalore,Hospital,Bannerghatta Road,,12.8807913,77.6018483,876189241ffffff,,1.0,1.0,True,,200.0,200.0,5.0,122.0,,+918046801977,https://www.practo.com/bangalore/hospital/total-tooth-care-multispeciality-dental-clinic-bannerghatta-road?referrer=hospital_listing,https://images1-fabric.practo.com/55140d271158da1cffd6f4258bbf1b4908540ed36aea6.jpg,VN,practo,,1.0,canonical,130,Q4,Q4-Sub-Q3,Super Premium,0.366395
hosp_80f8a64fc86f11b1,Jas Dental,jas dental,Bangalore,Hospital,BTM Layout 2nd Stage,,12.90754,77.6068,876189243ffffff,,4.0,1.0,False,4.0,200.0,500.0,5.0,410.0,2008.0,+918045686369,https://www.practo.com/bangalore/hospital/jas-dental-btm-layout-2nd-stage?referrer=hospital_listing,https://images1-fabric.practo.com/practices/649461/jas-dental-bangalore-5cda53862df99.jpeg,VN,practo,,1.0,canonical,131,Q4,Q4-Sub-Q2,Premium,0.366307
hosp_4e9d33ad3a31e617,First Eat Right Clinic,first eat right clinic,Bangalore,Hospital,Yeshwanthpur,,13.011730743591306,77.55621924879961,8760145b3ffffff,,1.0,1.0,True,21.0,1000.0,1000.0,5.0,121.0,,+918071966535,https://www.practo.com/bangalore/hospital/first-eat-right-clinic-yeshwanthpur-1?referrer=hospital_listing,https://images1-fabric.practo.com/practices/807241/first-eat-right-clinic-bangalore-64bb6222285c1.PNG,VN,practo,,1.0,canonical,132,Q4,Q4-Sub-Q2,Premium,0.366139
hosp_ec9d8ad53ef5548d,Kangaroo Care Women & Children Hospital,kangaroo care women children hospital,Bangalore,Hospital,Vijayanagar,,12.9741,77.5423,8760145a2ffffff,,20.0,15.0,True,,500.0,1000.0,4.5,927.0,,+918046805894,https://www.practo.com/bangalore/hospital/kangaroo-care-hospital-vijayanagar-1?referrer=hospital_listing,https://images1-fabric.practo.com/kangaroo-care-women-children-hospital-bangalore-1490364130-58d526e23bad6.png,VN,practo,,1.0,canonical,133,Q4,Q4-Sub-Q2,Premium,0.366034
hosp_7c518a31cc95246c,Arka Hospital,arka hospital,Bangalore,Hospital,Yelahanka New Town,,13.100012437056,77.579611977812,876016960ffffff,,19.0,18.0,True,,0.0,800.0,5.0,24.0,,+918037298733,https://www.practo.com/bangalore/hospital/arka-hospital-yelahanka-new-town?referrer=hospital_listing,https://images1-fabric.practo.com/practices/1274643/arka-hospital-bangalore-5e14251497f3b.jpeg,VN,practo,,1.0,canonical,134,Q4,Q4-Sub-Q2,Premium,0.366016
hosp_301ed3dac62447f8,Harmony Wellness Concepts,harmony wellness concepts,Bangalore,Hospital,Sarjapur Road,,12.892301883624846,77.6740050315857,876189273ffffff,,5.0,5.0,True,1.0,0.0,1000.0,5.0,82.0,,+918045684275,https://www.practo.com/bangalore/hospital/creative-existence-actualized-hsr-layout?referrer=hospital_listing,https://images1-fabric.practo.com/54d864a40567fbeb35b7502fa7bb8f1e3ee6da0945d34.PNG,VN,practo,,1.0,canonical,135,Q4,Q4-Sub-Q2,Premium,0.365999
hosp_8fe954f1ab4f5c33,Sparsh Hospital,sparsh hospital,Bangalore,Hospital,Hennur,,13.04026489160556,77.64070272445679,8761892c1ffffff,,55.0,35.0,True,1.0,0.0,1200.0,3.5,11.0,,+918037322275,https://www.practo.com/bangalore/hospital/sparsh-hospital-6-hennur?referrer=hospital_listing,https://images1-fabric.practo.com/practices/2078747/sparsh-hospital-bangalore-6878d658e0f77.png,VN,practo,,1.0,canonical,136,Q4,Q4-Sub-Q2,Premium,0.365289
hosp_1e363b6c902d9c02,"Cloudnine Fertility - IVF Centre, Malleshwaram",cloudnine fertility ivf centre malleshwaram,Bangalore,Hospital,Malleswaram,,13.007,77.562,8760145b3ffffff,,4.0,1.0,True,11.0,900.0,1050.0,5.0,103.0,,+918046801973,https://www.practo.com/bangalore/hospital/cloudnine-fertility-malleshwaram-malleswaram?referrer=hospital_listing,https://images1-fabric.practo.com/practices/1156527/cloudnine-fertility-ivf-centre-malleshwaram-bangalore-64817a7495eec.JPG,ABS,practo,,1.0,canonical,137,Q4,Q4-Sub-Q2,Premium,0.364694
hosp_6257aff9cad06a5b, Jayashree Speciality Hospital,jayashree speciality hospital,Bangalore,Hospital,Seshadripuram,,12.991030334592,77.577772736549,8760145b0ffffff,,1.0,1.0,True,,400.0,400.0,5.0,54.0,1995.0,+918071966843,https://www.practo.com/bangalore/hospital/jayashree-nursing-home-kumara-park-west?referrer=hospital_listing,https://images1-fabric.practo.com/practices/1304967/jayashree-speciality-hospital-bangalore-622211b56028c.JPG,VN,practo,,1.0,canonical,138,Q4,Q4-Sub-Q2,Premium,0.364577
hosp_500608d1f200d7ca,Hope Hospital,hope hospital,Bangalore,Hospital,Munnekollal,,12.958332566041,77.708571245894,87618920bffffff,,7.0,6.0,True,,0.0,400.0,5.0,68.0,,+918071175657,https://www.practo.com/bangalore/hospital/hope-hospital-marathahalli?referrer=hospital_listing,https://images1-fabric.practo.com/hope-hospital-bangalore-1485761269-588eeaf57ab96.jpg,VN,practo,,1.0,canonical,139,Q4,Q4-Sub-Q2,Premium,0.363883
hosp_4aed5671addac353,White Cross Dental,white cross dental,Bangalore,Hospital,Whitefield,,12.983454868153,77.751890277246,876189218ffffff,,1.0,1.0,True,,500.0,500.0,5.0,112.0,,+918037298733,https://www.practo.com/bangalore/hospital/white-cross-dental-whitefield-1?referrer=hospital_listing,https://images1-fabric.practo.com/practices/1165741/white-cross-dental-bangalore-5a2667420b4fc.PNG,VN,practo,,1.0,canonical,140,Q4,Q4-Sub-Q2,Premium,0.363708
hosp_11890e9b30e2e0a4,First Eat Right Clinic,first eat right clinic,Bangalore,Hospital,Marathahalli,,12.990800341329052,77.70311772823334,8761892e0ffffff,,1.0,1.0,True,21.0,1000.0,1000.0,5.0,108.0,,+918071966535,https://www.practo.com/bangalore/hospital/first-eat-right-regent-club-whitefield?referrer=hospital_listing,https://images1-fabric.practo.com/practices/807199/first-eat-right-clinic-bangalore-64bb61f6225b9.PNG,VN,practo,,1.0,canonical,141,Q4,Q4-Sub-Q2,Premium,0.362546
hosp_0c01df7a7b1c2836,Sakra World Hospital,sakra world hospital,Bangalore,Hospital,Kasturba Road,,12.9715987,77.5945627,8760145b4ffffff,,32.0,31.0,True,,0.0,750.0,,,,+918045685609,https://www.practo.com/bangalore/hospital/sakra-world-hospital-2-kasturba-road?referrer=hospital_listing,,VN,practo,,1.0,canonical,142,Q4,Q4-Sub-Q2,Premium,0.361749
hosp_f8a07a2ac16109c4,First Eat Right Clinic,first eat right clinic,Bangalore,Hospital,HBR Layout,,13.020844020069982,77.6452088356018,8761892eaffffff,,1.0,1.0,True,21.0,1000.0,1000.0,5.0,105.0,,+918071966535,https://www.practo.com/bangalore/hospital/first-eat-right-hbr-layout?referrer=hospital_listing,https://images1-fabric.practo.com/practices/807263/first-eat-right-clinic-bangalore-64bb62f058af4.PNG,VN,practo,,1.0,canonical,143,Q4,Q4-Sub-Q2,Premium,0.361637
hosp_2475d5e8f762a8d3,Palm Dent Care,palm dent care,Bangalore,Hospital,Marathahalli,,12.957214140095582,77.7088237926364,87618920bffffff,,2.0,1.0,False,,500.0,500.0,5.0,470.0,2015.0,+918046801986,https://www.practo.com/bangalore/hospital/palm-dent-care-marathahalli?referrer=hospital_listing,https://images1-fabric.practo.com/554617f4cc806398aa07eca42973f8f19c21b4ebf7b26.png,VN,practo,,1.0,canonical,144,Q4,Q4-Sub-Q2,Premium,0.361029
hosp_d52bda9dbbb0a99a,YOS Sports Health Specialists,yos sports health specialists,Bangalore,Hospital,HAL 2nd Stage,,12.9606524,77.6492542,876189253ffffff,,4.0,1.0,True,1.0,1620.0,1620.0,5.0,91.0,,+918045685301,https://www.practo.com/bangalore/hospital/yos-sports-health-specialits-hal-2nd-stage?referrer=hospital_listing,https://images1-fabric.practo.com/practices/1273509/yos-sports-health-specialists-bangalore-5e3269305db09.jpg,VN,practo,,1.0,canonical,145,Q4,Q4-Sub-Q2,Premium,0.360605
hosp_161c803ea168e0ed,Westgate Medical Centre And Diagnostics,westgate medical centre diagnostics,Bangalore,Hospital,Basavanagudi,,12.939788199684445,77.57784146815538,876189259ffffff,,3.0,5.0,True,,0.0,700.0,5.0,73.0,,+918046808354,https://www.practo.com/bangalore/hospital/westgate-medical-centre-and-diagnostics-basavanagudi?referrer=hospital_listing,https://images1-fabric.practo.com/practices/1011040/westgate-medical-centre-and-diagnostics-bangalore-59f17c398aa5b.jpg,VN,practo,,1.0,canonical,146,Q4,Q4-Sub-Q2,Premium,0.359533
hosp_a8a6417926638623,First Eat Right Clinic,first eat right clinic,Bangalore,Hospital,Electronics City,,12.842284945519342,77.67550706863403,876189266ffffff,,1.0,1.0,True,21.0,1000.0,1000.0,5.0,98.0,,+918071966535,https://www.practo.com/bangalore/hospital/first-eat-right-electronics-city?referrer=hospital_listing,https://images1-fabric.practo.com/practices/809911/first-eat-right-clinic-bangalore-64bb6433949fe.PNG,VN,practo,,1.0,canonical,147,Q4,Q4-Sub-Q2,Premium,0.359385
hosp_6417962369ffe88a,Lakshy Ayurcare Ayurveda Hospital,lakshy ayurcare ayurveda hospital,Bangalore,Hospital,Attiguppe,,12.96468275,77.530277,8760145a3ffffff,,1.0,1.0,True,,680.0,680.0,5.0,97.0,,+918046801992,https://www.practo.com/bangalore/hospital/lakshy-ayurcare-ayurveda-hospital-vijayanagar?referrer=hospital_listing,https://images1-fabric.practo.com/practices/1141564/lakshy-ayurcare-ayurveda-hospital-bangalore-59324761c9461.jpg,VN,practo,,1.0,canonical,148,Q4,Q4-Sub-Q2,Premium,0.359047
hosp_358d47535ca12e92,Mallige Medical Centre,mallige medical centre,Bangalore,Hospital,Madhava Nagar,,12.985497198381514,77.58027779999999,8760145b0ffffff,,1.0,3.0,True,,800.0,800.0,4.5,875.0,1978.0,+918046808476,https://www.practo.com/bangalore/hospital/mallige-medical-centre-kumara-park-west-1?referrer=hospital_listing,https://images1-fabric.practo.com/mallige-medical-centre-bangalore-1482136967-58579d87157b5.jpg,VN,practo,,1.0,canonical,149,Q4,Q4-Sub-Q2,Premium,0.358444
hosp_f9a2169cf38fa8f0,PM Santosha Multi Speciality Hospital,pm santosha multi speciality hospital,Bangalore,Hospital,Rajarajeshwarinagar,,12.904776364588,77.493804440715,876014513ffffff,,6.0,7.0,True,,0.0,800.0,5.0,57.0,,+918071966525,https://www.practo.com/bangalore/hospital/pm-santosha-multi-speciality-hospital-kengeri?referrer=hospital_listing,https://images1-fabric.practo.com/practices/1232827/pm-santosha-multi-speciality-hospital-bangalore-5bf593a344ecb.jpg,VN,practo,,1.0,canonical,150,Q4,Q4-Sub-Q2,Premium,0.35834
hosp_33219d3a3f419a4b,Sai Krupa Women's Clinic,sai krupa women s clinic,Bangalore,Hospital,Vijayanagar,,12.96913,77.53517,876014584ffffff,,1.0,2.0,True,,400.0,400.0,4.5,1932.0,2004.0,+918045685302,https://www.practo.com/bangalore/hospital/saikrupa-hospital-for-women-surgical-center-vijayanagar?referrer=hospital_listing,https://images1-fabric.practo.com/saikrupa-hospital-for-women-surgical-center-bangalore-1439883396-55d2e08409d20.gif,VN,practo,,1.0,canonical,151,Q4,Q4-Sub-Q2,Premium,0.358314
hosp_b9a6fd84ee56de6b,Chord Road Hospital,chord road hospital,Bangalore,Hospital,Basaveshwaranagar,,12.99803,77.54054,876014586ffffff,,14.0,9.0,True,,0.0,750.0,4.5,270.0,1992.0,+918045682198,https://www.practo.com/bangalore/hospital/chord-road-hospital-and-sanzuze-homeopathic-clinic-basaveshwaranagar?referrer=hospital_listing,https://images1-fabric.practo.com/practices/733926/chord-road-hospital-bangalore-66a363d3b49f7.jpeg,ABS,practo,,1.0,canonical,152,Q4,Q4-Sub-Q2,Premium,0.358129
hosp_9ee0dd864505cde0,RxDx Healthcare,rxdx healthcare,Bangalore,Hospital,Whitefield,,12.957052,77.732481,87618920affffff,,7.0,6.0,True,4.0,500.0,1500.0,5.0,57.0,,+918071910134,https://www.practo.com/bangalore/hospital/rxdx-healthcare-siddapura?referrer=hospital_listing,https://images1-fabric.practo.com/practices/1219770/rxdx-healthcare-bangalore-5b7d4d0930b7a.png,VN,practo,,1.0,canonical,153,Q4,Q4-Sub-Q2,Premium,0.357644
hosp_43f47c4f04ee4e7e,Sai Kamala Homeo Clinic,sai kamala homeo clinic,Bangalore,Hospital,Rajajinagar,,13.003477748758042,77.55781341344118,8760145b3ffffff,,1.0,1.0,True,,900.0,900.0,5.0,92.0,,+918046801971,https://www.practo.com/bangalore/hospital/sai-kamala-homeo-clinic-rajajinagar?referrer=hospital_listing,https://images1-fabric.practo.com/550b8b66ef286ea938a9fa616687d0ab90a430fc4be88.jpg,VN,practo,,1.0,canonical,154,Q4,Q4-Sub-Q2,Premium,0.357289
hosp_b73440c049db9d1e,"Multi Speciality Dental Clinic , Republic Hospital",multi speciality dental clinic republic hospital,Bangalore,Hospital,Langford Road,,12.9442364,77.7051331,87618920bffffff,,1.0,1.0,False,,300.0,300.0,5.0,129.0,1982.0,+918046801969,https://www.practo.com/bangalore/hospital/multi-speciality-dental-clinic-republic-hospital-richmond-town?referrer=hospital_listing,https://images2-fabric.practo.com/practo-resources/core/practice/photos/b6e611ccef4c7a406109306bad576fe73484ece3.jpg,VN,practo,,1.0,canonical,155,Q4,Q4-Sub-Q2,Premium,0.354778
hosp_70798aa61db9eac9,Cavalier Hospital,cavalier hospital,Bangalore,Hospital,Kalyan Nagar,,13.02576879402,77.638085635551,8761892eaffffff,,4.0,1.0,True,,800.0,1000.0,4.5,1810.0,2008.0,+918046800902,https://www.practo.com/bangalore/hospital/geetha-ent-clinic-banaswadi?referrer=hospital_listing,https://images1-fabric.practo.com/practices/704559/cavalier-hospital-bangalore-596a356b02eab.jpg,ABS,practo,,1.0,canonical,156,Q4,Q4-Sub-Q2,Premium,0.354084
hosp_ddbc936cbe3cf850,Ratkal Speciality Hospital,ratkal speciality hospital,Bangalore,Hospital,Kengeri,,12.921388814166,77.481728552473,8760145adffffff,,2.0,2.0,True,,400.0,800.0,4.5,1892.0,2010.0,+918047106875,https://www.practo.com/bangalore/hospital/rescue-hospital-kengeri?referrer=hospital_listing,https://images1-fabric.practo.com/rescue-the-urology-center-bangalore-1475580065-57f390a10de49.jpg,VN,practo,,1.0,canonical,157,Q4,Q4-Sub-Q2,Premium,0.353672
hosp_29792c7d54f26962,Dr. Agarwal's Eye Hospital,dr agarwal s eye hospital,Bangalore,Hospital,Yelahanka New Town,,13.0943215,77.5782978,876016960ffffff,,4.0,1.0,True,,500.0,500.0,5.0,74.0,,+918047106898,https://www.practo.com/bangalore/hospital/dr-agarwal-s-eye-hospital-yelahanka-new-town?referrer=hospital_listing,https://images1-fabric.practo.com/practices/1141250/dr-agarwal-s-eye-hospital-bangalore-628795c3676aa.png,VN,practo,,1.0,canonical,158,Q4,Q4-Sub-Q2,Premium,0.353541
hosp_fb2d5de887c364c0,NationWide Indira Nagar Clinic,nationwide indira nagar clinic,Bangalore,Hospital,Indiranagar,,12.978346,77.640787,8761892ecffffff,,2.0,2.0,True,,0.0,400.0,5.0,75.0,,+918071966498,https://www.practo.com/bangalore/hospital/nationwide-clinics-indiranagar-1?referrer=hospital_listing,https://images1-fabric.practo.com/55bef93f5d5dc66d9073c04b3c3cf35e7920ab771c84f.jpg,VN,practo,,1.0,canonical,159,Q4,Q4-Sub-Q2,Premium,0.353476
hosp_b9ae2e45b529b7be,Sparsh Hospital,sparsh hospital,Bangalore,Hospital,Sarjapur Road,,12.912469814229,77.646687085483,876189242ffffff,,33.0,26.0,True,,800.0,1000.0,,5.0,,+918069451969,https://www.practo.com/bangalore/hospital/sparsh-hospital-6-sarjapur-road?referrer=hospital_listing,https://images1-fabric.practo.com/practices/2092745/sparsh-hospital-bangalore-68f324d3c1690.png,VN,practo,,1.0,canonical,160,Q4,Q4-Sub-Q2,Premium,0.353467
hosp_96a147236170a177,Apollo Spectra Hospitals,apollo spectra hospitals,Bangalore,Hospital,Koramangala 5 Block,,12.93386,77.62023,87618925cffffff,,55.0,28.0,True,,0.0,3000.0,4.0,1896.0,,+913340589373,https://www.practo.com/bangalore/hospital/apollo-spectra-hospitals-koramangala-5-block-1?referrer=hospital_listing,https://images1-fabric.practo.com/practices/1134531/apollo-spectra-hospitals-bangalore-624e99d80db8d.jpg,VN,practo,,1.0,canonical,161,Q4,Q4-Sub-Q2,Premium,0.351963
hosp_412ab7e9872e6f15,Samprathi Eye Hospital and Squint Centre,samprathi eye hospital squint centre,Bangalore,Hospital,Shivaji Nagar,,12.99311,77.58072,8760145b0ffffff,,1.0,1.0,False,,300.0,300.0,5.0,85.0,1970.0,+918046808354,https://www.practo.com/bangalore/hospital/samprathi-eye-hospital-and-squint-centre-shivaji-nagar?referrer=hospital_listing,https://images1-fabric.practo.com/53b3b7a8060e8fb8e985db24c5f375f9a611cf7203aae.jpg,VN,practo,,1.0,canonical,162,Q4,Q4-Sub-Q2,Premium,0.35129
hosp_52dc5b13a45e0862,Oasis Fertility,oasis fertility,Bangalore,Hospital,HSR Layout,,12.90984702173634,77.64472242975188,876189242ffffff,,3.0,5.0,True,2.0,0.0,750.0,5.0,57.0,,+918047093186,https://www.practo.com/bangalore/hospital/oasis-fertility-hsr-layout?referrer=hospital_listing,https://images1-fabric.practo.com/practices/1351087/oasis-fertility-bangalore-662cd2c3b320a.png,ABS,practo,,1.0,canonical,163,Q4,Q4-Sub-Q2,Premium,0.350812
hosp_c1c23ca34c90b586,Sri Sai Ram Hospital,sri sai ram hospital,Bangalore,Hospital,Bannerghatta Road,,12.8801,77.609064,876189241ffffff,,29.0,25.0,True,,500.0,1500.0,,5.0,2021.0,+911141193943,https://www.practo.com/bangalore/hospital/sri-sairam-hospital-2-bannerghatta-road?referrer=hospital_listing,https://images1-fabric.practo.com/practices/1322924/sri-sairam-hospital-bangalore-60378ad060827.png,VN,practo,,1.0,canonical,164,Q4,Q4-Sub-Q2,Premium,0.350803
hosp_53ec3c9e38dc996a,HCG Hospital,hcg hospital,Bangalore,Hospital,Sampangiramnagar,,12.963547246454237,77.58949130773544,87618925bffffff,,1.0,1.0,True,,0.0,0.0,5.0,76.0,,+914446310179,https://www.practo.com/bangalore/hospital/hcg-hospital-sampangiramnagar-2?referrer=hospital_listing,https://images1-fabric.practo.com/hcg-hospital-bangalore-1450423845-5673b625c2c00.png,VN,practo,,1.0,canonical,165,Q4,Q4-Sub-Q2,Premium,0.350784
hosp_5df3d30568d5bd05,Lakshmi Hospital,lakshmi hospital,Bangalore,Hospital,RT Nagar,,13.0249883,77.5919233,8761892cdffffff,,2.0,4.0,True,,400.0,1500.0,5.0,62.0,,+918046801985,https://www.practo.com/bangalore/hospital/lakshmi-hospital-rt-nagar-1?referrer=hospital_listing,https://images1-fabric.practo.com/practices/748813/lakshmi-hospital-bangalore-66580b271f8d8.png,VN,practo,,1.0,canonical,166,Q4,Q4-Sub-Q2,Premium,0.350645
hosp_211b9752d8867f96,Sagar Chandramma Hospitals,sagar chandramma hospitals,Bangalore,Hospital,VV Puram,,12.9486,77.57473,8760145a6ffffff,,23.0,14.0,True,,750.0,1250.0,4.5,258.0,,+917969201916,https://www.practo.com/bangalore/hospital/sagar-chandramma-hospitals-vv-puram1?referrer=hospital_listing,https://images1-fabric.practo.com/practices/930034/sagar-chandramma-hospitals-bangalore-6780b7d739ca4.png,ABS,practo,,1.0,canonical,167,Q4,Q4-Sub-Q2,Premium,0.350005
hosp_01fa271f11fc0fc8,Iswarya Fertility Centre,iswarya fertility centre,Bangalore,Hospital,Marathahalli,,12.965275533358,77.701773053338,87618920bffffff,,1.0,2.0,True,1.0,500.0,500.0,5.0,70.0,,+918071910149,https://www.practo.com/bangalore/hospital/iswarya-fertility-centre-marathahalli?referrer=hospital_listing,https://images1-fabric.practo.com/practices/1270625/iswarya-fertility-centre-bangalore-662f4471135dc.png,VN,practo,,1.0,canonical,168,Q4,Q4-Sub-Q2,Premium,0.349845
hosp_5939252be257404a,MS Ramaiah Old Hospital,ms ramaiah old hospital,Bangalore,Hospital,New BEL Road,,13.0289836,77.5684758,876014594ffffff,,30.0,26.0,True,,0.0,400.0,,,,+918071966828,https://www.practo.com/bangalore/hospital/ms-ramaiah-old-hospital-new-bel-road?referrer=hospital_listing,,VN,practo,,1.0,canonical,169,Q4,Q4-Sub-Q2,Premium,0.34968
hosp_7abe92716664ab96,Akshara Eye Hospital,akshara eye hospital,Bangalore,Hospital,Bannerghatta Road,,12.8988328,77.6054951,876189243ffffff,,5.0,1.0,False,,400.0,500.0,5.0,360.0,,+918047111996,https://www.practo.com/bangalore/hospital/akshara-eye-hospital-bannerghatta-road-2?referrer=hospital_listing,https://images1-fabric.practo.com/akshara-eye-hospital-bangalore-1447401649-564598b153934.png,VN,practo,,1.0,canonical,170,Q4,Q4-Sub-Q2,Premium,0.34964
hosp_0ef7a3546688b762,Frontline Multispeciality Hospital,frontline multispeciality hospital,Bangalore,Hospital,Shivaji Nagar,,12.984471693186,77.601222836933,8761892e9ffffff,,16.0,17.0,True,,0.0,400.0,4.5,298.0,,+918071966511,https://www.practo.com/bangalore/hospital/frontline-multispeciality-hospital-shivaji-nagar?referrer=hospital_listing,https://images1-fabric.practo.com/frontline-heart-lung-centre-polyclinic-bangalore-1443623327-560bf19fef175.jpg,VN,practo,,1.0,canonical,171,Q4,Q4-Sub-Q2,Premium,0.348629
hosp_f8c62a2f89e1dfe2,Cloudnine Hospitals - Sahakarnagar,cloudnine hospitals sahakarnagar,Bangalore,Hospital,Sahakaranagar,,13.05967,77.5782,8761892cbffffff,,24.0,4.0,True,14.0,900.0,1000.0,4.5,279.0,2007.0,+918037322829,https://www.practo.com/bangalore/hospital/cloudnine-hospitals-sahakarnagar-sahakaranagar?referrer=hospital_listing,https://images1-fabric.practo.com/practices/1361772/cloudnine-hospitals-sahakarnagar-bangalore-616577b5315fd.jpeg,ABS,practo,,1.0,canonical,172,Q4,Q4-Sub-Q2,Premium,0.34861
hosp_d96a9f84c0559600,Rainbow Children's Hospital,rainbow children s hospital,Bangalore,Hospital,Hebbal,,13.065694198302086,77.593709392046,8761892cbffffff,,8.0,4.0,True,3.0,850.0,1100.0,5.0,47.0,,+918047106875,https://www.practo.com/bangalore/hospital/rainbow-children-s-hospital-1-hebbal-1?referrer=hospital_listing,https://images1-fabric.practo.com/practices/1376039/rainbow-children-s-hospital-bangalore-623d5d7995b0b.JPG,VN,practo,,1.0,canonical,173,Q4,Q4-Sub-Q2,Premium,0.348171
hosp_ea05b311a17434b5,Gunasheela Fertility Centre,gunasheela fertility centre,Bangalore,Hospital,Koramangala 3 Block,,12.9249223,77.6276309,87618925cffffff,,2.0,2.0,True,,1000.0,1000.0,5.0,64.0,,+918046801977,https://www.practo.com/bangalore/hospital/gunasheela-fertility-centre-koramangala-3-block?referrer=hospital_listing,https://images1-fabric.practo.com/gunasheela-surgical-and-maternity-hospital-ivf-centre-koramangala-bangalore-1462517206-572c3dd64974f.png,VN,practo,,1.0,canonical,174,Q4,Q4-Sub-Q2,Premium,0.347921
hosp_8c674321de18f966,Partha Dental  Skin Hair,partha dental skin hair,Bangalore,Hospital,T Dasarahalli,,13.046314983962064,77.50776909291744,87601459effffff,,3.0,1.0,True,26.0,0.0,0.0,5.0,65.0,,+918047106898,https://www.practo.com/bangalore/hospital/partha-dental-skin-hair-t-dasarahalli?referrer=hospital_listing,https://images1-fabric.practo.com/practices/1335619/partha-dental-care-bangalore-64ad027a8b94a.PNG,ABS,practo,,1.0,canonical,175,Q4,Q4-Sub-Q2,Premium,0.347772
hosp_33afad55caf2ebca,Royal Bangalore Hospital,royal bangalore hospital,Bangalore,Hospital,Kammana Halli,,13.019453770098,77.642827033997,8761892eaffffff,,22.0,16.0,True,,450.0,1100.0,4.5,142.0,,+918071966442,https://www.practo.com/bangalore/hospital/royal-bangalore-hospital-kammana-halli?referrer=hospital_listing,https://images1-fabric.practo.com/practices/1208854/royal-bangalore-hospital-bangalore-5bd2bc318fab9.png,VN,practo,,1.0,canonical,176,Q4,Q4-Sub-Q2,Premium,0.347048
hosp_5de7b7248b0c05cf,Trust-In  Hospital,trust hospital,Bangalore,Hospital,Horamavu,,13.0211963,77.6569818,8761892c5ffffff,,14.0,15.0,True,,300.0,1000.0,4.5,307.0,2021.0,+918047091331,https://www.practo.com/bangalore/hospital/trust-in-hospital-ramamurthy-nagar?referrer=hospital_listing,https://images1-fabric.practo.com/practices/1352521/trust-in-hospital-bangalore-610e326e1b102.png,ABS,practo,,1.0,canonical,177,Q4,Q4-Sub-Q2,Premium,0.346802
hosp_9ee57e612efa4b0d,Shishuka Children's Specialty Hospital,shishuka children s specialty hospital,Bangalore,Hospital,HRBR Layout,,13.027478601895172,77.63158559078653,8761892ccffffff,,21.0,10.0,True,,0.0,2500.0,4.5,472.0,,+918047186782,https://www.practo.com/bangalore/hospital/shishuka-children-s-specialty-hospital-hrbr-layout-1?referrer=hospital_listing,https://images1-fabric.practo.com/shishuka-children-s-specialty-hospital-bangalore-1477372125-580ee8ddf40e2.jpg,VN,practo,,1.0,canonical,178,Q4,Q4-Sub-Q2,Premium,0.346528
hosp_153beada7371ee99,People Tree Hospitals,people tree hospitals,Bangalore,Hospital,Banashankari,,12.9420542,77.5536034,8760145a0ffffff,,18.0,14.0,True,3.0,0.0,600.0,4.5,320.0,,+918047110983,https://www.practo.com/bangalore/hospital/people-tree-hospital-banashankari?referrer=hospital_listing,https://images1-fabric.practo.com/practices/1134985/people-tree-hospitals-meenakshi-bangalore-5a81770498ebf.jpg,VN,practo,,1.0,canonical,179,Q4,Q4-Sub-Q2,Premium,0.346053
hosp_96ffd840f42b555d,Deeksha Hospital,deeksha hospital,Bangalore,Hospital,Yelahanka,,13.095588405291,77.584755668649,876016960ffffff,,4.0,5.0,True,,0.0,450.0,5.0,48.0,,+918047110983,https://www.practo.com/bangalore/hospital/deeksha-hospital-yelahanka-1?referrer=hospital_listing,https://images1-fabric.practo.com/practices/1159747/deeksha-hospital-bangalore-59ccc87708426.jpg,VN,practo,,1.0,canonical,180,Q4,Q4-Sub-Q2,Premium,0.345932
hosp_986b032978250c71,Hosmat Hospital,hosmat hospital,Bangalore,Hospital,Cox Town,,12.997043406727252,77.61949885636568,8761892ebffffff,,36.0,20.0,True,,0.0,0.0,,2.0,,+918046805689,https://www.practo.com/bangalore/hospital/hosmat-hospital-5-richmond-town?referrer=hospital_listing,,VN,practo,,1.0,canonical,181,Q4,Q4-Sub-Q2,Premium,0.345546
hosp_36cc143ca4a2ccd7,Dental Affairs,dental affairs,Bangalore,Hospital,Richmond Town,,12.962755200687,77.603718734324,87618925affffff,,3.0,1.0,True,,200.0,300.0,5.0,61.0,,+918061933495,https://www.practo.com/bangalore/hospital/dental-affairs-richmond-town?referrer=hospital_listing,https://images1-fabric.practo.com/practices/648453/dental-affairs-bangalore-59437ec72e270.jpg,VN,practo,,1.0,canonical,182,Q4,Q4-Sub-Q2,Premium,0.345527
hosp_45e8515ed3e4db7e,Unity Life Line Hospital,unity life line hospital,Bangalore,Hospital,Nagarbhavi,,12.981713,77.51101,876014585ffffff,,4.0,5.0,True,,150.0,500.0,5.0,47.0,,+918045684275,https://www.practo.com/bangalore/hospital/unity-life-life-hospital-india-pvt-ltd-nagarbhavi?referrer=hospital_listing,,VN,practo,,1.0,canonical,183,Q4,Q4-Sub-Q2,Premium,0.345186
hosp_b5e2c2658cdcdbe3,Milann Fertility & Birthing Hospital,milann fertility birthing hospital,Bangalore,Hospital,JP Nagar 1 Phase,,12.91594,77.58566,87618924affffff,,5.0,5.0,True,5.0,800.0,1000.0,4.5,995.0,2008.0,+918046805736,https://www.practo.com/bangalore/hospital/milann-ivf-jp-nagar-1-phase?referrer=hospital_listing,https://images1-fabric.practo.com/practices/663687/milann-fertility-birthing-hospital-bangalore-69cd165f71340.png,ABS,practo,,1.0,canonical,184,Q4,Q4-Sub-Q2,Premium,0.344954
hosp_ec260927cdd033a7,Chirag Global Hospitals,chirag global hospitals,Bangalore,Hospital,JP Nagar 2 Phase,,12.905918317095,77.603736519814,876189243ffffff,,3.0,2.0,True,,800.0,1800.0,4.5,808.0,1993.0,+918071965582,https://www.practo.com/bangalore/hospital/chirag-hospital-bangalore-jp-nagar-2-phase?referrer=hospital_listing,https://images1-fabric.practo.com/practices/1146542/chirag-hospital-bangalore-59797546bcfdf.jpg,VN,practo,,1.0,canonical,185,Q4,Q4-Sub-Q2,Premium,0.344912
hosp_03fba75469db392d,NationWide Bannerghatta Health Centre,nationwide bannerghatta health centre,Bangalore,Hospital,Bannerghatta Road,,12.8893,77.5966,87618924effffff,,9.0,5.0,True,,0.0,500.0,5.0,37.0,,+918046801975,https://www.practo.com/bangalore/hospital/nationwide-bannerghatta-health-centre-bannerghatta-road?referrer=hospital_listing,https://images1-fabric.practo.com/nationwide-bannerghatta-health-centre-bangalore-1465756019-575da973b6640.png,VN,practo,,1.0,canonical,186,Q4,Q4-Sub-Q2,Premium,0.34294
hosp_862bafb10860abdf,Oasis Fertility,oasis fertility,Bangalore,Hospital,Banashankari 3rd Stage,,12.904962322760616,77.60086804961641,87618924effffff,,2.0,3.0,True,2.0,0.0,700.0,5.0,51.0,,+913340589370,https://www.practo.com/bangalore/hospital/oasis-fertility-banashankari?referrer=hospital_listing,https://images1-fabric.practo.com/practices/1371606/oasis-fertility-bangalore-662cd14e3a38d.png,RFA,practo,,1.0,canonical,187,Q4,Q4-Sub-Q2,Premium,0.341785
hosp_ce8fa43064946481,Bangalore Institute of Gastroenterology,bangalore institute gastroenterology,Bangalore,Hospital,Jayanagar,,12.940499886523,77.584859132767,876189259ffffff,,18.0,16.0,True,,0.0,750.0,4.5,130.0,,+918037298720,https://www.practo.com/bangalore/hospital/bangalore-institute-of-gastroenterology-jayanagar1?referrer=hospital_listing,https://images1-fabric.practo.com/practices/1067911/bangalore-institute-of-gastroenterology-bangalore-595a0c4d3e514.png,VN,practo,,1.0,canonical,188,Q4,Q4-Sub-Q2,Premium,0.341335
hosp_17a37baa3b01d7ae,Columbiaa Hospital,columbiaa hospital,Bangalore,Hospital,Kasturi nagar,,13.010432635310373,77.65827119350433,8761892eeffffff,,13.0,16.0,True,,650.0,1200.0,4.5,228.0,,+918045680922,https://www.practo.com/bangalore/hospital/columbiaa-hospital-kasturi-nagar?referrer=hospital_listing,https://images1-fabric.practo.com/practices/1713746/columbiaa-hospital-bangalore-6808e32218b93.png,ABS,practo,,1.0,canonical,189,Q4,Q4-Sub-Q2,Premium,0.340387
hosp_e5fb1716705727b2,Currex Hospital,currex hospital,Bangalore,Hospital,Kadugodi,,13.015514794549,77.718813140762,8761892f5ffffff,,10.0,11.0,True,,700.0,800.0,5.0,23.0,,+918047095636,https://www.practo.com/bangalore/hospital/currex-hospital-kadugodi?referrer=hospital_listing,https://images1-fabric.practo.com/practices/1472931/currex-hospital-bangalore-671c85c1dc7d7.png,ABS,practo,,1.0,canonical,190,Q4,Q4-Sub-Q2,Premium,0.340214
hosp_8b714d1999d6149a,Chris Super Specialty Hospital,chris super specialty hospital,Bangalore,Hospital,Kalyan Nagar,,13.0283,77.6327,8761892ccffffff,,9.0,12.0,True,,400.0,1000.0,4.5,263.0,2015.0,+918071966525,https://www.practo.com/bangalore/hospital/chris-super-specialty-hospital-kalyan-nagar-1?referrer=hospital_listing,https://images1-fabric.practo.com/practices/1154396/chris-super-specialty-hospital-bangalore-5c8354f164ccd.jpeg,VN,practo,,1.0,canonical,191,Q4,Q4-Sub-Q2,Premium,0.338336
hosp_97f08b9010303fac,Meenakshi ENT Speciality Hospital (MENTS),meenakshi ent speciality hospital ments,Bangalore,Hospital,Banashankari 2nd Stage,,12.9240722,77.5685638,8760145a4ffffff,,10.0,10.0,True,1.0,500.0,800.0,4.5,651.0,,+917948220712,https://www.practo.com/bangalore/hospital/meenakshi-ent-speciality-hospital-ments-bharat-nagar?referrer=hospital_listing,https://images1-fabric.practo.com/practices/1279249/meenakshi-ent-speciality-hospital-ments-bangalore-5e59406396d56.png,ABS,practo,,1.0,canonical,192,Q4,Q4-Sub-Q2,Premium,0.337623
hosp_c1d0e27ebcc6445d,Aaxis Super Speciality Hospital,aaxis super speciality hospital,Bangalore,Hospital,KR Puram,,13.010983399110083,77.6973556727171,8761892e2ffffff,,9.0,11.0,True,,0.0,500.0,4.5,219.0,2012.0,+918046805894,https://www.practo.com/bangalore/hospital/aaxis-super-speciality-hospital-kr-puram?referrer=hospital_listing,https://images1-fabric.practo.com/535a5f07627e6972ebdf79bd0fb5da00e56aeaedc93d5.jpeg,VN,practo,,1.0,canonical,193,Q4,Q4-Sub-Q2,Premium,0.337148
hosp_fdd8b46d6691402d,Yogananda Multispecialty Hospital,yogananda multispecialty hospital,Bangalore,Hospital,Padmanabhanagar,,12.9180253,77.5595932,8760145a4ffffff,,6.0,7.0,True,2.0,0.0,800.0,5.0,31.0,,+918046801972,https://www.practo.com/bangalore/hospital/yogananda-multispecialty-hospital-padmanabhanagar?referrer=hospital_listing,,VN,practo,,1.0,canonical,194,Q4,Q4-Sub-Q2,Premium,0.337109
hosp_074c9f178bfa8742,Icon Hospital Maternity & Multispeciality Centre,icon hospital maternity multispeciality centre,Bangalore,Hospital,Hebbal Kempapura,,13.05276,13.05276,8758552f3ffffff,,2.0,3.0,False,,300.0,400.0,5.0,210.0,,+918071966521,https://www.practo.com/bangalore/hospital/icon-hospital-maternity-multispeciality-centre-hebbal-kempapura?referrer=hospital_listing,https://images1-fabric.practo.com/53eb173e4823868274c80b54509b3613d302e99e68454.png,VN,practo,,1.0,canonical,195,Q4,Q4-Sub-Q2,Premium,0.336908
hosp_8b045eb1d2ece80b,Belle Vue's Cambridge Hospital,belle vue s cambridge hospital,Bangalore,Hospital,Ulsoor,,12.97164,77.62737,8761892edffffff,,5.0,4.0,True,,0.0,600.0,4.5,67.0,1978.0,+918047111402,https://www.practo.com/bangalore/hospital/belle-vue-s-cambridge-hospital-ulsoor?referrer=hospital_listing,https://images1-fabric.practo.com/belle-vue-s-cambridge-hospital-bangalore-1469772380-579af25c630da.jpg,VN,practo,,1.0,canonical,196,Q4,Q4-Sub-Q1,Upper-Mid Premium,0.336234
hosp_44aeca97ef538869,Apollo Cradle & Children’s Hospital,apollo cradle childrens hospital,Bangalore,Hospital,Koramangala 6 Block,,12.936759,77.620605,87618925cffffff,,17.0,6.0,True,2.0,500.0,1500.0,4.5,526.0,,+917969202457,https://www.practo.com/bangalore/hospital/apollo-cradle-16-koramangala-6-block?referrer=hospital_listing,https://images1-fabric.practo.com/practices/1126141/apollo-cradle-children-s-hospital-bangalore-648c29a389ea0.JPG,ABS,practo,,1.0,canonical,197,Q4,Q4-Sub-Q1,Upper-Mid Premium,0.335364
hosp_5d5ca9f5ac60161a,Birthright By Rainbow,birthright rainbow,Bangalore,Hospital,Marathahalli,,12.9754132,77.6978502,8761892e4ffffff,,6.0,5.0,True,1.0,0.0,800.0,4.5,280.0,1999.0,+918047111990,https://www.practo.com/bangalore/hospital/rainbow-children-s-hospital-marathahalli-1-marathahalli?referrer=hospital_listing,https://images1-fabric.practo.com/practices/1120472/birthright-by-rainbow-bangalore-66614669183c1.png,VN,practo,,1.0,canonical,198,Q4,Q4-Sub-Q1,Upper-Mid Premium,0.33515
hosp_f996ce8086f49b43,Manipal Clinic Indiranagar,manipal clinic indiranagar,Bangalore,Hospital,Indiranagar,,12.9781484,77.6357908,8761892edffffff,,52.0,29.0,True,,1000.0,2000.0,4.0,104.0,,+917314851398,https://www.practo.com/bangalore/hospital/manipal-clinic-indiranagar?referrer=hospital_listing,https://images1-fabric.practo.com/practices/1659064/manipal-clinic-bangalore-67e781ac3fa25.png,RFA,practo,,1.0,canonical,199,Q4,Q4-Sub-Q1,Upper-Mid Premium,0.334281
hosp_f144eda20018c891,Punya Hospital,punya hospital,Bangalore,Hospital,Basaveshwaranagar,,12.986135091102476,77.53735184669495,876014584ffffff,,13.0,9.0,True,,100.0,500.0,4.5,153.0,2013.0,+918071966527,https://www.practo.com/bangalore/hospital/punya-hospital-basaveshwaranagar?referrer=hospital_listing,https://images1-fabric.practo.com/punya-hospital-bangalore-1457595251-56e12373d6a33.jpg,VN,practo,,1.0,canonical,200,Q4,Q4-Sub-Q1,Upper-Mid Premium,0.334058
hosp_75bf5c07f67a3947,Bhagwan Mahaveer Jain Hospital,bhagwan mahaveer jain hospital,Bangalore,Hospital,Banashankari 3rd Stage,,12.944358252536821,77.53740012645721,8760145a0ffffff,,15.0,15.0,True,1.0,300.0,1300.0,4.5,39.0,2016.0,+918071965582,https://www.practo.com/bangalore/hospital/bhagwan-mahaveer-jain-hospital-banashankari-3rd-stage?referrer=hospital_listing,https://images1-fabric.practo.com/practices/1070672/bhagwan-mahaveer-jain-hospital-bangalore-5a911a42a5836.png,VN,practo,,1.0,canonical,201,Q4,Q4-Sub-Q1,Upper-Mid Premium,0.333142
hosp_06d079daeb2f74a2,Cartman Animal Hospital,cartman animal hospital,Bangalore,Hospital,Koramangala,,12.9388451,77.6255441,87618925effffff,,1.0,1.0,True,,200.0,200.0,5.0,46.0,,+918046801970,https://www.practo.com/bangalore/hospital/cartman-animal-hospital-koramangala-6-block?referrer=hospital_listing,https://images1-fabric.practo.com/practices/1165613/cartman-animal-hospital-bangalore-5a5f0fc44d1c3.jpg,VN,practo,,1.0,canonical,202,Q4,Q4-Sub-Q1,Upper-Mid Premium,0.333051
hosp_edf3ff3338151686,Subbaiah hospital,subbaiah hospital,Bangalore,Hospital,Mathikere - BEL,,13.029786381321,77.560958554968,876014594ffffff,,3.0,3.0,True,,0.0,1300.0,5.0,38.0,,+918071966521,https://www.practo.com/bangalore/hospital/sha-diagnostics-malleswaram-1?referrer=hospital_listing,https://images1-fabric.practo.com/practices/1118882/subbaiah-hospital-bangalore-6662633423e07.png,VN,practo,,1.0,canonical,203,Q4,Q4-Sub-Q1,Upper-Mid Premium,0.332654
hosp_ee9ae3642176d5fe,Medcare Hospital,medcare hospital,Bangalore,Hospital,VV Puram,,12.953051,77.574174,8760145a6ffffff,,17.0,21.0,True,,400.0,550.0,,5.0,2016.0,+918046805894,https://www.practo.com/bangalore/hospital/medcare-hospital-vv-puram?referrer=hospital_listing,https://images1-fabric.practo.com/practices/1219286/medcare-hospital-bangalore-5b769a9eef522.PNG,VN,practo,,1.0,canonical,204,Q4,Q4-Sub-Q1,Upper-Mid Premium,0.332553
hosp_8c5eb30a56453afd,IIGU Hospital-Indus Institute of Gastro Uro,iigu hospital indus institute gastro uro,Bangalore,Hospital,Kalyan Nagar,,13.019657215921,77.652663731752,8761892c5ffffff,,12.0,17.0,True,,700.0,1500.0,4.5,84.0,,+917969142126,https://www.practo.com/bangalore/hospital/indus-institute-of-gastri-uro-kalyan-nagar?referrer=hospital_listing,https://images1-fabric.practo.com/practices/1714955/indus-institute-of-gastri-uro-bangalore-6825de948bccb.jpeg,ABS,practo,,1.0,canonical,205,Q4,Q4-Sub-Q1,Upper-Mid Premium,0.3319
hosp_62048377d9045b4c,Aarogya Hastha Hospitals,aarogya hastha hospitals,Bangalore,Hospital,Kasavanahalli,,12.902122756293963,77.6756837842649,876189273ffffff,,15.0,19.0,True,,750.0,1500.0,4.5,36.0,,+918047186181,https://www.practo.com/bangalore/hospital/aarogya-hastha-hospital-hsr-layout?referrer=hospital_listing,https://images1-fabric.practo.com/practices/1458889/aarogya-hastha-hospital-bangalore-6639eaf20cd0b.png,VN,practo,,1.0,canonical,206,Q4,Q4-Sub-Q1,Upper-Mid Premium,0.331818
hosp_c328220192b6074d,Brains Super Speciality Hospital,brains super speciality hospital,Bangalore,Hospital,Jayanagar,,12.9478697,77.5097441,8760145aeffffff,,14.0,16.0,True,,500.0,1500.0,4.5,78.0,,+918037311778,https://www.practo.com/bangalore/hospital/brains-super-speciality-hospital-jayanagar-1?referrer=hospital_listing,https://images1-fabric.practo.com/practices/1411746/brains-super-speciality-hospital-bangalore-63c506c35d9ce.JPG,VN,practo,,1.0,canonical,207,Q4,Q4-Sub-Q1,Upper-Mid Premium,0.33175
hosp_66c89d72671533d3,Milann Fertility Hospital,milann fertility hospital,Bangalore,Hospital,Indiranagar,,12.978609961672873,77.63781832913264,8761892ecffffff,,4.0,5.0,True,5.0,800.0,800.0,4.5,601.0,2012.0,+918047091251,https://www.practo.com/bangalore/hospital/milann-ivf-indiranagar?referrer=hospital_listing,https://images1-fabric.practo.com/practices/750014/milann-fertility-hospital-bangalore-69cd161d6075b.png,ABS,practo,,1.0,canonical,208,Q4,Q4-Sub-Q1,Upper-Mid Premium,0.331073
hosp_0fd939570fe36689,Partha Dental  Skin Hair,partha dental skin hair,Bangalore,Hospital,Whitefield,,12.97509,77.75091,87618921dffffff,,2.0,1.0,True,26.0,0.0,0.0,5.0,41.0,,+918047111402,https://www.practo.com/bangalore/hospital/partha-dental-skin-and-hair-whitefield?referrer=hospital_listing,https://images1-fabric.practo.com/practices/1427913/partha-dental-skin-and-hair-bangalore-64994c55753e0.PNG,ABS,practo,,1.0,canonical,209,Q4,Q4-Sub-Q1,Upper-Mid Premium,0.330227
hosp_8f04a0e228b361d7,Jaya Dental Clinic,jaya dental clinic,Bangalore,Hospital,Horamavu,,13.022793492794,77.657890319824,8761892c5ffffff,,4.0,1.0,True,,0.0,500.0,5.0,38.0,,+911142246093,https://www.practo.com/bangalore/hospital/jaya-dental-clinic-horamavu?referrer=hospital_listing,,VN,practo,,1.0,canonical,210,Q4,Q4-Sub-Q1,Upper-Mid Premium,0.330035
hosp_25dbbb86440c4ad7,Trilife Hospital,trilife hospital,Bangalore,Hospital,Kalyan Nagar,,13.01707,77.64314,8761892eaffffff,,46.0,28.0,True,,1000.0,1800.0,4.0,1341.0,,+918045684062,https://www.practo.com/bangalore/hospital/specialist-hospital-kalyan-nagar-5?referrer=hospital_listing,https://images1-fabric.practo.com/practices/776696/trilife-hospital-bangalore-66a09c1daee38.png,ABS,practo,,1.0,canonical,211,Q4,Q4-Sub-Q1,Upper-Mid Premium,0.329845
hosp_8c454cf93abaf61b,Axon Speciality Hospital,axon speciality hospital,Bangalore,Hospital,Indiranagar,,12.97378,77.64606,8761892ecffffff,,10.0,10.0,True,,0.0,500.0,4.5,342.0,,+911142246093,https://www.practo.com/bangalore/hospital/axon-speciality-hospital-indiranagar-1?referrer=hospital_listing,https://images1-fabric.practo.com/536b84fbd09ecb1d6ed0d546890d7bd47e98d32127097.png,VN,practo,,1.0,canonical,212,Q4,Q4-Sub-Q1,Upper-Mid Premium,0.329254
hosp_a1032a675fcfdb61,Vydehi Super Speciality Hospital(Mallya Hospital),vydehi super speciality hospital mallya hospital,Bangalore,Hospital,Ashoknagar,,12.96808116074698,77.59505833999813,8760145b4ffffff,,35.0,27.0,True,,0.0,1000.0,4.0,316.0,1991.0,+918045680117,https://www.practo.com/bangalore/hospital/mallya-hospital-sampangiramnagar-2?referrer=hospital_listing,https://images1-fabric.practo.com/practices/636836/vydehi-super-speciality-hospital-mallya-hospital-bangalore-62d8e98b33ee4.jpg,ABS,practo,,1.0,canonical,213,Q4,Q4-Sub-Q1,Upper-Mid Premium,0.329235
hosp_e30396f99690040b,The Eye Foundation Super Specialty Eye Hospital,eye foundation super specialty eye hospital,Bangalore,Hospital,Bellandur,,12.92331,77.67238,876189254ffffff,,4.0,1.0,True,,500.0,500.0,4.5,878.0,2013.0,+918037298727,https://www.practo.com/bangalore/hospital/the-eye-foundation-super-specialty-eye-hospital-bellandur?referrer=hospital_listing,https://images1-fabric.practo.com/practices/1152151/the-eye-foundation-bangalore-5978356bc68be.jpg,VN,practo,,1.0,canonical,214,Q4,Q4-Sub-Q1,Upper-Mid Premium,0.329181
hosp_32b1e45bf563bfea,SS Sparsh Hospital,ss sparsh hospital,Bangalore,Hospital,Rajarajeshwarinagar,,12.9266001,77.5184661,8760145a1ffffff,,47.0,30.0,True,3.0,0.0,1650.0,4.0,188.0,2019.0,+918071910148,https://www.practo.com/bangalore/hospital/ssnmc-rajarajeshwarinagar?referrer=hospital_listing,https://images1-fabric.practo.com/practices/1168814/ss-sparsh-hospital-bangalore-5f8576b1ee087.PNG,VN,practo,,1.0,canonical,215,Q4,Q4-Sub-Q1,Upper-Mid Premium,0.329146
hosp_ee97b4538ee93c41,"Sakra World Hospital, Bangalore",sakra world hospital bangalore,Bangalore,Hospital,Devarabisanahalli,,12.9319239,77.6853132,876189254ffffff,,43.0,33.0,False,,0.0,800.0,,,,+918047111993,https://www.practo.com/bangalore/hospital/sakra-world-hospital-bangalore-devarabisanahalli?referrer=hospital_listing,,VN,practo,,1.0,canonical,216,Q4,Q4-Sub-Q1,Upper-Mid Premium,0.329092
hosp_321414fa4a6ddaea,Patients First - A Unit of Shraddha Health Care,patients first unit shraddha health care,Bangalore,Hospital,Koramangala,,12.92659,77.63357,876189251ffffff,,3.0,2.0,True,,450.0,550.0,4.5,1294.0,,+918047091257,https://www.practo.com/bangalore/hospital/shraddha-healthcare-nursing-koramangala-1-block-1?referrer=hospital_listing,https://images1-fabric.practo.com/52fcb65c725c08ed0b00b18219f5d2e9a11c6746ae8c6.JPG,VN,practo,,1.0,canonical,217,Q4,Q4-Sub-Q1,Upper-Mid Premium,0.328446
hosp_62c3781b806187b6,Cloudnine Hospital,cloudnine hospital,Bangalore,Hospital,Nagarbhavi,,12.97565130173431,77.50930037301083,876014585ffffff,,17.0,4.0,True,14.0,1000.0,1250.0,5.0,18.0,,+918037321711,https://www.practo.com/bangalore/hospital/cloudnine-hospital-1-nagarbhavi?referrer=hospital_listing,https://images1-fabric.practo.com/practices/1611588/cloudnine-hospital-bangalore-67bf053d4a734.jpeg,ABS,practo,,1.0,canonical,218,Q4,Q4-Sub-Q1,Upper-Mid Premium,0.328293
hosp_625f35009e65125a,Q Medical Centre and Hospital,q medical centre hospital,Bangalore,Hospital,Sivanchetti Gardens,,12.979091245064,77.615522865555,8761892e9ffffff,,16.0,12.0,True,,500.0,1000.0,4.5,94.0,,+918047096299,https://www.practo.com/bangalore/hospital/q-medical-centre-dickenson-road-1?referrer=hospital_listing,https://images1-fabric.practo.com/practices/1437096/q-medical-centre-bangalore-66d6fa03765a1.png,ABS,practo,,1.0,canonical,219,Q4,Q4-Sub-Q1,Upper-Mid Premium,0.328225
hosp_6c2967f00b7db7ad,Cloudnine Fertility & Ivf Centre,cloudnine fertility ivf centre,Bangalore,Hospital,Thanisandra Main Road,,13.064255262090093,77.63336805384357,8761892ddffffff,,4.0,2.0,True,11.0,1000.0,1000.0,5.0,34.0,,+918068960986,https://www.practo.com/bangalore/hospital/cloudnine-fertility-ivf-centre-thanisandra-main-road?referrer=hospital_listing,https://images1-fabric.practo.com/practices/1459114/cloudnine-fertility-ivf-centre-bangalore-6635bffb23622.jpeg,ABS,practo,,1.0,canonical,220,Q4,Q4-Sub-Q1,Upper-Mid Premium,0.328143
hosp_d59bf9d3339dc95d,Aaxis Hospitals,aaxis hospitals,Bangalore,Hospital,Belathur,,13.005052,77.7570342,87618921affffff,,9.0,12.0,True,,650.0,1000.0,4.5,235.0,,+918046802119,https://www.practo.com/bangalore/hospital/aaxis-hospitals-belathur-3?referrer=hospital_listing,https://images1-fabric.practo.com/practices/1159397/aaxis-hospitals-bangalore-59cb5b5b9749a.jpg,ABS,practo,,1.0,canonical,221,Q4,Q4-Sub-Q1,Upper-Mid Premium,0.328076
hosp_21041d0944011043,Apollo Clinic,apollo clinic,Bangalore,Hospital,Bellandur,,12.926312,77.67652,876189254ffffff,,41.0,29.0,True,7.0,500.0,2000.0,4.0,1457.0,,+918045683711,https://www.practo.com/bangalore/hospital/apollo-clinic-17-bellandur?referrer=hospital_listing,https://images1-fabric.practo.com/practices/879669/apollo-clinic-bangalore-5b584af818c5d.png,ABS,practo,,1.0,canonical,222,Q4,Q4-Sub-Q1,Upper-Mid Premium,0.327901
hosp_4e18795468201612,Udaya Ravi Eye Hospital,udaya ravi eye hospital,Bangalore,Hospital,Rajarajeshwarinagar,,12.908648336324,77.523649089966,876014512ffffff,,3.0,1.0,False,,0.0,450.0,5.0,162.0,,+918071966512,https://www.practo.com/bangalore/hospital/udaya-ravi-eye-hospital-rajarajeshwarinagar-2?referrer=hospital_listing,https://images1-fabric.practo.com/practices/1144052/udaya-ravi-eye-hospital-bangalore-58f343f607ecb.jpg,VN,practo,,1.0,canonical,223,Q4,Q4-Sub-Q1,Upper-Mid Premium,0.327263
hosp_3d9bee694e4fbc13,Qua Nutrition,qua nutrition,Bangalore,Hospital,Indiranagar,,12.97517,77.63634,8761892edffffff,,10.0,1.0,True,,1000.0,1000.0,5.0,28.0,,+918068960982,https://www.practo.com/bangalore/hospital/qua-nutrition-indiranagar-1?referrer=hospital_listing,https://images1-fabric.practo.com/practices/654636/qua-nutrition-bangalore-5fd339a1379a7.jpeg,VN,practo,,1.0,canonical,224,Q4,Q4-Sub-Q1,Upper-Mid Premium,0.327142
hosp_20fe54f3cfd1c553,Wellspring - The Fertility Centre,wellspring fertility centre,Bangalore,Hospital,Victoria Layout,,12.965531148812,77.609685659409,87618925affffff,,3.0,4.0,True,,400.0,500.0,5.0,21.0,2012.0,+918046801982,https://www.practo.com/bangalore/hospital/wellspring-mother-child-hospital-sadashivanagar?referrer=hospital_listing,https://images1-fabric.practo.com/556fea98805da5e26ab81a5c0582b8df6c6fcd1da0476.jpg,VN,practo,,1.0,canonical,225,Q4,Q4-Sub-Q1,Upper-Mid Premium,0.327128
hosp_43ed4ce14f8c505e,Bharathy Hospital,bharathy hospital,Bangalore,Hospital,Vijayanagar,,12.976101239362638,77.53235757350922,876014584ffffff,,3.0,3.0,True,,300.0,350.0,5.0,31.0,,+918046801985,https://www.practo.com/bangalore/hospital/bharathy-hospital-vijayanagar?referrer=hospital_listing,https://images2-fabric.practo.com/practo-resources/core/practice/photos/cb564d73e1637a0384653752eb794436dddc73bb.png,VN,practo,,1.0,canonical,226,Q4,Q4-Sub-Q1,Upper-Mid Premium,0.325736
hosp_59cf458f9423a4b3,Happy Smiles Dental Clinic,happy smiles dental clinic,Bangalore,Hospital,Kadugodi,,13.00695,77.75725,87618921affffff,,1.0,1.0,False,,200.0,500.0,5.0,118.0,2014.0,+918047091254,https://www.practo.com/bangalore/hospital/happy-smiles-dental-clinic-kadugodi?referrer=hospital_listing,https://images1-fabric.practo.com/happy-smiles-dental-clinic-whitefield-bangalore-1442728594-55fe4a92a131b.JPG,ABS,practo,,1.0,canonical,227,Q4,Q4-Sub-Q1,Upper-Mid Premium,0.325355
hosp_84e8a6d57d04a908,Dental Health Care Centre,dental health care centre,Bangalore,Hospital,HSR Layout,,12.9065135987,77.64441304165,876189242ffffff,,1.0,1.0,True,,300.0,300.0,4.5,1344.0,,+914471967258,https://www.practo.com/bangalore/hospital/dental-health-care-centre-hsr-layout?referrer=hospital_listing,https://images1-fabric.practo.com/db8e1af0cb3aca1ae2d0018624204529,ABS,practo,,1.0,canonical,228,Q4,Q4-Sub-Q1,Upper-Mid Premium,0.325178
hosp_7c0297a62d64d3c9,Birthright By Rainbow,birthright rainbow,Bangalore,Hospital,Bannerghatta Road,,12.903348,77.601071,87618924effffff,,6.0,3.0,True,1.0,500.0,850.0,4.5,145.0,1999.0,+913340589371,https://www.practo.com/bangalore/hospital/rainbow-children-s-hospital-4-bannerghatta-road?referrer=hospital_listing,https://images1-fabric.practo.com/practices/1124793/birthright-by-rainbow-bangalore-6663e1e955e27.png,VN,practo,,1.0,canonical,229,Q4,Q4-Sub-Q1,Upper-Mid Premium,0.325107
hosp_c0c566acd646ea46,St Martha's Hospital,st martha s hospital,Bangalore,Hospital,Sampangiramnagar,,12.971114219964361,77.5865113735199,8760145b4ffffff,,14.0,17.0,True,,0.0,700.0,4.5,28.0,,+918071966535,https://www.practo.com/bangalore/hospital/st-martha-s-hospital-sampangiramnagar?referrer=hospital_listing,https://images1-fabric.practo.com/practices/637721/st-martha-s-hospital-bangalore-66614677a6a85.png,VN,practo,,1.0,canonical,230,Q4,Q4-Sub-Q1,Upper-Mid Premium,0.324688
hosp_051b197a033bb5a8,Eesha Multispeciality Hospital,eesha multispeciality hospital,Bangalore,Hospital,Hebbal,,13.055547654841,77.607821987697,8761892c8ffffff,,4.0,8.0,True,,0.0,800.0,5.0,21.0,,+918037298749,https://www.practo.com/bangalore/hospital/eesha-multispeciality-hospital-hebbal-2?referrer=hospital_listing,https://images1-fabric.practo.com/practices/1367932/eesha-multispeciality-hospital-bangalore-635cfa03ef129.png,VN,practo,,1.0,canonical,231,Q4,Q4-Sub-Q1,Upper-Mid Premium,0.324381
hosp_da1812dc3ab4de2e,Sakhii Hospital,sakhii hospital,Bangalore,Hospital,BTM Layout 2nd Stage,,12.9052,77.6028,876189243ffffff,,3.0,5.0,True,,300.0,400.0,4.5,856.0,,+918045686415,https://www.practo.com/bangalore/hospital/sakhii-hospital-btm-layout-2nd-stage-2?referrer=hospital_listing,https://images1-fabric.practo.com/53ae5b11eb802de98d0441a0d9e1f5c29bc7911ac42ed.png,VN,practo,,1.0,canonical,232,Q4,Q4-Sub-Q1,Upper-Mid Premium,0.324303
hosp_8573cdb9053d905a,Rashmi Hospital,rashmi hospital,Bangalore,Hospital,Indiranagar,,12.9768,77.63629,8761892edffffff,,3.0,3.0,True,,0.0,500.0,4.5,66.0,1987.0,+918045686414,https://www.practo.com/bangalore/hospital/rashmi-hospital-indiranagar-3?referrer=hospital_listing,https://images1-fabric.practo.com/rashmi-hospital-bangalore-1458134451-56e95db35af55.jpg,VN,practo,,1.0,canonical,233,Q4,Q4-Sub-Q1,Upper-Mid Premium,0.324219
hosp_401484748eb498b3,Kauvery Hospitals,kauvery hospitals,Bangalore,Hospital,Electronics City,,12.854521,77.662519,876189262ffffff,,43.0,29.0,True,,800.0,2000.0,4.0,1133.0,,+918045682702,https://www.practo.com/bangalore/hospital/kauvery-hospitals-bengaluru-pvt-ltd-begur?referrer=hospital_listing,https://images1-fabric.practo.com/practices/1312752/kauvery-hospitals-bangalore-5fb79b4d16e11.png,ABS,practo,,1.0,canonical,234,Q4,Q4-Sub-Q1,Upper-Mid Premium,0.324121
hosp_f841bcb567a2cabb,GIA Hospital,gia hospital,Bangalore,Hospital,Vijayanagar,,12.964363,77.542762,8760145a2ffffff,,17.0,14.0,True,,0.0,1500.0,,6.0,2010.0,+918046801971,https://www.practo.com/bangalore/hospital/gia-hospital-vijayanagar-1?referrer=hospital_listing,https://images1-fabric.practo.com/gia-hospital-bangalore-1472549370-57c551faa71aa.jpg,VN,practo,,1.0,canonical,235,Q4,Q4-Sub-Q1,Upper-Mid Premium,0.324113
hosp_7b858c4dbf71d0a3,Srujana Hospital,srujana hospital,Bangalore,Hospital,Electronics City,,12.84144,77.64754,876189263ffffff,,7.0,6.0,True,,0.0,500.0,4.5,550.0,,+918046801971,https://www.practo.com/bangalore/hospital/srujana-hospital-electronics-city-1?referrer=hospital_listing,https://images1-fabric.practo.com/srujana-hospital-bangalore-1465284804-575678c44307d.jpg,VN,practo,,1.0,canonical,236,Q4,Q4-Sub-Q1,Upper-Mid Premium,0.323716
hosp_eb21fa91024acd9e,GVG Invivo Hospitals,gvg invivo hospitals,Bangalore,Hospital,JP Nagar 7 Phase,,12.8919,77.57964,876189248ffffff,,8.0,10.0,False,,0.0,600.0,5.0,45.0,2008.0,+918061914928,https://www.practo.com/bangalore/hospital/drgvg-invivo-hospitals-jp-nagar-7th-phase?referrer=hospital_listing,https://images1-fabric.practo.com/practices/919551/gvg-invivo-hospital-bangalore-5ce2b343e8a74.jpg,VN,practo,,1.0,canonical,237,Q4,Q4-Sub-Q1,Upper-Mid Premium,0.323171
hosp_613c79f3634809eb,Mathru Multispecialty Hospital,mathru multispecialty hospital,Bangalore,Hospital,Kanakpura Road,,12.8825528,77.5462327,876189249ffffff,,13.0,15.0,True,,150.0,700.0,,8.0,2008.0,+918045686414,https://www.practo.com/bangalore/hospital/mathru-multispecialty-hospital-kanakpura-road?referrer=hospital_listing,https://images1-fabric.practo.com/mathru-multispeciality-center-bangalore-1457108625-56d9b69154972.png,VN,practo,,1.0,canonical,238,Q4,Q4-Sub-Q1,Upper-Mid Premium,0.322838
hosp_1a91e90e65cfe2cb,Vasan Dental Care,vasan dental care,Bangalore,Hospital,HRBR Layout,,13.02399,77.6331583,8761892eaffffff,,6.0,1.0,True,4.0,100.0,200.0,,2.0,1947.0,+918061933498,https://www.practo.com/bangalore/hospital/vasan-dental-care-hrbr-layout?referrer=hospital_listing,https://images1-fabric.practo.com/practices/628591/vasan-dental-care-bangalore-59730f4474899.jpeg,VN,practo,,1.0,canonical,239,Q4,Q4-Sub-Q1,Upper-Mid Premium,0.322198
hosp_a6128f666e5c6ba9,Narayana Multispeciality Hospital,narayana multispeciality hospital,Bangalore,Hospital,HSR Layout,,12.908174,77.643524,876189242ffffff,,4.0,4.0,True,3.0,0.0,1000.0,4.5,363.0,2013.0,+918046808354,https://www.practo.com/bangalore/hospital/narayana-multispeciality-hospital-hsr-layout-bangalore-hsr-layout?referrer=hospital_listing,https://images1-fabric.practo.com/5542240558b1e073fccd79cb02067d8ddebbc667bff82.PNG,VN,practo,,1.0,canonical,240,Q4,Q4-Sub-Q1,Upper-Mid Premium,0.32184
hosp_e8633cd960ecd5ea,Trupti Nursing Home,trupti nursing home,Bangalore,Hospital,Basaveshwaranagar,,12.994706,77.539639,876014586ffffff,,8.0,12.0,True,,0.0,750.0,,8.0,1995.0,+918045685302,https://www.practo.com/bangalore/hospital/trupti-nursing-home-basaveshwaranagar-1?referrer=hospital_listing,https://images1-fabric.practo.com/practices/1186192/trupti-nursing-home-bangalore-666d51e8b066d.png,VN,practo,,1.0,canonical,241,Q4,Q4-Sub-Q1,Upper-Mid Premium,0.321767
hosp_d4d00c7f343dd8df,Cure n Care Hospital,cure n care hospital,Bangalore,Hospital,Horamavu,,13.024387,77.656413,8761892c5ffffff,,1.0,2.0,True,,400.0,400.0,5.0,31.0,,+918071173062,https://www.practo.com/bangalore/hospital/care-and-cure-hospital-horamavu?referrer=hospital_listing,https://images1-fabric.practo.com/practices/1147729/cure-n-care-hospital-bangalore-59402eaa17288.JPG,VN,practo,,1.0,canonical,242,Q4,Q4-Sub-Q1,Upper-Mid Premium,0.321359
hosp_f5209b63dbe6d106,Cloudnine Fertility - IVF Centre,cloudnine fertility ivf centre,Bangalore,Hospital,Jayanagar,,12.9339,77.5842,876189259ffffff,,4.0,1.0,True,11.0,850.0,1000.0,4.5,428.0,2009.0,+918046801991,https://www.practo.com/bangalore/hospital/cloudnine-fertility-jp-nagar?referrer=hospital_listing,https://images1-fabric.practo.com/practices/761090/cloudnine-fertility-ivf-centre-jayanagar-bangalore-64817abe7505d.JPG,ABS,practo,,1.0,canonical,243,Q4,Q4-Sub-Q1,Upper-Mid Premium,0.321311
hosp_6f5cba282e9b4c2c,Sai Jyoti Eye and Dental Hospital,sai jyoti eye dental hospital,Bangalore,Hospital,Ulsoor,,12.98758,77.62059,8761892e9ffffff,,2.0,2.0,False,,0.0,300.0,5.0,129.0,,+918061915025,https://www.practo.com/bangalore/hospital/sai-jyoti-eye-dental-hospital-ulsoor-1?referrer=hospital_listing,,VN,practo,,1.0,canonical,244,Q4,Q4-Sub-Q1,Upper-Mid Premium,0.321261
hosp_0c8c43fc53ad73ca,Nelivigi Multispeciality and Urology Hospital,nelivigi multispeciality urology hospital,Bangalore,Hospital,Bellandur,,12.924010020232,77.673770468903,876189254ffffff,,8.0,9.0,True,,800.0,1000.0,4.5,237.0,,+918046810538,https://www.practo.com/bangalore/hospital/nelivigi-multispeciality-hospital-bellandur?referrer=hospital_listing,https://images1-fabric.practo.com/practices/1271617/nelivigi-multispeciality-hospital-bangalore-5dd6665a2422a.png,ABS,practo,,1.0,canonical,245,Q4,Q4-Sub-Q1,Upper-Mid Premium,0.321161
hosp_744829b52bb12c9f,Parkmed,parkmed,Bangalore,Hospital,Bellandur,,12.927234664372,77.681170141732,876189254ffffff,,11.0,9.0,True,,300.0,500.0,4.5,60.0,2017.0,+918046801981,https://www.practo.com/bangalore/hospital/parkmed-bellandur-5?referrer=hospital_listing,https://images1-fabric.practo.com/practices/1159101/parkmed-healthcare-delivered-bangalore-59ca50f945e05.png,VN,practo,,1.0,canonical,246,Q4,Q4-Sub-Q1,Upper-Mid Premium,0.319702
hosp_98e460ce043f3dc9,Vasan Dental Care,vasan dental care,Bangalore,Hospital,JP Nagar 1 Phase,,12.910329,77.573136,87618924affffff,,4.0,1.0,True,4.0,100.0,100.0,,,1947.0,+918046801993,https://www.practo.com/bangalore/hospital/vasan-dental-care-jp-nagar-1-phase?referrer=hospital_listing,https://images1-fabric.practo.com/practices/793003/vasan-dental-care-bangalore-666d8876d3973.png,VN,practo,,1.0,canonical,247,Q4,Q4-Sub-Q1,Upper-Mid Premium,0.319701
hosp_55ba2efdb1919f0e,Sapthagiri Hospital,sapthagiri hospital,Bangalore,Hospital,Jalahalli,,13.133999,77.478801,87601694dffffff,,10.0,11.0,True,,0.0,750.0,,5.0,1999.0,+918046801975,https://www.practo.com/bangalore/hospital/sapthagiri-hospital-jalahalli?referrer=hospital_listing,https://images1-fabric.practo.com/52a0256b225d74770024a02e7555cf0640c6c7f6df02c.png,VN,practo,,1.0,canonical,248,Q4,Q4-Sub-Q1,Upper-Mid Premium,0.3189
hosp_9c5af33bb75f2cbe,Udbhava Hospital,udbhava hospital,Bangalore,Hospital,Banashankari 3rd Stage,,12.924355,77.553016,8760145a4ffffff,,14.0,20.0,True,,0.0,1200.0,,,,+918047283129,https://www.practo.com/bangalore/hospital/udbhava-hospital-padmanabhanagar?referrer=hospital_listing,,ABS,practo,,1.0,canonical,249,Q4,Q4-Sub-Q1,Upper-Mid Premium,0.318509
hosp_b42b9eb054138cb3,Even Hospitals,even hospitals,Bangalore,Hospital,Madhava Nagar,,12.98435909051279,77.57924455767272,8760145b0ffffff,,50.0,23.0,True,,300.0,1400.0,4.0,127.0,,+918047107351,https://www.practo.com/bangalore/hospital/even-hospitals-madhava-nagar?referrer=hospital_listing,https://images1-fabric.practo.com/practices/2081015/even-hospitals-bangalore-688c92bd07401.png,ABS,practo,,1.0,canonical,250,Q4,Q4-Sub-Q1,Upper-Mid Premium,0.317632
hosp_9846966fc7a2ccd4,Kaade Hospital,kaade hospital,Bangalore,Hospital,Rajajinagar,,12.9963263,77.5464697,876014586ffffff,,7.0,8.0,True,,300.0,500.0,5.0,14.0,,+918047110615,https://www.practo.com/bangalore/hospital/kaade-hospital-rajajinagar-1?referrer=hospital_listing,https://images1-fabric.practo.com/54dba5d4458a1bc6a42eb543e1d827a4b3c2ccd7ccfd1.jpg,VN,practo,,1.0,canonical,251,Q4,Q4-Sub-Q1,Upper-Mid Premium,0.317295
hosp_6a393387bc031a16,Dr. Parthasarathi's Hair and Skin Hospitals,dr parthasarathi s hair skin hospitals,Bangalore,Hospital,Indiranagar,,12.978668751369,77.645484978269,8761892ecffffff,,1.0,3.0,True,,900.0,900.0,4.5,806.0,,+918046800439,https://www.practo.com/bangalore/hospital/dr-parthasarathi-s-hair-and-skin-hospitals-indiranagar?referrer=hospital_listing,https://images1-fabric.practo.com/dr-parthasarathi-s-hair-and-skin-hospital-bangalore-1441629202-55ed8412c9152.jpg,ABS,practo,,1.0,canonical,252,Q4,Q4-Sub-Q1,Upper-Mid Premium,0.316834
hosp_dd50cd29896c628b,Campbell Hospital,campbell hospital,Bangalore,Hospital,HSR Layout,,12.98887745786912,77.69074073599035,8761892e0ffffff,,14.0,16.0,True,,800.0,1500.0,,8.0,2019.0,+918071910148,https://www.practo.com/bangalore/hospital/campbell-hospital-hsr-layout-1?referrer=hospital_listing,https://images1-fabric.practo.com/practices/1392218/campbell-hospital-bangalore-62b93e4606e0f.JPG,VN,practo,,1.0,canonical,253,Q4,Q4-Sub-Q1,Upper-Mid Premium,0.316821
hosp_55568ccf24f23faf,Surgecare Super Speciality Hospital,surgecare super speciality hospital,Bangalore,Hospital,Ramamurthy Nagar,,13.012852151883,77.664444194397,8761892c5ffffff,,4.0,6.0,True,,600.0,2000.0,5.0,18.0,,+918045685302,https://www.practo.com/bangalore/hospital/surgecare-super-speciality-hospital-ramamurthy-nagar?referrer=hospital_listing,https://images1-fabric.practo.com/practices/1466771/surgecare-super-speciality-hospital-bangalore-667d23c3461af.png,VN,practo,,1.0,canonical,254,Q4,Q4-Sub-Q1,Upper-Mid Premium,0.316188
hosp_91765ebe84df438c,Gleneagles Hospitals,gleneagles hospitals,Bangalore,Hospital,Richmond Town,,12.965387429144227,77.59976586559787,87618925affffff,,12.0,12.0,True,1.0,600.0,1000.0,4.5,42.0,,+918037311725,https://www.practo.com/bangalore/hospital/gleneagles-global-hospitals-richmond-town-1?referrer=hospital_listing,https://images1-fabric.practo.com/practices/1153190/gleneagles-global-hospitals-bangalore-65fc0b1e7e2ed.png,VN,practo,,1.0,canonical,255,Q4,Q4-Sub-Q1,Upper-Mid Premium,0.316002
hosp_da33925a0d723121,Artyem Hospital Private Limited,artyem hospital,Bangalore,Hospital,Rajarajeshwarinagar,,12.914704171541,77.518576046527,876014512ffffff,,3.0,5.0,True,,0.0,500.0,5.0,20.0,,+918071172857,https://www.practo.com/bangalore/hospital/artyem-hospital-rajarajeshwarinagar?referrer=hospital_listing,,VN,practo,,1.0,canonical,256,Q4,Q4-Sub-Q1,Upper-Mid Premium,0.315977
hosp_dbe9510c83be8690,Natus Women and Children Hospital,natus women children hospital,Bangalore,Hospital,Sarjapur Road,,12.9053769,77.7006602,876189272ffffff,,10.0,7.0,True,,0.0,800.0,4.5,155.0,,+918047193422,https://www.practo.com/bangalore/hospital/natus-women-and-children-hospital-sarjapur-road?referrer=hospital_listing,https://images1-fabric.practo.com/practices/1427689/natus-women-and-children-hospital-bangalore-64a2e12236730.jpg,VN,practo,,1.0,canonical,257,Q4,Q4-Sub-Q1,Upper-Mid Premium,0.315816
hosp_9f83b2c22e9b80a3,Re Life Hospital,re life hospital,Bangalore,Hospital,Banashankari 3rd Stage,,12.927014873687,77.545994058219,8760145a5ffffff,,11.0,14.0,True,,350.0,750.0,4.5,16.0,2021.0,+918037298760,https://www.practo.com/bangalore/hospital/re-life-hospital-banashankari?referrer=hospital_listing,https://images1-fabric.practo.com/practices/1387139/re-life-hospital-bangalore-6299fc446c7c4.jpg,VN,practo,,1.0,canonical,258,Q4,Q4-Sub-Q1,Upper-Mid Premium,0.315463
hosp_004528a233052f11,Acura Speciality Hospital,acura speciality hospital,Bangalore,Hospital,Koramangala 5 Block,,12.93543,77.6203769,87618925cffffff,,7.0,5.0,True,,0.0,700.0,4.5,36.0,2002.0,+918061933498,https://www.practo.com/bangalore/hospital/acura-speciality-hospital-koramangala-5-block?referrer=hospital_listing,https://images1-fabric.practo.com/53aeb7810892f7215ee9c7d9dc229d2921a40e899ec5f.jpg,VN,practo,,1.0,canonical,259,Q4,Q4-Sub-Q1,Upper-Mid Premium,0.315079
hosp_0f97466aa944de54,Deepa Hospital,deepa hospital,Bangalore,Hospital,KR Puram,,13.0121,77.69984,8761892e2ffffff,,2.0,4.0,True,,0.0,400.0,4.5,152.0,2008.0,+918061933497,https://www.practo.com/bangalore/hospital/deepa-hospital-kr-puram?referrer=hospital_listing,https://images1-fabric.practo.com/practices/635925/deepa-hospital-bangalore-665704779184c.png,VN,practo,,1.0,canonical,260,Q4,Q4-Sub-Q1,Upper-Mid Premium,0.315052
hosp_eb74e5b7e643cda2,Oyster Mother and Child Hospital,oyster mother child hospital,Bangalore,Hospital,HRBR Layout,,13.0172688,77.6431192,8761892eaffffff,,3.0,3.0,True,,700.0,900.0,5.0,22.0,,+918037298749,https://www.practo.com/bangalore/hospital/oyster-mother-amp-child-hospital-hrbr-layout?referrer=hospital_listing,https://images1-fabric.practo.com/practices/1366508/oyster-mother-and-child-hospital-bangalore-66b72b62a4d07.png,VN,practo,,1.0,canonical,261,Q3,,Premium,0.314908
hosp_113ec95e4376d05b,L V HOSPITAL,l v hospital,Bangalore,Hospital,Doddaballapura,,13.289659,77.542786,87601680cffffff,,2.0,2.0,False,,0.0,0.0,5.0,105.0,,+918045685827,https://www.practo.com/bangalore/hospital/l-v-hospital-doddaballapura?referrer=hospital_listing,,VN,practo,,1.0,canonical,262,Q3,,Premium,0.314787
hosp_e8b408bf40a0b160,Sri Sai Krupa Hospitals,sri sai krupa hospitals,Bangalore,Hospital,Mathikere - BEL,,13.029545,77.55943,876014594ffffff,,24.0,18.0,True,1.0,0.0,550.0,4.0,10.0,,+918046808354,https://www.practo.com/bangalore/hospital/sri-sai-krupa-hospital-mathikere-bel?referrer=hospital_listing,https://images1-fabric.practo.com/sri-sai-krupa-hospital-bangalore-1474290250-57dfe24aa51ed.png,VN,practo,,1.0,canonical,263,Q3,,Premium,0.314713
hosp_41001bb447cfded4,Blue Bliss Hospital,blue bliss hospital,Bangalore,Hospital,Malleswaram,,12.993238,77.576277,8760145b0ffffff,,10.0,8.0,True,1.0,0.0,1000.0,4.5,63.0,2020.0,+918037298766,https://www.practo.com/bangalore/hospital/blue-bliss-hospitals-seshadripuram?referrer=hospital_listing,https://images1-fabric.practo.com/practices/1293738/blue-bliss-hospital-bangalore-5f71a57953842.png,VN,practo,,1.0,canonical,264,Q3,,Premium,0.314498
hosp_731d43eab5955f89,Sun Orthopaedic Hospital,sun orthopaedic hospital,Bangalore,Hospital,Mathikere - BEL,,13.03374,77.55567,876014594ffffff,,1.0,1.0,True,1.0,600.0,600.0,4.5,317.0,2009.0,+918071966498,https://www.practo.com/bangalore/hospital/sun-orthopaedic-hospital-mathikere-bel-2?referrer=hospital_listing,https://images1-fabric.practo.com/551ebbf5878c859054b33f45c9beb1f544c18deba4fa9.jpg,VN,practo,,1.0,canonical,265,Q3,,Premium,0.314262
hosp_5a363b290d0a77ae,Ovum Woman & Child Speciality Hospital,ovum woman child speciality hospital,Bangalore,Hospital,Bhattarahalli,,13.020232532766489,77.70916586707853,8761892f5ffffff,,9.0,4.0,True,5.0,700.0,1000.0,4.5,264.0,,+918047091867,https://www.practo.com/bangalore/hospital/ovum-woman-child-speciality-hospital-bhattarahalli-clinic-kr-puram?referrer=hospital_listing,https://images1-fabric.practo.com/practices/1406446/ovum-woman-child-speciality-hospital-bhattarahalli-clinic-bangalore-63772ea749e4b.jpg,ABS,practo,,1.0,canonical,266,Q3,,Premium,0.313822
hosp_18421322e25058f7,First Eat Right Clinic,first eat right clinic,Bangalore,Hospital,Hebbal Kempapura,,13.046337357565,77.602810822427,8761892c8ffffff,,1.0,1.0,False,21.0,1000.0,1000.0,5.0,111.0,,+918037311753,https://www.practo.com/bangalore/hospital/first-eat-right-manyata-tech-park-hebbal-kempapura?referrer=hospital_listing,https://images1-fabric.practo.com/practices/806394/first-eat-right-clinic-bangalore-64bb61cd5f970.PNG,ABS,practo,,1.0,canonical,267,Q3,,Premium,0.313422
hosp_11783832a5a632b4,"Vasundhara Agrawal, Diet and Lifestyle Consultant",vasundhara agrawal diet lifestyle consultant,Bangalore,Hospital,Sarjapur Road,,12.909118385125,77.680946588516,876189273ffffff,,1.0,1.0,False,1.0,1500.0,1500.0,5.0,111.0,,+918071966535,https://www.practo.com/bangalore/hospital/vasundhara-agrawal-diet-and-lifestyle-consultant-sarjapur-road?referrer=hospital_listing,https://images1-fabric.practo.com/vasundhara-agrawal-diet-and-lifestyle-consultant-bangalore-1473167332-57cebfe4ac06e.png,VN,practo,,1.0,canonical,268,Q3,,Premium,0.313422
hosp_010179e1185a4423,Bangalore Gastro Centre Hospitals,bangalore gastro centre hospitals,Bangalore,Hospital,HSR Layout,,12.915636162718,77.652104463016,876189255ffffff,,8.0,2.0,True,,900.0,900.0,4.5,405.0,,+918046808373,https://www.practo.com/bangalore/hospital/bangalore-gastro-centre-hsr-layout-1?referrer=hospital_listing,https://images1-fabric.practo.com/practices/1411195/bangalore-gastro-centre-bangalore-63ce225f56707.jpg,ABS,practo,,1.0,canonical,269,Q3,,Premium,0.313318
hosp_40aa0883fc651bb4,North Bangalore Hospital,north bangalore hospital,Bangalore,Hospital,HBR Layout,,13.026913,77.639373,8761892eaffffff,,5.0,9.0,True,,300.0,700.0,4.5,150.0,,+918045685609,https://www.practo.com/bangalore/hospital/north-bangalore-hospital-kalyan-nagar?referrer=hospital_listing,https://images1-fabric.practo.com/practices/1150205/north-bangalore-hospital-bangalore-59799c764bf86.png,VN,practo,,1.0,canonical,270,Q3,,Premium,0.313228
hosp_925a6cadc356f9a1,Seventh Day Adventist Hospital,seventh day adventist hospital,Bangalore,Hospital,Frazer Town,,12.995381,77.611152,8761892e9ffffff,,2.0,2.0,True,,200.0,300.0,5.0,23.0,,+918071966535,https://www.practo.com/bangalore/hospital/seventh-day-adventist-hospital-frazer-town?referrer=hospital_listing,https://images1-fabric.practo.com/practices/1146359/seventh-day-adventist-medical-centre-bangalore-5919a28ebdaf5.jpg,VN,practo,,1.0,canonical,271,Q3,,Premium,0.313091
hosp_98295c47cfe965f7,Kottakkal Arya Vaidya Sala,kottakkal arya vaidya sala,Bangalore,Hospital,Sarjapur Road,,12.862244,77.771903,876189352ffffff,,3.0,2.0,True,,200.0,250.0,5.0,22.0,,+911142246093,https://www.practo.com/bangalore/hospital/kottakkal-arya-vaidya-sala-somapura-sarjapur-road?referrer=hospital_listing,https://images1-fabric.practo.com/practices/1267642/kottakkal-arya-vaidya-sala-somapura-bangalore-5d8b10674768f.png,VN,practo,,1.0,canonical,272,Q3,,Premium,0.312985
hosp_4e0e9e1b2ef86e20,Perfect Smile,perfect smile,Bangalore,Hospital,Bannerghatta Road,,12.889728837032,77.597505786281,87618924effffff,,1.0,1.0,True,,500.0,500.0,4.5,788.0,,+918071965703,https://www.practo.com/bangalore/hospital/perfect-smile-arakere?referrer=hospital_listing,https://images1-fabric.practo.com/practices/740273/perfect-smile-bangalore-5f9a62ac2b143.jpeg,ABS,practo,,1.0,canonical,273,Q3,,Premium,0.312564
hosp_da92d370c3cf8ed0,Partha Dental  Skin Hair,partha dental skin hair,Bangalore,Hospital,JP Nagar,,12.9043604,77.578899,87618924affffff,,2.0,1.0,True,26.0,0.0,0.0,5.0,24.0,,+918068960988,https://www.practo.com/bangalore/hospital/partha-dental-skin-and-hair-jp-nagar?referrer=hospital_listing,https://images1-fabric.practo.com/practices/1428094/partha-dental-skin-and-hair-bangalore-649ab88bd8a8f.PNG,VN,practo,,1.0,canonical,274,Q3,,Premium,0.312465
hosp_1fd00c78b127c39d,Narayana Institute of Cardiac Sciences,narayana institute cardiac sciences,Bangalore,Hospital,Hosur Road,,12.80897663425773,77.69503355026245,87618934affffff,,2.0,2.0,True,3.0,0.0,900.0,4.5,87.0,2001.0,+918046808354,https://www.practo.com/bangalore/hospital/narayana-hrudayalaya-hosur-road-1-663109?referrer=hospital_listing,https://images1-fabric.practo.com/5355bf19b0291fd456406745d816a45cae554c788e754.jpg,VN,practo,,1.0,canonical,275,Q3,,Premium,0.31194
hosp_19928c39325b969a,"Manipal Fertility - IVF Centre, Whitefield",manipal fertility ivf centre whitefield,Bangalore,Hospital,Whitefield,,12.9880632,77.7285554,876189219ffffff,,1.0,2.0,True,3.0,500.0,500.0,5.0,23.0,,+918047103966,https://www.practo.com/bangalore/hospital/manipal-ankur-kalyan-nagar?referrer=hospital_listing,https://images1-fabric.practo.com/practices/1131147/manipal-fertility-whitefield-bangalore-5cb581341b086.png,VN,practo,,1.0,canonical,276,Q3,,Premium,0.311864
hosp_92a01b01038f0062,Karthik Netralaya Eye Hospital,karthik netralaya eye hospital,Bangalore,Hospital,Basavanagudi,,12.93774,77.56508,8760145a6ffffff,,5.0,2.0,True,,400.0,500.0,4.5,478.0,,+918071966535,https://www.practo.com/bangalore/hospital/karthik-netralaya-basavanagudi?referrer=hospital_listing,https://images1-fabric.practo.com/538dbaa61f8073c06e31265e7ba7468d915b54d1997a6.jpg,VN,practo,,1.0,canonical,277,Q3,,Premium,0.311674
hosp_ad4cee738aed4125,First Eat Right Clinic,first eat right clinic,Bangalore,Hospital,Banashankari 3rd Stage,,12.9309031,77.5301487,8760145a1ffffff,,1.0,1.0,False,21.0,1000.0,1000.0,5.0,105.0,,+918046801986,https://www.practo.com/bangalore/hospital/first-eat-right-banashankari-banashankari-3rd-stage?referrer=hospital_listing,https://images1-fabric.practo.com/practices/807492/first-eat-right-clinic-bangalore-64bb640643ef8.PNG,VN,practo,,1.0,canonical,278,Q3,,Premium,0.311637
hosp_9ccfcd85e385fcf2,Cadabams Hospitals,cadabams hospitals,Bangalore,Hospital,JP Nagar 5 Phase,,12.90615,77.587,87618924affffff,,6.0,3.0,True,,750.0,1500.0,4.5,366.0,,+918047283310,https://www.practo.com/bangalore/hospital/cadabams-hospitals-jp-nagar-5-phase?referrer=hospital_listing,https://images1-fabric.practo.com/cadabams-hospital-bangalore-1467891384-577e3eb873388.jpg,ABS,practo,,1.0,canonical,279,Q3,,Premium,0.311629
hosp_ad5355e50514a0a2,Health  Cottage  Hospital,health cottage hospital,Bangalore,Hospital,Ulsoor,,12.97088,77.63209,8761892edffffff,,3.0,7.0,True,,0.0,500.0,4.5,57.0,2010.0,+918045684275,https://www.practo.com/bangalore/hospital/health-cottage-hospital-ulsoor-3?referrer=hospital_listing,https://images1-fabric.practo.com/practices/1129907/health-cottage-hospital-bangalore-5992ddafa346b.png,VN,practo,,1.0,canonical,280,Q3,,Premium,0.311406
hosp_f62c01c417fa521e,Partha Dental  Skin Hair,partha dental skin hair,Bangalore,Hospital,Basaveshwaranagar,,12.9930858,77.5371606,876014586ffffff,,4.0,1.0,True,26.0,0.0,0.0,5.0,21.0,,+918037322052,https://www.practo.com/bangalore/hospital/partha-dental-skin-and-hair-basaveshwaranagar?referrer=hospital_listing,https://images1-fabric.practo.com/practices/1428057/partha-dental-skin-and-hair-bangalore-649a88d818876.PNG,VN,practo,,1.0,canonical,281,Q3,,Premium,0.310919
hosp_c1b65dac66b6f3e7,Bangalore Orthopaedic And Surgical Hospital,bangalore orthopaedic surgical hospital,Bangalore,Hospital,Kalyan Nagar,,13.022,77.6365,8761892eaffffff,,6.0,3.0,True,,500.0,800.0,4.5,343.0,,+918045687740,https://www.practo.com/bangalore/hospital/bangalore-orthopaedic-and-surgical-hospital-kalyan-nagar-1?referrer=hospital_listing,https://images1-fabric.practo.com/practices/1152114/bangalore-orthopaedic-and-surgical-hospital-bangalore-65113d1d8c08b.png,ABS,practo,,1.0,canonical,282,Q3,,Premium,0.310916
hosp_6fc3d542f14c41c8,Milann Fertility Hospital,milann fertility hospital,Bangalore,Hospital,Whitefield,,12.976919,77.710484,8761892e4ffffff,,3.0,5.0,True,5.0,0.0,800.0,4.5,323.0,,+918045680998,https://www.practo.com/bangalore/hospital/milann-ivf-whitefield?referrer=hospital_listing,https://images1-fabric.practo.com/practices/1186057/milann-fertility-hospital-bangalore-69cd16f316d4d.png,ABS,practo,,1.0,canonical,283,Q3,,Premium,0.310439
hosp_64aae1670d2cdb03,Shanti Hospital and Research Centre,shanti hospital research centre,Bangalore,Hospital,Jayanagar 7 Block,,12.9199107,77.5773756,87618924affffff,,5.0,5.0,True,,300.0,600.0,4.5,57.0,2010.0,+918047111991,https://www.practo.com/bangalore/hospital/shanti-hospital-and-research-centre-jayanagar-7-block?referrer=hospital_listing,https://images1-fabric.practo.com/practices/1173613/shanti-hospital-and-research-centre-bangalore-5a59f67d54897.jpg,VN,practo,,1.0,canonical,284,Q3,,Premium,0.310014
hosp_5d1e091a873add40,Mathru Nursing Home,mathru nursing home,Bangalore,Hospital,Hulimavu,,12.8806091,77.5953519,87618924cffffff,,10.0,9.0,True,,150.0,450.0,,3.0,2005.0,+918061914940,https://www.practo.com/bangalore/hospital/mathru-nursing-home-hulimavu?referrer=hospital_listing,,VN,practo,,1.0,canonical,285,Q3,,Premium,0.310012
hosp_a85f8442ec68d7fc,Sri Sai Krupa Hospital,sri sai krupa hospital,Bangalore,Hospital,Sahakaranagar,,13.059537919853,77.581822872162,8761892cbffffff,,12.0,10.0,True,1.0,0.0,500.0,4.5,32.0,,+918071966536,https://www.practo.com/bangalore/hospital/sri-sai-krupa-hospital-sahakaranagar?referrer=hospital_listing,https://images1-fabric.practo.com/sri-sai-krupa-hospital-bangalore-1474354990-57e0df2e371bd.png,VN,practo,,1.0,canonical,286,Q3,,Premium,0.309847
hosp_4b58e13c9ad9ae95,Cloudnine Fertility - IVF Centre,cloudnine fertility ivf centre,Bangalore,Hospital,Electronics City,,12.84137423701752,77.64752827116399,876189263ffffff,,2.0,1.0,True,11.0,1000.0,1000.0,5.0,22.0,,+917317116904,https://www.practo.com/bangalore/hospital/cloudnine-fertility-ivf-centre-electronic-city-electronics-city?referrer=hospital_listing,https://images1-fabric.practo.com/practices/1268747/cloudnine-fertility-ivf-centre-electronic-city-bangalore-64817850d2fc6.JPG,ABS,practo,,1.0,canonical,287,Q3,,Premium,0.309835
hosp_506472834868c684,First Eat Right Clinic,first eat right clinic,Bangalore,Hospital,St.Marks road,,12.97137559662978,77.59599566459656,8760145b4ffffff,,1.0,1.0,False,21.0,2000.0,2000.0,5.0,99.0,,+918071966822,https://www.practo.com/bangalore/hospital/first-eat-right-ub-city-st-marks-road?referrer=hospital_listing,https://images1-fabric.practo.com/practices/806324/first-eat-right-clinic-bangalore-64bb617dab6d8.PNG,VN,practo,,1.0,canonical,288,Q3,,Premium,0.309719
hosp_3f19f8d16170bd48,First Eat Right Clinic- Leela Palace,first eat right clinic leela palace,Bangalore,Hospital,Old Airport Road,,12.959049138181374,77.66024723503506,876189252ffffff,,1.0,1.0,False,21.0,2000.0,2000.0,5.0,99.0,,+918071966501,https://www.practo.com/bangalore/hospital/first-eat-right-clinic-leela-palace-old-airport-road?referrer=hospital_listing,https://images1-fabric.practo.com/practices/827292/first-eat-right-clinic-leela-palace-bangalore-64bb65e4c13de.PNG,VN,practo,,1.0,canonical,289,Q3,,Premium,0.309719
hosp_c319be0645e6ddd1,Kauvery Hospital,kauvery hospital,Bangalore,Hospital,Marathahalli,,12.956102314138018,77.7112604,87618920bffffff,,43.0,25.0,True,,650.0,1850.0,4.0,734.0,,+918047488298,https://www.practo.com/bangalore/hospital/sri-kauvery-medical-care-marathahalli?referrer=hospital_listing,https://images1-fabric.practo.com/practices/2076082/kauvery-hospital-bangalore-686cd06a8b59b.png,ABS,practo,,1.0,canonical,290,Q3,,Premium,0.309522
hosp_238cc84815c2033a,Fortis Hospital,fortis hospital,Bangalore,Hospital,Cunningham Road,,12.98832,77.59442,8760145b4ffffff,,45.0,25.0,True,3.0,200.0,1500.0,4.0,550.0,,+918071966442,https://www.practo.com/bangalore/hospital/fortis-hospital-34-cunningham-road-1?referrer=hospital_listing,https://images1-fabric.practo.com/practices/1154556/fortis-hospital-bangalore-5b912af3c2547.png,VN,practo,,1.0,canonical,291,Q3,,Premium,0.30951
hosp_5eef64200dab1138,Shreya Hospital,shreya hospital,Bangalore,Hospital,Kengeri,,12.921437,77.483148,8760145adffffff,,6.0,6.0,True,,0.0,700.0,4.5,19.0,2004.0,+918071966535,https://www.practo.com/bangalore/hospital/shreya-hospital-kengeri?referrer=hospital_listing,https://images1-fabric.practo.com/practices/684768/shreya-hospital-bangalore-6654aaade8c6b.png,VN,practo,,1.0,canonical,292,Q3,,Premium,0.309216
hosp_a47f5644e4469805,Srushti Hospital,srushti hospital,Bangalore,Hospital,Kodichikkanahalli,,12.898043,77.620563,876189243ffffff,,2.0,2.0,True,,300.0,300.0,4.5,507.0,,+918071966502,https://www.practo.com/bangalore/hospital/srushti-hospital-kodichikkanahalli-1?referrer=hospital_listing,https://images1-fabric.practo.com/srushti-clinic-bangalore-1439442723-55cc272333313.jpg,VN,practo,,1.0,canonical,293,Q3,,Premium,0.308768
hosp_65136112a23845c7,Sri Vinayaka Hospital,sri vinayaka hospital,Bangalore,Hospital,Chandra Layout,,12.957658,77.52764,8760145a3ffffff,,9.0,7.0,True,,0.0,500.0,,9.0,2001.0,+918046801993,https://www.practo.com/bangalore/hospital/sri-vinayaka-hospital-chandra-layout?referrer=hospital_listing,,VN,practo,,1.0,canonical,294,Q3,,Premium,0.3084
hosp_5d2582f2b8c64962,NRR Hospitals,nrr hospitals,Bangalore,Hospital,Jalahalli,,13.0726428,77.5032003,87601696dffffff,,10.0,9.0,True,,0.0,500.0,,2.0,2007.0,+918046801992,https://www.practo.com/bangalore/hospital/nrr-hospitals-jalahalli-1?referrer=hospital_listing,https://images1-fabric.practo.com/practices/665385/nrr-hospitals-bangalore-5948c45acbe9b.JPG,VN,practo,,1.0,canonical,295,Q3,,Premium,0.308324
hosp_58d1f4e386cabb31,Vijayashree Hospitals,vijayashree hospitals,Bangalore,Hospital,Jigani,,12.778922,77.6417183,876014c94ffffff,,16.0,17.0,True,,250.0,1300.0,4.0,16.0,2013.0,+918045685335,https://www.practo.com/bangalore/hospital/medax-hospital-vijayashree-jigani?referrer=hospital_listing,https://images1-fabric.practo.com/practices/1444484/medax-hospital-vijayashree-bangalore-6598f79ee2f5b.png,VN,practo,,1.0,canonical,296,Q3,,Premium,0.308284
hosp_9d8324cf0c4935a9,"Fortis Hospital, Bannerghata Road, Bengaluru",fortis hospital bannerghata road bengaluru,Bangalore,Hospital,Bannerghatta Road,,12.894642587683656,77.59866613894701,87618924effffff,,12.0,11.0,True,,0.0,950.0,4.5,20.0,,+918046808740,https://www.practo.com/bangalore/hospital/bgs-global-hospitals-uttarahalli?referrer=hospital_listing,https://images1-fabric.practo.com/practices/789979/fortis-hospital-bannerghata-road-bengaluru-bangalore-66614985cfd32.png,VN,practo,,1.0,canonical,297,Q3,,Premium,0.308209
hosp_e6e9de0603bb8844,First Eat Right Clinic,first eat right clinic,Bangalore,Hospital,MG Road,,12.975087479487721,77.60814800843946,8761892e9ffffff,,1.0,1.0,False,21.0,2000.0,2000.0,5.0,94.0,,+918071966501,https://www.practo.com/bangalore/hospital/first-eat-right-clinic-oberoi-hotel-mg-road?referrer=hospital_listing,https://images1-fabric.practo.com/practices/827268/first-eat-right-clinic-bangalore-64bb64a6c17f7.PNG,VN,practo,,1.0,canonical,298,Q3,,Premium,0.308006
hosp_d09835debc498f89,Ovum Woman and Child Speciality Hospital,ovum woman child speciality hospital,Bangalore,Hospital,HSR Layout,,12.90732,77.64562,876189242ffffff,,12.0,5.0,True,5.0,600.0,850.0,4.0,3905.0,2013.0,+918046810694,https://www.practo.com/bangalore/hospital/queens-hospital-hsr-layout-hsr-layout?referrer=hospital_listing,https://images1-fabric.practo.com/practices/687635/ovum-woman-and-child-speciality-hospital-bangalore-64b776e35b577.jpg,ABS,practo,,1.0,canonical,299,Q3,,Premium,0.307689
hosp_b3a76fe4b50fa1f1,MGA Hospital,mga hospital,Bangalore,Hospital,Marathahalli,,12.956915826981,77.699904441833,87618920bffffff,,3.0,4.0,True,,500.0,800.0,4.5,21.0,1998.0,+918047111992,https://www.practo.com/bangalore/hospital/mga-hospital-marathahalli?referrer=hospital_listing,https://images1-fabric.practo.com/practices/1159880/mga-hospital-bangalore-59ef5c3460b84.jpeg,VN,practo,,1.0,canonical,300,Q3,,Premium,0.307377
hosp_1f7b10d259dae10f,Vidya Eye Hospital,vidya eye hospital,Bangalore,Hospital,Vijayanagar,,12.97069,77.53769,876014584ffffff,,1.0,1.0,True,,400.0,400.0,5.0,21.0,,+918046801977,https://www.practo.com/bangalore/hospital/vidya-eye-hospital-vijayanagar-1?referrer=hospital_listing,https://images1-fabric.practo.com/55a9e82cdce2ce5e633f8bd2b3ce37d24fe84a60c03bb.jpeg,VN,practo,,1.0,canonical,301,Q3,,Premium,0.307238
hosp_3bd5df755db55ead,Sri Sai Hospitals,sri sai hospitals,Bangalore,Hospital,Attibele,,12.787706806249997,77.741779088974,876189340ffffff,,16.0,8.0,True,,400.0,1200.0,4.5,19.0,,+918047096382,https://www.practo.com/bangalore/hospital/sri-sai-hospitals-attibele?referrer=hospital_listing,https://images1-fabric.practo.com/practices/1474986/sri-sai-hospitals-bangalore-66d944e242989.png,ABS,practo,,1.0,canonical,302,Q3,,Premium,0.306999
hosp_ef9e56e7bb27b92c,Keva Ayurveda,keva ayurveda,Bangalore,Hospital,Domlur,,12.9642794,77.6388718,876189253ffffff,,3.0,2.0,True,3.0,500.0,500.0,4.5,389.0,,+918046801969,https://www.practo.com/bangalore/hospital/keva-ayurveda-indiranagar?referrer=hospital_listing,https://images1-fabric.practo.com/keva-ayurveda-indiranagar-bangalore-1467117925-57727165429b3.JPG,ABS,practo,,1.0,canonical,303,Q3,,Premium,0.306715
hosp_c899ce49d5eb4de0,First Eat Right Clinic,first eat right clinic,Bangalore,Hospital,Seshadripuram,,13.01131144956611,77.55432873673271,8760145b3ffffff,,1.0,1.0,False,21.0,1000.0,1000.0,5.0,88.0,,+918071966501,https://www.practo.com/bangalore/hospital/first-eat-right-clinic-the-lalit-ashok-seshadripuram?referrer=hospital_listing,https://images1-fabric.practo.com/practices/827241/first-eat-right-clinic-bangalore-64bb6481ad70d.PNG,VN,practo,,1.0,canonical,304,Q3,,Premium,0.305797
hosp_f74d7d726ccf7890,Prakriya hospitals,prakriya hospitals,Bangalore,Hospital,Mariyannapalya,,13.0604113718,77.6073714859,8761892caffffff,,13.0,14.0,True,,0.0,0.0,,,,+918047111993,https://www.practo.com/bangalore/hospital/prakriya-hospitals-1-mariyannapalya?referrer=hospital_listing,,VN,practo,,1.0,canonical,305,Q3,,Premium,0.305744
hosp_2c44aeb6b29b40f3,Republic Hospital,republic hospital,Bangalore,Hospital,Richmond Town,,12.9640845,77.5982315,87618925affffff,,13.0,6.0,True,,300.0,500.0,4.0,38.0,1970.0,+918071966502,https://www.practo.com/bangalore/hospital/republic-hospital-richmond-town-1?referrer=hospital_listing,https://images1-fabric.practo.com/practices/987018/republic-hospital-bangalore-5edf411cc9a7d.png,active,practo,,1.0,canonical,306,Q3,,Premium,0.305622
hosp_8594eb9623fb5e25,White Dental Studio,white dental studio,Bangalore,Hospital,Sanjay Nagar,,13.038651880962,77.573927130693,8761892c9ffffff,,7.0,1.0,True,,300.0,500.0,5.0,15.0,,+918045685335,https://www.practo.com/bangalore/hospital/white-dental-studio-nagawara?referrer=hospital_listing,https://images1-fabric.practo.com/practices/1259976/white-dental-studio-bangalore-5d1335e5acfd4.jpeg,VN,practo,,1.0,canonical,307,Q3,,Premium,0.305512
hosp_ad783f06997e15c2,Mamatha Nursing Home,mamatha nursing home,Bangalore,Hospital,Rajajinagar,,13.008046,77.55605,8760145b3ffffff,,1.0,3.0,True,,300.0,300.0,4.5,21.0,1995.0,+918046801974,https://www.practo.com/bangalore/hospital/mamatha-nursing-home-rajajinagar-1?referrer=hospital_listing,https://images1-fabric.practo.com/practices/643523/mamatha-nursing-home-bangalore-666d1af0d651e.png,VN,practo,,1.0,canonical,308,Q3,,Premium,0.3055
hosp_a03b4f1d4828ed36,First Eat Right Clinic- Vijayanagar,first eat right clinic vijayanagar,Bangalore,Hospital,Chandra Layout,,12.957637267066255,77.52740621566772,8760145a3ffffff,,1.0,1.0,False,21.0,1000.0,1000.0,5.0,86.0,,+918046801982,https://www.practo.com/bangalore/hospital/first-eat-right-clinic-vijayanagar-chandra-layout?referrer=hospital_listing,https://images1-fabric.practo.com/practices/835077/first-eat-right-clinic-vijayanagar-bangalore-64bb6638b5f24.PNG,VN,practo,,1.0,canonical,309,Q3,,Premium,0.30502
hosp_f401e6f75e68b23c,Sagar Hospital,sagar hospital,Bangalore,Hospital,Deepanjalinagar,,12.9496062,77.5270683,8760145a3ffffff,,37.0,24.0,False,,0.0,500.0,,3.0,,+918047193422,https://www.practo.com/bangalore/hospital/sagar-hospital-1-deepanjalinagar?referrer=hospital_listing,,active,practo,,1.0,canonical,310,Q3,,Premium,0.304487
hosp_26b2d8ee60d78e9f,Apollo AyurVAID Hospitals,apollo ayurvaid hospitals,Bangalore,Hospital,Ramamurthy Nagar,,13.01906744208,77.654423118729,8761892c5ffffff,,1.0,1.0,True,3.0,1000.0,1000.0,4.5,101.0,2008.0,+918071910149,https://www.practo.com/bangalore/hospital/ayurvaid-hospital-ramamurthy-nagar-1?referrer=hospital_listing,https://images1-fabric.practo.com/practices/639710/apollo-ayurvaid-hospitals-bangalore-699d9edc47704.jpg,VN,practo,,1.0,canonical,311,Q3,,Premium,0.304325
hosp_ad5200b3ac093a8f,Rajalakshmi Multispeciality Hospital.,rajalakshmi multispeciality hospital,Bangalore,Hospital,JP Nagar 1 Phase,,12.916647795354002,77.58009552955627,87618924affffff,,2.0,3.0,True,,0.0,350.0,5.0,15.0,,+918046801486,https://www.practo.com/bangalore/hospital/rajalakshmi-multispeciality-hospital-jp-nagar-1-phase-1?referrer=hospital_listing,https://images1-fabric.practo.com/535a369d46865addd62f6adf1d7cc50414e299c1b54f9.png,VN,practo,,1.0,canonical,312,Q3,,Premium,0.303223
hosp_6ac6955ce78edf21,SPARSH HOSPITAL,sparsh hospital,Bangalore,Hospital,Marathahalli,,12.9622536,77.6979885,87618920bffffff,,14.0,12.0,True,,0.0,500.0,,2.0,,+918071175657,https://www.practo.com/bangalore/hospital/sparsh-hospital-6-marathahalli?referrer=hospital_listing,,VN,practo,,1.0,canonical,313,Q3,,Premium,0.303167
hosp_455ff6054d41e53e,First Eat Right Clinic,first eat right clinic,Bangalore,Hospital,West Of Chord Road,,12.99665464899649,77.5504732131958,8760145b1ffffff,,1.0,1.0,False,21.0,2000.0,2000.0,5.0,81.0,,+918047091253,https://www.practo.com/bangalore/hospital/first-eat-right-rajajinagar-west-of-chord-road?referrer=hospital_listing,https://images1-fabric.practo.com/practices/807293/first-eat-right-clinic-bangalore-64bb632e3fc9e.PNG,VN,practo,,1.0,canonical,314,Q3,,Premium,0.302979
hosp_c29cf53858e155a3,Aasra Hospital,aasra hospital,Bangalore,Hospital,Bannerghatta Road,,12.923275373094798,77.60006860121379,87618925dffffff,,11.0,10.0,True,,350.0,850.0,4.5,13.0,,+918047091252,https://www.practo.com/bangalore/hospital/aasra-hospital-banerghatta-road?referrer=hospital_listing,https://images1-fabric.practo.com/practices/1464455/aasra-hospital-bangalore-665d70da18bbf.jpg,VN,practo,,1.0,canonical,315,Q3,,Premium,0.3024
hosp_2cc89bce39528dc4,Oxor Meridian Hospital,oxor meridian hospital,Bangalore,Hospital,Frazer Town,,12.999525,77.616408,8761892ebffffff,,13.0,9.0,True,,500.0,500.0,4.5,11.0,,+911142246093,https://www.practo.com/bangalore/hospital/oxor-meridian-hospital-frazer-town-1?referrer=hospital_listing,https://images1-fabric.practo.com/practices/1317505/oxor-meridian-hospital-bangalore-5febf37f9663a.png,VN,practo,,1.0,canonical,316,Q3,,Premium,0.302065
hosp_175ed5ce35e47961,StepMed Hospitals,stepmed hospitals,Bangalore,Hospital,Kalyan Nagar,,13.024257547176209,77.63744216412306,8761892eaffffff,,2.0,3.0,True,,350.0,500.0,5.0,14.0,,+918071910400,https://www.practo.com/bangalore/hospital/stepmed-hospitals-kalyan-nagar?referrer=hospital_listing,https://images1-fabric.practo.com/practices/1237538/stepmed-hospitals-bangalore-5c825aaabe163.jpg,VN,practo,,1.0,canonical,317,Q3,,Premium,0.301545
hosp_91f20455bfadeeb0,Janisthaa Fertility and IVF center,janisthaa fertility ivf center,Bangalore,Hospital,Basaveshwaranagar,,12.985527426010535,77.54327818751335,8760145b1ffffff,,2.0,4.0,True,,700.0,800.0,4.5,175.0,,+918068960984,https://www.practo.com/bangalore/hospital/dr-shwetha-pramodh-s-blossom-fertility-centre-n-care-clinic-basaveshwaranagar?referrer=hospital_listing,https://images1-fabric.practo.com/practices/1195879/janisthaa-fertility-and-multispeciality-hospital-bangalore-63c7d1d3de9a8.JPG,VN,practo,,1.0,canonical,318,Q3,,Premium,0.301343
hosp_03e619290d310fac,Apollo Dental,apollo dental,Bangalore,Hospital,Koramangala 5 Block,,12.933997383232743,77.61634597969277,87618925cffffff,,2.0,1.0,True,12.0,500.0,650.0,5.0,16.0,,+918037322364,https://www.practo.com/bangalore/hospital/apollo-white-dental-23-koramangala-6-block?referrer=hospital_listing,https://images1-fabric.practo.com/practices/1159460/apollo-dental-bangalore-6013b45304b40.PNG,RFA,practo,,1.0,canonical,319,Q3,,Premium,0.301005
hosp_3815a323c3ff23d1,South City Hospital,south city hospital,Bangalore,Hospital,Wilson Garden,,12.9503239,77.5799738,87618925bffffff,,4.0,5.0,True,,0.0,500.0,,6.0,1998.0,+918071966535,https://www.practo.com/bangalore/hospital/south-city-hospital-wilson-garden?referrer=hospital_listing,https://images1-fabric.practo.com/practices/667148/south-city-hospital-bangalore-666191533cd56.png,VN,practo,,1.0,canonical,320,Q3,,Premium,0.300855
hosp_75abf5425b056bcd,AyurHealing Ayurveda and Siddha Hospital,ayurhealing ayurveda siddha hospital,Bangalore,Hospital,Koramangala 6 Block,,12.9389,77.62149,87618925effffff,,1.0,2.0,True,,200.0,200.0,4.5,115.0,2016.0,+918046808354,https://www.practo.com/bangalore/hospital/ayurhealing-ayurveda-and-siddha-hospital-koramangala-6-block?referrer=hospital_listing,https://images1-fabric.practo.com/ayurhealing-ayurveda-and-siddha-hospital-bangalore-1460272162-5709fc22b9631.jpg,VN,practo,,1.0,canonical,321,Q3,,Premium,0.300768
hosp_99e012e5a7d36b69,Annayya Health Care,annayya health care,Bangalore,Hospital,HSR Layout,,12.91837,77.63816,876189242ffffff,,4.0,5.0,True,,0.0,800.0,4.5,96.0,,+918045686415,https://www.practo.com/bangalore/hospital/annayya-health-care-hsr-layout-2?referrer=hospital_listing,,VN,practo,,1.0,canonical,322,Q3,,Premium,0.300233
hosp_4ae8b850c07df695,BGS Global Hospital,bgs global hospital,Bangalore,Hospital,Uttarahalli,,12.903058090910994,77.4975398182869,876014513ffffff,,30.0,26.0,False,,0.0,123.0,,8.0,,+918071966527,https://www.practo.com/bangalore/hospital/bgs-global-hospital-uttarahalli-2?referrer=hospital_listing,,VN,practo,,1.0,canonical,323,Q3,,Premium,0.29985
hosp_85bbc0d94e582e05,Partha Dental  Skin Hair,partha dental skin hair,Bangalore,Hospital,Banaswadi,,13.0144592,77.6456498,8761892eaffffff,,1.0,1.0,True,26.0,0.0,0.0,5.0,16.0,,+918046801985,https://www.practo.com/bangalore/hospital/partha-dental-skin-and-hair-banaswadi?referrer=hospital_listing,https://images1-fabric.practo.com/practices/1428044/partha-dental-skin-and-hair-bangalore-649a7665beff7.PNG,VN,practo,,1.0,canonical,324,Q3,,Premium,0.299778
hosp_3d8b34cc2faa178a,Sagar Hospital,sagar hospital,Bangalore,Hospital,Kumaraswamy Layout,,12.90812490433622,77.56498396396637,87618924bffffff,,8.0,14.0,True,,0.0,800.0,,5.0,,+918071172760,https://www.practo.com/bangalore/hospital/sagar-hospital-1-kumaraswamy-layout-5?referrer=hospital_listing,https://images1-fabric.practo.com/practices/1285319/sagar-hospital-bangalore-6654a125e5c8e.png,VN,practo,,1.0,canonical,325,Q3,,Premium,0.299716
hosp_5041f00236736772,Mathru Hospital,mathru hospital,Bangalore,Hospital,Kudlu Main Road,,12.889139,77.650551,876189246ffffff,,11.0,12.0,True,,100.0,600.0,,7.0,,+918046801991,https://www.practo.com/bangalore/hospital/mathru-hospital-kudlu-main-road?referrer=hospital_listing,https://images1-fabric.practo.com/practices/1158563/mathru-hospital-bangalore-59dc936f785a8.jpg,VN,practo,,1.0,canonical,326,Q3,,Premium,0.299593
hosp_f278d877a5adf2bb,City Hospital,city hospital,Bangalore,Hospital,Frazer Town,,12.915478,77.5679232,87618924affffff,,10.0,3.0,True,,0.0,300.0,,,2004.0,+918071966535,https://www.practo.com/bangalore/hospital/city-hospital-frazer-town?referrer=hospital_listing,https://images1-fabric.practo.com/practices/686906/city-hospital-bangalore-665577fdb7c55.png,VN,practo,,1.0,canonical,327,Q3,,Premium,0.299242
hosp_d11c87007a42328a,"Mallige Hospital, Bangalore",mallige hospital bangalore,Bangalore,Hospital,Crescent Road,,12.9852672,77.5802778,8760145b0ffffff,,13.0,10.0,True,,0.0,500.0,,,,+918071966822,https://www.practo.com/bangalore/hospital/mallige-hospital-bangalore-crescent-road?referrer=hospital_listing,https://images1-fabric.practo.com/practices/1588426/mallige-hospital-bangalore-bangalore-67d7d482c086f.png,VN,practo,,1.0,canonical,328,Q3,,Premium,0.298052
hosp_4ac4ad21e7c91faa,Aryan Hospital,aryan hospital,Bangalore,Hospital,Nagarbhavi,,12.9465975,77.4963343,8760145aeffffff,,7.0,8.0,True,,0.0,750.0,,4.0,2013.0,+918071966535,https://www.practo.com/bangalore/hospital/aryan-multispeciality-hospital-jnanabharathi?referrer=hospital_listing,,VN,practo,,1.0,canonical,329,Q3,,Premium,0.297762
hosp_1f41b40f461e796c,Tara Day Care Hospital,tara day care hospital,Bangalore,Hospital,JP Nagar 8 Phase,,12.875097266175,77.569624185562,87618924dffffff,,9.0,8.0,True,,350.0,350.0,,6.0,2016.0,+918046801992,https://www.practo.com/bangalore/hospital/tara-day-care-hospital-jp-nagar-8-phase?referrer=hospital_listing,https://images1-fabric.practo.com/tara-day-care-center-bangalore-1467378408-57766ae825cab.jpg,VN,practo,,1.0,canonical,330,Q3,,Premium,0.297759
hosp_859a959a93e97ab4,HOSMAT Hospital,hosmat hospital,Bangalore,Hospital,Magrath Road,,12.969066696769,77.613425597553,87618925affffff,,26.0,15.0,True,2.0,0.0,750.0,4.0,568.0,1990.0,+918045680928,https://www.practo.com/bangalore/hospital/hosmat-hospital-magrath-road-3?referrer=hospital_listing,https://images1-fabric.practo.com/practices/1053532/hosmat-hospital-bangalore-6243e8efb8b95.jpg,ABS,practo,,1.0,canonical,331,Q3,,Premium,0.297169
hosp_50fb242530619846,M.G Speciality Health Care,m g speciality health care,Bangalore,Hospital,Wilson Garden,,12.9446746,77.5966369,876189258ffffff,,12.0,10.0,True,,300.0,700.0,,8.0,,+918046801970,https://www.practo.com/bangalore/hospital/mg-speciality-health-care-wilson-garden?referrer=hospital_listing,https://images1-fabric.practo.com/practices/674033/mg-speciality-health-care-bangalore-5926c8729324a.jpg,VN,practo,,1.0,canonical,332,Q3,,Premium,0.296995
hosp_bde1625ec4a4409b,Gayathri Hospital,gayathri hospital,Bangalore,Hospital,Vijayanagar,,12.974502,77.542349,876014584ffffff,,2.0,3.0,True,,0.0,500.0,,3.0,1995.0,+918071966535,https://www.practo.com/bangalore/hospital/gayathri-hospital-vijayanagar?referrer=hospital_listing,https://images1-fabric.practo.com/practices/630520/gayathri-hospital-bangalore-666977742b4fd.png,VN,practo,,1.0,canonical,333,Q3,,Premium,0.29699
hosp_16e409a127957df1,Little Flower Hospital,little flower hospital,Bangalore,Hospital,Ramamurthy Nagar,,13.0113308,77.6771937,8761892e3ffffff,,1.0,1.0,True,,300.0,300.0,4.5,19.0,2000.0,+918046801974,https://www.practo.com/bangalore/hospital/little-flower-hospital-ramamurthy-nagar?referrer=hospital_listing,https://images1-fabric.practo.com/practices/661596/little-flower-hospital-bangalore-664c412ae0a9a.png,VN,practo,,1.0,canonical,334,Q3,,Premium,0.296799
hosp_d45e340a5ed78063,Medall Clumax Diagnostics,medall clumax diagnostics,Bangalore,Hospital,Jayanagar 3 Block,,12.9337789,77.5838818,876189259ffffff,,2.0,2.0,True,6.0,300.0,800.0,5.0,12.0,,+918046801981,https://www.practo.com/bangalore/hospital/clumax-diagnostics-jayanagar-1?referrer=hospital_listing,https://images1-fabric.practo.com/clumax-diagnostics-and-research-centre-p-ltd-bangalore-1474202466-57de8b6206c87.jpg,VN,practo,,1.0,canonical,335,Q3,,Premium,0.296105
hosp_840be455fe82b02d,Sri Srinivasa Oncology Hospital,sri srinivasa oncology hospital,Bangalore,Hospital,Rajajinagar,,12.983245,77.5612249,8760145b1ffffff,,1.0,1.0,True,,300.0,300.0,,,1990.0,+918071966536,https://www.practo.com/bangalore/hospital/sri-srinivasa-hospital-oncology-center-rajajinagar?referrer=hospital_listing,https://images1-fabric.practo.com/52b937bf77a34db277d705e5a877b9e6b4440be741652.jpg,VN,practo,,1.0,canonical,336,Q3,,Premium,0.29602
hosp_b88a43440b3c971b,Sri Krishna Hospital,sri krishna hospital,Bangalore,Hospital,Bannerghatta Road,,12.8810831,77.5981065,876189241ffffff,,2.0,2.0,True,,200.0,200.0,,4.0,1994.0,+918046801974,https://www.practo.com/bangalore/hospital/sri-krishna-hospital-bannerghatta-road?referrer=hospital_listing,https://images1-fabric.practo.com/practices/666995/sri-krishna-hospital-bangalore-6666a7c3048e4.png,VN,practo,,1.0,canonical,337,Q3,,Premium,0.295922
hosp_eafa460aa9394971,"Neighbourhood Laparoscopy, General surgery & Surgical Gastro centre",neighbourhood laparoscopy general surgery surgical gastro centre,Bangalore,Hospital,JP Nagar 7 Phase,,12.88947,77.58212,876189248ffffff,,1.0,2.0,True,,500.0,500.0,4.5,51.0,2013.0,+918061915007,https://www.practo.com/bangalore/hospital/neighbourhood-laparoscopy-general-surgery-surgical-gastro-centre-jp-nagar-7-phase?referrer=hospital_listing,https://images1-fabric.practo.com/542a50fe5977640be4e59b9a2a2b5dffb918c0e86b3d7.jpg,VN,practo,,1.0,canonical,338,Q3,,Premium,0.295831
hosp_1f295fdeb0b823bb,Mysore Hospital,mysore hospital,Bangalore,Hospital,Yeshwanthpur,,13.0274701,77.5395587,876014595ffffff,,6.0,2.0,True,,0.0,200.0,,,2000.0,+918046801975,https://www.practo.com/bangalore/hospital/mysore-hospital-yeshwanthpur?referrer=hospital_listing,,VN,practo,,1.0,canonical,339,Q3,,Premium,0.295745
hosp_460349774081720e,London Care Hospital,london care hospital,Bangalore,Hospital,Kumaraswamy Layout,,12.9009658,77.55981,87618924bffffff,,9.0,11.0,True,,500.0,500.0,,7.0,,+918068960989,https://www.practo.com/bangalore/hospital/london-care-hospital-kumaraswamy-layout-2?referrer=hospital_listing,https://images1-fabric.practo.com/practices/1437953/london-care-hospital-bangalore-6667a64726656.png,VN,practo,,1.0,canonical,340,Q3,,Premium,0.295216
hosp_9ee9e68abf56ec37,Shreenagar Nursing Home,shreenagar nursing home,Bangalore,Hospital,Srinagar,,12.9441392,77.5551941,8760145a6ffffff,,2.0,2.0,True,,150.0,200.0,,2.0,1995.0,+918046801970,https://www.practo.com/bangalore/hospital/shreenagar-nursing-home-srinagar?referrer=hospital_listing,,VN,practo,,1.0,canonical,341,Q3,,Premium,0.295046
hosp_104f8aef6670dca7,Lenus Hospital,lenus hospital,Bangalore,Hospital,JP Nagar 3 Phase,,12.9148815,77.5951073,87618925dffffff,,1.0,3.0,True,,600.0,600.0,5.0,11.0,,+918071965436,https://www.practo.com/bangalore/hospital/lenus-hospital-jp-nagar?referrer=hospital_listing,https://images1-fabric.practo.com/practices/1246111/lenus-hospital-bangalore-5c8b44e66b354.png,VN,practo,,1.0,canonical,342,Q3,,Premium,0.294958
hosp_920c1007c453a33a,Miracle Hospital,miracle hospital,Bangalore,Hospital,Varthur,,12.929755747931358,77.74013757705688,87618920cffffff,,9.0,6.0,True,,650.0,900.0,4.5,20.0,,+918071966525,https://www.practo.com/bangalore/hospital/miracle-hospital-seegehalli?referrer=hospital_listing,https://images1-fabric.practo.com/practices/1378817/miracle-hospital-62232b27bff73.jpg,ABS,practo,,1.0,canonical,343,Q3,,Premium,0.294912
hosp_e30f9f99cb4f8e70,Cloudnine Fertility - IVF Centre,cloudnine fertility ivf centre,Bangalore,Hospital,Kanakpura Road,,12.883493083353986,77.54997753866263,876189249ffffff,,4.0,1.0,True,11.0,900.0,1000.0,5.0,11.0,,+918071966822,https://www.practo.com/bangalore/hospital/cloudnine-fertility-ivf-center-kanakpura-road?referrer=hospital_listing,https://images1-fabric.practo.com/practices/1353731/cloudnine-fertility-ivf-centre-kanakapura-bangalore-6481786c4285c.JPG,ABS,practo,,1.0,canonical,344,Q3,,Premium,0.294793
hosp_2aa579da3548e7f0,Spine Care And Ortho Care Hospital,spine care ortho care hospital,Bangalore,Hospital,Magadi Road,,12.97445,77.54924,8760145a2ffffff,,1.0,1.0,True,,500.0,500.0,5.0,13.0,,+918046801982,https://www.practo.com/bangalore/hospital/spine-care-and-ortho-care-hospital-magadi-road?referrer=hospital_listing,https://images1-fabric.practo.com/spine-care-ortho-care-hospital-bangalore-1441894153-55f18f09c9577.jpg,VN,practo,,1.0,canonical,345,Q3,,Premium,0.294741
hosp_51e17e7eb95bcb97,Sri Ram Speciality Hospital,sri ram speciality hospital,Bangalore,Hospital,Viveknagar,,12.954568,77.620955,87618925effffff,,1.0,2.0,True,,250.0,250.0,,,1994.0,+918046801993,https://www.practo.com/bangalore/hospital/sriram-hospital-vivek-nagar-viveknagar?referrer=hospital_listing,,VN,practo,,1.0,canonical,346,Q3,,Premium,0.29461
hosp_5185d19ad35f1ea0,Rainbow Children's Hospital,rainbow children s hospital,Bangalore,Hospital,Bannerghatta Road,,12.903348,77.601071,87618924effffff,,34.0,11.0,True,3.0,0.0,1300.0,4.0,169.0,1999.0,+917969201833,https://www.practo.com/bangalore/hospital/rainbow-children-s-hospital-5-bannerghatta-road?referrer=hospital_listing,https://images1-fabric.practo.com/practices/1132634/rainbow-children-s-hospital-bangalore-623d571c9e18e.JPG,VN,practo,,1.0,canonical,347,Q3,,Premium,0.294277
hosp_d79f93cf0e3602e6,Vinayaka Hospital,vinayaka hospital,Bangalore,Hospital,Jayanagar,,12.917538,77.5968919,87618925dffffff,,2.0,2.0,True,,300.0,400.0,5.0,11.0,,+918045686415,https://www.practo.com/bangalore/hospital/vinayaka-hospital-jayanagar?referrer=hospital_listing,https://images1-fabric.practo.com/practices/636586/vinayaka-hospital-bangalore-5a0aa1b9ef278.jpg,VN,practo,,1.0,canonical,348,Q3,,Premium,0.294262
hosp_6273a3e6312d39c2,Promed Hospital,promed hospital,Bangalore,Hospital,Banashankari 2nd Stage,,12.92942,77.56397,8760145a4ffffff,,1.0,1.0,True,,450.0,450.0,4.5,172.0,,+918046801970,https://www.practo.com/bangalore/hospital/promed-hospital-banashankari-2nd-stage-1?referrer=hospital_listing,https://images1-fabric.practo.com/52d8f82dba27de6d68401f88d7dc838e64590146074d6.jpg,VN,practo,,1.0,canonical,349,Q3,,Premium,0.294188
hosp_a5359bd9ccecb307,Sparsh Hospital for Women & Children,sparsh hospital for women children,Bangalore,Hospital,Vasanthnagar,,12.983281142014913,77.59474918292452,8760145b4ffffff,,5.0,3.0,True,3.0,850.0,1500.0,4.5,66.0,,+917969203206,https://www.practo.com/bangalore/hospital/sparsh-hospital-for-women-children-vasanthnagar?referrer=hospital_listing,https://images1-fabric.practo.com/practices/1379566/sparsh-hospital-for-women-children-bangalore-6234264479e99.jpg,RFA,practo,,1.0,canonical,350,Q3,,Premium,0.294173
hosp_9c84f200d0338b9e,Ekana Hospitals,ekana hospitals,Bangalore,Hospital,Begur,,12.870360741275,77.623958014294,876189245ffffff,,8.0,11.0,True,,600.0,1000.0,,3.0,,+918068960986,https://www.practo.com/bangalore/hospital/ekana-hospitals-begur?referrer=hospital_listing,https://images1-fabric.practo.com/practices/1445820/ekana-hospitals-bangalore-658be232ee561.png,VN,practo,,1.0,canonical,351,Q3,,Premium,0.293904
hosp_8f28fd3d06eeee34,Dr. Agarwal Hospital,dr agarwal hospital,Bangalore,Hospital,Langford Road,,12.9567697,77.6050196,87618925affffff,,1.0,1.0,True,,1000.0,1000.0,,5.0,1993.0,+918045685300,https://www.practo.com/bangalore/hospital/dr-agarwal-hospitals-shantinagar?referrer=hospital_listing,,VN,practo,,1.0,canonical,352,Q3,,Premium,0.293627
hosp_36565dddb92800e8,Sri Venkateswara Hospital,sri venkateswara hospital,Bangalore,Hospital,BTM Layout,,12.915663984910193,77.6102676987648,876189243ffffff,,3.0,6.0,False,,0.0,0.0,5.0,44.0,,+914430194509,https://www.practo.com/bangalore/hospital/sri-venkateswara-hospital-btm-layout?referrer=hospital_listing,https://images1-fabric.practo.com/practices/639296/sri-venkateswara-hospital-bangalore-5a6f1318c1237.jpg,VN,practo,,1.0,canonical,353,Q3,,Premium,0.29355
hosp_198a7b0d0ddc0db4,Srinivasa Eye Hospital,srinivasa eye hospital,Bangalore,Hospital,Banaswadi,,13.0144537,77.6518043,8761892c5ffffff,,1.0,1.0,True,,400.0,400.0,,,1993.0,+918048816946,https://www.practo.com/bangalore/hospital/sri-srinivasa-eye-hospital-banaswadi?referrer=hospital_listing,,VN,practo,,1.0,canonical,354,Q3,,Premium,0.29352
hosp_a50010da96c1d3b5,Shathayu Ayurveda Clinic,shathayu ayurveda clinic,Bangalore,Hospital,RT Nagar,,13.027005973954,77.592170834541,8761892cdffffff,,2.0,3.0,True,9.0,300.0,500.0,,4.0,2000.0,+918046808338,https://www.practo.com/bangalore/hospital/shathayu-ayurveda-clinic-rt-nagar-1?referrer=hospital_listing,https://images1-fabric.practo.com/practices/654723/shathayu-ayurveda-clinic-bangalore-641c14cacc546.jpeg,VN,practo,,1.0,canonical,355,Q3,,Premium,0.292845
hosp_3b25da6d045310ee,Apollo Hospital,apollo hospital,Bangalore,Hospital,Bannerghatta Road,,12.89666,77.59855,87618924effffff,,88.0,34.0,True,2.0,500.0,2000.0,3.5,1471.0,,+918047116002,https://www.practo.com/bangalore/hospital/apollo-hospital-bannerghatta-road-5?referrer=hospital_listing,https://images1-fabric.practo.com/practices/728755/apollo-hospital-bangalore-5b28f9ea46933.jpg,RFA,practo,,1.0,canonical,356,Q3,,Premium,0.292731
hosp_e22b1d83c08d12a0,Bhagwan Mahavir Jain Hospital,bhagwan mahavir jain hospital,Bangalore,Hospital,Vasanthnagar,,12.9915383,77.5924739,8760145b6ffffff,,10.0,9.0,True,,0.0,500.0,,6.0,,+918046801977,https://www.practo.com/bangalore/hospital/bhagwan-mahavir-jain-hospital-vasanthnagar?referrer=hospital_listing,https://images1-fabric.practo.com/practices/1114958/bhagwan-mahavir-jain-hospital-bangalore-6673b48b60c64.png,VN,practo,,1.0,canonical,357,Q3,,Premium,0.292576
hosp_aaed422b807a499f,Motherhood Fertility and IVF - Banashankari,motherhood fertility ivf banashankari,Bangalore,Hospital,Banashankari,,12.926857,77.561204,8760145a4ffffff,,2.0,2.0,True,5.0,800.0,800.0,5.0,10.0,,+918045685991,https://www.practo.com/bangalore/hospital/motherhood-fertility-banashankari-banashankari?referrer=hospital_listing,https://images1-fabric.practo.com/practices/1268919/motherhood-fertility-banashankari-bangalore-5da1fc70764a0.jpg,RFA,practo,,1.0,canonical,358,Q3,,Premium,0.292357
hosp_2cc2ecddb64783b2,Eshwar Hospital,eshwar hospital,Bangalore,Hospital,Mahalakshmi Layout,,13.0090252,77.5486459,8760145b3ffffff,,3.0,2.0,True,,0.0,250.0,,4.0,2000.0,+918045684275,https://www.practo.com/bangalore/hospital/eshwar-hospital-mahalakshmipuram?referrer=hospital_listing,,VN,practo,,1.0,canonical,359,Q3,,Premium,0.292149
hosp_fc54cd2224262762,Sri Lakshmi Multi Speciality Hospital,sri lakshmi multi speciality hospital,Bangalore,Hospital,Sunkadakatte,,12.9887149,77.5085733,876014580ffffff,,11.0,8.0,True,,0.0,500.0,,3.0,,+918046808409,https://www.practo.com/bangalore/hospital/sri-lakshmi-multi-speciality-hospital-sunkadakatte-1?referrer=hospital_listing,https://images1-fabric.practo.com/practices/686841/sri-lakshmi-multi-speciality-hospital-bangalore-666d258918690.png,VN,practo,,1.0,canonical,360,Q3,,Premium,0.291815
hosp_a61db1b3f2f71aac,Shekhar Hospital,shekhar hospital,Bangalore,Hospital,Jayanagar,,12.9176058,77.5951334,87618925dffffff,,7.0,7.0,True,,0.0,300.0,4.5,13.0,,+918071966535,https://www.practo.com/bangalore/hospital/shekhar-hospital-jayanagar?referrer=hospital_listing,https://images1-fabric.practo.com/practices/684685/shekhar-hospital-bangalore-665873d97e567.png,VN,practo,,1.0,canonical,361,Q3,,Premium,0.291723
hosp_f0e21128eb1ff3e5,Mallige Hospital,mallige hospital,Bangalore,Hospital,Peenya,,12.99925,77.50341,876014583ffffff,,3.0,3.0,True,,0.0,200.0,,,2003.0,+918046801975,https://www.practo.com/bangalore/hospital/mallige-nursing-home?referrer=hospital_listing,https://images1-fabric.practo.com/practices/838677/mallige-hospital-bangalore-66558c58b7bb3.png,VN,practo,,1.0,canonical,362,Q3,,Premium,0.291487
hosp_fd73ffd7b33b2867,Chinmaya Mission Hospital,chinmaya mission hospital,Bangalore,Hospital,Indiranagar,,12.97778,77.64643,8761892ecffffff,,40.0,19.0,True,,0.0,800.0,4.0,275.0,,+918046805894,https://www.practo.com/bangalore/hospital/chinmaya-mission-hospital-indiranagar-3?referrer=hospital_listing,https://images1-fabric.practo.com/practices/1109845/chinmaya-mission-hospital-bangalore-5c9323bf9a2d9.jpg,VN,practo,,1.0,canonical,363,Q3,,Premium,0.29123
hosp_bd927f8b73414230,ASTER CMI HOSPITAL,aster cmi hospital,Bangalore,Hospital,Banashankari 3rd Stage,,12.9345,77.5435,8760145a0ffffff,,9.0,9.0,True,,0.0,0.0,,,,+918046801993,https://www.practo.com/bangalore/hospital/aster-cmi-hospital-banashankari-3rd-stage?referrer=hospital_listing,,VN,practo,,1.0,canonical,364,Q3,,Premium,0.291221
hosp_c76d1408cdaaf8ae,Lokhande's Multispecialty Hospital,lokhande s multispecialty hospital,Bangalore,Hospital,Kalyan Nagar,,13.0183327,77.6478977,8761892eaffffff,,1.0,1.0,True,,300.0,300.0,,9.0,1996.0,+918046801976,https://www.practo.com/bangalore/hospital/lokhande-s-geriatric-and-palliative-care-center-kalyan-nagar?referrer=hospital_listing,https://images1-fabric.practo.com/550b12c6a0dca5af501498f2ca880c4932b6252b49077.jpg,VN,practo,,1.0,canonical,365,Q3,,Premium,0.291212
hosp_21b4bb3561ec1a1c,Mamta Hospital,mamta hospital,Bangalore,Hospital,Sanjay Nagar,,13.0376816,77.5743933,8761892c9ffffff,,1.0,1.0,True,,500.0,500.0,,9.0,1996.0,+918071910149,https://www.practo.com/bangalore/hospital/mamta-hospital-1-sanjay-nagar?referrer=hospital_listing,https://images1-fabric.practo.com/practices/1375271/mamta-hospital-bangalore-66558e5e7c7e4.png,VN,practo,,1.0,canonical,366,Q3,,Premium,0.291212
hosp_405bae2b207a3e69,Pralaksha Hospital,pralaksha hospital,Bangalore,Hospital,Hosur Road,,12.87096,77.655932,876189244ffffff,,6.0,6.0,True,,200.0,350.0,,5.0,2015.0,+918046801976,https://www.practo.com/bangalore/hospital/pralaksha-hospital-hosur-road?referrer=hospital_listing,https://images1-fabric.practo.com/pralaksha-hospital-bangalore-1473937264-57da7f70576de.jpg,VN,practo,,1.0,canonical,367,Q3,,Premium,0.291044
hosp_912710e7356ce837,Gloss Dental Care,gloss dental care,Bangalore,Hospital,Vignan Nagar,,12.972141890218,77.680428061631,8761892e5ffffff,,1.0,1.0,True,,300.0,300.0,4.5,118.0,,+918046801969,https://www.practo.com/bangalore/hospital/gloss-dental-care?referrer=hospital_listing,https://images1-fabric.practo.com/551f85f793a6f96a3be3cf272e017046d1b2674a52bd3.jpg,VN,practo,,1.0,canonical,368,Q3,,Premium,0.290747
hosp_1ac7643325557bac,Partha Dental  Skin Hair,partha dental skin hair,Bangalore,Hospital,HSR Layout,,12.915916759695632,77.63231981545688,876189242ffffff,,2.0,1.0,True,26.0,0.0,0.0,5.0,10.0,,+918047110615,https://www.practo.com/bangalore/hospital/partha-dental-skin-and-hair-hsr-layout?referrer=hospital_listing,https://images1-fabric.practo.com/practices/1376780/partha-dental-skin-and-hair-bangalore-64994f8650a19.PNG,VN,practo,,1.0,canonical,369,Q3,,Premium,0.290434
hosp_d157d2b18f689c4c,Sri Lakshmi Hospital,sri lakshmi hospital,Bangalore,Hospital,Electronics City,,,,,,1.0,1.0,False,,400.0,400.0,5.0,56.0,,+918071966501,https://www.practo.com/bangalore/hospital/integrated-healthcare-electronics-city?referrer=hospital_listing,,VN,practo,,0.6,canonical,370,Q3,,Premium,0.290037
hosp_3f0bad717e106565,Vijaya Hospital,vijaya hospital,Bangalore,Hospital,Dasarahalli,,13.0463502,77.5149187,87601459effffff,,1.0,3.0,True,,150.0,150.0,,,2002.0,+918046801975,https://www.practo.com/bangalore/hospital/vijaya-hospital-dasarahalli?referrer=hospital_listing,https://images1-fabric.practo.com/practices/849739/vijaya-hospital-bangalore-66547584b7fc4.png,VN,practo,,1.0,canonical,371,Q3,,Premium,0.289866
hosp_33e8a42d65488aae,Motherhood Fertility And IVF,motherhood fertility ivf,Bangalore,Hospital,Sarjapur Road,,12.917804,77.672218,876189254ffffff,,2.0,2.0,True,5.0,1000.0,1000.0,4.5,76.0,,+918047193422,https://www.practo.com/bangalore/hospital/motherhood-fertility-sarjapur-road-sarjapur-road?referrer=hospital_listing,https://images1-fabric.practo.com/practices/1268902/motherhood-fertility-and-ivf-bangalore-6752d9a6a69f6.png,RFA,practo,,1.0,canonical,372,Q3,,Premium,0.289864
hosp_9ff077ae60916ec5,"Mirlay Eye Care, A Unit Of Dr. Agarwal's Eye Hospital Ltd",mirlay eye care unit dr agarwal s eye hospital,Bangalore,Hospital,Shivaji Nagar,,12.990861352581293,77.61325827697956,8761892e9ffffff,,4.0,1.0,False,9.0,500.0,1000.0,5.0,50.0,,+918071909299,https://www.practo.com/bangalore/hospital/mirlay-eye-clinic-frazer-town?referrer=hospital_listing,https://images1-fabric.practo.com/practices/636882/mirlay-eye-care-a-unit-of-dr-agarwal-s-eye-hospital-ltd-bangalore-6492d833b0b43.jfif,VN,practo,,1.0,canonical,373,Q3,,Premium,0.289689
hosp_470060a992e9a7d4,Prolife Multispeciality Hospital,prolife multispeciality hospital,Bangalore,Hospital,Byatarayanapura,,13.0635655627,77.593503214264,8761892cbffffff,,6.0,10.0,True,,0.0,500.0,,9.0,,+918071965582,https://www.practo.com/bangalore/hospital/prolife-multispeciality-hospital-byatarayanapura-1?referrer=hospital_listing,https://images1-fabric.practo.com/prolife-hospital-bangalore-1466067740-57626b1c5a11a.jpg,VN,practo,,1.0,canonical,374,Q3,,Premium,0.289655
hosp_fe1509505a435405,Cure Hospital ,cure hospital,Bangalore,Hospital,RT Nagar,,13.0322683,77.6085816,8761892ccffffff,,1.0,1.0,True,,200.0,200.0,,5.0,1998.0,+918046801970,https://www.practo.com/bangalore/hospital/cure-hospital-rt-nagar?referrer=hospital_listing,,VN,practo,,1.0,canonical,375,Q3,,Premium,0.28946
hosp_a21525f01ccb10f7,Healing Earth Multi-Speciality Ayurveda Hospital,healing earth multi speciality ayurveda hospital,Bangalore,Hospital,HSR Layout,,12.916428190768,77.636128216982,876189242ffffff,,3.0,3.0,False,,0.0,500.0,5.0,46.0,,+918037298705,https://www.practo.com/bangalore/hospital/healing-earth-multi-speciality-ayurveda-hospital-hsr-layout?referrer=hospital_listing,https://images1-fabric.practo.com/healing-earth-multi-speciality-ayurveda-hospital-bangalore-1468569856-5788990026e14.jpg,VN,practo,,1.0,canonical,376,Q3,,Premium,0.289351
hosp_3953c33d64542ecc,Sri Devi Hospital,sri devi hospital,Bangalore,Hospital,Banashankari 2nd Stage,,12.923716868424346,77.57329881191254,876189259ffffff,,1.0,1.0,True,,400.0,400.0,5.0,10.0,,+918046801969,https://www.practo.com/bangalore/hospital/sri-devi-hospital-banashankari-2nd-stage?referrer=hospital_listing,,VN,practo,,1.0,canonical,377,Q3,,Premium,0.289207
hosp_68c22c88d7bd07ae,Narayana Nethralaya,narayana nethralaya,Bangalore,Hospital,Indiranagar,,12.967006,77.60948,87618925affffff,,1.0,1.0,True,2.0,500.0,500.0,5.0,10.0,,+918046801969,https://www.practo.com/bangalore/hospital/narayana-nethralaya-ashoknagar?referrer=hospital_listing,https://images1-fabric.practo.com/narayana-nethralaya-bangalore-1466491254-5768e1762e662.jpg,VN,practo,,1.0,canonical,378,Q3,,Premium,0.289207
hosp_3969f5ea5520e344,United Hospital,united hospital,Bangalore,Hospital,Jayanagar 3 Block,,12.936428,77.5848145,876189259ffffff,,7.0,9.0,True,,0.0,800.0,,5.0,,+918047193422,https://www.practo.com/bangalore/hospital/united-hospital-jayanagar-3-block?referrer=hospital_listing,https://images1-fabric.practo.com/practices/1425320/united-hospital-bangalore-647588da76586.PNG,VN,practo,,1.0,canonical,379,Q3,,Premium,0.288873
hosp_4e240597a7c580cc,Swastik Eye Hospital,swastik eye hospital,Bangalore,Hospital,Basavanagudi,,12.948028,77.5696641,8760145a6ffffff,,1.0,1.0,False,,400.0,400.0,5.0,54.0,,+918047091259,https://www.practo.com/bangalore/hospital/swastik-eye-hospital-basavanagudi?referrer=hospital_listing,https://images1-fabric.practo.com/practices/1102074/swastik-eye-hospital-bangalore-591aec2ce01e9.png,VN,practo,,1.0,canonical,380,Q3,,Premium,0.288744
hosp_4957c4918da7a343,ACE Dental Care,ace dental care,Bangalore,Hospital,CV Raman Nagar,,12.99063,77.66029,8761892e1ffffff,,1.0,1.0,False,1.0,200.0,200.0,5.0,54.0,,+918071966502,https://www.practo.com/bangalore/hospital/ace-dental-care-indiranagar?referrer=hospital_listing,https://images1-fabric.practo.com/ace-dental-care-bangalore-1441027262-55e454bf00efe.jpg,VN,practo,,1.0,canonical,381,Q3,,Premium,0.288744
hosp_d8c73b7f296a86c9,KIMS Hospitals,kims hospitals,Bangalore,Hospital,Mahadevapura,,12.980418872988261,77.6942855122228,8761892e5ffffff,,6.0,9.0,True,,700.0,1500.0,,9.0,,+918047111993,https://www.practo.com/bangalore/hospital/krishna-institute-of-medical-sciences-1-mahadevapura?referrer=hospital_listing,https://images1-fabric.practo.com/practices/2166802/krishna-institute-of-medical-sciences-kims-hospitals-bangalore-695ba0df0473e.png,VN,practo,,1.0,canonical,382,Q3,,Premium,0.287732
hosp_0dc1549d1de4219f,Sri Sairam Hospital,sri sairam hospital,Bangalore,Hospital,Jayanagar,,12.9237842,77.5742839,876189259ffffff,,6.0,9.0,True,,700.0,1000.0,,3.0,,+918047111991,https://www.practo.com/bangalore/hospital/sri-sairam-hospital-2-jayanagar?referrer=hospital_listing,https://images1-fabric.practo.com/practices/1451883/sri-sairam-hospital-bangalore-66ceb28d30b44.png,VN,practo,,1.0,canonical,383,Q3,,Premium,0.287604
hosp_881a45e22416f929,Sagar Hospitals,sagar hospitals,Bangalore,Hospital,Jayanagar,,12.9281467,77.5970283,87618925dffffff,,11.0,17.0,True,,800.0,1100.0,4.0,1429.0,2002.0,+918046808476,https://www.practo.com/bangalore/hospital/sagar-hospital-tilaknagar?referrer=hospital_listing,https://images1-fabric.practo.com/sagar-hospital-bangalore-1465993235-57614813e7432.png,ABS,practo,,1.0,canonical,384,Q3,,Premium,0.287464
hosp_f64e9ece1aceb97c,Essential Hospital,essential hospital,Bangalore,Hospital,Nagarbhavi,,12.9753259,77.5096416,876014585ffffff,,4.0,4.0,True,,0.0,500.0,,3.0,2012.0,+918045685991,https://www.practo.com/bangalore/hospital/essential-hospital-nagarbhavi-1?referrer=hospital_listing,,VN,practo,,1.0,canonical,385,Q3,,Premium,0.287201
hosp_6bc555a444465610,Ayurdhan,ayurdhan,Bangalore,Hospital,Jakkur,,13.0733547,77.6131274,8761892caffffff,,1.0,2.0,False,,300.0,300.0,5.0,34.0,2011.0,+918046801985,https://www.practo.com/bangalore/hospital/ayurdhan-jakkur?referrer=hospital_listing,https://images1-fabric.practo.com/practices/700733/ayurdhan-bangalore-5adb328213a38.jpg,VN,practo,,1.0,canonical,386,Q3,,Premium,0.286962
hosp_ab3568dc6d21e29e,Motherhood Hospitals,motherhood hospitals,Bangalore,Hospital,Kadubeesanahalli,,12.92313786554,77.695288723146,876189209ffffff,,5.0,2.0,True,8.0,600.0,600.0,4.5,36.0,,+918047110615,https://www.practo.com/bangalore/hospital/motherhood-hospitals-kadubeesanahalli-sarjapur-road?referrer=hospital_listing,https://images1-fabric.practo.com/practices/1193145/motherhood-hospitals-bangalore-6752e709a4433.png,VN,practo,,1.0,canonical,387,Q3,,Premium,0.286856
hosp_f404604994132f4f,Patil Hospital,patil hospital,Bangalore,Hospital,KR Puram,,13.009408,77.696897,8761892e2ffffff,,8.0,7.0,True,,0.0,500.0,,2.0,,+918046801973,https://www.practo.com/bangalore/hospital/patil-hospital-kr-puram?referrer=hospital_listing,,VN,practo,,1.0,canonical,388,Q3,,Premium,0.28619
hosp_e9d5fed6e2509ea9,City Hospital,city hospital,Bangalore,Hospital,Rajajinagar,,12.9956888,77.550924,8760145b1ffffff,,1.0,1.0,True,,0.0,0.0,,,2002.0,+918071966535,https://www.practo.com/bangalore/hospital/city-hospital-rajajinagar-1?referrer=hospital_listing,https://images1-fabric.practo.com/practices/614660/city-hospital-bangalore-6650837454f78.png,VN,practo,,1.0,canonical,389,Q3,,Premium,0.28602
hosp_3270ee15cccb483b,Santhigiri Ayurveda & Siddha Hospital,santhigiri ayurveda siddha hospital,Bangalore,Hospital,Adugodi,,12.9439289,77.6068023,876189258ffffff,,2.0,2.0,True,,100.0,150.0,,,2006.0,+918071965582,https://www.practo.com/bangalore/hospital/santhigiri-ayurveda-siddha-hospital-adugodi?referrer=hospital_listing,https://images1-fabric.practo.com/santhigiri-ayurveda-siddha-hospital-bangalore-1488453181-58b7fe3dd6639.jpg,VN,practo,,1.0,canonical,390,Q3,,Premium,0.285837
hosp_064c3e0fc1bcc8dc,Gurushree Hospital,gurushree hospital,Bangalore,Hospital,Vijayanagar,,12.972572,77.530413,876014584ffffff,,6.0,8.0,True,,0.0,500.0,,9.0,,+918071966525,https://www.practo.com/bangalore/hospital/gurushree-hospital-vijayanagar?referrer=hospital_listing,,VN,practo,,1.0,canonical,391,Q3,,Premium,0.285808
hosp_c64854e51c8b7d71,Motherhood Hospital,motherhood hospital,Bangalore,Hospital,Kothanur,,13.063894167092432,77.64136389095819,8761892c3ffffff,,4.0,4.0,False,2.0,700.0,700.0,5.0,38.0,,+917969202045,https://www.practo.com/bangalore/hospital/motherhood-hospital-1-hennur-1?referrer=hospital_listing,https://images1-fabric.practo.com/practices/1472741/motherhood-hospital-bangalore-66bc80523cbab.png,RFA,practo,,1.0,canonical,392,Q3,,Premium,0.285804
hosp_da04219409ad86ba,Lakshmi Nursing Home ,lakshmi nursing home,Bangalore,Hospital,Varthur,,12.941200461482,77.74614572525,87618920effffff,,6.0,8.0,True,,300.0,500.0,,2.0,,+918045686369,https://www.practo.com/bangalore/hospital/lakshmi-nursing-home-10-varthur?referrer=hospital_listing,https://images1-fabric.practo.com/practices/1300933/lakshmi-nursing-home-bangalore-5fa9830fa3157.jpg,VN,practo,,1.0,canonical,393,Q3,,Premium,0.285659
hosp_706141e11e5f4755,Hitech Unity Hospital,hitech unity hospital,Bangalore,Hospital,Bapujinagar,,12.960325,77.5439949999999,8760145a2ffffff,,1.0,2.0,True,,100.0,100.0,,,2005.0,+918046801974,https://www.practo.com/bangalore/hospital/new-unity-hospital-magadi-road?referrer=hospital_listing,https://images1-fabric.practo.com/practices/689760/hitech-unity-hospital-bangalore-6669967376e24.png,VN,practo,,1.0,canonical,394,Q3,,Premium,0.285443
hosp_2f606fbc5a3ef387,Anugraha Nursing Home,anugraha nursing home,Bangalore,Hospital,Malleswaram,,12.998952,77.577421,8760145b0ffffff,,1.0,1.0,True,,600.0,600.0,,7.0,2003.0,+918046801975,https://www.practo.com/bangalore/hospital/anugraha-nursing-home-2-malleswaram?referrer=hospital_listing,https://images1-fabric.practo.com/anugraha-nursing-home-bangalore-1456913928-56d6be081651c.jpg,VN,practo,,1.0,canonical,395,Q3,,Premium,0.285336
hosp_386f491542a98f14,Kanaka Maternity Hospital,kanaka maternity hospital,Bangalore,Hospital,HSR Layout,,12.91979,77.649252,876189255ffffff,,2.0,2.0,True,,0.0,800.0,,7.0,2007.0,+918071175657,https://www.practo.com/bangalore/hospital/kanaka-maternity-hospital-hsr-layout-1?referrer=hospital_listing,https://images1-fabric.practo.com/practices/1157262/kanaka-maternity-hospital-bangalore-59e5bcc81b43a.png,VN,practo,,1.0,canonical,396,Q3,,Premium,0.285153
hosp_15938f1cd2150f83,Ramachandra Hospital,ramachandra hospital,Bangalore,Hospital,Dasarahalli,,13.0483859,77.5078538,87601459effffff,,2.0,2.0,True,,150.0,250.0,,2.0,2007.0,+918071966527,https://www.practo.com/bangalore/hospital/ramachandra-hospital-dasarahalli?referrer=hospital_listing,https://images1-fabric.practo.com/practices/615531/ramachandra-hospital-bangalore-66483cc991ae5.png,VN,practo,,1.0,canonical,397,Q3,,Premium,0.285046
hosp_2600e9a5903fb287,Dr. Paramshetty's KDC Hospital Pvt. Ltd- new,dr paramshetty s kdc hospital new,Bangalore,Hospital,Rajarajeshwarinagar,,12.925626459878,77.516933075055,8760145a1ffffff,,3.0,1.0,False,,100.0,100.0,5.0,45.0,,+918046801981,https://www.practo.com/bangalore/hospital/paramshetty-s-kdc-hospital-pvt-ltd-rr-nagar-rajarajeshwarinagar?referrer=hospital_listing,https://images1-fabric.practo.com/555b41187c07dfd456406745d816a45cae554c788e754.png,VN,practo,,1.0,canonical,398,Q3,,Premium,0.284728
hosp_5a278f8fdde48d5b,Vasan Dental Care,vasan dental care,Bangalore,Hospital,Bannerghatta Road,,12.8822949,77.5959816,87618924cffffff,,8.0,1.0,True,4.0,0.0,100.0,,,2014.0,+918071966535,https://www.practo.com/bangalore/hospital/vasan-dental-care-bannerghatta-road?referrer=hospital_listing,https://images1-fabric.practo.com/practices/1152736/vasan-dental-care-bangalore-59731dd1ac360.jpeg,VN,practo,,1.0,canonical,399,Q3,,Premium,0.284609
hosp_4f82fb4353510b51,Peoples Tree Hospital,peoples tree hospital,Bangalore,Hospital,Yelahanka,,13.0954776,77.5870848,876016960ffffff,,27.0,20.0,False,,0.0,0.0,,2.0,,+918046808862,https://www.practo.com/bangalore/hospital/peoples-tree-hospital-yelahanka?referrer=hospital_listing,,VN,practo,,1.0,canonical,400,Q3,,Premium,0.284503
hosp_39431cbcc7984bb9,Sri Venkateshwara Nethralaya,sri venkateshwara nethralaya,Bangalore,Hospital,Rajarajeshwarinagar,,12.924908970496634,77.51825451850891,8760145a1ffffff,,1.0,1.0,True,,600.0,600.0,,3.0,2004.0,+918071966536,https://www.practo.com/bangalore/hospital/sri-venkateshwara-nethralaya-rajarajeshwarinagar?referrer=hospital_listing,https://images1-fabric.practo.com/51fcf6349c493lasik_india_life,VN,practo,,1.0,canonical,401,Q3,,Premium,0.284417
hosp_8195253ad98696da,N D R Hospital,n d r hospital,Bangalore,Hospital,Yelahanka,,13.09787714,77.5768762,876016960ffffff,,1.0,2.0,True,,250.0,250.0,,7.0,2007.0,+918046801969,https://www.practo.com/bangalore/hospital/n-d-r-hospital-yelahanka?referrer=hospital_listing,,VN,practo,,1.0,canonical,402,Q3,,Premium,0.283926
hosp_f82eae8533916097,Phoenix Hospital,phoenix hospital,Bangalore,Hospital,Mission Road,,12.9608248,77.5907431,87618925bffffff,,6.0,7.0,True,,0.0,450.0,,3.0,,+918061914929,https://www.practo.com/bangalore/hospital/phoenix-hospital-bangalore-mission-road?referrer=hospital_listing,https://images1-fabric.practo.com/practices/665736/phoenix-hospital-bangalore-6655bcf3a6038.png,VN,practo,,1.0,canonical,403,Q3,,Premium,0.283757
hosp_a21c66bace91a365,Medicure Hospitals,medicure hospitals,Bangalore,Hospital,Jayanagar,,12.9310055,77.5925868,876189259ffffff,,1.0,1.0,True,,150.0,500.0,,7.0,2005.0,+918046808409,https://www.practo.com/bangalore/hospital/medicure-hospitals-jayanagar?referrer=hospital_listing,,VN,practo,,1.0,canonical,404,Q3,,Premium,0.283669
hosp_6398384d9ebbf512,K C General Hospital ,k c general hospital,Bangalore,Hospital,Malleswaram,,12.996817,77.5697881,8760145b0ffffff,,9.0,5.0,True,,0.0,600.0,,5.0,,+918046801974,https://www.practo.com/bangalore/hospital/k-c-general-hospital-malleswaram-1?referrer=hospital_listing,,VN,practo,,1.0,canonical,405,Q3,,Premium,0.283635
hosp_9124df2c35dc92f8,Eskay Healthcare,eskay healthcare,Bangalore,Hospital,Jalahalli,,13.061514522214354,77.5183829292655,876014593ffffff,,2.0,2.0,True,,200.0,900.0,,,2009.0,+918046801982,https://www.practo.com/bangalore/hospital/eskay-hospital-shettihali-abbigere?referrer=hospital_listing,,VN,practo,,1.0,canonical,406,Q3,,Premium,0.283337
hosp_e11941a3ba89e09c,Rajnandini Hospital,rajnandini hospital,Bangalore,Hospital,Konanakunte,,12.8844816,77.5702533,876189248ffffff,,4.0,8.0,True,,0.0,600.0,,4.0,,+918045686414,https://www.practo.com/bangalore/hospital/rajnandini-hospital-konanakunte-1?referrer=hospital_listing,,VN,practo,,1.0,canonical,407,Q3,,Premium,0.283248
hosp_f0c01c7f082ed1d8,Dr. Agarwal's Eye Hospital,dr agarwal s eye hospital,Bangalore,Hospital,Padmanabhanagar,,12.916921,77.5567561,8760145a4ffffff,,4.0,1.0,True,9.0,300.0,700.0,,3.0,2010.0,+918068960983,https://www.practo.com/bangalore/hospital/dr-agarwal-s-eye-hospital-11?referrer=hospital_listing,https://images1-fabric.practo.com/practices/1053240/dr-agarwal-s-eye-hospital-bangalore-628794f526fa2.png,VN,practo,,1.0,canonical,408,Q3,,Premium,0.283098
hosp_c2923157ce9968d8,Lakshmi Eye Hospital,lakshmi eye hospital,Bangalore,Hospital,Yelahanka,,13.097692,77.577791,876016960ffffff,,5.0,1.0,True,,600.0,800.0,4.5,28.0,,+918046801972,https://www.practo.com/bangalore/hospital/lakshmi-eye-hospital-yelahanka?referrer=hospital_listing,https://images1-fabric.practo.com/practices/850444/lakshmi-eye-hospital-bangalore-6662c66d53873.png,ABS,practo,,1.0,canonical,409,Q3,,Premium,0.282876
hosp_52f1b83efc8f55b1,Bangalore Hospital,bangalore hospital,Bangalore,Hospital,Basavanagudi,,12.938252,77.571845,876189259ffffff,,5.0,7.0,True,,0.0,600.0,,,,+918046801982,https://www.practo.com/bangalore/hospital/bangalore-hospital-6-basavanagudi?referrer=hospital_listing,https://images1-fabric.practo.com/practices/1135436/bangalore-hospital-bangalore-665428c4f1d0e.png,VN,practo,,1.0,canonical,410,Q3,,Premium,0.282466
hosp_1a98dcca9e325335,Sri Jayadeva Institute of Cardiovascular Sciences and Research,sri jayadeva institute cardiovascular sciences research,Bangalore,Hospital,Bannerghatta Road,,12.91743,77.59938,87618925dffffff,,4.0,3.0,True,,0.0,50.0,4.5,17.0,,+918045684275,https://www.practo.com/bangalore/hospital/sri-jayadeva-institute-of-cardiovascular-sciences-and-research-bannerghatta-road?referrer=hospital_listing,,VN,practo,,1.0,canonical,411,Q3,,Premium,0.281933
hosp_6b414d2a3ec37379,Om Shakthi Hospital,om shakthi hospital,Bangalore,Hospital,Yelahanka,,13.121609,77.612569,8761892dbffffff,,6.0,6.0,True,,0.0,750.0,,7.0,,+918046801969,https://www.practo.com/bangalore/hospital/om-shakthi-hospital-yelahanka?referrer=hospital_listing,https://images1-fabric.practo.com/practices/921975/dr-harshini-bangalore-5b842488303ed.png,VN,practo,,1.0,canonical,412,Q3,,Premium,0.28192
hosp_9dc28d25b494bd74,Nova IVF Fertility,nova ivf fertility,Bangalore,Hospital,Whitefield,,12.964301709044317,77.71568899734079,87618920affffff,,1.0,2.0,False,3.0,1000.0,1000.0,5.0,42.0,,+918047091256,https://www.practo.com/bangalore/hospital/nova-ivf-fertility-whitefield-whitefield?referrer=hospital_listing,https://images1-fabric.practo.com/practices/1370252/nova-ivf-fertility-whitefield-bangalore-61caf4d9e127c.jpg,VN,practo,,1.0,canonical,413,Q3,,Premium,0.281767
hosp_7bdf9c51186225b1,Divine Speciality Hospital,divine speciality hospital,Bangalore,Hospital,Shivaji Nagar,,12.996619,77.6042056,8760145b6ffffff,,9.0,4.0,True,,0.0,200.0,,,,+918071966536,https://www.practo.com/bangalore/hospital/divine-speciality-hospital-shivajinagar?referrer=hospital_listing,https://images1-fabric.practo.com/practices/660016/divine-speciality-hospital-bangalore-6666f52165174.png,VN,practo,,1.0,canonical,414,Q3,,Premium,0.281605
hosp_839aad0ee449a5fb,S K Hospital,s k hospital,Bangalore,Hospital,Nagarbhavi,,12.9660901,77.51321170000006,876014585ffffff,,4.0,7.0,True,,0.0,1000.0,,5.0,,+918046801969,https://www.practo.com/bangalore/hospital/s-k-hospital-nagarbhavi?referrer=hospital_listing,,VN,practo,,1.0,canonical,415,Q3,,Premium,0.281346
hosp_2e2cf41df5e196a4,Shree Manyata Hospitals,shree manyata hospitals,Bangalore,Hospital,Kalyan Nagar,,13.054353999268,77.631760239601,8761892ceffffff,,7.0,5.0,True,,0.0,500.0,,9.0,,+918047110983,https://www.practo.com/bangalore/hospital/manyatha-hospital-kalyan-nagar?referrer=hospital_listing,https://images1-fabric.practo.com/practices/1331151/shree-manyata-hospital-bangalore-60897643de166.png,VN,practo,,1.0,canonical,416,Q3,,Premium,0.281266
hosp_908ee58c01dcf467,Usha Hospital,usha hospital,Bangalore,Hospital,Kammana Halli,,13.009314117162,77.634862046689,8761892eaffffff,,4.0,7.0,True,,100.0,500.0,,,,+918046801984,https://www.practo.com/bangalore/hospital/usha-hospital-kammana-halli?referrer=hospital_listing,https://images1-fabric.practo.com/usha-hospital-1490794365-58dbb77dc1a40.jpeg,VN,practo,,1.0,canonical,417,Q3,,Premium,0.281239
hosp_09b83d7803f2996a,Shathayu Ayurveda Clinic,shathayu ayurveda clinic,Bangalore,Hospital,JP Nagar 1 Phase,,12.910620185602854,77.58257125409068,87618924affffff,,1.0,1.0,True,9.0,300.0,300.0,,,2008.0,+918071965582,https://www.practo.com/bangalore/hospital/shathayu-ayurveda-clinic-jp-nagar-1-phase?referrer=hospital_listing,https://images1-fabric.practo.com/shathayu-ayurveda-jp-nagar-branch-bangalore-1465272632-575649386ec9e.jpg,VN,practo,,1.0,canonical,418,Q3,,Premium,0.28102
hosp_fe53e3da5ae8be2b,Amogha Fertility Clinic,amogha fertility clinic,Bangalore,Hospital,Kodigehalli,,13.0581582,77.5800248,8761892cbffffff,,1.0,2.0,True,,700.0,700.0,4.5,31.0,,+918069451969,https://www.practo.com/bangalore/hospital/amogha-fertility-clinic-sahakaranagar?referrer=hospital_listing,https://images1-fabric.practo.com/practices/1248029/amogha-fertility-clinic-bangalore-6679525be335d.png,VN,practo,,1.0,canonical,419,Q3,,Premium,0.280706
hosp_f431426867325f26,Nethradhama Super Speciality Hospital,nethradhama super speciality hospital,Bangalore,Hospital,Indiranagar,,12.9719567,77.6474061,8761892ecffffff,,1.0,1.0,True,,300.0,300.0,,9.0,2010.0,+918046801970,https://www.practo.com/bangalore/hospital/nethradhama-super-speciality-hospital-indiranagar?referrer=hospital_listing,https://images1-fabric.practo.com/practices/665333/nethradhama-super-speciality-hospital-bangalore-6668f5a66a73b.png,VN,practo,,1.0,canonical,420,Q3,,Premium,0.279545
hosp_f6735121cc4dd21a,Hamilton Bailey Hospital,hamilton bailey hospital,Bangalore,Hospital,HSR Layout,,12.900645250992,77.648620489892,876189246ffffff,,4.0,6.0,True,,400.0,700.0,,5.0,,+918047110983,https://www.practo.com/bangalore/hospital/hamilton-bailey-hospital-hsr-layout-2?referrer=hospital_listing,https://images1-fabric.practo.com/practices/1247714/hamilton-bailey-hospital-bangalore-666ade046d23c.png,VN,practo,,1.0,canonical,421,Q3,,Premium,0.279423
hosp_2a6d2136229bd04e,Manasa Hospital,manasa hospital,Bangalore,Hospital,Vijayanagar,,12.968753,77.524768,876014584ffffff,,4.0,6.0,True,,0.0,250.0,,,,+918046801993,https://www.practo.com/bangalore/hospital/manasa-hospital-vijayanagar?referrer=hospital_listing,https://images1-fabric.practo.com/practices/684821/manasa-hospital-bangalore-6654b3c62d604.png,VN,practo,,1.0,canonical,422,Q3,,Premium,0.279316
hosp_91f3d48982b3d6b3,J P Nursing Home,j p nursing home,Bangalore,Hospital,Nandini Layout,,13.009855,77.538521,876014586ffffff,,3.0,3.0,False,,250.0,250.0,5.0,34.0,,+918045686414,https://www.practo.com/bangalore/hospital/j-p-nursing-home-nandini-layout?referrer=hospital_listing,https://images1-fabric.practo.com/j-p-nursing-home-bangalore-1445860609-562e15010ff33.jpg,VN,practo,,1.0,canonical,423,Q3,,Premium,0.278839
hosp_ad02e3f1c0db0dc5,Vydehi Institute of Medical Science & Research Centre,vydehi institute medical science research centre,Bangalore,Hospital,Whitefield,,12.975738343214,77.729404693573,876189219ffffff,,5.0,5.0,True,,0.0,250.0,,5.0,,+918071909298,https://www.practo.com/bangalore/hospital/vydehi-institute-of-medical-science-research-centre-whitefield?referrer=hospital_listing,https://images1-fabric.practo.com/practices/1472022/vydehi-institute-of-medical-science-research-centre-bangalore-67ff62ea494cd.png,VN,practo,,1.0,canonical,424,Q3,,Premium,0.278727
hosp_562efa734bf403ae,T R Hospital,t r hospital,Bangalore,Hospital,JP Nagar,,12.88068,77.5840499,87618924cffffff,,5.0,5.0,True,,0.0,250.0,,4.0,,+918046801974,https://www.practo.com/bangalore/hospital/t-r-hospital-jp-nagar?referrer=hospital_listing,,VN,practo,,1.0,canonical,425,Q3,,Premium,0.278706
hosp_55a5a92356db2f89,Arka Anugraha Hospital,arka anugraha hospital,Bangalore,Hospital,JP Nagar 6 Phase,,12.915906413253673,77.56191183090426,8760145a4ffffff,,5.0,5.0,True,,600.0,2000.0,,2.0,,+917317117055,https://www.practo.com/bangalore/hospital/arka-anugraha-hospital-jp-nagar-6-phase?referrer=hospital_listing,https://images1-fabric.practo.com/practices/1468830/arka-anugraha-hospital-bangalore-6697a33dc5a7b.jpeg,ABS,practo,,1.0,canonical,426,Q3,,Premium,0.278663
hosp_091d1f06b4d4bcbb,Dr Rudrappas Hospital,dr rudrappas hospital,Bangalore,Hospital,Richmond Town,,12.96481,77.5956,87618925affffff,,7.0,7.0,True,,300.0,500.0,4.0,82.0,1980.0,+918046808476,https://www.practo.com/bangalore/hospital/dr-rudrappa-first-class-eye-care-hospital-richmond-town?referrer=hospital_listing,,VN,practo,,1.0,canonical,427,Q3,,Premium,0.27866
hosp_b4897acc8c691797,SPANDANA HEART AND SUPER SPECIALITY HOSPITAL,spandana heart super speciality hospital,Bangalore,Hospital,Sarjapur Road,,12.911873,77.615653,876189243ffffff,,17.0,20.0,True,,350.0,950.0,4.0,77.0,,+918046801976,https://www.practo.com/bangalore/hospital/spandana-hospital-3-sarjapur-road?referrer=hospital_listing,https://images1-fabric.practo.com/practices/1406217/spandana-heart-and-superspecialty-hospital-bangalore-6385e0a9d3d56.png,VN,practo,,1.0,canonical,428,Q3,,Premium,0.278602
hosp_8bbe5a38c19f95b5,Kosmoderma Skin Hair Body Clinics,kosmoderma skin hair body clinics,Bangalore,Hospital,JP Nagar 4 Phase,,12.9069576,77.5996856,87618925dffffff,,1.0,1.0,True,3.0,1000.0,1000.0,4.5,30.0,,+918045685300,https://www.practo.com/bangalore/hospital/kosmoderma-skin-and-hair-clinics-jp-nagar-4-phase?referrer=hospital_listing,https://images1-fabric.practo.com/practices/625995/kosmoderma-skin-hair-clinics-bangalore-62691abdf22a0.jpg,VN,practo,,1.0,canonical,429,Q3,,Premium,0.278518
hosp_b5940b781fd902a8,Chiraayu Hospital,chiraayu hospital,Bangalore,Hospital,Jayamahal,,13.009387707657,77.594743666476,8760145b6ffffff,,3.0,6.0,True,,300.0,300.0,,7.0,,+918071966535,https://www.practo.com/bangalore/hospital/chiraayu-hospital-jayamahal?referrer=hospital_listing,https://images1-fabric.practo.com/chiraayu-hospital-bangalore-1489395695-58c65fefc1a5d.png,VN,practo,,1.0,canonical,430,Q3,,Premium,0.278239
hosp_3188213ca4b5960e,Cloudnine Hospital,cloudnine hospital,Bangalore,Hospital,Varthur,,12.959055427054768,77.74153567829565,87618920effffff,,18.0,8.0,True,14.0,500.0,1200.0,4.0,142.0,1990.0,+918069451969,https://www.practo.com/bangalore/hospital/cloudnine-hospital-varthur-road-whitefield?referrer=hospital_listing,https://images1-fabric.practo.com/practices/1451884/cloudnine-hospital-varthur-road-bangalore-65d30f6e6442d.jpeg,ABS,practo,,1.0,canonical,431,Q3,,Premium,0.278196
hosp_bf4d4293fa504c8a,"Sagar Hospital, Kumaraswamy Layout, Bangalore",sagar hospital kumaraswamy layout bangalore,Bangalore,Hospital,Minhaj Nagar,,12.9081233,77.5649846,87618924bffffff,,3.0,6.0,True,,0.0,0.0,,,,+918046801992,https://www.practo.com/bangalore/hospital/sagar-hospital-kumaraswamy-layout-bangalore-minhaj-nagar?referrer=hospital_listing,,VN,practo,,1.0,canonical,432,Q3,,Premium,0.278089
hosp_0367aa3fccf92dbd,Shanbhag Hospital ,shanbhag hospital,Bangalore,Hospital,Basaveshwaranagar,,12.9856688,77.5435524,8760145b1ffffff,,3.0,2.0,True,,0.0,500.0,4.5,15.0,,+918061914940,https://www.practo.com/bangalore/hospital/shanbhag-hospital-basaveshwaranagar-1?referrer=hospital_listing,,VN,practo,,1.0,canonical,433,Q3,,Premium,0.278014
hosp_21275747a2249f0d,Olympus Hospital,olympus hospital,Bangalore,Hospital,Rajarajeshwarinagar,,12.91491752097987,77.51874647116418,876014512ffffff,,6.0,4.0,True,,450.0,950.0,,,,+918045883596,https://www.practo.com/bangalore/hospital/olympus-hospital-rajarajeshwarinagar?referrer=hospital_listing,https://images1-fabric.practo.com/practices/2076905/olympus-hospital-bangalore-68678e7056d3e.png,ABS,practo,,1.0,canonical,434,Q3,,Premium,0.277924
hosp_06401f12a35846b8,Acharya Tulasi Jain  Hospital,acharya tulasi jain hospital,Bangalore,Hospital,Yeshwanthpur,,13.021725,77.5568716,876014594ffffff,,2.0,3.0,True,,150.0,200.0,4.5,13.0,,+918046808409,https://www.practo.com/bangalore/hospital/acharya-tulsi-jain-hospital-yeshwanthpur-1?referrer=hospital_listing,,VN,practo,,1.0,canonical,435,Q3,,Premium,0.277895
hosp_6e678d04aa432d76,"Manipal Hospital, Hebbal, Bangalore",manipal hospital hebbal bangalore,Bangalore,Hospital,Chiranjeevi Layout,,13.0509374,77.5939248,8761892c8ffffff,,24.0,18.0,False,,0.0,1000.0,,,,+918048816825,https://www.practo.com/bangalore/hospital/manipal-hospital-hebbal-bangalore-chiranjeevi-layout?referrer=hospital_listing,,VN,practo,,1.0,canonical,436,Q3,,Premium,0.276933
hosp_16f5c05e80b6496c,Dr. Agarwal's Eye Hospital,dr agarwal s eye hospital,Bangalore,Hospital,Banashankari,,12.92699648196332,77.54717842620592,8760145a5ffffff,,5.0,4.0,True,9.0,400.0,500.0,,4.0,,+918047093688,https://www.practo.com/bangalore/hospital/dr-agarwal-s-eye-hospital-12-banashankari?referrer=hospital_listing,https://images1-fabric.practo.com/practices/1369909/dr-agarwal-s-eye-hospital-bangalore-62878f63790eb.png,VN,practo,,1.0,canonical,437,Q3,,Premium,0.276783
hosp_5b88ab37688c5f59,Koc Hospital,koc hospital,Bangalore,Hospital,Kengeri,,12.911068543284,77.480544891764,8760145adffffff,,5.0,4.0,False,,400.0,500.0,5.0,28.0,,+918071966843,https://www.practo.com/bangalore/hospital/koc-hospital-kengeri?referrer=hospital_listing,https://images1-fabric.practo.com/practices/1371918/koc-hospital-bangalore-6815d0b40be15.png,VN,practo,,1.0,canonical,438,Q3,,Premium,0.276777
hosp_46d5398ca957e43f,Santhigiri Ayurveda Hospital,santhigiri ayurveda hospital,Bangalore,Hospital,HSR Layout,,12.915371101729,77.634142988397,876189242ffffff,,5.0,4.0,True,,0.0,350.0,,,,+918037298749,https://www.practo.com/bangalore/hospital/santhigiri-ayurveda-and-siddha-hospital-1-hsr-layout?referrer=hospital_listing,https://images1-fabric.practo.com/practices/1257093/santhigiri-ayurveda-and-siddha-hospital-bangalore-5e6605046c45b.png,VN,practo,,1.0,canonical,439,Q3,,Premium,0.276697
hosp_4b4b3616a87eed1c,Shreya Hospital,shreya hospital,Bangalore,Hospital,Kengeri,,12.959829,77.521775,8760145a3ffffff,,5.0,4.0,True,,0.0,750.0,,,,+918047193422,https://www.practo.com/bangalore/hospital/shreya-hospital-kengeri-1?referrer=hospital_listing,https://images1-fabric.practo.com/practices/811795/shreya-hospital-bangalore-6656bf000dd1e.png,VN,practo,,1.0,canonical,440,Q3,,Premium,0.276697
hosp_fbcb956fb568f8b0,Spandana Nursing Home,spandana nursing home,Bangalore,Hospital,Rajajinagar,,12.9847892,77.5580021,8760145b1ffffff,,12.0,12.0,True,,0.0,500.0,3.0,14.0,1980.0,+918046808338,https://www.practo.com/bangalore/hospital/spandana-nursing-home-rajajinagar?referrer=hospital_listing,,VN,practo,,1.0,canonical,441,Q3,,Premium,0.276511
hosp_bb0453321784fe92,Avhieta Health Care and Hospital,avhieta health care hospital,Bangalore,Hospital,Kothanur,,13.057591349524593,77.6483765244484,8761892c3ffffff,,2.0,2.0,True,,300.0,400.0,4.5,14.0,,+918061914205,https://www.practo.com/bangalore/hospital/avhieta-health-care-and-hospital-kothanur?referrer=hospital_listing,,VN,practo,,1.0,canonical,442,Q3,,Premium,0.276386
hosp_f1e33aa953337ff1,Nova IVF Fertility,nova ivf fertility,Bangalore,Hospital,Basaveshwaranagar,,13.006732098061546,77.58381843566895,8760145b2ffffff,,3.0,2.0,True,3.0,750.0,750.0,4.5,11.0,,+918071966512,https://www.practo.com/bangalore/hospital/nova-ivi-fertility-basveshwaranagar?referrer=hospital_listing,https://images1-fabric.practo.com/practices/1139496/nova-ivi-fertility-bangalore-5dde43d233213.jpg,VN,practo,,1.0,canonical,443,Q3,,Premium,0.276334
hosp_c813d0ac160e38fa,Ikaria speciality clinic,ikaria speciality clinic,Bangalore,Hospital,Panduranga Nagar,,12.892252167624,77.594467893254,87618924effffff,,1.0,2.0,True,,400.0,400.0,,,2016.0,+918061933496,https://www.practo.com/bangalore/hospital/ikaria-arekere?referrer=hospital_listing,https://images1-fabric.practo.com/practices/1150734/ikaria-bangalore-595c9dc8b4830.jpg,VN,practo,,1.0,canonical,444,Q3,,Premium,0.276276
hosp_089993212cf91987,Holistic Life Care,holistic life care,Bangalore,Hospital,Electronics City,,12.84435512750071,77.64769691973925,876189263ffffff,,3.0,5.0,True,,350.0,650.0,,2.0,,+914067822631,https://www.practo.com/bangalore/hospital/swaasthyahitham-kukatpally?referrer=hospital_listing,https://images1-fabric.practo.com/practices/1599765/hlc-ayurveda-nature-cure-674d851931e35.png,VN,practo,,1.0,canonical,445,Q3,,Premium,0.276209
hosp_fa3532628cc69c72,Oncology International,oncology international,Bangalore,Hospital,Malleswaram,,13.002464390159,77.578652501106,8760145b0ffffff,,3.0,5.0,True,2.0,750.0,900.0,,2.0,,+913340589373,https://www.practo.com/bangalore/hospital/oncology-india-malleswaram?referrer=hospital_listing,https://images1-fabric.practo.com/practices/645886/oncology-international-bangalore-6676c06227184.png,VN,practo,,1.0,canonical,446,Q3,,Premium,0.276209
hosp_c1d2cf28c26ab8a3,Shri Vijayalakshmi Hospital & Trauma Centre,shri vijayalakshmi hospital trauma centre,Bangalore,Hospital,Hennur,,13.03756822013636,77.64111042022705,8761892c1ffffff,,3.0,5.0,True,,0.0,1000.0,,,,+918046801973,https://www.practo.com/bangalore/hospital/shri-vijayalakshmi-hospital-trauma-centre-hennur?referrer=hospital_listing,,VN,practo,,1.0,canonical,447,Q3,,Premium,0.276166
hosp_9fd210cb0d91397e,KIMS Hospital,kims hospital,Bangalore,Hospital,Banashankari 2nd Stage,,12.926540258845288,77.56266117095947,8760145a4ffffff,,3.0,5.0,True,,0.0,500.0,,,,+918046801971,https://www.practo.com/bangalore/hospital/kims-hospital-banashankari-2nd-stage?referrer=hospital_listing,https://images1-fabric.practo.com/practices/635146/kims-hospital-bangalore-66581685b5932.png,VN,practo,,1.0,canonical,448,Q3,,Premium,0.276166
hosp_ab72e652801dffaf,Uvincare Hospital,uvincare hospital,Bangalore,Hospital,Indiranagar,,12.977700410754982,77.62836580863328,8761892edffffff,,4.0,4.0,True,,500.0,500.0,,2.0,,+918071966818,https://www.practo.com/bangalore/hospital/uvincare-hospital-indiranagar?referrer=hospital_listing,https://images1-fabric.practo.com/practices/1428217/uvincare-hospital-bangalore-649bfcf2694de.jpg,VN,practo,,1.0,canonical,449,Q3,,Premium,0.275513
hosp_65bca28f3a3bafbc,Clinikk Health Hub,clinikk health hub,Bangalore,Hospital,Basaveshwaranagar,,12.9917031,77.4547165,876014588ffffff,,1.0,1.0,False,9.0,350.0,350.0,5.0,37.0,,+918047111402,https://www.practo.com/bangalore/hospital/clinikk-health-hub-nagarbhavi-nagarbhavi?referrer=hospital_listing,https://images1-fabric.practo.com/practices/1400931/clinikk-health-hub-nagarbhavi-bangalore-632858e09835c.jpg,ABS,practo,,1.0,canonical,450,Q3,,Premium,0.275432
hosp_ae62aac24d51e22a,Vasan Eye Care Hospital,vasan eye care hospital,Bangalore,Hospital,Vijayanagar,,12.9689534,77.5353957,876014584ffffff,,1.0,1.0,True,,200.0,200.0,,,2015.0,+918046801976,https://www.practo.com/bangalore/hospital/vasan-eye-care-hospital-vijayanagar?referrer=hospital_listing,https://images1-fabric.practo.com/practices/967057/vasan-eye-care-hospital-bangalore-6669963ed665e.png,VN,practo,,1.0,canonical,451,Q3,,Premium,0.275187
hosp_9f6646d43e73250f,Motherhood Fertility and IVF,motherhood fertility ivf,Bangalore,Hospital,Electronics City,,12.840608,77.65052,876189260ffffff,,2.0,2.0,True,5.0,900.0,1000.0,4.5,11.0,,+918047091254,https://www.practo.com/bangalore/hospital/motherhood-fertility-electronic-city-electronics-city?referrer=hospital_listing,https://images1-fabric.practo.com/practices/1268904/motherhood-fertility-electronic-city-bangalore-5da1ab1c2458c.jpg,RFA,practo,,1.0,canonical,452,Q3,,Premium,0.275107
hosp_75006664f4773445,Sevakshetra Hospital,sevakshetra hospital,Bangalore,Hospital,Banashankari 2nd Stage,,12.921297,77.5721534,87618924affffff,,10.0,10.0,True,,0.0,250.0,4.0,18.0,,+918046801969,https://www.practo.com/bangalore/hospital/sevakshetra-hospital-banashankari-2nd-stage?referrer=hospital_listing,,VN,practo,,1.0,canonical,453,Q3,,Premium,0.275007
hosp_5718bf39263899ae,Vasan Dental Care,vasan dental care,Bangalore,Hospital,Rajajinagar,,13.0006619,77.550433,8760145b3ffffff,,8.0,1.0,False,4.0,0.0,100.0,,3.0,1947.0,+918071966535,https://www.practo.com/bangalore/hospital/vasan-dental-care-rajajinagar-1?referrer=hospital_listing,https://images1-fabric.practo.com/practices/1152732/vasan-dental-care-bangalore-597314c0156ab.jpeg,VN,practo,,1.0,canonical,454,Q3,,Premium,0.274673
hosp_6553947d051c6243,Nuo Garden City Eye Hospital,nuo garden city eye hospital,Bangalore,Hospital,Nagarabhavi Main Road,,12.9623571,77.5259816,8760145a3ffffff,,1.0,2.0,True,,0.0,600.0,4.5,12.0,,+918071966850,https://www.practo.com/bangalore/hospital/nuo-garden-city-eye-hospital-nagarbhavi-main-road?referrer=hospital_listing,,ABS,practo,,1.0,canonical,455,Q3,,Premium,0.274319
hosp_51be892ae8e98538,Abayahasta Multispeciality Hospital,abayahasta multispeciality hospital,Bangalore,Hospital,Kaggadasapura,,12.985428761968253,77.67246846109629,8761892e1ffffff,,3.0,4.0,True,,0.0,600.0,,,,+918046801974,https://www.practo.com/bangalore/hospital/abayahasta-superspeciality-hospital-kaggadasapura?referrer=hospital_listing,,VN,practo,,1.0,canonical,456,Q3,,Premium,0.274243
hosp_28ed4a1abfa98cec,Vasavi Hospital,vasavi hospital,Bangalore,Hospital,Kumaraswamy Layout,,12.904012,77.560366,87618924bffffff,,21.0,16.0,True,,0.0,1050.0,4.0,87.0,,+913340589373,https://www.practo.com/bangalore/hospital/vasavi-hospital-kumaraswamy-layout-2?referrer=hospital_listing,https://images1-fabric.practo.com/practices/1072492/vasavi-hospital-bangalore-60310d994a697.jpeg,VN,practo,,1.0,canonical,457,Q3,,Premium,0.273887
hosp_009f2e255e14ab93,Aspire Hospital,aspire hospital,Bangalore,Hospital,Benson Town,,12.9236992,77.6142848,87618925cffffff,,4.0,3.0,True,,500.0,1000.0,,,,+918045685829,https://www.practo.com/bangalore/hospital/aspire-hospital-benson-town?referrer=hospital_listing,https://images1-fabric.practo.com/practices/1418896/aspire-hospital-bangalore-643653f7bcd8c.jpg,VN,practo,,1.0,canonical,458,Q3,,Premium,0.273547
hosp_eeca77f8e945aa6d,Hope Hospital,hope hospital,Bangalore,Hospital,KR Puram,,13.019610821925,77.708258389918,8761892f5ffffff,,16.0,14.0,True,,300.0,1050.0,4.0,49.0,,+918047106919,https://www.practo.com/bangalore/hospital/hope-hospital-kr-puram?referrer=hospital_listing,https://images1-fabric.practo.com/practices/1445585/hope-hospital-bangalore-657b11ecb7206.jpeg,ABS,practo,,1.0,canonical,459,Q3,,Premium,0.273546
hosp_9dcb9fc3081299f2,Bangalore Dental Hospital and Children's Clinic,bangalore dental hospital children s clinic,Bangalore,Hospital,Haralur,,12.900786813243,77.659830251191,876189246ffffff,,7.0,1.0,True,,100.0,200.0,,4.0,,+918045687379,https://www.practo.com/bangalore/hospital/bangalore-dental-hospital-and-children-s-clinic-harlur?referrer=hospital_listing,https://images1-fabric.practo.com/practices/665216/bangalore-dental-hospital-and-children-s-clinic-bangalore-5f43c7881b6ae.jpg,VN,practo,,1.0,canonical,460,Q3,,Premium,0.273467
hosp_2cc811cfc739c8a7,KIMS Hospitals,kims hospitals,Bangalore,Hospital,Electronics City,,12.83994,77.677,876189266ffffff,,2.0,4.0,True,,1000.0,1000.0,,,,+918071966821,https://www.practo.com/bangalore/hospital/kims-hospital-electronics-city?referrer=hospital_listing,https://images1-fabric.practo.com/practices/2193276/kims-hospital-electronics-city-6a15624d0bd36.png,VN,practo,,1.0,canonical,461,Q3,,Premium,0.273016
hosp_f6f98602cb022a49,Shekhar Hospital - Basavanagudi,shekhar hospital basavanagudi,Bangalore,Hospital,Basavanagudi,,12.9458891,77.5678943,8760145a6ffffff,,5.0,2.0,True,,0.0,350.0,,7.0,,+918046801969,https://www.practo.com/bangalore/hospital/shekhar-hospital-basavanagudi-basavanagudi?referrer=hospital_listing,,VN,practo,,1.0,canonical,462,Q3,,Premium,0.273
hosp_5bbd71c820f2b4e7,The Venlakh Hospital,venlakh hospital,Bangalore,Hospital,Chamarajpet,,12.9570052,77.5643906,8760145a6ffffff,,3.0,3.0,True,,0.0,300.0,,6.0,,+918061915007,https://www.practo.com/bangalore/hospital/venlakh-hospital-chamarajpet?referrer=hospital_listing,https://images1-fabric.practo.com/practices/637490/the-venlakh-hospital-bangalore-666d49a70b9d0.png,VN,practo,,1.0,canonical,463,Q3,,Premium,0.272448
hosp_fcdf63579883fa76,Matru Multispeciality Hospital,matru multispeciality hospital,Bangalore,Hospital,Basaveshwaranagar,,12.989629,77.538904,876014586ffffff,,3.0,3.0,True,,250.0,650.0,,5.0,,+918047186181,https://www.practo.com/bangalore/hospital/mathru-nursing-home-basaveshwaranagar?referrer=hospital_listing,https://images1-fabric.practo.com/practices/662186/matru-nursing-home-trauma-care-centre-bangalore-65bb550739f3b.jpg,VN,practo,,1.0,canonical,464,Q3,,Premium,0.272427
hosp_d25058abaad130c5,Shifaa Hospital,shifaa hospital,Bangalore,Hospital,Shivaji Nagar,,12.989629463233504,77.59911239147186,8760145b6ffffff,,3.0,3.0,True,,200.0,500.0,,3.0,,+918071966536,https://www.practo.com/bangalore/hospital/shifaa-hospital-vasanthnagar?referrer=hospital_listing,https://images1-fabric.practo.com/practices/688536/shifaa-hospital-bangalore-6661851e6ccb5.png,VN,practo,,1.0,canonical,465,Q3,,Premium,0.272384
hosp_d55dc1334e04749f,Seven Hills Hospital,seven hills hospital,Bangalore,Hospital,Doddaballapura,,13.327891527349,77.533647696459,87601680affffff,,3.0,3.0,True,,400.0,500.0,,2.0,,+918071966059,https://www.practo.com/bangalore/hospital/seven-hills-hospital-1-doddaballapura?referrer=hospital_listing,https://images1-fabric.practo.com/practices/1457468/seven-hills-hospital-bangalore-661f7df284982.jpeg,ABS,practo,,1.0,canonical,466,Q3,,Premium,0.272363
hosp_9ae16e2a96b58bb7,Dr. Levine's Memorial Hospital Unit-2,dr levine s memorial hospital unit 2,Bangalore,Hospital,Bommanahalli,,12.9066754,77.6286697,876189242ffffff,,3.0,3.0,True,1.0,250.0,500.0,,2.0,,+918047111993,https://www.practo.com/bangalore/hospital/dr-levine-s-memorial-hospital-unit-2-bommanahalli?referrer=hospital_listing,https://images1-fabric.practo.com/practices/1274953/dr-levine-s-memorial-hospital-unit-2-bangalore-5e1810c91e6f7.JPG,VN,practo,,1.0,canonical,467,Q3,,Premium,0.272363
hosp_33d617a81b8ed44a,St. Theresa Hospital,st theresa hospital,Bangalore,Hospital,Rajajinagar,,13.0066708,77.5544338,8760145b3ffffff,,3.0,3.0,True,,0.0,300.0,,2.0,,+918046801974,https://www.practo.com/bangalore/hospital/st-theresa-hospital-rajajinagar-1?referrer=hospital_listing,,VN,practo,,1.0,canonical,468,Q3,,Premium,0.272363
hosp_043b030b3b40f0df,Kempegowda Hospital,kempegowda hospital,Bangalore,Hospital,VV Puram,,12.955436490294,77.577432746387,87618925bffffff,,3.0,3.0,True,,20.0,1500.0,,2.0,,+918071966535,https://www.practo.com/bangalore/hospital/kempegowda-institute-of-medical-research-center-jayanagar-5-block?referrer=hospital_listing,https://images1-fabric.practo.com/practices/630348/kempegowda-hospital-bangalore-6656bd7db3cd5.png,VN,practo,,1.0,canonical,469,Q3,,Premium,0.272363
hosp_949a02d81e73823f,Vishwa Bharathi Hospital,vishwa bharathi hospital,Bangalore,Hospital,Banashankari 1st Stage,,12.9402436,77.5644798,8760145a6ffffff,,3.0,3.0,True,,0.0,500.0,,,,+918071966536,https://www.practo.com/bangalore/hospital/vishwa-bharathi-hospital-banashankari-1st-stage?referrer=hospital_listing,,VN,practo,,1.0,canonical,470,Q3,,Premium,0.27232
hosp_5f2e9a445ac4f56a,Apex Hospital,apex hospital,Bangalore,Hospital,Sathanur,,13.115123656240465,77.63404816389084,8761892daffffff,,3.0,3.0,True,,500.0,600.0,,,,+918047091255,https://www.practo.com/bangalore/hospital/apex-multi-specialty-hospital-bangalore-sathanur?referrer=hospital_listing,https://images1-fabric.practo.com/practices/1391041/apex-hospital-bangalore-6864fb125dde5.jpg,VN,practo,,1.0,canonical,471,Q3,,Premium,0.27232
hosp_8162a51af11940ee,JMJ Hospital,jmj hospital,Bangalore,Hospital,Nagawara,,13.039846804931,77.623085975647,8761892ccffffff,,1.0,4.0,True,,400.0,400.0,,8.0,,+918047111760,https://www.practo.com/bangalore/hospital/jmj-hospital-nagawara-2?referrer=hospital_listing,https://images1-fabric.practo.com/practices/1270997/jmj-hospital-bangalore-5dcb9c2f4d76b.jpg,VN,practo,,1.0,canonical,472,Q3,,Premium,0.27196
hosp_bced5a4e4d0cd274,Sadhana Eye Hospital,sadhana eye hospital,Bangalore,Hospital,Ulsoor,,12.96993,77.63081,8761892edffffff,,1.0,1.0,False,,300.0,300.0,5.0,21.0,2009.0,+918045686415,https://www.practo.com/bangalore/hospital/sadhana-eye-hospital-ulsoor-1?referrer=hospital_listing,https://images1-fabric.practo.com/practices/793968/sadhana-eye-hospital-bangalore-666d42dfe25c3.png,VN,practo,,1.0,canonical,473,Q3,,Premium,0.271405
hosp_48585adb4ea67bc3,Panacea Hospital,panacea hospital,Bangalore,Hospital,Basaveshwaranagar,,12.988548,77.537665,876014584ffffff,,2.0,3.0,True,,400.0,500.0,,5.0,,+918046801981,https://www.practo.com/bangalore/hospital/panacea-hospital-basaveshwaranagar-2?referrer=hospital_listing,https://images1-fabric.practo.com/practices/1121907/panacea-hospital-bangalore-664853ec7594b.png,VN,practo,,1.0,canonical,474,Q3,,Premium,0.2712
hosp_2eb4dd6b2eb7a5e0,SG Hospital,sg hospital,Bangalore,Hospital,Banashankari,,,,,,2.0,3.0,True,,0.0,200.0,,4.0,,+918046801974,https://www.practo.com/bangalore/hospital/sg-hospital-banashankari?referrer=hospital_listing,,VN,practo,,0.6,canonical,475,Q3,,Premium,0.271178
hosp_400e4ff3cbb3d78e,Jayashree Multispeciality Hospital,jayashree multispeciality hospital,Bangalore,Hospital,Begur,,12.881652,77.6261146,876189240ffffff,,21.0,14.0,True,,0.0,1000.0,4.0,415.0,2010.0,+918068960983,https://www.practo.com/bangalore/hospital/jayashree-multispeciality-hospital-begur?referrer=hospital_listing,https://images1-fabric.practo.com/jayashree-multispeciality-hospital-bangalore-1469187213-5792048db99ba.jpg,VN,practo,,1.0,canonical,476,Q3,,Premium,0.271166
hosp_ab3ce6ea24faf0f5,Unity Hospital,unity hospital,Bangalore,Hospital,Rajarajeshwarinagar,,12.910659252944294,77.52083044499159,876014512ffffff,,2.0,3.0,True,,350.0,500.0,,2.0,,+918071966525,https://www.practo.com/bangalore/hospital/unity-hospital-rajarajeshwari-nagar-bangalore-rajarajeshwarinagar?referrer=hospital_listing,https://images1-fabric.practo.com/practices/1143035/unity-hospital-bangalore-6658037853b9a.png,VN,practo,,1.0,canonical,477,Q3,,Premium,0.271136
hosp_1e0546a47d13e70b,Dr. Agarwal's Eye Hospital,dr agarwal s eye hospital,Bangalore,Hospital,Bannerghatta Road,,12.912236368748596,77.59956537174996,87618925dffffff,,5.0,1.0,True,9.0,0.0,500.0,,8.0,,+918047186782,https://www.practo.com/bangalore/hospital/dr-agarwal-s-eye-hospital-12-bannerghatta-road?referrer=hospital_listing,https://images1-fabric.practo.com/practices/1369920/dr-agarwal-s-eye-hospital-bangalore-62878f4e35c38.png,VN,practo,,1.0,canonical,478,Q3,,Premium,0.271099
hosp_a6385f8496803f23,NRV Hospital,nrv hospital,Bangalore,Hospital,Vidyanagar,,13.1631294,77.6293574,876016976ffffff,,2.0,3.0,True,,0.0,300.0,,,,+918071966536,https://www.practo.com/bangalore/hospital/nrv-hospital-vidyanagar?referrer=hospital_listing,https://images1-fabric.practo.com/practices/687137/nrv-hospital-bangalore-6669818cd6f38.png,VN,practo,,1.0,canonical,479,Q3,,Premium,0.271093
hosp_9f7b68eb51564765,Dr. Agarwal's Eye Hospital,dr agarwal s eye hospital,Bangalore,Hospital,Rajarajeshwarinagar,,12.9294199,77.5117643,8760145acffffff,,5.0,1.0,True,9.0,500.0,800.0,,,,+918048816946,https://www.practo.com/bangalore/hospital/dr-agarwal-s-eye-hospital-12-rajarajeshwarinagar?referrer=hospital_listing,https://images1-fabric.practo.com/practices/1369935/dr-agarwal-s-eye-hospital-bangalore-628791332ab03.png,VN,practo,,1.0,canonical,480,Q3,,Premium,0.270928
hosp_a91c350e9cb56943,Apollo Cradle & Children's Hospital,apollo cradle children s hospital,Bangalore,Hospital,Hosur Road,,12.86964514334962,77.65427155832799,876189244ffffff,,14.0,8.0,False,,900.0,1200.0,4.5,125.0,,+918069453968,https://www.practo.com/bangalore/hospital/apollo-speciality-hospitals-hosur-road?referrer=hospital_listing,https://images1-fabric.practo.com/practices/1691212/apollo-cradle-children-s-hospital-bangalore-67f4a7ed38e65.jpeg,ABS,practo,,1.0,canonical,481,Q3,,Premium,0.270685
hosp_e87e1f47c3e0e6b4,Cloudnine Fertility,cloudnine fertility,Bangalore,Hospital,Sahakaranagar,,13.058412311138609,77.58818753863073,8761892cbffffff,,3.0,2.0,True,11.0,1000.0,1000.0,,3.0,,+918047111760,https://www.practo.com/bangalore/hospital/cloudnine-fertility-ivf-center-sahakaranagar?referrer=hospital_listing,https://images1-fabric.practo.com/practices/1423901/cloudnine-fertility-ivf-center-bangalore-646740f9350ea.PNG,ABS,practo,,1.0,canonical,482,Q3,,Premium,0.270461
hosp_8e89215da6042e6e,Asha Hospital and Research Centre,asha hospital research centre,Bangalore,Hospital,BTM Layout,,12.9053371,77.6097195,876189243ffffff,,3.0,2.0,True,,0.0,1000.0,,3.0,,+918068960986,https://www.practo.com/bangalore/hospital/asha-hospital-and-research-centre-btm-layout?referrer=hospital_listing,https://images1-fabric.practo.com/practices/1469118/asha-hospital-and-research-centre-bangalore-669b9cd198fb2.jpg,active,practo,,1.0,canonical,483,Q3,,Premium,0.270461
hosp_8d4cbbed98f66935,G.G. Hospital,g g hospital,Bangalore,Hospital,Indiranagar,,12.9730324,77.6412151,8761892ecffffff,,3.0,2.0,True,,0.0,400.0,,2.0,,+918071966536,https://www.practo.com/bangalore/hospital/g-g-hospital-indiranagar?referrer=hospital_listing,,VN,practo,,1.0,canonical,484,Q3,,Premium,0.27044
hosp_5a063c188a47c4a5,Church Of South India Hospital,church south hospital,Bangalore,Hospital,Shivaji Nagar,,12.991886,77.6010351,8760145b6ffffff,,3.0,2.0,True,,100.0,350.0,,,,+918071966536,https://www.practo.com/bangalore/hospital/church-of-south-india-hospital-shivajinagar?referrer=hospital_listing,https://images1-fabric.practo.com/practices/636806/church-of-south-india-hospital-bangalore-666979a3e15a0.png,VN,practo,,1.0,canonical,485,Q3,,Premium,0.270397
hosp_6174be3a8f8706b8,Jupiter Hospital,jupiter hospital,Bangalore,Hospital,Malleswaram,,12.9993169,77.566161,8760145b0ffffff,,1.0,3.0,True,,200.0,200.0,,9.0,,+918071966846,https://www.practo.com/bangalore/hospital/jupiter-hospital-2-malleswaram?referrer=hospital_listing,https://images1-fabric.practo.com/practices/1237692/jupiter-hospital-bangalore-67dea1ff4d271.png,VN,practo,,1.0,canonical,486,Q3,,Premium,0.270058
hosp_ac7f5a07228865a5,NDR Hospital,ndr hospital,Bangalore,Hospital,Yelahanka New Town,,13.098582898191,77.581985734292,876016960ffffff,,1.0,3.0,True,,350.0,350.0,,5.0,,+918045685302,https://www.practo.com/bangalore/hospital/people-tree-hospitals-1-yelahanka-new-town?referrer=hospital_listing,https://images1-fabric.practo.com/practices/1310319/ndr-hospital-bangalore-667444662b81e.png,VN,practo,,1.0,canonical,487,Q3,,Premium,0.269973
hosp_a812d797b3dd216d,Sreenagar Nursing Home,sreenagar nursing home,Bangalore,Hospital,Srinagar,,12.952681245215,77.549722194672,8760145a2ffffff,,1.0,3.0,True,,500.0,500.0,,,,+918046801982,https://www.practo.com/bangalore/hospital/sreenagar-nursing-home-srinagar?referrer=hospital_listing,,VN,practo,,1.0,canonical,488,Q3,,Premium,0.269866
hosp_90a63a8e5fa69080,Rushali Hospital,rushali hospital,Bangalore,Hospital,Ulsoor,,12.9781816,77.6315122,8761892edffffff,,1.0,3.0,True,,0.0,0.0,,,,+918061933691,https://www.practo.com/bangalore/hospital/rushali-hospital-ulsoor?referrer=hospital_listing,,active,practo,,1.0,canonical,489,Q3,,Premium,0.269866
hosp_2f3ad4e87f0f3a1d,Partha Dental  Skin Hair,partha dental skin hair,Bangalore,Hospital,Nagarbhavi,,12.96043,77.512999,876014585ffffff,,4.0,1.0,True,26.0,0.0,0.0,,6.0,,+918068960988,https://www.practo.com/bangalore/hospital/partha-dental-skin-and-hair-nagarbhavi?referrer=hospital_listing,https://images1-fabric.practo.com/practices/1428054/partha-dental-skin-and-hair-bangalore-649a8583d6d55.PNG,VN,practo,,1.0,canonical,490,Q3,,Premium,0.269829
hosp_e875abfd82366163,Partha Dental  Skin Hair,partha dental skin hair,Bangalore,Hospital,Marathahalli,,15.1690818,75.3733292,8760ac213ffffff,,4.0,1.0,True,26.0,0.0,0.0,,5.0,,+918047111991,https://www.practo.com/bangalore/hospital/partha-dental-skin-and-hair-marathahalli?referrer=hospital_listing,https://images1-fabric.practo.com/practices/1324082/partha-dental-skin-and-hair-bangalore-64acfbb25f106.PNG,VN,practo,,1.0,canonical,491,Q3,,Premium,0.269808
hosp_ecf64c3ab7c9fd20,Regal Hospital,regal hospital,Bangalore,Hospital,Hegde Nagar,,13.083329255955,77.634957432747,8761892ddffffff,,21.0,19.0,True,,0.0,1300.0,4.0,201.0,,+918047489635,https://www.practo.com/bangalore/hospital/regal-hospital-hegde-nagar?referrer=hospital_listing,https://images1-fabric.practo.com/practices/776822/regal-hospital-bangalore-5b2b7d46679bc.png,ABS,practo,,1.0,canonical,492,Q3,,Premium,0.269722
hosp_58729e1d4c14c5b7,Kidwai Memorial Institute of Oncology,kidwai memorial institute oncology,Bangalore,Hospital,Hosur Road,,12.937569,77.598535,876189258ffffff,,4.0,1.0,True,,0.0,500.0,,,,+918046801969,https://www.practo.com/bangalore/hospital/kidwai-memorial-institute-of-oncology-hosur-road?referrer=hospital_listing,https://images1-fabric.practo.com/practices/665883/kidwai-memorial-institute-of-oncology-bangalore-6651cf7e13ec6.png,VN,practo,,1.0,canonical,493,Q3,,Premium,0.269701
hosp_0477a212f9ceb1f0,Omega Multispeciality Hospital,omega multispeciality hospital,Bangalore,Hospital,Yelahanka New Town,,13.100817,77.582031,876016960ffffff,,2.0,2.0,True,,250.0,500.0,,6.0,,+918071966502,https://www.practo.com/bangalore/hospital/omega-multispeciality-hospital-yelahanka-new-town?referrer=hospital_listing,https://images1-fabric.practo.com/omega-multispeciality-hospital-bangalore-1466142187-57638deb58acf.jpg,VN,practo,,1.0,canonical,494,Q3,,Premium,0.269298
hosp_5f5ec50694093ef9,Roshini Nursing Home,roshini nursing home,Bangalore,Hospital,Wilson Garden,,12.9486236,77.6001752,876189258ffffff,,2.0,2.0,True,,400.0,600.0,,6.0,,+918071031227,https://www.practo.com/bangalore/hospital/roshini-nursing-home-wilson-garden?referrer=hospital_listing,,VN,practo,,1.0,canonical,495,Q3,,Premium,0.269298
hosp_ebe15a420d54058f,Mamta Nursing Home,mamta nursing home,Bangalore,Hospital,Wilson Garden,,12.9624249,77.5919044,87618925bffffff,,2.0,2.0,True,,150.0,250.0,,4.0,,+918071966512,https://www.practo.com/bangalore/hospital/mamta-nursing-home-5-wilson-garden?referrer=hospital_listing,https://images1-fabric.practo.com/practices/1137937/mamta-nursing-home-bangalore-592fd823bf0f7.jpg,VN,practo,,1.0,canonical,496,Q3,,Premium,0.269255
hosp_795bedb48b38e8bf,RMV Hospital,rmv hospital,Bangalore,Hospital,Sanjay Nagar,,13.032007548981232,77.57678031921387,8761892c9ffffff,,2.0,2.0,True,,600.0,1000.0,,3.0,,+918071966502,https://www.practo.com/bangalore/hospital/rmv-hospital-sanjay-nagar-3?referrer=hospital_listing,,VN,practo,,1.0,canonical,497,Q3,,Premium,0.269234
hosp_129e4f6060279650,Abhayahasta Multispeciality Hospital,abhayahasta multispeciality hospital,Bangalore,Hospital,HRBR Layout,,13.0191048,77.6387729,8761892eaffffff,,2.0,2.0,True,,350.0,500.0,,3.0,,+918068960987,https://www.practo.com/bangalore/hospital/abhayahasta-multispeciality-hospital-hrbr-layout?referrer=hospital_listing,https://images1-fabric.practo.com/practices/1401307/abhayahasta-multispeciality-hospital-bangalore-632d831ca3dd3.JPG,VN,practo,,1.0,canonical,498,Q3,,Premium,0.269234
hosp_0e0202fbfe71062f,Doctor Heal Hospital,doctor heal hospital,Bangalore,Hospital,Gottigerre,,12.84274,77.585828,87618926bffffff,,2.0,2.0,True,,250.0,500.0,,3.0,,+918071172760,https://www.practo.com/bangalore/hospital/doctor-heal-hospital-diagnostics-gottigerre?referrer=hospital_listing,https://images1-fabric.practo.com/practices/1282954/doctor-heal-hospital-bangalore-5ebf82e97f3f5.jpeg,VN,practo,,1.0,canonical,499,Q3,,Premium,0.269234
hosp_7449ab574e5d8168,Gangothri Hospital,gangothri hospital,Bangalore,Hospital,HSR Layout,,12.91499,77.637623,876189242ffffff,,2.0,2.0,True,,0.0,350.0,,2.0,,+918046801974,https://www.practo.com/bangalore/hospital/gangothri-hospital-hsr-layout-1?referrer=hospital_listing,https://images1-fabric.practo.com/practices/635802/gangothri-hospital-bangalore-66682cc9b3587.png,VN,practo,,1.0,canonical,500,Q3,,Premium,0.269213
hosp_05107e20999ad1fb,Rainbow Children's Clinic,rainbow children s clinic,Bangalore,Hospital,Hennur,,13.0760854,77.5693494,876016965ffffff,,2.0,2.0,True,,800.0,800.0,,2.0,,+918037298720,https://www.practo.com/bangalore/hospital/rainbow-children-s-clinic-1-hennur?referrer=hospital_listing,,VN,practo,,1.0,canonical,501,Q3,,Premium,0.269213
hosp_b2918f3426b7a884,Miracle Hospital,miracle hospital,Bangalore,Hospital,Bidrahalli,,13.009202684621144,77.75905191216431,87618921affffff,,2.0,2.0,True,,1000.0,1000.0,,,,+918068960987,https://www.practo.com/bangalore/hospital/gynaaecare?referrer=hospital_listing,https://images1-fabric.practo.com/practices/2179105/miracle-hospital-bangalore-69fc42baaf766.jpg,ABS,practo,,1.0,canonical,502,Q3,,Premium,0.26917
hosp_c33ce9292ea8ca50,GM Hospital,gm hospital,Bangalore,Hospital,Nagarbhavi,,12.96128887195507,77.51168310642242,876014585ffffff,,2.0,2.0,True,,500.0,500.0,,,,+918046801971,https://www.practo.com/bangalore/hospital/gm-hospital-nagarbhavi?referrer=hospital_listing,https://images1-fabric.practo.com/practices/1148404/gm-hospital-bangalore-67e0f519eb653.png,VN,practo,,1.0,canonical,503,Q3,,Premium,0.26917
hosp_d3524f9798844235,Y.K. Hospital,y k hospital,Bangalore,Hospital,Jigani,,12.971599,77.594563,8760145b4ffffff,,2.0,2.0,True,,100.0,500.0,,,,+918071966535,https://www.practo.com/bangalore/hospital/y-k-hospital-jigani?referrer=hospital_listing,,VN,practo,,1.0,canonical,504,Q3,,Premium,0.26917
hosp_499eceacbd300585,Mamatha Hospital,mamatha hospital,Bangalore,Hospital,Jayanagar,,12.920684,77.592448,87618925dffffff,,2.0,2.0,True,,400.0,500.0,,,,+918046801984,https://www.practo.com/bangalore/hospital/mamatha-hospital-jayanagar-4-block-1?referrer=hospital_listing,,VN,practo,,1.0,canonical,505,Q3,,Premium,0.26917
hosp_b117565a3be2f1f5,Columbia Asia hospital,columbia asia hospital,Bangalore,Hospital,Whitefield,,12.958245980512721,77.74538397789001,87618920effffff,,2.0,2.0,True,,0.0,800.0,,,,+918046801970,https://www.practo.com/bangalore/hospital/columbia-clinic-yelahanka-1?referrer=hospital_listing,,VN,practo,,1.0,canonical,506,Q3,,Premium,0.26917
hosp_326675fb76d29161,HSR Hospital and Maternity Centre,hsr hospital maternity centre,Bangalore,Hospital,HSR Layout,,12.911954,77.649007,876189255ffffff,,2.0,2.0,True,,0.0,500.0,,,,+918071966527,https://www.practo.com/bangalore/hospital/hsr-hospital-and-maternity-centre-hsr-layout?referrer=hospital_listing,,VN,practo,,1.0,canonical,507,Q3,,Premium,0.26917
hosp_1c6f2d0135d7ab99,Bangalore Hospital,bangalore hospital,Bangalore,Hospital,Basavanagudi,,12.9380323,77.5778408,876189259ffffff,,2.0,2.0,True,,0.0,500.0,,,,+918046801984,https://www.practo.com/bangalore/hospital/bangalore-hospital-basavanagudi-1?referrer=hospital_listing,https://images1-fabric.practo.com/practices/775592/bangalore-hospital-bangalore-664b586039be5.png,VN,practo,,1.0,canonical,508,Q3,,Premium,0.26917
hosp_6d8612310d89a05b,Yashodha Hospital,yashodha hospital,Bangalore,Hospital,KH Road,,12.9560932,77.5921445,87618925bffffff,,2.0,2.0,True,,0.0,0.0,,,,+918045685829,https://www.practo.com/bangalore/hospital/yashodha-hospital-1-kh-road?referrer=hospital_listing,,VN,practo,,1.0,canonical,509,Q3,,Premium,0.26917
hosp_6367f4a980dc2ec1,Partha Dental  Skin Hair,partha dental skin hair,Bangalore,Hospital,Ramamurthy Nagar,,13.0116794,77.6699776,8761892e3ffffff,,3.0,1.0,True,26.0,0.0,0.0,,6.0,,+918047111992,https://www.practo.com/bangalore/hospital/partha-dental-skin-and-hair-ramamurthy-nagar?referrer=hospital_listing,https://images1-fabric.practo.com/practices/1428034/partha-dental-skin-and-hair-bangalore-649a6f1901eec.PNG,VN,practo,,1.0,canonical,510,Q3,,Premium,0.268602
hosp_de55b9fe81a5e971,Cloudnine Fertility - IVF Centre,cloudnine fertility ivf centre,Bangalore,Hospital,Sarjapura,,12.917642780168448,77.67481125801899,876189254ffffff,,3.0,1.0,True,11.0,1000.0,1000.0,,3.0,,+918037298760,https://www.practo.com/bangalore/hospital/cloudnine-fertility-ivf-centre-harlur?referrer=hospital_listing,https://images1-fabric.practo.com/practices/1451927/cloudnine-fertility-ivf-centre-sarjapur-bangalore-65d4623e221a9.jpeg,ABS,practo,,1.0,canonical,511,Q3,,Premium,0.268538
hosp_264162426bc9870e,Partha Dental  Skin Hair,partha dental skin hair,Bangalore,Hospital,Kengeri,,12.9216656,77.4821222,8760145adffffff,,3.0,1.0,True,26.0,0.0,0.0,,,,+918071910134,https://www.practo.com/bangalore/hospital/partha-dental-skin-and-hair-kengeri?referrer=hospital_listing,https://images1-fabric.practo.com/practices/1428056/partha-dental-skin-and-hair-bangalore-649a87e62e55b.PNG,VN,practo,,1.0,canonical,512,Q3,,Premium,0.268474
hosp_518a7f2ba86a5c0f,"Mukambika Heart Care ,Yelahanka New Town AND Narayana Multispeciality Hospital",mukambika heart care yelahanka new town narayana multispeciality hospital,Bangalore,Hospital,Yelahanka,,13.10019029554588,77.5805139541626,876016960ffffff,,1.0,1.0,False,,500.0,500.0,5.0,30.0,,+918061915029,https://www.practo.com/bangalore/hospital/mukambika-heart-care-yelahanka-new-town-and-narayana-multispeciality-hospital-yelahanka?referrer=hospital_listing,,VN,practo,,1.0,canonical,513,Q3,,Premium,0.268351
hosp_c628c7b146d6e457,Maya Multi Speciality Hospital,maya multi speciality hospital,Bangalore,Hospital,Panathur,,12.936133338812569,77.70510222762822,876189209ffffff,,1.0,2.0,True,,400.0,400.0,,9.0,,+918071910138,https://www.practo.com/bangalore/hospital/maya-multi-speciality-hospital-panathur?referrer=hospital_listing,,VN,practo,,1.0,canonical,514,Q3,,Premium,0.268135
hosp_f20dad26fd10efd6,Motherhood Fertility and IVF - Indiranagar,motherhood fertility ivf indiranagar,Bangalore,Hospital,Indiranagar,,12.978453,77.637492,8761892edffffff,,1.0,2.0,True,5.0,800.0,800.0,,8.0,,+918071966843,https://www.practo.com/bangalore/hospital/motherhood-fertility-indiranagar-indiranagar?referrer=hospital_listing,https://images1-fabric.practo.com/practices/1268907/motherhood-fertility-indiranagar-bangalore-5da1b42407351.jpg,RFA,practo,,1.0,canonical,515,Q3,,Premium,0.268114
hosp_561132292c6f0de0,Apurva Hospital (Accident & Trauma Care),apurva hospital accident trauma care,Bangalore,Hospital,Yelahanka,,13.102029421867469,77.5990104675293,876016966ffffff,,1.0,2.0,True,,250.0,250.0,,4.0,,+918046801973,https://www.practo.com/bangalore/hospital/apurva-hospital-accident-trauma-care-yelahanka?referrer=hospital_listing,https://images1-fabric.practo.com/apurva-hospital-accident-trauma-care-bangalore-1490191215-58d2836f1e57d.jpeg,VN,practo,,1.0,canonical,516,Q3,,Premium,0.268028
hosp_d3298ec18bc4891d,Narayana Nethralaya,narayana nethralaya,Bangalore,Hospital,Rajajinagar,,13.011918,77.552041,8760145b3ffffff,,2.0,1.0,True,2.0,600.0,600.0,4.0,29.0,1993.0,+918046801970,https://www.practo.com/bangalore/hospital/narayana-nethralaya-rajajinagar?referrer=hospital_listing,https://images1-fabric.practo.com/practices/1159833/narayana-nethralaya-rajajinagar-59cdf053ec624.jpg,VN,practo,,1.0,canonical,517,Q3,,Premium,0.26798
hosp_c532fcd83ca22b16,Subash Hospital,subash hospital,Bangalore,Hospital,Bidadi,,12.8007956,77.3942449,876014572ffffff,,1.0,2.0,True,,200.0,200.0,,,,+918071966525,https://www.practo.com/bangalore/hospital/subash-hospital-kengeri?referrer=hospital_listing,https://images1-fabric.practo.com/practices/790008/subash-hospital-bangalore-666feecfbd520.png,VN,practo,,1.0,canonical,518,Q3,,Premium,0.267943
hosp_8b082bc5789d5c8c,Akshaya Hospital,akshaya hospital,Bangalore,Hospital,Akshaya nagar,,12.87058946357741,77.61652164232831,876189245ffffff,,1.0,2.0,True,,1000.0,1000.0,,,,+913340589370,https://www.practo.com/bangalore/hospital/akshaya-hospital-3-akshaya-nagar?referrer=hospital_listing,https://images1-fabric.practo.com/practices/2080823/akshaya-hospital-bangalore-688b1413c6ba9.png,VN,practo,,1.0,canonical,519,Q3,,Premium,0.267943
hosp_2fa1a7d1ef08456a,Icon Hospital,icon hospital,Bangalore,Hospital,Hebbal Kempapura,,13.0528687,77.6040896,8761892c8ffffff,,1.0,2.0,True,,0.0,0.0,,,,+918047186782,https://www.practo.com/bangalore/hospital/icon-hospital-hebbal-kempapura-1?referrer=hospital_listing,,VN,practo,,1.0,canonical,520,Q3,,Premium,0.267943
hosp_b38b16e224816f8a,Positive Homeopathy,positive homeopathy,Bangalore,Hospital,Malleswaram,,13.01042,77.569105,8760145b2ffffff,,2.0,1.0,True,3.0,300.0,300.0,,9.0,,+918045685302,https://www.practo.com/bangalore/hospital/positive-homeopathy-clinic-malleswaram-1?referrer=hospital_listing,https://images1-fabric.practo.com/practices/636627/positive-homeopathy-bangalore-5d8b61efc54b8.png,VN,practo,,1.0,canonical,521,Q2,,Mid-Market,0.267439
hosp_6c5a3dd53f85888b,Partha Dental  Skin Hair,partha dental skin hair,Bangalore,Hospital,Vidyaranyapura,,13.0810522,77.5575242,876016961ffffff,,2.0,1.0,True,26.0,0.0,500.0,,7.0,,+918047186783,https://www.practo.com/bangalore/hospital/partha-dental-skin-and-hair-vidyaranyapura?referrer=hospital_listing,https://images1-fabric.practo.com/practices/1428101/partha-dental-skin-and-hair-bangalore-649ac1f7c8001.PNG,ABS,practo,,1.0,canonical,522,Q2,,Mid-Market,0.267396
hosp_376d642a1197ece4,Partha Dental  Skin Hair,partha dental skin hair,Bangalore,Hospital,Koramangala,,12.9382092,77.6238483,87618925effffff,,2.0,1.0,True,26.0,0.0,0.0,,6.0,,+918068960986,https://www.practo.com/bangalore/hospital/partha-dental-skin-and-hair-koramangala?referrer=hospital_listing,https://images1-fabric.practo.com/practices/1427916/partha-dental-skin-and-hair-bangalore-64994df5ed76e.PNG,VN,practo,,1.0,canonical,523,Q2,,Mid-Market,0.267375
hosp_de103fdd9bdad1bb,Arth Ayurveda Hospitals,arth ayurveda hospitals,Bangalore,Hospital,HAL 2nd Stage,,12.96854865518,77.645730802303,8761892ecffffff,,2.0,1.0,True,,0.0,500.0,,5.0,,+918046805689,https://www.practo.com/bangalore/hospital/arth-ayurveda-hospitals-hal-2nd-stage?referrer=hospital_listing,https://images1-fabric.practo.com/practices/660781/arth-ayurveda-hospitals-bangalore-5b4336f24f700.jpg,ABS,practo,,1.0,canonical,524,Q2,,Mid-Market,0.267354
hosp_3b59bf334380c936,Partha Dental  Skin Hair,partha dental skin hair,Bangalore,Hospital,Brookefield,,12.9703826,77.7100465,8761892e4ffffff,,2.0,1.0,True,26.0,0.0,0.0,,5.0,,+918071966821,https://www.practo.com/bangalore/hospital/partha-dental-skin-and-hair-brookefield?referrer=hospital_listing,https://images1-fabric.practo.com/practices/1427918/partha-dental-care-private-limited-bangalore-64b6865ac03be.PNG,ABS,practo,,1.0,canonical,525,Q2,,Mid-Market,0.267354
hosp_14e3d0ba3ca2f116,Vasan Eye Care,vasan eye care,Bangalore,Hospital,Koramangala 6 Block,,12.94013,77.62542,87618925effffff,,2.0,1.0,True,,0.0,700.0,,5.0,,+918046801969,https://www.practo.com/bangalore/hospital/vasan-eye-care-koramangala-6-block?referrer=hospital_listing,https://images1-fabric.practo.com/practices/639388/vasan-eye-care-bangalore-671b870a42e86.png,VN,practo,,1.0,canonical,526,Q2,,Mid-Market,0.267354
hosp_a3f934c9d3a48fdb,Partha Dental  Skin Hair,partha dental skin hair,Bangalore,Hospital,Bannerghatta Road,,12.8761525,77.5991366,87618924cffffff,,2.0,1.0,True,26.0,0.0,0.0,,4.0,,+918047111760,https://www.practo.com/bangalore/hospital/partha-dental-skin-and-hair-bannerghatta-road?referrer=hospital_listing,https://images1-fabric.practo.com/practices/1428095/partha-dental-skin-and-hair-bangalore-649ab8ebb4a45.PNG,VN,practo,,1.0,canonical,527,Q2,,Mid-Market,0.267332
hosp_eaa671a8690861fa,Dr Urbani Memorial Hospital,dr urbani memorial hospital,Bangalore,Hospital,Electronics City,,12.889268,77.63991,876189240ffffff,,2.0,1.0,True,,300.0,300.0,,4.0,,+918071966535,https://www.practo.com/bangalore/hospital/children-clinic-electronics-city?referrer=hospital_listing,,VN,practo,,1.0,canonical,528,Q2,,Mid-Market,0.267332
hosp_f0bf9c9f8350ad3b,Satya Sai Hospital,satya sai hospital,Bangalore,Hospital,Yelahanka,,13.09643,77.578679,876016960ffffff,,2.0,1.0,True,,0.0,300.0,,2.0,,+918071966535,https://www.practo.com/bangalore/hospital/satya-sai-hospital-yelahanka?referrer=hospital_listing,https://images1-fabric.practo.com/practices/690891/satya-sai-hospital-bangalore-665e9c71cf40d.png,VN,practo,,1.0,canonical,529,Q2,,Mid-Market,0.26729
hosp_ae53960bc09995eb,Nature Cure Hospital,nature cure hospital,Bangalore,Hospital,Jayanagar,,12.933286,77.584145,876189259ffffff,,2.0,1.0,True,,0.0,0.0,,,,+918046801486,https://www.practo.com/bangalore/hospital/nature-cure-hospital-jayanagar-5-block?referrer=hospital_listing,https://images1-fabric.practo.com/practices/687632/nature-cure-hospital-bangalore-666a8c2e81aac.png,VN,practo,,1.0,canonical,530,Q2,,Mid-Market,0.267247
hosp_d7aeeee75f0c81e2,Vasan Dental Care,vasan dental care,Bangalore,Hospital,Jayanagar 4 Block,,12.929157,77.58206,876189259ffffff,,2.0,1.0,False,4.0,100.0,100.0,,,1947.0,+918071966535,https://www.practo.com/bangalore/hospital/vasan-dental-care-jayanagar-4-block-1?referrer=hospital_listing,https://images1-fabric.practo.com/practices/1152733/vasan-dental-care-bangalore-59732ec6363da.jpeg,VN,practo,,1.0,canonical,531,Q2,,Mid-Market,0.267247
hosp_c1343ab7fe04e881,AyurVAID Hospitals,ayurvaid hospitals,Bangalore,Hospital,Hebbal,,13.054552010758,77.591893828697,8761892cbffffff,,2.0,1.0,True,3.0,1000.0,1000.0,,,,+918071966846,https://www.practo.com/bangalore/hospital/ayurvaid-aster-cmi-hospital-hebbal-1?referrer=hospital_listing,https://images1-fabric.practo.com/practices/1259418/ayurvaid-hospitals-bangalore-64059082e3618.jpg,VN,practo,,1.0,canonical,532,Q2,,Mid-Market,0.267247
hosp_e34b02a0ddcfda1c,Orenda Ayurveda Multispeciality Hospital,orenda ayurveda multispeciality hospital,Bangalore,Hospital,Kasturi nagar,,13.0043987,77.6629247,8761892eeffffff,,4.0,3.0,True,,400.0,500.0,4.0,10.0,2019.0,+918071910148,https://www.practo.com/bangalore/hospital/orenda-ayurveda-multispeciality-hospital-banaswadi?referrer=hospital_listing,https://images1-fabric.practo.com/practices/1261277/orenda-ayurveda-multispeciality-hospital-bangalore-5d2ef2bba0375.png,VN,practo,,1.0,canonical,533,Q2,,Mid-Market,0.26716
hosp_439c92383635b9cc,Bharath Nursing Home,bharath nursing home,Bangalore,Hospital,JP Nagar 1 Phase,,12.90784254591799,77.57284283638,87618924affffff,,9.0,6.0,True,,0.0,600.0,4.0,17.0,,+918071175500,https://www.practo.com/bangalore/hospital/bharath-nursing-home-jp-nagar-1-phase-1?referrer=hospital_listing,https://images1-fabric.practo.com/practices/724456/bharath-nursing-home-bangalore-6667f348c913f.png,VN,practo,,1.0,canonical,534,Q2,,Mid-Market,0.266885
hosp_f729978fd51d9e9d,Belaku Eye Hospital,belaku eye hospital,Bangalore,Hospital,Kengeri,,12.915443,77.481827,8760145adffffff,,1.0,1.0,True,,150.0,150.0,,9.0,,+918071966535,https://www.practo.com/bangalore/hospital/belaku-eye-hospital-kengeri?referrer=hospital_listing,https://images1-fabric.practo.com/practices/673917/belaku-eye-hospital-bangalore-66682d4d102cd.png,VN,practo,,1.0,canonical,535,Q2,,Mid-Market,0.266212
hosp_f38594a5d4666ec8,Anyuta Hospital,anyuta hospital,Bangalore,Hospital,Richmond Town,,12.957942,77.566668,8760145a6ffffff,,1.0,1.0,True,,1000.0,1000.0,,9.0,,+918071966525,https://www.practo.com/bangalore/hospital/anyuta-hospital-richmond-town?referrer=hospital_listing,https://images2-fabric.practo.com/practo-resources/core/practice/photos/304c7e4515c39553f2c39f264aca4c203f63e26a.jpg,VN,practo,,1.0,canonical,536,Q2,,Mid-Market,0.266212
hosp_7c536225e7031e12,R C Hospital,r c hospital,Bangalore,Hospital,Rajarajeshwarinagar,,12.930933443121937,77.5154734030366,8760145a1ffffff,,1.0,1.0,True,,300.0,300.0,,8.0,,+918071966525,https://www.practo.com/bangalore/hospital/r-c-hospital-rajarajeshwari-nagar-bangalore-rajarajeshwarinagar?referrer=hospital_listing,,VN,practo,,1.0,canonical,537,Q2,,Mid-Market,0.266191
hosp_16c0a5043bc81c4e,Adarsh Multi Specialty Hospital,adarsh multi specialty hospital,Bangalore,Hospital,Kengeri,,12.9208941,77.4847021,8760145adffffff,,1.0,1.0,True,,150.0,150.0,,7.0,,+918071966501,https://www.practo.com/bangalore/hospital/adarsh-multi-specialty-hospital-kengeri?referrer=hospital_listing,https://images1-fabric.practo.com/adarsh-multi-specialty-hospital-bangalore-1482924149-5863a07528e20.png,VN,practo,,1.0,canonical,538,Q2,,Mid-Market,0.266169
hosp_7914cc2d3fd12822,Mom's Faith Clinic,mom s faith clinic,Bangalore,Hospital,HSR Layout,,12.897117918871,77.652472257614,876189246ffffff,,1.0,1.0,True,,1000.0,1000.0,,7.0,,+918048816825,https://www.practo.com/bangalore/hospital/mom-s-faith-clinic-hsr-layout?referrer=hospital_listing,https://images1-fabric.practo.com/practices/842751/mom-s-faith-clinic-bangalore-66f6c62ba553d.jpg,ABS,practo,,1.0,canonical,539,Q2,,Mid-Market,0.266169
hosp_24a63e58eae2ead3,Sri Raghavendra physiotherapy centre,sri raghavendra physiotherapy centre,Bangalore,Hospital,Yelahanka New Town,,13.096374521780428,77.57883556187153,876016960ffffff,,1.0,1.0,True,,300.0,300.0,,6.0,,+918037298733,https://www.practo.com/bangalore/hospital/sri-raghavendra-physiotherapy-center-yelahanka-new-town?referrer=hospital_listing,,ABS,practo,,1.0,canonical,540,Q2,,Mid-Market,0.266148
hosp_948862d42c2bc694,Partha Dental  Skin Hair,partha dental skin hair,Bangalore,Hospital,Sahakaranagar,,12.9118523,77.4879018,8760145adffffff,,1.0,1.0,True,26.0,0.0,0.0,,6.0,,+918047091252,https://www.practo.com/bangalore/hospital/partha-dental-skin-and-hair-sahakaranagar?referrer=hospital_listing,https://images1-fabric.practo.com/practices/1428103/partha-dental-skin-and-hair-bangalore-649ac2b779c62.PNG,VN,practo,,1.0,canonical,541,Q2,,Mid-Market,0.266148
hosp_6aaee6e058e37908,Partha Dental  Skin Hair,partha dental skin hair,Bangalore,Hospital,Kalyan Nagar,,13.0179643,77.6399816,8761892eaffffff,,1.0,1.0,True,26.0,0.0,0.0,,5.0,,+918071172857,https://www.practo.com/bangalore/hospital/partha-dental-skin-and-hair-kalyan-nagar?referrer=hospital_listing,https://images1-fabric.practo.com/practices/1428037/partha-dental-skin-and-hair-bangalore-649a70901b2ef.PNG,VN,practo,,1.0,canonical,542,Q2,,Mid-Market,0.266127
hosp_fdbedeb3a4c92bd4,Smile Dental Care,smile dental care,Bangalore,Hospital,Vasanthnagar,,12.992460469730283,77.59327000380381,8760145b6ffffff,,1.0,1.0,True,,150.0,150.0,,5.0,,+918046801981,https://www.practo.com/bangalore/hospital/smile-dental-car-vasanthnagar-vasanthnagar?referrer=hospital_listing,https://images1-fabric.practo.com/practices/814893/smile-dental-care-bangalore-6661643780c5e.png,VN,practo,,1.0,canonical,543,Q2,,Mid-Market,0.266127
hosp_4be686216162d4cf,Dental Care And Implant Centre,dental care implant centre,Bangalore,Hospital,Shivaji Nagar,,12.982710036469546,77.60771319535525,8761892e9ffffff,,1.0,1.0,True,,200.0,200.0,,5.0,,+918046801984,https://www.practo.com/bangalore/hospital/dental-polyclinic-shivajinagar?referrer=hospital_listing,https://images1-fabric.practo.com/practices/829627/dental-care-and-implant-centre-bangalore-5aafba89122db.jpg,VN,practo,,1.0,canonical,544,Q2,,Mid-Market,0.266127
hosp_d1a364a7cb2b2fa5,Deepasri Multispecialities Hospital,deepasri multispecialities hospital,Bangalore,Hospital,JP Nagar 8 Phase,,12.867472471361,77.581951618195,87618924cffffff,,1.0,1.0,True,,0.0,0.0,,4.0,,+918046801981,https://www.practo.com/bangalore/hospital/deepasri-multispecialities-hospital-jp-nagar-8-phase?referrer=hospital_listing,,VN,practo,,1.0,canonical,545,Q2,,Mid-Market,0.266105
hosp_f0c8d5da355bca34,Dr. SAJI D’SOUZA’S KSAC HOSPITALS,dr saji dsouzas ksac hospitals,Bangalore,Hospital,Koramangala 8 Block,,12.940155,77.616427,87618925effffff,,1.0,1.0,True,,500.0,500.0,,4.0,,+918071910135,https://www.practo.com/bangalore/hospital/dr-saji-d-souza-s-ksac-hospitals-koramangala-8-block?referrer=hospital_listing,https://images1-fabric.practo.com/practices/761063/ksac-hospitals-bangalore-5b1a1f361fd36.jpg,VN,practo,,1.0,canonical,546,Q2,,Mid-Market,0.266105
hosp_05d65e02c8765e63,Ananya Hospital,ananya hospital,Bangalore,Hospital,Rajajinagar,,12.9484611,77.498505,8760145aeffffff,,1.0,1.0,True,,300.0,300.0,,4.0,,+918046801975,https://www.practo.com/bangalore/hospital/ananya-hospital-rajajinagar-2?referrer=hospital_listing,https://images1-fabric.practo.com/practices/836228/ananya-hospital-bangalore-664b3706b2508.png,VN,practo,,1.0,canonical,547,Q2,,Mid-Market,0.266105
hosp_073936771e3778bc,Deepak Hospital,deepak hospital,Bangalore,Hospital,Jayanagar,,12.926332,77.5769362,876189259ffffff,,1.0,1.0,True,,450.0,450.0,,3.0,,+918071966498,https://www.practo.com/bangalore/hospital/deepak-hospital-jayanagar-1?referrer=hospital_listing,,VN,practo,,1.0,canonical,548,Q2,,Mid-Market,0.266084
hosp_a287b2aa688c3d80,Panchamukhi Speciality Clinic,panchamukhi speciality clinic,Bangalore,Hospital,Peenya,,0.0,0.0,87754e64dffffff,,1.0,1.0,True,,500.0,500.0,,3.0,,+918061914939,https://www.practo.com/bangalore/hospital/panchamukhi-hospital-peenya?referrer=hospital_listing,,VN,practo,,1.0,canonical,549,Q2,,Mid-Market,0.266084
hosp_6ea3a99f96c5f5e2,Aayush - An Ayurveda Integrated Multispeciality Hospital,aayush ayurveda integrated multispeciality hospital,Bangalore,Hospital,Arekere,,12.887538,77.597009,87618924effffff,,1.0,1.0,True,,250.0,250.0,,3.0,,+918046801971,https://www.practo.com/bangalore/hospital/aayush-ayurvedic-centre-arakere?referrer=hospital_listing,https://images1-fabric.practo.com/547c352b01ecf6044e1b77e91b4fe89b4880b3c5fad15.jpg,VN,practo,,1.0,canonical,550,Q2,,Mid-Market,0.266084
hosp_4a82b55153e0eb46,Matru hospital,matru hospital,Bangalore,Hospital,Kengeri,,12.916617,77.482949,8760145adffffff,,1.0,1.0,True,,300.0,300.0,,3.0,,+918046801984,https://www.practo.com/bangalore/hospital/matru-hospital-kengeri?referrer=hospital_listing,https://images1-fabric.practo.com/practices/858969/matru-hospital-bangalore-666946d6a917f.png,VN,practo,,1.0,canonical,551,Q2,,Mid-Market,0.266084
hosp_786c0f53d29c8610,Medivision Hospital,medivision hospital,Bangalore,Hospital,Vijayanagar,,12.964322,77.549015,8760145a2ffffff,,1.0,1.0,True,,150.0,150.0,,3.0,,+918071175500,https://www.practo.com/bangalore/hospital/medivision-hospital-vijayanagar?referrer=hospital_listing,https://images1-fabric.practo.com/practices/769870/medivision-hospital-bangalore-66728321b2efd.png,VN,practo,,1.0,canonical,552,Q2,,Mid-Market,0.266084
hosp_47589596350d7a51,Positive Homeopathy,positive homeopathy,Bangalore,Hospital,Indiranagar,,12.978513,77.641667,8761892ecffffff,,1.0,1.0,True,3.0,300.0,300.0,,3.0,,+918037298743,https://www.practo.com/bangalore/hospital/positive-homeopathy-clinic-indiranagar-indiranagar?referrer=hospital_listing,https://images1-fabric.practo.com/practices/637735/positive-homeopathy-bangalore-5d9838a3d97f4.png,VN,practo,,1.0,canonical,553,Q2,,Mid-Market,0.266084
hosp_b9062fb142ed73c2,Urology Hospital,urology hospital,Bangalore,Hospital,Jayanagar 1 Block,,12.941472325862,77.586447000504,876189259ffffff,,1.0,1.0,True,,500.0,500.0,,2.0,,+918071966536,https://www.practo.com/bangalore/hospital/urology-hospital-jayanagar-1-block?referrer=hospital_listing,https://images1-fabric.practo.com/practices/1155695/urology-hospital-5999326562e74.jpg,VN,practo,,1.0,canonical,554,Q2,,Mid-Market,0.266063
hosp_6f2832fc8a384f49,Ravi Kirloskar Memorial Hospital,ravi kirloskar memorial hospital,Bangalore,Hospital,Peenya,,13.028046,77.544925,876014595ffffff,,1.0,1.0,True,,0.0,150.0,,2.0,,+918071966527,https://www.practo.com/bangalore/hospital/ravi-kirloskar-memorial-hospital-peenya?referrer=hospital_listing,https://images1-fabric.practo.com/practices/684516/ravi-kirloskar-memorial-hospital-bangalore-666d56bd948d2.png,VN,practo,,1.0,canonical,555,Q2,,Mid-Market,0.266063
hosp_fce244508c193da4,Prasantha Hospital,prasantha hospital,Bangalore,Hospital,Hosur Road,,,,,,1.0,1.0,True,,0.0,300.0,,2.0,,+918071966536,https://www.practo.com/bangalore/hospital/prasantha-hospital-hosur-road?referrer=hospital_listing,,VN,practo,,0.6,canonical,556,Q2,,Mid-Market,0.266063
hosp_9a9d8ed8165a0faa,The Blue Capital Pet Hospital,blue capital pet hospital,Bangalore,Hospital,Vijayanagar,,12.973898475122,77.546256020648,8760145a2ffffff,,1.0,1.0,True,,250.0,250.0,,2.0,,+918071909299,https://www.practo.com/bangalore/hospital/the-blue-capital-pet-hospital-vijayanagar?referrer=hospital_listing,https://images1-fabric.practo.com/practices/1234315/the-blue-capital-pet-hospital-bangalore-666994bfae051.png,VN,practo,,1.0,canonical,557,Q2,,Mid-Market,0.266063
hosp_a431d71ae0431cc0,Jyotsna Hospital,jyotsna hospital,Bangalore,Hospital,Ramamurthy Nagar,,13.0205857,77.6851995,8761892c4ffffff,,1.0,1.0,True,,500.0,500.0,,2.0,,+913340589370,https://www.practo.com/bangalore/hospital/jyotsna-hospital-kalyan-nagar?referrer=hospital_listing,https://images1-fabric.practo.com/practices/1307905/jyotsna-hospital-bangalore-5f7d6b27c98db.png,VN,practo,,1.0,canonical,558,Q2,,Mid-Market,0.266063
hosp_dc5229ca25cf5805,Anna Swamy Mudaliar Hospital,anna swamy mudaliar hospital,Bangalore,Hospital,Frazer Town,,13.000026,77.6145419,8761892ebffffff,,1.0,1.0,True,,2000.0,2000.0,,2.0,,+918071966527,https://www.practo.com/bangalore/hospital/anna-swamy-mudaliar-hospital-frazer-town?referrer=hospital_listing,https://images1-fabric.practo.com/practices/662272/anna-swamy-mudaliar-hospital-bangalore-665ac9fd3b525.png,VN,practo,,1.0,canonical,559,Q2,,Mid-Market,0.266063
hosp_01448455f16bd576,Shathayu Ayurveda Clinic,shathayu ayurveda clinic,Bangalore,Hospital,Yelahanka,,13.1009871,77.5808455,876016960ffffff,,1.0,1.0,True,9.0,300.0,300.0,,2.0,,+918047091259,https://www.practo.com/bangalore/hospital/shathayu-ayurveda-clinic-yelahanka?referrer=hospital_listing,https://images1-fabric.practo.com/practices/690278/shathayu-ayurveda-clinic-bangalore-641c17d133662.jpeg,VN,practo,,1.0,canonical,560,Q2,,Mid-Market,0.266063
hosp_efe207054a8dcdc0,Partha Dental  Skin Hair,partha dental skin hair,Bangalore,Hospital,Hebbal,,13.0497,77.5973,8761892c8ffffff,,1.0,1.0,True,26.0,500.0,500.0,,,,+918047091255,https://www.practo.com/bangalore/hospital/partha-dental-skin-and-hair-hebbal?referrer=hospital_listing,https://images1-fabric.practo.com/practices/1428104/partha-dental-skin-and-hair-bangalore-649ac2ff7e24a.PNG,ABS,practo,,1.0,canonical,561,Q2,,Mid-Market,0.26602
hosp_49f852b3507fec0f,Sreenivasa Hospital,sreenivasa hospital,Bangalore,Hospital,Chickpet,,12.973053628279857,77.57252130657434,8760145b5ffffff,,1.0,1.0,True,,600.0,600.0,,,,+918046801973,https://www.practo.com/bangalore/hospital/sreenivasa-hospital-2-chickpet?referrer=hospital_listing,,VN,practo,,1.0,canonical,562,Q2,,Mid-Market,0.26602
hosp_f6170bbc2b7f6130,R K Hospital,r k hospital,Bangalore,Hospital,Kammana Halli,,13.0134533,77.6353404,8761892eaffffff,,1.0,1.0,True,,300.0,300.0,,,,+918071966535,https://www.practo.com/bangalore/hospital/r-k-hospital-kammana-halli?referrer=hospital_listing,,VN,practo,,1.0,canonical,563,Q2,,Mid-Market,0.26602
hosp_068cebb4c489bb4a,T.R.HOSPITAL,t r hospital,Bangalore,Hospital,Kothanur,,,,,,1.0,1.0,True,,250.0,250.0,,,,+918071966535,https://www.practo.com/bangalore/hospital/t-r-hospital-kothanur?referrer=hospital_listing,,VN,practo,,0.6,canonical,564,Q2,,Mid-Market,0.26602
hosp_ef346621c4d9badb,K.T.G. Chanre Hospital,k t g chanre hospital,Bangalore,Hospital,Sunkadakatte,,13.000481,77.505388,876014583ffffff,,1.0,1.0,True,,50.0,50.0,,,,+918071966536,https://www.practo.com/bangalore/hospital/k-t-g-chanre-hospital-sunkadakatte?referrer=hospital_listing,,VN,practo,,1.0,canonical,565,Q2,,Mid-Market,0.26602
hosp_1e15b36fa427219a,Deepashri Hospital,deepashri hospital,Bangalore,Hospital,Nagarbhavi,,12.975291,77.513376,876014585ffffff,,1.0,1.0,True,,200.0,200.0,,,,+918046801977,https://www.practo.com/bangalore/hospital/deepashri-hospital-nagarbhavi?referrer=hospital_listing,,VN,practo,,1.0,canonical,566,Q2,,Mid-Market,0.26602
hosp_d805917af4b6bca9,Matthew Hospital,matthew hospital,Bangalore,Hospital,HSR Layout,,12.9168766,77.6310066,876189242ffffff,,1.0,1.0,True,,500.0,500.0,,,,+918071966535,https://www.practo.com/bangalore/hospital/matthew-hospital-hsr-layout?referrer=hospital_listing,https://images1-fabric.practo.com/practices/665237/matthew-hospital-bangalore-666a2f7c354ca.png,VN,practo,,1.0,canonical,567,Q2,,Mid-Market,0.26602
hosp_6bba846006162f49,Narayana Hrudayalaya,narayana hrudayalaya,Bangalore,Hospital,Anekal,,12.809468340494206,77.69530177116394,87618934affffff,,1.0,1.0,True,,0.0,0.0,,,,+918047106898,https://www.practo.com/bangalore/hospital/narana-hrydalaya-anekal?referrer=hospital_listing,https://images1-fabric.practo.com/practices/1108011/narayana-hrudayalaya-bangalore-67f8afe25c0f2.png,VN,practo,,1.0,canonical,568,Q2,,Mid-Market,0.26602
hosp_10e1380a3e0a57ea,Vijaya Shree hospital,vijaya shree hospital,Bangalore,Hospital,Bannerghatta Road,,,,,,1.0,1.0,True,,0.0,0.0,,,,+918071966536,https://www.practo.com/bangalore/hospital/vijaya-shree-hospital-bannerghatta-road?referrer=hospital_listing,,VN,practo,,0.6,canonical,569,Q2,,Mid-Market,0.26602
hosp_12e6a24810e39f6a,Minto Ophthalmic Hospital,minto ophthalmic hospital,Bangalore,Hospital,Chamarajpet,,12.9608956,77.5718064,8760145b5ffffff,,1.0,1.0,True,,300.0,300.0,,,,+918046801974,https://www.practo.com/bangalore/hospital/minto-ophthalmic-hospital-chamarajpet?referrer=hospital_listing,https://images1-fabric.practo.com/practices/1169238/minto-ophthalmic-hospital-bangalore-66eab69bbb966.png,VN,practo,,1.0,canonical,570,Q2,,Mid-Market,0.26602
hosp_2f2f1e0210c4b383,City  Hospital,city hospital,Bangalore,Hospital,Rajajinagar,,12.9930697,77.5508883,8760145b1ffffff,,1.0,1.0,True,,400.0,400.0,,,,+918071966527,https://www.practo.com/bangalore/hospital/city-hospital-rajajinagar?referrer=hospital_listing,https://images1-fabric.practo.com/practices/637866/city-hospital-bangalore-6658a0662b6ef.png,VN,practo,,1.0,canonical,571,Q2,,Mid-Market,0.26602
hosp_1f71ce73525e4fff,Sadguna Hi Tech Hospital,sadguna hi tech hospital,Bangalore,Hospital,Rajajinagar,,12.977607,77.545986,8760145b1ffffff,,1.0,1.0,True,,0.0,0.0,,,,+918046801993,https://www.practo.com/bangalore/hospital/sadguna-hi-tech-hospital-rajajinagar?referrer=hospital_listing,https://images1-fabric.practo.com/5326848fbed6f2ccbdbb10b5295b291ad5c4a2575e147.jpg,VN,practo,,1.0,canonical,572,Q2,,Mid-Market,0.26602
hosp_c5ee8f978f9ca744,Adivaidyam Ayurveda & Yoga Centre,adivaidyam ayurveda yoga centre,Bangalore,Hospital,Banashankari 3rd Stage,,13.103342563252,77.575067876391,876016960ffffff,,1.0,1.0,True,,600.0,600.0,,,,+918048816825,https://www.practo.com/bangalore/hospital/ayur-yoga-health-and-wellness-centre-vidyaranyapura?referrer=hospital_listing,https://images1-fabric.practo.com/ayur-yoga-multispeciality-ayurveda-hospital-and-yoga-centre-bangalore-1477557652-5811bd945918e.jpg,VN,practo,,1.0,canonical,573,Q2,,Mid-Market,0.26602
hosp_48542ab255f87162,Shree Nandi Hospital,shree nandi hospital,Bangalore,Hospital,Chamarajpet,,12.959609,77.567912,8760145a6ffffff,,1.0,1.0,True,,0.0,300.0,,,,+918071966527,https://www.practo.com/bangalore/hospital/shree-nandi-hospital-chamarajpet?referrer=hospital_listing,,active,practo,,1.0,canonical,574,Q2,,Mid-Market,0.26602
hosp_3560d8f9f81ef700,Mysore Road Hitech Hospital,mysore road hitech hospital,Bangalore,Hospital,Nayandahalli,,,,,,1.0,1.0,True,,0.0,0.0,,,,+918071966536,https://www.practo.com/bangalore/hospital/mysore-road-hitech-hospital-nayandahalli?referrer=hospital_listing,,VN,practo,,0.6,canonical,575,Q2,,Mid-Market,0.26602
hosp_038f5075e517c2c6,Premier Sanjeevini Hospital,premier sanjeevini hospital,Bangalore,Hospital,Jalahalli,,13.0417149,77.5157305,876014591ffffff,,1.0,1.0,True,,250.0,250.0,,,,+918046801976,https://www.practo.com/bangalore/hospital/premier-sanjivini-hospital-jalahalli?referrer=hospital_listing,https://images1-fabric.practo.com/premier-sanjeevini-hospital-bangalore-1476439898-5800af5acc51b.jpg,VN,practo,,1.0,canonical,576,Q2,,Mid-Market,0.26602
hosp_bc3752b1ea1fa6b6,Sundar Hospital,sundar hospital,Bangalore,Hospital,Lingarajapuram,,12.9715987,77.59456269,8760145b4ffffff,,1.0,1.0,True,,150.0,150.0,,,,+918046801969,https://www.practo.com/bangalore/hospital/sundar-hospital-lingarajapuram?referrer=hospital_listing,https://images1-fabric.practo.com/practices/637582/sundar-hospital-bangalore-666d5bc562646.png,VN,practo,,1.0,canonical,577,Q2,,Mid-Market,0.26602
hosp_47b131f9109d7b4a,Bhramari Ayurveda Hospital,bhramari ayurveda hospital,Bangalore,Hospital,HSR Layout,,12.9092056413078,77.6326048001647,876189242ffffff,,1.0,1.0,True,,200.0,200.0,,,,+918045685609,https://www.practo.com/bangalore/hospital/bhramari-ayurveda-hospital-hsr-layout?referrer=hospital_listing,https://images1-fabric.practo.com/practices/1195008/bhramari-ayurveda-hospital-bangalore-5b60039b8b783.png,VN,practo,,1.0,canonical,578,Q2,,Mid-Market,0.26602
hosp_5f700307accff542,Sree Saiprasad Multispeciality Hospital,sree saiprasad multispeciality hospital,Bangalore,Hospital,Yelahanka,,13.0983,77.5776,876016960ffffff,,1.0,1.0,True,,300.0,300.0,,,,+918046801971,https://www.practo.com/bangalore/hospital/sree-saiprasad-multispeciality-hospital-yelahanka?referrer=hospital_listing,https://images1-fabric.practo.com/sree-saiprasad-multispeciality-hospital-bangalore-1468045590-5780991698b4c.jpg,VN,practo,,1.0,canonical,579,Q2,,Mid-Market,0.26602
hosp_17e9ba14ddf2e591,Sri Lakshmi Hospital,sri lakshmi hospital,Bangalore,Hospital,Dommasandra,,12.8721298,77.7395414,87618922dffffff,,1.0,1.0,True,,500.0,500.0,,,,+918045685828,https://www.practo.com/bangalore/hospital/sri-lakshmi-multi-speciality-hospital-1-dommasandra?referrer=hospital_listing,https://images1-fabric.practo.com/practices/1383838/sri-lakshmi-hospital-bangalore-6672fec1f097e.png,VN,practo,,1.0,canonical,580,Q2,,Mid-Market,0.26602
hosp_9d88ce33ed1c22f6,GM Hospitals,gm hospitals,Bangalore,Hospital,Basaveshwaranagar,,12.993034272560744,77.53873988986015,876014586ffffff,,1.0,1.0,True,,600.0,600.0,,,,+918037298770,https://www.practo.com/bangalore/hospital/gm-hospitals-bangalore-basaveshwaranagar?referrer=hospital_listing,,VN,practo,,1.0,canonical,581,Q2,,Mid-Market,0.26602
hosp_4af832f321d558c7,Samyak Drishti Eye Hospital,samyak drishti eye hospital,Bangalore,Hospital,Gubbalala,,12.893332037987,77.538065025907,876014516ffffff,,1.0,1.0,True,,600.0,600.0,,,,+918071172857,https://www.practo.com/bangalore/hospital/samyak-drishti-eye-care-gubbalala?referrer=hospital_listing,https://images1-fabric.practo.com/practices/1347744/samyak-drishti-eye-hospital-bangalore-695278c424b64.png,VN,practo,,1.0,canonical,582,Q2,,Mid-Market,0.26602
hosp_ac94caa7e3c1b1c1,Cloudnine Hospital - Varthur Road,cloudnine hospital varthur road,Bangalore,Hospital,Siddapura,,12.9568341,77.7413893,87618920effffff,,1.0,1.0,True,,0.0,0.0,,,,+918068960984,https://www.practo.com/bangalore/hospital/cloudnine-hospital-varthur-road-siddapura?referrer=hospital_listing,,VN,practo,,1.0,canonical,583,Q2,,Mid-Market,0.26602
hosp_5a94276f687a6fb1,ISHA HOSPITAL,isha hospital,Bangalore,Hospital,Vidyanagar,,12.8309752,77.6814166,876189264ffffff,,1.0,1.0,True,,0.0,0.0,,,,+918048816946,https://www.practo.com/bangalore/hospital/isha-hospital-5-vidyanagar?referrer=hospital_listing,,VN,practo,,1.0,canonical,584,Q2,,Mid-Market,0.26602
hosp_e3594ba93364e195,Richardsons Face Hospital,richardsons face hospital,Bangalore,Hospital,Dwarka Nagar,,13.1216063,77.6206123,8761892dbffffff,,1.0,1.0,True,,0.0,0.0,,,,+918047091253,https://www.practo.com/bangalore/hospital/richardsons-face-hospital-dwarka-nagar?referrer=hospital_listing,,VN,practo,,1.0,canonical,585,Q2,,Mid-Market,0.26602
hosp_b59cca27968a3b31,Sri sathya Sai Sarla Memorial Hospital ,sri sathya sai sarla memorial hospital,Bangalore,Hospital,Doddamavalli,,12.9568,77.5833,87618925bffffff,,1.0,1.0,True,,0.0,0.0,,,,+918047111991,https://www.practo.com/bangalore/hospital/sri-sathya-sai-sarla-memorial-hospital-1-doddamavalli?referrer=hospital_listing,,VN,practo,,1.0,canonical,586,Q2,,Mid-Market,0.26602
hosp_ee9b3d194cd7234b,Smile Care Dental Clinic (GiriNagar),smile care dental clinic girinagar,Bangalore,Hospital,Avalahalli,,12.929277,77.5011329,8760145acffffff,,1.0,1.0,True,,100.0,100.0,,,,+918046801969,https://www.practo.com/bangalore/hospital/smile-care-dental-clinic-girinagar-avalahalli?referrer=hospital_listing,https://images1-fabric.practo.com/practices/735892/smile-care-dental-clinic-girinagar-bangalore-665d7dbeb5238.png,VN,practo,,1.0,canonical,587,Q2,,Mid-Market,0.26602
hosp_3d130416953634a8,RECOUP,recoup,Bangalore,Hospital,HSR Layout,,12.9340261,77.62909939999997,876189251ffffff,,1.0,1.0,True,3.0,0.0,0.0,,,,+918046801984,https://www.practo.com/bangalore/hospital/recoup-hsr-layout?referrer=hospital_listing,https://images1-fabric.practo.com/practices/689220/recoup-bangalore-6663efef3db1a.png,VN,practo,,1.0,canonical,588,Q2,,Mid-Market,0.26602
hosp_e0e6aa0ebdb33ce0,Bodycraft Clinic,bodycraft clinic,Bangalore,Hospital,Sadashivanagar,,13.009073121953909,77.5802074571022,8760145b2ffffff,,1.0,1.0,True,5.0,500.0,500.0,,,,+918045687379,https://www.practo.com/bangalore/hospital/bodycraft-clinic-sadashivanagar1?referrer=hospital_listing,https://images1-fabric.practo.com/practices/849632/bodycraft-clinic-bangalore-6291b577e1da9.JPG,VN,practo,,1.0,canonical,589,Q2,,Mid-Market,0.26602
hosp_e3d50de475dcca1f,Spandana Hospital and Healthcare centre,spandana hospital healthcare centre,Bangalore,Hospital,Ramamurthy Nagar,,13.0113,77.67447,8761892e3ffffff,,2.0,2.0,False,,500.0,500.0,4.5,122.0,2000.0,+918046801975,https://www.practo.com/bangalore/hospital/spandana-hospital-hcc-ramamurthy-nagar-1?referrer=hospital_listing,https://images1-fabric.practo.com/practices/723113/spandana-hospital-for-mother-and-child-bangalore-59244e6f7ad28.jpg,VN,practo,,1.0,canonical,590,Q2,,Mid-Market,0.265868
hosp_96353a7750c8e91f,Gunasheela Surgical and Maternity Hospital,gunasheela surgical maternity hospital,Bangalore,Hospital,Basavanagudi,,12.94031,77.57646,876189259ffffff,,3.0,5.0,True,,500.0,500.0,4.0,151.0,1975.0,+918061933498,https://www.practo.com/bangalore/hospital/gunasheela-surgical-and-maternity-hospital-basavanagudi?referrer=hospital_listing,https://images1-fabric.practo.com/gunasheela-surgical-and-maternity-center-bangalore-1462517173-572c3db59c921.png,VN,practo,,1.0,canonical,591,Q2,,Mid-Market,0.265844
hosp_c60b79c6550a670a,Maiya Multi Speciality Hospital,maiya multi speciality hospital,Bangalore,Hospital,Jayanagar,,12.9433067,77.5852672,876189259ffffff,,14.0,12.0,True,,400.0,800.0,3.5,22.0,2005.0,+918046801973,https://www.practo.com/bangalore/hospital/maiya-multi-speciality-hospital-jayanagar?referrer=hospital_listing,https://images1-fabric.practo.com/practices/615220/maiya-multi-speciality-hospital-bangalore-668fabe57071d.png,VN,practo,,1.0,canonical,592,Q2,,Mid-Market,0.265842
hosp_8ab155352774a010,Tamara Hospital,tamara hospital,Bangalore,Hospital,Rajajinagar,,13.0042626,77.5531059,8760145b3ffffff,,10.0,9.0,True,,500.0,800.0,4.0,240.0,1990.0,+918068452161,https://www.practo.com/bangalore/hospital/tamara-hospital-and-ivf-centre-rajajinagar-1?referrer=hospital_listing,https://images1-fabric.practo.com/tamara-hospital-ivf-centre-bangalore-1466425375-5767e01f0b621.JPG,ABS,practo,,1.0,canonical,593,Q2,,Mid-Market,0.265828
hosp_485aafc099e7176e,Ramakrishna Nursing Home,ramakrishna nursing home,Bangalore,Hospital,Malleswaram,,13.0056916,77.5769414,8760145b2ffffff,,2.0,6.0,False,,0.0,200.0,,,1980.0,+918071966536,https://www.practo.com/bangalore/hospital/ramakrishna-nursing-home-malleswaram?referrer=hospital_listing,,VN,practo,,1.0,canonical,594,Q2,,Mid-Market,0.265196
hosp_056466307ccdddce,Teatree Hospital & Diagnostics Centre,teatree hospital diagnostics centre,Bangalore,Hospital,Singasandra,,12.875002044937,77.65123832949,876189244ffffff,,10.0,14.0,True,,0.0,1200.0,4.0,52.0,,+918071175657,https://www.practo.com/bangalore/hospital/teatree-hospital-diagnostics-singasandra?referrer=hospital_listing,https://images1-fabric.practo.com/practices/1358866/teatree-hospital-diagnostics-bangalore-61446cdd0cdb9.png,VN,practo,,1.0,canonical,595,Q2,,Mid-Market,0.26514
hosp_32c2f9f9d7f71f83,Altor Hospital,altor hospital,Bangalore,Hospital,KR Puram,,13.0160183,77.7007569,8761892e2ffffff,,20.0,14.0,True,,0.0,1300.0,4.0,159.0,2021.0,+918045883487,https://www.practo.com/bangalore/hospital/altor-hospital-kr-puram?referrer=hospital_listing,https://images1-fabric.practo.com/practices/1425412/altor-hospital-bangalore-6475b6282cdfd.JPG,ABS,practo,,1.0,canonical,596,Q2,,Mid-Market,0.265137
hosp_538f01bce35b2e84,Springleaf Healthcare,springleaf healthcare,Bangalore,Hospital,Electronics City,,12.852609,77.66746,876189262ffffff,,13.0,14.0,True,,350.0,1500.0,4.0,209.0,2008.0,+918045685335,https://www.practo.com/bangalore/hospital/springleaf-healthcare-electronics-city-2?referrer=hospital_listing,https://images1-fabric.practo.com/practices/1121865/springleaf-healthcare-bangalore-592134cdaeaed.png,VN,practo,,1.0,canonical,597,Q2,,Mid-Market,0.265003
hosp_4e329890c3473a7b,Bodycraft Clinic,bodycraft clinic,Bangalore,Hospital,Frazer Town,,12.9953021,77.6172431,8761892e9ffffff,,,1.0,True,5.0,800.0,800.0,,5.0,,+918047186181,https://www.practo.com/bangalore/hospital/body-craft-clinic-frazer-town?referrer=hospital_listing,https://images1-fabric.practo.com/practices/634979/body-craft-clinic-bangalore-6291b52c22804.JPG,active,practo,,1.0,canonical,598,Q2,,Mid-Market,0.2649
hosp_e726c90b66c8e154,Spandhana,spandhana,Bangalore,Hospital,Banaswadi,,13.013545774035018,77.66193509101868,8761892c5ffffff,,,1.0,True,,1000.0,1000.0,,3.0,,+918046801992,https://www.practo.com/bangalore/hospital/spandhana-kr-puram?referrer=hospital_listing,https://images1-fabric.practo.com/practices/1210161/spandhana-bangalore-673c69a6696e2.png,active,practo,,1.0,canonical,599,Q2,,Mid-Market,0.264857
hosp_a024b52c11cdcc3a,Manjushree Speciality Hospital,manjushree speciality hospital,Bangalore,Hospital,Ulsoor,,12.9825754,77.6125933,8761892e9ffffff,,9.0,8.0,True,,250.0,500.0,3.5,22.0,1990.0,+918061914684,https://www.practo.com/bangalore/hospital/manjushree-speciality-hospital-ulsoor?referrer=hospital_listing,https://images1-fabric.practo.com/practices/635907/manjushree-speciality-hospital-bangalore-6659760f7a8f9.png,VN,practo,,1.0,canonical,600,Q2,,Mid-Market,0.264515
hosp_2e9a6c6fc91ba022,NR Hospital,nr hospital,Bangalore,Hospital,Attibele,,12.776661521212263,77.77638595551252,876189371ffffff,,1.0,,True,,500.0,500.0,,6.0,,+918046801984,https://www.practo.com/bangalore/hospital/nr-hospital-attibele?referrer=hospital_listing,,VN,practo,,1.0,canonical,601,Q2,,Mid-Market,0.264225
hosp_43909ac21d3ca701,Divyadristhi Eye Hospital,divyadristhi eye hospital,Bangalore,Hospital,Vijayanagar,,12.957621,77.534346,8760145a3ffffff,,1.0,1.0,False,,400.0,400.0,5.0,14.0,2005.0,+918071172763,https://www.practo.com/bangalore/hospital/divyadristhi-eye-hospital-vijayanagar?referrer=hospital_listing,https://images1-fabric.practo.com/practices/838291/divyadristhi-eye-hospital-bangalore-5a335a3d5181f.jpg,VN,practo,,1.0,canonical,602,Q2,,Mid-Market,0.263972
hosp_ad518ff77f22d72b,Glamyo Health,glamyo health,Bangalore,Hospital,Bannerghatta Road,,12.896046,77.599495,87618924effffff,,1.0,3.0,False,1.0,500.0,500.0,5.0,23.0,,+918046808371,https://www.practo.com/bangalore/hospital/glamyo-bannerghatta-road?referrer=hospital_listing,https://images1-fabric.practo.com/practices/1311284/glamyo-health-bangalore-60701448630fe.png,VN,practo,,1.0,canonical,603,Q2,,Mid-Market,0.263787
hosp_28880e38c3d3f91f,Samvrudi Ayurvedic Multispeciality Hospital,samvrudi ayurvedic multispeciality hospital,Bangalore,Hospital,Wilson Garden,,12.9465946,77.5953447,876189258ffffff,,2.0,1.0,False,,300.0,300.0,5.0,25.0,,+918071966527,https://www.practo.com/bangalore/hospital/samvrudi-ayurvedic-multispeciality-hospital-wilson-garden?referrer=hospital_listing,https://images1-fabric.practo.com/practices/1150050/samvrudi-ayurvedic-multispeciality-hospital-bangalore-59a3aea0dde18.jpg,VN,practo,,1.0,canonical,604,Q2,,Mid-Market,0.263728
hosp_3ed544881e77c128,K.C. Raju Multi Speciality Hospital,k c raju multi speciality hospital,Bangalore,Hospital,Lingarajapuram,,13.00843,77.62333,8761892ebffffff,,2.0,5.0,False,,200.0,350.0,4.5,458.0,,+918071966535,https://www.practo.com/bangalore/hospital/k-c-raju-multi-speciality-hospital-lingarajapuram?referrer=hospital_listing,https://images1-fabric.practo.com/practices/662998/k-c-raju-multi-speciality-hospital-bangalore-594e8ac797db2.jpg,VN,practo,,1.0,canonical,605,Q2,,Mid-Market,0.263218
hosp_42f9bd434014d810,Pristine Hospital,pristine hospital,Bangalore,Hospital,West Of Chord Road,,12.998149566149651,77.54302203655243,876014586ffffff,,12.0,18.0,True,,0.0,600.0,3.5,19.0,,+918045686415,https://www.practo.com/bangalore/hospital/pristine-hospital-west-of-chord-road?referrer=hospital_listing,https://images1-fabric.practo.com/pristine-hospital-bangalore-1442376200-55f8ea082b176.jpg,VN,practo,,1.0,canonical,606,Q2,,Mid-Market,0.262822
hosp_3ca890bd41680d15,Sri Sai Nothside Hospital,sri sai nothside hospital,Bangalore,Hospital,Sahakaranagar,,13.063677923453,77.590537369251,8761892cbffffff,,7.0,5.0,True,,0.0,450.0,4.0,17.0,,+918046801972,https://www.practo.com/bangalore/hospital/sri-sai-northside-hospital-sahakaranagar-3?referrer=hospital_listing,https://images1-fabric.practo.com/sri-sai-northside-hospital-bangalore-1443097717-5603ec755c280.png,VN,practo,,1.0,canonical,607,Q2,,Mid-Market,0.262508
hosp_fdb941c83124d36c,Sparsh Hospital,sparsh hospital,Bangalore,Hospital,Yelahanka,,13.0950791,77.5159871,876016968ffffff,,49.0,33.0,True,,750.0,1100.0,3.5,117.0,,+918045002222,https://www.practo.com/bangalore/hospital/sparsh-hospital-6-yelahanka-3?referrer=hospital_listing,https://images1-fabric.practo.com/practices/1451510/sparsh-hospital-bangalore-65d47e3f0908f.jpg,VN,practo,,1.0,canonical,608,Q2,,Mid-Market,0.262265
hosp_77349d3f14e6115b,P D Hinduja Sindhi Hospital ,p d hinduja sindhi hospital,Bangalore,Hospital,Sampangiramnagar,,12.9644006,77.5927165,87618925bffffff,,12.0,12.0,True,,0.0,210.0,3.5,14.0,,+918071966535,https://www.practo.com/bangalore/hospital/p-d-hinduja-sindhi-hospital-sampangiramnagar?referrer=hospital_listing,,VN,practo,,1.0,canonical,609,Q2,,Mid-Market,0.261414
hosp_ab56ad91ec8bda02,"Aveksha Hospital, Bangalore",aveksha hospital bangalore,Bangalore,Hospital,Singapura Paradise,,13.0818183,77.5409144,87601696cffffff,,16.0,15.0,False,,0.0,300.0,,,,+918071909299,https://www.practo.com/bangalore/hospital/aveksha-hospital-bangalore-singapura-paradise?referrer=hospital_listing,,VN,practo,,1.0,canonical,610,Q2,,Mid-Market,0.261348
hosp_e6de1c52a889b3e5,Arudra Ayurveda - A Panchakarma Treatment Centre,arudra ayurveda panchakarma treatment centre,Bangalore,Hospital,Konanakunte,,12.88072419509936,77.56806313991547,876189248ffffff,,1.0,1.0,False,,200.0,200.0,5.0,24.0,,+918045684275,https://www.practo.com/bangalore/hospital/arudra-ayurveda-a-panchakarma-treatment-centre-konanakunte?referrer=hospital_listing,https://images1-fabric.practo.com/practices/682351/arudra-ayurveda-a-panchakarma-treatment-centre-bangalore-58e3d0d7756cf.jpg,VN,practo,,1.0,canonical,611,Q2,,Mid-Market,0.261238
hosp_d7762c5567ede0b0,Nelivigi Eye Hospital And Surgical Centre,nelivigi eye hospital surgical centre,Bangalore,Hospital,Bellandur,,12.9240477,77.673762,876189254ffffff,,1.0,3.0,False,,400.0,400.0,4.5,563.0,,+918046801982,https://www.practo.com/bangalore/hospital/nelivigi-eye-hospital-and-surgical-centre-bellandur-1?referrer=hospital_listing,https://images1-fabric.practo.com/practices/766670/nelivigi-eye-hospital-and-surgical-centre-bangalore-665adb659da0c.png,VN,practo,,1.0,canonical,612,Q2,,Mid-Market,0.260918
hosp_260a2059a3a604b2,Sapthagiri Hospital,sapthagiri hospital,Bangalore,Hospital,Attibele,,12.7802311,77.7641517,876189346ffffff,,17.0,14.0,False,,0.0,0.0,,,,+918071965500,https://www.practo.com/bangalore/hospital/sapthagiri-hospital-4-attibele?referrer=hospital_listing,,VN,practo,,1.0,canonical,613,Q2,,Mid-Market,0.260652
hosp_071bfdd63ee443ea,Sparsh Hospital Bangalore,sparsh hospital bangalore,Bangalore,Hospital,Yeshwanthpur,,13.0277,77.5429,876014595ffffff,,15.0,15.0,False,,0.0,700.0,,,,+918045687379,https://www.practo.com/bangalore/hospital/sparsh-hospital-bangalore-yeshwanthpur?referrer=hospital_listing,,VN,practo,,1.0,canonical,614,Q2,,Mid-Market,0.260121
hosp_40a3646b688a4506,Prashanth Hospital,prashanth hospital,Bangalore,Hospital,Bommanahalli,,12.906611145755097,77.62872532010078,876189242ffffff,,6.0,7.0,True,,200.0,1200.0,4.0,25.0,,+918046808354,https://www.practo.com/bangalore/hospital/prashanth-hospital-bommanahalli-1?referrer=hospital_listing,https://images1-fabric.practo.com/practices/984074/prashanth-hospital-bangalore-67d529f4cb095.png,VN,practo,,1.0,canonical,615,Q2,,Mid-Market,0.25936
hosp_e45430eb50def347,Vijayanagar Hospital,vijayanagar hospital,Bangalore,Hospital,Vijayanagar,,12.971916,77.529886,876014584ffffff,,8.0,9.0,True,,400.0,1300.0,4.0,37.0,,+918045685211,https://www.practo.com/bangalore/hospital/vijayanagar-hospital-vijayanagar?referrer=hospital_listing,https://images1-fabric.practo.com/practices/1235423/vijayanagar-hospital-bangalore-5cc02b8ad6283.jpeg,VN,practo,,1.0,canonical,616,Q2,,Mid-Market,0.259056
hosp_516e79d5f3243575,Kamath Nursing home,kamath nursing home,Bangalore,Hospital,Banaswadi,,13.0029619,77.6352381,8761892e8ffffff,,2.0,3.0,True,,0.0,250.0,4.0,10.0,,+918071966527,https://www.practo.com/bangalore/hospital/kamath-nursing-home-banaswadi?referrer=hospital_listing,https://images1-fabric.practo.com/practices/639796/kamath-nursing-home-bangalore-6663f3709796f.png,VN,practo,,1.0,canonical,617,Q2,,Mid-Market,0.258873
hosp_4ee7c588729a4fcb,FRST HEALTHCARE PVT LTD,frst healthcare,Bangalore,Hospital,RT Nagar,,13.024408459920398,77.59456604719162,8761892cdffffff,,1.0,1.0,False,21.0,1000.0,1000.0,4.5,623.0,,+917317116724,https://www.practo.com/bangalore/hospital/first-eat-right-rt-nagar?referrer=hospital_listing,https://images1-fabric.practo.com/practices/744303/frst-healthcare-pvt-ltd-bangalore-64bb5f9c20694.PNG,ABS,practo,,1.0,canonical,618,Q2,,Mid-Market,0.258582
hosp_177f3334b90a5011,Rajashri Grandhim Speciality Hospital,rajashri grandhim speciality hospital,Bangalore,Hospital,Bilekahalli,,12.8954603,77.6077867,876189243ffffff,,3.0,6.0,False,,0.0,600.0,5.0,14.0,,+918071966535,https://www.practo.com/bangalore/hospital/rajashri-grandhim-speciality-hospital-bilekahalli-1?referrer=hospital_listing,,VN,practo,,1.0,canonical,619,Q2,,Mid-Market,0.258541
hosp_6613e88e37eca893,Medfine Hospital,medfine hospital,Bangalore,Hospital,BTM Layout 1st Stage,,12.919660868599,77.613990980475,87618925cffffff,,3.0,5.0,True,,500.0,700.0,4.0,16.0,,+918047106875,https://www.practo.com/bangalore/hospital/medfine-hospital-btm-layout-1st-stage?referrer=hospital_listing,https://images1-fabric.practo.com/practices/1466926/medfine-hospital-bangalore-6688fc0827053.png,VN,practo,,1.0,canonical,620,Q2,,Mid-Market,0.258422
hosp_20988e538f73a8e5,Fortis Hospitals,fortis hospitals,Bangalore,Hospital,Rajajinagar,,13.002245,77.549041,8760145b3ffffff,,19.0,14.0,True,3.0,350.0,1000.0,4.0,184.0,,+918071966442,https://www.practo.com/bangalore/hospital/fortis-hospitals-6-rajajinagar?referrer=hospital_listing,https://images1-fabric.practo.com/practices/1154559/fortis-hospitals-bangalore-5b911dc418e71.png,active,practo,,1.0,canonical,621,Q2,,Mid-Market,0.25837
hosp_f01a308a06598c86,Fortis Hospital,fortis hospital,Bangalore,Hospital,Nagarbhavi,,12.959549,77.511308,876014585ffffff,,18.0,16.0,True,3.0,400.0,800.0,4.0,288.0,,+918046801984,https://www.practo.com/bangalore/hospital/fortis-hospital-34-nagarbhavi?referrer=hospital_listing,https://images1-fabric.practo.com/practices/1154589/fortis-hospital-bangalore-5b911cbe6435c.png,VN,practo,,1.0,canonical,622,Q2,,Mid-Market,0.258303
hosp_678286a85c5745e0,A V Hospital,v hospital,Bangalore,Hospital,Basavanagudi,,12.93886,77.57854,876189259ffffff,,19.0,15.0,True,,0.0,1250.0,4.0,253.0,,+918047360977,https://www.practo.com/bangalore/hospital/a-v-hospital-basavanagudi-2-1?referrer=hospital_listing,https://images1-fabric.practo.com/practices/832903/a-v-hospital-bangalore-5b3f53ef0b4bf.jpg,ABS,practo,,1.0,canonical,623,Q2,,Mid-Market,0.258135
hosp_437e6c58c3add1c0,Rainbow Children’s Hospital,rainbow childrens hospital,Bangalore,Hospital,Sarjapur Road,,12.919821582938,77.667197585106,876189255ffffff,,15.0,9.0,True,3.0,900.0,1150.0,4.0,66.0,,+918071966850,https://www.practo.com/bangalore/hospital/rainbow-children-s-hospital-sarjapur-road-sarjapur-road?referrer=hospital_listing,https://images1-fabric.practo.com/practices/1450592/rainbow-children-s-hospital-bangalore-65d6d82440a97.jpg,VN,practo,,1.0,canonical,624,Q2,,Mid-Market,0.257545
hosp_70eef517565e1d06,Dr. Agarwal's Eye Hospital,dr agarwal s eye hospital,Bangalore,Hospital,Rajajinagar,,12.9996891,77.5471859,876014586ffffff,,4.0,1.0,True,9.0,400.0,800.0,4.0,10.0,,+918047186181,https://www.practo.com/bangalore/hospital/dr-agarwal-s-eye-hospital-12-rajajinagar?referrer=hospital_listing,https://images1-fabric.practo.com/practices/1369934/dr-agarwal-s-eye-hospital-bangalore-62879544250db.png,VN,practo,,1.0,canonical,625,Q2,,Mid-Market,0.257481
hosp_68b816012a3ea82e,Marigold Clinics & Diagnostics,marigold clinics diagnostics,Bangalore,Hospital,JP Nagar 1 Phase,,12.910721,77.582071,87618924affffff,,4.0,5.0,True,,500.0,500.0,4.0,19.0,,+918045685301,https://www.practo.com/bangalore/hospital/marigold-clinics-diagnostics-jp-nagar-1-phase?referrer=hospital_listing,https://images1-fabric.practo.com/practices/1258982/marigold-clinics-diagnostics-bangalore-5d01f29dd0ffa.jpg,VN,practo,,1.0,canonical,626,Q2,,Mid-Market,0.257256
hosp_863e4395b63162e4,Nethradhama Super Speciality Eye Hospital,nethradhama super speciality eye hospital,Bangalore,Hospital,Jayanagar,,12.9255308,77.5771094,876189259ffffff,,8.0,2.0,False,,200.0,1000.0,4.5,25.0,2003.0,+918071966535,https://www.practo.com/bangalore/hospital/nethradhama-superspeciality-eye-hospital-jayanagar?referrer=hospital_listing,https://images1-fabric.practo.com/nethradhama-super-speciality-eye-hospital-bangalore-1458817593-56f3ca39c8129.jpg,VN,practo,,1.0,canonical,627,Q2,,Mid-Market,0.256772
hosp_688b68d9801cbd5a,"Aster Cmi Hospital, Bangalore",aster cmi hospital bangalore,Bangalore,Hospital,Byatarayanapura,,13.054497,77.5915659,8761892cbffffff,,12.0,15.0,False,,0.0,500.0,,,,+918047111992,https://www.practo.com/bangalore/hospital/aster-cmi-hospital-bangalore-byatarayanapura?referrer=hospital_listing,,VN,practo,,1.0,canonical,628,Q2,,Mid-Market,0.25644
hosp_ae2c2fe0c0f08f74,Sammprada Hospital,sammprada hospital,Bangalore,Hospital,Jayanagar 8 Block,,12.9163888,77.5795657,87618924affffff,,13.0,14.0,False,,0.0,0.0,,,,+918068960989,https://www.practo.com/bangalore/hospital/sammprada-hospital-jayanagar-8-block?referrer=hospital_listing,,VN,practo,,1.0,canonical,629,Q2,,Mid-Market,0.255744
hosp_4151d56c79bf93c1,Curemaxx Hospitals,curemaxx hospitals,Bangalore,Hospital,Bommanahalli,,12.898820787799554,77.62630467116419,876189240ffffff,,11.0,14.0,True,,700.0,850.0,4.0,103.0,,+918071966820,https://www.practo.com/bangalore/hospital/curemaxx-hospitals-bommanahalli?referrer=hospital_listing,https://images1-fabric.practo.com/practices/1413052/curemax-hospitals-bangalore-63db60b3ab115.jpg,VN,practo,,1.0,canonical,630,Q2,,Mid-Market,0.255265
hosp_30ce706f7ed6298b,BMS Hospital,bms hospital,Bangalore,Hospital,Basavanagudi,,12.940603,77.570052,8760145a6ffffff,,9.0,10.0,True,,150.0,550.0,4.0,55.0,,+918046801975,https://www.practo.com/bangalore/hospital/bms-hospital-basavanagudi?referrer=hospital_listing,https://images1-fabric.practo.com/practices/896567/bms-hospital-bangalore-6364af36d39b5.jpg,VN,practo,,1.0,canonical,631,Q2,,Mid-Market,0.25524
hosp_4ff1a1038b8ecedb,Move More Physiotherapy Center,move more physiotherapy center,Bangalore,Hospital,Nagawara,,13.039846804931,77.623085975647,8761892ccffffff,,1.0,1.0,True,,500.0,500.0,4.0,10.0,,+918071172760,https://www.practo.com/bangalore/hospital/sun-physiotherapy-jmj-hospital-nagawara?referrer=hospital_listing,https://images1-fabric.practo.com/practices/1232621/move-more-physiotherapy-center-bangalore-67b06e5a146db.jpg,ABS,practo,,1.0,canonical,632,Q2,,Mid-Market,0.2538
hosp_75a86805e9a8e953,Maharaja Agrasen Hospital,maharaja agrasen hospital,Bangalore,Hospital,Padmanabhanagar,,12.915992204308225,77.55502031575296,8760145a4ffffff,,7.0,13.0,True,,0.0,600.0,3.5,28.0,2001.0,+918045685335,https://www.practo.com/bangalore/hospital/maharaja-agrasen-hospital-padmanabhanagar?referrer=hospital_listing,https://images1-fabric.practo.com/practices/630195/maharaja-agrasen-hospital-bangalore-6667de7129b62.png,VN,practo,,1.0,canonical,633,Q2,,Mid-Market,0.252978
hosp_949597c1768db994,Bangalore Institute of Alternative Therapy,bangalore institute alternative therapy,Bangalore,Hospital,Jayanagar,,12.932827,77.592541,876189259ffffff,,1.0,1.0,False,,800.0,800.0,5.0,18.0,,+918047110615,https://www.practo.com/bangalore/hospital/bangalore-institute-of-alternative-therapy-jayanagar-1-block?referrer=hospital_listing,https://images1-fabric.practo.com/practices/1266926/biat-5d808bde73665.png,VN,practo,,1.0,canonical,634,Q2,,Mid-Market,0.252892
hosp_b445c7bbc34c40bf,Dr. Sailaja's Super Speciality Eye Hospital,dr sailaja s super speciality eye hospital,Bangalore,Hospital,Horamavu,,13.027648815274,77.661420106888,8761892c5ffffff,,1.0,1.0,False,,600.0,600.0,4.5,407.0,,+918047093688,https://www.practo.com/bangalore/hospital/dr-sailaja-s-eye-hospital-horamavu?referrer=hospital_listing,https://images1-fabric.practo.com/practices/786671/dr-sailaja-s-super-speciality-eye-hospital-bangalore-5aec04ec1ac34.jpg,VN,practo,,1.0,canonical,635,Q2,,Mid-Market,0.252863
hosp_9c2198e44722d730,Dr T V Ramesh Piles Hospital,dr t v ramesh piles hospital,Bangalore,Hospital,Ganganagar,,13.0253666,77.5858633,8760145b2ffffff,,2.0,2.0,False,,300.0,300.0,,5.0,1987.0,+918071172857,https://www.practo.com/bangalore/hospital/dr-t-v-ramesh-piles-hospital-rt-nagar?referrer=hospital_listing,,VN,practo,,1.0,canonical,636,Q2,,Mid-Market,0.251777
hosp_bd38a55c0b3dfbb6,Dr. N.M. Thimmarayappa's ENT Clinic,dr n m thimmarayappa s ent clinic,Bangalore,Hospital,Indiranagar,,12.96294,77.64139,876189253ffffff,,1.0,1.0,False,,300.0,300.0,4.5,359.0,,+918046801976,https://www.practo.com/bangalore/hospital/dr-thimmarayappa-s-speciality-clinic-indiranagar?referrer=hospital_listing,,VN,practo,,1.0,canonical,637,Q2,,Mid-Market,0.251433
hosp_3ef2bff913a044b0,The Eye Foundation Super Specialty Eye Hospital,eye foundation super specialty eye hospital,Bangalore,Hospital,Gunjur,,12.9319218633434,77.7419665153414,87618920cffffff,,4.0,1.0,True,,0.0,500.0,4.0,17.0,,+918046801981,https://www.practo.com/bangalore/hospital/the-eye-foundation-super-specialty-eye-hospital-whitefield-whitefield?referrer=hospital_listing,https://images1-fabric.practo.com/practices/1453479/the-eye-foundation-super-specialty-eye-hospital-whitefield-bangalore-65e6f8a425f7b.jpg,VN,practo,,1.0,canonical,638,Q2,,Mid-Market,0.251135
hosp_cce937d58d06b0bd,Davita Care India Pvt. Ltd,davita care,Bangalore,Hospital,Shantinagar,,12.9572292,77.6059156,87618925affffff,,3.0,3.0,False,1.0,350.0,600.0,5.0,13.0,,+918046801982,https://www.practo.com/bangalore/hospital/davita-care-india-pvt-ltd-shantinagar?referrer=hospital_listing,https://images1-fabric.practo.com/davita-care-india-pvt-ltd-bangalore-1485327070-58884adedc525.png,VN,practo,,1.0,canonical,639,Q2,,Mid-Market,0.251041
hosp_5346a7f3562d72f0,Chandana Hospital & Yashaswini Diagnostics,chandana hospital yashaswini diagnostics,Bangalore,Hospital,Nagarbhavi,,12.9577862,77.511317,8760145aeffffff,,1.0,2.0,True,,500.0,500.0,3.5,13.0,2002.0,+918046801973,https://www.practo.com/bangalore/hospital/chandana-hospital-yashaswini-diagnostics-nagarbhavi?referrer=hospital_listing,https://images1-fabric.practo.com/practices/636317/chandana-hospital-yashaswini-diagnostics-bangalore-5978382b386d4.png,VN,practo,,1.0,canonical,640,Q2,,Mid-Market,0.250908
hosp_452c4edef18a3fc6,Apollo Clinic,apollo clinic,Bangalore,Hospital,Basavanagudi,,12.948156,77.567577,8760145a6ffffff,,13.0,12.0,True,7.0,0.0,1200.0,4.0,133.0,,+918045688194,https://www.practo.com/bangalore/hospital/apollo-clinic-13-basavanagudi?referrer=hospital_listing,https://images1-fabric.practo.com/practices/744511/apollo-clinic-bangalore-5b5889c2ec3b9.png,ABS,practo,,1.0,canonical,641,Q2,,Mid-Market,0.250516
hosp_0b933860048637b6,Apollo Speciality Hospitals,apollo speciality hospitals,Bangalore,Hospital,Jayanagar,,12.936327765036,77.584438025951,876189259ffffff,,63.0,31.0,True,2.0,500.0,1500.0,3.5,325.0,,+918071909299,https://www.practo.com/bangalore/hospital/apollo-hospital-jayanagar-1?referrer=hospital_listing,https://images1-fabric.practo.com/practices/814706/apollo-hospital-bangalore-5b28fa08a37c9.jpg,VN,practo,,1.0,canonical,642,Q2,,Mid-Market,0.250005
hosp_8c8e599e6e1976fa,Pragathi Multi Speciality Hospital,pragathi multi speciality hospital,Bangalore,Hospital,Yelachenahalli,,12.8914896,77.5612501,876189248ffffff,,13.0,11.0,False,,0.0,0.0,,,,+918071910135,https://www.practo.com/bangalore/hospital/pragathi-multi-speciality-hospital-yelachenahalli?referrer=hospital_listing,,VN,practo,,1.0,canonical,643,Q2,,Mid-Market,0.249975
hosp_d707dd1b8eb51c5e,Apollo Cradle and Children s Hospital - Rajajinagar,apollo cradle children s hospital rajajinagar,Bangalore,Hospital,Rajajinagar,,13.0028,77.5534,8760145b3ffffff,,10.0,3.0,True,,800.0,900.0,4.0,37.0,,+917941058619,https://www.practo.com/bangalore/hospital/apollo-cradle-and-children-s-hospital-rajajinagar?referrer=hospital_listing,https://images1-fabric.practo.com/practices/1423395/apollo-cradle-and-children-s-hospital-bangalore-645f5333518e3.JPG,ABS,practo,,1.0,canonical,644,Q2,,Mid-Market,0.249971
hosp_82e69e04c7f6714d,S J Hospital,s j hospital,Bangalore,Hospital,Sanjay Nagar,,13.03611,77.57505,8761892c9ffffff,,6.0,6.0,True,,0.0,300.0,4.0,176.0,1999.0,+918045686414,https://www.practo.com/bangalore/hospital/s-j-hospital-sanjay-nagar-1?referrer=hospital_listing,https://images1-fabric.practo.com/54f702624f82359054b33f45c9beb1f544c18deba4fa9.jpg,VN,practo,,1.0,canonical,645,Q2,,Mid-Market,0.249928
hosp_214c77fa41136612,Vinayaka Hospital,vinayaka hospital,Bangalore,Hospital,Hongasandra,,12.891896,77.6258934,876189240ffffff,,1.0,1.0,True,,30.0,200.0,3.5,13.0,2002.0,+918045684275,https://www.practo.com/bangalore/hospital/vinayaka-hospital-hongasandra?referrer=hospital_listing,https://images1-fabric.practo.com/practices/685086/vinayaka-hospital-bangalore-665443f2537aa.png,VN,practo,,1.0,canonical,646,Q2,,Mid-Market,0.248984
hosp_4370ea5cda9382cc,Motherhood Hospital,motherhood hospital,Bangalore,Hospital,Electronics City,,12.8407711,77.568916,876014536ffffff,,9.0,5.0,True,8.0,900.0,900.0,4.0,58.0,2021.0,+917969202771,https://www.practo.com/bangalore/hospital/motherhood-hospital-5-electronics-city?referrer=hospital_listing,https://images1-fabric.practo.com/practices/985343/motherhood-hospital-bangalore-6752e6a79998d.png,RFA,practo,,1.0,canonical,647,Q2,,Mid-Market,0.248868
hosp_daf3a9a55a0883e3,Velpro Hospital,velpro hospital,Bangalore,Hospital,Kalyan Nagar,,13.02042135399248,77.64719401349244,8761892eaffffff,,6.0,8.0,False,,500.0,800.0,4.5,32.0,,+918045682179,https://www.practo.com/bangalore/hospital/velpro-hospital-kalyan-nagar?referrer=hospital_listing,https://images1-fabric.practo.com/practices/2085324/velpro-hospital-bangalore-68ad7b44b3b1d.png,ABS,practo,,1.0,canonical,648,Q2,,Mid-Market,0.248639
hosp_5126954a95ff1f33,Panacea Hospital - Nagarabhavi,panacea hospital nagarabhavi,Bangalore,Hospital,Nagarbhavi,,12.96128,77.51172,876014585ffffff,,25.0,24.0,True,,0.0,1000.0,3.5,52.0,,+914430194509,https://www.practo.com/bangalore/hospital/panacea-hospital-nagarbhavi-2?referrer=hospital_listing,,VN,practo,,1.0,canonical,649,Q2,,Mid-Market,0.248623
hosp_b488f1e0c5e8e0ac,RxDx - Healthcare,rxdx healthcare,Bangalore,Hospital,Kadugodi,,13.003010598144833,77.75698184967041,876189218ffffff,,15.0,13.0,True,4.0,450.0,850.0,4.0,388.0,,+918046801991,https://www.practo.com/bangalore/hospital/telerad-rxdx-healthcare-pvt-ltd-kadugodi?referrer=hospital_listing,https://images1-fabric.practo.com/practices/740086/telerad-rxdx-healthcare-pvt-ltd-bangalore-5b1b7f5f59581.png,VN,practo,,1.0,canonical,650,Q2,,Mid-Market,0.248466
hosp_f40e248dfc5a98b2,Dr RaviRaj OrthoCare,dr raviraj orthocare,Bangalore,Hospital,Bannerghatta Road,,12.8924,77.61022,876189241ffffff,,1.0,1.0,False,,500.0,500.0,4.5,268.0,,+918047111990,https://www.practo.com/bangalore/hospital/vijaya-medical-center-dr-raviraj-orthocare-bannerghatta-road?referrer=hospital_listing,https://images1-fabric.practo.com/practices/839300/dr-raviraj-orthocare-bangalore-5a28ea1e0d5e3.png,VN,practo,,1.0,canonical,651,Q2,,Mid-Market,0.248386
hosp_f9eb92cec18f938b,Iswarya Fertility Center,iswarya fertility center,Bangalore,Hospital,HSR Layout,,12.9112534,77.6302887,876189242ffffff,,2.0,1.0,True,,500.0,700.0,4.0,18.0,,+918048816825,https://www.practo.com/bangalore/hospital/iswara-fertility-services-pvt-ltd-hsr-layout?referrer=hospital_listing,https://images1-fabric.practo.com/practices/1293926/iswarya-fertility-center-bangalore-662f432102aca.png,ABS,practo,,1.0,canonical,652,Q2,,Mid-Market,0.247883
hosp_899bf3378829f713,Dr. Levine Memorial Hospital,dr levine memorial hospital,Bangalore,Hospital,Bellandur,,12.918823,77.670588,876189254ffffff,,10.0,9.0,True,1.0,400.0,600.0,4.0,82.0,,+918046808862,https://www.practo.com/bangalore/hospital/levine-memorial-hospital-sarjapur-road?referrer=hospital_listing,https://images1-fabric.practo.com/practices/879670/dr-levine-memorial-hospital-bangalore-5e15c8d2dbdda.JPG,VN,practo,,1.0,canonical,653,Q2,,Mid-Market,0.247853
hosp_dc954a935786c566,Cura Hospitals,cura hospitals,Bangalore,Hospital,Kanakpura Road,,12.8865046,77.5507253,876189249ffffff,,19.0,14.0,True,,0.0,1000.0,3.5,33.0,2019.0,+918045680579,https://www.practo.com/bangalore/hospital/cura-hospitals-kanakpura-road?referrer=hospital_listing,https://images1-fabric.practo.com/practices/1273967/cura-hospitals-bangalore-5e09a79a37e71.png,ABS,practo,,1.0,canonical,654,Q2,,Mid-Market,0.247749
hosp_022d72482d72d834,Dr Batra's Positive Health Clinic Pvt Ltd,dr batra s positive health clinic,Bangalore,Hospital,Jayanagar 4 Block,,12.927651,77.580841,876189259ffffff,,2.0,1.0,False,11.0,499.0,499.0,5.0,14.0,,+918047091253,https://www.practo.com/bangalore/hospital/dr-batras-positive-health-clinic-pvt-ltd-jayanagar-4-block?referrer=hospital_listing,https://images1-fabric.practo.com/practices/638003/dr-batra-s-positive-health-clinic-pvt-ltd-bangalore-640c45ec330a5.png,VN,practo,,1.0,canonical,655,Q2,,Mid-Market,0.247699
hosp_f158d811c53fd338,Apurva Mother And Child Hospital,apurva mother child hospital,Bangalore,Hospital,Yelahanka,,13.0976,77.599,876016966ffffff,,11.0,11.0,False,,0.0,500.0,,7.0,,+918046801982,https://www.practo.com/bangalore/hospital/apurva-mother-and-child-hospital-yelahanka?referrer=hospital_listing,https://images1-fabric.practo.com/apurva-mother-and-child-hospital-bangalore-1456913426-56d6bc124bce2.jpg,VN,practo,,1.0,canonical,656,Q2,,Mid-Market,0.24767
hosp_da0870ca88e0bbce,SRV Agadi Hospital,srv agadi hospital,Bangalore,Hospital,Wilson Garden,,12.949398,77.597584,876189258ffffff,,21.0,16.0,True,1.0,500.0,1000.0,3.5,88.0,1976.0,+918045682996,https://www.practo.com/bangalore/hospital/agadi-centre-for-advanced-dental-care-wilson-garden?referrer=hospital_listing,https://images1-fabric.practo.com/practices/682673/srv-agadi-hospital-bangalore-6502bcb31871f.jpg,ABS,practo,,1.0,canonical,657,Q2,,Mid-Market,0.247642
hosp_8a4675892ec3a7bf,Narayana Nethralaya,narayana nethralaya,Bangalore,Hospital,Bannerghatta Road,,12.874605688317086,77.59499788284302,87618924cffffff,,5.0,2.0,True,2.0,500.0,600.0,4.0,45.0,2015.0,+918046801970,https://www.practo.com/bangalore/hospital/narayana-nethralaya-bannerghatta-road-1?referrer=hospital_listing,https://images1-fabric.practo.com/narayana-nethralaya-bangalore-1467701646-577b598e6cfcf.jpg,VN,practo,,1.0,canonical,658,Q2,,Mid-Market,0.24764
hosp_3566f2cee34ac682,Apollo AyurVAID Hospitals,apollo ayurvaid hospitals,Bangalore,Hospital,Domlur,,12.955237654964,77.642840158266,876189253ffffff,,3.0,3.0,True,3.0,750.0,750.0,4.0,61.0,2008.0,+918047186782,https://www.practo.com/bangalore/hospital/ayurvaid-hospital-domlur-1?referrer=hospital_listing,https://images1-fabric.practo.com/practices/662052/apollo-ayurvaid-hospitals-bangalore-699d9d4f32bc7.jpg,VN,practo,,1.0,canonical,659,Q2,,Mid-Market,0.247624
hosp_67e2c6968bc1e808,Sri Krishna Seva Shrama Hospital,sri krishna seva shrama hospital,Bangalore,Hospital,Jayanagar,,12.917379,77.585044,87618924affffff,,6.0,5.0,True,,0.0,400.0,3.5,11.0,,+918071966535,https://www.practo.com/bangalore/hospital/sri-krishna-seva-shrama-hospital-jayanagar-1?referrer=hospital_listing,https://images1-fabric.practo.com/534535034224296d6f2e7e1f705ab5e59c84a6dc009b2.jpg,VN,practo,,1.0,canonical,660,Q2,,Mid-Market,0.247474
hosp_115dea2d2e35f13d,Kavitha Hospital,kavitha hospital,Bangalore,Hospital,Sunkadakatte,,12.9886039,77.5068591,876014580ffffff,,4.0,7.0,False,,0.0,400.0,,8.0,2007.0,+918037298705,https://www.practo.com/bangalore/hospital/kavitha-hospital-sunkadakatte?referrer=hospital_listing,https://images1-fabric.practo.com/practices/686929/kavitha-hospital-bangalore-5a4cc4802c1ba.jpeg,VN,practo,,1.0,canonical,661,Q2,,Mid-Market,0.247243
hosp_2aba81b16b79e98c,Dr Bhargavi Reddy Women & Children Hospital,dr bhargavi reddy women children hospital,Bangalore,Hospital,Indiranagar,,12.975910438049507,77.64687180519104,8761892ecffffff,,3.0,2.0,False,2.0,0.0,200.0,4.5,29.0,2009.0,+918071966536,https://www.practo.com/bangalore/hospital/dr-bhargavi-reddy-women-children-s-hospital-indiranagar?referrer=hospital_listing,,VN,practo,,1.0,canonical,662,Q2,,Mid-Market,0.24679
hosp_24afafb3846a905c,"Sai Thunga Hospital, Bangalore",sai thunga hospital bangalore,Bangalore,Hospital,Agara,,12.9239747,77.6481932,876189255ffffff,,10.0,11.0,False,,0.0,0.0,,,,+918071172956,https://www.practo.com/bangalore/hospital/sai-thunga-hospital-bangalore-agara?referrer=hospital_listing,,VN,practo,,1.0,canonical,663,Q2,,Mid-Market,0.246294
hosp_55eb80d4b8c75704,Birla Fertility & IVF | Baby Science IVF,birla fertility ivf baby science ivf,Bangalore,Hospital,Koramangala,,12.934686972866,77.634855508804,876189251ffffff,,2.0,3.0,False,2.0,200.0,1000.0,4.5,121.0,,+918071965500,https://www.practo.com/bangalore/hospital/baby-science-ivf-clinic-koramangala-1?referrer=hospital_listing,https://images1-fabric.practo.com/practices/1137284/birla-fertility-ivf-baby-science-ivf-bangalore-6718a0d196fdd.png,ABS,practo,,1.0,canonical,664,Q2,,Mid-Market,0.246049
hosp_41e78ae92f872d6b,Noble Multispecialty Hospital,noble multispecialty hospital,Bangalore,Hospital,Doddakammanahalli,,12.861545183776856,77.60172989219427,87618926affffff,,10.0,9.0,True,,600.0,800.0,4.0,93.0,,+917941057321,https://www.practo.com/bangalore/hospital/noble-multispeciality-hospital-doddakammanahalli?referrer=hospital_listing,https://images1-fabric.practo.com/practices/1362465/noble-multispeciality-hospital-616d5b9e10195.jpeg,ABS,practo,,1.0,canonical,665,Q2,,Mid-Market,0.245914
hosp_a99a660389e943a8,Nova IVF Fertility,nova ivf fertility,Bangalore,Hospital,Koramangala 5 Block,,20.0152892,73.8256253,876099a30ffffff,,2.0,1.0,False,3.0,750.0,750.0,4.5,176.0,,+918046801984,https://www.practo.com/bangalore/hospital/nova-ivi-fertility-koramangala-5-block-1?referrer=hospital_listing,https://images1-fabric.practo.com/practices/1142261/nova-ivi-fertility-bangalore-5dde4381a0aff.jpg,VN,practo,,1.0,canonical,666,Q2,,Mid-Market,0.245626
hosp_07e137f04f1e1983,Geetha Hospital,geetha hospital,Bangalore,Hospital,Avalahalli,,13.036003510109,77.735157251227,8761892f4ffffff,,2.0,3.0,True,,300.0,450.0,4.0,27.0,,+918061914942,https://www.practo.com/bangalore/hospital/geetha-hospital-avalahalli?referrer=hospital_listing,,VN,practo,,1.0,canonical,667,Q2,,Mid-Market,0.24551
hosp_d4864d600d46420a,Shirdi Sai Hospital,shirdi sai hospital,Bangalore,Hospital,New BEL Road,,13.0378186,77.5653493,876014594ffffff,,21.0,19.0,True,,0.0,600.0,3.5,61.0,2004.0,+918061933498,https://www.practo.com/bangalore/hospital/shirdi-sai-hospital-new-bel-road-2?referrer=hospital_listing,https://images1-fabric.practo.com/shirdi-sai-hospital-bangalore-1461311775-5719d91f9d726.JPG,VN,practo,,1.0,canonical,668,Q2,,Mid-Market,0.245438
hosp_521bac8ee0f1b20e,Lotus Ayur Care Ayurveda Hospital,lotus ayur care ayurveda hospital,Bangalore,Hospital,Ganganagar,,13.0247,77.58739,8761892cdffffff,,2.0,2.0,False,,200.0,350.0,4.5,138.0,,+918071966527,https://www.practo.com/bangalore/hospital/lotus-ayur-care-ayurveda-hospital-ganganagar?referrer=hospital_listing,https://images1-fabric.practo.com/53d78b560d89d70efdf2ec9b086079795c442636b55fb.png,VN,practo,,1.0,canonical,669,Q2,,Mid-Market,0.245325
hosp_e6c913ec26f208fe,Suguna Hospital,suguna hospital,Bangalore,Hospital,Rajajinagar,,12.988150176319271,77.56003260612488,8760145b1ffffff,,17.0,14.0,True,,0.0,800.0,2.5,10.0,,+918061914942,https://www.practo.com/bangalore/hospital/suguna-hospital-rajajinagar-3?referrer=hospital_listing,https://images1-fabric.practo.com/practices/635447/suguna-hosptial-bangalore-60741dcf69f96.jpg,VN,practo,,1.0,canonical,670,Q2,,Mid-Market,0.245321
hosp_ff204bd19ffd0a72,Dr Agarwals eye Hospital ,dr agarwals eye hospital,Bangalore,Hospital,Pulikeshi Nagar,,12.996423,77.612716,8761892e9ffffff,,20.0,4.0,False,,0.0,600.0,,,,+918071966850,https://www.practo.com/bangalore/hospital/dr-agarwals-eye-hospital-pulikeshi-nagar?referrer=hospital_listing,,VN,practo,,1.0,canonical,671,Q2,,Mid-Market,0.245102
hosp_8f1268cac325ac95,Devi-Eye-Hospitals.,devi eye hospitals,Bangalore,Hospital,Koramangala 6 Block,,12.9411266,77.6240544,87618925effffff,,7.0,1.0,True,,600.0,600.0,4.0,191.0,1994.0,+918045680855,https://www.practo.com/bangalore/hospital/devi-eye-hospital-koramangala-6-block?referrer=hospital_listing,https://images1-fabric.practo.com/551a4980d03f2e5e633f8bd2b3ce37d24fe84a60c03bb.jpg,ABS,practo,,1.0,canonical,672,Q2,,Mid-Market,0.244999
hosp_3334da7630cf03e9,AAYUSH HOSPITAL ,aayush hospital,Bangalore,Hospital,Chandapura,,12.802998594198,77.711657348896,87618935dffffff,,2.0,3.0,True,,300.0,400.0,4.0,28.0,,+918046801974,https://www.practo.com/bangalore/hospital/aayush-childrens-hospital-electronics-city?referrer=hospital_listing,https://images1-fabric.practo.com/practices/1162686/aayush-hospital-bangalore-6656d9578832b.png,VN,practo,,1.0,canonical,673,Q2,,Mid-Market,0.24491
hosp_e03a201a654c5501,Supurva Hospitals,supurva hospitals,Bangalore,Hospital,Kanakpura Road,,12.8913516,77.5610283,876189248ffffff,,,1.0,True,,0.0,100.0,3.5,10.0,2014.0,+918045686414,https://www.practo.com/bangalore/hospital/supurva-hospitals-konanakunte?referrer=hospital_listing,https://images1-fabric.practo.com/practices/807448/supurva-hospitals-bangalore-58e3dd0446b2f.png,active,practo,,1.0,canonical,674,Q2,,Mid-Market,0.244869
hosp_a1f19d190b026269,"Vardhan Fertility, Laparoscopy & Women'S Care Centre",vardhan fertility laparoscopy women s care centre,Bangalore,Hospital,Banaswadi,,13.012776803005227,77.6476214826107,8761892eaffffff,,2.0,2.0,False,,350.0,450.0,4.5,127.0,,+918071966822,https://www.practo.com/bangalore/hospital/vardhan-fertility-laproscopy-and-women-care-centre-banaswadi?referrer=hospital_listing,https://images1-fabric.practo.com/vardhan-fertility-laproscopy-and-women-care-centre-bangalore-1465204363-57553e8b68799.jpg,VN,practo,,1.0,canonical,675,Q2,,Mid-Market,0.244567
hosp_95cf913aae813670,Nandi hospital Kengeri,nandi hospital kengeri,Bangalore,Hospital,Kengeri,,12.9244005,77.4865629,8760145adffffff,,11.0,9.0,False,,0.0,0.0,,,,+918045687379,https://www.practo.com/bangalore/hospital/nandi-hospital-kengeri-3-kengeri?referrer=hospital_listing,,VN,practo,,1.0,canonical,676,Q2,,Mid-Market,0.243675
hosp_2ab80380ec7c0dc5,Dr Solanki Eye Hospital,dr solanki eye hospital,Bangalore,Hospital,Malleswaram,,12.9948192,77.5737601,8760145b0ffffff,,8.0,1.0,True,,300.0,700.0,4.0,37.0,,+918046801975,https://www.practo.com/bangalore/hospital/dr-solanki-eye-hospital-malleswaram?referrer=hospital_listing,https://images1-fabric.practo.com/dr-solanki-eye-hospital-bangalore-1456995677-56d7fd5d6a5d0.jpg,VN,practo,,1.0,canonical,677,Q2,,Mid-Market,0.243671
hosp_1b9461f40858f4a9,Trinity Hospital and Heart Foundation,trinity hospital heart foundation,Bangalore,Hospital,Basavanagudi,,12.9436054,77.5795373,876189259ffffff,,6.0,6.0,True,,250.0,800.0,3.0,13.0,2001.0,+918045686414,https://www.practo.com/bangalore/hospital/trinity-hospital-and-heart-foundation-basavanagudi?referrer=hospital_listing,https://images1-fabric.practo.com/trinity-hospital-and-heart-foundation-bangalore-1440066028-55d5a9ece7fdb.png,VN,practo,,1.0,canonical,678,Q2,,Mid-Market,0.243649
hosp_92049cdf220b6a8e,Comfort Multispeciality Hospital,comfort multispeciality hospital,Bangalore,Hospital,Kaggadasapura,,12.981663163976,77.680056095123,8761892e1ffffff,,5.0,6.0,True,,0.0,500.0,4.0,53.0,,+918046805894,https://www.practo.com/bangalore/hospital/comfort-multispeciality-hospital-kaggadasapura?referrer=hospital_listing,https://images1-fabric.practo.com/practices/1234395/comfort-multispeciality-hospital-bangalore-5be92da6f2da5.jpg,VN,practo,,1.0,canonical,679,Q2,,Mid-Market,0.243287
hosp_329dcb691e22ff13,SRI SAI KRUPA HOSPITAL,sri sai krupa hospital,Bangalore,Hospital,Palanahalli,,13.1155,77.607,8761892dbffffff,,9.0,10.0,False,,0.0,0.0,,,,+918071909298,https://www.practo.com/bangalore/hospital/sri-sai-krupa-hospital-1-palanahalli?referrer=hospital_listing,,VN,practo,,1.0,canonical,680,Q2,,Mid-Market,0.243144
hosp_7e1ddd2f1ffd51b9,Vinayaka Hospital,vinayaka hospital,Bangalore,Hospital,Devarachikkanahalli,,12.891073288981705,77.61117986105621,876189241ffffff,,2.0,2.0,True,,500.0,600.0,4.0,28.0,,+918047094815,https://www.practo.com/bangalore/hospital/vinayaka-hospital-devarachikkanahalli?referrer=hospital_listing,https://images1-fabric.practo.com/practices/1571103/vinayaka-hospital-bangalore-675430007ca1a.jpg,ABS,practo,,1.0,canonical,681,Q2,,Mid-Market,0.242987
hosp_bba476e2068ac6cd,Banaswadi medical centre,banaswadi medical centre,Bangalore,Hospital,Banaswadi,,13.02053,77.6509,8761892c5ffffff,,2.0,2.0,True,,100.0,250.0,4.0,28.0,,+918061915001,https://www.practo.com/bangalore/hospital/banaswadi-medical-centre-banaswadi?referrer=hospital_listing,,VN,practo,,1.0,canonical,682,Q2,,Mid-Market,0.242987
hosp_4f4db9a95257eca3,Dr. Partha Sarathi's Asian Hair And Skin Hospitals,dr partha sarathi s asian hair skin hospitals,Bangalore,Hospital,Magrath Road,,12.970388898279,77.610510732047,87618925affffff,,1.0,3.0,True,,900.0,900.0,4.0,2143.0,,+918045680337,https://www.practo.com/bangalore/hospital/dr-parthasarathi-s-asian-hair-skin-hospital-mgroad?referrer=hospital_listing,https://images1-fabric.practo.com/dr-parthasarathi-s-asian-hair-skin-hospital-bangalore-1455537075-56c1bbb378cc9.jpg,ABS,practo,,1.0,canonical,683,Q2,,Mid-Market,0.242682
hosp_c8462a9cf8b192e8,Dr Agarwals eye Hospital ,dr agarwals eye hospital,Bangalore,Hospital,HAL,,12.9698726585,77.6475692359,8761892ecffffff,,18.0,4.0,False,,0.0,600.0,,,,+918068960986,https://www.practo.com/bangalore/hospital/dr-agarwals-eye-hospital-hal?referrer=hospital_listing,,VN,practo,,1.0,canonical,684,Q2,,Mid-Market,0.242648
hosp_808a02aa23dd9162,BRINDHAVVAN AREION HOSPITAL,brindhavvan areion hospital,Bangalore,Hospital,Ganganagar,,13.0266,77.5907,8761892cdffffff,,7.0,11.0,False,,0.0,400.0,,,,+918045686369,https://www.practo.com/bangalore/hospital/brindhavvan-areion-hospital-1-ganganagar?referrer=hospital_listing,,VN,practo,,1.0,canonical,685,Q2,,Mid-Market,0.242613
hosp_577c29bb46e105a3,Blossom Multispecialty Hospital,blossom multispecialty hospital,Bangalore,Hospital,Electronics City,,12.870465152522998,77.65944331884384,876189244ffffff,,6.0,7.0,True,,150.0,350.0,4.0,164.0,2011.0,+918046801992,https://www.practo.com/bangalore/hospital/blossom-multispecialty-hospital-electronics-city?referrer=hospital_listing,https://images1-fabric.practo.com/practices/1150472/blossom-multispecialty-hospital-bangalore-59553c9b051fa.jpg,VN,practo,,1.0,canonical,686,Q2,,Mid-Market,0.242521
hosp_0e7964194b13e080,HCG  - The Specialist in Cancer Care,hcg specialist cancer care,Bangalore,Hospital,Shantinagar,,12.960493,77.59276,87618925bffffff,,6.0,3.0,False,2.0,450.0,1420.0,4.5,44.0,,+918047280888,https://www.practo.com/bangalore/hospital/hcg-bangalore-institute-of-oncology-speciality-centre-sampangiramnagar?referrer=hospital_listing,https://images1-fabric.practo.com/practices/659574/hcg-double-road-the-specialist-in-cancer-care-bangalore-5df0cf66c4dbf.png,ABS,practo,,1.0,canonical,687,Q2,,Mid-Market,0.241741
hosp_7f7a31c92847f28c,Oyster Multispeciality Clinic,oyster multispeciality clinic,Bangalore,Hospital,Whitefield,,12.955720643774,77.721614143644,87618920affffff,,2.0,2.0,True,3.0,700.0,700.0,4.0,1245.0,2005.0,+918045686769,https://www.practo.com/bangalore/hospital/oyster-multispeciality-clinic-kundalahalli?referrer=hospital_listing,https://images1-fabric.practo.com/practices/692837/oyster-multispeciality-clinic-bangalore-66229d1a1c71f.jpeg,ABS,practo,,1.0,canonical,688,Q2,,Mid-Market,0.241508
hosp_9a9b64e3521b41e5,KG Hospital,kg hospital,Bangalore,Hospital,Jayanagar,,12.928355,77.5939403,87618925dffffff,,9.0,9.0,False,,0.0,0.0,,,,+918071172857,https://www.practo.com/bangalore/hospital/kg-hospital-3-jayanagar?referrer=hospital_listing,,VN,practo,,1.0,canonical,689,Q2,,Mid-Market,0.241221
hosp_8841851f0fca1751,M.V. Centre For Diabetes,m v centre for diabetes,Bangalore,Hospital,Koramangala,,12.9248938,77.6276729,87618925cffffff,,2.0,2.0,False,,500.0,500.0,4.5,15.0,2009.0,+918071966536,https://www.practo.com/bangalore/hospital/m-v-centre-for-diabetes-koramangala?referrer=hospital_listing,https://images1-fabric.practo.com/practices/687094/m-v-centre-for-diabetes-bangalore-58e3d6a8ee338.jpg,VN,practo,,1.0,canonical,690,Q2,,Mid-Market,0.240954
hosp_90cf0c25f0d82e25,Sri Sai Ram Hospital,sri sai ram hospital,Bangalore,Hospital,BTM Layout 2nd Stage,,12.89437,77.56827,876189248ffffff,,25.0,20.0,True,,0.0,1000.0,3.5,80.0,2004.0,+918046808354,https://www.practo.com/bangalore/hospital/sri-sai-ram-hospital-btm-layout-2nd-stage?referrer=hospital_listing,https://images1-fabric.practo.com/practices/767922/sri-sai-ram-hospital-bangalore-66727cda34122.png,VN,practo,,1.0,canonical,691,Q2,,Mid-Market,0.24077
hosp_0e485d23bcd34180,Rangadore Memorial Hospital,rangadore memorial hospital,Bangalore,Hospital,Basavanagudi,,12.95351,77.57117,8760145a6ffffff,,54.0,27.0,True,,0.0,5000.0,3.5,208.0,,+914430194509,https://www.practo.com/bangalore/hospital/rangadore-memorial-hospital-basavanagudi-2?referrer=hospital_listing,https://images1-fabric.practo.com/practices/899487/rangadore-memorial-hospital-bangalore-66585cac0c948.png,VN,practo,,1.0,canonical,692,Q2,,Mid-Market,0.239707
hosp_0783d84d831cbf61,Dr. Agarwals Eye Hospital,dr agarwals eye hospital,Bangalore,Hospital,Kadarenahalli,,12.92,77.56,8760145a4ffffff,,15.0,4.0,False,,0.0,600.0,,,,+918071172857,https://www.practo.com/bangalore/hospital/dr-agarwals-eye-hospital-kadarenahalli?referrer=hospital_listing,,VN,practo,,1.0,canonical,693,Q2,,Mid-Market,0.238967
hosp_0daf97371babe83e,First Eat Right Clinic,first eat right clinic,Bangalore,Hospital,Yelahanka,,13.096971791427364,77.58755207061768,876016960ffffff,,1.0,1.0,False,21.0,1000.0,1000.0,4.5,97.0,,+918071966501,https://www.practo.com/bangalore/hospital/first-eat-right-clinic-yelahanka-yelahanka?referrer=hospital_listing,https://images1-fabric.practo.com/practices/835081/first-eat-right-clinic-bangalore-64bb66618bef7.PNG,VN,practo,,1.0,canonical,694,Q2,,Mid-Market,0.238955
hosp_64f420fc12496c63,Bhagwan Mahaveer Jain Hospital - Vasanthnagar,bhagwan mahaveer jain hospital vasanthnagar,Bangalore,Hospital,Millers Road,,12.99156,77.59516,8760145b6ffffff,,31.0,19.0,True,1.0,0.0,900.0,3.5,207.0,1975.0,+918045684275,https://www.practo.com/bangalore/hospital/jain-hospital-vasanthnagar?referrer=hospital_listing,https://images1-fabric.practo.com/bhagwan-mahaveer-jain-hospital-vasanthnagar-bangalore-1465457046-5759199674b96.png,VN,practo,,1.0,canonical,695,Q2,,Mid-Market,0.238717
hosp_de5db7543086714a,Dr Agarwal's Eye Hospital,dr agarwal s eye hospital,Bangalore,Hospital,Koramangala,,12.936701413047535,77.62611622023735,87618925effffff,,3.0,1.0,True,9.0,500.0,500.0,3.5,10.0,,+918047186181,https://www.practo.com/bangalore/hospital/dr-agarwal-s-eye-hospital-11-koramangala?referrer=hospital_listing,https://images1-fabric.practo.com/practices/1256622/dr-agarwal-s-eye-hospital-bangalore-628791a4bf256.png,VN,practo,,1.0,canonical,696,Q2,,Mid-Market,0.23855
hosp_a6f051a711cba450,Subbiah Hospital,subbiah hospital,Bangalore,Hospital,Mathikere - BEL,,13.029688,77.5609125,876014594ffffff,,4.0,4.0,True,,0.0,400.0,3.5,27.0,1995.0,+918046801981,https://www.practo.com/bangalore/hospital/subbiah-hospital-mathikere-bel-2?referrer=hospital_listing,,VN,practo,,1.0,canonical,697,Q2,,Mid-Market,0.238474
hosp_9555dc4b50bfa7c6,Express Clinic,express clinic,Bangalore,Hospital,Koramangala,,12.934215,77.621127,87618925cffffff,,4.0,7.0,True,4.0,0.0,400.0,3.5,22.0,2012.0,+918071966535,https://www.practo.com/bangalore/hospital/express-clinic-koramangala?referrer=hospital_listing,https://images1-fabric.practo.com/express-clinic-kormangala-bangalore-1460461357-570cdf2d0d0ef.jpg,VN,practo,,1.0,canonical,698,Q2,,Mid-Market,0.238124
hosp_d3978ce85d765a8c,Lake View Hospital,lake view hospital,Bangalore,Hospital,HSR Layout,,12.924123,77.648257,876189255ffffff,,1.0,2.0,False,,300.0,300.0,,2.0,2002.0,+918071966535,https://www.practo.com/bangalore/hospital/lakeview-hospital-hsr-layout?referrer=hospital_listing,,VN,practo,,1.0,canonical,699,Q2,,Mid-Market,0.237986
hosp_bdd0843a9102095a,Dr Agarwals eye hospital ,dr agarwals eye hospital,Bangalore,Hospital,Padmanabhanagar,,12.916904,77.559299,8760145a4ffffff,,14.0,4.0,False,,0.0,400.0,,,,+918068960984,https://www.practo.com/bangalore/hospital/dr-agarwals-eye-hospital-padmanabhanagar?referrer=hospital_listing,,active,practo,,1.0,canonical,700,Q2,,Mid-Market,0.23774
hosp_68a16ab38b8019b3,My Health World,my health world,Bangalore,Hospital,Indiranagar,,12.978171293513,77.63782069087,8761892ecffffff,,1.0,1.0,True,,400.0,400.0,4.0,32.0,,+918046801975,https://www.practo.com/bangalore/hospital/my-health-world-indiranagar-1?referrer=hospital_listing,,VN,practo,,1.0,canonical,701,Q2,,Mid-Market,0.23759
hosp_f93e0e674368ed29,Athreya Hospital,athreya hospital,Bangalore,Hospital,Hosur Road,,12.7985565,77.7060193,87618934effffff,,9.0,7.0,False,,0.0,0.0,,,,+918046801486,https://www.practo.com/bangalore/hospital/athreya-hospital-electronics-city?referrer=hospital_listing,,VN,practo,,1.0,canonical,702,Q2,,Mid-Market,0.237374
hosp_418974dd4de08342,Karanth Specialty Hospital,karanth specialty hospital,Bangalore,Hospital,BTM Layout 2nd Stage,,12.915995,77.618574,87618925cffffff,,3.0,4.0,True,,500.0,500.0,3.5,13.0,,+918046808409,https://www.practo.com/bangalore/hospital/karanth-specialty-hospital-btm-layout-2nd-stage?referrer=hospital_listing,,VN,practo,,1.0,canonical,703,Q2,,Mid-Market,0.237208
hosp_d33e7df84a10e59f,Sri Lakshmi Super Speciality Hospital,sri lakshmi super speciality hospital,Bangalore,Hospital,KR Puram,,13.010609438786533,77.69731592089553,8761892e2ffffff,,7.0,8.0,False,,500.0,800.0,,9.0,,+918071966822,https://www.practo.com/bangalore/hospital/sri-lakshmi-super-speciality-hospital-kr-puram?referrer=hospital_listing,https://images1-fabric.practo.com/practices/1596928/sri-lakshmi-super-speciality-hospital-bangalore-672886541f4e8.png,ABS,practo,,1.0,canonical,704,Q2,,Mid-Market,0.237035
hosp_b4fba6ee1884cf28,Swastik Hospital,swastik hospital,Bangalore,Hospital,Chamarajpet,,12.9570488,77.5638316,8760145a6ffffff,,1.0,1.0,False,,0.0,250.0,,,2001.0,+918046801970,https://www.practo.com/bangalore/hospital/swastik-hospital-chamarajpet?referrer=hospital_listing,,VN,practo,,1.0,canonical,705,Q2,,Mid-Market,0.236853
hosp_e91deed50843fa98,Nagappa Hadli Hospital,nagappa hadli hospital,Bangalore,Hospital,Vidyaranyapura,,13.0816,77.548373,876016961ffffff,,6.0,7.0,True,,0.0,400.0,3.5,18.0,,+918071966536,https://www.practo.com/bangalore/hospital/nagappa-hadli-hospital-vidyaranyapura-2?referrer=hospital_listing,https://images1-fabric.practo.com/53845af3858836044e1b77e91b4fe89b4880b3c5fad15.jpg,VN,practo,,1.0,canonical,706,Q2,,Mid-Market,0.236212
hosp_effbf1fca2e1a782,Dr. Parthasarathi's Asian Hair and Skin Hospitals,dr parthasarathi s asian hair skin hospitals,Bangalore,Hospital,HSR Layout,,12.912178353324,77.636943026672,876189242ffffff,,1.0,3.0,True,,1000.0,1000.0,4.0,1826.0,,+918071172763,https://www.practo.com/bangalore/hospital/chinmaya-mission-hospital-koramangala?referrer=hospital_listing,https://images1-fabric.practo.com/dr-parthasarathi-hair-and-skin-hospitals-bangalore-1456916410-56d6c7ba2892d.jpg,ABS,practo,,1.0,canonical,707,Q2,,Mid-Market,0.236207
hosp_cb8a8e4ea9d0a8f2,"Ss Sparsh Hospital, Bangalore",ss sparsh hospital bangalore,Bangalore,Hospital,Rajarajeshwarinagar,,12.9266001,77.521041,8760145a1ffffff,,8.0,7.0,False,,0.0,0.0,,,,+918037298720,https://www.practo.com/bangalore/hospital/ss-sparsh-hospital-bangalore-rajarajeshwarinagar?referrer=hospital_listing,,VN,practo,,1.0,canonical,708,Q2,,Mid-Market,0.236147
hosp_012be7d253165b96,Motherhood Hospital - Banashankari,motherhood hospital banashankari,Bangalore,Hospital,Banashankari 2nd Stage,,12.9269371,77.561086,8760145a4ffffff,,11.0,5.0,False,,0.0,0.0,,2.0,,+918037298766,https://www.practo.com/bangalore/hospital/motherhood-hospital-banashankari-1-banashankari-2nd-stage?referrer=hospital_listing,,VN,practo,,1.0,canonical,709,Q2,,Mid-Market,0.236025
hosp_de8a2deb9fa35258,E City Hospitals,e city hospitals,Bangalore,Hospital,Electronics City,,12.850439092105322,77.65666332438384,876189262ffffff,,20.0,21.0,True,,200.0,1200.0,3.5,53.0,,+918047091251,https://www.practo.com/bangalore/hospital/best-hospital-electronics-city?referrer=hospital_listing,https://images1-fabric.practo.com/practices/1150043/e-city-hospitals-bangalore-647ae76d4b55e.JPG,VN,practo,,1.0,canonical,710,Q2,,Mid-Market,0.23588
hosp_09687734af3c423b,Spandana Hospital Rehabilitation Center,spandana hospital rehabilitation center,Bangalore,Hospital,Nandini Layout,,13.010291,77.529393,876014586ffffff,,3.0,2.0,False,,500.0,500.0,4.0,23.0,1980.0,+918045685827,https://www.practo.com/bangalore/hospital/spandana-hospital-rehabilitation-center-nandini-layout?referrer=hospital_listing,https://images1-fabric.practo.com/practices/690984/spandana-hospital-bangalore-592fc20c39a3b.JPG,VN,practo,,1.0,canonical,711,Q2,,Mid-Market,0.235716
hosp_bd7d4ecfac6316d7,ESI Hospital,esi hospital,Bangalore,Hospital,Indiranagar,,12.9711857,77.6367389,8761892edffffff,,6.0,8.0,False,,0.0,0.0,,,,+918046801984,https://www.practo.com/bangalore/hospital/esi-hospital-6?referrer=hospital_listing,,VN,practo,,1.0,canonical,712,Q2,,Mid-Market,0.235616
hosp_5371df765d1b2e75,Green City Hospital,green city hospital,Bangalore,Hospital,JP Nagar 6 Phase,,12.905628,77.5027855,876014513ffffff,,10.0,11.0,True,,500.0,800.0,3.5,42.0,2001.0,+918047362411,https://www.practo.com/bangalore/hospital/green-city-hospital-jp-nagar-6-phase-1?referrer=hospital_listing,https://images1-fabric.practo.com/practices/786570/green-city-hospital-bangalore-64d270c4495ea.jpg,ABS,practo,,1.0,canonical,713,Q2,,Mid-Market,0.235473
hosp_6cf51ec7cef34698,A V Multispeciality Hospital,v multispeciality hospital,Bangalore,Hospital,Hosakerehalli,,12.931001010724,77.543198083611,8760145a0ffffff,,10.0,8.0,True,,0.0,500.0,3.0,12.0,,+918068960986,https://www.practo.com/bangalore/hospital/a-v-multispeciality-hospital-hosakerehalli?referrer=hospital_listing,https://images1-fabric.practo.com/practices/1190932/a-v-multispeciality-hospital-bangalore-5b0bb5b76ceff.jpg,VN,practo,,1.0,canonical,714,Q2,,Mid-Market,0.235223
hosp_21daf22adabc532e,Hitech Kidney Stone Hospital,hitech kidney stone hospital,Bangalore,Hospital,Kumara Park West,,12.9875733,77.5809183,8760145b0ffffff,,2.0,2.0,False,,300.0,400.0,,,2007.0,+918071966535,https://www.practo.com/bangalore/hospital/hitech-kidney-stone-hospital-kumara-park-west?referrer=hospital_listing,https://images1-fabric.practo.com/53b1380524dd4cc80900ec0961b40878a040fa29659b4.jpg,VN,practo,,1.0,canonical,715,Q2,,Mid-Market,0.235003
hosp_957d83378f6f3b30,Shankar Nursing Home,shankar nursing home,Bangalore,Hospital,KR Puram,,13.010375141509874,77.70648658275604,8761892e2ffffff,,2.0,1.0,False,,0.0,150.0,,2.0,2005.0,+918046801973,https://www.practo.com/bangalore/hospital/shankar-nursing-home-kr-puram?referrer=hospital_listing,,VN,practo,,1.0,canonical,716,Q2,,Mid-Market,0.23479
hosp_cb10558862d42457,Nethralakshi Eye Hospital,nethralakshi eye hospital,Bangalore,Hospital,Chamarajpet,,12.9593726,77.5592648,8760145a6ffffff,,2.0,1.0,False,,0.0,150.0,,2.0,2005.0,+918046801970,https://www.practo.com/bangalore/hospital/nethrakashi-eye-hospital-chamarajpet?referrer=hospital_listing,,VN,practo,,1.0,canonical,717,Q2,,Mid-Market,0.23479
hosp_bfc3b5d4974ec9d7,Devagiri Hospital,devagiri hospital,Bangalore,Hospital,Banashankari 2nd Stage,,12.9241077,77.5658037,8760145a4ffffff,,8.0,6.0,False,,0.0,0.0,,,,+918045685211,https://www.practo.com/bangalore/hospital/devagiri-hospital-banashankari-2nd-stage-5?referrer=hospital_listing,,VN,practo,,1.0,canonical,718,Q2,,Mid-Market,0.234224
hosp_4dd0c4308a0dee1f,Vasan Eye Care Hospital,vasan eye care hospital,Bangalore,Hospital,Bommanahalli,,12.909950297515,77.626349164271,876189242ffffff,,4.0,1.0,False,7.0,500.0,500.0,4.5,37.0,,+918045883876,https://www.practo.com/bangalore/hospital/vasan-eye-care-hospital-bommanahalli-1?referrer=hospital_listing,https://images1-fabric.practo.com/practices/2079811/vasan-eye-care-hospital-bangalore-688213568d7d3.png,ABS,practo,,1.0,canonical,719,Q2,,Mid-Market,0.233938
hosp_c0fbab94f549ff49,Vasan Eye Care Hospital,vasan eye care hospital,Bangalore,Hospital,RT Nagar,,13.02519,77.59203,8761892cdffffff,,4.0,2.0,True,7.0,500.0,500.0,3.5,19.0,2012.0,+918047091608,https://www.practo.com/bangalore/hospital/vasan-eye-care-hospital-rt-nagar?referrer=hospital_listing,https://images1-fabric.practo.com/practices/631014/vasan-eye-care-hospital-bangalore-666d291699b11.png,ABS,practo,,1.0,canonical,720,Q2,,Mid-Market,0.233904
hosp_fb1cfcb5db560e5b,Enhanced Health Care,enhanced health care,Bangalore,Hospital,Indiranagar,,12.965431,77.638093,8761892edffffff,,1.0,2.0,False,,500.0,500.0,,,2007.0,+918071966527,https://www.practo.com/bangalore/hospital/enhanced-health-care-domlur-1?referrer=hospital_listing,,VN,practo,,1.0,canonical,721,Q2,,Mid-Market,0.233776
hosp_b0572f332f51ef2b,Swastik Hospitals,swastik hospitals,Bangalore,Hospital,Dommasandra,,12.8845154,77.7494632,876189228ffffff,,9.0,5.0,False,,0.0,0.0,,,,+918071966442,https://www.practo.com/bangalore/hospital/swastik-hospitals-dommasandra?referrer=hospital_listing,,VN,practo,,1.0,canonical,722,Q2,,Mid-Market,0.233528
hosp_54e5237461765c3c,Motherhood Fertility and IVF,motherhood fertility ivf,Bangalore,Hospital,Hebbal,,13.061971,77.593101,8761892cbffffff,,3.0,2.0,True,5.0,800.0,1300.0,3.5,13.0,,+918047111988,https://www.practo.com/bangalore/hospital/motherhood-fertility-hebbal-hebbal?referrer=hospital_listing,https://images1-fabric.practo.com/practices/1268920/motherhood-fertility-hebbal-bangalore-5da1fe73937df.jpg,ABS,practo,,1.0,canonical,723,Q2,,Mid-Market,0.233362
hosp_53cb27b54d8eed8c,R.C Hospital,r c hospital,Bangalore,Hospital,Rajarajeshwarinagar,,12.93292865535867,77.51615380009753,8760145a1ffffff,,4.0,8.0,False,,200.0,500.0,,7.0,,+918071966536,https://www.practo.com/bangalore/hospital/rc-hospital-rajarajeshwarinagar?referrer=hospital_listing,,VN,practo,,1.0,canonical,724,Q2,,Mid-Market,0.233312
hosp_27f1ebe7c4b59d8b,HealthEminds,healtheminds,Bangalore,Hospital,Whitefield,,12.977963,77.710621,8761892e4ffffff,,5.0,2.0,False,,500.0,500.0,4.5,23.0,,+918071966502,https://www.practo.com/bangalore/hospital/healtheminds-whitefield-1?referrer=hospital_listing,https://images1-fabric.practo.com/54e17430afe3928d5c408d72666818f872a7237dd89bd.jpg,VN,practo,,1.0,canonical,725,Q2,,Mid-Market,0.233304
hosp_f196fcc9966829e3,Varalakshmi Hospital,varalakshmi hospital,Bangalore,Hospital,BTM Layout 1st Stage,,12.9245777,77.6170137,87618925cffffff,,2.0,3.0,True,,0.0,600.0,4.0,260.0,2003.0,+918037311792,https://www.practo.com/bangalore/hospital/varalakshmi-hospital-btm-layout-1st-stage?referrer=hospital_listing,https://images1-fabric.practo.com/532c3e8f6896e96d6f2e7e1f705ab5e59c84a6dc009b2.jpg,VN,practo,,1.0,canonical,726,Q2,,Mid-Market,0.233237
hosp_8ba843ca31e35101,Brinda Hospital,brinda hospital,Bangalore,Hospital,Nagarbhavi 2nd Stage,,12.978034401259409,77.51154229044916,876014585ffffff,,2.0,3.0,True,,350.0,500.0,4.0,56.0,,+918045685211,https://www.practo.com/bangalore/hospital/brinda-hospital-nagarbhavi-3?referrer=hospital_listing,https://images1-fabric.practo.com/54576b9f8352ae66ce84d81adf587aaa5f43f0a7c3a14.jpg,VN,practo,,1.0,canonical,727,Q2,,Mid-Market,0.232876
hosp_b7b134931b139b30,Shiva Nursing Home,shiva nursing home,Bangalore,Hospital,Wilson Garden,,12.9464439,77.601514,876189258ffffff,,1.0,1.0,False,,200.0,200.0,,3.0,2006.0,+918045686415,https://www.practo.com/bangalore/hospital/shiva-nursing-home-adugodi?referrer=hospital_listing,,VN,practo,,1.0,canonical,728,Q2,,Mid-Market,0.232751
hosp_c923e3dac2b37d06,Bilva Hospital,bilva hospital,Bangalore,Hospital,Malleswaram,,12.999027,77.58021,8760145b0ffffff,,2.0,2.0,False,,0.0,300.0,,,2010.0,+918046801985,https://www.practo.com/bangalore/hospital/bilva-hospital-malleswaram?referrer=hospital_listing,,VN,practo,,1.0,canonical,729,Q2,,Mid-Market,0.232503
hosp_fbeff0df37d623bf,"Aster Whitefield Hospital, Bangalore",aster whitefield hospital bangalore,Bangalore,Hospital,Pattandur Agrahara,,12.9895449,77.733676,876189219ffffff,,8.0,5.0,False,,0.0,250.0,,3.0,,+918071909299,https://www.practo.com/bangalore/hospital/aster-whitefield-hospital-bangalore-pattandur-agrahara?referrer=hospital_listing,,VN,practo,,1.0,canonical,730,Q2,,Mid-Market,0.232365
hosp_cf541bdc2b3c4fd9,R R Hospital Truma Centre,r r hospital truma centre,Bangalore,Hospital,JP Nagar,,12.9075883,77.57141,87618924affffff,,1.0,1.0,False,,300.0,300.0,,2.0,2007.0,+918045686415,https://www.practo.com/bangalore/hospital/r-r-hospital-truma-centre-jp-nagar?referrer=hospital_listing,,VN,practo,,1.0,canonical,731,Q2,,Mid-Market,0.231896
hosp_be4134e4c0f5ba5b,Hitech Kidney Stone Hospital,hitech kidney stone hospital,Bangalore,Hospital,Jayanagar 7 Block,,12.9273235,77.5789597,876189259ffffff,,1.0,1.0,False,,500.0,500.0,,,2007.0,+918046808409,https://www.practo.com/bangalore/hospital/hitech-kidney-stone-hospital-jayanagar-7-block?referrer=hospital_listing,,VN,practo,,1.0,canonical,732,Q2,,Mid-Market,0.231853
hosp_1ee26894b419fa75,Command Hospital,command hospital,Bangalore,Hospital,Domlur,,12.9556498,77.6342846,876189253ffffff,,6.0,6.0,False,,0.0,0.0,,,,+911141193943,https://www.practo.com/bangalore/hospital/command-hospital-2-domlur?referrer=hospital_listing,,VN,practo,,1.0,canonical,733,Q2,,Mid-Market,0.23177
hosp_443409f78350025b,Sri Sri College of Ayurvedic Science and Research Hospital,sri sri college ayurvedic science research hospital,Bangalore,Hospital,Kanakpura Road,,12.8289853698137,77.51784185696525,876014531ffffff,,9.0,4.0,False,,500.0,500.0,,5.0,,+917317117054,https://www.practo.com/bangalore/hospital/sri-sri-college-of-ayurvedic-science-and-research?referrer=hospital_listing,https://images1-fabric.practo.com/practices/2070130/sri-sri-college-of-ayurvedic-science-and-research-bangalore-rural-687742bd3edab.png,ABS,practo,,1.0,canonical,734,Q2,,Mid-Market,0.231712
hosp_a6261fb7a69a4d2d,"Motherhood Hospital, Hebbal, Bangalore",motherhood hospital hebbal bangalore,Bangalore,Hospital,Byatarayanapura,,13.0620489,77.5930762,8761892cbffffff,,9.0,4.0,False,,0.0,1300.0,,,,+918061933691,https://www.practo.com/bangalore/hospital/motherhood-hospital-hebbal-bangalore-byatarayanapura?referrer=hospital_listing,,VN,practo,,1.0,canonical,735,Q2,,Mid-Market,0.231605
hosp_f92070d532a318d1,Birla Fertility & IVF | Baby Science IVF,birla fertility ivf baby science ivf,Bangalore,Hospital,Basaveshwaranagar,,13.005658,77.570993,8760145b0ffffff,,2.0,3.0,False,2.0,1000.0,1000.0,4.5,23.0,,+913340589370,https://www.practo.com/bangalore/hospital/baby-science-ivf-clinics-basaveshwaranagar?referrer=hospital_listing,https://images1-fabric.practo.com/practices/1137298/birla-fertility-ivf-baby-science-ivf-bangalore-6718a051ee0e3.png,ABS,practo,,1.0,canonical,736,Q2,,Mid-Market,0.231546
hosp_e513637788ff6161,Sagar Hospital DSI,sagar hospital dsi,Bangalore,Hospital,Banashankari,,12.9077077,77.5651154,87618924bffffff,,18.0,19.0,True,,0.0,600.0,3.5,51.0,,+918046808354,https://www.practo.com/bangalore/hospital/sagar-hospital-dsi-banashankari?referrer=hospital_listing,,VN,practo,,1.0,canonical,737,Q2,,Mid-Market,0.231275
hosp_1168c2c3d3d4c7be,Sahasra Hospitals,sahasra hospitals,Bangalore,Hospital,Jayanagar,,12.92047777287,77.574519217014,87618924affffff,,1.0,3.0,False,,500.0,500.0,4.5,26.0,,+918046801984,https://www.practo.com/bangalore/hospital/sahasra-hospitals-jayanagar-1?referrer=hospital_listing,https://images1-fabric.practo.com/practices/1145065/sahasra-hospitals-bangalore-59018208b4c5c.png,VN,practo,,1.0,canonical,738,Q2,,Mid-Market,0.231238
hosp_aff02c1314aec717,Arunodaya Hospital,arunodaya hospital,Bangalore,Hospital,Jalahalli,,13.0569593,77.5085173,87601459effffff,,16.0,7.0,False,,0.0,400.0,3.5,12.0,2002.0,+918071966536,https://www.practo.com/bangalore/hospital/arunodaya-hospital-jalahalli?referrer=hospital_listing,https://images1-fabric.practo.com/practices/615511/arunodaya-hospital-bangalore-6659c6d314a0f.png,VN,practo,,1.0,canonical,739,Q2,,Mid-Market,0.231221
hosp_2c507e882bcee651,Narayana Super Specialty Hospitals,narayana super specialty hospitals,Bangalore,Hospital,Mahalakshmi Layout,,13.0084957,77.5684907,8760145b3ffffff,,7.0,5.0,False,,0.0,0.0,,,,+913340589370,https://www.practo.com/bangalore/hospital/narayana-super-specialty-hospitals-mahalakshmi-layout?referrer=hospital_listing,,VN,practo,,1.0,canonical,740,Q2,,Mid-Market,0.231074
hosp_6293881b14277c6f,Maarga Psychiatric Hospital,maarga psychiatric hospital,Bangalore,Hospital,Yelahanka,,13.0990577,77.5862212,876016960ffffff,,8.0,4.0,False,,0.0,0.0,,,,+918047106875,https://www.practo.com/bangalore/hospital/maarga-psychiatric-hospital-yelahanka?referrer=hospital_listing,,VN,practo,,1.0,canonical,741,Q2,,Mid-Market,0.230378
hosp_861d5b7d01175a60,HCG Cancer Centre,hcg cancer centre,Bangalore,Hospital,Mission Road,,12.9643,77.5896,87618925bffffff,,8.0,4.0,False,,0.0,0.0,,,,+918071175657,https://www.practo.com/bangalore/hospital/hcg-cancer-centre-1-mission-road?referrer=hospital_listing,,VN,practo,,1.0,canonical,742,Q2,,Mid-Market,0.230378
hosp_f1f38aa6091eb7b9,NMPC Hospital,nmpc hospital,Bangalore,Hospital,Horamavu,,13.022364,77.658051,8761892c5ffffff,,2.0,2.0,True,,300.0,300.0,3.5,14.0,,+918046801977,https://www.practo.com/bangalore/hospital/nmpc-hospital-horamavu?referrer=hospital_listing,https://images1-fabric.practo.com/practices/1027558/nmpc-hospital-bangalore-66628acf6e717.png,VN,practo,,1.0,canonical,743,Q2,,Mid-Market,0.229914
hosp_01213137676b0286,Ashwini Hospital,ashwini hospital,Bangalore,Hospital,Yelahanka,,13.098668594401524,77.59820106878662,876016966ffffff,,6.0,5.0,False,,1000.0,1500.0,,,,+918047110615,https://www.practo.com/bangalore/hospital/ashwini-hospital-1-yelahanka?referrer=hospital_listing,https://images1-fabric.practo.com/practices/1713994/ashwini-hospital-bangalore-680b70dfc1ece.png,VN,practo,,1.0,canonical,744,Q2,,Mid-Market,0.229847
hosp_f3e0ccd6b7bb7a37,Manasa Hospital,manasa hospital,Bangalore,Hospital,Vijayanagar,,,,,,4.0,6.0,False,,0.0,300.0,,7.0,,+918046801976,https://www.practo.com/bangalore/hospital/manasa-hospital-1-2?referrer=hospital_listing,,VN,practo,,0.6,canonical,745,Q2,,Mid-Market,0.229466
hosp_88d84273d1fc8247,Nagarathna Hospital,nagarathna hospital,Bangalore,Hospital,Kanakpura Road,,12.905708,77.542729,876014516ffffff,,1.0,1.0,False,,150.0,150.0,,,2010.0,+918046801970,https://www.practo.com/bangalore/hospital/nagarathna-hospital-konanakunte?referrer=hospital_listing,,VN,practo,,1.0,canonical,746,Q2,,Mid-Market,0.229353
hosp_4f8c20ac3132a310,Altius Sripada Hospitals LLP,altius sripada hospitals llp,Bangalore,Hospital,HBR Layout,,13.034414,77.629271,8761892ccffffff,,4.0,6.0,False,,0.0,400.0,,,,+913340589370,https://www.practo.com/bangalore/hospital/altius-sripada-hospitals-llp-hbr-layout?referrer=hospital_listing,,VN,practo,,1.0,canonical,747,Q2,,Mid-Market,0.229316
hosp_9ffae937ee0e113b,Sri Lakshmi Mother And Children Hospital,sri lakshmi mother children hospital,Bangalore,Hospital,KR Puram,,13.00949306888225,77.69662848478866,8761892e2ffffff,,4.0,2.0,True,,500.0,600.0,3.5,16.0,,+918045685827,https://www.practo.com/bangalore/hospital/sri-lakshmi-mother-and-children-hospital-kr-puram-1?referrer=hospital_listing,https://images1-fabric.practo.com/practices/1596972/sri-lakshmi-mother-and-children-hospital-bangalore-67290e334136f.png,ABS,practo,,1.0,canonical,748,Q2,,Mid-Market,0.228129
hosp_083e4d35d5e76053,ST Johns Medical College and Hospital,st johns medical college hospital,Bangalore,Hospital,Koramangala,,13.0546087,77.5921685,8761892cbffffff,,3.0,6.0,False,,0.0,750.0,,,,+918046805689,https://www.practo.com/bangalore/hospital/cosmetic-clinic-sahakaranagar?referrer=hospital_listing,,VN,practo,,1.0,canonical,749,Q2,,Mid-Market,0.228089
hosp_e7ec582e6e0ecfb1,Suraksha Multi Speciality Hospital,suraksha multi speciality hospital,Bangalore,Hospital,Varthur,,12.93992,77.74676,87618920effffff,,5.0,5.0,True,,0.0,300.0,4.0,127.0,,+918046801973,https://www.practo.com/bangalore/hospital/suraksha-multi-speciality-hospital-varthur-1?referrer=hospital_listing,https://images1-fabric.practo.com/suraksha-multi-speciality-hospital-bangalore-1489734622-58cb8bde9b12d.JPG,VN,practo,,1.0,canonical,750,Q2,,Mid-Market,0.227802
hosp_a3ed43c791cbd04e,Bagavathi Multi Speciality Hospital,bagavathi multi speciality hospital,Bangalore,Hospital,HSR Layout,,12.9162652,77.6308862,876189242ffffff,,1.0,1.0,False,,250.0,250.0,,,2012.0,+918071966501,https://www.practo.com/bangalore/hospital/bagavathi-multi-speciality-hospital?referrer=hospital_listing,,VN,practo,,1.0,canonical,751,Q2,,Mid-Market,0.227687
hosp_613d8a695ed355e1,Hairline International Hair & Skin Clinic,hairline international hair skin clinic,Bangalore,Hospital,Jayanagar 4 Block,,12.925202,77.588643,876189259ffffff,,2.0,3.0,True,6.0,500.0,500.0,3.5,16.0,,+918047111996,https://www.practo.com/bangalore/hospital/hairline-international-hair-skin-clinic-jayanagar-4-block?referrer=hospital_listing,https://images1-fabric.practo.com/practices/613257/hairline-international-hair-skin-clinic-bangalore-5c7cfb326f9ae.jpg,VN,practo,,1.0,canonical,752,Q2,,Mid-Market,0.227598
hosp_6344f1958f93de19,"Medray Hospital, Bangalore",medray hospital bangalore,Bangalore,Hospital,Malleshpalya,,12.9734509,77.6749778,8761892e5ffffff,,4.0,5.0,False,,0.0,0.0,,,,+918071966821,https://www.practo.com/bangalore/hospital/medray-hospital-bangalore-malleshpalya?referrer=hospital_listing,,VN,practo,,1.0,canonical,753,Q2,,Mid-Market,0.227393
hosp_e1d095d7bdba78a8,"Svastha Hospital, Whitefield, Bangalore",svastha hospital whitefield bangalore,Bangalore,Hospital,Byrappa Layout,,12.9658595,77.7492933,87618921dffffff,,4.0,5.0,False,,0.0,800.0,,,,+918068960989,https://www.practo.com/bangalore/hospital/svastha-hospital-whitefield-bangalore-byrappa-layout?referrer=hospital_listing,,VN,practo,,1.0,canonical,754,Q2,,Mid-Market,0.227393
hosp_92b237c2333573c0,Peeyush Ayurveda,peeyush ayurveda,Bangalore,Hospital,JP Nagar 2 Phase,,12.9067369,77.591521,87618924effffff,,1.0,1.0,False,,100.0,100.0,,3.0,2013.0,+918046801984,https://www.practo.com/bangalore/hospital/peeyush-ayurveda-jp-nagar?referrer=hospital_listing,https://images1-fabric.practo.com/practices/837073/peeyush-ayurveda-bangalore-58e3df4b39772.jpg,VN,practo,,1.0,canonical,755,Q2,,Mid-Market,0.226917
hosp_57a1482fe0d4e4c1,K L Hospital,k l hospital,Bangalore,Hospital,Ramamurthy Nagar,,13.020959,77.678171,8761892c4ffffff,,1.0,1.0,False,,200.0,200.0,,2.0,2013.0,+918045686415,https://www.practo.com/bangalore/hospital/k-l-hospital-kalkere-1?referrer=hospital_listing,,VN,practo,,1.0,canonical,756,Q2,,Mid-Market,0.226896
hosp_6fcfdcefdf7d8085,CUTICARE CENTRE,cuticare centre,Bangalore,Hospital,Chamarajpet,,12.9597132,77.5673852,8760145a6ffffff,,2.0,6.0,False,,0.0,0.0,,,,+918047091252,https://www.practo.com/bangalore/hospital/cuticare-centre-chamarajpet?referrer=hospital_listing,,VN,practo,,1.0,canonical,757,Q2,,Mid-Market,0.226862
hosp_f40382ca12da2220,Ovum Clinic And Day Care Centre,ovum clinic day care centre,Bangalore,Hospital,Bommanahalli,,13.063419208096299,77.74012618011781,8761892f6ffffff,,6.0,3.0,False,5.0,600.0,1000.0,,6.0,,+918071910738,https://www.practo.com/bangalore/hospital/ovum-clinic-and-day-care-centre-bommanahalli?referrer=hospital_listing,https://images1-fabric.practo.com/practices/1680382/ovum-clinic-and-day-care-centre-bangalore-67eccad0afca7.png,ABS,practo,,1.0,canonical,758,Q2,,Mid-Market,0.226129
hosp_2d550406233bd49f,East Point Hospital,east point hospital,Bangalore,Hospital,Avalahalli,,13.054001270500676,77.71786998022814,8761892f0ffffff,,27.0,16.0,True,,0.0,700.0,3.5,65.0,,+918071176174,https://www.practo.com/bangalore/hospital/east-point-hospital-mahadevapura?referrer=hospital_listing,https://images1-fabric.practo.com/practices/766654/east-point-hospital-bangalore-65f5737a652ae.PNG,ABS,practo,,1.0,canonical,759,Q2,,Mid-Market,0.22595
hosp_5e63890c80af77d4,Aastha Superspeciality Eye Hospital,aastha superspeciality eye hospital,Bangalore,Hospital,Banashankari 3rd Stage,,12.933067919756,77.544003026342,8760145a0ffffff,,2.0,1.0,True,,300.0,1000.0,3.5,15.0,,+918046801992,https://www.practo.com/bangalore/hospital/aastha-superspeciality-eye-hospital-banashankari-3rd-stage?referrer=hospital_listing,https://images1-fabric.practo.com/practices/1150403/aastha-superspeciality-eye-hospital-bangalore-59522b16546f9.jpg,VN,practo,,1.0,canonical,760,Q2,,Mid-Market,0.225838
hosp_00dbbdaa421fa1a0,"Manipal Fertility - IVF Centre, HAL Old Airport Road",manipal fertility ivf centre hal old airport road,Bangalore,Hospital,Old Airport Road,,12.959017407492974,77.64916241168976,876189253ffffff,,1.0,1.0,True,3.0,400.0,400.0,4.0,64.0,,+918047103959,https://www.practo.com/bangalore/hospital/manipal-ankur-indiranagar?referrer=hospital_listing,https://images1-fabric.practo.com/practices/747745/manipal-fertility-hal-old-airport-road-bangalore-5cb580519bdae.png,VN,practo,,1.0,canonical,761,Q2,,Mid-Market,0.225504
hosp_d8bf182d08f8da0e,"Sri Sai Ram Hospital - Kanakpura Road, Bangalore",sri sai ram hospital kanakpura road bangalore,Bangalore,Hospital,JP Nagar 6 Phase,,12.894304,77.5682848,876189248ffffff,,4.0,4.0,False,,0.0,0.0,,,,+918047186181,https://www.practo.com/bangalore/hospital/sri-sai-ram-hospital-kanakpura-road-bangalore-jp-nagar-6-phase?referrer=hospital_listing,,VN,practo,,1.0,canonical,762,Q2,,Mid-Market,0.22547
hosp_43debdddfbda1e6f,V S Dental College & Hospital,v s dental college hospital,Bangalore,Hospital,VV Puram,,,,,,7.0,2.0,False,,0.0,500.0,,,,+918046808409,https://www.practo.com/bangalore/hospital/v-s-dental-college-hospital-vv-puram?referrer=hospital_listing,,VN,practo,,0.6,canonical,763,Q2,,Mid-Market,0.225305
hosp_f7dc53fb015a693e,Lakshmi Multi Speciality Hospital,lakshmi multi speciality hospital,Bangalore,Hospital,Seshadripuram,,,,,,2.0,5.0,False,,0.0,0.0,,,,+918037298720,https://www.practo.com/bangalore/hospital/lakshmi-multi-speciality-hospital-seshadripuram?referrer=hospital_listing,,VN,practo,,0.6,canonical,764,Q2,,Mid-Market,0.224939
hosp_bdf764436ebf42be,"Cloudnine Hospital, Whitefield, Bangalore",cloudnine hospital whitefield bangalore,Bangalore,Hospital,Pattandur Agrahara,,12.9877767,77.7322206,876189219ffffff,,2.0,5.0,False,,0.0,0.0,,,,+918047093688,https://www.practo.com/bangalore/hospital/cloudnine-hospital-whitefield-bangalore-pattandur-agrahara?referrer=hospital_listing,,VN,practo,,1.0,canonical,765,Q2,,Mid-Market,0.224939
hosp_6de894d1b3092f80,Dr M C Modi Charitable Eye Hospital,dr m c modi charitable eye hospital,Bangalore,Hospital,Mahalakshmi Layout,,12.9973789,77.5454406,876014586ffffff,,1.0,1.0,False,,100.0,100.0,4.5,18.0,,+918045684275,https://www.practo.com/bangalore/hospital/dr-m-c-modi-charitable-eye-hospital-mahalakshmi-layout-1?referrer=hospital_listing,,VN,practo,,1.0,canonical,766,Q2,,Mid-Market,0.224774
hosp_8cff65dbec0933d4,"Gubbi's - Centre For Endoscopy, Colonoscopy And Gastroenterology",gubbi s centre for endoscopy colonoscopy gastroenterology,Bangalore,Hospital,Vijayanagar,,12.974020713029,77.535506486893,876014584ffffff,,1.0,1.0,True,,500.0,500.0,3.5,15.0,,+918046805689,https://www.practo.com/bangalore/hospital/gubbi-s-centre-for-endoscopy-colonoscopy-and-gastroenterology-vijayanagar?referrer=hospital_listing,https://images1-fabric.practo.com/gubbi-s-centre-for-endoscopy-colonoscopy-and-gastroenterology-bangalore-1467970086-577f7226b09a3.jpg,VN,practo,,1.0,canonical,767,Q2,,Mid-Market,0.224611
hosp_c700598c25406d08,Deepashri  Rehabilitation Centre,deepashri rehabilitation centre,Bangalore,Hospital,Jnanabharathi,,12.957197149653945,77.48900033533573,8760145aaffffff,,1.0,2.0,True,,300.0,300.0,3.5,16.0,,+918071966535,https://www.practo.com/bangalore/hospital/deepashree-nursing-rehabilitation-centre-with-old-age-home-nagarbhavi?referrer=hospital_listing,https://images1-fabric.practo.com/52a5a28c0979426eafc66e46f988cc1647522d0d67248.jpg,VN,practo,,1.0,canonical,768,Q2,,Mid-Market,0.224448
hosp_e47e5944d1cdf4e6,"Shree Prajana Superspeciality Dental Hospital, Root Canal & Implant Centre",shree prajana superspeciality dental hospital root canal implant centre,Bangalore,Hospital,Bellandur,,12.926031,77.676246,876189254ffffff,,1.0,1.0,False,,200.0,200.0,4.5,17.0,,+918046801975,https://www.practo.com/bangalore/hospital/shree-prajana-super-speciality-dental-hospital-bellandur?referrer=hospital_listing,https://images1-fabric.practo.com/shree-prajana-super-speciality-dental-hospital-bangalore-1443719585-560d69a17f310.jpg,VN,practo,,1.0,canonical,769,Q2,,Mid-Market,0.224406
hosp_43a6e58643ee19f8,Venkateswara Hospital,venkateswara hospital,Bangalore,Hospital,VV Puram,,12.954072,77.574152,8760145a6ffffff,,3.0,4.0,False,,0.0,500.0,,,,+918046801993,https://www.practo.com/bangalore/hospital/venkateswara-hospital-vv-puram?referrer=hospital_listing,,VN,practo,,1.0,canonical,770,Q2,,Mid-Market,0.224243
hosp_f4c001439ab279fb,Shirdi Sai Hospital,shirdi sai hospital,Bangalore,Hospital,Kanaka Nagar,,13.0367349,77.602644,8761892c8ffffff,,3.0,4.0,False,,0.0,0.0,,,,+918071172760,https://www.practo.com/bangalore/hospital/shirdi-sai-hospital-1-kanaka-nagar?referrer=hospital_listing,,active,practo,,1.0,canonical,771,Q2,,Mid-Market,0.224243
hosp_f8a2f43d1ffb51d2,"Altius Multi-speciality Hospital, HBR Layout",altius multi speciality hospital hbr layout,Bangalore,Hospital,HBR Layout,,13.0344841,77.6291807,8761892ccffffff,,3.0,4.0,False,,0.0,0.0,,,,+918047106898,https://www.practo.com/bangalore/hospital/altius-multi-speciality-hospital-hbr-layout-hbr-layout?referrer=hospital_listing,,VN,practo,,1.0,canonical,772,Q2,,Mid-Market,0.224243
hosp_a64754716038705d,Marvel Multispeciality Hospital,marvel multispeciality hospital,Bangalore,Hospital,Koramangala 1 Block,,12.92547,77.63599,876189251ffffff,,40.0,27.0,True,,0.0,1200.0,3.5,1686.0,,+918045683824,https://www.practo.com/bangalore/hospital/marvel-multispeciality-hospital-koramangala-1-block-2?referrer=hospital_listing,https://images1-fabric.practo.com/practices/659126/marvel-multispeciality-hospital-bangalore-5c81274f2ec72.png,ABS,practo,,1.0,canonical,773,Q2,,Mid-Market,0.224224
hosp_b15597807e75656b,Nayak Hospital,nayak hospital,Bangalore,Hospital,Malleswaram,,12.999397,77.560713,8760145b3ffffff,,2.0,4.0,False,,300.0,300.0,,4.0,,+918046801985,https://www.practo.com/bangalore/hospital/nayak-hospital-rajajinagar?referrer=hospital_listing,,VN,practo,,1.0,canonical,774,Q2,,Mid-Market,0.223102
hosp_172bc0e2bbc53307,Prakruthi Veterinary Hospital,prakruthi veterinary hospital,Bangalore,Hospital,Banashankari,,12.92282,77.55249,8760145a4ffffff,,1.0,1.0,True,,400.0,400.0,3.5,30.0,1997.0,+918046801973,https://www.practo.com/bangalore/hospital/prakruthi-veterinary-hospital-banashankari-3rd-stage-1?referrer=hospital_listing,https://images1-fabric.practo.com/prakruthi-veterinary-hospital-bangalore-1464688616-574d5fe8b4048.jpg,VN,practo,,1.0,canonical,775,Q2,,Mid-Market,0.223018
hosp_0051d2aaccb30b17,Gangorthri Hospital,gangorthri hospital,Bangalore,Hospital,BTM Layout,,12.916259565686447,77.61385347694159,87618925cffffff,,2.0,4.0,False,,0.0,500.0,,,,+918046801486,https://www.practo.com/bangalore/hospital/dr-shrinidhi-i-s-btm-layout?referrer=hospital_listing,,VN,practo,,1.0,canonical,776,Q2,,Mid-Market,0.223016
hosp_481e877a8404272a,Madhu Hospital,madhu hospital,Bangalore,Hospital,Magadi Road,,12.978160838737,77.542950287461,876014584ffffff,,2.0,4.0,False,,250.0,300.0,,,,+918046801973,https://www.practo.com/bangalore/hospital/madhu-hospital-3-magadi-road?referrer=hospital_listing,,VN,practo,,1.0,canonical,777,Q2,,Mid-Market,0.223016
hosp_821019ad216eb1c8,Atreya Ayurvedic Medical College Hospital and Research Centre,atreya ayurvedic medical college hospital research centre,Bangalore,Hospital,Kodigehalli,,12.971599,77.594563,8760145b4ffffff,,5.0,2.0,False,,50.0,150.0,,,,+918046801970,https://www.practo.com/bangalore/hospital/atreya-ayurvedic-medical-college-hospital-and-research-centre-kodigehalli?referrer=hospital_listing,https://images1-fabric.practo.com/practices/663873/atreya-ayurvedic-medical-college-hospital-and-research-centre-bangalore-5b72678984dc5.jpg,VN,practo,,1.0,canonical,778,Q2,,Mid-Market,0.222851
hosp_901c19b1d0a9b891,SARALAYA HOSPITALS Pvt. Ltd.,saralaya hospitals,Bangalore,Hospital,Sathnur,,13.1217319,77.6294351,8761892daffffff,,5.0,2.0,False,,0.0,0.0,,,,+918048816825,https://www.practo.com/bangalore/hospital/saralaya-hospitals-pvt-ltd-sathnur?referrer=hospital_listing,,VN,practo,,1.0,canonical,779,Q2,,Mid-Market,0.222851
hosp_b44cf59701ea3407,"Nu Hospital, Padmanabhanagar, Bangalore",nu hospital padmanabhanagar bangalore,Bangalore,Hospital,Padmanabhanagar,,12.9180291,77.555891,8760145a4ffffff,,3.0,3.0,False,,0.0,750.0,,2.0,,+918047111989,https://www.practo.com/bangalore/hospital/nu-hospital-padmanabhanagar-bangalore-padmanabhanagar?referrer=hospital_listing,,VN,practo,,1.0,canonical,780,Q2,,Mid-Market,0.222363
hosp_9662a9af94627fd4,"Cura Hospital, Kanakapura, Bangalore",cura hospital kanakapura bangalore,Bangalore,Hospital,Yelachenahalli,,12.888292,77.561261,876189248ffffff,,3.0,3.0,False,,0.0,0.0,,,,+918071965500,https://www.practo.com/bangalore/hospital/cura-hospital-kanakapura-bangalore-yelachenahalli?referrer=hospital_listing,,VN,practo,,1.0,canonical,781,Q1,,Economy,0.22232
hosp_bafb75a266dab04a,Curolive Multispeciality Centre,curolive multispeciality centre,Bangalore,Hospital,Bellandur,,12.9205302,77.6705953,876189254ffffff,,3.0,3.0,False,,0.0,0.0,,,,+918071965703,https://www.practo.com/bangalore/hospital/curolive-multispeciality-centre-bellandur?referrer=hospital_listing,,VN,practo,,1.0,canonical,782,Q1,,Economy,0.22232
hosp_24ab7e308f366d4d,Mahaveer Hospitals,mahaveer hospitals,Bangalore,Hospital,A Narayanpura,,12.9895036,77.6741855,8761892e1ffffff,,3.0,3.0,False,,0.0,0.0,,,,+918045685335,https://www.practo.com/bangalore/hospital/mahaveer-hospitals-a-narayanpura?referrer=hospital_listing,,active,practo,,1.0,canonical,783,Q1,,Economy,0.22232
hosp_609958a1b7a93adb,Jas Dental,jas dental,Bangalore,Hospital,HSR Layout,,12.92409332232521,77.65256881713867,876189255ffffff,,6.0,1.0,False,4.0,200.0,200.0,,5.0,,+913340589371,https://www.practo.com/bangalore/hospital/jas-dental-hsr-layout?referrer=hospital_listing,https://images1-fabric.practo.com/jas-dental-bangalore-1477550935-5811a357518a5.jpg,VN,practo,,1.0,canonical,784,Q1,,Economy,0.222262
hosp_3350fa114629c95c,Santosh Hospital,santosh hospital,Bangalore,Hospital,Frazer Town,,12.99576,77.60831,8761892e9ffffff,,34.0,19.0,True,,0.0,700.0,3.5,102.0,,+918047111996,https://www.practo.com/bangalore/hospital/santhosh-hospital-frazer-town-3?referrer=hospital_listing,https://images1-fabric.practo.com/practices/1222923/santosh-hospital-bangalore-5cb6e0a245430.jpg,VN,practo,,1.0,canonical,785,Q1,,Economy,0.22196
hosp_6522d5923f616f0e,Radhakrishna Multispeciality Hospital,radhakrishna multispeciality hospital,Bangalore,Hospital,Banashankari 3rd Stage,,12.94092,77.54559,8760145a0ffffff,,2.0,5.0,True,,250.0,750.0,3.5,21.0,,+918061914942,https://www.practo.com/bangalore/hospital/radhakrishna-multispeciality-hospital-banashankari-3rd-stage?referrer=hospital_listing,https://images1-fabric.practo.com/53eb0f2b4aadc045ce030f8b9d94ad40b4193c7793ea6.jpg,VN,practo,,1.0,canonical,786,Q1,,Economy,0.221904
hosp_fcbf908e312bc813,Abhayahasta Multispeciality Hospital,abhayahasta multispeciality hospital,Bangalore,Hospital,Kaggadasapura,,12.9853889,77.5900584,8760145b4ffffff,,25.0,18.0,True,,0.0,800.0,3.5,74.0,,+918071910400,https://www.practo.com/bangalore/hospital/abhayahasta-multispeciality-hospital-kaggadasapura-1?referrer=hospital_listing,https://images1-fabric.practo.com/practices/779222/abhayahasta-multispeciality-hospital-bangalore-64dca243f255c.jpeg,VN,practo,,1.0,canonical,787,Q1,,Economy,0.221828
hosp_22a054440ce4fc9c,Apollo Hospitals,apollo hospitals,Bangalore,Hospital,Seshadripuram,,12.9878536,77.571869,8760145b0ffffff,,50.0,26.0,True,2.0,0.0,1800.0,3.5,427.0,,+918045680867,https://www.practo.com/bangalore/hospital/apollo-hospitals-19-seshadripuram?referrer=hospital_listing,https://images1-fabric.practo.com/practices/1055989/apollo-hospitals-bangalore-59d760284e028.jpg,ABS,practo,,1.0,canonical,788,Q1,,Economy,0.221459
hosp_0b50cd9c2d2f2b1b,Minchu Health Care,minchu health care,Bangalore,Hospital,HSR Layout,,12.894774623395532,77.66153443604708,876189246ffffff,,12.0,12.0,True,,400.0,1000.0,3.5,40.0,,+918045002218,https://www.practo.com/bangalore/hospital/minchu-health-care-hsr-layout?referrer=hospital_listing,https://images1-fabric.practo.com/practices/1467028/minchu-health-care-centre-bangalore-6688efdde0861.png,VN,practo,,1.0,canonical,789,Q1,,Economy,0.221158
hosp_03342e48daf6f025,Mathru Hospital,mathru hospital,Bangalore,Hospital,Kengeri,,12.973838,77.487742,8760145aaffffff,,2.0,3.0,False,,0.0,350.0,,3.0,,+918037298770,https://www.practo.com/bangalore/hospital/mathru-hospital-kengeri?referrer=hospital_listing,,VN,practo,,1.0,canonical,790,Q1,,Economy,0.221157
hosp_39946d5763ca2243,Bangalore Gastro Centre Hospitals,bangalore gastro centre hospitals,Bangalore,Hospital,Sarjapura,,12.86,77.786,876189352ffffff,,2.0,3.0,False,,900.0,900.0,,,,+918071965500,https://www.practo.com/bangalore/hospital/bangalore-gastro-hospital-sarjapura?referrer=hospital_listing,https://images1-fabric.practo.com/practices/2189750/bangalore-gastro-centre-hospitals-bangalore-6a081b4dafe64.jpg,ABS,practo,,1.0,canonical,791,Q1,,Economy,0.221093
hosp_4330b9981010da7c,Jindal Charitable Hospital	,jindal charitable hospital,Bangalore,Hospital,Rajajinagar,,,,,,2.0,3.0,False,,0.0,0.0,,,,+918046801974,https://www.practo.com/bangalore/hospital/jindal-charitable-hospital-rajajinagar?referrer=hospital_listing,,VN,practo,,0.6,canonical,792,Q1,,Economy,0.221093
hosp_bbc1e78f1916eb7f,Vydehi Superspeciality Hospital,vydehi superspeciality hospital,Bangalore,Hospital,Sri Jayachamarajendra Road,,12.968064,77.5950677,8760145b4ffffff,,2.0,3.0,False,,0.0,0.0,,,,+918047106875,https://www.practo.com/bangalore/hospital/vydehi-superspeciality-hospital-ashok-nagar-bangalore-sri-jayachamarajendra-road?referrer=hospital_listing,,VN,practo,,1.0,canonical,793,Q1,,Economy,0.221093
hosp_679090bd2e819a35,DG Hospital,dg hospital,Bangalore,Hospital,Padmanabhanagar,,12.9206598,77.5598165,8760145a4ffffff,,2.0,3.0,False,,0.0,0.0,,,,+918071172763,https://www.practo.com/bangalore/hospital/dg-hospital-1-padmanabhanagar?referrer=hospital_listing,,VN,practo,,1.0,canonical,794,Q1,,Economy,0.221093
hosp_9db90deeea922e58,Sg Hospital,sg hospital,Bangalore,Hospital,Banashankari 3rd Stage,,12.9275399,77.5458353,8760145a5ffffff,,2.0,3.0,False,,0.0,0.0,,,,+918047186783,https://www.practo.com/bangalore/hospital/sg-hospital-1-banashankari-3rd-stage?referrer=hospital_listing,,VN,practo,,1.0,canonical,795,Q1,,Economy,0.221093
hosp_ce56c4e4fd4ccdc4,"Sparsh Hospital, Vasanth Nagar, Bangalore",sparsh hospital vasanth nagar bangalore,Bangalore,Hospital,Raj Bhavan Road,,12.9832825,77.59475,8760145b4ffffff,,2.0,3.0,False,,0.0,0.0,,,,+918047111991,https://www.practo.com/bangalore/hospital/sparsh-hospital-vasanth-nagar-bangalore-raj-bhavan-road?referrer=hospital_listing,,VN,practo,,1.0,canonical,796,Q1,,Economy,0.221093
hosp_a012ab1e33434c95,"Campbell Hospital, Bangalore",campbell hospital bangalore,Bangalore,Hospital,Teacher's Colony,,12.9157197,77.6348985,876189242ffffff,,2.0,3.0,False,,0.0,0.0,,,,+918037298727,https://www.practo.com/bangalore/hospital/campbell-hospital-bangalore-teacher-s-colony?referrer=hospital_listing,,VN,practo,,1.0,canonical,797,Q1,,Economy,0.221093
hosp_cd5c6f527d1bb078,Sri Srinivasa clinic Endoscopy and Day Care Centre ,sri srinivasa clinic endoscopy day care centre,Bangalore,Hospital,Chennammana Kere,,12.9262647322,77.5547392908,8760145a4ffffff,,2.0,3.0,False,,0.0,0.0,,,,+918037298749,https://www.practo.com/bangalore/hospital/sri-srinivasa-clinic-endoscopy-and-day-care-centre-chennammana-kere?referrer=hospital_listing,,VN,practo,,1.0,canonical,798,Q1,,Economy,0.221093
hosp_f731675364e041d5,Maya Hospital (Maya Multi Specialty Hospital),maya hospital maya multi specialty hospital,Bangalore,Hospital,Panathur,,12.9364725,77.7045943,876189209ffffff,,2.0,3.0,False,,0.0,800.0,,,,+918037298749,https://www.practo.com/bangalore/hospital/maya-hospital-maya-multi-specialty-hospital-panathur?referrer=hospital_listing,,VN,practo,,1.0,canonical,799,Q1,,Economy,0.221093
hosp_f17bb4119717a073,Sri Lakshmi Super Specialty Hospital,sri lakshmi super specialty hospital,Bangalore,Hospital,Kaggadasapura,,12.9827175,77.6811401,8761892e1ffffff,,2.0,3.0,False,,0.0,0.0,,,,+918071910400,https://www.practo.com/bangalore/hospital/sri-lakshmi-super-specialty-hospital-kaggadasapura?referrer=hospital_listing,,VN,practo,,1.0,canonical,800,Q1,,Economy,0.221093
hosp_9aef03e8e257ef26,Vanivilas Hospital BMCRI,vanivilas hospital bmcri,Bangalore,Hospital,Kalisipalya,,12.9621,77.574,8760145b5ffffff,,2.0,3.0,False,,0.0,0.0,,,,+918046801991,https://www.practo.com/bangalore/hospital/vanivilas-hospital-bmcri-kalisipalya?referrer=hospital_listing,,active,practo,,1.0,canonical,801,Q1,,Economy,0.221093
hosp_edfa110c42149864,ABHAYAHASTA MULTISPECIALITY HOSPITAL PVT LTD,abhayahasta multispeciality hospital,Bangalore,Hospital,SG Palya (CV Raman Nagar),,12.9793,77.6642,8761892e1ffffff,,2.0,3.0,False,,0.0,0.0,,,,+918048816946,https://www.practo.com/bangalore/hospital/abhayahasta-multispeciality-hospital-pvt-ltd-sg-palya-cv-raman-nagar?referrer=hospital_listing,,active,practo,,1.0,canonical,802,Q1,,Economy,0.221093
hosp_4e0562378aaeffc9,ATHREYA HOSPITAL,athreya hospital,Bangalore,Hospital,Kalyan Nagar,,13.028,77.6399,8761892c1ffffff,,3.0,2.0,False,,0.0,0.0,,,,+918071966820,https://www.practo.com/bangalore/hospital/athreya-hospital-kalyan-nagar?referrer=hospital_listing,,VN,practo,,1.0,canonical,803,Q1,,Economy,0.220397
hosp_7961a823969a53ee,Standard Laboratory & Poly Clinic,standard laboratory poly clinic,Bangalore,Hospital,Malleswaram,,13.004892,77.581301,8760145b2ffffff,,1.0,3.0,False,16.0,0.0,500.0,,3.0,,+918071966527,https://www.practo.com/bangalore/hospital/standard-laboratory-poly-clinicgene-malleswaram?referrer=hospital_listing,,VN,practo,,1.0,canonical,804,Q1,,Economy,0.21993
hosp_9ecab8bf9bace66f,Aditi Hospital,aditi hospital,Bangalore,Hospital,Anekal,,12.9539778,77.7076185,87618920bffffff,,1.0,3.0,False,,0.0,0.0,,,,+918045686415,https://www.practo.com/bangalore/hospital/aditi-hospital-anekal-1?referrer=hospital_listing,,VN,practo,,1.0,canonical,805,Q1,,Economy,0.219866
hosp_a8f8751ead92d44f,Bakson's Homoeopathic Centre for Allergy,bakson s homoeopathic centre for allergy,Bangalore,Hospital,Indiranagar,,12.977434,77.636107,8761892edffffff,,1.0,3.0,False,1.0,0.0,0.0,,,,+918071966535,https://www.practo.com/bangalore/hospital/bakson-s-homoeopathy-indira-nagar-indiranagar?referrer=hospital_listing,https://images1-fabric.practo.com/bakson-s-homoeopathic-centre-for-allergy-bangalore-1480659487-5841121f64c57.jpg,VN,practo,,1.0,canonical,806,Q1,,Economy,0.219866
hosp_0958db00390b6098,Columbia Asia Hospital PSYCHIATRY UNIT,columbia asia hospital psychiatry unit,Bangalore,Hospital,Malleswaram,,13.014185383635,77.556062936783,8760145b3ffffff,,1.0,3.0,False,,750.0,750.0,,,,+918071966843,https://www.practo.com/bangalore/hospital/columbia-asia-hospital-psychiatry-unit-malleswaram?referrer=hospital_listing,,VN,practo,,1.0,canonical,807,Q1,,Economy,0.219866
hosp_a9e7862ad3b55e85,Bakson's Homoeopathic Centre for Allergy,bakson s homoeopathic centre for allergy,Bangalore,Hospital,Jayanagar,,12.92634,77.587616,876189259ffffff,,1.0,3.0,False,1.0,0.0,0.0,,,,+918046801982,https://www.practo.com/bangalore/hospital/baksons-homoeopathy-jayanagar?referrer=hospital_listing,https://images1-fabric.practo.com/bakson-s-homoeopathic-centre-for-allergy-bangalore-1479383787-582d9aebc10b6.jpeg,VN,practo,,1.0,canonical,808,Q1,,Economy,0.219866
hosp_2f823ecb8dca793a,Shobha Hospital BTM Layout,shobha hospital btm layout,Bangalore,Hospital,BTM Layout 1st Stage,,12.921932,77.6110536,87618925cffffff,,1.0,3.0,False,,0.0,0.0,,,,+918071965436,https://www.practo.com/bangalore/hospital/shobha-hospital-btm-layout-1-btm-layout-1st-stage?referrer=hospital_listing,,VN,practo,,1.0,canonical,809,Q1,,Economy,0.219866
hosp_b876f6a4b3cb4390,CMC Hospital,cmc hospital,Bangalore,Hospital,T Dasarahalli,,13.0578636,77.5092246,87601459effffff,,1.0,3.0,False,,0.0,0.0,,,,+918047111402,https://www.practo.com/bangalore/hospital/cmc-hospital-2-t-dasarahalli?referrer=hospital_listing,,VN,practo,,1.0,canonical,810,Q1,,Economy,0.219866
hosp_524d89fbe46c2cbe,SWASTIKA WOMENS SPECIALITY AND HEART CENTRE,swastika womens speciality heart centre,Bangalore,Hospital,KG Road,,12.9724,77.580597,8760145b4ffffff,,1.0,3.0,False,,0.0,0.0,,,,+918047111991,https://www.practo.com/bangalore/hospital/swastika-womens-speciality-and-heart-centre-kg-road?referrer=hospital_listing,,VN,practo,,1.0,canonical,811,Q1,,Economy,0.219866
hosp_0de323847cd28eba,"Astra Superspeciality Hospital, Bikasipura, Bangalore",astra superspeciality hospital bikasipura bangalore,Bangalore,Hospital,Konanakunte,,12.8908586,77.5633037,876189248ffffff,,1.0,3.0,False,,0.0,0.0,,,,+918071965500,https://www.practo.com/bangalore/hospital/astra-superspeciality-hospital-bikasipura-bangalore-konanakunte?referrer=hospital_listing,,VN,practo,,1.0,canonical,812,Q1,,Economy,0.219866
hosp_ca30a5f2c57993c0,Vasan Eye Care Hospital,vasan eye care hospital,Bangalore,Hospital,Rajarajeshwarinagar,,12.931414,77.51528,8760145a1ffffff,,4.0,1.0,False,7.0,400.0,500.0,,7.0,,+918047111760,https://www.practo.com/bangalore/hospital/vasan-eye-care-hospital-1-rajarajeshwarinagar?referrer=hospital_listing,https://images1-fabric.practo.com/practices/2079833/vasan-eye-care-hospital-bangalore-688226a8d1479.png,ABS,practo,,1.0,canonical,813,Q1,,Economy,0.21985
hosp_4893739a4f2c0e08,Cratis Hospital,cratis hospital,Bangalore,Hospital,Kothanur,,13.048431,77.64562,8761892c1ffffff,,2.0,2.0,False,,300.0,450.0,,4.0,,+918046801993,https://www.practo.com/bangalore/hospital/cratis-hospital-kothanur?referrer=hospital_listing,,VN,practo,,1.0,canonical,814,Q1,,Economy,0.219255
hosp_4cc67a4bbd86b80e,Sri Sai Kripa Hospital,sri sai kripa hospital,Bangalore,Hospital,Yeshwanthpur,,13.029501,77.559368,876014594ffffff,,2.0,2.0,False,,0.0,0.0,,4.0,,+918046801486,https://www.practo.com/bangalore/hospital/sri-sai-kripa-hospital-yeshwanthpur?referrer=hospital_listing,,VN,practo,,1.0,canonical,815,Q1,,Economy,0.219255
hosp_057ec5dcb16f5e5f,The Family Doctor,family doctor,Bangalore,Hospital,Kasturi nagar,,13.008906,77.6623,8761892eeffffff,,2.0,2.0,False,16.0,0.0,300.0,,3.0,,+918046808392,https://www.practo.com/bangalore/hospital/modern-family-doctor-clinic-kasturi-nagar?referrer=hospital_listing,https://images1-fabric.practo.com/the-family-doctor-bangalore-1475754400-57f639a02a91d.png,VN,practo,,1.0,canonical,816,Q1,,Economy,0.219234
hosp_35797ac2c8593840,Vinayaka Speciality Hospital,vinayaka speciality hospital,Bangalore,Hospital,Bommanahalli,,12.8989013,77.6219128,876189243ffffff,,2.0,2.0,False,,300.0,400.0,,2.0,,+918046801981,https://www.practo.com/bangalore/hospital/vinayaka-speciality-hospital-1?referrer=hospital_listing,,VN,practo,,1.0,canonical,817,Q1,,Economy,0.219213
hosp_75d609087597774a,Bharat Nursing Home,bharat nursing home,Bangalore,Hospital,JP Nagar,,19.075984,72.877656,87608b0b6ffffff,,2.0,2.0,False,,0.0,400.0,,,,+918046801985,https://www.practo.com/bangalore/hospital/bharat-nursing-home-santacruz-west?referrer=hospital_listing,,VN,practo,,1.0,canonical,818,Q1,,Economy,0.21917
hosp_acad5bb874b291da,Chaitanya Medical Centre,chaitanya medical centre,Bangalore,Hospital,Yelahanka New Town,,13.092437285997123,77.58620422868357,876016964ffffff,,2.0,2.0,False,,650.0,1000.0,,,,+918068960988,https://www.practo.com/bangalore/hospital/chaitanya-medical-centre-yelahanka-new-town?referrer=hospital_listing,https://images1-fabric.practo.com/practices/1606301/chaitanya-medical-centre-bangalore-6791f30653f9f.png,VN,practo,,1.0,canonical,819,Q1,,Economy,0.21917
hosp_aae4d6cee42de8db,Gouri Sankara Ayurvedics,gouri sankara ayurvedics,Bangalore,Hospital,Banaswadi,,13.006102780625,77.649319883188,8761892eeffffff,,2.0,2.0,False,3.0,200.0,300.0,,,,+918045685335,https://www.practo.com/bangalore/hospital/gouri-sankara-ayurvedics-banaswadi?referrer=hospital_listing,https://images1-fabric.practo.com/practices/1262231/gouri-sankara-ayurvedics-5d35a52837c62.png,VN,practo,,1.0,canonical,820,Q1,,Economy,0.21917
hosp_d3b00eb02cfd0737,Laxmi Eye Hospital,laxmi eye hospital,Bangalore,Hospital,Yelahanka New Town,,13.093266018478,77.583234384656,876016960ffffff,,2.0,2.0,False,,200.0,200.0,,,,+918071172763,https://www.practo.com/bangalore/hospital/laxmi-eye-hospital-yelahanka-new-town?referrer=hospital_listing,,VN,practo,,1.0,canonical,821,Q1,,Economy,0.21917
hosp_2de967225989eb6f,sushruth clinic,sushruth clinic,Bangalore,Hospital,BTM Layout,,0.0,0.0,87754e64dffffff,,2.0,2.0,False,,0.0,150.0,,,,+918046805689,https://www.practo.com/bangalore/hospital/suham-hospital-ramnagara?referrer=hospital_listing,,VN,practo,,1.0,canonical,822,Q1,,Economy,0.21917
hosp_38d36434b29bafae,Vijaya Hospital,vijaya hospital,Bangalore,Hospital,Vijayanagar,,12.9676505,77.5228865,8760145a3ffffff,,2.0,2.0,False,,0.0,0.0,,,,+918037298720,https://www.practo.com/bangalore/hospital/vijaya-hospital-2-vijayanagar?referrer=hospital_listing,,VN,practo,,1.0,canonical,823,Q1,,Economy,0.21917
hosp_61c16b006f3a7d7e,"Prakriya Hospital, Bangalore",prakriya hospital bangalore,Bangalore,Hospital,Nagasandra,,13.0458148,77.5064631,87601459effffff,,2.0,2.0,False,,0.0,600.0,,,,+918047091253,https://www.practo.com/bangalore/hospital/prakriya-hospital-bangalore-nagasandra?referrer=hospital_listing,,VN,practo,,1.0,canonical,824,Q1,,Economy,0.21917
hosp_ab5ab0e113e2c9a2,"Oncology International Hospital, Jp Nagar, Bangalore",oncology international hospital jp nagar bangalore,Bangalore,Hospital,Annaiah Reddy Layout,,12.9060485,77.5849498,87618924affffff,,2.0,2.0,False,,0.0,0.0,,,,+918045685827,https://www.practo.com/bangalore/hospital/oncology-international-hospital-jp-nagar-bangalore-annaiah-reddy-layout?referrer=hospital_listing,,VN,practo,,1.0,canonical,825,Q1,,Economy,0.21917
hosp_d4bb931f7c557a15,Satva speciality clinic and preventive health centre,satva speciality clinic preventive health centre,Bangalore,Hospital,Puttenahalli,,12.8903977,77.5808644,876189248ffffff,,2.0,2.0,False,,0.0,400.0,,,,+918061933691,https://www.practo.com/bangalore/hospital/satva-speciality-clinic-and-preventive-health-centre-puttenahalli?referrer=hospital_listing,,VN,practo,,1.0,canonical,826,Q1,,Economy,0.21917
hosp_972b05b1558f4dd1,"Rainbow Children Hospital, Bannerghatta Road, Bangalore",rainbow children hospital bannerghatta road bangalore,Bangalore,Hospital,JP Nagar 4 Phase,,12.9033775,77.6007898,87618924effffff,,2.0,2.0,False,,0.0,800.0,,,,+918048816825,https://www.practo.com/bangalore/hospital/rainbow-children-hospital-bannerghatta-road-bangalore-jp-nagar-4-phase?referrer=hospital_listing,,VN,practo,,1.0,canonical,827,Q1,,Economy,0.21917
hosp_86297b66126be4e4,"Q Medical Center and Hospital , Dickenson Road, Bangalore",q medical center hospital dickenson road bangalore,Bangalore,Hospital,Dickenson Road,,12.9791068,77.6153811,8761892e9ffffff,,2.0,2.0,False,,0.0,0.0,,,,+918037298749,https://www.practo.com/bangalore/hospital/q-medical-center-and-hospital-dickenson-road-bangalore-dickenson-road?referrer=hospital_listing,,VN,practo,,1.0,canonical,828,Q1,,Economy,0.21917
hosp_7fd4642a522691e9,Navya Hospital,navya hospital,Bangalore,Hospital,Hebbal Kempapura,,13.052464,77.612079,8761892c8ffffff,,2.0,2.0,False,,0.0,0.0,,,,+918071910149,https://www.practo.com/bangalore/hospital/navya-hospital-1-hebbal-kempapura?referrer=hospital_listing,,VN,practo,,1.0,canonical,829,Q1,,Economy,0.21917
hosp_17beb8007f65bcbf,Gunasheela Surgical and Maternity Hospital,gunasheela surgical maternity hospital,Bangalore,Hospital,Koramangala,,12.924955,77.627737,87618925cffffff,,2.0,2.0,False,,0.0,0.0,,,,+918045685830,https://www.practo.com/bangalore/hospital/gunasheela-surgical-and-maternity-hospital-koramangala?referrer=hospital_listing,,VN,practo,,1.0,canonical,830,Q1,,Economy,0.21917
hosp_91593b75974a2601,True Life Hospitals,true life hospitals,Bangalore,Hospital,Varthur,,12.938382,77.7442134,87618920effffff,,2.0,2.0,False,,0.0,0.0,,,,+918045687379,https://www.practo.com/bangalore/hospital/true-life-hospitals-varthur?referrer=hospital_listing,,VN,practo,,1.0,canonical,831,Q1,,Economy,0.21917
hosp_93e79c950d486f25,Sri Rama Hospital,sri rama hospital,Bangalore,Hospital,Sunkadakatte,,12.9896676,77.5044709,876014580ffffff,,2.0,2.0,False,,0.0,0.0,,,,+918047186782,https://www.practo.com/bangalore/hospital/sri-rama-hospital-2-sunkadakatte?referrer=hospital_listing,,VN,practo,,1.0,canonical,832,Q1,,Economy,0.21917
hosp_a3ac5ed7b7bbed4b,"Fortis Hospital, Bg Road, Bilekahalli, Bangalore",fortis hospital bg road bilekahalli bangalore,Bangalore,Hospital,Panduranga Nagar,,12.8948127,77.5986767,87618924effffff,,2.0,2.0,False,,0.0,800.0,,,,+918047091251,https://www.practo.com/bangalore/hospital/fortis-hospital-bg-road-bilekahalli-bangalore-panduranga-nagar?referrer=hospital_listing,,VN,practo,,1.0,canonical,833,Q1,,Economy,0.21917
hosp_8508df70617ee5a3,ESI Hospital - Main Branch Rajajinagar,esi hospital main branch rajajinagar,Bangalore,Hospital,Rajajinagar,,12.9904295,77.5537039,8760145b1ffffff,,2.0,2.0,False,,0.0,0.0,,,,+918045685335,https://www.practo.com/bangalore/hospital/esi-hospital-main-branch-rajajinagar-rajajinagar?referrer=hospital_listing,,VN,practo,,1.0,canonical,834,Q1,,Economy,0.21917
hosp_c39db7b5bab20831,Sportho,sportho,Bangalore,Hospital,Vasanthnagar,,12.989596,77.594503,8760145b6ffffff,,2.0,2.0,False,1.0,700.0,700.0,,,,+918047111402,https://www.practo.com/bangalore/hospital/sportho-vasanthnagar?referrer=hospital_listing,https://images1-fabric.practo.com/practices/1270634/sportho-bangalore-5dd229f293408.png,VN,practo,,1.0,canonical,835,Q1,,Economy,0.21917
hosp_2fa54ef13596140c,Samarth Clinical Laboratory,samarth clinical laboratory,Bangalore,Hospital,BTM Layout 2nd Stage,,12.9134966,77.6032866,87618925dffffff,,2.0,2.0,False,1.0,0.0,0.0,,,,+918071966536,https://www.practo.com/bangalore/hospital/samarth-clinical-laboratory-btm-layout-2nd-stage?referrer=hospital_listing,,VN,practo,,1.0,canonical,836,Q1,,Economy,0.21917
hosp_ba9381064a87c0f7,Vijay Clinic,vijay clinic,Bangalore,Hospital,Mahalakshmi Layout,,13.01786751671129,77.54160113632679,876014595ffffff,,2.0,2.0,False,,0.0,100.0,,,,+918046801971,https://www.practo.com/bangalore/hospital/vijay-clinic-mahalakshmipuram?referrer=hospital_listing,,VN,practo,,1.0,canonical,837,Q1,,Economy,0.21917
hosp_0284fcfd9e678913,Dr.Agarwal's Eye Hospital,dr agarwal s eye hospital,Bangalore,Hospital,Indiranagar,,12.906733,77.563354,87618924bffffff,,3.0,1.0,False,,500.0,500.0,,5.0,,+918071966512,https://www.practo.com/bangalore/hospital/dr-agarwal-s-eye-hospital-indiranagar?referrer=hospital_listing,https://images1-fabric.practo.com/practices/1141264/dr-agarwal-s-eye-hospital-bangalore-628790980a8cf.png,VN,practo,,1.0,canonical,838,Q1,,Economy,0.218581
hosp_d920556e8e60a54c,Cloudnine Fertility - IVF Centre,cloudnine fertility ivf centre,Bangalore,Hospital,Nagarbhavi,,12.97565130173431,77.50930037301083,876014585ffffff,,3.0,1.0,False,,1000.0,1000.0,,,,+918037298766,https://www.practo.com/bangalore/hospital/cloudnine-fertility-ivf-centre-nagarbhavi-nagarbhavi?referrer=hospital_listing,https://images1-fabric.practo.com/practices/2183489/cloudnine-fertility-ivf-centre-bangalore-69eca7cad0d8b.png,ABS,practo,,1.0,canonical,839,Q1,,Economy,0.218474
hosp_38f7abe9573ab141,Paramshetty's KDC Hospital Pvt Ltd.,paramshetty s kdc hospital,Bangalore,Hospital,JP Nagar 7 Phase,,12.890827248439,77.581743579358,876189248ffffff,,3.0,1.0,False,,100.0,450.0,,,,+918071966525,https://www.practo.com/bangalore/hospital/paramshetty-s-kdc-hospital-pvt-ltd-jp-nagar-7-phase?referrer=hospital_listing,https://images1-fabric.practo.com/practices/1144110/paramshetty-s-kdc-hospital-pvt-ltd-bangalore-5c52d119659b0.jpg,VN,practo,,1.0,canonical,840,Q1,,Economy,0.218474
hosp_50c5fb57238ac395,"Dr Agarwals Eye Hospital, Indiranagar, Bangalore",dr agarwals eye hospital indiranagar bangalore,Bangalore,Hospital,HAL,,12.9701841,77.6477945,8761892ecffffff,,3.0,1.0,False,,0.0,0.0,,,,+918045685829,https://www.practo.com/bangalore/hospital/dr-agarwals-eye-hospital-indiranagar-bangalore-hal?referrer=hospital_listing,,VN,practo,,1.0,canonical,841,Q1,,Economy,0.218474
hosp_c86878913ea4ae14,Dr. K. N. Srikanth @ Mallige Medical Centre,dr k n srikanth mallige medical centre,Bangalore,Hospital,Seshadripuram,,12.985259530175387,77.58012771606445,8760145b0ffffff,,1.0,2.0,False,,250.0,250.0,,7.0,,+918071966525,https://www.practo.com/bangalore/hospital/mallige-medical-centre-seshadripuram-1?referrer=hospital_listing,,VN,practo,,1.0,canonical,842,Q1,,Economy,0.218092
hosp_1cc76ebebc1267eb,Sattvam Fertility and IVF Centre,sattvam fertility ivf centre,Bangalore,Hospital,Bilekahalli,,12.8954578,77.6076515,876189243ffffff,,1.0,2.0,False,,500.0,500.0,,6.0,,+913340589373,https://www.practo.com/bangalore/hospital/sattvam-fertility-and-ivf-centre-bilekahalli?referrer=hospital_listing,https://images1-fabric.practo.com/practices/1279190/sattvam-fertility-and-ivf-centre-bangalore-5e6611130631b.png,VN,practo,,1.0,canonical,843,Q1,,Economy,0.218071
hosp_ac6c9e15852c1eb6,Dr Bhaskar's Clinic,dr bhaskar s clinic,Bangalore,Hospital,Uttarahalli,,12.898482706793638,77.53622531890869,876014516ffffff,,1.0,2.0,False,,500.0,500.0,,6.0,,+918046801486,https://www.practo.com/bangalore/hospital/dr-bhaskar-s-clinic-uttarahalli?referrer=hospital_listing,,VN,practo,,1.0,canonical,844,Q1,,Economy,0.218071
hosp_83ba399aaa0dfd96,Poornayu Ayurveda Hospital,poornayu ayurveda hospital,Bangalore,Hospital,Rajajinagar,,12.99996,77.550696,8760145b3ffffff,,1.0,2.0,False,,0.0,0.0,,2.0,,+918071966527,https://www.practo.com/bangalore/hospital/poornayu-ayurveda-hospital-rajajinagar?referrer=hospital_listing,,VN,practo,,1.0,canonical,845,Q1,,Economy,0.217986
hosp_e097ec1ab8655f74,Indira IVF - Fertility and IVF Center,indira ivf fertility ivf center,Bangalore,Hospital,Indiranagar,,12.97791094804802,77.63878278811144,8761892ecffffff,,1.0,2.0,False,,0.0,0.0,,2.0,,+913340589370,https://www.practo.com/bangalore/hospital/indira-ivf-2-indiranagar?referrer=hospital_listing,https://images1-fabric.practo.com/practices/1322676/indira-ivf-bangalore-6039d92194598.jpeg,VN,practo,,1.0,canonical,846,Q1,,Economy,0.217986
hosp_9375234d63cb4dc2,Dr Praveen's Clinic,dr praveen s clinic,Bangalore,Hospital,Electronics City,,12.83544816827,77.679780638623,876189266ffffff,,1.0,2.0,False,,400.0,400.0,,,,+918071910148,https://www.practo.com/bangalore/hospital/praveen-clinic-electronics-city?referrer=hospital_listing,https://images1-fabric.practo.com/practices/2170937/dr-praveen-s-clinic-bangalore-699d3fb69cc44.png,VN,practo,,1.0,canonical,847,Q1,,Economy,0.217943
hosp_44ff30d49e0f662e,Sanjeevini Hospital,sanjeevini hospital,Bangalore,Hospital,Hebbal Kempapura,,13.052446581763,77.612091600895,8761892c8ffffff,,1.0,2.0,False,,0.0,0.0,,,,+918045686415,https://www.practo.com/bangalore/hospital/sanjeevini-hospital-hebbal-kempapura?referrer=hospital_listing,,VN,practo,,1.0,canonical,848,Q1,,Economy,0.217943
hosp_c0a0520620edde9f,Analyas Dialife and Clinic ,analyas dialife clinic,Bangalore,Hospital,Hebbal Kempapura,,13.0513989,77.6037145,8761892c8ffffff,,1.0,2.0,False,,300.0,300.0,,,,+918071966501,https://www.practo.com/bangalore/hospital/diacon-hospital-rajajinagar-1?referrer=hospital_listing,https://images1-fabric.practo.com/practices/1035723/analyas-dialife-and-clinic-bangalore-60f524e2220ad.jpg,VN,practo,,1.0,canonical,849,Q1,,Economy,0.217943
hosp_a8795b714ba2ae7c,Shree Sai Speciality Hospital,shree sai speciality hospital,Bangalore,Hospital,Domlur,,12.9554202,77.641866,876189253ffffff,,1.0,2.0,False,,600.0,600.0,,,,+918071965582,https://www.practo.com/bangalore/hospital/shree-sai-speciality-hospital-domlur-1?referrer=hospital_listing,,VN,practo,,1.0,canonical,850,Q1,,Economy,0.217943
hosp_1fe17cab7dfc463b,Gouri Sankara Ayurvedics,gouri sankara ayurvedics,Bangalore,Hospital,Hennur,,13.024722107155,77.651351409093,8761892c5ffffff,,1.0,2.0,False,3.0,300.0,300.0,,,,+918045685335,https://www.practo.com/bangalore/hospital/gouri-sankara-ayurvedics-hennur?referrer=hospital_listing,https://images1-fabric.practo.com/practices/1262193/gouri-sankara-ayurvedics-bangalore-5d3594bfc379d.png,VN,practo,,1.0,canonical,851,Q1,,Economy,0.217943
hosp_b5dc94db88bb05eb,"Bms Hospital, Bangalore",bms hospital bangalore,Bangalore,Hospital,NR Colony,,12.9411334,77.5674964,8760145a6ffffff,,1.0,2.0,False,,350.0,350.0,,,,+918068960983,https://www.practo.com/bangalore/hospital/bms-hospital-bangalore-nr-colony?referrer=hospital_listing,,VN,practo,,1.0,canonical,852,Q1,,Economy,0.217943
hosp_8ae714f5a9278463,"Cure N Care Hospital, Bangalore",cure n care hospital bangalore,Bangalore,Hospital,Horamavu,,13.0243646,77.6563888,8761892c5ffffff,,1.0,2.0,False,,0.0,0.0,,,,+913340589373,https://www.practo.com/bangalore/hospital/cure-n-care-hospital-bangalore-horamavu?referrer=hospital_listing,,VN,practo,,1.0,canonical,853,Q1,,Economy,0.217943
hosp_09c48536641e09b0,GARBHAGUDI IVF CENTRE,garbhagudi ivf centre,Bangalore,Hospital,Hosur Road,,12.852279,77.667724,876189262ffffff,,1.0,2.0,False,,0.0,0.0,,,,+918047111992,https://www.practo.com/bangalore/hospital/garbhagudi-ivf-centre-hosur-road?referrer=hospital_listing,,VN,practo,,1.0,canonical,854,Q1,,Economy,0.217943
hosp_be33242791663f5f,BLOSSOM MULTI SPECIALITY HOSPITAL,blossom multi speciality hospital,Bangalore,Hospital,Vinayaka Layout,,12.96102,77.5126,876014585ffffff,,1.0,2.0,False,,0.0,0.0,,,,+918045685991,https://www.practo.com/bangalore/hospital/blossom-multi-speciality-hospital-vinayaka-layout?referrer=hospital_listing,,VN,practo,,1.0,canonical,855,Q1,,Economy,0.217943
hosp_76ebf9b97cd16cc2,Sai Krupa Hospital,sai krupa hospital,Bangalore,Hospital,Mathikere - BEL,,13.029495,77.559464,876014594ffffff,,1.0,2.0,False,,0.0,0.0,,,,+918037298705,https://www.practo.com/bangalore/hospital/sai-krupa-hospital-1-mathikere-bel?referrer=hospital_listing,,VN,practo,,1.0,canonical,856,Q1,,Economy,0.217943
hosp_551577c4009727ec,"Marvel Multi Speciality Hospital, Bangalore",marvel multi speciality hospital bangalore,Bangalore,Hospital,Koramangala 1 Block,,12.9254181,77.6359317,876189251ffffff,,1.0,2.0,False,,0.0,0.0,,,,+918047193422,https://www.practo.com/bangalore/hospital/marvel-multi-speciality-hospital-bangalore-koramangala-1-block?referrer=hospital_listing,,VN,practo,,1.0,canonical,857,Q1,,Economy,0.217943
hosp_007f182b39382605,GarbhaGudi IVF Centre,garbhagudi ivf centre,Bangalore,Hospital,Banashankari,,12.9416493611,77.5564616614,8760145a6ffffff,,1.0,2.0,False,,0.0,0.0,,,,+918037298760,https://www.practo.com/bangalore/hospital/garbhagudi-ivf-centre-banashankari-1?referrer=hospital_listing,,VN,practo,,1.0,canonical,858,Q1,,Economy,0.217943
hosp_5cfcbe942e6b7694,GARBHAGUDI IVF CENTRE,garbhagudi ivf centre,Bangalore,Hospital,Rashtriya Vidyalaya Road,,12.93744,77.579689,876189259ffffff,,1.0,2.0,False,,0.0,0.0,,,,+918037298766,https://www.practo.com/bangalore/hospital/garbhagudi-ivf-centre-rashtriya-vidyalaya-road?referrer=hospital_listing,,VN,practo,,1.0,canonical,859,Q1,,Economy,0.217943
hosp_d59145e2d68a9232,GARBHAGUDI IVF CENTRE,garbhagudi ivf centre,Bangalore,Hospital,Ashwathnagar,,12.9599949,77.7015861,87618920bffffff,,1.0,2.0,False,,0.0,0.0,,,,+918071966818,https://www.practo.com/bangalore/hospital/garbhagudi-ivf-centre-ashwathnagar?referrer=hospital_listing,,VN,practo,,1.0,canonical,860,Q1,,Economy,0.217943
hosp_c33310f7e84cebe9,BMCRI Super Speciality Hospital/PMSSY Hospital,bmcri super speciality hospital pmssy hospital,Bangalore,Hospital,Kalisipalya,,12.9622702,77.5731023,8760145b5ffffff,,1.0,2.0,False,,0.0,0.0,,,,+918071172956,https://www.practo.com/bangalore/hospital/bmcri-super-speciality-hospital-pmssy-hospital-kalisipalya?referrer=hospital_listing,,VN,practo,,1.0,canonical,861,Q1,,Economy,0.217943
hosp_8d1f688f4f5064a3,GARBHAGUDI IVF CENTRE,garbhagudi ivf centre,Bangalore,Hospital,Nagarbhavi,,12.9609923,77.5110261,876014585ffffff,,1.0,2.0,False,,0.0,0.0,,,,+918071173062,https://www.practo.com/bangalore/hospital/garbhagudi-ivf-centre-nagarbhavi?referrer=hospital_listing,,active,practo,,1.0,canonical,862,Q1,,Economy,0.217943
hosp_fd846510d3fdd8a1,GARBHAGUDI IVF CENTRE ,garbhagudi ivf centre,Bangalore,Hospital,Mathikere,,13.02759,77.571783,876014594ffffff,,1.0,2.0,False,,0.0,0.0,,,,+918046808476,https://www.practo.com/bangalore/hospital/garbhagudi-ivf-centre-mathikere?referrer=hospital_listing,,active,practo,,1.0,canonical,863,Q1,,Economy,0.217943
hosp_cc14e2613d516f13,GarbhaGudi IVF Centre,garbhagudi ivf centre,Bangalore,Hospital,Prakash Nagar,,12.9898,77.5564,8760145b1ffffff,,1.0,2.0,False,,0.0,0.0,,,,+911141193943,https://www.practo.com/bangalore/hospital/garbhagudi-ivf-centre-prakash-nagar?referrer=hospital_listing,,active,practo,,1.0,canonical,864,Q1,,Economy,0.217943
hosp_43e7956e3cbd029d,Samruddhi Eye Hospital,samruddhi eye hospital,Bangalore,Hospital,Vidyaranyapura,,13.071588024456284,77.56769299507141,876016965ffffff,,2.0,1.0,False,,200.0,250.0,,4.0,,+918046801486,https://www.practo.com/bangalore/hospital/samruddhi-eye-hospital-vidyaranyapura?referrer=hospital_listing,,VN,practo,,1.0,canonical,865,Q1,,Economy,0.217332
hosp_c1c874f12e336fac,Pro Physio - Shishuka Children's Speciality Hospital,pro physio shishuka children s speciality hospital,Bangalore,Hospital,Kalyan Nagar,,13.0194,77.6536,8761892c5ffffff,,2.0,1.0,False,,350.0,350.0,,4.0,,+918071966501,https://www.practo.com/bangalore/hospital/pro-physio-shishuka-children-s-speciality-hospital-kalyan-nagar-1?referrer=hospital_listing,https://images1-fabric.practo.com/pro-physio-shishuka-children-s-speciality-hospital-bangalore-1486729726-589db1feac509.jpg,VN,practo,,1.0,canonical,866,Q1,,Economy,0.217332
hosp_2724ba5ef56849b6,Nethradhama Superspeciality Eye Hospital,nethradhama superspeciality eye hospital,Bangalore,Hospital,Rajajinagar,,12.9975792,77.5509304,8760145b1ffffff,,2.0,1.0,False,,0.0,400.0,,,,+918071966536,https://www.practo.com/bangalore/hospital/nethradhama-superspeciality-eye-hospital-rajajinagar-rajajinagar-1?referrer=hospital_listing,,VN,practo,,1.0,canonical,867,Q1,,Economy,0.217247
hosp_d742b288ffc857f5,Amar Ayurveda,amar ayurveda,Bangalore,Hospital,Jayanagar 5 Block,,12.920789,77.58415,87618924affffff,,2.0,1.0,False,,300.0,500.0,,,,+918046801971,https://www.practo.com/bangalore/hospital/amar-ayurveda-jayanagar-5-block?referrer=hospital_listing,https://images1-fabric.practo.com/practices/1170560/amar-ayurveda-bangalore-5a2fa56e7eb1b.jpeg,VN,practo,,1.0,canonical,868,Q1,,Economy,0.217247
hosp_33ac2d03c28a3028,Spandana hospital and Hcc,spandana hospital hcc,Bangalore,Hospital,Ramamurthy Nagar,,13.0112163,77.6744268,8761892e3ffffff,,2.0,1.0,False,,0.0,0.0,,,,+918071172857,https://www.practo.com/bangalore/hospital/spandana-hospital-and-hcc-ramamurthy-nagar?referrer=hospital_listing,,VN,practo,,1.0,canonical,869,Q1,,Economy,0.217247
hosp_472de458d6150f8f,"Dr Agarwals Eye Hospital, Coles Road, Bangalore",dr agarwals eye hospital coles road bangalore,Bangalore,Hospital,Pulikeshi Nagar,,12.9962226,77.6127119,8761892e9ffffff,,2.0,1.0,False,,0.0,0.0,,,,+918061933691,https://www.practo.com/bangalore/hospital/dr-agarwals-eye-hospital-coles-road-bangalore-pulikeshi-nagar?referrer=hospital_listing,,VN,practo,,1.0,canonical,870,Q1,,Economy,0.217247
hosp_4981492da6bb7db5,Center of Human Reproduction And Bio Sciences Pvt Ltd,center human reproduction bio sciences,Bangalore,Hospital,Koramangala 5 Block,,12.9352,77.624496,87618925cffffff,,2.0,1.0,False,,0.0,0.0,,,,+918037298733,https://www.practo.com/bangalore/hospital/center-of-human-reproduction-and-bio-sciences-pvt-ltd-koramangala-5-block?referrer=hospital_listing,,VN,practo,,1.0,canonical,871,Q1,,Economy,0.217247
hosp_22a346ac37e0cb1f,Dr Batra's Positive Health Clinic Pvt Ltd,dr batra s positive health clinic,Bangalore,Hospital,Yelahanka,,13.0917102,77.5387282,87601696cffffff,,2.0,1.0,False,11.0,499.0,499.0,,,,+918071965703,https://www.practo.com/bangalore/hospital/dr-batras-positive-health-clinic-yelahanka?referrer=hospital_listing,https://images1-fabric.practo.com/practices/634959/dr-batra-s-positive-health-clinic-pvt-ltd-bangalore-640f0a4215b46.png,VN,practo,,1.0,canonical,872,Q1,,Economy,0.217247
hosp_d55b3738f360d6e6,JAS Dental - Koramangala,jas dental koramangala,Bangalore,Hospital,Koramangala,,12.924933,77.638,876189251ffffff,,2.0,1.0,False,4.0,200.0,200.0,,,,+918046808392,https://www.practo.com/bangalore/hospital/basha-dental-clinin-koramangala?referrer=hospital_listing,,VN,practo,,1.0,canonical,873,Q1,,Economy,0.217247
hosp_615635126ab5056a,Dr. Agarwal's Eye Hospital,dr agarwal s eye hospital,Bangalore,Hospital,Indiranagar,,12.9701841,77.6452196,8761892ecffffff,,4.0,2.0,True,9.0,300.0,700.0,3.5,22.0,,+918045685211,https://www.practo.com/bangalore/hospital/dr-agarwal-s-eye-hospital-12-indiranagar?referrer=hospital_listing,https://images1-fabric.practo.com/practices/1369924/dr-agarwal-s-eye-hospital-bangalore-6204f7c64f494.jpg,VN,practo,,1.0,canonical,874,Q1,,Economy,0.216842
hosp_90d37aee1e8c2cfb,Vivekananda Hospital,vivekananda hospital,Bangalore,Hospital,Bannerghatta Road,,12.8999758,77.6013826,87618924effffff,,1.0,4.0,True,,100.0,200.0,3.0,12.0,,+918071966527,https://www.practo.com/bangalore/hospital/vivekananda-hospital-bannerghatta-road?referrer=hospital_listing,,VN,practo,,1.0,canonical,875,Q1,,Economy,0.216488
hosp_0e74e6c92515f343,Geeta Nursing Home,geeta nursing home,Bangalore,Hospital,RT Nagar,,13.0248416,77.594055,8761892cdffffff,,1.0,1.0,False,,500.0,500.0,4.0,36.0,1989.0,+918061933495,https://www.practo.com/bangalore/hospital/geeta-nursing-home-rt-nagar?referrer=hospital_listing,,VN,practo,,1.0,canonical,876,Q1,,Economy,0.216393
hosp_66b47807edbe54e1,P R Desai Hospital,p r desai hospital,Bangalore,Hospital,Malleswaram,,12.986597699659944,77.57944643497467,8760145b0ffffff,,1.0,1.0,False,,400.0,400.0,,9.0,,+918045686415,https://www.practo.com/bangalore/hospital/p-r-desai-hospital-malleswaram?referrer=hospital_listing,,VN,practo,,1.0,canonical,877,Q1,,Economy,0.216212
hosp_24901b481915f9e2,WIF Hospital,wif hospital,Bangalore,Hospital,BTM Layout 1st Stage,,12.917007979333,77.614256023263,87618925cffffff,,1.0,1.0,False,,500.0,500.0,,9.0,,+918071965582,https://www.practo.com/bangalore/hospital/wif-hospital-btm-layout-1st-stage?referrer=hospital_listing,https://images1-fabric.practo.com/practices/1208178/wif-hospital-bangalore-5b4c3eed75613.jpg,VN,practo,,1.0,canonical,878,Q1,,Economy,0.216212
hosp_a6474e1213f17622,Ramkrishna Nursing Home,ramkrishna nursing home,Bangalore,Hospital,Jayanagar,,12.937185,77.583261,876189259ffffff,,1.0,1.0,False,,500.0,500.0,,6.0,,+918046808735,https://www.practo.com/bangalore/hospital/ramkrishna-nursing-home-jayanagar-3-block?referrer=hospital_listing,,VN,practo,,1.0,canonical,879,Q1,,Economy,0.216148
hosp_836ebb92646440c3,Nova IVF Fertility,nova ivf fertility,Bangalore,Hospital,Kalyan Nagar,,13.023906,77.637152,8761892eaffffff,,1.0,1.0,False,3.0,500.0,500.0,,6.0,,+918046801991,https://www.practo.com/bangalore/hospital/nova-ivf-fertility-4-kalyan-nagar?referrer=hospital_listing,https://images1-fabric.practo.com/practices/1021808/nova-ivi-fertility-bangalore-58f7094c17e7c.png,active,practo,,1.0,canonical,880,Q1,,Economy,0.216148
hosp_f1cbc178a969803d,Urology Hospital Bangalore,urology hospital bangalore,Bangalore,Hospital,Jayanagar,,,,,,1.0,1.0,False,,500.0,500.0,,6.0,,+918046801970,https://www.practo.com/bangalore/hospital/urology-hospital-bangalore-jayanagar?referrer=hospital_listing,,VN,practo,,0.6,canonical,881,Q1,,Economy,0.216148
hosp_7c4cb29588bd1693,Pooja 3D Hospital & Diabetes Centre,pooja 3d hospital diabetes centre,Bangalore,Hospital,Banaswadi,,12.971599,77.594563,8760145b4ffffff,,1.0,1.0,False,,400.0,400.0,,5.0,,+918071966536,https://www.practo.com/bangalore/hospital/pooja-3d-hospital-diabetes-centre-banaswadi?referrer=hospital_listing,,VN,practo,,1.0,canonical,882,Q1,,Economy,0.216127
hosp_c6042cdfe406451a,Vagus Superspeciality Hospital,vagus superspeciality hospital,Bangalore,Hospital,Malleswaram,,13.008446478115,77.568330354989,8760145b3ffffff,,1.0,1.0,False,,1000.0,1000.0,,4.0,,+918071966525,https://www.practo.com/bangalore/hospital/vagus-superspeciality-hospital-malleswaram?referrer=hospital_listing,https://images1-fabric.practo.com/practices/1143545/vagus-superspeciality-hospital-bangalore-58ec7ceb53860.png,VN,practo,,1.0,canonical,883,Q1,,Economy,0.216105
hosp_d98c28fd3441c7d9,Vasan Eye Care Hospital,vasan eye care hospital,Bangalore,Hospital,JP Nagar,,12.9103483,77.5730072,87618924affffff,,1.0,1.0,False,,500.0,500.0,,3.0,,+918068452166,https://www.practo.com/bangalore/hospital/vasan-eye-care-hospital-2-jp-nagar?referrer=hospital_listing,https://images1-fabric.practo.com/practices/2082763/vasan-eye-care-bangalore-689ae271948b2.png,ABS,practo,,1.0,canonical,884,Q1,,Economy,0.216084
hosp_f13ac0cd8d106180,New Brahmi Shree Dhanvatari Ayurveda Hospital,new brahmi shree dhanvatari ayurveda hospital,Bangalore,Hospital,Nagarbhavi,,12.961654,77.522169,8760145a3ffffff,,1.0,1.0,False,,250.0,250.0,,3.0,,+918071966536,https://www.practo.com/bangalore/hospital/new-brahmi-shree-dhanvatari-ayurveda-hospital-nagarbhavi?referrer=hospital_listing,,VN,practo,,1.0,canonical,885,Q1,,Economy,0.216084
hosp_f98bec3e78030934,Positive Homeopathy,positive homeopathy,Bangalore,Hospital,Jayanagar 4 Block,,12.920997,77.586151,87618925dffffff,,1.0,1.0,False,3.0,300.0,300.0,,3.0,,+918045685211,https://www.practo.com/bangalore/hospital/positive-homeopathy-jayanagar-4-block?referrer=hospital_listing,https://images1-fabric.practo.com/practices/616080/positive-homeopathy-bangalore-5d98382c3a628.png,VN,practo,,1.0,canonical,886,Q1,,Economy,0.216084
hosp_8636fb3e321f4eb0,Dr. Tanveer's Immune Cure,dr tanveer s immune cure,Bangalore,Hospital,Rajajinagar,,13.006406,77.549486,8760145b3ffffff,,1.0,1.0,False,,200.0,200.0,,3.0,,+918071966536,https://www.practo.com/bangalore/hospital/immune-cure-rajajinagar?referrer=hospital_listing,,VN,practo,,1.0,canonical,887,Q1,,Economy,0.216084
hosp_1c173c2281b91e08,Lucid Diagnostics,lucid diagnostics,Bangalore,Hospital,Jayanagar 7 Block,,12.930597,77.579576,876189259ffffff,,1.0,1.0,False,2.0,500.0,500.0,,3.0,,+918071966535,https://www.practo.com/bangalore/hospital/lucid-diagnostics-jayanagar?referrer=hospital_listing,https://images1-fabric.practo.com/5380729b4e1f965db4d8d33dd2fea65ac70b5ef464cdb.jpg,VN,practo,,1.0,canonical,888,Q1,,Economy,0.216084
hosp_c406f195aabfb6c4,Richfeel Trichology Centre,richfeel trichology centre,Bangalore,Hospital,Banaswadi,,13.0129,77.647577,8761892eaffffff,,1.0,1.0,False,1.0,1167.0,1167.0,,3.0,,+918046801970,https://www.practo.com/bangalore/hospital/richfeel-trichology-centre-banaswadi-banaswadi?referrer=hospital_listing,,VN,practo,,1.0,canonical,889,Q1,,Economy,0.216084
hosp_ab8fc5b63ff33a28,Ambedkhar Medical College,ambedkhar medical college,Bangalore,Hospital,Shampura,,13.025641837982,77.601055279345,8761892cdffffff,,1.0,1.0,False,,200.0,200.0,,2.0,,+918071173062,https://www.practo.com/bangalore/hospital/ambedkhar-medical-college-shampura?referrer=hospital_listing,,VN,practo,,1.0,canonical,890,Q1,,Economy,0.216063
hosp_76394c2ed46cddad,"Cloudnine Hospital, Horamavu, Bangalore",cloudnine hospital horamavu bangalore,Bangalore,Hospital,Dodda Banaswadi,,13.020062,77.654056,8761892c5ffffff,,1.0,1.0,False,,0.0,0.0,,2.0,,+918047111989,https://www.practo.com/bangalore/hospital/cloudnine-hospital-horamavu-bangalore-dodda-banaswadi?referrer=hospital_listing,,VN,practo,,1.0,canonical,891,Q1,,Economy,0.216063
hosp_ae72739b6734fb10,Pro Physio NU Hospital West- Rajajinagar,pro physio nu hospital west rajajinagar,Bangalore,Hospital,Rajajinagar,,13.0119,77.5528,8760145b3ffffff,,1.0,1.0,False,7.0,700.0,700.0,,2.0,,+918071965703,https://www.practo.com/bangalore/hospital/pro-physio-nu-hospital-rajajinagar?referrer=hospital_listing,https://images1-fabric.practo.com/practices/1138735/pro-physio-nu-hospital-bangalore-5d711cba754d8.jpeg,VN,practo,,1.0,canonical,892,Q1,,Economy,0.216063
hosp_738206abd68f31b3,Padmavathi Hospital,padmavathi hospital,Bangalore,Hospital,Magadi Road,,12.989504,77.533897,876014584ffffff,,1.0,1.0,False,,0.0,200.0,,,,+918046801993,https://www.practo.com/bangalore/hospital/padmavathi-hospital-magadi-road?referrer=hospital_listing,,VN,practo,,1.0,canonical,893,Q1,,Economy,0.21602
hosp_5d53c9e724e19a10,Dr. Agarwals Eye Hospital - Basaveshwara Nagar,dr agarwals eye hospital basaveshwara nagar,Bangalore,Hospital,Basaveshwaranagar,,12.9573191,77.60510090000002,87618925affffff,,1.0,1.0,False,,150.0,150.0,,,,+918071966527,https://www.practo.com/bangalore/hospital/agarwal-eye-hospital-basaveshwaranagar?referrer=hospital_listing,,VN,practo,,1.0,canonical,894,Q1,,Economy,0.21602
hosp_e4981c89e94db1f2,Punarjyoti Eye Hospital,punarjyoti eye hospital,Bangalore,Hospital,Wilson Garden,,12.965764,77.590096,87618925bffffff,,1.0,1.0,False,,300.0,300.0,,,,+918046801971,https://www.practo.com/bangalore/hospital/punarjyoti-eye-hospital-mg-road?referrer=hospital_listing,,VN,practo,,1.0,canonical,895,Q1,,Economy,0.21602
hosp_6def86c86133e5ef,Abhay Hospital,abhay hospital,Bangalore,Hospital,Jnanabharathi,,12.951655,77.494039,8760145aeffffff,,1.0,1.0,False,,100.0,100.0,,,,+918046801984,https://www.practo.com/bangalore/hospital/abhay-hospital?referrer=hospital_listing,,VN,practo,,1.0,canonical,896,Q1,,Economy,0.21602
hosp_1abab346e85d5325,Nurture Hospital ,nurture hospital,Bangalore,Hospital,Rajajinagar,,12.996895090824,77.550714612007,8760145b1ffffff,,1.0,1.0,False,,600.0,600.0,,,,+911141193943,https://www.practo.com/bangalore/hospital/nurture-hospital-rajajinagar?referrer=hospital_listing,https://images1-fabric.practo.com/practices/1423221/nurture-hospital-bangalore-645c625dc6cfa.jpg,VN,practo,,1.0,canonical,897,Q1,,Economy,0.21602
hosp_e15b93c92bcacc84,Zilme Hospitals,zilme hospitals,Bangalore,Hospital,Horamavu,,13.027525473619184,77.66131925589434,8761892c5ffffff,,1.0,1.0,False,,300.0,300.0,,,,+918046801984,https://www.practo.com/bangalore/hospital/zilme-hospitals-horamavu-1-1?referrer=hospital_listing,https://images1-fabric.practo.com/zilme-hospitals-1440213898-55d7eb8ac6041.png,VN,practo,,1.0,canonical,898,Q1,,Economy,0.21602
hosp_2982b8d9db4e825d,Shraddha Eye Care Hospital,shraddha eye care hospital,Bangalore,Hospital,Padmanabhanagar,,,,,,1.0,1.0,False,,400.0,400.0,,,,+918071966536,https://www.practo.com/bangalore/hospital/shraddha-eye-care-hospital-padmanabhanagar?referrer=hospital_listing,,VN,practo,,0.6,canonical,899,Q1,,Economy,0.21602
hosp_a108b91725a988b5,Birla Ayurveda,birla ayurveda,Bangalore,Hospital,Indiranagar,,12.9788682,77.6367844,8761892edffffff,,1.0,1.0,False,,300.0,300.0,,,,+918046801982,https://www.practo.com/bangalore/hospital/birla-ayurveda-indiranagar-1?referrer=hospital_listing,https://images1-fabric.practo.com/practices/650070/birla-ayurveda-bangalore-5ae98b1d1e7b9.jpg,VN,practo,,1.0,canonical,900,Q1,,Economy,0.21602
hosp_65b3b7ef1e539501,Asha Kiran Hospital,asha kiran hospital,Bangalore,Hospital,RT Nagar,,13.026363,77.593233,8761892cdffffff,,1.0,1.0,False,,0.0,0.0,,,,+918046801993,https://www.practo.com/bangalore/hospital/asha-kiran-hospital-rt-nagar?referrer=hospital_listing,,VN,practo,,1.0,canonical,901,Q1,,Economy,0.21602
hosp_e16ed091f0494e20,H B S Hospital,h b s hospital,Bangalore,Hospital,Shivaji Nagar,,,,,,1.0,1.0,False,,400.0,400.0,,,,+918046801974,https://www.practo.com/bangalore/hospital/h-b-s-hospital-shivajinagar?referrer=hospital_listing,,VN,practo,,0.6,canonical,902,Q1,,Economy,0.21602
hosp_a9f3c2a6f309ad29,Devi Nursing Home,devi nursing home,Bangalore,Hospital,Koramangala 2 Block,,12.924149,77.620019,87618925cffffff,,1.0,1.0,False,,150.0,150.0,,,,+918046801973,https://www.practo.com/bangalore/hospital/devi-nursing-home-koramangala-2-block?referrer=hospital_listing,,VN,practo,,1.0,canonical,903,Q1,,Economy,0.21602
hosp_7b5e8d324954d161,Vijayshree Hospital,vijayshree hospital,Bangalore,Hospital,Bannerghatta Road,,12.8578081,77.5870756,87618926bffffff,,1.0,1.0,False,,0.0,0.0,,,,+918047106875,https://www.practo.com/bangalore/hospital/vijayshree-hospital-bannerghatta-road?referrer=hospital_listing,,VN,practo,,1.0,canonical,904,Q1,,Economy,0.21602
hosp_4781567983ce6dcf,Punar Jyoti Eye Hospital,punar jyoti eye hospital,Bangalore,Hospital,Sampangiramnagar,,12.968699,77.5843809999999,8760145b4ffffff,,1.0,1.0,False,,200.0,200.0,,,,+918046801984,https://www.practo.com/bangalore/hospital/punar-jyoti-eye-hospital-mg-road?referrer=hospital_listing,,VN,practo,,1.0,canonical,905,Q1,,Economy,0.21602
hosp_18f1e185d3523ce4,Eswar Hospital,eswar hospital,Bangalore,Hospital,Nandini Layout,,13.008623,77.540322,876014586ffffff,,1.0,1.0,False,,250.0,250.0,,,,+918046801972,https://www.practo.com/bangalore/hospital/eswar-hospital-nandini-layout?referrer=hospital_listing,,VN,practo,,1.0,canonical,906,Q1,,Economy,0.21602
hosp_79f9261ecba8904d,Srinivasa Hospital,srinivasa hospital,Bangalore,Hospital,Vijayanagar,,12.9745632,77.5390378,876014584ffffff,,1.0,1.0,False,,350.0,350.0,,,,+918071965436,https://www.practo.com/bangalore/hospital/srinivasa-hospital-1-vijayanagar?referrer=hospital_listing,,VN,practo,,1.0,canonical,907,Q1,,Economy,0.21602
hosp_bf78c80de3546f10,Ashraya Hospital,ashraya hospital,Bangalore,Hospital,Nagarbhavi,,12.960123,77.508933,876014585ffffff,,1.0,1.0,False,,500.0,500.0,,,,+918071966527,https://www.practo.com/bangalore/hospital/ashraya-hospital-nagarbhavi-1?referrer=hospital_listing,,VN,practo,,1.0,canonical,908,Q1,,Economy,0.21602
hosp_922f36bd755ff3d1,Jayadeva Hospital,jayadeva hospital,Bangalore,Hospital,Tilaknagar,,12.9178903,77.5992075,87618925dffffff,,1.0,1.0,False,,0.0,0.0,,,,+918068960986,https://www.practo.com/bangalore/hospital/jayadeva-hospital-tilaknagar?referrer=hospital_listing,,VN,practo,,1.0,canonical,909,Q1,,Economy,0.21602
hosp_6d14c47266ecca13,Paramshetty's KDC Hospital Pvt. Ltd.,paramshetty s kdc hospital,Bangalore,Hospital,Murugeshpalya,,12.954631252922,77.653139079921,876189253ffffff,,1.0,1.0,False,,100.0,100.0,,,,+918071966525,https://www.practo.com/bangalore/hospital/paramshetty-s-kdc-hospital-pvt-ltd-murgeshpalya-murugeshpalya?referrer=hospital_listing,,VN,practo,,1.0,canonical,910,Q1,,Economy,0.21602
hosp_479fc679b3d84599,Aster International Institute of Oncology,aster international institute oncology,Bangalore,Hospital,Hebbal,,13.054552010758,77.591893828697,8761892cbffffff,,1.0,1.0,False,,900.0,900.0,,,,+918061933691,https://www.practo.com/bangalore/hospital/aster-international-institute-of-oncology-complete-cancer-care-hebbal?referrer=hospital_listing,https://images1-fabric.practo.com/practices/1404364/aster-international-institute-of-oncology-complete-cancer-care-bangalore-6357b60042a7a.png,VN,practo,,1.0,canonical,911,Q1,,Economy,0.21602
hosp_c0e7a94c2034eaf0,"Dr. Bruce P. Clement, DDS",dr bruce p clement dds,Bangalore,Hospital,Lake City,,47.7194714,-122.2910944,8728d54e4ffffff,,1.0,1.0,False,,0.0,0.0,,,,+12063636696,https://www.practo.com/bangalore/hospital/dr-bruce-p-clement-dds-lake-city?referrer=hospital_listing,,VN,practo,,1.0,canonical,912,Q1,,Economy,0.21602
hosp_062acb5c4ef1bd09,ESIC Model Hospital Peenya,esic model hospital peenya,Bangalore,Hospital,Nandini Layout,,13.01599,77.53382,876014595ffffff,,1.0,1.0,False,,0.0,0.0,,,,+918047091250,https://www.practo.com/bangalore/hospital/esic-model-hospital-peenya-nandini-layout?referrer=hospital_listing,,VN,practo,,1.0,canonical,913,Q1,,Economy,0.21602
hosp_b27cbfb793b52095,"Aasra Hospital, Bengaluru, Bangalore",aasra hospital bengaluru bangalore,Bangalore,Hospital,Tilaknagar,,12.9231408,77.6000488,87618925dffffff,,1.0,1.0,False,,0.0,0.0,,,,+918071910737,https://www.practo.com/bangalore/hospital/aasra-hospital-bengaluru-bangalore-tilaknagar?referrer=hospital_listing,,VN,practo,,1.0,canonical,914,Q1,,Economy,0.21602
hosp_6ca7925e69a1ccf4,Kauvery Hospital Marathahalli Bengaluru,kauvery hospital marathahalli bengaluru,Bangalore,Hospital,Munnekollal,,12.9555332,77.7112917,87618920bffffff,,1.0,1.0,False,,0.0,0.0,,,,+918037298705,https://www.practo.com/bangalore/hospital/kauvery-hospital-marathahalli-bengaluru-munnekollal?referrer=hospital_listing,,VN,practo,,1.0,canonical,915,Q1,,Economy,0.21602
hosp_9c8a4c39647a3707,"Sai Ultrasound Scan Centre, Bangalore",sai ultrasound scan centre bangalore,Bangalore,Hospital,RBI East Layout,,12.8914391,77.5787654,876189248ffffff,,1.0,1.0,False,,0.0,0.0,,,,+918047111990,https://www.practo.com/bangalore/hospital/sai-ultrasound-scan-centre-bangalore-rbi-east-layout?referrer=hospital_listing,,VN,practo,,1.0,canonical,916,Q1,,Economy,0.21602
hosp_d7305620ac3e3ac4,"Lexinia Hospital And Laser Surgical Centre, Bangalore",lexinia hospital laser surgical centre bangalore,Bangalore,Hospital,HSR Layout,,12.9075545,77.6441779,876189242ffffff,,1.0,1.0,False,,0.0,0.0,,,,+918068960987,https://www.practo.com/bangalore/hospital/lexinia-hospital-and-laser-surgical-centre-bangalore-hsr-layout?referrer=hospital_listing,,VN,practo,,1.0,canonical,917,Q1,,Economy,0.21602
hosp_a5fe62a78a6539da,"Dhee Hospital, Bangalore",dhee hospital bangalore,Bangalore,Hospital,Kanakpura Road,,12.8833794,77.5502305,876189249ffffff,,1.0,1.0,False,,0.0,0.0,,,,+918047111760,https://www.practo.com/bangalore/hospital/dhee-hospital-bangalore-kanakpura-road?referrer=hospital_listing,,VN,practo,,1.0,canonical,918,Q1,,Economy,0.21602
hosp_6388e868f58d9759,"Mithra Multispeciality Hospital, Bangalore",mithra multispeciality hospital bangalore,Bangalore,Hospital,Vabasandra,,12.8041618,77.6528247,876189265ffffff,,1.0,1.0,False,,0.0,0.0,,,,+918046801985,https://www.practo.com/bangalore/hospital/mithra-multispeciality-hospital-bangalore-vabasandra?referrer=hospital_listing,,VN,practo,,1.0,canonical,919,Q1,,Economy,0.21602
hosp_5f074cd9cb529f6c,Sai Ultrasound Scan Centre,sai ultrasound scan centre,Bangalore,Hospital,MC Layout,,12.9754,77.541397,876014584ffffff,,1.0,1.0,False,,0.0,0.0,,,,+918068960983,https://www.practo.com/bangalore/hospital/sai-ultrasound-scan-centre-mc-layout?referrer=hospital_listing,,VN,practo,,1.0,canonical,920,Q1,,Economy,0.21602
hosp_905649f996d9699a,Saikrupa Hospital,saikrupa hospital,Bangalore,Hospital,Vijayanagar,,12.9691546,77.5351712,876014584ffffff,,1.0,1.0,False,,0.0,0.0,,,,+918068960983,https://www.practo.com/bangalore/hospital/saikrupa-hospital-5-vijayanagar?referrer=hospital_listing,,VN,practo,,1.0,canonical,921,Q1,,Economy,0.21602
hosp_dbd8f45f33aa5c03,Mathru Multispecialty Hospital,mathru multispecialty hospital,Bangalore,Hospital,Chandra Layout,,12.9587091,77.522058,8760145a3ffffff,,1.0,1.0,False,,0.0,0.0,,,,+918047111402,https://www.practo.com/bangalore/hospital/mathru-multispecialty-hospital-chandra-layout?referrer=hospital_listing,,VN,practo,,1.0,canonical,922,Q1,,Economy,0.21602
hosp_100e00c876005e5e,Paras Hospital,paras hospital,Bangalore,Hospital,Chandra Layout,,12.9659057,77.5234782,8760145a3ffffff,,1.0,1.0,False,,0.0,0.0,,,,+918071031227,https://www.practo.com/bangalore/hospital/paras-hospital-2-chandra-layout?referrer=hospital_listing,,VN,practo,,1.0,canonical,923,Q1,,Economy,0.21602
hosp_40c177886e699822,SAMPRATHI EYE HOSPITAL AND SQUINT CENTRE,samprathi eye hospital squint centre,Bangalore,Hospital,Bk Nagar,,13.0245,77.556,876014594ffffff,,1.0,1.0,False,,0.0,0.0,,,,+918071966822,https://www.practo.com/bangalore/hospital/samprathi-eye-hospital-and-squint-centre-bk-nagar?referrer=hospital_listing,,VN,practo,,1.0,canonical,924,Q1,,Economy,0.21602
hosp_b9eef342160719b2,Sri Sai Multi Speciality Dental Clinic & Implantology Center,sri sai multi speciality dental clinic implantology center,Bangalore,Hospital,Chandapura,,12.7963025,77.7067274,87618934effffff,,1.0,1.0,False,,0.0,0.0,,,,+918045685609,https://www.practo.com/bangalore/hospital/sri-sai-multi-speciality-dental-clinic-implantology-center-chandapura?referrer=hospital_listing,,VN,practo,,1.0,canonical,925,Q1,,Economy,0.21602
hosp_0e77d3fae9d7355c,OXOR MERIDIAN HOSPITAL,oxor meridian hospital,Bangalore,Hospital,Annaiah Reddy Layout,,12.9063,77.5857,87618924affffff,,1.0,1.0,False,,0.0,0.0,,,,+918071966828,https://www.practo.com/bangalore/hospital/oxor-meridian-hospital-annaiah-reddy-layout?referrer=hospital_listing,,VN,practo,,1.0,canonical,926,Q1,,Economy,0.21602
hosp_ec6a15051f17bba4,Yashumathi Hospital,yashumathi hospital,Bangalore,Hospital,Kadugodi,,12.9959686,77.7571431,876189218ffffff,,1.0,1.0,False,,0.0,0.0,,,,+918045685830,https://www.practo.com/bangalore/hospital/yashumathi-hospital-kadugodi?referrer=hospital_listing,,VN,practo,,1.0,canonical,927,Q1,,Economy,0.21602
hosp_a076f352b66e4cb2,Apple Hospital,apple hospital,Bangalore,Hospital,Agara,,12.92005,77.64868,876189255ffffff,,1.0,1.0,False,,0.0,0.0,,,,+918047111990,https://www.practo.com/bangalore/hospital/apple-hospital-2-agara?referrer=hospital_listing,,VN,practo,,1.0,canonical,928,Q1,,Economy,0.21602
hosp_e50860db6bbb31be,SRI SAI EYE HOSPITAL,sri sai eye hospital,Bangalore,Hospital,Vijinapura,,13.0025,77.674698,8761892e3ffffff,,1.0,1.0,False,,0.0,0.0,,,,+918046801977,https://www.practo.com/bangalore/hospital/sri-sai-eye-hospital-vijinapura?referrer=hospital_listing,,VN,practo,,1.0,canonical,929,Q1,,Economy,0.21602
hosp_f7e2fad49d22e007,"Eshwar Ortho Clinic And Physiotherapy Center, Bangalore",eshwar ortho clinic physiotherapy center bangalore,Bangalore,Hospital,Binnamangala,,12.979829,77.6385345,8761892ecffffff,,1.0,1.0,False,,0.0,0.0,,,,+918068960988,https://www.practo.com/bangalore/hospital/eshwar-ortho-clinic-and-physiotherapy-center-bangalore-binnamangala?referrer=hospital_listing,,active,practo,,1.0,canonical,930,Q1,,Economy,0.21602
hosp_f4bf06c3cb595bcf,MANIPAL HOSPITALS MHB,manipal hospitals mhb,Bangalore,Hospital,Kengeri,,12.9231,77.4847,8760145adffffff,,1.0,1.0,False,,0.0,0.0,,,,+918068960989,https://www.practo.com/bangalore/hospital/manipal-hospitals-mhb-kengeri?referrer=hospital_listing,,VN,practo,,1.0,canonical,931,Q1,,Economy,0.21602
hosp_61374b5ddd5107e3,Acura Diagnostic Centre And Health Care,acura diagnostic centre health care,Bangalore,Hospital,Chudenapura,,12.8996,77.482597,87601451effffff,,1.0,1.0,False,,0.0,0.0,,,,+918047111402,https://www.practo.com/bangalore/hospital/acura-diagnostic-centre-and-health-care-chudenapura?referrer=hospital_listing,,VN,practo,,1.0,canonical,932,Q1,,Economy,0.21602
hosp_6eada1e43f87d9b6,"Brains Super Speciality Hospital, Bangalore",brains super speciality hospital bangalore,Bangalore,Hospital,Mavalli,,12.9478826,77.592146,87618925bffffff,,1.0,1.0,False,,0.0,0.0,,,,+918047111991,https://www.practo.com/bangalore/hospital/brains-super-speciality-hospital-bangalore-mavalli?referrer=hospital_listing,,VN,practo,,1.0,canonical,933,Q1,,Economy,0.21602
hosp_6db0a956ea69dcfc,"Mallya Hospital, Bangalore",mallya hospital bangalore,Bangalore,Hospital,Sri Jayachamarajendra Road,,12.9683824,77.5950065,8760145b4ffffff,,1.0,1.0,False,,0.0,0.0,,,,+918047091252,https://www.practo.com/bangalore/hospital/mallya-hospital-bangalore-sri-jayachamarajendra-road?referrer=hospital_listing,,VN,practo,,1.0,canonical,934,Q1,,Economy,0.21602
hosp_e911ca67e24c3e8d,Sri Shiva Sai Hospital,sri shiva sai hospital,Bangalore,Hospital,Kasavanahalli,,12.9153564,77.6670148,876189255ffffff,,1.0,1.0,False,,0.0,0.0,,,,+918046808862,https://www.practo.com/bangalore/hospital/sri-shiva-sai-hospital-kasavanahalli?referrer=hospital_listing,,VN,practo,,1.0,canonical,935,Q1,,Economy,0.21602
hosp_4d052bc9d2e58391,SHRI SAI HOSPITAL,shri sai hospital,Bangalore,Hospital,Hennur,,13.0359,77.6431,8761892c1ffffff,,1.0,1.0,False,,0.0,0.0,,,,+918047186783,https://www.practo.com/bangalore/hospital/shri-sai-hospital-6-hennur?referrer=hospital_listing,,VN,practo,,1.0,canonical,936,Q1,,Economy,0.21602
hosp_44a20c9934bc50ab,Boss Multispeciality Hospital,boss multispeciality hospital,Bangalore,Hospital,Kamakshipalya,,12.9819408,77.5310392,876014584ffffff,,1.0,1.0,False,,0.0,0.0,,,,+918045699014,https://www.practo.com/bangalore/hospital/boss-multispeciality-hospital-kamakshipalya?referrer=hospital_listing,,VN,practo,,1.0,canonical,937,Q1,,Economy,0.21602
hosp_0202f7e2d2824c4d,Ms Siddhi Vinayaka Cardiac Center And Polyclinic,ms siddhi vinayaka cardiac center polyclinic,Bangalore,Hospital,Yeswanthpur,,13.025,77.533997,876014595ffffff,,1.0,1.0,False,,0.0,0.0,,,,+918071910149,https://www.practo.com/bangalore/hospital/ms-siddhi-vinayaka-cardiac-center-and-polyclinic-yeswanthpur?referrer=hospital_listing,,VN,practo,,1.0,canonical,938,Q1,,Economy,0.21602
hosp_116e234e53c56e4d,MATHRU HOSPITAL,mathru hospital,Bangalore,Hospital,Chudenapura,,12.8997,77.4827,87601451effffff,,1.0,1.0,False,,0.0,0.0,,,,+918071172857,https://www.practo.com/bangalore/hospital/mathru-hospital-2-chudenapura?referrer=hospital_listing,,VN,practo,,1.0,canonical,939,Q1,,Economy,0.21602
hosp_8665d19d88384af0,Unity Lifeline Hospital India Private Limited,unity lifeline hospital,Bangalore,Hospital,Nagarbhavi 2nd Stage,,12.9819005,77.5108967,876014585ffffff,,1.0,1.0,False,,0.0,0.0,,,,+918047110615,https://www.practo.com/bangalore/hospital/unity-lifeline-hospital-india-private-limited-nagarbhavi-2nd-stage?referrer=hospital_listing,,VN,practo,,1.0,canonical,940,Q1,,Economy,0.21602
hosp_d60fd890dd14b137,Elite Hospital,elite hospital,Bangalore,Hospital,Indiranagar,,12.9711,77.6411,8761892ecffffff,,1.0,1.0,False,,0.0,0.0,,,,+918071966818,https://www.practo.com/bangalore/hospital/elite-hospital-indiranagar?referrer=hospital_listing,,VN,practo,,1.0,canonical,941,Q1,,Economy,0.21602
hosp_c32e0cadc4f6a021,Manav Charitable Hospital,manav charitable hospital,Bangalore,Hospital,Bagalakunte,,13.0532288,77.4833047,876014598ffffff,,1.0,1.0,False,,0.0,0.0,,,,+918045685830,https://www.practo.com/bangalore/hospital/manav-charitable-hospital-bagalakunte?referrer=hospital_listing,,VN,practo,,1.0,canonical,942,Q1,,Economy,0.21602
hosp_3348b922a2960759,SRI SATHYA SAI SARALA MEMORIAL HOSPITAL,sri sathya sai sarala memorial hospital,Bangalore,Hospital,Muddenahalli,,13.3918179,77.7108574,87601699cffffff,,1.0,1.0,False,,0.0,0.0,,,,+918047111760,https://www.practo.com/bangalore/hospital/sri-sathya-sai-sarala-memorial-hospital-muddenahalli-1?referrer=hospital_listing,,VN,practo,,1.0,canonical,943,Q1,,Economy,0.21602
hosp_ac2a99cf9f72eeed,Vinayaka Hospital,vinayaka hospital,Bangalore,Hospital,Gottigerre,,12.8445705,77.584371,87618926bffffff,,1.0,1.0,False,,0.0,0.0,,,,+918071910737,https://www.practo.com/bangalore/hospital/vinayaka-hospital-3-gottigerre?referrer=hospital_listing,,VN,practo,,1.0,canonical,944,Q1,,Economy,0.21602
hosp_b5fada68d8e8d642,KANAKA DENTAL CARE CENTRE,kanaka dental care centre,Bangalore,Hospital,Jayanagar 3 Block,,12.9308,77.583801,876189259ffffff,,1.0,1.0,False,,0.0,0.0,,,,+918047106898,https://www.practo.com/bangalore/hospital/kanaka-dental-care-centre-2-jayanagar-3-block?referrer=hospital_listing,,VN,practo,,1.0,canonical,945,Q1,,Economy,0.21602
hosp_791ebafa01fff7cb,Dr Akshays Maxillofacial and Implant Centre,dr akshays maxillofacial implant centre,Bangalore,Hospital,NS Palya,,12.9083,77.6051,876189243ffffff,,1.0,1.0,False,,0.0,0.0,,,,+918071965703,https://www.practo.com/bangalore/hospital/dr-akshays-maxillofacial-and-implant-centre-ns-palya?referrer=hospital_listing,,VN,practo,,1.0,canonical,946,Q1,,Economy,0.21602
hosp_c4463075e8a8689b,DR PRABHU ORTHOPAEDIC & ENT CENTRE,dr prabhu orthopaedic ent centre,Bangalore,Hospital,JP Nagar 8 Phase,,12.8732674,77.5832743,87618924cffffff,,1.0,1.0,False,,0.0,0.0,,,,+918047091259,https://www.practo.com/bangalore/hospital/dr-prabhu-orthopaedic-ent-centre-jp-nagar-8-phase?referrer=hospital_listing,,VN,practo,,1.0,canonical,947,Q1,,Economy,0.21602
hosp_b087caa4b735a865,"Polly Ma, DDS, MSD, Lake City Prosthodontics",polly ma dds msd lake city prosthodontics,Bangalore,Hospital,Lake City,,47.719454,-122.2910592,8728d54e4ffffff,,1.0,1.0,False,,0.0,0.0,,,,+12063628314,https://www.practo.com/bangalore/hospital/polly-ma-dds-msd-lake-city-prosthodontics-lake-city?referrer=hospital_listing,,VN,practo,,1.0,canonical,948,Q1,,Economy,0.21602
hosp_7b7a6e3a974cc6f3,Seattle Oral Care,seattle oral care,Bangalore,Hospital,Lake City,,47.7183075,-122.2916873,8728d54e4ffffff,,1.0,1.0,False,,0.0,0.0,,,,+12063638800,https://www.practo.com/bangalore/hospital/seattle-oral-care-lake-city?referrer=hospital_listing,,VN,practo,,1.0,canonical,949,Q1,,Economy,0.21602
hosp_9bffb805e73607ad,Radha Krishna Hospital,radha krishna hospital,Bangalore,Hospital,Hosakerehalli,,12.940875,77.545669,8760145a0ffffff,,1.0,1.0,False,,500.0,500.0,,,,+918071966527,https://www.practo.com/bangalore/hospital/radha-krishna-hospital-hosakerehalli?referrer=hospital_listing,,VN,practo,,1.0,canonical,950,Q1,,Economy,0.21602
hosp_30bf917745ed2231,32 Dental Reasons ( Dr Levine Memorial Hospital ),32 dental reasons dr levine memorial hospital,Bangalore,Hospital,Sarjapur Road,,12.948138342786,77.692359922221,876189256ffffff,,1.0,1.0,False,,400.0,400.0,,,,+918046801982,https://www.practo.com/bangalore/hospital/32-dental-reasons-sarjapur-road?referrer=hospital_listing,https://images1-fabric.practo.com/32-dental-reasons-dr-levine-memorial-hospital-bangalore-1484821263-5880930f41154.jpg,VN,practo,,1.0,canonical,951,Q1,,Economy,0.21602
hosp_9ed694b6d860363b,Raksha Hospital,raksha hospital,Bangalore,Hospital,Nandini Layout,,,,,,1.0,1.0,False,,250.0,250.0,,,,+918046808740,https://www.practo.com/bangalore/hospital/raksha-hospital-nandini-layout?referrer=hospital_listing,,VN,practo,,0.6,canonical,952,Q1,,Economy,0.21602
hosp_6c9db4e3e48f699c,Bhagavan Buddha Homoeo Medical College Hospital,bhagavan buddha homoeo medical college hospital,Bangalore,Hospital,Mallathahalli,,12.952132,77.497855,8760145aeffffff,,1.0,1.0,False,,100.0,100.0,,,,+918046801976,https://www.practo.com/bangalore/hospital/bhagavan-buddha-homoeo-medical-college-hospital-mallathahalli?referrer=hospital_listing,,VN,practo,,1.0,canonical,953,Q1,,Economy,0.21602
hosp_c82b903386078848,sri sairam hospital,sri sairam hospital,Bangalore,Hospital,Hulimavu,,12.879102,77.609059,876189241ffffff,,1.0,1.0,False,,0.0,0.0,,,,+918047111988,https://www.practo.com/bangalore/hospital/sri-sairam-hospital-2-hulimavu?referrer=hospital_listing,,active,practo,,1.0,canonical,954,Q1,,Economy,0.21602
hosp_f6247d91d5c76fbf,Divyadrishti Eye Hospital,divyadrishti eye hospital,Bangalore,Hospital,Bapujinagar,,12.96,77.54,8760145a2ffffff,,1.0,1.0,False,,0.0,0.0,,,,+918047111993,https://www.practo.com/bangalore/hospital/divyadrishti-eye-hospital-bapujinagar?referrer=hospital_listing,,active,practo,,1.0,canonical,955,Q1,,Economy,0.21602
hosp_d851b2ffd261e12c,Kareem ENT And Multispeciality Centre,kareem ent multispeciality centre,Bangalore,Hospital,MC Layout,,12.9754,77.541397,876014584ffffff,,1.0,1.0,False,,0.0,0.0,,,,+918071966850,https://www.practo.com/bangalore/hospital/kareem-ent-and-multispeciality-centre-mc-layout?referrer=hospital_listing,,active,practo,,1.0,canonical,956,Q1,,Economy,0.21602
hosp_ac4f50294f84bb68,OPTIMA SUPER SPECIALITY HOSPITAL,optima super speciality hospital,Bangalore,Hospital,Binnipete,,12.9724,77.5606,8760145b5ffffff,,1.0,1.0,False,,0.0,0.0,,,,+918037298733,https://www.practo.com/bangalore/hospital/optima-super-speciality-hospital-binnipete?referrer=hospital_listing,,active,practo,,1.0,canonical,957,Q1,,Economy,0.21602
hosp_1a3a29f2a9061ec1,SWASTI HOSPITAL,swasti hospital,Bangalore,Hospital,Varthur,,12.9389,77.7412,87618920effffff,,1.0,1.0,False,,0.0,0.0,,,,+918047186181,https://www.practo.com/bangalore/hospital/swasti-hospital-varthur?referrer=hospital_listing,,active,practo,,1.0,canonical,958,Q1,,Economy,0.21602
hosp_f2e1987e2924371e,MEDIVISION HOSPITALS,medivision hospitals,Bangalore,Hospital,Malleswaram,,13.005,77.5692,8760145b0ffffff,,1.0,1.0,False,,0.0,0.0,,,,+918071966827,https://www.practo.com/bangalore/hospital/medivision-hospitals-malleswaram?referrer=hospital_listing,,active,practo,,1.0,canonical,959,Q1,,Economy,0.21602
hosp_3b9dd5d27ee8bf8f,Laxmi MultiSpeciality Hospital,laxmi multispeciality hospital,Bangalore,Hospital,Seshadripuram,,18.411561,83.76506,873c91618ffffff,,1.0,1.0,False,,0.0,0.0,,,,+918071966525,https://www.practo.com/bangalore/hospital/laxmi-multispeciality-hospital-seshadripuram?referrer=hospital_listing,,VN,practo,,1.0,canonical,960,Q1,,Economy,0.21602
hosp_52db2fd8b0937e6c,Sapna Clinic Laboratory And Diabetes Centre,sapna clinic laboratory diabetes centre,Bangalore,Hospital,KG Road,,12.9724,77.580597,8760145b4ffffff,,1.0,1.0,False,,0.0,0.0,,,,+918046808862,https://www.practo.com/bangalore/hospital/sapna-clinic-laboratory-and-diabetes-centre-kg-road?referrer=hospital_listing,,active,practo,,1.0,canonical,961,Q1,,Economy,0.21602
hosp_01f05e529b707596,"Patanjali Arogya Kendra, Attibele",patanjali arogya kendra attibele,Bangalore,Hospital,Attibele,,12.77977070286896,77.76970088481903,876189346ffffff,,1.0,1.0,False,,300.0,300.0,,,,+918046801993,https://www.practo.com/bangalore/hospital/patanjali-arogya-kendra-attibele?referrer=hospital_listing,,VN,practo,,1.0,canonical,962,Q1,,Economy,0.21602
hosp_ede310d0be84fe68,Bangalore Baptist Hospital,bangalore baptist hospital,Bangalore,Hospital,Hebbal,,13.03568,77.58957,8761892c9ffffff,,22.0,23.0,True,,0.0,750.0,3.5,101.0,,+918046808354,https://www.practo.com/bangalore/hospital/bangalore-baptist-hospital-hebbal-kempapura?referrer=hospital_listing,https://images1-fabric.practo.com/practices/738998/bangalore-baptist-hospital-bangalore-67a45101bff66.png,VN,practo,,1.0,canonical,963,Q1,,Economy,0.215301
hosp_6deadbb88f7ee75e,Supra South City Hospital,supra south city hospital,Bangalore,Hospital,JP Nagar 7 Phase,,12.8919724,77.5790727,876189248ffffff,,1.0,4.0,True,,250.0,250.0,2.5,12.0,2003.0,+918071966535,https://www.practo.com/bangalore/hospital/supra-south-city-hospital-jp-nagar-7-phase?referrer=hospital_listing,,VN,practo,,1.0,canonical,964,Q1,,Economy,0.215095
hosp_52c420747c8611de,Parency IVF Hospital,parency ivf hospital,Bangalore,Hospital,Jayanagar,,12.91724,77.584921,87618924affffff,,3.0,2.0,True,,700.0,1000.0,3.5,26.0,2019.0,+918046808974,https://www.practo.com/bangalore/hospital/parency-ivf-hospital-jayanagar?referrer=hospital_listing,https://images1-fabric.practo.com/practices/1290696/parency-ivf-hospital-bangalore-5ec2a5a728f40.png,ABS,practo,,1.0,canonical,965,Q1,,Economy,0.214924
hosp_711571961a32c9f2,AASHRITHA HEALTH CARE,aashritha health care,Bangalore,Hospital,Banashankari,,12.929961,77.571162,876189259ffffff,,,1.0,False,,300.0,300.0,,4.0,,+918071966535,https://www.practo.com/bangalore/hospital/aashritha-health-care-banashankari?referrer=hospital_listing,,active,practo,,1.0,canonical,966,Q1,,Economy,0.214878
hosp_87728316f19e0220,BSA Nursing Home,bsa nursing home,Bangalore,Hospital,Bannerghatta Road,,12.92635,77.603311,87618925dffffff,,1.0,,False,,70.0,70.0,,,,+918046801993,https://www.practo.com/bangalore/hospital/bsa-nursing-home-btm-layout?referrer=hospital_listing,,VN,practo,,1.0,canonical,967,Q1,,Economy,0.214097
hosp_1cfcaabc455c9176,DR RAO MEDICAL CENTER,dr rao medical center,Bangalore,Hospital,Jeevan Bima Nagar,,12.9642,77.6581,876189252ffffff,,1.0,,False,,0.0,0.0,,,,+918071910148,https://www.practo.com/bangalore/hospital/dr-rao-medical-center-jeevan-bima-nagar?referrer=hospital_listing,,VN,practo,,1.0,canonical,968,Q1,,Economy,0.214097
hosp_e0dddc3547d1db4b,"Nova Hospitals, BTM 6th Stage, Bangalore",nova hospitals btm 6th stage bangalore,Bangalore,Hospital,BTM Layout,,12.882282560135211,77.61030793190002,876189241ffffff,,1.0,,False,,150.0,150.0,,,,+918046801974,https://www.practo.com/bangalore/hospital/shobha-multispeciality-clinic-diagnostic-jp-nagar?referrer=hospital_listing,,VN,practo,,1.0,canonical,969,Q1,,Economy,0.214097
hosp_2bc2e64b76155ed2,Satya Hospital,satya hospital,Bangalore,Hospital,Kammana Halli,,,,,,1.0,,False,,800.0,800.0,,,,+918046801977,https://www.practo.com/bangalore/hospital/satya-hospital-4-kammana-halli?referrer=hospital_listing,,VN,practo,,0.6,canonical,970,Q1,,Economy,0.214097
hosp_514f08842c2baffe,Aveksha Hospital,aveksha hospital,Bangalore,Hospital,Vidyaranyapura,,13.0818183,77.5409144,87601696cffffff,,33.0,21.0,True,,0.0,1500.0,3.5,211.0,2012.0,+918047091251,https://www.practo.com/bangalore/hospital/aveksha-hospital-vidyaranyapura-2?referrer=hospital_listing,https://images1-fabric.practo.com/practices/1136698/aveksha-hospital-bangalore-5e857d0302de0.png,VN,practo,,1.0,canonical,971,Q1,,Economy,0.21373
hosp_60b359e25100d9cb,Dr. Agarwal's Eye Hospital,dr agarwal s eye hospital,Bangalore,Hospital,JP Nagar 3 Phase,,12.908173,77.600408,87618925dffffff,,9.0,3.0,False,,0.0,400.0,4.0,14.0,,+918046801969,https://www.practo.com/bangalore/hospital/dr-agarwal-eye-hospital-jp-nagar-3-phase?referrer=hospital_listing,https://images1-fabric.practo.com/practices/617280/dr-agarwal-s-eye-hospital-bangalore-5aa7bec511f15.jpg,VN,practo,,1.0,canonical,972,Q1,,Economy,0.213662
hosp_2350db513789b08c,Sakra IKOC Multispeciality Hospital,sakra ikoc multispeciality hospital,Bangalore,Hospital,HSR Layout,,12.916126234147,77.630543595879,876189242ffffff,,2.0,2.0,True,,800.0,800.0,4.0,276.0,,+918071966525,https://www.practo.com/bangalore/hospital/sakra-world-hospital-2-hsr-layout?referrer=hospital_listing,https://images1-fabric.practo.com/practices/2089448/sakra-world-hospital-bangalore-68cd464e677b7.png,active,practo,,1.0,canonical,973,Q1,,Economy,0.211898
hosp_aa30c6aba4d8266a,RxDx Healthcare,rxdx healthcare,Bangalore,Hospital,Bellandur,,12.920388,77.684506,876189254ffffff,,15.0,18.0,True,4.0,300.0,600.0,3.5,73.0,,+918046801973,https://www.practo.com/bangalore/hospital/telerad-rxdx-bellandur-bellandur?referrer=hospital_listing,https://images1-fabric.practo.com/practices/1145480/telerad-rxdx-bangalore-5b1b7f68a5a87.png,VN,practo,,1.0,canonical,974,Q1,,Economy,0.210129
hosp_8d6bc26745a1031b,Abhaya Hospital,abhaya hospital,Bangalore,Hospital,Wilson Garden,,12.94639,77.5948,876189258ffffff,,8.0,6.0,True,,0.0,1000.0,3.5,58.0,2001.0,+918046808354,https://www.practo.com/bangalore/hospital/abhaya-hospital-wilson-garden?referrer=hospital_listing,https://images1-fabric.practo.com/practices/662175/abhaya-hospital-bangalore-6658357ce1f4e.png,VN,practo,,1.0,canonical,975,Q1,,Economy,0.209186
hosp_86d1fa4305153d17,Shobha Hospital,shobha hospital,Bangalore,Hospital,BTM Layout,,12.9218267,77.6109801,87618925cffffff,,1.0,3.0,True,,200.0,200.0,3.5,26.0,,+918071966535,https://www.practo.com/bangalore/hospital/shobha-hospital-btm-layout?referrer=hospital_listing,https://images1-fabric.practo.com/practices/686871/shobha-hospital-bangalore-665868477be88.png,VN,practo,,1.0,canonical,976,Q1,,Economy,0.20856
hosp_0ae4dbe328111f4b,Spurthy Hospital,spurthy hospital,Bangalore,Hospital,BTM Layout,,12.923755559514,77.611348628998,87618925cffffff,,5.0,5.0,True,,0.0,300.0,3.5,33.0,,+918046801969,https://www.practo.com/bangalore/hospital/spurthy-hospital-btm-layout-1?referrer=hospital_listing,https://images1-fabric.practo.com/spurthy-hospital-bangalore-1484557773-587c8dcd0423d.jpg,VN,practo,,1.0,canonical,977,Q1,,Economy,0.20743
hosp_baebf023c9b83071,Navachethana Hospital,navachethana hospital,Bangalore,Hospital,Yelahanka,,13.102823585804375,77.58451581001282,876016960ffffff,,30.0,20.0,True,,0.0,1000.0,3.5,145.0,,+918046801984,https://www.practo.com/bangalore/hospital/navachetana-hospital-yelahanka-1?referrer=hospital_listing,https://images1-fabric.practo.com/practices/1164091/navachethana-hospital-bangalore-5a7421d74c3fe.jpg,VN,practo,,1.0,canonical,978,Q1,,Economy,0.206776
hosp_ec02edfa5c28322c,Sai Thunga Hospitals,sai thunga hospitals,Bangalore,Hospital,HSR Layout,,12.923978621392793,77.64819118833974,876189255ffffff,,37.0,24.0,True,,0.0,1500.0,3.5,518.0,2020.0,+918047093688,https://www.practo.com/bangalore/hospital/sai-thunga-multispeciality-hospital-hsr-layout?referrer=hospital_listing,https://images1-fabric.practo.com/practices/1322328/sai-thunga-multispeciality-hospital-bangalore-602ea6c27249f.png,ABS,practo,,1.0,canonical,979,Q1,,Economy,0.205567
hosp_7663030004a95224,Dr. Agarwal's Eye Hospital,dr agarwal s eye hospital,Bangalore,Hospital,Pulikeshi Nagar,,12.9948,77.6152,8761892e9ffffff,,4.0,1.0,True,9.0,500.0,500.0,2.5,12.0,2012.0,+918047106898,https://www.practo.com/bangalore/hospital/dr-agarwals-eye-hospital-frazer-town?referrer=hospital_listing,https://images1-fabric.practo.com/practices/1053239/dr-agarwal-s-eye-hospital-bangalore-62878f3501166.png,VN,practo,,1.0,canonical,980,Q1,,Economy,0.205507
hosp_323382fc20737d9e,Medstar Speciality Hospital,medstar speciality hospital,Bangalore,Hospital,Sahakaranagar,,13.058595664151527,77.58485242724419,8761892cbffffff,,25.0,19.0,True,,0.0,1500.0,3.5,123.0,,+918047488376,https://www.practo.com/bangalore/hospital/medstar-speciality-hospital-sahakaranagar-1?referrer=hospital_listing,https://images1-fabric.practo.com/552179f4797bb96d6f2e7e1f705ab5e59c84a6dc009b2.png,ABS,practo,,1.0,canonical,981,Q1,,Economy,0.204145
hosp_74df506a9869dcc8,MediHope Super Speciality Hospital,medihope super speciality hospital,Bangalore,Hospital,New Thippasandra,,12.9733243,77.6752273,8761892e5ffffff,,9.0,10.0,True,,0.0,600.0,3.5,66.0,2013.0,+918061933495,https://www.practo.com/bangalore/hospital/medihope-super-speciality-hospital-new-thippasandra?referrer=hospital_listing,https://images1-fabric.practo.com/medihope-hospital-malleshpalaya-bangalore-1465275768-57565578a429b.png,VN,practo,,1.0,canonical,982,Q1,,Economy,0.202502
hosp_9c9010a566ae2854,Vasan Eye Care Hospital,vasan eye care hospital,Bangalore,Hospital,Banaswadi,,13.024244,77.633179,8761892eaffffff,,3.0,1.0,True,7.0,500.0,500.0,3.5,42.0,2008.0,+918037322221,https://www.practo.com/bangalore/hospital/vasan-eye-care-hospital-banaswadi?referrer=hospital_listing,https://images1-fabric.practo.com/practices/686923/vasan-eye-care-hospital-bangalore-666841101ea58.png,ABS,practo,,1.0,canonical,983,Q1,,Economy,0.20182
hosp_931eda6b3c107db8,Chaya Super Specialty Hospital,chaya super specialty hospital,Bangalore,Hospital,Banaswadi,,13.009575,77.655784,8761892eeffffff,,13.0,16.0,True,,0.0,500.0,2.5,19.0,,+918071966535,https://www.practo.com/bangalore/hospital/chaya-super-specialty-hospital-banaswadi?referrer=hospital_listing,https://images1-fabric.practo.com/practices/636120/chaya-hospital-bangalore-5a311d2c09eed.png,VN,practo,,1.0,canonical,984,Q1,,Economy,0.201704
hosp_ef7aea3621720ae1,Marigold Hospital,marigold hospital,Bangalore,Hospital,BTM Layout,,12.913641287226168,77.60452508926392,87618925dffffff,,21.0,23.0,True,,0.0,1500.0,3.5,147.0,,+918045682645,https://www.practo.com/bangalore/hospital/marigold-hospitals-and-research-centre-btm-layout?referrer=hospital_listing,https://images1-fabric.practo.com/practices/1175053/marigold-hospital-bangalore-67c0346c85642.png,ABS,practo,,1.0,canonical,985,Q1,,Economy,0.201074
hosp_97d17b3d0014f4d6,Sri Shankara Cancer Hospital and Research Centre,sri shankara cancer hospital research centre,Bangalore,Hospital,Basavanagudi,,12.95418,77.5722,8760145a6ffffff,,9.0,7.0,False,,0.0,275.0,4.0,51.0,,+918046808354,https://www.practo.com/bangalore/hospital/sri-shankara-cancer-hospital-and-research-centre-basavanagudi?referrer=hospital_listing,,VN,practo,,1.0,canonical,986,Q1,,Economy,0.200792
hosp_a0d46437a641a79c,Dr. Parthasarathi's Hair and Skin Hospitals,dr parthasarathi s hair skin hospitals,Bangalore,Hospital,Jayanagar,,12.93204512477,77.583637795178,876189259ffffff,,1.0,3.0,True,,0.0,0.0,3.0,16.0,,+918046801975,https://www.practo.com/bangalore/hospital/dr-parthasarathi-s-hair-and-skin-hospitals-jayanagar?referrer=hospital_listing,https://images1-fabric.practo.com/dr-partha-sarathi-hair-and-skin-hospital-frazer-town-bangalore-1463727231-573eb47f48ed1.jpg,active,practo,,1.0,canonical,987,Q1,,Economy,0.200621
hosp_17336fdb831456ed,Manjunath Hospital,manjunath hospital,Bangalore,Hospital,Wilson Garden,,12.949021672124,77.622393965721,87618925effffff,,4.0,4.0,True,,0.0,500.0,2.5,12.0,,+918061933530,https://www.practo.com/bangalore/hospital/manjunath-hospital-wilson-garden?referrer=hospital_listing,https://images1-fabric.practo.com/practices/1142629/manjunath-hospital-bangalore-592fb553c401f.JPG,VN,practo,,1.0,canonical,988,Q1,,Economy,0.19961
hosp_b41bf16540cf2407,Dr Batra's Positive Health Clinic Pvt Ltd,dr batra s positive health clinic,Bangalore,Hospital,Koramangala,,12.93616692308025,77.61743625441001,87618925cffffff,,2.0,1.0,False,11.0,499.0,499.0,4.0,16.0,,+918047091253,https://www.practo.com/bangalore/hospital/dr-batra-s-clinic-koramangala?referrer=hospital_listing,https://images1-fabric.practo.com/practices/614498/dr-batra-s-positive-health-clinic-pvt-ltd-bangalore-640f25c0bede8.png,VN,practo,,1.0,canonical,989,Q1,,Economy,0.199503
hosp_ac978a2d0a9a8e07,KDC Dental Care & Implant Care,kdc dental care implant care,Bangalore,Hospital,Whitefield,,12.974931,77.693852,8761892e5ffffff,,1.0,1.0,False,,200.0,200.0,4.0,15.0,,+918046801970,https://www.practo.com/bangalore/hospital/white-pearls-dental-care-whitefield?referrer=hospital_listing,,VN,practo,,1.0,canonical,990,Q1,,Economy,0.199124
hosp_67289ae8691f3e22,Zion Hospital,zion hospital,Bangalore,Hospital,Kammana Halli,,13.014995,77.635438,8761892eaffffff,,19.0,14.0,True,,0.0,700.0,3.5,132.0,2010.0,+918045684275,https://www.practo.com/bangalore/hospital/zion-hospital-kammanahalli?referrer=hospital_listing,https://images1-fabric.practo.com/zion-hospital-bangalore-1467196145-5773a2f1258b6.jpg,VN,practo,,1.0,canonical,991,Q1,,Economy,0.198108
hosp_9ae0f8ab92b68302,National Institute of Mental Health and Neuro Sciences Hospital (NIMHANS),national institute mental health neuro sciences hospital nimhans,Bangalore,Hospital,Hosur Road,,12.9431547,77.5967128,876189258ffffff,,1.0,1.0,False,,0.0,0.0,4.0,19.0,,+914430194509,https://www.practo.com/bangalore/hospital/nimhans-hosur-road-638071?referrer=hospital_listing,https://images1-fabric.practo.com/national-institute-of-mental-health-and-neuro-sciences-hospital-nimhans-bangalore-1452165502-568e497e74e70.png,VN,practo,,1.0,canonical,992,Q1,,Economy,0.195883
hosp_b5a665bd542b675e,Amrik Hospital,amrik hospital,Bangalore,Hospital,Whitefield,,12.98280467610963,77.74792939424515,876189218ffffff,,1.0,1.0,True,,300.0,300.0,2.5,11.0,,+918061914938,https://www.practo.com/bangalore/hospital/amrik-hospital-whitefield-2?referrer=hospital_listing,https://images1-fabric.practo.com/practices/1036584/amrik-hospital-bangalore-6660492c909f8.png,VN,practo,,1.0,canonical,993,Q1,,Economy,0.195337
hosp_6b323a899731727d,Eshwar Women & Day Care Hospital,eshwar women day care hospital,Bangalore,Hospital,Jakkur,,13.0660159,77.599225,8761892caffffff,,2.0,2.0,False,,200.0,500.0,3.5,17.0,2000.0,+918071966535,https://www.practo.com/bangalore/hospital/eshwar-women-and-day-care-hospital-jakkur?referrer=hospital_listing,https://images1-fabric.practo.com/53a28c67088dc888bd51390919686a38ec8daa65e62d8.jpg,VN,practo,,1.0,canonical,994,Q1,,Economy,0.195319
hosp_e838e3852fbb034c,SRI RAM HOSPITAL,sri ram hospital,Bangalore,Hospital,KR Puram,,13.008634641058,77.693915655836,8761892e2ffffff,,10.0,8.0,True,,500.0,1500.0,3.5,61.0,,+918046801988,https://www.practo.com/bangalore/hospital/sri-ram-hospital-kr-puram?referrer=hospital_listing,https://images1-fabric.practo.com/practices/684755/sri-ram-hospital-bangalore-59aae2bb59c35.jpg,VN,practo,,1.0,canonical,995,Q1,,Economy,0.192454
hosp_2d05bce0cdb97dd8,Prasad Eye Hospital,prasad eye hospital,Bangalore,Hospital,Koramangala,,12.9356523,77.6081525,876189258ffffff,,1.0,1.0,True,,600.0,600.0,3.5,54.0,2003.0,+918068960988,https://www.practo.com/bangalore/hospital/prasad-eye-hospital-koramangala?referrer=hospital_listing,https://images1-fabric.practo.com/53ae54583387da7a8ef088bc60ec0671e502542178908.jpg,ABS,practo,,1.0,canonical,996,Q1,,Economy,0.192449
hosp_63a6c49c4efd2991,Brookefield Hospital,brookefield hospital,Bangalore,Hospital,Kundalahalli,,12.96696,77.71696,87618920affffff,,21.0,20.0,True,,0.0,2500.0,3.5,294.0,2010.0,+918046805689,https://www.practo.com/bangalore/hospital/brookefield-hospital-kundalahalli?referrer=hospital_listing,https://images1-fabric.practo.com/brookefield-hospital-bangalore-1462384821-572a38b5a60d2.jpg,VN,practo,,1.0,canonical,997,Q1,,Economy,0.192162
hosp_aa7d1f7f816bb2c5,"RMV Physiotherapy, RMV Hospital, Sanjay Nagar",rmv physiotherapy rmv hospital sanjay nagar,Bangalore,Hospital,Sanjay Nagar,,13.03234,77.57708,8761892c9ffffff,,3.0,3.0,True,,300.0,500.0,3.5,41.0,,+918071966536,https://www.practo.com/bangalore/hospital/rmv-physiotherapy-rmv-hospital-sanjay-nagar-sanjay-nagar?referrer=hospital_listing,https://images1-fabric.practo.com/5587f869c3244cf905ec8b25c42c62b5499129606bfb5.jpg,VN,practo,,1.0,canonical,998,Q1,,Economy,0.191725
hosp_bd289623db6374e4,Sri Vinayaka Nursing Home,sri vinayaka nursing home,Bangalore,Hospital,HAL 2nd Stage,,12.973058,77.646323,8761892ecffffff,,2.0,3.0,False,,0.0,400.0,3.5,10.0,,+918071966527,https://www.practo.com/bangalore/hospital/sri-vinayaka-nursing-home-hal-2nd-stage?referrer=hospital_listing,,VN,practo,,1.0,canonical,999,Q1,,Economy,0.191169
hosp_6df9cc70863aecaf,Sri Sai Eye Hospital,sri sai eye hospital,Bangalore,Hospital,Ramamurthy Nagar,,,,,,2.0,2.0,False,,0.0,500.0,3.5,16.0,2009.0,+918046801486,https://www.practo.com/bangalore/hospital/sri-sai-eye-hospital-ramamurthy-nagar-1?referrer=hospital_listing,,VN,practo,,0.6,canonical,1000,Q1,,Economy,0.189842
hosp_3ae396ba6ab2a8f0,Hospitec Multi Speciality Hospital,hospitec multi speciality hospital,Bangalore,Hospital,Kudlu,,12.8861675,77.6487424,876189246ffffff,,8.0,7.0,True,,300.0,500.0,3.5,59.0,,+918071966820,https://www.practo.com/bangalore/hospital/hospitec-multi-speciality-hospital-kudlu?referrer=hospital_listing,https://images1-fabric.practo.com/practices/1147031/hospitec-multi-speciality-hospital-bangalore-5924215656171.jpg,VN,practo,,1.0,canonical,1001,Q1,,Economy,0.189529
hosp_3dd2e58c807cea85,Neha Prakash Hospital,neha prakash hospital,Bangalore,Hospital,Yelahanka New Town,,13.107632,77.571699,876016960ffffff,,9.0,8.0,True,,0.0,800.0,3.5,64.0,,+918071966498,https://www.practo.com/bangalore/hospital/neha-prakash-hospital-yelahanka-new-town?referrer=hospital_listing,https://images1-fabric.practo.com/neha-prakash-hospital-bangalore-1462156089-5726bb39ccdc9.png,VN,practo,,1.0,canonical,1002,Q1,,Economy,0.189148
hosp_2ce54805ad396f7f,St John Medical College and Hospital,st john medical college hospital,Bangalore,Hospital,Sarjapur Road,,12.92948,77.62018,87618925cffffff,,23.0,17.0,True,,0.0,1200.0,3.5,163.0,,+918046808409,https://www.practo.com/bangalore/hospital/st-john-s-medical-college-and-hospital-sarjapur-road?referrer=hospital_listing,,VN,practo,,1.0,canonical,1003,Q1,,Economy,0.188883
hosp_1a8e7b37c9c97a3a,Sri Lakshmi Super Speciality Hospital,sri lakshmi super speciality hospital,Bangalore,Hospital,CV Raman Nagar,,12.9827,77.68118,8761892e1ffffff,,3.0,4.0,True,,350.0,800.0,3.5,68.0,2006.0,+918046801976,https://www.practo.com/bangalore/hospital/sri-lakshmi-super-speciality-hospital-cv-raman-nagar-1?referrer=hospital_listing,https://images1-fabric.practo.com/sri-lakshmi-super-speciality-hospital-bangalore-1478673848-5822c5b872b95.jpg,VN,practo,,1.0,canonical,1004,Q1,,Economy,0.188157
hosp_305668940f72a193,Chaitanya Hospital,chaitanya hospital,Bangalore,Hospital,RT Nagar,,13.0241966,77.594245,8761892cdffffff,,5.0,7.0,True,,0.0,500.0,2.5,16.0,,+918071966535,https://www.practo.com/bangalore/hospital/chaitanya-hospital-rt-nagar?referrer=hospital_listing,https://images1-fabric.practo.com/chaitanya-hospital-bangalore-1465882788-575f98a47a832.png,VN,practo,,1.0,canonical,1005,Q1,,Economy,0.18747
hosp_8d8cdb2d12486efd,Bangalore Kidney Stone Hospital,bangalore kidney stone hospital,Bangalore,Hospital,Wilson Garden,,12.9489814,77.5977596,876189258ffffff,,2.0,1.0,False,,0.0,200.0,3.5,24.0,1992.0,+918046801970,https://www.practo.com/bangalore/hospital/bangalore-kidney-stone-hospital-wilson-garden?referrer=hospital_listing,,VN,practo,,1.0,canonical,1006,Q1,,Economy,0.187447
hosp_065035a9d9d18e1a,Nethra Eye Hospital,nethra eye hospital,Bangalore,Hospital,Sanjay Nagar,,13.0274233,77.5768533,8760145b2ffffff,,5.0,1.0,False,,350.0,500.0,3.5,18.0,2010.0,+918046801969,https://www.practo.com/bangalore/hospital/nethra-eye-hospital-sanjay-nagar-1?referrer=hospital_listing,,VN,practo,,1.0,canonical,1007,Q1,,Economy,0.18678
hosp_6d2fc589d885bcf3,Asha Nursing Home,asha nursing home,Bangalore,Hospital,Banaswadi,,13.0137424,77.6602371,8761892c5ffffff,,1.0,1.0,False,,350.0,350.0,3.5,19.0,2003.0,+918046801981,https://www.practo.com/bangalore/hospital/asha-nursing-home-banaswadi-1?referrer=hospital_listing,,VN,practo,,1.0,canonical,1008,Q1,,Economy,0.1858
hosp_128461ad916044ae,Divine Speciality Hospital,divine speciality hospital,Bangalore,Hospital,Benson Town,,13.0040462,77.6038959,8760145b6ffffff,,6.0,5.0,True,,100.0,800.0,3.0,25.0,,+918037321563,https://www.practo.com/bangalore/hospital/divine-speciality-hospital-benson-town?referrer=hospital_listing,https://images1-fabric.practo.com/divine-speciality-hospital-benson-town-bangalore-1441614083-55ed4903c6ae1.JPG,ABS,practo,,1.0,canonical,1009,Q1,,Economy,0.184699
hosp_0b59522ddbf07706,Shanthi Nursing Home,shanthi nursing home,Bangalore,Hospital,Jayanagar,,12.9235,77.5866,876189259ffffff,,10.0,7.0,True,,0.0,500.0,3.5,70.0,,+918061933496,https://www.practo.com/bangalore/hospital/shanthi-nursing-home-jayanagar-2?referrer=hospital_listing,https://images1-fabric.practo.com/shanthi-nursing-home-bangalore-1456907567-56d6a52fc7d4e.jpg,VN,practo,,1.0,canonical,1010,Q1,,Economy,0.184614
hosp_45a7d260d2910b4e,Vasan Health Care Pvt Ltd,vasan health care,Bangalore,Hospital,Rajajinagar,,12.99952817494988,77.550508081913,8760145b3ffffff,,4.0,1.0,False,7.0,500.0,500.0,3.5,15.0,,+918047095386,https://www.practo.com/bangalore/hospital/vasan-health-care-pvt-ltd-rajajinagar?referrer=hospital_listing,https://images1-fabric.practo.com/practices/686801/vasan-eye-care-hospital-bangalore-68822112616fd.png,ABS,practo,,1.0,canonical,1011,Q1,,Economy,0.178292
hosp_16e6f2cda88322f6,Lakshmi Maternity & Surgical  Centre,lakshmi maternity surgical centre,Bangalore,Hospital,Malleswaram,,13.0054512,77.5692749,8760145b3ffffff,,1.0,1.0,False,,400.0,400.0,3.5,31.0,1990.0,+918046801970,https://www.practo.com/bangalore/hospital/lakshmi-maternity-surgical-centre-malleswaram?referrer=hospital_listing,https://images1-fabric.practo.com/558124340dd9796d6f2e7e1f705ab5e59c84a6dc009b2.jpg,VN,practo,,1.0,canonical,1012,Q1,,Economy,0.177477
hosp_85eb3a085c1dea81,Rainbow Children's Hospital,rainbow children s hospital,Bangalore,Hospital,Marathahalli,,12.9754132,77.6978502,8761892e4ffffff,,18.0,8.0,True,3.0,500.0,1500.0,3.5,288.0,1999.0,+918047107406,https://www.practo.com/bangalore/hospital/rainbow-children-s-hospital-5-marathahalli?referrer=hospital_listing,https://images1-fabric.practo.com/practices/1132620/rainbow-children-s-hospital-bangalore-623d5d520ee4c.JPG,VN,practo,,1.0,canonical,1013,Q1,,Economy,0.17491
hosp_cd9d50c5519d88af,Svastha Hospital,svastha hospital,Bangalore,Hospital,Whitefield,,12.966012092456562,77.7492356300354,87618921dffffff,,15.0,16.0,True,,0.0,1000.0,3.5,257.0,2016.0,+914430194509,https://www.practo.com/bangalore/hospital/svastha-hospital-whitefield?referrer=hospital_listing,https://images1-fabric.practo.com/svastha-hospital-bangalore-1468057298-5780c6d217b6a.png,VN,practo,,1.0,canonical,1014,Q1,,Economy,0.174486
hosp_3fe532c50d68fc1a,Kare Scan Center,kare scan center,Bangalore,Hospital,Austin Town,,12.960759998114172,77.61479794979095,87618925affffff,,1.0,1.0,False,,400.0,400.0,4.0,69.0,,+918071966511,https://www.practo.com/bangalore/hospital/orthopaedic-and-joint-replacement-austin-town?referrer=hospital_listing,,VN,practo,,1.0,canonical,1015,Q1,,Economy,0.174236
hosp_2eabc8bd78582a75,Hosmat Hospital,hosmat hospital,Bangalore,Hospital,Sadashivanagar,,13.0080102,77.5837373,8760145b2ffffff,,13.0,14.0,False,2.0,600.0,1800.0,3.0,20.0,,+918045682509,https://www.practo.com/bangalore/hospital/hosmat-hospital-sadashivanagar-rt-nagar?referrer=hospital_listing,https://images1-fabric.practo.com/practices/1595603/hosmat-hospital-sadashivanagar-bangalore-6839faaa8f48f.png,ABS,practo,,1.0,canonical,1016,Q1,,Economy,0.174157
hosp_6a74f7eb59fa0a99,Hairline International Hair & Skin Clinic,hairline international hair skin clinic,Bangalore,Hospital,RT Nagar,,13.020111,77.594929,8761892cdffffff,,3.0,4.0,False,6.0,500.0,500.0,3.5,21.0,,+918047111990,https://www.practo.com/bangalore/hospital/hairline-international-hair-and-skin-clinic-rt-nagar?referrer=hospital_listing,https://images1-fabric.practo.com/practices/680944/hairline-international-hair-skin-clinic-bangalore-5c7cfcc2ce248.jpg,VN,practo,,1.0,canonical,1017,Q1,,Economy,0.171208
hosp_2b08b035b2be8400,Dr Malathi Manipal Hospital,dr malathi manipal hospital,Bangalore,Hospital,Jayanagar,,12.91721,77.59192,87618925dffffff,,4.0,4.0,True,,0.0,500.0,3.5,73.0,,+918046801971,https://www.practo.com/bangalore/hospital/dr-malathi-manipal-hospital-jayanagar-9-block-2?referrer=hospital_listing,https://images1-fabric.practo.com/5445060f0781d9e2e2a92d11a8dbf1bb60668c9b0be96.jpg,VN,practo,,1.0,canonical,1018,Q1,,Economy,0.169709
hosp_eeadfc87bccf49fc,Cloudnine Hospital - Electronics City,cloudnine hospital electronics city,Bangalore,Hospital,Electronics City,,12.84182214957143,77.64484298829494,876189263ffffff,,22.0,8.0,True,14.0,500.0,1200.0,3.5,186.0,,+917941058603,https://www.practo.com/bangalore/hospital/cloudnine-hospital-1-electronics-city?referrer=hospital_listing,https://images1-fabric.practo.com/practices/1362746/cloudnine-hospital-bangalore-61704f6c2b444.png,ABS,practo,,1.0,canonical,1019,Q1,,Economy,0.166703
hosp_6422e371333dc19e,Amrik Nethralaya Super Speciality Eye Hospital And retina centre,amrik nethralaya super speciality eye hospital retina centre,Bangalore,Hospital,Kalyan Nagar,,13.019606,77.644276,8761892eaffffff,,2.0,1.0,False,,0.0,300.0,3.5,21.0,,+918061915019,https://www.practo.com/bangalore/hospital/amrik-nethralaya-super-speciality-eye-hospital-and-retina-centre-kalyan-nagar-1?referrer=hospital_listing,,VN,practo,,1.0,canonical,1020,Q1,,Economy,0.164212
hosp_1868e0ec75eb877f,Vasan Eye Care,vasan eye care,Bangalore,Hospital,Jayanagar,,12.92924693281602,77.58212473770023,876189259ffffff,,5.0,1.0,False,7.0,500.0,500.0,3.5,25.0,,+918071031227,https://www.practo.com/bangalore/hospital/vasan-eye-care-2-jayanagar-1?referrer=hospital_listing,,ABS,practo,,1.0,canonical,1021,Q1,,Economy,0.161187
hosp_5ccb7d38d7fb5ea3,Vasan Eye Care Hospital,vasan eye care hospital,Bangalore,Hospital,Marathahalli,,12.954458732748211,77.70138502120972,87618920bffffff,,3.0,1.0,False,7.0,500.0,500.0,3.5,33.0,2011.0,+918047490966,https://www.practo.com/bangalore/hospital/vasan-eye-care-hospital-marathahalli?referrer=hospital_listing,https://images1-fabric.practo.com/practices/686922/vasan-eye-care-hospital-bangalore-68d39237bcd12.png,ABS,practo,,1.0,canonical,1022,Q1,,Economy,0.159784
hosp_6e74838bdb3bf19e,Vedam Ayurveda Multispecialty Hospital,vedam ayurveda multispecialty hospital,Bangalore,Hospital,BTM Layout 1st Stage,,12.917340981886,77.602313299792,87618925dffffff,,1.0,1.0,False,,500.0,500.0,4.0,309.0,,+918045685829,https://www.practo.com/bangalore/hospital/vedam-ayurveda-hospital-btm-layout-1st-stage?referrer=hospital_listing,https://images1-fabric.practo.com/practices/1147193/vedam-ayurveda-multispecialty-hospital-bangalore-67d7cc567d903.png,VN,practo,,1.0,canonical,1023,Q1,,Economy,0.1584
hosp_19a53fc8208810cb,CMRA Hospital,cmra hospital,Bangalore,Hospital,Kundalahalli,,12.962181,77.7134392,87618920bffffff,,2.0,1.0,False,,600.0,700.0,2.5,12.0,2008.0,+918071966498,https://www.practo.com/bangalore/hospital/cmra-clinic-kundanahalli-kundalahalli?referrer=hospital_listing,https://images1-fabric.practo.com/55a0cfb57198752ee990fdebde7f0d57d70b9537317c1.JPG,VN,practo,,1.0,canonical,1024,Q1,,Economy,0.156387
hosp_22c2a07c1d299e82,Parimala Health Care Services,parimala health care services,Bangalore,Hospital,Bannerghatta Road,,12.90063,77.60042,87618924effffff,,4.0,7.0,True,,500.0,600.0,3.5,320.0,1998.0,+918071966527,https://www.practo.com/bangalore/hospital/parimala-health-care-services-bannerghatta-road?referrer=hospital_listing,https://images1-fabric.practo.com/52821cf1afcc4d7aff8dfdc0e9b0935700ae083fdcd80.gif,VN,practo,,1.0,canonical,1025,Q1,,Economy,0.155011
hosp_76ea80454f05710c,Sri Raghava Childrens and General Hospital,sri raghava childrens general hospital,Bangalore,Hospital,Attibele,,12.780686218621312,77.77161598205566,876189346ffffff,,1.0,2.0,False,,300.0,300.0,3.0,19.0,2011.0,+918046801975,https://www.practo.com/bangalore/hospital/sriraghava-children-s-general-hospital-attibele?referrer=hospital_listing,https://images1-fabric.practo.com/sri-raghava-childrens-and-general-hospital-bangalore-1477555477-5811b515f0cba.png,VN,practo,,1.0,canonical,1026,Q1,,Economy,0.151807
hosp_e0ddb96a2b36c914,Siddanth Hospital ENT & Multispeciality Centre,siddanth hospital ent multispeciality centre,Bangalore,Hospital,Siddapura,,12.956951,77.745428,87618920effffff,,2.0,2.0,False,,250.0,500.0,3.5,34.0,,+918046801988,https://www.practo.com/bangalore/hospital/siddanth-hospital-ent-and-multispeciality-centre-siddapura?referrer=hospital_listing,https://images1-fabric.practo.com/practices/628306/siddanth-hospital-ent-multispeciality-centre-bangalore-59940a0f036f9.jpg,VN,practo,,1.0,canonical,1027,Q1,,Economy,0.146705
hosp_de4a2ab19f74f8f7,Life Plus Hospital,life plus hospital,Bangalore,Hospital,Indiranagar,,12.9755538,77.6468985,8761892ecffffff,,5.0,3.0,True,,350.0,800.0,3.5,409.0,2000.0,+918037311533,https://www.practo.com/bangalore/hospital/the-life-hospital-indiranagar-2?referrer=hospital_listing,https://images1-fabric.practo.com/practices/1147654/the-life-hospital-bangalore-59c1073c58125.PNG,ABS,practo,,1.0,canonical,1028,Q1,,Economy,0.14404
hosp_8351c601929d5536,Geetha Maternity And Surgical Centre,geetha maternity surgical centre,Bangalore,Hospital,Rajarajeshwarinagar,,12.92234,77.52015,876014512ffffff,,1.0,1.0,False,,300.0,300.0,3.5,34.0,,+918046801975,https://www.practo.com/bangalore/hospital/geetha-maternity-and-surgical-centre-rajarajeshwarinagar?referrer=hospital_listing,,VN,practo,,1.0,canonical,1029,Q1,,Economy,0.143555
hosp_80a71755e5e236b1,Sankara Eye Hospital,sankara eye hospital,Bangalore,Hospital,Kundalahalli,,12.957146,77.712838,87618920bffffff,,5.0,1.0,False,,300.0,400.0,3.5,65.0,2008.0,+918047111996,https://www.practo.com/bangalore/hospital/sankara-eye-hospital-kundalahalli-1-1?referrer=hospital_listing,https://images1-fabric.practo.com/559cf4701a3c2cf4ee44e29cf1360dac1579d48d82100.png,VN,practo,,1.0,canonical,1030,Q1,,Economy,0.13511
hosp_6c40f5366ace9f9d,Dr. Agarwal's Eye Hospital,dr agarwal s eye hospital,Bangalore,Hospital,Whitefield,,12.9658993,77.7493285,87618921dffffff,,7.0,1.0,True,9.0,500.0,700.0,3.0,49.0,,+918071966818,https://www.practo.com/bangalore/hospital/dr-agarwal-s-eye-hospital-whitefield?referrer=hospital_listing,https://images1-fabric.practo.com/practices/1141256/dr-agarwal-s-eye-hospital-bangalore-628795ad7ccdf.png,VN,practo,,1.0,canonical,1031,Q1,,Economy,0.132354
hosp_fe0d23bd628679da,Life Care Hospital,life care hospital,Bangalore,Hospital,BTM Layout,,12.9192366,77.6129538,87618925cffffff,,14.0,14.0,True,,0.0,300.0,3.0,80.0,,+918061933498,https://www.practo.com/bangalore/hospital/life-care-hospital-btm-layout-1st-stage-1?referrer=hospital_listing,https://images1-fabric.practo.com/5565a0b66bfaf697e2be53dc626b385329ce1537cc8d9.jpg,VN,practo,,1.0,canonical,1032,Q1,,Economy,0.132034
hosp_19b873cca98192dd,Diavisita Diabetes & Multispeciality Hospital,diavisita diabetes multispeciality hospital,Bangalore,Hospital,Banashankari 3rd Stage,,12.9355211,77.5476898,8760145a0ffffff,,2.0,2.0,False,,0.0,700.0,2.5,20.0,2001.0,+918046801973,https://www.practo.com/bangalore/hospital/diavista-diabetes-multispeciality-clinic-banashankari-3rd-stage?referrer=hospital_listing,,VN,practo,,1.0,canonical,1033,Q1,,Economy,0.128068
hosp_67832205d7543af9,Narayana Super Speciality Hospital,narayana super speciality hospital,Bangalore,Hospital,Malleswaram,,13.0084957,77.5684907,8760145b3ffffff,,13.0,9.0,True,,0.0,500.0,2.5,40.0,,+918046801970,https://www.practo.com/bangalore/hospital/narayana-super-speciality-hospital-malleswaram?referrer=hospital_listing,https://images1-fabric.practo.com/544f40653d05d96d6f2e7e1f705ab5e59c84a6dc009b2.png,VN,practo,,1.0,canonical,1034,Q1,,Economy,0.122196
hosp_a4cffd5b699703cc,K K Hospital,k k hospital,Bangalore,Hospital,Yelahanka,,13.0964616,77.58970160000001,876016966ffffff,,9.0,10.0,True,,500.0,1300.0,3.0,88.0,,+918045680017,https://www.practo.com/bangalore/hospital/k-k-hospital-yelahanka?referrer=hospital_listing,https://images1-fabric.practo.com/practices/637953/k-k-hospital-bangalore-67ce7e546bc65.png,ABS,practo,,1.0,canonical,1035,Q1,,Economy,0.111977
hosp_ee021f15da52e748,Pranava Diagnostics Lab,pranava diagnostics lab,Bangalore,Hospital,Banashankari 2nd Stage,,12.9244297,77.5708902,8760145a4ffffff,,1.0,1.0,False,,500.0,500.0,2.5,19.0,,+918046808409,https://www.practo.com/bangalore/hospital/pranava-clinic-banashankari-2nd-stage?referrer=hospital_listing,,VN,practo,,1.0,canonical,1036,Q1,,Economy,0.108134
hosp_eacd6718dbdf1b31,Camry Hospitals,camry hospitals,Bangalore,Hospital,Arekere,,12.884395227456,77.60317325592,876189241ffffff,,20.0,14.0,True,,500.0,800.0,2.5,59.0,2021.0,+918045682294,https://www.practo.com/bangalore/hospital/camry-hospitals-arekere?referrer=hospital_listing,https://images1-fabric.practo.com/practices/1365072/camry-hospitals-bangalore-641185603b455.jpg,ABS,practo,,1.0,canonical,1037,Q1,,Economy,0.106888
hosp_aef2105f32e0c776,Ankur Hospital (Manipal Fertility),ankur hospital manipal fertility,Bangalore,Hospital,Rajajinagar,,12.987813,77.549945,8760145b1ffffff,,1.0,2.0,False,3.0,500.0,500.0,3.5,98.0,,+918047091257,https://www.practo.com/bangalore/hospital/manipal-ankur-rajajinagar?referrer=hospital_listing,https://images1-fabric.practo.com/practices/635927/ankur-hospital-manipal-fertility-bangalore-5ec3b95e13cf2.png,VN,practo,,1.0,canonical,1038,Q1,,Economy,0.100299
hosp_3d794f2d1ab28bb0,Vasan Eye Care,vasan eye care,Bangalore,Hospital,HSR Layout,,12.912272869140228,77.63497303492119,876189242ffffff,,1.0,1.0,False,7.0,500.0,500.0,3.5,121.0,,+918047166209,https://www.practo.com/bangalore/hospital/vasan-eye-care-2-hsr-layout?referrer=hospital_listing,https://images1-fabric.practo.com/practices/2075718/vasan-eye-care-bangalore-68a058db65e8d.png,ABS,practo,,1.0,canonical,1039,Q1,,Economy,0.09065
hosp_668453d81eb5a87d,Jain Institute of Vascular Sciences,jain institute vascular sciences,Bangalore,Hospital,Vasanthnagar,,12.991585,77.594636,8760145b6ffffff,,1.0,1.0,False,,0.0,0.0,3.5,269.0,,+918061933498,https://www.practo.com/bangalore/hospital/jain-institute-of-vascular-sciences-vasanthnagar?referrer=hospital_listing,https://images1-fabric.practo.com/jain-institute-of-vascular-sciences-bangalore-1456902037-56d68f9532f5b.jpg,VN,practo,,1.0,canonical,1040,Q1,,Economy,0.069277
