hospital_id,name,normalized_name,city,practice_type,locality,address,latitude,longitude,h3_res7,zone,doctors_count,speciality_count,multispeciality,other_centers_count,consultation_fee_min,consultation_fee_max,rating,reviews_count,year_established,phone,profile_url,image_url,status,source,scraped_at,data_completeness,dedupe_status,city_rank,quartile,q4_subquartile,segment,hospital_score
hosp_014e967fd8c77471,Jaslok Hospital,jaslok hospital,Mumbai,Hospital,Peddar Road,,18.9715449,72.8096551,87608b016ffffff,,129.0,46.0,True,,0.0,5000.0,4.5,1411.0,1970.0,+912048566752,https://www.practo.com/mumbai/hospital/jaslok-hospital-peddar-road?referrer=hospital_listing,https://images1-fabric.practo.com/jaslok-hospital-research-centre-mumbai-1467216362-5773f1ea0e5f8.png,VN,practo,,1.0,canonical,1,Q4,Q4-Sub-Q4,Ultra Premium,0.701212
hosp_82bb6f60cc8fe723,S.L. Raheja Hospital – A Fortis Associate,s l raheja hospital fortis associate,Mumbai,Hospital,Mahim,,19.046573,72.842209,87608b0b5ffffff,,134.0,53.0,True,1.0,1500.0,5500.0,4.5,722.0,1975.0,+917971261596,https://www.practo.com/mumbai/hospital/s-l-raheja-hospitals-mahim-1?referrer=hospital_listing,https://images1-fabric.practo.com/practices/692922/s-l-raheja-fortis-hospital-mumbai-5b9116e921537.png,RFA,practo,,1.0,canonical,2,Q4,Q4-Sub-Q4,Ultra Premium,0.670576
hosp_03fa90498bc4aac0,Krishna Eye Centre,krishna eye centre,Mumbai,Hospital,Parel,,18.99953,72.84001,87608b0a4ffffff,,9.0,2.0,True,,1600.0,1600.0,5.0,3705.0,,+919324910747,https://www.practo.com/mumbai/hospital/krishna-eye-centre-parel?referrer=hospital_listing,https://images1-fabric.practo.com/krishna-eye-centre-mumbai-1491303306-58e37b8a11b57.PNG,ABS,practo,,1.0,canonical,3,Q4,Q4-Sub-Q4,Ultra Premium,0.665804
hosp_cab77e4363a00483,Lifewave Hospital,lifewave hospital,Mumbai,Hospital,Malad,,19.185805174384,72.854666684399,87608b462ffffff,,6.0,8.0,True,,0.0,1200.0,5.0,2776.0,,+912048552165,https://www.practo.com/mumbai/hospital/lifewave-hospital-malad-east-1?referrer=hospital_listing,https://images1-fabric.practo.com/556477f7908ec45c5e3960a26f24a7e94c2b5f1af9878.png,VN,practo,,1.0,canonical,4,Q4,Q4-Sub-Q4,Ultra Premium,0.609297
hosp_e6b29259cde34111,Apollo Spectra Hospitals,apollo spectra hospitals,Mumbai,Hospital,Chembur,,19.0468607,72.9110026,87608b56dffffff,,76.0,28.0,True,2.0,0.0,3000.0,5.0,700.0,,+912071177422,https://www.practo.com/mumbai/hospital/apollo-spectra-hospital-4-sion?referrer=hospital_listing,https://images1-fabric.practo.com/practices/1053353/apollo-spectra-hospitals-mumbai-624e9a3263c73.jpg,VN,practo,,1.0,canonical,5,Q4,Q4-Sub-Q4,Ultra Premium,0.605157
hosp_cced2b08db22cd67,Saanvi Orthopaedics,saanvi orthopaedics,Mumbai,Hospital,Powai,,19.117909928039,72.908802256392,87608b54effffff,,2.0,2.0,True,,1200.0,2600.0,5.0,2862.0,,+912071173233,https://www.practo.com/mumbai/hospital/dr-lh-hiranandani-hospital-powai?referrer=hospital_listing,https://images1-fabric.practo.com/practices/754287/saanvi-orthopaedics-mumbai-5faaa3906d9e0.png,active,practo,,1.0,canonical,6,Q4,Q4-Sub-Q4,Ultra Premium,0.597839
hosp_51aadde10265adc3,Sahu Eye Hospital,sahu eye hospital,Mumbai,Hospital,Malad West,,19.195052309760648,72.83870369195938,87608b444ffffff,,1.0,1.0,True,,1000.0,1000.0,5.0,2841.0,,+912071177422,https://www.practo.com/mumbai/hospital/sahu-eye-hospital-malad-west?referrer=hospital_listing,https://images1-fabric.practo.com/5549b62aaab856044e1b77e91b4fe89b4880b3c5fad15.png,VN,practo,,1.0,canonical,7,Q4,Q4-Sub-Q4,Ultra Premium,0.593014
hosp_831cfede275dedfa,Godrej Memorial Hospital,godrej memorial hospital,Mumbai,Hospital,Vikhroli,,19.10377,72.92738,87608b545ffffff,,117.0,39.0,True,,0.0,5000.0,4.5,648.0,2004.0,+912071177326,https://www.practo.com/mumbai/hospital/godrej-memorial-hospital-vikhroli?referrer=hospital_listing,https://images1-fabric.practo.com/godrej-memorial-hospital-mumbai-1456500277-56d06e3566750.jpg,VN,practo,,1.0,canonical,8,Q4,Q4-Sub-Q4,Ultra Premium,0.589279
hosp_42e228b5c37b1160,Surya Hospitals,surya hospitals,Mumbai,Hospital,Santacruz West,,19.085520553419165,72.83763885498047,87608b0b3ffffff,,78.0,30.0,True,,0.0,3500.0,5.0,384.0,,+912071185421,https://www.practo.com/mumbai/hospital/surya-hospitals-santacruz-west?referrer=hospital_listing,https://images1-fabric.practo.com/practices/850214/surya-hospitals-mumbai-6332911e8e623.JPG,VN,practo,,1.0,canonical,9,Q4,Q4-Sub-Q4,Ultra Premium,0.58362
hosp_425a72f094fcd650,Dr. Poojary's Ent Hospital,dr poojary s ent hospital,Mumbai,Hospital,Chembur,,19.060733357402,72.898515080212,87608b569ffffff,,2.0,2.0,True,,700.0,700.0,5.0,2524.0,,+912071173181,https://www.practo.com/mumbai/hospital/dr-poojary-s-ent-clinic-chembur?referrer=hospital_listing,https://images1-fabric.practo.com/practices/705169/dr-poojary-s-ent-hospital-mumbai-59958ac671200.jpg,VN,practo,,1.0,canonical,10,Q4,Q4-Sub-Q4,Ultra Premium,0.574707
hosp_14a0fdb784b5044a,Mangal Anand Hospital,mangal anand hospital,Mumbai,Hospital,Chembur,,19.05654,72.89038,87608b569ffffff,,45.0,12.0,True,,0.0,3500.0,5.0,1301.0,,+912248905354,https://www.practo.com/mumbai/hospital/mangal-anand-hospital-chembur-1?referrer=hospital_listing,https://images1-fabric.practo.com/mangal-anand-hospital-mumbai-1456981504-56d7c60101818.jpg,ABS,practo,,1.0,canonical,11,Q4,Q4-Sub-Q4,Ultra Premium,0.573179
hosp_ad53424dca8631fb,Pushpaa Hospital,pushpaa hospital,Mumbai,Hospital,Andheri West,,19.145421581792,72.822873294353,87608b46cffffff,,3.0,4.0,True,,1200.0,1500.0,5.0,1807.0,1986.0,+912248933928,https://www.practo.com/mumbai/hospital/pushpaa-hospital-maternity-care-and-ivf-center-andheri-west?referrer=hospital_listing,https://images1-fabric.practo.com/53d7199552ed339d37e7a886e4c18d2edd1854e56c823.jpg,ABS,practo,,1.0,canonical,12,Q4,Q4-Sub-Q4,Ultra Premium,0.563857
hosp_c1c46b9b0b2cd62d,Shushrusha Citizens Co-Operative Hospital,shushrusha citizens co operative hospital,Mumbai,Hospital,Dadar West,,19.02334,72.83772,87608b0a6ffffff,,120.0,38.0,True,,300.0,10000.0,4.5,196.0,,+912071173183,https://www.practo.com/mumbai/hospital/shushrusha-citizens-co-operative-hospital-dadar-west-1?referrer=hospital_listing,https://images1-fabric.practo.com/practices/753227/shushrusha-citizens-co-operative-hospital-mumbai-667012851a5e2.png,VN,practo,,1.0,canonical,13,Q4,Q4-Sub-Q4,Ultra Premium,0.540038
hosp_0053a41be02041b7,Sushrut Hospital and Research Center,sushrut hospital research center,Mumbai,Hospital,Chembur East,,19.0562372,72.8898401,87608b569ffffff,,79.0,45.0,True,,0.0,3000.0,4.5,451.0,2000.0,+912071172378,https://www.practo.com/mumbai/hospital/sushrut-hospital-and-research-center-chembur-east-1?referrer=hospital_listing,https://images1-fabric.practo.com/practices/611951/sushrut-hospital-and-research-center-mumbai-5f7c2d71b2cfa.jpg,ABS,practo,,1.0,canonical,14,Q4,Q4-Sub-Q4,Ultra Premium,0.532848
hosp_b2d6b74092c1e806,Cosmo Dent CAD/CAM Digital Dentistry,cosmo dent cad cam digital dentistry,Mumbai,Hospital,Powai,,19.114237313523,72.89941069208,87608b54cffffff,,2.0,1.0,True,1.0,500.0,500.0,5.0,1764.0,,+917969201529,https://www.practo.com/mumbai/hospital/cosmodent-cad-cam-digital-dentristry-clinics-powai?referrer=hospital_listing,https://images1-fabric.practo.com/practices/666840/cosmodent-hi-tech-dental-hospital-mumbai-6656ce6347276.png,ABS,practo,,1.0,canonical,15,Q4,Q4-Sub-Q4,Ultra Premium,0.520366
hosp_972aa165c9ef2dd1,Opus Dental Specialities,opus dental specialities,Mumbai,Hospital,Fort,,18.93841,72.83371,87608b032ffffff,,3.0,1.0,True,,0.0,1000.0,5.0,1671.0,,+912071173180,https://www.practo.com/mumbai/hospital/opus-dental-specialities-fort?referrer=hospital_listing,https://images1-fabric.practo.com/a0425bb07f236dadef5f833fc43b64af,ABS,practo,,1.0,canonical,16,Q4,Q4-Sub-Q4,Ultra Premium,0.515379
hosp_edcc8c83e21b4a8b,HEAL Institute,heal institute,Mumbai,Hospital,Khar West,,19.07363,72.82797,87608b086ffffff,,7.0,1.0,True,4.0,0.0,2500.0,5.0,1550.0,,+912262822622,https://www.practo.com/mumbai/hospital/heal-institute-khar-west?referrer=hospital_listing,https://images1-fabric.practo.com/545862e3e5516e6c0926711e0ca75560f549a8b4c0f9a.jpg,VN,practo,,1.0,canonical,17,Q4,Q4-Sub-Q4,Ultra Premium,0.512913
hosp_90e9e75524d3c7cc,Namaha Health Care,namaha health care,Mumbai,Hospital,Kandivali West,,19.1978336,72.848306,87608b444ffffff,,41.0,27.0,True,,0.0,5000.0,5.0,292.0,,+912071179000,https://www.practo.com/mumbai/hospital/namaha-healthcare-kandivali-west?referrer=hospital_listing,https://images1-fabric.practo.com/namaha-healthcare-mumbai-1461310070-5719d27684567.jpeg,VN,practo,,1.0,canonical,18,Q4,Q4-Sub-Q4,Ultra Premium,0.511647
hosp_9ae49d392900fbbb,Sharan Hospital,sharan hospital,Mumbai,Hospital,Ghatkopar West,,19.08771,72.90599,87608b56affffff,,4.0,4.0,True,,600.0,1500.0,5.0,1484.0,,+912071173185,https://www.practo.com/mumbai/hospital/sharan-hospital-ghatkopar-east?referrer=hospital_listing,https://images1-fabric.practo.com/practices/1133841/sharan-hospital-mumbai-594b62e771227.jpeg,ABS,practo,,1.0,canonical,19,Q4,Q4-Sub-Q4,Ultra Premium,0.509415
hosp_074ec59c474a0fd2,Suchak Hospital,suchak hospital,Mumbai,Hospital,Malad East,,19.18884,72.85006,87608b462ffffff,,14.0,14.0,True,,0.0,3000.0,5.0,930.0,,+912048552218,https://www.practo.com/mumbai/hospital/suchak-hospital-malad-1?referrer=hospital_listing,https://images1-fabric.practo.com/5454e24da97b901d056de19bac6e77ea53cc3dac0c3c9.JPG,VN,practo,,1.0,canonical,20,Q4,Q4-Sub-Q4,Ultra Premium,0.503283
hosp_71705ec8b89510b0,PhysioWorld,physioworld,Mumbai,Hospital,Chembur,,19.0601973,72.8959343,87608b569ffffff,,2.0,2.0,True,,700.0,1500.0,5.0,1456.0,,+917969201438,https://www.practo.com/mumbai/hospital/dr-niraj-jha-mpt-neuro-chembur?referrer=hospital_listing,https://images1-fabric.practo.com/practices/661416/physioworld-mumbai-59953d30a87aa.png,ABS,practo,,1.0,canonical,21,Q4,Q4-Sub-Q4,Ultra Premium,0.500657
hosp_84125d39c4c59ac8,Mumbai Eye Care Cornea and Lasik Centre,mumbai eye care cornea lasik centre,Mumbai,Hospital,Ghatkopar East,,19.07479,72.90541,87608b568ffffff,,1.0,1.0,True,,1200.0,1200.0,5.0,1478.0,,+912071177302,https://www.practo.com/mumbai/hospital/mumbai-eye-care-cornea-and-lasik-centre-ghatkopar-east-1?referrer=hospital_listing,https://images1-fabric.practo.com/practices/709984/mumbai-eye-care-cornea-and-lasik-centre-mumbai-5a86cf33e7eaf.png,VN,practo,,1.0,canonical,22,Q4,Q4-Sub-Q4,Ultra Premium,0.49882
hosp_e8e959eca25ced22,SRV Hospitals Goregaon,srv hospitals goregaon,Mumbai,Hospital,Goregaon West,,19.16293,72.83924,87608b461ffffff,,37.0,33.0,True,1.0,0.0,2000.0,5.0,133.0,2015.0,+912248931449,https://www.practo.com/mumbai/hospital/srv-hospital-goregaon-west-3?referrer=hospital_listing,https://images1-fabric.practo.com/practices/1106077/srv-hospitals-goregaon-mumbai-64f9847d2e510.png,RFA,practo,,1.0,canonical,23,Q4,Q4-Sub-Q4,Ultra Premium,0.497084
hosp_7e3ef4c877a606fb,Fortis Hospital,fortis hospital,Mumbai,Hospital,Mulund West,,19.16179453337613,72.94181048870087,87608b551ffffff,,102.0,36.0,True,1.0,0.0,3000.0,4.0,1214.0,2002.0,+912048554750,https://www.practo.com/mumbai/hospital/fortis-hospitals-limited-mulund-west?referrer=hospital_listing,https://images1-fabric.practo.com/practices/809303/fortis-hospital-mumbai-5b91253daa0be.png,VN,practo,,1.0,canonical,24,Q4,Q4-Sub-Q4,Ultra Premium,0.48538
hosp_4a07b03414a37b3b,Womens Hospital,womens hospital,Mumbai,Hospital,Khar West,,19.0693906,72.8306532,87608b086ffffff,,9.0,5.0,True,,0.0,2000.0,5.0,1003.0,,+912048553263,https://www.practo.com/mumbai/hospital/womens-hospital-khar-west?referrer=hospital_listing,https://images1-fabric.practo.com/practices/693787/womens-hospital-mumbai-594d5aacdda98.png,VN,practo,,1.0,canonical,25,Q4,Q4-Sub-Q4,Ultra Premium,0.484219
hosp_b203c259a2c670ea,Criticare Hospital,criticare hospital,Mumbai,Hospital,Andheri East,,19.1154479,72.8352922,87608b090ffffff,,31.0,24.0,True,,0.0,2500.0,5.0,230.0,,+912071173172,https://www.practo.com/mumbai/hospital/criticare-hospital-andheri-east?referrer=hospital_listing,https://images1-fabric.practo.com/practices/1170264/criticare-hospital-research-institute-mumbai-5a2a3b56463e1.jpg,VN,practo,,1.0,canonical,26,Q4,Q4-Sub-Q4,Ultra Premium,0.4821
hosp_0ebdc8f98493658f,DR AGARWAL EYE HOSPITAL - CEDS,dr agarwal eye hospital ceds,Mumbai,Hospital,Bandra West,,19.05552641394426,72.83315420150757,87608b0b1ffffff,,2.0,1.0,True,,2000.0,2000.0,5.0,1121.0,,+911142246451,https://www.practo.com/mumbai/hospital/ceds-eye-hospital-bandra-west-1?referrer=hospital_listing,https://images1-fabric.practo.com/ceds-eye-hospital-mumbai-1458650325-56f13cd57abb1.png,ABS,practo,,1.0,canonical,27,Q4,Q4-Sub-Q4,Ultra Premium,0.474797
hosp_e0d08bf2894f8dd7,Tandon Eye Hospital & Lasik Centre,tandon eye hospital lasik centre,Mumbai,Hospital,Andheri West,,19.129112259167,72.828031943882,87608b092ffffff,,3.0,1.0,True,,1000.0,1500.0,5.0,886.0,2007.0,+917971262110,https://www.practo.com/mumbai/hospital/tandon-eye-hospital-andheri-west?referrer=hospital_listing,https://images1-fabric.practo.com/practices/760285/tandon-eye-hospital-and-lasik-centre-mumbai-5f024bb522751.jpg,VN,practo,,1.0,canonical,28,Q4,Q4-Sub-Q4,Ultra Premium,0.474732
hosp_b1fb69ccc1d5b8ac,Ruby Hospital - Venture Of Arogyam Hospital,ruby hospital venture arogyam hospital,Mumbai,Hospital,Bhandup West,,19.1457308,72.9288446,87608b55cffffff,,1.0,3.0,True,,1500.0,1500.0,5.0,894.0,2013.0,+918037313352,https://www.practo.com/mumbai/hospital/arogyam-hospital-kanjurmarg-1?referrer=hospital_listing,https://images1-fabric.practo.com/practices/838865/ruby-hospital-venture-of-arogyam-hospital-mumbai-6493d4f187c0c.jpeg,ABS,practo,,1.0,canonical,29,Q4,Q4-Sub-Q4,Ultra Premium,0.471103
hosp_1cfe502e1c7a4da6,Yashada Maternity & Nursing Home,yashada maternity nursing home,Mumbai,Hospital,Goregaon East,,19.16636,72.85417,87608b460ffffff,,2.0,1.0,True,,1050.0,1200.0,5.0,1035.0,,+912271873694,https://www.practo.com/mumbai/hospital/yashada-maternity-and-surgical-goregaon-east?referrer=hospital_listing,https://images1-fabric.practo.com/dr-nikhil-datar-s-gynaecology-unit-mumbai-1460963456-5714888029464.jpeg,VN,practo,,1.0,canonical,30,Q4,Q4-Sub-Q4,Ultra Premium,0.468506
hosp_e06f58a78121bfb6,Arohi Eye Hospital,arohi eye hospital,Mumbai,Hospital,Andheri West,,19.13738653545,72.825881056488,87608b092ffffff,,8.0,1.0,True,,0.0,1500.0,5.0,907.0,,+912048553256,https://www.practo.com/mumbai/hospital/arohi-eye-hospital-andheriwest?referrer=hospital_listing,https://images1-fabric.practo.com/practices/758207/arohi-eye-hospital-mumbai-5e4e374b70d3b.png,ABS,practo,,1.0,canonical,31,Q4,Q4-Sub-Q4,Ultra Premium,0.468004
hosp_55806e2ffcd323fe,Masina Hospital ,masina hospital,Mumbai,Hospital,Byculla,,18.9748,72.8357,87608b18bffffff,,107.0,32.0,True,,0.0,2000.0,4.0,124.0,1902.0,+912071173180,https://www.practo.com/mumbai/hospital/masina-hospital-byculla-1?referrer=hospital_listing,https://images1-fabric.practo.com/masina-hospital-mumbai-1479365321-582d52c9372ee.jpg,VN,practo,,1.0,canonical,32,Q4,Q4-Sub-Q4,Ultra Premium,0.466093
hosp_88e5af5a20a4c71a,Punit Hospital,punit hospital,Mumbai,Hospital,Borivali West,,19.216131342366428,72.85078167915344,87608b446ffffff,,3.0,3.0,True,,1000.0,1000.0,5.0,898.0,,+912048566752,https://www.practo.com/mumbai/hospital/punit-hospital-borivali-west?referrer=hospital_listing,https://images1-fabric.practo.com/55acdc23779825b54c0a045f179bcbbbc9abcb8b5cd4c.jpg,VN,practo,,1.0,canonical,33,Q4,Q4-Sub-Q4,Ultra Premium,0.46358
hosp_748dc946d5753a20,Dr. Trivedis Total Woman Health Care Centre,dr trivedis total woman health care centre,Mumbai,Hospital,Ghatkopar East,,19.081843412244,72.910317261377,87608b56affffff,,3.0,2.0,True,,2000.0,3000.0,5.0,819.0,,+912071171335,https://www.practo.com/mumbai/hospital/dr-trivedis-total-woman-health-care-centre-ghatkopar-east-7?referrer=hospital_listing,https://images1-fabric.practo.com/practices/1279194/dr-trivedis-total-woman-health-care-centre-mumbai-5e63291878040.jpg,ABS,practo,,1.0,canonical,34,Q4,Q4-Sub-Q4,Ultra Premium,0.455671
hosp_974c3d5d75d497e7,IKSHA Eye Care,iksha eye care,Mumbai,Hospital,Andheri West,,19.12865738658632,72.82971292734146,87608b092ffffff,,4.0,1.0,True,,350.0,600.0,5.0,775.0,,+918037298996,https://www.practo.com/mumbai/hospital/iksha-eye-care-1-andheri-west?referrer=hospital_listing,https://images1-fabric.practo.com/practices/1300831/iksha-eye-care-mumbai-66c081fe5de60.png,ABS,practo,,1.0,canonical,35,Q4,Q4-Sub-Q4,Ultra Premium,0.451877
hosp_9d2f9897c1a23b62,Mumbai Piles Clinic,mumbai piles clinic,Mumbai,Hospital,Chembur,,19.047138529282,72.911166416374,87608b56dffffff,,1.0,2.0,True,1.0,2000.0,2000.0,5.0,766.0,,+912048556137,https://www.practo.com/mumbai/hospital/clintech-chembur-east?referrer=hospital_listing,https://images1-fabric.practo.com/practices/649536/mumbai-piles-clinic-mumbai-5e3a928db2cd7.jpeg,VN,practo,,1.0,canonical,36,Q4,Q4-Sub-Q4,Ultra Premium,0.448549
hosp_a1270ccf9fd73dec,Winning Smiles Dental Clinic,winning smiles dental clinic,Mumbai,Hospital,Kandivali East,,19.19698,72.8746,87608b475ffffff,,1.0,1.0,True,,500.0,500.0,5.0,747.0,,+912248968622,https://www.practo.com/mumbai/hospital/winning-smiles-dental-clinic-kandivali-east?referrer=hospital_listing,https://images1-fabric.practo.com/547ec30f1f9d58c2857a9ad1d8f31659e35e904e20fa6.jpg,VN,practo,,1.0,canonical,37,Q4,Q4-Sub-Q4,Ultra Premium,0.44517
hosp_b6ab0fe7fecd9420,Excel ENT Hospital,excel ent hospital,Mumbai,Hospital,Ghatkopar East,,19.08243,72.90913,87608b56affffff,,2.0,2.0,True,,800.0,1500.0,5.0,689.0,,+912071173185,https://www.practo.com/mumbai/hospital/excel-ent-hospital-ghatkopar-east-5?referrer=hospital_listing,,VN,practo,,1.0,canonical,38,Q4,Q4-Sub-Q4,Ultra Premium,0.443937
hosp_48d490ed9902662c,Parekh Eye Hospital,parekh eye hospital,Mumbai,Hospital,Bandra West,,19.060393986003,72.829313278198,87608b0b1ffffff,,1.0,1.0,True,,1500.0,1500.0,5.0,722.0,,+912271873699,https://www.practo.com/mumbai/hospital/parekh-eye-hospital-bandra-west-1?referrer=hospital_listing,https://images1-fabric.practo.com/5530bbea3280c8d40054d782af87cfcef6f9a32427e60.jpg,VN,practo,,1.0,canonical,39,Q4,Q4-Sub-Q4,Ultra Premium,0.44319
hosp_638da7130ffb6f7a,Sir H.N. Reliance Foundation Hospital,sir h n reliance foundation hospital,Mumbai,Hospital,Girgaon,,18.958851359667154,72.8200491190601,87608b014ffffff,,118.0,37.0,True,,500.0,8500.0,4.0,179.0,,+912048556870,https://www.practo.com/mumbai/hospital/sir-hn-reliance-foundation-hospital-charni-road?referrer=hospital_listing,https://images1-fabric.practo.com/sir-h-n-reliance-foundation-hospital-research-centre-mumbai-1446031119-5630af0fdc3b7.png,RFA,practo,,1.0,canonical,40,Q4,Q4-Sub-Q4,Ultra Premium,0.439014
hosp_3d09da0ff3b79472,Mehta Eye Clinic,mehta eye clinic,Mumbai,Hospital,Ghatkopar East,,19.0792,72.90369,87608b56bffffff,,4.0,1.0,False,,0.0,1200.0,5.0,705.0,1981.0,+912071172687,https://www.practo.com/mumbai/hospital/mehta-eye-clinic-ghatkopar-east-1?referrer=hospital_listing,https://images1-fabric.practo.com/mehta-eye-clinic-mumbai-1440574905-55dd6db91a7d7.jpg,VN,practo,,1.0,canonical,41,Q4,Q4-Sub-Q4,Ultra Premium,0.433844
hosp_e0f809fb9ab1065b,Jaslok Hospital,jaslok hospital,Mumbai,Hospital,Kurla East,,19.0601389,72.8768826,87608b0b4ffffff,,103.0,37.0,False,,0.0,1100.0,,,,+912071177422,https://www.practo.com/mumbai/hospital/jaslok-hospital-3-kurla-east?referrer=hospital_listing,,VN,practo,,1.0,canonical,42,Q4,Q4-Sub-Q4,Ultra Premium,0.431001
hosp_c99a1600050756e6,Holy Dental Care,holy dental care,Mumbai,Hospital,Nagpada,,18.9648999,72.8286334,87608b189ffffff,,2.0,1.0,True,,0.0,500.0,5.0,552.0,,+912071173201,https://www.practo.com/mumbai/hospital/holy-dental-care-mumbai-central?referrer=hospital_listing,https://images1-fabric.practo.com/51ca8aa08f5c3dental logo,VN,practo,,1.0,canonical,43,Q4,Q4-Sub-Q4,Ultra Premium,0.430587
hosp_0e3a19b53f44ba3c,Dr Sangita Chadha's Physiotherapy Clinic,dr sangita chadha s physiotherapy clinic,Mumbai,Hospital,Lokhandwala,,19.14063122549015,72.82375576399772,87608b092ffffff,,1.0,1.0,True,,800.0,800.0,5.0,564.0,,+912071173194,https://www.practo.com/mumbai/hospital/dr-sangita-chadha-s-physiotherapy-clinic-lokhandwala?referrer=hospital_listing,,VN,practo,,1.0,canonical,44,Q4,Q4-Sub-Q4,Ultra Premium,0.430127
hosp_4652cf921d3a4620,Eye Hospital & IVF (Fertility) Centre,eye hospital ivf fertility centre,Mumbai,Hospital,Borivali West,,19.22381,72.84109,87608b446ffffff,,2.0,2.0,True,,400.0,800.0,5.0,503.0,,+912071179090,https://www.practo.com/mumbai/hospital/eye-and-i-eye-hospital-and-ivf-centre-borivali-west?referrer=hospital_listing,https://images1-fabric.practo.com/eye-and-i-eye-hospital-and-ivf-centre-mumbai-1477313991-580e05c7d6d3f.jpg,VN,practo,,1.0,canonical,45,Q4,Q4-Sub-Q4,Ultra Premium,0.428107
hosp_0f8613e753e95958,Sigma Hospital,sigma hospital,Mumbai,Hospital,Mulund West,,19.174980053379,72.953556895963,87608b553ffffff,,1.0,3.0,True,,1500.0,1500.0,5.0,490.0,,+918037321248,https://www.practo.com/mumbai/hospital/sigma-hospital-3-mulund-west?referrer=hospital_listing,https://images1-fabric.practo.com/practices/1442672/sigma-hospital-mumbai-655861c877028.jpg,VN,practo,,1.0,canonical,46,Q4,Q4-Sub-Q4,Ultra Premium,0.427299
hosp_dff35fcb6567bb2b,Apex MultiSpeciality Hospital,apex multispeciality hospital,Mumbai,Hospital,Sakinaka,,19.100160750334,72.895231246948,87608b54cffffff,,14.0,14.0,True,,0.0,1000.0,5.0,173.0,,+912071173224,https://www.practo.com/mumbai/hospital/apex-multi-speciality-hospital-sakinaka?referrer=hospital_listing,https://images1-fabric.practo.com/practices/677187/apex-multi-speciality-hospital-mumbai-5a11d77f542d6.jpg,VN,practo,,1.0,canonical,47,Q4,Q4-Sub-Q4,Ultra Premium,0.427244
hosp_be328eda87106aaa,Jj Hospital,jj hospital,Mumbai,Hospital,Byculla,,18.962426938486,72.834978103638,87608b189ffffff,,4.0,7.0,True,,100.0,500.0,5.0,365.0,,+912071173263,https://www.practo.com/mumbai/hospital/jj-hopital-byculla?referrer=hospital_listing,https://images1-fabric.practo.com/practices/1172738/jj-hopital-mumbai-5a526c302f5ba.jpeg,VN,practo,,1.0,canonical,48,Q4,Q4-Sub-Q4,Ultra Premium,0.426904
hosp_269ee6c299786b74,Visha Therapy and Consulting Centre,visha therapy consulting centre,Mumbai,Hospital,Malad West,,19.19458,72.838164,87608b444ffffff,,1.0,1.0,True,1.0,1500.0,1500.0,5.0,335.0,,+917971261729,https://www.practo.com/mumbai/hospital/visha-therapy-and-consulting-centre-malad-west?referrer=hospital_listing,https://images1-fabric.practo.com/553b61e842e858c2857a9ad1d8f31659e35e904e20fa6.png,ABS,practo,,1.0,canonical,49,Q4,Q4-Sub-Q4,Ultra Premium,0.407694
hosp_b638288efbadfdb9,Dr Hingorani's Clinic,dr hingorani s clinic,Mumbai,Hospital,Worli,,18.994814282068766,72.81528934836388,87608b0a5ffffff,,3.0,1.0,True,,0.0,1500.0,5.0,305.0,,+912071173234,https://www.practo.com/mumbai/hospital/dr-hingorani-s-clinic-worli-1?referrer=hospital_listing,https://images1-fabric.practo.com/55bb0e3633b6ede05137b54861ac630fc3ad581b6aac0.jpg,VN,practo,,1.0,canonical,50,Q4,Q4-Sub-Q4,Ultra Premium,0.407096
hosp_0f3395e2f7adc9c9,"Cloudnine Fertility - IVF Centre, Malad West",cloudnine fertility ivf centre malad west,Mumbai,Hospital,Malad West,,19.1755,72.8375,87608b463ffffff,,3.0,1.0,True,,1000.0,1600.0,5.0,303.0,,+912048553066,https://www.practo.com/mumbai/hospital/cloudnine-fertility-malad-malad-west?referrer=hospital_listing,https://images1-fabric.practo.com/practices/1157287/cloudnine-fertility-ivf-centre-malad-west-mumbai-648179980c076.JPG,ABS,practo,,1.0,canonical,51,Q4,Q4-Sub-Q4,Ultra Premium,0.406846
hosp_02538a8ad3816302,Eye Life,eye life,Mumbai,Hospital,Santacruz West,,19.08151,72.83768,87608b0b3ffffff,,2.0,1.0,True,,1000.0,1000.0,5.0,313.0,,+917971262855,https://www.practo.com/mumbai/hospital/eye-life-hospital-khar-west?referrer=hospital_listing,https://images1-fabric.practo.com/eye-life-hospital-mumbai-1443867214-560faa4edf488.jpg,ABS,practo,,1.0,canonical,52,Q4,Q4-Sub-Q4,Ultra Premium,0.406579
hosp_1bd356a361c947ec,Physio Fit Guru,physio fit guru,Mumbai,Hospital,Mulund West,,19.164059558397,72.938425540924,87608b551ffffff,,2.0,4.0,True,,700.0,1100.0,5.0,269.0,,+917971261534,https://www.practo.com/mumbai/hospital/physio-fit-mulund-west-1?referrer=hospital_listing,https://images1-fabric.practo.com/practices/750221/physio-fit-guru-mumbai-6347a9f914fb7.jpg,VN,practo,,1.0,canonical,53,Q4,Q4-Sub-Q4,Ultra Premium,0.406533
hosp_e372c75a9e76407d,HEAL Institute,heal institute,Mumbai,Hospital,Colaba,,18.917346,72.829337,87608b030ffffff,,4.0,1.0,True,4.0,800.0,2500.0,5.0,282.0,,+912271873695,https://www.practo.com/mumbai/hospital/heal-institute-colaba-1?referrer=hospital_listing,https://images1-fabric.practo.com/heal-institute-colaba-centre-mumbai-1453354172-56a06cbc64802.jpg,VN,practo,,1.0,canonical,54,Q4,Q4-Sub-Q4,Ultra Premium,0.405642
hosp_33731b3d776d483a,Surya Hospitals,surya hospitals,Mumbai,Hospital,Chembur,,19.053429721624152,72.90752830091544,87608b56dffffff,,68.0,20.0,True,,0.0,10000.0,4.5,11.0,,+912048554741,https://www.practo.com/mumbai/hospital/surya-hospitals-chembur?referrer=hospital_listing,https://images1-fabric.practo.com/practices/1446529/surya-hospitals-mumbai-65855b824215c.png,VN,practo,,1.0,canonical,55,Q4,Q4-Sub-Q4,Ultra Premium,0.401192
hosp_eba9772a9c58f12e,Karuna Hospital,karuna hospital,Mumbai,Hospital,Borivali West,,19.222536079141,72.861521244049,87608b473ffffff,,14.0,12.0,True,,0.0,2000.0,5.0,29.0,1971.0,+912071173179,https://www.practo.com/mumbai/hospital/karuna-hospital-borivali-west-1?referrer=hospital_listing,https://images1-fabric.practo.com/practices/671080/karuna-hospital-mumbai-6655ef8c60cda.png,VN,practo,,1.0,canonical,56,Q4,Q4-Sub-Q4,Ultra Premium,0.400689
hosp_cb91a2d2bb12911b,Gleneagles Hospitals,gleneagles hospitals,Mumbai,Hospital,Parel,,18.999498499000698,72.84092590212822,87608b0a4ffffff,,34.0,23.0,True,,1500.0,5000.0,4.5,420.0,,+912249398292,https://www.practo.com/mumbai/hospital/global-hospital-dadar-east?referrer=hospital_listing,https://images1-fabric.practo.com/practices/982258/global-hospitals-mumbai-65e96a6f71bde.png,VN,practo,,1.0,canonical,57,Q4,Q4-Sub-Q4,Ultra Premium,0.39976
hosp_713cdd1d38970fff,Jain Hospital,jain hospital,Mumbai,Hospital,Goregaon West,,19.16364,72.83782,87608b461ffffff,,1.0,1.0,True,,1000.0,1000.0,5.0,257.0,,+912071177320,https://www.practo.com/mumbai/hospital/jain-hospital-goregaon-west-2?referrer=hospital_listing,https://images1-fabric.practo.com/practices/896165/jain-hospital-mumbai-67776cc14a133.png,ABS,practo,,1.0,canonical,58,Q4,Q4-Sub-Q3,Super Premium,0.397676
hosp_b560487b334592c8,DNA Super Speciality Hospital,dna super speciality hospital,Mumbai,Hospital,Malad,,19.200526,72.871331,87608b475ffffff,,17.0,18.0,True,,500.0,3500.0,5.0,58.0,,+912071171706,https://www.practo.com/mumbai/hospital/dna-multispeciality-hospital-malad-east?referrer=hospital_listing,https://images1-fabric.practo.com/practices/678577/dna-multispeciality-hospital-mumbai-629d8d51e86d0.png,VN,practo,,1.0,canonical,59,Q4,Q4-Sub-Q3,Super Premium,0.397136
hosp_656957fb045673ce,Bombay Hospital & Medical Research Centre,bombay hospital medical research centre,Mumbai,Hospital,Marine Lines,,18.94107,72.82782,87608b032ffffff,,78.0,39.0,True,,0.0,5000.0,4.0,573.0,,+912071173197,https://www.practo.com/mumbai/hospital/bombay-hospital-medical-research-centre-marine-lines?referrer=hospital_listing,https://images1-fabric.practo.com/practices/896702/bombay-hospital-medical-research-centre-mumbai-6663ff409f31c.png,ABS,practo,,1.0,canonical,60,Q4,Q4-Sub-Q3,Super Premium,0.395688
hosp_9076b77a59220ac8,Powai  Hospital,powai hospital,Mumbai,Hospital,Powai,,19.1238126,72.9165729,87608b541ffffff,,8.0,14.0,True,,600.0,1200.0,5.0,94.0,,+912071173203,https://www.practo.com/mumbai/hospital/powai-polyclinic-hospital-powai-1?referrer=hospital_listing,https://images1-fabric.practo.com/practices/667225/powai-hospital-mumbai-6666c162c6fc8.png,VN,practo,,1.0,canonical,61,Q4,Q4-Sub-Q3,Super Premium,0.395164
hosp_a9ea1cef2560d96f,Cutis Skin Studio,cutis skin studio,Mumbai,Hospital,Kemps Corner,,18.96412,72.80499,87608b010ffffff,,1.0,2.0,True,,4000.0,4000.0,5.0,221.0,,+912071173190,https://www.practo.com/mumbai/hospital/cutis-kemps-girgaon?referrer=hospital_listing,https://images1-fabric.practo.com/53482cd60dac64299c6d1e01dfe6f394a5c65014f3ad6.jpg,VN,practo,,1.0,canonical,62,Q4,Q4-Sub-Q3,Super Premium,0.394016
hosp_c490e1077218098a,OrthoSquare,orthosquare,Mumbai,Hospital,Borivali West,,19.224276517166,72.86162853241,87608b473ffffff,,2.0,1.0,True,25.0,400.0,400.0,5.0,220.0,,+912071187259,https://www.practo.com/mumbai/hospital/orthosquare-borivali-east?referrer=hospital_listing,https://images1-fabric.practo.com/practices/1117349/orthosquare-mumbai-5ad5eb68398b7.png,VN,practo,,1.0,canonical,63,Q4,Q4-Sub-Q3,Super Premium,0.393467
hosp_a5bed991c91a60f0,Eye Solutions - The complete eye hospital,eye solutions complete eye hospital,Mumbai,Hospital,Tardeo,,18.9641353,72.8049844,87608b010ffffff,,5.0,3.0,False,,0.0,1500.0,5.0,560.0,,+918037298998,https://www.practo.com/mumbai/hospital/eye-solutions-cumballa-hill?referrer=hospital_listing,https://images1-fabric.practo.com/eye-solutions-mumbai-1480501243-583ea7fb541b8.jpg,VN,practo,,1.0,canonical,64,Q4,Q4-Sub-Q3,Super Premium,0.389569
hosp_6abb6ff462c9e4f4,Zynova Shalby Hospital,zynova shalby hospital,Mumbai,Hospital,Ghatkopar West,,19.089021,72.906955,87608b56affffff,,39.0,22.0,True,,900.0,3000.0,4.5,57.0,2007.0,+912048552984,https://www.practo.com/mumbai/hospital/zynova-heart-hospital-ghatkopar-west-2?referrer=hospital_listing,https://images1-fabric.practo.com/practices/1115704/zynova-shalby-hospital-mumbai-65afab8e16a4e.png,VN,practo,,1.0,canonical,65,Q4,Q4-Sub-Q3,Super Premium,0.388414
hosp_b7eb9d2eecb85e2d,Siddhi Nursing Home,siddhi nursing home,Mumbai,Hospital,Kandivali West,,19.2178217,72.82882257,87608b440ffffff,,2.0,3.0,True,,1500.0,1500.0,5.0,166.0,,+918037315097,https://www.practo.com/mumbai/hospital/siddhi-nursing-home-kandivali-west?referrer=hospital_listing,https://images1-fabric.practo.com/practices/1240302/siddhi-nursing-home-mumbai-5c4875ba38636.jpeg,VN,practo,,1.0,canonical,66,Q4,Q4-Sub-Q3,Super Premium,0.386925
hosp_dc4ad10122a44803,Healthspring Clinic,healthspring clinic,Mumbai,Hospital,Khar West,,19.0683,72.8333,87608b0b1ffffff,,5.0,6.0,True,13.0,300.0,600.0,5.0,126.0,,+912071187164,https://www.practo.com/mumbai/hospital/healthspring-clinic-khar-west-1?referrer=hospital_listing,https://images1-fabric.practo.com/healthspring-clinic-mumbai-1448280048-5652fff0a93f2.jpg,VN,practo,,1.0,canonical,67,Q4,Q4-Sub-Q3,Super Premium,0.386816
hosp_fd4b86d1de96f538,Aditya Nursing Home,aditya nursing home,Mumbai,Hospital,Andheri East,,19.12432,72.85707,87608b096ffffff,,2.0,2.0,True,,0.0,800.0,4.5,1497.0,,+912071173172,https://www.practo.com/mumbai/hospital/aditya-nursinghome-andheri-east?referrer=hospital_listing,,VN,practo,,1.0,canonical,68,Q4,Q4-Sub-Q3,Super Premium,0.386395
hosp_6e1bd26b026bf0e0,City Hospital-kurla,city hospital kurla,Mumbai,Hospital,Kurla West,,19.0812692,72.8817851,87608b0b6ffffff,,2.0,2.0,True,,400.0,500.0,5.0,104.0,2004.0,+912071173193,https://www.practo.com/mumbai/hospital/city-hospital-kurla-kurla-west?referrer=hospital_listing,https://images1-fabric.practo.com/practices/675711/city-hospital-kurla-mumbai-666bd1a4cf94b.png,VN,practo,,1.0,canonical,69,Q4,Q4-Sub-Q3,Super Premium,0.385757
hosp_ce166a7643aa494b,"Alana Skin, Hair and Laser Clnic",alana skin hair laser clnic,Mumbai,Hospital,Ghatkopar East,,19.0822240493525,72.90898930281402,87608b56affffff,,1.0,1.0,True,,500.0,500.0,5.0,184.0,,+912271873699,https://www.practo.com/mumbai/hospital/alaana-skin-and-hair-clinic-ghatkopar-east?referrer=hospital_listing,https://images1-fabric.practo.com/practices/1034921/alaana-skin-hair-and-laser-clinic-mumbai-632c4d9420334.PNG,VN,practo,,1.0,canonical,70,Q4,Q4-Sub-Q3,Super Premium,0.385428
hosp_336bc8b5db2c8b0e,Bhatia  Hospital,bhatia hospital,Mumbai,Hospital,Tardeo,,18.96557,72.81342,87608b016ffffff,,53.0,33.0,True,,0.0,3000.0,4.0,314.0,1932.0,+912071173226,https://www.practo.com/mumbai/hospital/bhatia-hospital-tardeo-3?referrer=hospital_listing,https://images1-fabric.practo.com/bhatia-hospital-mumbai-1450348017-56728df1b4c2e.png,VN,practo,,1.0,canonical,71,Q4,Q4-Sub-Q3,Super Premium,0.384894
hosp_46e1e3bfb825c0b9,Orthosquare Dental Clinic,orthosquare dental clinic,Mumbai,Hospital,Bandra West,,19.061103828325,72.836879454553,87608b0b1ffffff,,3.0,1.0,True,25.0,0.0,500.0,5.0,163.0,,+912048554750,https://www.practo.com/mumbai/hospital/orthosquare-bandra-west-1?referrer=hospital_listing,https://images1-fabric.practo.com/practices/1152929/orthosquare-dental-clinic-mumbai-59a535788c4c5.png,VN,practo,,1.0,canonical,72,Q4,Q4-Sub-Q3,Super Premium,0.383983
hosp_6e5a6a9fdb23a262,32 Care (Surana Sethia Hospital),32 care surana sethia hospital,Mumbai,Hospital,Chembur East,,19.053778362972228,72.88764663040638,87608b569ffffff,,1.0,1.0,False,,250.0,250.0,5.0,571.0,,+912071173182,https://www.practo.com/mumbai/hospital/32-care-surana-sethia-hospital-chembur-east?referrer=hospital_listing,,VN,practo,,1.0,canonical,73,Q4,Q4-Sub-Q3,Super Premium,0.380731
hosp_4b75e658dd94a3ec,Hiranandani hospital,hiranandani hospital,Mumbai,Hospital,Powai,,19.120780547701,72.916131019592,87608b541ffffff,,44.0,30.0,True,,0.0,1800.0,,6.0,,+912071173224,https://www.practo.com/mumbai/hospital/hiranandani-hospital-powai-1?referrer=hospital_listing,,VN,practo,,1.0,canonical,74,Q4,Q4-Sub-Q3,Super Premium,0.379477
hosp_d3c992a8d3204cae,Gandhi Advanced Dental Care,gandhi advanced dental care,Mumbai,Hospital,Sion West,,19.043778,72.863641,87608b0b4ffffff,,1.0,1.0,True,,0.0,800.0,5.0,150.0,,+912071173225,https://www.practo.com/mumbai/hospital/gandhi-advanced-dental-care-dr-kaushik-gandhi-sion?referrer=hospital_listing,https://images1-fabric.practo.com/practices/648736/gandhi-advanced-dental-care-mumbai-5b039f5d69be6.jpg,VN,practo,,1.0,canonical,75,Q4,Q4-Sub-Q3,Super Premium,0.377899
hosp_84d2e87cdaa4c736,Seven Star Multispeciality Hospital,seven star multispeciality hospital,Mumbai,Hospital,Kandivali East,,19.211453,72.873722,87608b471ffffff,,7.0,12.0,True,,0.0,2500.0,5.0,68.0,,+912071173189,https://www.practo.com/mumbai/hospital/seven-star-multispeciality-hospital-kandivali-east?referrer=hospital_listing,https://images1-fabric.practo.com/practices/765523/seven-stars-multispeciality-hospital-mumbai-5ab0f3a79d97f.jpg,VN,practo,,1.0,canonical,76,Q4,Q4-Sub-Q3,Super Premium,0.377107
hosp_b7d6405e49e297fd,Dr. Mendadkar's Children Hospital,dr mendadkar s children hospital,Mumbai,Hospital,Kurla East,,19.06269,72.8832,87608b569ffffff,,2.0,2.0,False,,500.0,750.0,5.0,455.0,,+912071173193,https://www.practo.com/mumbai/hospital/dr-mendadkar-s-children-hospital-kurla-east?referrer=hospital_listing,https://images1-fabric.practo.com/54f9ca641a7982aa729bf4e29f1328f5108c62fa90fdb.jpg,VN,practo,,1.0,canonical,77,Q4,Q4-Sub-Q3,Super Premium,0.373629
hosp_f57d345cd50f6949,Patel Eye Care - Super Speciality Eye Clinic,patel eye care super speciality eye clinic,Mumbai,Hospital,Kandivali East,,19.20884251238627,72.86667946726084,87608b471ffffff,,2.0,1.0,False,,900.0,900.0,5.0,461.0,,+917969200955,https://www.practo.com/mumbai/hospital/patel-eye-care-super-speciality-eye-clinic-kandivali-east?referrer=hospital_listing,https://images1-fabric.practo.com/patel-eye-care-super-speciality-eye-clinic-mumbai-1461329926-571a200698e27.jpg,ABS,practo,,1.0,canonical,78,Q4,Q4-Sub-Q3,Super Premium,0.372315
hosp_44950dafc6182e7f,Shree Ganesha Hospital,shree ganesha hospital,Mumbai,Hospital,Borivali West,,19.2281748,72.8458845,87608b446ffffff,,20.0,19.0,True,,500.0,2000.0,5.0,25.0,,+912048553253,https://www.practo.com/mumbai/hospital/shree-ganesha-hospital-1-borivali-west?referrer=hospital_listing,https://images1-fabric.practo.com/practices/1070757/shree-ganesha-hospital-mumbai-5e4a821eb3a7d.png,VN,practo,,1.0,canonical,79,Q4,Q4-Sub-Q3,Super Premium,0.371951
hosp_c4300471b14512a9,Dr Shah's Garbhasanskar Hospital,dr shah s garbhasanskar hospital,Mumbai,Hospital,Dadar,,19.02532,72.83978,87608b0a6ffffff,,2.0,3.0,False,,1500.0,1500.0,5.0,412.0,,+912071173182,https://www.practo.com/mumbai/hospital/dr-shah-s-garbhasanskar-hospital-dadar?referrer=hospital_listing,,VN,practo,,1.0,canonical,80,Q4,Q4-Sub-Q3,Super Premium,0.371287
hosp_a9a76d729e1c4476,Sakhiya Skin Clinic,sakhiya skin clinic,Mumbai,Hospital,Andheri West,,19.1387321,72.825407,87608b092ffffff,,1.0,1.0,False,,1000.0,1000.0,5.0,466.0,,+912071173175,https://www.practo.com/mumbai/hospital/dr-sharmila-nayak-sakhiya-skin-clinic-andheri-west?referrer=hospital_listing,https://images1-fabric.practo.com/practices/738192/sakhiya-skin-clinic-mumbai-65a7acea3d785.png,VN,practo,,1.0,canonical,81,Q4,Q4-Sub-Q3,Super Premium,0.371285
hosp_c3209c4271a9831c,SAGE Hospital,sage hospital,Mumbai,Hospital,Malad West,,19.180967721427862,72.83197671175003,87608b463ffffff,,2.0,3.0,True,,1000.0,2000.0,5.0,93.0,,+912071171708,https://www.practo.com/mumbai/hospital/sage-hospital-malad-west?referrer=hospital_listing,https://images1-fabric.practo.com/practices/1106551/sage-hospital-mumbai-59101bed6b8e0.png,VN,practo,,1.0,canonical,82,Q4,Q4-Sub-Q3,Super Premium,0.364969
hosp_35767b612e1ab906,Smile Centre Dental Clinic,smile centre dental clinic,Mumbai,Hospital,Bhandup West,,19.146195512095,72.93570358532,87608b542ffffff,,2.0,1.0,False,,400.0,400.0,5.0,243.0,2005.0,+912071173266,https://www.practo.com/mumbai/hospital/smilecentre-dental-clinic-bhandup-west?referrer=hospital_listing,https://images1-fabric.practo.com/530c36c412fdb0a3f6f7f5b33baf9ac3f58d11a2550e3.jpg,VN,practo,,1.0,canonical,83,Q4,Q4-Sub-Q3,Super Premium,0.364614
hosp_cc1c2749b499d78a,Saifee Hospital,saifee hospital,Mumbai,Hospital,Charni Road,,18.952543855127896,72.81824111938477,87608b014ffffff,,70.0,36.0,True,,0.0,3000.0,4.0,234.0,,+912067325809,https://www.practo.com/mumbai/hospital/saifee-hospital-charni-road-2?referrer=hospital_listing,https://images1-fabric.practo.com/saifee-hospital-mumbai-1471800291-57b9e3e3c2ec4.png,VN,practo,,1.0,canonical,84,Q4,Q4-Sub-Q3,Super Premium,0.364514
hosp_a9198aee476bc776,The Vein Center - Sushrut Hospital,vein center sushrut hospital,Mumbai,Hospital,Andheri East,,19.120787278617,72.879581933428,87608b548ffffff,,1.0,3.0,False,,2000.0,2000.0,5.0,354.0,,+912248962287,https://www.practo.com/mumbai/hospital/the-vein-center-sushrut-hospital-andheri-east?referrer=hospital_listing,https://images1-fabric.practo.com/542949cce9627a833fb8c60402b68613b4bd9058749bb.jpg,VN,practo,,1.0,canonical,85,Q4,Q4-Sub-Q3,Super Premium,0.36363
hosp_08fad745b7d70255,"Nanavati Max Super Speciality Hospital, Mumbai",nanavati max super speciality hospital mumbai,Mumbai,Hospital,Juhu,,19.0958824,72.840261,87608b094ffffff,,64.0,32.0,False,,0.0,1500.0,,6.0,,+912048553064,https://www.practo.com/mumbai/hospital/nanavati-max-super-speciality-hospital-mumbai-juhu?referrer=hospital_listing,,VN,practo,,1.0,canonical,86,Q4,Q4-Sub-Q3,Super Premium,0.363325
hosp_b7bdfc20ae91452f,Gayatri Multispeciality Dental Implant Clinic,gayatri multispeciality dental implant clinic,Mumbai,Hospital,Malad West,,19.188063363383286,72.84410700201988,87608b463ffffff,,1.0,1.0,True,,100.0,100.0,5.0,102.0,,+912071173196,https://www.practo.com/mumbai/hospital/dr-viral-parikh-s-dental-clinic-malad-west?referrer=hospital_listing,https://images1-fabric.practo.com/551262de63f974b3aebf070924d9efd5756273415f5f6.jpg,VN,practo,,1.0,canonical,87,Q4,Q4-Sub-Q3,Super Premium,0.363283
hosp_428e02dfeb8b44d9,"Fortis hospital, mulund",fortis hospital mulund,Mumbai,Hospital,Mulund West,,19.180540225201632,72.95629240572453,87608b553ffffff,,42.0,23.0,True,,0.0,4000.0,,2.0,,+912048566751,https://www.practo.com/mumbai/hospital/orthocare-physiotherapy-clinic-and-rehab-centre-mulund-west?referrer=hospital_listing,https://images1-fabric.practo.com/practices/1361787/fortis-hospital-mulund-mumbai-67a9878738675.png,VN,practo,,1.0,canonical,88,Q4,Q4-Sub-Q3,Super Premium,0.362992
hosp_cac52c49f4a329a7,RD Clinic- Dr Rachita Dhurat,rd clinic dr rachita dhurat,Mumbai,Hospital,Chembur,,19.055981,72.898765,87608b569ffffff,,1.0,4.0,True,,2000.0,2000.0,4.5,1101.0,,+912071173234,https://www.practo.com/mumbai/hospital/rd-clinic-chembur-east?referrer=hospital_listing,https://images1-fabric.practo.com/55198124e5db8e7c27e0e738566c4607c42c4e33f75dd.jpg,VN,practo,,1.0,canonical,89,Q4,Q4-Sub-Q3,Super Premium,0.361688
hosp_e7156ebab2fb4e64,K.J. Somaiya Hospital ,k j somaiya hospital,Mumbai,Hospital,Sion,,19.047575739075,72.874889373779,87608b0b4ffffff,,33.0,21.0,True,,0.0,2000.0,4.5,47.0,,+912071189373,https://www.practo.com/mumbai/hospital/k-j-somaiya-hospital-sion?referrer=hospital_listing,https://images1-fabric.practo.com/practices/678500/k-j-somaiya-hospital-mumbai-5ad84379e1699.png,VN,practo,,1.0,canonical,90,Q4,Q4-Sub-Q3,Super Premium,0.359887
hosp_7c9d4821c50eb6d8,Studio 32,studio 32,Mumbai,Hospital,Gamdevi,,18.957447520566294,72.81247973442078,87608b014ffffff,,2.0,1.0,True,,500.0,500.0,5.0,89.0,,+912071173184,https://www.practo.com/mumbai/hospital/studio-32-gamdevi?referrer=hospital_listing,https://images1-fabric.practo.com/54056cc1195fbaf37a0e12880412dcd8c234a1584052f.jpg,VN,practo,,1.0,canonical,91,Q4,Q4-Sub-Q3,Super Premium,0.359476
hosp_665bb3dfb573daa8,KJ Somaiya Hospital,kj somaiya hospital,Mumbai,Hospital,Chunabhatti,,19.04670991394693,72.87459198385477,87608b0b4ffffff,,39.0,23.0,True,,0.0,800.0,,,,+912248903971,https://www.practo.com/mumbai/hospital/shushrusha-co-operative-citizen-s-hospital-dadar-west?referrer=hospital_listing,,VN,practo,,1.0,canonical,92,Q4,Q4-Sub-Q3,Super Premium,0.358345
hosp_a009383c23fbb4f7,Khandwalas Eye Hospital,khandwalas eye hospital,Mumbai,Hospital,SV Road,,19.103080523898814,72.83924717456102,87608b094ffffff,,3.0,4.0,False,,500.0,1000.0,5.0,265.0,,+912071173225,https://www.practo.com/mumbai/hospital/dr-khandwala-s-eye-hospital-hem-polyclinic-sv-road?referrer=hospital_listing,https://images1-fabric.practo.com/53f1aab74cad090781cdaf5642fea6c47d054c581eb79.jpg,VN,practo,,1.0,canonical,93,Q4,Q4-Sub-Q3,Super Premium,0.35748
hosp_fc467d26c0726b99,Prettislim Health Clinic,prettislim health clinic,Mumbai,Hospital,Bandra,,19.064312024203907,72.8371050953865,87608b0b1ffffff,,5.0,3.0,True,2.0,0.0,0.0,5.0,68.0,,+912048552984,https://www.practo.com/mumbai/hospital/prettislim-health-clinic-bandra-2?referrer=hospital_listing,https://images1-fabric.practo.com/prettislim-clinic-mumbai-1453549482-56a367aa42ba1.jpg,VN,practo,,1.0,canonical,94,Q4,Q4-Sub-Q3,Super Premium,0.357118
hosp_db3ddfdc9b06ce52,New Noor Hospital,new noor hospital,Mumbai,Hospital,Kurla West,,12.910592,77.6208384,876189243ffffff,,7.0,6.0,True,,0.0,800.0,5.0,54.0,,+912071173193,https://www.practo.com/mumbai/hospital/new-noor-hospital-kurla-west?referrer=hospital_listing,https://images1-fabric.practo.com/practices/676637/new-noor-hospital-mumbai-66693c544b43e.png,VN,practo,,1.0,canonical,95,Q4,Q4-Sub-Q3,Super Premium,0.356621
hosp_2568edc3fd4d2c88,Holy Family Hospital,holy family hospital,Mumbai,Hospital,Bandra West,,19.05522,72.82723,87608b0b1ffffff,,24.0,25.0,True,,0.0,2000.0,4.5,62.0,,+912071173176,https://www.practo.com/mumbai/hospital/holy-family-hospital-bandra-west-2?referrer=hospital_listing,https://images1-fabric.practo.com/practices/1148141/holy-family-hospital-mumbai-5931147fc363f.png,VN,practo,,1.0,canonical,96,Q4,Q4-Sub-Q3,Super Premium,0.356503
hosp_4761cd6db30e3b2f,Criticare Hospital,criticare hospital,Mumbai,Hospital,Mumbai,,19.075645,72.886602,87608b0b6ffffff,,64.0,28.0,False,,0.0,2000.0,,,,+912048552983,https://www.practo.com/mumbai/hospital/criticare-hospital-4-mumbai?referrer=hospital_listing,,VN,practo,,1.0,canonical,97,Q4,Q4-Sub-Q3,Super Premium,0.355373
hosp_8a038ff253ce238f,Apollo Dental Hospital,apollo dental hospital,Mumbai,Hospital,Tardeo,,18.969793208959835,72.8149151802063,87608b016ffffff,,8.0,1.0,True,,1000.0,1100.0,5.0,63.0,,+917971115144,https://www.practo.com/mumbai/hospital/apollo-white-dental-1-tardeo?referrer=hospital_listing,https://images1-fabric.practo.com/practices/1246182/apollo-dental-mumbai-6013dea3a7c72.PNG,ABS,practo,,1.0,canonical,98,Q4,Q4-Sub-Q3,Super Premium,0.354816
hosp_f74fec5483eef19c,Orthosquare,orthosquare,Mumbai,Hospital,Powai,,19.1880703,72.8765356,87608b475ffffff,,2.0,1.0,True,25.0,0.0,0.0,5.0,77.0,,+912071187083,https://www.practo.com/mumbai/hospital/orthosquare-powai?referrer=hospital_listing,https://images1-fabric.practo.com/practices/1152538/orthosquare-mumbai-5c6e3f468c7c4.png,VN,practo,,1.0,canonical,99,Q4,Q4-Sub-Q3,Super Premium,0.353768
hosp_a90d4d8f21bcba9e,Rajawadi Hospital,rajawadi hospital,Mumbai,Hospital,Ghatkopar East,,19.078686666552766,72.90119647979736,87608b56bffffff,,15.0,14.0,True,,0.0,1000.0,5.0,24.0,,+912071171359,https://www.practo.com/mumbai/hospital/rajawadi-hospital-ghatkopar-east-1?referrer=hospital_listing,,VN,practo,,1.0,canonical,100,Q4,Q4-Sub-Q3,Super Premium,0.353633
hosp_dacd84f7e72c7847,SRCC Children's Hospital,srcc children s hospital,Mumbai,Hospital,Worli,,18.980108991655868,72.82954897731543,87608b18bffffff,,7.0,8.0,True,,0.0,1800.0,5.0,45.0,,+912071173234,https://www.practo.com/mumbai/hospital/srcc-childrens-hospital-worli?referrer=hospital_listing,https://images1-fabric.practo.com/practices/1142752/srcc-children-s-hospital-mumbai-58f87f6dab515.jpg,VN,practo,,1.0,canonical,101,Q4,Q4-Sub-Q3,Super Premium,0.353224
hosp_b6670f31274a3d39,Healing Hands Clinic,healing hands clinic,Mumbai,Hospital,Kemps Corner,,18.964490135815,72.805380463633,87608b010ffffff,,1.0,2.0,True,,1500.0,1500.0,5.0,75.0,,+912071187164,https://www.practo.com/mumbai/hospital/healing-hands-clinic-mumbai-kemps-corner-1?referrer=hospital_listing,https://images1-fabric.practo.com/practices/1155490/healing-hands-clinic-mumbai-5996a39ed9da6.png,VN,practo,,1.0,canonical,102,Q4,Q4-Sub-Q3,Super Premium,0.353108
hosp_04fa7d73f5d58d02,Madhu Hospital,madhu hospital,Mumbai,Hospital,Bhandup West,,19.147915,72.932267,87608b55cffffff,,7.0,11.0,True,,0.0,1000.0,4.5,645.0,,+912048566751,https://www.practo.com/mumbai/hospital/madhu-hospital-bhandup-west-1?referrer=hospital_listing,https://images1-fabric.practo.com/practices/834286/madhu-hospital-mumbai-58e3d1e2b6598.png,VN,practo,,1.0,canonical,103,Q4,Q4-Sub-Q3,Super Premium,0.352492
hosp_7cb83cbdd08fb707,Smiles Inc.,smiles inc,Mumbai,Hospital,Borivali West,,19.21702,72.85102,87608b446ffffff,,2.0,1.0,False,,200.0,500.0,5.0,279.0,,+912071173178,https://www.practo.com/mumbai/hospital/smiles-inc-borivali-west?referrer=hospital_listing,https://images1-fabric.practo.com/549a4700a498d8a8a7287ecdc6ffc29e59bfa9c1b6e47.JPG,VN,practo,,1.0,canonical,104,Q4,Q4-Sub-Q3,Super Premium,0.352234
hosp_1290e5b2b3e52c85,Swami Dental Clinic,swami dental clinic,Mumbai,Hospital,Malad,,19.18831921623577,72.84344047307968,87608b463ffffff,,1.0,1.0,True,,0.0,0.0,5.0,75.0,,+912071173195,https://www.practo.com/mumbai/hospital/swami-dental-clinic-malad?referrer=hospital_listing,,VN,practo,,1.0,canonical,105,Q4,Q4-Sub-Q3,Super Premium,0.351221
hosp_facdcd4902c59fc5,Lilavati Hospital & Research Centre,lilavati hospital research centre,Mumbai,Hospital,Bandra West,,19.05121773293697,72.82911412417889,87608b0b1ffffff,,29.0,27.0,True,1.0,0.0,1500.0,,,,+912071173176,https://www.practo.com/mumbai/hospital/harley-street-women-s-clinic-andheri-west?referrer=hospital_listing,https://images1-fabric.practo.com/practices/704026/lilavati-hospital-research-centre-mumbai-67a465ec7f5dd.png,VN,practo,,1.0,canonical,106,Q4,Q4-Sub-Q3,Super Premium,0.350855
hosp_8d1b6804e97ff9b3,Prasanna Aarogya Hospital & ICU,prasanna aarogya hospital icu,Mumbai,Hospital,Mulund West,,19.17911,72.94996,87608b553ffffff,,2.0,3.0,True,,500.0,700.0,5.0,61.0,,+912071173200,https://www.practo.com/mumbai/hospital/prasanna-aarogya-hospital-icu-mulund-west-1?referrer=hospital_listing,https://images1-fabric.practo.com/550a60196a74296d6f2e7e1f705ab5e59c84a6dc009b2.jpg,VN,practo,,1.0,canonical,107,Q4,Q4-Sub-Q3,Super Premium,0.348284
hosp_9d3e74e8c347d369,Badwaik Hospital,badwaik hospital,Mumbai,Hospital,Bhandup West,,19.1502981,72.9376461,87608b542ffffff,,3.0,2.0,True,,0.0,0.0,5.0,60.0,,+912071171707,https://www.practo.com/mumbai/hospital/badwaik-hospital-bhandup-west-1?referrer=hospital_listing,https://images1-fabric.practo.com/practices/1248310/badwaik-hospital-mumbai-5cc0138df3a53.jpg,active,practo,,1.0,canonical,108,Q4,Q4-Sub-Q3,Super Premium,0.347243
hosp_3e7bbf6ae3152cb8,Signature Smiles,signature smiles,Mumbai,Hospital,Juhu,,19.11325310385,72.837194612689,87608b090ffffff,,4.0,1.0,True,7.0,500.0,500.0,5.0,60.0,,+912048566751,https://www.practo.com/mumbai/hospital/signature-smiles-juhu-2?referrer=hospital_listing,https://images1-fabric.practo.com/practices/1099180/signature-smiles-juhu-mumbai-5b55b559e20d4.png,ABS,practo,,1.0,canonical,109,Q4,Q4-Sub-Q3,Super Premium,0.34686
hosp_4215c5a0772be9c1,Aarogyam Ayurveda & Panchkarma Clinic (Mulund),aarogyam ayurveda panchkarma clinic mulund,Mumbai,Hospital,Mulund East,,19.17051,72.95901,87608b550ffffff,,1.0,1.0,False,1.0,600.0,600.0,5.0,251.0,,+912071173199,https://www.practo.com/mumbai/hospital/aarogyam-ayurvedic-clinic-mulund-east?referrer=hospital_listing,https://images1-fabric.practo.com/5246ae014c1b15608ea2d7c68c4c1f945bc478c816842.jpg,VN,practo,,1.0,canonical,110,Q4,Q4-Sub-Q3,Super Premium,0.346803
hosp_cd1167390529d363,Bhalanetra Super Speciality Eye Hospital,bhalanetra super speciality eye hospital,Mumbai,Hospital,Bhandup West,,19.15021405187,72.933507464514,87608b55cffffff,,1.0,1.0,True,,700.0,700.0,5.0,66.0,,+912048553248,https://www.practo.com/mumbai/hospital/bhalanetra-superspeciality-eye-hospital-bhandup-west?referrer=hospital_listing,https://images1-fabric.practo.com/practices/1242416/bhalanetra-super-speciality-eye-hospital-mumbai-5cf650bca472a.jpg,VN,practo,,1.0,canonical,111,Q4,Q4-Sub-Q3,Super Premium,0.346142
hosp_2451aca094104cfd,Shraddha Polyclinic & Nursing Home,shraddha polyclinic nursing home,Mumbai,Hospital,Bhandup,,19.171411807698,72.950433790684,87608b551ffffff,,1.0,3.0,True,,500.0,500.0,5.0,60.0,,+912071533932,https://www.practo.com/mumbai/hospital/meena-multispeciality-hospital-bhandup-west?referrer=hospital_listing,https://images1-fabric.practo.com/practices/1143103/shraddha-polyclinic-nursing-home-mumbai-665efb09abab3.png,ABS,practo,,1.0,canonical,112,Q4,Q4-Sub-Q3,Super Premium,0.346122
hosp_21436a3531a89206,Insight Eye Clinic,insight eye clinic,Mumbai,Hospital,Matunga,,19.024029,72.851029,87608b0a6ffffff,,3.0,1.0,False,2.0,1000.0,2000.0,5.0,224.0,,+912071179000,https://www.practo.com/mumbai/hospital/insight-eye-clinic?referrer=hospital_listing,https://images1-fabric.practo.com/712a02af85fe1e948c08b8ea7810e8d4,ABS,practo,,1.0,canonical,113,Q4,Q4-Sub-Q3,Super Premium,0.34563
hosp_bd38f589ebd83c67,Kusum Superspeciality Orthopaedic Centre,kusum superspeciality orthopaedic centre,Mumbai,Hospital,Andheri East,,19.105544042762,72.887319820002,87608b54dffffff,,1.0,1.0,True,,500.0,500.0,5.0,64.0,,+912071173172,https://www.practo.com/mumbai/hospital/clinic-kusum-superspeciality-orthopaedic-centre?referrer=hospital_listing,https://images1-fabric.practo.com/practices/781386/kusum-superspeciality-orthopaedic-centre-mumbai-5955fd8687d26.jpg,VN,practo,,1.0,canonical,114,Q4,Q4-Sub-Q2,Premium,0.344917
hosp_b7ea8dafd4e4cabd,Criticare Hospital,criticare hospital,Mumbai,Hospital,Andheri West,,,,,,37.0,21.0,False,,0.0,2000.0,5.0,20.0,,+912071173175,https://www.practo.com/mumbai/hospital/criticare-hospital-5-andheri-west-2?referrer=hospital_listing,,VN,practo,,0.6,canonical,115,Q4,Q4-Sub-Q2,Premium,0.344089
hosp_89d0bd26ea79f6dd,Dental Clinic,dental clinic,Mumbai,Hospital,Vileparle West,,19.108453584970732,72.83564331901857,87608b094ffffff,,3.0,1.0,False,,0.0,500.0,5.0,214.0,,+912071173233,https://www.practo.com/mumbai/hospital/dr-kanir-bhatia-s-dental-clinic-vileparle-west?referrer=hospital_listing,,VN,practo,,1.0,canonical,116,Q4,Q4-Sub-Q2,Premium,0.343959
hosp_a7b8732d1d843d5b,Ashwini Hospital & ICCU,ashwini hospital iccu,Mumbai,Hospital,Mulund West,,19.17538,72.951442,87608b553ffffff,,4.0,5.0,True,,400.0,700.0,5.0,46.0,,+912071173200,https://www.practo.com/mumbai/hospital/ashwini-hospital-iccu-mulund-west-1?referrer=hospital_listing,https://images1-fabric.practo.com/practices/766690/ashwini-hospital-iccu-mumbai-5b28f4ca61ef1.jpg,VN,practo,,1.0,canonical,117,Q4,Q4-Sub-Q2,Premium,0.343909
hosp_1f596ec33f482bb7,Pooja Maternity Nursing Home & Ent Center,pooja maternity nursing home ent center,Mumbai,Hospital,Ghatkopar West,,19.09455,72.89983,87608b54cffffff,,6.0,11.0,True,,0.0,1200.0,4.5,116.0,1986.0,+912048552186,https://www.practo.com/mumbai/hospital/pooja-maternity-nursing-home-and-ent-center-ghatkopar-west?referrer=hospital_listing,https://images1-fabric.practo.com/532aa7022f9b1e5befbce9e63b12d44fb97369ec732d4.jpg,VN,practo,,1.0,canonical,118,Q4,Q4-Sub-Q2,Premium,0.343344
hosp_f039c84ffa9d6965,Akanksha Maternity & Surgical Hospital,akanksha maternity surgical hospital,Mumbai,Hospital,Andheri West,,19.1288573,72.8270185,87608b092ffffff,,2.0,1.0,True,,800.0,800.0,5.0,56.0,,+912048553254,https://www.practo.com/mumbai/hospital/akanksha-maternity-and-surgica-lhospital-andheri-west?referrer=hospital_listing,https://images1-fabric.practo.com/aakansha-maternity-home-1487827778-58ae73426933b.jpg,VN,practo,,1.0,canonical,119,Q4,Q4-Sub-Q2,Premium,0.341111
hosp_42b73bf745643ede,Vivanta Hospital,vivanta hospital,Mumbai,Hospital,Malad West,,19.178838,72.842796,87608b463ffffff,,18.0,16.0,True,,0.0,1500.0,4.5,142.0,,+912071173197,https://www.practo.com/mumbai/hospital/vivanta-hospital-malad-west-2?referrer=hospital_listing,https://images1-fabric.practo.com/practices/1146710/vivanta-hospital-mumbai-5a0d8867a100b.png,VN,practo,,1.0,canonical,120,Q4,Q4-Sub-Q2,Premium,0.340184
hosp_d0f05803c1a7d2eb,Tara Neo-Surg Hospital,tara neo surg hospital,Mumbai,Hospital,Ghatkopar East,,19.075665065855986,72.90303111076355,87608b56bffffff,,5.0,6.0,True,,0.0,2000.0,5.0,36.0,,+912071173185,https://www.practo.com/mumbai/hospital/tara-neo-surg-hospital-ghatkopar-east-1?referrer=hospital_listing,https://images1-fabric.practo.com/552e706a1bf07611e23eaf4a64d2f06f86c7485a55e78.jpg,VN,practo,,1.0,canonical,121,Q4,Q4-Sub-Q2,Premium,0.337898
hosp_072ea773f270bd80,Dentline,dentline,Mumbai,Hospital,Gamdevi,,18.958610504062793,72.81112991273403,87608b014ffffff,,2.0,1.0,True,,0.0,1.0,5.0,51.0,,+912071173184,https://www.practo.com/mumbai/hospital/dentline-gamdevi-1?referrer=hospital_listing,https://images1-fabric.practo.com/practices/798199/dentline-mumbai-58e3893b30571.jpg,VN,practo,,1.0,canonical,122,Q4,Q4-Sub-Q2,Premium,0.337408
hosp_c21369e80c199ba9,Jupiter Hospital Speciality Clinic,jupiter hospital speciality clinic,Mumbai,Hospital,Mulund West,,19.175533686819,72.943709492683,87608b55effffff,,12.0,15.0,True,,650.0,1600.0,4.5,228.0,,+912048556100,https://www.practo.com/mumbai/hospital/jupiter-hospital-speciality-clinic-mulund-west?referrer=hospital_listing,https://images1-fabric.practo.com/practices/789149/jupiter-hospital-speciality-clinic-thane-5c6d203c43fe3.png,VN,practo,,1.0,canonical,123,Q4,Q4-Sub-Q2,Premium,0.336934
hosp_2986aee27df9c48b,Saraogi Hospital & IRIS IVF Centre,saraogi hospital iris ivf centre,Mumbai,Hospital,Ghatkopar West,,19.190045476193,72.846474373016,87608b444ffffff,,5.0,3.0,True,2.0,700.0,1000.0,4.5,674.0,,+912248968624,https://www.practo.com/mumbai/hospital/saraogi-hospital-iris-ivf-endoscopy-centre-malad-west?referrer=hospital_listing,https://images1-fabric.practo.com/practices/983269/saraogi-hospital-iris-ivf-centre-mumbai-5c49c915b801f.png,VN,practo,,1.0,canonical,124,Q4,Q4-Sub-Q2,Premium,0.336414
hosp_b015611b5b68d4a9,Indo Nippon IVF,indo nippon ivf,Mumbai,Hospital,Bandra West,,19.059635515341082,72.83172909166751,87608b0b1ffffff,,2.0,2.0,True,,0.0,1500.0,5.0,46.0,,+912071173196,https://www.practo.com/mumbai/hospital/indo-nippon-ivf-bandra-west?referrer=hospital_listing,https://images1-fabric.practo.com/practices/838893/indo-nippon-ivf-mumbai-5c1b507dd1386.jpg,VN,practo,,1.0,canonical,125,Q4,Q4-Sub-Q2,Premium,0.335242
hosp_4576021ce600b2fe,Benzer Nursing Home,benzer nursing home,Mumbai,Hospital,Andheri West,,19.113611,72.871389,87608b549ffffff,,3.0,3.0,False,,1000.0,1500.0,5.0,63.0,1986.0,+912071173173,https://www.practo.com/mumbai/hospital/benzer-nursing-home-andheri-west?referrer=hospital_listing,https://images1-fabric.practo.com/558bebff0f187b23f499ed18ef75a7dd9851f5cdd3b99.jpg,VN,practo,,1.0,canonical,126,Q4,Q4-Sub-Q2,Premium,0.334405
hosp_f4f3f41749f75afa,Shree Hospital,shree hospital,Mumbai,Hospital,Chembur,,19.06074,72.900435,87608b569ffffff,,7.0,6.0,True,,0.0,1500.0,5.0,29.0,,+912071173181,https://www.practo.com/mumbai/hospital/shree-hospital-chembur?referrer=hospital_listing,https://images1-fabric.practo.com/practices/659707/shree-hospital-mumbai-6656e5704296c.png,VN,practo,,1.0,canonical,127,Q4,Q4-Sub-Q2,Premium,0.333009
hosp_56c6f741358baaa7,Precision Eye Hospital,precision eye hospital,Mumbai,Hospital,Andheri West,,19.146606470976824,72.82919995486736,87608b092ffffff,,1.0,1.0,True,,1000.0,1000.0,5.0,47.0,,+912048553253,https://www.practo.com/mumbai/hospital/precision-eye-hospital-lokhandwala?referrer=hospital_listing,https://images1-fabric.practo.com/practices/1326321/precision-eye-hospital-mumbai-6093952fb1fed.jpg,VN,practo,,1.0,canonical,128,Q4,Q4-Sub-Q2,Premium,0.332692
hosp_bccba872440ca85b,Gem Hospital,gem hospital,Mumbai,Hospital,Kandivali West,,19.2033781,72.8417039,87608b444ffffff,,3.0,3.0,True,,0.0,1500.0,5.0,38.0,,+912071172687,https://www.practo.com/mumbai/hospital/surana-hospital-and-research-center-1-malad-west?referrer=hospital_listing,https://images1-fabric.practo.com/practices/1420414/gem-hospital-mumbai-64e4981fc6d62.png,VN,practo,,1.0,canonical,129,Q4,Q4-Sub-Q2,Premium,0.331269
hosp_b17a6d0baee1277b,Laxmi Maternity Home,laxmi maternity home,Mumbai,Hospital,Chembur,,19.068626,72.835236,87608b0b1ffffff,,1.0,1.0,True,,1000.0,1000.0,5.0,42.0,,+912071173181,https://www.practo.com/mumbai/hospital/lakshmi-maternity-home-chembur?referrer=hospital_listing,,VN,practo,,1.0,canonical,130,Q4,Q4-Sub-Q2,Premium,0.328318
hosp_d5a608631ebf4fbb,OrthoSquare,orthosquare,Mumbai,Hospital,Kandivali West,,19.214362415502382,72.8410291183021,87608b446ffffff,,1.0,1.0,False,25.0,0.0,0.0,5.0,149.0,,+912048556100,https://www.practo.com/mumbai/hospital/orthosquare-kandivali-west-1?referrer=hospital_listing,https://images1-fabric.practo.com/practices/1152931/orthosquare-mumbai-59b0d3dd69fb2.png,VN,practo,,1.0,canonical,131,Q4,Q4-Sub-Q2,Premium,0.327651
hosp_f9b6681033dfaf94,Galaxy IVF and Endoscopic Centre - Uma Hospital,galaxy ivf endoscopic centre uma hospital,Mumbai,Hospital,Andheri East,,19.129260309954,72.87027240524,87608b54bffffff,,2.0,2.0,False,,800.0,800.0,5.0,136.0,,+912071177298,https://www.practo.com/mumbai/hospital/galaxy-ivf-and-endoscopic-centre-uma-hospital-andheri-east?referrer=hospital_listing,https://images1-fabric.practo.com/practices/1157528/phadke-s-gynaecology-and-infertility-clinic-mumbai-59f1887d82a2f.png,VN,practo,,1.0,canonical,132,Q4,Q4-Sub-Q2,Premium,0.327633
hosp_312a215083520794,HCG ICS Khubchandani Cancer Centre,hcg ics khubchandani cancer centre,Mumbai,Hospital,Nariman Point,,18.9243,72.8294,87608b030ffffff,,8.0,5.0,True,,0.0,2200.0,5.0,25.0,,+912248930459,https://www.practo.com/mumbai/hospital/hcg-ics-khubchandani-cancer-centre-nariman-point?referrer=hospital_listing,https://images1-fabric.practo.com/practices/1277621/hcg-ics-khubchandani-cancer-centre-mumbai-5e452b2a5dbac.png,ABS,practo,,1.0,canonical,133,Q4,Q4-Sub-Q2,Premium,0.327491
hosp_631e4477d2988b76,Nair Hospital,nair hospital,Mumbai,Hospital,Mumbai Central,,18.9737,72.8227,87608b016ffffff,,24.0,18.0,True,,0.0,1500.0,,7.0,,+912071173201,https://www.practo.com/mumbai/hospital/nair-hospital-mumbai-central?referrer=hospital_listing,,VN,practo,,1.0,canonical,134,Q4,Q4-Sub-Q2,Premium,0.326827
hosp_fd4822c0e6d1b590,Satyam Hospital,satyam hospital,Mumbai,Hospital,Ghatkopar West,,19.092691268718855,72.91235232340114,87608b56affffff,,4.0,3.0,True,,0.0,1500.0,5.0,32.0,,+912071173185,https://www.practo.com/mumbai/hospital/dr-prashant-jadhav-ghatkopar-west?referrer=hospital_listing,,VN,practo,,1.0,canonical,135,Q4,Q4-Sub-Q2,Premium,0.326376
hosp_0a14f4671490bf32,"Lilavati Hospital And Research Centre, Mumbai",lilavati hospital research centre mumbai,Mumbai,Hospital,Bandra,,19.0510043,72.8293225,87608b0b1ffffff,,42.0,30.0,False,,0.0,500.0,,,,+912071533870,https://www.practo.com/mumbai/hospital/lilavati-hospital-and-research-centre-mumbai-bandra?referrer=hospital_listing,,VN,practo,,1.0,canonical,136,Q4,Q4-Sub-Q2,Premium,0.326064
hosp_6db8d003c4386fc1,HCG Cancer Centre,hcg cancer centre,Mumbai,Hospital,Borivali West,,19.252973895579,72.850453779102,87608b455ffffff,,16.0,11.0,True,,2500.0,2500.0,4.5,114.0,,+912248930429,https://www.practo.com/mumbai/hospital/hcg-cancer-centre-borivali-west?referrer=hospital_listing,https://images1-fabric.practo.com/practices/1154419/hcg-apex-cancer-centre-mumbai-5989f28d93958.png,ABS,practo,,1.0,canonical,137,Q4,Q4-Sub-Q2,Premium,0.324828
hosp_d1c5d7c9d83b8892,Shruti Nursing Home,shruti nursing home,Mumbai,Hospital,Bandra West,,19.0606502,72.8298322,87608b0b1ffffff,,2.0,3.0,True,,1000.0,1000.0,5.0,13.0,1991.0,+918045688378,https://www.practo.com/mumbai/hospital/shruti-nursing-home-bandra?referrer=hospital_listing,https://images1-fabric.practo.com/shruti-nursing-home-mumbai-1489069751-58c166b7b5019.png,VN,practo,,1.0,canonical,138,Q4,Q4-Sub-Q2,Premium,0.324752
hosp_eb9bab0cf370020a,Apollo Spectra Hospitals,apollo spectra hospitals,Mumbai,Hospital,Tardeo,,18.9706918,72.7321172,87608b01bffffff,,51.0,26.0,True,2.0,0.0,3000.0,4.0,92.0,,+912048553251,https://www.practo.com/mumbai/hospital/apollo-spectra-hospitals-tardeo-1?referrer=hospital_listing,https://images1-fabric.practo.com/practices/1134529/apollo-spectra-hospitals-mumbai-624e99ea363e4.jpg,VN,practo,,1.0,canonical,139,Q4,Q4-Sub-Q2,Premium,0.32475
hosp_cee861450efb0e89,Medansh Multispeciality Hospital,medansh multispeciality hospital,Mumbai,Hospital,Mulund West,,19.171908364056,72.949714958668,87608b551ffffff,,2.0,3.0,True,,0.0,700.0,5.0,33.0,,+912071179000,https://www.practo.com/mumbai/hospital/medansh-multispeciality-hospital-mulund-west?referrer=hospital_listing,https://images1-fabric.practo.com/n-m-gandhi-sarvajanik-hospital-and-the-fertility-institute-mumbai-1457367675-56ddaa7bd8492.jpg,VN,practo,,1.0,canonical,140,Q4,Q4-Sub-Q2,Premium,0.324495
hosp_872575c430411a3d,Yashwant Maternity Hospital,yashwant maternity hospital,Mumbai,Hospital,Vikhroli East,,19.11516689039,72.933553313785,87608b540ffffff,,1.0,1.0,True,,700.0,700.0,5.0,38.0,,+912071173226,https://www.practo.com/mumbai/hospital/yashwant-maternity-hospital-vikhroli-east?referrer=hospital_listing,https://images1-fabric.practo.com/practices/1178055/yashwant-maternity-hospital-mumbai-6125e332edca6.png,VN,practo,,1.0,canonical,141,Q4,Q4-Sub-Q2,Premium,0.324488
hosp_74fb6c71b86e00da,Roshni Eye Hospital,roshni eye hospital,Mumbai,Hospital,Andheri West,,19.11294,72.83794,87608b090ffffff,,1.0,1.0,True,,800.0,800.0,5.0,38.0,,+912071173172,https://www.practo.com/mumbai/hospital/roshni-eye-hospital-andheri-west?referrer=hospital_listing,https://images1-fabric.practo.com/55646b23dc305273c7dba14c1dc4995c8dee1e9d7ce94.JPG,VN,practo,,1.0,canonical,142,Q4,Q4-Sub-Q2,Premium,0.324488
hosp_f6a08d04a18e71c3,Thunga Hospital,thunga hospital,Mumbai,Hospital,Mira Bhayandar,,19.2920519,72.8621409,87608b452ffffff,,17.0,15.0,True,,350.0,2000.0,4.5,46.0,,+912071173198,https://www.practo.com/mumbai/hospital/thunga-hospital-mira-bhayandar-2?referrer=hospital_listing,https://images1-fabric.practo.com/practices/676303/thunga-hospital-mumbai-5c53fab10d3c6.png,VN,practo,,1.0,canonical,143,Q4,Q4-Sub-Q2,Premium,0.324314
hosp_2f853fd30a63c741,Family Care Hospitals,family care hospitals,Mumbai,Hospital,Mahim,,19.0401825,72.8444624,87608b0b5ffffff,,16.0,14.0,True,,0.0,1000.0,4.5,61.0,,+912071173194,https://www.practo.com/mumbai/hospital/pikale-hospital-mahim?referrer=hospital_listing,,VN,practo,,1.0,canonical,144,Q4,Q4-Sub-Q2,Premium,0.323558
hosp_0900a8a728d51b41,Shiv Om Hospital,shiv om hospital,Mumbai,Hospital,Mira Road,,19.293220259227,72.860231652831,87608b452ffffff,,2.0,2.0,True,,350.0,800.0,5.0,32.0,,+912071173198,https://www.practo.com/mumbai/hospital/shiv-om-hospital-mother-and-child-care-mira-1?referrer=hospital_listing,https://images1-fabric.practo.com/practices/1196544/shiv-om-hospital-mumbai-665ecfa331b43.png,VN,practo,,1.0,canonical,145,Q4,Q4-Sub-Q2,Premium,0.321482
hosp_f8dac6804904b64d,Nair hospital,nair hospital,Mumbai,Hospital,Parel,,18.9992948,72.8394897,87608b0a4ffffff,,19.0,19.0,True,,0.0,0.0,,,,+912071187259,https://www.practo.com/mumbai/hospital/nair-hospital-1-parel?referrer=hospital_listing,,VN,practo,,1.0,canonical,146,Q4,Q4-Sub-Q2,Premium,0.320723
hosp_455f52e3fc242af8,Habib Hospital,habib hospital,Mumbai,Hospital,Dongri,,18.95970096810767,72.83675741404296,87608b189ffffff,,4.0,4.0,False,,0.0,2000.0,5.0,95.0,,+912067325814,https://www.practo.com/mumbai/hospital/habib-hospital-dongri?referrer=hospital_listing,,VN,practo,,1.0,canonical,147,Q4,Q4-Sub-Q2,Premium,0.320694
hosp_7f8e7413a829b911,Cumballa Hill Hospital and Heart Institute,cumballa hill hospital heart institute,Mumbai,Hospital,Tardeo,,18.9639217,72.8084909,87608b010ffffff,,6.0,8.0,True,,500.0,1500.0,5.0,18.0,,+912071173226,https://www.practo.com/mumbai/hospital/cumballa-hill-hospital-and-heart-institute-tardeo?referrer=hospital_listing,https://images1-fabric.practo.com/cumballa-hill-hospital-and-heart-institute-mumbai-1456459510-56cfcef68aa88.jpg,VN,practo,,1.0,canonical,148,Q4,Q4-Sub-Q2,Premium,0.319782
hosp_5c316446b74a4bc7,Dhanwantari Hospital and Research Centre,dhanwantari hospital research centre,Mumbai,Hospital,Shivaji Park,,19.075984,72.877656,87608b0b6ffffff,,9.0,13.0,True,,0.0,1000.0,5.0,10.0,,+912071173225,https://www.practo.com/mumbai/hospital/dhanwantari-hospital-and-research-centre-shivaji-park?referrer=hospital_listing,https://images1-fabric.practo.com/practices/642463/dhanwantari-hospital-and-research-centre-mumbai-5f7076cdb4c32.jpg,VN,practo,,1.0,canonical,149,Q4,Q4-Sub-Q2,Premium,0.319058
hosp_7bae09603f9e0dbd,Pandya Surgical & Maternity Hospital,pandya surgical maternity hospital,Mumbai,Hospital,Borivali,,19.2312436,72.8525579,87608b446ffffff,,1.0,3.0,True,,350.0,350.0,5.0,12.0,1994.0,+912067325804,https://www.practo.com/mumbai/hospital/pandya-surgical-maternity-hospital-borivali?referrer=hospital_listing,,VN,practo,,1.0,canonical,150,Q4,Q4-Sub-Q2,Premium,0.318836
hosp_4cd9e9f0e3d329b3,Kulkarni Hospital,kulkarni hospital,Mumbai,Hospital,Andheri West,,19.1483686,72.8282854,87608b461ffffff,,4.0,5.0,True,,0.0,1500.0,4.5,392.0,,+918037315495,https://www.practo.com/mumbai/hospital/kulkarni-hospital-andheri-west?referrer=hospital_listing,https://images1-fabric.practo.com/practices/678687/kulkarni-nursing-home-mumbai-5a1d8be729377.png,VN,practo,,1.0,canonical,151,Q4,Q4-Sub-Q2,Premium,0.31864
hosp_3f0eb96e5d3914f0,Dr Indu’s Newborn & Childcare Centre,dr indus newborn childcare centre,Mumbai,Hospital,Andheri West,,19.134561331072,72.823909601245,87608b092ffffff,,3.0,1.0,True,,1000.0,1000.0,5.0,29.0,,+912071173173,https://www.practo.com/mumbai/hospital/dr-indus-new-born-child-care-centre-andheri-west?referrer=hospital_listing,,VN,practo,,1.0,canonical,152,Q4,Q4-Sub-Q2,Premium,0.31756
hosp_b52931240783f546,Kenia Eye Hospital - Santacruz,kenia eye hospital santacruz,Mumbai,Hospital,Santacruz West,,19.08941898718397,72.8385266661644,87608b0b3ffffff,,4.0,3.0,True,2.0,600.0,1000.0,4.5,420.0,,+912071173224,https://www.practo.com/mumbai/hospital/kenia-eye-hospital-santacruz-west?referrer=hospital_listing,https://images1-fabric.practo.com/practices/654845/kenia-eye-hospital-mumbai-5a757e4487cb4.jpg,VN,practo,,1.0,canonical,153,Q4,Q4-Sub-Q2,Premium,0.316911
hosp_b6cf089ecc705fea,Surana Sethia Hospital and Research Center,surana sethia hospital research center,Mumbai,Hospital,Chembur,,19.0535473,72.8870158,87608b569ffffff,,43.0,25.0,True,,0.0,2500.0,4.0,577.0,,+912248930042,https://www.practo.com/mumbai/hospital/surana-sethia-hospital-and-research-centre-chembur?referrer=hospital_listing,https://images1-fabric.practo.com/practices/708747/surana-sethia-hospital-and-research-center-mumbai-599d54fa37e8f.jpg,ABS,practo,,1.0,canonical,154,Q4,Q4-Sub-Q2,Premium,0.316861
hosp_5994e620bf12cf05,Ashoka General Hospital,ashoka general hospital,Mumbai,Hospital,Malad,,19.181864,72.85312,87608b462ffffff,,39.0,27.0,False,,0.0,0.0,,,,+912048553256,https://www.practo.com/mumbai/hospital/ashoka-general-hospital-malad?referrer=hospital_listing,,VN,practo,,1.0,canonical,155,Q4,Q4-Sub-Q2,Premium,0.315893
hosp_67546e4ed5539e12,Rushabh Eye Hospital & Laser Centre Pvt. Ltd.,rushabh eye hospital laser centre,Mumbai,Hospital,Chembur,,19.058588944697,72.893986701965,87608b569ffffff,,4.0,1.0,False,,800.0,1000.0,5.0,96.0,,+912071177308,https://www.practo.com/mumbai/hospital/rushabh-eye-hospital-laser-centre-pvt-ltd-chembur?referrer=hospital_listing,https://images1-fabric.practo.com/practices/1155397/rushabh-eye-hospital-laser-centre-pvt-ltd-mumbai-5c07ba896a042.jpg,VN,practo,,1.0,canonical,156,Q4,Q4-Sub-Q2,Premium,0.315441
hosp_08627bff8467cb8f,Sneh Nursing Home,sneh nursing home,Mumbai,Hospital,Andheri East,,19.1211875,72.8500081,87608b096ffffff,,2.0,3.0,True,,800.0,1800.0,4.5,434.0,,+912271873699,https://www.practo.com/mumbai/hospital/sneh-nursing-home-andheri?referrer=hospital_listing,https://images1-fabric.practo.com/practices/721208/sneh-nursing-home-mumbai-5ae0454540536.jpg,VN,practo,,1.0,canonical,157,Q4,Q4-Sub-Q2,Premium,0.314919
hosp_44f3ea3faedfac55,Le Nest Hospital,le nest hospital,Mumbai,Hospital,Malad West,,19.1757898,72.8461768,87608b463ffffff,,3.0,4.0,False,,0.0,1200.0,5.0,83.0,,+912071179000,https://www.practo.com/mumbai/hospital/le-nest-hospital-malad-west-1?referrer=hospital_listing,https://images1-fabric.practo.com/le-nest-hospital-mumbai-1481281436-584a8f9cc1a82.jpg,VN,practo,,1.0,canonical,158,Q4,Q4-Sub-Q2,Premium,0.313897
hosp_98f76231aeea6694,Surana Hospital And Research Center,surana hospital research center,Mumbai,Hospital,Malad West,,19.196481329109,72.838619276057,87608b444ffffff,,50.0,23.0,True,,0.0,3000.0,4.0,309.0,,+912248905142,https://www.practo.com/mumbai/hospital/surana-hospital-and-research-center-malad-west?referrer=hospital_listing,https://images1-fabric.practo.com/practices/778301/surana-hospital-and-research-center-mumbai-5bbf463f5a0cc.png,ABS,practo,,1.0,canonical,159,Q4,Q4-Sub-Q2,Premium,0.311365
hosp_41635ccb2a3514a9,Paramount General Hospital & I.C.C.U,paramount general hospital i c c u,Mumbai,Hospital,Andheri East,,19.09501050531,72.887487531727,87608b54dffffff,,8.0,10.0,True,,0.0,1500.0,4.5,116.0,,+912071178179,https://www.practo.com/mumbai/hospital/paramount-general-hospital-and-i-c-c-u-andheri-east?referrer=hospital_listing,,VN,practo,,1.0,canonical,160,Q4,Q4-Sub-Q2,Premium,0.311131
hosp_71996524ccbcfa3d,Dr.Sanjeev Parikh's Children Hospital,dr sanjeev parikh s children hospital,Mumbai,Hospital,Ghatkopar West,,19.102169050638942,72.91223779320717,87608b56affffff,,1.0,1.0,True,,700.0,700.0,5.0,26.0,,+912071173185,https://www.practo.com/mumbai/hospital/dr-sanjeev-parikh-s-children-hospital-ghatkopar-west?referrer=hospital_listing,,VN,practo,,1.0,canonical,161,Q4,Q4-Sub-Q2,Premium,0.310749
hosp_1f4b376718a385d2,Sobti Hospital,sobti hospital,Mumbai,Hospital,Matunga,,19.0262324,72.8562115,87608b0a6ffffff,,1.0,1.0,True,,500.0,500.0,,6.0,1940.0,+912071173197,https://www.practo.com/mumbai/hospital/sobti-hospital-matunga?referrer=hospital_listing,https://images1-fabric.practo.com/practices/674233/sobti-hospital-mumbai-66617ce938822.png,VN,practo,,1.0,canonical,162,Q4,Q4-Sub-Q2,Premium,0.310098
hosp_590306bc013ce678,Ojas Eye Hospital,ojas eye hospital,Mumbai,Hospital,Bandra West,,19.06323,72.83446,87608b0b1ffffff,,4.0,1.0,True,1.0,1200.0,1500.0,4.5,378.0,,+912271873701,https://www.practo.com/mumbai/hospital/ojas-eye-hospital-bandra-west?referrer=hospital_listing,https://images1-fabric.practo.com/practices/984854/ojas-eye-hospital-mumbai-67b9a65022aa0.jpg,VN,practo,,1.0,canonical,163,Q4,Q4-Sub-Q2,Premium,0.310063
hosp_5e33137693202ebf,Sangita Maternity Surgical & Diagnostic Centre,sangita maternity surgical diagnostic centre,Mumbai,Hospital,Andheri West,,19.118072916411684,72.84418679773808,87608b096ffffff,,2.0,2.0,True,,1500.0,2000.0,,9.0,1971.0,+912071173172,https://www.practo.com/mumbai/hospital/sangita-maternity-surgical-diagnostic-centre-andheri-west?referrer=hospital_listing,https://images1-fabric.practo.com/practices/635089/sangita-maternity-surgical-diagnostic-centre-mumbai-592531a656dc9.PNG,VN,practo,,1.0,canonical,164,Q4,Q4-Sub-Q2,Premium,0.309524
hosp_2eaee47ea4b25c44,Janhvi Nursing Home Pvt Ltd.,janhvi nursing home,Mumbai,Hospital,Malad West,,19.18448,72.84246,87608b463ffffff,,6.0,8.0,True,,400.0,800.0,4.5,152.0,,+912071173196,https://www.practo.com/mumbai/hospital/janhvi-nursing-home-malad-west-1?referrer=hospital_listing,,VN,practo,,1.0,canonical,165,Q4,Q4-Sub-Q2,Premium,0.308016
hosp_86d9cf1777d4dfcc,Ashirwad Critical Care & Multi-Specialty Hospital,ashirwad critical care multi specialty hospital,Mumbai,Hospital,Mulund East,,19.17125948366857,72.95827925205231,87608b550ffffff,,1.0,1.0,False,,500.0,500.0,5.0,88.0,,+912071173199,https://www.practo.com/mumbai/hospital/clinico-diagnostic-center-4-mulund-east-1?referrer=hospital_listing,,VN,practo,,1.0,canonical,166,Q4,Q4-Sub-Q2,Premium,0.307529
hosp_c3509fce8658eae9,Nexus Day  Surgery Centre,nexus day surgery centre,Mumbai,Hospital,Andheri East,,19.105091164947,72.870617015649,87608b549ffffff,,6.0,5.0,True,,800.0,3000.0,5.0,14.0,,+912071187803,https://www.practo.com/mumbai/hospital/nexus-day-care-surgery-andheri-east?referrer=hospital_listing,https://images1-fabric.practo.com/practices/1398137/nexus-day-surgery-centre-mumbai-6332e5e7156c0.jpeg,VN,practo,,1.0,canonical,167,Q4,Q4-Sub-Q2,Premium,0.307228
hosp_bf5a60aa7f8cfae4,"Sharan Hospital, Mumbai",sharan hospital mumbai,Mumbai,Hospital,Ghatkopar,,19.0878502,72.9060991,87608b56affffff,,3.0,3.0,False,,0.0,1000.0,5.0,73.0,,+912048552165,https://www.practo.com/mumbai/hospital/sharan-hospital-mumbai-ghatkopar?referrer=hospital_listing,,VN,practo,,1.0,canonical,168,Q4,Q4-Sub-Q2,Premium,0.30693
hosp_d98ab24f20c843eb,Raghu Kamal’s Superspeciality Eye Hospital,raghu kamals superspeciality eye hospital,Mumbai,Hospital,Malad West,,19.193308,72.839705,87608b444ffffff,,1.0,1.0,True,,800.0,800.0,4.5,393.0,,+912071173196,https://www.practo.com/mumbai/hospital/eye-care-centre-malad-west?referrer=hospital_listing,https://images1-fabric.practo.com/practices/679711/raghu-kamal-s-superspeciality-eye-hospital-mumbai-67039bf4cfc8c.png,VN,practo,,1.0,canonical,169,Q4,Q4-Sub-Q2,Premium,0.306655
hosp_f4c8e44cff80cce0,Signature Smiles,signature smiles,Mumbai,Hospital,Andheri West,,19.136325,72.82766,87608b092ffffff,,1.0,1.0,True,7.0,500.0,500.0,5.0,23.0,,+912048553586,https://www.practo.com/mumbai/hospital/signature-smiles-andheri-west?referrer=hospital_listing,https://images1-fabric.practo.com/practices/1099221/signature-smiles-lokhandwala-mumbai-5b55a5ba2bf15.png,ABS,practo,,1.0,canonical,170,Q4,Q4-Sub-Q1,Upper-Mid Premium,0.30665
hosp_84336531f4920362,Suvidha Hospital & Polyclinic,suvidha hospital polyclinic,Mumbai,Hospital,Goregaon West,,19.16293,72.83924,87608b461ffffff,,2.0,1.0,True,,1000.0,1200.0,4.5,34.0,1986.0,+912246180968,https://www.practo.com/mumbai/hospital/suvidha-hospital-polyclinic-goregaon-west?referrer=hospital_listing,https://images1-fabric.practo.com/practices/627412/suvidha-hospital-polyclinic-mumbai-5ac5d205c8752.jpg,ABS,practo,,1.0,canonical,171,Q4,Q4-Sub-Q1,Upper-Mid Premium,0.306152
hosp_0dbbc13f3001d793,LTMG Hospital,ltmg hospital,Mumbai,Hospital,Sion West,,19.036447,72.859312,87608b19bffffff,,36.0,24.0,False,,0.0,0.0,,,,+912048556100,https://www.practo.com/mumbai/hospital/ltmg-hospital-sion-west-1?referrer=hospital_listing,,VN,practo,,1.0,canonical,172,Q4,Q4-Sub-Q1,Upper-Mid Premium,0.305721
hosp_1158b8bebdc16b8a,R K Hospital,r k hospital,Mumbai,Hospital,Santacruz East,,19.0803494,72.8399826,87608b0b3ffffff,,2.0,2.0,True,,500.0,1000.0,5.0,20.0,,+912071173224,https://www.practo.com/mumbai/hospital/r-k-hospital-santacruz-east-1?referrer=hospital_listing,,VN,practo,,1.0,canonical,173,Q4,Q4-Sub-Q1,Upper-Mid Premium,0.305608
hosp_1a24771c09dc6a18,MM Hospital,mm hospital,Mumbai,Hospital,Borivali West,,19.2489913,72.8501395,87608b455ffffff,,3.0,3.0,False,,500.0,800.0,5.0,45.0,2006.0,+912071173179,https://www.practo.com/mumbai/hospital/mm-hospital-borivali-west?referrer=hospital_listing,,VN,practo,,1.0,canonical,174,Q4,Q4-Sub-Q1,Upper-Mid Premium,0.304441
hosp_f500ecb011183c72,Bhatia Hospital,bhatia hospital,Mumbai,Hospital,Grant Road,,18.96414170544104,72.81533896923065,87608b016ffffff,,13.0,15.0,True,,0.0,2500.0,,,,+912071173187,https://www.practo.com/mumbai/hospital/bhatia-hospital-grant-road1?referrer=hospital_listing,https://images1-fabric.practo.com/practices/940284/bhatia-hospital-mumbai-66505d478e676.png,VN,practo,,1.0,canonical,175,Q4,Q4-Sub-Q1,Upper-Mid Premium,0.304153
hosp_7d3d5ab820b74a2f,BK Kidney and GI Centre,bk kidney gi centre,Mumbai,Hospital,Goregaon West,,19.16701,72.84764,87608b460ffffff,,1.0,2.0,True,,2000.0,2000.0,4.5,332.0,,+917971115434,https://www.practo.com/mumbai/hospital/bk-kidney-and-gi-centre-goregaon-west?referrer=hospital_listing,https://images1-fabric.practo.com/bk-kidney-and-gi-centre-mumbai-1456996869-56d8020538b63.jpg,ABS,practo,,1.0,canonical,176,Q4,Q4-Sub-Q1,Upper-Mid Premium,0.30401
hosp_55423fae55fedd26,Branch Bombay Hospital & Medical Research Centre,branch bombay hospital medical research centre,Mumbai,Hospital,Byculla,,18.9690627,72.8384061,87608b18bffffff,,33.0,25.0,False,,0.0,0.0,,,,+912071179000,https://www.practo.com/mumbai/hospital/branch-bombay-hospital-medical-research-centre-byculla?referrer=hospital_listing,,VN,practo,,1.0,canonical,177,Q4,Q4-Sub-Q1,Upper-Mid Premium,0.303097
hosp_2e11831ec48dcaf1,QI Spine Clinic,qi spine clinic,Mumbai,Hospital,Andheri West,,19.1399988,72.8319623,87608b092ffffff,,3.0,1.0,False,7.0,0.0,0.0,5.0,48.0,2009.0,+912048554749,https://www.practo.com/mumbai/hospital/qi-spine-clinic-andheri-west?referrer=hospital_listing,https://images1-fabric.practo.com/practices/1151076/qi-spine-clinic-andheri-mumbai-59a42f034bb54.jpeg,VN,practo,,1.0,canonical,178,Q4,Q4-Sub-Q1,Upper-Mid Premium,0.300692
hosp_425d6d947048a1d0,Mahima Polyclinic,mahima polyclinic,Mumbai,Hospital,Andheri West,,19.13066755806067,72.81836114823818,87608b093ffffff,,3.0,4.0,False,,1000.0,1500.0,5.0,59.0,,+912048556100,https://www.practo.com/mumbai/hospital/mahima-polyclinic-andheri-west?referrer=hospital_listing,https://images1-fabric.practo.com/practices/1298187/mahima-polyclinic-mumbai-5f225d98ddd36.jpg,ABS,practo,,1.0,canonical,179,Q4,Q4-Sub-Q1,Upper-Mid Premium,0.300348
hosp_1e24cfedb7af0343,Global Nursing Home,global nursing home,Mumbai,Hospital,Ghatkopar,,19.0968535,72.8943654,87608b54cffffff,,2.0,2.0,True,,500.0,600.0,5.0,11.0,2014.0,+912071173184,https://www.practo.com/mumbai/hospital/global-nursing-home-and-research-center-ghatkopar-west?referrer=hospital_listing,,VN,practo,,1.0,canonical,180,Q4,Q4-Sub-Q1,Upper-Mid Premium,0.299814
hosp_c18098266c3a4941,Aashna Nursing Home,aashna nursing home,Mumbai,Hospital,Andheri,,19.139421765164,72.823466245245,87608b092ffffff,,5.0,5.0,True,,0.0,1000.0,,5.0,1995.0,+912071178179,https://www.practo.com/mumbai/hospital/aashna-nursing-home-andheri?referrer=hospital_listing,,VN,practo,,1.0,canonical,181,Q4,Q4-Sub-Q1,Upper-Mid Premium,0.299426
hosp_7199a4950f6dac65,Shreeji Hospital,shreeji hospital,Mumbai,Hospital,Ghatkopar West,,19.0844209,72.904787,87608b56bffffff,,2.0,2.0,True,,500.0,800.0,,7.0,1983.0,+912071173185,https://www.practo.com/mumbai/hospital/shreeji-hospital-ghatkopar-west?referrer=hospital_listing,https://images1-fabric.practo.com/practices/644968/shreeji-hospital-mumbai-666d390956973.png,VN,practo,,1.0,canonical,182,Q4,Q4-Sub-Q1,Upper-Mid Premium,0.299389
hosp_f91af9d58035e9b0,Aarush IVF & Endoscopy Centre,aarush ivf endoscopy centre,Mumbai,Hospital,Mira Road,,19.120128,72.9022464,87608b54effffff,,3.0,2.0,True,,1600.0,1600.0,5.0,15.0,,+912048553263,https://www.practo.com/mumbai/hospital/aarush-hospital-mira-road?referrer=hospital_listing,https://images1-fabric.practo.com/practices/1399960/aarush-ivf-endoscopic-centre-thane-632061ffcc109.png,VN,practo,,1.0,canonical,183,Q4,Q4-Sub-Q1,Upper-Mid Premium,0.298856
hosp_d2817a726e91f9cc,Dr. Bhatt`s Hospital,dr bhatt s hospital,Mumbai,Hospital,Goregaon West,,19.1634711,72.8454312,87608b460ffffff,,2.0,1.0,True,,800.0,800.0,,9.0,1983.0,+912071173187,https://www.practo.com/mumbai/hospital/dr-bhatt-s-hospital-goregaon-west-1?referrer=hospital_listing,,VN,practo,,1.0,canonical,184,Q4,Q4-Sub-Q1,Upper-Mid Premium,0.297638
hosp_6590dc36e61bbe5b,Vansh Hospital,vansh hospital,Mumbai,Hospital,Kandivali East,,19.212595,72.864106,87608b471ffffff,,7.0,4.0,True,,800.0,1800.0,4.5,106.0,,+912071173189,https://www.practo.com/mumbai/hospital/vansh-hospital-kandivali-east-3?referrer=hospital_listing,https://images1-fabric.practo.com/practices/946625/vansh-hospital-mumbai-5a8d01c65a4db.jpg,VN,practo,,1.0,canonical,185,Q4,Q4-Sub-Q1,Upper-Mid Premium,0.297187
hosp_7ea67da81adba294,Tejnaksh Hospital,tejnaksh hospital,Mumbai,Hospital,Sion West,,19.03810339195,72.859294340014,87608b0b5ffffff,,13.0,11.0,True,,0.0,800.0,,8.0,,+912071177294,https://www.practo.com/mumbai/hospital/lion-tarachand-baba-hospital-sion-west?referrer=hospital_listing,https://images1-fabric.practo.com/practices/677095/lion-tarachand-bapa-hospital-mumbai-5cb81f828d16b.png,VN,practo,,1.0,canonical,186,Q4,Q4-Sub-Q1,Upper-Mid Premium,0.297146
hosp_77e2d4f2a25b3c9d,Kandivili Hitvardhak Mandal Hospital,kandivili hitvardhak mandal hospital,Mumbai,Hospital,Kandivali West,,,,,,11.0,10.0,True,,0.0,80.0,4.5,12.0,,+912071173189,https://www.practo.com/mumbai/hospital/kandivili-hitvardhak-mandal-hospital-kandivali-west?referrer=hospital_listing,,VN,practo,,0.6,canonical,187,Q4,Q4-Sub-Q1,Upper-Mid Premium,0.296982
hosp_c32f35b0a0ade5fb,Apex Hospitals Kandivali,apex hospitals kandivali,Mumbai,Hospital,Kandivali,,19.1628423,72.877387,87608b466ffffff,,34.0,22.0,True,3.0,800.0,2000.0,3.5,16.0,,+912248906176,https://www.practo.com/mumbai/hospital/apex-hospitals-kandivali-kandivali?referrer=hospital_listing,https://images1-fabric.practo.com/practices/1398398/apex-hospitals-kandivali-mumbai-656d83cde4d4d.jpeg,ABS,practo,,1.0,canonical,188,Q4,Q4-Sub-Q1,Upper-Mid Premium,0.296906
hosp_031e3da576d0b5b6,Mangala's Avani Health Care Centre,mangala s avani health care centre,Mumbai,Hospital,Powai,,19.124010078054663,72.91551880538464,87608b54effffff,,2.0,1.0,True,,50.0,500.0,5.0,15.0,,+912071173203,https://www.practo.com/mumbai/hospital/avani-healthcare-centre-dental-pathology-powai?referrer=hospital_listing,https://images1-fabric.practo.com/avani-healthcare-centre-dental-pathology-mumbai-1441613263-55ed45cfa265f.jpg,VN,practo,,1.0,canonical,189,Q4,Q4-Sub-Q1,Upper-Mid Premium,0.295466
hosp_68f03fce104c097b, Nagher Samaj Hospital,nagher samaj hospital,Mumbai,Hospital,Ghatkopar West,,19.0977696,72.9086438,87608b56affffff,,3.0,7.0,True,,0.0,170.0,,5.0,2001.0,+912071173185,https://www.practo.com/mumbai/hospital/nagher-samaj-hospital-ghatkopar-west?referrer=hospital_listing,https://images1-fabric.practo.com/practices/677228/nagher-samaj-hospital-mumbai-6666af0732c13.png,VN,practo,,1.0,canonical,190,Q4,Q4-Sub-Q1,Upper-Mid Premium,0.295192
hosp_5d6055cc6df438ca,Bombay Hospital Trust,bombay hospital trust,Mumbai,Hospital,Churchgate,,18.941001963428313,72.82732408493757,87608b032ffffff,,30.0,23.0,False,,0.0,0.0,,4.0,,+912248932701,https://www.practo.com/mumbai/hospital/bombay-digestive-surgicentre-kandivali-east?referrer=hospital_listing,https://images1-fabric.practo.com/practices/1195047/bombay-hospital-trust-mumbai-5f91a2b643f80.jpg,VN,practo,,1.0,canonical,191,Q4,Q4-Sub-Q1,Upper-Mid Premium,0.295082
hosp_8046779af13ffbce,Breach Candy Hospital,breach candy hospital,Mumbai,Hospital,Breach Candy,,18.97271,72.80439,87608b010ffffff,,32.0,28.0,True,,0.0,5000.0,4.0,333.0,,+912071173180,https://www.practo.com/mumbai/hospital/breach-candy-hospital-2?referrer=hospital_listing,https://images1-fabric.practo.com/53a1712e8654996d6f2e7e1f705ab5e59c84a6dc009b2.jpg,VN,practo,,1.0,canonical,192,Q4,Q4-Sub-Q1,Upper-Mid Premium,0.294496
hosp_6958a43aa60dee88,Hegde Hospital ,hegde hospital,Mumbai,Hospital,Chembur,,19.0608949,72.8995049,87608b569ffffff,,1.0,4.0,True,,500.0,500.0,,7.0,1992.0,+912071173181,https://www.practo.com/mumbai/hospital/hegde-surgical-general-maternity-hospital-chembur-east?referrer=hospital_listing,https://images1-fabric.practo.com/hegde-hospital-mumbai-1484298129-5878979131e5e.jpg,VN,practo,,1.0,canonical,193,Q4,Q4-Sub-Q1,Upper-Mid Premium,0.294159
hosp_064f0c36561231d8,Chandorkar Hospital,chandorkar hospital,Mumbai,Hospital,Borivali,,19.218013,72.8518251,87608b446ffffff,,1.0,1.0,True,,600.0,600.0,,,1985.0,+912071173178,https://www.practo.com/mumbai/hospital/chandorkar-hospital-borivali?referrer=hospital_listing,https://images1-fabric.practo.com/practices/659584/chandorkar-hospital-mumbai-665d7e5e82174.png,VN,practo,,1.0,canonical,194,Q4,Q4-Sub-Q1,Upper-Mid Premium,0.29386
hosp_43778a7a6827304b,Somaiya Hospital,somaiya hospital,Mumbai,Hospital,Sion East,,19.047238219934037,72.87467211484909,87608b0b4ffffff,,11.0,11.0,True,,0.0,1500.0,,3.0,,+912071173225,https://www.practo.com/mumbai/hospital/somaiya-hospital-sion-east?referrer=hospital_listing,,VN,practo,,1.0,canonical,195,Q4,Q4-Sub-Q1,Upper-Mid Premium,0.293801
hosp_06bf85820530ed3e,Sai Sparsh Hospital,sai sparsh hospital,Mumbai,Hospital,Borivali West,,19.217614,72.847786,87608b446ffffff,,2.0,2.0,True,,500.0,600.0,5.0,13.0,,+912071173179,https://www.practo.com/mumbai/hospital/sai-sparsh-hospital-borivali-west?referrer=hospital_listing,https://images1-fabric.practo.com/practices/693416/sai-sparsh-hospital-mumbai-665c2b4899dd4.png,VN,practo,,1.0,canonical,196,Q4,Q4-Sub-Q1,Upper-Mid Premium,0.293698
hosp_74c1ca4ea7fb3009,Shah Children Hospital,shah children hospital,Mumbai,Hospital,Govandi,,19.052821300431,72.915411721333,87608b56dffffff,,1.0,1.0,True,,1100.0,1100.0,4.5,210.0,,+912071173187,https://www.practo.com/mumbai/hospital/shah-children-hospital-govandi?referrer=hospital_listing,,ABS,practo,,1.0,canonical,197,Q4,Q4-Sub-Q1,Upper-Mid Premium,0.292476
hosp_fefbf64649275837,Signature Smiles Dental Clinic,signature smiles dental clinic,Mumbai,Hospital,Bandra West,,19.060697070304,72.836225860119,87608b0b1ffffff,,1.0,1.0,True,,500.0,500.0,5.0,14.0,,+912048552971,https://www.practo.com/mumbai/hospital/signature-smiles-dental-clinic-bandra-bandra-west?referrer=hospital_listing,https://images1-fabric.practo.com/practices/1418884/signature-smiles-dental-clinic-bandra-mumbai-68514a7448efd.jpeg,VN,practo,,1.0,canonical,198,Q4,Q4-Sub-Q1,Upper-Mid Premium,0.292162
hosp_117740ae15a35243,Lokmani Homeopathic clinic,lokmani homeopathic clinic,Mumbai,Hospital,Mulund East,,19.163230129607417,72.95670378953218,87608b551ffffff,,1.0,1.0,True,,500.0,500.0,5.0,14.0,,+912071187887,https://www.practo.com/mumbai/hospital/phoenix-hospital-1-palghar?referrer=hospital_listing,https://images1-fabric.practo.com/practices/1246562/lokmani-homeopathic-clinic-mumbai-6654c2f7d8c4b.png,VN,practo,,1.0,canonical,199,Q4,Q4-Sub-Q1,Upper-Mid Premium,0.292162
hosp_da5fc3db1690b680,Saraswati Hospital,saraswati hospital,Mumbai,Hospital,Malad West,,19.1823872,72.8383488,87608b463ffffff,,10.0,11.0,True,,800.0,2500.0,,,,+912071189378,https://www.practo.com/mumbai/hospital/saraswati-hospital-malad-west-1?referrer=hospital_listing,https://images1-fabric.practo.com/practices/1210537/saraswati-hospital-mumbai-5b7bb65746f9c.jpg,VN,practo,,1.0,canonical,200,Q4,Q4-Sub-Q1,Upper-Mid Premium,0.292095
hosp_e2da0e087199d983,AyuMD Super Speciality Ayurveda for Psoriasis & Vitiligo,ayumd super speciality ayurveda for psoriasis vitiligo,Mumbai,Hospital,Borivali West,,19.21947021731246,72.83964617820469,87608b446ffffff,,1.0,2.0,False,,1600.0,1600.0,5.0,56.0,,+912048553262,https://www.practo.com/mumbai/hospital/vishwakirti-ayurveda-vashi?referrer=hospital_listing,https://images1-fabric.practo.com/practices/704597/ayumd-superspeciality-ayurveda-mumbai-5b1fa04b4058e.jpg,ABS,practo,,1.0,canonical,201,Q4,Q4-Sub-Q1,Upper-Mid Premium,0.291494
hosp_86e3ec64cd45e6be,nakoda trust hospital,nakoda trust hospital,Mumbai,Hospital,Kandivali West,,19.20119335760625,72.84739103168249,87608b444ffffff,,1.0,1.0,True,,500.0,500.0,5.0,13.0,,+912071173190,https://www.practo.com/mumbai/hospital/nakoda-trust-hospital-kandivali-west?referrer=hospital_listing,,VN,practo,,1.0,canonical,202,Q4,Q4-Sub-Q1,Upper-Mid Premium,0.290308
hosp_f4b72c7aea66bbf4,Sai Aashirwad Hospital,sai aashirwad hospital,Mumbai,Hospital,Mira Road,,19.285369862904,72.863449088514,87608b452ffffff,,1.0,4.0,True,,500.0,800.0,5.0,10.0,,+912071188518,https://www.practo.com/mumbai/hospital/sai-aashirwad-hospital-mira-road-2?referrer=hospital_listing,https://images1-fabric.practo.com/practices/1449678/sai-aashirwad-hospital-mumbai-65bc71b5e100b.JPG,VN,practo,,1.0,canonical,203,Q4,Q4-Sub-Q1,Upper-Mid Premium,0.290047
hosp_6fe7d982d20b74c2,Advanced Multicarespeciality Hospital,advanced multicarespeciality hospital,Mumbai,Hospital,Vileparle West,,19.109391316727,72.837279438972,87608b094ffffff,,2.0,2.0,True,,1000.0,1500.0,5.0,11.0,,+912048556137,https://www.practo.com/mumbai/hospital/advanced-multicarespeciality-hospital-vileparle-west-2?referrer=hospital_listing,https://images1-fabric.practo.com/practices/1172598/advanced-hospital-mumbai-665d423f35930.png,ABS,practo,,1.0,canonical,204,Q4,Q4-Sub-Q1,Upper-Mid Premium,0.289814
hosp_f5e6b8df5e97d7e7,Aarogyam Hospital,aarogyam hospital,Mumbai,Hospital,Goregaon West,,19.157524320153,72.846060759311,87608b461ffffff,,2.0,2.0,True,,500.0,500.0,5.0,11.0,,+912071534178,https://www.practo.com/mumbai/hospital/aarogyam-hospital-prem-tower-opposite-cinemax-theatre-goregaon-west?referrer=hospital_listing,https://images1-fabric.practo.com/practices/1318845/aarogyam-hospital-prem-tower-opposite-cinemax-theatre-mumbai-603e7a086ef23.jpeg,VN,practo,,1.0,canonical,205,Q4,Q4-Sub-Q1,Upper-Mid Premium,0.289814
hosp_8828807a80d5ca26,Dr. Palep's Priyank Nursing Home,dr palep s priyank nursing home,Mumbai,Hospital,Prabhadevi,,19.015847,72.827997,87608b0a0ffffff,,6.0,9.0,True,,500.0,1500.0,4.5,16.0,,+912071187164,https://www.practo.com/mumbai/hospital/dr-h-s-palep-s-clinic-prabhadevi?referrer=hospital_listing,,VN,practo,,1.0,canonical,206,Q4,Q4-Sub-Q1,Upper-Mid Premium,0.288972
hosp_a75428c1a883e516,Inlaks General Hospital,inlaks general hospital,Mumbai,Hospital,Chembur East,,19.046303,72.894453,87608b19affffff,,7.0,9.0,True,,500.0,1000.0,4.5,11.0,,+912071173182,https://www.practo.com/mumbai/hospital/inlaks-general-hospital-chembur-east?referrer=hospital_listing,https://images1-fabric.practo.com/practices/678030/inlaks-general-hospital-mumbai-66644f46e924d.png,VN,practo,,1.0,canonical,207,Q4,Q4-Sub-Q1,Upper-Mid Premium,0.288708
hosp_dd42587ba2e46ec6,Bhartiya Arogya Nidhi Hospital,bhartiya arogya nidhi hospital,Mumbai,Hospital,Juhu,,19.1108325,72.8299932,87608b090ffffff,,20.0,20.0,False,,0.0,3500.0,4.5,48.0,,+912071173188,https://www.practo.com/mumbai/hospital/bhartiya-arogya-nidhi-hospital-juhu-1?referrer=hospital_listing,https://images1-fabric.practo.com/bharatiya-arogya-nidhi-hospital-mumbai-1463820279-57401ff7b4e04.jpg,VN,practo,,1.0,canonical,208,Q4,Q4-Sub-Q1,Upper-Mid Premium,0.28864
hosp_ec5a711f05338bb7,BSES Hospital,bses hospital,Mumbai,Hospital,Andheri West,,19.119345,72.84522,87608b096ffffff,,3.0,4.0,True,,600.0,2000.0,,,2002.0,+912071173175,https://www.practo.com/mumbai/hospital/bses-hospital-andheri-west?referrer=hospital_listing,https://images1-fabric.practo.com/practices/956908/bses-hospital-mumbai-666417d6d67bc.png,VN,practo,,1.0,canonical,209,Q4,Q4-Sub-Q1,Upper-Mid Premium,0.288361
hosp_b7720f1e4f8de414,Paramount Hospital And ICU,paramount hospital icu,Mumbai,Hospital,Andheri East,,19.1028394290968,72.88805600255728,87608b54dffffff,,1.0,2.0,True,,500.0,500.0,5.0,11.0,,+912248932501,https://www.practo.com/mumbai/hospital/paramount-hospital-and-icu-andheri-east?referrer=hospital_listing,,VN,practo,,1.0,canonical,210,Q4,Q4-Sub-Q1,Upper-Mid Premium,0.28831
hosp_17fd5654d32722b3,Sadhu Kamal Eye Hospital,sadhu kamal eye hospital,Mumbai,Hospital,Lamington Road,,18.966502651945813,72.81971096992493,87608b016ffffff,,2.0,1.0,True,,800.0,1000.0,5.0,11.0,,+912071173194,https://www.practo.com/mumbai/hospital/sadhu-kamal-eye-hospital-lamington-road?referrer=hospital_listing,https://images1-fabric.practo.com/practices/690044/sadhu-kamal-eye-hospital-mumbai-6662eb82c7ed5.png,VN,practo,,1.0,canonical,211,Q4,Q4-Sub-Q1,Upper-Mid Premium,0.287927
hosp_a0f49d1710fc6561,Kohinoor Hospital,kohinoor hospital,Mumbai,Hospital,Kurla West,,19.076212608325513,72.88619756698608,87608b0b6ffffff,,24.0,21.0,True,,0.0,3000.0,4.0,48.0,,+912071173193,https://www.practo.com/mumbai/hospital/kohinoor-hospital-kurla-west-1-1?referrer=hospital_listing,https://images1-fabric.practo.com/practices/1143202/kohinoor-hospital-mumbai-58ec76acc1607.jpg,VN,practo,,1.0,canonical,212,Q4,Q4-Sub-Q1,Upper-Mid Premium,0.287243
hosp_da6645f9ccb91cdf,Orbit Eye Hospital,orbit eye hospital,Mumbai,Hospital,Jogeshwari,,19.1432902,72.8428048,87608b465ffffff,,1.0,1.0,True,,600.0,600.0,4.5,150.0,,+912071173187,https://www.practo.com/mumbai/hospital/orbit-eye-hospital-jogeshwari-1?referrer=hospital_listing,https://images1-fabric.practo.com/orbit-eye-hospital-mumbai-1469518923-5797144b4f6b9.png,VN,practo,,1.0,canonical,213,Q4,Q4-Sub-Q1,Upper-Mid Premium,0.287098
hosp_f76724a51a5c94c4,The Childrens Hospital Mumbai,childrens hospital mumbai,Mumbai,Hospital,Malad West,,19.19054,72.83483,87608b445ffffff,,34.0,19.0,True,,0.0,5000.0,4.0,89.0,,+912048556725,https://www.practo.com/mumbai/hospital/the-childrens-hospital-mumbai-malad-west?referrer=hospital_listing,https://images1-fabric.practo.com/practices/736880/the-childrens-hospital-mumbai-mumbai-59c89dce7f18b.JPG,VN,practo,,1.0,canonical,214,Q4,Q4-Sub-Q1,Upper-Mid Premium,0.286521
hosp_05c900456e82d659,Maru Hospital,maru hospital,Mumbai,Hospital,Parel,,18.9989286,72.8376874,87608b0a4ffffff,,1.0,1.0,True,,50.0,50.0,5.0,11.0,,+912071173201,https://www.practo.com/mumbai/hospital/maru-hospital-parel?referrer=hospital_listing,,VN,practo,,1.0,canonical,215,Q4,Q4-Sub-Q1,Upper-Mid Premium,0.286423
hosp_7ec9faca113ca794,sushrusha hospital,sushrusha hospital,Mumbai,Hospital,Dadar,,19.0234314,72.8357123,87608b0a6ffffff,,11.0,7.0,True,,0.0,1000.0,,,,+912071173182,https://www.practo.com/mumbai/hospital/sushrusha-hospital-dadar?referrer=hospital_listing,https://images1-fabric.practo.com/practices/1015295/sushrusha-hospital-mumbai-67e4dad0b4b56.png,VN,practo,,1.0,canonical,216,Q4,Q4-Sub-Q1,Upper-Mid Premium,0.286052
hosp_0d17c17b92cbf301,Universal Multispeciality Hospital,universal multispeciality hospital,Mumbai,Hospital,Mulund West,,19.0759837,72.8776559,87608b0b6ffffff,,6.0,5.0,True,,0.0,600.0,4.5,30.0,,+912048556725,https://www.practo.com/mumbai/hospital/universal-multispeciality-hospital-mulund-west?referrer=hospital_listing,https://images1-fabric.practo.com/practices/1159239/universal-multispeciality-hospital-mumbai-59c8fcc296077.png,VN,practo,,1.0,canonical,217,Q4,Q4-Sub-Q1,Upper-Mid Premium,0.285425
hosp_8e66f320dfc07607,Kolekar Hospital,kolekar hospital,Mumbai,Hospital,Chembur,,19.0601991,72.9009457,87608b569ffffff,,7.0,7.0,True,,0.0,1500.0,4.5,12.0,,+912071173181,https://www.practo.com/mumbai/hospital/kolekar-hospital-chembur?referrer=hospital_listing,https://images1-fabric.practo.com/practices/675422/kolekar-hospital-mumbai-66584a19371cf.png,VN,practo,,1.0,canonical,218,Q4,Q4-Sub-Q1,Upper-Mid Premium,0.285306
hosp_39bfefb5484d6666,Apex Hospitals,apex hospitals,Mumbai,Hospital,Mulund West,,19.180962654812,72.942464947701,87608b55effffff,,20.0,15.0,True,3.0,1000.0,2000.0,3.5,13.0,2009.0,+912248930067,https://www.practo.com/mumbai/hospital/apex-hospitals-mulund-mulund?referrer=hospital_listing,https://images1-fabric.practo.com/practices/1266840/apex-hospitals-mulund-mumbai-5d7f2ab52fdad.png,ABS,practo,,1.0,canonical,219,Q4,Q4-Sub-Q1,Upper-Mid Premium,0.284514
hosp_aa5fa14cbad9a19f,KEM Hospital - Parel,kem hospital parel,Mumbai,Hospital,Parel,,19.0015994,72.8421084,87608b0a4ffffff,,6.0,10.0,True,,0.0,1000.0,,4.0,,+912071173201,https://www.practo.com/mumbai/hospital/kem-hospital-parel-parel?referrer=hospital_listing,https://images1-fabric.practo.com/practices/636691/kem-hospital-parel-mumbai-67a1f7fac0492.png,VN,practo,,1.0,canonical,220,Q4,Q4-Sub-Q1,Upper-Mid Premium,0.284463
hosp_8b1124311567b523,Wockhardt Hospitals,wockhardt hospitals,Mumbai,Hospital,Mumbai Central,,18.975292333651,72.823820114136,87608b016ffffff,,73.0,32.0,True,1.0,0.0,3000.0,3.5,109.0,,+912071187083,https://www.practo.com/mumbai/hospital/wockhardt-hospitals-mumbai-central-1?referrer=hospital_listing,https://images1-fabric.practo.com/practices/1235891/wockhardt-hospitals-mumbai-5bfcc69a839a6.png,VN,practo,,1.0,canonical,221,Q4,Q4-Sub-Q1,Upper-Mid Premium,0.283614
hosp_a23ef579e91a9150,Dr Ajay Deboor's Dental and Orthodontic Clinic,dr ajay deboor s dental orthodontic clinic,Mumbai,Hospital,Mulund West,,19.1787382,72.9506868,87608b553ffffff,,2.0,1.0,False,,100.0,500.0,5.0,46.0,,+912071173199,https://www.practo.com/mumbai/hospital/dr-ajay-deboor-s-dental-and-orthodontic-clinic-mulund-west?referrer=hospital_listing,https://images1-fabric.practo.com/logo.png,VN,practo,,1.0,canonical,222,Q4,Q4-Sub-Q1,Upper-Mid Premium,0.283355
hosp_30d8c15a9673c77e,Sanchaiti Superspeciality Hospital,sanchaiti superspeciality hospital,Mumbai,Hospital,Kandivali East,,19.261562886909,72.900466918945,87608b409ffffff,,4.0,6.0,False,,300.0,1200.0,5.0,33.0,,+912071173188,https://www.practo.com/mumbai/hospital/sanchaiti-superspeciality-hospital-kandivali-east-1?referrer=hospital_listing,,VN,practo,,1.0,canonical,223,Q4,Q4-Sub-Q1,Upper-Mid Premium,0.283163
hosp_ceec731f51730cde,Shree Krishna Hospital,shree krishna hospital,Mumbai,Hospital,Borivali East,,19.2353337,72.8662919,87608b473ffffff,,8.0,5.0,True,,0.0,700.0,4.5,12.0,,+912067325815,https://www.practo.com/mumbai/hospital/shree-krishna-hospital-borivali-east?referrer=hospital_listing,https://images1-fabric.practo.com/practices/690176/shree-krishna-hospital-mumbai-665b048f4c71f.png,VN,practo,,1.0,canonical,224,Q4,Q4-Sub-Q1,Upper-Mid Premium,0.283037
hosp_617b83c21751bd01,Hira Mongi Navneet Hospital,hira mongi navneet hospital,Mumbai,Hospital,Mulund West,,19.17099,72.95031,87608b551ffffff,,29.0,18.0,True,,0.0,1000.0,4.0,66.0,,+912071173200,https://www.practo.com/mumbai/hospital/hira-mongi-navneet-hospital-mulund-west-5?referrer=hospital_listing,https://images1-fabric.practo.com/practices/799013/hira-mongi-navneet-hospital-mumbai-664b157700dc0.png,VN,practo,,1.0,canonical,225,Q4,Q4-Sub-Q1,Upper-Mid Premium,0.282555
hosp_26509cd1c097e640,KEM Hospital,kem hospital,Mumbai,Hospital,Parel,,19.0015325,72.839672,87608b0a4ffffff,,6.0,9.0,True,,0.0,1300.0,,,,+912071173201,https://www.practo.com/mumbai/hospital/kem-hospitals-parel?referrer=hospital_listing,https://images1-fabric.practo.com/practices/1124102/kem-hospital-mumbai-665ab5d72c904.png,VN,practo,,1.0,canonical,226,Q4,Q4-Sub-Q1,Upper-Mid Premium,0.282306
hosp_b7143d11c66e4988,Fauziya Hospital,fauziya hospital,Mumbai,Hospital,Kurla West,,19.081016541083,72.880298350792,87608b0b6ffffff,,7.0,8.0,True,,0.0,1000.0,,3.0,,+912071173194,https://www.practo.com/mumbai/hospital/fauziya-hospital-2-kurla-west-1?referrer=hospital_listing,https://images1-fabric.practo.com/practices/1177172/fauziya-hospital-mumbai-5a891bcd2cb0f.jpg,VN,practo,,1.0,canonical,227,Q3,,Premium,0.282126
hosp_e706e4f53a882781,Mahavir Medical Research Centre,mahavir medical research centre,Mumbai,Hospital,Khar West,,19.073882,72.8326529,87608b0b3ffffff,,8.0,7.0,True,,0.0,1500.0,,8.0,,+912071173193,https://www.practo.com/mumbai/hospital/consultant-paediatric-dentist-khar-west?referrer=hospital_listing,,VN,practo,,1.0,canonical,228,Q3,,Premium,0.28208
hosp_8e581c1ae5a7d679,Disha Hospital,disha hospital,Mumbai,Hospital,Ghatkopar West,,19.09392057543089,72.89830505847931,87608b54cffffff,,5.0,6.0,True,,0.0,800.0,4.5,16.0,,+912071173185,https://www.practo.com/mumbai/hospital/disha-hospital-ghatkopar-west-1?referrer=hospital_listing,https://images1-fabric.practo.com/practices/1128740/disha-hospital-mumbai-5b360b3815f71.jpg,VN,practo,,1.0,canonical,229,Q3,,Premium,0.281808
hosp_5b19aec33eb1b955,Ashok Hospital,ashok hospital,Mumbai,Hospital,Dahisar East,,19.2434824,72.8658019,87608b454ffffff,,1.0,,True,,800.0,800.0,,9.0,1998.0,+912071173183,https://www.practo.com/mumbai/hospital/ashok-hospital-dahisar-east?referrer=hospital_listing,https://images1-fabric.practo.com/practices/660163/ashok-hospital-mumbai-6673cf4878cea.png,VN,practo,,1.0,canonical,230,Q3,,Premium,0.281747
hosp_bbc7bdcd453c36ea,Ashwini Accident Hospital,ashwini accident hospital,Mumbai,Hospital,Mahim,,19.03636,72.84273,87608b0b5ffffff,,1.0,1.0,True,,0.0,1000.0,4.5,98.0,,+912071173195,https://www.practo.com/mumbai/hospital/ashwinii-accident-hospital-mahim-1?referrer=hospital_listing,https://images1-fabric.practo.com/ashwinii-accident-hospital-mumbai-1483422910-586b3cbece4bb.png,VN,practo,,1.0,canonical,231,Q3,,Premium,0.281565
hosp_0196730ef2acc1c9,Chandrajyoti Children and General Hospital,chandrajyoti children general hospital,Mumbai,Hospital,Ghatkopar West,,19.0882253,72.9025091,87608b56bffffff,,1.0,1.0,True,,0.0,500.0,,5.0,2001.0,+912071173185,https://www.practo.com/mumbai/hospital/chandrajyoti-children-and-general-hospital-ghatkopar-west-1?referrer=hospital_listing,,VN,practo,,1.0,canonical,232,Q3,,Premium,0.280864
hosp_0222da74e1f02ebe,Shalom Medicare Pvt Ltd,shalom medicare,Mumbai,Hospital,Bhayandar East,,19.300954,72.8700107,87608b4e1ffffff,,6.0,8.0,True,,500.0,1500.0,,3.0,,+912071173177,https://www.practo.com/mumbai/hospital/shalom-medicare-pvt-ltd-bhayandar-east?referrer=hospital_listing,,VN,practo,,1.0,canonical,233,Q3,,Premium,0.280622
hosp_4b5aa2f27edd3481,Chintamani Hospital,chintamani hospital,Mumbai,Hospital,Kurla East,,19.0623187,72.8833215,87608b569ffffff,,7.0,7.0,True,,0.0,800.0,,8.0,,+912048553247,https://www.practo.com/mumbai/hospital/chintamani-hospital-kurla-east?referrer=hospital_listing,https://images1-fabric.practo.com/practices/1209318/chintamani-hospital-mumbai-666accea31983.png,VN,practo,,1.0,canonical,234,Q3,,Premium,0.280576
hosp_12309a7493089bc8,Ruby Hospital,ruby hospital,Mumbai,Hospital,Jogeshwari West,,19.1448343,72.8427169,87608b465ffffff,,5.0,4.0,True,,400.0,800.0,4.0,16.0,1988.0,+912071173188,https://www.practo.com/mumbai/hospital/ruby-hospital?referrer=hospital_listing,https://images1-fabric.practo.com/practices/953660/ruby-hospital-mumbai-6655b08bb92ad.png,VN,practo,,1.0,canonical,235,Q3,,Premium,0.280352
hosp_93ca94fcf70325cf,Sarla Hospital,sarla hospital,Mumbai,Hospital,Santacruz West,,22.5048226,88.31527,873cf2c76ffffff,,8.0,6.0,True,,400.0,1500.0,,6.0,,+912071173225,https://www.practo.com/mumbai/hospital/sarla-hospital-santacruz-west?referrer=hospital_listing,,VN,practo,,1.0,canonical,236,Q3,,Premium,0.280058
hosp_bddadff8c096de53,Dr. Subodh Mehta Medical Center,dr subodh mehta medical center,Mumbai,Hospital,Khar West,,19.0728074740679,72.8310908375715,87608b0b3ffffff,,7.0,5.0,False,,200.0,1000.0,5.0,28.0,,+912071173193,https://www.practo.com/mumbai/hospital/dr-subodh-mehta-medical-center-khar-west?referrer=hospital_listing,,VN,practo,,1.0,canonical,237,Q3,,Premium,0.279885
hosp_333d7002424bfc25,Nova IVF Fertility,nova ivf fertility,Mumbai,Hospital,Chembur,,19.054672,72.887507,87608b569ffffff,,5.0,5.0,True,1.0,1000.0,1000.0,4.5,15.0,,+912071177303,https://www.practo.com/mumbai/hospital/nova-ivi-fertility-chembur?referrer=hospital_listing,https://images1-fabric.practo.com/practices/773198/nova-ivf-fertility-mumbai-67503418c02bc.png,VN,practo,,1.0,canonical,238,Q3,,Premium,0.279585
hosp_571e6124485021f6,"Sushrut Hospital And Research Center, Mumbai",sushrut hospital research center mumbai,Mumbai,Hospital,Chembur East,,19.0565405,72.8895342,87608b569ffffff,,27.0,17.0,False,,0.0,0.0,,,,+912071187163,https://www.practo.com/mumbai/hospital/sushrut-hospital-and-research-center-mumbai-chembur-east?referrer=hospital_listing,,VN,practo,,1.0,canonical,239,Q3,,Premium,0.27898
hosp_0827073e9841d53f,Sanjeevani Hospital,sanjeevani hospital,Mumbai,Hospital,Malad,,19.1852422,72.8516622,87608b462ffffff,,5.0,8.0,True,,0.0,2000.0,,,,+912071173195,https://www.practo.com/mumbai/hospital/sanjeevani-hospital-malad235?referrer=hospital_listing,https://images1-fabric.practo.com/practices/706203/sanjeevani-hospital-mumbai-6659a88d5500a.png,VN,practo,,1.0,canonical,240,Q3,,Premium,0.278916
hosp_f67fdd5066a9b345,Ankur Hospital,ankur hospital,Mumbai,Hospital,Kandivali West,,19.203031,72.847039,87608b444ffffff,,2.0,1.0,True,,1000.0,1000.0,4.5,63.0,,+912071173189,https://www.practo.com/mumbai/hospital/ankur-hospital-kandivali-west-3?referrer=hospital_listing,https://images1-fabric.practo.com/ankur-hospital-mumbai-1475509195-57f27bcb08c87.png,VN,practo,,1.0,canonical,241,Q3,,Premium,0.278296
hosp_4520df815a33bca5,Shakuntala Maternity Hospital,shakuntala maternity hospital,Mumbai,Hospital,Kandivali West,,19.21072,72.82565,87608b440ffffff,,2.0,2.0,True,,0.0,600.0,4.5,50.0,,+912071173189,https://www.practo.com/mumbai/hospital/shakuntala-maternity-hospital-kandivali-west-1?referrer=hospital_listing,https://images1-fabric.practo.com/practices/645120/shakuntala-maternity-hospital-mumbai-66698dffc4d2d.png,VN,practo,,1.0,canonical,242,Q3,,Premium,0.27798
hosp_cb171a2950792bf4,PD Hinduja Hospital & Medical Research Centre,pd hinduja hospital medical research centre,Mumbai,Hospital,Mahim,,19.033174312327,72.838977947831,87608b0a2ffffff,,4.0,8.0,True,,0.0,1000.0,,,,+912071173195,https://www.practo.com/mumbai/hospital/pd-hinduja-hospital-medical-research-centre-mahim?referrer=hospital_listing,https://images1-fabric.practo.com/practices/1168075/pd-hinduja-hospital-medical-research-centre-mumbai-5a14f6a4cf51a.jpg,VN,practo,,1.0,canonical,243,Q3,,Premium,0.277412
hosp_c598bb05abbe5255,QI Spine Clinic,qi spine clinic,Mumbai,Hospital,Linking Road,,19.079417,72.834152,87608b0b3ffffff,,3.0,1.0,True,7.0,0.0,550.0,,7.0,2009.0,+912071171708,https://www.practo.com/mumbai/hospital/qi-spine-clinic-linking-road-2?referrer=hospital_listing,https://images1-fabric.practo.com/practices/1151585/qi-spine-clinic-linking-road-mumbai-59a42f21961ca.jpeg,VN,practo,,1.0,canonical,244,Q3,,Premium,0.27734
hosp_c4241e828988db68,St Mary Hospital,st mary hospital,Mumbai,Hospital,Malad East,,,,,,6.0,6.0,True,,0.0,400.0,,,,+912071173195,https://www.practo.com/mumbai/hospital/st-mary-hospital-malad-east-1?referrer=hospital_listing,,VN,practo,,0.6,canonical,245,Q3,,Premium,0.276646
hosp_4e3237bc4fcf0f75,Ojas Eye Hospital,ojas eye hospital,Mumbai,Hospital,Kandivali East,,19.21440018744,72.869720233139,87608b471ffffff,,4.0,1.0,True,1.0,0.0,1200.0,4.5,37.0,,+912248968624,https://www.practo.com/mumbai/hospital/ojas-eye-hospital-kandivali-east?referrer=hospital_listing,https://images1-fabric.practo.com/practices/1118334/ojas-eye-hospital-mumbai-67b9a58ab9b6b.jpg,VN,practo,,1.0,canonical,246,Q3,,Premium,0.276502
hosp_0775ec4b12397cdb,Om Sai Baba Hospital,om sai baba hospital,Mumbai,Hospital,Chembur East,,19.075984,72.877656,87608b0b6ffffff,,3.0,5.0,True,,0.0,1200.0,4.5,14.0,,+912071173182,https://www.practo.com/mumbai/hospital/om-sai-baba-hospital-chembur-east?referrer=hospital_listing,https://images1-fabric.practo.com/om-sai-baba-hospital-mumbai-1476602293-580329b50dc8f.jpg,VN,practo,,1.0,canonical,247,Q3,,Premium,0.276233
hosp_d720c8fe71240227,Sai Lee Hospital,sai lee hospital,Mumbai,Hospital,Borivali,,19.201552,72.828082,87608b445ffffff,,3.0,8.0,True,,0.0,2500.0,,4.0,,+912071173178,https://www.practo.com/mumbai/hospital/sai-lee-hospital-borivali?referrer=hospital_listing,,VN,practo,,1.0,canonical,248,Q3,,Premium,0.276178
hosp_6e4a982d807f796f,Habib Hospital,habib hospital,Mumbai,Hospital,Kurla West,,19.07843824844,72.880012392998,87608b0b6ffffff,,4.0,7.0,True,,0.0,800.0,,6.0,,+912071173193,https://www.practo.com/mumbai/hospital/abhi-hospital-kurla-west?referrer=hospital_listing,,VN,practo,,1.0,canonical,249,Q3,,Premium,0.27593
hosp_48c507d6df6c2728,QI Spine Clinic,qi spine clinic,Mumbai,Hospital,Ghatkopar East,,19.0753511,72.9035149,87608b568ffffff,,2.0,1.0,True,7.0,0.0,1000.0,,8.0,2009.0,+912071173266,https://www.practo.com/mumbai/hospital/qi-spine-clinic-ghatkopar?referrer=hospital_listing,https://images1-fabric.practo.com/practices/1151073/qi-spine-clinic-ghatkopar-mumbai-59a42ec27ac46.jpeg,VN,practo,,1.0,canonical,250,Q3,,Premium,0.275903
hosp_dc1be997d920d1f2,Kokan Hospital,kokan hospital,Mumbai,Hospital,Jogeshwari East,,19.1343319,72.8651004,87608b54bffffff,,6.0,6.0,True,,300.0,1000.0,4.0,15.0,2001.0,+912071173187,https://www.practo.com/mumbai/hospital/kokan-hospital-jogeshwari-east?referrer=hospital_listing,https://images1-fabric.practo.com/practices/1238801/kokan-hospital-mumbai-5c42b671bab06.jpg,VN,practo,,1.0,canonical,251,Q3,,Premium,0.275871
hosp_7e0c3c0347092958,Siddhivinayak Hospital,siddhivinayak hospital,Mumbai,Hospital,Vikhroli,,19.1122396,72.9331312,87608b540ffffff,,2.0,2.0,True,,0.0,1000.0,,,2011.0,+911142246455,https://www.practo.com/mumbai/hospital/siddhivinayak-hospital-2-vikhroli?referrer=hospital_listing,https://images1-fabric.practo.com/practices/1314559/siddhivinayak-hospital-mumbai-5fcde56dce8ae.jpeg,VN,practo,,1.0,canonical,252,Q3,,Premium,0.275584
hosp_4a8f879eaa439273,Bandra East Nursing Home,bandra east nursing home,Mumbai,Hospital,Bandra East,,19.061604153313,72.850477479546,87608b0b0ffffff,,3.0,5.0,True,,800.0,1200.0,4.5,12.0,,+912071533798,https://www.practo.com/mumbai/hospital/bandra-east-nursing-home-bandra-east?referrer=hospital_listing,,VN,practo,,1.0,canonical,253,Q3,,Premium,0.275518
hosp_b5624b5eb54116ae,Ashirwad Criticalcare Hospital,ashirwad criticalcare hospital,Mumbai,Hospital,Mulund West,,19.154979001979,72.958282604814,87608b555ffffff,,5.0,6.0,True,,0.0,1000.0,,5.0,,+912071173200,https://www.practo.com/mumbai/hospital/ashirwad-criticalcare-hospital-mulund-west?referrer=hospital_listing,,VN,practo,,1.0,canonical,254,Q3,,Premium,0.27548
hosp_052b9c8491b19d1a,Sukh-Shanti Hospital & ICU,sukh shanti hospital icu,Mumbai,Hospital,Ghatkopar West,,19.087962,72.9024961,87608b56bffffff,,2.0,1.0,True,,500.0,500.0,,7.0,2010.0,+912071173185,https://www.practo.com/mumbai/hospital/sukh-shanti-hospital-icu-ghatkopar-west?referrer=hospital_listing,https://images1-fabric.practo.com/practices/645668/sukh-shanti-hospital-icu-mumbai-59771e6038dcd.jpg,VN,practo,,1.0,canonical,255,Q3,,Premium,0.275003
hosp_96deb2c325a91d2a,"Masina Hospital, Mumbai",masina hospital mumbai,Mumbai,Hospital,Byculla West,,18.974471,72.8358074,87608b18bffffff,,23.0,18.0,False,,0.0,0.0,,,,+912048553263,https://www.practo.com/mumbai/hospital/masina-hospital-mumbai-byculla-west?referrer=hospital_listing,,VN,practo,,1.0,canonical,256,Q3,,Premium,0.274851
hosp_c35feee442ed622b,Shri Siddhivinayak Hospital,shri siddhivinayak hospital,Mumbai,Hospital,Kandivali East,,28.4843994,77.0324349,873da1112ffffff,,1.0,1.0,True,,100.0,100.0,,,2008.0,+912071173189,https://www.practo.com/mumbai/hospital/siddhivinayak-hospital-kandivali?referrer=hospital_listing,https://images1-fabric.practo.com/practices/946622/shri-siddhivinayak-hospital-mumbai-664c5846b753e.png,VN,practo,,1.0,canonical,257,Q3,,Premium,0.274693
hosp_539ec723f15e759f,Zen Multispeciality Hospital,zen multispeciality hospital,Mumbai,Hospital,Chembur East,,19.032626627782,72.897849082947,87608b19effffff,,3.0,7.0,True,,0.0,1000.0,,5.0,,+912071173182,https://www.practo.com/mumbai/hospital/dr-archana-rege-worli?referrer=hospital_listing,https://images1-fabric.practo.com/practices/909150/zen-multispeciality-hospital-mumbai-665da489175a2.png,VN,practo,,1.0,canonical,258,Q3,,Premium,0.274359
hosp_aa68a293ed38d3c8,Family Care Hospital,family care hospital,Mumbai,Hospital,Mira Road,,19.2968172,72.8648834,87608b452ffffff,,4.0,6.0,True,,200.0,1500.0,,7.0,,+912071173199,https://www.practo.com/mumbai/hospital/family-care-hospital-mira-road?referrer=hospital_listing,https://images1-fabric.practo.com/practices/764960/family-care-hospital-mumbai-6673b93d306b9.png,VN,practo,,1.0,canonical,259,Q3,,Premium,0.274111
hosp_4426be948446369f,Kandois Ashirwad Hospital,kandois ashirwad hospital,Mumbai,Hospital,SV Road,,,,,,1.0,2.0,True,,400.0,500.0,4.5,38.0,,+912071173225,https://www.practo.com/mumbai/hospital/kandois-ashirwad-hospital-sv-road?referrer=hospital_listing,,VN,practo,,0.6,canonical,260,Q3,,Premium,0.274095
hosp_2d6753eec1cf0c60,Mehta Nursing Home,mehta nursing home,Mumbai,Hospital,Borivali East,,19.237625,72.859867,87608b473ffffff,,3.0,7.0,True,,500.0,1000.0,,,,+912071173178,https://www.practo.com/mumbai/hospital/consultant-physician-cardiologist-diabetolgy-borivali-east?referrer=hospital_listing,https://images1-fabric.practo.com/practices/770575/mehta-nursing-home-mumbai-666bdf7f758d1.png,VN,practo,,1.0,canonical,261,Q3,,Premium,0.274021
hosp_153f7215be612ec7,Asian Cancer Institute,asian cancer institute,Mumbai,Hospital,Sion East,,19.047190365052,72.874271795154,87608b0b4ffffff,,1.0,3.0,True,,2000.0,2000.0,4.5,28.0,,+912071173225,https://www.practo.com/mumbai/hospital/asian-cancer-institute-sion?referrer=hospital_listing,,VN,practo,,1.0,canonical,262,Q3,,Premium,0.273628
hosp_7c32974a7538a0e3,Shree Sai Hospital & Research Centre,shree sai hospital research centre,Mumbai,Hospital,Goregaon West,,19.1722995,72.8496117,87608b460ffffff,,4.0,3.0,True,,0.0,1000.0,4.5,13.0,,+912071173186,https://www.practo.com/mumbai/hospital/shree-sai-hospital-research-centre-goregaon-west?referrer=hospital_listing,,VN,practo,,1.0,canonical,263,Q3,,Premium,0.27361
hosp_cf0acb27bf21a838,Nova IVF Fertility,nova ivf fertility,Mumbai,Hospital,Andheri West,,19.136236,72.835282,87608b092ffffff,,5.0,5.0,True,1.0,750.0,750.0,,3.0,,+912071177303,https://www.practo.com/mumbai/hospital/nova-ivi-fertility-andheri-west?referrer=hospital_listing,https://images1-fabric.practo.com/practices/1139595/nova-ivf-fertility-mumbai-675034461c32c.png,VN,practo,,1.0,canonical,264,Q3,,Premium,0.273458
hosp_67b09eeca9b31df2,United Multispeciality Hospital,united multispeciality hospital,Mumbai,Hospital,Kandivali West,,19.216482101514,72.83908803843,87608b446ffffff,,1.0,2.0,False,,800.0,800.0,5.0,35.0,,+912071173267,https://www.practo.com/mumbai/hospital/united-multispeciality-hospital-kandivali-west-kandivali-west?referrer=hospital_listing,,VN,practo,,1.0,canonical,265,Q3,,Premium,0.273282
hosp_0f01ed59633e762b,Babasaheb Gawde Hospital,babasaheb gawde hospital,Mumbai,Hospital,Vileparle East,,19.097425,72.862053,87608b0b2ffffff,,5.0,5.0,True,,0.0,450.0,,,,+912071173233,https://www.practo.com/mumbai/hospital/baba-saheb-gawada-hospital-vileparle-east?referrer=hospital_listing,,VN,practo,,1.0,canonical,266,Q3,,Premium,0.273255
hosp_7b339dfcad728245,Tata memorial hospital,tata memorial hospital,Mumbai,Hospital,Mumbai Central,,18.969539,72.819329,87608b016ffffff,,5.0,5.0,True,,0.0,0.0,,,,+912071187259,https://www.practo.com/mumbai/hospital/tata-memorial-hospital-2-mumbai-central-1?referrer=hospital_listing,https://images1-fabric.practo.com/practices/1584007/tata-memorial-hospital-mumbai-67a4465af40a1.png,VN,practo,,1.0,canonical,267,Q3,,Premium,0.273255
hosp_f723f0074bd6e78c,Sugun Hospital,sugun hospital,Mumbai,Hospital,Andheri East,,19.11715814013453,72.88264933973551,87608b548ffffff,,3.0,6.0,True,,0.0,800.0,,9.0,,+912071173172,https://www.practo.com/mumbai/hospital/sugun-hospital-marol?referrer=hospital_listing,https://images1-fabric.practo.com/practices/1175881/sugun-hospital-mumbai-666ac60fc152d.png,VN,practo,,1.0,canonical,268,Q3,,Premium,0.272742
hosp_8c5735a6b3a5177f,Prakash Jyot Hospital & I.C.C.U,prakash jyot hospital i c c u,Mumbai,Hospital,Govandi,,19.075984,72.877656,87608b0b6ffffff,,3.0,6.0,True,,0.0,1000.0,,7.0,,+912071173187,https://www.practo.com/mumbai/hospital/prakash-jyot-hospital-i-c-c-u-govandi?referrer=hospital_listing,,VN,practo,,1.0,canonical,269,Q3,,Premium,0.272607
hosp_8ee764be573ddda6,Sai Kripa Hospital And ICU,sai kripa hospital icu,Mumbai,Hospital,Malad East,,19.1812034,72.8577662,87608b462ffffff,,1.0,2.0,True,,800.0,800.0,4.5,31.0,,+912048553433,https://www.practo.com/mumbai/hospital/sai-kripa-hospital-and-icu-malad-east?referrer=hospital_listing,https://images1-fabric.practo.com/practices/901867/sai-kripa-hospital-and-icu-mumbai-5a16af788f9b1.png,VN,practo,,1.0,canonical,270,Q3,,Premium,0.272491
hosp_4b770e4ec70e3e00,Kolekar Nursing Home	,kolekar nursing home,Mumbai,Hospital,Chembur East,,19.055299,72.910424,87608b56dffffff,,4.0,5.0,True,,400.0,1500.0,,8.0,,+912071173181,https://www.practo.com/mumbai/hospital/kolekar-nursing-home-chembur-east?referrer=hospital_listing,,VN,practo,,1.0,canonical,271,Q3,,Premium,0.272291
hosp_4884a9536d4ab3c2,Ashirwad Maternity & Nursing Home,ashirwad maternity nursing home,Mumbai,Hospital,Bhandup West,,19.143249,72.930972,87608b543ffffff,,2.0,2.0,True,,600.0,600.0,4.5,24.0,,+912248968621,https://www.practo.com/mumbai/hospital/ashirwad-maternity-nursing-home-bhandup-west?referrer=hospital_listing,https://images1-fabric.practo.com/practices/678162/ashirwad-maternity-nursing-home-mumbai-593f8dc71c1aa.jpg,VN,practo,,1.0,canonical,272,Q3,,Premium,0.272177
hosp_3971f0c93cbcd027,Namaha Hospital,namaha hospital,Mumbai,Hospital,Kandivali West,,19.1979676,72.7659901,87608b44dffffff,,3.0,6.0,True,,0.0,1200.0,,,,+912071173190,https://www.practo.com/mumbai/hospital/namaha-hospital?referrer=hospital_listing,https://images1-fabric.practo.com/practices/1172599/namaha-hospital-mumbai-67e29670b47bd.png,VN,practo,,1.0,canonical,273,Q3,,Premium,0.272135
hosp_9fb8d444752f35df,Dr Pattnaik's Hospital,dr pattnaik s hospital,Mumbai,Hospital,Bandra West,,19.060590460521293,72.82965660095215,87608b0b1ffffff,,3.0,6.0,True,,500.0,1000.0,,,,+912271873699,https://www.practo.com/mumbai/hospital/dr-pattnaik-s-hospital-bandra-west-1?referrer=hospital_listing,,VN,practo,,1.0,canonical,274,Q3,,Premium,0.272135
hosp_74ce39fddf6eebe9,Nirmala Maternity and Surgical Hospital,nirmala maternity surgical hospital,Mumbai,Hospital,Chinchpokli,,18.98699490817,72.830968651343,87608b0a5ffffff,,1.0,2.0,True,,1000.0,1000.0,4.5,29.0,,+912071177324,https://www.practo.com/mumbai/hospital/nirmala-maternity-and-surgical-hospital-chinchpokli?referrer=hospital_listing,https://images1-fabric.practo.com/practices/1195508/nirmala-hospital-mumbai-5b333b0fcfdee.jpg,VN,practo,,1.0,canonical,275,Q3,,Premium,0.271996
hosp_1fe8687edb162662,Sai Hospital,sai hospital,Mumbai,Hospital,Chembur,,19.054441,72.8891621,87608b569ffffff,,5.0,4.0,True,,600.0,800.0,,6.0,,+912071171706,https://www.practo.com/mumbai/hospital/sai-hospital-chembur-chembur?referrer=hospital_listing,https://images1-fabric.practo.com/practices/657935/sai-hospital-mumbai-66547e202060c.png,VN,practo,,1.0,canonical,276,Q3,,Premium,0.271773
hosp_86d4b0c4f864df27,Smt Sushilaben R Mehta & Sir Kikabhai Hospital,smt sushilaben r mehta sir kikabhai hospital,Mumbai,Hospital,Sion,,,,,,4.0,5.0,True,,0.0,0.0,,,,+912071173225,https://www.practo.com/mumbai/hospital/smt-sushilaben-r-mehta-sir-kikabhai-hospital-sion-1?referrer=hospital_listing,,VN,practo,,0.6,canonical,277,Q3,,Premium,0.271752
hosp_d5ce10e9229f6d55,House Of Care,house care,Mumbai,Hospital,Khar West,,0.0,0.0,87754e64dffffff,,1.0,1.0,True,,1000.0,1000.0,,5.0,2012.0,+912071173225,https://www.practo.com/mumbai/hospital/chhaya-jain-sion-east-1?referrer=hospital_listing,,VN,practo,,1.0,canonical,278,Q3,,Premium,0.271697
hosp_d81f0433756014b3,Dr. Nikam Pile Hospital,dr nikam pile hospital,Mumbai,Hospital,Prabhadevi,,19.01547503824973,72.83244563355765,87608b0a0ffffff,,1.0,1.0,False,,0.0,0.0,5.0,35.0,,+912071173224,https://www.practo.com/mumbai/hospital/dr-nikam-pile-hospital-gangapur?referrer=hospital_listing,https://images1-fabric.practo.com/54f97d222386605070aba8ab83cb36650f1ac65b2f167.jpg,VN,practo,,1.0,canonical,279,Q3,,Premium,0.271395
hosp_4199e548caa9493d,Aastha Hospital,aastha hospital,Mumbai,Hospital,Vikhroli East,,19.116129,72.9315852,87608b540ffffff,,1.0,1.0,True,,500.0,500.0,,,2012.0,+912071173226,https://www.practo.com/mumbai/hospital/aastha-hospital-8-vikhroli-east?referrer=hospital_listing,https://images1-fabric.practo.com/practices/957656/aastha-hospital-mumbai-66592a5ce5223.png,VN,practo,,1.0,canonical,280,Q3,,Premium,0.27136
hosp_613531cd1e59d15f,Ashirwad Hospital and Critical Care Unit,ashirwad hospital critical care unit,Mumbai,Hospital,Mulund,,19.171107792863,72.958497097716,87608b550ffffff,,2.0,3.0,True,,600.0,600.0,4.5,15.0,,+912071173199,https://www.practo.com/mumbai/hospital/ashirwad-hospital-and-critical-care-unit-mulund?referrer=hospital_listing,https://images1-fabric.practo.com/practices/997553/ashirwad-hospital-and-critical-care-unit-mumbai-5b40a8c1ad30c.jpg,VN,practo,,1.0,canonical,281,Q3,,Premium,0.271301
hosp_7525e1b8268f05a1,SevenHills Hospital,sevenhills hospital,Mumbai,Hospital,Andheri East,,19.118284,72.877802,87608b548ffffff,,21.0,18.0,True,,0.0,1500.0,4.0,286.0,2010.0,+912248903971,https://www.practo.com/mumbai/hospital/sevenhills-hospital-andheri-east-3?referrer=hospital_listing,https://images1-fabric.practo.com/sevenhills-hospital-mumbai-1469093486-5790966e783ef.jpg,VN,practo,,1.0,canonical,282,Q3,,Premium,0.271038
hosp_530ae1b674808c03,Parakh Hospital,parakh hospital,Mumbai,Hospital,Ghatkopar,,19.08461,72.90749,87608b56affffff,,17.0,19.0,True,,0.0,1500.0,4.0,53.0,,+912248933646,https://www.practo.com/mumbai/hospital/parakh-hospital-ghatkopar?referrer=hospital_listing,https://images1-fabric.practo.com/practices/897234/parakh-hospital-mumbai-596de1db927d7.jpg,VN,practo,,1.0,canonical,283,Q3,,Premium,0.270852
hosp_9ee663d8ad80d4dd,The Bone Clinic,bone clinic,Mumbai,Hospital,Bhandup East,,19.141965368859,72.938758134842,87608b542ffffff,,1.0,1.0,True,,1000.0,1000.0,4.5,32.0,,+912071171359,https://www.practo.com/mumbai/hospital/dr-atul-s-orthocare-centre-mulund-west-1?referrer=hospital_listing,https://images1-fabric.practo.com/practices/786777/the-bone-clinic-navi-mumbai-5fe2f99aabbf7.png,ABS,practo,,1.0,canonical,284,Q3,,Premium,0.270845
hosp_715d685226ae781f,Shah Nursing Home ,shah nursing home,Mumbai,Hospital,Matunga,,19.026306,72.854619,87608b0a6ffffff,,3.0,5.0,True,,0.0,1000.0,,5.0,,+912071173197,https://www.practo.com/mumbai/hospital/shah-nursing-home-matunga?referrer=hospital_listing,,VN,practo,,1.0,canonical,285,Q3,,Premium,0.270585
hosp_0f79a9ef65124356,Sanghvi Hospital,sanghvi hospital,Mumbai,Hospital,Andheri West,,19.145762,72.8231757,87608b46cffffff,,6.0,7.0,True,,0.0,1300.0,3.5,12.0,1986.0,+912071173173,https://www.practo.com/mumbai/hospital/sanghvi-hospital-andheri-west?referrer=hospital_listing,https://images1-fabric.practo.com/practices/683037/sanghvi-hospital-mumbai-6668349e38765.png,VN,practo,,1.0,canonical,286,Q3,,Premium,0.270271
hosp_70927d60a368308a,Life Care Hospital,life care hospital,Mumbai,Hospital,Dharavi,,19.050547,72.849052,87608b0b5ffffff,,3.0,5.0,True,,0.0,500.0,,,,+912071173184,https://www.practo.com/mumbai/hospital/life-care-hospital-dharavi-1?referrer=hospital_listing,,VN,practo,,1.0,canonical,287,Q3,,Premium,0.270248
hosp_ea35bb0030de2da1,City Hospital,city hospital,Mumbai,Hospital,Jogeshwari West,,19.1432424,72.8428831,87608b465ffffff,,3.0,5.0,True,,0.0,1000.0,,,,+912071173188,https://www.practo.com/mumbai/hospital/city-hospital-jogeshwari-west?referrer=hospital_listing,,VN,practo,,1.0,canonical,288,Q3,,Premium,0.270248
hosp_0d454f5dca920a07,Aastha Hospital,aastha hospital,Mumbai,Hospital,Kandivali West,,19.208051619126028,72.85006284713745,87608b444ffffff,,3.0,5.0,True,,0.0,800.0,,,,+912071173190,https://www.practo.com/mumbai/hospital/aastha-hospital-kandivali-west-1?referrer=hospital_listing,https://images1-fabric.practo.com/5539e77e9ac52a6623fb79e7b01c1e48908f62b73e437.jpg,VN,practo,,1.0,canonical,289,Q3,,Premium,0.270248
hosp_f6d552548affaa8f,Jeevan Vikas Kendra,jeevan vikas kendra,Mumbai,Hospital,Andheri East,,,,,,4.0,4.0,True,,150.0,2000.0,,3.0,,+912071173172,https://www.practo.com/mumbai/hospital/jeevan-vikas-kendra-andheri-east?referrer=hospital_listing,,VN,practo,,0.6,canonical,290,Q3,,Premium,0.270067
hosp_a6e9bfcad7d7583f,St Elizabeth's Hospital,st elizabeth s hospital,Mumbai,Hospital,Malabar Hill,,18.94848492439503,72.79541015625,87608b015ffffff,,4.0,4.0,True,,100.0,850.0,,3.0,,+912071173195,https://www.practo.com/mumbai/hospital/st-elizabeth-s-hospital-malabar-hill-1?referrer=hospital_listing,https://images1-fabric.practo.com/st-elizabeth-s-hospital-1456510294-56d09556e3a55.png,VN,practo,,1.0,canonical,291,Q3,,Premium,0.270067
hosp_e0895a5ad433fa2b,Mangal Murti Hospital,mangal murti hospital,Mumbai,Hospital,Borivali West,,19.2266427,72.8279287,87608b442ffffff,,4.0,4.0,True,,300.0,1500.0,,2.0,,+912071173179,https://www.practo.com/mumbai/hospital/mangal-murti-hospital?referrer=hospital_listing,,VN,practo,,1.0,canonical,292,Q3,,Premium,0.27
hosp_758c22c89abc2970,V Care Hospital and ICU,v care hospital icu,Mumbai,Hospital,Kurla East,,19.0627582,72.8817044,87608b569ffffff,,4.0,4.0,True,,0.0,800.0,,2.0,,+912071173193,https://www.practo.com/mumbai/hospital/v-care-hospital-and-icu-kurla-east?referrer=hospital_listing,,VN,practo,,1.0,canonical,293,Q3,,Premium,0.27
hosp_3dbadaf19f3fca33,Advanced Orthopaedics,advanced orthopaedics,Mumbai,Hospital,Nana Chowk,,18.962427772008272,72.81231184232827,87608b016ffffff,,4.0,4.0,True,,2000.0,4000.0,,2.0,,+912048552499,https://www.practo.com/mumbai/hospital/advanced-orthopaedics-clinic-nana-chowk?referrer=hospital_listing,https://images1-fabric.practo.com/practices/1471103/advanced-orthopaedics-mumbai-66ac8e69b2c68.jpg,VN,practo,,1.0,canonical,294,Q3,,Premium,0.27
hosp_7478ab4d88b309cf,Sanghvi Hospital,sanghvi hospital,Mumbai,Hospital,Andheri West,,19.13862057776265,72.82811164855957,87608b092ffffff,,4.0,4.0,True,,0.0,600.0,,,,+912071173175,https://www.practo.com/mumbai/hospital/sanghvi-hospital-lokhandwala-andheri-west-andheri-west?referrer=hospital_listing,https://images1-fabric.practo.com/practices/1122957/sanghvi-hospital-mumbai-6667dc05f06a5.png,VN,practo,,1.0,canonical,295,Q3,,Premium,0.269865
hosp_edfb511c3fbe1da0,Upasani Super Specialty Hospital (USSH),upasani super specialty hospital ussh,Mumbai,Hospital,Mulund West,,19.174619130039,72.942352294922,87608b55effffff,,4.0,4.0,True,,0.0,600.0,,,,+912048554750,https://www.practo.com/mumbai/hospital/universal-multispeciality-hospital-mulund-west-1?referrer=hospital_listing,https://images1-fabric.practo.com/practices/1232050/upasani-super-specialty-hospital-ussh-mumbai-60278bff18c34.png,VN,practo,,1.0,canonical,296,Q3,,Premium,0.269865
hosp_b12430daecd7dce2,Sanjeevani Hospital - Andheri ,sanjeevani hospital andheri,Mumbai,Hospital,Andheri East,,,,,,2.0,5.0,True,,200.0,3000.0,,9.0,,+912071173172,https://www.practo.com/mumbai/hospital/sanjeevani-hospital-andheri-andheri-east?referrer=hospital_listing,,VN,practo,,0.6,canonical,297,Q3,,Premium,0.269351
hosp_44ee3f7eef4e58f1,Anideep Eye Hospital and Institute Pvt Ltd.,anideep eye hospital institute,Mumbai,Hospital,Vileparle West,,19.104497,72.839501,87608b094ffffff,,1.0,1.0,False,,500.0,500.0,5.0,33.0,,+912071173234,https://www.practo.com/mumbai/hospital/anideep-eye-hospital-and-institute-pvt-ltd-vileparle-west?referrer=hospital_listing,https://images1-fabric.practo.com/anideep-eye-hospital-and-institute-pvt-ltd-mumbai-1453031456-569b80209eced.png,VN,practo,,1.0,canonical,298,Q3,,Premium,0.269218
hosp_a25b5188f84b3fdd,Sai Hospital,sai hospital,Mumbai,Hospital,Sion,,19.040375181859,72.85514831543,87608b0b5ffffff,,2.0,5.0,True,,800.0,1000.0,,5.0,,+912071173225,https://www.practo.com/mumbai/hospital/sai-hospital-sion?referrer=hospital_listing,https://images1-fabric.practo.com/sai-hospital-mumbai-1449983850-566cff6a2884d.gif,VN,practo,,1.0,canonical,299,Q3,,Premium,0.269082
hosp_e041cb86dab5e880,Jogeshwari Hospital,jogeshwari hospital,Mumbai,Hospital,Jogeshwari West,,19.1357014,72.8444147,87608b465ffffff,,2.0,2.0,True,,300.0,1000.0,4.5,14.0,,+912071173234,https://www.practo.com/mumbai/hospital/jogeshwari-hospital-jogeshwari-west-1?referrer=hospital_listing,https://images1-fabric.practo.com/jogeshwari-hospital-mumbai-1481874148-58539ae41b0b6.jpg,VN,practo,,1.0,canonical,300,Q3,,Premium,0.269069
hosp_0efd0c0a82632548,RG Stone Urology & Laparoscopy Hospital,rg stone urology laparoscopy hospital,Mumbai,Hospital,Andheri West,,19.1366974,72.8366084,87608b092ffffff,,3.0,4.0,True,,1500.0,1500.0,,6.0,,+912071173172,https://www.practo.com/mumbai/hospital/rg-stone-urology-and-laparoscopy-hospital-andheri-west?referrer=hospital_listing,https://images1-fabric.practo.com/practices/638297/rg-stone-urology-laparoscopy-hospital-mumbai-5af9321c1587f.png,VN,practo,,1.0,canonical,301,Q3,,Premium,0.268766
hosp_965028bf26ff7ffb,"Parakh Hospital - Gynecology, Obstetrics & IVF",parakh hospital gynecology obstetrics ivf,Mumbai,Hospital,Ghatkopar East,,19.0842566,72.9076683,87608b56affffff,,6.0,7.0,False,,0.0,1500.0,4.5,303.0,,+912048552186,https://www.practo.com/mumbai/hospital/parakh-hospital-ghatkopar-east?referrer=hospital_listing,https://images1-fabric.practo.com/53294c9253bf4fd5cd72107c300d62f9842e90210e6c5.jpg,VN,practo,,1.0,canonical,302,Q3,,Premium,0.268758
hosp_78c43b3dc0dc5bb5,Sunridges Speciality Hospital,sunridges speciality hospital,Mumbai,Hospital,Vileparle West,,19.103232594026867,72.8348171710968,87608b094ffffff,,4.0,3.0,True,,0.0,3000.0,,8.0,,+912071173234,https://www.practo.com/mumbai/hospital/sunridges-speciality-hospital-vileparle-west?referrer=hospital_listing,https://images1-fabric.practo.com/sunridges-speciality-hospital-mumbai-1485497497-588ae499d7a0b.jpg,VN,practo,,1.0,canonical,303,Q3,,Premium,0.268518
hosp_7bf13c5fb5851b40,Neelam Hospital & ICCU,neelam hospital iccu,Mumbai,Hospital,Kurla West,,19.0799112,72.8802817,87608b0b6ffffff,,2.0,2.0,True,,500.0,700.0,4.5,12.0,,+912071177420,https://www.practo.com/mumbai/hospital/nutrietoken-kurla-west?referrer=hospital_listing,,VN,practo,,1.0,canonical,304,Q3,,Premium,0.268354
hosp_ad900dab0037ca3c,Gokhale Eye Hospital,gokhale eye hospital,Mumbai,Hospital,Dadar West,,19.017912,72.835828,87608b0a0ffffff,,1.0,,True,,800.0,800.0,4.5,29.0,,+912071173183,https://www.practo.com/mumbai/hospital/ghokhale-eye-hospital-dadar-west?referrer=hospital_listing,https://images1-fabric.practo.com/practices/659515/gokhale-eye-hospital-mumbai-6672c1ae3729a.png,VN,practo,,1.0,canonical,305,Q3,,Premium,0.268223
hosp_7dd24c8807b2cf6c, Shushrusha Hospital,shushrusha hospital,Mumbai,Hospital,Mulund East,,19.1712701,72.9580506,87608b550ffffff,,4.0,3.0,True,,0.0,500.0,,2.0,,+912071173199,https://www.practo.com/mumbai/hospital/shushrusha-hospital-mulund-east?referrer=hospital_listing,https://images1-fabric.practo.com/practices/677598/shushrusha-hospital-mumbai-664894a37d28b.png,VN,practo,,1.0,canonical,306,Q3,,Premium,0.268113
hosp_30982c91996e3d9d,Aryan Hospital & Medical Centre ,aryan hospital medical centre,Mumbai,Hospital,Kurla East,,19.060558,72.884695,87608b569ffffff,,17.0,16.0,False,,0.0,1600.0,4.5,14.0,,+912071173193,https://www.practo.com/mumbai/hospital/aryan-hospital-medical-centre-kurla-east?referrer=hospital_listing,,VN,practo,,1.0,canonical,307,Q3,,Premium,0.268041
hosp_49308f70bd791f70,Ruby Eye Care Hospital,ruby eye care hospital,Mumbai,Hospital,Ghatkopar West,,19.086648840054615,72.90812999010086,87608b56affffff,,1.0,1.0,True,,900.0,900.0,4.5,20.0,,+917971261890,https://www.practo.com/mumbai/hospital/ruby-eye-care-hospital-ghatkopar-west?referrer=hospital_listing,https://images1-fabric.practo.com/practices/1257196/ruby-eye-care-hospital-mumbai-5dcd10fddfe9f.jpg,ABS,practo,,1.0,canonical,308,Q3,,Premium,0.267627
hosp_95a605aab9ec92d1,Shree Samarth Nursing Home,shree samarth nursing home,Mumbai,Hospital,Matunga,,19.021402,72.847352,87608b0a6ffffff,,3.0,1.0,True,,0.0,2000.0,4.5,11.0,,+912071173197,https://www.practo.com/mumbai/hospital/shree-samarth-nursing-home-matunga?referrer=hospital_listing,,VN,practo,,1.0,canonical,309,Q3,,Premium,0.267598
hosp_a44845e384a58af1,"Shushrusha Hospital, Mumbai",shushrusha hospital mumbai,Mumbai,Hospital,Dadar West,,19.0231899,72.8382401,87608b0a6ffffff,,23.0,14.0,False,,0.0,1000.0,,,,+912048552499,https://www.practo.com/mumbai/hospital/shushrusha-hospital-mumbai-dadar-west?referrer=hospital_listing,,VN,practo,,1.0,canonical,310,Q3,,Premium,0.267304
hosp_8dac8fc26668b6c2,Sri Siddhivinayak Hospital & Research Centre,sri siddhivinayak hospital research centre,Mumbai,Hospital,Mira Road,,19.27460756967319,72.8596544265747,87608b450ffffff,,1.0,5.0,True,,2000.0,2000.0,,,,+912071173199,https://www.practo.com/mumbai/hospital/sri-siddhivinayak-medical-research-mira-road?referrer=hospital_listing,https://images1-fabric.practo.com/550d2281edff286483bfca823c1203603f2d3ddd84b4f.jpg,VN,practo,,1.0,canonical,311,Q3,,Premium,0.26724
hosp_151a04e778d8d4d6,Surya Hospital,surya hospital,Mumbai,Hospital,Andheri,,12.9154809,77.6158333,87618925cffffff,,6.0,1.0,True,,0.0,1000.0,,,,+912071178179,https://www.practo.com/mumbai/hospital/surya-hospital-6?referrer=hospital_listing,https://images1-fabric.practo.com/practices/951872/surya-hospital-mumbai-6655ab059af6e.png,VN,practo,,1.0,canonical,312,Q3,,Premium,0.267212
hosp_2354fef46fc6a79f,Shanti Multi Speciality Hospital,shanti multi speciality hospital,Mumbai,Hospital,Bandra West,,19.051064347408012,72.83801972866058,87608b0b1ffffff,,3.0,3.0,True,,0.0,1000.0,,9.0,,+912071173203,https://www.practo.com/mumbai/hospital/shanti-multi-speciality-hospital-bandra-west?referrer=hospital_listing,https://images1-fabric.practo.com/shanti-multi-speciality-hospital-mumbai-1488107583-58b2b83f04722.jpg,VN,practo,,1.0,canonical,313,Q3,,Premium,0.267082
hosp_6134000a35174bf6,Shalyak Hospital,shalyak hospital,Mumbai,Hospital,Jogeshwari East,,19.137140739473,72.854171991348,87608b465ffffff,,3.0,3.0,True,,350.0,900.0,,8.0,,+912071173187,https://www.practo.com/mumbai/hospital/shalyak-hospital-jogeshwari-east?referrer=hospital_listing,,VN,practo,,1.0,canonical,314,Q3,,Premium,0.267014
hosp_ff7c2dd5f4ba6d0e,Diamond Hospital,diamond hospital,Mumbai,Hospital,Jogeshwari West,,19.139604,72.843508,87608b465ffffff,,3.0,3.0,True,,500.0,1000.0,,7.0,,+912071173187,https://www.practo.com/mumbai/hospital/diamond-hospital-jogeshwari-west-2?referrer=hospital_listing,,VN,practo,,1.0,canonical,315,Q3,,Premium,0.266947
hosp_08781ed2e6c98def,Riddhi Vinayak Hospital,riddhi vinayak hospital,Mumbai,Hospital,Malad West,,19.1940433,72.8471719,87608b444ffffff,,2.0,4.0,True,,600.0,1000.0,,,,+912071173197,https://www.practo.com/mumbai/hospital/riddhi-vinayak-hospital-malad-west?referrer=hospital_listing,,VN,practo,,1.0,canonical,316,Q3,,Premium,0.266857
hosp_fcb5465f2b924f8e,Balaji Hospital,balaji hospital,Mumbai,Hospital,Bhayandar East,,,,,,2.0,4.0,True,,0.0,1000.0,,,,+912071173177,https://www.practo.com/mumbai/hospital/balaji-hospital-bhayander-east?referrer=hospital_listing,,VN,practo,,0.6,canonical,317,Q3,,Premium,0.266857
hosp_480b7ec4a4974ed0,Orbit Super Speciality Hospital & Accident Centre,orbit super speciality hospital accident centre,Mumbai,Hospital,Dahisar,,19.26448333253,72.878336367487,87608b456ffffff,,3.0,3.0,True,,0.0,500.0,,4.0,,+912071173183,https://www.practo.com/mumbai/hospital/orbit-super-speciality-hospital-accident-centre-dahisar?referrer=hospital_listing,,VN,practo,,1.0,canonical,318,Q3,,Premium,0.266744
hosp_4b669ab44cb924c0, Shiv Hospital,shiv hospital,Mumbai,Hospital,Chembur,,12.9564672,77.594624,87618925bffffff,,3.0,3.0,True,,0.0,800.0,,4.0,,+912071173181,https://www.practo.com/mumbai/hospital/shiv-hospital-chembur?referrer=hospital_listing,https://images1-fabric.practo.com/practices/676247/shiv-hospital-mumbai-666c635ba9a1d.png,VN,practo,,1.0,canonical,319,Q3,,Premium,0.266744
hosp_6244aa8d899d6422,Sneha Hospital,sneha hospital,Mumbai,Hospital,Bhayandar East,,19.334794101205,72.876434326172,87608b4e3ffffff,,3.0,3.0,True,,300.0,500.0,,3.0,,+912071173177,https://www.practo.com/mumbai/hospital/sneha-hospital-3-bhayandar-east?referrer=hospital_listing,https://images1-fabric.practo.com/practices/1145701/sneha-hospital-mumbai-590bf4b210efe.jpg,VN,practo,,1.0,canonical,320,Q3,,Premium,0.266677
hosp_4584627eaabff3ef,Atlantis Max Hospital,atlantis max hospital,Mumbai,Hospital,Kandivali West,,19.200195,72.849656,87608b444ffffff,,3.0,3.0,True,,400.0,700.0,,2.0,,+912071173190,https://www.practo.com/mumbai/hospital/atlantis-max-hospital-kandivali-west?referrer=hospital_listing,https://images1-fabric.practo.com/practices/871995/atlantis-max-hospital-mumbai-66669b43900ff.png,VN,practo,,1.0,canonical,321,Q3,,Premium,0.266609
hosp_a1ca9a318c57ed76,Gokul Nursing Home and ICCU,gokul nursing home iccu,Mumbai,Hospital,Mulund,,19.173292095324587,72.9564281925559,87608b551ffffff,,1.0,2.0,True,,500.0,500.0,4.5,11.0,,+912071173199,https://www.practo.com/mumbai/hospital/gokul-nursing-home-and-iccu-mulund?referrer=hospital_listing,https://images1-fabric.practo.com/gokul-nursing-home-and-iccu-mumbai-1440004786-55d4bab263de5.jpg,VN,practo,,1.0,canonical,322,Q3,,Premium,0.266478
hosp_902f2f0a8797c2cf,Dr R.N.Cooper Hospital,dr r n cooper hospital,Mumbai,Hospital,Vileparle,,19.2373331,72.8604108,87608b473ffffff,,3.0,3.0,True,,0.0,100.0,,,,+912071173199,https://www.practo.com/mumbai/hospital/navneet-hospital-borivali-east?referrer=hospital_listing,https://images1-fabric.practo.com/dr-dipti-s-physiotherapy-centre-mumbai-1468410686-57862b3eb54d8.jpg,VN,practo,,1.0,canonical,323,Q3,,Premium,0.266474
hosp_9af3a2b08dee8088,Healing Minds Clinic,healing minds clinic,Mumbai,Hospital,Goregaon West,,19.05782,72.84703,87608b0b0ffffff,,1.0,2.0,False,,5000.0,5000.0,5.0,29.0,,+912071173234,https://www.practo.com/mumbai/hospital/lifeline-medicare-hospital-goregaon-west?referrer=hospital_listing,https://images1-fabric.practo.com/54be03b52e7e7c2fb7957f7befbff35ae80a80d336f22.jpg,VN,practo,,1.0,canonical,324,Q3,,Premium,0.266439
hosp_ee826f9561d1bc08,Sushrusha Hospital,sushrusha hospital,Mumbai,Hospital,Vikhroli East,,19.110247943939,72.936068465933,87608b545ffffff,,4.0,2.0,True,,500.0,2000.0,,2.0,,+912071179090,https://www.practo.com/mumbai/hospital/sushrusha-hospital-3-vikhroli-east?referrer=hospital_listing,https://images1-fabric.practo.com/practices/1139566/sushrusha-hospital-mumbai-6655f9512c179.png,VN,practo,,1.0,canonical,325,Q3,,Premium,0.266226
hosp_b457cc5e0c71aea0,Thunga Hospital,thunga hospital,Mumbai,Hospital,Malad West,,19.195343614965,72.846184372902,87608b444ffffff,,21.0,15.0,True,,0.0,3000.0,4.0,62.0,,+912071173198,https://www.practo.com/mumbai/hospital/thunga-hospital-malad-west?referrer=hospital_listing,https://images1-fabric.practo.com/thunga-hospital-mumbai-1490178580-58d25214e15f8.png,VN,practo,,1.0,canonical,326,Q3,,Premium,0.266104
hosp_3e6d44daaa6a0ff0,Sion Polyclinic and Hospital,sion polyclinic hospital,Mumbai,Hospital,Sion West,,19.0398171,72.8599335,87608b0b5ffffff,,4.0,2.0,True,,0.0,100.0,,,,+912071173225,https://www.practo.com/mumbai/hospital/sion-polyclinic-and-hospital-sion-west?referrer=hospital_listing,,VN,practo,,1.0,canonical,327,Q3,,Premium,0.266091
hosp_ec85be1ab2524efc,Modi Hospital ,modi hospital,Mumbai,Hospital,Mulund,,19.188826,72.945848,87608b553ffffff,,1.0,4.0,True,,400.0,500.0,,5.0,,+912071173199,https://www.practo.com/mumbai/hospital/modi-hospital-thane-west?referrer=hospital_listing,,VN,practo,,1.0,canonical,328,Q3,,Premium,0.265691
hosp_f64a17a2206c74a6,Ashoka Hospital,ashoka hospital,Mumbai,Hospital,Kandivali West,,19.1821024,72.853339,87608b462ffffff,,2.0,3.0,True,,0.0,1000.0,,9.0,,+912271873698,https://www.practo.com/mumbai/hospital/ashoka-hospital-2-malad-east?referrer=hospital_listing,,VN,practo,,1.0,canonical,329,Q3,,Premium,0.265578
hosp_7fa0c4284c804590,Samarth Hospital,samarth hospital,Mumbai,Hospital,Vikhroli West,,,,,,2.0,3.0,True,,400.0,600.0,,7.0,,+912071173233,https://www.practo.com/mumbai/hospital/samarth-hospital-vikhroli-west-1?referrer=hospital_listing,,VN,practo,,0.6,canonical,330,Q3,,Premium,0.265443
hosp_37ee6eb55c9114ed,Atullok Hospital,atullok hospital,Mumbai,Hospital,Vikhroli East,,19.1190095,72.9343449,87608b540ffffff,,2.0,3.0,True,,600.0,600.0,,5.0,,+912071173226,https://www.practo.com/mumbai/hospital/bone-joint-general-hospitality-vikhroli-east?referrer=hospital_listing,,VN,practo,,1.0,canonical,331,Q3,,Premium,0.265308
hosp_0ceb09c0de7d68c8,Doshi Nursing Home,doshi nursing home,Mumbai,Hospital,Ghatkopar East,,19.083296,72.904881,87608b56bffffff,,2.0,3.0,True,,0.0,1500.0,,5.0,,+912071173185,https://www.practo.com/mumbai/hospital/doshi-nursing-home-2-ghatkopar-east?referrer=hospital_listing,https://images1-fabric.practo.com/practices/1135285/doshi-nursing-home-mumbai-666a7fcf09361.png,VN,practo,,1.0,canonical,332,Q3,,Premium,0.265308
hosp_08a14bc72f44bc47,Mohit Hospital,mohit hospital,Mumbai,Hospital,Borivali East,,19.233707800924,72.864494472742,87608b473ffffff,,3.0,2.0,True,,500.0,600.0,,9.0,,+912071173178,https://www.practo.com/mumbai/hospital/mohit-hospital-borivali-east?referrer=hospital_listing,https://images1-fabric.practo.com/practices/667995/mohit-hospital-mumbai-59a2c6bb13d66.jpg,VN,practo,,1.0,canonical,333,Q3,,Premium,0.265195
hosp_84ee09d11e39a769,Dr Patil's Parel Clinic(Desai Memorial Hospital),dr patil s parel clinic desai memorial hospital,Mumbai,Hospital,Parel,,19.000685383058,72.839908003807,87608b0a4ffffff,,2.0,3.0,True,,1000.0,1000.0,,2.0,,+912071179000,https://www.practo.com/mumbai/hospital/orthopedic-clinic-parel?referrer=hospital_listing,https://images1-fabric.practo.com/practices/1163202/dr-patil-s-parel-hospital-desai-memorial-hospital-mumbai-5a3e29ce9e8c2.jpeg,VN,practo,,1.0,canonical,334,Q3,,Premium,0.265106
hosp_d20ad1bea34ddc0d,AllCure SuperSpeciality Hospital,allcure superspeciality hospital,Mumbai,Hospital,Jogeshwari East,,19.1359726,72.8520426,87608b465ffffff,,19.0,16.0,False,,0.0,0.0,,,,+912071173265,https://www.practo.com/mumbai/hospital/allcure-superspeciality-hospital-jogeshwari-east-4?referrer=hospital_listing,,VN,practo,,1.0,canonical,335,Q3,,Premium,0.265063
hosp_da53434f013b6ced,RG Stone Urology and Laparoscopy Hospital,rg stone urology laparoscopy hospital,Mumbai,Hospital,Khar West,,19.074239377861783,72.83246996050099,87608b0b3ffffff,,2.0,3.0,True,,1000.0,1650.0,,,,+912071173193,https://www.practo.com/mumbai/hospital/rg-stone-urology-and-laparoscopy-hospital-khar-west?referrer=hospital_listing,https://images1-fabric.practo.com/practices/711470/rg-stone-urology-and-laparoscopy-hospital-mumbai-5adf011aa5545.png,VN,practo,,1.0,canonical,336,Q3,,Premium,0.264971
hosp_66c541662a487d84,Noble Hospital,noble hospital,Mumbai,Hospital,Ghatkopar West,,19.0889168,72.9067109,87608b56affffff,,2.0,3.0,True,,500.0,1000.0,,,,+912071173185,https://www.practo.com/mumbai/hospital/noble-hospital-ghatkopar-west-1?referrer=hospital_listing,https://images1-fabric.practo.com/noble-hospital-mumbai-1456213843-56cc0f539df65.png,VN,practo,,1.0,canonical,337,Q3,,Premium,0.264971
hosp_fc79f88222c03ca4,Sai Hospital,sai hospital,Mumbai,Hospital,Chembur East,,19.051111,72.890685,87608b569ffffff,,2.0,3.0,True,,500.0,1000.0,,,,+912071173182,https://www.practo.com/mumbai/hospital/sai-hospital-chembur-east?referrer=hospital_listing,https://images1-fabric.practo.com/practices/963602/sai-hospital-mumbai-66571d816d2c7.png,VN,practo,,1.0,canonical,338,Q3,,Premium,0.264971
hosp_55cbc5d0a98efecd,Punamiya Hospital,punamiya hospital,Mumbai,Hospital,Dadar West,,19.0121015,72.8335572,87608b0a0ffffff,,3.0,2.0,True,,0.0,800.0,,2.0,,+912071173183,https://www.practo.com/mumbai/hospital/punamiya-hospital-dadar-west-1?referrer=hospital_listing,https://images1-fabric.practo.com/practices/676918/punamiya-hospital-mumbai-6672c39554f07.png,VN,practo,,1.0,canonical,339,Q3,,Premium,0.264722
hosp_a16c7b47630ab203,Speciality ENT Hospital,speciality ent hospital,Mumbai,Hospital,Kandivali East,,19.21457,72.86666,87608b471ffffff,,2.0,3.0,False,,800.0,2000.0,4.5,430.0,,+912071173189,https://www.practo.com/mumbai/hospital/speciality-ent-hospital-kandivali-east-1?referrer=hospital_listing,https://images1-fabric.practo.com/speciality-ent-hospital-mumbai-1441370679-55e99237d2192.jpg,VN,practo,,1.0,canonical,340,Q3,,Premium,0.264629
hosp_149fe3da43e24226,Mehta International Eye Institute,mehta international eye institute,Mumbai,Hospital,Colaba,,18.914832588815635,72.82589077949524,87608b030ffffff,,1.0,1.0,True,,2000.0,2000.0,4.5,11.0,,+912071173182,https://www.practo.com/mumbai/hospital/mehta-international-eye-institute-colaba-1?referrer=hospital_listing,https://images1-fabric.practo.com/554c997502eff5cd0ead64ddf78d63860b72db611ffca.jpg,VN,practo,,1.0,canonical,341,Q3,,Premium,0.264591
hosp_779216c815989e3d,Balaji Heart Hospital,balaji heart hospital,Mumbai,Hospital,Byculla,,18.977351922203468,72.83546090126038,87608b18bffffff,,3.0,2.0,True,,300.0,1500.0,,,,+912071173180,https://www.practo.com/mumbai/hospital/balaji-hospital-byculla?referrer=hospital_listing,https://images1-fabric.practo.com/practices/676495/balaji-heart-hospital-mumbai-66697183f181e.png,VN,practo,,1.0,canonical,342,Q3,,Premium,0.264588
hosp_7ec682b29fa53212,Mohit Hospital,mohit hospital,Mumbai,Hospital,Borivali East,,19.228500907778,72.87540435791,87608b473ffffff,,3.0,2.0,True,,0.0,500.0,,,,+912071173178,https://www.practo.com/mumbai/hospital/mohit-hospital-borivali-east-1?referrer=hospital_listing,https://images1-fabric.practo.com/practices/1177271/mohit-hospital-mumbai-6672ef03c096f.png,VN,practo,,1.0,canonical,343,Q3,,Premium,0.264588
hosp_c95e476737f59538,Gurukrupa Superspeciality Hospital,gurukrupa superspeciality hospital,Mumbai,Hospital,Mira Bhayandar,,19.28254825234855,72.87005234509706,87608b456ffffff,,3.0,2.0,True,,1000.0,1200.0,,,,,https://www.practo.com/mumbai/hospital/gurukrupa-superspeciality-hospital-mira-bhayandar?referrer=hospital_listing,,active,practo,,1.0,canonical,344,Q3,,Premium,0.264588
hosp_bd2e7e3fa31c4296,Anjali Mukerjee Health Total,anjali mukerjee health total,Mumbai,Hospital,Colaba,,18.906929751770015,72.81399250030518,87608b031ffffff,,3.0,2.0,True,14.0,0.0,0.0,,,,+912071173182,https://www.practo.com/mumbai/hospital/anjali-mukerjee-health-total-colaba?referrer=hospital_listing,https://images1-fabric.practo.com/anjali-mukerjee-health-total-mumbai-1477569628-5811ec5cac222.png,VN,practo,,1.0,canonical,345,Q3,,Premium,0.264588
hosp_bbdb206c550a2f44,Contacare Eye Hospital,contacare eye hospital,Mumbai,Hospital,Borivali East,,19.22415744045,72.864924921812,87608b473ffffff,,4.0,1.0,True,,500.0,600.0,,3.0,,+912248932501,https://www.practo.com/mumbai/hospital/contacare-eye-hospital-borivali-east?referrer=hospital_listing,https://images1-fabric.practo.com/practices/1190247/contacare-eye-hospital-mumbai-5b211492dab96.jpg,VN,practo,,1.0,canonical,346,Q3,,Premium,0.264407
hosp_28e7def20727f88f,Thunga STH Hospital,thunga sth hospital,Mumbai,Hospital,Andheri West,,19.1583278,72.8207846,87608b46cffffff,,59.0,30.0,True,,600.0,3000.0,3.5,96.0,,+912248930287,https://www.practo.com/mumbai/hospital/thunga-sth-hospital-andheri-west?referrer=hospital_listing,https://images1-fabric.practo.com/practices/1435964/thunga-sth-hospital-mumbai-651feb66cd1db.png,ABS,practo,,1.0,canonical,347,Q3,,Premium,0.264045
hosp_ae74f73fe309a1a6,Matushree Hospital,matushree hospital,Mumbai,Hospital,Kandivali West,,19.209535886455,72.831906974316,87608b440ffffff,,1.0,3.0,True,,500.0,500.0,,7.0,,+912071173190,https://www.practo.com/mumbai/hospital/matushree-hospital-borivali?referrer=hospital_listing,https://images1-fabric.practo.com/practices/1137395/matushree-hospital-mumbai-6666866e06f78.png,VN,practo,,1.0,canonical,348,Q3,,Premium,0.263939
hosp_30bc24bf0daec19d,Criticare Multispeciality Hospital,criticare multispeciality hospital,Mumbai,Hospital,Andheri West,,19.11524569233268,72.83564329147339,87608b090ffffff,,1.0,3.0,True,,0.0,0.0,,6.0,,+912248977836,https://www.practo.com/mumbai/hospital/criticare-multispeciality-hospital-research-centre-andheri-west-3?referrer=hospital_listing,,VN,practo,,1.0,canonical,349,Q3,,Premium,0.263872
hosp_1602e2445d2106b0,Aastha Maternity & Eye Hospital,aastha maternity eye hospital,Mumbai,Hospital,Mira Road,,19.278886,72.871058,87608b456ffffff,,2.0,2.0,True,,350.0,400.0,,9.0,,+912071173198,https://www.practo.com/mumbai/hospital/aastha-maternity-and-eye-hospital-mira-road?referrer=hospital_listing,,VN,practo,,1.0,canonical,350,Q3,,Premium,0.263691
hosp_d9589dd689fb67c1,Mrudula Hospital,mrudula hospital,Mumbai,Hospital,Bhandup East,,19.151673,72.94572,87608b542ffffff,,2.0,2.0,True,,400.0,600.0,,8.0,,+912071173177,https://www.practo.com/mumbai/hospital/mrudula-hospital-bhandup-west?referrer=hospital_listing,https://images1-fabric.practo.com/practices/677260/mrudula-hospital-mumbai-5af3f8bab6a30.jpg,VN,practo,,1.0,canonical,351,Q3,,Premium,0.263624
hosp_b605f6370f5ed482,Vedant Multi Speciality Hospital,vedant multi speciality hospital,Mumbai,Hospital,Goregaon East,,19.1750244,72.8775691,87608b466ffffff,,2.0,2.0,True,,500.0,500.0,,8.0,,+912071172687,https://www.practo.com/mumbai/hospital/vedant-multi-speciality-hospital-goregaon-east?referrer=hospital_listing,https://images1-fabric.practo.com/practices/1219221/vedant-multi-speciality-hospital-mumbai-66685e0fe0111.png,VN,practo,,1.0,canonical,352,Q3,,Premium,0.263624
hosp_a4d06fd567c75bb0,Shantiniketan Hospital,shantiniketan hospital,Mumbai,Hospital,Ghatkopar West,,19.097352447287,72.915669679642,87608b56affffff,,1.0,3.0,True,,1000.0,1000.0,,2.0,,+912071173185,https://www.practo.com/mumbai/hospital/shantiniketan-hospital-ghatkopar-west-3?referrer=hospital_listing,https://images1-fabric.practo.com/practices/1177173/shantiniketan-hospital-mumbai-5a891ec4b9656.jpg,VN,practo,,1.0,canonical,353,Q3,,Premium,0.263602
hosp_e491ff68d0d853aa,Prabhi Speciality Center,prabhi speciality center,Mumbai,Hospital,Borivali East,,11.0151684,76.9801832,87603386effffff,,1.0,3.0,True,,1000.0,1000.0,,,,+914471967020,https://www.practo.com/mumbai/hospital/g-kuppu-swamy-naidu-memorial-hospital-pappanaickenpalayam?referrer=hospital_listing,https://images1-fabric.practo.com/practices/880552/paincarespecialist-mumbai-641edc2f665f7.png,VN,practo,,1.0,canonical,354,Q3,,Premium,0.263467
hosp_02708bded6b32702,Vidya maternity hospital,vidya maternity hospital,Mumbai,Hospital,Goregaon East,,19.175196745438,72.870662212372,87608b466ffffff,,1.0,3.0,True,,0.0,0.0,,,,+912048554741,https://www.practo.com/mumbai/hospital/vidya-maternity-hospital-goregaon-east?referrer=hospital_listing,,VN,practo,,1.0,canonical,355,Q3,,Premium,0.263467
hosp_3b3a3c1b266723eb,Nefrons Hospital,nefrons hospital,Mumbai,Hospital,Mulund West,,19.175139,72.953193,87608b553ffffff,,2.0,2.0,True,,600.0,600.0,,4.0,,+912071179000,https://www.practo.com/mumbai/hospital/nefrons-hospital-mulund-west?referrer=hospital_listing,https://images1-fabric.practo.com/nefrons-hospital-mumbai-1441808652-55f0410c309ab.JPG,VN,practo,,1.0,canonical,356,Q3,,Premium,0.263354
hosp_239c3e84021e7d7a,Sitla Hospital,sitla hospital,Mumbai,Hospital,Chembur,,19.0525853,72.8912338,87608b569ffffff,,2.0,2.0,True,,500.0,1000.0,,4.0,,+918045688378,https://www.practo.com/mumbai/hospital/sitla-hospital-chembur?referrer=hospital_listing,https://images1-fabric.practo.com/practices/676633/sitla-hospital-mumbai-5e6322c4dfb12.jpg,VN,practo,,1.0,canonical,357,Q3,,Premium,0.263354
hosp_6c49db3e150ffa46,Aditi Hospital,aditi hospital,Mumbai,Hospital,Malad West,,19.19031729372249,72.84632516522231,87608b444ffffff,,2.0,2.0,True,,0.0,100.0,,4.0,,+912071173196,https://www.practo.com/mumbai/hospital/aditi-hospital-malad-west?referrer=hospital_listing,https://images1-fabric.practo.com/practices/688639/aditi-hospital-mumbai-66697fb9b8a12.png,VN,practo,,1.0,canonical,358,Q3,,Premium,0.263354
hosp_6d6da236cd3b1d48,Saidhan Hospital ICCU & Eye Care,saidhan hospital iccu eye care,Mumbai,Hospital,Mulund East,,19.177123,72.948584,87608b553ffffff,,2.0,2.0,True,,400.0,700.0,,4.0,,+912071173199,https://www.practo.com/mumbai/hospital/saidan-hospital-iccu-mulund-west?referrer=hospital_listing,,VN,practo,,1.0,canonical,359,Q3,,Premium,0.263354
hosp_d62428650906c7dc,Appolo Spectra Hospital,appolo spectra hospital,Mumbai,Hospital,Tardeo,,18.970665775911236,72.81481057405472,87608b016ffffff,,2.0,2.0,True,,0.0,1200.0,,3.0,,+912071173226,https://www.practo.com/mumbai/hospital/dr-niraj-mahajan-clinic-girgaon?referrer=hospital_listing,https://images1-fabric.practo.com/5282dfa654ac54e52e2f4c1e3703d730010abeb634cfe.png,VN,practo,,1.0,canonical,360,Q3,,Premium,0.263286
hosp_44b216e78427b293,"Apollo Hospitals, Navi Mumbai",apollo hospitals navi mumbai,Mumbai,Hospital,Lower Parel,,18.999559365056,72.840192317963,87608b0a4ffffff,,2.0,2.0,True,,0.0,0.0,,2.0,,+912071173194,https://www.practo.com/mumbai/hospital/global-hospital-parel-2?referrer=hospital_listing,https://images1-fabric.practo.com/practices/1133665/global-hospitals-mumbai-6657044399a49.png,VN,practo,,1.0,canonical,361,Q3,,Premium,0.263219
hosp_cfc721745feca019,S.N. Maternity & General Hospital,s n maternity general hospital,Mumbai,Hospital,Govandi,,19.062128657817752,72.92148571461439,87608b56cffffff,,2.0,2.0,True,,200.0,250.0,,2.0,,+912071173187,https://www.practo.com/mumbai/hospital/s-n-hospital-govandi?referrer=hospital_listing,https://images1-fabric.practo.com/55a01cbf6bed85e7f62b2afcd4bfd55ddfa97026b11e2.PNG,VN,practo,,1.0,canonical,362,Q3,,Premium,0.263219
hosp_392be204acb406a5,Ruby Hospital,ruby hospital,Mumbai,Hospital,Ghatkopar West,,19.086408066727927,72.90744669735432,87608b56affffff,,2.0,2.0,True,,500.0,1800.0,,2.0,,+912071173234,https://www.practo.com/mumbai/hospital/ruby-hospital-ghatkopar-west-1?referrer=hospital_listing,https://images1-fabric.practo.com/ruby-hospital-mumbai-1472710085-57c7c5c540e0b.png,VN,practo,,1.0,canonical,363,Q3,,Premium,0.263219
hosp_0e5d9712e10fbf5e,Riddhi Siddhi Hospital,riddhi siddhi hospital,Mumbai,Hospital,Kandivali East,,19.212869106919584,72.86917090415955,87608b471ffffff,,2.0,2.0,True,,500.0,1000.0,,2.0,,+912071173189,https://www.practo.com/mumbai/hospital/riddhi-siddhi-hospital-thakur-village-kandivali-east?referrer=hospital_listing,https://images1-fabric.practo.com/riddhi-siddhi-hospital-thakur-village-mumbai-1452267351-568fd757c3391.jpg,VN,practo,,1.0,canonical,364,Q3,,Premium,0.263219
hosp_2e3a666019489592,Dr Gupta's Dental Clinic,dr gupta s dental clinic,Mumbai,Hospital,Mahalaxmi,,18.9828522,72.8282521,87608b18bffffff,,3.0,1.0,True,,0.0,500.0,,6.0,,+912071173194,https://www.practo.com/mumbai/hospital/dr-gupta-s-dental-clinic-mahalaxmi?referrer=hospital_listing,,VN,practo,,1.0,canonical,365,Q3,,Premium,0.263106
hosp_56b2c8d5c90e00a1,Salasar Nursing Home,salasar nursing home,Mumbai,Hospital,Bhayandar West,,19.2454956,72.9865976,87608b423ffffff,,2.0,2.0,True,,350.0,350.0,,,,+912071173177,https://www.practo.com/mumbai/hospital/salasar-nursing-home-bhayander-west?referrer=hospital_listing,,VN,practo,,1.0,canonical,366,Q3,,Premium,0.263084
hosp_ff0565176741b938,Balaji Hospital-Mira Road,balaji hospital mira road,Mumbai,Hospital,Bhayandar East,,19.295228,72.859129,87608b452ffffff,,2.0,2.0,True,,0.0,800.0,,,,+912071173177,https://www.practo.com/mumbai/hospital/balaji-hospital-mira-road-mira-road?referrer=hospital_listing,https://images1-fabric.practo.com/practices/675211/balaji-hospital-mira-road-mumbai-66604e82378ad.png,VN,practo,,1.0,canonical,367,Q3,,Premium,0.263084
hosp_da0a61e112f8f9bb,KOHINOOR HOSPITAL KURLA WEST,kohinoor hospital kurla west,Mumbai,Hospital,Kurla West,,19.076182189347,72.886039903387,87608b0b6ffffff,,2.0,2.0,True,,0.0,1000.0,,,,+912071173194,https://www.practo.com/mumbai/hospital/kohinoor-hospital-kurla-west-1-kurla-west?referrer=hospital_listing,https://images1-fabric.practo.com/practices/1160144/kohinoor-hospital-kurla-west-mumbai-59d337a34b6ca.png,VN,practo,,1.0,canonical,368,Q3,,Premium,0.263084
hosp_ceb6527a5cfd3886,Shree Hospital,shree hospital,Mumbai,Hospital,Mulund,,19.18885,72.945835,87608b553ffffff,,2.0,2.0,True,,200.0,300.0,,,,+912071173199,https://www.practo.com/mumbai/hospital/dr-thakurs-shree-hospital-thane-west?referrer=hospital_listing,https://images1-fabric.practo.com/practices/693591/shree-hospital-mumbai-66581144785ea.png,VN,practo,,1.0,canonical,369,Q3,,Premium,0.263084
hosp_016d2f2cce099458,Wadia childrens Hospital,wadia childrens hospital,Mumbai,Hospital,Dadar East,,19.0044933,72.8418894,87608b0a4ffffff,,2.0,2.0,True,,0.0,0.0,,,,+912048553257,https://www.practo.com/mumbai/hospital/wadia-childrens-hospital-dadar-east?referrer=hospital_listing,https://images1-fabric.practo.com/practices/1585281/wadia-childrens-hospital-mumbai-67b07be6623bc.png,VN,practo,,1.0,canonical,370,Q3,,Premium,0.263084
hosp_9bc39187cb6eb14d,Sai Ganga Hospital,sai ganga hospital,Mumbai,Hospital,Bhayandar East,,19.3081586,72.8626687,87608b4e1ffffff,,2.0,2.0,True,,300.0,300.0,,,,+912071173177,https://www.practo.com/mumbai/hospital/sai-ganga-hospital-bhayander-east?referrer=hospital_listing,,VN,practo,,1.0,canonical,371,Q3,,Premium,0.263084
hosp_b14d2ee51f073922,Lifeline Medicare Hospital,lifeline medicare hospital,Mumbai,Hospital,Goregaon East,,19.172268113136,72.86853371188,87608b466ffffff,,2.0,2.0,True,,700.0,1200.0,,,,+912048553262,https://www.practo.com/mumbai/hospital/life-line-hospital-goregaon-east?referrer=hospital_listing,https://images1-fabric.practo.com/practices/1143512/lifeline-medicare-hospital-mumbai-64ab9f3adf239.jpg,VN,practo,,1.0,canonical,372,Q3,,Premium,0.263084
hosp_3c7e8c2c2ff48466,Bhagwati Hospital,bhagwati hospital,Mumbai,Hospital,Borivali West,,19.240357,72.854695,87608b455ffffff,,2.0,2.0,True,,250.0,500.0,,,,+912067325823,https://www.practo.com/mumbai/hospital/bhagwati-hospital-borivali-west?referrer=hospital_listing,https://images1-fabric.practo.com/practices/612890/bhagwati-hospital-mumbai-66585a7264219.png,VN,practo,,1.0,canonical,373,Q3,,Premium,0.263084
hosp_16ceb4a0a7270ef1,Jewel Hospital,jewel hospital,Mumbai,Hospital,Vileparle West,,19.1111228,72.8375374,87608b090ffffff,,2.0,2.0,True,,0.0,2000.0,,,,+912071171342,https://www.practo.com/mumbai/hospital/jewel-hospital-2-vileparle-west?referrer=hospital_listing,https://images1-fabric.practo.com/practices/1580743/jewel-hospital-mumbai-69aab96962e1c.png,VN,practo,,1.0,canonical,374,Q3,,Premium,0.263084
hosp_d9055efb2ca7c3e3,Richfeel Trichology Centre,richfeel trichology centre,Mumbai,Hospital,Borivali West,,19.233688,72.855937,87608b455ffffff,,2.0,2.0,True,13.0,450.0,500.0,,,,+912071173193,https://www.practo.com/mumbai/hospital/richfeel-trichology-centre-borivali-west?referrer=hospital_listing,https://images1-fabric.practo.com/practices/759043/richfeel-trichology-centre-mumbai-5c18dd0f83e31.jpg,VN,practo,,1.0,canonical,375,Q3,,Premium,0.263084
hosp_fdc3fb07748dc3f5,Nandadeep Eye Hospital,nandadeep eye hospital,Mumbai,Hospital,Mulund West,,19.173726057383,72.955618837615,87608b551ffffff,,3.0,1.0,True,,600.0,600.0,,4.0,,+912048553256,https://www.practo.com/mumbai/hospital/nandadeep-eye-hospital-mulund-west?referrer=hospital_listing,https://images1-fabric.practo.com/practices/1404161/insure-eye-institute-mumbai-6353f101bcf6b.jpg,VN,practo,,1.0,canonical,376,Q3,,Premium,0.262971
hosp_1ad9ee4009e27777,Aggarwal Eye Hospital,aggarwal eye hospital,Mumbai,Hospital,Andheri East,,19.1100046,72.8407418,87608b094ffffff,,3.0,1.0,True,,700.0,1000.0,,2.0,,+912071173196,https://www.practo.com/mumbai/hospital/aggarwal-eye-hospital-andheri-east?referrer=hospital_listing,https://images1-fabric.practo.com/practices/689206/aggarwal-eye-hospital-mumbai-5a1b9af7c278c.jpg,VN,practo,,1.0,canonical,377,Q3,,Premium,0.262836
hosp_07f450448ce67646,Anjali Mukerjee Health Total,anjali mukerjee health total,Mumbai,Hospital,Kandivali East,,19.2102059,72.87298,87608b471ffffff,,3.0,1.0,True,14.0,0.0,0.0,,,,+912071179090,https://www.practo.com/mumbai/hospital/anjali-mukerjee-health-total-kandivali-east?referrer=hospital_listing,https://images1-fabric.practo.com/anjali-mukerjee-health-total-mumbai-1477569085-5811ea3d79246.png,VN,practo,,1.0,canonical,378,Q3,,Premium,0.262701
hosp_74131a64e0a539af,Kirit Nursing Home ,kirit nursing home,Mumbai,Hospital,Vileparle East,,,,,,1.0,2.0,True,,0.0,0.0,,8.0,,+912071173233,https://www.practo.com/mumbai/hospital/kirit-nursing-home-vileparle-east?referrer=hospital_listing,,VN,practo,,0.6,canonical,379,Q3,,Premium,0.26212
hosp_f898e30bbeb52050,Shree Guru Maternity And Children's Nursing Home,shree guru maternity children s nursing home,Mumbai,Hospital,Goregaon East,,19.1759,72.8729503,87608b466ffffff,,1.0,2.0,True,,1000.0,1000.0,,8.0,,+912071173186,https://www.practo.com/mumbai/hospital/shree-guru-maternity-and-children-s-nursing-home-goregaon-east?referrer=hospital_listing,https://images1-fabric.practo.com/practices/842039/shree-guru-maternity-and-children-s-nursing-home-mumbai-5d1491c310692.jpg,VN,practo,,1.0,canonical,380,Q3,,Premium,0.26212
hosp_08ef28b389971189,Mangal Murti Hospital And Polyclinic,mangal murti hospital polyclinic,Mumbai,Hospital,Charkop,,19.2137704705653,72.8283751755953,87608b440ffffff,,1.0,2.0,True,,500.0,500.0,,8.0,,+912248932501,https://www.practo.com/mumbai/hospital/mangal-murti-hospital-and-polyclinic-charkop?referrer=hospital_listing,https://images1-fabric.practo.com/practices/1186914/mangal-murti-hospital-and-polyclinic-mumbai-665aceb1ad491.png,VN,practo,,1.0,canonical,381,Q3,,Premium,0.26212
hosp_745e5051a44de0b3,Worli Hospital For Women,worli hospital for women,Mumbai,Hospital,Worli,,19.0131194,72.8227716,87608b0a0ffffff,,1.0,2.0,True,,0.0,2500.0,,5.0,,+912071173234,https://www.practo.com/mumbai/hospital/worli-hospital-for-women-worli-2?referrer=hospital_listing,https://images1-fabric.practo.com/worli-hospital-for-women-mumbai-1454477630-56b1913e76d55.jpg,VN,practo,,1.0,canonical,382,Q3,,Premium,0.261917
hosp_3ad597429cff4070,Sai Hospital,sai hospital,Mumbai,Hospital,Mulund,,19.1861233,72.9521816,87608b553ffffff,,1.0,2.0,True,,300.0,300.0,,4.0,,+912071173199,https://www.practo.com/mumbai/hospital/sai-hospital-mulund?referrer=hospital_listing,https://images1-fabric.practo.com/practices/677367/sai-hospital-mumbai-665700a591ff5.png,VN,practo,,1.0,canonical,383,Q3,,Premium,0.26185
hosp_76e2aeb604a6212d,Mukund Hospital,mukund hospital,Mumbai,Hospital,Andheri East,,19.11100826023246,72.87228763103485,87608b549ffffff,,1.0,2.0,True,,1000.0,1000.0,,4.0,,+912071173172,https://www.practo.com/mumbai/hospital/mukund-hospital-andheri-east-1?referrer=hospital_listing,https://images1-fabric.practo.com/mukund-hospital-mumbai-1443353716-5607d474f19e1.jpg,VN,practo,,1.0,canonical,384,Q3,,Premium,0.26185
hosp_9cba89896c746983,Life Care Hospital - Mira Road,life care hospital mira road,Mumbai,Hospital,Mira Road,,,,,,1.0,2.0,True,,300.0,300.0,,3.0,,+912071173198,https://www.practo.com/mumbai/hospital/life-care-hospital-mira-road-mira-road?referrer=hospital_listing,,VN,practo,,0.6,canonical,385,Q3,,Premium,0.261782
hosp_72761f70181e469c,Mata Laxmi Hospital,mata laxmi hospital,Mumbai,Hospital,Sion East,,19.03579100244396,72.86099553108215,87608b19bffffff,,1.0,2.0,True,,800.0,800.0,,3.0,,+912071173225,https://www.practo.com/mumbai/hospital/matalachmi-hospital-sion?referrer=hospital_listing,,VN,practo,,1.0,canonical,386,Q3,,Premium,0.261782
hosp_16903da77139e55a,Mumbai Eye Care,mumbai eye care,Mumbai,Hospital,Chandivali,,19.113319600296,72.90628194809,87608b54cffffff,,2.0,1.0,True,,1000.0,1000.0,,8.0,,+918037298995,https://www.practo.com/mumbai/hospital/mumbai-eye-care-chandivali?referrer=hospital_listing,https://images1-fabric.practo.com/practices/1157295/mumbai-eye-care-mumbai-5a86cf44b9f6e.png,VN,practo,,1.0,canonical,387,Q3,,Premium,0.261737
hosp_574d619e4b094b2c,Atlantis Hospital,atlantis hospital,Mumbai,Hospital,Malad West,,19.196202,72.814657,87608b445ffffff,,1.0,2.0,True,,400.0,500.0,,2.0,,+912071173196,https://www.practo.com/mumbai/hospital/atlantis-hospital-malad-west?referrer=hospital_listing,,VN,practo,,1.0,canonical,388,Q3,,Premium,0.261715
hosp_8d864d2f1a8e9f29,Chiranjeevi Hospital,chiranjeevi hospital,Mumbai,Hospital,Marol,,19.118734,72.883284,87608b548ffffff,,1.0,2.0,True,,800.0,800.0,,2.0,,+912071173197,https://www.practo.com/mumbai/hospital/chiranjeevi-hospital-marol-1?referrer=hospital_listing,https://images1-fabric.practo.com/practices/1065757/chiranjeevi-hospital-mumbai-666d3cc6b41fb.png,VN,practo,,1.0,canonical,389,Q3,,Premium,0.261715
hosp_c2c09723e17b2fa2,Dhanashri hospital,dhanashri hospital,Mumbai,Hospital,Borivali,,19.22246313569939,72.85463333064399,87608b446ffffff,,1.0,2.0,True,,1000.0,1000.0,,2.0,,+912071173178,https://www.practo.com/mumbai/hospital/dhanashri-hospital-borivali?referrer=hospital_listing,https://images1-fabric.practo.com/practices/695322/dhanashri-hospital-mumbai-58e36a3623716.jpg,VN,practo,,1.0,canonical,390,Q3,,Premium,0.261715
hosp_a6aef0975e32a41e,Malad Maternity & Surgical Hospital,malad maternity surgical hospital,Mumbai,Hospital,Malad West,,,,,,1.0,2.0,True,,0.0,0.0,,,,+912071173196,https://www.practo.com/mumbai/hospital/malad-maternity-surgical-hospital-malad-west?referrer=hospital_listing,,VN,practo,,0.6,canonical,391,Q3,,Premium,0.26158
hosp_50c34989d2135df0,Abhyankar Hospital,abhyankar hospital,Mumbai,Hospital,Sion East,,12.9154091,77.6158913,87618925cffffff,,1.0,2.0,True,,1200.0,1200.0,,,,+912071173225,https://www.practo.com/mumbai/hospital/abhyankar-hospital-sion-east-1?referrer=hospital_listing,https://images1-fabric.practo.com/practices/611326/abhyankar-hospital-mumbai-665affee0b6c4.png,VN,practo,,1.0,canonical,392,Q3,,Premium,0.26158
hosp_6b59b2d7c77e951d,Sun Hospital,sun hospital,Mumbai,Hospital,Malad West,,19.19023398356228,72.84179594367743,87608b444ffffff,,1.0,2.0,True,,700.0,700.0,,,,+912071173197,https://www.practo.com/mumbai/hospital/sun-hospital-1-malad-west?referrer=hospital_listing,,VN,practo,,1.0,canonical,393,Q3,,Premium,0.26158
hosp_668bfe4f8354c687,Parel Midtown Imaging Hospital,parel midtown imaging hospital,Mumbai,Hospital,Parel,,,,,,1.0,2.0,True,,700.0,700.0,,,,+912071173201,https://www.practo.com/mumbai/hospital/parel-midtown-imaging-hospital-parel?referrer=hospital_listing,,VN,practo,,0.6,canonical,394,Q3,,Premium,0.26158
hosp_b1cc85869c271b08,Ashtaang Ayurveda Multispeciality Hospital and Research Centre,ashtaang ayurveda multispeciality hospital research centre,Mumbai,Hospital,Chembur East,,19.06169198109,72.906861305237,87608b568ffffff,,1.0,2.0,True,,1000.0,1000.0,,,,+912071173182,https://www.practo.com/mumbai/hospital/riddhi-ayurved-clinic-tilak-nagar?referrer=hospital_listing,https://images1-fabric.practo.com/practices/1144076/ashtaang-ayurveda-multispeciality-hospital-and-research-centre-mumbai-5a0281ee9ad9e.jpg,VN,practo,,1.0,canonical,395,Q3,,Premium,0.26158
hosp_4723c31c49fe3171,Navnirman Maternity Surgical Hospital & Janam Fertility & IVF Center,navnirman maternity surgical hospital janam fertility ivf center,Mumbai,Hospital,Ghatkopar West,,19.089119890835,72.906965911388,87608b56affffff,,1.0,2.0,True,,1500.0,1500.0,,,,+912048552982,https://www.practo.com/mumbai/hospital/navnirman-maternity-and-surgical-hospital-janam-fertility-and-ivf-icsi-surrogacy-centre?referrer=hospital_listing,https://images1-fabric.practo.com/navnirman-maternity-and-surgical-hospital-janam-fertility-and-ivf-icsi-surrogacy-centre-mumbai-1468570331-57889adb3885a.jpg,VN,practo,,1.0,canonical,396,Q3,,Premium,0.26158
hosp_abe87469f54de54b,Radhakrishna Hospital,radhakrishna hospital,Mumbai,Hospital,Goregaon East,,19.172942640544306,72.87394020706415,87608b466ffffff,,1.0,2.0,True,,700.0,700.0,,,,+912071173186,https://www.practo.com/mumbai/hospital/radhakrishna-hospital-3-goregaon-east?referrer=hospital_listing,https://images1-fabric.practo.com/practices/1163569/radhakrishna-hospital-mumbai-665d7c63294ab.png,VN,practo,,1.0,canonical,397,Q3,,Premium,0.26158
hosp_2805f69fd8894e3d,RAMKRISHNA MISSION CHARITABLE HOSPITAL,ramkrishna mission charitable hospital,Mumbai,Hospital,Khar West,,,,,,1.0,2.0,True,,100.0,100.0,,,,+912071173193,https://www.practo.com/mumbai/hospital/ramkrishna-mission-charitable-hospital-khar-west?referrer=hospital_listing,,VN,practo,,0.6,canonical,398,Q3,,Premium,0.26158
hosp_df9f952bd1a00ab6,Siddhivinayak Multispeciality Hospital,siddhivinayak multispeciality hospital,Mumbai,Hospital,Mira Road,,19.28114882635212,72.86892548203468,87608b456ffffff,,1.0,2.0,True,,500.0,500.0,,,,+912071185853,https://www.practo.com/mumbai/hospital/siddhivinayak-multispeciality-hospital-mira?referrer=hospital_listing,,VN,practo,,1.0,canonical,399,Q3,,Premium,0.26158
hosp_b4834aea73a6f365,Centre for Metabolic Surgery,centre for metabolic surgery,Mumbai,Hospital,Khar West,,19.0684507,72.8350536,87608b0b1ffffff,,1.0,2.0,True,2.0,3200.0,3200.0,,,,+912071173264,https://www.practo.com/mumbai/hospital/centre-for-metabolic-surgery-khar-west-2?referrer=hospital_listing,https://images1-fabric.practo.com/practices/709324/centre-for-metabolic-surgery-mumbai-5bd1abf973026.jpeg,ABS,practo,,1.0,canonical,400,Q3,,Premium,0.26158
hosp_a7e7183c63a0cd99,Khandelwal Dental Hospital.,khandelwal dental hospital,Mumbai,Hospital,Malad West,,19.18580880125778,72.84653708338737,87608b463ffffff,,2.0,1.0,True,,200.0,300.0,,5.0,,+912071179000,https://www.practo.com/mumbai/hospital/khandelwal-dental-clinic-malad-west?referrer=hospital_listing,https://images1-fabric.practo.com/practices/1146764/khandelwal-dental-hospital-mumbai-59969cd6b5f45.jpg,VN,practo,,1.0,canonical,401,Q3,,Premium,0.261534
hosp_9e082013d71dfcd7,Savant Hospital Maternity & Nursing Home,savant hospital maternity nursing home,Mumbai,Hospital,Jogeshwari,,,,,,2.0,1.0,True,,0.0,0.0,,2.0,,+912071173187,https://www.practo.com/mumbai/hospital/savant-hospital-maternity-nursing-home-jogeshwari?referrer=hospital_listing,,VN,practo,,0.6,canonical,402,Q3,,Premium,0.261332
hosp_0f49c2e8be3799ad,Smile Craft Dental Speciality,smile craft dental speciality,Mumbai,Hospital,Bandra East,,19.0616966,72.8503516,87608b0b0ffffff,,2.0,1.0,True,,300.0,300.0,,,,+912071173176,https://www.practo.com/mumbai/hospital/smile-craft-dental-speciality-bandra?referrer=hospital_listing,https://images1-fabric.practo.com/525affa61f5ca78805a221a988e79ef3f42d7c5bfd418.jpg,VN,practo,,1.0,canonical,403,Q3,,Premium,0.261197
hosp_0fe696b4b02aa1e2,ASG - Krishna Eye Centre,asg krishna eye centre,Mumbai,Hospital,Sion East,,19.044342499339,72.864983713953,87608b0b4ffffff,,4.0,1.0,False,2.0,1500.0,1500.0,5.0,23.0,,+912248903971,https://www.practo.com/mumbai/hospital/krishna-eye-centre-sion-sion-east?referrer=hospital_listing,https://images1-fabric.practo.com/krishna-eye-centre-sion-mumbai-1491302299-58e3779b20592.PNG,ABS,practo,,1.0,canonical,404,Q3,,Premium,0.261162
hosp_a0cff7391ad41794,Guru Nanak Hospital,guru nanak hospital,Mumbai,Hospital,Bandra East,,19.05960301526458,72.85254120826721,87608b0b0ffffff,,17.0,15.0,True,,0.0,2500.0,3.5,15.0,,+912071173175,https://www.practo.com/mumbai/hospital/guru-nanak-hospital-bandra-east?referrer=hospital_listing,https://images1-fabric.practo.com/practices/676738/guru-nanak-hospital-mumbai-6656cf137de14.png,VN,practo,,1.0,canonical,405,Q3,,Premium,0.260621
hosp_f6f298e68bbac7bd,Mitra Nursing Home And Eye Hospital,mitra nursing home eye hospital,Mumbai,Hospital,Andheri,,19.1200762,72.8488068,87608b096ffffff,,1.0,1.0,True,,500.0,500.0,,9.0,,+912071178179,https://www.practo.com/mumbai/hospital/mitra-nursing-home-and-eye-hospital-andheri?referrer=hospital_listing,https://images1-fabric.practo.com/practices/612819/mitra-nursing-home-and-eye-hospital-mumbai-66695894b2350.png,VN,practo,,1.0,canonical,406,Q3,,Premium,0.2603
hosp_98d0333e0ac71077,Hope The Nursing Home,hope nursing home,Mumbai,Hospital,Grant Road,,18.96197337286,72.820302564651,87608b016ffffff,,1.0,1.0,True,,500.0,500.0,,8.0,,+912071173187,https://www.practo.com/mumbai/hospital/hope-nursing-home-grant-road-1?referrer=hospital_listing,https://images1-fabric.practo.com/practices/1172733/hope-nursing-home-mumbai-5a515385d10a5.jpeg,VN,practo,,1.0,canonical,407,Q3,,Premium,0.260233
hosp_423077cd98a18d78,Sanket Hospital,sanket hospital,Mumbai,Hospital,Borivali West,,19.233654,72.836773,87608b442ffffff,,1.0,1.0,True,,700.0,700.0,,7.0,,+912071173179,https://www.practo.com/mumbai/hospital/sanket-hospital-borivali-west?referrer=hospital_listing,https://images1-fabric.practo.com/practices/694976/sanket-hospital-mumbai-66728fb6c47c4.png,VN,practo,,1.0,canonical,408,Q3,,Premium,0.260166
hosp_76f783f99e182c9c,Kiran Care & Cure Hospital,kiran care cure hospital,Mumbai,Hospital,Andheri East,,19.106872097381,72.865501642227,87608b549ffffff,,1.0,1.0,True,,400.0,400.0,,7.0,,+912071173172,https://www.practo.com/mumbai/hospital/kiran-care-and-cure-hospital-andheri-east-1?referrer=hospital_listing,,VN,practo,,1.0,canonical,409,Q3,,Premium,0.260166
hosp_39329b317cca2fcf,Oyster Hospital,oyster hospital,Mumbai,Hospital,Goregaon West,,19.167044,72.845708,87608b460ffffff,,1.0,1.0,True,,1000.0,1000.0,,7.0,,+912048566752,https://www.practo.com/mumbai/hospital/oyster-hospital-goregaon-west?referrer=hospital_listing,https://images1-fabric.practo.com/practices/837176/oyster-hospital-mumbai-5d15c97c05bff.jpg,VN,practo,,1.0,canonical,410,Q3,,Premium,0.260166
hosp_a32c4bdaa3798535,City Hospital,city hospital,Mumbai,Hospital,Kurla West,,19.081115060724,72.88178591989,87608b0b6ffffff,,1.0,1.0,True,,0.0,0.0,,7.0,,+912071173194,https://www.practo.com/mumbai/hospital/habib-hospital-kurla-west?referrer=hospital_listing,https://images1-fabric.practo.com/practices/1136119/city-hospital-mumbai-5b4e1c8b70722.jpg,VN,practo,,1.0,canonical,411,Q3,,Premium,0.260166
hosp_74a3d3715eb1e050,Evershine Ortho Surgical Hospital,evershine ortho surgical hospital,Mumbai,Hospital,Malad West,,19.192777,72.83405,87608b445ffffff,,1.0,1.0,True,,500.0,500.0,,6.0,,+912071173196,https://www.practo.com/mumbai/hospital/evershine-ortho-surgical-hospital-malad-west?referrer=hospital_listing,https://images1-fabric.practo.com/evershine-ortho-surgical-hospital-mumbai-1475663475-57f4d6732d69d.jpg,VN,practo,,1.0,canonical,412,Q3,,Premium,0.260098
hosp_159b3ff639ea0125,Mumbai Eye Care,mumbai eye care,Mumbai,Hospital,Ghatkopar West,,19.093909884539,72.912149247639,87608b56affffff,,1.0,1.0,True,,1000.0,1000.0,,6.0,,+918037298995,https://www.practo.com/mumbai/hospital/mumbai-eye-care-ghatkopar-west?referrer=hospital_listing,https://images1-fabric.practo.com/practices/1262545/mumbai-eye-care-mumbai-5dc4e011ecddf.jpg,VN,practo,,1.0,canonical,413,Q3,,Premium,0.260098
hosp_7c6306987e2a0cc2,Richfeel Trichology Centre,richfeel trichology centre,Mumbai,Hospital,Chembur,,19.050018,72.905217,87608b56dffffff,,1.0,1.0,True,13.0,450.0,450.0,,6.0,,+912071173181,https://www.practo.com/mumbai/hospital/richfeel-trichology-centre-chembur?referrer=hospital_listing,https://images1-fabric.practo.com/practices/759014/richfeel-trichology-centre-mumbai-5c18db92300b9.jpg,VN,practo,,1.0,canonical,414,Q3,,Premium,0.260098
hosp_1c83386c0093ac92,Patni Hospital,patni hospital,Mumbai,Hospital,Goregaon,,19.1569017,72.8458521,87608b461ffffff,,1.0,1.0,False,,700.0,700.0,,5.0,1965.0,+912071173186,https://www.practo.com/mumbai/hospital/patni-hospital-goregaon-west?referrer=hospital_listing,,VN,practo,,1.0,canonical,415,Q3,,Premium,0.260031
hosp_741cd7ea50d7789b,Gadiwan Hospital,gadiwan hospital,Mumbai,Hospital,Malad West,,19.1889928,72.8432616,87608b463ffffff,,1.0,1.0,True,,800.0,800.0,,5.0,,+912071173197,https://www.practo.com/mumbai/hospital/gadiwan-hospital-malad-west-3?referrer=hospital_listing,https://images1-fabric.practo.com/practices/1158885/gadiwan-hospital-mumbai-59f18d939d525.jpg,VN,practo,,1.0,canonical,416,Q3,,Premium,0.260031
hosp_03e779129fa0ca0e,Central Hospital,central hospital,Mumbai,Hospital,Sakinaka,,19.10032169405514,72.88328401744366,87608b54dffffff,,1.0,1.0,True,,600.0,600.0,,5.0,,+912071173224,https://www.practo.com/mumbai/hospital/central-hospital-sakinaka?referrer=hospital_listing,https://images1-fabric.practo.com/central-hospital-mumbai-1457259918-56dc058eae1fd.PNG,VN,practo,,1.0,canonical,417,Q3,,Premium,0.260031
hosp_aea5f28953acf00c,Sailee Hospital,sailee hospital,Mumbai,Hospital,Borivali West,,19.259294,72.844741,87608b451ffffff,,7.0,10.0,True,,0.0,1000.0,4.0,19.0,,+912071173179,https://www.practo.com/mumbai/hospital/sailee-hospital-borivali-west-1?referrer=hospital_listing,https://images1-fabric.practo.com/practices/678808/sailee-hospital-mumbai-665da790d2523.png,VN,practo,,1.0,canonical,418,Q3,,Premium,0.259987
hosp_41aecf33cb6a496a,Abhyankar Hospital,abhyankar hospital,Mumbai,Hospital,Sion,,19.045547184669,72.864348737434,87608b0b4ffffff,,1.0,1.0,True,,1000.0,1000.0,,4.0,,+912071173225,https://www.practo.com/mumbai/hospital/abhyankar-hospital-sion?referrer=hospital_listing,https://images1-fabric.practo.com/practices/1033278/abhyankar-hospital-mumbai-5fd6270d2a095.jpg,VN,practo,,1.0,canonical,419,Q3,,Premium,0.259963
hosp_43b93114bf17640f,Jain ENT Hospital,jain ent hospital,Mumbai,Hospital,Mira Road,,19.291985362651737,72.86407470703125,87608b452ffffff,,1.0,1.0,True,,400.0,400.0,,4.0,,+912071173199,https://www.practo.com/mumbai/hospital/jain-ent-hospital-mira-road?referrer=hospital_listing,https://images1-fabric.practo.com/jain-ent-hospital-mumbai-1453194184-569dfbc8bff29.jpg,VN,practo,,1.0,canonical,420,Q3,,Premium,0.259963
hosp_6d2e7f74eceb3f18,Nakshtra Hospital,nakshtra hospital,Mumbai,Hospital,Andheri East,,19.12000855547408,72.8717340901494,87608b54bffffff,,1.0,1.0,True,,600.0,600.0,,4.0,,+918037298999,https://www.practo.com/mumbai/hospital/nakshtra-hospital-andheri-east?referrer=hospital_listing,https://images1-fabric.practo.com/practices/1237590/nakshtra-hospital-mumbai-5c949262d5721.png,VN,practo,,1.0,canonical,421,Q3,,Premium,0.259963
hosp_194cffb2e5a35e5f,Sujay Hospital And Research Center,sujay hospital research center,Mumbai,Hospital,Juhu,,19.115578,72.835367,87608b090ffffff,,1.0,1.0,True,,800.0,800.0,,4.0,,+912071173188,https://www.practo.com/mumbai/hospital/sujay-hospital-and-research-center-juhu?referrer=hospital_listing,https://images1-fabric.practo.com/practices/778297/sujay-hospital-and-research-center-mumbai-6662c610e68c7.png,VN,practo,,1.0,canonical,422,Q3,,Premium,0.259963
hosp_450838da1423e352,Prime Hospital,prime hospital,Mumbai,Hospital,Goregaon East,,19.169291,72.875371,87608b466ffffff,,1.0,1.0,True,,500.0,500.0,,3.0,,+912071173186,https://www.practo.com/mumbai/hospital/sudha-hospital?referrer=hospital_listing,https://images1-fabric.practo.com/practices/949385/prime-hospital-mumbai-66695b4094818.png,VN,practo,,1.0,canonical,423,Q3,,Premium,0.259896
hosp_7c45497fe8cfe0cf,Vishwakripa Hospital ,vishwakripa hospital,Mumbai,Hospital,Goregaon East,,19.1670302,72.8518621,87608b460ffffff,,1.0,1.0,True,,700.0,700.0,,3.0,,+912248962291,https://www.practo.com/mumbai/hospital/vishwakripa-hospital-goregaon-east?referrer=hospital_listing,,VN,practo,,1.0,canonical,424,Q3,,Premium,0.259896
hosp_35b940f103416a57,Sumangal Hospital,sumangal hospital,Mumbai,Hospital,Kandivali West,,19.075984,72.877656,87608b0b6ffffff,,1.0,1.0,True,,500.0,500.0,,3.0,,+912071173189,https://www.practo.com/mumbai/hospital/sumangal-hospital-kandivali-west?referrer=hospital_listing,,VN,practo,,1.0,canonical,425,Q3,,Premium,0.259896
hosp_29310a3dc0a242fc,Rukhmani Hospital,rukhmani hospital,Mumbai,Hospital,Grant Road,,,,,,1.0,1.0,True,,100.0,800.0,,3.0,,+912071173187,https://www.practo.com/mumbai/hospital/rukhmani-hospital-grant-road?referrer=hospital_listing,,VN,practo,,0.6,canonical,426,Q3,,Premium,0.259896
hosp_0f46bca4131c53d3,Ankit Fracture Maternity & Surgical Hospital,ankit fracture maternity surgical hospital,Mumbai,Hospital,Borivali East,,19.227387,72.860438,87608b473ffffff,,1.0,1.0,True,,300.0,300.0,,3.0,,+912071173178,https://www.practo.com/mumbai/hospital/ankit-fracture-maternity-surgical-hospital-borivali-east?referrer=hospital_listing,,VN,practo,,1.0,canonical,427,Q3,,Premium,0.259896
hosp_fe686ba2ce57ba2f,Jeevan Jyot Hospital,jeevan jyot hospital,Mumbai,Hospital,Ghatkopar West,,19.0852759,72.9069312,87608b56affffff,,1.0,1.0,True,,500.0,500.0,,3.0,,+912249398286,https://www.practo.com/mumbai/hospital/jeevan-jyot-hospital-ghatkopar-west-3?referrer=hospital_listing,,VN,practo,,1.0,canonical,428,Q3,,Premium,0.259896
hosp_9c3a6ea68da912c7,Rathi Hospital,rathi hospital,Mumbai,Hospital,Bhayandar West,,19.308458,72.84777,87608b4ecffffff,,1.0,1.0,True,,500.0,500.0,,3.0,,+912071173177,https://www.practo.com/mumbai/hospital/rathi-hospital-bhayandar-west?referrer=hospital_listing,https://images1-fabric.practo.com/practices/675924/rathi-hospital-mumbai-666a7bb54b65c.png,VN,practo,,1.0,canonical,429,Q3,,Premium,0.259896
hosp_61ba25b1bd75f681,Prathamesh Maternity & Nursing Home,prathamesh maternity nursing home,Mumbai,Hospital,Bandra East,,19.1759063,72.8435349,87608b463ffffff,,1.0,1.0,True,,600.0,600.0,,3.0,,+912071173176,https://www.practo.com/mumbai/hospital/prathamesh-maternity-nursing-home-bandra-east?referrer=hospital_listing,https://images1-fabric.practo.com/practices/1071712/prathamesh-maternity-nursing-home-mumbai-59943a63ea84d.jpg,VN,practo,,1.0,canonical,430,Q3,,Premium,0.259896
hosp_fadbb6557b468a4c,J P Hospital,j p hospital,Mumbai,Hospital,Andheri East,,19.10155252816598,72.88487657904625,87608b54dffffff,,1.0,1.0,True,,0.0,1000.0,,2.0,,+912071173172,https://www.practo.com/mumbai/hospital/j-p-hospital-andheri-east?referrer=hospital_listing,,VN,practo,,1.0,canonical,431,Q3,,Premium,0.259828
hosp_895d99fc9bd33806,Dhanwantary Hospital and ICU,dhanwantary hospital icu,Mumbai,Hospital,Mulund West,,,,,,1.0,1.0,True,,600.0,600.0,,2.0,,+912071173200,https://www.practo.com/mumbai/hospital/dhanwantary-hospital-and-icu-mulund-west?referrer=hospital_listing,,VN,practo,,0.6,canonical,432,Q3,,Premium,0.259828
hosp_170a994bb1a663a2,Jayashree Nurshing Home,jayashree nurshing home,Mumbai,Hospital,Kandivali West,,19.209395,72.820701,87608b440ffffff,,1.0,1.0,True,,500.0,500.0,,2.0,,+912071173190,https://www.practo.com/mumbai/hospital/jai-shree-nurshing-home-kandivali-west?referrer=hospital_listing,,VN,practo,,1.0,canonical,433,Q3,,Premium,0.259828
hosp_e85e3e4074ff136e,Shastri Nursing Home,shastri nursing home,Mumbai,Hospital,Santacruz East,,19.080261451277476,72.85240273922682,87608b0b2ffffff,,1.0,1.0,True,,0.0,0.0,,2.0,,+912249398291,https://www.practo.com/mumbai/hospital/bmc-hospital-1-parel?referrer=hospital_listing,https://images1-fabric.practo.com/practices/1264885/shastri-nursing-home-mumbai-63b948473b87e.jpg,VN,practo,,1.0,canonical,434,Q3,,Premium,0.259828
hosp_c77c3bbc9253054e,HDL Life Care Plus Hospital,hdl life care plus hospital,Mumbai,Hospital,Goregaon,,19.166469,72.855883,87608b460ffffff,,1.0,1.0,True,,800.0,800.0,,2.0,,+912071173186,https://www.practo.com/mumbai/hospital/hdl-life-care-plus-hospital-goregaon?referrer=hospital_listing,https://images1-fabric.practo.com/practices/1109646/hdl-life-care-plus-hospital-mumbai-666ae3d2c8eb1.png,VN,practo,,1.0,canonical,435,Q3,,Premium,0.259828
hosp_3b4320992f8167da,Saraswati Hospital,saraswati hospital,Mumbai,Hospital,Kandivali East,,19.2216259,72.8288934,87608b440ffffff,,1.0,1.0,True,,1200.0,1200.0,,2.0,,+912071173189,https://www.practo.com/mumbai/hospital/saraswati-hospital-kandivali-west?referrer=hospital_listing,https://images1-fabric.practo.com/practices/709601/saraswati-hospital-mumbai-66699dd0c07a4.png,VN,practo,,1.0,canonical,436,Q3,,Premium,0.259828
hosp_dfd7df0931046911,Richfeel Trichology Center,richfeel trichology center,Mumbai,Hospital,Santacruz West,,19.08565,72.83206,87608b0b3ffffff,,1.0,1.0,True,13.0,450.0,450.0,,2.0,,+912071173225,https://www.practo.com/mumbai/hospital/richfeel-trichology-center-santacruz-west?referrer=hospital_listing,https://images1-fabric.practo.com/practices/758788/richfeel-trichology-center-mumbai-5c18d9e2a3a9c.jpg,VN,practo,,1.0,canonical,437,Q3,,Premium,0.259828
hosp_dcf3acdce70e4533,Cloudnine Fertility - IVF Centre,cloudnine fertility ivf centre,Mumbai,Hospital,Vasai West,,19.0852316,73.007675,87608bcdbffffff,,1.0,1.0,True,,1000.0,1000.0,,,,+912048552982,https://www.practo.com/mumbai/hospital/cloudnine-fertility-ivf-centre-vashi-west?referrer=hospital_listing,https://images1-fabric.practo.com/practices/2182789/cloudnine-fertility-ivf-centre-mumbai-69eca899a3544.png,ABS,practo,,1.0,canonical,438,Q3,,Premium,0.259693
hosp_dbd1b95bcc78ea19,Cansure Centre,cansure centre,Mumbai,Hospital,Mulund West,,19.170636,72.952287,87608b551ffffff,,1.0,1.0,True,,1000.0,1000.0,,,,+912071173200,https://www.practo.com/mumbai/hospital/cansure-centre-thane-west?referrer=hospital_listing,,VN,practo,,1.0,canonical,439,Q3,,Premium,0.259693
hosp_1b8413601ff28a89,Care Hospital,care hospital,Mumbai,Hospital,Kurla,,12.976052984355727,77.5984304028403,8760145b4ffffff,,1.0,1.0,True,,300.0,300.0,,,,+912071173193,https://www.practo.com/mumbai/hospital/care-hospital-3-kurla?referrer=hospital_listing,https://images1-fabric.practo.com/practices/753176/care-hospital-mumbai-66599fa0a73f4.png,VN,practo,,1.0,canonical,440,Q3,,Premium,0.259693
hosp_52f9de1f3dc94dc5,Asmira Hospital,asmira hospital,Mumbai,Hospital,Sakinaka,,19.106884452800713,72.89196901023388,87608b54cffffff,,1.0,1.0,True,,0.0,0.0,,,,+912071173224,https://www.practo.com/mumbai/hospital/asmira-hospital-sakinaka?referrer=hospital_listing,,VN,practo,,1.0,canonical,441,Q3,,Premium,0.259693
hosp_88b9f7534c3c6ae5,Megha Surgical Hospital,megha surgical hospital,Mumbai,Hospital,Malad East,,19.1857069,72.8542365,87608b462ffffff,,1.0,1.0,True,,800.0,1000.0,,,,+912071173195,https://www.practo.com/mumbai/hospital/megha-surgical-hospital-malad-east?referrer=hospital_listing,https://images1-fabric.practo.com/practices/689698/megha-surgical-hospital-mumbai-64e396497a5cb.png,VN,practo,,1.0,canonical,442,Q3,,Premium,0.259693
hosp_b06d841a6f287b91,Apex Hospital,apex hospital,Mumbai,Hospital,Govandi,,19.053535,72.9350766,87608b56cffffff,,1.0,1.0,True,,300.0,300.0,,,,+912071173187,https://www.practo.com/mumbai/hospital/apex-hospital-26?referrer=hospital_listing,https://images1-fabric.practo.com/practices/997029/apex-hospital-mumbai-66581db3e2223.png,VN,practo,,1.0,canonical,443,Q3,,Premium,0.259693
hosp_f01325af62d1693a,"KURLA L.B.S. ROAD, FAUZIA HOSPITAL",kurla l b s road fauzia hospital,Mumbai,Hospital,Kurla West,,19.07967019583,72.879899740219,87608b0b6ffffff,,1.0,1.0,True,,400.0,400.0,,,,+912071173194,https://www.practo.com/mumbai/hospital/kurla-l-b-s-road-fauzia-hospital-kurla-west?referrer=hospital_listing,https://images1-fabric.practo.com/practices/1159522/kurla-l-b-s-road-fauzia-hospital-mumbai-59cb3df9c5c52.png,VN,practo,,1.0,canonical,444,Q3,,Premium,0.259693
hosp_4fd0ec5b51a8cd4a,Sunridges Specialty Hospital,sunridges specialty hospital,Mumbai,Hospital,Juhu,,19.103263008036,72.834806442261,87608b094ffffff,,1.0,1.0,True,,1500.0,1500.0,,,,+912248932501,https://www.practo.com/mumbai/hospital/sunridges-specialty-hospital-juhu?referrer=hospital_listing,https://images1-fabric.practo.com/practices/1179635/sunridges-specialty-hospital-mumbai-5a89b609f3b7f.jpg,VN,practo,,1.0,canonical,445,Q3,,Premium,0.259693
hosp_9de6d54e402a2e3b,Mangala Hospital,mangala hospital,Mumbai,Hospital,Andheri East,,19.1226211,72.8169779,87608b093ffffff,,1.0,1.0,True,,0.0,0.0,,,,+912071173172,https://www.practo.com/mumbai/hospital/mangala-hospital-andheri-east-1?referrer=hospital_listing,https://images1-fabric.practo.com/practices/677820/mangala-hospital-mumbai-5aaa36bc7f51b.png,active,practo,,1.0,canonical,446,Q3,,Premium,0.259693
hosp_01ea1e1a5269e576,Shanti Nursing Home,shanti nursing home,Mumbai,Hospital,Vikhroli,,19.1183579,72.9240348,87608b541ffffff,,1.0,1.0,True,,100.0,100.0,,,,+912071173226,https://www.practo.com/mumbai/hospital/shanti-nursing-home-vikhroli?referrer=hospital_listing,https://images1-fabric.practo.com/practices/840337/shanti-nursing-home-mumbai-666d7e639b008.png,VN,practo,,1.0,canonical,447,Q3,,Premium,0.259693
hosp_f52b9be73a825532,Bhabha Hospital,bhabha hospital,Mumbai,Hospital,Bandra,,19.05745571350088,72.83364236354828,87608b0b1ffffff,,1.0,1.0,True,,0.0,0.0,,,,+912071187259,https://www.practo.com/mumbai/hospital/bhabha-hospital-bandra?referrer=hospital_listing,https://images1-fabric.practo.com/practices/1578089/bhabha-hospital-mumbai-67eb9512560d3.png,active,practo,,1.0,canonical,448,Q3,,Premium,0.259693
hosp_d14355e5f2f1cfcb,PLATINUM HOSPITAL MULUND,platinum hospital mulund,Mumbai,Hospital,Lokhandwala (Kandivali East),,19.182732794097806,72.95409198850393,87608b553ffffff,,1.0,1.0,True,,0.0,0.0,,,,+912071177314,https://www.practo.com/mumbai/hospital/platinum-hospital-mulund-lokhandwala-kandivali-east?referrer=hospital_listing,https://images1-fabric.practo.com/practices/1580717/platinum-hospital-mulund-mumbai-67c943b32ae53.png,VN,practo,,1.0,canonical,449,Q3,,Premium,0.259693
hosp_5ab3ca0796d8d7b9,Prime Hospital - Malad West,prime hospital malad west,Mumbai,Hospital,Marve,,,,,,1.0,1.0,True,,300.0,400.0,,,,+912071173197,https://www.practo.com/mumbai/hospital/prime-hospital-malad-west-malad-west?referrer=hospital_listing,,VN,practo,,0.6,canonical,450,Q3,,Premium,0.259693
hosp_5d8babc453df1412,Khushal Hospital & Maternity Home ,khushal hospital maternity home,Mumbai,Hospital,Ghatkopar East,,19.085462,72.910196,87608b56affffff,,1.0,1.0,True,,500.0,1000.0,,,,+912071173184,https://www.practo.com/mumbai/hospital/khushal-hospital-maternity-home-ghatkopar-east?referrer=hospital_listing,,VN,practo,,1.0,canonical,451,Q3,,Premium,0.259693
hosp_848c51bba082f471,Ayush Hospital,ayush hospital,Mumbai,Hospital,Kandivali,,19.200901112882313,72.83035665750504,87608b445ffffff,,1.0,1.0,True,,100.0,100.0,,,,+912071173188,https://www.practo.com/mumbai/hospital/ayush-hospital-malad?referrer=hospital_listing,https://images1-fabric.practo.com/practices/803622/ayush-hospital-mumbai-666699141976d.png,VN,practo,,1.0,canonical,452,Q3,,Premium,0.259693
hosp_d176ddf812aed6ed,Brahma Kumari's Global Hospital & Reserch Centre (BSES M.G Hospital),brahma kumari s global hospital reserch centre bses m g hospital,Mumbai,Hospital,Andheri West,,19.119401919741,72.844955921173,87608b096ffffff,,1.0,1.0,True,,1500.0,1500.0,,,,+912248932501,https://www.practo.com/mumbai/hospital/brahma-kumari-s-global-hospital-research-centre-bses-m-g-hospital-andheri-west?referrer=hospital_listing,https://images1-fabric.practo.com/practices/1184009/brahma-kumari-s-global-hospital-research-centre-bses-m-g-hospital-mumbai-5acc3e7e390b4.jpeg,VN,practo,,1.0,canonical,453,Q3,,Premium,0.259693
hosp_cb0d878a92438fce,Bothra's Hospital,bothra s hospital,Mumbai,Hospital,Bhandup West,,19.148128982495347,72.92835686355829,87608b55cffffff,,1.0,1.0,True,,500.0,800.0,,,,+912071173177,https://www.practo.com/mumbai/hospital/bothra-s-hospital-bhandup-west-1?referrer=hospital_listing,,VN,practo,,1.0,canonical,454,Q3,,Premium,0.259693
hosp_20daeca7a6f86dc3,Regent Hospital,regent hospital,Mumbai,Hospital,Mira Road,,19.291777771697,72.86459505558,87608b452ffffff,,1.0,1.0,True,,500.0,500.0,,,,+912071173199,https://www.practo.com/mumbai/hospital/dr-kashmira-goswami-mira-road?referrer=hospital_listing,https://images1-fabric.practo.com/practices/800605/regent-hospital-mumbai-6670015631c9c.png,VN,practo,,1.0,canonical,455,Q3,,Premium,0.259693
hosp_cb2ee49b7c1cd1d9,ESIC Hospital,esic hospital,Mumbai,Hospital,Andheri,,19.118402153852347,72.8670610114932,87608b549ffffff,,1.0,1.0,True,,200.0,200.0,,,,+912071178179,https://www.practo.com/mumbai/hospital/esic-hospital-andheri-andheri?referrer=hospital_listing,https://images1-fabric.practo.com/practices/1155991/esic-hospital-mumbai-66489d2fdfcdb.png,VN,practo,,1.0,canonical,456,Q3,,Premium,0.259693
hosp_414b08ce88eba122,Agarwal Eye Hospital ,agarwal eye hospital,Mumbai,Hospital,Goregaon West,,19.1626199,72.8459453,87608b460ffffff,,1.0,1.0,True,,1200.0,1200.0,,,,+912071173186,https://www.practo.com/mumbai/hospital/agarwal-eye-hospital-goregaon-west?referrer=hospital_listing,https://images1-fabric.practo.com/practices/612711/agarwal-eye-hospital-mumbai-665469917c2ef.png,VN,practo,,1.0,canonical,457,Q3,,Premium,0.259693
hosp_cffd010e00761d72,MIB Super Speciality Hospital,mib super speciality hospital,Mumbai,Hospital,Borivali,,19.228581950181105,72.85227030515671,87608b446ffffff,,1.0,1.0,True,,500.0,500.0,,,,+912248932501,https://www.practo.com/mumbai/hospital/mib-superspeciality-hospital-borivali?referrer=hospital_listing,https://images1-fabric.practo.com/mib-superspeciality-hospital-mumbai-1457520018-56dffd92925fb.jpg,VN,practo,,1.0,canonical,458,Q3,,Premium,0.259693
hosp_9f86568e7d6c6d54,NOOR HOSPITAL,noor hospital,Mumbai,Hospital,Mohammed Ali Road,,18.9552123,72.8307435,87608b189ffffff,,1.0,1.0,True,,2000.0,2000.0,,,,+912071173199,https://www.practo.com/mumbai/hospital/noor-hospital-mohammed-ali-road-1?referrer=hospital_listing,https://images1-fabric.practo.com/practices/1105050/noor-hospital-mumbai-666d681843b10.png,VN,practo,,1.0,canonical,459,Q3,,Premium,0.259693
hosp_1b1d085f2860e1c8,Fauziya Hospital,fauziya hospital,Mumbai,Hospital,Grant Road,,19.1056083,72.8946416,87608b54cffffff,,1.0,1.0,True,,500.0,500.0,,,,+912071173187,https://www.practo.com/mumbai/hospital/fauziya-hospital-grant-road?referrer=hospital_listing,https://images1-fabric.practo.com/practices/1121068/fauziya-hospital-mumbai-665441939db1a.png,VN,practo,,1.0,canonical,460,Q3,,Premium,0.259693
hosp_ecfd9c323632fbb3,City Hospital Research Centre,city hospital research centre,Mumbai,Hospital,Kurla,,19.08134034444382,72.8821698948741,87608b0b6ffffff,,1.0,1.0,True,,700.0,700.0,,,,+912071173193,https://www.practo.com/mumbai/hospital/city-hospital-research-centre-1-kurla?referrer=hospital_listing,,VN,practo,,1.0,canonical,461,Q3,,Premium,0.259693
hosp_5ad61f1deea0973e,Indira IVF Hospital Private Limited,indira ivf hospital,Mumbai,Hospital,Dadar West,,19.021251040493343,72.84285748466004,87608b0a6ffffff,,1.0,1.0,True,,0.0,0.0,,,,+912048552972,https://www.practo.com/mumbai/hospital/indira-ivf-2-dadar-west?referrer=hospital_listing,https://images1-fabric.practo.com/practices/1323018/indira-ivf-mumbai-6038ca289cf83.jpeg,VN,practo,,1.0,canonical,462,Q3,,Premium,0.259693
hosp_e473a49ea8c9d8c6,Gayathri Hospital (Spine And Pain Medicine),gayathri hospital spine pain medicine,Mumbai,Hospital,Mira Road,,19.280734,72.860779,87608b452ffffff,,1.0,1.0,True,,500.0,500.0,,,,+912071173199,https://www.practo.com/mumbai/hospital/spine-and-pain-medicine-mira-road?referrer=hospital_listing,https://images1-fabric.practo.com/practices/833230/gayathri-hospital-spine-and-pain-medicine-mumbai-6667fc3eebe2f.png,VN,practo,,1.0,canonical,463,Q3,,Premium,0.259693
hosp_043e51787f2db6e1,DISHA HOSPITAL,disha hospital,Mumbai,Hospital,Vikhroli East,,12.978734672307748,77.59650517184991,8760145b4ffffff,,1.0,1.0,True,,400.0,400.0,,,,+912248932701,https://www.practo.com/mumbai/hospital/disha-hospital-4-vikhroli-east?referrer=hospital_listing,https://images1-fabric.practo.com/practices/1195342/disha-hospital-mumbai-665427937fcea.png,VN,practo,,1.0,canonical,464,Q3,,Premium,0.259693
hosp_800809bc207f007a,Ace Hospital,ace hospital,Mumbai,Hospital,Mira Bhayandar,,19.28682525699631,72.86745563149452,87608b452ffffff,,1.0,1.0,True,,1000.0,1000.0,,,,+912071171359,https://www.practo.com/mumbai/hospital/ace-hospital-mira-bhayandar?referrer=hospital_listing,,active,practo,,1.0,canonical,465,Q3,,Premium,0.259693
hosp_38f3967899691e69,Richfeel Trichology Centre,richfeel trichology centre,Mumbai,Hospital,Powai,,19.123677149496253,72.9098841547966,87608b54effffff,,1.0,1.0,True,13.0,450.0,450.0,,,,+912071173203,https://www.practo.com/mumbai/hospital/richfeel-trichology-centre-powai?referrer=hospital_listing,https://images1-fabric.practo.com/practices/759050/richfeel-trichology-centre-mumbai-5c18dbdc1abd3.jpg,VN,practo,,1.0,canonical,466,Q3,,Premium,0.259693
hosp_f4281be9f68a1aa7,Richfeel Trichology Centre,richfeel trichology centre,Mumbai,Hospital,Colaba,,18.922054,72.83169,87608b030ffffff,,1.0,1.0,True,13.0,0.0,0.0,,,,+912071173182,https://www.practo.com/mumbai/hospital/richfeel-hair-clinic-colaba?referrer=hospital_listing,https://images1-fabric.practo.com/practices/759053/richfeel-trichology-centre-mumbai-5c18da984bc36.jpg,VN,practo,,1.0,canonical,467,Q3,,Premium,0.259693
hosp_f3f4a7135321b8ba,Signature Smiles Juhu Iskon,signature smiles juhu iskon,Mumbai,Hospital,Vileparle West,,19.112594049812,72.826360721294,87608b090ffffff,,1.0,1.0,True,7.0,0.0,0.0,,,,+912048552973,https://www.practo.com/mumbai/hospital/signature-smiles-juhu-iskon-vileparle-west-1?referrer=hospital_listing,https://images1-fabric.practo.com/practices/1099220/signature-smiles-juhu-iskon-mumbai-5b55b575d9f88.png,VN,practo,,1.0,canonical,468,Q3,,Premium,0.259693
hosp_ecdad42d7c166b2b,Physiotherapy at Home,physiotherapy home,Mumbai,Hospital,Kandivali,,19.19153032571238,72.858402505517,87608b462ffffff,,1.0,1.0,True,,800.0,800.0,,,,+912071173188,https://www.practo.com/mumbai/hospital/home-visits-for-physiotherapy-kandivali?referrer=hospital_listing,https://images1-fabric.practo.com/practices/657399/physiotherapy-at-home-mumbai-66726af9d4860.png,VN,practo,,1.0,canonical,469,Q3,,Premium,0.259693
hosp_0c23e246d6f557b4,Care and Cure Maternity and Nursing Home,care cure maternity nursing home,Mumbai,Hospital,Powai,,19.12442,72.91541,87608b54effffff,,1.0,2.0,False,,1000.0,1000.0,4.5,408.0,,+912071189373,https://www.practo.com/mumbai/hospital/care-cure-maternity-and-nursing-home-powai-1?referrer=hospital_listing,https://images1-fabric.practo.com/practices/810004/care-cure-maternity-and-nursing-home-mumbai-58e375e3b57cf.jpg,VN,practo,,1.0,canonical,470,Q2,,Mid-Market,0.259639
hosp_4768cdd72352b516,Zen Multispeciality Hospital,zen multispeciality hospital,Mumbai,Hospital,Chembur,,19.05585,72.89699,87608b569ffffff,,13.0,17.0,True,,0.0,2000.0,4.0,58.0,,+912071173181,https://www.practo.com/mumbai/hospital/zen-multispeciality-hospital-chembur?referrer=hospital_listing,https://images1-fabric.practo.com/-dr-rakesh-nair-s-knee-care-clinic-mumbai-1456990143-56d7e7bfa0f59.jpg,VN,practo,,1.0,canonical,471,Q2,,Mid-Market,0.259198
hosp_7c049dbc7e3f2180,Piles Freedom Clinic,piles freedom clinic,Mumbai,Hospital,Sion,,19.044391305817,72.864847183228,87608b0b4ffffff,,1.0,2.0,False,,1500.0,1500.0,5.0,23.0,,+912249398288,https://www.practo.com/mumbai/hospital/gokuldas-tejpal-government-hospital-marine-lines?referrer=hospital_listing,https://images1-fabric.practo.com/practices/792364/piles-freedom-clinic-mumbai-60c979d27ca78.jpeg,VN,practo,,1.0,canonical,472,Q2,,Mid-Market,0.258537
hosp_91344bc4db91125d,Siddhachal Hospitals,siddhachal hospitals,Mumbai,Hospital,Senapati Bapat Marg,,18.9981214,72.8229296,87608b0a5ffffff,,17.0,14.0,False,,0.0,0.0,,,,+912048553254,https://www.practo.com/mumbai/hospital/siddhachal-hospitals-senapati-bapat-marg?referrer=hospital_listing,,VN,practo,,1.0,canonical,473,Q2,,Mid-Market,0.258282
hosp_92a3fbaf87f730d1,Matunga Clinic & Hospital,matunga clinic hospital,Mumbai,Hospital,Matunga,,19.026901,72.855377,87608b0a6ffffff,,4.0,5.0,False,,0.0,1500.0,5.0,16.0,,+912071173198,https://www.practo.com/mumbai/hospital/matunga-clinic-hospital-matunga-1?referrer=hospital_listing,,VN,practo,,1.0,canonical,474,Q2,,Mid-Market,0.257768
hosp_f833b7e05004bfb2,Gandhi Hospital parel east,gandhi hospital parel east,Mumbai,Hospital,Parel,,18.9969966,72.8430287,87608b0a4ffffff,,19.0,12.0,False,,0.0,0.0,,2.0,,+912048552165,https://www.practo.com/mumbai/hospital/gandhi-hospital-parel-east-parel?referrer=hospital_listing,,VN,practo,,1.0,canonical,475,Q2,,Mid-Market,0.257651
hosp_8145b0ab3a97efe1,"Jaslok Hospital And Research Centre, Mumbai",jaslok hospital research centre mumbai,Mumbai,Hospital,Cumballa Hill,,18.9715715,72.8099571,87608b016ffffff,,16.0,13.0,False,,0.0,0.0,,,,+912071173234,https://www.practo.com/mumbai/hospital/jaslok-hospital-and-research-centre-mumbai-cumballa-hill?referrer=hospital_listing,,VN,practo,,1.0,canonical,476,Q2,,Mid-Market,0.254891
hosp_9fb298ce6fb4696d,Sujay Hospital,sujay hospital,Mumbai,Hospital,Vileparle West,,12.9287982,77.54960559999995,8760145a4ffffff,,16.0,13.0,True,,0.0,2000.0,4.0,64.0,,+912071173233,https://www.practo.com/mumbai/hospital/sujay-hospital-vileparle-west?referrer=hospital_listing,https://images1-fabric.practo.com/practices/616738/sujay-hospital-mumbai-673aebac676d6.png,VN,practo,,1.0,canonical,477,Q2,,Mid-Market,0.254179
hosp_ec1d96914224efbe,Ashwini Nursing Home & IVF Centre,ashwini nursing home ivf centre,Mumbai,Hospital,Dadar East,,19.0133377,72.8424985,87608b0a6ffffff,,2.0,3.0,False,,1500.0,1500.0,,8.0,1980.0,+912071173183,https://www.practo.com/mumbai/hospital/ashwini-nursing-home-dadar?referrer=hospital_listing,,VN,practo,,1.0,canonical,478,Q2,,Mid-Market,0.253844
hosp_0508fe47b6aeb32b,DNA Multispeciality Hospital ,dna multispeciality hospital,Mumbai,Hospital,Kandivali East,,19.2008061,72.8712876,87608b475ffffff,,2.0,4.0,True,,0.0,3000.0,4.0,19.0,2011.0,+912071173188,https://www.practo.com/mumbai/hospital/dna-multispeciality-hospital-kandivali-east-1?referrer=hospital_listing,,VN,practo,,1.0,canonical,479,Q2,,Mid-Market,0.253647
hosp_3f470cf852fda63d,Sushrut Hospital,sushrut hospital,Mumbai,Hospital,SV Road,,19.2352323,72.8466302,87608b455ffffff,,15.0,13.0,False,,0.0,800.0,,,,+918037298999,https://www.practo.com/mumbai/hospital/sushrut-hospital-2-sv-road?referrer=hospital_listing,,VN,practo,,1.0,canonical,480,Q2,,Mid-Market,0.253387
hosp_87dcd8e9ebcf1eb4,Sai Baba Hospital,sai baba hospital,Mumbai,Hospital,Bhayandar East,,19.306083,72.8573678,87608b4e1ffffff,,10.0,13.0,True,,0.0,1500.0,4.0,48.0,,+912071173177,https://www.practo.com/mumbai/hospital/sai-baba-hospital-bhayander-east?referrer=hospital_listing,,VN,practo,,1.0,canonical,481,Q2,,Mid-Market,0.251096
hosp_9467c9a52fb4b64c,Marve Nursing Home,marve nursing home,Mumbai,Hospital,Malad West,,19.1945804,72.8392666,87608b444ffffff,,4.0,5.0,True,,400.0,800.0,3.5,19.0,1980.0,+912071173224,https://www.practo.com/mumbai/hospital/marve-nursing-home-malad-west-2?referrer=hospital_listing,https://images1-fabric.practo.com/marve-nursing-home-mumbai-1489751748-58cbcec42c5b4.png,VN,practo,,1.0,canonical,482,Q2,,Mid-Market,0.251037
hosp_1ce481b038f0aa7f,Govandi Nursing Home,govandi nursing home,Mumbai,Hospital,Govandi,,19.0612936,72.923537,87608b56cffffff,,3.0,3.0,True,,0.0,300.0,4.0,10.0,,+912071173187,https://www.practo.com/mumbai/hospital/govandi-nursing-home-govandi-1?referrer=hospital_listing,,VN,practo,,1.0,canonical,483,Q2,,Mid-Market,0.250812
hosp_6331137f53e11584,Venus Eye Care Centre,venus eye care centre,Mumbai,Hospital,Chembur East,,19.054027,72.891553,87608b569ffffff,,1.0,1.0,False,,800.0,800.0,5.0,19.0,,+918037298996,https://www.practo.com/mumbai/hospital/venus-eye-care-centre-chembur?referrer=hospital_listing,https://images1-fabric.practo.com/practices/1304984/venus-eye-care-center-mumbai-5f687b2aa5b9f.jpg,VN,practo,,1.0,canonical,484,Q2,,Mid-Market,0.250658
hosp_0a2bcfaa4042fc9d,Oma Hospital - A Women's Speciallty Hospital,oma hospital women s speciallty hospital,Mumbai,Hospital,Chembur East,,19.051376967574,72.901717359015,87608b56dffffff,,2.0,3.0,True,,2000.0,4000.0,4.0,1173.0,,+912248906228,https://www.practo.com/mumbai/hospital/oma-hospital-chembur?referrer=hospital_listing,https://images1-fabric.practo.com/practices/649538/oma-hospital-mumbai-594bd6cd1b7ca.jpg,ABS,practo,,1.0,canonical,485,Q2,,Mid-Market,0.250104
hosp_cc9d4b7274cf359f,"Zen Multi Speciality Hospital, Mumbai",zen multi speciality hospital mumbai,Mumbai,Hospital,Jai Ambe Nagar,,19.0558779,72.896792,87608b569ffffff,,10.0,15.0,False,,0.0,0.0,,,,+912048552973,https://www.practo.com/mumbai/hospital/zen-multi-speciality-hospital-mumbai-jai-ambe-nagar?referrer=hospital_listing,,VN,practo,,1.0,canonical,486,Q2,,Mid-Market,0.249642
hosp_2126f723127e9ee9,Motiben Dalvi Hospital Pvt OPD,motiben dalvi hospital opd,Mumbai,Hospital,Malabar Hill,,18.958393,72.81031,87608b014ffffff,,1.0,1.0,False,,1500.0,1500.0,5.0,18.0,,+912071173195,https://www.practo.com/mumbai/hospital/dalvi-hospital-pvt-opd-malabar-hill?referrer=hospital_listing,,VN,practo,,1.0,canonical,487,Q2,,Mid-Market,0.249055
hosp_bf04a87dce8f02ab,Srv Hospital,srv hospital,Mumbai,Hospital,Mumbai Central,,18.96905,72.82118,87608b016ffffff,,13.0,12.0,False,,0.0,1500.0,,,,+912071173265,https://www.practo.com/mumbai/hospital/srv-hospital-1-mumbai-central?referrer=hospital_listing,,VN,practo,,1.0,canonical,488,Q2,,Mid-Market,0.248493
hosp_46bd5196e03554f4,Niron Hospital,niron hospital,Mumbai,Hospital,Santacruz East,,19.0771902,72.8580145,87608b0b2ffffff,,12.0,11.0,True,,0.0,1300.0,4.0,53.0,,+912071173224,https://www.practo.com/mumbai/hospital/niron-hospital-santacruz-east-1?referrer=hospital_listing,,VN,practo,,1.0,canonical,489,Q2,,Mid-Market,0.248239
hosp_d42e95f696e88ceb,Laxmi Hospital,laxmi hospital,Mumbai,Hospital,Kandivali,,19.2017884,72.8591624,87608b471ffffff,,20.0,6.0,False,,0.0,0.0,,,,+912048553252,https://www.practo.com/mumbai/hospital/laxmi-hospital-4-kandivali?referrer=hospital_listing,,VN,practo,,1.0,canonical,490,Q2,,Mid-Market,0.247699
hosp_4c5e47b02decef5b,Agarwal Nursing Home,agarwal nursing home,Mumbai,Hospital,Bandra West,,19.0622636534383,72.8320840001106,87608b0b1ffffff,,2.0,2.0,False,,2000.0,2500.0,5.0,15.0,,+912071173176,https://www.practo.com/mumbai/hospital/agarwal-nursing-home-bandra-west?referrer=hospital_listing,https://images1-fabric.practo.com/528a6b2505e156c4f9ad4231f9dd77ad272b15d70855d.jpg,VN,practo,,1.0,canonical,491,Q2,,Mid-Market,0.247353
hosp_0466bb9546b3fbb4,Shinde's Medicare Hospital,shinde s medicare hospital,Mumbai,Hospital,Andheri West,,19.150743,72.835766,87608b461ffffff,,1.0,1.0,False,3.0,2000.0,2000.0,4.5,259.0,,+912071178179,https://www.practo.com/mumbai/hospital/shinde-s-medicare-hospital-pvt-ltd-andheri-west?referrer=hospital_listing,https://images1-fabric.practo.com/practices/657174/shinde-s-medicare-hospital-pvt-ltd-mumbai-5cd01cbcb2eff.png,VN,practo,,1.0,canonical,492,Q2,,Mid-Market,0.246485
hosp_321fc447eefcd2b6,Lokmanya Tilak Hospital,lokmanya tilak hospital,Mumbai,Hospital,Sion West,,19.036447,72.859312,87608b19bffffff,,9.0,14.0,False,,0.0,0.0,,,,+912071187083,https://www.practo.com/mumbai/hospital/lokmanya-tilak-hospital-sion-west?referrer=hospital_listing,,VN,practo,,1.0,canonical,493,Q2,,Mid-Market,0.246252
hosp_8e283e65837630c9,Joy Hospital,joy hospital,Mumbai,Hospital,Chembur,,19.05596,72.8973,87608b569ffffff,,5.0,8.0,False,,0.0,1000.0,4.5,52.0,,+912071173181,https://www.practo.com/mumbai/hospital/joy-hospital-chembur?referrer=hospital_listing,,VN,practo,,1.0,canonical,494,Q2,,Mid-Market,0.244173
hosp_b77a49ee0a3fbddb,Dr Tambe's Children Hospital,dr tambe s children hospital,Mumbai,Hospital,Vikhroli East,,19.115149,72.933718,87608b540ffffff,,1.0,1.0,False,,400.0,400.0,,,1985.0,+912071173226,https://www.practo.com/mumbai/hospital/dr-tambe-s-children-hospital-vikhroli-east?referrer=hospital_listing,,VN,practo,,1.0,canonical,495,Q2,,Mid-Market,0.24386
hosp_b71d9ccaa2066057,Dr. Varsha Parekh Maternity & Surgical Hospital,dr varsha parekh maternity surgical hospital,Mumbai,Hospital,Chembur East,,19.0609627,72.8984282,87608b569ffffff,,1.0,1.0,False,,700.0,700.0,,,1985.0,+912071173182,https://www.practo.com/mumbai/hospital/dr-varsha-parekh-maternity-surgical-hospital-chembur?referrer=hospital_listing,,VN,practo,,1.0,canonical,496,Q2,,Mid-Market,0.24386
hosp_5136101212271be7,Galaxy Multispeciality Hospital,galaxy multispeciality hospital,Mumbai,Hospital,Wadala,,19.02286630179942,72.86361437018245,87608b19bffffff,,6.0,12.0,True,,500.0,1500.0,3.5,13.0,,+912071173267,https://www.practo.com/mumbai/hospital/galaxy-multispeciality-hospital-wadala?referrer=hospital_listing,https://images1-fabric.practo.com/practices/1280733/galaxy-multispeciality-hospital-mumbai-5fd34729026c8.png,VN,practo,,1.0,canonical,497,Q2,,Mid-Market,0.243634
hosp_0b2ece7bb88bacab,Purandare Hospital,purandare hospital,Mumbai,Hospital,Andheri West,,19.1297536,72.8228113,87608b092ffffff,,1.0,2.0,False,,800.0,800.0,,5.0,1989.0,+912071173173,https://www.practo.com/mumbai/hospital/dr-purandare-hospital-andheri-west-1?referrer=hospital_listing,,VN,practo,,1.0,canonical,498,Q2,,Mid-Market,0.242751
hosp_8aac361570cebe99,Saboo Siddique Hospital,saboo siddique hospital,Mumbai,Hospital,Dongri,,18.959795142772,72.833478748798,87608b189ffffff,,3.0,4.0,True,,0.0,1000.0,4.0,19.0,,+912071171359,https://www.practo.com/mumbai/hospital/saboo-siddique-hospital-dongri?referrer=hospital_listing,https://images1-fabric.practo.com/practices/657928/saboo-siddique-hospital-mumbai-6656df1be10bd.png,VN,practo,,1.0,canonical,499,Q2,,Mid-Market,0.242651
hosp_82102fd2f25c67d3,USSH,ussh,Mumbai,Hospital,Mulund West,,19.174679931755,72.942116260529,87608b55effffff,,14.0,13.0,True,,500.0,2600.0,4.0,107.0,,+912071173200,https://www.practo.com/mumbai/hospital/upasani-super-speciality-hospital-mulund-west?referrer=hospital_listing,https://images1-fabric.practo.com/practices/1161228/ussh-mumbai-59eee656d87f8.png,VN,practo,,1.0,canonical,500,Q2,,Mid-Market,0.242297
hosp_89bced96bf8567c5,Tata Memorial Hospital ,tata memorial hospital,Mumbai,Hospital,Parel,,19.004915490709482,72.84315347671509,87608b0a4ffffff,,13.0,8.0,True,,0.0,2000.0,4.0,58.0,,+912071173201,https://www.practo.com/mumbai/hospital/tata-memorial-hospital-parel-1-645224?referrer=hospital_listing,https://images1-fabric.practo.com/tata-memorial-hospital-mumbai-mumbai-1482989376-58649f409330c.JPG,VN,practo,,1.0,canonical,501,Q2,,Mid-Market,0.242217
hosp_57b153c3870e0c28,Sanjeevani Surgical & General Hospital,sanjeevani surgical general hospital,Mumbai,Hospital,Malad East,,19.18343,72.852839,87608b462ffffff,,9.0,11.0,True,,0.0,1200.0,3.5,15.0,,+912071173195,https://www.practo.com/mumbai/hospital/sanjeevani-hospital-malad-1?referrer=hospital_listing,,VN,practo,,1.0,canonical,502,Q2,,Mid-Market,0.241044
hosp_c9fb4271f4814ce7,Ayushakti Ayurved Health Centre,ayushakti ayurved health centre,Mumbai,Hospital,Malad West,,19.194682,72.848142,87608b444ffffff,,5.0,2.0,True,7.0,500.0,500.0,4.0,20.0,,+912071171335,https://www.practo.com/mumbai/hospital/ayushakti-ayurved-health-centre-malad-west-1?referrer=hospital_listing,https://images1-fabric.practo.com/practices/1153552/ayushakti-ayurved-health-centre-mumbai-5c9f0bec53a8e.jpg,ABS,practo,,1.0,canonical,503,Q2,,Mid-Market,0.240938
hosp_703941db1ccc00c4,Ashwini Maternity & Surgical Hospital,ashwini maternity surgical hospital,Mumbai,Hospital,Ghatkopar East,,19.0800072,72.9041185,87608b56bffffff,,1.0,1.0,False,,500.0,500.0,5.0,13.0,,+912067325812,https://www.practo.com/mumbai/hospital/ashwini-maternity-and-surgical-hospital-ghatkopar-east?referrer=hospital_listing,,VN,practo,,1.0,canonical,504,Q2,,Mid-Market,0.240308
hosp_2bc6ecdf67cf1b1e,Sai Hospital,sai hospital,Mumbai,Hospital,Antop Hill,,19.022913,72.862815,87608b19bffffff,,2.0,5.0,False,,0.0,2000.0,,,2001.0,+912071173175,https://www.practo.com/mumbai/hospital/sai-hospital-8?referrer=hospital_listing,,VN,practo,,1.0,canonical,505,Q2,,Mid-Market,0.239577
hosp_71cc536f1aff9c85,Lifeline Medicare Hospital,lifeline medicare hospital,Mumbai,Hospital,Goregaon West,,19.174358189085,72.84461561590433,87608b463ffffff,,6.0,8.0,True,,1500.0,1500.0,3.5,12.0,,+912048552983,https://www.practo.com/mumbai/hospital/lifeline-medicare-hospital?referrer=hospital_listing,https://images1-fabric.practo.com/practices/1066687/lifeline-medicare-hospital-mumbai-64ab9f59a0037.jpg,VN,practo,,1.0,canonical,506,Q2,,Mid-Market,0.238824
hosp_49e3a706de76d2fe,Oscar Multispeciality Hospital,oscar multispeciality hospital,Mumbai,Hospital,Kandivali West,,19.203701,72.8279667,87608b440ffffff,,7.0,7.0,True,,0.0,2000.0,3.5,12.0,,+912071173189,https://www.practo.com/mumbai/hospital/oscar-multispeciality-hospital-kandivali-west?referrer=hospital_listing,https://images1-fabric.practo.com/practices/679481/oscar-multispeciality-hospital-mumbai-666c15811ec1a.png,VN,practo,,1.0,canonical,507,Q2,,Mid-Market,0.238441
hosp_c4fca55d6273115e,Aditi Hospital - Thakur,aditi hospital thakur,Mumbai,Hospital,Kandivali East,,19.213639,72.864018,87608b471ffffff,,1.0,1.0,True,,800.0,800.0,4.0,15.0,,+912071173188,https://www.practo.com/mumbai/hospital/aditya-hospital-thakur-kandivali-east?referrer=hospital_listing,,VN,practo,,1.0,canonical,508,Q2,,Mid-Market,0.238084
hosp_ace680e3431793c1,S.R Mehta Hospital,s r mehta hospital,Mumbai,Hospital,Sion East,,19.03913,72.860294,87608b19bffffff,,8.0,3.0,False,,550.0,2000.0,4.5,45.0,,+912071173225,https://www.practo.com/mumbai/hospital/s-r-mehta-hospital-sion-east?referrer=hospital_listing,,VN,practo,,1.0,canonical,509,Q2,,Mid-Market,0.237945
hosp_fde833608b059b65,Dr Batra's Positive Health Clinic Pvt Ltd,dr batra s positive health clinic,Mumbai,Hospital,Lokhandwala,,19.139614,72.830526,87608b092ffffff,,3.0,1.0,False,10.0,499.0,499.0,5.0,10.0,,+912071177436,https://www.practo.com/mumbai/hospital/dr-batras-positive-health-clinic-pvt-ltd-1-andheri-west?referrer=hospital_listing,https://images1-fabric.practo.com/practices/1026439/dr-batra-s-positive-health-clinic-pvt-ltd-mumbai-64100c08586ec.png,VN,practo,,1.0,canonical,510,Q2,,Mid-Market,0.237394
hosp_c1628cb1f3a88f6f,Zenith Hospital,zenith hospital,Mumbai,Hospital,Malad West,,19.1952386,72.8341187,87608b444ffffff,,2.0,2.0,True,,1000.0,3000.0,4.0,19.0,,+912048553256,https://www.practo.com/mumbai/hospital/zenith-hospital-malad-west-2?referrer=hospital_listing,https://images1-fabric.practo.com/practices/930047/zenith-hospital-mumbai-6656dbc4e1867.png,VN,practo,,1.0,canonical,511,Q2,,Mid-Market,0.237374
hosp_2cf17269e9810958,S. L. Raheja Hospital,s l raheja hospital,Mumbai,Hospital,Naya Nagar,,19.0463,72.8427,87608b0b5ffffff,,8.0,10.0,False,,0.0,0.0,,,,+912071189378,https://www.practo.com/mumbai/hospital/s-l-raheja-hospital-1-naya-nagar?referrer=hospital_listing,,VN,practo,,1.0,canonical,512,Q2,,Mid-Market,0.237201
hosp_0261ff28b56d4df9,Shaily Nursing Home,shaily nursing home,Mumbai,Hospital,Bhandup East,,19.148691885906,72.943114318758,87608b542ffffff,,2.0,3.0,False,,500.0,1000.0,,5.0,2000.0,+912248968622,https://www.practo.com/mumbai/hospital/shaily-nursing-home-bhandup-east?referrer=hospital_listing,https://images1-fabric.practo.com/practices/690595/shaily-nursing-home-mumbai-5f1af5208d3a7.jpg,VN,practo,,1.0,canonical,513,Q2,,Mid-Market,0.236975
hosp_8a6ba610db15e12b,Trivedi Hospital,trivedi hospital,Mumbai,Hospital,Bhandup West,,19.146613,72.9368553,87608b542ffffff,,1.0,2.0,True,,500.0,500.0,4.0,18.0,,+912071533850,https://www.practo.com/mumbai/hospital/trivedi-hospital-bhandup-west?referrer=hospital_listing,https://images1-fabric.practo.com/practices/677302/trivedi-hospital-mumbai-5ad7458d46e02.jpg,VN,practo,,1.0,canonical,514,Q2,,Mid-Market,0.236847
hosp_c30cf7c29ef0c50c,"Bhatia Hospital, Tardeo, Mumbai",bhatia hospital tardeo mumbai,Mumbai,Hospital,Forjett Street,,18.9657188,72.8132737,87608b016ffffff,,9.0,9.0,False,,0.0,0.0,,,,+912048553262,https://www.practo.com/mumbai/hospital/bhatia-hospital-tardeo-mumbai-forjett-street?referrer=hospital_listing,,VN,practo,,1.0,canonical,515,Q2,,Mid-Market,0.236818
hosp_723fd07ef49c6353,FourCare Hospital,fourcare hospital,Mumbai,Hospital,Vileparle East,,19.0974647,72.8445433,87608b094ffffff,,4.0,7.0,True,,0.0,1000.0,3.5,11.0,,+912071173233,https://www.practo.com/mumbai/hospital/dr-roshni-s-clinic-vileparle-east-1?referrer=hospital_listing,,VN,practo,,1.0,canonical,516,Q2,,Mid-Market,0.236759
hosp_3c932afdb2080146,SRV-C Hospital,srv c hospital,Mumbai,Hospital,Chembur,,19.067275066120448,72.89274704543135,87608b569ffffff,,47.0,25.0,True,1.0,0.0,2000.0,3.5,96.0,,+912048552545,https://www.practo.com/mumbai/hospital/srv-hospital-chembur?referrer=hospital_listing,https://images1-fabric.practo.com/practices/1275770/srv-c-hospital-mumbai-65b77acb48cec.png,ABS,practo,,1.0,canonical,517,Q2,,Mid-Market,0.236566
hosp_2c5de521e045d86c,Orange Hospital,orange hospital,Mumbai,Hospital,Mira Bhayandar,,19.2997247,72.8675748,87608b4e1ffffff,,1.0,1.0,False,,400.0,400.0,5.0,11.0,,+912071173198,https://www.practo.com/mumbai/hospital/orange-hospital-mira-bhayandar?referrer=hospital_listing,,VN,practo,,1.0,canonical,518,Q2,,Mid-Market,0.236423
hosp_4f294f2c6f1acc8d,Om Shanti Nursing Home,om shanti nursing home,Mumbai,Hospital,Vikhroli East,,19.1135865,72.9316434,87608b540ffffff,,3.0,2.0,False,,0.0,400.0,,,2000.0,+912071173226,https://www.practo.com/mumbai/hospital/om-shanti-nursing-home-vikhroli-east?referrer=hospital_listing,,VN,practo,,1.0,canonical,519,Q2,,Mid-Market,0.236254
hosp_c8af09668332d54d,Bhavna Maternity & Nursing Home,bhavna maternity nursing home,Mumbai,Hospital,Ghatkopar West,,19.095092,72.898598,87608b54cffffff,,2.0,2.0,False,,500.0,500.0,,,1999.0,+912071173185,https://www.practo.com/mumbai/hospital/bhavna-maternity-nursing-home-ghatkopar-west-1?referrer=hospital_listing,,VN,practo,,1.0,canonical,520,Q2,,Mid-Market,0.235584
hosp_65535fa25dc0808b,Shreeji Kripa Nursing Home,shreeji kripa nursing home,Mumbai,Hospital,Borivali,,19.21464,72.84792,87608b446ffffff,,1.0,1.0,False,,500.0,500.0,,,1995.0,+912071173178,https://www.practo.com/mumbai/hospital/shreeji-kripa-surgical-centre-icu-nursing-home-borivali-west?referrer=hospital_listing,,VN,practo,,1.0,canonical,521,Q2,,Mid-Market,0.235527
hosp_a17c58adbfd08ee7,Brahma Kumaris' Global Hospital and Research Center,brahma kumaris global hospital research center,Mumbai,Hospital,Andheri West,,19.000330333159,72.838819026947,87608b0a4ffffff,,8.0,9.0,False,,0.0,2000.0,,,,+912071173173,https://www.practo.com/mumbai/hospital/dr-ashok-mehta-global-hospital-andheri-west?referrer=hospital_listing,https://images1-fabric.practo.com/dr-ashok-mehta-brahma-kumaris-global-hospital-andheri-west-mumbai-1446188580-563316246e7fb.jpg,VN,practo,,1.0,canonical,522,Q2,,Mid-Market,0.235314
hosp_92dc1b4cb06cdcdb,Kokilaben Hospital,kokilaben hospital,Mumbai,Hospital,Andheri West,,19.1312538,72.8250641,87608b092ffffff,,8.0,9.0,False,,0.0,0.0,,,,+912048553257,https://www.practo.com/mumbai/hospital/kokilaben-hospital-andheri-west-2?referrer=hospital_listing,,VN,practo,,1.0,canonical,523,Q2,,Mid-Market,0.235314
hosp_1d2d34a979faf1a4,Medicus clinic,medicus clinic,Mumbai,Hospital,Matunga East,,19.025541747062363,72.85454783588648,87608b0a6ffffff,,4.0,6.0,True,,800.0,1200.0,4.0,37.0,,+912071173183,https://www.practo.com/mumbai/hospital/sanjeevanee-hospital-dadar-east-3?referrer=hospital_listing,https://images1-fabric.practo.com/practices/692540/sanjeevanee-hospital-mumbai-59b6377bedf3b.jpg,VN,practo,,1.0,canonical,524,Q2,,Mid-Market,0.234447
hosp_28e451f02175a0b3,Smt B C J General Hospital ,smt b c j general hospital,Mumbai,Hospital,Santacruz West,,19.082502,72.838735,87608b0b3ffffff,,11.0,13.0,True,,0.0,1000.0,3.5,21.0,,+912071173225,https://www.practo.com/mumbai/hospital/bcj-hospital-santacruz-west?referrer=hospital_listing,,VN,practo,,1.0,canonical,525,Q2,,Mid-Market,0.233987
hosp_195046f727a22f85,Durga Nursing Home,durga nursing home,Mumbai,Hospital,Andheri East,,19.109230698631293,72.8489202260971,87608b094ffffff,,1.0,1.0,True,,0.0,0.0,4.0,19.0,,+912071173172,https://www.practo.com/mumbai/hospital/durga-nursing-home-andheri-east-1?referrer=hospital_listing,,VN,practo,,1.0,canonical,526,Q2,,Mid-Market,0.233983
hosp_7edec4aadde03f75,Dr Das Hospital,dr das hospital,Mumbai,Hospital,Chembur East,,19.0597458,72.90009,87608b569ffffff,,8.0,8.0,True,,500.0,1500.0,3.5,15.0,,+912071173182,https://www.practo.com/mumbai/hospital/dr-das-hospital-iccu-chembur-east?referrer=hospital_listing,https://images1-fabric.practo.com/dr-das-hospital-multi-speciality-with-iccu-mumbai-1488880257-58be8281eb099.jpg,VN,practo,,1.0,canonical,527,Q2,,Mid-Market,0.233879
hosp_440e6c14b39014de,"Surya Hospitals, Chembur",surya hospitals chembur,Mumbai,Hospital,Chembur,,19.0466147,72.9069517,87608b56dffffff,,9.0,7.0,False,,0.0,0.0,,,,+912071533798,https://www.practo.com/mumbai/hospital/surya-hospitals-chembur-1-chembur-1?referrer=hospital_listing,,VN,practo,,1.0,canonical,528,Q2,,Mid-Market,0.233044
hosp_0d091efa8b8198fb,Lotus Multispeciality Hospital,lotus multispeciality hospital,Mumbai,Hospital,Kandivali West,,19.2044022,72.8388665,87608b444ffffff,,9.0,7.0,False,,0.0,0.0,,,,+912071533824,https://www.practo.com/mumbai/hospital/lotus-multispeciality-hospital-1-kandivali-west?referrer=hospital_listing,,VN,practo,,1.0,canonical,529,Q2,,Mid-Market,0.233044
hosp_a71cd627fbef7ce7,Nulife Hospital - Ghatkopar,nulife hospital ghatkopar,Mumbai,Hospital,Ghatkopar West,,19.075984,72.877656,87608b0b6ffffff,,5.0,4.0,True,,0.0,1000.0,4.0,36.0,,+912071173185,https://www.practo.com/mumbai/hospital/nulife-hospital-ghatkopar-ghatkopar-west?referrer=hospital_listing,,VN,practo,,1.0,canonical,530,Q2,,Mid-Market,0.232764
hosp_caa1283f32f85949,"Holy Family Multispeciality Hospital, Mumbai",holy family multispeciality hospital mumbai,Mumbai,Hospital,Bandra,,19.0551164,72.8272534,87608b0b1ffffff,,5.0,10.0,False,,0.0,0.0,,,,+912071171707,https://www.practo.com/mumbai/hospital/holy-family-multispeciality-hospital-mumbai-bandra?referrer=hospital_listing,,VN,practo,,1.0,canonical,531,Q2,,Mid-Market,0.232689
hosp_8a9b2035f9035ac4,Noor Nursing Home,noor nursing home,Mumbai,Hospital,Jogeshwari West,,19.143798,72.842611,87608b465ffffff,,5.0,4.0,True,,0.0,700.0,3.5,11.0,,+912249398288,https://www.practo.com/mumbai/hospital/noor-nursing-home-jogeshwari-west?referrer=hospital_listing,https://images1-fabric.practo.com/practices/712865/noor-nursing-home-mumbai-5e6361c3b5ec1.jpg,VN,practo,,1.0,canonical,532,Q2,,Mid-Market,0.232602
hosp_1445000d4907df1e,Hitankshi Nursing Home,hitankshi nursing home,Mumbai,Hospital,Mira Road,,19.075984,72.877656,87608b0b6ffffff,,2.0,4.0,True,,500.0,1000.0,4.0,30.0,,+912071173198,https://www.practo.com/mumbai/hospital/hitankshi-nursing-home-mira-road?referrer=hospital_listing,,VN,practo,,1.0,canonical,533,Q2,,Mid-Market,0.232123
hosp_a693b5fcc8ae864f,Dr Agashe's Maternity And Surgical Nursing Home,dr agashe s maternity surgical nursing home,Mumbai,Hospital,Kurla West,,19.0806433,72.8803366,87608b0b6ffffff,,1.0,1.0,True,,800.0,800.0,4.0,21.0,,+912071173193,https://www.practo.com/mumbai/hospital/dr-agashe-s-maternity-and-surgical-nursing-home-kurla-west?referrer=hospital_listing,,VN,practo,,1.0,canonical,534,Q2,,Mid-Market,0.232117
hosp_8ed88e2714121685,H J Doshi Ghatkopar Hindu Sabha Hospital,h j doshi ghatkopar hindu sabha hospital,Mumbai,Hospital,Ghatkopar West,,,,,,8.0,7.0,False,,0.0,200.0,,6.0,,+912071173185,https://www.practo.com/mumbai/hospital/h-j-doshi-ghatkopar-hindu-sabha-hospital-ghatkopar-west?referrer=hospital_listing,,VN,practo,,0.6,canonical,535,Q2,,Mid-Market,0.231945
hosp_98a0a2bc46500821,Balaji Speciality Hospital,balaji speciality hospital,Mumbai,Hospital,Sakinaka,,19.107693255589,72.88807310164,87608b548ffffff,,7.0,5.0,True,,1.0,800.0,3.5,13.0,,+912071173224,https://www.practo.com/mumbai/hospital/balaji-speciality-hospital-sakinaka?referrer=hospital_listing,https://images1-fabric.practo.com/practices/1028447/balaji-speciality-hospital-mumbai-6666f0b5ac584.png,VN,practo,,1.0,canonical,536,Q2,,Mid-Market,0.231931
hosp_ec89f4072574c648,Sai Samruddhi Hospital,sai samruddhi hospital,Mumbai,Hospital,Kanjurmarg,,19.1282039,72.9258763,87608b543ffffff,,7.0,10.0,True,,0.0,2500.0,3.5,17.0,,+912071173190,https://www.practo.com/mumbai/hospital/sai-samruddhi-hospital-kanjurmarg-1?referrer=hospital_listing,https://images1-fabric.practo.com/practices/1151276/sai-samruddhi-hospital-mumbai-596784c6e6280.jpg,VN,practo,,1.0,canonical,537,Q2,,Mid-Market,0.231253
hosp_336d6caaad8bf851,Bakul Parekh Children's Hospital,bakul parekh children s hospital,Mumbai,Hospital,Ghatkopar East,,19.079638,72.907012,87608b568ffffff,,2.0,1.0,False,,600.0,800.0,4.5,83.0,,+912067325123,https://www.practo.com/mumbai/hospital/bakul-parekh-children-s-hospital-ghatkopar-east?referrer=hospital_listing,https://images1-fabric.practo.com/practices/668756/bakul-parekh-children-s-hospital-mumbai-58f70ebbb2b3a.jpg,VN,practo,,1.0,canonical,538,Q2,,Mid-Market,0.231179
hosp_5ff8b2da5bfa0da2,Nmmc Hospital,nmmc hospital,Mumbai,Hospital,Agripada,,18.9750296,72.8258101,87608b016ffffff,,8.0,6.0,False,,0.0,0.0,,,,+912071177420,https://www.practo.com/mumbai/hospital/nmmc-hospital-agripada?referrer=hospital_listing,,VN,practo,,1.0,canonical,539,Q2,,Mid-Market,0.229653
hosp_fc165a0ca24f0caf,Manisha's Sparshad Nursing Home,manisha s sparshad nursing home,Mumbai,Hospital,Bhandup,,19.155522481266782,72.93739020824432,87608b55cffffff,,1.0,2.0,False,,500.0,500.0,,4.0,2005.0,+912071173177,https://www.practo.com/mumbai/hospital/manisha-s-sparshad-nursing-home-bhandup-west-1?referrer=hospital_listing,https://images1-fabric.practo.com/practices/712370/manisha-s-sparshad-nursing-home-mumbai-58e3a96a06a27.png,VN,practo,,1.0,canonical,540,Q2,,Mid-Market,0.22935
hosp_69055897b42453e7,Sunny Hospital,sunny hospital,Mumbai,Hospital,Chembur,,19.05297,72.89775,87608b569ffffff,,4.0,5.0,True,,0.0,1000.0,4.0,43.0,,+912071173181,https://www.practo.com/mumbai/hospital/sunny-hospital-chembur?referrer=hospital_listing,https://images1-fabric.practo.com/sunny-hospital-mumbai-1451978743-568b6ff7c979e.jpeg,VN,practo,,1.0,canonical,541,Q2,,Mid-Market,0.22933
hosp_a426134e998bbc21,QI Spine Clinic - Churchgate,qi spine clinic churchgate,Mumbai,Hospital,Churchgate,,18.933887178976015,72.82437533140182,87608b032ffffff,,1.0,1.0,False,7.0,0.0,0.0,4.5,11.0,2009.0,+912071173265,https://www.practo.com/mumbai/hospital/qi-spine-clinic-churchgate-1?referrer=hospital_listing,https://images1-fabric.practo.com/practices/1151074/qi-spine-clinic-churchgate-mumbai-59a42ee7bcade.jpeg,VN,practo,,1.0,canonical,542,Q2,,Mid-Market,0.228758
hosp_ee915db8e06544e7,Ananda Hospital,ananda hospital,Mumbai,Hospital,Andheri West,,19.124429801494,72.84654378891,87608b096ffffff,,3.0,5.0,True,,700.0,1000.0,3.5,12.0,,+911142246455,https://www.practo.com/mumbai/hospital/ananda-hospital-andheri-west?referrer=hospital_listing,https://images1-fabric.practo.com/practices/1196168/ananda-hospital-mumbai-5e4a71342080d.jpg,VN,practo,,1.0,canonical,543,Q2,,Mid-Market,0.228653
hosp_84e7c4503ad36041,balaji hospital,balaji hospital,Mumbai,Hospital,Byculla West,,18.9772371641,72.8351631283,87608b18bffffff,,6.0,7.0,False,,0.0,1000.0,,,,+918037298995,https://www.practo.com/mumbai/hospital/balaji-hospital-1-byculla-west?referrer=hospital_listing,,VN,practo,,1.0,canonical,544,Q2,,Mid-Market,0.228533
hosp_a397302429ba0c83,Aastha Health Care,aastha health care,Mumbai,Hospital,Mulund West,,22.7035099,75.825605,873d9666dffffff,,5.0,10.0,True,,0.0,1000.0,4.0,77.0,,+912071178179,https://www.practo.com/mumbai/hospital/aastha-health-care-mulund-west-2?referrer=hospital_listing,https://images1-fabric.practo.com/practices/1153972/aastha-health-care-mumbai-5981aa144101c.PNG,VN,practo,,1.0,canonical,545,Q2,,Mid-Market,0.228453
hosp_a9a514697b48b9ce,Maruti Nursing Home,maruti nursing home,Mumbai,Hospital,Mulund West,,19.153541997982,72.937538472907,87608b55cffffff,,1.0,3.0,False,,1000.0,1500.0,4.5,50.0,,+912071177422,https://www.practo.com/mumbai/hospital/maruti-nursing-home-mulund-east-1?referrer=hospital_listing,https://images1-fabric.practo.com/54619be62e08096d6f2e7e1f705ab5e59c84a6dc009b2.jpg,VN,practo,,1.0,canonical,546,Q2,,Mid-Market,0.228363
hosp_f904f933447be289,Swastik Nursing Home,swastik nursing home,Mumbai,Hospital,Ghatkopar West,,19.09289,72.912306,87608b56affffff,,1.0,1.0,False,,300.0,300.0,,3.0,2005.0,+912071173185,https://www.practo.com/mumbai/hospital/swastic-nursing-home-ghatkopar-west?referrer=hospital_listing,,VN,practo,,1.0,canonical,547,Q2,,Mid-Market,0.227396
hosp_f454741a2b4aaee4,Aadarsh Nursing Home,aadarsh nursing home,Mumbai,Hospital,Ghatkopar West,,19.1012314,72.9118197,87608b56affffff,,1.0,1.0,False,,500.0,500.0,,,2005.0,+912071173185,https://www.practo.com/mumbai/hospital/aadarsh-nursing-home-ghatkopar-west?referrer=hospital_listing,,VN,practo,,1.0,canonical,548,Q2,,Mid-Market,0.227193
hosp_c75e22724fe0daf5,Advanced Multispeciality Hospitals,advanced multispeciality hospitals,Mumbai,Hospital,Vileparle West,,19.109617,72.837725,87608b094ffffff,,6.0,6.0,False,,0.0,1500.0,,7.0,,+912071173234,https://www.practo.com/mumbai/hospital/advanced-multispeciality-hospitals-vileparle-west?referrer=hospital_listing,,VN,practo,,1.0,canonical,549,Q2,,Mid-Market,0.227118
hosp_470ca9bea08ac444,Saidhan Eye Hospital ,saidhan eye hospital,Mumbai,Hospital,Mulund East,,19.1687437,72.9613104,87608b550ffffff,,1.0,1.0,False,,500.0,500.0,,3.0,2006.0,+912071179000,https://www.practo.com/mumbai/hospital/saidhan-eye-hospital-mulund?referrer=hospital_listing,https://images1-fabric.practo.com/saidhan-eye-hospital-mumbai-1456996495-56d8008fd2a4c.jpg,VN,practo,,1.0,canonical,550,Q2,,Mid-Market,0.226562
hosp_d9389e297a28bc32,"Galaxy Multispeciality Hospital, Wadala, Mumbai",galaxy multispeciality hospital wadala mumbai,Mumbai,Hospital,Wadala East,,19.0086028,72.8615752,87608b199ffffff,,3.0,8.0,False,,0.0,0.0,,,,+912071533875,https://www.practo.com/mumbai/hospital/galaxy-multispeciality-hospital-wadala-mumbai-wadala-east?referrer=hospital_listing,,VN,practo,,1.0,canonical,551,Q2,,Mid-Market,0.225908
hosp_6cd12bf4cf3274f4,"Criticare Asia Multispeciality Hospital, Mumbai",criticare asia multispeciality hospital mumbai,Mumbai,Hospital,Gulmohar Road,,19.1156416,72.8353782,87608b090ffffff,,4.0,7.0,False,,0.0,1000.0,,,,+912048554700,https://www.practo.com/mumbai/hospital/criticare-asia-multispeciality-hospital-mumbai-gulmohar-road?referrer=hospital_listing,,VN,practo,,1.0,canonical,552,Q2,,Mid-Market,0.225525
hosp_b1adb43586174cf9,Sanjeevani Hospital,sanjeevani hospital,Mumbai,Hospital,Andheri East,,19.117098,72.8474631,87608b096ffffff,,5.0,6.0,False,,0.0,1000.0,,4.0,,+912071173172,https://www.practo.com/mumbai/hospital/sanjeevini-hospital-andheri-east?referrer=hospital_listing,https://images1-fabric.practo.com/practices/839862/sanjeevani-hospital-mumbai-6659abbfb5ab0.png,VN,practo,,1.0,canonical,553,Q2,,Mid-Market,0.225412
hosp_1d28af248e0a8004,Pikale Hospital,pikale hospital,Mumbai,Hospital,Mahim,,19.0241626435307,72.8385028615594,87608b0a6ffffff,,5.0,6.0,False,,0.0,1000.0,,,,+912071173195,https://www.practo.com/mumbai/hospital/sapale-s-polyclinic-dadar-west?referrer=hospital_listing,,VN,practo,,1.0,canonical,554,Q2,,Mid-Market,0.225142
hosp_3b10132636d3c5ac,"P D Hinduja National Hospital And Medical Research Centre, Mumbai",p d hinduja national hospital medical research centre mumbai,Mumbai,Hospital,Shivaji Park,,19.0331962,72.839102,87608b0a2ffffff,,5.0,6.0,False,,0.0,0.0,,,,+912071171707,https://www.practo.com/mumbai/hospital/p-d-hinduja-national-hospital-and-medical-research-centre-mumbai-shivaji-park?referrer=hospital_listing,,VN,practo,,1.0,canonical,555,Q2,,Mid-Market,0.225142
hosp_6e88560b57840572,Kokilaben Dhirubhai Ambani Hospital,kokilaben dhirubhai ambani hospital,Mumbai,Hospital,Andheri West,,19.13122,72.8254,87608b092ffffff,,49.0,31.0,True,,0.0,3000.0,3.5,224.0,,+912071173175,https://www.practo.com/mumbai/hospital/kokilaben-dhirubhai-ambani-hospital-andheri-west-2?referrer=hospital_listing,https://images1-fabric.practo.com/practices/830186/kokilaben-dhirubhai-ambani-hospital-mumbai-58e3a4ac4899b.jpeg,VN,practo,,1.0,canonical,556,Q2,,Mid-Market,0.22448
hosp_6484a94c1f7853c8,Surya Hospital,surya hospital,Mumbai,Hospital,Vileparle West,,,,,,7.0,4.0,False,,0.0,0.0,,,,+912071173233,https://www.practo.com/mumbai/hospital/surya-hospital-vileparle-west?referrer=hospital_listing,,VN,practo,,0.6,canonical,557,Q2,,Mid-Market,0.224376
hosp_92a95be27424e1ff,"Mangal Anand Hospital, Mumbai",mangal anand hospital mumbai,Mumbai,Hospital,Chembur East,,19.0565661,72.8906029,87608b569ffffff,,7.0,4.0,False,,0.0,0.0,,,,+912071533870,https://www.practo.com/mumbai/hospital/mangal-anand-hospital-mumbai-chembur-east?referrer=hospital_listing,,VN,practo,,1.0,canonical,558,Q2,,Mid-Market,0.224376
hosp_97f385f292309784,Noor Hospital,noor hospital,Mumbai,Hospital,Govandi,,19.0622921,72.921305,87608b56cffffff,,3.0,7.0,False,,300.0,700.0,,4.0,,+912071173187,https://www.practo.com/mumbai/hospital/noor-hospital-govandi?referrer=hospital_listing,,VN,practo,,1.0,canonical,559,Q2,,Mid-Market,0.224291
hosp_c644be4bdf37d8cd,Tandon Hospital,tandon hospital,Mumbai,Hospital,Chembur East,,19.059696,72.900145,87608b569ffffff,,3.0,4.0,True,,0.0,1000.0,3.5,13.0,,+912071173182,https://www.practo.com/mumbai/hospital/tandon-hospital-chembur-east-1?referrer=hospital_listing,https://images1-fabric.practo.com/practices/676518/tandon-hospital-mumbai-59a3bea295bd7.png,VN,practo,,1.0,canonical,560,Q2,,Mid-Market,0.224029
hosp_8e5e7380dd19787c,Lotus Multispecialty Hospital,lotus multispecialty hospital,Mumbai,Hospital,Borivali West,,19.240298,72.8459737,87608b455ffffff,,4.0,6.0,False,,0.0,1500.0,,2.0,,+912071173179,https://www.practo.com/mumbai/hospital/lotus-multispecialty-hospital-borivali-west?referrer=hospital_listing,,VN,practo,,1.0,canonical,561,Q2,,Mid-Market,0.223773
hosp_7f677f2c71f5691d,Abhishek Hospitals,abhishek hospitals,Mumbai,Hospital,Andheri East,,19.1102464,72.8745562,87608b549ffffff,,4.0,6.0,False,,0.0,0.0,,,,+912071177437,https://www.practo.com/mumbai/hospital/abhishek-hospitals-andheri-east?referrer=hospital_listing,,VN,practo,,1.0,canonical,562,Q2,,Mid-Market,0.223638
hosp_48cc77ceffb2ebbe,Bai Jerbai Wadia Hospital for Children,bai jerbai wadia hospital for children,Mumbai,Hospital,Parel,,18.5066737,73.8558297,876088501ffffff,,5.0,5.0,False,,0.0,800.0,,5.0,,+912071173201,https://www.practo.com/mumbai/hospital/dummy-clinic-parel?referrer=hospital_listing,,VN,practo,,1.0,canonical,563,Q2,,Mid-Market,0.223593
hosp_423020a1eda03740,Pai Hospital,pai hospital,Mumbai,Hospital,Dadar East,,19.022478923587357,72.85006552934647,87608b0a6ffffff,,1.0,2.0,False,,1000.0,1000.0,4.5,35.0,,+912071173234,https://www.practo.com/mumbai/hospital/pai-hospital-dadar-east?referrer=hospital_listing,https://images1-fabric.practo.com/pai-hospital-mumbai-1479196113-582abdd1d50e8.jpg,VN,practo,,1.0,canonical,564,Q2,,Mid-Market,0.22343
hosp_ef764a8ffcb0fa53,Belle Vue Nursing Home,belle vue nursing home,Mumbai,Hospital,Andheri West,,19.1291418,72.832586,87608b092ffffff,,6.0,4.0,False,,0.0,1000.0,,6.0,,+912071173175,https://www.practo.com/mumbai/hospital/belle-vue-nursing-home-andheri-west-1?referrer=hospital_listing,,VN,practo,,1.0,canonical,565,Q2,,Mid-Market,0.223277
hosp_7092d0be7ffc6efd,Nova IVF Fertility,nova ivf fertility,Mumbai,Hospital,Bandra West,,19.382495957942012,72.79530731888988,87608b4caffffff,,5.0,5.0,False,,500.0,750.0,,,,+918037298997,https://www.practo.com/mumbai/hospital/nova-ivf-fertility-bandra-west?referrer=hospital_listing,https://images1-fabric.practo.com/practices/1599246/nova-ivf-fertility-mumbai-675034325b1a0.png,VN,practo,,1.0,canonical,566,Q2,,Mid-Market,0.223255
hosp_a586d0858565c2ba,Supreme Multi Speciality Hospital LLP,supreme multi speciality hospital llp,Mumbai,Hospital,Ghatkopar West,,19.0907818,72.913752,87608b56affffff,,5.0,5.0,False,,0.0,0.0,,,,+912071177419,https://www.practo.com/mumbai/hospital/supreme-multi-speciality-hospital-llp-ghatkopar-west?referrer=hospital_listing,,VN,practo,,1.0,canonical,567,Q2,,Mid-Market,0.223255
hosp_371fc23cf311bfca,"Global Hospital, Mumbai",global hospital mumbai,Mumbai,Hospital,Upper Parel,,18.9995043,72.8406054,87608b0a4ffffff,,6.0,4.0,False,,0.0,0.0,,,,+912071172550,https://www.practo.com/mumbai/hospital/global-hospital-mumbai-upper-parel?referrer=hospital_listing,,VN,practo,,1.0,canonical,568,Q2,,Mid-Market,0.222872
hosp_3e1a2972c2f945ee,Brahma Kumaris' Global Hospital & Research Centre,brahma kumaris global hospital research centre,Mumbai,Hospital,Andheri West,,19.1194,72.84497,87608b096ffffff,,34.0,20.0,True,,0.0,3000.0,3.5,69.0,,+912071173173,https://www.practo.com/mumbai/hospital/brahma-kumaris-global-hospital-research-centre-andheri-west-1?referrer=hospital_listing,https://images1-fabric.practo.com/d5697df2fcbd3f4c8159b85aeaa27238,VN,practo,,1.0,canonical,569,Q2,,Mid-Market,0.222785
hosp_03318b73333b572b,Lifecare Hospital,lifecare hospital,Mumbai,Hospital,Kandivali East,,19.198239,72.873702,87608b475ffffff,,2.0,2.0,False,,400.0,500.0,,,2015.0,+912071173189,https://www.practo.com/mumbai/hospital/lifecare-hospital-kandivali-east?referrer=hospital_listing,https://images1-fabric.practo.com/practices/957246/lifecare-hospital-mumbai-6656e052c6cb5.png,VN,practo,,1.0,canonical,570,Q2,,Mid-Market,0.22225
hosp_4fb81fba98a7426f,"Rajawadi Hospital, Mumbai",rajawadi hospital mumbai,Mumbai,Hospital,Vidyavihar,,19.0786829,72.9012076,87608b56bffffff,,3.0,6.0,False,,0.0,1500.0,,,,+918037298998,https://www.practo.com/mumbai/hospital/rajawadi-hospital-mumbai-vidyavihar?referrer=hospital_listing,,VN,practo,,1.0,canonical,571,Q2,,Mid-Market,0.222135
hosp_20cf19aded534b4d,Navneet Hitech Hospital,navneet hitech hospital,Mumbai,Hospital,Dahisar,,19.2463579,72.8605812,87608b455ffffff,,3.0,6.0,False,,0.0,0.0,,,,+912048552218,https://www.practo.com/mumbai/hospital/navneet-hitech-hospital-dahisar?referrer=hospital_listing,,VN,practo,,1.0,canonical,572,Q2,,Mid-Market,0.222135
hosp_27e3902755b0216e,Dr. Gandhi's Nursing Home Pvt Ltd,dr gandhi s nursing home,Mumbai,Hospital,Dadar,,0.0,0.0,87754e64dffffff,,1.0,3.0,True,,1000.0,1000.0,4.0,41.0,,+912071173182,https://www.practo.com/mumbai/hospital/dr-manoj-gandhi-dadar?referrer=hospital_listing,https://images1-fabric.practo.com/dr-manoj-gandhi-mumbai-1448886623-565c415fd9bf1.jpg,ABS,practo,,1.0,canonical,573,Q2,,Mid-Market,0.222069
hosp_117301426da86014,Lion Kartar Singh Hospital,lion kartar singh hospital,Mumbai,Hospital,Andheri West,,19.123619,72.840661,87608b096ffffff,,4.0,5.0,False,,0.0,500.0,,3.0,,+912071173173,https://www.practo.com/mumbai/hospital/lion-kartar-singh-hospital-andheri-west?referrer=hospital_listing,,VN,practo,,1.0,canonical,574,Q2,,Mid-Market,0.221954
hosp_150feceeb98586d3,Atharva Hospital,atharva hospital,Mumbai,Hospital,Kandivali East,,19.2030202,72.8281094,87608b440ffffff,,4.0,5.0,False,,500.0,1000.0,,,,+912071173189,https://www.practo.com/mumbai/hospital/atharva-hospital?referrer=hospital_listing,,VN,practo,,1.0,canonical,575,Q2,,Mid-Market,0.221752
hosp_890d6129ddf5f764,Anand Multi Speciality Hospital,anand multi speciality hospital,Mumbai,Hospital,Dahisar East,,19.24987,72.859372,87608b455ffffff,,4.0,5.0,False,,200.0,1500.0,,,,+912071173183,https://www.practo.com/mumbai/hospital/anand-multi-speciality-hospital-dahisar-east?referrer=hospital_listing,,VN,practo,,1.0,canonical,576,Q2,,Mid-Market,0.221752
hosp_2707d1e9aee7166c,lokmanya tilak muncipal corporation hospital,lokmanya tilak muncipal corporation hospital,Mumbai,Hospital,Sion,,19.03561922003069,72.85959474742413,87608b19bffffff,,4.0,5.0,False,,100.0,2000.0,,,,+912071179090,https://www.practo.com/mumbai/hospital/lokmanya-tilak-muncipal-corporation-hospital-sion?referrer=hospital_listing,,VN,practo,,1.0,canonical,577,Q2,,Mid-Market,0.221752
hosp_e73c51ed29a8749c,SAI KRIPA HOSPITAL,sai kripa hospital,Mumbai,Hospital,Malad East,,19.1813378,72.857718,87608b462ffffff,,4.0,5.0,False,,0.0,0.0,,,,+912071173267,https://www.practo.com/mumbai/hospital/sai-kripa-hospital-1-malad-east-1?referrer=hospital_listing,,VN,practo,,1.0,canonical,578,Q2,,Mid-Market,0.221752
hosp_917a6ba8b2aec7f7,Silverline Hospital,silverline hospital,Mumbai,Hospital,Dahisar,,19.250774,72.8574711,87608b455ffffff,,4.0,5.0,False,,0.0,0.0,,,,+912071173264,https://www.practo.com/mumbai/hospital/silverline-hospital-1-dahisar?referrer=hospital_listing,,VN,practo,,1.0,canonical,579,Q2,,Mid-Market,0.221752
hosp_ffd12428d881af2d,Dhanvantari Hospital,dhanvantari hospital,Mumbai,Hospital,Amboli,,19.118948,72.8431254,87608b096ffffff,,4.0,5.0,False,,0.0,0.0,,,,+912071172687,https://www.practo.com/mumbai/hospital/dhanvantari-hospital-1-amboli?referrer=hospital_listing,,VN,practo,,1.0,canonical,580,Q2,,Mid-Market,0.221752
hosp_6310be8e7163e926,"Surana Sethia Hospital And Research Center, Chembur, Mumbai",surana sethia hospital research center chembur mumbai,Mumbai,Hospital,Sindhi Society,,19.0535473,72.8870158,87608b569ffffff,,4.0,5.0,False,,0.0,1000.0,,,,+912071171708,https://www.practo.com/mumbai/hospital/surana-sethia-hospital-and-research-center-chembur-mumbai-sindhi-society?referrer=hospital_listing,,VN,practo,,1.0,canonical,581,Q2,,Mid-Market,0.221752
hosp_3c0ebe40d947ed8c,"Sir H N Reliance Foundation Hospital, Mumbai",sir h n reliance foundation hospital mumbai,Mumbai,Hospital,Girgaon,,18.958742740109177,72.82005260603164,87608b014ffffff,,4.0,5.0,False,,0.0,800.0,,,,+912071171345,https://www.practo.com/mumbai/hospital/sir-h-n-reliance-foundation-hospital-mumbai-girgaon?referrer=hospital_listing,,VN,practo,,1.0,canonical,582,Q2,,Mid-Market,0.221752
hosp_f34199cc989dd378,"Srcc Children Hospital, Mahalakshmi, Mumbai",srcc children hospital mahalakshmi mumbai,Mumbai,Hospital,Hajiali,,18.9789046,72.8122184,87608b016ffffff,,5.0,4.0,False,,0.0,1000.0,,,,+912048552186,https://www.practo.com/mumbai/hospital/srcc-children-hospital-mahalakshmi-mumbai-hajiali?referrer=hospital_listing,,VN,practo,,1.0,canonical,583,Q2,,Mid-Market,0.221369
hosp_38de83aefa7067a7,Dalvi Hospital,dalvi hospital,Mumbai,Hospital,Gamdevi,,18.958591478747213,72.81054854393005,87608b014ffffff,,2.0,6.0,False,,0.0,1000.0,,,,+912071173184,https://www.practo.com/mumbai/hospital/dalvi-hospital-gamdevi?referrer=hospital_listing,,VN,practo,,1.0,canonical,584,Q2,,Mid-Market,0.220631
hosp_d8a70ee2c33cdf10,Apex Superspeciality Hospitals,apex superspeciality hospitals,Mumbai,Hospital,Borivali West,,19.229351851015,72.846581339836,87608b446ffffff,,41.0,21.0,True,3.0,0.0,2000.0,3.5,112.0,2018.0,+912248906198,https://www.practo.com/mumbai/hospital/apex-superspeciality-hospitals-borivali-west?referrer=hospital_listing,https://images1-fabric.practo.com/practices/1190028/apex-superspeciality-hospitals-mumbai-5b8cd3ec74cbd.jpg,ABS,practo,,1.0,canonical,585,Q2,,Mid-Market,0.220332
hosp_41d9af59941109dd,Kamgar Hospital,kamgar hospital,Mumbai,Hospital,Mulund West,,19.1794075,72.9453306,87608b553ffffff,,3.0,5.0,False,,0.0,0.0,,,,+912071187733,https://www.practo.com/mumbai/hospital/kamgar-hospital-mulund-west?referrer=hospital_listing,,VN,practo,,1.0,canonical,586,Q2,,Mid-Market,0.220248
hosp_3e2aaa396fd431d2,Gurunanak Hospital & Research Centre,gurunanak hospital research centre,Mumbai,Hospital,Bandra East,,19.060255819912,72.851572394379,87608b0b0ffffff,,4.0,4.0,False,,0.0,700.0,,,,+912071173176,https://www.practo.com/mumbai/hospital/gurunanak-hospital-research-centre-bandra-east-2?referrer=hospital_listing,,VN,practo,,1.0,canonical,587,Q2,,Mid-Market,0.219865
hosp_bbd3d1677e6844f4,Savla Hospital,savla hospital,Mumbai,Hospital,Chembur,,19.0609448,72.8981874,87608b569ffffff,,4.0,4.0,False,,0.0,0.0,,,,+912071187733,https://www.practo.com/mumbai/hospital/savla-hospital-chembur-1?referrer=hospital_listing,,VN,practo,,1.0,canonical,588,Q2,,Mid-Market,0.219865
hosp_906f3e8af5dd6858,"Sbs Hospital, Mumbai",sbs hospital mumbai,Mumbai,Hospital,Veera Desai Road,,19.1366607,72.8363391,87608b092ffffff,,4.0,4.0,False,,0.0,0.0,,,,+914049174245,https://www.practo.com/mumbai/hospital/sbs-hospital-mumbai-veera-desai-road?referrer=hospital_listing,,VN,practo,,1.0,canonical,589,Q2,,Mid-Market,0.219865
hosp_fa321c5be5ceb705,Bombay City Eye Institute & Research Center,bombay city eye institute research center,Mumbai,Hospital,Marine Lines,,18.950397721295843,72.81902849126281,87608b014ffffff,,7.0,1.0,False,2.0,1000.0,2500.0,,7.0,,+912071533850,https://www.practo.com/mumbai/hospital/bombay-city-eye-institute-research-center-marine-lines?referrer=hospital_listing,,ABS,practo,,1.0,canonical,590,Q2,,Mid-Market,0.219188
hosp_70f2df7cd7267ed2,Surya Hospital,surya hospital,Mumbai,Hospital,Andheri West,,19.1114188,72.8439394,87608b094ffffff,,6.0,2.0,False,,0.0,700.0,,,,+912071173175,https://www.practo.com/mumbai/hospital/surya-hospital-5-andheri-west?referrer=hospital_listing,,VN,practo,,1.0,canonical,591,Q2,,Mid-Market,0.219099
hosp_b57a32ee4aae33dd,Lotus hospital,lotus hospital,Mumbai,Hospital,Govandi,,19.0673816,72.9208983,87608b568ffffff,,3.0,4.0,False,,100.0,300.0,,,,+912071173187,https://www.practo.com/mumbai/hospital/lotus-hospital-5-govandi?referrer=hospital_listing,https://images1-fabric.practo.com/practices/946067/lotus-hospital-mumbai-665725061a008.png,VN,practo,,1.0,canonical,592,Q2,,Mid-Market,0.218361
hosp_fa69bf3b96ee4d3b,"Hcg Cancer Center, Borivali, Mumbai",hcg cancer center borivali mumbai,Mumbai,Hospital,Dahisar West,,19.2531406,72.8503783,87608b455ffffff,,4.0,3.0,False,,0.0,2450.0,,,,+914049174245,https://www.practo.com/mumbai/hospital/hcg-cancer-center-borivali-mumbai-dahisar-west?referrer=hospital_listing,,VN,practo,,1.0,canonical,593,Q2,,Mid-Market,0.217978
hosp_c657c653315149d7,Oculus Eye Hospital,oculus eye hospital,Mumbai,Hospital,Juhu,,19.110608,72.832553,87608b090ffffff,,3.0,1.0,False,,0.0,1000.0,4.5,11.0,,+912071189378,https://www.practo.com/mumbai/hospital/oculus-eye-hospital-juhu-1?referrer=hospital_listing,https://images1-fabric.practo.com/practices/1040899/oculus-eye-hospital-mumbai-5c87b8cbd52a1.jpg,VN,practo,,1.0,canonical,594,Q2,,Mid-Market,0.217598
hosp_22e7218525824464,Dr. Kamat's Hospital,dr kamat s hospital,Mumbai,Hospital,Jogeshwari East,,19.136563746519,72.85018208927,87608b465ffffff,,2.0,4.0,False,,1000.0,1000.0,,9.0,,+912048553259,https://www.practo.com/mumbai/hospital/dr-kamat-s-hospital-jogeshwari-east?referrer=hospital_listing,https://images1-fabric.practo.com/practices/1159454/dr-kamat-s-hospital-mumbai-6761428ca1fc0.jpeg,VN,practo,,1.0,canonical,595,Q2,,Mid-Market,0.217465
hosp_7f421722fbb49775,Sona Hospital,sona hospital,Mumbai,Hospital,Vakola,,19.0784288,72.8499485,87608b0b3ffffff,,3.0,3.0,False,,0.0,800.0,,7.0,,+912048553258,https://www.practo.com/mumbai/hospital/sona-hospital-vakola?referrer=hospital_listing,,VN,practo,,1.0,canonical,596,Q2,,Mid-Market,0.216947
hosp_63220f5c18c02042,Aditi Hospital,aditi hospital,Mumbai,Hospital,Kandivali East,,19.2134703,72.8640962,87608b471ffffff,,2.0,4.0,False,,0.0,0.0,,,,+912048553255,https://www.practo.com/mumbai/hospital/aditi-hospital-1-kandivali-east?referrer=hospital_listing,,VN,practo,,1.0,canonical,597,Q2,,Mid-Market,0.216857
hosp_2a418f5358109016,"Ananda Hospital, Mumbai",ananda hospital mumbai,Mumbai,Hospital,Amboli,,19.1273871,72.8469535,87608b096ffffff,,2.0,4.0,False,,0.0,0.0,,,,+912071177419,https://www.practo.com/mumbai/hospital/ananda-hospital-mumbai-amboli?referrer=hospital_listing,,VN,practo,,1.0,canonical,598,Q2,,Mid-Market,0.216857
hosp_2dbe03a4b5f71478,Richfeel Trichology Centre,richfeel trichology centre,Mumbai,Hospital,Versova,,19.125261,72.82205,87608b093ffffff,,2.0,4.0,False,13.0,450.0,450.0,,,,+912071173226,https://www.practo.com/mumbai/hospital/richfeel-trichology-centre-versova?referrer=hospital_listing,https://images1-fabric.practo.com/practices/759056/richfeel-trichology-centre-mumbai-5c18da6207bd3.jpg,VN,practo,,1.0,canonical,599,Q2,,Mid-Market,0.216857
hosp_898b58d891587d6a,Enhance Clinic,enhance clinic,Mumbai,Hospital,Khar West,,19.0698293,72.8318586,87608b0b3ffffff,,1.0,2.0,True,2.0,700.0,700.0,4.0,48.0,,+912248977835,https://www.practo.com/mumbai/hospital/enhance-clinics-mumbai-khar-khar-west?referrer=hospital_listing,https://images1-fabric.practo.com/enhance-clinics-mumbai-khar-mumbai-1458117820-56e91cbc67d1e.jpg,VN,practo,,1.0,canonical,600,Q2,,Mid-Market,0.216807
hosp_32f08c17133f3951,Life Care Hospital,life care hospital,Mumbai,Hospital,Prabhadevi,,19.008628158432,72.81909942627,87608b0a0ffffff,,3.0,3.0,False,,0.0,1500.0,,3.0,,+912071173224,https://www.practo.com/mumbai/hospital/life-care-hospital-1-lower-parel-2?referrer=hospital_listing,,VN,practo,,1.0,canonical,601,Q2,,Mid-Market,0.216677
hosp_28d31f77247dbbfb,Suvarna Hospital,suvarna hospital,Mumbai,Hospital,SV Road,,19.2232821,72.8462306,87608b446ffffff,,3.0,3.0,False,,0.0,0.0,,3.0,,+912048553433,https://www.practo.com/mumbai/hospital/suvarna-hospital-2-sv-road?referrer=hospital_listing,,VN,practo,,1.0,canonical,602,Q2,,Mid-Market,0.216677
hosp_f08a242b31786fd7,Vikas Nursing Home,vikas nursing home,Mumbai,Hospital,Govandi,,19.0626116,72.9208768,87608b56cffffff,,3.0,3.0,False,,0.0,300.0,,,,+912071173187,https://www.practo.com/mumbai/hospital/vikas-nursing-home-govandi-2?referrer=hospital_listing,,VN,practo,,1.0,canonical,603,Q2,,Mid-Market,0.216474
hosp_ed1824c98db6183b,"Surana Sethia Hospital And Research Center, Malad, Mumbai",surana sethia hospital research center malad mumbai,Mumbai,Hospital,Orlem Malad,,19.1990805,72.83847,87608b444ffffff,,3.0,3.0,False,,0.0,0.0,,,,+912048553251,https://www.practo.com/mumbai/hospital/surana-sethia-hospital-and-research-center-malad-mumbai-orlem-malad?referrer=hospital_listing,,VN,practo,,1.0,canonical,604,Q2,,Mid-Market,0.216474
hosp_b444ba1a679914b6,Elite Hospital,elite hospital,Mumbai,Hospital,Bandra West,,19.0634833,72.8355082,87608b0b1ffffff,,3.0,3.0,False,,0.0,0.0,,,,+912048553259,https://www.practo.com/mumbai/hospital/elite-hospital-bandra-west?referrer=hospital_listing,,VN,practo,,1.0,canonical,605,Q2,,Mid-Market,0.216474
hosp_36213d579bc2079c,Sparsh Children's Hospital,sparsh children s hospital,Mumbai,Hospital,Elphinstone Road,,19.0048001,72.8401454,87608b0a4ffffff,,3.0,3.0,False,,0.0,0.0,,,,+912048554741,https://www.practo.com/mumbai/hospital/sparsh-children-s-hospital-elphinstone-road?referrer=hospital_listing,,VN,practo,,1.0,canonical,606,Q2,,Mid-Market,0.216474
hosp_f351f8f8cfc00db9,"Kulkarni Hospital, Andheri, Mumbai",kulkarni hospital andheri mumbai,Mumbai,Hospital,Lokhandwala,,19.1484932,72.828145,87608b461ffffff,,3.0,3.0,False,,0.0,0.0,,,,+912071187883,https://www.practo.com/mumbai/hospital/kulkarni-hospital-andheri-mumbai-lokhandwala?referrer=hospital_listing,,VN,practo,,1.0,canonical,607,Q2,,Mid-Market,0.216474
hosp_3dcd6d6e3a2af288,Shreeji Hospital,shreeji hospital,Mumbai,Hospital,Kandivali East,,19.19729,72.872737,87608b475ffffff,,2.0,2.0,True,,600.0,800.0,3.5,14.0,,+912071173188,https://www.practo.com/mumbai/hospital/shreeji-hospital-kandivali-east-1-678252?referrer=hospital_listing,https://images1-fabric.practo.com/practices/678252/shreeji-hospital-mumbai-6672773e85601.png,VN,practo,,1.0,canonical,608,Q2,,Mid-Market,0.216102
hosp_bde89f44884be18f,La' Hair Care Clinic,la hair care clinic,Mumbai,Hospital,Dadar,,19.0209288,72.8487551,87608b0a6ffffff,,1.0,4.0,False,,2500.0,2500.0,,7.0,,+912071173262,https://www.practo.com/mumbai/hospital/la-mer-clinic-dadar-east?referrer=hospital_listing,https://images1-fabric.practo.com/la-hair-care-clinic-mumbai-1456981414-56d7c5a69a439.jpg,VN,practo,,1.0,canonical,609,Q2,,Mid-Market,0.215826
hosp_7425c52803a2ddd8,Aarogyam Ayurvedic Clinic,aarogyam ayurvedic clinic,Mumbai,Hospital,Dadar West,,19.0287007,72.8387668,87608b0a6ffffff,,1.0,1.0,False,1.0,600.0,600.0,4.5,14.0,,+918037298999,https://www.practo.com/mumbai/hospital/aarogyam-ayurvedic-clinc-dadar-branch-dadar-west?referrer=hospital_listing,https://images1-fabric.practo.com/54183f5fe63cde8dbf79b7aeb672c06975becf68a8c31.jpg,VN,practo,,1.0,canonical,610,Q2,,Mid-Market,0.215679
hosp_92fae09893ef8e03,RCF Hospital,rcf hospital,Mumbai,Hospital,Chembur East,,19.04053,72.897213,87608b19affffff,,1.0,4.0,False,,1000.0,1000.0,,2.0,,+912071173182,https://www.practo.com/mumbai/hospital/rcf-hospital-chembur-1?referrer=hospital_listing,https://images1-fabric.practo.com/practices/1153346/rcf-hospital-mumbai-597aa9f275800.JPG,VN,practo,,1.0,canonical,611,Q2,,Mid-Market,0.215489
hosp_59102d4ed3cb3f39,Amrut Nursing Home,amrut nursing home,Mumbai,Hospital,Ghatkopar West,,19.101493,72.911013,87608b54cffffff,,2.0,3.0,False,,500.0,700.0,,7.0,,+912071173185,https://www.practo.com/mumbai/hospital/amrut-nursing-home-ghatkopar-west?referrer=hospital_listing,https://images1-fabric.practo.com/practices/836124/amrut-nursing-home-mumbai-59105cd202e6f.png,VN,practo,,1.0,canonical,612,Q2,,Mid-Market,0.215443
hosp_7d454c9accc94c90,VN Desai Municipal General Hospital,vn desai municipal general hospital,Mumbai,Hospital,Santacruz East,,19.078741,72.8450642,87608b0b3ffffff,,2.0,3.0,False,,10.0,300.0,,3.0,,+912071173224,https://www.practo.com/mumbai/hospital/dr-sunita-goregaon-east?referrer=hospital_listing,,VN,practo,,1.0,canonical,613,Q2,,Mid-Market,0.215173
hosp_98c79010067e85f7,Zen Hospital And Fertility Centre,zen hospital fertility centre,Mumbai,Hospital,Mulund West,,19.172554,72.942537,87608b551ffffff,,2.0,3.0,False,,500.0,800.0,,2.0,,+912071173200,https://www.practo.com/mumbai/hospital/zen-hospital-and-fertility-centre-mulund-west-1?referrer=hospital_listing,https://images1-fabric.practo.com/zen-hospital-and-fertility-centre-mumbai-1456216214-56cc1896468a6.jpg,VN,practo,,1.0,canonical,614,Q2,,Mid-Market,0.215106
hosp_08010322a4186c69,Dr. Sadiwalas Clinic & Hospital,dr sadiwalas clinic hospital,Mumbai,Hospital,Andheri,,19.106985,72.840219,87608b094ffffff,,2.0,3.0,False,,1000.0,1000.0,,,,+912071178179,https://www.practo.com/mumbai/hospital/dr-sadiwalas-clinic-hospital?referrer=hospital_listing,,VN,practo,,1.0,canonical,615,Q2,,Mid-Market,0.214971
hosp_8d782f304676a0a1,Pali Hospital and Nursing Home,pali hospital nursing home,Mumbai,Hospital,Bandra,,19.0572752,72.8298074,87608b0b1ffffff,,2.0,3.0,False,,500.0,1000.0,,,,+912071173175,https://www.practo.com/mumbai/hospital/pali-hospital-and-nursing-home-bandra?referrer=hospital_listing,https://images1-fabric.practo.com/practices/668770/pali-hospital-and-nursing-home-mumbai-6662ec3262289.png,VN,practo,,1.0,canonical,616,Q2,,Mid-Market,0.214971
hosp_bcc0ebc94ceaa2db,Sagar hospital,sagar hospital,Mumbai,Hospital,Deonar,,19.06605,72.91929,87608b568ffffff,,2.0,3.0,False,,0.0,0.0,,,,+912048554749,https://www.practo.com/mumbai/hospital/sagar-hospital-1-deonar?referrer=hospital_listing,,VN,practo,,1.0,canonical,617,Q2,,Mid-Market,0.214971
hosp_728581c610d3c1db,"S L Raheja Fortis Hospital, Mahim West, Mumbai",s l raheja fortis hospital mahim west mumbai,Mumbai,Hospital,Naya Nagar,,19.0462839,72.8426792,87608b0b5ffffff,,2.0,3.0,False,,0.0,0.0,,,,+912048552982,https://www.practo.com/mumbai/hospital/s-l-raheja-fortis-hospital-mahim-west-mumbai-naya-nagar?referrer=hospital_listing,,VN,practo,,1.0,canonical,618,Q2,,Mid-Market,0.214971
hosp_ea726ea9360dff38,Cama And Albless Hospital,cama albless hospital,Mumbai,Hospital,Dhobi Talao,,18.9420761,72.832243,87608b032ffffff,,2.0,3.0,False,,0.0,0.0,,,,+912048556137,https://www.practo.com/mumbai/hospital/cama-and-albless-hospital-dhobi-talao?referrer=hospital_listing,,VN,practo,,1.0,canonical,619,Q2,,Mid-Market,0.214971
hosp_abda31eeb094e6bd,"Sujay Hospital And Research Center, Vile Parle, Mumbai",sujay hospital research center vile parle mumbai,Mumbai,Hospital,DN Nagar,,19.1162027,72.8339944,87608b090ffffff,,2.0,3.0,False,,0.0,0.0,,,,+912071187882,https://www.practo.com/mumbai/hospital/sujay-hospital-and-research-center-vile-parle-mumbai-dn-nagar?referrer=hospital_listing,,VN,practo,,1.0,canonical,620,Q2,,Mid-Market,0.214971
hosp_04d3ac199f80c4d5,Surana Hospital,surana hospital,Mumbai,Hospital,Malad,,19.198593532843425,72.83877611160278,87608b444ffffff,,14.0,11.0,False,,0.0,3000.0,4.0,28.0,,+912071173195,https://www.practo.com/mumbai/hospital/surana-hospital-malad?referrer=hospital_listing,,VN,practo,,1.0,canonical,621,Q2,,Mid-Market,0.214811
hosp_407f39dbe824ebf5,Indira IVF - Fertility and IVF Center,indira ivf fertility ivf center,Mumbai,Hospital,Borivali,,19.224170146216,72.865034937859,87608b473ffffff,,3.0,2.0,False,,500.0,1000.0,,2.0,,+912248930207,https://www.practo.com/mumbai/hospital/indira-ivf-2-borivali?referrer=hospital_listing,https://images1-fabric.practo.com/practices/1317743/indira-ivf-hospital-private-limited-mumbai-603a350a9e213.png,ABS,practo,,1.0,canonical,622,Q2,,Mid-Market,0.214722
hosp_27a3034cb8e171e7,Happy Livin Clinic,happy livin clinic,Mumbai,Hospital,Mulund East,,19.1332352,72.9186304,87608b543ffffff,,3.0,2.0,False,,450.0,1500.0,,2.0,,+912071173200,https://www.practo.com/mumbai/hospital/happylivin-clinic-mulund-west?referrer=hospital_listing,https://images1-fabric.practo.com/practices/700283/happy-livin-clinic-mumbai-5cdee98a73d50.png,VN,practo,,1.0,canonical,623,Q2,,Mid-Market,0.214722
hosp_f1adfc0b530ca91d,"Satyam Hospital, Mumbai",satyam hospital mumbai,Mumbai,Hospital,Ghatkopar West,,19.0927138,72.9123441,87608b56affffff,,3.0,2.0,False,,0.0,0.0,,,,+912071177426,https://www.practo.com/mumbai/hospital/satyam-hospital-mumbai-ghatkopar-west?referrer=hospital_listing,,VN,practo,,1.0,canonical,624,Q2,,Mid-Market,0.214588
hosp_a923beb3e9645929,Asian Heart Institute And Research Centre,asian heart institute research centre,Mumbai,Hospital,Bandra East,,19.0647762,72.8616002,87608b0b0ffffff,,23.0,24.0,True,,1000.0,11200.0,3.5,68.0,,+912071173176,https://www.practo.com/mumbai/hospital/asian-heart-institute-and-research-centre-bandra-east?referrer=hospital_listing,https://images1-fabric.practo.com/practices/677761/asian-heart-hospital-mumbai-5c3ed83af3cd9.png,VN,practo,,1.0,canonical,625,Q2,,Mid-Market,0.214504
hosp_a857fa1c215ca268,Envision eye hospital,envision eye hospital,Mumbai,Hospital,Jogeshwari West,,19.137444816916,72.846693992615,87608b465ffffff,,4.0,1.0,False,,0.0,800.0,,,,+912071173188,https://www.practo.com/mumbai/hospital/envision-eye-hospital-2-jogeshwari-west?referrer=hospital_listing,,VN,practo,,1.0,canonical,626,Q2,,Mid-Market,0.214204
hosp_9279a943fbef604f,Dr. Patel Nursing Home,dr patel nursing home,Mumbai,Hospital,Andheri West,,19.12628,72.822108,87608b093ffffff,,2.0,2.0,False,,0.0,1000.0,,9.0,,+912071173175,https://www.practo.com/mumbai/hospital/dr-patel-nursing-home-andheri-west?referrer=hospital_listing,,VN,practo,,1.0,canonical,627,Q2,,Mid-Market,0.213691
hosp_48439929146c27cd,Sudha Hospital & Polyclinic,sudha hospital polyclinic,Mumbai,Hospital,Bhayandar East,,19.308369027872303,72.85345315933228,87608b4e1ffffff,,1.0,3.0,False,,300.0,300.0,,3.0,,+912071173177,https://www.practo.com/mumbai/hospital/sudha-hospital-polyclinic-bhayander-east-1?referrer=hospital_listing,,VN,practo,,1.0,canonical,628,Q2,,Mid-Market,0.213669
hosp_614b85ac8e7597ed,Dr. Pukale Maternity and Nursing Home,dr pukale maternity nursing home,Mumbai,Hospital,Bhandup West,,19.149523840298,72.932237684727,87608b55cffffff,,2.0,2.0,False,,600.0,600.0,,8.0,,+912071177292,https://www.practo.com/mumbai/hospital/dr-pukale-maternity-and-nursing-home-bhandup-west-1?referrer=hospital_listing,https://images1-fabric.practo.com/dr-pukale-maternity-and-nursing-home-mumbai-1485771933-588f149d20b96.jpeg,VN,practo,,1.0,canonical,629,Q2,,Mid-Market,0.213624
hosp_53f2bc363aedb509,Raj Jyoti Heart Hospital,raj jyoti heart hospital,Mumbai,Hospital,Borivali West,,19.2287362,72.8500151,87608b446ffffff,,2.0,2.0,False,,500.0,1500.0,,8.0,,+912071173178,https://www.practo.com/mumbai/hospital/raj-jyoti-heart-hospital-borivali-west?referrer=hospital_listing,,VN,practo,,1.0,canonical,630,Q2,,Mid-Market,0.213624
hosp_392070efc42ff554,LIFELLINE MEDICARE HOSPITALS PVT LTD.....GOREGAON,lifelline medicare hospitals goregaon,Mumbai,Hospital,Andheri West,,19.17439619022,72.844591140747,87608b463ffffff,,1.0,3.0,False,,800.0,800.0,,2.0,,+912071173175,https://www.practo.com/mumbai/hospital/nemani-hospital-malad-west?referrer=hospital_listing,,VN,practo,,1.0,canonical,631,Q2,,Mid-Market,0.213602
hosp_f07a7a7a3587f4ea,Pais Advanced Eye Care Center,pais advanced eye care center,Mumbai,Hospital,Goregaon West,,19.167866959989,72.845852986011,87608b460ffffff,,1.0,3.0,False,,800.0,800.0,,2.0,,+912071189377,https://www.practo.com/mumbai/hospital/dr-pai-hospital-first-floor-pagrav-bld-svrd-goregaon-w-goregaon-west?referrer=hospital_listing,https://images1-fabric.practo.com/practices/1272632/pais-advanced-eye-care-center-mumbai-5df9d0ed70e99.png,VN,practo,,1.0,canonical,632,Q2,,Mid-Market,0.213602
hosp_a6fea665decd091e,Chowpatty Maternity & Gynaecological Hospital,chowpatty maternity gynaecological hospital,Mumbai,Hospital,Charni Road,,18.95516243544,72.814194580788,87608b014ffffff,,2.0,2.0,False,,1500.0,1500.0,,6.0,,+912071173197,https://www.practo.com/mumbai/hospital/purandare-gynaecology-and-maternity-hospital-marine-drive?referrer=hospital_listing,https://images1-fabric.practo.com/practices/730911/chowpatty-maternity-gynaecological-hospital-mumbai-5b6ebd14d3649.JPG,VN,practo,,1.0,canonical,633,Q2,,Mid-Market,0.213489
hosp_acde63ddbd0de7f5,Lifespan Diabetes Clinics,lifespan diabetes clinics,Mumbai,Hospital,Andheri,,19.128662,72.831877,87608b092ffffff,,2.0,2.0,False,5.0,1000.0,1000.0,,6.0,,+912249398287,https://www.practo.com/mumbai/hospital/lifespan-diabetes-clinic-andheri-andheri?referrer=hospital_listing,https://images1-fabric.practo.com/lifespan-diabetes-clinic-andheri-mumbai-1459240464-56fa3e10b02f5.jpg,VN,practo,,1.0,canonical,634,Q2,,Mid-Market,0.213489
hosp_5ba9b48dfe7af19e,Nayak Medicare - Nursing Home,nayak medicare nursing home,Mumbai,Hospital,Chembur East,,19.045643789245215,72.9026435315609,87608b56dffffff,,1.0,3.0,False,,400.0,400.0,,,,+912071173181,https://www.practo.com/mumbai/hospital/nayak-medicare-chembur-east?referrer=hospital_listing,,VN,practo,,1.0,canonical,635,Q2,,Mid-Market,0.213467
hosp_ef6ed254db71a261,Aasha  Fertility Centre,aasha fertility centre,Mumbai,Hospital,Borivali West,,19.235011,72.841529,87608b442ffffff,,1.0,3.0,False,,500.0,500.0,,,,+912071173179,https://www.practo.com/mumbai/hospital/aasha-fertility-centre-dr-rajendra-nursing-home-borivali-west?referrer=hospital_listing,https://images1-fabric.practo.com/aasha-fertility-centre-dr-rajendra-nursing-home-mumbai-1439410289-55cba87123f5b.jpg,VN,practo,,1.0,canonical,636,Q2,,Mid-Market,0.213467
hosp_50a69744377a9926,Navjeevan Hospital ,navjeevan hospital,Mumbai,Hospital,Ghatkopar East,,19.08048645079187,72.9042753811667,87608b56bffffff,,1.0,3.0,False,,1500.0,1500.0,,,,+912071173184,https://www.practo.com/mumbai/hospital/navjeevan-hospital-ghatkopar-east?referrer=hospital_listing,,VN,practo,,1.0,canonical,637,Q2,,Mid-Market,0.213467
hosp_e8eb09361c9c68ce,Bakson's Homoeopathic Centre for Allergy,bakson s homoeopathic centre for allergy,Mumbai,Hospital,Mulund,,19.172553,72.942538,87608b551ffffff,,1.0,3.0,False,,0.0,0.0,,,,+912071179000,https://www.practo.com/mumbai/hospital/bakson-s-homoeopathic-centre-for-allergy-mulund?referrer=hospital_listing,https://images1-fabric.practo.com/bakson-s-homoeopathic-centre-for-allergy-mumbai-1479384787-582d9ed39369d.jpeg,VN,practo,,1.0,canonical,638,Q2,,Mid-Market,0.213467
hosp_19eaa55ba82115ec,Dr. Vaze Hospital,dr vaze hospital,Mumbai,Hospital,Dadar,,19.0240029,72.8362789,87608b0a6ffffff,,1.0,3.0,False,,1000.0,1000.0,,,,+912071173182,https://www.practo.com/mumbai/hospital/dr-nikam-s-clinic-dadar?referrer=hospital_listing,,VN,practo,,1.0,canonical,639,Q2,,Mid-Market,0.213467
hosp_0397a450b16c8372,"Life Care Hospital, Mumbai",life care hospital mumbai,Mumbai,Hospital,Sion Circle,,19.0479153,72.8577599,87608b0b5ffffff,,1.0,3.0,False,,0.0,0.0,,,,+912048552992,https://www.practo.com/mumbai/hospital/life-care-hospital-mumbai-sion-circle?referrer=hospital_listing,,VN,practo,,1.0,canonical,640,Q2,,Mid-Market,0.213467
hosp_6808a837c28aad17,Dhanvantari Hospital,dhanvantari hospital,Mumbai,Hospital,Vileparle,,19.0965281,72.8417534,87608b094ffffff,,1.0,3.0,False,,0.0,0.0,,,,+912071171708,https://www.practo.com/mumbai/hospital/dhanvantari-hospital-1-vileparle?referrer=hospital_listing,,VN,practo,,1.0,canonical,641,Q2,,Mid-Market,0.213467
hosp_a3e672c9c1d2d5a3,"Kripa Hospital, Mumbai",kripa hospital mumbai,Mumbai,Hospital,Seven Bungalows,,19.1292246,72.8158026,87608b093ffffff,,1.0,3.0,False,,0.0,0.0,,,,+912071171227,https://www.practo.com/mumbai/hospital/kripa-hospital-mumbai-seven-bungalows?referrer=hospital_listing,,VN,practo,,1.0,canonical,642,Q2,,Mid-Market,0.213467
hosp_861a0ba4803eb1dd, Jeevak Hospital,jeevak hospital,Mumbai,Hospital,Dadar East,,,,,,2.0,2.0,False,,0.0,1500.0,,5.0,,+912071173183,https://www.practo.com/mumbai/hospital/jeevak-hospital-dadar-east?referrer=hospital_listing,,VN,practo,,0.6,canonical,643,Q2,,Mid-Market,0.213421
hosp_00fd621cefc6b229,Lakshmi Nursing Home,lakshmi nursing home,Mumbai,Hospital,Mulund West,,19.17007,72.9534789,87608b551ffffff,,2.0,2.0,False,,700.0,700.0,,5.0,,+912071173200,https://www.practo.com/mumbai/hospital/lakshmi-nursing-home-mulund-west?referrer=hospital_listing,,VN,practo,,1.0,canonical,644,Q2,,Mid-Market,0.213421
hosp_c48c00b0ddc33128,Sai Aashirwad Hospital,sai aashirwad hospital,Mumbai,Hospital,Bhayandar East,,19.309873,72.856001,87608b4e1ffffff,,2.0,2.0,False,,400.0,500.0,,4.0,,+912071173177,https://www.practo.com/mumbai/hospital/sai-ashirwaad-hospital-bhayander-east?referrer=hospital_listing,,VN,practo,,1.0,canonical,645,Q2,,Mid-Market,0.213354
hosp_4603d2b2c704f211,Shroff Eye Hospital,shroff eye hospital,Mumbai,Hospital,Bandra West,,19.075984,72.877656,87608b0b6ffffff,,2.0,2.0,False,,0.0,0.0,,4.0,,+912071173176,https://www.practo.com/mumbai/hospital/shroff-eye-hospital-bandra-west?referrer=hospital_listing,,VN,practo,,1.0,canonical,646,Q2,,Mid-Market,0.213354
hosp_34a68ec90cf0e414,Vardaan Multispeciality Hospital ,vardaan multispeciality hospital,Mumbai,Hospital,Kandivali West,,,,,,2.0,2.0,False,,0.0,600.0,,2.0,,+912071173190,https://www.practo.com/mumbai/hospital/vardaan-multispeciality-hospital-kandivali-west?referrer=hospital_listing,,VN,practo,,0.6,canonical,647,Q2,,Mid-Market,0.213219
hosp_141ea3047fd2c8ac,Purandare Hospital,purandare hospital,Mumbai,Hospital,Girgaon,,18.9551011,72.8141954,87608b014ffffff,,2.0,2.0,False,,700.0,1000.0,,,,+912071173186,https://www.practo.com/mumbai/hospital/purandare-hospital-girgaon?referrer=hospital_listing,,VN,practo,,1.0,canonical,648,Q2,,Mid-Market,0.213084
hosp_68dc323969fd6abb,ACRO at Nanavati Super Speciality Hospital,acro nanavati super speciality hospital,Mumbai,Hospital,SV Road,,19.099876880710923,72.84206449985504,87608b094ffffff,,2.0,2.0,False,,0.0,2000.0,,,,+912071173225,https://www.practo.com/mumbai/hospital/acro-at-nanavati-super-speciality-hospital-sv-road?referrer=hospital_listing,https://images1-fabric.practo.com/acro-at-nanavati-super-speciality-hospital-mumbai-1465387025-57580811bbdec.png,VN,practo,,1.0,canonical,649,Q2,,Mid-Market,0.213084
hosp_e02de266a01e7527,Prashanti Eye And diabetic Centre And hospital,prashanti eye diabetic centre hospital,Mumbai,Hospital,Santacruz,,19.076277,72.8654,87608b0b6ffffff,,2.0,2.0,False,,800.0,1000.0,,,,+912071173224,https://www.practo.com/mumbai/hospital/prashanti-eye-and-diabetic-centre-and-hospital?referrer=hospital_listing,,VN,practo,,1.0,canonical,650,Q2,,Mid-Market,0.213084
hosp_7839f5d6ecf0b022,Alhad Hospital,alhad hospital,Mumbai,Hospital,Palghar,,,,,,2.0,2.0,False,,0.0,500.0,,,,+912071173201,https://www.practo.com/mumbai/hospital/alhad-hospital-palghar?referrer=hospital_listing,,VN,practo,,0.6,canonical,651,Q2,,Mid-Market,0.213084
hosp_1da4870533063ac1,Sai Sparsh Hospital,sai sparsh hospital,Mumbai,Hospital,Borivali West,,,,,,2.0,2.0,False,,0.0,500.0,,,,+912071173179,https://www.practo.com/mumbai/hospital/sai-eswar-hospital-borivali-west?referrer=hospital_listing,,VN,practo,,0.6,canonical,652,Q2,,Mid-Market,0.213084
hosp_90a7b38bf237ad52,Sujay Hospital,sujay hospital,Mumbai,Hospital,Juhu,,19.10575693773148,72.83673763275146,87608b094ffffff,,2.0,2.0,False,,0.0,1000.0,,,,+912071173188,https://www.practo.com/mumbai/hospital/sujay-hospital-juhu-2?referrer=hospital_listing,,VN,practo,,1.0,canonical,653,Q2,,Mid-Market,0.213084
hosp_fc40b7442b17995a,Sun Superspeciality Hospital,sun superspeciality hospital,Mumbai,Hospital,Borivali West,,19.233890140493624,72.8563928604126,87608b455ffffff,,2.0,2.0,False,,0.0,1500.0,,,,+912071173179,https://www.practo.com/mumbai/hospital/anand-nursing-home-dahisar-east?referrer=hospital_listing,,VN,practo,,1.0,canonical,654,Q2,,Mid-Market,0.213084
hosp_bc1153b52fe08be1,Sengol Hospital,sengol hospital,Mumbai,Hospital,Wadala,,19.0220859,72.862578,87608b19bffffff,,2.0,2.0,False,,0.0,0.0,,,,+912071177430,https://www.practo.com/mumbai/hospital/sengol-hospital-wadala-1?referrer=hospital_listing,,VN,practo,,1.0,canonical,655,Q2,,Mid-Market,0.213084
hosp_43958b5f01b5f4df,Kalpana Hospital,kalpana hospital,Mumbai,Hospital,Malad,,19.188268,72.8535326,87608b462ffffff,,2.0,2.0,False,,0.0,0.0,,,,+912048553258,https://www.practo.com/mumbai/hospital/kalpana-hospital-5-malad?referrer=hospital_listing,,VN,practo,,1.0,canonical,656,Q2,,Mid-Market,0.213084
hosp_8578d6930c36048d,Cooper Municipal Hospital,cooper municipal hospital,Mumbai,Hospital,Vileparle West,,19.1077949,72.8362337,87608b094ffffff,,2.0,2.0,False,,0.0,0.0,,,,+912071171706,https://www.practo.com/mumbai/hospital/cooper-municipal-hospital-vileparle-west?referrer=hospital_listing,,VN,practo,,1.0,canonical,657,Q2,,Mid-Market,0.213084
hosp_ac6f60588cfad601,Sanjeevani Hospital,sanjeevani hospital,Mumbai,Hospital,Kandivali East,,19.2116644,72.8694402,87608b471ffffff,,2.0,2.0,False,,0.0,0.0,,,,+912071189377,https://www.practo.com/mumbai/hospital/sanjeevani-hospital-1-kandivali-east?referrer=hospital_listing,,VN,practo,,1.0,canonical,658,Q2,,Mid-Market,0.213084
hosp_9158b0bf46fab3ac,"DNA Super Speciality Hospital, Malad",dna super speciality hospital malad,Mumbai,Hospital,Malad East,,19.1799511,72.8599644,87608b462ffffff,,2.0,2.0,False,,0.0,0.0,,,,+912048553262,https://www.practo.com/mumbai/hospital/dna-super-speciality-hospital-malad-malad-east?referrer=hospital_listing,,VN,practo,,1.0,canonical,659,Q2,,Mid-Market,0.213084
hosp_2defffb930bf0dd8,Sagar Hospital,sagar hospital,Mumbai,Hospital,Mankhurd,,19.0525221,72.9355086,87608b56cffffff,,2.0,2.0,False,,0.0,0.0,,,,+912048553252,https://www.practo.com/mumbai/hospital/sagar-hospital-1-mankhurd-1?referrer=hospital_listing,,VN,practo,,1.0,canonical,660,Q2,,Mid-Market,0.213084
hosp_1239722225bb4144,"Babasaheb Gawde Hospital, Mumbai",babasaheb gawde hospital mumbai,Mumbai,Hospital,Vileparle,,19.0997922,72.8462816,87608b094ffffff,,2.0,2.0,False,,0.0,0.0,,,,+912048552973,https://www.practo.com/mumbai/hospital/babasaheb-gawde-hospital-mumbai-vileparle?referrer=hospital_listing,,VN,practo,,1.0,canonical,661,Q2,,Mid-Market,0.213084
hosp_2d8b62fa86c58a7b,Sai Siddhi Hospital,sai siddhi hospital,Mumbai,Hospital,Kandivali East,,,,,,2.0,2.0,False,,400.0,500.0,,,,+912071173189,https://www.practo.com/mumbai/hospital/sai-siddhi-hospital-1?referrer=hospital_listing,,VN,practo,,0.6,canonical,662,Q2,,Mid-Market,0.213084
hosp_263b1c709a76e3df,Richfeel Trichology Centre,richfeel trichology centre,Mumbai,Hospital,Malad West,,19.191402,72.832346,87608b445ffffff,,2.0,2.0,False,13.0,0.0,450.0,,,,+912071173196,https://www.practo.com/mumbai/hospital/richfeel-trichology-centre-malad-west?referrer=hospital_listing,https://images1-fabric.practo.com/practices/759020/richfeel-trichology-centre-mumbai-5c18dd21e22bb.jpg,VN,practo,,1.0,canonical,663,Q2,,Mid-Market,0.213084
hosp_85702d33c99a7665,Anjali Mukerjee Health Total,anjali mukerjee health total,Mumbai,Hospital,Mulund West,,19.173126947552948,72.9420518875122,87608b55effffff,,2.0,2.0,False,14.0,0.0,0.0,,,,+912071179000,https://www.practo.com/mumbai/hospital/anjali-mukerjee-health-total-mulund-west?referrer=hospital_listing,https://images1-fabric.practo.com/anjali-mukerjee-health-total-mumbai-1477569878-5811ed568f84a.png,VN,practo,,1.0,canonical,664,Q2,,Mid-Market,0.213084
hosp_9e6a01f8769324f4,Anjali Mukerjee Health Total,anjali mukerjee health total,Mumbai,Hospital,Malad West,,19.1398557,72.8338989,87608b092ffffff,,2.0,2.0,False,14.0,0.0,0.0,,,,+912071179000,https://www.practo.com/mumbai/hospital/anjali-mukerjee-health-total-malad-west?referrer=hospital_listing,https://images1-fabric.practo.com/anjali-mukerjee-health-total-mumbai-1477574426-5811ff1a8481b.png,VN,practo,,1.0,canonical,665,Q2,,Mid-Market,0.213084
hosp_d2466c9783f8bccc,Pramukh Swami Eye Hospital,pramukh swami eye hospital,Mumbai,Hospital,Matunga,,19.0498703,72.8694269,87608b0b4ffffff,,3.0,1.0,False,,0.0,1500.0,,,,+912071173198,https://www.practo.com/mumbai/hospital/pramukh-swami-eye-hospital?referrer=hospital_listing,,VN,practo,,1.0,canonical,666,Q2,,Mid-Market,0.212701
hosp_1b5892b5d5c5ec7a,"Envision Eye Hospital, Mumbai",envision eye hospital mumbai,Mumbai,Hospital,Jogeshwari West,,19.1373059,72.8466092,87608b465ffffff,,3.0,1.0,False,,0.0,800.0,,,,+918037298998,https://www.practo.com/mumbai/hospital/envision-eye-hospital-mumbai-jogeshwari-west?referrer=hospital_listing,,VN,practo,,1.0,canonical,667,Q2,,Mid-Market,0.212701
hosp_94a65e93c79ebe10,"Nayanam Eye Hospital, Mumbai",nayanam eye hospital mumbai,Mumbai,Hospital,Orlem Malad,,19.1951084,72.8340496,87608b444ffffff,,3.0,1.0,False,,0.0,0.0,,,,+918037298995,https://www.practo.com/mumbai/hospital/nayanam-eye-hospital-mumbai-orlem-malad?referrer=hospital_listing,,VN,practo,,1.0,canonical,668,Q2,,Mid-Market,0.212701
hosp_f3b7a57ebd29c8ee,Pragati Multispeciality Hospital,pragati multispeciality hospital,Mumbai,Hospital,Dahisar East,,19.253625935313636,72.86215525120495,87608b454ffffff,,1.0,2.0,False,,0.0,0.0,,8.0,,+912071173184,https://www.practo.com/mumbai/hospital/svasti-health-borivali-east?referrer=hospital_listing,https://images1-fabric.practo.com/practices/724367/svasti-health-mumbai-5999d66ae8a1d.jpg,VN,practo,,1.0,canonical,669,Q2,,Mid-Market,0.21212
hosp_a8bab280ae5a4598,Infiniti Eye Hospital,infiniti eye hospital,Mumbai,Hospital,Opera House,,,,,,1.0,2.0,False,,700.0,700.0,,8.0,,+912071173201,https://www.practo.com/mumbai/hospital/infiniti-eye-hospital-opera-house?referrer=hospital_listing,,VN,practo,,0.6,canonical,670,Q2,,Mid-Market,0.21212
hosp_1ce83a4c53ef28d9,Dr. Gupte Surgical Hospital,dr gupte surgical hospital,Mumbai,Hospital,Khar West,,19.070477453276037,72.83557989067597,87608b0b3ffffff,,1.0,2.0,False,,1000.0,1000.0,,7.0,,+912071173193,https://www.practo.com/mumbai/hospital/dr-gupte-surgical-hospital-khar-west?referrer=hospital_listing,,VN,practo,,1.0,canonical,671,Q2,,Mid-Market,0.212052
hosp_8554b172f25ede50,Suyog Hospital & ICCU,suyog hospital iccu,Mumbai,Hospital,Mulund West,,19.166261213967,72.94995799195,87608b551ffffff,,1.0,2.0,False,,1000.0,1000.0,,6.0,,+912249398291,https://www.practo.com/mumbai/hospital/suyog-hospital-iccu-mulund-west?referrer=hospital_listing,https://images1-fabric.practo.com/gastrocare-suyog-hospital-iccu-mumbai-1486734864-589dc610308ab.png,VN,practo,,1.0,canonical,672,Q2,,Mid-Market,0.211985
hosp_ea5f0270cb0325b5,Pramukhswami Eye Hospital,pramukhswami eye hospital,Mumbai,Hospital,Chunabhatti,,19.0519481,72.8687725,87608b0b4ffffff,,1.0,2.0,False,,0.0,80.0,,5.0,,+912071173182,https://www.practo.com/mumbai/hospital/pramukhswami-eye-hospital-chunabhatti?referrer=hospital_listing,,VN,practo,,1.0,canonical,673,Q2,,Mid-Market,0.211917
hosp_02ea3c1c043fe505,Shanti Nursing Home & Multi-Speciality Hospital,shanti nursing home multi speciality hospital,Mumbai,Hospital,Bandra West,,19.05113533577,72.838025093079,87608b0b1ffffff,,1.0,2.0,False,,500.0,1500.0,,4.0,,+912071173176,https://www.practo.com/mumbai/hospital/shanti-nursing-home-multispeciality-hospital-bandra-west?referrer=hospital_listing,,VN,practo,,1.0,canonical,674,Q2,,Mid-Market,0.21185
hosp_15a4d689aff63a36,Tirupati Hospital,tirupati hospital,Mumbai,Hospital,Kandivali East,,19.2064278,72.864924,87608b471ffffff,,1.0,2.0,False,,100.0,700.0,,4.0,,+912071173188,https://www.practo.com/mumbai/hospital/tirupati-hospital-kandivali-east?referrer=hospital_listing,,VN,practo,,1.0,canonical,675,Q2,,Mid-Market,0.21185
hosp_79caf797d94bee93,Dr. J. M. Purandare Hospital,dr j m purandare hospital,Mumbai,Hospital,Dadar,,19.0249823097537,72.8392585739493,87608b0a6ffffff,,1.0,2.0,False,,1000.0,1000.0,,3.0,,+912071172687,https://www.practo.com/mumbai/hospital/dr-j-m-purandare-hospital-dadar?referrer=hospital_listing,https://images1-fabric.practo.com/practices/1143286/dr-j-m-purandare-hospital-mumbai-5b7e6f684406a.jpg,ABS,practo,,1.0,canonical,676,Q2,,Mid-Market,0.211782
hosp_539fd3e1c95fe74a,MIRA Hospital and IVF Centre,mira hospital ivf centre,Mumbai,Hospital,Bhayandar West,,19.29258484316,72.850353866816,87608b4ecffffff,,1.0,2.0,False,,1200.0,1200.0,,3.0,,+912067325817,https://www.practo.com/mumbai/hospital/mira-hospital-and-ivf-centre-bhayandar-west?referrer=hospital_listing,https://images1-fabric.practo.com/practices/1158762/mira-hospital-and-ivf-centre-mumbai-59c1e4fc2583b.jpg,active,practo,,1.0,canonical,677,Q2,,Mid-Market,0.211782
hosp_49c63d0ed3d93dbf,Sai Baba Hospital,sai baba hospital,Mumbai,Hospital,Mira Road,,19.2821659,72.8765365,87608b456ffffff,,1.0,2.0,False,,400.0,400.0,,2.0,,+912071173199,https://www.practo.com/mumbai/hospital/baba-saheb-ambekar-municipal-hospital-kandivali-west?referrer=hospital_listing,,VN,practo,,1.0,canonical,678,Q1,,Economy,0.211715
hosp_d8dc506e566b5bf5,Kirti Nursing Home,kirti nursing home,Mumbai,Hospital,Kandivali West,,19.222553,72.829106,87608b440ffffff,,2.0,1.0,False,,400.0,600.0,,7.0,,+912071173189,https://www.practo.com/mumbai/hospital/kirti-nursing-home-kandivali-west?referrer=hospital_listing,,VN,practo,,1.0,canonical,679,Q1,,Economy,0.211669
hosp_bc5ed394629f4d5c,Jupiter Hospital & Diagnostic Centre,jupiter hospital diagnostic centre,Mumbai,Hospital,Trombay,,19.040174,72.948188,87608b192ffffff,,1.0,2.0,False,,100.0,100.0,,,,+912071173226,https://www.practo.com/mumbai/hospital/jupiter-hospital-2-trombay?referrer=hospital_listing,,active,practo,,1.0,canonical,680,Q1,,Economy,0.21158
hosp_178351769c4b6b1f,Shankar Netrika Eye Centre,shankar netrika eye centre,Mumbai,Hospital,Lal baug,,18.9899416,72.8412195,87608b18bffffff,,1.0,2.0,False,,500.0,500.0,,,,+912071187887,https://www.practo.com/mumbai/hospital/shankar-neyra-eye-hospital?referrer=hospital_listing,,VN,practo,,1.0,canonical,681,Q1,,Economy,0.21158
hosp_50706b7e7b316a8e,Santrupti Hospital And Maternity Care,santrupti hospital maternity care,Mumbai,Hospital,Chunabhatti,,19.051654,72.868994,87608b0b4ffffff,,1.0,2.0,False,,200.0,200.0,,,,+912071173182,https://www.practo.com/mumbai/hospital/santrupti-hospital-and-maternity-care?referrer=hospital_listing,,VN,practo,,1.0,canonical,682,Q1,,Economy,0.21158
hosp_6e7a04e00088a645,Mahalaxmi Clinic and MataLachmi Hospital,mahalaxmi clinic matalachmi hospital,Mumbai,Hospital,Sion,,19.03564140596122,72.85798408091068,87608b19bffffff,,1.0,2.0,False,,1000.0,1000.0,,,,+912071173225,https://www.practo.com/mumbai/hospital/mahalaxmi-clinic-sion?referrer=hospital_listing,,VN,practo,,1.0,canonical,683,Q1,,Economy,0.21158
hosp_38763e5a4d5ccf58,Dr Dahiphale Multi Speciality Hospital,dr dahiphale multi speciality hospital,Mumbai,Hospital,Dadar East,,19.013076,72.846739,87608b0a6ffffff,,1.0,2.0,False,,1000.0,1000.0,,,,+912071189376,https://www.practo.com/mumbai/hospital/dr-dahiphale-multi-speciality-hospital-dadar-east?referrer=hospital_listing,https://images1-fabric.practo.com/practices/1245430/dr-dahiphale-multi-speciality-hospital-mumbai-5c7697a3555e9.png,VN,practo,,1.0,canonical,684,Q1,,Economy,0.21158
hosp_d649cb32aa75aee4,Siddhi Surgical Hospital,siddhi surgical hospital,Mumbai,Hospital,Borivali East,,,,,,1.0,2.0,False,,800.0,800.0,,,,+912248932501,https://www.practo.com/mumbai/hospital/siddhi-surgical-hospital-borivali-east-1?referrer=hospital_listing,,VN,practo,,0.6,canonical,685,Q1,,Economy,0.21158
hosp_4aefd5e59f14cbf7,PrakashJyot Hospital & I.C.C.U.,prakashjyot hospital i c c u,Mumbai,Hospital,Govandi,,19.0528055,72.9153971,87608b56dffffff,,1.0,2.0,False,,0.0,0.0,,,,+912071177426,https://www.practo.com/mumbai/hospital/prakashjyot-hospital-i-c-c-u-govandi?referrer=hospital_listing,,VN,practo,,1.0,canonical,686,Q1,,Economy,0.21158
hosp_9d12b19f1873619f,Topiwala National Medical College & B. Y. L. Nair Charitable Hospital,topiwala national medical college b y l nair charitable hospital,Mumbai,Hospital,Mumbai Central,,18.9727219,72.8212488,87608b016ffffff,,1.0,2.0,False,,0.0,0.0,,,,+912071187882,https://www.practo.com/mumbai/hospital/topiwala-national-medical-college-b-y-l-nair-charitable-hospital-mumbai-central?referrer=hospital_listing,,VN,practo,,1.0,canonical,687,Q1,,Economy,0.21158
hosp_f1fcf17e30d96f02,"Pragati Multispeciality Hospital, Mumbai",pragati multispeciality hospital mumbai,Mumbai,Hospital,Dahisar,,19.2537127,72.8622236,87608b454ffffff,,1.0,2.0,False,,0.0,0.0,,,,+912048556760,https://www.practo.com/mumbai/hospital/pragati-multispeciality-hospital-mumbai-dahisar?referrer=hospital_listing,,VN,practo,,1.0,canonical,688,Q1,,Economy,0.21158
hosp_d27785d3fc15c8e3,"Srv Hospital, Chembur, Mumbai",srv hospital chembur mumbai,Mumbai,Hospital,Tilak Nagar,,19.0673839,72.892714,87608b569ffffff,,1.0,2.0,False,,0.0,0.0,,,,+912071533870,https://www.practo.com/mumbai/hospital/srv-hospital-chembur-mumbai-tilak-nagar?referrer=hospital_listing,,VN,practo,,1.0,canonical,689,Q1,,Economy,0.21158
hosp_e3f300ffa55442ec,"K K Speciality Clinic And Hospital, Mumbai",k k speciality clinic hospital mumbai,Mumbai,Hospital,Dahisar,,19.2455956,72.8606729,87608b455ffffff,,1.0,2.0,False,,0.0,0.0,,,,+912048552983,https://www.practo.com/mumbai/hospital/k-k-speciality-clinic-and-hospital-mumbai-dahisar?referrer=hospital_listing,,VN,practo,,1.0,canonical,690,Q1,,Economy,0.21158
hosp_b5606f47a216f5e2,Nobel Hospital,nobel hospital,Mumbai,Hospital,Kandivali West,,19.206399,72.8392806,87608b444ffffff,,1.0,2.0,False,,0.0,0.0,,,,+912048553259,https://www.practo.com/mumbai/hospital/nobel-hospital-2-kandivali-west?referrer=hospital_listing,,VN,practo,,1.0,canonical,691,Q1,,Economy,0.21158
hosp_52dd75e5d97692fc,"Pramukh Swami Eye Hospital, Mumbai",pramukh swami eye hospital mumbai,Mumbai,Hospital,Chunabhatti,,19.0494017,72.8696046,87608b0b4ffffff,,1.0,2.0,False,,0.0,0.0,,,,+912048552218,https://www.practo.com/mumbai/hospital/pramukh-swami-eye-hospital-mumbai-chunabhatti?referrer=hospital_listing,,VN,practo,,1.0,canonical,692,Q1,,Economy,0.21158
hosp_20f80e9fabdc2bcc,Indira IVF Hospital,indira ivf hospital,Mumbai,Hospital,Borivali East,,19.2239,72.8649,87608b473ffffff,,1.0,2.0,False,,500.0,500.0,,,,+912071172550,https://www.practo.com/mumbai/hospital/indira-ivf-hospital-borivali-east?referrer=hospital_listing,,VN,practo,,1.0,canonical,693,Q1,,Economy,0.21158
hosp_39c94ba4c0551028,"Srv Hospital, Goregaon, Mumbai",srv hospital goregaon mumbai,Mumbai,Hospital,Western Express Highway,,19.1589708,72.8492072,87608b460ffffff,,1.0,2.0,False,,1500.0,1500.0,,,,+912048553064,https://www.practo.com/mumbai/hospital/srv-hospital-goregaon-mumbai-western-express-highway?referrer=hospital_listing,,VN,practo,,1.0,canonical,694,Q1,,Economy,0.21158
hosp_f0b7e7a2b69c5684,Sahu Eye Hospital Branch of Kamal Netralaya Pvt. Ltd,sahu eye hospital branch kamal netralaya,Mumbai,Hospital,Malad West,,19.191853,72.84271,87608b444ffffff,,2.0,1.0,False,,0.0,1000.0,,4.0,,+912071173196,https://www.practo.com/mumbai/hospital/sahu-eye-hospital-branch-of-kamal-netralaya-pvt-ltd-malad-west?referrer=hospital_listing,,VN,practo,,1.0,canonical,695,Q1,,Economy,0.211467
hosp_c1b79cd83faebf55,Yashadaa Hospital,yashadaa hospital,Mumbai,Hospital,Bhandup West,,19.151674,72.936044,87608b55cffffff,,2.0,1.0,False,,1000.0,1000.0,,3.0,,+912048552218,https://www.practo.com/mumbai/hospital/yashadaa-hospital-bhandup-west?referrer=hospital_listing,https://images1-fabric.practo.com/practices/1242518/yashadaa-hospital-mumbai-5c63c23c433ce.png,VN,practo,,1.0,canonical,696,Q1,,Economy,0.211399
hosp_4be6c2e02fde13c7,Sanjeevani Maternity,sanjeevani maternity,Mumbai,Hospital,Mira Road,,19.283635,72.8642216,87608b452ffffff,,2.0,1.0,False,,0.0,500.0,,,,+912071173199,https://www.practo.com/mumbai/hospital/sanjeevani-maternity-mira-road?referrer=hospital_listing,,VN,practo,,1.0,canonical,697,Q1,,Economy,0.211197
hosp_b9dceb5c68392962,Sahu Eye Hospital,sahu eye hospital,Mumbai,Hospital,Malad West,,19.179253507436,72.837619781567,87608b463ffffff,,2.0,1.0,False,,600.0,1000.0,,,,+912071173197,https://www.practo.com/mumbai/hospital/sahu-eye-hospital-malad-west-1?referrer=hospital_listing,,VN,practo,,1.0,canonical,698,Q1,,Economy,0.211197
hosp_68f2db791c109f31,"Womens Hospital, Mumbai",womens hospital mumbai,Mumbai,Hospital,Pali,,19.0692867,72.8306318,87608b086ffffff,,2.0,1.0,False,,0.0,0.0,,,,+912071177437,https://www.practo.com/mumbai/hospital/womens-hospital-mumbai-pali?referrer=hospital_listing,,VN,practo,,1.0,canonical,699,Q1,,Economy,0.211197
hosp_d3ac59afa7f9b991,Ashok Dental Hospital,ashok dental hospital,Mumbai,Hospital,Jogeshwari East,,19.135989,72.858206,87608b54bffffff,,2.0,1.0,False,,100.0,100.0,,,,+912071173187,https://www.practo.com/mumbai/hospital/ashok-dental-hospital-jogeshwari-east?referrer=hospital_listing,,VN,practo,,1.0,canonical,700,Q1,,Economy,0.211197
hosp_d4319482810e5c8f,Richfeel Trichology Centre,richfeel trichology centre,Mumbai,Hospital,Oshiwara,,19.147347,72.831094,87608b461ffffff,,2.0,1.0,False,13.0,450.0,808.0,,,,+912071173201,https://www.practo.com/mumbai/hospital/richfeel-trichology-centre-oshiwara?referrer=hospital_listing,https://images1-fabric.practo.com/practices/759087/richfeel-trichology-centre-mumbai-5c18dd2f4f51a.jpg,VN,practo,,1.0,canonical,701,Q1,,Economy,0.211197
hosp_54ccd6c2ef39f7a0,Dr.Sachdev's Dental Clinic,dr sachdev s dental clinic,Mumbai,Hospital,Mulund West,,19.178485061189004,72.94521689414978,87608b553ffffff,,2.0,1.0,False,,0.0,0.0,,,,+912071173199,https://www.practo.com/mumbai/hospital/dr-sachdev-s-multispeciality-dental-clinic-mulund-west?referrer=hospital_listing,https://images1-fabric.practo.com/54f57482a98f9bdaaa289103241b277f01e191a49183f.jpg,VN,practo,,1.0,canonical,702,Q1,,Economy,0.211197
hosp_499bd172c6b9424f,Ramakrishna Mission Hospital,ramakrishna mission hospital,Mumbai,Hospital,Khar West,,19.0688688,72.8364808,87608b0b3ffffff,,10.0,13.0,True,,0.0,300.0,3.5,33.0,,+912071173190,https://www.practo.com/mumbai/hospital/ramakrishna-mission-hospital-khar-west?referrer=hospital_listing,https://images1-fabric.practo.com/practices/679337/ramakrishna-mission-hospital-mumbai-66585602443ef.png,VN,practo,,1.0,canonical,703,Q1,,Economy,0.210986
hosp_dfe6d71256f2306c,Samartha Maternity And Multispeciality Hospital,samartha maternity multispeciality hospital,Mumbai,Hospital,Ghatkopar East,,19.081238247486,72.904109155906,87608b56bffffff,,1.0,1.0,False,,0.0,0.0,,9.0,,+912048553260,https://www.practo.com/mumbai/hospital/samartha-maternity-and-multispeciality-hospital-ghatkopar-east?referrer=hospital_listing,https://images1-fabric.practo.com/practices/1237289/samartha-maternity-and-multispeciality-hospital-mumbai-5c51406d27fba.jpg,active,practo,,1.0,canonical,704,Q1,,Economy,0.2103
hosp_474012b76cb61ff8,neel orthopaedic superspecialty hospital,neel orthopaedic superspecialty hospital,Mumbai,Hospital,Bhayandar East,,19.305872,72.857537,87608b4e1ffffff,,1.0,1.0,False,,200.0,200.0,,9.0,,+912071173177,https://www.practo.com/mumbai/hospital/neel-orthopaedic-superspecialty-hospital-bhayandar-east?referrer=hospital_listing,,VN,practo,,1.0,canonical,705,Q1,,Economy,0.2103
hosp_2ca3975547baa429,Noor Hospital,noor hospital,Mumbai,Hospital,Mandvi,,18.953006186843268,72.83318288595183,87608b189ffffff,,1.0,1.0,False,,1000.0,1000.0,,9.0,,+912071173197,https://www.practo.com/mumbai/hospital/noor-hospital-mandvi-1?referrer=hospital_listing,https://images1-fabric.practo.com/practices/1121015/noor-hospital-mumbai-5ad864a96c540.jpg,VN,practo,,1.0,canonical,706,Q1,,Economy,0.2103
hosp_1ce3ea619832f7c9,Dr. Keny Hospital,dr keny hospital,Mumbai,Hospital,Sion,,19.041454,72.872225,87608b19bffffff,,1.0,1.0,False,,600.0,600.0,,8.0,,+912071173225,https://www.practo.com/mumbai/hospital/dr-keny-hospital-sion?referrer=hospital_listing,,VN,practo,,1.0,canonical,707,Q1,,Economy,0.210233
hosp_c93153c0efa77d50,Sports Med Hospital,sports med hospital,Mumbai,Hospital,Parel,,19.01005,72.831641,87608b0a0ffffff,,1.0,1.0,False,,1500.0,1500.0,,7.0,,+912071173201,https://www.practo.com/mumbai/hospital/sportsmed-hospital-parel?referrer=hospital_listing,https://images1-fabric.practo.com/practices/1170698/sportsmed-activ-mumbai-5a30f25c6364b.JPG,VN,practo,,1.0,canonical,708,Q1,,Economy,0.210166
hosp_879aa94b5b343a3e,Shree ENT Nursing Home,shree ent nursing home,Mumbai,Hospital,Vileparle East,,19.110264,72.849677,87608b094ffffff,,1.0,1.0,False,,1400.0,1400.0,,7.0,,+912071173233,https://www.practo.com/mumbai/hospital/shree-ent-nursing-home-vileparle-east?referrer=hospital_listing,,VN,practo,,1.0,canonical,709,Q1,,Economy,0.210166
hosp_43bef7af797a3f20,Navyajyot Eye Hospital,navyajyot eye hospital,Mumbai,Hospital,Santacruz East,,19.088867,72.834339,87608b0b3ffffff,,1.0,1.0,False,,600.0,600.0,,7.0,,+912071173224,https://www.practo.com/mumbai/hospital/navyajyot-santacruz-east?referrer=hospital_listing,https://images1-fabric.practo.com/543ad92e6b584a310e7658420302aad683d72f7ecf4c6.jpg,VN,practo,,1.0,canonical,710,Q1,,Economy,0.210166
hosp_d25ae6144afba18d,Dr. Bhate's  Shubhudeep Nursing Home,dr bhate s shubhudeep nursing home,Mumbai,Hospital,Andheri West,,19.1273177,72.8347002,87608b092ffffff,,1.0,1.0,False,,500.0,500.0,,6.0,,+912071173175,https://www.practo.com/mumbai/hospital/dr-bhate-s-shubhudeep-nursing-home-andheri-west?referrer=hospital_listing,,VN,practo,,1.0,canonical,711,Q1,,Economy,0.210098
hosp_7ae632bb2f383542,A.Care Orthopaedic & General Hospital,care orthopaedic general hospital,Mumbai,Hospital,Mira Bhayandar,,19.284418249108345,72.87034705281258,87608b452ffffff,,1.0,1.0,False,,500.0,500.0,,6.0,,+912071173198,https://www.practo.com/mumbai/hospital/a-care-orthopaedic-and-general-hospital-mira-bhayandar?referrer=hospital_listing,,VN,practo,,1.0,canonical,712,Q1,,Economy,0.210098
hosp_19d19c3caecf8080,Fathima Children Hospital And Criticare Centre,fathima children hospital criticare centre,Mumbai,Hospital,Jogeshwari West,,,,,,1.0,1.0,False,,250.0,250.0,,6.0,,+912071173188,https://www.practo.com/mumbai/hospital/fathima-children-hospital-and-criticare-centre-jogeshwari-west-1?referrer=hospital_listing,,VN,practo,,0.6,canonical,713,Q1,,Economy,0.210098
hosp_5178fe7c5267b500,J.P Hospital,j p hospital,Mumbai,Hospital,Andheri Kurla Road,,19.104016,72.886816,87608b54dffffff,,1.0,1.0,False,,0.0,400.0,,6.0,,+912071173172,https://www.practo.com/mumbai/hospital/j-p-hospital-andheri-kurla-road?referrer=hospital_listing,,VN,practo,,1.0,canonical,714,Q1,,Economy,0.210098
hosp_a41b18bbcf6eeb21,Saijeevan Hospital,saijeevan hospital,Mumbai,Hospital,Andheri East,,19.105374282982,72.886974660344,87608b54dffffff,,1.0,1.0,False,,600.0,600.0,,6.0,,+912071173172,https://www.practo.com/mumbai/hospital/vedamrut-clinic-1-andheri-east?referrer=hospital_listing,,VN,practo,,1.0,canonical,715,Q1,,Economy,0.210098
hosp_8e04e4f76ccf103c,Braces And Smiles Clinic,braces smiles clinic,Mumbai,Hospital,Kandivali West,,19.20477402573183,72.8465062379837,87608b444ffffff,,1.0,1.0,False,1.0,1000.0,1000.0,,6.0,,+912071173187,https://www.practo.com/mumbai/hospital/braces-and-smiles-clinic-kandivali-west-1?referrer=hospital_listing,https://images1-fabric.practo.com/braces-and-smiles-mumbai-1445932514-562f2de2d44d1.jpg,VN,practo,,1.0,canonical,716,Q1,,Economy,0.210098
hosp_34700178bd4b4e29,Darshan Orthopaedic Surgical Clinic & Maternity Home,darshan orthopaedic surgical clinic maternity home,Mumbai,Hospital,Malad,,19.195054591305038,72.84734078307338,87608b444ffffff,,1.0,1.0,False,,500.0,500.0,,6.0,,+912071173195,https://www.practo.com/mumbai/hospital/darshan-orthopaedic-and-surgical-clinic-malad-west?referrer=hospital_listing,,VN,practo,,1.0,canonical,717,Q1,,Economy,0.210098
hosp_0fc72fc507c2f410,Sahu Eye Hospital,sahu eye hospital,Mumbai,Hospital,Kandivali West,,19.213081,72.824722,87608b440ffffff,,1.0,1.0,False,,600.0,600.0,,5.0,,+912071173190,https://www.practo.com/mumbai/hospital/sahu-eye-hospital-kandivali-west?referrer=hospital_listing,,VN,practo,,1.0,canonical,718,Q1,,Economy,0.210031
hosp_4006eb513995d955,Masrani Hospital For Women,masrani hospital for women,Mumbai,Hospital,Andheri,,19.112554,72.844737,87608b096ffffff,,1.0,1.0,False,,750.0,750.0,,4.0,,+912071178179,https://www.practo.com/mumbai/hospital/masrani-hospital-for-women-mimas-andheri-west?referrer=hospital_listing,https://images1-fabric.practo.com/masrani-hospital-for-women-mimas-mumbai-1452313849-56908cf9ce8eb.png,VN,practo,,1.0,canonical,719,Q1,,Economy,0.209963
hosp_8c48ff1c71dd8096,Dr. Dragos Lifeline Hospital,dr dragos lifeline hospital,Mumbai,Hospital,Mira Road,,19.2821659,72.8765365,87608b456ffffff,,1.0,1.0,False,,500.0,500.0,,4.0,,+912071173199,https://www.practo.com/mumbai/hospital/dr-dragos-lifeline-hospital-mira-road?referrer=hospital_listing,,VN,practo,,1.0,canonical,720,Q1,,Economy,0.209963
hosp_dbfb5731cd6f80c9,Enlighten Eye Hospital,enlighten eye hospital,Mumbai,Hospital,Ghatkopar West,,19.125058275957,72.956085205078,87608b546ffffff,,1.0,1.0,False,,600.0,600.0,,4.0,,+912071173234,https://www.practo.com/mumbai/hospital/enlighten-eye-hospital-ghatkopar-west?referrer=hospital_listing,https://images1-fabric.practo.com/practices/1147957/enlighten-eye-hospital-mumbai-5947e9eea64a6.jpg,VN,practo,,1.0,canonical,721,Q1,,Economy,0.209963
hosp_2ccea217c2da647c,Diamond Orthopedic Hospital And Joint Replacement Centre,diamond orthopedic hospital joint replacement centre,Mumbai,Hospital,Malad West,,19.191706,72.834628,87608b445ffffff,,1.0,1.0,False,,800.0,800.0,,4.0,,+912071173197,https://www.practo.com/mumbai/hospital/diamond-orthopedic-hospital-and-joint-replacement-centre?referrer=hospital_listing,https://images1-fabric.practo.com/diamond-orthopedic-1462259427-57284ee360ac8.png,VN,practo,,1.0,canonical,722,Q1,,Economy,0.209963
hosp_c8ce28940cf820fa,Hira Surgical Nursing Home,hira surgical nursing home,Mumbai,Hospital,Goregaon East,,19.165843,72.855358,87608b460ffffff,,1.0,1.0,False,,600.0,600.0,,4.0,,+912071173186,https://www.practo.com/mumbai/hospital/hira-surgical-nursing-home?referrer=hospital_listing,,VN,practo,,1.0,canonical,723,Q1,,Economy,0.209963
hosp_548a2d2b00c98656,Dr. Raghvendra Ramdasi Hospital,dr raghvendra ramdasi hospital,Mumbai,Hospital,Peddar Road,,18.972329728133875,72.80945420265198,87608b016ffffff,,1.0,1.0,False,,2000.0,2000.0,,4.0,,+912071173203,https://www.practo.com/mumbai/hospital/dr-raghvendra-ramdasi-peddar-road?referrer=hospital_listing,https://images1-fabric.practo.com/553d2724ec1042fbd98e9c796169bb5f25193ad15cb0b.png,VN,practo,,1.0,canonical,724,Q1,,Economy,0.209963
hosp_65a822505cef33d0,Elite Eye Hospital & Laser Centre,elite eye hospital laser centre,Mumbai,Hospital,Malad West,,19.184664409176,72.846988029778,87608b463ffffff,,1.0,1.0,False,,1200.0,1200.0,,3.0,,+912048553259,https://www.practo.com/mumbai/hospital/elite-eye-hospital-laser-centre-malad-west-1?referrer=hospital_listing,https://images1-fabric.practo.com/52ed00e590956bd0e6da36e55f57ddd98b6af62f6e617.jpg,VN,practo,,1.0,canonical,725,Q1,,Economy,0.209896
hosp_94cdf9531c7550e6,Beramjis Hospital,beramjis hospital,Mumbai,Hospital,Girgaon,,,,,,1.0,1.0,False,,0.0,1500.0,,3.0,,+912071173185,https://www.practo.com/mumbai/hospital/beramjis-hospital-girgaon?referrer=hospital_listing,,VN,practo,,0.6,canonical,726,Q1,,Economy,0.209896
hosp_bf947c6a5c6ec402,Dr. Vora's  Premature Criti Care And Gen Hospital,dr vora s premature criti care gen hospital,Mumbai,Hospital,Kandivali West,,19.207848987734707,72.84211546182632,87608b444ffffff,,1.0,1.0,False,,0.0,500.0,,3.0,,+912071173190,https://www.practo.com/mumbai/hospital/dr-vora-s-premature-critical-care-and-general-hospital-kandivali-west?referrer=hospital_listing,,VN,practo,,1.0,canonical,727,Q1,,Economy,0.209896
hosp_2b6474891c200219,Manoram Hospital,manoram hospital,Mumbai,Hospital,Malad West,,19.198232,72.847658,87608b444ffffff,,1.0,1.0,False,,0.0,0.0,,3.0,,+912071173196,https://www.practo.com/mumbai/hospital/manoram-hospital-malad-west?referrer=hospital_listing,,VN,practo,,1.0,canonical,728,Q1,,Economy,0.209896
hosp_d1607b809d2b0925,Desas Hospital,desas hospital,Mumbai,Hospital,Girgaon,,18.9559917,72.8077208,87608b014ffffff,,1.0,1.0,False,,600.0,600.0,,3.0,,+912071173185,https://www.practo.com/mumbai/hospital/d-souza-clinic-girgaon?referrer=hospital_listing,,VN,practo,,1.0,canonical,729,Q1,,Economy,0.209896
hosp_e27524cb49049335,Khushi Maternity & Nursing Home,khushi maternity nursing home,Mumbai,Hospital,Goregaon East,,19.1792472,72.8629555,87608b462ffffff,,1.0,1.0,False,,300.0,300.0,,3.0,,+912071173186,https://www.practo.com/mumbai/hospital/khushi-maternity-nursing-home-malad-east?referrer=hospital_listing,,VN,practo,,1.0,canonical,730,Q1,,Economy,0.209896
hosp_1dca26b7b2014351,Bhavsar Nursing Home & ICCU,bhavsar nursing home iccu,Mumbai,Hospital,Bhandup West,,19.15159453270316,72.93600172732113,87608b55cffffff,,1.0,1.0,False,,600.0,600.0,,2.0,,+918037298999,https://www.practo.com/mumbai/hospital/bhavsar-nursing-home-iccu-bhandup-west?referrer=hospital_listing,https://images1-fabric.practo.com/practices/1133790/bhavsar-nursing-home-iccu-mumbai-59a0279726b48.jpg,VN,practo,,1.0,canonical,731,Q1,,Economy,0.209828
hosp_6bd70c07a982c847,Riddhi Nursing Home,riddhi nursing home,Mumbai,Hospital,Borivali West,,19.226069617097,72.830160856247,87608b442ffffff,,1.0,1.0,False,,500.0,500.0,,2.0,,+912071173179,https://www.practo.com/mumbai/hospital/riddhi-nursing-home-borivali-west-1?referrer=hospital_listing,https://images1-fabric.practo.com/riddhi-nursing-home-mumbai-1490088744-58d0f3287e19c.png,VN,practo,,1.0,canonical,732,Q1,,Economy,0.209828
hosp_045f6679b2e7bdaf,Shobhana Hospital,shobhana hospital,Mumbai,Hospital,Bhayandar East,,19.3079849,72.8548447,87608b4e1ffffff,,1.0,1.0,False,,700.0,700.0,,2.0,,+912071173177,https://www.practo.com/mumbai/hospital/shobna-hospital-bhayander-east?referrer=hospital_listing,,VN,practo,,1.0,canonical,733,Q1,,Economy,0.209828
hosp_aeed4a477a5e8eb6,Shraddha Heart Hospital,shraddha heart hospital,Mumbai,Hospital,Ghatkopar West,,19.088022671531295,72.90530662983656,87608b56bffffff,,1.0,1.0,False,,600.0,600.0,,2.0,,+912071173184,https://www.practo.com/mumbai/hospital/shraddha-heart-hospital-1-ghatkopar-west?referrer=hospital_listing,,VN,practo,,1.0,canonical,734,Q1,,Economy,0.209828
hosp_6ff56bed37fb400f,"Mahaveer Medical Hospital, Khar",mahaveer medical hospital khar,Mumbai,Hospital,Khar West,,19.072866487198453,72.83247828483582,87608b0b3ffffff,,1.0,1.0,False,,300.0,300.0,,2.0,,+912071173193,https://www.practo.com/mumbai/hospital/mahaveer-medical-hospital-khar-khar-west?referrer=hospital_listing,,VN,practo,,1.0,canonical,735,Q1,,Economy,0.209828
hosp_300cb4bedf1a52f1,Dr.Viraj Patil Hospital,dr viraj patil hospital,Mumbai,Hospital,Andheri West,,,,,,1.0,1.0,False,,700.0,800.0,,2.0,,+912071173173,https://www.practo.com/mumbai/hospital/dr-viraj-patil-hospital-andheri-west?referrer=hospital_listing,,VN,practo,,0.6,canonical,736,Q1,,Economy,0.209828
hosp_47832ae478696a5c,Jain Hospital-Malad West,jain hospital malad west,Mumbai,Hospital,Malad West,,,,,,1.0,1.0,False,,800.0,800.0,,2.0,,+912071173196,https://www.practo.com/mumbai/hospital/jain-hospital-malad-west-malad-west?referrer=hospital_listing,,VN,practo,,0.6,canonical,737,Q1,,Economy,0.209828
hosp_04715a97a9ff2693,Sai Sparsh Hospital,sai sparsh hospital,Mumbai,Hospital,Goregaon East,,19.1663201,72.8558859,87608b460ffffff,,1.0,1.0,False,,1000.0,1000.0,,2.0,,+912071173186,https://www.practo.com/mumbai/hospital/sai-sparsh-hospital-3-goregaon-west?referrer=hospital_listing,,VN,practo,,1.0,canonical,738,Q1,,Economy,0.209828
hosp_545d113c7fd43c2e,"Cloudnine Hospital, Malad West, Mumbai",cloudnine hospital malad west mumbai,Mumbai,Hospital,Malad West,,19.1755524,72.8376046,87608b463ffffff,,1.0,1.0,False,,0.0,0.0,,2.0,,+912071171795,https://www.practo.com/mumbai/hospital/cloudnine-hospital-malad-west-mumbai-malad-west?referrer=hospital_listing,,VN,practo,,1.0,canonical,739,Q1,,Economy,0.209828
hosp_05cb3a7300f206be,SMT. K.G. Mittal Hospital,smt k g mittal hospital,Mumbai,Hospital,Charni Road,,18.950312089651405,72.81970258802176,87608b014ffffff,,1.0,1.0,False,,100.0,100.0,,,,+912067325808,https://www.practo.com/mumbai/hospital/smt-k-g-mittal-hospital-mumbai-charni-road?referrer=hospital_listing,,VN,practo,,1.0,canonical,740,Q1,,Economy,0.209693
hosp_37842b2d5949c173,Life Line Hospital ,life line hospital,Mumbai,Hospital,Mira Road,,,,,,1.0,1.0,False,,500.0,500.0,,,,+912071173198,https://www.practo.com/mumbai/hospital/life-line-hospital-mira-road?referrer=hospital_listing,,VN,practo,,0.6,canonical,741,Q1,,Economy,0.209693
hosp_a69ad869e573f1a5,Lion S.P.Jain Eye Hospital And Diagnostic Centre,lion s p jain eye hospital diagnostic centre,Mumbai,Hospital,Dahisar East,,19.251012696366,72.860153317451,87608b455ffffff,,1.0,1.0,False,,400.0,400.0,,,,+912071173184,https://www.practo.com/mumbai/hospital/lion-s-p-jain-eye-hospital-and-diagnostic-centre-dahisar-east?referrer=hospital_listing,,VN,practo,,1.0,canonical,742,Q1,,Economy,0.209693
hosp_62eed5986fd35be4,Gayatri Maternity & General Nursing Home,gayatri maternity general nursing home,Mumbai,Hospital,Goregaon East,,19.172653195788175,72.8642463684082,87608b460ffffff,,1.0,1.0,False,,400.0,400.0,,,,+912071173186,https://www.practo.com/mumbai/hospital/gayatri-maternity-general-nursing-home-malad-east?referrer=hospital_listing,,VN,practo,,1.0,canonical,743,Q1,,Economy,0.209693
hosp_2d8be14c46f9a901,Navneet Jain Hospital,navneet jain hospital,Mumbai,Hospital,Dadar West,,19.020606466012,72.838351838327,87608b0a6ffffff,,1.0,1.0,False,,300.0,300.0,,,,+912071173183,https://www.practo.com/mumbai/hospital/khushi-dental-care-khetwadi?referrer=hospital_listing,,VN,practo,,1.0,canonical,744,Q1,,Economy,0.209693
hosp_6df207e84db45c1f,Harish Nursing Home,harish nursing home,Mumbai,Hospital,Lower Parel,,18.991139349326,72.831493578851,87608b0a5ffffff,,1.0,1.0,False,,500.0,500.0,,,,+912071173194,https://www.practo.com/mumbai/hospital/harish-nursing-hom-lower-parel?referrer=hospital_listing,,VN,practo,,1.0,canonical,745,Q1,,Economy,0.209693
hosp_d6d2da4836aec001,Dr. Karvir's Pruthvi Hospital & Endoscopy Center,dr karvir s pruthvi hospital endoscopy center,Mumbai,Hospital,Palghar,,19.809571,72.739558,8742dbcd9ffffff,,1.0,1.0,False,,800.0,800.0,,,,+912071173201,https://www.practo.com/mumbai/hospital/dr-karvir-s-pruthvi-hospital-endoscopy-center-palghar?referrer=hospital_listing,,VN,practo,,1.0,canonical,746,Q1,,Economy,0.209693
hosp_d410820812f04f5d,Dr. Desai's Navalkar Memorial Maternity Hospital - Dadar,dr desai s navalkar memorial maternity hospital dadar,Mumbai,Hospital,Dadar West,,,,,,1.0,1.0,False,,600.0,1000.0,,,,+912071173183,https://www.practo.com/mumbai/hospital/dr-desai-s-navalkar-memorial-maternity-hospital-dadar-dadar-west?referrer=hospital_listing,,VN,practo,,0.6,canonical,747,Q1,,Economy,0.209693
hosp_1b3aae3ce6e8256e,Gupta Nursing Home,gupta nursing home,Mumbai,Hospital,Malad West,,19.178627,72.8465348,87608b463ffffff,,1.0,1.0,False,,600.0,600.0,,,,+912071173197,https://www.practo.com/mumbai/hospital/gupta-nursing-home-1-malad-west?referrer=hospital_listing,,VN,practo,,1.0,canonical,748,Q1,,Economy,0.209693
hosp_04c1345ebb9557fc,Jeevan Maternity & General Hospital,jeevan maternity general hospital,Mumbai,Hospital,Malad East,,,,,,1.0,1.0,False,,500.0,500.0,,,,+912071173195,https://www.practo.com/mumbai/hospital/jeevan-maternity-general-hospital-malad-east?referrer=hospital_listing,,VN,practo,,0.6,canonical,749,Q1,,Economy,0.209693
hosp_9f12a2c05bfbbec1,Muskaan NICU & Children's Hospital,muskaan nicu children s hospital,Mumbai,Hospital,Govandi,,19.062594,72.920803,87608b56cffffff,,1.0,1.0,False,,300.0,300.0,,,,+912071173187,https://www.practo.com/mumbai/hospital/muskaan-nicu-children-s-hospital-govandi?referrer=hospital_listing,,VN,practo,,1.0,canonical,750,Q1,,Economy,0.209693
hosp_a7bad4aba9c9a77c,Mahavir Nursing Home,mahavir nursing home,Mumbai,Hospital,Govandi,,19.063026,72.919876,87608b568ffffff,,1.0,1.0,False,,400.0,400.0,,,,+912071173187,https://www.practo.com/mumbai/hospital/mahavir-nursing-home-govandi-1?referrer=hospital_listing,,VN,practo,,1.0,canonical,751,Q1,,Economy,0.209693
hosp_c271d880fa3325a2,Dr. Gujar's Maternity and Surgical Hospital,dr gujar s maternity surgical hospital,Mumbai,Hospital,Mulund East,,19.17134815463851,72.95906983315945,87608b550ffffff,,1.0,1.0,False,,800.0,800.0,,,,+912071173199,https://www.practo.com/mumbai/hospital/dr-gujar-s-maternity-and-surgical-hospital-mulund-east?referrer=hospital_listing,,VN,practo,,1.0,canonical,752,Q1,,Economy,0.209693
hosp_2d02503eb1389f22,Premanand Yoga,premanand yoga,Mumbai,Hospital,Kandivali East,,19.20037678085214,72.87232518196106,87608b475ffffff,,1.0,1.0,False,,500.0,500.0,,,,+912071173188,https://www.practo.com/mumbai/hospital/premanand-yoga-mumbai?referrer=hospital_listing,https://images1-fabric.practo.com/53c954af5e6d6a91cb18eda644adfab995c9bc280ddf8.jpg,VN,practo,,1.0,canonical,753,Q1,,Economy,0.209693
hosp_466ec0036d3635e1,Surlata Hospital Foetal Medicine Consultancy Services,surlata hospital foetal medicine consultancy services,Mumbai,Hospital,Mahim,,19.0401165,72.841995,87608b0b5ffffff,,1.0,1.0,False,,1500.0,1500.0,,,,+912071173195,https://www.practo.com/mumbai/hospital/surlata-hospital-foetal-medicine-consultancy-services-mahim?referrer=hospital_listing,,VN,practo,,1.0,canonical,754,Q1,,Economy,0.209693
hosp_ccee1bd6ebe1b886,SMT Laxmiben Dharmshi Karsn Gala Eye Hospital ,smt laxmiben dharmshi karsn gala eye hospital,Mumbai,Hospital,Vileparle East,,,,,,1.0,1.0,False,,120.0,500.0,,,,+912071173233,https://www.practo.com/mumbai/hospital/smt-laxmiben-dharmshi-karsn-gala-eye-hospital-vileparle-east?referrer=hospital_listing,,VN,practo,,0.6,canonical,755,Q1,,Economy,0.209693
hosp_e8746c4a9a906527,Neon Hospital,neon hospital,Mumbai,Hospital,Malad West,,19.194639415413672,72.8387439250946,87608b444ffffff,,1.0,1.0,False,,300.0,300.0,,,,+912071173197,https://www.practo.com/mumbai/hospital/neon-hospital-malad-west?referrer=hospital_listing,,VN,practo,,1.0,canonical,756,Q1,,Economy,0.209693
hosp_aa5be28d38c8f57b,Shree Surgical and General Nursing Home,shree surgical general nursing home,Mumbai,Hospital,Vileparle East,,19.110772815932112,72.84985899925232,87608b094ffffff,,1.0,1.0,False,,800.0,800.0,,,,+912071173233,https://www.practo.com/mumbai/hospital/shree-surgical-and-general-nursing-home-vileparle-east?referrer=hospital_listing,,VN,practo,,1.0,canonical,757,Q1,,Economy,0.209693
hosp_c44a4a9b33e51ec0,Bafna Eye Hospital,bafna eye hospital,Mumbai,Hospital,Lamington Road,,18.959152,72.810003,87608b014ffffff,,1.0,1.0,False,,1000.0,1000.0,,,,+912071173194,https://www.practo.com/mumbai/hospital/bafna-eye-hospital-grant-road?referrer=hospital_listing,,VN,practo,,1.0,canonical,758,Q1,,Economy,0.209693
hosp_82b378e62d620697,Mandar Nursing Home,mandar nursing home,Mumbai,Hospital,Bandra West,,19.059559,72.835409,87608b0b1ffffff,,1.0,1.0,False,,1000.0,1000.0,,,,+912071173176,https://www.practo.com/mumbai/hospital/mandar-nursing-home-bandra-west?referrer=hospital_listing,,VN,practo,,1.0,canonical,759,Q1,,Economy,0.209693
hosp_8c08cc7d24f774af,Pearl Hospital,pearl hospital,Mumbai,Hospital,Borivali West,,,,,,1.0,1.0,False,,600.0,600.0,,,,+912071173179,https://www.practo.com/mumbai/hospital/pearl-hospital-borivali-west?referrer=hospital_listing,,VN,practo,,0.6,canonical,760,Q1,,Economy,0.209693
hosp_fb7656cae8ed313f,Dr.Bhushan's Mother Teresa Memorial Charitable Dental Hospital and Research Center,dr bhushan s mother teresa memorial charitable dental hospital research center,Mumbai,Hospital,Parel,,19.005875,72.845755,87608b0a4ffffff,,1.0,1.0,False,,50.0,50.0,,,,+912071173201,https://www.practo.com/mumbai/hospital/dental-clinic-96-dadar-east?referrer=hospital_listing,,VN,practo,,1.0,canonical,761,Q1,,Economy,0.209693
hosp_8991dec3790abe78,Gayatri Maternity & General Nursing Home- Malad East,gayatri maternity general nursing home malad east,Mumbai,Hospital,Goregaon East,,19.1813059,72.8641291,87608b462ffffff,,1.0,1.0,False,,400.0,400.0,,,,+912071173186,https://www.practo.com/mumbai/hospital/gayatri-maternity-general-nursing-home-malad-east-1-malad-east?referrer=hospital_listing,,VN,practo,,1.0,canonical,762,Q1,,Economy,0.209693
hosp_cb0c8147ea669fbc,Dr. Chhabildas Sanghvi Eye Hospital & Medical Centre,dr chhabildas sanghvi eye hospital medical centre,Mumbai,Hospital,Malad West,,19.19186429,72.84684355,87608b444ffffff,,1.0,1.0,False,,650.0,650.0,,,,+912071173196,https://www.practo.com/mumbai/hospital/dr-chhabildas-sanghvi-eye-hospital-medical-centre-malad-west?referrer=hospital_listing,,VN,practo,,1.0,canonical,763,Q1,,Economy,0.209693
hosp_dd53a0c22c302939,Vidya Hospital,vidya hospital,Mumbai,Hospital,Goregaon East,,,,,,1.0,1.0,False,,0.0,500.0,,,,+912071173186,https://www.practo.com/mumbai/hospital/vidya-hospital-goregaon-east-1?referrer=hospital_listing,,VN,practo,,0.6,canonical,764,Q1,,Economy,0.209693
hosp_cbe7aa7f8c218a03,Manav Dental Hospital,manav dental hospital,Mumbai,Hospital,Kurla East,,19.06100242246527,72.88395524024963,87608b569ffffff,,1.0,1.0,False,,100.0,100.0,,,,+912071173193,https://www.practo.com/mumbai/hospital/manav-dental-hospital-kurla-east-1?referrer=hospital_listing,,VN,practo,,1.0,canonical,765,Q1,,Economy,0.209693
hosp_226ac32bc7dca84f,MIB Hospital ,mib hospital,Mumbai,Hospital,Borivali West,,,,,,1.0,1.0,False,,500.0,500.0,,,,+912071173179,https://www.practo.com/mumbai/hospital/mib-hospital-borivali-west?referrer=hospital_listing,,VN,practo,,0.6,canonical,766,Q1,,Economy,0.209693
hosp_fb84e3b2d84131d4,Nicholson Eye Clinic & Hospital,nicholson eye clinic hospital,Mumbai,Hospital,Grant Road,,18.961693844865,72.819675598294,87608b016ffffff,,1.0,1.0,False,,500.0,500.0,,,,+912071173187,https://www.practo.com/mumbai/hospital/nicholson-eye-clinic-and-hospital-grant-road?referrer=hospital_listing,,VN,practo,,1.0,canonical,767,Q1,,Economy,0.209693
hosp_a5a260a90b876bb5,Dr. Meena's Multispeciality Hospital,dr meena s multispeciality hospital,Mumbai,Hospital,Bhandup West,,19.147403351366,72.9327517047,87608b55cffffff,,1.0,1.0,False,,1000.0,1000.0,,,,+912248932501,https://www.practo.com/mumbai/hospital/dr-meena-s-multispeciality-hospital-bhandup-west?referrer=hospital_listing,,VN,practo,,1.0,canonical,768,Q1,,Economy,0.209693
hosp_a1101004812fb07d,Hithwardhak Mandal Hospital,hithwardhak mandal hospital,Mumbai,Hospital,Kandivali West,,19.20625325680359,72.85602807998657,87608b471ffffff,,1.0,1.0,False,,100.0,100.0,,,,+912071173190,https://www.practo.com/mumbai/hospital/hithwardhak-mandal-hospital-goregaon?referrer=hospital_listing,,VN,practo,,1.0,canonical,769,Q1,,Economy,0.209693
hosp_bca76ae220c722db,Elizabeth Hospital,elizabeth hospital,Mumbai,Hospital,Malabar Hill,,18.956622981032833,72.80145049095154,87608b010ffffff,,1.0,1.0,False,,1000.0,1000.0,,,,+912071173195,https://www.practo.com/mumbai/hospital/elizabeth-hospital-malabar-hill?referrer=hospital_listing,,VN,practo,,1.0,canonical,770,Q1,,Economy,0.209693
hosp_0ad420606cb4e358,Pathodent ,pathodent,Mumbai,Hospital,Khar West,,19.069003809007,72.835073802442,87608b0b3ffffff,,1.0,1.0,False,,500.0,500.0,,,,+912248977828,https://www.practo.com/mumbai/hospital/khar-khar?referrer=hospital_listing,https://images1-fabric.practo.com/practices/735436/pathodent-mumbai-60afcdc203789.png,VN,practo,,1.0,canonical,771,Q1,,Economy,0.209693
hosp_b8e36be8896c1831,Vardann Hospital,vardann hospital,Mumbai,Hospital,Malad,,12.965541604118599,77.59864568710327,87618925affffff,,1.0,1.0,False,,600.0,600.0,,,,+912071173195,https://www.practo.com/mumbai/hospital/dr-s-a-khambhatti-malad?referrer=hospital_listing,,VN,practo,,1.0,canonical,772,Q1,,Economy,0.209693
hosp_78813155f8371ca7,"Tata Memorial Hospital, Parel, Mumbai",tata memorial hospital parel mumbai,Mumbai,Hospital,Dadar East,,19.0049019,72.8431686,87608b0a4ffffff,,1.0,1.0,False,,0.0,0.0,,,,+912071187259,https://www.practo.com/mumbai/hospital/tata-memorial-hospital-parel-mumbai-dadar-east?referrer=hospital_listing,,VN,practo,,1.0,canonical,773,Q1,,Economy,0.209693
hosp_cf984671da0b45f8,Vardann Multi Speciality Hospital,vardann multi speciality hospital,Mumbai,Hospital,Kandivali,,19.2116761,72.8516058,87608b446ffffff,,1.0,1.0,False,,0.0,0.0,,,,+918037298995,https://www.practo.com/mumbai/hospital/vardann-multi-speciality-hospital-kandivali?referrer=hospital_listing,,VN,practo,,1.0,canonical,774,Q1,,Economy,0.209693
hosp_c52075b63fa4e585,Vivek Hospital,vivek hospital,Mumbai,Hospital,Ghatkopar,,19.094046,72.900018,87608b54cffffff,,1.0,1.0,False,,0.0,0.0,,,,+912048553257,https://www.practo.com/mumbai/hospital/vivek-hospital-1-ghatkopar?referrer=hospital_listing,,VN,practo,,1.0,canonical,775,Q1,,Economy,0.209693
hosp_a94c7eb0a7e3df78,Pratik Hospital & Maternity Home,pratik hospital maternity home,Mumbai,Hospital,Kandivali West,,19.209454834659866,72.83896923065186,87608b444ffffff,,1.0,1.0,False,,500.0,500.0,,,,+912071173190,https://www.practo.com/mumbai/hospital/pratik-hospital-maternity-home-kandivali-west?referrer=hospital_listing,,VN,practo,,1.0,canonical,776,Q1,,Economy,0.209693
hosp_65133bd565a57920,Medico Surgical Clinic & Hospital,medico surgical clinic hospital,Mumbai,Hospital,Ghatkopar West,,19.0884205,72.9070491,87608b56affffff,,1.0,1.0,False,,400.0,400.0,,,,+912071173185,https://www.practo.com/mumbai/hospital/medico-surgical-clinic-hospital-ghatkopar-west?referrer=hospital_listing,,VN,practo,,1.0,canonical,777,Q1,,Economy,0.209693
hosp_e51af5add4b893c9,Bhojraj Chanrai Sankara Eye Hospital,bhojraj chanrai sankara eye hospital,Mumbai,Hospital,Malad West,,19.18,72.85,87608b463ffffff,,1.0,1.0,False,,400.0,400.0,,,,+912071173197,https://www.practo.com/mumbai/hospital/bhojraj-chanrai-sankara-eye-hospital-malad-west?referrer=hospital_listing,https://images1-fabric.practo.com/bhojraj-chanrai-sankara-eye-hospital-mumbai-1442382573-55f902ed25826.jpg,VN,practo,,1.0,canonical,778,Q1,,Economy,0.209693
hosp_d38b047d97db19fe,Vivek Hospital,vivek hospital,Mumbai,Hospital,Ghatkopar,,,,,,1.0,1.0,False,,500.0,500.0,,,,+912071173184,https://www.practo.com/mumbai/hospital/vivek-hospital-ghatkopar?referrer=hospital_listing,,VN,practo,,0.6,canonical,779,Q1,,Economy,0.209693
hosp_4bb64ce1c5a27612,Gita Dental Hospital ,gita dental hospital,Mumbai,Hospital,Bhayandar East,,19.3085548,72.857319,87608b4e1ffffff,,1.0,1.0,False,,300.0,300.0,,,,+912071173177,https://www.practo.com/mumbai/hospital/gita-dental-hospital-bhayandar-east?referrer=hospital_listing,,VN,practo,,1.0,canonical,780,Q1,,Economy,0.209693
hosp_40a694fcaf0079db,Vishwa Kripa Hospital & Polyclinic,vishwa kripa hospital polyclinic,Mumbai,Hospital,Goregaon East,,19.1666659454941,72.85137813538313,87608b460ffffff,,1.0,1.0,False,,400.0,400.0,,,,+912071173186,https://www.practo.com/mumbai/hospital/vishwa-kripa-hospital-polyclinic-goregaon-east?referrer=hospital_listing,,VN,practo,,1.0,canonical,781,Q1,,Economy,0.209693
hosp_045c88be3c663e90,Noble Plus Hospital,noble plus hospital,Mumbai,Hospital,Ghatkopar,,19.0878806,72.9066933,87608b56affffff,,1.0,1.0,False,,0.0,0.0,,,,+912071172687,https://www.practo.com/mumbai/hospital/noble-plus-hospital-ghatkopar?referrer=hospital_listing,,VN,practo,,1.0,canonical,782,Q1,,Economy,0.209693
hosp_afdfd722660ef3ad,Cuddles N Cure Children’s Hospital,cuddles n cure childrens hospital,Mumbai,Hospital,Mulund West,,19.1756095,72.9493039,87608b553ffffff,,1.0,1.0,False,,0.0,0.0,,,,+912071187083,https://www.practo.com/mumbai/hospital/cuddles-n-cure-children-s-hospital-mulund-west?referrer=hospital_listing,,VN,practo,,1.0,canonical,783,Q1,,Economy,0.209693
hosp_2ffde6ad06e9b43e,Bhabha Atomic Research Centre Mumbai,bhabha atomic research centre mumbai,Mumbai,Hospital,Dadar East,,19.005487,72.843031,87608b0a4ffffff,,1.0,1.0,False,,0.0,0.0,,,,+912071179000,https://www.practo.com/mumbai/hospital/bhabha-atomic-research-centre-mumbai-dadar-east?referrer=hospital_listing,,VN,practo,,1.0,canonical,784,Q1,,Economy,0.209693
hosp_db5d5fccba98eb6f,"Apex Hospital, Borivali West, Chandravarkar Road, Mumbai",apex hospital borivali west chandravarkar road mumbai,Mumbai,Hospital,SV Road,,19.2313394,72.8496686,87608b446ffffff,,1.0,1.0,False,,0.0,0.0,,,,+912071187883,https://www.practo.com/mumbai/hospital/apex-hospital-borivali-west-chandravarkar-road-mumbai-sv-road?referrer=hospital_listing,,VN,practo,,1.0,canonical,785,Q1,,Economy,0.209693
hosp_0cc3e861c7553c19,Dr Meenas multispeciality Hospital,dr meenas multispeciality hospital,Mumbai,Hospital,Bhandup,,19.147288,72.932157,87608b55cffffff,,1.0,1.0,False,,0.0,0.0,,,,+912048553586,https://www.practo.com/mumbai/hospital/dr-meenas-multispeciality-hospital-bhandup?referrer=hospital_listing,,VN,practo,,1.0,canonical,786,Q1,,Economy,0.209693
hosp_904ca663a4ebd117,"Life Care Hospital, Dadar West, Mumbai",life care hospital dadar west mumbai,Mumbai,Hospital,Prabhadevi,,19.0154874,72.8335191,87608b0a0ffffff,,1.0,1.0,False,,800.0,800.0,,,,+912048553252,https://www.practo.com/mumbai/hospital/life-care-hospital-dadar-west-mumbai-prabhadevi?referrer=hospital_listing,,VN,practo,,1.0,canonical,787,Q1,,Economy,0.209693
hosp_256876e316445574,"Vedant Hospital, Goregaon, Mumbai",vedant hospital goregaon mumbai,Mumbai,Hospital,Gokuldam,,19.1750847,72.877668,87608b466ffffff,,1.0,1.0,False,,0.0,0.0,,,,+912048556725,https://www.practo.com/mumbai/hospital/vedant-hospital-goregaon-mumbai-gokuldam?referrer=hospital_listing,,VN,practo,,1.0,canonical,788,Q1,,Economy,0.209693
hosp_1b578d2e990caf7e,GRANT GOVERNMENT MEDICAL COLLEGE AND SIR JJ GROUP OF HOSPITAL MUMBAI,grant government medical college sir jj group hospital mumbai,Mumbai,Hospital,Umerkhadi,,18.9627541933,72.8336322598,87608b189ffffff,,1.0,1.0,False,,0.0,0.0,,,,+912048556725,https://www.practo.com/mumbai/hospital/grant-government-medical-college-and-sir-jj-group-of-hospital-mumbai-umerkhadi?referrer=hospital_listing,,VN,practo,,1.0,canonical,789,Q1,,Economy,0.209693
hosp_41447185c00507c4,"Hip And Knee Centre, Kandivali, Mumbai",hip knee centre kandivali mumbai,Mumbai,Hospital,Kandivali West,,19.1979886,72.8484964,87608b444ffffff,,1.0,1.0,False,,800.0,800.0,,,,+918037298995,https://www.practo.com/mumbai/hospital/hip-and-knee-centre-kandivali-mumbai-kandivali-west?referrer=hospital_listing,,VN,practo,,1.0,canonical,790,Q1,,Economy,0.209693
hosp_34d7a83ac529ca9a,DrMeenas multispeciality Hospital,drmeenas multispeciality hospital,Mumbai,Hospital,Bhandup,,19.1474721,72.9310576,87608b55cffffff,,1.0,1.0,False,,0.0,0.0,,,,+912071173180,https://www.practo.com/mumbai/hospital/drmeenas-multispeciality-hospital-bhandup?referrer=hospital_listing,,VN,practo,,1.0,canonical,791,Q1,,Economy,0.209693
hosp_07769ce17b0b4d6f,Saboo Siddique Hospital 2d Echo,saboo siddique hospital 2d echo,Mumbai,Hospital,Nagpada,,18.9641444,72.8239187,87608b016ffffff,,1.0,1.0,False,,0.0,0.0,,,,+912071173263,https://www.practo.com/mumbai/hospital/saboo-siddique-hospital-2d-echo-nagpada?referrer=hospital_listing,,VN,practo,,1.0,canonical,792,Q1,,Economy,0.209693
hosp_c14e2948bfc5bfdd,"Sarla Hospital And Icu, Mumbai",sarla hospital icu mumbai,Mumbai,Hospital,Santacruz West,,19.0858083,72.8367986,87608b0b3ffffff,,1.0,1.0,False,,0.0,0.0,,,,+912048553064,https://www.practo.com/mumbai/hospital/sarla-hospital-and-icu-mumbai-santacruz-west?referrer=hospital_listing,,VN,practo,,1.0,canonical,793,Q1,,Economy,0.209693
hosp_f3dd5a2087c1f6c2,Shreenath Hospital,shreenath hospital,Mumbai,Hospital,Vikhroli East,,19.112863,72.931103,87608b541ffffff,,1.0,1.0,False,,0.0,0.0,,,,+912071185854,https://www.practo.com/mumbai/hospital/shreenath-hospital-1-vikhroli-east?referrer=hospital_listing,,VN,practo,,1.0,canonical,794,Q1,,Economy,0.209693
hosp_69769ff2de61e168,Suryakiran Multi Specialty Hospital,suryakiran multi specialty hospital,Mumbai,Hospital,Lokhandwala (Kandivali East),,19.1950593,72.8727523,87608b475ffffff,,1.0,1.0,False,,0.0,0.0,,,,+912071187259,https://www.practo.com/mumbai/hospital/suryakiran-multi-specialty-hospital-lokhandwala-kandivali-east?referrer=hospital_listing,,VN,practo,,1.0,canonical,795,Q1,,Economy,0.209693
hosp_9fbb1b70bac5dbe2,St. Mary Hospital,st mary hospital,Mumbai,Hospital,Malad East,,19.1873134,72.8600609,87608b462ffffff,,1.0,1.0,False,,0.0,0.0,,,,+912048553256,https://www.practo.com/mumbai/hospital/st-mary-hospital-malad-east-2?referrer=hospital_listing,,VN,practo,,1.0,canonical,796,Q1,,Economy,0.209693
hosp_9622590275ae88da,Shivani Maternity Hospital,shivani maternity hospital,Mumbai,Hospital,Mulund West,,19.168446,72.9390348,87608b551ffffff,,1.0,1.0,False,,0.0,0.0,,,,+912048554700,https://www.practo.com/mumbai/hospital/shivani-maternity-hospital-mulund-west-2?referrer=hospital_listing,,VN,practo,,1.0,canonical,797,Q1,,Economy,0.209693
hosp_d6762d4378a4675a,"Swastik Hospital And Research Centre, Mumbai",swastik hospital research centre mumbai,Mumbai,Hospital,Chembur East,,19.0552153,72.8899373,87608b569ffffff,,1.0,1.0,False,,0.0,0.0,,,,+912071173264,https://www.practo.com/mumbai/hospital/swastik-hospital-and-research-centre-mumbai-chembur-east?referrer=hospital_listing,,VN,practo,,1.0,canonical,798,Q1,,Economy,0.209693
hosp_79228748a35d058e,"Arundathi Neuro Center, Mumbai",arundathi neuro center mumbai,Mumbai,Hospital,Borivali East,,19.2242423,72.8613808,87608b473ffffff,,1.0,1.0,False,,0.0,0.0,,,,+912071187111,https://www.practo.com/mumbai/hospital/arundathi-neuro-center-mumbai-borivali-east?referrer=hospital_listing,,VN,practo,,1.0,canonical,799,Q1,,Economy,0.209693
hosp_ce11ba82e15deff4,Maternity Hospital,maternity hospital,Mumbai,Hospital,Prabhadevi,,19.0150779,72.8264001,87608b0a0ffffff,,1.0,1.0,False,,0.0,0.0,,,,+912048553259,https://www.practo.com/mumbai/hospital/maternity-hospital-prabhadevi?referrer=hospital_listing,,VN,practo,,1.0,canonical,800,Q1,,Economy,0.209693
hosp_ccbe2d275b219d9c,Shroff Eye Hospital,shroff eye hospital,Mumbai,Hospital,Bandra West,,19.0607,72.8368,87608b0b1ffffff,,1.0,1.0,False,,0.0,0.0,,,,+912048553248,https://www.practo.com/mumbai/hospital/shroff-eye-hospital-1-bandra-west?referrer=hospital_listing,,VN,practo,,1.0,canonical,801,Q1,,Economy,0.209693
hosp_a428991ee23786b0,Dhanwantari Hospital & Research Centre,dhanwantari hospital research centre,Mumbai,Hospital,Dadar West,,19.023799,72.8405837,87608b0a6ffffff,,1.0,1.0,False,,0.0,0.0,,,,+912048553586,https://www.practo.com/mumbai/hospital/dhanwantari-hospital-research-centre-dadar-west?referrer=hospital_listing,,VN,practo,,1.0,canonical,802,Q1,,Economy,0.209693
hosp_d413cb538c1cb99b,Jeevan Maternity And General Hospital,jeevan maternity general hospital,Mumbai,Hospital,Malad,,19.1853383,72.8539303,87608b462ffffff,,1.0,1.0,False,,0.0,0.0,,,,+912048554749,https://www.practo.com/mumbai/hospital/jeevan-maternity-and-general-hospital-malad?referrer=hospital_listing,,VN,practo,,1.0,canonical,803,Q1,,Economy,0.209693
hosp_1234a79375a58707,Kohinoor Hospital,kohinoor hospital,Mumbai,Hospital,Bandra West,,19.0646737,72.8351294,87608b0b1ffffff,,1.0,1.0,False,,0.0,0.0,,,,+912071177314,https://www.practo.com/mumbai/hospital/kohinoor-hospital-1-bandra-west?referrer=hospital_listing,,VN,practo,,1.0,canonical,804,Q1,,Economy,0.209693
hosp_6ac6853714e277e6,Gaurav Maternity and Ortho Surgical Hospital,gaurav maternity ortho surgical hospital,Mumbai,Hospital,Bhandup,,19.1456809,72.9290081,87608b55cffffff,,1.0,1.0,False,,0.0,0.0,,,,+912048553254,https://www.practo.com/mumbai/hospital/gaurav-maternity-and-ortho-surgical-hospital-bhandup?referrer=hospital_listing,,VN,practo,,1.0,canonical,805,Q1,,Economy,0.209693
hosp_c9cba645bd3e61c1,Sai Sanjeevani Hospital,sai sanjeevani hospital,Mumbai,Hospital,New Link Road,,19.2035941,72.8313706,87608b440ffffff,,1.0,1.0,False,,0.0,0.0,,,,+912071173264,https://www.practo.com/mumbai/hospital/sai-sanjeevani-hospital-2-new-link-road?referrer=hospital_listing,,VN,practo,,1.0,canonical,806,Q1,,Economy,0.209693
hosp_8c66307eb27261a7,"Balajee Hospital, Mumbai",balajee hospital mumbai,Mumbai,Hospital,Malad East,,19.1826169,72.8567513,87608b462ffffff,,1.0,1.0,False,,0.0,0.0,,,,+912071173263,https://www.practo.com/mumbai/hospital/balajee-hospital-mumbai-malad-east-1?referrer=hospital_listing,,VN,practo,,1.0,canonical,807,Q1,,Economy,0.209693
hosp_f8bb28dc04ba8125,Dr Mehul Bhatt General Clinic & Vaccination centre,dr mehul bhatt general clinic vaccination centre,Mumbai,Hospital,Malad,,19.1857961,72.8542791,87608b462ffffff,,1.0,1.0,False,,0.0,0.0,,,,+912071171707,https://www.practo.com/mumbai/hospital/dr-mehul-bhatt-general-clinic-vaccination-centre-malad?referrer=hospital_listing,,VN,practo,,1.0,canonical,808,Q1,,Economy,0.209693
hosp_53ed34be6c1cf05e,Shreesiddhi Multispeciality Hospital,shreesiddhi multispeciality hospital,Mumbai,Hospital,Deonar,,19.0546193,72.9147922,87608b56dffffff,,1.0,1.0,False,,0.0,0.0,,,,+912048553258,https://www.practo.com/mumbai/hospital/shreesiddhi-multispeciality-hospital-deonar?referrer=hospital_listing,,VN,practo,,1.0,canonical,809,Q1,,Economy,0.209693
hosp_e19e6a3204c3dbd9,Brahman sabha hospital,brahman sabha hospital,Mumbai,Hospital,Girgaon,,18.9568361,72.8189073,87608b014ffffff,,1.0,1.0,False,,0.0,0.0,,,,+912048553248,https://www.practo.com/mumbai/hospital/brahman-sabha-hospital-1-girgaon?referrer=hospital_listing,,VN,practo,,1.0,canonical,810,Q1,,Economy,0.209693
hosp_f9b04391f00adde0,"Guru Nanak Hospital, Bandra East, Mumbai",guru nanak hospital bandra east mumbai,Mumbai,Hospital,Bandra East,,19.0596141,72.8525241,87608b0b0ffffff,,1.0,1.0,False,,0.0,0.0,,,,+912071173264,https://www.practo.com/mumbai/hospital/guru-nanak-hospital-bandra-east-mumbai-bandra-east?referrer=hospital_listing,,VN,practo,,1.0,canonical,811,Q1,,Economy,0.209693
hosp_cbd3b954416e332c,Kapadia Multispecialty Hospital,kapadia multispecialty hospital,Mumbai,Hospital,Goregaon West,,19.1630706,72.8434104,87608b461ffffff,,1.0,1.0,False,,0.0,0.0,,,,+912071173265,https://www.practo.com/mumbai/hospital/kapadia-multispecialty-hospital-goregaon-west?referrer=hospital_listing,,VN,practo,,1.0,canonical,812,Q1,,Economy,0.209693
hosp_d1b3a45cc05924a9,"Aditya Jyot Eye Hospital, Wadala, Mumbai",aditya jyot eye hospital wadala mumbai,Mumbai,Hospital,Wadala West,,19.0213126,72.8589402,87608b0a6ffffff,,1.0,1.0,False,,0.0,0.0,,,,+912048553257,https://www.practo.com/mumbai/hospital/aditya-jyot-eye-hospital-wadala-mumbai-wadala-west?referrer=hospital_listing,,VN,practo,,1.0,canonical,813,Q1,,Economy,0.209693
hosp_3e51d7af1dcee639,"Oscar Hospital, Mumbai",oscar hospital mumbai,Mumbai,Hospital,New Link Road,,19.2036245,72.8279005,87608b440ffffff,,1.0,1.0,False,,0.0,0.0,,,,+912048553254,https://www.practo.com/mumbai/hospital/oscar-hospital-mumbai-new-link-road?referrer=hospital_listing,,VN,practo,,1.0,canonical,814,Q1,,Economy,0.209693
hosp_9d0514a03b3fb178,Surya Mother and Child Hospital,surya mother child hospital,Mumbai,Hospital,Santacruz West,,19.0856365,72.8378866,87608b0b3ffffff,,1.0,1.0,False,,1500.0,1500.0,,,,+912048553587,https://www.practo.com/mumbai/hospital/surya-mother-and-child-hospital-santacruz-west?referrer=hospital_listing,,VN,practo,,1.0,canonical,815,Q1,,Economy,0.209693
hosp_1484b88137debe0c,New Noor Hospital,new noor hospital,Mumbai,Hospital,Mumbai,,19.076191,72.8779767,87608b0b6ffffff,,1.0,1.0,False,,0.0,0.0,,,,+912071185853,https://www.practo.com/mumbai/hospital/new-noor-hospital-1-mumbai?referrer=hospital_listing,,VN,practo,,1.0,canonical,816,Q1,,Economy,0.209693
hosp_9e60ddd532ab3ea8,Pearl Hospital,pearl hospital,Mumbai,Hospital,Borivali,,19.2513016,72.8470826,87608b455ffffff,,1.0,1.0,False,,600.0,600.0,,,,+918037298997,https://www.practo.com/mumbai/hospital/pearl-hospital-1-borivali?referrer=hospital_listing,,VN,practo,,1.0,canonical,817,Q1,,Economy,0.209693
hosp_3b3c0d5fac23cdb7,"Vin R Eye Care Centre, Vikhroli, Mumbai",vin r eye care centre vikhroli mumbai,Mumbai,Hospital,Vikhroli East,,19.1113495,72.9296913,87608b541ffffff,,1.0,1.0,False,,400.0,400.0,,,,+912071533932,https://www.practo.com/mumbai/hospital/vin-r-eye-care-centre-vikhroli-mumbai-vikhroli-east?referrer=hospital_listing,,VN,practo,,1.0,canonical,818,Q1,,Economy,0.209693
hosp_6abc795c119775f3,SANJIVANI HOSPITAL,sanjivani hospital,Mumbai,Hospital,Dahisar,,19.2510467,72.8629498,87608b454ffffff,,1.0,1.0,False,,0.0,0.0,,,,+912048553263,https://www.practo.com/mumbai/hospital/sanjivani-hospital-1-dahisar?referrer=hospital_listing,,VN,practo,,1.0,canonical,819,Q1,,Economy,0.209693
hosp_ab0e71af85ab7f7a,Bhatt's Dental Care Centre,bhatt s dental care centre,Mumbai,Hospital,Chandivali,,19.1028534,72.9117486,87608b54cffffff,,1.0,1.0,False,,0.0,0.0,,,,+912071185421,https://www.practo.com/mumbai/hospital/bhatt-s-dental-care-centre-chandivali?referrer=hospital_listing,,VN,practo,,1.0,canonical,820,Q1,,Economy,0.209693
hosp_e71009a353c57606,"Agrawal Eye Hospital, Malad, Mumbai",agrawal eye hospital malad mumbai,Mumbai,Hospital,Malad West,,19.1900316,72.8465012,87608b444ffffff,,1.0,1.0,False,,0.0,0.0,,,,+912071189376,https://www.practo.com/mumbai/hospital/agrawal-eye-hospital-malad-mumbai-malad-west?referrer=hospital_listing,,VN,practo,,1.0,canonical,821,Q1,,Economy,0.209693
hosp_757d7711bbfe3205,"Ojas Eye Hospital, Mumbai",ojas eye hospital mumbai,Mumbai,Hospital,Bandra West,,19.0634816,72.8345088,87608b0b1ffffff,,1.0,1.0,False,,0.0,0.0,,,,+912048552992,https://www.practo.com/mumbai/hospital/ojas-eye-hospital-mumbai-bandra-west?referrer=hospital_listing,,VN,practo,,1.0,canonical,822,Q1,,Economy,0.209693
hosp_7bea9e4f17bac8db,"Sapna Health Care Centre Pvt Ltd, Mumbai",sapna health care centre mumbai,Mumbai,Hospital,Ghatkopar West,,19.0925675,72.9122583,87608b56affffff,,1.0,1.0,False,,0.0,0.0,,,,+912071171706,https://www.practo.com/mumbai/hospital/sapna-health-care-centre-pvt-ltd-mumbai-ghatkopar-west?referrer=hospital_listing,,VN,practo,,1.0,canonical,823,Q1,,Economy,0.209693
hosp_c8d1e5f161042b91,Boring Hospital,boring hospital,Mumbai,Hospital,Mumbai,,19.0759837,72.8776559,87608b0b6ffffff,,1.0,1.0,False,,0.0,0.0,,,,+912048552218,https://www.practo.com/mumbai/hospital/boring-hospital-mumbai?referrer=hospital_listing,,VN,practo,,1.0,canonical,824,Q1,,Economy,0.209693
hosp_06006ec6839351ac,Gayatri Hospital,gayatri hospital,Mumbai,Hospital,Goregaon East,,12.977997482810643,77.6009202003479,8760145b4ffffff,,1.0,1.0,False,,500.0,500.0,,,,+912071173186,https://www.practo.com/mumbai/hospital/gayatri-hospital-goregaon-east?referrer=hospital_listing,,VN,practo,,1.0,canonical,825,Q1,,Economy,0.209693
hosp_150f49b532121a8d,Mangalmurti Hospital,mangalmurti hospital,Mumbai,Hospital,Bhayandar East,,,,,,1.0,1.0,False,,0.0,0.0,,,,+912071173177,https://www.practo.com/mumbai/hospital/mangalmurti-hospital-1-bhayander-east?referrer=hospital_listing,,VN,practo,,0.6,canonical,826,Q1,,Economy,0.209693
hosp_0c72f11cb479b07e,Orbit Hospital,orbit hospital,Mumbai,Hospital,Mulund East,,19.1901516,72.9501566,87608b553ffffff,,1.0,1.0,False,,150.0,150.0,,,,+912071173199,https://www.practo.com/mumbai/hospital/orbit-hospital-thane-west?referrer=hospital_listing,,VN,practo,,1.0,canonical,827,Q1,,Economy,0.209693
hosp_142eefdffe825712,Shikhar NICU & Children's Hospital,shikhar nicu children s hospital,Mumbai,Hospital,Bhandup West,,19.1473829,72.936099,87608b542ffffff,,1.0,1.0,False,,500.0,500.0,,,,+912071173177,https://www.practo.com/mumbai/hospital/dr-vijay-mahajan-koramangala?referrer=hospital_listing,,VN,practo,,1.0,canonical,828,Q1,,Economy,0.209693
hosp_8732761b4436e42c,Mahavir Orthopaedic & Gerneral Hospital,mahavir orthopaedic gerneral hospital,Mumbai,Hospital,Mulund,,,,,,1.0,1.0,False,,300.0,300.0,,,,+912071173199,https://www.practo.com/mumbai/hospital/physiotherapy-mulund?referrer=hospital_listing,,VN,practo,,0.6,canonical,829,Q1,,Economy,0.209693
hosp_fbd2c83e0e9d572a,H R HOSPITAL,h r hospital,Mumbai,Hospital,Mira Road,,19.279605709559917,72.87099346518518,87608b456ffffff,,1.0,1.0,False,,500.0,500.0,,,,+912048554750,https://www.practo.com/mumbai/hospital/h-r-hospital-1-mira-road?referrer=hospital_listing,,VN,practo,,1.0,canonical,830,Q1,,Economy,0.209693
hosp_9cb96219d9cd92c6,Sai Vedant Multispeciality Hospital,sai vedant multispeciality hospital,Mumbai,Hospital,Bhayandar East,,19.304708082182,72.854105320279,87608b4e1ffffff,,1.0,1.0,False,,400.0,400.0,,,,+912048554750,https://www.practo.com/mumbai/hospital/sai-vedant-hospital-bhayandar-east-bhayandar-east?referrer=hospital_listing,,VN,practo,,1.0,canonical,831,Q1,,Economy,0.209693
hosp_59968b9f60396d05,Shinde's Medicare Hospital,shinde s medicare hospital,Mumbai,Hospital,Jogeshwari West,,19.131023,72.842563,87608b096ffffff,,1.0,1.0,False,3.0,2000.0,2000.0,,,,+912248933625,https://www.practo.com/mumbai/hospital/shinde-s-medicare-hospital-pvt-ltd-jogeshwari-west?referrer=hospital_listing,https://images1-fabric.practo.com/practices/1259203/shinde-s-medicare-hospital-pvt-ltd-mumbai-5d088a95dd5d4.png,VN,practo,,1.0,canonical,832,Q1,,Economy,0.209693
hosp_9ca147333a046db1,Punamiya Hospital,punamiya hospital,Mumbai,Hospital,Dadar West,,,,,,1.0,1.0,False,,0.0,0.0,,,,+912071173183,https://www.practo.com/mumbai/hospital/punamiya-hospital?referrer=hospital_listing,,VN,practo,,0.6,canonical,833,Q1,,Economy,0.209693
hosp_1c98aa6c7c93ceff,Care Hospital,care hospital,Mumbai,Hospital,Kharodi,,19.1807049,72.8168153,87608b46effffff,,1.0,1.0,False,,0.0,0.0,,,,+912048554748,https://www.practo.com/mumbai/hospital/care-hospital-1-kharodi?referrer=hospital_listing,,VN,practo,,1.0,canonical,834,Q1,,Economy,0.209693
hosp_ab9af3271feecec3,Cikale Hospital,cikale hospital,Mumbai,Hospital,Mahim,,19.0401165,72.841995,87608b0b5ffffff,,1.0,1.0,False,,0.0,0.0,,,,,https://www.practo.com/mumbai/hospital/cikale-hospital-mahim?referrer=hospital_listing,,active,practo,,1.0,canonical,835,Q1,,Economy,0.209693
hosp_68a1933b57c52f36,Platinum Hospital,platinum hospital,Mumbai,Hospital,Mumbai,,19.4052634,72.849912,87608b4dcffffff,,1.0,1.0,False,,0.0,0.0,,,,,https://www.practo.com/mumbai/hospital/platinum-hospital-mumbai?referrer=hospital_listing,,active,practo,,1.0,canonical,836,Q1,,Economy,0.209693
hosp_823dbca21fcf556e,Crystal hospital,crystal hospital,Mumbai,Hospital,Borivali East,,,,,,1.0,1.0,False,,800.0,800.0,,,,+912071173178,https://www.practo.com/mumbai/hospital/crystal-hospital-1?referrer=hospital_listing,,VN,practo,,0.6,canonical,837,Q1,,Economy,0.209693
hosp_004616bcd3f69c97,Aarogyam Dhansampada,aarogyam dhansampada,Mumbai,Hospital,Dadar West,,18.993574096444405,72.83575057983398,87608b0a4ffffff,,1.0,1.0,False,1.0,500.0,500.0,,,,+912071173183,https://www.practo.com/mumbai/hospital/the-clinic-3-lower-parel-3?referrer=hospital_listing,https://images1-fabric.practo.com/practices/709245/aarogyam-dhansampada-mumbai-5ef5aa05eb699.jpg,VN,practo,,1.0,canonical,838,Q1,,Economy,0.209693
hosp_26da67effa6d9e56,Anmol Child Development Clinic,anmol child development clinic,Mumbai,Hospital,Kandivali West,,19.208502473076,72.837928533554,87608b444ffffff,,1.0,1.0,False,1.0,2000.0,2000.0,,,,+912071173189,https://www.practo.com/mumbai/hospital/anmol-child-development-clinic-kandivali-west?referrer=hospital_listing,https://images1-fabric.practo.com/anmol-child-development-clinic-mumbai-1477387609-580f255965ba3.png,VN,practo,,1.0,canonical,839,Q1,,Economy,0.209693
hosp_2d7ea00ac9876923,Richfeel Trichology Centre,richfeel trichology centre,Mumbai,Hospital,Peddar Road,,18.971592,72.809296,87608b016ffffff,,1.0,1.0,False,13.0,450.0,450.0,,,,+912071173203,https://www.practo.com/mumbai/hospital/richfeel-trichology-centre-peddar-road?referrer=hospital_listing,https://images1-fabric.practo.com/practices/759010/richfeel-trichology-centre-mumbai-5c18da79e8a0f.jpg,VN,practo,,1.0,canonical,840,Q1,,Economy,0.209693
hosp_d8d3a03cd94bf92f,Manual Dsouza,manual dsouza,Mumbai,Hospital,Jogeshwari East,,,,,,1.0,1.0,False,,400.0,400.0,,,,+912071173187,https://www.practo.com/mumbai/hospital/abcd-8-andheri?referrer=hospital_listing,,VN,practo,,0.6,canonical,841,Q1,,Economy,0.209693
hosp_19dcf3cfa4a9f948,Anjali Mukerjee Health Total,anjali mukerjee health total,Mumbai,Hospital,Mumbai,,19.235948,72.976073,87608b423ffffff,,1.0,1.0,False,14.0,0.0,0.0,,,,+912071173201,https://www.practo.com/mumbai/hospital/anjali-mukerjee-health-total-mumbai?referrer=hospital_listing,https://images1-fabric.practo.com/anjali-mukerjee-health-total-mumbai-1477573485-5811fb6dc7c03.png,VN,practo,,1.0,canonical,842,Q1,,Economy,0.209693
hosp_0244afbbeaa75bf1,Anjali Mukerjee Health Total,anjali mukerjee health total,Mumbai,Hospital,Andheri East,,19.132006,72.8693345,87608b54bffffff,,1.0,1.0,False,14.0,0.0,0.0,,,,+918037298999,https://www.practo.com/mumbai/hospital/anjali-mukerjee-health-total-andheri-east?referrer=hospital_listing,https://images1-fabric.practo.com/anjali-mukerjee-health-total-mumbai-1477573266-5811fa92ea6a4.png,VN,practo,,1.0,canonical,843,Q1,,Economy,0.209693
hosp_5e651860258562c5,Amplifon Clinic,amplifon clinic,Mumbai,Hospital,Andheri West,,19.131406,72.817384,87608b093ffffff,,1.0,1.0,False,4.0,0.0,0.0,,,,+912071173175,https://www.practo.com/mumbai/hospital/amplifon-clinic-3-andheri-west?referrer=hospital_listing,https://images1-fabric.practo.com/practices/1148338/amplifon-clinic-mumbai-593a6d6186695.jpg,VN,practo,,1.0,canonical,844,Q1,,Economy,0.209693
hosp_b4f4bf660fbeee2a,Apex Hospital,apex hospital,Mumbai,Hospital,Borivali West,,19.23132,72.84959,87608b446ffffff,,33.0,20.0,True,,800.0,2000.0,3.5,89.0,,+912248905912,https://www.practo.com/mumbai/hospital/apex-hospital-borivali-west?referrer=hospital_listing,https://images1-fabric.practo.com/practices/674375/apex-hospital-mumbai-5b8a3b730ef35.jpg,ABS,practo,,1.0,canonical,845,Q1,,Economy,0.209386
hosp_8cc19af68ab3d411,Dr. Praful Lokhande's Shantiniketan Hospital,dr praful lokhande s shantiniketan hospital,Mumbai,Hospital,Ghatkopar West,,19.0951653,72.9139375,87608b56affffff,,3.0,2.0,True,,500.0,1000.0,3.5,18.0,,+912071173185,https://www.practo.com/mumbai/hospital/dr-praful-lokhande-s-shantiniketan-hospital-ghatkopar-west-1?referrer=hospital_listing,,VN,practo,,1.0,canonical,846,Q1,,Economy,0.207807
hosp_3268b3d601b102e6,Bala Hanuman Hospital,bala hanuman hospital,Mumbai,Hospital,Borivali West,,19.233130390950254,72.85273432731628,87608b455ffffff,,1.0,,False,,500.0,500.0,,,,+912071173178,https://www.practo.com/mumbai/hospital/bala-hanuman-hospital-borivali-west?referrer=hospital_listing,,VN,practo,,1.0,canonical,847,Q1,,Economy,0.207806
hosp_61f842dea488220d,Doctor's Square Hospital,doctor s square hospital,Mumbai,Hospital,Andheri East,,30.6358422,76.8146489,873d10d14ffffff,,1.0,,False,,1500.0,1500.0,,,,+912048552971,https://www.practo.com/mumbai/hospital/dr-shalini-sector-16?referrer=hospital_listing,,VN,practo,,1.0,canonical,848,Q1,,Economy,0.207806
hosp_9fe55841c27c3c94,"Ashok Hospital, Mumbai",ashok hospital mumbai,Mumbai,Hospital,Dahisar,,19.2432572,72.8659241,87608b454ffffff,,1.0,,False,,0.0,0.0,,,,+912048552992,https://www.practo.com/mumbai/hospital/ashok-hospital-mumbai-dahisar?referrer=hospital_listing,,VN,practo,,1.0,canonical,849,Q1,,Economy,0.207806
hosp_2176d6e79093b7f1,"Barc Hospital, Mumbai",barc hospital mumbai,Mumbai,Hospital,Anushakti Nagar,,19.0425561,72.9148255,87608b56dffffff,,1.0,,False,,0.0,0.0,,,,+912071533798,https://www.practo.com/mumbai/hospital/barc-hospital-mumbai-anushakti-nagar?referrer=hospital_listing,,VN,practo,,1.0,canonical,850,Q1,,Economy,0.207806
hosp_b0bf355c9f9b3cea,Samartha Hospital,samartha hospital,Mumbai,Hospital,Mira Road,,19.2809766,72.8753733,87608b456ffffff,,1.0,1.0,True,,600.0,600.0,3.5,16.0,,+912071173199,https://www.practo.com/mumbai/hospital/samartha-hospital-mira-road-2?referrer=hospital_listing,https://images1-fabric.practo.com/practices/816101/samartha-hospital-mumbai-58e3690a2b9d0.JPG,VN,practo,,1.0,canonical,851,Q1,,Economy,0.20766
hosp_8e6da2059357928c,NAYANSHAKTI VISSION EYE HOSPITAL,nayanshakti vission eye hospital,Mumbai,Hospital,Juhu,,19.106617,72.82976,87608b090ffffff,,1.0,1.0,True,,1500.0,1500.0,4.0,558.0,,+912248932610,https://www.practo.com/mumbai/hospital/vission-eye-center-juhu?referrer=hospital_listing,https://images1-fabric.practo.com/practices/738819/the-vission-eye-center-mumbai-5c0e4499a9c64.png,ABS,practo,,1.0,canonical,852,Q1,,Economy,0.207382
hosp_c12b0e863d76a23f,Her Clinic - Prabhadevi,her clinic prabhadevi,Mumbai,Hospital,Prabhadevi,,19.01585,72.828,87608b0a0ffffff,,1.0,2.0,True,,1500.0,1500.0,3.5,17.0,,+912048556137,https://www.practo.com/mumbai/hospital/shreedhar-hospital-prabhadevi?referrer=hospital_listing,,ABS,practo,,1.0,canonical,853,Q1,,Economy,0.207137
hosp_90b747c7f93e303f,Sir J J Group of Hospitals and Grant Medical College,sir j j group hospitals grant medical college,Mumbai,Hospital,Nagpada,,18.96714,72.828657,87608b189ffffff,,13.0,10.0,False,,0.0,1000.0,3.5,11.0,,+912071173201,https://www.practo.com/mumbai/hospital/sir-j-j-group-of-hospitals-and-grant-medical-college-nagpada?referrer=hospital_listing,,VN,practo,,1.0,canonical,854,Q1,,Economy,0.205953
hosp_e43205f1546d9a9b,Positive Vibrations,positive vibrations,Mumbai,Hospital,Andheri West,,19.149539993213985,72.82586429268122,87608b46cffffff,,1.0,2.0,True,,2000.0,2000.0,4.0,87.0,,+912048553253,https://www.practo.com/mumbai/hospital/positive-vibrations-dr-keerti-sachdeva-andheri-west?referrer=hospital_listing,https://images1-fabric.practo.com/positive-vibrations-mumbai-1478676761-5822d1197f795.jpg,ABS,practo,,1.0,canonical,855,Q1,,Economy,0.205202
hosp_3473fc6655f5cb83,National Hospital,national hospital,Mumbai,Hospital,Borivali East,,19.075984,72.877656,87608b0b6ffffff,,3.0,4.0,True,,0.0,1200.0,3.5,21.0,,+912067325817,https://www.practo.com/mumbai/hospital/national-hospital-borivali-east?referrer=hospital_listing,https://images1-fabric.practo.com/practices/644099/national-hospital-mumbai-666d1eb8ae601.png,VN,practo,,1.0,canonical,856,Q1,,Economy,0.204976
hosp_18db87ea0a118dd2,Narurkar ENT Hospital,narurkar ent hospital,Mumbai,Hospital,Chembur East,,19.04943,72.90625,87608b56dffffff,,1.0,1.0,False,,600.0,600.0,4.0,30.0,1992.0,+912048556725,https://www.practo.com/mumbai/hospital/narurkar-ent-hospital-chembur-east?referrer=hospital_listing,,VN,practo,,1.0,canonical,857,Q1,,Economy,0.203292
hosp_f31c9895dcc60573,Vinayak Maternity And General Hospital,vinayak maternity general hospital,Mumbai,Hospital,Malad West,,19.19462,72.83358,87608b445ffffff,,5.0,5.0,True,,600.0,800.0,3.5,25.0,,+912071173196,https://www.practo.com/mumbai/hospital/vinayak-maternity-and-general-hospital-malad-west-1?referrer=hospital_listing,https://images1-fabric.practo.com/5566f92cf18731244b63f10161a1c2ef8edc0bae5ba6f.jpg,VN,practo,,1.0,canonical,858,Q1,,Economy,0.201912
hosp_e8ca1edbf77747ec,Cardinal Gracias Memorial Hospital Trust,cardinal gracias memorial hospital trust,Mumbai,Hospital,Agripada,,19.372997,72.821993,87608b4ceffffff,,10.0,16.0,True,,0.0,800.0,3.5,47.0,,+912067325806,https://www.practo.com/mumbai/hospital/cardinal-gracias-memorial-hospital-trust-vasai-west?referrer=hospital_listing,,VN,practo,,1.0,canonical,859,Q1,,Economy,0.198542
hosp_f38643357ac48a35,Aastha Maternity & Surgical Nursing Home,aastha maternity surgical nursing home,Mumbai,Hospital,Lal baug,,18.988207460749,72.837855066173,87608b18bffffff,,2.0,2.0,True,,1500.0,2000.0,3.0,12.0,,+912071179000,https://www.practo.com/mumbai/hospital/aastha-maternity-surgical-nursing-home-lal-baug?referrer=hospital_listing,https://images1-fabric.practo.com/aastha-maternity-and-surgical-nursing-home-mumbai-1484029854-58747f9eed074.png,VN,practo,,1.0,canonical,860,Q1,,Economy,0.198056
hosp_b991a2d8844754c0,KKasturi Medicare Pvt. Ltd.,kkasturi medicare,Mumbai,Hospital,Bhayandar West,,19.299757,72.851075,87608b4ecffffff,,5.0,8.0,True,,300.0,1000.0,3.0,16.0,,+912071173178,https://www.practo.com/mumbai/hospital/kkasturi-medicare-pvt-ltd-bhayandar-west?referrer=hospital_listing,https://images1-fabric.practo.com/kkasturi-medicare-pvt-ltd-mumbai-1441778932-55efccf421dc0.jpg,VN,practo,,1.0,canonical,861,Q1,,Economy,0.197532
hosp_1354321c3bbcc9c9,Tirupati Physiotherapy Clinic,tirupati physiotherapy clinic,Mumbai,Hospital,Kandivali East,,19.21066,72.87686,87608b470ffffff,,1.0,1.0,True,,0.0,0.0,3.5,21.0,,+912071173189,https://www.practo.com/mumbai/hospital/tirupati-physiotherapy-clinic-kandivali-east-1?referrer=hospital_listing,https://images1-fabric.practo.com/practices/749713/tirupati-physiotherapy-clinic-mumbai-58e3d1f689e47.JPG,VN,practo,,1.0,canonical,862,Q1,,Economy,0.196308
hosp_0a4ee395c593b7c6,KLS Memorial Hospital,kls memorial hospital,Mumbai,Hospital,Vileparle West,,19.1077033933188,72.840795814991,87608b094ffffff,,9.0,13.0,True,,500.0,2000.0,3.5,45.0,,+912071171709,https://www.practo.com/mumbai/hospital/kls-memorial-hospital-vileparle-west-1?referrer=hospital_listing,https://images1-fabric.practo.com/5566d448dd6578c2857a9ad1d8f31659e35e904e20fa6.jpg,VN,practo,,1.0,canonical,863,Q1,,Economy,0.193621
hosp_9c633ecac80da6c5,Surya Eye,surya eye,Mumbai,Hospital,Bandra West,,19.065266485354,72.832403182983,87608b0b1ffffff,,6.0,2.0,False,,1200.0,3500.0,4.0,19.0,,+912248931195,https://www.practo.com/mumbai/hospital/surya-eye-care-bandra-west?referrer=hospital_listing,https://images1-fabric.practo.com/practices/1461327/surya-eye-institute-bandra-mumbai-663e1f2b4f565.jpg,ABS,practo,,1.0,canonical,864,Q1,,Economy,0.193389
hosp_98f6cec235bf9694,Srijan The Fertility Centre & Women Care Hospital,srijan fertility centre women care hospital,Mumbai,Hospital,Borivali West,,19.2301,72.85287,87608b446ffffff,,2.0,2.0,False,,800.0,1000.0,3.5,19.0,1980.0,+912071173178,https://www.practo.com/mumbai/hospital/srijan-the-fertility-centre-women-care-hospital-borivali-west?referrer=hospital_listing,https://images1-fabric.practo.com/srijan-the-fertility-centre-women-care-hospital-mumbai-1489222676-58c3bc1450262.png,VN,practo,,1.0,canonical,865,Q1,,Economy,0.192369
hosp_f806c3d26d414027,Dr Batra's Positive Health Clinic Pvt Ltd,dr batra s positive health clinic,Mumbai,Hospital,Mulund West,,19.168584,72.9399673,87608b551ffffff,,2.0,1.0,False,10.0,499.0,499.0,4.0,14.0,,+912071171709,https://www.practo.com/mumbai/hospital/dr-batras-positive-health-clinic-pvt-ltd-1-mulund-west?referrer=hospital_listing,https://images1-fabric.practo.com/practices/1026481/dr-batra-s-positive-health-clinic-pvt-ltd-mumbai-64105f93057e9.png,VN,practo,,1.0,canonical,866,Q1,,Economy,0.190699
hosp_3d40817a7077f82e,Deepak Hospital,deepak hospital,Mumbai,Hospital,Mira Road,,19.2928972,72.8614659,87608b452ffffff,,4.0,4.0,True,,0.0,700.0,2.5,11.0,,+912071173198,https://www.practo.com/mumbai/hospital/deepak-hospital-mira-road?referrer=hospital_listing,https://images1-fabric.practo.com/practices/681070/deepak-hospital-mumbai-6673be5aeebd8.png,VN,practo,,1.0,canonical,867,Q1,,Economy,0.187435
hosp_c7c25b73a298378e,Aashirwad Hospital,aashirwad hospital,Mumbai,Hospital,Andheri West,,19.1421869,72.8266291,87608b092ffffff,,2.0,3.0,False,,500.0,1000.0,3.5,11.0,2014.0,+911142246453,https://www.practo.com/mumbai/hospital/aashirwad-hospital-andheri-west?referrer=hospital_listing,https://images1-fabric.practo.com/practices/634122/aashirwad-hospital-mumbai-5c8fae2523c5a.jpg,VN,practo,,1.0,canonical,868,Q1,,Economy,0.186204
hosp_98ad2b27ccf0a54f,Amey Surgical Nursing Home,amey surgical nursing home,Mumbai,Hospital,Kanjurmarg,,19.1378233,72.9360383,87608b542ffffff,,2.0,2.0,False,,400.0,400.0,3.5,11.0,2012.0,+912071173190,https://www.practo.com/mumbai/hospital/amey-surgical-nursing-home-kanjurmarg?referrer=hospital_listing,,VN,practo,,1.0,canonical,869,Q1,,Economy,0.185984
hosp_4bee98b8d17766b7,Hinduja Hospital,hinduja hospital,Mumbai,Hospital,Mahim,,19.033214881480166,72.83909797668457,87608b0a2ffffff,,30.0,25.0,True,,0.0,4000.0,3.5,387.0,,+912071173195,https://www.practo.com/mumbai/hospital/hindujahospital-mahim?referrer=hospital_listing,,VN,practo,,1.0,canonical,870,Q1,,Economy,0.180674
hosp_db46b9cb4dedaff9,SAS Hospital,sas hospital,Mumbai,Hospital,Bhandup West,,28.5543305,77.2880698,873da115bffffff,,2.0,3.0,True,,600.0,1000.0,2.5,17.0,1990.0,+912071173177,https://www.practo.com/mumbai/hospital/sas-hospital-bhandup-west?referrer=hospital_listing,,VN,practo,,1.0,canonical,871,Q1,,Economy,0.179089
hosp_471bf84edc7a2dbb,Platinum Hospital,platinum hospital,Mumbai,Hospital,Mulund West,,19.182638429370915,72.9543685913086,87608b553ffffff,,24.0,17.0,True,,500.0,2000.0,2.5,27.0,2009.0,+912048556423,https://www.practo.com/mumbai/hospital/platinum-hospital-mulund-west?referrer=hospital_listing,https://images1-fabric.practo.com/practices/779012/platinum-hospital-mumbai-664d7fc1530bf.png,ABS,practo,,1.0,canonical,872,Q1,,Economy,0.178727
hosp_d97bc3529d8d8621,Kapadia Multispeciality Hospital,kapadia multispeciality hospital,Mumbai,Hospital,Goregaon West,,19.163323,72.843608,87608b461ffffff,,6.0,6.0,True,,0.0,1500.0,2.5,14.0,,+912071173186,https://www.practo.com/mumbai/hospital/kapadia-multispeciality-hospital-goregaon-west?referrer=hospital_listing,https://images1-fabric.practo.com/practices/642586/kapadia-multispeciality-hospital-mumbai-5aead437e12f1.png,VN,practo,,1.0,canonical,873,Q1,,Economy,0.176697
hosp_f92501d249a71c4e,Bhaktivedanta Hospital,bhaktivedanta hospital,Mumbai,Hospital,Mira Road,,19.27010585354315,72.87049859762192,87608b456ffffff,,14.0,15.0,True,,0.0,850.0,3.5,80.0,,+912071173198,https://www.practo.com/mumbai/hospital/bhaktivedanta-hospital-mira-road?referrer=hospital_listing,https://images1-fabric.practo.com/practices/679348/bhaktivedanta-hospital-mumbai-66595b131fee8.jpeg,VN,practo,,1.0,canonical,874,Q1,,Economy,0.176229
hosp_2b20b4501bde8bfe,R.G Stone Hospital,r g stone hospital,Mumbai,Hospital,Mulund West,,19.1711611,72.9499993,87608b551ffffff,,2.0,3.0,False,,250.0,1650.0,3.5,12.0,,+912071173199,https://www.practo.com/mumbai/hospital/r-g-stone-hospital-mulund-west?referrer=hospital_listing,,VN,practo,,1.0,canonical,875,Q1,,Economy,0.173375
hosp_16b24e061e71e649,Rathod Orthopaedic Hospital,rathod orthopaedic hospital,Mumbai,Hospital,Borivali West,,19.22851610323172,72.85223007202148,87608b446ffffff,,1.0,1.0,False,,1200.0,1200.0,3.5,11.0,,+912071173234,https://www.practo.com/mumbai/hospital/rathod-orthopaedic-hospital-borivali-west-1?referrer=hospital_listing,https://images1-fabric.practo.com/rathod-orthopaedic-hospital-mumbai-1456998281-56d8078956c32.jpg,VN,practo,,1.0,canonical,876,Q1,,Economy,0.170927
hosp_1f7b321bef057db8,Dr Batra's Positive Health Clinic Pvt Ltd,dr batra s positive health clinic,Mumbai,Hospital,Khar West,,19.0687164,72.8370292,87608b0b1ffffff,,2.0,1.0,False,10.0,499.0,499.0,3.5,12.0,,+912071177436,https://www.practo.com/mumbai/hospital/dr-batras-positive-health-clinic-pvt-ltd-1-khar-west?referrer=hospital_listing,https://images1-fabric.practo.com/practices/1026436/dr-batra-s-positive-health-clinic-pvt-ltd-mumbai-64105f4368f28.png,VN,practo,,1.0,canonical,877,Q1,,Economy,0.169602
hosp_30642a8d213e038c,Vatsalya Hospital,vatsalya hospital,Mumbai,Hospital,Malad East,,19.18393,72.8498,87608b462ffffff,,1.0,3.0,False,,700.0,700.0,3.5,16.0,,+912071173196,https://www.practo.com/mumbai/hospital/vatsalya-hospital-malad-east-2?referrer=hospital_listing,https://images1-fabric.practo.com/practices/1028943/vatsalya-hospital-mumbai-5ac333a20e978.png,VN,practo,,1.0,canonical,878,Q1,,Economy,0.161433
hosp_057fff0ae4cc15df,Dr. Vaidya Eye Hospital,dr vaidya eye hospital,Mumbai,Hospital,Andheri West,,19.127422636292092,72.83162131905556,87608b092ffffff,,2.0,1.0,True,,800.0,1000.0,3.5,47.0,,+912071173175,https://www.practo.com/mumbai/hospital/dr-vaidya-s-eye-hospital-andheri-west?referrer=hospital_listing,https://images1-fabric.practo.com/dr-vaidya-eye-hospital-mumbai-1447652608-56496d00aba51.jpg,VN,practo,,1.0,canonical,879,Q1,,Economy,0.15821
hosp_febe492c26cc02f4,Mallika Hospital,mallika hospital,Mumbai,Hospital,Jogeshwari West,,19.13741187522048,72.84668058156967,87608b465ffffff,,33.0,18.0,True,,600.0,2000.0,2.5,41.0,2002.0,+912248902575,https://www.practo.com/mumbai/hospital/mallika-hospital-jogeshwari-west?referrer=hospital_listing,https://images1-fabric.practo.com/practices/658703/mallika-hospital-mumbai-66558ff1454d9.png,ABS,practo,,1.0,canonical,880,Q1,,Economy,0.154849
hosp_8442675db5317a99,Sudhanshu Hospital & ICCU,sudhanshu hospital iccu,Mumbai,Hospital,Bhandup West,,19.1535061,72.929602,87608b55cffffff,,19.0,16.0,False,,1200.0,2500.0,2.5,16.0,,+912246181108,https://www.practo.com/mumbai/hospital/sudhanshu-hospital-and-iccu-bhandup-west?referrer=hospital_listing,https://images1-fabric.practo.com/practices/1578864/sudhanshu-multi-speciality-hospital-iccu-mumbai-6852c117f2b9a.png,ABS,practo,,1.0,canonical,881,Q1,,Economy,0.154329
hosp_2379a0e43ec037e6,Holy Spirit Hospital,holy spirit hospital,Mumbai,Hospital,Andheri East,,19.12839,72.8666,87608b54bffffff,,17.0,17.0,True,,0.0,1500.0,3.5,189.0,,+912071178179,https://www.practo.com/mumbai/hospital/holy-spirit-hospital-andheri-east-1?referrer=hospital_listing,,VN,practo,,1.0,canonical,882,Q1,,Economy,0.153438
hosp_cc1aee5acd7d9460,Dr Batra's Positive Health Clinic Pvt Ltd,dr batra s positive health clinic,Mumbai,Hospital,Borivali West,,19.2204598,72.8530401,87608b446ffffff,,4.0,1.0,False,10.0,499.0,499.0,3.5,20.0,,+912071177436,https://www.practo.com/mumbai/hospital/dr-batras-positive-health-clinic-pvt-ltd-1-borivali-west?referrer=hospital_listing,https://images1-fabric.practo.com/practices/1026422/dr-batra-s-positive-health-clinic-pvt-ltd-mumbai-64100bdaaa795.png,VN,practo,,1.0,canonical,883,Q1,,Economy,0.152956
hosp_ccbfdd5bfd40731d,Dr. L.H.Hiranandani Hospital,dr l h hiranandani hospital,Mumbai,Hospital,Powai,,19.12032,72.91731,87608b541ffffff,,9.0,13.0,False,,0.0,1500.0,3.5,39.0,,+912071173203,https://www.practo.com/mumbai/hospital/dr-l-h-hiranandani-hospital-powai-5-1?referrer=hospital_listing,https://images1-fabric.practo.com/dr-l-h-hiranandani-hospital-mumbai-1454330382-56af520e79c1c.jpg,VN,practo,,1.0,canonical,884,Q1,,Economy,0.15099
hosp_fefff52ae8605bde,Datt Maternity & Surgical Home,datt maternity surgical home,Mumbai,Hospital,Goregaon West,,19.1605585,72.8460666,87608b460ffffff,,2.0,1.0,True,,1000.0,1000.0,3.5,56.0,,+912249398287,https://www.practo.com/mumbai/hospital/datt-maternity-surgical-home-goregaon-west-3?referrer=hospital_listing,https://images1-fabric.practo.com/datt-maternity-surgical-home-mumbai-1489555294-58c8cf5ec1c81.png,VN,practo,,1.0,canonical,885,Q1,,Economy,0.149229
hosp_31bad991fa209d92,Dr Batra's Positive Health Clinic Pvt Ltd,dr batra s positive health clinic,Mumbai,Hospital,Ghatkopar East,,19.0800802,72.9042776,87608b56bffffff,,3.0,2.0,False,10.0,499.0,499.0,3.5,22.0,,+912071177430,https://www.practo.com/mumbai/hospital/dr-batras-positive-health-clinic-pvt-ltd-1-ghatkopar-east?referrer=hospital_listing,https://images1-fabric.practo.com/practices/1026429/dr-batra-s-positive-health-clinic-pvt-ltd-mumbai-64105f00eb173.png,RFA,practo,,1.0,canonical,886,Q1,,Economy,0.149127
hosp_73bc4b2a829374d6,Raksha Hospital,raksha hospital,Mumbai,Hospital,Malad West,,19.19674,72.82724,87608b445ffffff,,3.0,5.0,True,,500.0,800.0,3.5,69.0,,+912071173196,https://www.practo.com/mumbai/hospital/raksha-hospital-malad-west-2?referrer=hospital_listing,https://images1-fabric.practo.com/53eb4a91a6a5532fce4017c98368ef125f6c21013cbca.jpg,VN,practo,,1.0,canonical,887,Q1,,Economy,0.147867
hosp_8fca59e97a62ef52,Aditi Hospital,aditi hospital,Mumbai,Hospital,Mulund West,,19.17196,72.94861,87608b551ffffff,,10.0,10.0,True,,800.0,2000.0,3.5,116.0,,+912246182742,https://www.practo.com/mumbai/hospital/aditi-hospital-mulund-west-1?referrer=hospital_listing,https://images1-fabric.practo.com/practices/675406/aditi-hospital-mumbai-5e0dd0d95df74.jpg,ABS,practo,,1.0,canonical,888,Q1,,Economy,0.144935
hosp_600e37cd766752dd,A1 Superspeciality Healthcare,a1 superspeciality healthcare,Mumbai,Hospital,Dahisar East,,19.25763640099416,72.86221117301635,87608b450ffffff,,24.0,21.0,True,,1000.0,2500.0,3.0,66.0,,+912248930200,https://www.practo.com/mumbai/hospital/a1-superspeciality-healthcare-dahisar-east?referrer=hospital_listing,https://images1-fabric.practo.com/practices/2070167/a1-superspeciality-healthcare-mumbai-6849709f0235f.png,ABS,practo,,1.0,canonical,889,Q1,,Economy,0.142929
hosp_4686709d0d047741,Jaydeep Hospital,jaydeep hospital,Mumbai,Hospital,Charkop,,19.217838418032642,72.82874599099159,87608b440ffffff,,1.0,1.0,False,,400.0,400.0,2.5,10.0,,+912071173180,https://www.practo.com/mumbai/hospital/jaydeep-hospital-charkop?referrer=hospital_listing,,VN,practo,,1.0,canonical,890,Q1,,Economy,0.133496
hosp_5b07ca80c3952b40,Axis Orthopedic Hospital,axis orthopedic hospital,Mumbai,Hospital,Andheri West,,19.13661,72.82723,87608b092ffffff,,3.0,4.0,True,,0.0,2000.0,3.5,596.0,1995.0,+912071171706,https://www.practo.com/mumbai/hospital/axis-orthopedic-hospital-andheri-west1?referrer=hospital_listing,https://images1-fabric.practo.com/practices/761584/axis-orthopedic-hospital-mumbai-5959f62317d1a.png,VN,practo,,1.0,canonical,891,Q1,,Economy,0.132276
hosp_5378dc3d3c2e12e6,Arya Women's Hospital,arya women s hospital,Mumbai,Hospital,Kandivali West,,19.20703,72.83504,87608b444ffffff,,1.0,2.0,True,,1500.0,1500.0,3.5,164.0,2007.0,+918068452123,https://www.practo.com/mumbai/hospital/arya-women-s-hospital-kandivali-west?referrer=hospital_listing,https://images1-fabric.practo.com/5476bce70c2cb144cb8381aea8b7eb240d8c884e65495.jpg,ABS,practo,,1.0,canonical,892,Q1,,Economy,0.120577
hosp_f66e63debcfc71ce,Shah Life Line Hospital,shah life line hospital,Mumbai,Hospital,Mira Road,,19.296278,72.855527,87608b452ffffff,,15.0,11.0,True,,1000.0,2000.0,2.5,33.0,,+912048552994,https://www.practo.com/mumbai/hospital/md-medicine-mira-bhayandar?referrer=hospital_listing,,VN,practo,,1.0,canonical,893,Q1,,Economy,0.11846
hosp_93cbc8ff0a21de47,Lifeline Multispeciality Hospital,lifeline multispeciality hospital,Mumbai,Hospital,Malad West,,19.190143106238217,72.8478741645813,87608b444ffffff,,16.0,12.0,True,,0.0,2000.0,2.5,35.0,,+912071173197,https://www.practo.com/mumbai/hospital/lifeline-multispeciality-hospital-malad-west-1?referrer=hospital_listing,https://images1-fabric.practo.com/practices/1131425/lifeline-multispeciality-hospital-mumbai-666d29354ec3f.png,VN,practo,,1.0,canonical,894,Q1,,Economy,0.115448
hosp_28410a30a3448917,Nityanand  Nursing Home,nityanand nursing home,Mumbai,Hospital,Vileparle East,,,,,,1.0,3.0,False,,800.0,800.0,3.5,43.0,,+912071173233,https://www.practo.com/mumbai/hospital/nityanand-nursing-home-vileparle-east?referrer=hospital_listing,,VN,practo,,0.6,canonical,895,Q1,,Economy,0.115068
hosp_930c0889cefd09b9,Aditya Jyot Eye Hospital - A unit of Dr. Agarwals Eye Hospital,aditya jyot eye hospital unit dr agarwals eye hospital,Mumbai,Hospital,Wadala,,19.015128,72.858064,87608b199ffffff,,2.0,1.0,True,,500.0,1400.0,3.0,40.0,,+912071189373,https://www.practo.com/mumbai/hospital/aditya-jyot-eye-hospital-wadala?referrer=hospital_listing,https://images1-fabric.practo.com/practices/657970/aditya-jyot-eye-hospital-mumbai-6204f3e83f69a.PNG,ABS,practo,,1.0,canonical,896,Q1,,Economy,0.112714
hosp_229b28843c2b4014,Mauli Aarogyam Multi Speciality Hospital,mauli aarogyam multi speciality hospital,Mumbai,Hospital,Malad East,,19.187455124644057,72.85943483558216,87608b462ffffff,,18.0,14.0,False,,800.0,2000.0,2.5,25.0,,+912248905394,https://www.practo.com/mumbai/hospital/mauli-aarogyam-multi-speciality-hospital-malad-east?referrer=hospital_listing,,ABS,practo,,1.0,canonical,897,Q1,,Economy,0.107729
hosp_4dba62ab36283d02,World Gastroenterology Institute,world gastroenterology institute,Mumbai,Hospital,Andheri West,,19.1273397,72.8472777,87608b096ffffff,,1.0,3.0,True,,0.0,0.0,3.5,180.0,,+918037298997,https://www.practo.com/mumbai/hospital/world-gastroenterology-institute-andheri-west?referrer=hospital_listing,https://images1-fabric.practo.com/world-gastroenterology-institute-mumbai-1465906665-575ff5e9c09f2.PNG,VN,practo,,1.0,canonical,898,Q1,,Economy,0.104149
hosp_ce3c2e99fdf5f4be,Envision Super Speciality Retina & Eye Hospital,envision super speciality retina eye hospital,Mumbai,Hospital,Jogeshwari West,,19.137444816916,72.846710085869,87608b465ffffff,,4.0,1.0,False,,500.0,500.0,3.5,106.0,,+918047092235,https://www.practo.com/mumbai/hospital/envision-super-speciality-ratina-and-laser-eye-hospital-goregaon-west?referrer=hospital_listing,https://images1-fabric.practo.com/practices/1323939/envision-super-speciality-retina-eye-hospital-mumbai-607fa51db3e48.jpeg,ABS,practo,,1.0,canonical,899,Q1,,Economy,0.072487
hosp_58a2e5b4b2304bb3,Khandelwal ENT Hospital,khandelwal ent hospital,Mumbai,Hospital,Malad West,,19.18645,72.84626,87608b463ffffff,,1.0,1.0,True,,1000.0,1000.0,3.0,78.0,,+912071177298,https://www.practo.com/mumbai/hospital/khandelwal-ent-hospital-malad-west?referrer=hospital_listing,https://images1-fabric.practo.com/5498275fc7a443459df03ad0acf31242cac271575135b.jpg,VN,practo,,1.0,canonical,900,Q1,,Economy,0.057671
hosp_2e023573236e7c71,Dr. Khona's ENT Hospital,dr khona s ent hospital,Mumbai,Hospital,Mulund West,,19.17607,72.95397,87608b553ffffff,,1.0,1.0,False,,700.0,700.0,3.0,43.0,,+912071173200,https://www.practo.com/mumbai/hospital/dr-khona-s-ent-hospital-mulund-west-1?referrer=hospital_listing,,VN,practo,,1.0,canonical,901,Q1,,Economy,0.055316
