hospital_id,name,normalized_name,city,practice_type,locality,address,latitude,longitude,h3_res7,zone,doctors_count,speciality_count,multispeciality,other_centers_count,consultation_fee_min,consultation_fee_max,rating,reviews_count,year_established,phone,profile_url,image_url,status,source,scraped_at,data_completeness,dedupe_status,city_rank,quartile,q4_subquartile,segment,hospital_score
hosp_b8121c9211d1ede6,Medica Superspeciality Hospital,medica superspeciality hospital,Kolkata,Hospital,Mukundapur,,22.49441,88.400831,873cf2c42ffffff,,62.0,41.0,True,,0.0,1700.0,5.0,656.0,,+913340586258,https://www.practo.com/kolkata/hospital/medica-superspeciality-hospital-mukundapur1?referrer=hospital_listing,https://images1-fabric.practo.com/medica-superspecialty-hospital-kolkata-1479724170-5832cc8aa5859.jpg,VN,practo,,1.0,canonical,1,Q4,Q4-Sub-Q4,Ultra Premium,0.710413
hosp_7ef4a3fbedba9ee0,Happy 2TH - Pediatric Care Clinic,happy 2th pediatric care clinic,Kolkata,Hospital,Ballygunge,,22.52641,88.36029,873cf2c71ffffff,,7.0,3.0,True,,0.0,1200.0,5.0,1818.0,,+913340586594,https://www.practo.com/kolkata/hospital/happy-2th-pediatric-dental-clinic-ballygunge?referrer=hospital_listing,https://images1-fabric.practo.com/5534da146bca4444b8bd079172194d74211403f6fac04.jpg,VN,practo,,1.0,canonical,2,Q4,Q4-Sub-Q4,Ultra Premium,0.686355
hosp_83dc0267931b6b56,Manipal Hospitals (AMRI Hospitals),manipal hospitals amri hospitals,Kolkata,Hospital,Dhakuria,,22.512219971073108,88.36772561073303,873cf2c71ffffff,,57.0,26.0,True,1.0,0.0,3000.0,4.5,1386.0,,+913348052535,https://www.practo.com/kolkata/hospital/amri-dhakuria?referrer=hospital_listing,https://images1-fabric.practo.com/practices/1033173/amri-hospitals-kolkata-6661a08d5f894.png,RFA,practo,,1.0,canonical,3,Q4,Q4-Sub-Q4,Ultra Premium,0.668955
hosp_5f7e9fdbdab5da08,AMRI Hospital,amri hospital,Kolkata,Hospital,Mukundapur,,22.49392,88.4022,873cf2c42ffffff,,10.0,12.0,True,,0.0,1000.0,5.0,1081.0,,+913340586090,https://www.practo.com/kolkata/hospital/dr-abhijit-das?referrer=hospital_listing,https://images1-fabric.practo.com/amri-mukundapur-kolkata-1444549938-561a15327a4c4.png,VN,practo,,1.0,canonical,4,Q4,Q4-Sub-Q4,Ultra Premium,0.609453
hosp_9ed0af770407411b,Ghosh ENT Foundation,ghosh ent foundation,Kolkata,Hospital,Salt Lake,,22.582804916525,88.409771680417,873cf2c6cffffff,,1.0,2.0,True,,800.0,800.0,5.0,1129.0,,+913340586258,https://www.practo.com/kolkata/hospital/ghosh-e-n-t-foundation-salt-lake?referrer=hospital_listing,https://images1-fabric.practo.com/practices/649082/ghosh-e-n-t-foundation-kolkata-58e3790059fdd.jpg,VN,practo,,1.0,canonical,5,Q4,Q4-Sub-Q4,Ultra Premium,0.575472
hosp_748585203ec5e597,Mission Smile,mission smile,Kolkata,Hospital,Ballygunge,,22.52568,88.3646,873cf2c71ffffff,,2.0,1.0,True,,900.0,1200.0,5.0,953.0,,+913340586258,https://www.practo.com/kolkata/hospital/mission-smile-ballygunge-1?referrer=hospital_listing,https://images1-fabric.practo.com/54bb5248875d096d6f2e7e1f705ab5e59c84a6dc009b2.jpg,ABS,practo,,1.0,canonical,6,Q4,Q4-Sub-Q4,Ultra Premium,0.549104
hosp_3864a20c478cbbde,Manipal Hospitals (AMRI Hospitals),manipal hospitals amri hospitals,Kolkata,Hospital,Mukundapur,,22.493922544805,88.402197360992,873cf2c42ffffff,,82.0,34.0,True,1.0,800.0,2300.0,4.0,781.0,,+913348052530,https://www.practo.com/kolkata/hospital/amri-hospital-mukundapur-1?referrer=hospital_listing,https://images1-fabric.practo.com/practices/1250516/amri-hospitals-kolkata-6661a15e611bb.png,RFA,practo,,1.0,canonical,7,Q4,Q4-Sub-Q4,Ultra Premium,0.548063
hosp_925ceca631549a8f,Manipal Hospital Broadway (AMRI Hospitals),manipal hospital broadway amri hospitals,Kolkata,Hospital,Salt Lake,,22.572455,88.4128253,873cf2c6cffffff,,69.0,27.0,True,,800.0,2000.0,4.0,783.0,,+913340589093,https://www.practo.com/kolkata/hospital/amri-hospitals-salt-lake-3?referrer=hospital_listing,https://images1-fabric.practo.com/practices/735842/amri-hospitals-kolkata-6661a00999401.png,RFA,practo,,1.0,canonical,8,Q4,Q4-Sub-Q4,Ultra Premium,0.507827
hosp_332664c4820ee679,Apollo Gleneagles Hospitals,apollo gleneagles hospitals,Kolkata,Hospital,Salt Lake,,22.57485,88.40157,873cf2c61ffffff,,113.0,41.0,True,,0.0,2000.0,3.5,614.0,,+913340586258,https://www.practo.com/kolkata/hospital/apollo-gleneagles-hospitals-salt-lake-1?referrer=hospital_listing,https://images1-fabric.practo.com/apollo-gleanagles-kolkata-1474871987-57e8c2b315363.jpg,VN,practo,,1.0,canonical,9,Q4,Q4-Sub-Q4,Ultra Premium,0.49962
hosp_5c6e237d47f0511a,Medica Superspecialty Hospital,medica superspecialty hospital,Kolkata,Hospital,Mukundapur,,22.494356,88.400972,873cf2c42ffffff,,56.0,33.0,True,,0.0,450.0,5.0,36.0,,+913340587409,https://www.practo.com/kolkata/hospital/medica-super-speciality-hospital-mukundapur-2?referrer=hospital_listing,https://images1-fabric.practo.com/practices/1054119/medica-superspecialty-hospital-kolkata-67da502eeb5cf.png,VN,practo,,1.0,canonical,10,Q4,Q4-Sub-Q4,Ultra Premium,0.496072
hosp_22187191d4432469,Nova IVF Fertility Hospital  ,nova ivf fertility hospital,Kolkata,Hospital,Camac Street,,22.543749472136,88.353350308391,873cf2c75ffffff,,7.0,3.0,True,,0.0,1200.0,5.0,397.0,,+913340586089,https://www.practo.com/kolkata/hospital/papilio-clinic-kasba?referrer=hospital_listing,https://images1-fabric.practo.com/practices/1140941/nova-ivf-fertility-hospital-kolkata-5ea1cad854fd2.png,VN,practo,,1.0,canonical,11,Q4,Q4-Sub-Q4,Ultra Premium,0.474538
hosp_de50016614fc2d1a,Oliva Skin & Hair Clinic,oliva skin hair clinic,Kolkata,Hospital,Park Street,,22.549005,88.354686,873cf2c66ffffff,,7.0,4.0,True,2.0,500.0,500.0,5.0,271.0,,+918037324417,https://www.practo.com/kolkata/hospital/oliva-skin-hair-clinic-shakespeare-sarani?referrer=hospital_listing,https://images1-fabric.practo.com/practices/1263361/oliva-skin-hair-clinic-kolkata-6041bbc01b915.jpg,RFA,practo,,1.0,canonical,12,Q4,Q4-Sub-Q4,Ultra Premium,0.451244
hosp_18cbfab723d2a04d,RB Diagnostic,rb diagnostic,Kolkata,Hospital,Kankurgachi,,22.5802689,88.3896517,873cf2c61ffffff,,9.0,10.0,True,2.0,600.0,1200.0,5.0,173.0,,+913348052533,https://www.practo.com/kolkata/hospital/rb-diagnostic-pvt-ltd-kankurgachi?referrer=hospital_listing,https://images1-fabric.practo.com/practices/1106112/rb-diagnostic-pvt-ltd-kolkata-5a851c44b2e40.jpg,VN,practo,,1.0,canonical,13,Q4,Q4-Sub-Q4,Ultra Premium,0.443107
hosp_206bef9130db031a,Fortis Hospital Kolkata,fortis hospital kolkata,Kolkata,Hospital,Fortis Hospital Main Road,,22.52049440007568,88.40094476938248,873cf2c40ffffff,,69.0,35.0,True,,0.0,900.0,,2.0,,+913340586227,https://www.practo.com/kolkata/hospital/fortis-hospital-kolkata-fortis-hospital-main-road-1?referrer=hospital_listing,https://images1-fabric.practo.com/practices/1566921/fortis-hospital-kolkata-kolkata-67d008b53e6c3.png,VN,practo,,1.0,canonical,14,Q4,Q4-Sub-Q4,Ultra Premium,0.438677
hosp_25331472dcc3df68,North City Hospital,north city hospital,Kolkata,Hospital,Ultadanga,,22.58941713773,88.394047804177,873cf2892ffffff,,31.0,25.0,True,,0.0,2500.0,4.5,89.0,,+913340586092,https://www.practo.com/kolkata/hospital/north-city-hospital-ultadanga-2?referrer=hospital_listing,https://images1-fabric.practo.com/north-city-hospital-kolkata-1486972289-58a16581c57e1.jpg,VN,practo,,1.0,canonical,15,Q4,Q4-Sub-Q4,Ultra Premium,0.413909
hosp_e5cdf29a0ddff3a2,ILS Hospitals,ils hospitals,Kolkata,Hospital,Dumdum Road,,22.62163671410489,88.41597318649292,873cf2890ffffff,,27.0,16.0,True,1.0,0.0,1500.0,4.5,201.0,,+913340587458,https://www.practo.com/kolkata/hospital/ils-hospitals-dumdum-road?referrer=hospital_listing,https://images1-fabric.practo.com/ils-hospital-gastro-general-surgery-1458802251-56f38e4b7c6f0.png,VN,practo,,1.0,canonical,16,Q4,Q4-Sub-Q4,Ultra Premium,0.413649
hosp_deaf4a1f5193c264,Ur's Toothfully Dental Clinic,ur s toothfully dental clinic,Kolkata,Hospital,New Alipore,,22.50736,88.33666,873cf2c70ffffff,,5.0,1.0,True,,1000.0,1000.0,5.0,172.0,,+913341816952,https://www.practo.com/kolkata/hospital/ur-s-toothfully-new-alipore?referrer=hospital_listing,https://images1-fabric.practo.com/practices/649047/ur-s-toothfully-dental-clinic-kolkata-6870ec141c0dd.png,ABS,practo,,1.0,canonical,17,Q4,Q4-Sub-Q3,Super Premium,0.413195
hosp_59c2f3a262fe236f,Serum Analysis Centre,serum analysis centre,Kolkata,Hospital,Gariahat,,22.512550354996,88.366398370361,873cf2c71ffffff,,2.0,2.0,True,,500.0,700.0,5.0,155.0,,+913340588611,https://www.practo.com/kolkata/hospital/dr-irina-dey-s-chamber-dhakuria?referrer=hospital_listing,https://images1-fabric.practo.com/practices/1107227/serum-analysis-centre-kolkata-642bcf00f0e6b.PNG,VN,practo,,1.0,canonical,18,Q4,Q4-Sub-Q3,Super Premium,0.404446
hosp_e67bb8b308917726,Institute of Neurosciences,institute neurosciences,Kolkata,Hospital,Park Street,,22.54652001717413,88.36107023031218,873cf2c62ffffff,,17.0,9.0,True,,0.0,1000.0,5.0,50.0,,+913340586258,https://www.practo.com/kolkata/hospital/dr-institute-of-neurosciences-kolkata?referrer=hospital_listing,https://images1-fabric.practo.com/practices/1132214/institute-of-neurosciences-kolkata-5e944098ce6b5.jpg,VN,practo,,1.0,canonical,19,Q4,Q4-Sub-Q3,Super Premium,0.384667
hosp_27a442c5f7e58660,Dr Siddhartha Ghosh - Nightingale Hospital ,dr siddhartha ghosh nightingale hospital,Kolkata,Hospital,Shakespeare Sarani,,22.546072742774,88.351428508759,873cf2c75ffffff,,1.0,1.0,False,,500.0,500.0,5.0,354.0,,+913340586087,https://www.practo.com/kolkata/hospital/nightingale-hospital-shakespeare-sarani-2?referrer=hospital_listing,https://images1-fabric.practo.com/dr-siddhartha-ghosh-s-eye-clinic-kolkata-1456994279-56d7f7e79c215.jpg,VN,practo,,1.0,canonical,20,Q4,Q4-Sub-Q3,Super Premium,0.381744
hosp_896e372f12bb284d,Peerless Hospital,peerless hospital,Kolkata,Hospital,Panchasayar,,22.480698521320683,88.39417219161987,873cf2c51ffffff,,47.0,26.0,True,,0.0,1100.0,4.0,43.0,,+913340586258,https://www.practo.com/kolkata/hospital/peerless-hospital-1-panchasayar?referrer=hospital_listing,https://images1-fabric.practo.com/practices/1075047/peerless-hospital-kolkata-67a592773f924.png,VN,practo,,1.0,canonical,21,Q4,Q4-Sub-Q3,Super Premium,0.373901
hosp_e80333a1abffc01f,Amri Hospital,amri hospital,Kolkata,Hospital,Salt Lake,,22.568425291424557,88.41161727905273,873cf2c6effffff,,43.0,27.0,True,,0.0,0.0,,9.0,,+913340838460,https://www.practo.com/kolkata/hospital/amri-hospital-salt-lake-salt-lake-1?referrer=hospital_listing,,VN,practo,,1.0,canonical,22,Q4,Q4-Sub-Q3,Super Premium,0.373622
hosp_0b053b67663ccc40,Cmri hospital,cmri hospital,Kolkata,Hospital,Diamond Harbour Road,,22.5321699298996,88.32779824733734,873cf2c74ffffff,,38.0,26.0,True,,0.0,850.0,,5.0,,+913341816947,https://www.practo.com/kolkata/hospital/cmri-hospital-diamond-harbour-road?referrer=hospital_listing,https://images1-fabric.practo.com/practices/1268931/cmri-hospital-kolkata-67daadb6478b2.png,VN,practo,,1.0,canonical,23,Q4,Q4-Sub-Q3,Super Premium,0.361723
hosp_197bba26e76cda46,Bhagirathi Neotia Woman & Child Care Centre,bhagirathi neotia woman child care centre,Kolkata,Hospital,Park Street,,22.5474,88.35926,873cf2c62ffffff,,16.0,11.0,True,,0.0,1400.0,4.5,114.0,,+913340586258,https://www.practo.com/kolkata/hospital/bhagirathi-neotia-woman-child-care-centre-circus-avenue?referrer=hospital_listing,,VN,practo,,1.0,canonical,24,Q4,Q4-Sub-Q3,Super Premium,0.360553
hosp_5bca8cc29a63b809,The Calcutta Medical Research Institute,calcutta medical research institute,Kolkata,Hospital,Alipore,,22.53209,88.3277,873cf2c74ffffff,,67.0,31.0,True,,0.0,2000.0,3.5,311.0,,+913341817078,https://www.practo.com/kolkata/hospital/calcutta-medical-research-institute-alipore?referrer=hospital_listing,https://images1-fabric.practo.com/practices/657822/calcutta-medical-research-institute-kolkata-5d5e3a825b92d.png,VN,practo,,1.0,canonical,25,Q4,Q4-Sub-Q3,Super Premium,0.359472
hosp_0cc19be82f82f995,Dr Paul's Mind Clinic,dr paul s mind clinic,Kolkata,Hospital,New Town,,22.578508017878267,88.46333362162113,873cf2c69ffffff,,1.0,1.0,True,,900.0,900.0,5.0,67.0,,+918037324399,https://www.practo.com/kolkata/hospital/masina-hospital-1-byculla-21?referrer=hospital_listing,https://images1-fabric.practo.com/practices/1364001/medhub-kolkata-64ad24a35f5f7.jpeg,VN,practo,,1.0,canonical,26,Q4,Q4-Sub-Q3,Super Premium,0.352697
hosp_9831314af387bd9d,Vision Care Hospital-Mukundapur,vision care hospital mukundapur,Kolkata,Hospital,Mukundapur,,22.572646,88.363895,873cf2c60ffffff,,21.0,14.0,False,,0.0,900.0,5.0,68.0,,+913340586258,https://www.practo.com/kolkata/hospital/vision-care-hospital-mukundapur-mukundapur?referrer=hospital_listing,,VN,practo,,1.0,canonical,27,Q4,Q4-Sub-Q3,Super Premium,0.352465
hosp_787a5c0f58e1ff90,Samaritan Clinic Private Limited,samaritan clinic,Kolkata,Hospital,Bhawanipore,,22.538281691688017,88.34739983081818,873cf2c75ffffff,,66.0,27.0,False,,1000.0,2500.0,4.0,159.0,,+913340838262,https://www.practo.com/kolkata/hospital/samaritan-clinic-pvt-ltd-bhawanipore?referrer=hospital_listing,https://images1-fabric.practo.com/practices/1407045/samaritan-diagnostics-kolkata-6426f67b93a86.jpeg,ABS,practo,,1.0,canonical,28,Q4,Q4-Sub-Q3,Super Premium,0.351222
hosp_e432ec8d44952c1f,Binayak Multispeciality Hospital,binayak multispeciality hospital,Kolkata,Hospital,Dumdum,,22.6313934,88.3865388,873cf2894ffffff,,8.0,9.0,True,,250.0,1000.0,5.0,35.0,,+913341816953,https://www.practo.com/kolkata/hospital/binayak-multi-speciality-hospital-dumdum?referrer=hospital_listing,https://images1-fabric.practo.com/binayak-multi-speciality-hospital-kolkata-1483082474-58660aea66c3b.jpg,VN,practo,,1.0,canonical,29,Q4,Q4-Sub-Q3,Super Premium,0.349659
hosp_cbd2f25acf6d6abb,Techno India Dama Healthcare & Medical Centre,techno dama healthcare medical centre,Kolkata,Hospital,Beliaghata,,22.5594424,88.4099651,873cf2c6effffff,,72.0,25.0,True,,0.0,1900.0,3.5,188.0,,+913341803523,https://www.practo.com/kolkata/hospital/techno-dama-hospital-beliaghata-1?referrer=hospital_listing,https://images1-fabric.practo.com/practices/1274844/techno-india-dama-healthcare-medical-centre-kolkata-644275a84990d.png,ABS,practo,,1.0,canonical,30,Q4,Q4-Sub-Q3,Super Premium,0.345394
hosp_b8d3f0276244fabc,"Charnock Hospital, Kolkata",charnock hospital kolkata,Kolkata,Hospital,Tegharia,,22.6259691,88.4348841,873cf2891ffffff,,65.0,27.0,False,,0.0,1000.0,,,,+913341816952,https://www.practo.com/kolkata/hospital/charnock-hospital-kolkata-tegharia?referrer=hospital_listing,,VN,practo,,1.0,canonical,31,Q4,Q4-Sub-Q3,Super Premium,0.342357
hosp_77c792691cb22bf9,Rabindranath Tagore Surgical Centre Hiland Park,rabindranath tagore surgical centre hiland park,Kolkata,Hospital,Garia,,22.4911908,88.3856717,873cf2c55ffffff,,9.0,9.0,False,,0.0,10000.0,5.0,92.0,,+913340586088,https://www.practo.com/kolkata/hospital/rabindranath-tagore-surgical-centre-hiland-park-garia?referrer=hospital_listing,https://images1-fabric.practo.com/rabindranath-tagore-surgical-centre-hiland-park-kolkata-1453456253-56a1fb7d4bba0.png,VN,practo,,1.0,canonical,32,Q4,Q4-Sub-Q2,Premium,0.335838
hosp_4e39dfe2c27aaa4f,Suraksha Diagnostics,suraksha diagnostics,Kolkata,Hospital,Ballygunge,,22.531583389690017,88.36480099707843,873cf2c71ffffff,,41.0,23.0,True,,400.0,1500.0,3.5,14.0,,+913341816950,https://www.practo.com/kolkata/hospital/suraksha-diagnostics-3-ballygunge?referrer=hospital_listing,https://images1-fabric.practo.com/practices/1420818/suraksha-diagnostics-kolkata-643cc67995eb2.jpeg,VN,practo,,1.0,canonical,33,Q4,Q4-Sub-Q2,Premium,0.333307
hosp_c8bc518c2109a9e4,Charnock Hospital,charnock hospital,Kolkata,Hospital,Teghoria,,22.625974340736004,88.43487739562988,873cf2891ffffff,,57.0,30.0,True,,300.0,1650.0,3.5,128.0,,+913340588611,https://www.practo.com/kolkata/hospital/charnock-hospital-solitaire-opd-teghoria?referrer=hospital_listing,https://images1-fabric.practo.com/practices/621621/charnock-hospital-kolkata-63d3aecc4d0ee.png,VN,practo,,1.0,canonical,34,Q4,Q4-Sub-Q2,Premium,0.331985
hosp_5dcad678ab1bc46c,Shradha Health Care Pvt. Ltd.,shradha health care,Kolkata,Hospital,New Alipore,,22.50663,88.33303,873cf2c70ffffff,,13.0,5.0,True,,200.0,600.0,4.5,87.0,,+913340587430,https://www.practo.com/kolkata/hospital/shradha-health-care-pvt-ltd-new-alipore?referrer=hospital_listing,https://images1-fabric.practo.com/shradha-health-care-pvt-ltd-kolkata-1468480771-57873d03978a5.jpg,VN,practo,,1.0,canonical,35,Q4,Q4-Sub-Q2,Premium,0.33132
hosp_6d284f08d246bc8a,Fortis Hospital,fortis hospital,Kolkata,Hospital,Mirania Gardens 2,,22.520505549593395,88.4009313583374,873cf2c40ffffff,,27.0,17.0,True,,0.0,900.0,,,,+913340588943,https://www.practo.com/kolkata/hospital/fortis-hospital-1-mirania-gardens-2?referrer=hospital_listing,https://images1-fabric.practo.com/practices/1561946/fortis-hospital-kolkata-67f65b97bea0b.png,active,practo,,1.0,canonical,36,Q4,Q4-Sub-Q2,Premium,0.319066
hosp_bd0ef0b84f4ee1fd,Dr. Agarwal's Eye Hospital,dr agarwal s eye hospital,Kolkata,Hospital,Panchasayar,,22.4812602,88.39114,873cf2c51ffffff,,3.0,1.0,True,,500.0,500.0,5.0,33.0,,+913340587409,https://www.practo.com/kolkata/hospital/dr-agarwal-s-eye-hospital-10-panchasayar?referrer=hospital_listing,https://images1-fabric.practo.com/practices/1140821/dr-agarwal-s-eye-hospital-kolkata-62878c1db5ad1.png,VN,practo,,1.0,canonical,37,Q4,Q4-Sub-Q2,Premium,0.317801
hosp_3e0f30d7b2617c79,Fortis Medical Centre,fortis medical centre,Kolkata,Hospital,Sarat Bose Road,,22.5388342,88.3547596,873cf2c75ffffff,,28.0,14.0,True,2.0,400.0,1500.0,4.0,124.0,,+913341816952,https://www.practo.com/kolkata/hospital/fortis-medical-centre-sarat-bose-road?referrer=hospital_listing,https://images1-fabric.practo.com/practices/1033983/fortis-medical-centre-kolkata-5b6d5c61e16a4.png,VN,practo,,1.0,canonical,38,Q4,Q4-Sub-Q2,Premium,0.316552
hosp_06d8fbdf827d69a0,Rabindranath Tagore International Institute of Cardiac Sciences,rabindranath tagore international institute cardiac sciences,Kolkata,Hospital,Mukundapur,,22.49135,88.4024,873cf2c42ffffff,,23.0,18.0,True,,0.0,1200.0,4.0,94.0,,+913340586089,https://www.practo.com/kolkata/hospital/rabindranath-tagore-international-institute-of-cardiac-sciences-and-armenian-church-trauma-center15-santoshpur?referrer=hospital_listing,https://images1-fabric.practo.com/524d3d7560a11a7cf94d8260e1b03931bec03602d8694.jpg,VN,practo,,1.0,canonical,39,Q4,Q4-Sub-Q2,Premium,0.31474
hosp_c7f43439371f42b2,Ohio Hospital,ohio hospital,Kolkata,Hospital,New Town,,22.57792043633899,88.47690425813198,873cf2134ffffff,,20.0,19.0,True,,0.0,800.0,,8.0,,+913340586090,https://www.practo.com/kolkata/hospital/new-town-ohio-hospital-laparoscopy-surgeon-new-town?referrer=hospital_listing,,VN,practo,,1.0,canonical,40,Q4,Q4-Sub-Q2,Premium,0.312777
hosp_c142ab9908fc1644,Iris hospital,iris hospital,Kolkata,Hospital,Ganguly Bagan,,20.3218705569,85.813028812408,873c8e404ffffff,,44.0,28.0,False,,0.0,600.0,,7.0,,+913340586095,https://www.practo.com/kolkata/hospital/care-hospital-new-unit-chandra-sekhar-pur?referrer=hospital_listing,,VN,practo,,1.0,canonical,41,Q4,Q4-Sub-Q2,Premium,0.308652
hosp_3a0ba9ff5d71363b,Renaissance Hospital,renaissance hospital,Kolkata,Hospital,Teghoria,,22.62373622171,88.435383997858,873cf2891ffffff,,6.0,17.0,True,,0.0,1200.0,4.5,19.0,,+913366760750,https://www.practo.com/kolkata/hospital/renaisance-hospital-teghoria-teghoria?referrer=hospital_listing,,VN,practo,,1.0,canonical,42,Q4,Q4-Sub-Q2,Premium,0.308389
hosp_563fceff5429823d,Belle Vue Clinic,belle vue clinic,Kolkata,Hospital,Minto Park,,22.5424885,88.2725084,873cf2c2dffffff,,47.0,27.0,True,,0.0,2200.0,3.5,179.0,,+913340586089,https://www.practo.com/kolkata/hospital/belle-vue-clinic-8-minto-park?referrer=hospital_listing,https://images1-fabric.practo.com/practices/1125955/belle-vue-clinic-kolkata-67f65632de1d3.png,VN,practo,,1.0,canonical,43,Q4,Q4-Sub-Q2,Premium,0.305945
hosp_348178dc04e36b00,Suraksha Diagnostics,suraksha diagnostics,Kolkata,Hospital,Kalikapur,,22.51465,88.38373,873cf2c46ffffff,,21.0,15.0,True,,0.0,1200.0,,2.0,,+913341816947,https://www.practo.com/kolkata/hospital/suraksha-diagnostics-3-kalikapur?referrer=hospital_listing,https://images1-fabric.practo.com/practices/1431006/suraksha-diagnostics-kolkata-64be10a9f0ea2.PNG,VN,practo,,1.0,canonical,44,Q4,Q4-Sub-Q2,Premium,0.303722
hosp_8e725b93071fd283,Genesis Hospital,genesis hospital,Kolkata,Hospital,Kasba,,22.514282578140094,88.39899738465661,873cf2c40ffffff,,29.0,10.0,True,,500.0,1300.0,4.0,51.0,,+913341816952,https://www.practo.com/kolkata/hospital/genesis-hospital-kasba?referrer=hospital_listing,https://images1-fabric.practo.com/practices/656918/genesis-hospital-kolkata-6387458fe7034.png,VN,practo,,1.0,canonical,45,Q4,Q4-Sub-Q2,Premium,0.302316
hosp_4df486e9411278d3,Upkar Nursing Home,upkar nursing home,Kolkata,Hospital,College Square,,29.0283104,77.681414,873dacd24ffffff,,4.0,6.0,True,,0.0,1000.0,5.0,16.0,,+913340586087,https://www.practo.com/kolkata/hospital/dr-sujoy-dasgupta-s-clinic-college-square?referrer=hospital_listing,https://images1-fabric.practo.com/upkar-nursing-home-college-street-kolkata-1473656629-57d63735e97c5.jpeg,VN,practo,,1.0,canonical,46,Q4,Q4-Sub-Q2,Premium,0.29981
hosp_b2dc106f77eeba27,Future Healthcare And Diagnostics Centre,future healthcare diagnostics centre,Kolkata,Hospital,Kalikapur,,22.503953719659,88.396588526666,873cf2c42ffffff,,16.0,18.0,True,,200.0,600.0,4.0,36.0,,+913366760145,https://www.practo.com/kolkata/hospital/future-healthcare-kalikapur-kalikapur?referrer=hospital_listing,https://images1-fabric.practo.com/practices/1147226/future-healthcare-kolkata-5937d97d32c23.jpg,VN,practo,,1.0,canonical,47,Q4,Q4-Sub-Q1,Upper-Mid Premium,0.298921
hosp_a4f1f3c74c94a1ba,HCG Cancer Centre,hcg cancer centre,Kolkata,Hospital,New Town,,22.5799128,88.3949977,873cf2c61ffffff,,25.0,10.0,True,,0.0,2000.0,,3.0,,+917948501397,https://www.practo.com/kolkata/hospital/hcg-eko-cancer-centre-new-town?referrer=hospital_listing,https://images1-fabric.practo.com/practices/1221092/hcg-eko-cancer-centre-kolkata-5f046e0ba7c72.png,ABS,practo,,1.0,canonical,48,Q4,Q4-Sub-Q1,Upper-Mid Premium,0.298439
hosp_ac02354bebca40b2,Future Healthcare And Diagnostics Centre,future healthcare diagnostics centre,Kolkata,Hospital,Jadavpur,,22.486824950147,88.374444209039,873cf2c55ffffff,,18.0,15.0,True,,0.0,700.0,4.0,16.0,,+913366760141,https://www.practo.com/kolkata/hospital/future-healthcare-jadavpur-1?referrer=hospital_listing,https://images1-fabric.practo.com/practices/1147187/future-healthcare-kolkata-592d6db11cbb2.png,VN,practo,,1.0,canonical,49,Q4,Q4-Sub-Q1,Upper-Mid Premium,0.295631
hosp_7cd7786193f8757f,Peerless Hospital Emergency,peerless hospital emergency,Kolkata,Hospital,Phulbagan,,22.4806226,88.3939875,873cf2c51ffffff,,40.0,26.0,False,,0.0,0.0,,,,+913340585364,https://www.practo.com/kolkata/hospital/peerless-hospital-emergency-phulbagan?referrer=hospital_listing,,active,practo,,1.0,canonical,50,Q4,Q4-Sub-Q1,Upper-Mid Premium,0.295609
hosp_c9bfd071b3afd4e6,AMRI Medical Centre,amri medical centre,Kolkata,Hospital,Dhakuria,,22.513374,88.352562,873cf2c70ffffff,,6.0,4.0,True,,600.0,700.0,4.5,39.0,,+913340588943,https://www.practo.com/kolkata/hospital/amri-medical-centre-southeravenue?referrer=hospital_listing,https://images1-fabric.practo.com/practices/660156/amri-medical-centre-kolkata-66d057c9b0267.png,VN,practo,,1.0,canonical,51,Q4,Q4-Sub-Q1,Upper-Mid Premium,0.292761
hosp_1f17c9d440a9ee09,All Asia Medical Institute - AAMI (A unit of Harsh Medical Centre Pvt Ltd),all asia medical institute aami unit harsh medical centre,Kolkata,Hospital,Ballygunge,,22.524886,88.363442,873cf2c71ffffff,,9.0,10.0,True,,400.0,1000.0,,3.0,2008.0,+913340587430,https://www.practo.com/kolkata/hospital/all-asia-medical-institute-aaami-a-unit-of-harsh-medical-centre-pvt-ltd-garcha-road?referrer=hospital_listing,https://images1-fabric.practo.com/practices/1423304/all-asia-medical-institute-aaami-a-unit-of-harsh-medical-centre-pvt-ltd-kolkata-645dcf388074a.PNG,VN,practo,,1.0,canonical,52,Q4,Q4-Sub-Q1,Upper-Mid Premium,0.29081
hosp_f9bd6c387a064b66,Nightingale Hospital,nightingale hospital,Kolkata,Hospital,Shakespeare Sarani,,22.545986761551546,88.35154660410927,873cf2c75ffffff,,14.0,16.0,True,,0.0,1200.0,4.0,29.0,,+913366760143,https://www.practo.com/kolkata/hospital/nightingale-hospital-shakespeare-sarani?referrer=hospital_listing,https://images1-fabric.practo.com/practices/657464/nightingale-hospital-kolkata-67f12129e2453.png,VN,practo,,1.0,canonical,53,Q4,Q4-Sub-Q1,Upper-Mid Premium,0.290418
hosp_c18043abdbdb0592,Suraksha Diagnostic,suraksha diagnostic,Kolkata,Hospital,Behala,,22.481755253840674,88.31354745397279,873cf2c0dffffff,,39.0,23.0,True,,300.0,1500.0,3.0,22.0,,+913341816949,https://www.practo.com/kolkata/hospital/suraksha-diagnostic-pvt-ltd-barisha?referrer=hospital_listing,https://images1-fabric.practo.com/practices/1418965/suraksha-diagnostic-kolkata-64311d9b1abd1.jpeg,VN,practo,,1.0,canonical,54,Q4,Q4-Sub-Q1,Upper-Mid Premium,0.28754
hosp_507458873d8ff7f0,BNR Hospital,bnr hospital,Kolkata,Hospital,Kidderpore ,,22.5457405,88.3105231,873cf2d5affffff,,41.0,22.0,False,,0.0,0.0,,,,+913340588611,https://www.practo.com/kolkata/hospital/bnr-hospital-kidderpore?referrer=hospital_listing,,active,practo,,1.0,canonical,55,Q4,Q4-Sub-Q1,Upper-Mid Premium,0.287379
hosp_f857121ce68a7970,Woodlands,woodlands,Kolkata,Hospital,Alipore,,22.53226,88.32917,873cf2c74ffffff,,14.0,13.0,True,,400.0,1900.0,4.0,67.0,,+913366760139,https://www.practo.com/kolkata/hospital/woodlands-multispeciality-hospital-alipore-1?referrer=hospital_listing,,VN,practo,,1.0,canonical,56,Q4,Q4-Sub-Q1,Upper-Mid Premium,0.284153
hosp_2319f09bf086981b,Dr. Agarwal's Eye Hospital,dr agarwal s eye hospital,Kolkata,Hospital,Rajdanga,,22.5146599,88.38974,873cf2c46ffffff,,4.0,1.0,True,,300.0,500.0,4.5,42.0,,+913340586091,https://www.practo.com/kolkata/hospital/dr-agarwal-s-eye-hospital-rajdanga?referrer=hospital_listing,https://images1-fabric.practo.com/practices/1173339/dr-agarwal-s-eye-hospital-kolkata-62878c3ab21c8.png,VN,practo,,1.0,canonical,57,Q4,Q4-Sub-Q1,Upper-Mid Premium,0.283722
hosp_af8d12734ddcbeb5,Apollo Gleneagles Medical Centre,apollo gleneagles medical centre,Kolkata,Hospital,Gariahat,,22.5228571,88.3640519,873cf2c71ffffff,,15.0,12.0,True,1.0,0.0,1800.0,4.0,39.0,,+913340586088,https://www.practo.com/kolkata/hospital/apollo-gleneagles-medical-centre-gariahat?referrer=hospital_listing,https://images1-fabric.practo.com/practices/1158549/apollo-gleneagles-medical-centre-kolkata-59bf561a3e0fc.JPG,VN,practo,,1.0,canonical,58,Q4,Q4-Sub-Q1,Upper-Mid Premium,0.282183
hosp_8702b63bad853612,B P Poddar Hospital & Medical Research,b p poddar hospital medical research,Kolkata,Hospital,New Alipore,,22.511902809873,88.332275524735,873cf2c70ffffff,,11.0,14.0,True,,0.0,1200.0,4.0,14.0,,+913366760146,https://www.practo.com/kolkata/hospital/b-p-poddar-hospital-medical-research-new-alipore?referrer=hospital_listing,,VN,practo,,1.0,canonical,59,Q4,Q4-Sub-Q1,Upper-Mid Premium,0.280926
hosp_d45672d37c62b7b5,Dafodil Nursing Home,dafodil nursing home,Kolkata,Hospital,Lake Town,,22.5981777,88.4015694,873cf2892ffffff,,12.0,11.0,True,,0.0,1000.0,,9.0,,+913340586089,https://www.practo.com/kolkata/hospital/dafodil-nursing-home-lake-town?referrer=hospital_listing,,VN,practo,,1.0,canonical,60,Q4,Q4-Sub-Q1,Upper-Mid Premium,0.278755
hosp_2877f5b98b4b6899,Suraksha Diagonostics,suraksha diagonostics,Kolkata,Hospital,Tollygunge,,22.52421,88.36993,873cf2c71ffffff,,48.0,23.0,False,,0.0,1500.0,3.5,13.0,,+913341816951,https://www.practo.com/kolkata/hospital/suraksha-diagonostics-tollygunge?referrer=hospital_listing,https://images1-fabric.practo.com/practices/1421087/suraksha-diagonostics-kolkata-643d1d4cf2989.jpeg,VN,practo,,1.0,canonical,61,Q4,Q4-Sub-Q1,Upper-Mid Premium,0.27815
hosp_3486e504b3b3e9ce,Chittaranjan National Cancer Institute (CNCI),chittaranjan national cancer institute cnci,Kolkata,Hospital,New Town,,22.56746007806771,88.46850181314319,873cf2c69ffffff,,17.0,7.0,True,,600.0,600.0,,5.0,,+913341816951,https://www.practo.com/kolkata/hospital/chittaranjan-national-cancer-institute-r-n-mukherjee-road?referrer=hospital_listing,https://images1-fabric.practo.com/practices/1515290/chittaranjan-national-cancer-institute-cnci-kolkata-6725bd271a8fd.jpeg,VN,practo,,1.0,canonical,62,Q4,Q4-Sub-Q1,Upper-Mid Premium,0.277055
hosp_bc357ec16b5abfa1,Desun Hospital,desun hospital,Kolkata,Hospital,Kasba,,22.5150896,88.4017369,873cf2c40ffffff,,33.0,17.0,True,,0.0,1500.0,3.5,44.0,,+913368219989,https://www.practo.com/kolkata/hospital/desun-hospital-golpark-1?referrer=hospital_listing,https://images1-fabric.practo.com/practices/1129338/desun-hospital-kolkata-66581a8e2ea5f.png,ABS,practo,,1.0,canonical,63,Q3,,Premium,0.27697
hosp_ce6380422fa41d9a,EEDF Hospital,eedf hospital,Kolkata,Hospital,Jodhpur Park,,22.505420668446295,88.36406707763672,873cf2c73ffffff,,9.0,12.0,True,,200.0,900.0,,9.0,,+913340586088,https://www.practo.com/kolkata/hospital/eedf-hospital-jodhpur-park?referrer=hospital_listing,,VN,practo,,1.0,canonical,64,Q3,,Premium,0.275945
hosp_6034122a4edd0ed0,Narayan Memorial Hospital,narayan memorial hospital,Kolkata,Hospital,Behala,,22.49571423339325,88.31699699163437,873cf2c0dffffff,,12.0,10.0,True,,0.0,1500.0,,,,+913340587430,https://www.practo.com/kolkata/hospital/narayan-memorial-hospital-behala-8?referrer=hospital_listing,https://images1-fabric.practo.com/practices/1467601/narayan-memorial-hospital-kolkata-67ecea34b28ba.png,VN,practo,,1.0,canonical,65,Q3,,Premium,0.275017
hosp_fd429ab47f77aa04,Suraksha Diagnostics,suraksha diagnostics,Kolkata,Hospital,Garia,,22.60748,88.32856,873cf2d4effffff,,10.0,10.0,True,,400.0,1000.0,,,,+912071186508,https://www.practo.com/kolkata/hospital/suraksha-diagnostics-3-garia?referrer=hospital_listing,,VN,practo,,1.0,canonical,66,Q3,,Premium,0.271478
hosp_8b51e4671e492f47,SSKM Hospital,sskm hospital,Kolkata,Hospital,A.J.C.Bose Road,,22.53966652431637,88.34217488765717,873cf2c75ffffff,,10.0,9.0,True,,0.0,1000.0,,8.0,,+913340586227,https://www.practo.com/kolkata/hospital/ipgme-r-and-sskm-hospital-a-j-c-bose-road?referrer=hospital_listing,https://images1-fabric.practo.com/ipgme-r-and-sskm-hospital-1474121161-57dd4dc9d4e90.jpg,VN,practo,,1.0,canonical,67,Q3,,Premium,0.270078
hosp_329b084d20ceae33,Portea Home Healthcare,portea home healthcare,Kolkata,Hospital,Mullick Bazar,,22.540924,88.367918,873cf2c62ffffff,,21.0,1.0,True,,500.0,600.0,,8.0,,+913340588611,https://www.practo.com/kolkata/hospital/portea-home-healthcare-mullick-bazar?referrer=hospital_listing,https://images1-fabric.practo.com/practices/1139338/portea-medical-kolkata-595ccc09f3749.png,VN,practo,,1.0,canonical,68,Q3,,Premium,0.269547
hosp_99d1595857617113,Procare-Wellness & Lifestyle Centre,procare wellness lifestyle centre,Kolkata,Hospital,Ballygunge,,22.523789256332,88.35226544179,873cf2c71ffffff,,9.0,9.0,True,,0.0,1500.0,,5.0,,+913340587409,https://www.practo.com/kolkata/hospital/procare-wellness-lifestyle-centre-ballygunge-1?referrer=hospital_listing,https://images1-fabric.practo.com/practices/1148577/procare-wellness-lifestyle-centre-kolkata-599aa4025c18b.jpg,VN,practo,,1.0,canonical,69,Q3,,Premium,0.267895
hosp_06a64cb175d3c69e,"NH R. N. Tagore Hospital , Kolkata",nh r n tagore hospital kolkata,Kolkata,Hospital,Mukundapur,,22.488490340237544,88.40639233589172,873cf2c42ffffff,,1.0,1.0,False,,1000.0,1000.0,5.0,49.0,,+913340586090,https://www.practo.com/kolkata/hospital/dr-kaushik-sil-mukundapur?referrer=hospital_listing,,VN,practo,,1.0,canonical,70,Q3,,Premium,0.266272
hosp_7deed63d5cd59b48,Fortis Hospital and Kidney Institute,fortis hospital kidney institute,Kolkata,Hospital,Rash Behari Avenue,,22.517395,88.352335,873cf2c71ffffff,,43.0,24.0,True,2.0,0.0,1500.0,3.0,80.0,1999.0,+913340586572,https://www.practo.com/kolkata/hospital/fortis-hospital-rash-behari-avenue?referrer=hospital_listing,https://images1-fabric.practo.com/practices/657647/fortis-hospital-and-kidney-institute-kolkata-5b6d3c06b1749.png,VN,practo,,1.0,canonical,71,Q3,,Premium,0.26435
hosp_07d61a7710d30c75,Sahid Khudiram Bose Hospital,sahid khudiram bose hospital,Kolkata,Hospital,Belgharia,,22.660868436829,88.377720694989,873cf28b0ffffff,,6.0,9.0,True,,0.0,600.0,,,,+913340585950,https://www.practo.com/kolkata/hospital/sahid-khudiram-bose-hospital-oncology-belgharia?referrer=hospital_listing,,VN,practo,,1.0,canonical,72,Q3,,Premium,0.261898
hosp_d4d8a66f30b35f99,Divine Nursing Home ,divine nursing home,Kolkata,Hospital,Beliaghata,,22.566067347735515,88.39312076568604,873cf2c61ffffff,,7.0,8.0,True,,0.0,2000.0,,2.0,,+913368219989,https://www.practo.com/kolkata/hospital/divine-nursing-home-beliaghata?referrer=hospital_listing,https://images1-fabric.practo.com/practices/768171/divine-nursing-home-kolkata-66eacb63af871.png,VN,practo,,1.0,canonical,73,Q3,,Premium,0.261443
hosp_1a9de6b5c124a6f7,Fortis Hospital - Anandapur,fortis hospital anandapur,Kolkata,Hospital,Anandapur,,22.52049563891103,88.40094208717346,873cf2c40ffffff,,16.0,10.0,True,2.0,0.0,1200.0,3.5,699.0,,+913341816950,https://www.practo.com/kolkata/hospital/fortis-hospital-anandapur-1?referrer=hospital_listing,https://images1-fabric.practo.com/practices/1120531/fortis-hospital-kolkata-5b6d5607d347c.png,VN,practo,,1.0,canonical,74,Q3,,Premium,0.261054
hosp_d13388bdd3b01272,Kothari Medical Centre,kothari medical centre,Kolkata,Hospital,Alipore,,22.53281,88.33017,873cf2c74ffffff,,8.0,8.0,True,,0.0,1700.0,4.0,62.0,,+913340586227,https://www.practo.com/kolkata/hospital/dr-u-k-bhakat-kothari-medical-centre-alipore?referrer=hospital_listing,https://images1-fabric.practo.com/practices/659849/kothari-medical-centre-kolkata-665da811b9e56.png,VN,practo,,1.0,canonical,75,Q3,,Premium,0.260716
hosp_b72367537fd649d7,Behala Balananda Brahmachary Hospital And Research Centre,behala balananda brahmachary hospital research centre,Kolkata,Hospital,Behala,,22.50631272428943,88.32079231739044,873cf2c76ffffff,,6.0,8.0,True,,0.0,0.0,,8.0,,+913341816951,https://www.practo.com/kolkata/hospital/behala-balananda-brahmachary-hospital-and-research-centre-college-square?referrer=hospital_listing,https://images1-fabric.practo.com/behala-balananda-brahmachary-hospital-and-research-centre-phone-03323961687-kolkata-1464073928-5743fec82375d.jpg,VN,practo,,1.0,canonical,76,Q3,,Premium,0.260498
hosp_60b929585be76867,Spandan hospital,spandan hospital,Kolkata,Hospital,Teghoria,,22.62272,88.436754,873cf2891ffffff,,6.0,8.0,True,,0.0,500.0,,2.0,,+913340837639,https://www.practo.com/kolkata/hospital/spandan-hospital-teghoria-2?referrer=hospital_listing,https://images1-fabric.practo.com/practices/1191429/spandan-hospital-kolkata-665723f3c6152.png,VN,practo,,1.0,canonical,77,Q3,,Premium,0.259673
hosp_4c1de392058f0e57,North City Hospital,north city hospital,Kolkata,Hospital,Yogayog Bhawan,,22.5706698,88.3576932,873cf2c66ffffff,,6.0,8.0,True,,0.0,0.0,,,,+913340586572,https://www.practo.com/kolkata/hospital/north-city-hospital-1-yogayog-bhawan-1?referrer=hospital_listing,https://images1-fabric.practo.com/practices/1562620/north-city-hospital-kolkata-67d3d7cb70f63.png,VN,practo,,1.0,canonical,78,Q3,,Premium,0.259398
hosp_54c99cce3e54d620,Spandan Hospital,spandan hospital,Kolkata,Hospital,Teghoria,,22.620695886616,88.432894740254,873cf2891ffffff,,6.0,8.0,True,,0.0,500.0,,,,+913340586092,https://www.practo.com/kolkata/hospital/spandan-hospital-teghoria?referrer=hospital_listing,https://images1-fabric.practo.com/practices/1137996/spandan-hospital-kolkata-66558a95010ee.png,VN,practo,,1.0,canonical,79,Q3,,Premium,0.259398
hosp_30abf6f2b72305a7,Spandan Hospitals,spandan hospitals,Kolkata,Hospital,Teghoria,,22.620561428052014,88.43294872603445,873cf2891ffffff,,7.0,7.0,True,,0.0,700.0,,2.0,,+913340586092,https://www.practo.com/kolkata/hospital/spandan-hospitals-vip-teghoria-teghoria?referrer=hospital_listing,https://images1-fabric.practo.com/practices/1125201/spandan-hospitals-kolkata-67ee7cc01421a.png,VN,practo,,1.0,canonical,80,Q3,,Premium,0.258943
hosp_23e5251ca4b8ca70,Apollo Clinic,apollo clinic,Kolkata,Hospital,Lake Gardens,,22.50215965978781,88.36140364408493,873cf2c73ffffff,,11.0,18.0,True,2.0,400.0,1000.0,3.5,22.0,,+913340586089,https://www.practo.com/kolkata/hospital/apollo-clinic-lake-gardens-1-1?referrer=hospital_listing,https://images1-fabric.practo.com/practices/939200/apollo-clinic-kolkata-5b587eabf276a.png,VN,practo,,1.0,canonical,81,Q3,,Premium,0.257912
hosp_ba24925609c656a0,Apollo Clinic,apollo clinic,Kolkata,Hospital,New Town,,22.622181400761356,88.44493567943573,873cf2891ffffff,,6.0,7.0,True,2.0,400.0,1000.0,,5.0,,+913340586090,https://www.practo.com/kolkata/hospital/apollo-clinic-chinar-park-kolkata-new-town?referrer=hospital_listing,https://images1-fabric.practo.com/practices/1134123/apollo-clinic-kolkata-5b58c9a162305.png,VN,practo,,1.0,canonical,82,Q3,,Premium,0.257586
hosp_11d4b3124d4a6c5a,Ils Hospital Dum Dum Nager Bazar,ils hospital dum dum nager bazar,Kolkata,Hospital,Nagerbazar,,22.631254930263,88.424934160662,873cf2891ffffff,,6.0,7.0,True,,700.0,800.0,,3.0,,+913341816954,https://www.practo.com/kolkata/hospital/ils-hospital-dum-dum-nager-bazar-nagerbazar?referrer=hospital_listing,,VN,practo,,1.0,canonical,83,Q3,,Premium,0.257311
hosp_29b31effb2ee96e2,Fortis Hospital,fortis hospital,Kolkata,Hospital,Mirania Gardens 2,,22.51826,88.356033,873cf2c71ffffff,,28.0,19.0,False,,0.0,0.0,,,,+913341816947,https://www.practo.com/kolkata/hospital/fortis-hospital-1-mirania-gardens-2-1?referrer=hospital_listing,,active,practo,,1.0,canonical,84,Q3,,Premium,0.256871
hosp_a216f8e98aa1387a,Tata Medical Centre,tata medical centre,Kolkata,Hospital,New Town,,22.576643103442926,88.4795093536377,873cf2134ffffff,,9.0,4.0,True,,0.0,1000.0,,6.0,,+913366760147,https://www.practo.com/kolkata/hospital/tata-medical-centre-rajarhat?referrer=hospital_listing,https://images1-fabric.practo.com/practices/838479/tata-medical-centre-kolkata-66585c6fc81d8.png,VN,practo,,1.0,canonical,85,Q3,,Premium,0.255533
hosp_f0dfdba112abd3ed,Apollo Hospital,apollo hospital,Kolkata,Hospital,Elliot Road,,22.551032031745976,88.35966020822525,873cf2c62ffffff,,3.0,7.0,True,,0.0,2000.0,,,,+913340585364,https://www.practo.com/kolkata/hospital/apollo-hospital-49-elliot-road?referrer=hospital_listing,https://images1-fabric.practo.com/practices/1170479/apollo-hospital-kolkata-67dbb3a40caa0.png,VN,practo,,1.0,canonical,86,Q3,,Premium,0.251588
hosp_048f338d36df3b4a,Seba Hospital,seba hospital,Kolkata,Hospital,Madrassa,,22.5907982,88.4107924,873cf2892ffffff,,26.0,18.0,False,,0.0,0.0,,,,+913340585364,https://www.practo.com/kolkata/hospital/seba-hospital-madrassa?referrer=hospital_listing,,VN,practo,,1.0,canonical,87,Q3,,Premium,0.250831
hosp_36b425c3c2463c15,RN Tagore Hospital,rn tagore hospital,Kolkata,Hospital,Mukundapur,,22.49124612029859,88.4023904800415,873cf2c42ffffff,,1.0,1.0,True,,800.0,800.0,4.5,11.0,,+913340585364,https://www.practo.com/kolkata/hospital/rn-tagore-hospital-mukundapur-1?referrer=hospital_listing,https://images1-fabric.practo.com/practices/1164027/rn-tagore-hospital-kolkata-665189c5d011e.png,VN,practo,,1.0,canonical,88,Q3,,Premium,0.250199
hosp_b3984c3f91dac073,G D Hospital & Diabetes Institute,g d hospital diabetes institute,Kolkata,Hospital,Lenin Sarani,,22.562143957103,88.361947126687,873cf2c66ffffff,,5.0,5.0,True,,0.0,600.0,,,,+913340586089,https://www.practo.com/kolkata/hospital/gddi-pain-clinic-lenin-sarani?referrer=hospital_listing,https://images1-fabric.practo.com/practices/1139831/g-d-hospital-diabetes-institute-kolkata-67d521f734731.png,VN,practo,,1.0,canonical,89,Q3,,Premium,0.250128
hosp_6436122a5312f73c,Manipal Hospital,manipal hospital,Kolkata,Hospital,Archana,,22.572447572871564,88.41277599334717,873cf2c6cffffff,,6.0,3.0,True,,0.0,0.0,,,,,https://www.practo.com/kolkata/hospital/manipal-hospital-1-archana?referrer=hospital_listing,https://images1-fabric.practo.com/practices/1567367/manipal-hospital-kolkata-67c537f09d4d4.png,active,practo,,1.0,canonical,90,Q3,,Premium,0.246898
hosp_9c1d87d6cd9814ed,"Vibes -  Slimming, Beauty & Laser Clinic",vibes slimming beauty laser clinic,Kolkata,Hospital,Girish Park,,22.5848543,88.3590947,873cf2c64ffffff,,4.0,4.0,True,4.0,0.0,0.0,,,,+913340586572,https://www.practo.com/kolkata/hospital/vibes-slimming-beauty-and-laser-clinic-girish-park?referrer=hospital_listing,https://images1-fabric.practo.com/practices/1186288/vibes-clinic-kolkata-5acdfa6490360.PNG,VN,practo,,1.0,canonical,91,Q3,,Premium,0.245858
hosp_d8dd588094e5ae13,Susrut Eye Foundation And Research Centre,susrut eye foundation research centre,Kolkata,Hospital,Salt Lake,,22.575482646267087,88.41763153784277,873cf2c6cffffff,,5.0,3.0,True,,0.0,500.0,,3.0,,+913340586091,https://www.practo.com/kolkata/hospital/susrut-eye-foundation-research-centre-salt-lake?referrer=hospital_listing,https://images1-fabric.practo.com/practices/1131100/susrut-eye-foundation-and-research-centre-kolkata-66d9554147900.png,VN,practo,,1.0,canonical,92,Q3,,Premium,0.245541
hosp_ed84f5b58803f315,IRIS Hospital,iris hospital,Kolkata,Hospital,Baghajatin,,22.4793915,88.376107,873cf2c55ffffff,,25.0,17.0,True,,0.0,2100.0,3.5,101.0,,+918037313401,https://www.practo.com/kolkata/hospital/iris-hospital-82-1-raja-s-c-mullick-road-gangul-kolkatta?referrer=hospital_listing,https://images1-fabric.practo.com/iris-hospital-kolkata-1474392682-57e1726a01e62.png,ABS,practo,,1.0,canonical,93,Q3,,Premium,0.245441
hosp_199ce4a3ad59ed72,"Zenith Superspecialist Hospital, Belgharia",zenith superspecialist hospital belgharia,Kolkata,Hospital,Belgharia,,22.6647439,88.3876,873cf28b0ffffff,,8.0,8.0,False,,400.0,2000.0,4.5,51.0,,+913340837639,https://www.practo.com/kolkata/hospital/zenith-superspecialist-hospital-belgharia-belgharia?referrer=hospital_listing,https://images1-fabric.practo.com/practices/775430/zenith-superspecialist-hospital-belgharia-kolkata-5e85ba203068f.jpg,VN,practo,,1.0,canonical,94,Q3,,Premium,0.244773
hosp_9a94a9570f4b3112,SVS Marwari Hospital,svs marwari hospital,Kolkata,Hospital,Raja Ram Mohan Sarani,,22.576281510206194,88.36849272251129,873cf2c60ffffff,,4.0,4.0,True,,40.0,200.0,4.0,10.0,,+913366760145,https://www.practo.com/kolkata/hospital/svs-marwari-hospital-mg-road?referrer=hospital_listing,,VN,practo,,1.0,canonical,95,Q3,,Premium,0.243998
hosp_627687d794995a92,Ruby General Hospital,ruby general hospital,Kolkata,Hospital,Kasba,,22.513468166777916,88.40296816080809,873cf2c40ffffff,,22.0,19.0,True,,500.0,850.0,2.5,14.0,,+913340586089,https://www.practo.com/kolkata/hospital/ruby-general-hospital-5-kasba-1?referrer=hospital_listing,https://images1-fabric.practo.com/practices/1142313/ruby-general-hospital-kolkata-67a32f281f0d1.png,VN,practo,,1.0,canonical,96,Q3,,Premium,0.243246
hosp_485cb9fd06cf9db7,Techno Global Hospital,techno global hospital,Kolkata,Hospital,Barrackpore,,22.766922,88.367667,873cf298effffff,,2.0,4.0,True,,300.0,350.0,,3.0,,+913340588943,https://www.practo.com/kolkata/hospital/prof-dr-swapan-kundu-agarpara?referrer=hospital_listing,,VN,practo,,1.0,canonical,97,Q3,,Premium,0.242731
hosp_888a401d47ebba77,"Vibes -  Slimming, Beauty & Laser Clinic",vibes slimming beauty laser clinic,Kolkata,Hospital,Kasba,,22.513966,88.3955883,873cf2c40ffffff,,5.0,2.0,True,4.0,0.0,0.0,,,,+913340838460,https://www.practo.com/kolkata/hospital/vibes-slimming-beauty-and-laser-clinic-kasba?referrer=hospital_listing,https://images1-fabric.practo.com/practices/1186294/vibes-clinic-kolkata-5acdfb3390f9c.PNG,VN,practo,,1.0,canonical,98,Q3,,Premium,0.242628
hosp_1367e97cdb7283b5,Humanity Hospital,humanity hospital,Kolkata,Hospital,Joka,,22.45335,88.289216,873cf2c0effffff,,27.0,14.0,False,,0.0,0.0,,,,+913341816947,https://www.practo.com/kolkata/hospital/humanity-hospital-joka?referrer=hospital_listing,,VN,practo,,1.0,canonical,99,Q3,,Premium,0.242601
hosp_6f3d9607e90d035f,Apollo Dental,apollo dental,Kolkata,Hospital,Kankurgachi,,22.57336085106141,88.40057411777903,873cf2c61ffffff,,6.0,1.0,True,,1000.0,1000.0,,5.0,,+913340586594,https://www.practo.com/kolkata/hospital/apollo-white-dental-23-kankurgachi?referrer=hospital_listing,https://images1-fabric.practo.com/practices/1158087/apollo-dental-kolkata-6013d35734034.PNG,RFA,practo,,1.0,canonical,100,Q3,,Premium,0.242586
hosp_c588801959abeb99,AMRI Medical Center,amri medical center,Kolkata,Hospital,Southern Avenue,,22.51316246827646,88.35261605679989,873cf2c70ffffff,,3.0,3.0,True,,0.0,650.0,,4.0,,+913366760145,https://www.practo.com/kolkata/hospital/sankara-nethralaya-kolkata-mukundapur?referrer=hospital_listing,,VN,practo,,1.0,canonical,101,Q3,,Premium,0.242138
hosp_2c86655b7a2f0c86,"Vibes -  Slimming, Beauty & Laser Clinic",vibes slimming beauty laser clinic,Kolkata,Hospital,Park Street,,22.547476,88.3569553,873cf2c62ffffff,,5.0,1.0,True,4.0,0.0,0.0,,,,+913340838460,https://www.practo.com/kolkata/hospital/vibes-slimming-beauty-laser-clinic-park-street?referrer=hospital_listing,https://images1-fabric.practo.com/practices/1186299/vibes-clinic-kolkata-5acdf1cdd5bbb.PNG,VN,practo,,1.0,canonical,102,Q3,,Premium,0.240128
hosp_60ad84bc6184fd69,"Amri Hospital, Mukundapur, Kolkata",amri hospital mukundapur kolkata,Kolkata,Hospital,Mukundapur,,22.4940399,88.4020751,873cf2c42ffffff,,18.0,19.0,False,,0.0,800.0,,,,+913340586594,https://www.practo.com/kolkata/hospital/amri-hospital-mukundapur-kolkata-mukundapur?referrer=hospital_listing,,VN,practo,,1.0,canonical,103,Q3,,Premium,0.239171
hosp_c693a4ec0eb2c8d7,AMRI Hospital,amri hospital,Kolkata,Hospital,Dhakuria,,22.512585448898,88.3675998821855,873cf2c71ffffff,,3.0,2.0,True,,0.0,0.0,,,,+913341816950,https://www.practo.com/kolkata/hospital/amri-hospitals-dhakuria-1?referrer=hospital_listing,https://images1-fabric.practo.com/practices/1165347/amri-hospital-kolkata-67c7dc0888089.png,VN,practo,,1.0,canonical,104,Q3,,Premium,0.239088
hosp_1ee33f5596906c24,Pushpanjali Eye Care,pushpanjali eye care,Kolkata,Hospital,Gariahat,,22.516583001014,88.364929674119,873cf2c71ffffff,,1.0,1.0,False,,700.0,700.0,5.0,29.0,,+918037317887,https://www.practo.com/kolkata/hospital/pushpanjali-eye-care-1-gariahat?referrer=hospital_listing,https://images1-fabric.practo.com/practices/1466132/pushpanjali-eye-care-1-kolkata-6673ff49c6b0c.png,VN,practo,,1.0,canonical,105,Q3,,Premium,0.238863
hosp_216c74765aa73a8f,Divine Poly Clinic,divine poly clinic,Kolkata,Hospital,Beliaghata,,22.566359,88.392543,873cf2c61ffffff,,2.0,3.0,False,,700.0,1500.0,5.0,25.0,,+913340586092,https://www.practo.com/kolkata/hospital/divine-poly-clinic-beliaghata?referrer=hospital_listing,,VN,practo,,1.0,canonical,106,Q3,,Premium,0.238574
hosp_31f04b457493f301,Naba Jiban Hospital Private Limited,naba jiban hospital,Kolkata,Hospital,Shyambazar,,22.624214264206,88.393602021964,873cf2894ffffff,,1.0,3.0,True,,300.0,300.0,,,,+913340586572,https://www.practo.com/kolkata/hospital/nabajiban-hospital-pvt-ltd-shyambazar-1?referrer=hospital_listing,,VN,practo,,1.0,canonical,107,Q3,,Premium,0.238048
hosp_de33da8b000d5564,Mercy Hospital,mercy hospital,Kolkata,Hospital,Park Street,,22.5469731,88.3586077,873cf2c62ffffff,,2.0,2.0,True,,500.0,700.0,,3.0,,+913340586090,https://www.practo.com/kolkata/hospital/mercy-hospital-2-park-street?referrer=hospital_listing,https://images1-fabric.practo.com/practices/1036493/mercy-hospital-kolkata-6655a35d166e5.png,VN,practo,,1.0,canonical,108,Q3,,Premium,0.237731
hosp_aa645d769bb87685,Disha Eye Hospital,disha eye hospital,Kolkata,Hospital,Barrackpore,,22.763766,88.3694,873cf298effffff,,2.0,2.0,True,,0.0,100.0,,,,+913340587409,https://www.practo.com/kolkata/hospital/disha-eye-hospital-barrackpore?referrer=hospital_listing,https://images1-fabric.practo.com/disha-eye-hospital-kolkata-1478603015-5821b1077605c.jpg,VN,practo,,1.0,canonical,109,Q3,,Premium,0.237318
hosp_a1dc1c90bd2a5dfb,"Vibes -  Slimming, Beauty & Laser Clinic",vibes slimming beauty laser clinic,Kolkata,Hospital,Kankurgachi,,22.573305,88.389851,873cf2c61ffffff,,3.0,1.0,True,4.0,0.0,0.0,,2.0,,+913340586572,https://www.practo.com/kolkata/hospital/vibes-slimming-beauty-and-laser-clinic-kankurgachi?referrer=hospital_listing,https://images1-fabric.practo.com/practices/1186293/vibes-clinic-kolkata-5ace0e45db3f3.PNG,VN,practo,,1.0,canonical,110,Q3,,Premium,0.236863
hosp_91962966894f13ba,Techno India Hospital,techno hospital,Kolkata,Hospital,Salt Lake,,22.551879205144,88.410281538963,873cf2c6effffff,,1.0,2.0,True,,0.0,0.0,,2.0,,+913340586091,https://www.practo.com/kolkata/hospital/techno-india-hspital-salt-lake-salt-lake?referrer=hospital_listing,https://images1-fabric.practo.com/techno-india-hospital-kolkata-1476765080-5805a598d4ee3.jpg,VN,practo,,1.0,canonical,111,Q3,,Premium,0.235823
hosp_3bf04563cfecc634,Command Hospital(Eastern Command),command hospital eastern command,Kolkata,Hospital,Alipore,,22.5304003,88.3316927,873cf2c74ffffff,,1.0,2.0,True,,0.0,0.0,,,,+913341816952,https://www.practo.com/kolkata/hospital/command-hospital-eastern-command-alipore?referrer=hospital_listing,https://images1-fabric.practo.com/practices/1566095/command-hospital-eastern-command-kolkata-67e4ec919aed6.png,VN,practo,,1.0,canonical,112,Q3,,Premium,0.235548
hosp_43f79ca0a49d87a7,The Ivory Dental,ivory dental,Kolkata,Hospital,Panchasayar,,22.474343939405,88.401821028229,873cf2c51ffffff,,2.0,1.0,True,,500.0,500.0,,,,+913340588943,https://www.practo.com/kolkata/hospital/the-ivory-dental-panchasayar-3?referrer=hospital_listing,https://images1-fabric.practo.com/practices/1425438/the-ivory-dental-kolkata-647606adcaf52.JPG,VN,practo,,1.0,canonical,113,Q3,,Premium,0.234818
hosp_bced70fe5b2cb36a,"Vibes -  Slimming, Beauty & Laser Clinic",vibes slimming beauty laser clinic,Kolkata,Hospital,Southern Avenue,,22.515329,88.3442073,873cf2c70ffffff,,2.0,1.0,True,4.0,0.0,0.0,,,,+913341816947,https://www.practo.com/kolkata/hospital/vibes-slimming-beauty-laser-clinic-southern-avenue?referrer=hospital_listing,https://images1-fabric.practo.com/practices/1186296/vibes-clinic-kolkata-5acdf57d169bd.PNG,VN,practo,,1.0,canonical,114,Q3,,Premium,0.234818
hosp_257edbd39099669f,Meditrust Diagnostic & Imaging Centre,meditrust diagnostic imaging centre,Kolkata,Hospital,Dumdum,,22.622463646635,88.411949872971,873cf2890ffffff,,1.0,1.0,True,,800.0,800.0,,8.0,,+913340585950,https://www.practo.com/kolkata/hospital/meditrsut-diagnostic-centre-cossipore?referrer=hospital_listing,https://images1-fabric.practo.com/practices/1363413/meditrsut-diagnostic-imaging-centre-kolkata-6672cad783873.jpg,ABS,practo,,1.0,canonical,115,Q3,,Premium,0.234149
hosp_d21912da3d7fb760,Calcutta Heart Clinic & Hospital,calcutta heart clinic hospital,Kolkata,Hospital,Garcha Road,,22.575241305193554,88.41827988624573,873cf2c6cffffff,,1.0,1.0,True,,0.0,0.0,,,,+913340586088,https://www.practo.com/kolkata/hospital/calcutta-heart-clinic-hospital-garcha-road?referrer=hospital_listing,https://images1-fabric.practo.com/practices/1566630/calcutta-heart-clinic-hospital-kolkata-67e127d0ac2f8.png,active,practo,,1.0,canonical,116,Q3,,Premium,0.233048
hosp_db0d4ff5e733c45c,Hope Hospital,hope hospital,Kolkata,Hospital,New Alipore,,22.5080125703262,88.32244958728552,873cf2c76ffffff,,1.0,1.0,True,,500.0,500.0,,,,+913366760147,https://www.practo.com/kolkata/hospital/hope-hospital-9-new-alipore?referrer=hospital_listing,https://images1-fabric.practo.com/practices/1150335/hope-hospital-kolkata-5dec14398839a.jpeg,VN,practo,,1.0,canonical,117,Q3,,Premium,0.233048
hosp_5f7714b7ed328231,Subodh Mitra Cancer Hospital & Research Centre,subodh mitra cancer hospital research centre,Kolkata,Hospital,Salt Lake,,22.572793318341,88.41337446107,873cf2c6cffffff,,1.0,1.0,True,,500.0,500.0,,,,+913340586091,https://www.practo.com/kolkata/hospital/subodh-mitra-cancer-hospital-and-research-centre-salt-lake?referrer=hospital_listing,,VN,practo,,1.0,canonical,118,Q3,,Premium,0.233048
hosp_3674e2a67f3ff69f,Sanjivani Hospital,sanjivani hospital,Kolkata,Hospital,Baghbazar,,22.6036169,88.3675899,873cf2d4bffffff,,1.0,1.0,True,,300.0,300.0,,,,+913340586258,https://www.practo.com/kolkata/hospital/sanjivani-hospital-baghbazar?referrer=hospital_listing,https://images1-fabric.practo.com/practices/814644/sanjivani-hospital-kolkata-665800d1395ac.png,VN,practo,,1.0,canonical,119,Q3,,Premium,0.233048
hosp_3719f7bf0b25cd13,Columbia Asia Hospital,columbia asia hospital,Kolkata,Hospital,Bansdroni,,22.46428734493961,88.36532592686126,873cf2c50ffffff,,1.0,1.0,True,,500.0,500.0,,,,+913340837639,https://www.practo.com/kolkata/hospital/columbia-asia-hospital-bansdroni?referrer=hospital_listing,https://images1-fabric.practo.com/practices/1131113/columbia-asia-hospital-kolkata-6732ff72e1aa4.png,VN,practo,,1.0,canonical,120,Q3,,Premium,0.233048
hosp_6dc02d3a4da998df,Madhyamgram Municipality Hospital,madhyamgram municipality hospital,Kolkata,Hospital,Madhyamgram,,22.69395529589732,88.46372287720442,873cf2885ffffff,,1.0,1.0,True,,100.0,100.0,,,,+913341816947,https://www.practo.com/kolkata/hospital/madhyamgram-municipality-hospital-madhyamgram?referrer=hospital_listing,,VN,practo,,1.0,canonical,121,Q3,,Premium,0.233048
hosp_e4205ac2f724acd7,Deepali Homeopathy Clinic,deepali homeopathy clinic,Kolkata,Hospital,Behala,,22.49814,88.310838,873cf2c76ffffff,,1.0,1.0,True,,1000.0,1000.0,,,,+913341816948,https://www.practo.com/kolkata/hospital/deepali-homeopathy-clinic-behala?referrer=hospital_listing,,VN,practo,,1.0,canonical,122,Q3,,Premium,0.233048
hosp_3f55777fbb0e82e0,Care Hospital,care hospital,Kolkata,Hospital,Ultadanga,,22.59303,88.3899,873cf2c65ffffff,,1.0,1.0,True,,800.0,800.0,4.0,14.0,,+913366760750,https://www.practo.com/kolkata/hospital/care-hospital-ultadanga-1-1?referrer=hospital_listing,https://images1-fabric.practo.com/practices/890005/care-hospital-kolkata-664c74c485167.png,VN,practo,,1.0,canonical,123,Q3,,Premium,0.230727
hosp_e0e2d243170b5f99,"Apollo Multispeciality Hospital, Kankurgachi, Kolkata",apollo multispeciality hospital kankurgachi kolkata,Kolkata,Hospital,FA Block,,22.5747525,88.4015902,873cf2c61ffffff,,17.0,14.0,False,,0.0,800.0,,3.0,,+913341816951,https://www.practo.com/kolkata/hospital/apollo-multispeciality-hospital-kankurgachi-kolkata-fa-block?referrer=hospital_listing,,VN,practo,,1.0,canonical,124,Q3,,Premium,0.225314
hosp_258c98f0517aec68,Indira IVF - Fertility and IVF Center,indira ivf fertility ivf center,Kolkata,Hospital,Park Street,,22.554291046208377,88.35363376931714,873cf2c66ffffff,,6.0,3.0,True,,0.0,1000.0,3.5,12.0,,+912071186508,https://www.practo.com/kolkata/hospital/indira-ivf-fertility-and-ivf-center-park-street?referrer=hospital_listing,https://images1-fabric.practo.com/practices/1323796/indira-ivf-fertility-and-ivf-center-kolkata-604333fe594a5.jpeg,VN,practo,,1.0,canonical,125,Q2,,Mid-Market,0.224249
hosp_9853f367b5413adf,ILS Hospitals,ils hospitals,Kolkata,Hospital,Salt Lake,,22.5891732,88.4083664,873cf2892ffffff,,13.0,17.0,True,1.0,600.0,1500.0,3.5,109.0,,+913340587458,https://www.practo.com/kolkata/hospital/ils-hospital-salt-lake-1?referrer=hospital_listing,https://images1-fabric.practo.com/practices/905893/ils-hospitals-kolkata-666af5ab62f60.jpeg,VN,practo,,1.0,canonical,126,Q2,,Mid-Market,0.22321
hosp_ac65e67d5d65273b,"Ohio Hospital, Kolkata",ohio hospital kolkata,Kolkata,Hospital,New Town,,22.5781671,88.4770018,873cf2134ffffff,,16.0,14.0,False,,0.0,800.0,,,,+913340587458,https://www.practo.com/kolkata/hospital/ohio-hospital-kolkata-new-town-1?referrer=hospital_listing,,VN,practo,,1.0,canonical,127,Q2,,Mid-Market,0.223132
hosp_58e1b3a720199de0,BM Birla Heart Research Centre,bm birla heart research centre,Kolkata,Hospital,Alipore,,22.53295659689,88.328408757672,873cf2c74ffffff,,26.0,8.0,True,,750.0,1600.0,3.5,116.0,,+913340587458,https://www.practo.com/kolkata/hospital/bm-birla-heart-research-centre-alipore?referrer=hospital_listing,https://images1-fabric.practo.com/practices/1263792/bm-birla-heart-research-centre-kolkata-5d5e3a73ac28d.png,VN,practo,,1.0,canonical,128,Q2,,Mid-Market,0.223017
hosp_687e9bac1c670e68,Lotus Hospital,lotus hospital,Kolkata,Hospital,Rajarhat,,22.635104696523026,88.47854375839233,873cf289dffffff,,9.0,16.0,True,,0.0,500.0,2.5,12.0,,+913366760145,https://www.practo.com/kolkata/hospital/lotus-hospital-rajarhat?referrer=hospital_listing,https://images1-fabric.practo.com/lotus-hospital-kolkata-1478496615-58201167b9ee3.png,VN,practo,,1.0,canonical,129,Q2,,Mid-Market,0.220975
hosp_b490d63c9403cbad,Nehru Memorial Techno Global Hospital,nehru memorial techno global hospital,Kolkata,Hospital,Barrackpore,,22.766961620282,88.368247300386,873cf298effffff,,7.0,9.0,False,,0.0,600.0,4.5,17.0,,+913340586088,https://www.practo.com/kolkata/hospital/nehru-memorial-techno-global-hospital-barasat?referrer=hospital_listing,,VN,practo,,1.0,canonical,130,Q2,,Mid-Market,0.219043
hosp_f4e981220ad3a80e,columbia asia hospital  - salt lake ,columbia asia hospital salt lake,Kolkata,Hospital,Broadway Road,,22.5724,88.4128,873cf2c6cffffff,,13.0,14.0,False,,0.0,0.0,,,,+913340585364,https://www.practo.com/kolkata/hospital/columbia-asia-hospital-salt-lake-2-broadway-road?referrer=hospital_listing,,active,practo,,1.0,canonical,131,Q2,,Mid-Market,0.217822
hosp_acd50b8895cf2b56,"SSKM Hospital, PG Hospital",sskm hospital pg hospital,Kolkata,Hospital,K.M.Hospital,,22.5403825,88.3431348,873cf2c75ffffff,,14.0,13.0,False,,0.0,0.0,,,,+913340587458,https://www.practo.com/kolkata/hospital/sskm-hospital-pg-hospital-k-m-hospital?referrer=hospital_listing,,active,practo,,1.0,canonical,132,Q2,,Mid-Market,0.217092
hosp_94164473b35f8425,kolkata Hospital,kolkata hospital,Kolkata,Hospital,Mansatala,,22.5351519,88.3227069,873cf2c74ffffff,,18.0,10.0,False,,0.0,0.0,,,,+913340586089,https://www.practo.com/kolkata/hospital/kolkata-hospital-mansatala?referrer=hospital_listing,,active,practo,,1.0,canonical,133,Q2,,Mid-Market,0.216671
hosp_33d169e6fc76909f,"Ruby General Hospital, Kolkata",ruby general hospital kolkata,Kolkata,Hospital,East Kolkata Township,,22.5135084,88.402884,873cf2c40ffffff,,14.0,12.0,False,,0.0,800.0,,,,+913341816951,https://www.practo.com/kolkata/hospital/ruby-general-hospital-kolkata-east-kolkata-township?referrer=hospital_listing,,VN,practo,,1.0,canonical,134,Q2,,Mid-Market,0.214592
hosp_3ab50115a767401a,GD Hospital & Diabetic Institute,gd hospital diabetic institute,Kolkata,Hospital,Taltala,,22.572646,88.363895,873cf2c60ffffff,,15.0,12.0,False,,0.0,700.0,4.0,28.0,,+913366760146,https://www.practo.com/kolkata/hospital/gd-hospital-taltala?referrer=hospital_listing,https://images1-fabric.practo.com/gd-hospital-kolkata-1474719343-57e66e6fe5821.jpg,VN,practo,,1.0,canonical,135,Q2,,Mid-Market,0.213243
hosp_12c49cddad516bc1,The Lions North Calcutta Hospital & Medical Centre,lions north calcutta hospital medical centre,Kolkata,Hospital,Tollygunge,,22.481769178918,88.354185819626,873cf2c54ffffff,,14.0,11.0,False,,0.0,800.0,,,,+913340586092,https://www.practo.com/kolkata/hospital/the-lions-north-calcutta-hospital-medical-centre-tollygunge?referrer=hospital_listing,https://images1-fabric.practo.com/practices/1171669/the-lions-north-calcutta-hospital-medical-centre-kolkata-5a3fd5f42a82d.jpg,VN,practo,,1.0,canonical,136,Q2,,Mid-Market,0.212092
hosp_93b9f614d0340ce9,"Kothari Medical Centre, Kolkata",kothari medical centre kolkata,Kolkata,Hospital,Alipore,,22.5329339,88.3303923,873cf2c74ffffff,,14.0,11.0,False,,0.0,1500.0,,,,+913340585950,https://www.practo.com/kolkata/hospital/kothari-medical-centre-kolkata-alipore?referrer=hospital_listing,,VN,practo,,1.0,canonical,137,Q2,,Mid-Market,0.212092
hosp_7c06e3f57999931a,Mind Wellness Clinic,mind wellness clinic,Kolkata,Hospital,Bhawanipore,,22.52802042956259,88.34839325398207,873cf2c75ffffff,,1.0,1.0,True,,1200.0,1200.0,3.5,11.0,,+913341816952,https://www.practo.com/kolkata/hospital/tmapaihospital-mbbs-dpm-udupicourts?referrer=hospital_listing,https://images1-fabric.practo.com/practices/1116869/mind-wellness-clinic-kolkata-5fa13777a5f58.jpeg,VN,practo,,1.0,canonical,138,Q2,,Mid-Market,0.211922
hosp_6c74c4e74a187743,"Amri Hospital, Dhakuria, Kolkata",amri hospital dhakuria kolkata,Kolkata,Hospital,Ward Number 90,,22.512609,88.3676693,873cf2c71ffffff,,16.0,9.0,False,,0.0,0.0,,,,+913341817078,https://www.practo.com/kolkata/hospital/amri-hospital-dhakuria-kolkata-ward-number-90?referrer=hospital_listing,,VN,practo,,1.0,canonical,139,Q2,,Mid-Market,0.210632
hosp_b097477dc673772c,"Gd Hospital And Diabetes Institute, Kolkata",gd hospital diabetes institute kolkata,Kolkata,Hospital,Lenin Sarani,,22.5620956,88.3621637,873cf2c66ffffff,,12.0,11.0,False,,0.0,880.0,,,,+913340586095,https://www.practo.com/kolkata/hospital/gd-hospital-and-diabetes-institute-kolkata-lenin-sarani?referrer=hospital_listing,,active,practo,,1.0,canonical,140,Q2,,Mid-Market,0.208552
hosp_d45ad064bb5c0b4a,Mission Hospital,mission hospital,Kolkata,Hospital,Amrita Bazar Partika,,22.5520136,88.3633233,873cf2c62ffffff,,13.0,10.0,False,,0.0,0.0,,,,+913340587458,https://www.practo.com/kolkata/hospital/mission-hospital-1-amrita-bazar-partika?referrer=hospital_listing,,VN,practo,,1.0,canonical,141,Q2,,Mid-Market,0.207822
hosp_2f5e6fef9c6d7df1,mission hospital,mission hospital,Kolkata,Hospital,Sealdah,,22.571154,88.3712024,873cf2c60ffffff,,13.0,10.0,False,,0.0,0.0,,,,+913340588611,https://www.practo.com/kolkata/hospital/mission-hospital-1-sealdah?referrer=hospital_listing,,active,practo,,1.0,canonical,142,Q2,,Mid-Market,0.207822
hosp_a8126b01987b5ded,Sambhunath pandit hospital,sambhunath pandit hospital,Kolkata,Hospital,Barisha,,22.4896582,88.3156352,873cf2c0dffffff,,14.0,9.0,False,,0.0,0.0,,,,+913340587430,https://www.practo.com/kolkata/hospital/sambhunath-pandit-hospital-barisha?referrer=hospital_listing,,active,practo,,1.0,canonical,143,Q2,,Mid-Market,0.207092
hosp_899b4523b8bcb8f3,Narayana Multispeciality Hospital,narayana multispeciality hospital,Kolkata,Hospital,Barasat,,22.705196092914,88.472261019051,873cf28aaffffff,,11.0,11.0,False,,0.0,600.0,4.0,19.0,,+913340587458,https://www.practo.com/kolkata/hospital/narayana-multispeciality-hospital-barasat?referrer=hospital_listing,,VN,practo,,1.0,canonical,144,Q2,,Mid-Market,0.204049
hosp_12057915a3a3faa7,netaji subhas chandra bose cancer hospital  - panchasayar ,netaji subhas chandra bose cancer hospital panchasayar,Kolkata,Hospital,Nayabad Ave,,22.4802,88.4076,873cf2c5cffffff,,5.0,11.0,False,,0.0,500.0,,,,+913341816953,https://www.practo.com/kolkata/hospital/netaji-subhas-chandra-bose-cancer-hospital-panchasayar-nayabad-ave?referrer=hospital_listing,,VN,practo,,1.0,canonical,145,Q2,,Mid-Market,0.196163
hosp_1ba7c1edcedfeea8,JAGANNATH GUPTA INSTITUTE OF MEDICAL SCIENCES AND HOSPITAL,jagannath gupta institute medical sciences hospital,Kolkata,Hospital,Budge Budge,,22.453469,88.171452,873cf2c32ffffff,,9.0,8.0,False,,0.0,0.0,,,,+913341816951,https://www.practo.com/kolkata/hospital/jagannath-gupta-institute-of-medical-sciences-and-hospital-budge-budge-1?referrer=hospital_listing,,active,practo,,1.0,canonical,146,Q2,,Mid-Market,0.195742
hosp_b277ccd96498a60f,"North City Hospital, Kolkata",north city hospital kolkata,Kolkata,Hospital,Ghose Bagan,,22.5893521,88.3937363,873cf2c65ffffff,,6.0,10.0,False,,0.0,0.0,,,,+913341816950,https://www.practo.com/kolkata/hospital/north-city-hospital-kolkata-ghose-bagan?referrer=hospital_listing,,VN,practo,,1.0,canonical,147,Q2,,Mid-Market,0.195432
hosp_307d67995136f0fc,Islamia Hospital,islamia hospital,Kolkata,Hospital,Yogayog Bhawan,,22.5717826,88.3582001,873cf2c64ffffff,,6.0,10.0,False,,0.0,0.0,,,,+913340586091,https://www.practo.com/kolkata/hospital/islamia-hospital-1-yogayog-bhawan?referrer=hospital_listing,,VN,practo,,1.0,canonical,148,Q2,,Mid-Market,0.195432
hosp_5804a956f257699c,Sanjeevani Hospital,sanjeevani hospital,Kolkata,Hospital,Shyambazar,,22.60389,88.36788,873cf2d4bffffff,,2.0,2.0,True,,500.0,750.0,3.5,29.0,,+913366760144,https://www.practo.com/kolkata/hospital/sanjeevani-hospital-shyambazar?referrer=hospital_listing,https://images1-fabric.practo.com/practices/657315/sanjeevani-hospital-kolkata-664c5089cd2fe.png,VN,practo,,1.0,canonical,149,Q2,,Mid-Market,0.19522
hosp_8463487cfd311e2a,Binapani Doctor's Chamber,binapani doctor s chamber,Kolkata,Hospital,Jadavpur,,22.490968562202,88.365848064423,873cf2c55ffffff,,1.0,3.0,True,,800.0,800.0,3.5,30.0,,+913340837613,https://www.practo.com/kolkata/hospital/dr-s-p-roy-jadavpur-university?referrer=hospital_listing,https://images1-fabric.practo.com/binapani-doctor-s-chamber-kolkata-1443010544-560297f0d0c6e.jpg,ABS,practo,,1.0,canonical,150,Q2,,Mid-Market,0.195094
hosp_5e4ce5e2ce9ce2a2,CMC Hospital,cmc hospital,Kolkata,Hospital,Mansatala,,22.5379411,88.3234209,873cf2c74ffffff,,12.0,5.0,False,,0.0,0.0,,,,+913341816949,https://www.practo.com/kolkata/hospital/cmc-hospital-2-mansatala?referrer=hospital_listing,,active,practo,,1.0,canonical,151,Q2,,Mid-Market,0.193552
hosp_96ab57a2d4be2cde,Binayak Multi-specialty Hospital,binayak multi specialty hospital,Kolkata,Hospital,South Sinhee,,22.6314807,88.3863693,873cf2894ffffff,,7.0,7.0,False,,0.0,700.0,,,,+913340838460,https://www.practo.com/kolkata/hospital/binayak-multi-specialty-hospital-south-sinhee?referrer=hospital_listing,,active,practo,,1.0,canonical,152,Q2,,Mid-Market,0.189702
hosp_c5ab2750ff27fb59,ANANDALOK HOSPITAL CL -88,anandalok hospital cl 88,Kolkata,Hospital,Salt Lake,,22.5844115,88.4291934,873cf2c6cffffff,,7.0,7.0,False,,0.0,0.0,,,,+913340588943,https://www.practo.com/kolkata/hospital/anandalok-hospital-cl-88-salt-lake?referrer=hospital_listing,,VN,practo,,1.0,canonical,153,Q2,,Mid-Market,0.189702
hosp_a7553a2e7b72e8e7,Sri Aravindo Sevakendra,sri aravindo sevakendra,Kolkata,Hospital,Jodhpur Park,,22.50325,88.36446,873cf2c73ffffff,,5.0,5.0,True,,200.0,700.0,3.5,63.0,,+913340586088,https://www.practo.com/kolkata/hospital/sri-aravindo-sevakendra-jodhpur-park?referrer=hospital_listing,,VN,practo,,1.0,canonical,154,Q2,,Mid-Market,0.188797
hosp_beb4e0614c913c7a,SH - Binayak Multispeciality Hospital,sh binayak multispeciality hospital,Kolkata,Hospital,South Sinhee,,22.6314727,88.3863671,873cf2894ffffff,,6.0,7.0,False,,0.0,700.0,,,,+913340585364,https://www.practo.com/kolkata/hospital/sh-binayak-multispeciality-hospital-south-sinhee?referrer=hospital_listing,,active,practo,,1.0,canonical,155,Q2,,Mid-Market,0.187932
hosp_5b2e41938db087cc,Peerless Hospitex Hospital And Research Center Limited,peerless hospitex hospital research center,Kolkata,Hospital,Jatindra Nath Road,,22.4808236,88.3941513,873cf2c51ffffff,,4.0,8.0,False,,0.0,0.0,,,,+913340586087,https://www.practo.com/kolkata/hospital/peerless-hospitex-hospital-and-research-center-limited-jatindra-nath-road?referrer=hospital_listing,,VN,practo,,1.0,canonical,156,Q2,,Mid-Market,0.186893
hosp_315cc9bc029b6d4d,Manipal Hospital Formerly AMRI Hospital,manipal hospital formerly amri hospital,Kolkata,Hospital,Mukundapur,,22.4939,88.4022,873cf2c42ffffff,,11.0,3.0,False,,0.0,0.0,,,,+913340587458,https://www.practo.com/kolkata/hospital/manipal-hospital-formerly-amri-hospital-mukundapur?referrer=hospital_listing,,VN,practo,,1.0,canonical,157,Q2,,Mid-Market,0.186782
hosp_a92299d3bd6f8190,SSKM HOSPITAL CARDIOLOGY DEPARTMENT,sskm hospital cardiology department,Kolkata,Hospital,K.M.Hospital,,22.5401928,88.3427051,873cf2c75ffffff,,8.0,4.0,False,,0.0,0.0,,,,+913340586090,https://www.practo.com/kolkata/hospital/sskm-hospital-cardiology-department-k-m-hospital?referrer=hospital_listing,,active,practo,,1.0,canonical,158,Q2,,Mid-Market,0.183972
hosp_cd85686c2dc7fecd,Beliaghata I.D & B.G Hospital,beliaghata i d b g hospital,Kolkata,Hospital,Beliaghata,,22.5655407,88.3981526,873cf2c61ffffff,,4.0,6.0,False,,0.0,0.0,,,,+913340586091,https://www.practo.com/kolkata/hospital/beliaghata-i-d-b-g-hospital-beliaghata?referrer=hospital_listing,,VN,practo,,1.0,canonical,159,Q2,,Mid-Market,0.181893
hosp_05e36a06d44fc87f,disha eye hospitals  - newtown ,disha eye hospitals newtown,Kolkata,Hospital,Action Area 1D,,22.5801,88.4752,873cf2c69ffffff,,5.0,5.0,False,,0.0,0.0,,,,+913340587458,https://www.practo.com/kolkata/hospital/disha-eye-hospitals-newtown-action-area-1d?referrer=hospital_listing,,VN,practo,,1.0,canonical,160,Q2,,Mid-Market,0.181163
hosp_6188b03d202e73d4,Dum Dum Medical Centre,dum dum medical centre,Kolkata,Hospital,Dumdum,,22.575835,88.352668,873cf2c64ffffff,,4.0,5.0,False,,350.0,2000.0,,8.0,,+913340586087,https://www.practo.com/kolkata/hospital/dum-dum-medical-centre-dumdum?referrer=hospital_listing,,VN,practo,,1.0,canonical,161,Q2,,Mid-Market,0.180493
hosp_a55e4edd1dc42d80,"Manipal Hospital, Salt Lake",manipal hospital salt lake,Kolkata,Hospital,Salt Lake,,22.57237,88.4127,873cf2c6cffffff,,19.0,15.0,True,,100.0,1200.0,3.0,66.0,,+913340586091,https://www.practo.com/kolkata/hospital/gd-hospital-sealdah?referrer=hospital_listing,https://images1-fabric.practo.com/practices/700046/manipal-hospital-salt-lake-kolkata-61a4beead15af.jpg,VN,practo,,1.0,canonical,162,Q2,,Mid-Market,0.177166
hosp_5a0afe52fe5b8bfd,"Genesis Hospital, Kolkata",genesis hospital kolkata,Kolkata,Hospital,East Kolkata Township,,22.514124,88.3990403,873cf2c40ffffff,,4.0,4.0,False,,0.0,0.0,,,,+913340587409,https://www.practo.com/kolkata/hospital/genesis-hospital-kolkata-east-kolkata-township?referrer=hospital_listing,,VN,practo,,1.0,canonical,163,Q2,,Mid-Market,0.176893
hosp_c9835f1a9d316950,D'CosMedics Clinic,d cosmedics clinic,Kolkata,Hospital,Kalighat,,22.516861991604,88.34619065292,873cf2c70ffffff,,2.0,5.0,False,,0.0,800.0,,5.0,,+913341816948,https://www.practo.com/kolkata/hospital/amri-7-salt-lake-2?referrer=hospital_listing,,VN,practo,,1.0,canonical,164,Q2,,Mid-Market,0.17654
hosp_ab332a7f4237a92d,Amplifon - Diamond Harbour Road,amplifon diamond harbour road,Kolkata,Hospital,Alipore,,22.527735202966422,88.32618623971939,873cf2c74ffffff,,2.0,5.0,False,1.0,0.0,0.0,,,,+913340838399,https://www.practo.com/kolkata/hospital/amplifon-10?referrer=hospital_listing,https://images1-fabric.practo.com/amplifon-pvt-ltd-alipore-kolkata-1468564519-578884278fdce.jpg,VN,practo,,1.0,canonical,165,Q2,,Mid-Market,0.175853
hosp_b5aea5d47abedc9e,DHI Hair Transplant and Restoration Clinic - Kolkata,dhi hair transplant restoration clinic kolkata,Kolkata,Hospital,Elgin,,22.5377932,88.3490381,873cf2c75ffffff,,7.0,1.0,False,1.0,1000.0,1000.0,,8.0,,+913340585950,https://www.practo.com/kolkata/hospital/dhi-hair-transplant-and-restoration-clinics-kolkata-elgin?referrer=hospital_listing,https://images1-fabric.practo.com/practices/1400480/dhi-hair-transplant-and-restoration-clinics-kolkata-kolkata-632178f7622b4.PNG,VN,practo,,1.0,canonical,166,Q2,,Mid-Market,0.175802
hosp_9a9ad00ea9877822,Apex General Hospital,apex general hospital,Kolkata,Hospital,Baguihati,,22.612515,88.429694,873cf2893ffffff,,3.0,4.0,False,,0.0,500.0,,,,+913340588611,https://www.practo.com/kolkata/hospital/apex-general-hospital-1-baguihati?referrer=hospital_listing,,VN,practo,,1.0,canonical,167,Q2,,Mid-Market,0.175123
hosp_782d187ead43beaa,BRWS Hospital & Clinic,brws hospital clinic,Kolkata,Hospital,Naktala,,22.471201029487,88.3775639534,873cf2c50ffffff,,3.0,4.0,False,,500.0,1500.0,,,,+913340586090,https://www.practo.com/kolkata/hospital/brws-hospital-clinic-naktala?referrer=hospital_listing,,VN,practo,,1.0,canonical,168,Q2,,Mid-Market,0.175123
hosp_4f24eb09caeca40d,BR SIngh Hospital,br singh hospital,Kolkata,Hospital,Sealdah,,,,,,3.0,4.0,False,,0.0,0.0,,,,+913340586092,https://www.practo.com/kolkata/hospital/br-singh-hospital-sealdah?referrer=hospital_listing,,VN,practo,,0.6,canonical,169,Q2,,Mid-Market,0.175123
hosp_ff90fd33d765bfc9,"Medica Superspeciality Hospital, Mukundapur",medica superspeciality hospital mukundapur,Kolkata,Hospital,Mukundapur,,22.559803,88.409837,873cf2c6effffff,,4.0,3.0,False,,400.0,800.0,,5.0,,+913340586090,https://www.practo.com/kolkata/hospital/dr-devjani-das-ganguli-clinic-mukundapur?referrer=hospital_listing,,VN,practo,,1.0,canonical,170,Q2,,Mid-Market,0.17508
hosp_b85d90d3e918fd52,Infectious Diseases & Beleghata General Hospital,infectious diseases beleghata general hospital,Kolkata,Hospital,Beliaghata,,22.5632949,88.3985491,873cf2c61ffffff,,4.0,3.0,False,,0.0,0.0,,,,+913340588943,https://www.practo.com/kolkata/hospital/infectious-diseases-beleghata-general-hospital-beliaghata?referrer=hospital_listing,,VN,practo,,1.0,canonical,171,Q2,,Mid-Market,0.174393
hosp_2bbfc973f3e8f9ee,Naba Jiban Hospital,naba jiban hospital,Kolkata,Hospital,Shyambazar,,22.5985699,88.3735158,873cf2c65ffffff,,2.0,4.0,False,,300.0,400.0,,7.0,,+913366760147,https://www.practo.com/kolkata/hospital/naba-jiban-hospital-bhandardaha?referrer=hospital_listing,,VN,practo,,1.0,canonical,172,Q2,,Mid-Market,0.174315
hosp_a957b043932bc733,ASG Eye Hospital,asg eye hospital,Kolkata,Hospital,Lake Town,,22.573200499214,88.376491069794,873cf2c60ffffff,,5.0,1.0,True,1.0,400.0,500.0,3.5,82.0,,+918047284062,https://www.practo.com/kolkata/hospital/asg-eye-hospital-11-lake-town?referrer=hospital_listing,,ABS,practo,,1.0,canonical,173,Q2,,Mid-Market,0.173414
hosp_7dcc21064920cc32,dum dum medical centre  - dum dum ,dum dum medical centre dum dum,Kolkata,Hospital,Mall Road,,22.6287,88.421,873cf2891ffffff,,2.0,4.0,False,,0.0,300.0,,,,+913340585950,https://www.practo.com/kolkata/hospital/dum-dum-medical-centre-dum-dum-mall-road?referrer=hospital_listing,,VN,practo,,1.0,canonical,174,Q2,,Mid-Market,0.173353
hosp_c687a21df3ad5974,National Neurosciences Centre,national neurosciences centre,Kolkata,Hospital,Panchasayar,,22.578877,88.373676,873cf2c60ffffff,,3.0,3.0,False,,700.0,1200.0,,4.0,,+913340586090,https://www.practo.com/kolkata/hospital/national-neurosciences-centre-panchasayar?referrer=hospital_listing,,VN,practo,,1.0,canonical,175,Q2,,Mid-Market,0.173173
hosp_abf1663eb3ad69ed,Medical College and Hospital,medical college hospital,Kolkata,Hospital,College Square,,22.573431,88.3626665,873cf2c64ffffff,,3.0,3.0,False,,250.0,500.0,,,,+913341816952,https://www.practo.com/kolkata/hospital/medical-college-and-hospital-college-square?referrer=hospital_listing,,VN,practo,,1.0,canonical,176,Q2,,Mid-Market,0.172623
hosp_410314c246af645d,Nightiangle Hospital,nightiangle hospital,Kolkata,Hospital,Linton Street,,22.5495458,88.371118,873cf2c62ffffff,,3.0,3.0,False,,0.0,0.0,,,,+913340586095,https://www.practo.com/kolkata/hospital/nightiangle-hospital-linton-street?referrer=hospital_listing,,active,practo,,1.0,canonical,177,Q2,,Mid-Market,0.172623
hosp_93c956f919e67a5c,kpc medical college and hospital  - jadavpur ,kpc medical college hospital jadavpur,Kolkata,Hospital,Jadavgarh,,22.4939,88.3734,873cf2c55ffffff,,3.0,3.0,False,,0.0,0.0,,,,+913340838460,https://www.practo.com/kolkata/hospital/kpc-medical-college-and-hospital-jadavpur-jadavgarh?referrer=hospital_listing,,active,practo,,1.0,canonical,178,Q2,,Mid-Market,0.172623
hosp_a64192ce92c82d07,apex general hospital  - baguiati ,apex general hospital baguiati,Kolkata,Hospital,Joramandir,,22.613,88.43,873cf2893ffffff,,3.0,3.0,False,,0.0,0.0,,,,+913341816954,https://www.practo.com/kolkata/hospital/apex-general-hospital-baguiati-joramandir?referrer=hospital_listing,,VN,practo,,1.0,canonical,179,Q2,,Mid-Market,0.172623
hosp_bc6e6151f858e5b6,NARKELDANGA URBAN PRIMARY HOSPITAL,narkeldanga urban primary hospital,Kolkata,Hospital,Narkeldanga,,22.5758141,88.3780253,873cf2c60ffffff,,3.0,3.0,False,,0.0,0.0,,,,+913340838460,https://www.practo.com/kolkata/hospital/narkeldanga-urban-primary-hospital-narkeldanga?referrer=hospital_listing,,active,practo,,1.0,canonical,180,Q2,,Mid-Market,0.172623
hosp_ba5daf83b661c08c,ARC International Fertility & Research Centre,arc international fertility research centre,Kolkata,Hospital,Kasba,,22.519256798018507,88.39889287948608,873cf2c40ffffff,,1.0,4.0,False,,500.0,500.0,,,,+913340586572,https://www.practo.com/kolkata/hospital/arc-international-fertility-research-centre-kasba?referrer=hospital_listing,https://images1-fabric.practo.com/practices/1223865/arc-international-fertility-research-centre-kolkata-5badfb9b4f172.jpg,VN,practo,,1.0,canonical,181,Q2,,Mid-Market,0.171583
hosp_036e00a0fc313ef4,"Woodlands Multispeciality Hospital, Alipore Road, Kolkata",woodlands multispeciality hospital alipore road kolkata,Kolkata,Hospital,Kolkata Armed Police,,22.5322418,88.3291062,873cf2c74ffffff,,2.0,3.0,False,,0.0,0.0,,,,+913340838399,https://www.practo.com/kolkata/hospital/woodlands-multispeciality-hospital-alipore-road-kolkata-kolkata-armed-police?referrer=hospital_listing,,VN,practo,,1.0,canonical,182,Q2,,Mid-Market,0.170853
hosp_b98f7b9c8f028f22,JOINT AND BONE CARE HOSPITAL,joint bone care hospital,Kolkata,Hospital,Salt Lake,,22.58677228176962,88.41492176055908,873cf2c6cffffff,,2.0,3.0,False,,200.0,600.0,,,,+913340587409,https://www.practo.com/kolkata/hospital/joint-and-bone-care-hospital-salt-lake?referrer=hospital_listing,,VN,practo,,1.0,canonical,183,Q2,,Mid-Market,0.170853
hosp_9cd8d5aa40d65bd9,zoe aesthetic centre  - santoshpur ,zoe aesthetic centre santoshpur,Kolkata,Hospital,Ajoy Nagar,,22.4899,88.3959,873cf2c42ffffff,,2.0,3.0,False,,0.0,0.0,,,,+913340585950,https://www.practo.com/kolkata/hospital/zoe-aesthetic-centre-santoshpur-1-ajoy-nagar?referrer=hospital_listing,,VN,practo,,1.0,canonical,184,Q2,,Mid-Market,0.170853
hosp_50495861caa9a5e5,Kolkata Police Hospital,kolkata police hospital,Kolkata,Hospital,Alipore Dist Board,,22.5370213,88.34548,873cf2c75ffffff,,3.0,2.0,False,,0.0,0.0,,,,+913341816952,https://www.practo.com/kolkata/hospital/kolkata-police-hospital-alipore-dist-board?referrer=hospital_listing,,VN,practo,,1.0,canonical,185,Q2,,Mid-Market,0.170123
hosp_b371b81f93d8f51c,allergy & asthma treatment centre  - entally ,allergy asthma treatment centre entally,Kolkata,Hospital,Maula Ali,,22.5594,88.366,873cf2c60ffffff,,3.0,2.0,False,,0.0,0.0,,,,+913341816951,https://www.practo.com/kolkata/hospital/allergy-asthma-treatment-centre-entally-2-maula-ali?referrer=hospital_listing,,VN,practo,,1.0,canonical,186,Q2,,Mid-Market,0.170123
hosp_ab7c90768c762e1b,Hearing Plus - Rabindra Sarobar,hearing plus rabindra sarobar,Kolkata,Hospital,Lake Gardens,,22.50635,88.346719,873cf2c73ffffff,,4.0,1.0,False,4.0,500.0,500.0,,,,+913341816953,https://www.practo.com/kolkata/hospital/hearing-plus-rabindra-sarobar-lake-gardens?referrer=hospital_listing,https://images1-fabric.practo.com/hearing-plus-rabindra-sarobar-kolkata-1482899163-58633edb02940.png,VN,practo,,1.0,canonical,187,Q1,,Economy,0.169393
hosp_1129a2868af58355,Hearing Plus,hearing plus,Kolkata,Hospital,Shyambazar,,22.601908,88.373816,873cf2d4bffffff,,4.0,1.0,False,4.0,500.0,500.0,,,,+913340586092,https://www.practo.com/kolkata/hospital/hearing-plus-shyambazar?referrer=hospital_listing,https://images1-fabric.practo.com/hearing-plus-shyambazar-kolkata-1482901895-58634987df78d.png,VN,practo,,1.0,canonical,188,Q1,,Economy,0.169393
hosp_882a379b5bc56887,Hearing Plus - Madhyamgram,hearing plus madhyamgram,Kolkata,Hospital,Madhyamgram,,22.694646,88.45288,873cf2885ffffff,,4.0,1.0,False,4.0,500.0,500.0,,,,+913340586089,https://www.practo.com/kolkata/hospital/hearing-plus-madhyamgram?referrer=hospital_listing,https://images1-fabric.practo.com/hearing-plus-madhyamgram-kolkata-1482904358-5863532686822.png,VN,practo,,1.0,canonical,189,Q1,,Economy,0.169393
hosp_2933bd2cd41e6465,Hearing Plus - Esplanade,hearing plus esplanade,Kolkata,Hospital,Esplanade,,22.564808,88.352579,873cf2c66ffffff,,4.0,1.0,False,4.0,500.0,500.0,,,,+913340586087,https://www.practo.com/kolkata/hospital/hearing-plus-esplanade?referrer=hospital_listing,https://images1-fabric.practo.com/hearing-plus-esplanade-kolkata-1482904860-5863551c3aff7.png,VN,practo,,1.0,canonical,190,Q1,,Economy,0.169393
hosp_a477873f77f6c301,Hearing Plus - Salt Lake,hearing plus salt lake,Kolkata,Hospital,Salt Lake,,22.592463,88.412446,873cf2892ffffff,,4.0,1.0,False,4.0,500.0,500.0,,,,+913340838460,https://www.practo.com/kolkata/hospital/hearing-plus-salt-lake-salt-lake?referrer=hospital_listing,https://images1-fabric.practo.com/hearing-plus-salt-lake-kolkata-1482905289-586356c9cf025.png,VN,practo,,1.0,canonical,191,Q1,,Economy,0.169393
hosp_974105f1832c9085,"Sparsha Infertility Centre, Madhyamgram, Kolkata",sparsha infertility centre madhyamgram kolkata,Kolkata,Hospital,Madhyamgram,,22.6874405,88.4636274,873cf2885ffffff,,1.0,3.0,False,,0.0,0.0,,,,+913340587430,https://www.practo.com/kolkata/hospital/sparsha-infertility-centre-madhyamgram-kolkata-madhyamgram?referrer=hospital_listing,,VN,practo,,1.0,canonical,192,Q1,,Economy,0.169083
hosp_0fab3fbcae19d5d1,Kolkata Heart Lung Centre,kolkata heart lung centre,Kolkata,Hospital,Santoshpur Avenue,,22.4956904,88.3958545,873cf2c42ffffff,,1.0,3.0,False,,0.0,0.0,,,,+913341817078,https://www.practo.com/kolkata/hospital/kolkata-heart-lung-centre-santoshpur-avenue?referrer=hospital_listing,,VN,practo,,1.0,canonical,193,Q1,,Economy,0.169083
hosp_2f0c352d8c1ea461,"Parkview Super Speciality Hospital, Kolkata",parkview super speciality hospital kolkata,Kolkata,Hospital,HC Block,,22.5752245,88.4172479,873cf2c6cffffff,,2.0,2.0,False,,0.0,0.0,,,,+913340586572,https://www.practo.com/kolkata/hospital/parkview-super-speciality-hospital-kolkata-hc-block?referrer=hospital_listing,,VN,practo,,1.0,canonical,194,Q1,,Economy,0.168353
hosp_8b9557038b05c105,"Narayan Memorial Hospital, Diamond Harbour, Kolkata",narayan memorial hospital diamond harbour kolkata,Kolkata,Hospital,Sarada Pally,,22.4957136,88.3169973,873cf2c0dffffff,,2.0,2.0,False,,0.0,0.0,,,,+913341816954,https://www.practo.com/kolkata/hospital/narayan-memorial-hospital-diamond-harbour-kolkata-sarada-pally?referrer=hospital_listing,,VN,practo,,1.0,canonical,195,Q1,,Economy,0.168353
hosp_1c15d17f472852bb,Bhagirathi Neotia Woman & Child Care Centre,bhagirathi neotia woman child care centre,Kolkata,Hospital,Ramkrishna Park,,22.4559986,88.3860203,873cf2c53ffffff,,2.0,2.0,False,,0.0,0.0,,,,+913340586088,https://www.practo.com/kolkata/hospital/bhagirathi-neotia-woman-child-care-centre-ramkrishna-park-1?referrer=hospital_listing,,active,practo,,1.0,canonical,196,Q1,,Economy,0.168353
hosp_ddf7e20606d6909f,genix laboratory & diagnostics centre  - naktala ,genix laboratory diagnostics centre naktala,Kolkata,Hospital,Bansdroni,,22.4727,88.3637,873cf2c50ffffff,,2.0,2.0,False,,0.0,0.0,,,,+912071186508,https://www.practo.com/kolkata/hospital/genix-laboratory-diagnostics-centre-naktala-1-bansdroni?referrer=hospital_listing,,VN,practo,,1.0,canonical,197,Q1,,Economy,0.168353
hosp_317c5523355b8d76,central diagnostic centre  - barrackpore ,central diagnostic centre barrackpore,Kolkata,Hospital,Barrackpore,,22.7624,88.3646,873cf298effffff,,2.0,2.0,False,,0.0,0.0,,,,+913341816952,https://www.practo.com/kolkata/hospital/central-diagnostic-centre-barrackpore-barrackpore?referrer=hospital_listing,,VN,practo,,1.0,canonical,198,Q1,,Economy,0.168353
hosp_f532b921826c3d55,Amplifon,amplifon,Kolkata,Hospital,Kankurgachi,,22.5768452,88.3909263,873cf2c61ffffff,,2.0,2.0,False,1.0,0.0,0.0,,,,+913366760145,https://www.practo.com/kolkata/hospital/amplifon-pvt-ltd-kolkata?referrer=hospital_listing,https://images1-fabric.practo.com/amplifon-kolkata-1468564554-5788844a7768b.jpg,VN,practo,,1.0,canonical,199,Q1,,Economy,0.168353
hosp_cb8d0bdebaf7a968,Dr Batra's Positive Health Clinic Pvt Ltd,dr batra s positive health clinic,Kolkata,Hospital,Behala,,22.4552576,88.3053876,873cf2c08ffffff,,2.0,1.0,False,6.0,499.0,499.0,,9.0,,+913340838399,https://www.practo.com/kolkata/hospital/dr-batras-positive-health-clinic-pvt-ltd-1-behala?referrer=hospital_listing,https://images1-fabric.practo.com/practices/1026843/dr-batra-s-positive-health-clinic-pvt-ltd-kolkata-640c4adaaac09.png,VN,practo,,1.0,canonical,200,Q1,,Economy,0.16709
hosp_968d765e3432be34,Dr Batra's Positive Health Clinic Pvt Ltd,dr batra s positive health clinic,Kolkata,Hospital,Minto Park,,22.541087,88.35552,873cf2c75ffffff,,2.0,1.0,False,6.0,499.0,499.0,,9.0,,+913341816950,https://www.practo.com/kolkata/hospital/dr-batra-s-positive-health-clinic-pvt-ltd-4-minto-park?referrer=hospital_listing,https://images1-fabric.practo.com/practices/1263654/dr-batra-s-positive-health-clinic-pvt-ltd-kolkata-640f24666e4de.png,VN,practo,,1.0,canonical,201,Q1,,Economy,0.16709
hosp_3e4b75d93f2278dd,North City / Anandalok Hospital,north city anandalok hospital,Kolkata,Hospital,Salt Lake,,22.58459296153955,88.42361211776733,873cf2c6cffffff,,1.0,2.0,False,,1500.0,1500.0,,,,+913340586091,https://www.practo.com/kolkata/hospital/north-city-anandalok-hospital-salt-lake?referrer=hospital_listing,,VN,practo,,1.0,canonical,202,Q1,,Economy,0.166583
hosp_63c59e1375954b95,Good Samaritan Hospital,good samaritan hospital,Kolkata,Hospital,Park Circus,,22.5392956,88.3705407,873cf2c62ffffff,,1.0,2.0,False,,0.0,0.0,,,,+913340586087,https://www.practo.com/kolkata/hospital/good-samaritan-hospital-park-circus?referrer=hospital_listing,,active,practo,,1.0,canonical,203,Q1,,Economy,0.166583
hosp_f763f799d0ecb5f8,Dr. Agarwal's Health Plus Clinic and Research Centre,dr agarwal s health plus clinic research centre,Kolkata,Hospital,Chetla,,22.5169244,88.3329403,873cf2c70ffffff,,1.0,2.0,False,,0.0,0.0,,,,+913340838399,https://www.practo.com/kolkata/hospital/dr-agarwal-s-health-plus-clinic-and-research-centre-chetla?referrer=hospital_listing,,VN,practo,,1.0,canonical,204,Q1,,Economy,0.166583
hosp_645657637e3d4a85,Khudiram Hospital,khudiram hospital,Kolkata,Hospital,Belgharia,,22.662858440054897,88.37704360485077,873cf28b0ffffff,,1.0,2.0,False,,300.0,300.0,,,,+913340585364,https://www.practo.com/kolkata/hospital/khudiram-hospital-belgharia?referrer=hospital_listing,https://images1-fabric.practo.com/khudiram-hospital-kolkata-1461657967-571f216f49d24.jpg,VN,practo,,1.0,canonical,205,Q1,,Economy,0.166583
hosp_0843e0fce8b90b84,Dr Batra's Positive Health Clinic Pvt Ltd,dr batra s positive health clinic,Kolkata,Hospital,Salt Lake,,22.5732416,88.4327449,873cf2c68ffffff,,2.0,1.0,False,6.0,499.0,499.0,,4.0,,+913341816947,https://www.practo.com/kolkata/hospital/dr-batras-positive-health-clinic-pvt-ltd-1-salt-lake?referrer=hospital_listing,https://images1-fabric.practo.com/practices/1026851/dr-batra-s-positive-health-clinic-pvt-ltd-kolkata-64106289d9cb5.png,VN,practo,,1.0,canonical,206,Q1,,Economy,0.166403
hosp_3b450b81f2c1b503,Dr Batra's Positive Health Clinic Pvt Ltd,dr batra s positive health clinic,Kolkata,Hospital,Kolkatta,,22.59441969534434,88.3400488647394,873cf2d4affffff,,2.0,1.0,False,6.0,499.0,499.0,,3.0,,+913340838399,https://www.practo.com/kolkata/hospital/dr-batras-positive-health-clinic-pvt-ltd-1-kolkatta?referrer=hospital_listing,https://images1-fabric.practo.com/practices/1026832/dr-batra-s-positive-health-clinic-pvt-ltd-kolkata-640f146e78298.png,VN,practo,,1.0,canonical,207,Q1,,Economy,0.166265
hosp_726c41fe6e6140cc,currae eye hospital kolkata,currae eye hospital kolkata,Kolkata,Hospital,A.J.C.Bose Road,,22.546843,88.36245,873cf2c62ffffff,,2.0,1.0,False,,300.0,300.0,,2.0,,+913340586227,https://www.practo.com/kolkata/hospital/currae-eye-hospital-kolkata-a-j-c-bose-road?referrer=hospital_listing,,VN,practo,,1.0,canonical,208,Q1,,Economy,0.166128
hosp_ac7e9c0cf980e7d1,Bidhan Nagar Sub Divisional Hospital,bidhan nagar sub divisional hospital,Kolkata,Hospital,Madrassa,,22.5910331,88.4111258,873cf2892ffffff,,2.0,1.0,False,,0.0,0.0,,,,+913341816953,https://www.practo.com/kolkata/hospital/bidhan-nagar-sub-divisional-hospital-1-madrassa?referrer=hospital_listing,,VN,practo,,1.0,canonical,209,Q1,,Economy,0.165853
hosp_a7cab4dc8654c80e,dental rehabilitation center  - gol park south kolkata ,dental rehabilitation center gol park south kolkata,Kolkata,Hospital,Bosepukur Road,,22.52,88.3805,873cf2c44ffffff,,2.0,1.0,False,,0.0,0.0,,,,+913341816951,https://www.practo.com/kolkata/hospital/dental-rehabilitation-center-gol-park-south-kolkata-bosepukur-road?referrer=hospital_listing,,VN,practo,,1.0,canonical,210,Q1,,Economy,0.165853
hosp_3ac922a94a018578,Dr Batra's Positive Health Clinic Pvt Ltd,dr batra s positive health clinic,Kolkata,Hospital,Barasat,,22.710516,88.475145,873cf28aaffffff,,1.0,1.0,False,6.0,499.0,499.0,,4.0,,+918037314695,https://www.practo.com/kolkata/hospital/dr-batra-s-positive-health-clinic-pvt-ltd-4-barasat?referrer=hospital_listing,https://images1-fabric.practo.com/practices/1263642/dr-batra-s-positive-health-clinic-pvt-ltd-kolkata-640c7068d6bda.png,VN,practo,,1.0,canonical,211,Q1,,Economy,0.164633
hosp_1ef6e188705f4353,"Speciality Clinic, Gastrointestinal & HPB Surgery, Peerless Hospital",speciality clinic gastrointestinal hpb surgery peerless hospital,Kolkata,Hospital,Panchasayar,,22.480936445946703,88.39380741119386,873cf2c51ffffff,,1.0,1.0,False,,650.0,650.0,,3.0,,+913340587458,https://www.practo.com/kolkata/hospital/speciality-clinic-peerless-hospital-panchasayar?referrer=hospital_listing,https://images1-fabric.practo.com/practices/1140915/speciality-clinic-gastrointestinal-hpb-surgery-peerless-hospital-kolkata-58fdeb1aebe72.png,VN,practo,,1.0,canonical,212,Q1,,Economy,0.164495
hosp_21833550ca0e9e07,Fleming Hospital,fleming hospital,Kolkata,Hospital,Park Circus,,22.534553846464654,88.38612690567969,873cf2c44ffffff,,1.0,1.0,False,,550.0,550.0,,2.0,,+913340586572,https://www.practo.com/kolkata/hospital/fleming-hospital-park-circus?referrer=hospital_listing,,VN,practo,,1.0,canonical,213,Q1,,Economy,0.164358
hosp_5c15587d936826a3,Apollo Gleneagles Cancer Hospital,apollo gleneagles cancer hospital,Kolkata,Hospital,Salt Lake,,22.5741882,88.4013534,873cf2c61ffffff,,32.0,10.0,True,1.0,400.0,1200.0,3.0,117.0,,+913340838460,https://www.practo.com/kolkata/hospital/apollo-hospital-37-salt-lake?referrer=hospital_listing,https://images1-fabric.practo.com/practices/989851/apollo-hospital-kolkata-59d72cd49fab9.jpg,VN,practo,,1.0,canonical,214,Q1,,Economy,0.164192
hosp_737a8af9645198d8,N.I.O.H Hospital,n i o h hospital,Kolkata,Hospital,Bonhooghly,,22.6425894,88.378285,873cf28b2ffffff,,1.0,1.0,False,,500.0,500.0,,,,+913340586087,https://www.practo.com/kolkata/hospital/physiotherapy-at-your-home-alipore?referrer=hospital_listing,,VN,practo,,1.0,canonical,215,Q1,,Economy,0.164083
hosp_f11da90ac0506f08,Birati Municipal Hospital,birati municipal hospital,Kolkata,Hospital,Dumdum,,22.644952323195096,88.43714118003845,873cf2882ffffff,,1.0,1.0,False,,600.0,600.0,,,,+913340586087,https://www.practo.com/kolkata/hospital/birati-municipal-hospital-dumdum?referrer=hospital_listing,,VN,practo,,1.0,canonical,216,Q1,,Economy,0.164083
hosp_888fe1ab2536ea0b,optaid eye care centre  - lake town ,optaid eye care centre lake town,Kolkata,Hospital,Bangur,,22.6057,88.4137,873cf2892ffffff,,1.0,1.0,False,,0.0,0.0,,,,+913341816954,https://www.practo.com/kolkata/hospital/optaid-eye-care-centre-lake-town-bangur?referrer=hospital_listing,,active,practo,,1.0,canonical,217,Q1,,Economy,0.164083
hosp_96d37a28654742b6,Swadesh Basu Hospital,swadesh basu hospital,Kolkata,Hospital,Thakurpukur,,22.356932334713,88.270407607779,873cf2cf6ffffff,,1.0,1.0,False,,1000.0,1000.0,,,,+913340586092,https://www.practo.com/kolkata/hospital/swadesh-basu-hospital-joka?referrer=hospital_listing,,VN,practo,,1.0,canonical,218,Q1,,Economy,0.164083
hosp_5608de745e26664d,Newtown Heart Sugar Clinic and Fertility Centre,newtown heart sugar clinic fertility centre,Kolkata,Hospital,New Town,,22.585457,88.4640202,873cf289affffff,,1.0,1.0,False,,0.0,0.0,,,,+913340838460,https://www.practo.com/kolkata/hospital/newtown-heart-sugar-clinic-and-fertility-centre-new-town-3?referrer=hospital_listing,,VN,practo,,1.0,canonical,219,Q1,,Economy,0.164083
hosp_67100347cd71b4a7,Kolkata Port Trust Hospital,kolkata port trust hospital,Kolkata,Hospital,Kolkata Mint,,22.5178199,88.3214003,873cf2c76ffffff,,1.0,1.0,False,,0.0,0.0,,,,+913340588611,https://www.practo.com/kolkata/hospital/kolkata-port-trust-hospital-kolkata-mint?referrer=hospital_listing,,VN,practo,,1.0,canonical,220,Q1,,Economy,0.164083
hosp_94fab5ff31fdadbc,"Amri Medical Centre, Southern Avenue, Kolkata",amri medical centre southern avenue kolkata,Kolkata,Hospital,Lansdowne Market,,22.5133384,88.3526807,873cf2c71ffffff,,1.0,1.0,False,,0.0,0.0,,,,+913340585950,https://www.practo.com/kolkata/hospital/amri-medical-centre-southern-avenue-kolkata-lansdowne-market?referrer=hospital_listing,,VN,practo,,1.0,canonical,221,Q1,,Economy,0.164083
hosp_f77d5e51c99738c2,Mom's Belief Learning Centre,mom s belief learning centre,Kolkata,Hospital,New Town,,22.6117189,88.4258777,873cf2893ffffff,,1.0,1.0,False,,1000.0,1000.0,,,,+913341816953,https://www.practo.com/kolkata/hospital/mom-s-belief-learning-centre-newtown-new-town?referrer=hospital_listing,https://images1-fabric.practo.com/practices/1457382/mom-s-belief-learning-centre-newtown-kolkata-661e46d262ee3.png,active,practo,,1.0,canonical,222,Q1,,Economy,0.164083
hosp_8f02945057c7c5f6,  cosmetic & plastic surgery centre   - kalighat ,cosmetic plastic surgery centre kalighat,Kolkata,Hospital,Madar Tala Colony,,22.5034,88.3582,873cf2c73ffffff,,1.0,1.0,False,,0.0,0.0,,,,+913341816949,https://www.practo.com/kolkata/hospital/cosmetic-plastic-surgery-centre-kalighat-1-madar-tala-colony?referrer=hospital_listing,,VN,practo,,1.0,canonical,223,Q1,,Economy,0.164083
hosp_de59b1ef599a456c,gastro center  - mukundapur ,gastro center mukundapur,Kolkata,Hospital,Stadium Colony,,22.4915,88.4023,873cf2c42ffffff,,1.0,1.0,False,,0.0,0.0,,,,+913340586594,https://www.practo.com/kolkata/hospital/gastro-center-mukundapur-1-stadium-colony?referrer=hospital_listing,,VN,practo,,1.0,canonical,224,Q1,,Economy,0.164083
hosp_13630d675b0b1ada,Galaxy Multispeciality Hospital ,galaxy multispeciality hospital,Kolkata,Hospital,Barrackpore,,22.7671371684,88.3888633694,873cf2988ffffff,,1.0,1.0,False,,0.0,0.0,,,,+913341816953,https://www.practo.com/kolkata/hospital/galaxy-multispeciality-hospital-1-barrackpore?referrer=hospital_listing,,active,practo,,1.0,canonical,225,Q1,,Economy,0.164083
hosp_dda45972b91a6a6b,Care Hospital,care hospital,Kolkata,Hospital,Salt Lake,,22.5816962,88.4304142,873cf2c6cffffff,,1.0,1.0,False,,0.0,0.0,,,,+913340587458,https://www.practo.com/kolkata/hospital/care-hospital-1-salt-lake?referrer=hospital_listing,,VN,practo,,1.0,canonical,226,Q1,,Economy,0.164083
hosp_f512c49d5b0ee6a3,Awadh dental college & hospital,awadh dental college hospital,Kolkata,Hospital,Kolkatta,,,,,,1.0,1.0,False,,0.0,0.0,,,,+913340586089,https://www.practo.com/kolkata/hospital/awadh-dental-college-hospital-kolkatta?referrer=hospital_listing,,VN,practo,,0.6,canonical,227,Q1,,Economy,0.164083
hosp_89e76a581321086a,Hope Charitable Hospital,hope charitable hospital,Kolkata,Hospital,Alipore,,22.51146857040798,88.32345608621836,873cf2c76ffffff,,1.0,1.0,False,,50.0,50.0,,,,+913340586227,https://www.practo.com/kolkata/hospital/hope-charitable-hospital-alipore-kolkata-alipore?referrer=hospital_listing,,VN,practo,,1.0,canonical,228,Q1,,Economy,0.164083
hosp_4256f9f9aa41a3f8,dr. sandipan saha's child care vaccination centre  - salt lake ,dr sandipan saha s child care vaccination centre salt lake,Kolkata,Hospital,CA Block,,22.5909,88.3982,873cf2892ffffff,,1.0,1.0,False,,0.0,0.0,,,,+913341817078,https://www.practo.com/kolkata/hospital/dr-sandipan-saha-s-child-care-vaccination-centre-salt-lake-ca-block?referrer=hospital_listing,,VN,practo,,1.0,canonical,229,Q1,,Economy,0.164083
hosp_3080c460df9900fc,mental health research centre  - tollygunge ,mental health research centre tollygunge,Kolkata,Hospital,Jodhpur Gardens,,22.5062,88.3583,873cf2c73ffffff,,1.0,1.0,False,,0.0,0.0,,,,+913340585364,https://www.practo.com/kolkata/hospital/mental-health-research-centre-tollygunge-jodhpur-gardens?referrer=hospital_listing,,VN,practo,,1.0,canonical,230,Q1,,Economy,0.164083
hosp_b32cd369388ccf0f,Haora District Hospital,haora district hospital,Kolkata,Hospital,Nityadhan Mukherjee Road,,22.5805796567,88.3353182287,873cf2d59ffffff,,1.0,1.0,False,,0.0,0.0,,,,+913340585364,https://www.practo.com/kolkata/hospital/haora-district-hospital-nityadhan-mukherjee-road-1?referrer=hospital_listing,,active,practo,,1.0,canonical,231,Q1,,Economy,0.164083
hosp_a201eec98e4ac1ba,jeevan raksha diagnosis and research centre  - sealdah ,jeevan raksha diagnosis research centre sealdah,Kolkata,Hospital,Kankurgachi,,22.5753,88.3887,873cf2c61ffffff,,1.0,1.0,False,,0.0,0.0,,,,+913341816952,https://www.practo.com/kolkata/hospital/jeevan-raksha-diagnosis-and-research-centre-sealdah-kankurgachi?referrer=hospital_listing,,VN,practo,,1.0,canonical,232,Q1,,Economy,0.164083
hosp_91467987b1420016,sg speciality centre  - lake town ,sg speciality centre lake town,Kolkata,Hospital,Lake Town,,22.6096,88.4031,873cf2890ffffff,,1.0,1.0,False,,0.0,0.0,,,,+913340837639,https://www.practo.com/kolkata/hospital/sg-speciality-centre-lake-town-lake-town?referrer=hospital_listing,,VN,practo,,1.0,canonical,233,Q1,,Economy,0.164083
hosp_d0b5d198bfdf7041,nemesis eye centre  - kalighat ,nemesis eye centre kalighat,Kolkata,Hospital,Manohar Pukur Road,,22.5186,88.3545,873cf2c71ffffff,,1.0,1.0,False,,0.0,0.0,,,,+913341816953,https://www.practo.com/kolkata/hospital/nemesis-eye-centre-kalighat-manohar-pukur-road?referrer=hospital_listing,,VN,practo,,1.0,canonical,234,Q1,,Economy,0.164083
hosp_54f10f56426a753b,S V S MARWARI HOSPITAL,s v s marwari hospital,Kolkata,Hospital,Raja Ram Mohan Sarani,,22.575933,88.368161,873cf2c60ffffff,,1.0,1.0,False,,0.0,0.0,,,,+913340586594,https://www.practo.com/kolkata/hospital/s-v-s-marwari-hospital-raja-ram-mohan-sarani?referrer=hospital_listing,,active,practo,,1.0,canonical,235,Q1,,Economy,0.164083
hosp_1e2fea416d74aca8,universal srushti fertility centre ivf  - kasba ,universal srushti fertility centre ivf kasba,Kolkata,Hospital,Nabapalli,,22.5163,88.3936,873cf2c40ffffff,,1.0,1.0,False,,500.0,500.0,,,,+913341816947,https://www.practo.com/kolkata/hospital/universal-srushti-fertility-centre-ivf-kasba-nabapalli?referrer=hospital_listing,,VN,practo,,1.0,canonical,236,Q1,,Economy,0.164083
hosp_4db046e95f51790d,Phoenix Hospital And Diagnostic Centre,phoenix hospital diagnostic centre,Kolkata,Hospital,Dumdum,,22.646826213423,88.43223743140697,873cf2882ffffff,,1.0,1.0,False,,350.0,350.0,,,,+913341816951,https://www.practo.com/kolkata/hospital/phoenix-hospital-and-diagnostic-centre-dumdum?referrer=hospital_listing,,VN,practo,,1.0,canonical,237,Q1,,Economy,0.164083
hosp_f0fc5f8d5add9df5,aditya vitreo retinal centre  - entally ,aditya vitreo retinal centre entally,Kolkata,Hospital,Ananda Palit Road,,22.5547,88.3719,873cf2c62ffffff,,1.0,1.0,False,,0.0,0.0,,,,+913340588611,https://www.practo.com/kolkata/hospital/aditya-vitreo-retinal-centre-entally-ananda-palit-road?referrer=hospital_listing,,VN,practo,,1.0,canonical,238,Q1,,Economy,0.164083
hosp_8e054fe71d9428ab,orange dental and ent care centre  - kankurgachi ,orange dental ent care centre kankurgachi,Kolkata,Hospital,CIT,,22.5781,88.3935,873cf2c61ffffff,,1.0,1.0,False,,0.0,0.0,,,,+913340588611,https://www.practo.com/kolkata/hospital/orange-dental-and-ent-care-centre-kankurgachi-1-cit?referrer=hospital_listing,,VN,practo,,1.0,canonical,239,Q1,,Economy,0.164083
hosp_5fcbb060d8f78f75,Acharya Manish Ji Ayurveda Centre,acharya manish ji ayurveda centre,Kolkata,Hospital,Alipore,,22.5245272,88.3230229,873cf2c74ffffff,,1.0,1.0,False,,350.0,350.0,,,,+913340586594,https://www.practo.com/kolkata/hospital/acharya-manish-ji-ayurveda-centre-alipore?referrer=hospital_listing,https://images1-fabric.practo.com/practices/1255146/acharya-manish-ji-ayurveda-centre-kolkata-5ce26e4cee9ab.png,VN,practo,,1.0,canonical,240,Q1,,Economy,0.164083
hosp_5ad309d5df23dd66,RG Stone Urology & Laparoscopy Hospital,rg stone urology laparoscopy hospital,Kolkata,Hospital,Dhakuria,,22.30205,88.22026,873cf2c83ffffff,,8.0,6.0,False,,500.0,1000.0,3.5,14.0,,+913340587409,https://www.practo.com/kolkata/hospital/rg-stone-urology-laparoscopy-hospital-dhakuria?referrer=hospital_listing,https://images1-fabric.practo.com/practices/1183880/rg-stone-urology-laparoscopy-hospital-kolkata-5af93240281e8.png,VN,practo,,1.0,canonical,241,Q1,,Economy,0.163434
hosp_2b67b6330c0af5f6,Mom's Belief Learning Centre,mom s belief learning centre,Kolkata,Hospital,Salt Lake,,22.5908777,88.4164748,873cf2c6cffffff,,,1.0,False,,500.0,500.0,,,,+913340837639,https://www.practo.com/kolkata/hospital/mom-s-belief-learning-centre-drishthi-salt-lake?referrer=hospital_listing,https://images1-fabric.practo.com/practices/1457386/mom-s-belief-learning-centre-drishthi-kolkata-661e4a80c55ea.png,active,practo,,1.0,canonical,242,Q1,,Economy,0.162313
hosp_720bd408ae5da38b,Dr Batra's Positive Health Clinic Pvt Ltd,dr batra s positive health clinic,Kolkata,Hospital,Ultadanga,,22.5940957,88.3870015,873cf2c65ffffff,,2.0,1.0,False,6.0,499.0,499.0,3.5,12.0,,+913340838399,https://www.practo.com/kolkata/hospital/dr-batras-positive-health-clinic-pvt-ltd-1-ultadanga?referrer=hospital_listing,https://images1-fabric.practo.com/practices/1026826/dr-batra-s-positive-health-clinic-pvt-ltd-kolkata-6410625b2d053.png,VN,practo,,1.0,canonical,243,Q1,,Economy,0.143204
hosp_aa7e14082044d165,JIVA Ayurveda Clinic,jiva ayurveda clinic,Kolkata,Hospital,Sarat Bose Road,,22.540373741475534,88.3657715895947,873cf2c62ffffff,,2.0,1.0,False,,0.0,49.0,3.5,13.0,,+918037324549,https://www.practo.com/kolkata/hospital/jiva-ayurveda-clinic-park-circus?referrer=hospital_listing,https://images1-fabric.practo.com/practices/1183233/jiva-ayurveda-clinic-kolkata-605d79a75ec9a.jpg,ABS,practo,,1.0,canonical,244,Q1,,Economy,0.141734
hosp_f8e62384efbc1318,Dr Batra's Positive Health Clinic Pvt Ltd,dr batra s positive health clinic,Kolkata,Hospital,Jadavpur,,22.4860037,88.3748928,873cf2c55ffffff,,1.0,1.0,False,6.0,499.0,499.0,3.5,12.0,,+913340838399,https://www.practo.com/kolkata/hospital/dr-batra-s-positive-health-clinic-pvt-ltd-1-jadavpur?referrer=hospital_listing,https://images1-fabric.practo.com/practices/1237361/dr-batra-s-positive-health-clinic-pvt-ltd-kolkata-641065676cd69.png,VN,practo,,1.0,canonical,245,Q1,,Economy,0.141434
hosp_8515e813cfecf7a2,ASG Eye Hospital,asg eye hospital,Kolkata,Hospital,Tollygunge,,22.503270675448537,88.34475676931424,873cf2c73ffffff,,3.0,1.0,True,1.0,500.0,500.0,3.0,42.0,,+913340838145,https://www.practo.com/kolkata/hospital/asg-eye-hospital-11-tollygunge-1?referrer=hospital_listing,https://images1-fabric.practo.com/practices/1466014/asg-eye-hospital-kolkata-68c17ee7af00d.png,ABS,practo,,1.0,canonical,246,Q1,,Economy,0.136598
hosp_ca351cad6915d62e,E.N.T Clinic,e n t clinic,Kolkata,Hospital,Kankurgachi,,22.58281,88.3914,873cf2c61ffffff,,1.0,1.0,False,,400.0,400.0,3.5,70.0,,+913340838399,https://www.practo.com/kolkata/hospital/ent-kolkata-kankurgachi?referrer=hospital_listing,https://images1-fabric.practo.com/ent-kolkata-kolkata-1451485602-5683e9a2a86eb.gif,VN,practo,,1.0,canonical,247,Q1,,Economy,0.100474
