{"type":"FeatureCollection","features":[{"type":"Feature","properties":{"canonical_city_id":"delhi_ncr","component_id":"gurugram","district_name":"Gurgaon","source_shape_id":"76128533B67580812983244","source":"geoBoundaries gbOpen IND ADM2","boundary_year":"2021"},"geometry":{"type":"Polygon","coordinates":[[[77.11945677600005,28.488950577000026],[77.11945829200005,28.488962984000068],[77.1196,28.48936],[77.11999916000008,28.49053445100003],[77.12012,28.49089],[77.12069068100004,28.49327428400005],[77.1213,28.49582],[77.12138,28.49624],[77.12112092300003,28.496294956000042],[77.12059476500008,28.49640656500003],[77.12039,28.49645],[77.11982,28.49649],[77.11862,28.4967],[77.11772,28.49685],[77.11713,28.49692],[77.11684822500007,28.497000969000055],[77.11626,28.49717],[77.11576213200004,28.497374679000075],[77.11524783300007,28.49758611200008],[77.11451169600008,28.497888747000047],[77.11446,28.49791],[77.1144,28.49788],[77.11435,28.49784],[77.11431145700004,28.497788610000043],[77.11426,28.49772],[77.11421,28.49764],[77.11415089700006,28.497614670000075],[77.11414,28.49761],[77.11406,28.49761],[77.11396,28.49763],[77.11364,28.49765],[77.11350039500007,28.49766329600004],[77.11343,28.49767],[77.1134,28.49773],[77.11322,28.49794],[77.11308,28.498],[77.11283165800006,28.498095111000055],[77.11261,28.49818],[77.11245511500005,28.498223686000074],[77.11222,28.49829],[77.11203,28.49835],[77.11191111900007,28.498409441000035],[77.11185,28.49844],[77.11179456700006,28.498449239000024],[77.11167,28.49847],[77.11156743700008,28.49851459300004],[77.11144,28.49857],[77.11137748500005,28.498608700000034],[77.11123,28.4987],[77.11112,28.4988],[77.11043,28.49908],[77.10999156500003,28.49928077900006],[77.10936,28.49957],[77.10864,28.49982],[77.10853,28.49987],[77.10851892400007,28.499874454000064],[77.10841051900007,28.499848947000032],[77.10676144400009,28.500516840000046],[77.10543943000005,28.501102107000065],[77.10501941400008,28.501291458000026],[77.10469923900007,28.501477366000074],[77.10413462800005,28.50186984000004],[77.10349772000006,28.50238280800005],[77.10286769800007,28.502675442000054],[77.10259786300008,28.502798855000037],[77.10222,28.50295],[77.10200629700006,28.503023160000055],[77.10198979700004,28.503023160000055],[77.10083992000006,28.503384648000065],[77.10064368300004,28.503432846000067],[77.10033727900003,28.503536129000054],[77.09982775300006,28.50372548000007],[77.09851950900008,28.50425222000007],[77.09775866300004,28.504565510000077],[77.09768292200005,28.50461370800008],[77.09749012800006,28.504768632000037],[77.09704601400006,28.50531602800004],[77.09608973500008,28.50642958900005],[77.09599941900007,28.50653476100007],[77.09595810600007,28.506503776000045],[77.09590778100005,28.506477345000064],[77.09586,28.50648],[77.09579,28.50649],[77.09574443500003,28.506544329000064],[77.09566,28.50661],[77.09562,28.5066],[77.09560346600006,28.506583466000052],[77.09559,28.50657],[77.09556,28.50651],[77.09549,28.50654],[77.09544,28.50653],[77.09542204600007,28.506531632000076],[77.09539394700005,28.50652360400005],[77.09538013600007,28.50653544200003],[77.09533,28.50654],[77.09519,28.50662],[77.09502,28.50661],[77.09502,28.50683],[77.09499,28.50718],[77.09496925700006,28.507268156000066],[77.09494315700005,28.507379082000057],[77.09491,28.50752],[77.09482,28.50779],[77.0948,28.50787],[77.09476086100005,28.507941163000055],[77.09469,28.50807],[77.09456,28.5083],[77.09412,28.509],[77.09369,28.50968],[77.09341,28.51011],[77.09326,28.51035],[77.09323546600007,28.510395564000078],[77.09319,28.51048],[77.09311,28.51065],[77.09303,28.51085],[77.09296,28.51106],[77.09288,28.5113],[77.09282,28.5115],[77.09277,28.51168],[77.09273,28.51184],[77.09268,28.51213],[77.09263,28.51253],[77.09263,28.51287],[77.09261919300008,28.51288801100003],[77.09257,28.51297],[77.09254,28.51309],[77.09254,28.51322],[77.09255,28.51337],[77.09261,28.51352],[77.09274,28.51377],[77.09275753900005,28.513799499000072],[77.09296,28.51414],[77.09288,28.51417],[77.0928,28.51418],[77.09274,28.51418],[77.09267,28.5142],[77.09262,28.51425],[77.09255,28.51434],[77.0925,28.51436],[77.09242,28.51437],[77.09171,28.51447],[77.09159,28.51449],[77.09044,28.51477],[77.08793,28.5155],[77.08779,28.51554],[77.08769,28.51557],[77.08753,28.51563],[77.08712,28.51575],[77.08691,28.51588],[77.08627,28.51605],[77.08618,28.51604],[77.08604,28.51611],[77.08507,28.51647],[77.08454,28.51663],[77.08444,28.51666],[77.08436,28.51667],[77.0842,28.51669],[77.08402,28.51671],[77.08361,28.51682],[77.08338,28.51689],[77.08327,28.51692],[77.0827,28.51708],[77.0808,28.5178],[77.08042,28.51794],[77.08031,28.51797],[77.08038,28.51807],[77.07926,28.51822],[77.07876,28.51829],[77.07792,28.51841],[77.07744,28.51846],[77.07705,28.51851],[77.07657,28.51856],[77.07626,28.5186],[77.07547,28.51865],[77.07538,28.51866],[77.07526,28.51868],[77.07516,28.51871],[77.07474,28.51886],[77.0747,28.51888],[77.07467,28.51893],[77.07466,28.51899],[77.07429,28.51901],[77.07407,28.51912],[77.07337,28.51948],[77.07293,28.51977],[77.07246,28.52011],[77.0723,28.52023],[77.07222,28.52003],[77.07215,28.5195],[77.07178,28.51862],[77.07147,28.51815],[77.0716,28.51814],[77.07166,28.51808],[77.07174,28.51802],[77.07191,28.51791],[77.07176,28.51772],[77.07157,28.51747],[77.07127,28.51711],[77.07095,28.51672],[77.0707,28.51638],[77.07055,28.51622],[77.07041,28.51604],[77.0701,28.51564],[77.06975,28.51525],[77.06963,28.51509],[77.06944,28.51485],[77.06928,28.51467],[77.06918,28.51451],[77.06918,28.51442],[77.06884,28.51362],[77.06889,28.51349],[77.06894,28.51341],[77.06893,28.51334],[77.06876,28.51324],[77.06851,28.51309],[77.06834,28.51298],[77.06798,28.51276],[77.068,28.51263],[77.06803,28.51257],[77.06807,28.51248],[77.06771,28.51229],[77.06762,28.51212],[77.06758,28.51194],[77.06737,28.51197],[77.06729,28.51199],[77.06722,28.512],[77.06681,28.51215],[77.06666,28.5122],[77.06643,28.51227],[77.06634,28.5123],[77.06601,28.5124],[77.06588,28.51242],[77.06569,28.51244],[77.06561,28.51245],[77.06555,28.51254],[77.06543,28.51254],[77.06511,28.51259],[77.06442,28.51268],[77.06431,28.51269],[77.06416,28.51267],[77.06346,28.5126],[77.06283,28.51251],[77.06165,28.51225],[77.06145,28.51222],[77.06128,28.51222],[77.06109,28.51226],[77.061,28.51228],[77.06094,28.51231],[77.06092,28.51233],[77.06091,28.51235],[77.05976,28.51269],[77.05921,28.51283],[77.05707,28.51349],[77.05651,28.51366],[77.05625,28.51372],[77.05602,28.51379],[77.0558,28.5139],[77.05565,28.514],[77.05569,28.51391],[77.05435,28.51433],[77.05367,28.51455],[77.0532,28.5147],[77.05207,28.51505],[77.0517,28.51517],[77.05064,28.51551],[77.05049,28.51555],[77.05007,28.51568],[77.04972,28.51579],[77.04933,28.51591],[77.04864,28.51608],[77.04784,28.51624],[77.04748,28.51631],[77.04692,28.51641],[77.04624,28.51654],[77.04599,28.51663],[77.04603,28.51676],[77.0471,28.51902],[77.04759,28.52005],[77.04772,28.52015],[77.04784,28.52026],[77.04792,28.52034],[77.048,28.52044],[77.04843,28.52108],[77.04847,28.52113],[77.04787,28.52151],[77.04767,28.52165],[77.04538,28.52321],[77.04426,28.5241],[77.04397,28.52441],[77.04383,28.52451],[77.04364,28.52465],[77.04343,28.52476],[77.04343,28.52481],[77.04343,28.52484],[77.04341,28.52488],[77.04335,28.52494],[77.04325,28.52498],[77.04322,28.52497],[77.04247,28.52528],[77.04227,28.52536],[77.04202,28.52575],[77.04178,28.5259],[77.04058,28.52657],[77.0372,28.52843],[77.03563,28.52925],[77.03393,28.53021],[77.03373,28.53033],[77.0332,28.53063],[77.03311,28.53067],[77.03302,28.53072],[77.03276,28.53088],[77.03242,28.53108],[77.0322,28.53126],[77.03208,28.53146],[77.03207,28.53148],[77.03201,28.53167],[77.03172,28.53168],[77.03165,28.53172],[77.03162,28.53179],[77.03155,28.53181],[77.03116,28.53183],[77.03111,28.53189],[77.02645,28.53251],[77.02507,28.53272],[77.02464,28.53286],[77.02442,28.53295],[77.02427,28.53301],[77.02401,28.53321],[77.0238,28.53336],[77.02359,28.53354],[77.02339,28.53368],[77.02324,28.53366],[77.02323,28.53373],[77.02307,28.53387],[77.02235,28.53455],[77.02198,28.53477],[77.02144,28.53518],[77.0213,28.53532],[77.02084,28.53565],[77.02045,28.53586],[77.0202,28.53595],[77.01981,28.53622],[77.0196,28.53634],[77.01922,28.53658],[77.01902,28.5367],[77.01856,28.53697],[77.01814,28.53723],[77.0179,28.53735],[77.01784,28.53737],[77.01777,28.53739],[77.01759,28.53739],[77.01735,28.53809],[77.01717,28.53857],[77.0171,28.53872],[77.01702,28.53887],[77.0169,28.53905],[77.01635,28.53917],[77.01469,28.53973],[77.01396,28.54017],[77.01346,28.54052],[77.01261,28.54019],[77.01238,28.54015],[77.01219,28.54009],[77.01109,28.54016],[77.01014,28.54031],[77.00968,28.53993],[77.00875,28.54035],[77.008,28.54087],[77.00731,28.54134],[77.00712,28.54144],[77.00708,28.54138],[77.00694,28.54117],[77.00678,28.54095],[77.00655,28.54072],[77.00629,28.54051],[77.00596,28.54029],[77.00572,28.54018],[77.0054,28.54007],[77.00516,28.54],[77.00497,28.53994],[77.00483,28.53988],[77.00466,28.53977],[77.00446,28.53961],[77.00426,28.53943],[77.0041,28.53924],[77.00386,28.53887],[77.00352,28.53822],[77.0033,28.53784],[77.00283,28.53703],[77.00242,28.53622],[77.00198,28.53536],[77.00175,28.53495],[77.00165,28.53467],[77.0015,28.53446],[77.00136,28.53429],[77.0012,28.53412],[77.001,28.53384],[77.00089,28.53361],[77.00081,28.53339],[77.00078,28.53314],[77.00076,28.53279],[77.00076,28.53245],[77.00074,28.53207],[77.00069,28.53187],[77.0006,28.53165],[77.00044,28.53135],[77.00146,28.53104],[77.00178,28.53095],[77.0025,28.53068],[77.00313,28.53026],[77.00421,28.52933],[77.00433,28.52922],[77.00531,28.52854],[77.00722,28.5275],[77.00823,28.52696],[77.00863,28.52673],[77.0097,28.52645],[77.01044,28.52574],[77.01124,28.52536],[77.01159,28.52534],[77.01222,28.52516],[77.01262,28.52502],[77.01321,28.52479],[77.01373,28.52459],[77.01414,28.52455],[77.01462,28.5242],[77.01469,28.52419],[77.01481,28.52412],[77.01497,28.52398],[77.01511,28.52386],[77.01525,28.52373],[77.01543,28.52353],[77.01564,28.52335],[77.01586,28.52315],[77.01608,28.52296],[77.01622,28.5228],[77.01627,28.5227],[77.01637,28.52264],[77.01638,28.5226],[77.01639,28.52252],[77.01642,28.52242],[77.01652,28.52222],[77.01662,28.52207],[77.01675,28.5219],[77.01684,28.5218],[77.01688,28.52174],[77.01691,28.52164],[77.01694,28.52139],[77.01696,28.52114],[77.01698,28.52096],[77.01682,28.5208],[77.01605,28.52014],[77.01545,28.51956],[77.01455,28.51878],[77.01425,28.51852],[77.01356,28.51797],[77.01263,28.51716],[77.01243,28.5169],[77.01229,28.51677],[77.0121,28.51658],[77.01184,28.51642],[77.01161,28.51615],[77.01087,28.51543],[77.01073,28.51531],[77.01059,28.51515],[77.01051,28.51502],[77.01051,28.51466],[77.01049,28.51459],[77.01007,28.5146],[77.00989,28.51461],[77.00935,28.51469],[77.00935,28.51475],[77.00881,28.51492],[77.00842,28.51511],[77.00828,28.51528],[77.00808,28.51531],[77.00793,28.51534],[77.00771,28.51539],[77.00732,28.5155],[77.00708,28.51558],[77.00682,28.51565],[77.0068,28.51575],[77.00681,28.51586],[77.00655,28.51584],[77.00606,28.51599],[77.00471,28.51651],[77.00327,28.51714],[77.00274,28.5173],[77.00142,28.51759],[77.00032,28.51782],[76.99958,28.51816],[76.99953,28.51825],[76.99941,28.51835],[76.99926,28.5184],[76.99785,28.51909],[76.99739,28.51934],[76.99681,28.51963],[76.99618,28.51852],[76.996,28.51802],[76.99544,28.51697],[76.99446,28.51751],[76.99372,28.51663],[76.99316,28.51587],[76.99239,28.51476],[76.99192,28.51427],[76.99172,28.5141],[76.99148,28.51392],[76.99141,28.51387],[76.99135,28.51382],[76.99125,28.51371],[76.9911,28.51348],[76.99095,28.51361],[76.99045,28.51373],[76.98969,28.51397],[76.98609,28.51555],[76.98344,28.51704],[76.98337,28.51711],[76.98276,28.51767],[76.98096,28.51935],[76.9795,28.52041],[76.97919,28.52062],[76.97912,28.52066],[76.97854,28.52109],[76.97644,28.51894],[76.97591,28.51909],[76.97547,28.51866],[76.97519,28.51844],[76.9747,28.51799],[76.97399,28.5176],[76.97369,28.51751],[76.97342,28.51741],[76.97301,28.51721],[76.97246,28.5169],[76.97194,28.51653],[76.97157,28.51625],[76.97018,28.51528],[76.96896,28.51449],[76.96811,28.51401],[76.96665,28.51346],[76.9662,28.51304],[76.96609,28.5131],[76.96571,28.51279],[76.96567,28.51276],[76.96397,28.51137],[76.96234,28.51027],[76.95852,28.50716],[76.95731,28.50635],[76.95667,28.50593],[76.95472,28.50493],[76.95383,28.50493],[76.95308,28.50478],[76.95299,28.50477],[76.95109,28.50468],[76.94975,28.50485],[76.94918,28.5051],[76.94854,28.50502],[76.94798,28.50508],[76.9475,28.50487],[76.94649,28.50454],[76.94621,28.50445],[76.9457,28.50432],[76.94514,28.50455],[76.94411,28.50504],[76.94406,28.50507],[76.94363,28.50524],[76.94261,28.50578],[76.94185,28.50623],[76.93979,28.50763],[76.93862,28.5083],[76.93809,28.50861],[76.93724,28.5092],[76.93707,28.50931],[76.93671,28.50962],[76.93572,28.51033],[76.93515,28.51029],[76.93497,28.51018],[76.93457,28.51025],[76.933,28.51024],[76.93211,28.51037],[76.93074,28.5106],[76.92927,28.51085],[76.92867,28.51053],[76.92856,28.51046],[76.92818,28.51105],[76.92768,28.5106],[76.92705,28.51004],[76.92605,28.50945],[76.92514,28.50876],[76.92378,28.50789],[76.92303,28.50754],[76.92169,28.50711],[76.92079,28.50692],[76.91958,28.50836],[76.91832,28.50942],[76.9166,28.51062],[76.91521,28.51131],[76.91282,28.51201],[76.91165,28.51217],[76.9113,28.51205],[76.91051,28.51242],[76.91023,28.51222],[76.9088,28.51292],[76.90837,28.51316],[76.90788,28.51345],[76.90716,28.51291],[76.90563,28.51175],[76.90365,28.50975],[76.90293,28.50927],[76.90273,28.50892],[76.90169,28.50932],[76.90126,28.50938],[76.90038,28.50968],[76.89984,28.50968],[76.89868,28.50911],[76.89807,28.50855],[76.89732,28.50748],[76.89565,28.50509],[76.89246,28.50088],[76.89188,28.50071],[76.88965,28.50092],[76.88875,28.50103],[76.88624,28.50077],[76.88627,28.50046],[76.88625,28.50028],[76.88602,28.50019],[76.88545,28.49999],[76.88504,28.49994],[76.88474,28.50002],[76.88452,28.50003],[76.88433,28.50001],[76.884,28.49994],[76.88267,28.4998],[76.88188,28.49971],[76.88113,28.4996],[76.88041,28.49958],[76.87977,28.49952],[76.87929,28.49944],[76.87879,28.49953],[76.87858,28.4995],[76.87822,28.49946],[76.87774,28.49966],[76.87722,28.49966],[76.87682,28.49944],[76.87635,28.49886],[76.876,28.49844],[76.8755,28.49803],[76.87515,28.49792],[76.87453,28.49784],[76.87351,28.498],[76.87311,28.49821],[76.87275,28.49826],[76.87239,28.49832],[76.87179,28.49869],[76.87139,28.49882],[76.8709,28.499],[76.87058,28.49907],[76.86981,28.49912],[76.8693,28.49915],[76.86873,28.49932],[76.86821,28.49951],[76.86798,28.49977],[76.86736,28.49991],[76.86724,28.49994],[76.8666,28.50008],[76.86527,28.5004],[76.8652,28.50041],[76.86397,28.50068],[76.86315,28.50088],[76.86262,28.50104],[76.86221,28.50106],[76.86161,28.50094],[76.86116,28.50079],[76.8604,28.5007],[76.8596,28.50073],[76.8591,28.50083],[76.85865,28.50087],[76.85847,28.50088],[76.85734,28.50108],[76.8558,28.50117],[76.85436,28.50106],[76.85355,28.50111],[76.85194,28.50128],[76.85106,28.50146],[76.85011,28.50148],[76.84948,28.50122],[76.84906,28.50094],[76.84864,28.50066],[76.84796,28.49996],[76.84733,28.49937],[76.84639,28.49996],[76.84547,28.50026],[76.84481,28.50042],[76.84348,28.50064],[76.84295,28.5008],[76.84284,28.50075],[76.84252,28.50049],[76.84235,28.50033],[76.84196,28.50045],[76.84153,28.50055],[76.84112,28.50067],[76.84095,28.50071],[76.84062,28.50079],[76.84034,28.50085],[76.84005,28.50104],[76.83944,28.50123],[76.8388,28.50156],[76.83837,28.50163],[76.83772,28.50173],[76.83753,28.50176],[76.837,28.50183],[76.83618,28.50207],[76.83533,28.50235],[76.83392,28.50281],[76.8327,28.50321],[76.83147,28.50343],[76.83081,28.50359],[76.8304,28.50377],[76.82983,28.50397],[76.82913,28.50427],[76.82839,28.5044],[76.8278,28.50418],[76.82717,28.50392],[76.82696,28.50383],[76.82642,28.50366],[76.82546,28.50397],[76.82467,28.50415],[76.82472,28.50378],[76.82476,28.50347],[76.82492,28.50219],[76.82508,28.50003],[76.82509,28.49994],[76.82513,28.49909],[76.825,28.49852],[76.82466,28.49798],[76.82423,28.49723],[76.82349,28.49604],[76.82301,28.49523],[76.82257,28.49444],[76.8219,28.49352],[76.82158,28.49291],[76.82122,28.4924],[76.82106,28.49203],[76.82071,28.49144],[76.82057,28.49111],[76.82016,28.4905],[76.81978,28.4898],[76.81944,28.4893],[76.81917,28.48901],[76.81886,28.48883],[76.81842,28.48859],[76.81818,28.48846],[76.81781,28.4882],[76.81756,28.48794],[76.81745,28.48783],[76.81704,28.48742],[76.81677,28.48707],[76.81648,28.48676],[76.81609,28.48645],[76.81568,28.4861],[76.81511,28.48584],[76.81447,28.48577],[76.81451,28.48532],[76.81461,28.4843],[76.81467,28.48371],[76.81475,28.48305],[76.81492,28.4823],[76.81512,28.48175],[76.81523,28.48113],[76.81524,28.48043],[76.81523,28.47984],[76.81513,28.4795],[76.81487,28.47893],[76.81459,28.47854],[76.81423,28.47817],[76.81393,28.47793],[76.81374,28.47779],[76.81373,28.4774],[76.81359,28.47706],[76.81337,28.47674],[76.8129,28.47627],[76.81243,28.47573],[76.81231,28.47558],[76.81203,28.47522],[76.81178,28.47492],[76.81153,28.47481],[76.81061,28.47506],[76.80941,28.4754],[76.80926,28.47544],[76.80846,28.47567],[76.80785,28.47574],[76.80718,28.47571],[76.80704,28.47566],[76.80658,28.47547],[76.80589,28.47502],[76.80534,28.47448],[76.80521,28.47434],[76.80489,28.47398],[76.80449,28.47335],[76.80431,28.47312],[76.80421,28.473],[76.80345,28.47226],[76.80306,28.47177],[76.80255,28.47131],[76.8023,28.47103],[76.80219,28.47092],[76.80216,28.47089],[76.8018,28.47051],[76.80152,28.47037],[76.80016,28.46996],[76.79946,28.46987],[76.79861,28.47042],[76.79803,28.47084],[76.79774,28.47094],[76.79729,28.471],[76.79687,28.47097],[76.79666,28.47083],[76.79648,28.47036],[76.79628,28.46982],[76.79607,28.46952],[76.79561,28.46915],[76.79556,28.46911],[76.79542,28.469],[76.7951,28.46862],[76.79489,28.46822],[76.79462,28.46776],[76.79416,28.46711],[76.79376,28.46652],[76.79325,28.46592],[76.79263,28.46607],[76.79215,28.46619],[76.79114,28.46629],[76.79071,28.46636],[76.79027,28.46665],[76.78956,28.46718],[76.7891,28.4675],[76.78882,28.46769],[76.78781,28.46833],[76.78675,28.46916],[76.78566,28.4698],[76.78427,28.47057],[76.78322,28.47115],[76.78241,28.47166],[76.78148,28.47228],[76.78072,28.4728],[76.77983,28.47339],[76.77897,28.47398],[76.77872,28.47414],[76.77799,28.47461],[76.77722,28.47517],[76.77653,28.47571],[76.77589,28.47611],[76.77581,28.47616],[76.77491,28.47664],[76.77416,28.47706],[76.77363,28.47749],[76.77322,28.47779],[76.77266,28.47829],[76.77225,28.4787],[76.77209,28.47886],[76.77203,28.47893],[76.77062,28.47899],[76.77009,28.47889],[76.76972,28.47871],[76.76928,28.47839],[76.76901,28.47803],[76.76875,28.47762],[76.76851,28.47731],[76.76823,28.47698],[76.76787,28.47625],[76.7674,28.47544],[76.76697,28.47475],[76.76663,28.47403],[76.7663,28.47326],[76.76597,28.47254],[76.76564,28.47163],[76.76536,28.471],[76.76505,28.47015],[76.76473,28.46927],[76.76431,28.46828],[76.76401,28.46761],[76.76364,28.46684],[76.76322,28.46622],[76.76304,28.46594],[76.76283,28.4656],[76.76222,28.46475],[76.76193,28.46438],[76.76143,28.46377],[76.76097,28.46301],[76.76095,28.46298],[76.76052,28.4623],[76.76007,28.46176],[76.75938,28.46079],[76.75873,28.46096],[76.75648,28.46156],[76.75639,28.46159],[76.75508,28.46199],[76.75447,28.46208],[76.75384,28.4622],[76.75344,28.46227],[76.75237,28.46244],[76.7512,28.46257],[76.75096,28.46261],[76.75073,28.46264],[76.75,28.46281],[76.74968,28.463],[76.74449,28.46616],[76.74353,28.46681],[76.74034,28.46846],[76.73959,28.46896],[76.73706,28.47046],[76.7358,28.47133],[76.73568,28.47142],[76.73547,28.47156],[76.7349,28.47184],[76.73482,28.47212],[76.73495,28.47302],[76.73505,28.47388],[76.73558,28.47496],[76.7359,28.47627],[76.73616,28.47918],[76.735,28.47942],[76.73435,28.47977],[76.73389,28.48032],[76.73265,28.48144],[76.73174,28.48209],[76.73034,28.48312],[76.72838,28.48521],[76.72693,28.48637],[76.72537,28.48724],[76.72149,28.48922],[76.72063,28.4897],[76.71958,28.49027],[76.7194,28.49054],[76.71927,28.49109],[76.71908,28.49134],[76.71871,28.49157],[76.71718,28.49134],[76.71572,28.4908],[76.71478,28.4904],[76.71413,28.49044],[76.71368,28.49063],[76.71341,28.49083],[76.71281,28.4918],[76.71249,28.49218],[76.7123,28.49241],[76.71204,28.49248],[76.71144,28.49245],[76.71096,28.49228],[76.71058,28.49229],[76.71045,28.49258],[76.7106,28.49282],[76.71054,28.49324],[76.70778,28.49306],[76.70765,28.49305],[76.70629,28.49296],[76.70551,28.49255],[76.70516,28.49237],[76.70512,28.4922],[76.70494,28.49143],[76.70467,28.49063],[76.7048,28.49027],[76.70499,28.48949],[76.70524,28.48758],[76.70556,28.48556],[76.70593,28.4841],[76.70587,28.48343],[76.70606,28.48229],[76.7062,28.48118],[76.70611,28.48008],[76.70625,28.47906],[76.70727,28.47683],[76.70838,28.47511],[76.70862,28.47343],[76.70911,28.47125],[76.70931,28.4671],[76.70931,28.46659],[76.70931,28.46603],[76.70897,28.46479],[76.70848,28.46345],[76.70825,28.46227],[76.70752,28.46042],[76.70654,28.45895],[76.7102,28.45749],[76.71135,28.45703],[76.71224,28.45665],[76.71249,28.45597],[76.71263,28.4546],[76.7127,28.45384],[76.71209,28.45131],[76.71156,28.44934],[76.7114,28.44761],[76.71178,28.44567],[76.7119,28.44546],[76.71297,28.44349],[76.71344,28.44253],[76.71382,28.44175],[76.71428,28.44017],[76.71506,28.43941],[76.71626,28.43836],[76.71633,28.43832],[76.71717,28.43787],[76.71797,28.43744],[76.71516,28.43148],[76.71325,28.42696],[76.71231,28.42475],[76.71118,28.42235],[76.71007,28.41998],[76.7096,28.41863],[76.70944,28.41819],[76.70904,28.41709],[76.70871,28.41616],[76.70837,28.41393],[76.70751,28.40992],[76.70739,28.40941],[76.70729,28.40818],[76.70728,28.40785],[76.70739,28.40717],[76.70794,28.40364],[76.70794,28.40313],[76.70804,28.40202],[76.70813,28.40102],[76.70962,28.40028],[76.7109,28.39921],[76.7112,28.39887],[76.7123,28.39782],[76.71397,28.39564],[76.71494,28.39442],[76.71556,28.39489],[76.71621,28.39521],[76.71703,28.39518],[76.71801,28.39488],[76.71985,28.39393],[76.72172,28.39297],[76.7262,28.39064],[76.72767,28.39016],[76.72764,28.38954],[76.72767,28.38924],[76.72801,28.38898],[76.7283,28.38897],[76.72879,28.38872],[76.72922,28.38836],[76.72968,28.38804],[76.72984,28.38783],[76.72988,28.38764],[76.72988,28.38717],[76.72967,28.38665],[76.72936,28.3861],[76.72928,28.38576],[76.72932,28.38509],[76.72939,28.38484],[76.73097,28.38376],[76.73159,28.38321],[76.73194,28.3829],[76.73119,28.38213],[76.73076,28.38184],[76.73069,28.3817],[76.73081,28.38155],[76.73353,28.38032],[76.73424,28.37988],[76.73408,28.37901],[76.73406,28.37849],[76.73462,28.37801],[76.73489,28.37764],[76.73508,28.37731],[76.73512,28.37725],[76.73514,28.37711],[76.73519,28.37686],[76.73533,28.3766],[76.73544,28.37625],[76.73552,28.37596],[76.7354,28.37542],[76.73506,28.37469],[76.73387,28.37224],[76.73381,28.37211],[76.73349,28.37156],[76.73304,28.37105],[76.73293,28.37079],[76.73308,28.37061],[76.73323,28.37041],[76.73289,28.3702],[76.73272,28.36994],[76.73275,28.36973],[76.7332,28.36904],[76.7333,28.36888],[76.73343,28.36824],[76.73281,28.36782],[76.73213,28.36765],[76.73197,28.36747],[76.73184,28.36728],[76.73185,28.36649],[76.7317,28.36609],[76.73144,28.36561],[76.73081,28.36506],[76.73052,28.36504],[76.72994,28.3648],[76.72984,28.3646],[76.72969,28.36389],[76.72991,28.36364],[76.73037,28.36329],[76.73047,28.36296],[76.73025,28.36258],[76.72975,28.36222],[76.72945,28.36184],[76.72944,28.36154],[76.72943,28.36141],[76.72941,28.36114],[76.72925,28.36088],[76.72848,28.36035],[76.72789,28.3601],[76.72743,28.35987],[76.72725,28.35939],[76.7268,28.35858],[76.72656,28.35817],[76.72597,28.35728],[76.7251,28.35727],[76.72376,28.35743],[76.72314,28.35738],[76.72095,28.3566],[76.72037,28.3563],[76.71971,28.35591],[76.71927,28.35589],[76.71825,28.35595],[76.71683,28.35588],[76.7152,28.35589],[76.71456,28.35595],[76.71321,28.3564],[76.7129,28.35651],[76.71048,28.3574],[76.70959,28.35774],[76.70787,28.35842],[76.70632,28.35905],[76.70608,28.35915],[76.70574,28.35927],[76.7049,28.35924],[76.70293,28.35905],[76.70256,28.35836],[76.70234,28.35842],[76.70204,28.35855],[76.69985,28.35952],[76.69729,28.36059],[76.69672,28.3611],[76.69574,28.36222],[76.69673,28.36397],[76.69716,28.36532],[76.69751,28.36659],[76.69733,28.36677],[76.69705,28.36705],[76.69686,28.36724],[76.69568,28.36811],[76.69508,28.36855],[76.69339,28.36972],[76.69306,28.37009],[76.69045,28.37182],[76.68742,28.37354],[76.68482,28.37537],[76.68395,28.37586],[76.68121,28.37689],[76.67702,28.37788],[76.67624,28.37802],[76.67486,28.37823],[76.67389,28.37837],[76.67232,28.3786],[76.66966,28.37898],[76.66826,28.37665],[76.66816,28.37648],[76.66711,28.37481],[76.66657,28.37395],[76.66537,28.37174],[76.66451,28.37062],[76.66401,28.37026],[76.66467,28.36982],[76.66504,28.3694],[76.66493,28.36909],[76.66484,28.36885],[76.66444,28.36814],[76.66372,28.36658],[76.6635,28.3661],[76.66276,28.3645],[76.66261,28.36415],[76.66256,28.36406],[76.66251,28.36394],[76.66215,28.36319],[76.66211,28.3631],[76.66128,28.36134],[76.66119,28.36114],[76.6606,28.35996],[76.65892,28.35661],[76.65788,28.35476],[76.65887,28.3545],[76.65897,28.35444],[76.65935,28.3542],[76.66019,28.35272],[76.66033,28.35243],[76.66082,28.35139],[76.6611,28.35102],[76.66112,28.35079],[76.66113,28.35072],[76.66127,28.35042],[76.66133,28.35036],[76.66241,28.34918],[76.66251,28.34907],[76.66246,28.34788],[76.66228,28.34744],[76.6621,28.34699],[76.66195,28.34661],[76.66186,28.34647],[76.66111,28.34517],[76.66076,28.34389],[76.66048,28.34179],[76.66337,28.34091],[76.66439,28.34046],[76.66531,28.34005],[76.66286,28.3371],[76.66253,28.3367],[76.66248,28.33663],[76.66087,28.33426],[76.65976,28.3328],[76.65923,28.3321],[76.6578,28.33034],[76.65691,28.32824],[76.65586,28.32579],[76.65509,28.32409],[76.65463,28.32269],[76.65424,28.32147],[76.65416,28.32121],[76.65391,28.32045],[76.65382,28.32012],[76.65348,28.31885],[76.65334,28.31833],[76.65312,28.31752],[76.65294,28.3168],[76.65279,28.31626],[76.65208,28.31399],[76.65193,28.3135],[76.65133,28.31174],[76.6513,28.31072],[76.65104,28.30836],[76.65106,28.30765],[76.65118,28.30745],[76.65145,28.30734],[76.65323,28.30715],[76.65335,28.30695],[76.65339,28.30613],[76.65445,28.30604],[76.65624,28.30564],[76.65735,28.30537],[76.65895,28.30499],[76.66003,28.30474],[76.66414,28.30386],[76.66635,28.30326],[76.66703,28.30308],[76.66716,28.30304],[76.66768,28.3032],[76.66776,28.30341],[76.66798,28.30397],[76.66851,28.30549],[76.66907,28.3067],[76.66996,28.30895],[76.67017,28.30935],[76.67021,28.30942],[76.67031,28.30955],[76.67064,28.30963],[76.67153,28.30949],[76.67165,28.30961],[76.6718,28.31015],[76.67181,28.3105],[76.6718,28.31167],[76.6719,28.31187],[76.67205,28.3122],[76.67259,28.31368],[76.67334,28.31594],[76.67368,28.31701],[76.67507,28.31708],[76.67723,28.31714],[76.67798,28.31701],[76.67878,28.31688],[76.67993,28.3168],[76.68091,28.31644],[76.68299,28.31558],[76.68518,28.31437],[76.68624,28.31378],[76.68638,28.31344],[76.68619,28.31291],[76.68599,28.31247],[76.68545,28.31124],[76.6853,28.3109],[76.68526,28.31083],[76.68464,28.30945],[76.68457,28.30926],[76.68375,28.30696],[76.68357,28.30618],[76.68373,28.30411],[76.68353,28.30331],[76.68336,28.30264],[76.68255,28.30141],[76.68247,28.3007],[76.68257,28.30044],[76.68327,28.30002],[76.6841,28.2996],[76.68274,28.29703],[76.68269,28.29695],[76.68141,28.29456],[76.6837,28.29349],[76.6837,28.29339],[76.68308,28.29293],[76.68143,28.29183],[76.68075,28.29137],[76.68133,28.29093],[76.68151,28.29075],[76.68094,28.29023],[76.68021,28.28957],[76.67982,28.28919],[76.67949,28.28849],[76.67934,28.28734],[76.67924,28.28628],[76.67924,28.28619],[76.67921,28.28566],[76.6789,28.28456],[76.67855,28.28299],[76.67842,28.28254],[76.6782,28.28183],[76.6779,28.28003],[76.67787,28.27984],[76.67741,28.27791],[76.67713,28.27702],[76.67661,28.2754],[76.67571,28.27343],[76.67535,28.27264],[76.67474,28.2716],[76.67407,28.27026],[76.67398,28.27008],[76.67468,28.26987],[76.67535,28.26968],[76.67578,28.26953],[76.67886,28.2685],[76.67844,28.26779],[76.67789,28.26715],[76.67815,28.26688],[76.67826,28.26677],[76.67854,28.26638],[76.6785,28.26607],[76.6784,28.26565],[76.67817,28.2649],[76.67815,28.26485],[76.67799,28.26443],[76.67817,28.26429],[76.67866,28.26401],[76.67877,28.26396],[76.68007,28.26346],[76.68032,28.26337],[76.68064,28.26328],[76.68129,28.26311],[76.68218,28.26285],[76.68231,28.26272],[76.68245,28.26258],[76.68247,28.2624],[76.68278,28.26183],[76.68311,28.26162],[76.68363,28.2613],[76.68398,28.26132],[76.68427,28.2613],[76.68451,28.26174],[76.68511,28.26267],[76.68598,28.26348],[76.68685,28.26413],[76.68825,28.26527],[76.68909,28.26545],[76.68998,28.26498],[76.69139,28.26402],[76.69211,28.26353],[76.69288,28.26299],[76.69318,28.26277],[76.69432,28.26194],[76.69502,28.26144],[76.69764,28.25969],[76.69795,28.25954],[76.69983,28.25862],[76.70084,28.26009],[76.70215,28.26001],[76.70237,28.26],[76.70272,28.25997],[76.7028,28.25997],[76.70398,28.25988],[76.70422,28.26007],[76.70506,28.26054],[76.70571,28.26091],[76.70601,28.26107],[76.70715,28.26147],[76.7081,28.26186],[76.70964,28.2627],[76.70969,28.26273],[76.71118,28.26371],[76.71132,28.2638],[76.71175,28.26446],[76.71178,28.26451],[76.7118,28.26478],[76.71265,28.26453],[76.71414,28.26394],[76.71591,28.26315],[76.71863,28.26185],[76.72208,28.26002],[76.72352,28.25924],[76.72565,28.25809],[76.72634,28.25777],[76.72734,28.25748],[76.73043,28.256],[76.73217,28.25523],[76.73353,28.25463],[76.73671,28.25313],[76.7369,28.25304],[76.73742,28.25279],[76.7412,28.2515],[76.74184,28.25124],[76.74637,28.25002],[76.74659,28.24996],[76.74807,28.24913],[76.7496,28.2487],[76.75073,28.24862],[76.75086,28.24861],[76.75257,28.24824],[76.75396,28.24768],[76.75439,28.24751],[76.75626,28.24675],[76.75701,28.24636],[76.75731,28.2462],[76.75763,28.24603],[76.75924,28.24549],[76.75979,28.24524],[76.76009,28.24497],[76.76077,28.24435],[76.76116,28.24399],[76.76171,28.24349],[76.76216,28.24308],[76.76363,28.2421],[76.76451,28.24164],[76.76467,28.24155],[76.76524,28.24136],[76.76606,28.24109],[76.76722,28.24081],[76.76741,28.24076],[76.76769,28.241],[76.76799,28.24103],[76.7681,28.24097],[76.76863,28.2407],[76.7697,28.23986],[76.77028,28.23927],[76.77061,28.23894],[76.77085,28.23844],[76.77079,28.23747],[76.77023,28.23572],[76.77002,28.23442],[76.77099,28.23377],[76.77206,28.23328],[76.77184,28.23176],[76.77288,28.23062],[76.77473,28.22875],[76.77595,28.22718],[76.77702,28.22604],[76.77796,28.22525],[76.77847,28.22498],[76.77954,28.22442],[76.78003,28.22416],[76.78033,28.22401],[76.78131,28.22351],[76.78189,28.22337],[76.7822,28.22367],[76.78345,28.22556],[76.78452,28.22716],[76.78526,28.22873],[76.7854,28.22903],[76.7863,28.23048],[76.78731,28.23151],[76.78784,28.23223],[76.78787,28.23226],[76.7882,28.23279],[76.78869,28.23357],[76.79001,28.23576],[76.79045,28.23661],[76.79084,28.23737],[76.79118,28.23786],[76.79281,28.24017],[76.7936,28.24174],[76.79389,28.24229],[76.79403,28.24255],[76.79458,28.2436],[76.79486,28.24459],[76.79474,28.24611],[76.7948,28.2467],[76.79538,28.24803],[76.79561,28.24843],[76.79572,28.24863],[76.79595,28.24904],[76.79612,28.24933],[76.79647,28.24996],[76.79654,28.25081],[76.79656,28.25154],[76.79644,28.25177],[76.79634,28.25203],[76.79632,28.25229],[76.79633,28.25278],[76.79636,28.25316],[76.79637,28.25329],[76.79627,28.25333],[76.79588,28.25341],[76.79615,28.25394],[76.79638,28.2544],[76.79649,28.25461],[76.79656,28.25471],[76.79683,28.25497],[76.79703,28.25526],[76.79707,28.25531],[76.79741,28.25579],[76.79779,28.25564],[76.79852,28.25532],[76.79893,28.25512],[76.79922,28.25499],[76.79975,28.25472],[76.80024,28.25452],[76.80089,28.2542],[76.80146,28.25391],[76.80228,28.25353],[76.80282,28.25328],[76.80332,28.25392],[76.80368,28.25438],[76.804,28.25475],[76.80423,28.25502],[76.80476,28.25569],[76.80504,28.25597],[76.80531,28.25622],[76.80565,28.2562],[76.80646,28.25595],[76.80718,28.25566],[76.80828,28.25525],[76.80899,28.25498],[76.81055,28.25441],[76.81118,28.25418],[76.81132,28.25413],[76.81189,28.25394],[76.81164,28.25362],[76.8113,28.25307],[76.81104,28.25258],[76.81086,28.25228],[76.81084,28.25224],[76.81058,28.2517],[76.81016,28.25084],[76.81014,28.25048],[76.81013,28.25006],[76.81012,28.25004],[76.80979,28.2491],[76.80917,28.2471],[76.80896,28.24651],[76.81003,28.2457],[76.81111,28.24484],[76.81115,28.2448],[76.81238,28.24396],[76.81249,28.24388],[76.81246,28.24384],[76.8123,28.24363],[76.81175,28.24293],[76.8113,28.24235],[76.81127,28.24231],[76.81181,28.24155],[76.81187,28.24144],[76.81199,28.24136],[76.81211,28.24132],[76.81222,28.24127],[76.81224,28.24126],[76.81261,28.2416],[76.81331,28.2426],[76.81345,28.24277],[76.81368,28.24304],[76.81379,28.24317],[76.81462,28.24272],[76.81466,28.2427],[76.81514,28.24324],[76.81613,28.24456],[76.81627,28.24474],[76.81631,28.24478],[76.81736,28.24439],[76.81847,28.24392],[76.81933,28.24362],[76.81951,28.24432],[76.81998,28.245],[76.82125,28.24472],[76.82136,28.24469],[76.82296,28.24429],[76.82342,28.24466],[76.8238,28.24491],[76.82446,28.24534],[76.82486,28.24538],[76.82626,28.24481],[76.82762,28.24433],[76.82809,28.24416],[76.82958,28.24323],[76.82978,28.24313],[76.83095,28.24253],[76.83177,28.24211],[76.83403,28.24113],[76.83431,28.24104],[76.83617,28.24064],[76.83767,28.24016],[76.838,28.24005],[76.8405,28.23937],[76.84248,28.2388],[76.84269,28.23874],[76.84312,28.23852],[76.84397,28.23809],[76.84428,28.23858],[76.8448,28.23902],[76.84552,28.23867],[76.84586,28.23891],[76.84623,28.23918],[76.84674,28.23894],[76.84714,28.23874],[76.84788,28.23937],[76.84839,28.23934],[76.84916,28.23925],[76.84931,28.23951],[76.85201,28.24395],[76.85291,28.24545],[76.85466,28.24677],[76.85651,28.24967],[76.85824,28.25238],[76.85894,28.25348],[76.85922,28.25392],[76.86068,28.2557],[76.86154,28.25674],[76.86175,28.25723],[76.86196,28.25771],[76.86218,28.25821],[76.8626,28.25884],[76.86371,28.25933],[76.86386,28.2594],[76.86511,28.26012],[76.86657,28.26048],[76.86753,28.26151],[76.8676,28.26158],[76.8682,28.26376],[76.86861,28.26524],[76.86876,28.26561],[76.86902,28.26623],[76.86918,28.26674],[76.86943,28.26757],[76.87004,28.26836],[76.87015,28.26842],[76.87086,28.2688],[76.87398,28.26834],[76.87944,28.26467],[76.88748,28.25936],[76.88807,28.25902],[76.89001,28.25791],[76.89171,28.25637],[76.89275,28.25611],[76.89457,28.25598],[76.89502,28.25595],[76.89624,28.25623],[76.89796,28.25728],[76.89887,28.25783],[76.90309,28.26043],[76.90543,28.26296],[76.9092,28.26705],[76.90945,28.26731],[76.90973,28.26761],[76.90979,28.26769],[76.91144,28.27018],[76.91179,28.2707],[76.91267,28.27202],[76.91388,28.27383],[76.91416,28.27582],[76.9143,28.27687],[76.91435,28.27726],[76.91437,28.27754],[76.91438,28.28021],[76.91417,28.28151],[76.91413,28.28179],[76.91224,28.28406],[76.91211,28.28421],[76.91208,28.28425],[76.91204,28.2843],[76.91034,28.28698],[76.91018,28.28714],[76.90912,28.28827],[76.90846,28.28896],[76.90642,28.28973],[76.9064,28.28974],[76.90531,28.2906],[76.90489,28.29091],[76.90413,28.2914],[76.90207,28.29202],[76.90103,28.29293],[76.90101,28.29384],[76.90162,28.29443],[76.90181,28.29462],[76.90211,28.29491],[76.90236,28.29515],[76.90247,28.29525],[76.90272,28.29549],[76.90301,28.29577],[76.90315,28.298],[76.90271,28.29923],[76.90186,28.30064],[76.90143,28.30169],[76.9016,28.30272],[76.90183,28.30274],[76.90207,28.30276],[76.90283,28.30284],[76.90405,28.30278],[76.90551,28.30134],[76.90718,28.29972],[76.9086,28.29925],[76.90982,28.2992],[76.91097,28.29955],[76.91103,28.29957],[76.91141,28.29985],[76.91753,28.30444],[76.91918,28.30568],[76.92119,28.30827],[76.92207,28.3094],[76.92217,28.30944],[76.92225,28.30947],[76.92429,28.31208],[76.92494,28.31277],[76.92684,28.31477],[76.92747,28.31587],[76.92819,28.31715],[76.92855,28.31886],[76.92882,28.31933],[76.9293,28.32016],[76.92953,28.32056],[76.92957,28.32062],[76.92984,28.32097],[76.93031,28.32158],[76.93142,28.32192],[76.93191,28.32207],[76.93216,28.32199],[76.93354,28.32152],[76.93464,28.32084],[76.93565,28.32021],[76.93603,28.31997],[76.9372,28.31924],[76.93836,28.31871],[76.94012,28.3179],[76.94105,28.31747],[76.94217,28.3172],[76.94313,28.31697],[76.94489,28.31656],[76.9451,28.3165],[76.94852,28.3155],[76.95073,28.31514],[76.95273,28.31513],[76.95352,28.3153],[76.9541,28.31616],[76.95405,28.31874],[76.95462,28.31945],[76.95599,28.32115],[76.95714,28.32304],[76.95891,28.32441],[76.96102,28.3248],[76.9617,28.32492],[76.96241,28.325],[76.96378,28.32517],[76.96528,28.32532],[76.9656,28.32536],[76.96717,28.32622],[76.97052,28.32813],[76.97347,28.33003],[76.97503,28.33142],[76.97719,28.33264],[76.97817,28.33317],[76.97976,28.33352],[76.98096,28.33319],[76.98158,28.33233],[76.98161,28.33096],[76.98143,28.32992],[76.98184,28.32958],[76.98242,28.33028],[76.983,28.3308],[76.9834,28.3308],[76.984,28.33064],[76.98502,28.32962],[76.98526,28.32867],[76.98539,28.32816],[76.98545,28.3279],[76.98581,28.3269],[76.98605,28.32638],[76.98649,28.32526],[76.98693,28.32413],[76.98874,28.32312],[76.99071,28.32349],[76.99161,28.32398],[76.99268,28.32455],[76.99523,28.32579],[76.99661,28.32633],[76.998,28.32636],[76.99806,28.32635],[76.9992,28.3262],[77.00098,28.32589],[77.00159,28.32505],[77.00232,28.32342],[77.00243,28.32317],[77.00281,28.31963],[77.00287,28.3191],[77.00293,28.31854],[77.00335,28.31784],[77.00354,28.31752],[77.00394,28.3173],[77.00535,28.31653],[77.00638,28.315],[77.00654,28.31347],[77.0066,28.31295],[77.0067,28.3121],[77.00686,28.31072],[77.00687,28.31069],[77.00726,28.30976],[77.00814,28.30769],[77.01037,28.30483],[77.01065,28.30433],[77.0109,28.30388],[77.01128,28.30318],[77.01189,28.30207],[77.01243,28.30112],[77.0133,28.29933],[77.01408,28.29773],[77.0143,28.2962],[77.01419,28.29242],[77.01448,28.28831],[77.01447,28.2883],[77.01444,28.28809],[77.0145,28.28782],[77.01456,28.28751],[77.01468,28.28733],[77.01496,28.28688],[77.01497,28.28674],[77.01496,28.28664],[77.01495,28.28654],[77.01499,28.28645],[77.01558,28.2857],[77.01566,28.28561],[77.01579,28.28553],[77.0161,28.28536],[77.01643,28.28509],[77.01751,28.28398],[77.01765,28.28374],[77.01791,28.28354],[77.01794,28.28353],[77.01835,28.28332],[77.01858,28.2831],[77.0187,28.2828],[77.01881,28.28262],[77.01896,28.28236],[77.01941,28.2816],[77.01957,28.28109],[77.01971,28.28081],[77.01988,28.28047],[77.02007,28.28],[77.0203,28.27931],[77.02035,28.27917],[77.02048,28.27898],[77.02058,28.27863],[77.02072,28.2784],[77.02084,28.27795],[77.02092,28.2773],[77.02093,28.2767],[77.02092,28.27653],[77.02088,28.27607],[77.02088,28.27537],[77.02092,28.27446],[77.02108,28.27289],[77.02106,28.27262],[77.02114,28.27243],[77.02122,28.2723],[77.0213,28.27202],[77.02132,28.27123],[77.02132,28.27113],[77.02143,28.27088],[77.02145,28.27081],[77.02154,28.27039],[77.02173,28.26989],[77.02172,28.26965],[77.02168,28.26929],[77.02161,28.26895],[77.02161,28.26855],[77.0216,28.26849],[77.02185,28.26487],[77.0219,28.26417],[77.02225,28.25875],[77.02226,28.25861],[77.02245,28.25597],[77.02257,28.25434],[77.02263,28.2535],[77.02295,28.25043],[77.02312,28.25007],[77.0236,28.24909],[77.02384,28.24885],[77.02443,28.24826],[77.02587,28.24728],[77.02695,28.24723],[77.02808,28.24718],[77.02828,28.24716],[77.0309,28.24693],[77.03256,28.24579],[77.037,28.24525],[77.04165,28.24552],[77.04363,28.24563],[77.04667,28.24521],[77.04799,28.24514],[77.05128,28.24461],[77.05226,28.24481],[77.05243,28.24496],[77.05353,28.24491],[77.05528,28.24489],[77.05796,28.24487],[77.05823,28.2448],[77.0598,28.24442],[77.06033,28.24393],[77.06127,28.24311],[77.06166,28.24239],[77.06171,28.24228],[77.06142,28.24025],[77.06117,28.23943],[77.05681,28.22427],[77.05688,28.2231],[77.05735,28.22195],[77.0588,28.22124],[77.06025,28.22054],[77.06136,28.22018],[77.06146,28.22015],[77.06193,28.21999],[77.06219,28.22015],[77.06242,28.22028],[77.06269,28.22038],[77.0631,28.22047],[77.06327,28.22041],[77.06358,28.22012],[77.06403,28.22012],[77.06439,28.2201],[77.06446,28.21995],[77.06453,28.21965],[77.06487,28.21959],[77.06687,28.21865],[77.06715,28.21852],[77.06831,28.21796],[77.06879,28.21773],[77.07047,28.21718],[77.07072,28.2171],[77.07396,28.21655],[77.0753,28.21671],[77.07596,28.21679],[77.07692,28.21749],[77.07704,28.21899],[77.0781,28.22135],[77.07863,28.22263],[77.07946,28.22459],[77.08005,28.22591],[77.0811,28.22697],[77.08115,28.22703],[77.08157,28.22746],[77.08293,28.22834],[77.08368,28.22857],[77.08412,28.22871],[77.08651,28.22879],[77.08796,28.22796],[77.08899,28.22737],[77.09433,28.22455],[77.09457,28.22411],[77.09477,28.22373],[77.09488,28.2237],[77.0968,28.22314],[77.09824,28.22287],[77.09901,28.22273],[77.10027,28.2225],[77.10063,28.22243],[77.10181,28.22263],[77.10193,28.22294],[77.10228,28.22387],[77.10251,28.22447],[77.10289,28.22517],[77.10306,28.22549],[77.10324,28.22581],[77.10493,28.22714],[77.1059,28.22767],[77.10769,28.22772],[77.10941,28.22765],[77.11008,28.22762],[77.11091,28.22665],[77.11204,28.22506],[77.1124,28.22455],[77.11368,28.22278],[77.1165,28.22155],[77.11728,28.22134],[77.11959,28.22072],[77.1209,28.22037],[77.1231,28.21945],[77.12489,28.21901],[77.12606,28.21921],[77.12721,28.21989],[77.12833,28.22123],[77.12997,28.22203],[77.13083,28.22245],[77.13297,28.22283],[77.1345,28.22369],[77.13612,28.22449],[77.13797,28.22541],[77.13824,28.22564],[77.13911,28.22642],[77.14025,28.22631],[77.14048,28.22629],[77.14224,28.22601],[77.14279,28.22561],[77.14482,28.2241],[77.14491,28.22404],[77.14737,28.22252],[77.14896,28.2201],[77.15053,28.21967],[77.15089,28.21957],[77.15282,28.21904],[77.15393,28.21882],[77.15704,28.21819],[77.16225,28.21713],[77.16483,28.21523],[77.1675,28.21206],[77.16956,28.20824],[77.17058,28.20703],[77.17181,28.20558],[77.17197,28.20544],[77.1725,28.20497],[77.17374,28.20506],[77.17537,28.20557],[77.17544,28.20559],[77.1755,28.20561],[77.17554,28.20578],[77.17655,28.20659],[77.1769,28.20683],[77.17927,28.20995],[77.1786,28.21054],[77.17853,28.21099],[77.17869,28.21134],[77.17941,28.21286],[77.17983,28.21375],[77.18028,28.21468],[77.1805,28.21514],[77.18333,28.2186],[77.18398,28.21939],[77.18476,28.22014],[77.18512,28.22055],[77.18578,28.22026],[77.1867,28.21985],[77.18815,28.21943],[77.18917,28.21945],[77.18968,28.21963],[77.19052,28.22002],[77.19093,28.22047],[77.19153,28.22107],[77.19273,28.22226],[77.19372,28.22305],[77.19527,28.22447],[77.19843,28.22609],[77.19857,28.22616],[77.19906,28.22652],[77.20071,28.22773],[77.2016,28.22947],[77.20164,28.22988],[77.20131,28.23051],[77.20085,28.23091],[77.19932,28.23143],[77.19484,28.2332],[77.19422,28.23358],[77.19455,28.23464],[77.19493,28.23656],[77.19531,28.23841],[77.19526,28.23869],[77.19518,28.23909],[77.19497,28.23972],[77.19454,28.24033],[77.19418,28.24105],[77.19443,28.24145],[77.19524,28.24162],[77.19634,28.24214],[77.19659,28.24286],[77.19651,28.24349],[77.19631,28.24412],[77.19592,28.24498],[77.19592,28.24565],[77.19661,28.24647],[77.19912,28.24782],[77.20247,28.24961],[77.20312,28.24996],[77.20414,28.2505],[77.20487,28.25086],[77.20559,28.2508],[77.20655,28.25075],[77.20816,28.25019],[77.20898,28.25022],[77.20969,28.25031],[77.21032,28.25069],[77.21073,28.25146],[77.21106,28.2525],[77.21098,28.25372],[77.21173,28.25675],[77.21239,28.2594],[77.21231,28.26175],[77.21259,28.26252],[77.21365,28.26277],[77.21432,28.26275],[77.21449,28.26275],[77.21492,28.26274],[77.21792,28.26267],[77.21895,28.26264],[77.22069,28.26253],[77.22075,28.26264],[77.22121,28.26309],[77.22392,28.26556],[77.22415,28.26578],[77.22486,28.26643],[77.22501,28.26651],[77.22505,28.26653],[77.23036,28.26833],[77.23214,28.26913],[77.23286,28.26951],[77.23311,28.26962],[77.23358,28.26975],[77.23402,28.2699],[77.2341,28.26991],[77.23419,28.26988],[77.23423,28.26981],[77.23434,28.26983],[77.23499,28.26989],[77.23589,28.26994],[77.23667,28.26989],[77.23717,28.27002],[77.23737,28.2701],[77.23761,28.27034],[77.23871,28.27167],[77.23895,28.27214],[77.23958,28.27335],[77.24042,28.2749],[77.24087,28.27596],[77.24191,28.27841],[77.24197,28.27864],[77.24201,28.27901],[77.2418,28.27929],[77.23961,28.28081],[77.23744,28.28261],[77.23515,28.28452],[77.23282,28.28639],[77.23061,28.28818],[77.23012,28.28855],[77.22979,28.28876],[77.22857,28.2894],[77.22831,28.2895],[77.22809,28.28952],[77.22795,28.28949],[77.22759,28.28941],[77.22738,28.28933],[77.22547,28.28816],[77.225,28.28781],[77.22481,28.28755],[77.22379,28.28794],[77.22373,28.28797],[77.22355,28.28811],[77.22252,28.28893],[77.22165,28.28963],[77.2211,28.29007],[77.22054,28.29047],[77.21846,28.29149],[77.21348,28.29502],[77.21114,28.29657],[77.21097,28.29667],[77.21054,28.29695],[77.20864,28.29844],[77.20844,28.2986],[77.20823,28.2987],[77.20814,28.29865],[77.20739,28.29761],[77.20697,28.29704],[77.20621,28.29533],[77.20587,28.2945],[77.20555,28.29371],[77.20522,28.29323],[77.20538,28.29291],[77.20154,28.28953],[77.20123,28.28953],[77.20089,28.28964],[77.20049,28.28989],[77.20044,28.28993],[77.19961,28.29046],[77.19962,28.29054],[77.1986,28.29129],[77.19668,28.29273],[77.19485,28.29372],[77.19457,28.29391],[77.19419,28.29424],[77.19372,28.29466],[77.19289,28.29574],[77.19206,28.29676],[77.1917,28.2971],[77.19068,28.29789],[77.19006,28.29821],[77.18921,28.29852],[77.18823,28.29889],[77.18712,28.29976],[77.18609,28.30044],[77.18248,28.3028],[77.18089,28.30365],[77.17823,28.30468],[77.17547,28.30594],[77.17513,28.3061],[77.17478,28.30618],[77.17369,28.30646],[77.17217,28.30682],[77.16988,28.30745],[77.16977,28.30748],[77.16745,28.30812],[77.1669,28.3083],[77.16683,28.30839],[77.16682,28.30856],[77.16686,28.30886],[77.1671,28.31083],[77.16707,28.31106],[77.16679,28.31121],[77.16607,28.31148],[77.16317,28.31258],[77.1627,28.31278],[77.16264,28.31287],[77.16264,28.31303],[77.16301,28.31476],[77.163,28.31496],[77.16274,28.31505],[77.159,28.3157],[77.15879,28.31579],[77.15833,28.31611],[77.1581,28.3164],[77.15681,28.3192],[77.15591,28.32249],[77.15521,28.32477],[77.15508,28.32632],[77.15507,28.32642],[77.15466,28.33001],[77.15425,28.33184],[77.15301,28.33578],[77.15275,28.33708],[77.15256,28.3378],[77.15202,28.34068],[77.15182,28.34304],[77.15176,28.34739],[77.15168,28.34881],[77.15176,28.34919],[77.15185,28.34941],[77.15275,28.35091],[77.15296,28.35144],[77.15327,28.35415],[77.15331,28.35455],[77.15329,28.35772],[77.15299,28.36026],[77.15305,28.3603],[77.15308,28.36043],[77.15303,28.36078],[77.15307,28.36113],[77.15291,28.36107],[77.15288,28.36142],[77.15259,28.36182],[77.15215,28.36225],[77.15148,28.36273],[77.15093,28.36308],[77.15053,28.36331],[77.15043,28.36385],[77.15046,28.364],[77.15053,28.36412],[77.15064,28.36432],[77.15073,28.36457],[77.15075,28.36482],[77.15076,28.36507],[77.15082,28.36532],[77.15084,28.3655],[77.15085,28.36561],[77.15087,28.36567],[77.1509,28.36572],[77.15094,28.36582],[77.15094,28.36585],[77.15094,28.36588],[77.15134,28.36741],[77.1516,28.36831],[77.15244,28.37116],[77.15343,28.37552],[77.15358,28.37616],[77.15405,28.37736],[77.15424,28.37785],[77.15429,28.37811],[77.15444,28.37998],[77.1544,28.38017],[77.15417,28.38024],[77.15154,28.3805],[77.15146,28.38059],[77.15117,28.38058],[77.15126,28.38087],[77.15142,28.38114],[77.15148,28.38141],[77.15154,28.38153],[77.15161,28.38164],[77.1517,28.38178],[77.15186,28.38251],[77.15207,28.38308],[77.15224,28.38393],[77.15236,28.38427],[77.15242,28.38456],[77.15268,28.38496],[77.15274,28.38521],[77.15278,28.38545],[77.15289,28.38577],[77.15311,28.38614],[77.15404,28.38954],[77.15418,28.38993],[77.15446,28.39031],[77.15462,28.39045],[77.1556,28.39098],[77.15566,28.39101],[77.15694,28.39158],[77.15746,28.39189],[77.15852,28.39289],[77.15954,28.39354],[77.15994,28.39374],[77.16177,28.3945],[77.16309,28.39482],[77.165,28.39506],[77.16528,28.39506],[77.16659,28.39495],[77.1671,28.39499],[77.1674,28.39505],[77.1683,28.39535],[77.16853,28.3954],[77.1692,28.39529],[77.17035,28.39493],[77.17048,28.39491],[77.17058,28.39495],[77.17076,28.39517],[77.17172,28.39662],[77.17196,28.39706],[77.1731,28.39939],[77.17355,28.4006],[77.17394,28.40193],[77.17431,28.40261],[77.17506,28.4042],[77.17518,28.40435],[77.17523,28.40447],[77.17521768800003,28.40447112000004],[77.17501,28.40449],[77.17417,28.40498],[77.17404061200006,28.405027923000034],[77.1739,28.40508],[77.17330549900004,28.405474180000056],[77.17298,28.40569],[77.17291618200005,28.40571552700004],[77.17283,28.40575],[77.17273780900007,28.405842191000033],[77.17263,28.40595],[77.1724,28.40612],[77.17239572700004,28.40612997200003],[77.17228929000004,28.40637832300007],[77.17228,28.4064],[77.17228,28.40646],[77.17232368600008,28.40703277700004],[77.17237,28.40764],[77.17231,28.40789],[77.17223,28.40829],[77.17215974700008,28.40843661300005],[77.17201615700003,28.408736280000028],[77.172,28.40877],[77.17108,28.40989],[77.17055,28.41108],[77.17048312700007,28.411191458000076],[77.17043,28.41128],[77.1703,28.41141],[77.17021,28.4115],[77.16952534400008,28.41202512500007],[77.16918,28.41229],[77.16859,28.41269],[77.16693535600007,28.413802771000064],[77.16688,28.41384],[77.16631,28.41435],[77.16612094500005,28.414659363000055],[77.16609,28.41471],[77.166,28.415],[77.16597,28.41535],[77.16607,28.41634],[77.16634,28.41858],[77.16646,28.42014],[77.16652,28.4209],[77.16656466600006,28.421478998000055],[77.16679,28.4244],[77.16679461000007,28.424473756000054],[77.1668,28.42456],[77.16682,28.42519],[77.16680579800004,28.425231186000076],[77.16673336300005,28.425441248000027],[77.16672,28.42548],[77.16669620400006,28.425510058000043],[77.16655568700008,28.425687554000035],[77.16653,28.42572],[77.16571033800005,28.42618286800007],[77.16568,28.4262],[77.16549852300005,28.426423357000033],[77.16512034600004,28.42688880600008],[77.16503,28.427],[77.16454,28.42772],[77.16415914900006,28.428041343000075],[77.1639,28.42826],[77.16356994300008,28.42847871300006],[77.16307,28.42881],[77.16303619300004,28.42883192900007],[77.1627,28.42905],[77.16162575200008,28.429652420000025],[77.16099293300005,28.430012775000023],[77.16091,28.43006],[77.15914,28.43082],[77.15847,28.43103],[77.15655067500006,28.43163793100007],[77.15626,28.43173],[77.15530873000006,28.432197142000064],[77.15525395600008,28.43222404000005],[77.15514,28.43228],[77.15460047600004,28.43270131400004],[77.15389263200007,28.433254068000053],[77.15336,28.43367],[77.15224,28.43503],[77.15208627900006,28.43517603500004],[77.15204,28.43522],[77.15186003400004,28.435357621000037],[77.15051,28.43639],[77.14966726700004,28.436881595000045],[77.14955,28.43695],[77.14944216800006,28.437001919000068],[77.14928,28.43708],[77.14901,28.43716],[77.14878,28.43722],[77.14842,28.43727],[77.14689,28.43735],[77.14623,28.43727],[77.14454,28.43741],[77.14452278800007,28.43739565800007],[77.14442,28.43731],[77.14434626100007,28.437297286000046],[77.14415561100003,28.437264415000072],[77.14413,28.43726],[77.14384,28.43731],[77.14325,28.43695],[77.14284,28.43672],[77.14261,28.43659],[77.14230274800008,28.43648955200007],[77.14210472200006,28.43642481300003],[77.14209,28.43642],[77.14200710500006,28.43652361900007],[77.14197,28.43657],[77.14185,28.43672],[77.14178,28.43681],[77.14134,28.43709],[77.14122260500005,28.437129964000064],[77.14087,28.43725],[77.13797,28.43791],[77.13719007200007,28.43810634600004],[77.13665820100005,28.438240244000042],[77.13654,28.43827],[77.13583936000003,28.438536741000064],[77.13457,28.43902],[77.13436640700007,28.439047763000076],[77.13435,28.43905],[77.13433259700008,28.43905949300006],[77.13424,28.43911],[77.13399229900006,28.43917755500007],[77.13358,28.43929],[77.13282,28.43967],[77.13272306600004,28.439736469000024],[77.13247,28.43991],[77.13222767700006,28.44012970600005],[77.13186992400006,28.440454070000044],[77.13172,28.44059],[77.1315,28.4407],[77.13130379000006,28.440765403000057],[77.13117,28.44081],[77.13111026700005,28.440808894000043],[77.13063,28.4408],[77.13028910200006,28.44082435000007],[77.12979,28.44086],[77.12956764700004,28.440941226000064],[77.12909,28.44119],[77.12902955500005,28.441236278000076],[77.12845,28.44168],[77.12562,28.44411],[77.12542599900007,28.44434095400004],[77.12541,28.44436],[77.12493,28.44511],[77.12487,28.44521],[77.12456127400003,28.44560292400007],[77.12443,28.44577],[77.12441906200007,28.445811322000054],[77.12434,28.44611],[77.12430932000007,28.446842917000026],[77.12425463800008,28.44814920700003],[77.12425,28.44826],[77.12229,28.44897],[77.12218,28.44897061100005],[77.12218,28.44905],[77.12218,28.44995],[77.12196,28.45411],[77.12194,28.45453],[77.12191,28.45502],[77.12189214600005,28.455162831000052],[77.12187,28.45534],[77.12185369900004,28.455407923000053],[77.12181,28.45559],[77.12179819000005,28.45562070400007],[77.12175336900003,28.455737240000076],[77.12171,28.45585],[77.12151,28.45617],[77.12132201400004,28.456438192000064],[77.12076,28.45724],[77.12053,28.45759],[77.12045411700007,28.457728375000045],[77.12019,28.45821],[77.11998,28.45855],[77.11972,28.45894],[77.11954052300007,28.459194258000025],[77.11953289000007,28.459207045000028],[77.11945897900006,28.45931052000003],[77.11929,28.45955],[77.11768,28.4617],[77.11763091000006,28.461768300000074],[77.11745,28.46202],[77.11729634300008,28.46229022400007],[77.11716507100004,28.462521082000023],[77.11711751100006,28.462614104000068],[77.11692714100008,28.46298074200007],[77.11693720600005,28.462989470000025],[77.11730466300008,28.463308105000067],[77.11731876000005,28.463320328000066],[77.11733044400006,28.463330460000066],[77.11646884300006,28.464410634000046],[77.11532943800006,28.465839112000026],[77.11497705600004,28.46628528000008],[77.11206040300004,28.470212811000067],[77.11158655600008,28.471033773000045],[77.11156,28.47108],[77.11349323100006,28.471133950000024],[77.11373425000005,28.471146614000077],[77.11382,28.47117],[77.11383600600004,28.471199343000023],[77.11388,28.47128],[77.11394723300003,28.471741466000026],[77.11402996300006,28.47230929600005],[77.11420694500003,28.473524034000036],[77.11433195200004,28.474357412000074],[77.11446814300007,28.47501161400004],[77.11488,28.47699],[77.11493,28.47726],[77.11532,28.47975],[77.11533754500005,28.47984210900006],[77.11536,28.47996],[77.11536410400004,28.479978840000058],[77.11558,28.48097],[77.11562,28.48109],[77.11564,28.48115],[77.11569528200005,28.481251350000036],[77.11576,28.48138],[77.11644161100008,28.48302162600004],[77.11647,28.48309],[77.11706116000005,28.484150804000024],[77.11827,28.48632],[77.11889,28.48744],[77.11907,28.48782],[77.11945677600005,28.488950577000026]]]}},{"type":"Feature","properties":{"canonical_city_id":"delhi_ncr","component_id":"faridabad","district_name":"Faridabad","source_shape_id":"76128533B40638696154891","source":"geoBoundaries gbOpen IND ADM2","boundary_year":"2021"},"geometry":{"type":"Polygon","coordinates":[[[77.24087,28.27596],[77.24227,28.27365],[77.24372,28.27145],[77.24476,28.26988],[77.24479,28.26984],[77.2457,28.26847],[77.24732,28.26721],[77.2489,28.266],[77.25088,28.26511],[77.25165,28.26476],[77.25417,28.26433],[77.25562,28.26281],[77.25626,28.2621],[77.25633,28.26207],[77.25761,28.2617],[77.25919,28.26092],[77.25989,28.26063],[77.26027,28.26048],[77.26109,28.26165],[77.26069,28.26345],[77.26034,28.26505],[77.25994,28.26685],[77.25972,28.26783],[77.25925,28.27039],[77.25985,28.27194],[77.26005,28.27244],[77.262,28.27284],[77.26248,28.27294],[77.26268,28.27291],[77.26295,28.27291],[77.26554,28.27291],[77.26583,28.27291],[77.26708,28.27291],[77.27081,28.27258],[77.27183,28.27222],[77.27335,28.27168],[77.27374,28.27154],[77.27893,28.27119],[77.28068,28.27066],[77.28312,28.26993],[77.28631,28.26701],[77.28712,28.26639],[77.28726,28.26639],[77.28873,28.26514],[77.28885,28.26505],[77.29018,28.26454],[77.29199,28.26383],[77.29373,28.26416],[77.29551,28.2645],[77.29757,28.26501],[77.29958,28.26479],[77.30196,28.26452],[77.30386,28.26297],[77.30574,28.26311],[77.30615,28.26292],[77.30783,28.26212],[77.3079,28.26206],[77.3091,28.26096],[77.31018,28.25905],[77.31042,28.25735],[77.31148,28.25638],[77.31315,28.25596],[77.31331,28.25592],[77.31399,28.25575],[77.31477,28.25819],[77.3162,28.25934],[77.31704,28.26001],[77.31952,28.26127],[77.32056,28.26143],[77.32201,28.2614],[77.32259,28.26088],[77.32277,28.26072],[77.32393,28.25966],[77.32686,28.25921],[77.32833,28.25917],[77.32854,28.25917],[77.32939,28.2588],[77.33085,28.25817],[77.33359,28.25716],[77.33413,28.25575],[77.33422,28.25552],[77.33446,28.25489],[77.33386,28.25359],[77.33396,28.25345],[77.33534,28.25168],[77.33872,28.24898],[77.33913,28.24867],[77.34068,28.2475],[77.3408,28.24741],[77.34132,28.24702],[77.3423,28.24628],[77.34395,28.24572],[77.34443,28.24556],[77.34477,28.24544],[77.34524,28.24528],[77.34616,28.2447],[77.34649,28.2445],[77.34713,28.24282],[77.34713,28.24115],[77.34712,28.24022],[77.34717,28.24019],[77.3473,28.24012],[77.34859,28.23944],[77.34873,28.2391],[77.34938,28.23747],[77.34941,28.23739],[77.35046,28.2357],[77.35273,28.2351],[77.3539,28.23497],[77.35398,28.23496],[77.35442,28.23491],[77.35675,28.23463],[77.35929,28.23567],[77.36149,28.23517],[77.36202,28.23505],[77.36557,28.23386],[77.36649,28.23344],[77.36851,28.2325],[77.36995,28.23156],[77.37162,28.23421],[77.37183,28.23455],[77.37468,28.23581],[77.37599,28.23574],[77.37794,28.23563],[77.3799,28.23413],[77.38039,28.23376],[77.38154,28.23288],[77.38192,28.23259],[77.38334,28.22982],[77.38336,28.2292],[77.38346,28.22638],[77.38374,28.22521],[77.38385,28.22476],[77.38419,28.22329],[77.38447,28.22281],[77.38577,28.22056],[77.38621,28.22029],[77.38825,28.21907],[77.39006,28.2173],[77.39068,28.21669],[77.39189,28.21634],[77.39207,28.21629],[77.394,28.21572],[77.39495,28.21543],[77.39775,28.21456],[77.39899,28.21418],[77.40294,28.21302],[77.40337,28.21278],[77.4056,28.21155],[77.40777,28.21057],[77.40846,28.21026],[77.40955,28.21017],[77.41158,28.20999],[77.41167,28.20999],[77.41271,28.21013],[77.41352,28.21023],[77.41436,28.21078],[77.41503,28.21162],[77.41626,28.21166],[77.41691,28.21114],[77.41735,28.20999],[77.41868,28.20747],[77.41936,28.20641],[77.41974,28.20581],[77.41977,28.20564],[77.41981,28.20538],[77.42,28.20412],[77.42017,28.20159],[77.42039,28.20053],[77.42043,28.19987],[77.42045,28.19948],[77.42118,28.19912],[77.42128,28.19907],[77.42347,28.19965],[77.42523,28.20159],[77.42586,28.20211],[77.42774,28.20364],[77.42933,28.20494],[77.43107,28.20582],[77.43209,28.2058],[77.43255,28.20556],[77.43331,28.20516],[77.43393,28.20391],[77.43527,28.20368],[77.43648,28.20521],[77.43669,28.20547],[77.43756,28.20709],[77.43816,28.20821],[77.43844,28.20861],[77.43909,28.20955],[77.43934,28.20991],[77.44018,28.21038],[77.44129,28.21036],[77.44241,28.21035],[77.44342,28.20968],[77.44358,28.20958],[77.44557,28.20901],[77.44615,28.20884],[77.44638,28.20876],[77.44819,28.20815],[77.44844,28.20807],[77.44935,28.20779],[77.44949,28.20697],[77.44874,28.20582],[77.44908,28.20452],[77.44997,28.20416],[77.45014,28.20409],[77.4503,28.20403],[77.45176,28.20393],[77.45224,28.2039],[77.45484,28.20424],[77.45665,28.20446],[77.45821,28.2046],[77.45938,28.20441],[77.46057,28.20422],[77.46207,28.20349],[77.4633,28.20263],[77.46395,28.20237],[77.46498,28.20313],[77.4664,28.20491],[77.46708,28.20606],[77.46729,28.20641],[77.4687,28.20744],[77.47007,28.20775],[77.47013,28.20768],[77.47066,28.20686],[77.47122,28.20597],[77.47172,28.2052],[77.47281,28.20539],[77.47416,28.20563],[77.4747,28.20573],[77.47525,28.20597],[77.47627,28.2057],[77.47667,28.20555],[77.47677,28.20551],[77.47711,28.20622],[77.47713,28.20627],[77.47718,28.20659],[77.4773,28.20733],[77.47733,28.20808],[77.47735,28.20848],[77.47768,28.20976],[77.47849,28.21073],[77.47879,28.21083],[77.47922,28.21098],[77.47933,28.21102],[77.47987,28.21121],[77.48104,28.21128],[77.4815,28.21097],[77.48244,28.21033],[77.48346,28.20957],[77.48361,28.20948],[77.48404,28.2092],[77.48493,28.20998],[77.48546,28.21166],[77.48563,28.21268],[77.48623,28.21323],[77.48684,28.21378],[77.48814,28.21478],[77.49102,28.21521],[77.49115,28.21523],[77.493,28.21553],[77.49365,28.21522],[77.49417,28.21497],[77.49457,28.21522],[77.49499,28.21548],[77.49532,28.21569],[77.49618,28.21676],[77.49716,28.21909],[77.49738,28.21945],[77.49858,28.22146],[77.49879,28.22182],[77.50054,28.22366],[77.5011,28.22424],[77.50122,28.22437],[77.50207,28.22539],[77.50228,28.22563],[77.50272,28.22602],[77.50357,28.22678],[77.50464,28.22774],[77.50484,28.22825],[77.50429,28.22876],[77.5034,28.22881],[77.50327,28.22882],[77.5022,28.22938],[77.50212,28.23049],[77.5022,28.23095],[77.50258,28.23315],[77.50279,28.23416],[77.50319,28.23604],[77.50322,28.2362],[77.50346,28.23731],[77.50372,28.23856],[77.50383,28.23952],[77.50387,28.23985],[77.5039,28.24011],[77.504,28.24102],[77.50408,28.24173],[77.50446,28.245],[77.5048,28.24791],[77.50569,28.25055],[77.50535,28.25067],[77.50492,28.2509],[77.50477,28.25095],[77.50389,28.25132],[77.50363,28.25136],[77.50336,28.25144],[77.50281,28.25167],[77.50184,28.25204],[77.50156,28.25166],[77.50146,28.25156],[77.50107,28.25119],[77.50085,28.25099],[77.50039,28.25056],[77.49989,28.25023],[77.49989,28.24963],[77.49987,28.24949],[77.49985,28.24935],[77.49992,28.24913],[77.49991,28.24899],[77.49989,28.24864],[77.49977,28.2482],[77.49973,28.24805],[77.49969,28.24714],[77.49942,28.24715],[77.49938,28.24758],[77.49862,28.24801],[77.49826,28.24829],[77.49745,28.24889],[77.49709,28.24916],[77.49681,28.24933],[77.49629,28.24963],[77.49569,28.24998],[77.49527,28.25027],[77.49477,28.25061],[77.49436,28.25088],[77.49409,28.25108],[77.49356,28.25149],[77.49331,28.25168],[77.49308,28.25185],[77.49283,28.2538],[77.49264,28.25538],[77.49235,28.25644],[77.49193,28.25791],[77.4919,28.25943],[77.49189,28.2608],[77.49252,28.26126],[77.49268,28.26162],[77.49267,28.26229],[77.49261,28.26269],[77.49245,28.26363],[77.49241,28.26377],[77.49237,28.26392],[77.49177,28.26632],[77.49175,28.26713],[77.49174,28.26743],[77.49157,28.26961],[77.49149,28.27037],[77.49146,28.27063],[77.49139,28.27119],[77.49175,28.27148],[77.49231,28.27192],[77.49342,28.27288],[77.49358,28.27298],[77.49402,28.27389],[77.49434,28.27454],[77.49451,28.27396],[77.49488,28.27285],[77.49501,28.27264],[77.49529,28.27303],[77.49592,28.27385],[77.49633,28.27434],[77.49758,28.27585],[77.49787,28.27614],[77.49876,28.27701],[77.49986,28.2787],[77.49997,28.27874],[77.50376,28.27986],[77.50155,28.2809],[77.50077,28.28124],[77.50081,28.28133],[77.50086,28.28138],[77.50091,28.28147],[77.502,28.28326],[77.50221,28.28358],[77.50201,28.28367],[77.50064,28.28428],[77.49896,28.28504],[77.49772,28.28556],[77.49851,28.28574],[77.49944,28.28598],[77.49949,28.28601],[77.50035,28.28636],[77.5007,28.28649],[77.50203,28.28665],[77.50274,28.28775],[77.50342,28.28881],[77.5037,28.28981],[77.50395,28.29074],[77.50404,28.29084],[77.50466,28.29367],[77.50506,28.29577],[77.5054,28.29753],[77.50577,28.2995],[77.50584,28.29966],[77.50589,28.29994],[77.50673,28.30406],[77.50755,28.3054],[77.50594,28.30633],[77.5056,28.30656],[77.50443,28.30707],[77.50286,28.30775],[77.50173,28.30921],[77.50139,28.30965],[77.5011,28.31003],[77.50103,28.31012],[77.50093,28.31025],[77.50071,28.31038],[77.50064,28.31045],[77.50037,28.31074],[77.50025,28.31083],[77.49996,28.31103],[77.49956,28.31146],[77.4995,28.31158],[77.49928,28.31204],[77.49903,28.31224],[77.49863,28.31258],[77.49828,28.31288],[77.49774,28.31315],[77.49706,28.31447],[77.49573,28.31478],[77.4952,28.31522],[77.49471,28.31562],[77.4936,28.31653],[77.4926,28.31725],[77.49201,28.31767],[77.49134,28.31814],[77.49039,28.31881],[77.49027,28.31889],[77.49011,28.31901],[77.48918,28.31974],[77.48859,28.3202],[77.48821,28.32061],[77.4881,28.32073],[77.4878,28.32088],[77.48682,28.32137],[77.48636,28.32163],[77.48652,28.32216],[77.48639,28.32263],[77.48589,28.32477],[77.48549,28.32568],[77.484,28.32533],[77.48275,28.32511],[77.4814,28.32558],[77.48071,28.32579],[77.47876,28.32639],[77.4752,28.32744],[77.47228,28.32844],[77.4728,28.32913],[77.4732,28.32942],[77.47324,28.33002],[77.47323,28.33059],[77.47345,28.33088],[77.4736,28.33133],[77.47385,28.33202],[77.47379,28.33318],[77.47316,28.3342],[77.47286,28.33432],[77.47233,28.33466],[77.47207,28.33486],[77.47212,28.33495],[77.47273,28.33629],[77.47286,28.33649],[77.47301,28.33655],[77.47324,28.33668],[77.47357,28.33667],[77.4737,28.33685],[77.47408,28.33707],[77.47424,28.3372],[77.4747,28.33726],[77.47501,28.33738],[77.47528,28.33745],[77.47589,28.33768],[77.47629,28.33799],[77.47655,28.33815],[77.47701,28.33841],[77.47742,28.33854],[77.47811,28.33886],[77.47836,28.339],[77.47953,28.33951],[77.48099,28.34],[77.48223,28.3403],[77.48509,28.34179],[77.48748,28.34304],[77.49072,28.34331],[77.49125,28.34379],[77.49134,28.34389],[77.49206,28.34466],[77.49333,28.34568],[77.49373,28.346],[77.49441,28.34669],[77.49579,28.3481],[77.49687,28.3491],[77.49688,28.34996],[77.4969,28.35055],[77.49759,28.35126],[77.49815,28.35184],[77.49825,28.35194],[77.49855,28.35222],[77.49924,28.35287],[77.4993,28.35298],[77.49981,28.35414],[77.50009,28.35456],[77.50048,28.35533],[77.50064,28.35565],[77.50094,28.35625],[77.50105,28.35642],[77.50112,28.35653],[77.50146,28.35708],[77.5021,28.35811],[77.50251,28.35879],[77.50268,28.35908],[77.50289,28.35934],[77.50293,28.35942],[77.50309,28.35964],[77.50421,28.361],[77.50487,28.36159],[77.50545,28.3621],[77.50556,28.3622],[77.50561,28.36225],[77.50568,28.36235],[77.50541,28.3625],[77.50528,28.36257],[77.50414,28.36319],[77.50324,28.36368],[77.503,28.36383],[77.50292,28.36388],[77.50242,28.36419],[77.5023,28.36427],[77.50064,28.36534],[77.50089,28.36613],[77.50131,28.36683],[77.50152,28.36702],[77.5025,28.36765],[77.50263,28.36774],[77.50383,28.3683],[77.50527,28.36962],[77.50424,28.3696],[77.50323,28.36958],[77.50284,28.37077],[77.50291,28.37106],[77.50283,28.3712],[77.50255,28.3717],[77.50243,28.37182],[77.50145,28.37255],[77.50041,28.37318],[77.50009,28.37337],[77.49998,28.37348],[77.49967,28.37378],[77.49919,28.37448],[77.4988,28.37501],[77.49812,28.37595],[77.49766,28.37658],[77.49734,28.37704],[77.49666,28.37788],[77.49552,28.3793],[77.49529,28.37986],[77.49509,28.38035],[77.49498,28.38056],[77.49483,28.38086],[77.49465,28.38119],[77.49454,28.3814],[77.49439,28.38169],[77.49427,28.3819],[77.49403,28.38232],[77.49394,28.38248],[77.49379,28.38287],[77.49371,28.38305],[77.49364,28.38321],[77.49352,28.38346],[77.49322,28.3838],[77.49295,28.38412],[77.49275,28.38435],[77.49265,28.38442],[77.49234,28.38467],[77.49226,28.38474],[77.49185,28.38506],[77.49084,28.3849],[77.48953,28.38541],[77.48691,28.3864],[77.48657,28.38631],[77.48651,28.3863],[77.48632,28.38636],[77.48613,28.38667],[77.48599,28.38672],[77.48409,28.38746],[77.48377,28.38768],[77.48349,28.38795],[77.48125,28.3901],[77.48004,28.39165],[77.47975,28.39201],[77.47973,28.39203],[77.47925,28.39251],[77.47822,28.39352],[77.47643,28.3953],[77.47632,28.39538],[77.47486,28.39653],[77.47428,28.39687],[77.47447,28.39698],[77.47459,28.39734],[77.47462,28.39739],[77.47473,28.39757],[77.47477,28.39764],[77.47516,28.39826],[77.47553,28.3988],[77.47569,28.39903],[77.47619,28.39923],[77.47636,28.39891],[77.47672,28.39933],[77.47704,28.39915],[77.47753,28.39904],[77.47809,28.39875],[77.47863,28.39852],[77.47918,28.3983],[77.47929,28.39825],[77.481,28.39849],[77.48149,28.39906],[77.48223,28.40005],[77.48229,28.40014],[77.48239,28.40027],[77.48228,28.40034],[77.48215,28.40042],[77.48219,28.4008],[77.48153,28.4008],[77.48151,28.40102],[77.48148,28.40132],[77.48189,28.40353],[77.48198,28.40478],[77.48258,28.40484],[77.48267,28.40551],[77.4826,28.40586],[77.48254,28.40612],[77.48278,28.40611],[77.48347,28.40609],[77.48387,28.40605],[77.48414,28.40788],[77.4845,28.40792],[77.4845,28.40855],[77.4845,28.40892],[77.4841,28.40957],[77.48388,28.40992],[77.48316,28.41056],[77.48288,28.41078],[77.48215,28.41161],[77.48203,28.41228],[77.48126,28.414],[77.48079,28.41431],[77.48006,28.4148],[77.47972,28.41572],[77.47944,28.41647],[77.47899,28.4173],[77.47876,28.41775],[77.47847,28.41826],[77.47815,28.41885],[77.47744,28.41866],[77.47722,28.41914],[77.47646,28.41902],[77.47634,28.41898],[77.47432,28.41729],[77.47277,28.41701],[77.47219,28.41698],[77.47111,28.41726],[77.47095,28.41722],[77.46938,28.4168],[77.46886,28.41661],[77.46873,28.41656],[77.46841,28.41645],[77.46833,28.41642],[77.46735,28.41606],[77.46708,28.41519],[77.46607,28.41552],[77.46602,28.41554],[77.46575,28.41546],[77.46547,28.41538],[77.46427,28.41502],[77.46376,28.41604],[77.46301,28.41589],[77.46271,28.41639],[77.46211,28.4174],[77.46238,28.41868],[77.46244,28.41923],[77.46251,28.41992],[77.46264,28.42115],[77.46283,28.42194],[77.46306,28.42385],[77.46353,28.42437],[77.45922,28.4245],[77.45829,28.42453],[77.45777,28.42455],[77.45437,28.42469],[77.45236,28.42472],[77.45251,28.42595],[77.45264,28.42616],[77.45309,28.42686],[77.45148,28.42697],[77.44987,28.42708],[77.44937,28.42711],[77.44741,28.42722],[77.44491,28.4281],[77.44363,28.42831],[77.44273,28.42845],[77.44245,28.4285],[77.44225,28.42864],[77.44191,28.42889],[77.44144,28.42942],[77.44158,28.42953],[77.44257,28.43033],[77.44271,28.43062],[77.44274,28.43096],[77.44034,28.43084],[77.43896,28.43085],[77.43834,28.43088],[77.43819,28.43091],[77.43631,28.43123],[77.43684,28.43182],[77.4374,28.43245],[77.43811,28.43318],[77.43812,28.43357],[77.43844,28.43386],[77.43856,28.43391],[77.43911,28.43429],[77.43946,28.43444],[77.43952,28.43454],[77.43966,28.43469],[77.44002,28.43507],[77.43869,28.43621],[77.43809,28.43664],[77.4377,28.43712],[77.4376,28.43714],[77.43715,28.43739],[77.43688,28.43797],[77.43825,28.43783],[77.43901,28.43795],[77.43908,28.43863],[77.43888,28.43935],[77.43796,28.44258],[77.43781,28.44312],[77.43755,28.44403],[77.43748,28.44427],[77.43715,28.44525],[77.43681,28.44632],[77.43671,28.44662],[77.4362,28.44821],[77.43526,28.45114],[77.43495,28.45245],[77.43434,28.45499],[77.43402,28.45514],[77.4329,28.45511],[77.43231,28.45517],[77.43002,28.45463],[77.42961,28.45453],[77.42944,28.45447],[77.42773,28.45422],[77.42589,28.45334],[77.42577,28.45333],[77.4243,28.45315],[77.4211,28.45269],[77.41995,28.45243],[77.4197,28.45237],[77.41844,28.45255],[77.41776,28.45276],[77.41723,28.45293],[77.41623,28.45325],[77.41549,28.45287],[77.41468,28.45246],[77.41436,28.45249],[77.41418,28.4525],[77.41284,28.45278],[77.41133,28.45332],[77.41047,28.45363],[77.40926,28.45406],[77.40862,28.45419],[77.40586,28.45477],[77.40493,28.45496],[77.40345,28.45527],[77.40236,28.45554],[77.40208,28.45561],[77.40107,28.45602],[77.40164,28.45712],[77.40174,28.45731],[77.40196,28.45772],[77.4028,28.45932],[77.40287,28.45945],[77.40306,28.45981],[77.40331,28.46028],[77.40371,28.46103],[77.40382,28.46123],[77.404,28.46158],[77.4057,28.46307],[77.40707,28.46426],[77.40717,28.46435],[77.4076,28.46422],[77.40766,28.46429],[77.40782,28.46447],[77.40797,28.46465],[77.40801,28.4647],[77.40811,28.46487],[77.40891,28.46617],[77.40897,28.46705],[77.40818,28.46688],[77.40808,28.46686],[77.40724,28.46678],[77.40542,28.46662],[77.40521,28.46659],[77.40478,28.46632],[77.40361,28.46697],[77.40275,28.46749],[77.40171,28.468],[77.40123,28.46833],[77.40065,28.46848],[77.39796,28.46983],[77.39761,28.46999],[77.39478,28.4714],[77.39395,28.47181],[77.39344,28.47199],[77.39253,28.47231],[77.39243,28.47176],[77.39217,28.47165],[77.3918,28.4715],[77.39149,28.47144],[77.391,28.47129],[77.3902,28.47102],[77.38995,28.4706],[77.3895,28.46981],[77.38924,28.46944],[77.38903,28.46915],[77.38863,28.4686],[77.38803,28.46816],[77.38691,28.46844],[77.38587,28.46891],[77.38449,28.46939],[77.38377,28.46971],[77.38251,28.4702],[77.38213,28.47035],[77.38083,28.47089],[77.38057,28.471],[77.38084,28.4711],[77.38097,28.4712],[77.38089,28.4714],[77.38041,28.47268],[77.37903,28.47279],[77.37906,28.47333],[77.37908,28.47389],[77.37911,28.4745],[77.37882,28.47465],[77.37781,28.47506],[77.37731,28.47531],[77.37725,28.47538],[77.37721,28.47543],[77.37617,28.47598],[77.37554,28.47634],[77.37553,28.47684],[77.37533,28.47725],[77.37481,28.47826],[77.37479,28.47841],[77.37442,28.47925],[77.37434,28.47947],[77.37412,28.48009],[77.374,28.48071],[77.37393,28.48094],[77.37366,28.48129],[77.3732,28.48218],[77.37292,28.48261],[77.37247,28.4833],[77.37214,28.4838],[77.37204,28.48395],[77.37087,28.48571],[77.37099,28.48587],[77.37127,28.48624],[77.37181,28.48696],[77.37198,28.48868],[77.37184,28.48893],[77.37119,28.4901],[77.37092,28.49162],[77.3709,28.49232],[77.371,28.49265],[77.37127,28.49377],[77.3714,28.4943],[77.37206,28.49666],[77.37225,28.49687],[77.3723,28.49698],[77.37265,28.49796],[77.3726,28.49843],[77.37243,28.49856],[77.37139,28.49929],[77.37077,28.49966],[77.36974,28.49994],[77.36897,28.50033],[77.3686,28.5003],[77.36825,28.50021],[77.36762,28.4999],[77.3674,28.49976],[77.3665,28.49915],[77.36544,28.49855],[77.36521,28.49843],[77.36473,28.49837],[77.36425,28.49846],[77.36386,28.4986],[77.3635,28.49873],[77.36259,28.49897],[77.36189,28.49947],[77.3615,28.49973],[77.36119,28.49994],[77.36093,28.50024],[77.3605,28.5004],[77.35915,28.50105],[77.35849,28.50141],[77.35813,28.50132],[77.35756,28.50085],[77.35687,28.50011],[77.3566,28.49994],[77.3565,28.49988],[77.35598,28.49955],[77.35565,28.4994],[77.35517,28.49931],[77.355,28.49938],[77.35421,28.49928],[77.35152,28.49989],[77.35018,28.50111],[77.34883,28.50381],[77.34807,28.50504],[77.34798,28.50527],[77.34792,28.50544],[77.3478,28.5059],[77.34792,28.50695],[77.3484,28.50855],[77.34843,28.50876],[77.34814,28.50923],[77.34766,28.50959],[77.34732,28.51],[77.34709,28.51031],[77.34684,28.51067],[77.34645,28.51112],[77.3459,28.51173],[77.34551,28.51231],[77.34506,28.51271],[77.3447,28.51316],[77.34349,28.51467],[77.34341,28.51437],[77.34332,28.51333],[77.34318,28.51262],[77.34303,28.51189],[77.34286,28.51107],[77.34215,28.51039],[77.34039,28.50871],[77.33984,28.50816],[77.33909,28.50745],[77.3389,28.50719],[77.33873,28.50701],[77.33855,28.50682],[77.3384,28.50667],[77.33824,28.5065],[77.33811,28.50636],[77.33792,28.50614],[77.33768,28.50593],[77.33749,28.50574],[77.33733,28.50558],[77.33676,28.50498],[77.33654,28.50472],[77.33609,28.50418],[77.33606,28.5041],[77.33605,28.50402],[77.33575,28.50362],[77.33606,28.50344],[77.33627,28.50332],[77.33648,28.50319],[77.33637,28.50303],[77.33598,28.50285],[77.33578,28.50258],[77.33499,28.50179],[77.33478,28.50157],[77.33457,28.50136],[77.33385,28.50062],[77.33379,28.50044],[77.33375,28.50032],[77.33348,28.50008],[77.33344,28.50004],[77.33334,28.49989],[77.33318,28.49969],[77.3328,28.4992],[77.33195,28.49803],[77.3311,28.49684],[77.3306,28.49615],[77.33012,28.49549],[77.32986,28.49514],[77.32967,28.49487],[77.32948,28.49459],[77.32935,28.49435],[77.32864,28.49338],[77.32848,28.49316],[77.32832,28.49289],[77.32821,28.49271],[77.32803,28.49241],[77.32789,28.49219],[77.32773,28.49193],[77.32737,28.49134],[77.32726,28.49112],[77.32722,28.49104],[77.32712,28.49084],[77.327,28.49061],[77.3269,28.49042],[77.3268,28.49024],[77.32651,28.48972],[77.32542,28.48937],[77.32383,28.48886],[77.3229,28.4886],[77.32248,28.48845],[77.32176,28.48826],[77.32154,28.48819],[77.32091,28.48802],[77.32059,28.48801],[77.31969,28.48774],[77.31879,28.48722],[77.31871,28.48718],[77.31835,28.48681],[77.31763,28.48663],[77.31699,28.4865],[77.31684,28.48646],[77.31686,28.4863],[77.31698,28.48502],[77.31699,28.48489],[77.31667,28.48486],[77.31655,28.48485],[77.31628,28.48483],[77.31607,28.48481],[77.31603,28.48479],[77.31596,28.48474],[77.31596,28.48471],[77.31597,28.48463],[77.31597,28.48453],[77.31553,28.48446],[77.31548,28.48445],[77.31538,28.48442],[77.31509,28.48426],[77.31478,28.48411],[77.3147,28.48407],[77.31466,28.48405],[77.31436,28.48393],[77.31414,28.48383],[77.31405,28.48377],[77.31385,28.48367],[77.31381,28.4836],[77.31373,28.4835],[77.31363,28.48344],[77.31297,28.48406],[77.31271,28.4843],[77.3121,28.48484],[77.31146,28.48543],[77.31101,28.48584],[77.31093,28.48591],[77.31006,28.4867],[77.30974,28.48696],[77.30955,28.48708],[77.30946,28.48712],[77.30934,28.48718],[77.30921,28.48723],[77.3089,28.48734],[77.30863,28.48741],[77.30839,28.48747],[77.3082,28.4875],[77.30794,28.48751],[77.30763,28.48751],[77.3074,28.48749],[77.30713,28.48746],[77.30671,28.48744],[77.30624,28.48743],[77.30615,28.48743],[77.30582,28.48744],[77.30523,28.48746],[77.30511,28.48746],[77.30493,28.48742],[77.30472,28.48735],[77.30458,28.48727],[77.30438,28.48723],[77.30428,28.4872],[77.30422,28.48719],[77.304,28.48721],[77.30378,28.48722],[77.30304,28.48736],[77.30195,28.48757],[77.30124,28.48773],[77.30071,28.48784],[77.30049,28.48784],[77.30037,28.48785],[77.30023,28.48915],[77.30018,28.48966],[77.30011,28.49032],[77.29996,28.49168],[77.29988,28.4925],[77.29985,28.49277],[77.29978,28.49323],[77.29978,28.49342],[77.29969,28.49414],[77.29951,28.49416],[77.29942,28.49418],[77.2993,28.49459],[77.29925,28.49483],[77.2992,28.4951],[77.29914,28.49537],[77.29913,28.49561],[77.29913,28.49569],[77.29913,28.49586],[77.29914,28.49589],[77.29843,28.4959],[77.298,28.49591],[77.29775,28.49591],[77.29668,28.49587],[77.29634,28.49597],[77.29583,28.49595],[77.29565,28.496],[77.29525,28.49593],[77.29519,28.49595],[77.29505,28.49603],[77.29496,28.49604],[77.29477,28.49598],[77.29472,28.49599],[77.29471,28.49602],[77.29471,28.49617],[77.29455,28.49618],[77.29383,28.4962],[77.29382,28.49613],[77.29358,28.49617],[77.29318,28.49625],[77.29284,28.49631],[77.29265,28.49634],[77.29194,28.49655],[77.29147,28.49669],[77.29091,28.49671],[77.29075,28.4966],[77.29058,28.49649],[77.28976,28.49608],[77.28907,28.49621],[77.28856,28.49617],[77.28782,28.49592],[77.28775,28.49576],[77.28743,28.49501],[77.28741,28.49495],[77.28706,28.49412],[77.28683,28.49363],[77.28681,28.49357],[77.28674,28.49339],[77.2867,28.49325],[77.28665,28.49306],[77.28664,28.49285],[77.28666,28.49257],[77.28683,28.49131],[77.28687,28.49095],[77.28688,28.49074],[77.28686,28.4906],[77.28677,28.4903],[77.28666,28.48995],[77.28668,28.48979],[77.2867,28.48967],[77.28673,28.48965],[77.28675,28.48962],[77.28677,28.48956],[77.28676,28.48951],[77.28673,28.48946],[77.2867,28.48943],[77.28665,28.48942],[77.28658,28.48942],[77.28653,28.48943],[77.28647,28.48941],[77.28626,28.48939],[77.28426,28.48902],[77.28409,28.48901],[77.28392,28.48901],[77.28365,28.48903],[77.28358,28.48904],[77.28345,28.48907],[77.28298,28.48922],[77.28277,28.48929],[77.28259,28.48933],[77.28233,28.48936],[77.28208,28.4893],[77.28184,28.48922],[77.28161,28.48915],[77.28142,28.4891],[77.281,28.48901],[77.28087,28.48895],[77.28073,28.48884],[77.28054,28.48864],[77.28039,28.4885],[77.28022,28.4884],[77.28003,28.48835],[77.27977,28.48831],[77.27955,28.48825],[77.27933,28.48816],[77.27901,28.48797],[77.2787,28.48782],[77.27849,28.4877],[77.27831,28.48756],[77.27815,28.4874],[77.27796,28.48721],[77.27778,28.48706],[77.27756,28.4869],[77.27737,28.48674],[77.27717,28.48654],[77.27702,28.48642],[77.27685,28.48634],[77.27665,28.48627],[77.27651,28.48623],[77.2762,28.48614],[77.27607,28.4861],[77.27585,28.48607],[77.27567,28.48609],[77.27551,28.48614],[77.27535,28.48624],[77.27508,28.48646],[77.27456,28.48686],[77.27413,28.4872],[77.27401,28.48728],[77.27276,28.48808],[77.2725,28.48821],[77.2724,28.48826],[77.27235,28.48793],[77.27215,28.48682],[77.27207,28.48637],[77.27202,28.4863],[77.27193,28.48622],[77.2718,28.48613],[77.2717,28.48607],[77.27,28.48574],[77.26933,28.4856],[77.26847,28.48542],[77.26775,28.48527],[77.26693,28.48511],[77.26679531128916,28.48509019283664],[77.26625,28.48501],[77.26574,28.48498],[77.26501947100007,28.484970994000037],[77.26494,28.48497],[77.26415,28.48489],[77.26374,28.48485],[77.26347,28.48481],[77.26112,28.48418],[77.25962,28.48378],[77.25915,28.48366],[77.25887,28.4836],[77.25826,28.48338],[77.2571,28.48297],[77.25529,28.48234],[77.25543,28.48069],[77.25532,28.48071],[77.25514,28.48076],[77.25501,28.48079],[77.25485,28.48081],[77.25471,28.4808],[77.2546,28.48077],[77.25447,28.4807],[77.25436,28.48063],[77.25413,28.48041],[77.25402,28.48025],[77.25398,28.48014],[77.25378,28.4801],[77.25366,28.48005],[77.25318,28.47998],[77.25304,28.47997],[77.25293,28.47993],[77.25267,28.4798],[77.25255,28.47975],[77.25245,28.47973],[77.25226,28.47968],[77.25214,28.47968],[77.25202,28.47965],[77.25196,28.47961],[77.25175,28.47944],[77.25166,28.47938],[77.25143,28.47931],[77.25132,28.47928],[77.2511,28.47919],[77.25098,28.47915],[77.25087,28.47913],[77.25008,28.47908],[77.24959,28.47904],[77.24905,28.47902],[77.24896,28.47903],[77.2489,28.47907],[77.24882,28.47919],[77.24878,28.47928],[77.2487,28.47943],[77.2486,28.4795],[77.24849,28.47956],[77.24835,28.47955],[77.24826,28.47951],[77.24816,28.47951],[77.2481,28.47954],[77.24794,28.47974],[77.24791,28.47982],[77.24782,28.47989],[77.24774,28.47992],[77.24764,28.47991],[77.2474,28.47986],[77.247,28.47971],[77.24666,28.47954],[77.24643,28.47927],[77.24639,28.47919],[77.24638,28.4791],[77.2464,28.479],[77.2466,28.47872],[77.24662,28.47864],[77.24661,28.47855],[77.24655,28.47841],[77.24652,28.47833],[77.24649,28.47819],[77.24641,28.47755],[77.24637,28.47727],[77.24629,28.47708],[77.246,28.47654],[77.24576,28.47627],[77.24556,28.47611],[77.24529,28.47582],[77.24518,28.47557],[77.24514,28.47548],[77.24511,28.47505],[77.24507,28.47496],[77.24495,28.47486],[77.2444,28.4745],[77.24423,28.47436],[77.24419,28.47423],[77.24419,28.47395],[77.24422,28.47373],[77.24434,28.47348],[77.24433,28.47334],[77.24416,28.47292],[77.24409,28.47274],[77.24397,28.47264],[77.24375,28.47251],[77.24355,28.47235],[77.24353,28.47224],[77.24347,28.47193],[77.24338,28.47184],[77.24309,28.47176],[77.24304,28.4717],[77.24297,28.47137],[77.24289,28.47119],[77.24284,28.47112],[77.24279,28.47106],[77.24256,28.4709],[77.24209,28.47068],[77.24172,28.47049],[77.24158,28.47036],[77.24148,28.47024],[77.24131,28.47],[77.24128,28.4699],[77.24121,28.46966],[77.24117,28.46956],[77.24057,28.46903],[77.24055,28.46895],[77.24053,28.46884],[77.24038,28.46851],[77.24023,28.46827],[77.24003,28.46812],[77.23973,28.46791],[77.23953,28.46778],[77.23943,28.46767],[77.23943,28.46755],[77.23945,28.46745],[77.23951,28.46734],[77.2397,28.46717],[77.23986,28.46696],[77.24004,28.46676],[77.24014,28.46666],[77.2407,28.46627],[77.24072,28.46619],[77.24076,28.46611],[77.24086,28.46591],[77.24091,28.46583],[77.24106,28.46565],[77.24118,28.46555],[77.24143,28.46543],[77.24159,28.4653],[77.24166,28.4652],[77.24167,28.46514],[77.24166,28.46504],[77.24153,28.4643],[77.24153,28.46416],[77.2416,28.46402],[77.24198,28.46339],[77.24199,28.46327],[77.24194,28.46319],[77.24186,28.46313],[77.24106,28.46268],[77.24102,28.46262],[77.24098,28.46253],[77.24102,28.46238],[77.24111,28.46219],[77.24124,28.46208],[77.24141,28.46194],[77.24191,28.46161],[77.24206,28.46148],[77.24246,28.46107],[77.24258,28.46096],[77.24297,28.46061],[77.24319,28.46035],[77.24332,28.46022],[77.24346,28.46012],[77.24355,28.46006],[77.24371,28.46],[77.2439,28.45997],[77.24403,28.45992],[77.24417,28.45985],[77.24426,28.45979],[77.24433,28.45971],[77.24478,28.45908],[77.2448,28.45903],[77.2449,28.45886],[77.24509,28.4588],[77.24525,28.45872],[77.24537,28.45862],[77.24572,28.45831],[77.24576,28.45824],[77.24579,28.45816],[77.24563,28.45746],[77.24559,28.45739],[77.24549,28.45722],[77.24548,28.45717],[77.24539,28.45639],[77.24536,28.45634],[77.2453,28.45627],[77.2451,28.45616],[77.24493,28.45607],[77.2449,28.45602],[77.24489,28.45594],[77.24491,28.45577],[77.24525,28.45518],[77.24528,28.45504],[77.24521,28.45495],[77.24483,28.45476],[77.2447,28.45466],[77.24461,28.45458],[77.24456,28.45451],[77.24452,28.45436],[77.24453,28.45421],[77.24456,28.45411],[77.24477,28.45376],[77.2448,28.45367],[77.24481,28.45359],[77.24486,28.45333],[77.24488,28.45324],[77.24496,28.45311],[77.2451,28.45293],[77.24526,28.45279],[77.24541,28.4527],[77.24555,28.45263],[77.24572,28.45257],[77.24578,28.4525],[77.24585,28.45238],[77.24593,28.45226],[77.24592,28.45198],[77.24598,28.45203],[77.24602,28.4521],[77.24608,28.45213],[77.24615,28.45216],[77.24629,28.45219],[77.24639,28.45221],[77.24655,28.45229],[77.24664,28.45235],[77.24671,28.45242],[77.24683,28.45255],[77.24705,28.45268],[77.24802,28.45028],[77.24912,28.44737],[77.24939,28.44664],[77.24959,28.44568],[77.25005,28.4435],[77.24995,28.44333],[77.25021,28.44186],[77.25027,28.44158],[77.2503,28.44126],[77.25052,28.43963],[77.25048,28.43923],[77.25009,28.4354],[77.25002,28.43459],[77.24966,28.43326],[77.25067,28.43288],[77.25284,28.43298],[77.25329,28.43293],[77.25269,28.4312],[77.25289,28.43041],[77.25139,28.42668],[77.25058,28.42514],[77.25022,28.42419],[77.24854,28.42345],[77.24743,28.42296],[77.24693,28.42278],[77.24585,28.42252],[77.24551,28.42243],[77.24277,28.42177],[77.24011,28.42075],[77.23918,28.42057],[77.23882,28.42038],[77.2376,28.41921],[77.2363,28.41824],[77.23608,28.41812],[77.23599,28.41808],[77.2355,28.4179],[77.23446,28.41767],[77.23418,28.41755],[77.23382,28.4173],[77.23201,28.41577],[77.23024,28.41449],[77.2293,28.41391],[77.22754,28.41315],[77.22669,28.41291],[77.22587,28.41277],[77.22564,28.41269],[77.22549,28.4126],[77.22537,28.4125],[77.22498,28.41193],[77.22467,28.41175],[77.22434,28.41173],[77.22331,28.4119],[77.22283,28.41191],[77.22219,28.41183],[77.22146,28.41164],[77.22033,28.41117],[77.21905,28.41053],[77.21718,28.40943],[77.21694,28.40972],[77.21681,28.41032],[77.21671,28.41098],[77.21661,28.41107],[77.21636,28.41109],[77.21546,28.41087],[77.21367,28.41017],[77.21266,28.40991],[77.21134,28.4097],[77.20841,28.40921],[77.2081,28.40917],[77.20778,28.40912],[77.20624,28.40877],[77.20469,28.40838],[77.20432,28.40833],[77.20389,28.40827],[77.19801,28.408],[77.19761,28.40813],[77.19687,28.40803],[77.19599,28.40812],[77.19473,28.40819],[77.19442,28.4082],[77.19378,28.40807],[77.19329,28.40781],[77.19229,28.40772],[77.19213,28.40761],[77.19147,28.407],[77.19125,28.40688],[77.1909,28.40688],[77.19006,28.40741],[77.18997,28.40745],[77.18894,28.40794],[77.18569,28.40937],[77.18548,28.40944],[77.18532,28.40945],[77.18515,28.40939],[77.18453,28.40898],[77.17979,28.40728],[77.17755,28.40625],[77.177,28.40583],[77.17557,28.40467],[77.17548,28.40461],[77.17523,28.40447],[77.17518,28.40435],[77.17506,28.4042],[77.17431,28.40261],[77.17394,28.40193],[77.17355,28.4006],[77.1731,28.39939],[77.17196,28.39706],[77.17172,28.39662],[77.17076,28.39517],[77.17058,28.39495],[77.17048,28.39491],[77.17035,28.39493],[77.1692,28.39529],[77.16853,28.3954],[77.1683,28.39535],[77.1674,28.39505],[77.1671,28.39499],[77.16659,28.39495],[77.16528,28.39506],[77.165,28.39506],[77.16309,28.39482],[77.16177,28.3945],[77.15994,28.39374],[77.15954,28.39354],[77.15852,28.39289],[77.15746,28.39189],[77.15694,28.39158],[77.15566,28.39101],[77.1556,28.39098],[77.15462,28.39045],[77.15446,28.39031],[77.15418,28.38993],[77.15404,28.38954],[77.15311,28.38614],[77.15289,28.38577],[77.15278,28.38545],[77.15274,28.38521],[77.15268,28.38496],[77.15242,28.38456],[77.15236,28.38427],[77.15224,28.38393],[77.15207,28.38308],[77.15186,28.38251],[77.1517,28.38178],[77.15161,28.38164],[77.15154,28.38153],[77.15148,28.38141],[77.15142,28.38114],[77.15126,28.38087],[77.15117,28.38058],[77.15146,28.38059],[77.15154,28.3805],[77.15417,28.38024],[77.1544,28.38017],[77.15444,28.37998],[77.15429,28.37811],[77.15424,28.37785],[77.15405,28.37736],[77.15358,28.37616],[77.15343,28.37552],[77.15244,28.37116],[77.1516,28.36831],[77.15134,28.36741],[77.15094,28.36588],[77.15094,28.36585],[77.15094,28.36582],[77.1509,28.36572],[77.15087,28.36567],[77.15085,28.36561],[77.15084,28.3655],[77.15082,28.36532],[77.15076,28.36507],[77.15075,28.36482],[77.15073,28.36457],[77.15064,28.36432],[77.15053,28.36412],[77.15046,28.364],[77.15043,28.36385],[77.15053,28.36331],[77.15093,28.36308],[77.15148,28.36273],[77.15215,28.36225],[77.15259,28.36182],[77.15288,28.36142],[77.15291,28.36107],[77.15307,28.36113],[77.15303,28.36078],[77.15308,28.36043],[77.15305,28.3603],[77.15299,28.36026],[77.15329,28.35772],[77.15331,28.35455],[77.15327,28.35415],[77.15296,28.35144],[77.15275,28.35091],[77.15185,28.34941],[77.15176,28.34919],[77.15168,28.34881],[77.15176,28.34739],[77.15182,28.34304],[77.15202,28.34068],[77.15256,28.3378],[77.15275,28.33708],[77.15301,28.33578],[77.15425,28.33184],[77.15466,28.33001],[77.15507,28.32642],[77.15508,28.32632],[77.15521,28.32477],[77.15591,28.32249],[77.15681,28.3192],[77.1581,28.3164],[77.15833,28.31611],[77.15879,28.31579],[77.159,28.3157],[77.16274,28.31505],[77.163,28.31496],[77.16301,28.31476],[77.16264,28.31303],[77.16264,28.31287],[77.1627,28.31278],[77.16317,28.31258],[77.16607,28.31148],[77.16679,28.31121],[77.16707,28.31106],[77.1671,28.31083],[77.16686,28.30886],[77.16682,28.30856],[77.16683,28.30839],[77.1669,28.3083],[77.16745,28.30812],[77.16977,28.30748],[77.16988,28.30745],[77.17217,28.30682],[77.17369,28.30646],[77.17478,28.30618],[77.17513,28.3061],[77.17547,28.30594],[77.17823,28.30468],[77.18089,28.30365],[77.18248,28.3028],[77.18609,28.30044],[77.18712,28.29976],[77.18823,28.29889],[77.18921,28.29852],[77.19006,28.29821],[77.19068,28.29789],[77.1917,28.2971],[77.19206,28.29676],[77.19289,28.29574],[77.19372,28.29466],[77.19419,28.29424],[77.19457,28.29391],[77.19485,28.29372],[77.19668,28.29273],[77.1986,28.29129],[77.19962,28.29054],[77.19961,28.29046],[77.20044,28.28993],[77.20049,28.28989],[77.20089,28.28964],[77.20123,28.28953],[77.20154,28.28953],[77.20538,28.29291],[77.20522,28.29323],[77.20555,28.29371],[77.20587,28.2945],[77.20621,28.29533],[77.20697,28.29704],[77.20739,28.29761],[77.20814,28.29865],[77.20823,28.2987],[77.20844,28.2986],[77.20864,28.29844],[77.21054,28.29695],[77.21097,28.29667],[77.21114,28.29657],[77.21348,28.29502],[77.21846,28.29149],[77.22054,28.29047],[77.2211,28.29007],[77.22165,28.28963],[77.22252,28.28893],[77.22355,28.28811],[77.22373,28.28797],[77.22379,28.28794],[77.22481,28.28755],[77.225,28.28781],[77.22547,28.28816],[77.22738,28.28933],[77.22759,28.28941],[77.22795,28.28949],[77.22809,28.28952],[77.22831,28.2895],[77.22857,28.2894],[77.22979,28.28876],[77.23012,28.28855],[77.23061,28.28818],[77.23282,28.28639],[77.23515,28.28452],[77.23744,28.28261],[77.23961,28.28081],[77.2418,28.27929],[77.24201,28.27901],[77.24197,28.27864],[77.24191,28.27841],[77.24087,28.27596]]]}},{"type":"Feature","properties":{"canonical_city_id":"delhi_ncr","component_id":"ghaziabad","district_name":"Ghaziabad","source_shape_id":"76128533B68984344044805","source":"geoBoundaries gbOpen IND ADM2","boundary_year":"2021"},"geometry":{"type":"Polygon","coordinates":[[[77.70414,28.73879],[77.70357,28.73909],[77.70018,28.74091],[77.69996,28.74118],[77.69825,28.74325],[77.69771,28.74515],[77.69693,28.74791],[77.69655,28.74926],[77.69634,28.74998],[77.69622,28.75041],[77.69587,28.75165],[77.69586,28.75168],[77.69478,28.75319],[77.69456,28.7535],[77.69412,28.75412],[77.69335,28.75519],[77.69329,28.75528],[77.6915,28.7578],[77.69075,28.761],[77.69058,28.76173],[77.69036,28.76265],[77.69043,28.76271],[77.69067,28.76292],[77.69118,28.76337],[77.69147,28.76363],[77.69222,28.7643],[77.69272,28.76473],[77.69285,28.7654],[77.69298,28.76603],[77.69396,28.77101],[77.69408,28.77124],[77.69592,28.77473],[77.69615,28.77517],[77.69689,28.77517],[77.70057,28.77517],[77.70087,28.77517],[77.70249,28.77518],[77.7028,28.77546],[77.70389,28.77643],[77.7054,28.77778],[77.70606,28.77837],[77.70612,28.77842],[77.70896,28.78096],[77.71063,28.78246],[77.71066,28.78248],[77.71325,28.78426],[77.71715,28.78693],[77.71784,28.7874],[77.71804,28.78895],[77.71809,28.78935],[77.7182,28.79016],[77.71824,28.79049],[77.71729,28.79191],[77.71756,28.79354],[77.71782,28.79519],[77.71845,28.79906],[77.71856,28.79976],[77.71859,28.80123],[77.71861,28.80208],[77.71873,28.80746],[77.71874,28.80784],[77.71875,28.80843],[77.71876,28.80888],[77.71851,28.80941],[77.71795,28.81056],[77.71786,28.81075],[77.71702,28.8125],[77.71661,28.81336],[77.71473,28.81482],[77.71344,28.81582],[77.7132,28.81601],[77.71302,28.81615],[77.70747,28.82047],[77.70466,28.82265],[77.70356,28.8235],[77.70541,28.82765],[77.70693,28.83105],[77.70734,28.83197],[77.70738,28.83216],[77.70796,28.83515],[77.70826,28.83668],[77.70753,28.83877],[77.70668,28.84118],[77.70644,28.84188],[77.70592,28.84338],[77.70589,28.84346],[77.70513,28.84561],[77.70569,28.84617],[77.70738,28.84783],[77.7077,28.84815],[77.70754,28.84846],[77.70689,28.84972],[77.70613,28.85119],[77.70596,28.8515],[77.70485,28.85364],[77.70459,28.85399],[77.70402,28.85464],[77.70238,28.85625],[77.70078,28.85783],[77.70036,28.85874],[77.70016,28.85917],[77.69909,28.86148],[77.69887,28.86196],[77.69825,28.86329],[77.69783,28.86539],[77.69761,28.86643],[77.69752,28.86688],[77.6972,28.86843],[77.69647,28.8698],[77.69545,28.87175],[77.69495,28.87269],[77.69479,28.87299],[77.69457,28.87341],[77.69435,28.87383],[77.69395,28.87458],[77.6938,28.87487],[77.69327,28.87505],[77.69172,28.87559],[77.69147,28.87567],[77.69102,28.87583],[77.69078,28.87591],[77.69057,28.87598],[77.69026,28.87609],[77.69008,28.87615],[77.68984,28.87623],[77.68903,28.87651],[77.68868,28.87663],[77.68758,28.87701],[77.68714,28.87689],[77.68161,28.87532],[77.68007,28.87417],[77.67882,28.87324],[77.67579,28.871],[77.67222,28.87002],[77.66907,28.86915],[77.6686,28.86903],[77.66823,28.86893],[77.6656,28.8682],[77.66405,28.86831],[77.66128,28.8685],[77.66091,28.86852],[77.66076,28.86899],[77.66038,28.87013],[77.66013,28.87087],[77.65991,28.87152],[77.65967,28.87226],[77.66016,28.87559],[77.65997,28.87573],[77.65876,28.87663],[77.65753,28.87754],[77.6564,28.87839],[77.656,28.87869],[77.65443,28.87869],[77.65422,28.87869],[77.65387,28.87869],[77.65324,28.87869],[77.65187,28.87869],[77.64907,28.8787],[77.64901,28.8787],[77.64723,28.8787],[77.6383,28.87871],[77.63818,28.87871],[77.63413,28.87872],[77.6334,28.87872],[77.63065,28.87872],[77.62471,28.87873],[77.62467,28.87873],[77.62427,28.87872],[77.62187,28.87865],[77.62147,28.87864],[77.62085,28.87862],[77.61938,28.87858],[77.6184,28.87823],[77.61784,28.87805],[77.61717,28.87731],[77.61638,28.87621],[77.61602,28.87567],[77.61546,28.87485],[77.61496,28.87372],[77.61456,28.87288],[77.61409,28.87254],[77.61232,28.87256],[77.61141,28.87266],[77.61048,28.87262],[77.60618,28.87518],[77.60605,28.87519],[77.60463,28.87528],[77.6017,28.87598],[77.60076,28.87546],[77.59838,28.87463],[77.59786,28.87453],[77.59672,28.87597],[77.59661,28.87611],[77.59474,28.87846],[77.59448,28.87949],[77.59432,28.88014],[77.59413,28.88091],[77.59392,28.88176],[77.59372,28.88254],[77.59363,28.88293],[77.5936,28.88304],[77.59352,28.88337],[77.59337,28.88396],[77.5932,28.88465],[77.59316,28.88483],[77.59309,28.88511],[77.59248,28.88759],[77.59246,28.88766],[77.59244,28.88774],[77.59162,28.89107],[77.5914,28.89107],[77.5875,28.89268],[77.58588,28.89137],[77.58175,28.88803],[77.57371,28.88839],[77.57322,28.88841],[77.57303,28.88842],[77.57145,28.88849],[77.57047,28.88897],[77.56953,28.88943],[77.5643,28.89196],[77.56235,28.89333],[77.56217,28.89346],[77.5618,28.89372],[77.56101,28.89428],[77.56024,28.89482],[77.55895,28.89574],[77.55843,28.89557],[77.55813,28.89547],[77.55568,28.89467],[77.55344,28.89395],[77.55231,28.89276],[77.5496,28.88993],[77.54874,28.88981],[77.54802,28.88971],[77.54688,28.88955],[77.54426,28.88918],[77.54314,28.88902],[77.53635,28.88808],[77.53614,28.88821],[77.53349,28.88985],[77.53137,28.89116],[77.52924,28.89172],[77.52895,28.8918],[77.5287,28.89186],[77.52848,28.89191],[77.52512,28.89275],[77.52296,28.8933],[77.5201,28.89403],[77.51925,28.89425],[77.51119,28.89928],[77.51104,28.89937],[77.51026,28.89986],[77.509,28.90065],[77.50774,28.90005],[77.50392,28.89823],[77.50373,28.89814],[77.49893,28.89586],[77.49877,28.89578],[77.4974,28.89668],[77.4963,28.89741],[77.49313,28.89952],[77.49051,28.90011],[77.48922,28.9004],[77.48895,28.90046],[77.48556,28.90122],[77.48456,28.90145],[77.47611,28.90335],[77.47459,28.9037],[77.47339,28.90375],[77.46988,28.90389],[77.46244,28.90548],[77.46253,28.90589],[77.4629,28.90749],[77.46305,28.90812],[77.46349,28.91005],[77.46355,28.91035],[77.46361,28.91061],[77.46401,28.91235],[77.46383,28.91372],[77.46349,28.91646],[77.46224,28.9203],[77.46151,28.92254],[77.4614,28.92287],[77.4605,28.92565],[77.46018,28.92568],[77.4591,28.92579],[77.45546,28.92616],[77.44757,28.92494],[77.44538,28.92241],[77.44528,28.9223],[77.44473,28.92167],[77.44483,28.92109],[77.44488,28.9208],[77.44534,28.91812],[77.44549,28.91695],[77.44525,28.91677],[77.4448,28.91643],[77.44192,28.91424],[77.44096,28.90956],[77.44091,28.9093],[77.44075,28.90851],[77.44033,28.9081],[77.43854,28.90639],[77.43773,28.90562],[77.43671,28.90464],[77.43622,28.90417],[77.4355,28.90349],[77.43582,28.89945],[77.43585,28.899],[77.4355,28.89827],[77.43444,28.89604],[77.43385,28.89481],[77.43335,28.89377],[77.43228,28.89151],[77.43188,28.89105],[77.43161,28.89075],[77.4296,28.88847],[77.42756,28.88615],[77.42743,28.886],[77.4269,28.88485],[77.42553,28.88189],[77.42521,28.88118],[77.42466,28.87998],[77.42415,28.87981],[77.4192,28.8791],[77.41494,28.87697],[77.41342,28.87621],[77.41105,28.87542],[77.40966,28.87495],[77.40967,28.87437],[77.4097,28.87318],[77.40977,28.87048],[77.4098,28.86927],[77.40995,28.86302],[77.40995,28.86167],[77.41001,28.8616],[77.40998,28.86104],[77.41001,28.86055],[77.41005,28.85874],[77.41014,28.85521],[77.41017,28.85394],[77.41018,28.85336],[77.4103,28.84865],[77.41555,28.84602],[77.41613,28.84554],[77.41682,28.84533],[77.41803,28.84471],[77.42023,28.84358],[77.41952,28.84086],[77.4189,28.83851],[77.41816,28.83567],[77.41801,28.83563],[77.41115,28.83398],[77.41069,28.83386],[77.41039,28.8333],[77.40872,28.83293],[77.40173,28.82961],[77.40018,28.82887],[77.39876,28.8282],[77.40033,28.82681],[77.40311,28.82439],[77.40351,28.82396],[77.40451,28.82311],[77.40611,28.82169],[77.40662,28.82124],[77.40874,28.81936],[77.41049,28.81781],[77.41051,28.81705],[77.41053,28.81612],[77.41054,28.81555],[77.41058,28.81379],[77.41012,28.81306],[77.41018,28.8126],[77.41062,28.81236],[77.41062,28.81199],[77.40961,28.81161],[77.40845,28.81061],[77.40581,28.80967],[77.40584,28.80721],[77.4059,28.80319],[77.40624,28.80274],[77.40704,28.8017],[77.40926,28.798],[77.41024,28.79636],[77.41136,28.79451],[77.41254,28.79254],[77.41347,28.79099],[77.41334,28.78535],[77.41331,28.78397],[77.41326,28.78168],[77.41147,28.77971],[77.41073,28.77894],[77.41024,28.7784],[77.40849,28.77642],[77.40846,28.77639],[77.40824,28.77643],[77.40758,28.77654],[77.40632,28.77674],[77.40239,28.7776],[77.39918,28.7783],[77.39835,28.77848],[77.39328,28.77953],[77.39145,28.77991],[77.39037,28.78013],[77.38978,28.78025],[77.38492,28.78126],[77.3836,28.78165],[77.37748,28.78336],[77.37651,28.78363],[77.37559,28.78389],[77.37496,28.78407],[77.37446,28.78421],[77.37117,28.78513],[77.37043,28.78534],[77.36995,28.78594],[77.36811,28.78825],[77.36587,28.79105],[77.36524,28.79483],[77.36466,28.79831],[77.36451,28.79923],[77.36444,28.79966],[77.36413,28.80149],[77.36392,28.80155],[77.36366,28.80162],[77.36152,28.80222],[77.36102,28.80236],[77.36092,28.80239],[77.36048,28.80251],[77.35986,28.80268],[77.35961,28.80275],[77.35802,28.80319],[77.35719,28.80342],[77.35709,28.80345],[77.35651,28.80361],[77.35451,28.80417],[77.35379,28.80297],[77.35341,28.80233],[77.35299,28.80163],[77.35273,28.8012],[77.35239,28.80063],[77.35223,28.80036],[77.35151,28.79916],[77.35135,28.79889],[77.35133,28.79886],[77.35035,28.79722],[77.35027,28.79709],[77.34897,28.79632],[77.34808,28.79579],[77.34737,28.79537],[77.34724,28.79529],[77.34638,28.79478],[77.34188,28.79669],[77.34096,28.79708],[77.33675,28.79887],[77.33465,28.79976],[77.33326,28.80035],[77.33211,28.79991],[77.33035,28.79924],[77.32857,28.79856],[77.32785,28.79762],[77.3272,28.79678],[77.32679,28.79625],[77.32572,28.79487],[77.32569,28.79483],[77.32559,28.7947],[77.3217,28.79336],[77.31869,28.79232],[77.31707,28.79213],[77.31363,28.79172],[77.31292,28.79164],[77.31148,28.79146],[77.3103,28.79132],[77.30888,28.79115],[77.30826,28.79108],[77.30784,28.79195],[77.30753,28.79259],[77.30657,28.79457],[77.30594,28.79587],[77.30563,28.79652],[77.30551,28.79678],[77.3055,28.79691],[77.3054,28.79836],[77.3053,28.79991],[77.30526,28.80046],[77.30522,28.80109],[77.30549,28.80265],[77.30562,28.80343],[77.30572,28.80427],[77.30583,28.80459],[77.30593,28.80563],[77.30614,28.80694],[77.30628,28.8078],[77.30581,28.80804],[77.30378,28.80906],[77.30195,28.80997],[77.30093,28.81625],[77.30081,28.81701],[77.30079,28.81715],[77.3006,28.8183],[77.30033,28.81997],[77.30008,28.82147],[77.29993,28.82244],[77.29957,28.82465],[77.29711,28.82764],[77.29697,28.82781],[77.29682,28.82798],[77.2967,28.82814],[77.29475,28.8297],[77.2942,28.83014],[77.29233,28.83164],[77.29083,28.83225],[77.28851,28.8332],[77.28802,28.8334],[77.28625,28.83332],[77.28466,28.83325],[77.28111,28.83309],[77.28041,28.83306],[77.27932,28.83301],[77.27695,28.8329],[77.27567,28.83262],[77.27375,28.8322],[77.27365,28.83218],[77.27147,28.8317],[77.27063,28.83152],[77.27003,28.83139],[77.26874,28.83136],[77.26749,28.83135],[77.2674,28.83134],[77.26467,28.83125],[77.26333,28.83122],[77.26294,28.83026],[77.26178,28.8274],[77.26115,28.82663],[77.26041,28.82574],[77.25994,28.82517],[77.25978,28.82497],[77.25944,28.82456],[77.25893,28.82395],[77.25872,28.82385],[77.25834,28.82369],[77.25551,28.82246],[77.25539,28.82241],[77.25509,28.82228],[77.2519,28.8219],[77.24919,28.82158],[77.24913,28.82154],[77.24736,28.82131],[77.24666,28.82122],[77.24616,28.82116],[77.24554,28.82108],[77.2453,28.82105],[77.24462,28.82125],[77.23857,28.82321],[77.23784,28.82373],[77.23643,28.82473],[77.23619,28.8264],[77.23598,28.82781],[77.23584,28.82782],[77.23031,28.82818],[77.22376,28.8269],[77.22069,28.83024],[77.22029,28.83006],[77.22023,28.82978],[77.22241,28.82524],[77.22211,28.82474],[77.2221,28.82381],[77.22197,28.82293],[77.22191,28.8226],[77.22247,28.8228],[77.22279,28.82293],[77.22311,28.82283],[77.22344,28.8226],[77.22354,28.82229],[77.2236,28.82211],[77.22363,28.82198],[77.2236,28.82168],[77.22368,28.82143],[77.2235,28.8211],[77.22327,28.8208],[77.22232,28.82045],[77.22086,28.81972],[77.2202,28.81912],[77.22016,28.81891],[77.22002,28.81818],[77.21954,28.81569],[77.21872,28.81174],[77.21871,28.81156],[77.21865,28.81088],[77.21862,28.8106],[77.21832,28.80886],[77.21822,28.80859],[77.21821,28.80856],[77.21793,28.80847],[77.217,28.80857],[77.21682,28.80851],[77.21675,28.8085],[77.21623,28.80865],[77.21497,28.80914],[77.21488,28.80917],[77.21265,28.80973],[77.20936,28.81021],[77.2088,28.8104],[77.20794,28.81096],[77.20646,28.81135],[77.20379,28.81201],[77.20184,28.81253],[77.20157,28.81221],[77.20126,28.81125],[77.20103,28.81091],[77.20092,28.8096],[77.20072,28.80848],[77.20065,28.80771],[77.20047,28.80693],[77.20032,28.80634],[77.20019,28.80577],[77.20016,28.80524],[77.19999,28.80273],[77.19976,28.80221],[77.1996,28.80179],[77.19941,28.80124],[77.19927,28.80081],[77.19914,28.80075],[77.19911,28.80054],[77.199,28.79989],[77.19903,28.79925],[77.19905,28.79806],[77.19939,28.79724],[77.19976,28.79642],[77.19995,28.79583],[77.20009,28.79562],[77.20083,28.79474],[77.20196,28.79324],[77.20278,28.7922],[77.20295,28.79205],[77.20388,28.79121],[77.20526013200003,28.790145557000073],[77.20527725500006,28.790130093000073],[77.20589907400006,28.789650867000034],[77.20664092500004,28.78907868500005],[77.20714632300007,28.788688808000074],[77.20728801500007,28.788580508000052],[77.20756,28.78845],[77.2107,28.78688],[77.21083,28.78682],[77.2118,28.78655],[77.21282268800007,28.786282381000035],[77.21287,28.78627],[77.21335951300006,28.78604684000004],[77.21355,28.78596],[77.21402640900004,28.785734011000045],[77.21433,28.78559],[77.21781,28.78578],[77.21959,28.78595],[77.22206352200004,28.786139931000037],[77.22519,28.78638],[77.2267,28.78649],[77.22721839100006,28.786481638000055],[77.22732,28.78648],[77.22776926300008,28.78654361200006],[77.22845,28.78664],[77.22847630700005,28.786627318000058],[77.22941399400008,28.78617528600006],[77.23096,28.78543],[77.23151,28.78514],[77.23247,28.78464],[77.23425,28.7837],[77.2333,28.78302],[77.23271860100004,28.78271439400004],[77.23174,28.7822],[77.23164301900005,28.782148550000045],[77.22740486800006,28.77990014100004],[77.22322,28.77768],[77.22333422300005,28.777643752000074],[77.22593,28.77682],[77.22618,28.77674],[77.22693340300003,28.77642055800004],[77.22743,28.77621],[77.2278,28.77605],[77.22809452400008,28.775966552000057],[77.2284,28.77588],[77.22988,28.77548],[77.23114,28.77494],[77.23117432500004,28.77491254000006],[77.23132007600003,28.774795940000047],[77.23199,28.77426],[77.23204100100008,28.77354598000005],[77.23206,28.77328],[77.23216869300006,28.77325491700003],[77.23245,28.77319],[77.23250693000006,28.77311015400005],[77.23279771800003,28.772702320000064],[77.23404,28.77096],[77.23407716800006,28.770961174000035],[77.23499,28.77099],[77.23664,28.7668],[77.23856727100008,28.76575133800003],[77.23868,28.76569],[77.23724724400006,28.765755668000054],[77.23628,28.7658],[77.23643877400008,28.765125211000054],[77.23648,28.76495],[77.23653898700007,28.764824876000034],[77.23714,28.76355],[77.23648424600003,28.762813883000035],[77.2351,28.76126],[77.23533288500005,28.761108625000077],[77.2355,28.761],[77.23738903300006,28.76011104400004],[77.23771,28.75996],[77.23805213000009,28.759793823000052],[77.23889657700005,28.759431180000036],[77.24184706100004,28.75816567100003],[77.24221,28.75801],[77.24245,28.75785],[77.24252,28.75781],[77.24262,28.75778],[77.24274,28.75774],[77.24286718400003,28.757692761000044],[77.24309,28.75761],[77.24335788100007,28.757550472000048],[77.24383,28.75737],[77.24403,28.75729],[77.24416,28.75725],[77.24445557500007,28.757113581000056],[77.24468,28.75701],[77.24486492300008,28.756937639000057],[77.24491,28.75692],[77.24497443000007,28.756896263000044],[77.2451,28.75685],[77.24527,28.75678],[77.24545,28.75672],[77.24574,28.75661],[77.24583963100008,28.756570148000037],[77.24586,28.75652],[77.24592749200008,28.756489745000067],[77.24615,28.75639],[77.24654,28.75622],[77.24731080900006,28.75590629900006],[77.2474,28.75587],[77.24764386300006,28.755809034000038],[77.24787504100004,28.755751239000062],[77.24792,28.75574],[77.24817,28.75564],[77.24833239300006,28.755582943000036],[77.24854,28.75551],[77.24863069600008,28.755503954000062],[77.24869,28.7555],[77.24873777500005,28.755485668000063],[77.24879,28.75547],[77.24894043500007,28.75546726500005],[77.24934,28.75546],[77.2495,28.75555],[77.24961502700006,28.755560881000065],[77.25024,28.75562],[77.25114,28.75572],[77.25315,28.75593],[77.25357399200004,28.75602318500006],[77.25497,28.75633],[77.25687,28.75674],[77.25682,28.75623],[77.25668,28.75446],[77.25681175900007,28.754378261000056],[77.25776,28.75379],[77.25837110000003,28.753401697000072],[77.25872,28.75318],[77.25889,28.75307],[77.25925,28.75294],[77.25946,28.75239],[77.25948,28.75194],[77.25955,28.75065],[77.25948179800008,28.750435650000043],[77.25939688800008,28.750168789000043],[77.25934,28.74999],[77.25913,28.74924],[77.25901,28.74884],[77.25896,28.74875],[77.25861,28.74812],[77.25839,28.74773],[77.25818,28.74734],[77.258,28.74702],[77.25783748100008,28.746722048000038],[77.25782,28.74669],[77.25769,28.74648],[77.25762769500005,28.74640211800005],[77.25761,28.74638],[77.25754,28.74632],[77.25752987400006,28.74630649900007],[77.25751,28.74628],[77.25746724400005,28.746121192000032],[77.25744,28.74602],[77.25729,28.74576],[77.25727670200007,28.74573739300007],[77.25709,28.74542],[77.25685893600007,28.745009220000043],[77.25682,28.74494],[77.25668422900003,28.74473895400007],[77.2563,28.74417],[77.2563,28.74408],[77.2549,28.74367],[77.25492,28.74313],[77.25495318400004,28.742385744000046],[77.25499,28.74156],[77.255,28.7413],[77.2556,28.73912],[77.25565,28.73892],[77.25569,28.73879],[77.25585634100008,28.73864992400007],[77.25588,28.73863],[77.25642,28.73817],[77.25653644600004,28.738068743000042],[77.25665,28.73797],[77.25677,28.73788],[77.257,28.73768],[77.25712,28.73759],[77.25798,28.73688],[77.25802501900006,28.73683302300003],[77.25821,28.73664],[77.25843,28.73645],[77.2586,28.73631],[77.25875407700005,28.736177935000057],[77.25881,28.73613],[77.25897,28.73599],[77.25907,28.7359],[77.25924038400007,28.73576511300007],[77.25931,28.73571],[77.25949,28.73555],[77.25961,28.73545],[77.25969,28.73538],[77.25987210100004,28.73521373400007],[77.25992,28.73517],[77.26,28.7351],[77.2601,28.73501],[77.26015844500006,28.734938068000076],[77.26023,28.73485],[77.26029,28.7348],[77.2604,28.7347],[77.2609,28.73453],[77.26161,28.73455],[77.26329,28.73441],[77.26339,28.73437],[77.26344566500006,28.73436857300004],[77.26352572800005,28.734366520000037],[77.26378,28.73436],[77.26441124700006,28.734318380000047],[77.26469,28.7343],[77.26572,28.73426],[77.26587480400008,28.73425440500006],[77.26654670000005,28.734230119000074],[77.2666,28.73443],[77.26665,28.7346],[77.26794,28.73465],[77.26796985800007,28.73466178600006],[77.26832,28.7348],[77.26892,28.73495],[77.26932511800004,28.73505477200007],[77.2695,28.7351],[77.26963952100004,28.73513033100005],[77.27019,28.73525],[77.27054370500008,28.735338426000055],[77.27067,28.73537],[77.27137,28.7355],[77.27157716400006,28.73553983900007],[77.27189,28.7356],[77.2721,28.73564],[77.27224,28.73573],[77.27239,28.73583],[77.2732,28.73635],[77.2739,28.73626],[77.27504,28.7361],[77.27639907100007,28.73517805700004],[77.27675,28.73494],[77.27705,28.73474],[77.27719,28.73464],[77.27749508200003,28.73441930200005],[77.27766,28.7343],[77.27799,28.73407],[77.27819,28.73392],[77.27842,28.73376],[77.27847683600004,28.733703164000076],[77.2787,28.73346],[77.27894,28.7332],[77.2792,28.73289],[77.27922611100007,28.732855184000073],[77.27941,28.73261],[77.27993543700006,28.732121437000046],[77.27998,28.73208],[77.2801,28.73195],[77.28023406500006,28.731804277000037],[77.28033,28.7317],[77.28049920800004,28.731530792000058],[77.28053,28.7315],[77.28079,28.73119],[77.28092,28.73105],[77.28105,28.73091],[77.28114151600005,28.730807046000052],[77.28121,28.73073],[77.28133548600005,28.730596546000072],[77.28184,28.73006],[77.28193,28.72997],[77.28223,28.72966],[77.28241,28.72948],[77.28259,28.7293],[77.2828,28.72909],[77.28296,28.72893],[77.28313,28.72876],[77.28328,28.72861],[77.28408,28.72779],[77.28423,28.72764],[77.28432021000003,28.727516988000048],[77.28434,28.72749],[77.28481,28.72687],[77.28485393700004,28.726813763000052],[77.28506,28.72655],[77.28536,28.72616],[77.28566,28.72576],[77.28621,28.72504],[77.28642,28.72476],[77.28657,28.72457],[77.28674,28.72448],[77.28713,28.72426],[77.28773,28.72393],[77.28784,28.72387],[77.28819,28.72367],[77.28857128200008,28.723458934000064],[77.28931,28.72305],[77.28938,28.72301],[77.28947,28.72296],[77.29064,28.72231],[77.29081,28.72221],[77.29079,28.72212],[77.29030540100007,28.720161827000027],[77.2903,28.72014],[77.29018,28.71996],[77.29003,28.71973],[77.28986,28.71946],[77.28984396100003,28.719416894000062],[77.2897,28.71903],[77.28964232900006,28.719015582000054],[77.28962,28.71901],[77.28956,28.71899],[77.28948,28.71895],[77.2895,28.71863],[77.28951,28.71836],[77.28955661000003,28.717278668000063],[77.28956,28.7172],[77.28957,28.71706],[77.28954,28.71696],[77.28943745100008,28.716658762000066],[77.28938,28.71649],[77.28935107700005,28.71644950700005],[77.28933,28.71642],[77.28904,28.71611],[77.28903170600006,28.716101706000075],[77.28897,28.71604],[77.28882657100007,28.71593031900005],[77.2888,28.71591],[77.28862,28.71577],[77.28822000100007,28.71547],[77.28785,28.71519],[77.28771358900008,28.715085686000066],[77.28768,28.71506],[77.28742,28.71486],[77.28722,28.71471],[77.28714607300003,28.714653467000062],[77.28705,28.71458],[77.28703,28.71456],[77.28693,28.71447],[77.28684252500005,28.71438799200007],[77.28677,28.71432],[77.28667,28.71423],[77.28672214700003,28.714154677000067],[77.28676,28.7141],[77.28678313500006,28.714071082000032],[77.2868,28.71405],[77.28681573900008,28.71402639300004],[77.28692,28.71387],[77.28719,28.7136],[77.28747,28.71335],[77.287509,28.713313166000034],[77.28783,28.71301],[77.28782,28.71294],[77.28776,28.71267],[77.28775090000005,28.712630568000066],[77.2877,28.71241],[77.28764,28.71214],[77.28759,28.71189],[77.28781930100007,28.711241975000064],[77.28778,28.71102],[77.28775,28.71094],[77.28773408800004,28.710882317000028],[77.28767,28.71065],[77.28751,28.71001],[77.28749728500003,28.709882852000078],[77.28749,28.70981],[77.28812123600005,28.709255278000057],[77.28815,28.70923],[77.28816615400007,28.70921384500008],[77.28819,28.70919],[77.28847,28.70888],[77.28862,28.70872],[77.28877,28.70856],[77.28892,28.7084],[77.28926,28.70802],[77.28934,28.70793],[77.28945,28.70781],[77.28987146000003,28.707342562000065],[77.29,28.7072],[77.29033,28.70684],[77.29082856700006,28.706296919000067],[77.29087723400005,28.706243906000054],[77.29089,28.70623],[77.29142,28.70583],[77.29155,28.7058],[77.29192,28.70558],[77.29218,28.70543],[77.29236,28.70532],[77.29261,28.70536],[77.29281,28.7054],[77.29365,28.70554],[77.29381603400003,28.70557689700007],[77.29419,28.70566],[77.29456607400004,28.705415552000034],[77.29459,28.7054],[77.29533,28.70493],[77.29565,28.70474],[77.29591692400004,28.704573722000077],[77.29596218500006,28.704545517000042],[77.29601,28.70452],[77.29646,28.7043],[77.29669,28.70461],[77.29683,28.7048],[77.29696,28.70511],[77.29717107800008,28.70555134600005],[77.29729,28.7058],[77.29759,28.70639],[77.29769,28.7066],[77.29777375500004,28.706836035000038],[77.2978,28.70691],[77.29784721100003,28.70699262000005],[77.29796,28.70719],[77.29799,28.70726],[77.29825,28.70753],[77.29859,28.70788],[77.29873,28.70802],[77.29888,28.70818],[77.2989,28.7082],[77.29904,28.70838],[77.29911080600004,28.70846714700008],[77.29917,28.70854],[77.29919986200008,28.708758984000042],[77.29920104600006,28.708773601000075],[77.29920928600006,28.708880718000046],[77.29917428300007,28.708997151000062],[77.29917,28.70901],[77.29916015400005,28.70906251200006],[77.29914,28.70917],[77.29904,28.70963],[77.29902138700004,28.70970445300003],[77.299,28.70979],[77.2995,28.70989],[77.29972,28.70994],[77.29975090200008,28.709946867000042],[77.29999,28.71],[77.3002,28.71004],[77.30035444200007,28.71007510100003],[77.30062906100005,28.710137514000053],[77.30064,28.71014],[77.30097,28.71022],[77.30161593900004,28.71041875000003],[77.30163734900003,28.710426308000024],[77.30173,28.71046],[77.30209705700008,28.71068023400005],[77.30223,28.71076],[77.30245888400003,28.71093802200005],[77.3025,28.71097],[77.30256,28.711],[77.30282150500005,28.71113075200003],[77.30286,28.71115],[77.30312231400006,28.711321861000044],[77.30315,28.71134],[77.3035,28.71156],[77.30369,28.71168],[77.30374298800007,28.711715326000046],[77.30406,28.71215],[77.30426817300008,28.712321970000062],[77.30452,28.71253],[77.30459,28.71259],[77.30486,28.71299],[77.30566,28.71331],[77.30577,28.71335],[77.30624,28.71354],[77.30625631800007,28.713534820000064],[77.30687,28.71334],[77.30729,28.71321],[77.30748,28.71315],[77.30753,28.71313],[77.3079,28.71302],[77.30835,28.71288],[77.30871,28.71293],[77.30920579400004,28.713003150000077],[77.30932,28.71302],[77.30935414700008,28.713023794000037],[77.30941,28.71303],[77.30957490400004,28.713054512000042],[77.31015,28.71314],[77.31026,28.71312],[77.31103,28.71301],[77.31171272700004,28.71291246800007],[77.3118,28.7129],[77.31229,28.71283],[77.31243215700005,28.71283],[77.31245,28.71283],[77.31251255700005,28.712827825000033],[77.3136,28.71279],[77.31451,28.71276],[77.31514,28.71274],[77.3155,28.71273],[77.31583754100006,28.712737849000064],[77.31593,28.71274],[77.31604743500003,28.712724682000044],[77.31616,28.71271],[77.31618,28.71273],[77.31669,28.71322],[77.31707,28.71358],[77.31738,28.71388],[77.31754,28.71403],[77.3177,28.71419],[77.31802976900008,28.71400430500006],[77.31873,28.71361],[77.31905719500008,28.71342379200007],[77.32119,28.71221],[77.32144017800005,28.71219717100007],[77.32158,28.71219],[77.32174,28.71238],[77.32203206600008,28.712718531000064],[77.32218,28.71289],[77.32222,28.71291],[77.32237,28.71292],[77.32245192400006,28.71292210100006],[77.32315,28.71294],[77.32342082500008,28.71297532500006],[77.32367377600008,28.71300831900004],[77.32384,28.71303],[77.32394,28.71321],[77.32415,28.71318],[77.32459,28.71313],[77.32480617300007,28.713106310000057],[77.32532,28.71305],[77.32577,28.71306],[77.32581940300008,28.71306453300008],[77.32625764200003,28.713104738000027],[77.32686,28.71316],[77.32917219300003,28.713257015000067],[77.33115,28.71334],[77.33115793300004,28.713300334000053],[77.33117,28.71324],[77.33120355000005,28.713030315000026],[77.33124961900006,28.712742379000076],[77.33086678200004,28.712514991000035],[77.32992500700004,28.711962022000023],[77.32907,28.71146],[77.32884,28.71133],[77.32871730100004,28.711244644000033],[77.32778751100005,28.710597833000065],[77.32723,28.71021],[77.32715952400008,28.71016125400007],[77.32659008000007,28.709767389000035],[77.32603,28.70938],[77.32539,28.70858],[77.32493835900004,28.708015449000072],[77.32487,28.70793],[77.32484481900008,28.707898250000028],[77.32464,28.70764],[77.32454,28.70752],[77.32453241100006,28.707466878000048],[77.32451248900009,28.707327425000074],[77.32449,28.70717],[77.32440100100007,28.706445298000062],[77.32435,28.70603],[77.32439378100008,28.70598074700007],[77.32451,28.70585],[77.32492262500006,28.70544664700003],[77.32523935800003,28.70513703100005],[77.32538659000005,28.704993108000053],[77.3254,28.70498],[77.32554429000004,28.704799639000043],[77.32556,28.70478],[77.32581,28.70453],[77.32581722200007,28.704192939000052],[77.32584,28.70313],[77.32583,28.70299],[77.32576,28.7029],[77.32574946300008,28.702826239000046],[77.32573,28.70269],[77.32568,28.70222],[77.32545659600004,28.701778777000072],[77.32528,28.70143],[77.32521849100004,28.701191651000045],[77.3252,28.70112],[77.32516804600004,28.700985082000045],[77.32511,28.70074],[77.3251,28.7007],[77.32475,28.70046],[77.32444,28.70025],[77.32432722400006,28.70017167000003],[77.32432,28.70015],[77.32367452700004,28.69907421100004],[77.32353826500008,28.698849212000027],[77.32342669100007,28.69879849600005],[77.32332,28.69875],[77.32332,28.69864],[77.32337232400005,28.698595150000074],[77.32339,28.69858],[77.32346710000007,28.698494333000042],[77.32348,28.69848],[77.32421,28.69739],[77.32467,28.6967],[77.32482931000004,28.69646522800008],[77.32505,28.69614],[77.32532,28.69579],[77.32555,28.69549],[77.32586,28.69509],[77.32600518100008,28.69507185200007],[77.3261,28.69506],[77.32620937700005,28.694941508000056],[77.32622,28.69493],[77.32628299600003,28.694772508000028],[77.32636,28.69458],[77.32671167400008,28.694084632000056],[77.32729,28.69327],[77.32737,28.69319],[77.32845,28.69189],[77.32869814600008,28.69159222500008],[77.32876616100003,28.691492964000076],[77.32973054600006,28.690078534000065],[77.32975,28.69005],[77.32984021800007,28.68986956400005],[77.3299,28.68975],[77.33011,28.68934],[77.33020858800006,28.689151785000035],[77.33022,28.68913],[77.33025927200003,28.68901822400005],[77.33035,28.68876],[77.33057972100005,28.688166554000077],[77.33059,28.68814],[77.33059833300007,28.68807541900003],[77.33063,28.68783],[77.33069,28.68764],[77.33075944400008,28.68748375100006],[77.33077,28.68746],[77.33079741500006,28.687376511000025],[77.33099,28.68679],[77.33107,28.68658],[77.33108787200007,28.686556171000063],[77.3311,28.68654],[77.33118,28.68649],[77.33122451300005,28.68635646200005],[77.33124,28.68631],[77.33171879300005,28.68536218500003],[77.33173,28.68534],[77.33178738600003,28.685147587000074],[77.3319,28.68477],[77.33199800600005,28.68411513800004],[77.33212,28.6833],[77.33220522900007,28.683129542000074],[77.33221,28.68312],[77.33227371900006,28.68306424600007],[77.33229,28.68305],[77.33248594800006,28.68292263400008],[77.33251,28.68285],[77.33272807200007,28.68214622200003],[77.33277906700005,28.682075058000066],[77.33307,28.68169],[77.33317,28.68156],[77.33299,28.6813],[77.33267,28.68086],[77.33265336900007,28.68084336900006],[77.33257,28.68076],[77.33219,28.68038],[77.33205,28.68025],[77.33191,28.68011],[77.33172,28.67985],[77.33131,28.67947],[77.33121,28.67935],[77.3311,28.67923],[77.33097,28.67909],[77.33085,28.67895],[77.33074,28.67883],[77.33062,28.67869],[77.33003,28.67822],[77.32981,28.67804],[77.32901,28.67792],[77.32757356300004,28.677713742000037],[77.32554142700008,28.677426292000064],[77.32505290300008,28.67735206800006],[77.3249,28.67733],[77.32454599700003,28.67727716400003],[77.32423,28.67723],[77.32377,28.67716],[77.32386,28.67648],[77.32383,28.67637],[77.32383,28.67627],[77.32383,28.676205176000053],[77.32387,28.6755],[77.32389,28.67514],[77.32393,28.6744],[77.32366,28.67346],[77.3236,28.67323],[77.32336,28.67239],[77.3233,28.67224],[77.32317,28.67177],[77.32311,28.67127],[77.32315,28.6708],[77.32321,28.6706],[77.32321,28.67051],[77.32319,28.67046],[77.32316,28.67042],[77.32312,28.67039],[77.32309,28.67032],[77.32309,28.67028],[77.32311,28.67023],[77.32321,28.67019],[77.32331,28.67012],[77.32337,28.67008],[77.32343,28.66998],[77.32329,28.66922],[77.32351,28.66869],[77.32322,28.66803],[77.32315,28.66772],[77.32313,28.66761],[77.32294,28.66729],[77.32211,28.66695],[77.32192,28.6668],[77.32181,28.66644],[77.32153,28.66586],[77.32125,28.66487],[77.32119,28.66459],[77.32114,28.66444],[77.3212,28.66424],[77.32118,28.66413],[77.32113,28.66369],[77.32107,28.66336],[77.32089,28.66241],[77.32075,28.66162],[77.32066,28.66114],[77.32062,28.66084],[77.32056,28.66036],[77.32049,28.65986],[77.32045,28.6596],[77.32041,28.6593],[77.32039,28.65915],[77.32031,28.65852],[77.32024,28.6577],[77.32014,28.65662],[77.32015,28.65602],[77.32018,28.65573],[77.32023,28.6552],[77.31997,28.65478],[77.31995,28.65441],[77.31994,28.65408],[77.31994,28.65377],[77.32008,28.65301],[77.32027,28.65172],[77.31971,28.65062],[77.31914,28.64938],[77.31869,28.64813],[77.31805,28.64649],[77.31778,28.64579],[77.31776,28.64572],[77.31767,28.64557],[77.31758,28.64543],[77.31747,28.64518],[77.31747,28.6451],[77.31742,28.64495],[77.31734,28.64467],[77.31729,28.64452],[77.3172,28.64432],[77.31685,28.6434],[77.31697,28.64332],[77.31643,28.64215],[77.3162,28.6418],[77.31598,28.64137],[77.31604,28.64132],[77.31599,28.64117],[77.31612,28.64108],[77.31723,28.64028],[77.31786,28.63981],[77.31851,28.63931],[77.3198,28.63827],[77.32101,28.63729],[77.32107,28.63724],[77.32164,28.63663],[77.32192,28.63634],[77.32209,28.63616],[77.32254,28.63566],[77.32269,28.63549],[77.32282,28.63536],[77.32303,28.6351],[77.32359,28.63447],[77.32426,28.63457],[77.32485,28.63403],[77.32556,28.6332],[77.32564,28.6331],[77.32595,28.63249],[77.32602,28.63244],[77.32624,28.63227],[77.32678,28.63222],[77.32726,28.63218],[77.32739,28.63216],[77.32841,28.63202],[77.32925,28.63181],[77.32971,28.63158],[77.32999,28.63146],[77.33015,28.63136],[77.33034,28.63125],[77.33042,28.63122],[77.33129,28.63166],[77.33396,28.63237],[77.33445,28.63239],[77.33569,28.63237],[77.33687,28.63234],[77.33713,28.63234],[77.33741,28.63234],[77.33742,28.63221],[77.33764,28.63218],[77.33796,28.63234],[77.33804,28.63233],[77.33822,28.63233],[77.33842,28.63233],[77.33869,28.63233],[77.33902,28.63233],[77.33944,28.63234],[77.33964,28.63234],[77.34056,28.63235],[77.34119,28.63236],[77.3424,28.63233],[77.34379,28.63233],[77.34419,28.63232],[77.34546,28.63231],[77.34585,28.6323],[77.34661,28.63228],[77.34729,28.63227],[77.34736,28.63227],[77.34743,28.63227],[77.34765,28.63226],[77.34906,28.63226],[77.34961,28.63226],[77.34974,28.63226],[77.35042,28.63228],[77.35101,28.63229],[77.35121,28.63229],[77.3524,28.63226],[77.35493,28.63225],[77.35523,28.63225],[77.35537,28.63225],[77.35564,28.63224],[77.35698,28.63223],[77.35974,28.63223],[77.3602,28.63223],[77.36035,28.63223],[77.36075,28.63223],[77.36294,28.63221],[77.36303,28.63221],[77.36313,28.63221],[77.36599,28.63218],[77.36708,28.63217],[77.36715,28.63217],[77.36724,28.63217],[77.36837,28.63217],[77.37147,28.63216],[77.37339,28.63215],[77.37366,28.63215],[77.37393,28.63215],[77.37406,28.63215],[77.37415,28.63215],[77.37452,28.63214],[77.37464,28.63214],[77.37513,28.63214],[77.37769,28.63213],[77.37808,28.63212],[77.37826,28.63212],[77.37863,28.63211],[77.37979,28.6321],[77.38093,28.63212],[77.3818,28.63221],[77.38217,28.63226],[77.38348,28.6325],[77.38425,28.63268],[77.38463,28.63279],[77.38579,28.63317],[77.38684,28.63348],[77.38862,28.63406],[77.39013,28.63452],[77.39046,28.63462],[77.39077,28.63472],[77.39311,28.63547],[77.39371,28.63565],[77.39391,28.63571],[77.39416,28.63567],[77.39458,28.6358],[77.39467,28.63595],[77.39499,28.63605],[77.39554,28.63622],[77.39612,28.63639],[77.39655,28.63651],[77.39711,28.6367],[77.39782,28.63695],[77.39931,28.6374],[77.39995,28.6376],[77.40079,28.63788],[77.40239,28.63839],[77.40352,28.63873],[77.40376,28.63834],[77.40423,28.63803],[77.4043,28.63798],[77.40439,28.63789],[77.4045,28.63776],[77.40458,28.63764],[77.40469,28.63746],[77.40471,28.63741],[77.40479,28.63716],[77.40485,28.63694],[77.40493,28.63676],[77.40504,28.63666],[77.40518,28.63649],[77.40525,28.63639],[77.40539,28.63618],[77.40582,28.63551],[77.40593,28.63531],[77.40602,28.63516],[77.40624,28.63489],[77.40646,28.63465],[77.40736,28.63369],[77.40738,28.63362],[77.40765,28.63396],[77.40776,28.63407],[77.40792,28.63405],[77.4085,28.6337],[77.40858,28.63368],[77.40865,28.6337],[77.40867,28.63371],[77.40887,28.63372],[77.40894,28.6337],[77.40902,28.63365],[77.40908,28.63363],[77.40912,28.63362],[77.40915,28.63361],[77.40917,28.63359],[77.40932,28.63354],[77.40936,28.63353],[77.40938,28.63352],[77.4094,28.63351],[77.40942,28.63351],[77.40943,28.6335],[77.4095,28.63345],[77.40951,28.63343],[77.40955,28.63341],[77.40956,28.6334],[77.40963,28.6333],[77.40964,28.63329],[77.40966,28.63326],[77.40967,28.63325],[77.40973,28.63318],[77.40974,28.63316],[77.40974,28.63314],[77.40976,28.63312],[77.40985,28.63299],[77.40986,28.63297],[77.40988,28.63294],[77.40995,28.63284],[77.41002,28.63273],[77.41009,28.63263],[77.4101,28.63262],[77.41092,28.63184],[77.41111,28.6317],[77.4115,28.63141],[77.41204,28.63101],[77.41227,28.63074],[77.41269,28.63025],[77.41294,28.62996],[77.41302,28.62987],[77.41307,28.62981],[77.41316,28.62979],[77.41337,28.62974],[77.41352,28.6297],[77.41368,28.62917],[77.41388,28.62844],[77.41399,28.6281],[77.41433,28.62703],[77.41443,28.62672],[77.41469,28.62584],[77.41524,28.62396],[77.41558,28.62284],[77.41564,28.62264],[77.41599,28.62147],[77.41634,28.62062],[77.41659,28.62018],[77.41719,28.61914],[77.41731,28.61896],[77.41737,28.61887],[77.41751,28.61903],[77.41784,28.61943],[77.41857,28.62028],[77.41863,28.62035],[77.41952,28.62155],[77.42028,28.62265],[77.42091,28.62351],[77.42145,28.62415],[77.42193,28.62452],[77.42205,28.62458],[77.42238,28.62473],[77.4231,28.6249],[77.4236,28.62501],[77.42391,28.62514],[77.42415,28.62526],[77.42432,28.62534],[77.42444,28.62546],[77.4245,28.62555],[77.42456,28.62569],[77.42469,28.62582],[77.42503,28.62607],[77.42514,28.62616],[77.42528,28.6262],[77.4255,28.6262],[77.4257,28.62614],[77.4258,28.62611],[77.4259,28.62613],[77.426,28.62623],[77.4261,28.62632],[77.42625,28.62636],[77.42655,28.62636],[77.42685,28.62635],[77.42729,28.6262],[77.42758,28.62611],[77.42773,28.62605],[77.42794,28.62591],[77.42807,28.62575],[77.42812,28.62555],[77.42828,28.62536],[77.42883,28.62499],[77.42929,28.62472],[77.4297,28.62435],[77.42999,28.62423],[77.43032,28.62414],[77.4305,28.62412],[77.43071,28.62418],[77.43102,28.62439],[77.43116,28.62445],[77.43127,28.62445],[77.43136,28.62438],[77.4314,28.62427],[77.43139,28.62421],[77.43137,28.62414],[77.43119,28.62387],[77.43114,28.62375],[77.43117,28.62364],[77.43144,28.62349],[77.43194,28.6233],[77.43261,28.62304],[77.43287,28.62289],[77.43318,28.6226],[77.43332,28.62236],[77.43341,28.62225],[77.4335,28.62224],[77.43363,28.62228],[77.43393,28.62241],[77.4342,28.62254],[77.43437,28.62257],[77.43465,28.62255],[77.43522,28.62238],[77.43552,28.62242],[77.43584,28.62253],[77.43632,28.62277],[77.43684,28.62324],[77.43701,28.62333],[77.43722,28.62334],[77.43748,28.62329],[77.43759,28.62325],[77.43768,28.62322],[77.43787,28.62313],[77.43872,28.62276],[77.43941,28.6225],[77.43995,28.62211],[77.44001,28.62206],[77.4403,28.62196],[77.44063,28.62193],[77.44109,28.62203],[77.44141,28.62213],[77.44159,28.6222],[77.44181,28.62222],[77.44209,28.62216],[77.4424,28.62201],[77.443,28.62191],[77.44326,28.6218],[77.44338,28.62167],[77.44341,28.62154],[77.44336,28.62138],[77.44321,28.62122],[77.44314,28.62109],[77.44314,28.62098],[77.44322,28.62087],[77.44392,28.62065],[77.44463,28.62044],[77.44497,28.62028],[77.44521,28.62004],[77.44536,28.61996],[77.44563,28.61998],[77.44601,28.6201],[77.44635,28.62019],[77.44647,28.62022],[77.44676,28.62033],[77.44696,28.6205],[77.44704,28.62059],[77.44715,28.62061],[77.44754,28.62047],[77.44804,28.62031],[77.44813,28.62028],[77.44837,28.62011],[77.44854,28.61983],[77.44855,28.61919],[77.44872,28.61872],[77.44916,28.61822],[77.44937,28.6181],[77.44944,28.61795],[77.44942,28.61781],[77.44935,28.61766],[77.44928,28.61753],[77.44931,28.61743],[77.44943,28.61738],[77.44965,28.61736],[77.45012,28.61733],[77.45032,28.61725],[77.45052,28.61708],[77.45068,28.61691],[77.45078,28.61688],[77.4509,28.61695],[77.45099,28.61712],[77.451,28.6173],[77.45109,28.61739],[77.45122,28.61742],[77.45139,28.61743],[77.45151,28.61755],[77.45154,28.61768],[77.4515,28.6179],[77.45155,28.61807],[77.45168,28.61819],[77.45194,28.61832],[77.45214,28.61842],[77.45236,28.61847],[77.45281,28.61837],[77.45367,28.61804],[77.45385,28.61797],[77.45465,28.61778],[77.45545,28.61726],[77.45622,28.61686],[77.45665,28.61642],[77.45705,28.61622],[77.45754,28.6162],[77.45796,28.61619],[77.4585,28.61624],[77.45891,28.61633],[77.45934,28.61668],[77.45971,28.61697],[77.46009,28.61708],[77.46058,28.61706],[77.46107,28.61675],[77.46135,28.61671],[77.46165,28.61678],[77.46191,28.61695],[77.46239,28.61723],[77.46312,28.61748],[77.46341,28.61758],[77.46413,28.61797],[77.46487,28.61863],[77.4654,28.61923],[77.4657,28.6194],[77.46612,28.61942],[77.46658,28.61945],[77.46709,28.61966],[77.46763,28.62001],[77.46789,28.62021],[77.47003,28.61772],[77.47148,28.61605],[77.47157,28.61611],[77.47225,28.6166],[77.47255,28.61681],[77.47352,28.61749],[77.47368,28.6176],[77.47381,28.61768],[77.47483,28.61835],[77.47514,28.61863],[77.47579,28.61923],[77.4759,28.61932],[77.4767,28.62],[77.477,28.62025],[77.47729,28.6205],[77.47772,28.62086],[77.47818,28.62125],[77.47838,28.62142],[77.47859,28.62161],[77.47869,28.62171],[77.47987,28.62285],[77.47993,28.62291],[77.48139,28.62435],[77.48142,28.62437],[77.48155,28.6245],[77.48166,28.62462],[77.48213,28.62511],[77.48227,28.62525],[77.48272,28.62572],[77.48316,28.62618],[77.48359,28.62663],[77.48402,28.62707],[77.48472,28.62741],[77.48538,28.62733],[77.48566,28.62729],[77.48599,28.62725],[77.48601,28.62724],[77.48643,28.62711],[77.48691,28.62695],[77.4872,28.62674],[77.48767,28.6264],[77.48862,28.62572],[77.48946,28.62511],[77.49014,28.62465],[77.4905,28.62441],[77.4921,28.62334],[77.49328,28.62286],[77.49493,28.6226],[77.49676,28.62302],[77.49688,28.62298],[77.49695,28.62309],[77.49871,28.62394],[77.49905,28.62413],[77.49966,28.62448],[77.50098,28.625],[77.50199,28.62505],[77.50214,28.62506],[77.50263,28.62498],[77.50316,28.62489],[77.50344,28.62485],[77.5045,28.62468],[77.50479,28.62457],[77.50523,28.6244],[77.50605,28.62409],[77.50708,28.62335],[77.50736,28.62314],[77.50802,28.62264],[77.5085,28.62212],[77.50865,28.62192],[77.50869,28.62187],[77.5089,28.62148],[77.50928,28.62112],[77.50958,28.6209],[77.51006,28.62055],[77.51022,28.62043],[77.51055,28.62022],[77.51134,28.61971],[77.51301,28.61874],[77.51321,28.61862],[77.51421,28.61803],[77.51485,28.61766],[77.51497,28.61759],[77.51614,28.61661],[77.51649,28.61631],[77.51678,28.61604],[77.51749,28.61539],[77.51764,28.61525],[77.51798,28.61485],[77.51853,28.6142],[77.51871,28.61395],[77.51904,28.61348],[77.51973,28.6128],[77.51978,28.61276],[77.52063,28.61214],[77.52185,28.6115],[77.52267,28.61131],[77.52315,28.61128],[77.52339,28.61127],[77.52449,28.61126],[77.52509,28.61126],[77.52596,28.61145],[77.52635,28.61168],[77.52646,28.61174],[77.52658,28.61183],[77.52704,28.61222],[77.52744,28.61264],[77.52777,28.61316],[77.52812,28.61375],[77.52816,28.61383],[77.52843,28.61525],[77.52848,28.61544],[77.52849,28.61551],[77.52849,28.61559],[77.5285,28.61643],[77.5285,28.61687],[77.52846,28.61715],[77.52839,28.6176],[77.52839,28.61763],[77.52836,28.61783],[77.52827,28.6181],[77.52793,28.61905],[77.52786,28.61913],[77.52778,28.61923],[77.52726,28.61986],[77.52716,28.61999],[77.52669,28.62054],[77.52647,28.6208],[77.52628,28.62104],[77.52625,28.62108],[77.52589,28.62156],[77.52568,28.62184],[77.52555,28.62205],[77.52531,28.62246],[77.52506,28.62287],[77.52483,28.62328],[77.52467,28.62357],[77.52462,28.62382],[77.52457,28.62403],[77.5244,28.62484],[77.52458,28.62482],[77.52534,28.62474],[77.52587,28.62468],[77.52806,28.62445],[77.52859,28.6238],[77.52877,28.62358],[77.52903,28.62326],[77.52937,28.62285],[77.52948,28.62272],[77.52999,28.6221],[77.53054,28.62143],[77.53096,28.62092],[77.53119,28.62064],[77.53124,28.62058],[77.53128,28.62053],[77.53462,28.61648],[77.53489,28.61615],[77.53977,28.61544],[77.54118,28.61524],[77.54129,28.61544],[77.54154,28.61593],[77.54214,28.61729],[77.54275,28.6184],[77.54309,28.61879],[77.54377,28.61923],[77.54478,28.61936],[77.54485,28.61937],[77.545,28.61939],[77.54588,28.6193],[77.54629,28.61919],[77.5469,28.61898],[77.54785,28.61865],[77.55051,28.61751],[77.55113,28.61755],[77.55124,28.61777],[77.55133,28.61864],[77.55135,28.6188],[77.55134,28.61972],[77.55138,28.62],[77.55139,28.62017],[77.55147,28.62049],[77.5516,28.62134],[77.55152,28.62294],[77.55148,28.62332],[77.5514,28.62441],[77.55127,28.62507],[77.55108,28.6257],[77.55052,28.62683],[77.55028,28.62743],[77.55005,28.62795],[77.54989,28.62837],[77.54966,28.62905],[77.54949,28.6299],[77.54947,28.63075],[77.54946,28.63107],[77.54945,28.63159],[77.5493,28.6325],[77.54902,28.63323],[77.54867,28.63387],[77.54825,28.63435],[77.54797,28.63457],[77.54756,28.63489],[77.547,28.63528],[77.54637,28.6355],[77.54574,28.63589],[77.5452,28.63616],[77.5451,28.63612],[77.54496,28.63622],[77.54468,28.63643],[77.54415,28.63671],[77.54362,28.63698],[77.54346,28.63707],[77.54307,28.63729],[77.54277,28.63746],[77.54253,28.63759],[77.5422,28.63777],[77.54194,28.63792],[77.54146,28.6382],[77.54107,28.63842],[77.5409,28.6385],[77.5408,28.63853],[77.539,28.63923],[77.53788,28.63953],[77.53725,28.63969],[77.53637,28.63971],[77.53602,28.63972],[77.53505,28.63975],[77.53461,28.63986],[77.53443,28.63996],[77.53426,28.64037],[77.53418,28.64055],[77.53421,28.64123],[77.53431,28.64171],[77.53447,28.64225],[77.5348,28.64333],[77.53501,28.6442],[77.53517,28.64462],[77.53529,28.64496],[77.5354,28.646],[77.53553,28.64716],[77.53554,28.64726],[77.53559,28.64849],[77.5356,28.64882],[77.5356,28.64888],[77.53559,28.64931],[77.53558,28.64977],[77.53556,28.6505],[77.53549,28.65078],[77.53538,28.65119],[77.53527,28.65161],[77.53517,28.65202],[77.53514,28.65226],[77.53496,28.65354],[77.53499,28.65439],[77.53528,28.65514],[77.53541,28.65558],[77.53607,28.65785],[77.53609,28.65792],[77.53627,28.65869],[77.53637,28.65907],[77.53656,28.65962],[77.53683,28.66018],[77.53712,28.66092],[77.53749,28.66166],[77.53764,28.66179],[77.53793,28.66203],[77.53819,28.66218],[77.5385,28.66236],[77.53961,28.66266],[77.53995,28.66275],[77.54073,28.66283],[77.54176,28.66282],[77.54289,28.6629],[77.54358,28.66308],[77.54411,28.66336],[77.54449,28.6636],[77.54499,28.66391],[77.5455,28.66414],[77.54577,28.66427],[77.54656,28.66464],[77.54742,28.66473],[77.54812,28.66482],[77.54855,28.66491],[77.54924,28.6651],[77.55037,28.66538],[77.5516,28.6662],[77.55249,28.66679],[77.55329,28.66762],[77.55349,28.66788],[77.55403,28.66859],[77.55466,28.66991],[77.55589,28.67319],[77.55673,28.67492],[77.5571,28.67583],[77.55713,28.6759],[77.55728,28.6762],[77.55748,28.67664],[77.55757,28.67682],[77.55789,28.67736],[77.55813,28.67776],[77.55821,28.67791],[77.55829,28.67802],[77.55855,28.67837],[77.55893,28.67889],[77.55921,28.67927],[77.5601,28.68017],[77.56073,28.68062],[77.56162,28.68126],[77.56224,28.68158],[77.5625,28.68171],[77.56274,28.68187],[77.5631,28.68211],[77.56357,28.68244],[77.56448,28.68258],[77.56532,28.68272],[77.56657,28.68248],[77.56726,28.68231],[77.5682,28.68196],[77.56881,28.68188],[77.57029,28.68189],[77.5717,28.68209],[77.57273,28.68229],[77.57319,28.68238],[77.57408,28.68266],[77.57421,28.68268],[77.57478,28.68276],[77.57549,28.68286],[77.57636,28.68288],[77.57678,28.68288],[77.57713,28.68289],[77.57733,28.68289],[77.57802,28.68282],[77.579,28.68236],[77.57908,28.68228],[77.57963,28.68169],[77.58067,28.68135],[77.5811,28.68127],[77.58182,28.68135],[77.58216,28.68139],[77.5826,28.68149],[77.58304,28.68159],[77.58341,28.68186],[77.58348,28.68195],[77.58379,28.68232],[77.58425,28.68277],[77.58518,28.68368],[77.5865,28.68531],[77.58748,28.68654],[77.58802,28.68721],[77.58867,28.68793],[77.58877,28.68801],[77.58923,28.68839],[77.58978,28.68875],[77.59033,28.68912],[77.59105,28.68975],[77.59117,28.68985],[77.59164,28.6903],[77.59248,28.69103],[77.59332,28.69176],[77.5941,28.69237],[77.59425,28.69249],[77.59508,28.69304],[77.59551,28.69332],[77.5956,28.69338],[77.59571,28.69361],[77.59595,28.69368],[77.59605,28.69371],[77.59628,28.69378],[77.59693,28.69397],[77.59747,28.69416],[77.5975,28.69417],[77.59802,28.69436],[77.59848,28.69455],[77.59852,28.69457],[77.59894,28.69473],[77.5994,28.69493],[77.59983,28.6951],[77.6001,28.69522],[77.60032,28.69531],[77.60088,28.69559],[77.60145,28.69604],[77.60173,28.69623],[77.60377,28.69726],[77.60565,28.69823],[77.60633,28.69854],[77.6075,28.69907],[77.60793,28.69926],[77.6081,28.69942],[77.60789,28.69938],[77.60771,28.69934],[77.60762,28.69932],[77.60731,28.69927],[77.60614,28.69906],[77.60609,28.69919],[77.60581,28.7],[77.60527,28.70148],[77.60475,28.70293],[77.60605,28.70307],[77.61235,28.70371],[77.61246,28.70428],[77.61256,28.70498],[77.61279,28.70575],[77.61295,28.70626],[77.61304,28.70677],[77.61318,28.70704],[77.61347,28.70749],[77.61369,28.70775],[77.61372,28.70778],[77.6139,28.70801],[77.61405,28.70834],[77.61399,28.70865],[77.61396,28.70899],[77.61394,28.70916],[77.61377,28.70956],[77.61355,28.70971],[77.61275,28.71006],[77.61255,28.71012],[77.61208,28.71029],[77.61277,28.71034],[77.61372,28.71055],[77.61386,28.71058],[77.61431,28.71071],[77.61461,28.71089],[77.6151,28.71119],[77.61556,28.71152],[77.61602,28.71195],[77.61759,28.71333],[77.61836,28.71384],[77.61881,28.71411],[77.61931,28.71437],[77.62019,28.71492],[77.62061,28.71529],[77.62103,28.71561],[77.62138,28.71594],[77.62148,28.71605],[77.62157,28.71616],[77.62173,28.71633],[77.62211,28.71679],[77.62269,28.71727],[77.62342,28.71758],[77.62441,28.71787],[77.62482,28.71792],[77.62528,28.71787],[77.62568,28.71777],[77.62587,28.71772],[77.62605,28.71767],[77.6263,28.71755],[77.62658,28.71742],[77.6269,28.71723],[77.6271,28.71699],[77.62723,28.71682],[77.62736,28.71667],[77.62753,28.71641],[77.62759,28.7163],[77.62775,28.71599],[77.62793,28.71562],[77.62807,28.71539],[77.62827,28.71521],[77.62852,28.71508],[77.62878,28.71506],[77.62902,28.71505],[77.62941,28.71505],[77.62977,28.71507],[77.63072,28.71536],[77.63133,28.71557],[77.63208,28.71591],[77.63256,28.71609],[77.6328,28.71619],[77.6331,28.7163],[77.63336,28.71638],[77.63371,28.71648],[77.63442,28.71677],[77.63498,28.717],[77.63566,28.71722],[77.63617,28.71732],[77.6363,28.71735],[77.6366,28.7174],[77.63661,28.71736],[77.63663,28.7172],[77.63666,28.71703],[77.63672,28.71669],[77.63685,28.71603],[77.6369,28.71575],[77.63695,28.71547],[77.63699,28.71521],[77.63701,28.71506],[77.63702,28.71492],[77.63703,28.71478],[77.63704,28.71464],[77.63704,28.71451],[77.63704,28.71439],[77.63703,28.71426],[77.63703,28.71414],[77.637,28.71387],[77.63696,28.7133],[77.63694,28.71311],[77.63693,28.71295],[77.6369,28.71276],[77.63687,28.71251],[77.63685,28.71242],[77.63682,28.71227],[77.63678,28.71211],[77.63674,28.71196],[77.6367,28.71181],[77.63665,28.71167],[77.63659,28.71154],[77.63653,28.71141],[77.63647,28.71129],[77.6364,28.71118],[77.63636,28.71112],[77.63632,28.71107],[77.63628,28.71101],[77.63623,28.71095],[77.63618,28.7109],[77.63613,28.71084],[77.63607,28.71079],[77.63601,28.71073],[77.63589,28.71062],[77.63574,28.7105],[77.63561,28.7104],[77.63522,28.7101],[77.63511,28.71001],[77.63501,28.70992],[77.6349,28.70983],[77.6348,28.70973],[77.63471,28.70964],[77.63463,28.70956],[77.63454,28.70944],[77.63448,28.70937],[77.63434,28.70919],[77.63425,28.70906],[77.63415,28.70892],[77.63406,28.70878],[77.63397,28.70863],[77.63388,28.70848],[77.63378,28.70833],[77.63369,28.70816],[77.6336,28.70799],[77.63353,28.70786],[77.6334,28.70761],[77.63331,28.70743],[77.63327,28.70734],[77.63308,28.70696],[77.63298,28.70675],[77.63283,28.70644],[77.6327,28.70618],[77.63258,28.70592],[77.63255,28.70586],[77.63247,28.70568],[77.63241,28.70552],[77.63234,28.70536],[77.63229,28.70522],[77.63223,28.70506],[77.63219,28.7049],[77.63215,28.70475],[77.63211,28.70461],[77.63209,28.70447],[77.63207,28.70433],[77.63205,28.7042],[77.63204,28.70406],[77.63204,28.70393],[77.63205,28.7038],[77.63206,28.7037],[77.63206,28.70366],[77.63207,28.70352],[77.63209,28.70338],[77.63211,28.70323],[77.63214,28.70309],[77.63217,28.70294],[77.63221,28.70278],[77.63225,28.70263],[77.6323,28.70247],[77.63235,28.70231],[77.63241,28.70215],[77.63247,28.70198],[77.63252,28.70187],[77.63254,28.70182],[77.63261,28.70165],[77.63268,28.7015],[77.63274,28.70135],[77.63281,28.7012],[77.63289,28.70107],[77.63296,28.70093],[77.63303,28.7008],[77.6331,28.70068],[77.63318,28.70055],[77.63326,28.70044],[77.63333,28.70032],[77.63341,28.70021],[77.63349,28.70011],[77.63358,28.70001],[77.63366,28.69991],[77.63374,28.69982],[77.63383,28.69973],[77.6339,28.69966],[77.63398,28.69959],[77.63406,28.69952],[77.63414,28.69945],[77.63423,28.69938],[77.63432,28.69931],[77.63441,28.69924],[77.63451,28.69917],[77.6346,28.6991],[77.63471,28.69903],[77.63479,28.69898],[77.63482,28.69896],[77.63493,28.69889],[77.63516,28.69875],[77.6354,28.69861],[77.63551,28.69855],[77.63563,28.6985],[77.63575,28.69844],[77.63583,28.6984],[77.63587,28.69838],[77.636,28.69833],[77.63613,28.69827],[77.63626,28.69822],[77.6364,28.69816],[77.63654,28.69811],[77.63668,28.69806],[77.63683,28.69801],[77.63699,28.69796],[77.63715,28.69791],[77.63732,28.69786],[77.63767,28.69776],[77.63792,28.69769],[77.63815,28.69763],[77.63837,28.69758],[77.63858,28.69753],[77.63878,28.69748],[77.63897,28.69744],[77.6392,28.6974],[77.63935,28.69738],[77.63953,28.69735],[77.6397,28.69733],[77.63988,28.69731],[77.64005,28.6973],[77.64021,28.69729],[77.64037,28.69728],[77.64053,28.69728],[77.64069,28.69728],[77.64081,28.69729],[77.64093,28.6973],[77.64105,28.69731],[77.64118,28.69732],[77.64131,28.69734],[77.64144,28.69736],[77.64158,28.69738],[77.64172,28.6974],[77.64186,28.69743],[77.642,28.69746],[77.64231,28.69753],[77.64266,28.69762],[77.64293,28.69769],[77.64316,28.69775],[77.64355,28.69785],[77.64384,28.69793],[77.64414,28.69802],[77.64433,28.69808],[77.64455,28.69815],[77.64476,28.69823],[77.64495,28.69831],[77.64514,28.69839],[77.64525,28.69845],[77.64537,28.69851],[77.64549,28.69858],[77.64562,28.69866],[77.64574,28.69875],[77.64587,28.69884],[77.64601,28.69895],[77.64636,28.69921],[77.64651,28.69932],[77.64662,28.69939],[77.64674,28.69948],[77.64686,28.69955],[77.64697,28.69962],[77.64708,28.69968],[77.6472,28.69974],[77.64732,28.69979],[77.64744,28.69985],[77.64757,28.69991],[77.6477,28.69996],[77.64784,28.70001],[77.64799,28.70007],[77.64814,28.70012],[77.64839,28.70021],[77.64868,28.7003],[77.64896,28.70038],[77.64972,28.70061],[77.64994,28.70068],[77.65014,28.70074],[77.6502,28.70076],[77.65101,28.70103],[77.6513,28.70112],[77.65167,28.70124],[77.65187,28.7013],[77.65201,28.70134],[77.65217,28.70139],[77.65235,28.70145],[77.65267,28.70154],[77.65298,28.70162],[77.65327,28.7017],[77.65383,28.70183],[77.65423,28.70193],[77.65459,28.70201],[77.65474,28.70204],[77.65492,28.70208],[77.65525,28.70214],[77.65555,28.70219],[77.6557,28.70221],[77.65585,28.70223],[77.65599,28.70225],[77.65613,28.70226],[77.65652,28.7023],[77.65687,28.70233],[77.65719,28.70235],[77.65749,28.70237],[77.65778,28.70238],[77.65806,28.70239],[77.65832,28.70239],[77.65858,28.70238],[77.65883,28.70237],[77.65908,28.70235],[77.65939,28.70231],[77.65954,28.70229],[77.65965,28.70228],[77.65976,28.70226],[77.65986,28.70224],[77.65997,28.70221],[77.66007,28.70219],[77.66017,28.70216],[77.66027,28.70214],[77.66037,28.70211],[77.66045,28.70208],[77.66054,28.70205],[77.66063,28.70202],[77.66072,28.70198],[77.6609,28.70191],[77.6611,28.70182],[77.66126,28.70173],[77.66145,28.70164],[77.66202,28.70133],[77.66221,28.70122],[77.66238,28.70114],[77.66253,28.70106],[77.66294,28.70087],[77.66333,28.70067],[77.66393,28.70038],[77.66417,28.70027],[77.66446,28.70013],[77.66476,28.69999],[77.66503,28.69987],[77.6653,28.69975],[77.66555,28.69964],[77.66592,28.69949],[77.66624,28.69936],[77.66654,28.69925],[77.66681,28.69914],[77.66706,28.69905],[77.66733,28.69895],[77.66758,28.69886],[77.66782,28.69879],[77.66843,28.69859],[77.66866,28.69852],[77.66891,28.69844],[77.66913,28.69838],[77.66925,28.69835],[77.66936,28.69832],[77.66947,28.6983],[77.66958,28.69827],[77.66968,28.69825],[77.66979,28.69824],[77.66989,28.69822],[77.66998,28.69821],[77.6702,28.69819],[77.67042,28.69817],[77.67064,28.69817],[77.67086,28.69816],[77.67109,28.69817],[77.67131,28.69818],[77.67154,28.6982],[77.67176,28.69822],[77.67198,28.69825],[77.6722,28.69828],[77.67241,28.69832],[77.67262,28.69837],[77.67282,28.69842],[77.67302,28.69848],[77.67322,28.69854],[77.6734,28.69861],[77.67361,28.69869],[77.67378,28.69875],[77.67393,28.69882],[77.67407,28.69888],[77.6742,28.69894],[77.67432,28.699],[77.67444,28.69906],[77.67452,28.69911],[77.67454,28.69912],[77.67465,28.69918],[77.67474,28.69924],[77.67483,28.6993],[77.67492,28.69937],[77.67499,28.69944],[77.67507,28.6995],[77.67513,28.69957],[77.67519,28.69964],[77.67523,28.6997],[77.67528,28.69976],[77.67532,28.69982],[77.67536,28.69989],[77.6754,28.69996],[77.67544,28.70003],[77.67547,28.7001],[77.67551,28.70017],[77.67554,28.70024],[77.67557,28.70032],[77.6756,28.70039],[77.67562,28.70047],[77.67564,28.70054],[77.67566,28.70062],[77.67568,28.70072],[77.67569,28.70076],[77.67571,28.70087],[77.67572,28.70098],[77.67572,28.70109],[77.67572,28.70121],[77.67572,28.70132],[77.67572,28.70137],[77.67571,28.70143],[77.6757,28.70154],[77.67568,28.70165],[77.67566,28.70176],[77.67563,28.70186],[77.6756,28.70195],[77.67558,28.70199],[77.67556,28.70205],[77.67552,28.70214],[77.67548,28.70222],[77.67543,28.7023],[77.67538,28.70238],[77.67535,28.70242],[77.67532,28.70246],[77.67528,28.7025],[77.67524,28.70254],[77.67515,28.70262],[77.67505,28.7027],[77.67495,28.70279],[77.67482,28.70287],[77.67468,28.70297],[77.67447,28.7031],[77.67438,28.70315],[77.67428,28.7032],[77.67417,28.70325],[77.67405,28.7033],[77.67396,28.70333],[77.67394,28.70334],[77.67382,28.70338],[77.67343,28.70351],[77.67329,28.70356],[77.67317,28.7036],[77.67305,28.70365],[77.67295,28.70369],[77.67286,28.70374],[77.67277,28.70378],[77.67269,28.70383],[77.67258,28.70391],[77.6725,28.70396],[77.67247,28.70398],[77.67237,28.70406],[77.67226,28.70414],[77.67216,28.70423],[77.67205,28.70432],[77.67195,28.70441],[77.67185,28.7045],[77.67173,28.70462],[77.67163,28.70473],[77.67154,28.70483],[77.67145,28.70492],[77.67137,28.70501],[77.6713,28.7051],[77.67123,28.70519],[77.67116,28.70527],[77.67111,28.70536],[77.67105,28.70544],[77.671,28.70552],[77.67096,28.70561],[77.67092,28.70569],[77.67089,28.70576],[77.67086,28.70584],[77.67084,28.70592],[77.67082,28.70601],[77.6708,28.7061],[77.67078,28.7062],[77.67077,28.70629],[77.67077,28.70631],[77.67076,28.70639],[77.67076,28.70648],[77.67076,28.70657],[77.67076,28.70666],[77.67076,28.70668],[77.67077,28.70675],[77.67077,28.70684],[77.67079,28.70692],[77.6708,28.707],[77.67082,28.70708],[77.67085,28.70715],[77.67087,28.70722],[77.6709,28.70728],[77.67093,28.70734],[77.67097,28.70739],[77.67101,28.70744],[77.67105,28.7075],[77.6711,28.70755],[77.67115,28.7076],[77.67121,28.70765],[77.67128,28.70771],[77.6714,28.70779],[77.67154,28.70789],[77.67168,28.70798],[77.67204,28.7082],[77.67214,28.70826],[77.67222,28.70832],[77.67232,28.70839],[77.67244,28.70846],[77.67256,28.70853],[77.67269,28.7086],[77.67281,28.70866],[77.67295,28.70873],[77.6734,28.70895],[77.67351,28.709],[77.67375,28.70912],[77.6739,28.7092],[77.67398,28.70925],[77.67409,28.70932],[77.67413,28.70934],[77.6742,28.70939],[77.67426,28.70944],[77.67429,28.70946],[77.67432,28.70949],[77.67438,28.70953],[77.67444,28.70958],[77.6746,28.70972],[77.67475,28.70987],[77.67489,28.71001],[77.67503,28.71016],[77.67516,28.71031],[77.67528,28.71045],[77.67534,28.71052],[77.67539,28.71059],[77.67549,28.71074],[77.67561,28.71092],[77.67567,28.71102],[77.67574,28.71116],[77.67581,28.7113],[77.67586,28.7114],[77.67589,28.7115],[77.67591,28.71156],[77.67593,28.71163],[77.67595,28.7117],[77.67597,28.71176],[77.67598,28.71183],[77.67599,28.71189],[77.676,28.71197],[77.67602,28.71211],[77.67604,28.71225],[77.67605,28.71239],[77.67605,28.71252],[77.67605,28.71265],[77.67604,28.71286],[77.67602,28.71296],[77.67601,28.71304],[77.676,28.71311],[77.67598,28.71321],[77.67595,28.7133],[77.67591,28.71339],[77.67587,28.71348],[77.67583,28.71356],[77.67578,28.71363],[77.67574,28.71368],[77.6757,28.71373],[77.67565,28.71377],[77.67561,28.71381],[77.67555,28.71387],[77.6755,28.71392],[77.67544,28.71397],[77.67537,28.71402],[77.6753,28.71406],[77.67523,28.71411],[77.67516,28.71416],[77.67508,28.71421],[77.67499,28.71425],[77.67491,28.7143],[77.67473,28.71439],[77.67463,28.71444],[77.67457,28.71447],[77.67454,28.71448],[77.67444,28.71451],[77.67433,28.71455],[77.67423,28.71458],[77.67411,28.71461],[77.67403,28.71463],[77.674,28.71464],[77.67387,28.71467],[77.67375,28.71469],[77.67362,28.71471],[77.67348,28.71473],[77.67334,28.71475],[77.67319,28.71476],[77.67303,28.71478],[77.67285,28.71479],[77.67266,28.7148],[77.6725,28.71481],[77.67235,28.71482],[77.67221,28.71482],[77.67206,28.71482],[77.67192,28.71481],[77.67179,28.71481],[77.67165,28.7148],[77.67152,28.71479],[77.67142,28.71478],[77.67131,28.71475],[77.6712,28.71473],[77.67094,28.71467],[77.6708,28.71464],[77.67073,28.71463],[77.67067,28.71462],[77.6706,28.71462],[77.67054,28.71462],[77.67046,28.71462],[77.67037,28.71462],[77.67028,28.71462],[77.67061,28.71538],[77.67085,28.7154],[77.67135,28.71543],[77.67168,28.71549],[77.67206,28.71563],[77.67225,28.71576],[77.67245,28.71593],[77.67265,28.71614],[77.67285,28.7163],[77.67316,28.71662],[77.6733,28.71676],[77.67365,28.71713],[77.67394,28.71738],[77.67424,28.71759],[77.67472,28.71789],[77.67506,28.71807],[77.67573,28.71827],[77.67772,28.719],[77.67825,28.71919],[77.68151,28.72038],[77.68192,28.72014],[77.68244,28.72005],[77.68348,28.71969],[77.68407,28.71959],[77.6851,28.71957],[77.68605,28.71961],[77.68648,28.71964],[77.68688,28.71971],[77.68753,28.71983],[77.68784,28.71993],[77.68852,28.72015],[77.68897,28.72037],[77.68955,28.72088],[77.69032,28.72219],[77.6909,28.72336],[77.69094,28.7237],[77.69107,28.7241],[77.69112,28.72451],[77.6911,28.72511],[77.69108,28.72571],[77.69089,28.72637],[77.69076,28.72691],[77.69075,28.72765],[77.69064,28.72839],[77.69064,28.72882],[77.69072,28.7292],[77.69097,28.72981],[77.69134,28.73063],[77.69158,28.73117],[77.69194,28.73185],[77.69202,28.73195],[77.69241,28.73235],[77.69262,28.73257],[77.69327,28.73323],[77.69336,28.73332],[77.69385,28.73387],[77.69442,28.73451],[77.69463,28.73464],[77.69874,28.73727],[77.70014,28.73807],[77.70144,28.73859],[77.70233,28.73874],[77.70336,28.73882],[77.70414,28.73879]]]}},{"type":"Feature","properties":{"canonical_city_id":"delhi_ncr","component_id":"noida_greater_noida","district_name":"Gautam Buddha Nagar","source_shape_id":"76128533B34462889864078","source":"geoBoundaries gbOpen IND ADM2","boundary_year":"2021"},"geometry":{"type":"Polygon","coordinates":[[[77.48384,28.07817],[77.48568,28.0782],[77.48655,28.07822],[77.49175,28.07832],[77.49373,28.07807],[77.49544,28.07786],[77.49588,28.0778],[77.49723,28.07763],[77.50091,28.07601],[77.50159,28.07571],[77.50443,28.07588],[77.50591,28.07597],[77.50668,28.07602],[77.50801,28.0761],[77.51845,28.07969],[77.5189,28.07984],[77.52245,28.07836],[77.52338,28.07797],[77.52417,28.07764],[77.52454,28.07748],[77.52607,28.07684],[77.52651,28.07666],[77.52732,28.07692],[77.52901,28.07745],[77.52953,28.07761],[77.53037,28.07787],[77.53164,28.07827],[77.53217,28.07844],[77.53261,28.07858],[77.5331,28.07873],[77.53415,28.07906],[77.53459,28.0792],[77.5347,28.07923],[77.53952,28.08068],[77.54141,28.08037],[77.54345,28.07997],[77.54435,28.07979],[77.54985,28.07872],[77.55518,28.07943],[77.55863,28.07939],[77.56006,28.07941],[77.56252,28.0794],[77.56698,28.07937],[77.56948,28.07936],[77.5698,28.07935],[77.5701,28.07935],[77.57039,28.07936],[77.57318,28.07934],[77.57547,28.08043],[77.57579,28.08059],[77.57602,28.0807],[77.57698,28.08116],[77.57882,28.08359],[77.5789,28.0837],[77.57937,28.08432],[77.57954,28.08455],[77.57965,28.08469],[77.58034,28.08561],[77.58105,28.08655],[77.58195,28.08774],[77.58304,28.08918],[77.58321,28.08941],[77.58438,28.09097],[77.58444,28.09101],[77.5854,28.09159],[77.58748,28.09286],[77.58973,28.09424],[77.59267,28.09603],[77.59639,28.09658],[77.597,28.09719],[77.59735,28.09754],[77.59777,28.09796],[77.59828,28.09847],[77.59894,28.09885],[77.59914,28.09896],[77.60002,28.09946],[77.60008,28.09949],[77.60179,28.10046],[77.60309,28.10119],[77.60928,28.10835],[77.6099,28.10761],[77.61525,28.1013],[77.61587,28.10201],[77.61979,28.09468],[77.61992,28.09445],[77.62403,28.09721],[77.62754,28.09755],[77.63063,28.09784],[77.63295,28.09805],[77.63547,28.09753],[77.64226,28.09368],[77.64302,28.0937],[77.64482,28.09374],[77.64589,28.09501],[77.64751,28.09694],[77.64913,28.10172],[77.65209,28.10297],[77.65279,28.10326],[77.65367,28.10363],[77.65408,28.10381],[77.65635,28.10762],[77.65776,28.10999],[77.65788,28.11019],[77.65832,28.11092],[77.65869,28.11155],[77.65894,28.11191],[77.66082,28.11143],[77.66145,28.11126],[77.66285,28.1109],[77.6647,28.1099],[77.66592,28.10923],[77.66753,28.10908],[77.66941,28.10891],[77.67019,28.10884],[77.67264,28.10861],[77.67449,28.10844],[77.67731,28.11186],[77.68425,28.12027],[77.68574,28.12208],[77.68892,28.12593],[77.68923,28.12763],[77.68932,28.12812],[77.69078,28.13612],[77.69078,28.13614],[77.69031,28.1465],[77.6876,28.15568],[77.68629,28.16011],[77.68472,28.16261],[77.68436,28.16319],[77.68074,28.16896],[77.67922,28.17138],[77.67717,28.17465],[77.67052,28.18177],[77.6688,28.18879],[77.66843,28.19035],[77.66784,28.19274],[77.66742,28.19445],[77.66776,28.19979],[77.66814,28.20564],[77.66819,28.20637],[77.66826,28.20741],[77.66897,28.21851],[77.66927,28.22299],[77.66969,28.22957],[77.67005,28.23512],[77.66928,28.241],[77.66662,28.24395],[77.6662,28.24525],[77.66442,28.24573],[77.65799,28.24657],[77.65165,28.24657],[77.65012,28.2466],[77.6454,28.24668],[77.64283,28.24672],[77.63752,28.24958],[77.6368,28.24997],[77.63674,28.25005],[77.63247,28.25569],[77.63105,28.259],[77.63015,28.26111],[77.63012,28.26121],[77.62981,28.26219],[77.62603,28.27427],[77.6259,28.27468],[77.62548,28.27601],[77.62537,28.27637],[77.6247,28.2785],[77.62456,28.27895],[77.62442,28.2794],[77.62334,28.2804],[77.61407,28.28895],[77.61458,28.29886],[77.61468,28.3007],[77.6184,28.30627],[77.61947,28.30684],[77.6275,28.3111],[77.62768,28.31122],[77.62807,28.31187],[77.63094,28.31665],[77.63139,28.3174],[77.63139,28.32234],[77.63139,28.32297],[77.63139,28.32792],[77.63256,28.33403],[77.63377,28.34033],[77.63413,28.34216],[77.63446,28.34391],[77.63448,28.34401],[77.63642,28.3493],[77.6405,28.36041],[77.64129,28.36257],[77.64237,28.36701],[77.64475,28.37686],[77.64491,28.3775],[77.64497,28.37773],[77.64506,28.37811],[77.64624,28.38298],[77.64477,28.3855],[77.64422,28.38644],[77.64408,28.38667],[77.64342,28.3878],[77.64322,28.38815],[77.64278,28.38891],[77.63955,28.39443],[77.63869,28.3959],[77.63688,28.39887],[77.63528,28.40151],[77.63391,28.40376],[77.63369,28.40414],[77.63451,28.40519],[77.63525,28.40615],[77.63526,28.40624],[77.63567,28.40684],[77.63588,28.40844],[77.63593,28.4093],[77.63593,28.40944],[77.63594,28.40964],[77.63587,28.41062],[77.63583,28.41113],[77.63569,28.41176],[77.63509,28.41309],[77.6346,28.41422],[77.63391,28.41545],[77.63351,28.41617],[77.63309,28.41693],[77.63293,28.41721],[77.63254,28.4179],[77.63222,28.41837],[77.63172,28.4191],[77.63107,28.41991],[77.63025,28.42093],[77.62981,28.42154],[77.62945,28.42195],[77.62872,28.42283],[77.62851,28.42308],[77.62773,28.42383],[77.62674,28.42462],[77.62629,28.42493],[77.62607,28.42509],[77.62519,28.42559],[77.62473,28.42602],[77.62463,28.42632],[77.6244,28.42695],[77.62402,28.42889],[77.62372,28.42947],[77.62319,28.43017],[77.62289,28.43048],[77.62268,28.43068],[77.62245,28.4309],[77.62199,28.43122],[77.62181,28.43135],[77.62099,28.43174],[77.62075,28.43186],[77.62061,28.4321],[77.62033,28.4326],[77.62028,28.43304],[77.62022,28.43355],[77.62029,28.4343],[77.62039,28.43591],[77.62053,28.43686],[77.62056,28.43699],[77.62095,28.43854],[77.62141,28.4398],[77.62144,28.43988],[77.62148,28.43999],[77.62184,28.44097],[77.62298,28.44394],[77.62319,28.44413],[77.62345,28.44437],[77.62384,28.44442],[77.62447,28.44427],[77.62547,28.44384],[77.62597,28.44378],[77.62635,28.44383],[77.62699,28.444],[77.62785,28.44427],[77.62816,28.44437],[77.62829,28.44445],[77.62875,28.44472],[77.62939,28.44523],[77.62973,28.44545],[77.62989,28.44555],[77.63006,28.44566],[77.63107,28.44589],[77.63275,28.44614],[77.6336,28.44641],[77.63423,28.44661],[77.63501,28.44695],[77.63591,28.44739],[77.63768,28.4484],[77.6387,28.44885],[77.63932,28.44933],[77.64033,28.45],[77.64086,28.45033],[77.64109,28.45048],[77.64117,28.45116],[77.64139,28.45248],[77.6416,28.45381],[77.64177,28.4549],[77.64199,28.45631],[77.64281,28.46167],[77.64229,28.46448],[77.64187,28.46673],[77.64174,28.46741],[77.64151,28.46866],[77.64116,28.47053],[77.64104,28.47125],[77.64069,28.47327],[77.64061,28.47351],[77.64052,28.47398],[77.64044,28.47443],[77.64028,28.47528],[77.64025,28.47546],[77.63992,28.47722],[77.63974,28.47817],[77.64212,28.47935],[77.64284,28.47971],[77.64429,28.48044],[77.64479,28.48069],[77.64525,28.48112],[77.64653,28.48229],[77.64772,28.48338],[77.64855,28.48355],[77.64893,28.48362],[77.64906,28.48365],[77.6492,28.48368],[77.64933,28.48371],[77.64958,28.48376],[77.65176,28.48421],[77.65259,28.48438],[77.65307,28.48448],[77.65331,28.48456],[77.65413,28.48486],[77.65426,28.48491],[77.65445,28.48499],[77.65629,28.48563],[77.65647,28.48569],[77.65664,28.48575],[77.65713,28.48608],[77.65965,28.48684],[77.66299,28.48806],[77.66528,28.48887],[77.66964,28.49044],[77.67025,28.49065],[77.67969,28.49377],[77.68516,28.4984],[77.68578,28.49884],[77.6866,28.49952],[77.68752,28.50008],[77.68789,28.5004],[77.68976,28.50221],[77.69075,28.50309],[77.69188,28.50417],[77.69228,28.50455],[77.69241,28.5048],[77.69282,28.50553],[77.69495,28.50959],[77.6972,28.51417],[77.69848,28.51679],[77.69832,28.51998],[77.69821,28.52207],[77.69814,28.52343],[77.69804,28.52537],[77.69788,28.52845],[77.69778,28.53032],[77.69767,28.53238],[77.6977,28.53282],[77.69776,28.53362],[77.69809,28.53817],[77.6981,28.53834],[77.6982,28.5396],[77.69827,28.54045],[77.69829,28.54078],[77.6983,28.54086],[77.69836,28.54169],[77.69848,28.54335],[77.69859,28.54478],[77.69784,28.54521],[77.69513,28.54677],[77.69364,28.54763],[77.69139,28.54766],[77.69072,28.54766],[77.68872,28.5493],[77.68105,28.5556],[77.67839,28.55778],[77.67818,28.55875],[77.67683,28.5649],[77.67696,28.56573],[77.67756,28.56957],[77.6777,28.5705],[77.67853,28.57585],[77.67775,28.57683],[77.67753,28.57711],[77.67446,28.58094],[77.67364,28.58196],[77.67243,28.58347],[77.67122,28.58499],[77.66902,28.58526],[77.66732,28.58546],[77.66501,28.58574],[77.66474,28.58563],[77.66215,28.58454],[77.65793,28.5827],[77.65387,28.58538],[77.65359,28.58558],[77.65307,28.58765],[77.65275,28.58898],[77.65152,28.59395],[77.64575,28.59723],[77.64496,28.59639],[77.64295,28.59424],[77.64275,28.59304],[77.64259,28.59209],[77.64196,28.58807],[77.64167,28.58624],[77.63902,28.58114],[77.63897,28.58105],[77.63662,28.5765],[77.63543,28.57613],[77.63353,28.57554],[77.63136,28.57486],[77.63058,28.5746],[77.6296,28.57453],[77.62912,28.57463],[77.62492,28.57549],[77.62366,28.57536],[77.62344,28.57551],[77.6231,28.57578],[77.62299,28.57599],[77.62186,28.57628],[77.62179,28.57645],[77.62049,28.57971],[77.61857,28.58453],[77.61834,28.58511],[77.61786,28.58631],[77.61657,28.58752],[77.61574,28.5883],[77.61502,28.58897],[77.61486,28.58912],[77.61339,28.5905],[77.613,28.59087],[77.61287,28.59099],[77.61162,28.59216],[77.61108,28.59267],[77.61003,28.59365],[77.60988,28.59379],[77.6091,28.59453],[77.60865,28.59495],[77.60819,28.59538],[77.60816,28.59541],[77.60764,28.59558],[77.60687,28.59584],[77.60472,28.59655],[77.60187,28.59749],[77.60102,28.59779],[77.60062,28.59795],[77.60028,28.59806],[77.60011,28.59809],[77.59656,28.59925],[77.58994,28.60145],[77.58894,28.60436],[77.58883,28.60468],[77.58879,28.60478],[77.58874,28.60478],[77.58861,28.60476],[77.58819,28.60641],[77.58818,28.60657],[77.58801,28.60728],[77.58793,28.60729],[77.58746,28.60742],[77.58384,28.60843],[77.58336,28.60856],[77.58281,28.60871],[77.58222,28.60887],[77.58134,28.60912],[77.58099,28.60922],[77.57931,28.60968],[77.57907,28.60983],[77.57881,28.60999],[77.57834,28.61029],[77.57607,28.61173],[77.57398,28.61306],[77.57064,28.61521],[77.56966,28.61584],[77.56594,28.61728],[77.56535,28.61746],[77.5651,28.61739],[77.5646,28.61724],[77.56444,28.61719],[77.56258,28.61665],[77.5613,28.61627],[77.55794,28.61529],[77.55788,28.61456],[77.5577,28.61321],[77.55747,28.61189],[77.55735,28.61124],[77.55733,28.61041],[77.55741,28.6097],[77.55768,28.60888],[77.55762,28.60853],[77.55769,28.6082],[77.55758,28.60794],[77.55709,28.60775],[77.55676,28.60774],[77.55648,28.60773],[77.55639,28.60776],[77.5563,28.60779],[77.55601,28.60789],[77.55533,28.6082],[77.55478,28.60827],[77.55361,28.60826],[77.55218,28.60812],[77.55142,28.60768],[77.55127,28.60756],[77.55044,28.60688],[77.55026,28.60591],[77.55021,28.60551],[77.55018,28.60512],[77.55026,28.60465],[77.55036,28.60411],[77.55063,28.60316],[77.55084,28.60252],[77.551,28.6022],[77.55143,28.60147],[77.55171,28.60051],[77.55184,28.5998],[77.55185,28.59924],[77.55168,28.59863],[77.55104,28.59735],[77.5503,28.59609],[77.54964,28.59529],[77.54942,28.59501],[77.54781,28.59391],[77.54662,28.59389],[77.54616,28.5939],[77.54562,28.59392],[77.54493,28.59405],[77.54458,28.59412],[77.54456,28.59413],[77.54321,28.59505],[77.54125,28.59652],[77.54121,28.59655],[77.54043,28.59723],[77.54018,28.5974],[77.53871,28.59851],[77.53682,28.59957],[77.53407,28.60123],[77.5336,28.6015],[77.5331,28.602],[77.53281,28.60239],[77.53272,28.6025],[77.53262,28.6028],[77.53255,28.60297],[77.53261,28.60324],[77.53261,28.60339],[77.53256,28.60356],[77.53281,28.60398],[77.53305,28.6044],[77.53393,28.60525],[77.53566,28.60732],[77.53649,28.6086],[77.53702,28.60919],[77.53765,28.60977],[77.5381,28.61022],[77.53879,28.61122],[77.53887,28.6112],[77.53894,28.61134],[77.53898,28.6114],[77.53939,28.61194],[77.53981,28.61249],[77.53985,28.61256],[77.54004,28.61295],[77.54013,28.61315],[77.54029,28.61347],[77.54078,28.61446],[77.54118,28.61524],[77.53977,28.61544],[77.53489,28.61615],[77.53462,28.61648],[77.53128,28.62053],[77.53124,28.62058],[77.53119,28.62064],[77.53096,28.62092],[77.53054,28.62143],[77.52999,28.6221],[77.52948,28.62272],[77.52937,28.62285],[77.52903,28.62326],[77.52877,28.62358],[77.52859,28.6238],[77.52806,28.62445],[77.52587,28.62468],[77.52534,28.62474],[77.52458,28.62482],[77.5244,28.62484],[77.52457,28.62403],[77.52462,28.62382],[77.52467,28.62357],[77.52483,28.62328],[77.52506,28.62287],[77.52531,28.62246],[77.52555,28.62205],[77.52568,28.62184],[77.52589,28.62156],[77.52625,28.62108],[77.52628,28.62104],[77.52647,28.6208],[77.52669,28.62054],[77.52716,28.61999],[77.52726,28.61986],[77.52778,28.61923],[77.52786,28.61913],[77.52793,28.61905],[77.52827,28.6181],[77.52836,28.61783],[77.52839,28.61763],[77.52839,28.6176],[77.52846,28.61715],[77.5285,28.61687],[77.5285,28.61643],[77.52849,28.61559],[77.52849,28.61551],[77.52848,28.61544],[77.52843,28.61525],[77.52816,28.61383],[77.52812,28.61375],[77.52777,28.61316],[77.52744,28.61264],[77.52704,28.61222],[77.52658,28.61183],[77.52646,28.61174],[77.52635,28.61168],[77.52596,28.61145],[77.52509,28.61126],[77.52449,28.61126],[77.52339,28.61127],[77.52315,28.61128],[77.52267,28.61131],[77.52185,28.6115],[77.52063,28.61214],[77.51978,28.61276],[77.51973,28.6128],[77.51904,28.61348],[77.51871,28.61395],[77.51853,28.6142],[77.51798,28.61485],[77.51764,28.61525],[77.51749,28.61539],[77.51678,28.61604],[77.51649,28.61631],[77.51614,28.61661],[77.51497,28.61759],[77.51485,28.61766],[77.51421,28.61803],[77.51321,28.61862],[77.51301,28.61874],[77.51134,28.61971],[77.51055,28.62022],[77.51022,28.62043],[77.51006,28.62055],[77.50958,28.6209],[77.50928,28.62112],[77.5089,28.62148],[77.50869,28.62187],[77.50865,28.62192],[77.5085,28.62212],[77.50802,28.62264],[77.50736,28.62314],[77.50708,28.62335],[77.50605,28.62409],[77.50523,28.6244],[77.50479,28.62457],[77.5045,28.62468],[77.50344,28.62485],[77.50316,28.62489],[77.50263,28.62498],[77.50214,28.62506],[77.50199,28.62505],[77.50098,28.625],[77.49966,28.62448],[77.49905,28.62413],[77.49871,28.62394],[77.49695,28.62309],[77.49688,28.62298],[77.49676,28.62302],[77.49493,28.6226],[77.49328,28.62286],[77.4921,28.62334],[77.4905,28.62441],[77.49014,28.62465],[77.48946,28.62511],[77.48862,28.62572],[77.48767,28.6264],[77.4872,28.62674],[77.48691,28.62695],[77.48643,28.62711],[77.48601,28.62724],[77.48599,28.62725],[77.48566,28.62729],[77.48538,28.62733],[77.48472,28.62741],[77.48402,28.62707],[77.48359,28.62663],[77.48316,28.62618],[77.48272,28.62572],[77.48227,28.62525],[77.48213,28.62511],[77.48166,28.62462],[77.48155,28.6245],[77.48142,28.62437],[77.48139,28.62435],[77.47993,28.62291],[77.47987,28.62285],[77.47869,28.62171],[77.47859,28.62161],[77.47838,28.62142],[77.47818,28.62125],[77.47772,28.62086],[77.47729,28.6205],[77.477,28.62025],[77.4767,28.62],[77.4759,28.61932],[77.47579,28.61923],[77.47514,28.61863],[77.47483,28.61835],[77.47381,28.61768],[77.47368,28.6176],[77.47352,28.61749],[77.47255,28.61681],[77.47225,28.6166],[77.47157,28.61611],[77.47148,28.61605],[77.47003,28.61772],[77.46789,28.62021],[77.46763,28.62001],[77.46709,28.61966],[77.46658,28.61945],[77.46612,28.61942],[77.4657,28.6194],[77.4654,28.61923],[77.46487,28.61863],[77.46413,28.61797],[77.46341,28.61758],[77.46312,28.61748],[77.46239,28.61723],[77.46191,28.61695],[77.46165,28.61678],[77.46135,28.61671],[77.46107,28.61675],[77.46058,28.61706],[77.46009,28.61708],[77.45971,28.61697],[77.45934,28.61668],[77.45891,28.61633],[77.4585,28.61624],[77.45796,28.61619],[77.45754,28.6162],[77.45705,28.61622],[77.45665,28.61642],[77.45622,28.61686],[77.45545,28.61726],[77.45465,28.61778],[77.45385,28.61797],[77.45367,28.61804],[77.45281,28.61837],[77.45236,28.61847],[77.45214,28.61842],[77.45194,28.61832],[77.45168,28.61819],[77.45155,28.61807],[77.4515,28.6179],[77.45154,28.61768],[77.45151,28.61755],[77.45139,28.61743],[77.45122,28.61742],[77.45109,28.61739],[77.451,28.6173],[77.45099,28.61712],[77.4509,28.61695],[77.45078,28.61688],[77.45068,28.61691],[77.45052,28.61708],[77.45032,28.61725],[77.45012,28.61733],[77.44965,28.61736],[77.44943,28.61738],[77.44931,28.61743],[77.44928,28.61753],[77.44935,28.61766],[77.44942,28.61781],[77.44944,28.61795],[77.44937,28.6181],[77.44916,28.61822],[77.44872,28.61872],[77.44855,28.61919],[77.44854,28.61983],[77.44837,28.62011],[77.44813,28.62028],[77.44804,28.62031],[77.44754,28.62047],[77.44715,28.62061],[77.44704,28.62059],[77.44696,28.6205],[77.44676,28.62033],[77.44647,28.62022],[77.44635,28.62019],[77.44601,28.6201],[77.44563,28.61998],[77.44536,28.61996],[77.44521,28.62004],[77.44497,28.62028],[77.44463,28.62044],[77.44392,28.62065],[77.44322,28.62087],[77.44314,28.62098],[77.44314,28.62109],[77.44321,28.62122],[77.44336,28.62138],[77.44341,28.62154],[77.44338,28.62167],[77.44326,28.6218],[77.443,28.62191],[77.4424,28.62201],[77.44209,28.62216],[77.44181,28.62222],[77.44159,28.6222],[77.44141,28.62213],[77.44109,28.62203],[77.44063,28.62193],[77.4403,28.62196],[77.44001,28.62206],[77.43995,28.62211],[77.43941,28.6225],[77.43872,28.62276],[77.43787,28.62313],[77.43768,28.62322],[77.43759,28.62325],[77.43748,28.62329],[77.43722,28.62334],[77.43701,28.62333],[77.43684,28.62324],[77.43632,28.62277],[77.43584,28.62253],[77.43552,28.62242],[77.43522,28.62238],[77.43465,28.62255],[77.43437,28.62257],[77.4342,28.62254],[77.43393,28.62241],[77.43363,28.62228],[77.4335,28.62224],[77.43341,28.62225],[77.43332,28.62236],[77.43318,28.6226],[77.43287,28.62289],[77.43261,28.62304],[77.43194,28.6233],[77.43144,28.62349],[77.43117,28.62364],[77.43114,28.62375],[77.43119,28.62387],[77.43137,28.62414],[77.43139,28.62421],[77.4314,28.62427],[77.43136,28.62438],[77.43127,28.62445],[77.43116,28.62445],[77.43102,28.62439],[77.43071,28.62418],[77.4305,28.62412],[77.43032,28.62414],[77.42999,28.62423],[77.4297,28.62435],[77.42929,28.62472],[77.42883,28.62499],[77.42828,28.62536],[77.42812,28.62555],[77.42807,28.62575],[77.42794,28.62591],[77.42773,28.62605],[77.42758,28.62611],[77.42729,28.6262],[77.42685,28.62635],[77.42655,28.62636],[77.42625,28.62636],[77.4261,28.62632],[77.426,28.62623],[77.4259,28.62613],[77.4258,28.62611],[77.4257,28.62614],[77.4255,28.6262],[77.42528,28.6262],[77.42514,28.62616],[77.42503,28.62607],[77.42469,28.62582],[77.42456,28.62569],[77.4245,28.62555],[77.42444,28.62546],[77.42432,28.62534],[77.42415,28.62526],[77.42391,28.62514],[77.4236,28.62501],[77.4231,28.6249],[77.42238,28.62473],[77.42205,28.62458],[77.42193,28.62452],[77.42145,28.62415],[77.42091,28.62351],[77.42028,28.62265],[77.41952,28.62155],[77.41863,28.62035],[77.41857,28.62028],[77.41784,28.61943],[77.41751,28.61903],[77.41737,28.61887],[77.41731,28.61896],[77.41719,28.61914],[77.41659,28.62018],[77.41634,28.62062],[77.41599,28.62147],[77.41564,28.62264],[77.41558,28.62284],[77.41524,28.62396],[77.41469,28.62584],[77.41443,28.62672],[77.41433,28.62703],[77.41399,28.6281],[77.41388,28.62844],[77.41368,28.62917],[77.41352,28.6297],[77.41337,28.62974],[77.41316,28.62979],[77.41307,28.62981],[77.41302,28.62987],[77.41294,28.62996],[77.41269,28.63025],[77.41227,28.63074],[77.41204,28.63101],[77.4115,28.63141],[77.41111,28.6317],[77.41092,28.63184],[77.4101,28.63262],[77.41009,28.63263],[77.41002,28.63273],[77.40995,28.63284],[77.40988,28.63294],[77.40986,28.63297],[77.40985,28.63299],[77.40976,28.63312],[77.40974,28.63314],[77.40974,28.63316],[77.40973,28.63318],[77.40967,28.63325],[77.40966,28.63326],[77.40964,28.63329],[77.40963,28.6333],[77.40956,28.6334],[77.40955,28.63341],[77.40951,28.63343],[77.4095,28.63345],[77.40943,28.6335],[77.40942,28.63351],[77.4094,28.63351],[77.40938,28.63352],[77.40936,28.63353],[77.40932,28.63354],[77.40917,28.63359],[77.40915,28.63361],[77.40912,28.63362],[77.40908,28.63363],[77.40902,28.63365],[77.40894,28.6337],[77.40887,28.63372],[77.40867,28.63371],[77.40865,28.6337],[77.40858,28.63368],[77.4085,28.6337],[77.40792,28.63405],[77.40776,28.63407],[77.40765,28.63396],[77.40738,28.63362],[77.40736,28.63369],[77.40646,28.63465],[77.40624,28.63489],[77.40602,28.63516],[77.40593,28.63531],[77.40582,28.63551],[77.40539,28.63618],[77.40525,28.63639],[77.40518,28.63649],[77.40504,28.63666],[77.40493,28.63676],[77.40485,28.63694],[77.40479,28.63716],[77.40471,28.63741],[77.40469,28.63746],[77.40458,28.63764],[77.4045,28.63776],[77.40439,28.63789],[77.4043,28.63798],[77.40423,28.63803],[77.40376,28.63834],[77.40352,28.63873],[77.40239,28.63839],[77.40079,28.63788],[77.39995,28.6376],[77.39931,28.6374],[77.39782,28.63695],[77.39711,28.6367],[77.39655,28.63651],[77.39612,28.63639],[77.39554,28.63622],[77.39499,28.63605],[77.39467,28.63595],[77.39458,28.6358],[77.39416,28.63567],[77.39391,28.63571],[77.39371,28.63565],[77.39311,28.63547],[77.39077,28.63472],[77.39046,28.63462],[77.39013,28.63452],[77.38862,28.63406],[77.38684,28.63348],[77.38579,28.63317],[77.38463,28.63279],[77.38425,28.63268],[77.38348,28.6325],[77.38217,28.63226],[77.3818,28.63221],[77.38093,28.63212],[77.37979,28.6321],[77.37863,28.63211],[77.37826,28.63212],[77.37808,28.63212],[77.37769,28.63213],[77.37513,28.63214],[77.37464,28.63214],[77.37452,28.63214],[77.37415,28.63215],[77.37406,28.63215],[77.37393,28.63215],[77.37366,28.63215],[77.37339,28.63215],[77.37147,28.63216],[77.36837,28.63217],[77.36724,28.63217],[77.36715,28.63217],[77.36708,28.63217],[77.36599,28.63218],[77.36313,28.63221],[77.36303,28.63221],[77.36294,28.63221],[77.36075,28.63223],[77.36035,28.63223],[77.3602,28.63223],[77.35974,28.63223],[77.35698,28.63223],[77.35564,28.63224],[77.35537,28.63225],[77.35523,28.63225],[77.35493,28.63225],[77.3524,28.63226],[77.35121,28.63229],[77.35101,28.63229],[77.35042,28.63228],[77.34974,28.63226],[77.34961,28.63226],[77.34906,28.63226],[77.34765,28.63226],[77.34743,28.63227],[77.34736,28.63227],[77.34729,28.63227],[77.34661,28.63228],[77.34585,28.6323],[77.34546,28.63231],[77.34419,28.63232],[77.34379,28.63233],[77.3424,28.63233],[77.34119,28.63236],[77.34056,28.63235],[77.33964,28.63234],[77.33944,28.63234],[77.33902,28.63233],[77.33869,28.63233],[77.33842,28.63233],[77.33822,28.63233],[77.33804,28.63233],[77.33796,28.63234],[77.33764,28.63218],[77.33742,28.63221],[77.33741,28.63234],[77.33713,28.63234],[77.33687,28.63234],[77.33569,28.63237],[77.33445,28.63239],[77.33396,28.63237],[77.33129,28.63166],[77.33042,28.63122],[77.33181,28.63014],[77.33262,28.6295],[77.33354,28.62877],[77.33369,28.62855],[77.33389,28.62824],[77.334,28.62807],[77.33413,28.62789],[77.33418,28.62785],[77.33428,28.62777],[77.33439,28.62768],[77.33443,28.62764],[77.33463,28.62745],[77.33466,28.62742],[77.33486,28.62722],[77.3349,28.62715],[77.33532,28.62684],[77.33546,28.62673],[77.33585,28.62642],[77.33604,28.62626],[77.33679,28.62575],[77.33715,28.62551],[77.33805,28.62502],[77.33845,28.62481],[77.33892,28.6244],[77.33923,28.62413],[77.33954,28.62386],[77.3401,28.62336],[77.34011,28.62326],[77.34017,28.6225],[77.34018,28.62233],[77.34049,28.62231],[77.34143,28.62222],[77.34172,28.62223],[77.34197,28.62222],[77.34222,28.6222],[77.34238,28.6222],[77.34223,28.62153],[77.34215,28.62125],[77.34184,28.62],[77.34181,28.61984],[77.34175,28.61946],[77.34165,28.61897],[77.34162,28.61884],[77.34156,28.61825],[77.34145,28.61636],[77.34142,28.61592],[77.34145,28.61583],[77.34148,28.61577],[77.3415,28.61572],[77.34152,28.61561],[77.34152,28.61555],[77.34152,28.61543],[77.34148,28.61497],[77.34147,28.61474],[77.34147,28.6142],[77.34147,28.61413],[77.34146,28.61406],[77.3414,28.61375],[77.34141,28.61286],[77.34141,28.61263],[77.3414,28.61011],[77.3414,28.60937],[77.3414,28.60897],[77.34141,28.60705],[77.34143,28.606],[77.34143,28.60551],[77.3414,28.60549],[77.34138,28.60547],[77.34123,28.60533],[77.34108,28.60519],[77.34064,28.60477],[77.33855,28.60299],[77.33816,28.60271],[77.33783,28.60244],[77.33774,28.60233],[77.33748,28.60201],[77.33695,28.6018],[77.33612,28.60189],[77.33516,28.60202],[77.3345,28.60191],[77.3339,28.6017],[77.33347,28.6014],[77.33263,28.60121],[77.33254,28.60119],[77.332,28.60105],[77.33188,28.60102],[77.33028,28.60061],[77.3297,28.60047],[77.32911,28.60001],[77.32816,28.59933],[77.32805,28.59927],[77.3277,28.59919],[77.32732,28.59917],[77.32688,28.59873],[77.3262,28.59829],[77.32534,28.59804],[77.32447,28.59788],[77.32431,28.59813],[77.32392,28.59801],[77.3237,28.59793],[77.32302,28.59779],[77.32269,28.59772],[77.32236,28.59774],[77.32195,28.59781],[77.32146,28.59788],[77.32128,28.59789],[77.32121,28.5979],[77.32104,28.59791],[77.32092,28.59797],[77.32083,28.59787],[77.32016,28.59767],[77.32003,28.59763],[77.31993,28.5976],[77.31982,28.59757],[77.31969,28.59754],[77.31957,28.59751],[77.31947,28.59749],[77.31944,28.59748],[77.31933,28.59745],[77.31926,28.59742],[77.31921,28.5974],[77.31912,28.59737],[77.31899,28.59733],[77.31891,28.59729],[77.31881,28.59728],[77.31863,28.59723],[77.31848,28.5972],[77.31846,28.59719],[77.31808,28.5972],[77.31774,28.59717],[77.31728,28.59713],[77.31684,28.59722],[77.31646,28.59728],[77.3161,28.59737],[77.3154,28.59738],[77.31507,28.59734],[77.31502,28.59733],[77.31483,28.59732],[77.31473,28.59732],[77.3146,28.59733],[77.31454,28.59732],[77.31402,28.59727],[77.31386,28.59726],[77.31354,28.5972],[77.31341,28.59718],[77.31301,28.59689],[77.31277,28.59661],[77.31269,28.59651],[77.31249,28.59606],[77.31246,28.596],[77.31205,28.59558],[77.3118,28.59538],[77.31175,28.59537],[77.31169,28.59522],[77.31159,28.59499],[77.31152,28.59482],[77.31146,28.59467],[77.31109,28.59417],[77.311,28.59398],[77.31091,28.5938],[77.3108,28.59356],[77.31069,28.59333],[77.31067,28.59328],[77.31046,28.59284],[77.31064,28.59224],[77.31055,28.59204],[77.31049,28.59192],[77.31044,28.59185],[77.31031,28.59167],[77.31017,28.59149],[77.31002,28.59135],[77.30986,28.59119],[77.30976,28.59109],[77.30972,28.59103],[77.30954,28.59085],[77.30925,28.59061],[77.30916,28.59051],[77.30909,28.59043],[77.30905,28.59039],[77.30892,28.59027],[77.30875,28.59014],[77.30862,28.59001],[77.30846,28.58984],[77.30841,28.58978],[77.30827,28.58964],[77.30823,28.58959],[77.3084,28.58941],[77.30843,28.58931],[77.30842,28.58922],[77.30839,28.58913],[77.30795,28.58869],[77.30778,28.58852],[77.30751,28.58827],[77.3074,28.58817],[77.30735,28.58811],[77.30729,28.58804],[77.30719,28.58796],[77.30707,28.58786],[77.30701,28.58779],[77.30682,28.58765],[77.3067,28.58756],[77.30656,28.58745],[77.30644,28.58735],[77.3063,28.58722],[77.30597,28.58695],[77.30563,28.5867],[77.30546,28.5866],[77.30523,28.58647],[77.30505,28.58639],[77.30478,28.58617],[77.30463,28.58605],[77.30463,28.58601],[77.3045,28.58576],[77.30447,28.5857],[77.30444,28.58568],[77.30416,28.58549],[77.30403,28.5851],[77.30398,28.58479],[77.30399,28.58459],[77.304,28.58446],[77.30399,28.58429],[77.3038,28.58414],[77.3037,28.58406],[77.3029,28.58355],[77.30231,28.58317],[77.30207,28.58301],[77.30195,28.58294],[77.30153,28.58239],[77.30124,28.58203],[77.30114,28.58191],[77.30066,28.5817],[77.29977,28.58129],[77.29839,28.58061],[77.29911,28.58005],[77.29925,28.57987],[77.29935,28.57971],[77.2996,28.57947],[77.29959,28.57901],[77.29949,28.57807],[77.29942,28.57743],[77.29937,28.57666],[77.29929,28.57583],[77.29924,28.57535],[77.29924041800007,28.575317804000065],[77.29936,28.57459],[77.29946,28.57399],[77.29932,28.57337],[77.29931,28.57321],[77.2986,28.57239],[77.29846,28.57193],[77.29845,28.5719],[77.29802,28.57033],[77.29767,28.56972],[77.29686,28.56656],[77.29704,28.56559],[77.29823,28.56507],[77.29833,28.56503],[77.29882,28.56491],[77.29955,28.56432],[77.30007,28.56364],[77.3002,28.56324],[77.30003,28.5629],[77.29997,28.56268],[77.29991,28.56249],[77.30009,28.56172],[77.29968,28.5614],[77.29914,28.56077],[77.29896,28.56027],[77.29955,28.55932],[77.30044,28.55795],[77.30118,28.55689],[77.30123,28.55681],[77.30189,28.55599],[77.30202,28.55547],[77.3023,28.55412],[77.30319,28.55301],[77.304,28.55225],[77.30485,28.55142],[77.30606,28.55022],[77.30707,28.5492],[77.30767,28.54884],[77.30866,28.54825],[77.30984,28.54766],[77.31055,28.54673],[77.3115,28.54574],[77.31172,28.54553],[77.31181,28.54545],[77.31265,28.54464],[77.31329,28.54396],[77.3135,28.54375],[77.31359,28.54365],[77.31448,28.54353],[77.3152,28.54344],[77.31534,28.54342],[77.31628,28.54333],[77.31801,28.54198],[77.31875,28.54135],[77.31913,28.54093],[77.31953,28.54027],[77.32062,28.53913],[77.32147,28.53817],[77.32206,28.53755],[77.32244,28.53714],[77.32323,28.53664],[77.32359,28.53631],[77.32382,28.5361],[77.32458,28.5356],[77.32513,28.53524],[77.32645,28.53444],[77.32837,28.53246],[77.32896,28.53216],[77.32975,28.53155],[77.33012,28.53119],[77.33105,28.53004],[77.33143,28.52956],[77.33188,28.52908],[77.33222,28.52876],[77.33254,28.52855],[77.33279,28.52841],[77.33346,28.52791],[77.33438,28.52721],[77.33483,28.52664],[77.33571,28.52555],[77.33673,28.52431],[77.33802,28.52271],[77.33818,28.52246],[77.33851,28.52193],[77.33886,28.52133],[77.33979,28.5197],[77.3403,28.51912],[77.34082,28.51836],[77.34097,28.51818],[77.34125,28.51784],[77.34149,28.51758],[77.34182,28.51722],[77.3437,28.51508],[77.34349,28.51467],[77.3447,28.51316],[77.34506,28.51271],[77.34551,28.51231],[77.3459,28.51173],[77.34645,28.51112],[77.34684,28.51067],[77.34709,28.51031],[77.34732,28.51],[77.34766,28.50959],[77.34814,28.50923],[77.34843,28.50876],[77.3484,28.50855],[77.34792,28.50695],[77.3478,28.5059],[77.34792,28.50544],[77.34798,28.50527],[77.34807,28.50504],[77.34883,28.50381],[77.35018,28.50111],[77.35152,28.49989],[77.35421,28.49928],[77.355,28.49938],[77.35517,28.49931],[77.35565,28.4994],[77.35598,28.49955],[77.3565,28.49988],[77.3566,28.49994],[77.35687,28.50011],[77.35756,28.50085],[77.35813,28.50132],[77.35849,28.50141],[77.35915,28.50105],[77.3605,28.5004],[77.36093,28.50024],[77.36119,28.49994],[77.3615,28.49973],[77.36189,28.49947],[77.36259,28.49897],[77.3635,28.49873],[77.36386,28.4986],[77.36425,28.49846],[77.36473,28.49837],[77.36521,28.49843],[77.36544,28.49855],[77.3665,28.49915],[77.3674,28.49976],[77.36762,28.4999],[77.36825,28.50021],[77.3686,28.5003],[77.36897,28.50033],[77.36974,28.49994],[77.37077,28.49966],[77.37139,28.49929],[77.37243,28.49856],[77.3726,28.49843],[77.37265,28.49796],[77.3723,28.49698],[77.37225,28.49687],[77.37206,28.49666],[77.3714,28.4943],[77.37127,28.49377],[77.371,28.49265],[77.3709,28.49232],[77.37092,28.49162],[77.37119,28.4901],[77.37184,28.48893],[77.37198,28.48868],[77.37181,28.48696],[77.37127,28.48624],[77.37099,28.48587],[77.37087,28.48571],[77.37204,28.48395],[77.37214,28.4838],[77.37247,28.4833],[77.37292,28.48261],[77.3732,28.48218],[77.37366,28.48129],[77.37393,28.48094],[77.374,28.48071],[77.37412,28.48009],[77.37434,28.47947],[77.37442,28.47925],[77.37479,28.47841],[77.37481,28.47826],[77.37533,28.47725],[77.37553,28.47684],[77.37554,28.47634],[77.37617,28.47598],[77.37721,28.47543],[77.37725,28.47538],[77.37731,28.47531],[77.37781,28.47506],[77.37882,28.47465],[77.37911,28.4745],[77.37908,28.47389],[77.37906,28.47333],[77.37903,28.47279],[77.38041,28.47268],[77.38089,28.4714],[77.38097,28.4712],[77.38084,28.4711],[77.38057,28.471],[77.38083,28.47089],[77.38213,28.47035],[77.38251,28.4702],[77.38377,28.46971],[77.38449,28.46939],[77.38587,28.46891],[77.38691,28.46844],[77.38803,28.46816],[77.38863,28.4686],[77.38903,28.46915],[77.38924,28.46944],[77.3895,28.46981],[77.38995,28.4706],[77.3902,28.47102],[77.391,28.47129],[77.39149,28.47144],[77.3918,28.4715],[77.39217,28.47165],[77.39243,28.47176],[77.39253,28.47231],[77.39344,28.47199],[77.39395,28.47181],[77.39478,28.4714],[77.39761,28.46999],[77.39796,28.46983],[77.40065,28.46848],[77.40123,28.46833],[77.40171,28.468],[77.40275,28.46749],[77.40361,28.46697],[77.40478,28.46632],[77.40521,28.46659],[77.40542,28.46662],[77.40724,28.46678],[77.40808,28.46686],[77.40818,28.46688],[77.40897,28.46705],[77.40891,28.46617],[77.40811,28.46487],[77.40801,28.4647],[77.40797,28.46465],[77.40782,28.46447],[77.40766,28.46429],[77.4076,28.46422],[77.40717,28.46435],[77.40707,28.46426],[77.4057,28.46307],[77.404,28.46158],[77.40382,28.46123],[77.40371,28.46103],[77.40331,28.46028],[77.40306,28.45981],[77.40287,28.45945],[77.4028,28.45932],[77.40196,28.45772],[77.40174,28.45731],[77.40164,28.45712],[77.40107,28.45602],[77.40208,28.45561],[77.40236,28.45554],[77.40345,28.45527],[77.40493,28.45496],[77.40586,28.45477],[77.40862,28.45419],[77.40926,28.45406],[77.41047,28.45363],[77.41133,28.45332],[77.41284,28.45278],[77.41418,28.4525],[77.41436,28.45249],[77.41468,28.45246],[77.41549,28.45287],[77.41623,28.45325],[77.41723,28.45293],[77.41776,28.45276],[77.41844,28.45255],[77.4197,28.45237],[77.41995,28.45243],[77.4211,28.45269],[77.4243,28.45315],[77.42577,28.45333],[77.42589,28.45334],[77.42773,28.45422],[77.42944,28.45447],[77.42961,28.45453],[77.43002,28.45463],[77.43231,28.45517],[77.4329,28.45511],[77.43402,28.45514],[77.43434,28.45499],[77.43495,28.45245],[77.43526,28.45114],[77.4362,28.44821],[77.43671,28.44662],[77.43681,28.44632],[77.43715,28.44525],[77.43748,28.44427],[77.43755,28.44403],[77.43781,28.44312],[77.43796,28.44258],[77.43888,28.43935],[77.43908,28.43863],[77.43901,28.43795],[77.43825,28.43783],[77.43688,28.43797],[77.43715,28.43739],[77.4376,28.43714],[77.4377,28.43712],[77.43809,28.43664],[77.43869,28.43621],[77.44002,28.43507],[77.43966,28.43469],[77.43952,28.43454],[77.43946,28.43444],[77.43911,28.43429],[77.43856,28.43391],[77.43844,28.43386],[77.43812,28.43357],[77.43811,28.43318],[77.4374,28.43245],[77.43684,28.43182],[77.43631,28.43123],[77.43819,28.43091],[77.43834,28.43088],[77.43896,28.43085],[77.44034,28.43084],[77.44274,28.43096],[77.44271,28.43062],[77.44257,28.43033],[77.44158,28.42953],[77.44144,28.42942],[77.44191,28.42889],[77.44225,28.42864],[77.44245,28.4285],[77.44273,28.42845],[77.44363,28.42831],[77.44491,28.4281],[77.44741,28.42722],[77.44937,28.42711],[77.44987,28.42708],[77.45148,28.42697],[77.45309,28.42686],[77.45264,28.42616],[77.45251,28.42595],[77.45236,28.42472],[77.45437,28.42469],[77.45777,28.42455],[77.45829,28.42453],[77.45922,28.4245],[77.46353,28.42437],[77.46306,28.42385],[77.46283,28.42194],[77.46264,28.42115],[77.46251,28.41992],[77.46244,28.41923],[77.46238,28.41868],[77.46211,28.4174],[77.46271,28.41639],[77.46301,28.41589],[77.46376,28.41604],[77.46427,28.41502],[77.46547,28.41538],[77.46575,28.41546],[77.46602,28.41554],[77.46607,28.41552],[77.46708,28.41519],[77.46735,28.41606],[77.46833,28.41642],[77.46841,28.41645],[77.46873,28.41656],[77.46886,28.41661],[77.46938,28.4168],[77.47095,28.41722],[77.47111,28.41726],[77.47219,28.41698],[77.47277,28.41701],[77.47432,28.41729],[77.47634,28.41898],[77.47646,28.41902],[77.47722,28.41914],[77.47744,28.41866],[77.47815,28.41885],[77.47847,28.41826],[77.47876,28.41775],[77.47899,28.4173],[77.47944,28.41647],[77.47972,28.41572],[77.48006,28.4148],[77.48079,28.41431],[77.48126,28.414],[77.48203,28.41228],[77.48215,28.41161],[77.48288,28.41078],[77.48316,28.41056],[77.48388,28.40992],[77.4841,28.40957],[77.4845,28.40892],[77.4845,28.40855],[77.4845,28.40792],[77.48414,28.40788],[77.48387,28.40605],[77.48347,28.40609],[77.48278,28.40611],[77.48254,28.40612],[77.4826,28.40586],[77.48267,28.40551],[77.48258,28.40484],[77.48198,28.40478],[77.48189,28.40353],[77.48148,28.40132],[77.48151,28.40102],[77.48153,28.4008],[77.48219,28.4008],[77.48215,28.40042],[77.48228,28.40034],[77.48239,28.40027],[77.48229,28.40014],[77.48223,28.40005],[77.48149,28.39906],[77.481,28.39849],[77.47929,28.39825],[77.47918,28.3983],[77.47863,28.39852],[77.47809,28.39875],[77.47753,28.39904],[77.47704,28.39915],[77.47672,28.39933],[77.47636,28.39891],[77.47619,28.39923],[77.47569,28.39903],[77.47553,28.3988],[77.47516,28.39826],[77.47477,28.39764],[77.47473,28.39757],[77.47462,28.39739],[77.47459,28.39734],[77.47447,28.39698],[77.47428,28.39687],[77.47486,28.39653],[77.47632,28.39538],[77.47643,28.3953],[77.47822,28.39352],[77.47925,28.39251],[77.47973,28.39203],[77.47975,28.39201],[77.48004,28.39165],[77.48125,28.3901],[77.48349,28.38795],[77.48377,28.38768],[77.48409,28.38746],[77.48599,28.38672],[77.48613,28.38667],[77.48632,28.38636],[77.48651,28.3863],[77.48657,28.38631],[77.48691,28.3864],[77.48953,28.38541],[77.49084,28.3849],[77.49185,28.38506],[77.49226,28.38474],[77.49234,28.38467],[77.49265,28.38442],[77.49275,28.38435],[77.49295,28.38412],[77.49322,28.3838],[77.49352,28.38346],[77.49364,28.38321],[77.49371,28.38305],[77.49379,28.38287],[77.49394,28.38248],[77.49403,28.38232],[77.49427,28.3819],[77.49439,28.38169],[77.49454,28.3814],[77.49465,28.38119],[77.49483,28.38086],[77.49498,28.38056],[77.49509,28.38035],[77.49529,28.37986],[77.49552,28.3793],[77.49666,28.37788],[77.49734,28.37704],[77.49766,28.37658],[77.49812,28.37595],[77.4988,28.37501],[77.49919,28.37448],[77.49967,28.37378],[77.49998,28.37348],[77.50009,28.37337],[77.50041,28.37318],[77.50145,28.37255],[77.50243,28.37182],[77.50255,28.3717],[77.50283,28.3712],[77.50291,28.37106],[77.50284,28.37077],[77.50323,28.36958],[77.50424,28.3696],[77.50527,28.36962],[77.50383,28.3683],[77.50263,28.36774],[77.5025,28.36765],[77.50152,28.36702],[77.50131,28.36683],[77.50089,28.36613],[77.50064,28.36534],[77.5023,28.36427],[77.50242,28.36419],[77.50292,28.36388],[77.503,28.36383],[77.50324,28.36368],[77.50414,28.36319],[77.50528,28.36257],[77.50541,28.3625],[77.50568,28.36235],[77.50561,28.36225],[77.50556,28.3622],[77.50545,28.3621],[77.50487,28.36159],[77.50421,28.361],[77.50309,28.35964],[77.50293,28.35942],[77.50289,28.35934],[77.50268,28.35908],[77.50251,28.35879],[77.5021,28.35811],[77.50146,28.35708],[77.50112,28.35653],[77.50105,28.35642],[77.50094,28.35625],[77.50064,28.35565],[77.50048,28.35533],[77.50009,28.35456],[77.49981,28.35414],[77.4993,28.35298],[77.49924,28.35287],[77.49855,28.35222],[77.49825,28.35194],[77.49815,28.35184],[77.49759,28.35126],[77.4969,28.35055],[77.49688,28.34996],[77.49687,28.3491],[77.49579,28.3481],[77.49441,28.34669],[77.49373,28.346],[77.49333,28.34568],[77.49206,28.34466],[77.49134,28.34389],[77.49125,28.34379],[77.49072,28.34331],[77.48748,28.34304],[77.48509,28.34179],[77.48223,28.3403],[77.48099,28.34],[77.47953,28.33951],[77.47836,28.339],[77.47811,28.33886],[77.47742,28.33854],[77.47701,28.33841],[77.47655,28.33815],[77.47629,28.33799],[77.47589,28.33768],[77.47528,28.33745],[77.47501,28.33738],[77.4747,28.33726],[77.47424,28.3372],[77.47408,28.33707],[77.4737,28.33685],[77.47357,28.33667],[77.47324,28.33668],[77.47301,28.33655],[77.47286,28.33649],[77.47273,28.33629],[77.47212,28.33495],[77.47207,28.33486],[77.47233,28.33466],[77.47286,28.33432],[77.47316,28.3342],[77.47379,28.33318],[77.47385,28.33202],[77.4736,28.33133],[77.47345,28.33088],[77.47323,28.33059],[77.47324,28.33002],[77.4732,28.32942],[77.4728,28.32913],[77.47228,28.32844],[77.4752,28.32744],[77.47876,28.32639],[77.48071,28.32579],[77.4814,28.32558],[77.48275,28.32511],[77.484,28.32533],[77.48549,28.32568],[77.48589,28.32477],[77.48639,28.32263],[77.48652,28.32216],[77.48636,28.32163],[77.48682,28.32137],[77.4878,28.32088],[77.4881,28.32073],[77.48821,28.32061],[77.48859,28.3202],[77.48918,28.31974],[77.49011,28.31901],[77.49027,28.31889],[77.49039,28.31881],[77.49134,28.31814],[77.49201,28.31767],[77.4926,28.31725],[77.4936,28.31653],[77.49471,28.31562],[77.4952,28.31522],[77.49573,28.31478],[77.49706,28.31447],[77.49774,28.31315],[77.49828,28.31288],[77.49863,28.31258],[77.49903,28.31224],[77.49928,28.31204],[77.4995,28.31158],[77.49956,28.31146],[77.49996,28.31103],[77.50025,28.31083],[77.50037,28.31074],[77.50064,28.31045],[77.50071,28.31038],[77.50093,28.31025],[77.50103,28.31012],[77.5011,28.31003],[77.50139,28.30965],[77.50173,28.30921],[77.50286,28.30775],[77.50443,28.30707],[77.5056,28.30656],[77.50594,28.30633],[77.50755,28.3054],[77.50673,28.30406],[77.50589,28.29994],[77.50584,28.29966],[77.50577,28.2995],[77.5054,28.29753],[77.50506,28.29577],[77.50466,28.29367],[77.50404,28.29084],[77.50395,28.29074],[77.5037,28.28981],[77.50342,28.28881],[77.50274,28.28775],[77.50203,28.28665],[77.5007,28.28649],[77.50035,28.28636],[77.49949,28.28601],[77.49944,28.28598],[77.49851,28.28574],[77.49772,28.28556],[77.49896,28.28504],[77.50064,28.28428],[77.50201,28.28367],[77.50221,28.28358],[77.502,28.28326],[77.50091,28.28147],[77.50086,28.28138],[77.50081,28.28133],[77.50077,28.28124],[77.50155,28.2809],[77.50376,28.27986],[77.49997,28.27874],[77.49986,28.2787],[77.49876,28.27701],[77.49787,28.27614],[77.49758,28.27585],[77.49633,28.27434],[77.49592,28.27385],[77.49529,28.27303],[77.49501,28.27264],[77.49488,28.27285],[77.49451,28.27396],[77.49434,28.27454],[77.49402,28.27389],[77.49358,28.27298],[77.49342,28.27288],[77.49231,28.27192],[77.49175,28.27148],[77.49139,28.27119],[77.49146,28.27063],[77.49149,28.27037],[77.49157,28.26961],[77.49174,28.26743],[77.49175,28.26713],[77.49177,28.26632],[77.49237,28.26392],[77.49241,28.26377],[77.49245,28.26363],[77.49261,28.26269],[77.49267,28.26229],[77.49268,28.26162],[77.49252,28.26126],[77.49189,28.2608],[77.4919,28.25943],[77.49193,28.25791],[77.49235,28.25644],[77.49264,28.25538],[77.49283,28.2538],[77.49308,28.25185],[77.49331,28.25168],[77.49356,28.25149],[77.49409,28.25108],[77.49436,28.25088],[77.49477,28.25061],[77.49527,28.25027],[77.49569,28.24998],[77.49629,28.24963],[77.49681,28.24933],[77.49709,28.24916],[77.49745,28.24889],[77.49826,28.24829],[77.49862,28.24801],[77.49938,28.24758],[77.49942,28.24715],[77.49969,28.24714],[77.49973,28.24805],[77.49977,28.2482],[77.49989,28.24864],[77.49991,28.24899],[77.49992,28.24913],[77.49985,28.24935],[77.49987,28.24949],[77.49989,28.24963],[77.49989,28.25023],[77.50039,28.25056],[77.50085,28.25099],[77.50107,28.25119],[77.50146,28.25156],[77.50156,28.25166],[77.50184,28.25204],[77.50281,28.25167],[77.50336,28.25144],[77.50363,28.25136],[77.50389,28.25132],[77.50477,28.25095],[77.50492,28.2509],[77.50535,28.25067],[77.50569,28.25055],[77.50586,28.25044],[77.5067,28.25012],[77.50718,28.25],[77.50741,28.24994],[77.50784,28.24982],[77.50798,28.24982],[77.50814,28.24969],[77.50858,28.24964],[77.50928,28.2496],[77.50948,28.24959],[77.50999,28.24958],[77.51031,28.24958],[77.51031,28.24944],[77.51011,28.24912],[77.50991,28.24881],[77.50963,28.2484],[77.50944,28.24813],[77.50932,28.24765],[77.50903,28.2471],[77.50895,28.24689],[77.50895,28.24675],[77.50911,28.2466],[77.50961,28.2465],[77.51018,28.24646],[77.51037,28.24646],[77.51109,28.24657],[77.51124,28.24657],[77.51148,28.24658],[77.51167,28.24659],[77.51233,28.24664],[77.51248,28.24677],[77.51326,28.24675],[77.51341,28.24675],[77.51369,28.24691],[77.51386,28.247],[77.51401,28.24714],[77.51416,28.247],[77.51451,28.24655],[77.51471,28.24634],[77.51482,28.24622],[77.51495,28.24608],[77.51512,28.2459],[77.51534,28.24566],[77.51562,28.2454],[77.51577,28.24526],[77.51599,28.24506],[77.51631,28.24477],[77.51661,28.24444],[77.5168,28.24428],[77.51692,28.24418],[77.51717,28.24399],[77.51762,28.24365],[77.51779,28.24354],[77.51808,28.2434],[77.51829,28.24322],[77.51839,28.24313],[77.51871,28.24295],[77.51888,28.24283],[77.51908,28.24268],[77.51929,28.24257],[77.51969,28.24238],[77.51984,28.24238],[77.52023,28.24234],[77.52072,28.24229],[77.52105,28.24227],[77.52144,28.24225],[77.52166,28.24224],[77.52193,28.24224],[77.5225,28.24222],[77.52273,28.24223],[77.52291,28.24224],[77.5232,28.24272],[77.52356,28.24325],[77.5237,28.24348],[77.52386,28.2438],[77.52405,28.24403],[77.52414,28.24415],[77.52425,28.24432],[77.52431,28.24442],[77.52443,28.24463],[77.52458,28.24482],[77.52477,28.24506],[77.52501,28.24537],[77.52526,28.24564],[77.52535,28.24574],[77.52565,28.24565],[77.52611,28.24552],[77.52653,28.24545],[77.52691,28.24539],[77.52736,28.24533],[77.52803,28.24517],[77.52863,28.24502],[77.52916,28.24492],[77.5295,28.24486],[77.52976,28.24476],[77.53007,28.24468],[77.53033,28.24469],[77.53068,28.24473],[77.53082,28.24473],[77.53111,28.24471],[77.53128,28.24471],[77.53148,28.24472],[77.53171,28.24474],[77.5319,28.24477],[77.53204,28.24479],[77.53219,28.24482],[77.53231,28.24484],[77.53242,28.24486],[77.53254,28.2449],[77.53272,28.24495],[77.53295,28.24501],[77.53351,28.24525],[77.53403,28.24553],[77.53438,28.24574],[77.53456,28.24586],[77.53477,28.24596],[77.53494,28.24607],[77.53511,28.24618],[77.53533,28.24632],[77.53554,28.24647],[77.53596,28.24677],[77.53632,28.24702],[77.53655,28.24719],[77.53671,28.2473],[77.53704,28.24753],[77.53725,28.24767],[77.53765,28.24794],[77.53779,28.24808],[77.53817,28.24824],[77.53853,28.24832],[77.53881,28.24851],[77.53896,28.24858],[77.53934,28.24858],[77.53984,28.24847],[77.54009,28.24829],[77.54049,28.24821],[77.54099,28.24802],[77.5412,28.24795],[77.54142,28.24787],[77.54166,28.24782],[77.54195,28.24776],[77.54231,28.24777],[77.54249,28.24778],[77.54276,28.2478],[77.54301,28.24782],[77.54354,28.24793],[77.54389,28.24811],[77.54429,28.24833],[77.54477,28.24854],[77.54515,28.24867],[77.54532,28.24862],[77.5455,28.24856],[77.54588,28.24853],[77.54602,28.24852],[77.54613,28.24848],[77.54628,28.24835],[77.54648,28.24821],[77.5467,28.24806],[77.54688,28.24794],[77.54704,28.24783],[77.54722,28.24769],[77.5474,28.24757],[77.54757,28.24745],[77.54773,28.24727],[77.54794,28.24703],[77.54819,28.2468],[77.54837,28.24665],[77.54849,28.2465],[77.5486,28.24637],[77.54871,28.24621],[77.54885,28.24603],[77.54893,28.24592],[77.54898,28.24585],[77.54905,28.24575],[77.54931,28.2454],[77.54935,28.24534],[77.5495,28.24514],[77.54976,28.24479],[77.54977,28.24441],[77.54996,28.24419],[77.55015,28.2439],[77.55024,28.24369],[77.5504,28.24336],[77.55051,28.24316],[77.55059,28.24294],[77.55064,28.2426],[77.55063,28.24237],[77.55067,28.24206],[77.55061,28.24171],[77.55057,28.2413],[77.5505,28.24101],[77.55022,28.24054],[77.55013,28.24038],[77.55,28.23998],[77.54991,28.2399],[77.54983,28.23983],[77.54976,28.23976],[77.54967,28.23968],[77.54958,28.2396],[77.54947,28.23949],[77.54936,28.23939],[77.54927,28.2393],[77.54913,28.2392],[77.54897,28.23908],[77.54884,28.23898],[77.54872,28.2389],[77.54854,28.23878],[77.54834,28.23864],[77.5482,28.23856],[77.54807,28.23848],[77.54792,28.23839],[77.5478,28.23831],[77.54772,28.23826],[77.54756,28.23816],[77.54737,28.23806],[77.54689,28.23781],[77.54636,28.23751],[77.54575,28.23716],[77.54546,28.237],[77.54515,28.23684],[77.54439,28.23646],[77.544,28.23629],[77.5438,28.23621],[77.54343,28.23605],[77.54316,28.23591],[77.54292,28.23581],[77.54268,28.23569],[77.54251,28.23561],[77.54216,28.23548],[77.54164,28.23529],[77.54099,28.23498],[77.54059,28.23477],[77.54029,28.23461],[77.53984,28.23448],[77.53934,28.23435],[77.53881,28.23415],[77.53842,28.23404],[77.53786,28.23382],[77.53737,28.23366],[77.53681,28.23347],[77.53641,28.23333],[77.53604,28.23326],[77.53578,28.23311],[77.5354,28.23296],[77.53491,28.23284],[77.53471,28.23279],[77.53415,28.23255],[77.53366,28.23239],[77.53334,28.23229],[77.53288,28.23209],[77.53259,28.23197],[77.53229,28.2318],[77.53213,28.23167],[77.5319,28.23147],[77.53158,28.23129],[77.53111,28.23113],[77.53062,28.23088],[77.53019,28.23071],[77.52982,28.23053],[77.52957,28.23042],[77.52931,28.2303],[77.52909,28.2302],[77.52874,28.23001],[77.52845,28.22985],[77.52807,28.22967],[77.52782,28.22955],[77.52742,28.22925],[77.52706,28.22909],[77.52676,28.22892],[77.52637,28.22871],[77.52612,28.22855],[77.5259,28.22841],[77.52562,28.22821],[77.52523,28.22793],[77.52461,28.22749],[77.52434,28.22726],[77.52417,28.22711],[77.52384,28.22676],[77.52369,28.2266],[77.52336,28.2262],[77.52316,28.22601],[77.52303,28.22589],[77.52284,28.22571],[77.52269,28.22555],[77.52255,28.22539],[77.52239,28.22517],[77.5223,28.22505],[77.52215,28.22477],[77.52205,28.22459],[77.52196,28.22444],[77.52185,28.22424],[77.52173,28.22394],[77.5216,28.22368],[77.52155,28.22359],[77.52145,28.22324],[77.52139,28.22299],[77.52142,28.22263],[77.52144,28.22245],[77.52146,28.22227],[77.52147,28.22211],[77.52144,28.22183],[77.52154,28.22157],[77.52161,28.22137],[77.52168,28.22112],[77.52183,28.22058],[77.522,28.22019],[77.52235,28.21988],[77.52279,28.21964],[77.52306,28.21947],[77.52324,28.21936],[77.5237,28.21927],[77.52391,28.21925],[77.52427,28.21922],[77.52449,28.2192],[77.52468,28.21918],[77.52524,28.21906],[77.52572,28.2189],[77.52623,28.21859],[77.52671,28.21812],[77.52712,28.21782],[77.52721,28.21775],[77.52752,28.21756],[77.52788,28.21741],[77.52888,28.2168],[77.52926,28.21662],[77.52953,28.2165],[77.52997,28.2162],[77.53027,28.216],[77.53086,28.21571],[77.5314,28.21539],[77.53177,28.21526],[77.53215,28.21506],[77.53246,28.2149],[77.53309,28.21458],[77.5334,28.21435],[77.5336,28.2142],[77.534,28.21392],[77.53425,28.21373],[77.53462,28.21327],[77.53477,28.21292],[77.53491,28.21247],[77.53517,28.21205],[77.53532,28.21171],[77.53564,28.21117],[77.53577,28.21079],[77.53592,28.2106],[77.53595,28.21026],[77.53602,28.20989],[77.53611,28.20961],[77.53616,28.20928],[77.53618,28.20893],[77.53621,28.20867],[77.53622,28.20855],[77.53621,28.2084],[77.5362,28.2081],[77.53618,28.20774],[77.53612,28.20744],[77.53607,28.20702],[77.53599,28.20648],[77.53588,28.20612],[77.53585,28.2058],[77.53573,28.20557],[77.53565,28.20534],[77.53558,28.20512],[77.53552,28.20495],[77.53547,28.20484],[77.53542,28.20468],[77.53529,28.20438],[77.53523,28.20414],[77.5352,28.20403],[77.53516,28.20392],[77.5351,28.20374],[77.53501,28.20338],[77.5349,28.20323],[77.53466,28.20282],[77.53459,28.20268],[77.53453,28.20257],[77.53431,28.20216],[77.53414,28.20194],[77.53408,28.20185],[77.5339,28.20145],[77.53375,28.20129],[77.53363,28.20117],[77.53351,28.20105],[77.5334,28.20095],[77.53323,28.20059],[77.53289,28.20034],[77.53279,28.20022],[77.53259,28.2],[77.53223,28.19972],[77.53208,28.19958],[77.53193,28.19945],[77.53176,28.1993],[77.53152,28.19912],[77.53142,28.19903],[77.53133,28.19896],[77.53102,28.19869],[77.53071,28.19845],[77.53031,28.19812],[77.52988,28.19789],[77.52978,28.19783],[77.52971,28.19774],[77.5296,28.19767],[77.52945,28.19758],[77.52934,28.19751],[77.52923,28.19745],[77.52913,28.19739],[77.52903,28.19738],[77.52877,28.19734],[77.52861,28.19724],[77.52841,28.19713],[77.52809,28.19695],[77.52786,28.19676],[77.52758,28.19657],[77.52741,28.19651],[77.52722,28.19644],[77.52704,28.19637],[77.5267,28.19623],[77.52643,28.1961],[77.526,28.1959],[77.52544,28.19585],[77.52528,28.19583],[77.52492,28.19581],[77.52406,28.19596],[77.52352,28.19609],[77.52336,28.19617],[77.52291,28.19639],[77.52253,28.19663],[77.52227,28.19694],[77.52189,28.1973],[77.52172,28.1976],[77.52136,28.19812],[77.52067,28.19999],[77.52067,28.20036],[77.52006,28.20186],[77.51981,28.20251],[77.51951,28.20302],[77.51886,28.20378],[77.51867,28.20396],[77.51841,28.20418],[77.51815,28.20441],[77.51784,28.20473],[77.51735,28.20503],[77.51696,28.20522],[77.51663,28.20544],[77.51602,28.20568],[77.51419,28.20665],[77.51346,28.20684],[77.51242,28.20734],[77.51168,28.20771],[77.51083,28.20807],[77.51034,28.20829],[77.51015,28.20838],[77.50945,28.20873],[77.50862,28.20899],[77.50791,28.20907],[77.5074,28.2092],[77.50694,28.20927],[77.5064,28.20945],[77.50591,28.20956],[77.50554,28.20965],[77.50475,28.20975],[77.50429,28.20975],[77.50387,28.20964],[77.50348,28.20965],[77.50285,28.20958],[77.50257,28.20947],[77.50227,28.20938],[77.50163,28.20894],[77.50118,28.20875],[77.5008,28.20838],[77.50037,28.208],[77.4994,28.20746],[77.49915,28.20722],[77.49904,28.20711],[77.49838,28.20662],[77.49826,28.20653],[77.49778,28.20577],[77.49761,28.20531],[77.49753,28.20481],[77.4975,28.20458],[77.49751,28.20445],[77.49762,28.20368],[77.49783,28.20272],[77.49812,28.20158],[77.49819,28.201],[77.49825,28.20056],[77.4983,28.20032],[77.49843,28.19976],[77.49872,28.19901],[77.49881,28.19879],[77.49907,28.19821],[77.49927,28.19736],[77.49962,28.19634],[77.4999,28.1957],[77.50027,28.19494],[77.50015,28.19403],[77.50005,28.19348],[77.50004,28.19308],[77.49994,28.19255],[77.4997,28.19214],[77.4995,28.19175],[77.49926,28.19056],[77.49921,28.18986],[77.49916,28.18875],[77.49912,28.18653],[77.49903,28.1845],[77.49922,28.18397],[77.49941,28.18372],[77.50006,28.1832],[77.50029,28.1829],[77.50064,28.18244],[77.50096,28.18222],[77.50136,28.18203],[77.50184,28.18176],[77.50207,28.18156],[77.50243,28.1814],[77.50299,28.18113],[77.50319,28.18104],[77.50368,28.18089],[77.50405,28.18084],[77.5045,28.18085],[77.50479,28.18086],[77.50536,28.18093],[77.50592,28.18102],[77.50634,28.18122],[77.50662,28.1814],[77.50697,28.18163],[77.5073,28.1819],[77.50771,28.1823],[77.50786,28.18255],[77.50811,28.18281],[77.50826,28.18297],[77.50839,28.18328],[77.50841,28.18359],[77.50849,28.18392],[77.50873,28.18422],[77.50874,28.18447],[77.50871,28.18476],[77.5088,28.18515],[77.50887,28.1853],[77.50892,28.18557],[77.50907,28.18596],[77.50925,28.18618],[77.50941,28.18639],[77.50951,28.18652],[77.50974,28.18687],[77.5099,28.1871],[77.51023,28.18747],[77.51048,28.18769],[77.51092,28.18798],[77.51115,28.1882],[77.51145,28.18855],[77.51181,28.18892],[77.51192,28.18904],[77.51204,28.18933],[77.51281,28.19041],[77.51304,28.19065],[77.51337,28.19098],[77.51378,28.19135],[77.5141,28.19163],[77.51466,28.19197],[77.51494,28.19212],[77.51527,28.19235],[77.51559,28.1926],[77.51605,28.19277],[77.5165,28.19288],[77.51715,28.19302],[77.51768,28.19314],[77.5181,28.19313],[77.5187,28.19306],[77.51912,28.19295],[77.51946,28.19286],[77.51985,28.19274],[77.52013,28.19259],[77.52069,28.19226],[77.52118,28.19195],[77.5217,28.19159],[77.52219,28.19124],[77.52246,28.19106],[77.52281,28.19077],[77.52295,28.19066],[77.52325,28.19038],[77.5237,28.19007],[77.52405,28.18982],[77.5242,28.18971],[77.52441,28.18952],[77.52452,28.18941],[77.52474,28.18924],[77.52527,28.18885],[77.52557,28.18862],[77.52573,28.1885],[77.52605,28.18828],[77.52617,28.1882],[77.52637,28.188],[77.52644,28.18792],[77.5266,28.18773],[77.52711,28.18747],[77.52741,28.18731],[77.52813,28.18696],[77.52838,28.18681],[77.52863,28.18666],[77.52903,28.18651],[77.52956,28.18634],[77.52999,28.18624],[77.53031,28.18617],[77.53061,28.18608],[77.5308,28.18602],[77.53125,28.18598],[77.53176,28.18598],[77.53221,28.18606],[77.53249,28.18611],[77.53287,28.18624],[77.53322,28.18647],[77.53349,28.18668],[77.53377,28.18696],[77.53404,28.18723],[77.53419,28.18739],[77.53438,28.18767],[77.53476,28.18791],[77.535,28.18819],[77.53522,28.18847],[77.53531,28.18858],[77.5354,28.18873],[77.53555,28.18897],[77.53585,28.18926],[77.53595,28.18936],[77.53612,28.18949],[77.53624,28.1896],[77.53656,28.18977],[77.53668,28.18983],[77.53712,28.18997],[77.53751,28.19013],[77.53792,28.19037],[77.53818,28.19046],[77.53842,28.19052],[77.53868,28.19058],[77.53923,28.1907],[77.53971,28.19077],[77.54024,28.19083],[77.54048,28.19086],[77.54084,28.1909],[77.54114,28.19094],[77.54167,28.191],[77.54228,28.19108],[77.54248,28.19108],[77.54273,28.19108],[77.54284,28.19108],[77.54347,28.19116],[77.54397,28.19122],[77.54423,28.19123],[77.54464,28.19118],[77.54483,28.19115],[77.54502,28.19112],[77.54515,28.1911],[77.54571,28.1909],[77.54602,28.1907],[77.54662,28.1902],[77.54675,28.19008],[77.54706,28.18973],[77.54736,28.18941],[77.54754,28.18923],[77.54763,28.18906],[77.54775,28.18883],[77.54783,28.18868],[77.54797,28.18844],[77.54807,28.18827],[77.54818,28.18805],[77.54826,28.18785],[77.54833,28.18768],[77.54841,28.18752],[77.54851,28.18732],[77.54858,28.18717],[77.54868,28.18693],[77.54872,28.18675],[77.54875,28.18622],[77.54893,28.18586],[77.54895,28.18571],[77.54899,28.18551],[77.54912,28.18519],[77.54925,28.1848],[77.54933,28.18459],[77.54949,28.18421],[77.5495,28.18411],[77.54954,28.18386],[77.54964,28.18345],[77.54979,28.18309],[77.54982,28.18299],[77.54987,28.18281],[77.54995,28.1823],[77.55004,28.18197],[77.55007,28.18177],[77.55015,28.18133],[77.55013,28.18103],[77.55014,28.18073],[77.55017,28.18061],[77.55022,28.18042],[77.55026,28.18014],[77.55028,28.18],[77.55026,28.17971],[77.55023,28.1794],[77.55022,28.17929],[77.55018,28.17907],[77.55008,28.1788],[77.55004,28.17841],[77.55003,28.17818],[77.54991,28.17781],[77.54986,28.17766],[77.54974,28.17718],[77.54952,28.17676],[77.54936,28.17626],[77.54906,28.17582],[77.54888,28.17545],[77.54851,28.17488],[77.54826,28.17442],[77.54804,28.17414],[77.54779,28.17385],[77.54771,28.17375],[77.54762,28.17363],[77.5473,28.17314],[77.54698,28.17269],[77.54674,28.17235],[77.54658,28.17214],[77.54631,28.17181],[77.54605,28.17146],[77.54576,28.17116],[77.54543,28.17082],[77.54512,28.17048],[77.54492,28.17026],[77.54452,28.16979],[77.54415,28.1695],[77.54383,28.16917],[77.5437,28.16903],[77.54327,28.16877],[77.54311,28.16863],[77.54278,28.16842],[77.54238,28.16803],[77.54224,28.16796],[77.54192,28.16781],[77.54152,28.16755],[77.54116,28.16728],[77.54068,28.16706],[77.54045,28.16698],[77.53993,28.16674],[77.5397,28.16655],[77.53928,28.16632],[77.53883,28.16613],[77.53831,28.16585],[77.53797,28.16573],[77.53755,28.16563],[77.53714,28.16549],[77.53698,28.16547],[77.53642,28.16539],[77.53593,28.16529],[77.53539,28.16519],[77.53511,28.16514],[77.5346,28.16493],[77.53415,28.16458],[77.5337,28.16442],[77.53328,28.16421],[77.53291,28.16396],[77.53248,28.16372],[77.532,28.16354],[77.53188,28.16349],[77.53096,28.16322],[77.53064,28.16312],[77.53039,28.16297],[77.53019,28.16287],[77.52986,28.1628],[77.52955,28.16267],[77.52933,28.16256],[77.52895,28.16244],[77.52848,28.16239],[77.52818,28.16233],[77.52775,28.16229],[77.52734,28.16224],[77.52662,28.16221],[77.52618,28.16213],[77.52571,28.1621],[77.52554,28.16202],[77.52529,28.16188],[77.525,28.16172],[77.52475,28.16158],[77.52463,28.16151],[77.52434,28.16141],[77.52378,28.1613],[77.52307,28.16123],[77.52245,28.16139],[77.52204,28.16151],[77.52156,28.16175],[77.52142,28.16183],[77.52099,28.16206],[77.52077,28.16215],[77.52053,28.16225],[77.52007,28.16249],[77.51961,28.16268],[77.51912,28.16291],[77.51898,28.16298],[77.51855,28.16322],[77.51773,28.16329],[77.51747,28.16331],[77.51696,28.16333],[77.51646,28.16338],[77.51603,28.16348],[77.51579,28.16361],[77.51551,28.16389],[77.51537,28.16433],[77.51501,28.16506],[77.5148,28.16551],[77.51441,28.16586],[77.51417,28.16605],[77.51388,28.16635],[77.51359,28.1665],[77.51331,28.16664],[77.51252,28.1668],[77.51203,28.16674],[77.51191,28.16672],[77.51124,28.16652],[77.51089,28.16629],[77.5105,28.16603],[77.51005,28.16577],[77.50886,28.16514],[77.50818,28.16469],[77.50772,28.16446],[77.50727,28.16418],[77.50685,28.16373],[77.50659,28.16349],[77.50605,28.1631],[77.50564,28.16292],[77.50512,28.16253],[77.50477,28.16234],[77.50454,28.16226],[77.5044,28.1622],[77.50394,28.16198],[77.50375,28.16189],[77.50347,28.16174],[77.50332,28.16165],[77.50313,28.16153],[77.50295,28.16141],[77.50285,28.16133],[77.50273,28.16124],[77.50264,28.16112],[77.50255,28.16101],[77.50236,28.16078],[77.5023,28.16055],[77.50225,28.15999],[77.50228,28.15973],[77.50236,28.15943],[77.50237,28.15918],[77.50242,28.15895],[77.50235,28.15875],[77.50232,28.15851],[77.5021,28.15787],[77.50193,28.15753],[77.50189,28.15711],[77.50159,28.15659],[77.5015,28.15623],[77.50138,28.15585],[77.50122,28.15551],[77.5012,28.15509],[77.5012,28.15499],[77.50121,28.15451],[77.50127,28.15418],[77.50137,28.15388],[77.50153,28.15364],[77.50165,28.15342],[77.50186,28.15307],[77.50196,28.15299],[77.50208,28.15289],[77.50228,28.1527],[77.50257,28.15249],[77.50274,28.15237],[77.50302,28.1522],[77.50339,28.15195],[77.50374,28.15174],[77.50396,28.15159],[77.5041,28.15146],[77.50467,28.15096],[77.50492,28.15066],[77.50517,28.15025],[77.50525,28.14996],[77.50541,28.14963],[77.50546,28.14943],[77.50548,28.14917],[77.50552,28.14887],[77.50561,28.14862],[77.50564,28.14839],[77.50563,28.14819],[77.50566,28.14788],[77.50567,28.14772],[77.50564,28.1474],[77.50554,28.14708],[77.50546,28.14687],[77.50535,28.14665],[77.50526,28.14643],[77.5052,28.14629],[77.50515,28.14615],[77.50508,28.14599],[77.50492,28.14554],[77.50487,28.14542],[77.50473,28.14512],[77.50451,28.14486],[77.50436,28.14466],[77.50432,28.14456],[77.50411,28.14429],[77.50384,28.14402],[77.50361,28.14369],[77.50335,28.14343],[77.50315,28.14328],[77.50284,28.14304],[77.50247,28.14278],[77.50214,28.14262],[77.50179,28.14249],[77.50132,28.14233],[77.50109,28.14228],[77.50074,28.1422],[77.50064,28.14218],[77.50053,28.14212],[77.50009,28.14188],[77.49975,28.14159],[77.4994,28.14132],[77.49846,28.1409],[77.49808,28.14068],[77.49723,28.14025],[77.49643,28.14007],[77.49599,28.13996],[77.49432,28.13945],[77.49415,28.13938],[77.49361,28.13917],[77.4933,28.13897],[77.49284,28.13866],[77.49256,28.13839],[77.4924,28.13824],[77.49205,28.13772],[77.49196,28.13713],[77.49197,28.137],[77.492,28.13651],[77.49219,28.13605],[77.49288,28.13498],[77.49338,28.13434],[77.49379,28.13355],[77.49419,28.13291],[77.49441,28.13282],[77.49543,28.1327],[77.49587,28.13256],[77.49644,28.13234],[77.49719,28.13216],[77.49783,28.13201],[77.49902,28.13193],[77.50019,28.13234],[77.50064,28.1323],[77.50128,28.13225],[77.5028,28.13221],[77.50352,28.13219],[77.50451,28.13212],[77.50515,28.13197],[77.50588,28.13175],[77.50626,28.13164],[77.5075,28.13124],[77.50818,28.13101],[77.50847,28.13081],[77.50888,28.13063],[77.50919,28.13048],[77.50964,28.13019],[77.50997,28.13003],[77.51042,28.12971],[77.51069,28.12952],[77.51101,28.12931],[77.51131,28.12911],[77.51166,28.12882],[77.51194,28.12855],[77.51215,28.1283],[77.51226,28.12817],[77.51241,28.12795],[77.51265,28.12754],[77.51279,28.12728],[77.51289,28.12706],[77.51298,28.12676],[77.51302,28.12651],[77.51307,28.12613],[77.51305,28.12585],[77.51303,28.12561],[77.513,28.12526],[77.51296,28.12518],[77.51285,28.12495],[77.51275,28.1247],[77.51259,28.12437],[77.51246,28.12389],[77.51241,28.12368],[77.51219,28.12322],[77.51193,28.12276],[77.51157,28.12221],[77.51136,28.12188],[77.51104,28.12134],[77.51088,28.1212],[77.51071,28.12108],[77.51036,28.12041],[77.51005,28.12008],[77.50951,28.11958],[77.5091,28.1192],[77.50865,28.11878],[77.50834,28.11859],[77.50819,28.1185],[77.50783,28.11831],[77.5072,28.11812],[77.50691,28.118],[77.5064,28.11766],[77.50568,28.1171],[77.50498,28.11674],[77.5045,28.11626],[77.50407,28.11585],[77.50401,28.11575],[77.50385,28.11565],[77.50372,28.1156],[77.50339,28.11544],[77.50318,28.11526],[77.50315,28.11524],[77.50246,28.11479],[77.50207,28.11445],[77.50181,28.11409],[77.50168,28.11381],[77.50155,28.11348],[77.50132,28.11329],[77.50103,28.11316],[77.50081,28.1129],[77.50078,28.1125],[77.50064,28.11228],[77.50046,28.11189],[77.5004,28.11161],[77.50038,28.11143],[77.50038,28.11119],[77.50027,28.11094],[77.50016,28.11072],[77.5001,28.11041],[77.49969,28.11001],[77.49938,28.10967],[77.49913,28.10862],[77.49896,28.10788],[77.49892,28.10774],[77.49877,28.10709],[77.49865,28.10596],[77.49861,28.10535],[77.49854,28.10444],[77.49873,28.10387],[77.49881,28.10319],[77.49898,28.10203],[77.49928,28.10134],[77.49989,28.09981],[77.50021,28.09897],[77.50052,28.09852],[77.50064,28.09835],[77.50083,28.09808],[77.50105,28.09756],[77.50118,28.09699],[77.50108,28.09623],[77.5009,28.09582],[77.50064,28.09541],[77.50058,28.09532],[77.50008,28.09467],[77.50002,28.09458],[77.49972,28.09439],[77.49905,28.09433],[77.49896,28.09432],[77.49817,28.09427],[77.49738,28.09421],[77.49608,28.09423],[77.49566,28.09423],[77.49519,28.09423],[77.49419,28.09437],[77.49337,28.0948],[77.49282,28.09507],[77.49234,28.09552],[77.49191,28.09612],[77.49148,28.09673],[77.49133,28.09713],[77.49131,28.09854],[77.49131,28.09861],[77.49114,28.10009],[77.49113,28.1002],[77.49102,28.10141],[77.49108,28.10243],[77.49102,28.10349],[77.49091,28.10461],[77.49087,28.10486],[77.49072,28.10516],[77.49047,28.10546],[77.49009,28.10558],[77.48963,28.10623],[77.48918,28.10658],[77.48872,28.10684],[77.48813,28.10692],[77.48726,28.10696],[77.48633,28.10692],[77.4859,28.10692],[77.48529,28.10692],[77.48455,28.10716],[77.48402,28.10728],[77.48326,28.10716],[77.48275,28.107],[77.48273,28.10654],[77.48264,28.10445],[77.48275,28.10327],[77.48265,28.10074],[77.48263,28.10065],[77.48246,28.09963],[77.48228,28.09922],[77.48209,28.09848],[77.48186,28.09809],[77.4808,28.09682],[77.4795,28.09542],[77.47938,28.09511],[77.47934,28.09471],[77.47932,28.09463],[77.47929,28.09451],[77.47893,28.09312],[77.47876,28.09246],[77.47848,28.09143],[77.478,28.08961],[77.47729,28.08871],[77.47722,28.08796],[77.47742,28.08731],[77.47751,28.08659],[77.48148,28.08016],[77.48205,28.08001],[77.48347,28.07862],[77.48384,28.07817]]]}},{"type":"Feature","properties":{"canonical_city_id":"delhi_ncr","component_id":"delhi_nct","district_name":"North West","source_shape_id":"76128533B71353370080255","source":"geoBoundaries gbOpen IND ADM2","boundary_year":"2021"},"geometry":{"type":"Polygon","coordinates":[[[76.96688295800004,28.69734386600004],[76.96691890100004,28.69735350800005],[76.96718766300006,28.697319398000047],[76.96750201000003,28.69727950400005],[76.97012498300006,28.69700798100007],[76.97019228500005,28.696993812000073],[76.97021007700005,28.69699006700006],[76.97101697000005,28.696430621000047],[76.97117297000005,28.69631765500003],[76.97140965900007,28.696183173000065],[76.97260924100004,28.69531710700005],[76.97339213400005,28.694767527000067],[76.97342151400005,28.694746902000077],[76.97432760400005,28.69453342500003],[76.97599510800006,28.694140557000026],[76.97650384700006,28.69402069800003],[76.97675667400006,28.69375711300006],[76.97734301600008,28.693176150000056],[76.97737617000007,28.69317509700005],[76.97768191200004,28.693165391000036],[76.98253403300004,28.692756565000025],[76.98254476600005,28.69275286100003],[76.98565350700005,28.69250124000007],[76.98569167700003,28.692492980000054],[76.98937649100003,28.692180981000035],[76.99688598100005,28.69156236200007],[77.00094734600003,28.691244984000036],[77.00428250700008,28.690959881000026],[77.00937669500007,28.69054029700004],[77.00944575600005,28.690544427000077],[77.04071276900004,28.687956330000077],[77.04396764200004,28.68767785700004],[77.04401073300005,28.687674171000026],[77.06013255000005,28.686294859000043],[77.06358047000003,28.685999871000035],[77.06474852400004,28.685899937000045],[77.07615215500005,28.68483168100005],[77.07625898100008,28.685018626000044],[77.07649933800008,28.685018626000044],[77.07663287000008,28.684804975000077],[77.07970410500008,28.684618030000024],[77.09056054700005,28.683625557000028],[77.09160659400004,28.683529930000077],[77.09343792600004,28.683362513000077],[77.09345462100003,28.68336098700007],[77.09401873400003,28.683309417000032],[77.09535405400004,28.68328271100006],[77.09503357700004,28.681386557000053],[77.09573795100005,28.679779704000055],[77.09588818200007,28.679436989000067],[77.09692973100005,28.67941028300004],[77.10168346900008,28.678929568000058],[77.10189712100004,28.67919663200007],[77.10243124800007,28.679063100000064],[77.10243124800007,28.67879603600005],[77.10806629700005,28.678128376000075],[77.10854701300008,28.67791472500005],[77.12246104500008,28.67609869000006],[77.13450562900005,28.674496306000037],[77.13455904100005,28.674603132000072],[77.13498634400008,28.674603132000072],[77.13498634400008,28.67425594900004],[77.13637507600004,28.674149123000063],[77.13653531500006,28.67422924300007],[77.13957984400008,28.673801940000033],[77.13974008200006,28.67398888400004],[77.14014067800008,28.674095710000074],[77.14046115500008,28.67393547200004],[77.14054127400004,28.673668408000026],[77.14334544600007,28.673347931000023],[77.14363921600005,28.673160987000074],[77.14433358200006,28.67305416100004],[77.14428619300008,28.67260396900008],[77.14428016900007,28.67254674000003],[77.14465021300003,28.672567297000057],[77.14476088400005,28.672573446000058],[77.14526095200006,28.672259970000027],[77.14655021300007,28.671451777000073],[77.14688263100004,28.671320386000048],[77.14741572000008,28.67110968000003],[77.14915634200008,28.670421687000044],[77.15020777700005,28.670006100000023],[77.15330693100003,28.668781138000043],[77.15532806200008,28.668219713000042],[77.15653187700008,28.66788532000004],[77.15763336700007,28.66757935000004],[77.15869407100007,28.667086288000064],[77.15928541700004,28.666811405000033],[77.15935791900006,28.666777703000037],[77.16112961700003,28.665954140000053],[77.16148826300008,28.66575419800006],[77.16241047800008,28.665358740000045],[77.16318013400007,28.66502870100004],[77.16326902900005,28.66496274600007],[77.16417518300005,28.66456415300007],[77.16509567500003,28.66411107600004],[77.16512278800008,28.664074997000057],[77.16545985800008,28.663626455000042],[77.16548434300006,28.663609316000077],[77.16551563300004,28.66367563700004],[77.16556595900005,28.66380424500005],[77.16640318100008,28.663683736000053],[77.16642375000004,28.663680775000046],[77.16667269300007,28.663644943000065],[77.16669457300003,28.663641793000068],[77.16670662400008,28.66364470600007],[77.16745364800005,28.663825321000047],[77.16802253600008,28.663962867000066],[77.16816111600008,28.663996372000042],[77.16895543500004,28.664667386000076],[77.16927086900006,28.664934070000072],[77.16968861500004,28.666364370000053],[77.16970387200007,28.666416608000077],[77.16976695900007,28.666479695000078],[77.17042937000008,28.66621587800006],[77.17068790000008,28.666171976000044],[77.17118927700005,28.666086837000023],[77.17120505200006,28.66611049900007],[77.17125810000005,28.666190070000027],[77.17186315800006,28.66615852600006],[77.17247395200008,28.666098307000027],[77.17283296800008,28.666011877000074],[77.17293850000004,28.665986471000053],[77.17310768700008,28.665929120000044],[77.17320968900003,28.66588593700004],[77.17350054500008,28.66576280000004],[77.17426618800005,28.665318326000033],[77.17475080800006,28.665063111000052],[77.17488558400004,28.664982820000034],[77.17486392800004,28.664942600000074],[77.17484543900008,28.66490826300003],[77.17486264400003,28.664885322000032],[77.17525855700006,28.66471020700004],[77.17560821400008,28.664555550000046],[77.17627636000003,28.664248720000046],[77.17641872300004,28.664198299000077],[77.17655164700005,28.664151222000044],[77.17687568300005,28.664050857000063],[77.17729148200004,28.66395622700003],[77.17783918900005,28.66386159600006],[77.17872813800005,28.663744026000074],[77.17981495000004,28.663609250000036],[77.18036265700005,28.663551899000026],[77.18037490400008,28.663564145000066],[77.18038273100007,28.663571972000057],[77.18056912300005,28.664025048000042],[77.18069529600007,28.66437489300006],[77.18095051100005,28.664959879000037],[77.18101515500007,28.665071927000042],[77.18103653800006,28.665108993000047],[77.18070103100007,28.66514913900005],[77.18020207300003,28.665169212000023],[77.17976620100006,28.665200755000058],[77.17877115200008,28.66542442700006],[77.17858475900005,28.66546170500004],[77.17752949100003,28.66573412400004],[77.17746453100006,28.66575295000007],[77.17721238300004,28.665826022000033],[77.17682693500007,28.66593772300007],[77.17638420300005,28.666070542000057],[77.17633944600004,28.666083970000045],[77.17632797600004,28.666118380000057],[77.17626527500005,28.666161487000068],[77.17605794000008,28.66630403000005],[77.17600442800006,28.66631595900003],[77.17447071700008,28.666657869000062],[77.17189458200005,28.667232167000066],[77.17176720500004,28.667279095000026],[77.17138716000005,28.66741911200006],[77.17189073900005,28.668325553000045],[77.17192128800008,28.66838054200008],[77.17213493900005,28.669021495000038],[77.17201960400007,28.669034311000075],[77.17141386700007,28.669101614000056],[77.17141068000006,28.669136663000074],[77.17131079700005,28.66914574300006],[77.17111519400004,28.669667352000033],[77.17059358400007,28.669732553000074],[77.17052838300003,28.671623387000068],[77.17069893400003,28.67216915100005],[77.17069279400005,28.672279675000027],[77.17075196400003,28.67233884500007],[77.17101327100005,28.67260015200003],[77.17084834800005,28.672647273000052],[77.17085438900006,28.672666605000074],[77.16988665300005,28.672624530000064],[77.16955275700008,28.672610012000064],[77.16946430000007,28.672760391000054],[77.16867031400005,28.674413178000066],[77.16815568700008,28.675484443000073],[77.16825155400005,28.67552166200005],[77.16868109900008,28.67568842600008],[77.17038873500007,28.676351391000026],[77.17042573000003,28.676365754000074],[77.17133374800005,28.676712937000048],[77.17293613100003,28.677060121000068],[77.17357708500003,28.67708682700004],[77.17403109300005,28.67714023900004],[77.17405780000007,28.67743401000007],[77.17413791900003,28.677888018000033],[77.17627443100008,28.678315320000024],[77.17870471300006,28.679116513000054],[77.17886495100004,28.67879603600005],[77.17891836400008,28.67842214600006],[77.18433976200004,28.680158062000032],[77.18455341300006,28.679971117000036],[77.18474035800006,28.68023818200004],[77.18532789900007,28.680505245000063],[77.18994810500004,28.68200080300005],[77.19112318600008,28.682241161000036],[77.19219144300007,28.682748582000045],[77.19585021800003,28.683923664000076],[77.19643775900005,28.684083902000054],[77.19630422800003,28.684564618000024],[77.19411187700007,28.687443728000062],[77.19375348900007,28.687199718000045],[77.19324207600005,28.686886609000055],[77.19268891500008,28.686604810000063],[77.19227143500007,28.68626038900004],[77.19149909800007,28.685655044000043],[77.19111416000004,28.685423384000046],[77.19072242700008,28.68511787500006],[77.19041970900008,28.68492307500003],[77.19008083800003,28.68470501200005],[77.18994721000007,28.68464581300003],[77.18947310300007,28.684435780000058],[77.18919252200004,28.684266923000052],[77.18755391300004,28.683431963000032],[77.18648084200004,28.68427700600006],[77.18571360300007,28.684881207000046],[77.18523738100004,28.68525623200003],[77.18504903400003,28.685404556000037],[77.18465242900004,28.685957716000075],[77.18437870200006,28.68641718500004],[77.18436019200004,28.686448255000073],[77.18406795600004,28.686886609000055],[77.18391140200004,28.687074474000042],[77.18369222500007,28.687398022000025],[77.18336208200003,28.687870451000038],[77.18323162000007,28.68798259600004],[77.18279464300008,28.68835822500006],[77.18248153300004,28.688546091000035],[77.18144827100008,28.689026193000075],[77.17866159300007,28.689109689000077],[77.17651604600007,28.687945401000036],[77.17247161500006,28.69052129100004],[77.16794889300007,28.689709520000065],[77.16574551600007,28.688549848000036],[77.16346471100007,28.688908620000063],[77.16133876200007,28.692144832000054],[77.15785974500005,28.693652405000023],[77.14505120100006,28.695405289000064],[77.13721389200003,28.700831120000032],[77.12817084200003,28.707462690000057],[77.11551057300005,28.714094259000035],[77.11008474300007,28.71771147900006],[77.10285030300008,28.72193156900005],[77.09320438300006,28.728563138000027],[77.08611575600008,28.735106487000053],[77.08536707300004,28.735797578000074],[77.08898429300007,28.749663588000033],[77.08295559300007,28.749060718000067],[77.07029532400009,28.756295157000068],[77.05823792500007,28.755692288000034],[77.04798913500008,28.754486548000045],[77.04643,28.75483095800007],[77.03369036300006,28.76116276600004],[77.03339584600008,28.761636097000064],[77.02904662000003,28.76628875800003],[77.02520311700005,28.771851722000065],[77.02176419400007,28.775796369000034],[77.01893214000006,28.777414686000043],[77.01690924400003,28.779235293000056],[77.01610008600005,28.78055017400004],[77.01569550600004,28.78095475400005],[77.01427948000008,28.781561623000073],[77.01276230700006,28.782067347000066],[77.01134628000005,28.782775360000073],[77.00891880500006,28.783078794000062],[77.00669361900003,28.78338222900004],[77.00376042000005,28.784393677000025],[77.00062493200005,28.78550627000004],[76.99759058800004,28.786416572000064],[76.99536540100007,28.78752916600007],[76.99263449200004,28.78864175900003],[76.98960014800008,28.78985549600003],[76.98656580400007,28.791372668000065],[76.98332917100004,28.79268755000004],[76.98130627500007,28.79390128800003],[76.97918223400006,28.79521617100005],[76.97614789000005,28.797137921000058],[76.97503529800008,28.798149370000033],[76.97412499400008,28.799767686000052],[76.97260782200004,28.800677989000064],[76.97109065000006,28.801992872000028],[76.96977576800003,28.803914623000026],[76.96997805700005,28.80543179500006],[76.96927004300005,28.806746677000035],[76.96876432000005,28.808364995000034],[76.96755058200006,28.810893614000065],[76.96643798900004,28.813219944000025],[76.96588539400005,28.81498954500006],[76.96587845700003,28.815032381000037],[76.96587661500007,28.815043752000065],[76.96349738600003,28.81544755400006],[76.9631419779508,28.815504629898527],[76.96308881900006,28.815499485000032],[76.96300068200003,28.81549095500003],[76.96238312300005,28.815936971000042],[76.96226,28.81581],[76.96203381200007,28.815696906000028],[76.96202,28.81569],[76.9619,28.81542],[76.96179,28.8152],[76.96165,28.81494],[76.96105,28.81498],[76.96042,28.81534],[76.96033,28.81518],[76.95993,28.81527],[76.9596,28.81528],[76.95935,28.81529],[76.95903,28.81523],[76.9587,28.81561],[76.95838,28.81571],[76.95817,28.81602],[76.95772,28.81619],[76.95686,28.81644],[76.95563,28.8168],[76.95509,28.81698],[76.95441,28.81719],[76.95369,28.81741],[76.95351,28.81746],[76.95316,28.81756],[76.95177,28.8179],[76.95113,28.81817],[76.95079,28.81778],[76.95059,28.81749],[76.94964,28.81606],[76.9491,28.81606],[76.94885,28.81572],[76.94839,28.81499],[76.94814,28.81405],[76.94799,28.81388],[76.94742,28.81362],[76.94715,28.8133],[76.94708,28.81297],[76.94711,28.81269],[76.94712,28.81241],[76.94681,28.812],[76.94644,28.8117],[76.94607,28.8111],[76.94584,28.81033],[76.94589,28.80994],[76.94592,28.80979],[76.94592,28.80943],[76.94598,28.80922],[76.94589,28.80883],[76.94576,28.80782],[76.9455,28.80735],[76.94552,28.807],[76.94564,28.80671],[76.94592,28.80638],[76.94601,28.80607],[76.94593,28.80555],[76.9458,28.80524],[76.94557,28.80468],[76.94543,28.80431],[76.94489,28.8034],[76.9445,28.80283],[76.94358,28.80154],[76.94327,28.80106],[76.94306,28.80063],[76.94262,28.79982],[76.94236,28.79922],[76.94221,28.79882],[76.94213,28.79829],[76.9427,28.79819],[76.94288,28.79824],[76.943,28.79818],[76.94331,28.79823],[76.94419,28.7982],[76.94482,28.79811],[76.94536,28.79791],[76.94616,28.79768],[76.9464,28.79761],[76.94661,28.7974],[76.94674,28.79728],[76.94713,28.7968],[76.94739,28.79651],[76.94798,28.79588],[76.94836,28.79546],[76.94894,28.79505],[76.94925,28.79482],[76.94952,28.79463],[76.94972,28.79449],[76.94994,28.79433],[76.95017,28.79416],[76.95031,28.79404],[76.95091,28.79358],[76.95129,28.79331],[76.95143,28.79317],[76.95168,28.79296],[76.95189,28.79276],[76.95224,28.79242],[76.9525,28.79216],[76.95275,28.79195],[76.95319,28.79153],[76.95339,28.79118],[76.9537,28.79056],[76.95371,28.79054],[76.95369,28.79046],[76.95364,28.79041],[76.95353,28.79027],[76.95324,28.78997],[76.95284,28.78948],[76.95223,28.78884],[76.95146,28.78762],[76.95108,28.78705],[76.95067,28.78567],[76.95038,28.7846],[76.95012,28.78358],[76.95003,28.78322],[76.94985,28.78257],[76.9499,28.78188],[76.94994,28.78142],[76.94998,28.78099],[76.94996,28.78077],[76.94994,28.78044],[76.94977,28.77991],[76.94957,28.77941],[76.94942,28.77904],[76.94942,28.77855],[76.9494,28.77825],[76.94943,28.77797],[76.94946,28.77706],[76.94969,28.77643],[76.95002,28.7759],[76.95047,28.77536],[76.95095,28.77473],[76.95146,28.77412],[76.95194,28.77344],[76.95246,28.77274],[76.9528,28.77233],[76.95335,28.77198],[76.95364,28.77152],[76.95393,28.77107],[76.95423,28.77053],[76.95455,28.77007],[76.95494,28.7693],[76.95499,28.76922],[76.95509,28.76906],[76.95522,28.76889],[76.9553,28.76873],[76.95538,28.76858],[76.95546,28.76838],[76.95554,28.76796],[76.95562,28.76769],[76.95571,28.76743],[76.95536,28.76735],[76.95507,28.76722],[76.95471,28.76708],[76.95419,28.76659],[76.95361,28.76608],[76.95282,28.7653],[76.95166,28.76421],[76.95104,28.76371],[76.95073,28.76332],[76.95039,28.7629],[76.94997,28.76247],[76.94936,28.76171],[76.94876,28.76105],[76.94835,28.76054],[76.94766,28.75978],[76.94709,28.7592],[76.94654,28.75852],[76.94593,28.7577],[76.94576,28.75725],[76.94567,28.75709],[76.94545,28.75674],[76.94532,28.75632],[76.94527,28.75621],[76.94506,28.75572],[76.94492,28.75525],[76.94472,28.75464],[76.94449,28.75383],[76.945,28.75356],[76.94545,28.75327],[76.94576,28.75303],[76.94617,28.75277],[76.94664,28.7525],[76.94731,28.75216],[76.94792,28.7518],[76.94911,28.75119],[76.95024,28.75062],[76.95124,28.7497],[76.95186,28.7491],[76.95224,28.74876],[76.95308,28.74806],[76.95356,28.74771],[76.95392,28.74764],[76.95448,28.74725],[76.95495,28.74665],[76.95549,28.74618],[76.95603,28.74563],[76.95635,28.74519],[76.95763,28.74443],[76.95815,28.74413],[76.95825,28.74397],[76.95841,28.74352],[76.95854,28.74313],[76.95846,28.74287],[76.95797,28.74214],[76.95693,28.7407],[76.95669,28.74017],[76.95606,28.73941],[76.95591,28.73885],[76.95597,28.73856],[76.95662,28.73778],[76.95708,28.737],[76.95728,28.73674],[76.95739,28.7366],[76.958,28.73605],[76.95849,28.73556],[76.95889,28.7351],[76.95953,28.73407],[76.95974,28.73255],[76.95968,28.73141],[76.95961,28.73076],[76.95974,28.72986],[76.95977,28.72973],[76.95971,28.72943],[76.95929,28.72863],[76.95844,28.72748],[76.95732,28.72581],[76.95632,28.7241],[76.95591,28.72355],[76.9556,28.72307],[76.95515,28.72248],[76.95487,28.72216],[76.95451,28.72185],[76.95349,28.72071],[76.95234,28.71937],[76.95111,28.71756],[76.94943,28.71503],[76.94884,28.71382],[76.94813,28.71261],[76.9487,28.71218],[76.94936,28.71166],[76.95011,28.71104],[76.95069,28.71056],[76.95117,28.71007],[76.95163,28.70981],[76.95292,28.70897],[76.95417,28.70822],[76.95646,28.70678],[76.95663,28.70654],[76.95663,28.70651],[76.95669,28.70648],[76.95753,28.70595],[76.95884,28.70545],[76.95934,28.70504],[76.96008,28.70462],[76.96097,28.70406],[76.96147,28.7037],[76.96255,28.703],[76.96325,28.70249],[76.96369,28.70212],[76.96411,28.70179],[76.96487,28.70118],[76.96526,28.70093],[76.96656,28.70004],[76.96732,28.6995],[76.9674,28.6995],[76.96748,28.69949],[76.96757,28.69945],[76.9678,28.69935],[76.968,28.6993],[76.968,28.69916],[76.96786,28.69906],[76.96668,28.69832],[76.96667,28.69825],[76.96657,28.69816],[76.96645,28.69807],[76.96641,28.69799],[76.96635,28.69788],[76.96612,28.69761],[76.96602,28.69751],[76.96688295800004,28.69734386600004]]]}},{"type":"Feature","properties":{"canonical_city_id":"delhi_ncr","component_id":"delhi_nct","district_name":"New Delhi","source_shape_id":"76128533B58262202014972","source":"geoBoundaries gbOpen IND ADM2","boundary_year":"2021"},"geometry":{"type":"Polygon","coordinates":[[[77.11945829200005,28.488962984000068],[77.12016749800006,28.488677236000058],[77.12131737500005,28.488398373000052],[77.12328318300007,28.487902618000078],[77.12333738400008,28.487873259000025],[77.12344843500006,28.487813106000033],[77.12391320600005,28.48766506900006],[77.12461208300005,28.487448175000054],[77.12475851200008,28.487401470000066],[77.12501144200007,28.487320794000027],[77.12504931200004,28.48731390900008],[77.12534194500006,28.487255382000058],[77.12536547400003,28.487250751000033],[77.12661360800007,28.487005107000073],[77.12663641800003,28.487000618000025],[77.12665251100003,28.48593527500003],[77.12665312500008,28.48589456800005],[77.12665363200006,28.485861069000066],[77.12646772300008,28.48558220700005],[77.12600295200008,28.485571879000076],[77.12599330100005,28.485449043000074],[77.12596508300004,28.485089894000055],[77.12593754000005,28.48507268000003],[77.12545307800008,28.484513897000056],[77.12533161800008,28.48437380300004],[77.12658133400004,28.48442200200003],[77.12713459900004,28.48444208400008],[77.12841682900006,28.48448862500004],[77.12847828700006,28.484490857000026],[77.12901363200007,28.48408171400007],[77.12938373000003,28.48379886400005],[77.12956275200008,28.48361295600006],[77.13023408800007,28.48416035300005],[77.13200710300003,28.485651062000045],[77.13269909400003,28.48622944300007],[77.13308812500003,28.48650142100007],[77.13306994600003,28.48652565900005],[77.13304681100004,28.486556504000077],[77.13340830000004,28.486811268000054],[77.13354034500003,28.486888538000073],[77.13387307100004,28.487083244000075],[77.13463736100005,28.48744128900006],[77.13492310800007,28.48757555700007],[77.13747074000008,28.488842488000046],[77.13994951800004,28.490054334000035],[77.14010099800004,28.490112861000057],[77.14024559400008,28.490181716000052],[77.14035699200008,28.490247101000023],[77.14072069300005,28.490460578000068],[77.14130940300004,28.490753212000072],[77.14136506200003,28.49069513300003],[77.14246413400008,28.491183609000075],[77.14274475900004,28.49128549200003],[77.14665703900005,28.492705874000023],[77.14580243400007,28.493507066000063],[77.14582914000005,28.498394337000036],[77.14577901300004,28.498611554000036],[77.14526830600005,28.500824618000024],[77.14647009400005,28.500771205000035],[77.14788553300008,28.500183665000066],[77.14825942200008,28.499943307000024],[77.14866001800004,28.50002342600004],[77.14892708200006,28.49999672000007],[77.15159772200008,28.50087803100007],[77.15231879500004,28.50093144400006],[77.15263927100006,28.50095815000003],[77.15362740800003,28.50181275500006],[77.15563038700003,28.503895854000064],[77.15688558800008,28.505551651000076],[77.16149147000004,28.505468286000053],[77.16278770100007,28.50544482500004],[77.16310817800007,28.505872127000032],[77.16329512300007,28.50589883300006],[77.16358889300005,28.50549823700004],[77.16492421300006,28.50552494300007],[77.16508445200003,28.505364706000023],[77.16497762600005,28.505124348000038],[77.16553846000005,28.504830578000053],[77.16596576200004,28.504857284000025],[77.16609929400005,28.504750458000046],[77.16625953300007,28.504429982000033],[77.16658001000008,28.504403276000062],[77.16700731200007,28.50418962400005],[77.16714084400007,28.50782169400003],[77.16941088800007,28.50728756600006],[77.16991830800004,28.508329115000038],[77.17007854700006,28.50955761000006],[77.17042573000003,28.50950419700007],[77.17066608800008,28.510251976000063],[77.17344355300008,28.50899677500007],[77.17403109300005,28.50864959200004],[77.17424474400008,28.508355822000055],[77.17461863400007,28.508195584000077],[77.17488569900007,28.508088758000042],[77.17512605600007,28.507955225000046],[77.17549994500007,28.507955225000046],[77.17566018400004,28.508035345000053],[77.17584712900003,28.508516060000034],[77.17582042200007,28.508863243000064],[77.17606078000006,28.51009173800003],[77.17619431200006,28.510625866000055],[77.17504593700005,28.51091963600004],[77.17576700900008,28.513910752000072],[77.17574030300005,28.51412440300004],[77.17539311900003,28.514338054000063],[77.17509935000004,28.514391467000053],[77.17507264300008,28.515192659000036],[77.17517946800007,28.515726787000062],[77.17480557900006,28.51594043800003],[77.17501923000003,28.516421153000067],[77.17499252400006,28.51679504200007],[77.17525958800007,28.517382584000075],[77.17499252400006,28.517542821000063],[77.17488569900007,28.517435996000074],[77.17453851500005,28.516848456000048],[77.17411121300006,28.516981987000065],[77.17419133200008,28.51722234500005],[77.17395097500008,28.517462703000035],[77.17339014000004,28.51732917000004],[77.17301625100004,28.517355877000057],[77.17224176500008,28.51805024300006],[77.17272248000006,28.518824728000027],[77.17282930600004,28.51898496700005],[77.17331002100008,28.519812865000063],[77.17347025900006,28.52042711300004],[77.17304295700006,28.520614057000046],[77.17234859100006,28.520614057000046],[77.17197470100007,28.520614057000046],[77.17165422500005,28.520640764000063],[77.17197470100007,28.52120159800006],[77.17152069300005,28.52128171700008],[77.17106668300005,28.52259033000007],[77.17120021600005,28.522884101000045],[77.17087973900004,28.52307104600004],[77.17010525300003,28.523044339000023],[77.16959783200008,28.522857395000074],[77.16941088800007,28.522777275000067],[77.16946430000007,28.52224314700004],[77.16794203600006,28.52213632200005],[77.16815568700008,28.52264374400005],[77.16960995300008,28.526819361000037],[77.17085303200008,28.53038859800006],[77.17285601200007,28.536370831000056],[77.17913201500005,28.546011839000073],[77.18028039000006,28.54932343200005],[77.18239019600003,28.55175371400003],[77.18399257900006,28.55071216500005],[77.18476706400008,28.55170030100004],[77.18476706400008,28.55204748400007],[77.18490960600008,28.552279115000033],[77.18498071500005,28.552394668000034],[77.18560325000004,28.554152130000034],[77.18743057400008,28.559310804000063],[77.18845254700005,28.562195915000075],[77.18909350000007,28.565934810000044],[77.18952080300005,28.568712275000053],[77.18992139900007,28.575842882000074],[77.18968104100003,28.579421539000066],[77.19058905800006,28.581344400000035],[77.19078768700007,28.58160144900006],[77.20317138300004,28.58061404500006],[77.20325620100004,28.580607282000074],[77.20334803900005,28.58059995900004],[77.20923179100004,28.580182672000035],[77.21165205800008,28.580057486000044],[77.21152687300008,28.579556740000044],[77.21273700600005,28.579556740000044],[77.21444788400004,28.579348097000036],[77.21469825700007,28.579890570000032],[77.21461479900006,28.580349586000068],[77.21478171500007,28.581058975000076],[77.21505672400008,28.581754343000057],[77.21515927600007,28.582763845000045],[77.21519900200008,28.583813072000055],[77.21540764500008,28.583979987000077],[77.21551253500007,28.58430346800003],[77.21631586300003,28.584337652000045],[77.21626458700007,28.585602468000047],[77.21614494200008,28.585773389000053],[77.21626458700007,28.585824665000075],[77.21814471800008,28.58572211200004],[77.21809344100006,28.58623487500006],[77.21785415200003,28.58773897900005],[77.21997357100008,28.587926992000064],[77.21988811100005,28.588354294000055],[77.21970009800003,28.59018314900004],[77.21694673700006,28.589874235000025],[77.21619621900004,28.589790031000064],[77.21484594300006,28.58961910900007],[77.21472629800007,28.591106122000042],[77.21474339100007,28.59119158200008],[77.21838400700005,28.594917658000043],[77.22026413600008,28.596968710000056],[77.22038378100007,28.59693452600004],[77.22057179400008,28.59701998500003],[77.22058888600003,28.597105446000057],[77.22057179400008,28.597310551000078],[77.22111564800008,28.597834628000044],[77.22151185900003,28.598216432000072],[77.22337506700006,28.600185285000066],[77.22482772500007,28.601720311000065],[77.22395602900008,28.602386903000024],[77.22363127900007,28.602745837000043],[77.22392184500006,28.603224415000057],[77.22503283100008,28.604523414000028],[77.22532339700007,28.604232849000027],[77.22811539500003,28.602821508000034],[77.22843415700004,28.602660376000074],[77.22927167000006,28.60226725800004],[77.22951095900004,28.602250166000033],[77.23005790600007,28.601925417000075],[77.23034847200006,28.601617759000078],[77.23564702000004,28.604848164000032],[77.23870650500004,28.60031876000005],[77.24060372700006,28.597276367000063],[77.24074046400005,28.597601116000078],[77.24030154100006,28.604054908000023],[77.24027897700006,28.604386678000026],[77.24003968900007,28.607172689000038],[77.24019351700008,28.607241057000067],[77.24012514800006,28.607377794000058],[77.24075755600006,28.607770912000035],[77.24144124000003,28.60823239900003],[77.24215910700008,28.60759999100003],[77.24275720600008,28.607277018000048],[77.24301371200005,28.607138505000023],[77.24407342200004,28.605839505000063],[77.24434689500004,28.605771137000033],[77.24511604000008,28.605754046000072],[77.24569717100007,28.605907874000025],[77.24663723700007,28.606386452000038],[77.24725255200008,28.606540281000036],[77.24955998400003,28.607736728000077],[77.24958652600003,28.60979377900003],[77.24959416800004,28.61038600200004],[77.24976508900005,28.610796212000025],[77.24889339300006,28.61226613300005],[77.24893983800007,28.612283458000036],[77.24891582500004,28.61229711200008],[77.24890380800008,28.612351191000073],[77.24866233400007,28.612772223000036],[77.24843130400006,28.613507319000064],[77.24760519600005,28.616125664000037],[77.24677908700005,28.618681],[77.24616300600007,28.620473236000066],[77.24565894000006,28.62107531500004],[77.24547691600003,28.621453365000036],[77.24510586600007,28.62179641000006],[77.24460880100008,28.622447496000063],[77.24446878300006,28.62284654900003],[77.24422375000006,28.62308457900008],[77.24332063200006,28.623987698000064],[77.24236150500008,28.624799805000066],[77.24125536000008,28.62540188400004],[77.24056226800008,28.62563991600007],[77.24064628000008,28.625807938000037],[77.24101032800007,28.626284],[77.24124835900005,28.62669705500008],[77.24130436700005,28.627040100000045],[77.24129736500004,28.627880211000047],[77.24126236100005,28.628083237000055],[77.24111534200006,28.630190515000038],[77.24093331800003,28.63205276000008],[77.24090531400003,28.632381803000044],[77.24041524900008,28.632339798000032],[77.23852500100008,28.63207376300005],[77.23844799000005,28.633676973000036],[77.23740485300004,28.633725980000065],[77.23597666500007,28.633781987000077],[77.23594866200006,28.633957011000064],[77.23595566200004,28.634244048000028],[77.23612368400006,28.634440074000054],[77.23624270100004,28.636211307000053],[77.23470249700006,28.63633032200005],[77.23103401500003,28.636526349000064],[77.23125104300004,28.63822757300005],[77.23139806300003,28.639886790000048],[77.23151707900007,28.64043986400003],[77.23134905700005,28.640418861000057],[77.23129304900004,28.639872789000037],[77.23047394100007,28.63917969700003],[77.23029891800007,28.63889966000005],[77.22999787800006,28.63859862100003],[77.22987186200004,28.638542614000073],[77.22985786000004,28.638479606000033],[77.22864670100006,28.636953404000053],[77.22843667300003,28.636953404000053],[77.22831765700005,28.63689039600007],[77.22597370000005,28.638222877000032],[77.22534226600004,28.638633626000058],[77.22439714200004,28.639109688000076],[77.22432713200004,28.639004674000034],[77.22242288200005,28.63642833600005],[77.22221985500005,28.636694371000033],[77.22154076500004,28.63586126100006],[77.22140774800005,28.636008281000045],[77.22137974400005,28.63605728600004],[77.21997255900004,28.636442337000062],[77.21995855800003,28.636323322000067],[77.21916745400006,28.63634432500004],[77.21911844700008,28.636008281000045],[77.21868439000008,28.636029283000028],[77.21862138200004,28.636078289000068],[77.21844635800005,28.636022282000056],[77.21833434400008,28.635756247000074],[77.21840435300004,28.63565823400006],[77.21859337800004,28.635525217000065],[77.21799830000003,28.635210175000054],[77.21771126100003,28.634965143000045],[77.21709518100005,28.634398069000042],[77.21377674400003,28.63635832600005],[77.21164146300003,28.637590488000058],[77.21150844600004,28.637485475000062],[77.20837903300009,28.639312715000074],[77.20796597900005,28.639564749000044],[77.20764393700006,28.639746772000024],[77.20724488400003,28.63998480400005],[77.20653779100007,28.640376855000056],[77.20594271300007,28.64071289900005],[77.20555066100007,28.64094393000005],[77.20537563900007,28.64099993700006],[77.20480856400007,28.64131497900007],[77.20437450700007,28.641637021000065],[77.20405246400003,28.64200106900006],[77.20337337500007,28.642715163000048],[77.20281330100005,28.642988199000058],[77.20177016400004,28.643422256000065],[77.20040498400004,28.644003333000057],[77.19929183700003,28.64451439900006],[77.19848673200005,28.64483644200004],[77.19803167200007,28.645004464000067],[77.19789165300006,28.645046470000068],[77.19773527400008,28.64505655800008],[77.19753985700004,28.64500227600007],[77.19732107800007,28.64498039800003],[77.19721168900008,28.64500227600007],[77.19717887200005,28.644805375000033],[77.19697103300007,28.644061528000066],[77.19653347500008,28.642923877000044],[77.19535206900008,28.641370549000044],[77.19430193100004,28.640014120000046],[77.19385343500005,28.639018677000024],[77.19275954100004,28.637684126000067],[77.19039672900004,28.63502596400008],[77.18978414900005,28.634336810000036],[77.18955443200008,28.634260238000024],[77.18936847000003,28.63422742100005],[77.18924814100006,28.634085214000038],[77.18668843000006,28.634905635000052],[77.18561641400004,28.635386949000065],[77.18481787100006,28.63431493300004],[77.18506946700006,28.634150849000036],[77.18503665000003,28.63410709200008],[77.18349425900004,28.633757046000028],[77.18265196000004,28.633592962000023],[77.18263008300005,28.63346169600004],[77.18281604400005,28.633231977000037],[77.18231285400003,28.632499068000072],[77.18151431100006,28.63143799200003],[77.18110957000005,28.630814472000054],[77.18097830300007,28.63072696100005],[77.18089079100008,28.630748838000045],[77.18047511200007,28.631011373000035],[77.17917337800003,28.63168958700004],[77.17908586600004,28.63168958700004],[77.17898741600004,28.631536442000026],[77.17902023300007,28.631273908000026],[77.17896553800006,28.631186395000043],[77.17807948400008,28.631066067000063],[77.17778413300005,28.630825410000057],[77.17669023900004,28.63033315800004],[77.17574949000004,28.62999405100004],[77.17562916200006,28.63000499000003],[77.17542132200003,28.631109824000077],[77.17511503100008,28.63164583100007],[77.17483061900003,28.631864610000036],[77.17441493900003,28.631853671000044],[77.17418522200006,28.63195212100004],[77.17413052700005,28.632149023000068],[77.17423991600003,28.633275733000062],[77.17389288400005,28.633461946000068],[77.17367109100007,28.63339195900005],[77.17098763300004,28.63108452700004],[77.17064579100008,28.63081105300006],[77.17015012000007,28.63074268500003],[77.16907331800007,28.63065722400006],[77.16736410900006,28.630212830000062],[77.16686843900004,28.62987098900004],[77.16421916400003,28.627666108000028],[77.16227066500005,28.625546688000043],[77.16059564000005,28.62361528200006],[77.16001450900006,28.623136703000057],[77.15915990400003,28.62289741400008],[77.15845912900005,28.622982875000048],[77.15803182600007,28.623085427000035],[77.15755324800006,28.62346145400005],[77.15700630100008,28.62382038800007],[77.15623715700008,28.623940032000064],[77.15572439400006,28.62399130800003],[77.15028910800004,28.629597515000057],[77.14716125500007,28.634947340000053],[77.14683650600006,28.635801945000026],[77.14658012400008,28.637664983000036],[77.14637501900006,28.638793061000058],[77.14603317700005,28.63957929700007],[77.14464871800004,28.640536454000028],[77.14752329000004,28.644281612000043],[77.14763983400007,28.644433451000054],[77.15025492400008,28.64769804100007],[77.15080187100006,28.648347541000078],[77.15122917300005,28.648791935000077],[77.15177612000008,28.649219238000057],[77.14922939900003,28.650877170000058],[77.14666558400006,28.647800594000046],[77.14352064000008,28.643254097000067],[77.14281986400005,28.642211479000025],[77.14182852200008,28.64116886200003],[77.13984584000008,28.64000659900006],[77.13976037900005,28.639818587000036],[77.13962364300005,28.639733126000067],[77.13582919800007,28.63549428700003],[77.13581965500003,28.635482746000037],[77.13362431700006,28.632827920000068],[77.13220567400003,28.631477645000075],[77.13141670200008,28.63361743300004],[77.13140699500008,28.63364376000004],[77.12994951800005,28.637596615000064],[77.12928292600003,28.63734023300003],[77.12873597900006,28.637083852000046],[77.12846250600006,28.63684456200008],[77.12818903200008,28.636348892000058],[77.12812066300006,28.635972865000042],[77.12815484800007,28.63569939200005],[77.12818903200008,28.635460102000025],[77.12803520400007,28.63534045800003],[77.12690712500006,28.63576776000008],[77.12586450700007,28.63462259000005],[77.12427494300005,28.635357550000037],[77.12374508800008,28.63549428700003],[77.12273665400005,28.633494512000027],[77.12246318100006,28.633221039000034],[77.12213843100005,28.63330649900007],[77.12183077400005,28.633357775000036],[77.12109581300007,28.633648341000026],[77.12104453800004,28.633426144000055],[77.12094198400007,28.63330649900007],[77.11924986800005,28.633357775000036],[77.11928405200007,28.63144346000007],[77.11926695900007,28.630828145000066],[77.12218970700008,28.63079396100005],[77.12360835100003,28.629819712000028],[77.12317166500003,28.629299941000056],[77.11974553800007,28.625221939000028],[77.11642967200004,28.621376218000023],[77.11424188400008,28.619752469000048],[77.11419060800006,28.620401969000056],[77.11359238500006,28.62047033700003],[77.11311380600006,28.620077219000052],[77.11278905600005,28.619974666000076],[77.11254976700008,28.620077219000052],[77.11248139900005,28.620419061000064],[77.11247712500005,28.62071826400006],[77.11247553400005,28.62082962900007],[77.11246430700004,28.621615507000058],[77.11078928200004,28.62130785000005],[77.11075509700004,28.62096600800004],[77.10584966700003,28.62103437600007],[77.10374733900005,28.62101728400006],[77.10354223400003,28.620897640000067],[77.10349095800007,28.620983100000046],[77.10335422100007,28.62096600800004],[77.10709738900005,28.615120512000033],[77.10734686100005,28.61483324200003],[77.10737680500006,28.61479876100003],[77.10766142900007,28.614471012000024],[77.10781525800007,28.61421463100004],[77.10918262500007,28.613206198000057],[77.10974666400006,28.61296690900008],[77.11401968700005,28.610368910000034],[77.11401968700005,28.610232174000032],[77.10990049200007,28.605395111000064],[77.10979794000008,28.605343835000042],[77.10817419100005,28.60607879500003],[77.10802036200005,28.606061703000023],[77.10533690400007,28.607258149000074],[77.10516598300006,28.607377794000058],[77.10193252300007,28.60868832500006],[77.10065367000004,28.609206648000054],[77.09995289400007,28.609257924000076],[77.09750872500007,28.608984451000026],[77.09619235500008,28.609488593000037],[77.09615680700006,28.609502207000048],[77.09544177400005,28.60977604900006],[77.08926842300008,28.60529686700005],[77.08935800500007,28.60189275500005],[77.08228816300004,28.593632204000073],[77.07555959500007,28.585770403000026],[77.07233744100006,28.582005570000035],[77.06808176200008,28.576100815000075],[77.06517088800007,28.572061977000033],[77.06252814000004,28.562414106000062],[77.05798415400005,28.559094007000056],[77.05622189600007,28.555705510000053],[77.05781506400007,28.55320365600005],[77.05310222200006,28.54921782200006],[77.06114696700007,28.545019489000026],[77.06885193000005,28.542918136000026],[77.07125865800003,28.54261289300007],[77.07632846800004,28.542489239000076],[77.08370831900004,28.534263235000026],[77.08764728100005,28.53061977300007],[77.08981683100006,28.52873241800006],[77.09395409600006,28.525133289000053],[77.09823367300004,28.520622529000036],[77.09348989200004,28.514099830000077],[77.09281913000007,28.51386757100005],[77.09275753900005,28.513799499000072],[77.09274,28.51377],[77.09261,28.51352],[77.09255,28.51337],[77.09254,28.51322],[77.09254,28.51309],[77.09257,28.51297],[77.09261919300008,28.51288801100003],[77.09263,28.51287],[77.09263,28.51253],[77.09268,28.51213],[77.09273,28.51184],[77.09277,28.51168],[77.09282,28.5115],[77.09288,28.5113],[77.09296,28.51106],[77.09303,28.51085],[77.09311,28.51065],[77.09319,28.51048],[77.09323546600007,28.510395564000078],[77.09326,28.51035],[77.09341,28.51011],[77.09369,28.50968],[77.09412,28.509],[77.09456,28.5083],[77.09469,28.50807],[77.09476086100005,28.507941163000055],[77.0948,28.50787],[77.09482,28.50779],[77.09491,28.50752],[77.09494315700005,28.507379082000057],[77.09496925700006,28.507268156000066],[77.09499,28.50718],[77.09502,28.50683],[77.09502,28.50661],[77.09519,28.50662],[77.09533,28.50654],[77.09538013600007,28.50653544200003],[77.09539394700005,28.50652360400005],[77.09542204600007,28.506531632000076],[77.09544,28.50653],[77.09549,28.50654],[77.09556,28.50651],[77.09559,28.50657],[77.09560346600006,28.506583466000052],[77.09562,28.5066],[77.09566,28.50661],[77.09574443500003,28.506544329000064],[77.09579,28.50649],[77.09586,28.50648],[77.09590778100005,28.506477345000064],[77.09595810600007,28.506503776000045],[77.09599941900007,28.50653476100007],[77.09608973500008,28.50642958900005],[77.09704601400006,28.50531602800004],[77.09749012800006,28.504768632000037],[77.09768292200005,28.50461370800008],[77.09775866300004,28.504565510000077],[77.09851950900008,28.50425222000007],[77.09982775300006,28.50372548000007],[77.10033727900003,28.503536129000054],[77.10064368300004,28.503432846000067],[77.10083992000006,28.503384648000065],[77.10198979700004,28.503023160000055],[77.10200629700006,28.503023160000055],[77.10222,28.50295],[77.10259786300008,28.502798855000037],[77.10286769800007,28.502675442000054],[77.10349772000006,28.50238280800005],[77.10413462800005,28.50186984000004],[77.10469923900007,28.501477366000074],[77.10501941400008,28.501291458000026],[77.10543943000005,28.501102107000065],[77.10676144400009,28.500516840000046],[77.10841051900007,28.499848947000032],[77.10851892400007,28.499874454000064],[77.10853,28.49987],[77.10864,28.49982],[77.10936,28.49957],[77.10999156500003,28.49928077900006],[77.11043,28.49908],[77.11112,28.4988],[77.11123,28.4987],[77.11137748500005,28.498608700000034],[77.11144,28.49857],[77.11156743700008,28.49851459300004],[77.11167,28.49847],[77.11179456700006,28.498449239000024],[77.11185,28.49844],[77.11191111900007,28.498409441000035],[77.11203,28.49835],[77.11222,28.49829],[77.11245511500005,28.498223686000074],[77.11261,28.49818],[77.11283165800006,28.498095111000055],[77.11308,28.498],[77.11322,28.49794],[77.1134,28.49773],[77.11343,28.49767],[77.11350039500007,28.49766329600004],[77.11364,28.49765],[77.11396,28.49763],[77.11406,28.49761],[77.11414,28.49761],[77.11415089700006,28.497614670000075],[77.11421,28.49764],[77.11426,28.49772],[77.11431145700004,28.497788610000043],[77.11435,28.49784],[77.1144,28.49788],[77.11446,28.49791],[77.11451169600008,28.497888747000047],[77.11524783300007,28.49758611200008],[77.11576213200004,28.497374679000075],[77.11626,28.49717],[77.11684822500007,28.497000969000055],[77.11713,28.49692],[77.11772,28.49685],[77.11862,28.4967],[77.11982,28.49649],[77.12039,28.49645],[77.12059476500008,28.49640656500003],[77.12112092300003,28.496294956000042],[77.12138,28.49624],[77.1213,28.49582],[77.12069068100004,28.49327428400005],[77.12012,28.49089],[77.11999916000008,28.49053445100003],[77.1196,28.48936],[77.11945829200005,28.488962984000068]]]}},{"type":"Feature","properties":{"canonical_city_id":"delhi_ncr","component_id":"delhi_nct","district_name":"East","source_shape_id":"76128533B72485933575946","source":"geoBoundaries gbOpen IND ADM2","boundary_year":"2021"},"geometry":{"type":"Polygon","coordinates":[[[77.32383,28.676205176000053],[77.32329079600004,28.676155894000033],[77.32321034500006,28.676148542000078],[77.32319304000004,28.676111461000062],[77.32295343100003,28.676002547000053],[77.32255278000008,28.676151984000057],[77.32084862100004,28.676158869000062],[77.32010498800008,28.676158869000062],[77.31904806500006,28.676148542000078],[77.31894330000006,28.676158572000077],[77.31874980500004,28.67617709900003],[77.31872444600003,28.676179526000055],[77.31859017900007,28.676227724000057],[77.31616304300007,28.676134770000033],[77.31577401300007,28.676117556000065],[77.31376000600005,28.676065916000027],[77.31365455200006,28.676060729000028],[77.31165993100007,28.67596263300004],[77.30971477900005,28.675893778000045],[77.30930425600008,28.675871046000054],[77.30865785600008,28.675835251000024],[77.30746666700009,28.675790495000058],[77.30729452900005,28.67572508300003],[77.30724377700005,28.675723333000064],[77.30699501000004,28.675714755000058],[77.30653712500003,28.675707870000053],[77.30561791100007,28.675659671000062],[77.30560441700004,28.675653538000063],[77.30533148400008,28.675643613000034],[77.30526019800004,28.675640739000073],[77.30427524100008,28.675580488000037],[77.30332160000006,28.675546061000034],[77.30193073100008,28.675532290000035],[77.30093644000004,28.675558153000054],[77.29998165900008,28.675558153000054],[77.29987910500006,28.675421416000063],[77.29967400100008,28.67552396900004],[77.29603338500004,28.675626521000027],[77.29596501700007,28.675694889000056],[77.29524714800004,28.67572907400006],[77.29358921500005,28.675831626000047],[77.29300808400006,28.675780350000025],[77.29001051700004,28.675071708000075],[77.28711131200004,28.674276246000034],[77.28403473500003,28.67350710100004],[77.28288956600005,28.673199443000044],[77.28283828900004,28.67321653600004],[77.28075305300007,28.67307979900005],[77.28059922400007,28.672908878000044],[77.28013773800006,28.67285760200008],[77.28012064700005,28.673045615000035],[77.27986426500007,28.673028523000028],[77.27776193700004,28.672755050000035],[77.26996794300004,28.671438958000067],[77.26979702200003,28.671456050000074],[77.26883986500007,28.671302222000065],[77.26713065500007,28.671080025000037],[77.26581456400004,28.670823643000062],[77.26545563000008,28.670755275000033],[77.26453265700007,28.670327972000052],[77.26378060500008,28.670174144000043],[77.26338748700005,28.67019123500006],[77.26302855400007,28.670208328000058],[77.26297727700006,28.66976393300007],[77.26272089500003,28.66931953900007],[77.26241323800008,28.669165710000073],[77.26213976400004,28.66911443400005],[77.25909737200004,28.668362381000065],[77.25911446400005,28.668208552000067],[77.25699504400006,28.66774706600006],[77.25436286300004,28.667080474000045],[77.25420903400004,28.66718302700008],[77.25323478400009,28.666841185000067],[77.25280748100005,28.66667026500005],[77.25265365200005,28.666448067000033],[77.25260237700007,28.665986580000038],[77.25242610200007,28.665169311000056],[77.25241436400006,28.665114884000047],[77.25084189100005,28.664482477000035],[77.25082867600008,28.664493048000054],[77.24856864300006,28.663519978000068],[77.24774074400005,28.662852318000034],[77.24672590200004,28.66245172200007],[77.24584459000005,28.66245172200007],[77.24452569600004,28.66192914100003],[77.24487675100005,28.661115334000044],[77.24556043400008,28.660517111000047],[77.24709872300008,28.65957704500005],[77.24832935300003,28.65868825700005],[77.24843593000008,28.658581680000054],[77.24863701100008,28.658380599000054],[77.24877359900006,28.65805620200007],[77.24880793200003,28.65776528400005],[77.24879083900004,28.656859403000055],[77.24885920900005,28.656363733000035],[77.24926941800004,28.655440759000044],[77.24988473300004,28.654363957000044],[77.25024366800005,28.653868287000023],[77.25080770700004,28.65344098500003],[77.25173068000004,28.653116235000027],[77.25177139200008,28.65310300300007],[77.25241436400006,28.652894038000056],[77.25255110000006,28.652637656000024],[77.25289294200007,28.65243255100006],[77.25395265200007,28.651492486000052],[77.25434577000004,28.651338657000053],[77.25460215100003,28.651389933000075],[77.25479016500003,28.65130447200005],[77.25410648100006,28.65092844700007],[77.25342279700004,28.64949271100005],[77.25407229700005,28.64754421300006],[77.25537129600008,28.645715359000064],[77.25607207200005,28.64504876700005],[77.25692667600003,28.64381813600005],[77.25825986000007,28.641408151000064],[77.25825986000007,28.64115177000008],[77.25796929400008,28.640690283000026],[77.25791801800005,28.64009206000003],[77.25619171600005,28.635237905000054],[77.25552512500008,28.634776419000048],[77.25521746700008,28.634776419000048],[77.25467052000005,28.634742235000033],[77.25420903400004,28.634878971000035],[77.25347330500006,28.635091515000056],[77.25343988900005,28.635101169000052],[77.25354244200008,28.63354578800005],[77.25347407300006,28.63252026300006],[77.25314932400005,28.629170213000066],[77.25326598900006,28.626901710000027],[77.25330315300005,28.626179096000044],[77.25327348000008,28.626038648000076],[77.25304677100007,28.624965557000053],[77.25239727200005,28.622794862000035],[77.25215798200009,28.62009431100006],[77.25217910500004,28.62009239100007],[77.25347407300006,28.619974666000076],[77.25374754600006,28.619786653000062],[77.25402102000004,28.619786653000062],[77.25420903400004,28.619684101000075],[77.25424321800006,28.616248591000044],[77.25381591600006,28.615889656000036],[77.25378173100006,28.61549653800006],[77.25393556000006,28.61441973600006],[77.25395265200007,28.614163355000073],[77.25465342800004,28.61354804000007],[77.25412357300007,28.613428395000028],[77.25390011400003,28.61340232400005],[77.25400849500005,28.61302524000007],[77.25453477900004,28.611129707000032],[77.25458322900005,28.611066548000053],[77.25466247200006,28.610963248000076],[77.25481369200008,28.610848541000053],[77.25480244800008,28.610807376000025],[77.25484033100008,28.610809381000024],[77.25632312300007,28.608149929000035],[77.25796620300008,28.605480855000053],[77.25924182200004,28.60325163400006],[77.26106691100006,28.601035472000035],[77.26211730600005,28.600673861000075],[77.26319279200004,28.60025018400006],[77.26460253900007,28.599694829000043],[77.26552239700004,28.599420485000053],[77.26804129000004,28.59864259300008],[77.26954610700005,28.59817787000003],[77.27190223600007,28.597274148000054],[77.27241381000005,28.597021546000065],[77.27319864600008,28.596634013000028],[77.27404319500005,28.59615525600003],[77.27740669600007,28.59420304300005],[77.27849186800006,28.59357319600008],[77.28131163700004,28.59184671400004],[77.28176973800004,28.591566228000033],[77.28182164900005,28.591534445000036],[77.28381736600005,28.589366590000054],[77.28437681200006,28.588753351000037],[77.28549618000005,28.587426038000046],[77.28709873400004,28.585525776000054],[77.28760438700004,28.58465433200007],[77.28817840200009,28.583661052000025],[77.28932038100004,28.581684963000043],[77.290108,28.580016217000036],[77.29049844500008,28.579188972000054],[77.29155816600007,28.576074362000043],[77.29161781500005,28.575985394000043],[77.29203553200006,28.575362359000053],[77.29219292300007,28.57512760700007],[77.29239155800008,28.574989342000038],[77.29266483700007,28.574799117000055],[77.29274161000006,28.574745678000056],[77.29324287800006,28.57466213200007],[77.29403264000007,28.57453050600003],[77.29465125800004,28.574794091000058],[77.29472151600004,28.574812689000055],[77.29483415400006,28.57484250500005],[77.29649775600006,28.575305281000055],[77.29707731900004,28.57546650200004],[77.29922903500005,28.575348158000054],[77.29924041800007,28.575317804000065],[77.29924,28.57535],[77.29929,28.57583],[77.29937,28.57666],[77.29942,28.57743],[77.29949,28.57807],[77.29959,28.57901],[77.2996,28.57947],[77.29935,28.57971],[77.29925,28.57987],[77.29911,28.58005],[77.29839,28.58061],[77.29977,28.58129],[77.30066,28.5817],[77.30114,28.58191],[77.30124,28.58203],[77.30153,28.58239],[77.30195,28.58294],[77.30207,28.58301],[77.30231,28.58317],[77.3029,28.58355],[77.3037,28.58406],[77.3038,28.58414],[77.30399,28.58429],[77.304,28.58446],[77.30399,28.58459],[77.30398,28.58479],[77.30403,28.5851],[77.30416,28.58549],[77.30444,28.58568],[77.30447,28.5857],[77.3045,28.58576],[77.30463,28.58601],[77.30463,28.58605],[77.30478,28.58617],[77.30505,28.58639],[77.30523,28.58647],[77.30546,28.5866],[77.30563,28.5867],[77.30597,28.58695],[77.3063,28.58722],[77.30644,28.58735],[77.30656,28.58745],[77.3067,28.58756],[77.30682,28.58765],[77.30701,28.58779],[77.30707,28.58786],[77.30719,28.58796],[77.30729,28.58804],[77.30735,28.58811],[77.3074,28.58817],[77.30751,28.58827],[77.30778,28.58852],[77.30795,28.58869],[77.30839,28.58913],[77.30842,28.58922],[77.30843,28.58931],[77.3084,28.58941],[77.30823,28.58959],[77.30827,28.58964],[77.30841,28.58978],[77.30846,28.58984],[77.30862,28.59001],[77.30875,28.59014],[77.30892,28.59027],[77.30905,28.59039],[77.30909,28.59043],[77.30916,28.59051],[77.30925,28.59061],[77.30954,28.59085],[77.30972,28.59103],[77.30976,28.59109],[77.30986,28.59119],[77.31002,28.59135],[77.31017,28.59149],[77.31031,28.59167],[77.31044,28.59185],[77.31049,28.59192],[77.31055,28.59204],[77.31064,28.59224],[77.31046,28.59284],[77.31067,28.59328],[77.31069,28.59333],[77.3108,28.59356],[77.31091,28.5938],[77.311,28.59398],[77.31109,28.59417],[77.31146,28.59467],[77.31152,28.59482],[77.31159,28.59499],[77.31169,28.59522],[77.31175,28.59537],[77.3118,28.59538],[77.31205,28.59558],[77.31246,28.596],[77.31249,28.59606],[77.31269,28.59651],[77.31277,28.59661],[77.31301,28.59689],[77.31341,28.59718],[77.31354,28.5972],[77.31386,28.59726],[77.31402,28.59727],[77.31454,28.59732],[77.3146,28.59733],[77.31473,28.59732],[77.31483,28.59732],[77.31502,28.59733],[77.31507,28.59734],[77.3154,28.59738],[77.3161,28.59737],[77.31646,28.59728],[77.31684,28.59722],[77.31728,28.59713],[77.31774,28.59717],[77.31808,28.5972],[77.31846,28.59719],[77.31848,28.5972],[77.31863,28.59723],[77.31881,28.59728],[77.31891,28.59729],[77.31899,28.59733],[77.31912,28.59737],[77.31921,28.5974],[77.31926,28.59742],[77.31933,28.59745],[77.31944,28.59748],[77.31947,28.59749],[77.31957,28.59751],[77.31969,28.59754],[77.31982,28.59757],[77.31993,28.5976],[77.32003,28.59763],[77.32016,28.59767],[77.32083,28.59787],[77.32092,28.59797],[77.32104,28.59791],[77.32121,28.5979],[77.32128,28.59789],[77.32146,28.59788],[77.32195,28.59781],[77.32236,28.59774],[77.32269,28.59772],[77.32302,28.59779],[77.3237,28.59793],[77.32392,28.59801],[77.32431,28.59813],[77.32447,28.59788],[77.32534,28.59804],[77.3262,28.59829],[77.32688,28.59873],[77.32732,28.59917],[77.3277,28.59919],[77.32805,28.59927],[77.32816,28.59933],[77.32911,28.60001],[77.3297,28.60047],[77.33028,28.60061],[77.33188,28.60102],[77.332,28.60105],[77.33254,28.60119],[77.33263,28.60121],[77.33347,28.6014],[77.3339,28.6017],[77.3345,28.60191],[77.33516,28.60202],[77.33612,28.60189],[77.33695,28.6018],[77.33748,28.60201],[77.33774,28.60233],[77.33783,28.60244],[77.33816,28.60271],[77.33855,28.60299],[77.34064,28.60477],[77.34108,28.60519],[77.34123,28.60533],[77.34138,28.60547],[77.3414,28.60549],[77.34143,28.60551],[77.34143,28.606],[77.34141,28.60705],[77.3414,28.60897],[77.3414,28.60937],[77.3414,28.61011],[77.34141,28.61263],[77.34141,28.61286],[77.3414,28.61375],[77.34146,28.61406],[77.34147,28.61413],[77.34147,28.6142],[77.34147,28.61474],[77.34148,28.61497],[77.34152,28.61543],[77.34152,28.61555],[77.34152,28.61561],[77.3415,28.61572],[77.34148,28.61577],[77.34145,28.61583],[77.34142,28.61592],[77.34145,28.61636],[77.34156,28.61825],[77.34162,28.61884],[77.34165,28.61897],[77.34175,28.61946],[77.34181,28.61984],[77.34184,28.62],[77.34215,28.62125],[77.34223,28.62153],[77.34238,28.6222],[77.34222,28.6222],[77.34197,28.62222],[77.34172,28.62223],[77.34143,28.62222],[77.34049,28.62231],[77.34018,28.62233],[77.34017,28.6225],[77.34011,28.62326],[77.3401,28.62336],[77.33954,28.62386],[77.33923,28.62413],[77.33892,28.6244],[77.33845,28.62481],[77.33805,28.62502],[77.33715,28.62551],[77.33679,28.62575],[77.33604,28.62626],[77.33585,28.62642],[77.33546,28.62673],[77.33532,28.62684],[77.3349,28.62715],[77.33486,28.62722],[77.33466,28.62742],[77.33463,28.62745],[77.33443,28.62764],[77.33439,28.62768],[77.33428,28.62777],[77.33418,28.62785],[77.33413,28.62789],[77.334,28.62807],[77.33389,28.62824],[77.33369,28.62855],[77.33354,28.62877],[77.33262,28.6295],[77.33181,28.63014],[77.33042,28.63122],[77.33034,28.63125],[77.33015,28.63136],[77.32999,28.63146],[77.32971,28.63158],[77.32925,28.63181],[77.32841,28.63202],[77.32739,28.63216],[77.32726,28.63218],[77.32678,28.63222],[77.32624,28.63227],[77.32602,28.63244],[77.32595,28.63249],[77.32564,28.6331],[77.32556,28.6332],[77.32485,28.63403],[77.32426,28.63457],[77.32359,28.63447],[77.32303,28.6351],[77.32282,28.63536],[77.32269,28.63549],[77.32254,28.63566],[77.32209,28.63616],[77.32192,28.63634],[77.32164,28.63663],[77.32107,28.63724],[77.32101,28.63729],[77.3198,28.63827],[77.31851,28.63931],[77.31786,28.63981],[77.31723,28.64028],[77.31612,28.64108],[77.31599,28.64117],[77.31604,28.64132],[77.31598,28.64137],[77.3162,28.6418],[77.31643,28.64215],[77.31697,28.64332],[77.31685,28.6434],[77.3172,28.64432],[77.31729,28.64452],[77.31734,28.64467],[77.31742,28.64495],[77.31747,28.6451],[77.31747,28.64518],[77.31758,28.64543],[77.31767,28.64557],[77.31776,28.64572],[77.31778,28.64579],[77.31805,28.64649],[77.31869,28.64813],[77.31914,28.64938],[77.31971,28.65062],[77.32027,28.65172],[77.32008,28.65301],[77.31994,28.65377],[77.31994,28.65408],[77.31995,28.65441],[77.31997,28.65478],[77.32023,28.6552],[77.32018,28.65573],[77.32015,28.65602],[77.32014,28.65662],[77.32024,28.6577],[77.32031,28.65852],[77.32039,28.65915],[77.32041,28.6593],[77.32045,28.6596],[77.32049,28.65986],[77.32056,28.66036],[77.32062,28.66084],[77.32066,28.66114],[77.32075,28.66162],[77.32089,28.66241],[77.32107,28.66336],[77.32113,28.66369],[77.32118,28.66413],[77.3212,28.66424],[77.32114,28.66444],[77.32119,28.66459],[77.32125,28.66487],[77.32153,28.66586],[77.32181,28.66644],[77.32192,28.6668],[77.32211,28.66695],[77.32294,28.66729],[77.32313,28.66761],[77.32315,28.66772],[77.32322,28.66803],[77.32351,28.66869],[77.32329,28.66922],[77.32343,28.66998],[77.32337,28.67008],[77.32331,28.67012],[77.32321,28.67019],[77.32311,28.67023],[77.32309,28.67028],[77.32309,28.67032],[77.32312,28.67039],[77.32316,28.67042],[77.32319,28.67046],[77.32321,28.67051],[77.32321,28.6706],[77.32315,28.6708],[77.32311,28.67127],[77.32317,28.67177],[77.3233,28.67224],[77.32336,28.67239],[77.3236,28.67323],[77.32366,28.67346],[77.32393,28.6744],[77.32389,28.67514],[77.32387,28.6755],[77.32383,28.676205176000053]]]}},{"type":"Feature","properties":{"canonical_city_id":"delhi_ncr","component_id":"delhi_nct","district_name":"South West","source_shape_id":"76128533B53136419849111","source":"geoBoundaries gbOpen IND ADM2","boundary_year":"2021"},"geometry":{"type":"Polygon","coordinates":[[[77.09275753900005,28.513799499000072],[77.09281913000007,28.51386757100005],[77.09348989200004,28.514099830000077],[77.09823367300004,28.520622529000036],[77.09395409600006,28.525133289000053],[77.08981683100006,28.52873241800006],[77.08764728100005,28.53061977300007],[77.08370831900004,28.534263235000026],[77.07632846800004,28.542489239000076],[77.07125865800003,28.54261289300007],[77.06885193000005,28.542918136000026],[77.06114696700007,28.545019489000026],[77.05310222200006,28.54921782200006],[77.05781506400007,28.55320365600005],[77.05622189600007,28.555705510000053],[77.05798415400005,28.559094007000056],[77.06252814000004,28.562414106000062],[77.06517088800007,28.572061977000033],[77.06808176200008,28.576100815000075],[77.07233744100006,28.582005570000035],[77.07555959500007,28.585770403000026],[77.08228816300004,28.593632204000073],[77.08935800500007,28.60189275500005],[77.08926842300008,28.60529686700005],[77.09544177400005,28.60977604900006],[77.09509874100007,28.609907424000028],[77.09407321500004,28.61040309400005],[77.09335534600007,28.61060819900007],[77.09239819000004,28.61112096200003],[77.09027877000005,28.612009751000073],[77.08954381000007,28.612385778000032],[77.08667233800008,28.613599316000034],[77.08641595700004,28.613599316000034],[77.08280952500007,28.61529143300004],[77.08016419800003,28.616554364000024],[77.08001189200007,28.616593850000072],[77.07792890600007,28.61759597400004],[77.07682866100004,28.618125302000067],[77.07660021200007,28.617609662000064],[77.07644579800007,28.617261126000074],[77.07636922500006,28.616550095000036],[77.07559256000008,28.616539156000044],[77.07559256000008,28.615292117000024],[77.07455336100008,28.61533587200006],[77.07435646000005,28.61525929900006],[77.07429082600004,28.614657658000056],[77.07437833800003,28.614646719000064],[77.07436739900004,28.613815360000046],[77.07293439700004,28.613880993000066],[77.07292345900004,28.61403413900007],[77.07088881600004,28.61409977200003],[77.07082318200008,28.614263856000036],[77.06943393700004,28.61430761200006],[77.06925891400005,28.614646719000064],[77.06860257800008,28.61520460500003],[77.06808844700004,28.61482174200006],[77.06779309600006,28.614712352000026],[77.06756337800005,28.614438879000033],[77.06669920300004,28.61448263500006],[77.06666638500008,28.613432497000076],[77.06596629400008,28.613432497000076],[77.06591159900006,28.611922924000055],[77.06567094200005,28.611890106000033],[77.06375662700003,28.611441610000043],[77.06375662700003,28.61078527400008],[77.06333000800004,28.610730579000062],[77.06328625300006,28.610172693000038],[77.06259710000006,28.610041426000066],[77.06257522200008,28.60953823400007],[77.06248771100007,28.609177249000027],[77.06258616100007,28.608870959000058],[77.06254240600003,28.608717814000045],[77.06287057400004,28.608334951000074],[77.06307841300008,28.608203684000046],[77.06305653500004,28.607941149000055],[77.06186419100004,28.60796302700004],[77.06186419100004,28.606978523000066],[77.06174386200007,28.60367496300006],[77.06029992300006,28.603631208000024],[77.06026710600008,28.602515436000033],[77.05945762400006,28.602548252000076],[77.05950138000003,28.601826283000037],[77.05915133400003,28.601334030000032],[77.05590246900005,28.603510879000055],[77.05605561400006,28.60375153600006],[77.05320055100003,28.605939324000076],[77.05164794400008,28.60755662300005],[77.05162534400006,28.60758016400007],[77.05160329200004,28.60757465100005],[77.05145032000007,28.607536408000044],[77.04910938800003,28.607569225000077],[77.04709662200008,28.60765673700007],[77.04688878300004,28.607547348000026],[77.04649498100008,28.607602043000043],[77.04640746900003,28.60765673700007],[77.04614493500003,28.607667676000062],[77.04600272800008,28.607722370000033],[77.04534639200006,28.607733309000025],[77.04534639200006,28.608805326000038],[77.04476662800005,28.60883814300007],[77.04479944500008,28.610632128000077],[77.04476662800005,28.610818090000066],[77.04482132300006,28.611277526000038],[77.04479944500008,28.61169320500005],[77.04484320100005,28.612579260000075],[77.04474475000006,28.612699588000055],[77.04378212400007,28.61324653500003],[77.04297264300004,28.61350906900003],[77.04207565000007,28.613913810000042],[77.03977847200008,28.61427479500003],[77.03935185300008,28.61441700200004],[77.03926434200008,28.61435136800003],[77.03855331100004,28.61429667300007],[77.03855331100004,28.614996765000058],[77.03865176200003,28.615051460000075],[77.03819232600006,28.61586094100005],[77.03661711800004,28.615696857000046],[77.03645303400003,28.615489018000062],[77.03451684300006,28.61552183400005],[77.03450590300008,28.61600314800006],[77.03241656600005,28.61604690300004],[77.03230717700006,28.61600314800006],[77.03163990100006,28.61821281300007],[77.03141018300005,28.619076990000053],[77.03046943500004,28.61906605100006],[77.02723150800006,28.619273890000045],[77.02630169800005,28.619459853000023],[77.02413578800008,28.620247457000062],[77.02392138600004,28.62028239600005],[77.02265903200004,28.62048811300008],[77.02281217700005,28.621592946000078],[77.02271372600006,28.62245712200007],[77.02272466600004,28.622621206000076],[77.02295438300007,28.62296031300008],[77.02304189400007,28.62327754200004],[77.02303095600007,28.62595758200007],[77.02188236700005,28.626198239000075],[77.02002274700004,28.626384201000064],[77.01976021200005,28.626318568000045],[77.01946486200006,28.62634044500004],[77.01838240900008,28.62662910000006],[77.01835984700006,28.626635116000045],[77.01831627300004,28.626646736000055],[77.01752866900006,28.626756125000043],[77.01665355400007,28.626767064000035],[77.01582219500006,28.626329507000037],[77.01560341600003,28.62622011700006],[77.01538463700007,28.625979460000053],[77.01478299600006,28.625607537000064],[77.01340468900008,28.625126223000052],[77.01267178000006,28.62503871200005],[77.01155600900006,28.624994956000023],[77.00942291500007,28.62453552000005],[77.00923094700005,28.624487071000033],[77.00712573800007,28.623955757000033],[77.00583494300008,28.624185475000047],[77.00455508700009,28.624579276000077],[77.00439100300008,28.624743360000025],[77.00427067400005,28.62471054400004],[77.00334086400005,28.62536688000006],[77.00221415400006,28.62622011700006],[77.00125152700008,28.62713898800007],[77.00019045000005,28.629458043000056],[76.99950129700005,28.63083635000004],[76.99908561700005,28.63242249600006],[76.99815580700005,28.633407001000023],[76.99798078500004,28.633516390000068],[76.99791515100003,28.633735169000033],[76.99728069200006,28.63464310100005],[76.99662435600004,28.635966712000027],[76.99500539300004,28.637399713000036],[76.99403182700007,28.638099805000024],[76.99207375700007,28.63925933300004],[76.99132991000005,28.63983909700005],[76.99123145900006,28.64024383700007],[76.99111113100008,28.640582945000062],[76.99054230600007,28.642617587000075],[76.99020319800007,28.643405191000056],[76.98772005900008,28.645155422000073],[76.98668086000004,28.645680491000064],[76.98656053100007,28.645669552000072],[76.98626518000003,28.645997720000025],[76.98520410300006,28.64680720100006],[76.98478842400004,28.647102553000025],[76.98477748400006,28.64734321000003],[76.98510565200007,28.647944851000034],[76.98478842400004,28.64902780600005],[76.98381485800007,28.650504563000027],[76.98207556600005,28.65177348000003],[76.98184529900004,28.651975836000076],[76.98183665800008,28.65198343000003],[76.98099261200008,28.65272516700003],[76.98004092400004,28.65360028200007],[76.97959242700006,28.654136291000043],[76.97916580800006,28.65444258100007],[76.97866261800004,28.65535051300003],[76.97826881500004,28.656127178000077],[76.97714210500004,28.65699135400007],[76.97608102700008,28.65705698800008],[76.97590600500007,28.656903842000077],[76.97582943200007,28.656750697000064],[76.97521685200007,28.656816331000073],[76.97466990500004,28.65678351400004],[76.97394793400008,28.65673975800007],[76.97330253700005,28.656827270000065],[76.97200080300007,28.657286705000047],[76.97053498500003,28.657669568000074],[76.96955048100006,28.657735202000026],[76.96766898300007,28.658238393000033],[76.96600626400004,28.658632195000052],[76.96556870600006,28.658785340000065],[76.96490143100004,28.659113508000075],[76.96372002600003,28.659693272000027],[76.96338091800004,28.659813600000064],[76.96191510100005,28.660196463000034],[76.96059148900008,28.66069965500003],[76.95983670300006,28.660973128000023],[76.95853496800004,28.661585708000075],[76.95793332700003,28.66187012100005],[76.95791877200008,28.66187476700003],[76.95789066300006,28.661890928000048],[76.95775465900005,28.661927142000025],[76.95773814200004,28.661931541000058],[76.95737353300007,28.662029010000026],[76.95732479900005,28.662037132000023],[76.95684967100004,28.66211237500005],[76.95681759700005,28.662117454000054],[76.95648728300006,28.662170702000026],[76.95643827900005,28.66216884000005],[76.95620209500004,28.66215987100003],[76.95606246000006,28.662132393000036],[76.95597737400004,28.662115649000043],[76.95581492500008,28.662079549000055],[76.95541151000003,28.66198569000005],[76.95539841300007,28.661982590000036],[76.95522469200006,28.661941467000076],[76.95486189000007,28.66184399800005],[76.95439984800004,28.661720220000063],[76.95433754000004,28.66171042900004],[76.95432776400008,28.661708141000076],[76.95430866000004,28.661704111000063],[76.95410586800006,28.661671710000064],[76.95373,28.66161],[76.95358,28.66159],[76.95338,28.66158],[76.95309,28.66158],[76.95301376800006,28.66156870700007],[76.95282,28.66154],[76.95245232100007,28.661349595000047],[76.95226,28.66125],[76.95209,28.66115],[76.95181,28.66099],[76.9516,28.66092],[76.95132,28.66084],[76.95111,28.66077],[76.95097,28.66071],[76.95094,28.66068],[76.95062,28.66042],[76.95033,28.66018],[76.95024122400008,28.660097801000063],[76.95006,28.65993],[76.94969,28.65962],[76.9493,28.65932],[76.94887,28.65898],[76.94851,28.65868],[76.94821,28.65847],[76.94805,28.65839],[76.94794,28.65836],[76.94784,28.65854],[76.9478,28.65863],[76.94775,28.65873],[76.94766,28.65894],[76.94752,28.6593],[76.94744,28.65937],[76.94734,28.65958],[76.94707,28.66014],[76.94698,28.66031],[76.94642,28.66114],[76.94535,28.66262],[76.9441,28.66424],[76.94333,28.66522],[76.94311,28.66549],[76.94232,28.66647],[76.94173,28.66723],[76.94155,28.66745],[76.94122,28.66786],[76.94117,28.66794],[76.94113,28.66805],[76.94083,28.66824],[76.94021,28.66821],[76.9396,28.66811],[76.93956,28.6681],[76.93919,28.66809],[76.93744,28.66799],[76.93585,28.66781],[76.93557,28.66774],[76.9348,28.66732],[76.93358,28.66586],[76.93316,28.66501],[76.93313,28.6644],[76.93304,28.66395],[76.93289,28.66324],[76.93251,28.66223],[76.93232,28.66151],[76.93181,28.6609],[76.93148,28.66002],[76.93124,28.65946],[76.93093,28.65907],[76.93042,28.65827],[76.92946,28.65693],[76.9292,28.6566],[76.92906,28.65646],[76.92878,28.65597],[76.92866,28.65553],[76.92758,28.65406],[76.92726,28.65353],[76.92703,28.65299],[76.9264,28.65229],[76.92553,28.6507],[76.92532,28.65046],[76.9248,28.64952],[76.92514,28.64908],[76.92575,28.64866],[76.92658,28.64814],[76.92805,28.6468],[76.92825,28.64633],[76.92877,28.64561],[76.92954,28.6452],[76.92974,28.64485],[76.92984,28.64467],[76.93041,28.64365],[76.931,28.64275],[76.93177,28.64183],[76.93275,28.6411],[76.93318,28.64083],[76.93477,28.63931],[76.93676,28.63736],[76.93783,28.63639],[76.93924,28.63546],[76.93954,28.63526],[76.93979,28.63512],[76.94005,28.63503],[76.94032,28.63491],[76.94061,28.63479],[76.94133,28.6344],[76.94361,28.63334],[76.94445,28.63315],[76.94414,28.63248],[76.94399,28.63213],[76.94384,28.6316],[76.94371,28.63146],[76.94369,28.63129],[76.94362,28.63108],[76.94307,28.62933],[76.94275,28.62806],[76.94234,28.62704],[76.9423,28.62701],[76.94227,28.62697],[76.94224,28.62693],[76.9422,28.62689],[76.9422,28.62685],[76.94216,28.6268],[76.94202,28.62666],[76.94197,28.62658],[76.94193,28.62653],[76.9419,28.62649],[76.94186,28.62645],[76.94181,28.62642],[76.94119,28.62563],[76.93997,28.62405],[76.93869,28.62271],[76.93723,28.62134],[76.93657,28.6204],[76.93603,28.61952],[76.9356,28.61906],[76.93533,28.61862],[76.93521,28.61837],[76.93489,28.61852],[76.9339,28.61893],[76.93205,28.62034],[76.92845,28.62272],[76.927,28.62396],[76.92669,28.62418],[76.92655,28.62447],[76.92639,28.62476],[76.92624,28.62504],[76.92603,28.62545],[76.92564,28.6262],[76.92541,28.62665],[76.9253,28.62689],[76.92517,28.6271],[76.92507,28.6273],[76.92499,28.6275],[76.92468,28.62785],[76.92358,28.6288],[76.92226,28.63021],[76.92214,28.63034],[76.92152,28.63106],[76.9209,28.63119],[76.92059,28.63126],[76.91814,28.63184],[76.91753,28.63182],[76.91739,28.63182],[76.91609,28.632],[76.9157,28.63187],[76.91503,28.6322],[76.91422,28.63226],[76.91276,28.63102],[76.91055,28.6291],[76.90883,28.62722],[76.9087,28.62703],[76.9079,28.62591],[76.90777,28.62566],[76.90742,28.62517],[76.90669,28.62368],[76.90653,28.62379],[76.90607,28.62411],[76.90522,28.62469],[76.90406,28.62528],[76.90304,28.62577],[76.90297,28.6258],[76.90289,28.62586],[76.9028,28.62589],[76.9023,28.62612],[76.90217,28.62618],[76.90206,28.62628],[76.90134,28.62674],[76.90011,28.6275],[76.90005,28.62754],[76.89981,28.6277],[76.89867,28.62845],[76.89761,28.62919],[76.89688,28.6297],[76.89543,28.6306],[76.89396,28.63128],[76.89332,28.63144],[76.89293,28.63141],[76.89229,28.63136],[76.89212,28.63139],[76.89185,28.63143],[76.89088,28.63173],[76.89026,28.63194],[76.88984,28.63186],[76.88927,28.6319],[76.88886,28.63173],[76.88851,28.6314],[76.88837,28.6313],[76.88731,28.63081],[76.88722,28.63051],[76.88697,28.63025],[76.88612,28.62859],[76.88564,28.62773],[76.88486,28.62583],[76.88481,28.62562],[76.88477,28.62541],[76.88455,28.62443],[76.8845,28.62426],[76.88437,28.6238],[76.88429,28.62352],[76.88423,28.62329],[76.88422,28.62324],[76.88416,28.6231],[76.88413,28.62289],[76.88412,28.6228],[76.88384,28.62232],[76.88362,28.62189],[76.88326,28.62096],[76.88308,28.6204],[76.8831,28.62033],[76.88302,28.62037],[76.88304,28.62016],[76.88297,28.62004],[76.88287,28.61989],[76.88245,28.61941],[76.88227,28.61913],[76.88215,28.61889],[76.88198,28.61857],[76.88188,28.61828],[76.88175,28.61791],[76.88145,28.61728],[76.8814,28.6169],[76.88127,28.61654],[76.88116,28.61616],[76.88099,28.61562],[76.88082,28.61519],[76.88064,28.61473],[76.88045,28.61433],[76.88018,28.61361],[76.87976,28.61268],[76.87958,28.61223],[76.87914,28.61124],[76.87893,28.61076],[76.87877,28.61038],[76.87866,28.61011],[76.87836,28.6095],[76.87812,28.60907],[76.87793,28.60883],[76.87773,28.60858],[76.87754,28.60829],[76.87727,28.60789],[76.87693,28.60757],[76.8765,28.6071],[76.87614,28.60673],[76.87597,28.6065],[76.87581,28.60623],[76.87562,28.60593],[76.87547,28.60575],[76.87512,28.60549],[76.87486,28.60531],[76.87444,28.60495],[76.8739,28.60444],[76.87326,28.60374],[76.87295,28.60347],[76.87268,28.60316],[76.87242,28.60284],[76.87238,28.60281],[76.87224,28.60287],[76.87208,28.60302],[76.87203,28.60297],[76.87186,28.60259],[76.87175,28.60236],[76.87163,28.60206],[76.87155,28.60182],[76.87146,28.60151],[76.87135,28.60124],[76.8713,28.60106],[76.87104,28.60024],[76.87098,28.59988],[76.87086,28.59942],[76.87066,28.5984],[76.87054,28.59779],[76.87041,28.59732],[76.87023,28.59672],[76.87015,28.59639],[76.87003,28.59609],[76.86987,28.59552],[76.86975,28.59519],[76.86966,28.59491],[76.86946,28.59436],[76.86933,28.59405],[76.86916,28.59356],[76.86901,28.59311],[76.86888,28.59276],[76.86874,28.59249],[76.86862,28.59231],[76.86859,28.59219],[76.86849,28.5918],[76.86841,28.59153],[76.8684,28.59148],[76.86838,28.59132],[76.86825,28.59097],[76.86808,28.59057],[76.86754,28.58968],[76.86705,28.58888],[76.8669,28.58871],[76.86672,28.58856],[76.86643,28.58838],[76.86626,28.58828],[76.86617,28.5882],[76.86598,28.58796],[76.86561,28.58749],[76.8653,28.58712],[76.86522,28.58702],[76.86503,28.5866],[76.86482,28.58605],[76.8647,28.5857],[76.86469,28.58552],[76.86461,28.5854],[76.86455,28.58535],[76.86448,28.58533],[76.86439,28.58534],[76.86431,28.58534],[76.86404,28.5854],[76.86388,28.58541],[76.86381,28.5854],[76.86376,28.58536],[76.86368,28.58527],[76.86361,28.5852],[76.8635,28.58511],[76.86333,28.58505],[76.86312,28.58502],[76.86282,28.58503],[76.86216,28.58499],[76.86192,28.58496],[76.8616,28.58491],[76.86126,28.58486],[76.8608,28.58485],[76.8599,28.58486],[76.85982,28.58486],[76.85907,28.58483],[76.85862,28.58482],[76.8583,28.58485],[76.8578,28.58491],[76.85759,28.58493],[76.85733,28.58498],[76.85714,28.585],[76.85655,28.58503],[76.85564,28.58508],[76.85454,28.58515],[76.85357,28.58515],[76.85329,28.58513],[76.8524,28.58504],[76.85171,28.58497],[76.85128,28.5849],[76.85068,28.58483],[76.84965,28.58472],[76.84881,28.58465],[76.84816,28.58458],[76.84794,28.58458],[76.84715,28.58455],[76.84635,28.58454],[76.84614,28.58452],[76.84598,28.5845],[76.84574,28.58443],[76.84549,28.58433],[76.8451,28.58417],[76.84355,28.5836],[76.84272,28.58323],[76.84196,28.58291],[76.84137,28.58276],[76.84064,28.58259],[76.84025,28.58264],[76.83991,28.58261],[76.83959,28.58264],[76.83947,28.58267],[76.83945,28.58247],[76.83947,28.58232],[76.83944,28.58187],[76.8394,28.58134],[76.83942,28.58076],[76.83949,28.58043],[76.83943,28.5796],[76.83927,28.57936],[76.83923,28.57927],[76.83916,28.57885],[76.83896,28.57826],[76.83911,28.57697],[76.83908,28.57524],[76.83899,28.57502],[76.83895,28.57476],[76.83881,28.57391],[76.83888,28.57335],[76.83885,28.57293],[76.83886,28.57287],[76.83893,28.57279],[76.83919,28.57255],[76.83971,28.57197],[76.83995,28.57172],[76.84007,28.5716],[76.84017,28.57142],[76.84022,28.57118],[76.84023,28.57101],[76.84019,28.57038],[76.84016,28.56987],[76.84018,28.56953],[76.84019,28.56945],[76.84023,28.56933],[76.84031,28.56915],[76.84035,28.5689],[76.84041,28.56877],[76.8405,28.56858],[76.84081,28.56779],[76.84085,28.56763],[76.84095,28.56727],[76.84105,28.56696],[76.84113,28.56679],[76.84121,28.56651],[76.8414,28.5656],[76.84153,28.5651],[76.84165,28.56455],[76.84176,28.56419],[76.84184,28.564],[76.8419,28.56376],[76.84215,28.56306],[76.84231,28.56263],[76.84178,28.56081],[76.84192,28.55974],[76.84206,28.55885],[76.84203,28.55796],[76.84215,28.5568],[76.84237,28.55606],[76.84265,28.55588],[76.84307,28.55539],[76.8433,28.55461],[76.84415,28.5534],[76.84508,28.55188],[76.84516,28.55074],[76.84533,28.55036],[76.84587,28.55023],[76.84654,28.54977],[76.84695,28.54959],[76.84897,28.54901],[76.85063,28.54863],[76.85119,28.54842],[76.85253,28.54806],[76.85305,28.54792],[76.85419,28.54765],[76.85635,28.54715],[76.8571,28.54693],[76.85844,28.54642],[76.85963,28.54597],[76.86055,28.54571],[76.86073,28.54565],[76.86212,28.54516],[76.86266,28.54489],[76.86414,28.54378],[76.86432,28.54359],[76.86444,28.54355],[76.86455,28.54344],[76.86484,28.54316],[76.8651,28.54291],[76.86544,28.54257],[76.86562,28.54239],[76.86569,28.54225],[76.8658,28.54198],[76.86594,28.54173],[76.86607,28.54148],[76.86621,28.54123],[76.86642,28.54084],[76.86657,28.54024],[76.86661,28.54002],[76.8667,28.53968],[76.8668,28.53924],[76.86691,28.53881],[76.867,28.53842],[76.86711,28.53799],[76.86721,28.53754],[76.86731,28.53714],[76.86739,28.53686],[76.86756,28.53631],[76.86764,28.53613],[76.8677,28.53591],[76.86792,28.53582],[76.86806,28.53577],[76.86815,28.53571],[76.86831,28.535],[76.86832,28.53495],[76.86854,28.53505],[76.86888,28.53521],[76.86922,28.53521],[76.86923,28.53506],[76.86992,28.53467],[76.87026,28.53462],[76.8707,28.53439],[76.87109,28.53419],[76.87132,28.53406],[76.87151,28.53395],[76.87168,28.53384],[76.87192,28.53371],[76.87208,28.53362],[76.87226,28.53352],[76.87241,28.53344],[76.8726,28.53337],[76.87285,28.53325],[76.87305,28.53317],[76.87326,28.53308],[76.87348,28.53299],[76.87358,28.53293],[76.87364,28.53286],[76.87369,28.53277],[76.87372,28.53267],[76.87376,28.53261],[76.87373,28.53252],[76.87378,28.53221],[76.87383,28.5319],[76.87388,28.53163],[76.8739,28.53149],[76.87394,28.53141],[76.87401,28.53131],[76.87413,28.53119],[76.87425,28.53107],[76.87436,28.53096],[76.87443,28.53088],[76.87448,28.53078],[76.87449,28.53066],[76.87447,28.53053],[76.87443,28.5304],[76.87437,28.53026],[76.87429,28.5301],[76.87422,28.52994],[76.87419,28.52983],[76.87419,28.52973],[76.87423,28.52949],[76.87429,28.52924],[76.87434,28.52899],[76.87439,28.52875],[76.87442,28.52864],[76.87447,28.52853],[76.87458,28.52834],[76.87474,28.5281],[76.87487,28.52791],[76.87502,28.5277],[76.87521,28.52749],[76.87542,28.52724],[76.87558,28.52705],[76.87573,28.52688],[76.87591,28.52668],[76.87605,28.52652],[76.87612,28.52641],[76.87618,28.52633],[76.87624,28.52622],[76.87627,28.52613],[76.87633,28.52601],[76.87619,28.52585],[76.8775,28.52481],[76.87798,28.52453],[76.87907,28.52408],[76.88035,28.52331],[76.88193,28.52237],[76.88369,28.52154],[76.88567,28.52081],[76.88738,28.52026],[76.88787,28.51991],[76.88696,28.51969],[76.88674,28.51936],[76.88528,28.51658],[76.88499,28.51594],[76.88435,28.5146],[76.8835,28.5126],[76.8818,28.51018],[76.88124,28.50866],[76.88113,28.50744],[76.88057,28.50552],[76.88076,28.50535],[76.88106,28.5053],[76.88105,28.5052],[76.88133,28.5048],[76.88171,28.50452],[76.88201,28.50431],[76.88381,28.50305],[76.88384,28.50302],[76.88468,28.50269],[76.88563,28.50242],[76.8865,28.50216],[76.88624,28.50077],[76.88875,28.50103],[76.88965,28.50092],[76.89188,28.50071],[76.89246,28.50088],[76.89565,28.50509],[76.89732,28.50748],[76.89807,28.50855],[76.89868,28.50911],[76.89984,28.50968],[76.90038,28.50968],[76.90126,28.50938],[76.90169,28.50932],[76.90273,28.50892],[76.90293,28.50927],[76.90365,28.50975],[76.90563,28.51175],[76.90716,28.51291],[76.90788,28.51345],[76.90837,28.51316],[76.9088,28.51292],[76.91023,28.51222],[76.91051,28.51242],[76.9113,28.51205],[76.91165,28.51217],[76.91282,28.51201],[76.91521,28.51131],[76.9166,28.51062],[76.91832,28.50942],[76.91958,28.50836],[76.92079,28.50692],[76.92169,28.50711],[76.92303,28.50754],[76.92378,28.50789],[76.92514,28.50876],[76.92605,28.50945],[76.92705,28.51004],[76.92768,28.5106],[76.92818,28.51105],[76.92856,28.51046],[76.92867,28.51053],[76.92927,28.51085],[76.93074,28.5106],[76.93211,28.51037],[76.933,28.51024],[76.93457,28.51025],[76.93497,28.51018],[76.93515,28.51029],[76.93572,28.51033],[76.93671,28.50962],[76.93707,28.50931],[76.93724,28.5092],[76.93809,28.50861],[76.93862,28.5083],[76.93979,28.50763],[76.94185,28.50623],[76.94261,28.50578],[76.94363,28.50524],[76.94406,28.50507],[76.94411,28.50504],[76.94514,28.50455],[76.9457,28.50432],[76.94621,28.50445],[76.94649,28.50454],[76.9475,28.50487],[76.94798,28.50508],[76.94854,28.50502],[76.94918,28.5051],[76.94975,28.50485],[76.95109,28.50468],[76.95299,28.50477],[76.95308,28.50478],[76.95383,28.50493],[76.95472,28.50493],[76.95667,28.50593],[76.95731,28.50635],[76.95852,28.50716],[76.96234,28.51027],[76.96397,28.51137],[76.96567,28.51276],[76.96571,28.51279],[76.96609,28.5131],[76.9662,28.51304],[76.96665,28.51346],[76.96811,28.51401],[76.96896,28.51449],[76.97018,28.51528],[76.97157,28.51625],[76.97194,28.51653],[76.97246,28.5169],[76.97301,28.51721],[76.97342,28.51741],[76.97369,28.51751],[76.97399,28.5176],[76.9747,28.51799],[76.97519,28.51844],[76.97547,28.51866],[76.97591,28.51909],[76.97644,28.51894],[76.97854,28.52109],[76.97912,28.52066],[76.97919,28.52062],[76.9795,28.52041],[76.98096,28.51935],[76.98276,28.51767],[76.98337,28.51711],[76.98344,28.51704],[76.98609,28.51555],[76.98969,28.51397],[76.99045,28.51373],[76.99095,28.51361],[76.9911,28.51348],[76.99125,28.51371],[76.99135,28.51382],[76.99141,28.51387],[76.99148,28.51392],[76.99172,28.5141],[76.99192,28.51427],[76.99239,28.51476],[76.99316,28.51587],[76.99372,28.51663],[76.99446,28.51751],[76.99544,28.51697],[76.996,28.51802],[76.99618,28.51852],[76.99681,28.51963],[76.99739,28.51934],[76.99785,28.51909],[76.99926,28.5184],[76.99941,28.51835],[76.99953,28.51825],[76.99958,28.51816],[77.00032,28.51782],[77.00142,28.51759],[77.00274,28.5173],[77.00327,28.51714],[77.00471,28.51651],[77.00606,28.51599],[77.00655,28.51584],[77.00681,28.51586],[77.0068,28.51575],[77.00682,28.51565],[77.00708,28.51558],[77.00732,28.5155],[77.00771,28.51539],[77.00793,28.51534],[77.00808,28.51531],[77.00828,28.51528],[77.00842,28.51511],[77.00881,28.51492],[77.00935,28.51475],[77.00935,28.51469],[77.00989,28.51461],[77.01007,28.5146],[77.01049,28.51459],[77.01051,28.51466],[77.01051,28.51502],[77.01059,28.51515],[77.01073,28.51531],[77.01087,28.51543],[77.01161,28.51615],[77.01184,28.51642],[77.0121,28.51658],[77.01229,28.51677],[77.01243,28.5169],[77.01263,28.51716],[77.01356,28.51797],[77.01425,28.51852],[77.01455,28.51878],[77.01545,28.51956],[77.01605,28.52014],[77.01682,28.5208],[77.01698,28.52096],[77.01696,28.52114],[77.01694,28.52139],[77.01691,28.52164],[77.01688,28.52174],[77.01684,28.5218],[77.01675,28.5219],[77.01662,28.52207],[77.01652,28.52222],[77.01642,28.52242],[77.01639,28.52252],[77.01638,28.5226],[77.01637,28.52264],[77.01627,28.5227],[77.01622,28.5228],[77.01608,28.52296],[77.01586,28.52315],[77.01564,28.52335],[77.01543,28.52353],[77.01525,28.52373],[77.01511,28.52386],[77.01497,28.52398],[77.01481,28.52412],[77.01469,28.52419],[77.01462,28.5242],[77.01414,28.52455],[77.01373,28.52459],[77.01321,28.52479],[77.01262,28.52502],[77.01222,28.52516],[77.01159,28.52534],[77.01124,28.52536],[77.01044,28.52574],[77.0097,28.52645],[77.00863,28.52673],[77.00823,28.52696],[77.00722,28.5275],[77.00531,28.52854],[77.00433,28.52922],[77.00421,28.52933],[77.00313,28.53026],[77.0025,28.53068],[77.00178,28.53095],[77.00146,28.53104],[77.00044,28.53135],[77.0006,28.53165],[77.00069,28.53187],[77.00074,28.53207],[77.00076,28.53245],[77.00076,28.53279],[77.00078,28.53314],[77.00081,28.53339],[77.00089,28.53361],[77.001,28.53384],[77.0012,28.53412],[77.00136,28.53429],[77.0015,28.53446],[77.00165,28.53467],[77.00175,28.53495],[77.00198,28.53536],[77.00242,28.53622],[77.00283,28.53703],[77.0033,28.53784],[77.00352,28.53822],[77.00386,28.53887],[77.0041,28.53924],[77.00426,28.53943],[77.00446,28.53961],[77.00466,28.53977],[77.00483,28.53988],[77.00497,28.53994],[77.00516,28.54],[77.0054,28.54007],[77.00572,28.54018],[77.00596,28.54029],[77.00629,28.54051],[77.00655,28.54072],[77.00678,28.54095],[77.00694,28.54117],[77.00708,28.54138],[77.00712,28.54144],[77.00731,28.54134],[77.008,28.54087],[77.00875,28.54035],[77.00968,28.53993],[77.01014,28.54031],[77.01109,28.54016],[77.01219,28.54009],[77.01238,28.54015],[77.01261,28.54019],[77.01346,28.54052],[77.01396,28.54017],[77.01469,28.53973],[77.01635,28.53917],[77.0169,28.53905],[77.01702,28.53887],[77.0171,28.53872],[77.01717,28.53857],[77.01735,28.53809],[77.01759,28.53739],[77.01777,28.53739],[77.01784,28.53737],[77.0179,28.53735],[77.01814,28.53723],[77.01856,28.53697],[77.01902,28.5367],[77.01922,28.53658],[77.0196,28.53634],[77.01981,28.53622],[77.0202,28.53595],[77.02045,28.53586],[77.02084,28.53565],[77.0213,28.53532],[77.02144,28.53518],[77.02198,28.53477],[77.02235,28.53455],[77.02307,28.53387],[77.02323,28.53373],[77.02324,28.53366],[77.02339,28.53368],[77.02359,28.53354],[77.0238,28.53336],[77.02401,28.53321],[77.02427,28.53301],[77.02442,28.53295],[77.02464,28.53286],[77.02507,28.53272],[77.02645,28.53251],[77.03111,28.53189],[77.03116,28.53183],[77.03155,28.53181],[77.03162,28.53179],[77.03165,28.53172],[77.03172,28.53168],[77.03201,28.53167],[77.03207,28.53148],[77.03208,28.53146],[77.0322,28.53126],[77.03242,28.53108],[77.03276,28.53088],[77.03302,28.53072],[77.03311,28.53067],[77.0332,28.53063],[77.03373,28.53033],[77.03393,28.53021],[77.03563,28.52925],[77.0372,28.52843],[77.04058,28.52657],[77.04178,28.5259],[77.04202,28.52575],[77.04227,28.52536],[77.04247,28.52528],[77.04322,28.52497],[77.04325,28.52498],[77.04335,28.52494],[77.04341,28.52488],[77.04343,28.52484],[77.04343,28.52481],[77.04343,28.52476],[77.04364,28.52465],[77.04383,28.52451],[77.04397,28.52441],[77.04426,28.5241],[77.04538,28.52321],[77.04767,28.52165],[77.04787,28.52151],[77.04847,28.52113],[77.04843,28.52108],[77.048,28.52044],[77.04792,28.52034],[77.04784,28.52026],[77.04772,28.52015],[77.04759,28.52005],[77.0471,28.51902],[77.04603,28.51676],[77.04599,28.51663],[77.04624,28.51654],[77.04692,28.51641],[77.04748,28.51631],[77.04784,28.51624],[77.04864,28.51608],[77.04933,28.51591],[77.04972,28.51579],[77.05007,28.51568],[77.05049,28.51555],[77.05064,28.51551],[77.0517,28.51517],[77.05207,28.51505],[77.0532,28.5147],[77.05367,28.51455],[77.05435,28.51433],[77.05569,28.51391],[77.05565,28.514],[77.0558,28.5139],[77.05602,28.51379],[77.05625,28.51372],[77.05651,28.51366],[77.05707,28.51349],[77.05921,28.51283],[77.05976,28.51269],[77.06091,28.51235],[77.06092,28.51233],[77.06094,28.51231],[77.061,28.51228],[77.06109,28.51226],[77.06128,28.51222],[77.06145,28.51222],[77.06165,28.51225],[77.06283,28.51251],[77.06346,28.5126],[77.06416,28.51267],[77.06431,28.51269],[77.06442,28.51268],[77.06511,28.51259],[77.06543,28.51254],[77.06555,28.51254],[77.06561,28.51245],[77.06569,28.51244],[77.06588,28.51242],[77.06601,28.5124],[77.06634,28.5123],[77.06643,28.51227],[77.06666,28.5122],[77.06681,28.51215],[77.06722,28.512],[77.06729,28.51199],[77.06737,28.51197],[77.06758,28.51194],[77.06762,28.51212],[77.06771,28.51229],[77.06807,28.51248],[77.06803,28.51257],[77.068,28.51263],[77.06798,28.51276],[77.06834,28.51298],[77.06851,28.51309],[77.06876,28.51324],[77.06893,28.51334],[77.06894,28.51341],[77.06889,28.51349],[77.06884,28.51362],[77.06918,28.51442],[77.06918,28.51451],[77.06928,28.51467],[77.06944,28.51485],[77.06963,28.51509],[77.06975,28.51525],[77.0701,28.51564],[77.07041,28.51604],[77.07055,28.51622],[77.0707,28.51638],[77.07095,28.51672],[77.07127,28.51711],[77.07157,28.51747],[77.07176,28.51772],[77.07191,28.51791],[77.07174,28.51802],[77.07166,28.51808],[77.0716,28.51814],[77.07147,28.51815],[77.07178,28.51862],[77.07215,28.5195],[77.07222,28.52003],[77.0723,28.52023],[77.07246,28.52011],[77.07293,28.51977],[77.07337,28.51948],[77.07407,28.51912],[77.07429,28.51901],[77.07466,28.51899],[77.07467,28.51893],[77.0747,28.51888],[77.07474,28.51886],[77.07516,28.51871],[77.07526,28.51868],[77.07538,28.51866],[77.07547,28.51865],[77.07626,28.5186],[77.07657,28.51856],[77.07705,28.51851],[77.07744,28.51846],[77.07792,28.51841],[77.07876,28.51829],[77.07926,28.51822],[77.08038,28.51807],[77.08031,28.51797],[77.08042,28.51794],[77.0808,28.5178],[77.0827,28.51708],[77.08327,28.51692],[77.08338,28.51689],[77.08361,28.51682],[77.08402,28.51671],[77.0842,28.51669],[77.08436,28.51667],[77.08444,28.51666],[77.08454,28.51663],[77.08507,28.51647],[77.08604,28.51611],[77.08618,28.51604],[77.08627,28.51605],[77.08691,28.51588],[77.08712,28.51575],[77.08753,28.51563],[77.08769,28.51557],[77.08779,28.51554],[77.08793,28.5155],[77.09044,28.51477],[77.09159,28.51449],[77.09171,28.51447],[77.09242,28.51437],[77.0925,28.51436],[77.09255,28.51434],[77.09262,28.51425],[77.09267,28.5142],[77.09274,28.51418],[77.0928,28.51418],[77.09288,28.51417],[77.09296,28.51414],[77.09275753900005,28.513799499000072]]]}},{"type":"Feature","properties":{"canonical_city_id":"delhi_ncr","component_id":"delhi_nct","district_name":"West","source_shape_id":"76128533B68379889579232","source":"geoBoundaries gbOpen IND ADM2","boundary_year":"2021"},"geometry":{"type":"Polygon","coordinates":[[[76.95439984800004,28.661720220000063],[76.95486189000007,28.66184399800005],[76.95522469200006,28.661941467000076],[76.95539841300007,28.661982590000036],[76.95541151000003,28.66198569000005],[76.95581492500008,28.662079549000055],[76.95597737400004,28.662115649000043],[76.95606246000006,28.662132393000036],[76.95620209500004,28.66215987100003],[76.95643827900005,28.66216884000005],[76.95648728300006,28.662170702000026],[76.95681759700005,28.662117454000054],[76.95684967100004,28.66211237500005],[76.95732479900005,28.662037132000023],[76.95737353300007,28.662029010000026],[76.95773814200004,28.661931541000058],[76.95775465900005,28.661927142000025],[76.95789066300006,28.661890928000048],[76.95791877200008,28.66187476700003],[76.95793332700003,28.66187012100005],[76.95853496800004,28.661585708000075],[76.95983670300006,28.660973128000023],[76.96059148900008,28.66069965500003],[76.96191510100005,28.660196463000034],[76.96338091800004,28.659813600000064],[76.96372002600003,28.659693272000027],[76.96490143100004,28.659113508000075],[76.96556870600006,28.658785340000065],[76.96600626400004,28.658632195000052],[76.96766898300007,28.658238393000033],[76.96955048100006,28.657735202000026],[76.97053498500003,28.657669568000074],[76.97200080300007,28.657286705000047],[76.97330253700005,28.656827270000065],[76.97394793400008,28.65673975800007],[76.97466990500004,28.65678351400004],[76.97521685200007,28.656816331000073],[76.97582943200007,28.656750697000064],[76.97590600500007,28.656903842000077],[76.97608102700008,28.65705698800008],[76.97714210500004,28.65699135400007],[76.97826881500004,28.656127178000077],[76.97866261800004,28.65535051300003],[76.97916580800006,28.65444258100007],[76.97959242700006,28.654136291000043],[76.98004092400004,28.65360028200007],[76.98099261200008,28.65272516700003],[76.98183665800008,28.65198343000003],[76.98184529900004,28.651975836000076],[76.98207556600005,28.65177348000003],[76.98381485800007,28.650504563000027],[76.98478842400004,28.64902780600005],[76.98510565200007,28.647944851000034],[76.98477748400006,28.64734321000003],[76.98478842400004,28.647102553000025],[76.98520410300006,28.64680720100006],[76.98626518000003,28.645997720000025],[76.98656053100007,28.645669552000072],[76.98668086000004,28.645680491000064],[76.98772005900008,28.645155422000073],[76.99020319800007,28.643405191000056],[76.99054230600007,28.642617587000075],[76.99111113100008,28.640582945000062],[76.99123145900006,28.64024383700007],[76.99132991000005,28.63983909700005],[76.99207375700007,28.63925933300004],[76.99403182700007,28.638099805000024],[76.99500539300004,28.637399713000036],[76.99662435600004,28.635966712000027],[76.99728069200006,28.63464310100005],[76.99791515100003,28.633735169000033],[76.99798078500004,28.633516390000068],[76.99815580700005,28.633407001000023],[76.99908561700005,28.63242249600006],[76.99950129700005,28.63083635000004],[77.00019045000005,28.629458043000056],[77.00125152700008,28.62713898800007],[77.00221415400006,28.62622011700006],[77.00334086400005,28.62536688000006],[77.00427067400005,28.62471054400004],[77.00439100300008,28.624743360000025],[77.00455508700009,28.624579276000077],[77.00583494300008,28.624185475000047],[77.00712573800007,28.623955757000033],[77.00923094700005,28.624487071000033],[77.00942291500007,28.62453552000005],[77.01155600900006,28.624994956000023],[77.01267178000006,28.62503871200005],[77.01340468900008,28.625126223000052],[77.01478299600006,28.625607537000064],[77.01538463700007,28.625979460000053],[77.01560341600003,28.62622011700006],[77.01582219500006,28.626329507000037],[77.01665355400007,28.626767064000035],[77.01752866900006,28.626756125000043],[77.01831627300004,28.626646736000055],[77.01835984700006,28.626635116000045],[77.01838240900008,28.62662910000006],[77.01946486200006,28.62634044500004],[77.01976021200005,28.626318568000045],[77.02002274700004,28.626384201000064],[77.02188236700005,28.626198239000075],[77.02303095600007,28.62595758200007],[77.02304189400007,28.62327754200004],[77.02295438300007,28.62296031300008],[77.02272466600004,28.622621206000076],[77.02271372600006,28.62245712200007],[77.02281217700005,28.621592946000078],[77.02265903200004,28.62048811300008],[77.02392138600004,28.62028239600005],[77.02413578800008,28.620247457000062],[77.02630169800005,28.619459853000023],[77.02723150800006,28.619273890000045],[77.03046943500004,28.61906605100006],[77.03141018300005,28.619076990000053],[77.03163990100006,28.61821281300007],[77.03230717700006,28.61600314800006],[77.03241656600005,28.61604690300004],[77.03450590300008,28.61600314800006],[77.03451684300006,28.61552183400005],[77.03645303400003,28.615489018000062],[77.03661711800004,28.615696857000046],[77.03819232600006,28.61586094100005],[77.03865176200003,28.615051460000075],[77.03855331100004,28.614996765000058],[77.03855331100004,28.61429667300007],[77.03926434200008,28.61435136800003],[77.03935185300008,28.61441700200004],[77.03977847200008,28.61427479500003],[77.04207565000007,28.613913810000042],[77.04297264300004,28.61350906900003],[77.04378212400007,28.61324653500003],[77.04474475000006,28.612699588000055],[77.04484320100005,28.612579260000075],[77.04479944500008,28.61169320500005],[77.04482132300006,28.611277526000038],[77.04476662800005,28.610818090000066],[77.04479944500008,28.610632128000077],[77.04476662800005,28.60883814300007],[77.04534639200006,28.608805326000038],[77.04534639200006,28.607733309000025],[77.04600272800008,28.607722370000033],[77.04614493500003,28.607667676000062],[77.04640746900003,28.60765673700007],[77.04649498100008,28.607602043000043],[77.04688878300004,28.607547348000026],[77.04709662200008,28.60765673700007],[77.04910938800003,28.607569225000077],[77.05145032000007,28.607536408000044],[77.05160329200004,28.60757465100005],[77.05162534400006,28.60758016400007],[77.05164794400008,28.60755662300005],[77.05320055100003,28.605939324000076],[77.05605561400006,28.60375153600006],[77.05590246900005,28.603510879000055],[77.05915133400003,28.601334030000032],[77.05950138000003,28.601826283000037],[77.05945762400006,28.602548252000076],[77.06026710600008,28.602515436000033],[77.06029992300006,28.603631208000024],[77.06174386200007,28.60367496300006],[77.06186419100004,28.606978523000066],[77.06186419100004,28.60796302700004],[77.06305653500004,28.607941149000055],[77.06307841300008,28.608203684000046],[77.06287057400004,28.608334951000074],[77.06254240600003,28.608717814000045],[77.06258616100007,28.608870959000058],[77.06248771100007,28.609177249000027],[77.06257522200008,28.60953823400007],[77.06259710000006,28.610041426000066],[77.06328625300006,28.610172693000038],[77.06333000800004,28.610730579000062],[77.06375662700003,28.61078527400008],[77.06375662700003,28.611441610000043],[77.06567094200005,28.611890106000033],[77.06591159900006,28.611922924000055],[77.06596629400008,28.613432497000076],[77.06666638500008,28.613432497000076],[77.06669920300004,28.61448263500006],[77.06756337800005,28.614438879000033],[77.06779309600006,28.614712352000026],[77.06808844700004,28.61482174200006],[77.06860257800008,28.61520460500003],[77.06925891400005,28.614646719000064],[77.06943393700004,28.61430761200006],[77.07082318200008,28.614263856000036],[77.07088881600004,28.61409977200003],[77.07292345900004,28.61403413900007],[77.07293439700004,28.613880993000066],[77.07436739900004,28.613815360000046],[77.07437833800003,28.614646719000064],[77.07429082600004,28.614657658000056],[77.07435646000005,28.61525929900006],[77.07455336100008,28.61533587200006],[77.07559256000008,28.615292117000024],[77.07559256000008,28.616539156000044],[77.07636922500006,28.616550095000036],[77.07644579800007,28.617261126000074],[77.07660021200007,28.617609662000064],[77.07682866100004,28.618125302000067],[77.07792890600007,28.61759597400004],[77.08001189200007,28.616593850000072],[77.08016419800003,28.616554364000024],[77.08280952500007,28.61529143300004],[77.08641595700004,28.613599316000034],[77.08667233800008,28.613599316000034],[77.08954381000007,28.612385778000032],[77.09027877000005,28.612009751000073],[77.09239819000004,28.61112096200003],[77.09335534600007,28.61060819900007],[77.09407321500004,28.61040309400005],[77.09509874100007,28.609907424000028],[77.09544177400005,28.60977604900006],[77.09615680700006,28.609502207000048],[77.09619235500008,28.609488593000037],[77.09750872500007,28.608984451000026],[77.09995289400007,28.609257924000076],[77.10065367000004,28.609206648000054],[77.10193252300007,28.60868832500006],[77.10516598300006,28.607377794000058],[77.10533690400007,28.607258149000074],[77.10802036200005,28.606061703000023],[77.10817419100005,28.60607879500003],[77.10979794000008,28.605343835000042],[77.10990049200007,28.605395111000064],[77.11401968700005,28.610232174000032],[77.11401968700005,28.610368910000034],[77.10974666400006,28.61296690900008],[77.10918262500007,28.613206198000057],[77.10781525800007,28.61421463100004],[77.10766142900007,28.614471012000024],[77.10737680500006,28.61479876100003],[77.10734686100005,28.61483324200003],[77.10709738900005,28.615120512000033],[77.10335422100007,28.62096600800004],[77.10349095800007,28.620983100000046],[77.10354223400003,28.620897640000067],[77.10374733900005,28.62101728400006],[77.10584966700003,28.62103437600007],[77.11075509700004,28.62096600800004],[77.11078928200004,28.62130785000005],[77.11246430700004,28.621615507000058],[77.11247553400005,28.62082962900007],[77.11247712500005,28.62071826400006],[77.11248139900005,28.620419061000064],[77.11254976700008,28.620077219000052],[77.11278905600005,28.619974666000076],[77.11311380600006,28.620077219000052],[77.11359238500006,28.62047033700003],[77.11419060800006,28.620401969000056],[77.11424188400008,28.619752469000048],[77.11642967200004,28.621376218000023],[77.11974553800007,28.625221939000028],[77.12317166500003,28.629299941000056],[77.12360835100003,28.629819712000028],[77.12218970700008,28.63079396100005],[77.11926695900007,28.630828145000066],[77.11928405200007,28.63144346000007],[77.11924986800005,28.633357775000036],[77.12094198400007,28.63330649900007],[77.12104453800004,28.633426144000055],[77.12109581300007,28.633648341000026],[77.12183077400005,28.633357775000036],[77.12213843100005,28.63330649900007],[77.12246318100006,28.633221039000034],[77.12273665400005,28.633494512000027],[77.12374508800008,28.63549428700003],[77.12427494300005,28.635357550000037],[77.12586450700007,28.63462259000005],[77.12690712500006,28.63576776000008],[77.12803520400007,28.63534045800003],[77.12818903200008,28.635460102000025],[77.12815484800007,28.63569939200005],[77.12812066300006,28.635972865000042],[77.12818903200008,28.636348892000058],[77.12846250600006,28.63684456200008],[77.12873597900006,28.637083852000046],[77.12928292600003,28.63734023300003],[77.12994951800005,28.637596615000064],[77.13140699500008,28.63364376000004],[77.13141670200008,28.63361743300004],[77.13220567400003,28.631477645000075],[77.13362431700006,28.632827920000068],[77.13581965500003,28.635482746000037],[77.13582919800007,28.63549428700003],[77.13962364300005,28.639733126000067],[77.13976037900005,28.639818587000036],[77.13984584000008,28.64000659900006],[77.14182852200008,28.64116886200003],[77.14281986400005,28.642211479000025],[77.14352064000008,28.643254097000067],[77.14666558400006,28.647800594000046],[77.14922939900003,28.650877170000058],[77.15177612000008,28.649219238000057],[77.15122917300005,28.648791935000077],[77.15080187100006,28.648347541000078],[77.15025492400008,28.64769804100007],[77.14763983400007,28.644433451000054],[77.14752329000004,28.644281612000043],[77.14464871800004,28.640536454000028],[77.14603317700005,28.63957929700007],[77.14637501900006,28.638793061000058],[77.14658012400008,28.637664983000036],[77.14683650600006,28.635801945000026],[77.14716125500007,28.634947340000053],[77.15028910800004,28.629597515000057],[77.15572439400006,28.62399130800003],[77.15623715700008,28.623940032000064],[77.15700630100008,28.62382038800007],[77.15755324800006,28.62346145400005],[77.15803182600007,28.623085427000035],[77.15845912900005,28.622982875000048],[77.15915990400003,28.62289741400008],[77.16001450900006,28.623136703000057],[77.16059564000005,28.62361528200006],[77.16227066500005,28.625546688000043],[77.16421916400003,28.627666108000028],[77.16686843900004,28.62987098900004],[77.16736410900006,28.630212830000062],[77.16907331800007,28.63065722400006],[77.17015012000007,28.63074268500003],[77.17064579100008,28.63081105300006],[77.17098763300004,28.63108452700004],[77.17367109100007,28.63339195900005],[77.17389288400005,28.633461946000068],[77.17385910400003,28.63359706400007],[77.17413257700008,28.634075643000074],[77.17440605100006,28.63534045800003],[77.17466243300004,28.63735732500004],[77.17467952400006,28.638399943000024],[77.17467952400006,28.63886142900003],[77.17435477500004,28.63964766500004],[77.17430349900008,28.640023691000067],[77.17437186700005,28.640519362000077],[77.17466243300004,28.641322690000038],[77.17473080100007,28.641544887000066],[77.17486753800006,28.641630348000035],[77.17488463000007,28.64171580900006],[77.17488463000007,28.641903821000028],[77.17471370900006,28.642057650000027],[77.17481816400004,28.64214469600006],[77.17493017400005,28.642238037000027],[77.17502136700006,28.64231403200006],[77.17503558500005,28.642385123000054],[77.17507264300008,28.642570413000044],[77.17562577200005,28.64320863900008],[77.17598066100004,28.64370383200003],[77.17678185300008,28.644772088000025],[77.17691538400004,28.644718676000025],[77.17712903600005,28.645039152000038],[77.17718244800005,28.645973876000028],[77.17688867800007,28.646160821000024],[77.17838423600006,28.648110388000077],[77.17867800600004,28.64813709400005],[77.18044062800004,28.650433844000077],[77.17950590400005,28.650914560000047],[77.17793022700005,28.651502100000073],[77.17859788700008,28.651982815000054],[77.17910530900008,28.653344842000024],[77.17931896000005,28.653558493000048],[77.17942578600008,28.654519923000066],[77.17913201500005,28.655054051000036],[77.17971955500008,28.65542794000004],[77.18004003200008,28.655641591000062],[77.18036050900008,28.656362664000028],[77.18094805000004,28.656789966000076],[77.18198959900008,28.65756445200003],[77.18247537500008,28.658367037000062],[77.18260384700005,28.65857929400005],[77.18190362200005,28.658584896000036],[77.17926554700006,28.658606002000056],[77.17931896000005,28.658739533000073],[77.17961273000003,28.658819653000023],[77.17979967500008,28.659327073000043],[77.17980354400004,28.65938510700005],[77.17985308800007,28.660128266000072],[77.18070769300004,28.66023509100006],[77.18110828900006,28.660422036000057],[77.18121511400005,28.660822632000077],[77.18057416000005,28.663092676000076],[77.18053573900005,28.66308725500005],[77.18057416000005,28.663146089000065],[77.18105487600008,28.66338644600006],[77.18089463700005,28.66349327200004],[77.18037490400008,28.663564145000066],[77.18036265700005,28.663551899000026],[77.17981495000004,28.663609250000036],[77.17872813800005,28.663744026000074],[77.17783918900005,28.66386159600006],[77.17729148200004,28.66395622700003],[77.17687568300005,28.664050857000063],[77.17655164700005,28.664151222000044],[77.17641872300004,28.664198299000077],[77.17627636000003,28.664248720000046],[77.17560821400008,28.664555550000046],[77.17525855700006,28.66471020700004],[77.17486264400003,28.664885322000032],[77.17484543900008,28.66490826300003],[77.17486392800004,28.664942600000074],[77.17488558400004,28.664982820000034],[77.17475080800006,28.665063111000052],[77.17426618800005,28.665318326000033],[77.17350054500008,28.66576280000004],[77.17320968900003,28.66588593700004],[77.17310768700008,28.665929120000044],[77.17293850000004,28.665986471000053],[77.17283296800008,28.666011877000074],[77.17247395200008,28.666098307000027],[77.17186315800006,28.66615852600006],[77.17125810000005,28.666190070000027],[77.17120505200006,28.66611049900007],[77.17118927700005,28.666086837000023],[77.17068790000008,28.666171976000044],[77.17042937000008,28.66621587800006],[77.16976695900007,28.666479695000078],[77.16970387200007,28.666416608000077],[77.16968861500004,28.666364370000053],[77.16927086900006,28.664934070000072],[77.16895543500004,28.664667386000076],[77.16816111600008,28.663996372000042],[77.16802253600008,28.663962867000066],[77.16745364800005,28.663825321000047],[77.16670662400008,28.66364470600007],[77.16669457300003,28.663641793000068],[77.16667269300007,28.663644943000065],[77.16642375000004,28.663680775000046],[77.16640318100008,28.663683736000053],[77.16556595900005,28.66380424500005],[77.16551563300004,28.66367563700004],[77.16548434300006,28.663609316000077],[77.16545985800008,28.663626455000042],[77.16512278800008,28.664074997000057],[77.16509567500003,28.66411107600004],[77.16417518300005,28.66456415300007],[77.16326902900005,28.66496274600007],[77.16318013400007,28.66502870100004],[77.16241047800008,28.665358740000045],[77.16148826300008,28.66575419800006],[77.16112961700003,28.665954140000053],[77.15935791900006,28.666777703000037],[77.15928541700004,28.666811405000033],[77.15869407100007,28.667086288000064],[77.15763336700007,28.66757935000004],[77.15653187700008,28.66788532000004],[77.15532806200008,28.668219713000042],[77.15330693100003,28.668781138000043],[77.15020777700005,28.670006100000023],[77.14915634200008,28.670421687000044],[77.14741572000008,28.67110968000003],[77.14688263100004,28.671320386000048],[77.14655021300007,28.671451777000073],[77.14526095200006,28.672259970000027],[77.14476088400005,28.672573446000058],[77.14465021300003,28.672567297000057],[77.14428016900007,28.67254674000003],[77.14428619300008,28.67260396900008],[77.14433358200006,28.67305416100004],[77.14363921600005,28.673160987000074],[77.14334544600007,28.673347931000023],[77.14054127400004,28.673668408000026],[77.14046115500008,28.67393547200004],[77.14014067800008,28.674095710000074],[77.13974008200006,28.67398888400004],[77.13957984400008,28.673801940000033],[77.13653531500006,28.67422924300007],[77.13637507600004,28.674149123000063],[77.13498634400008,28.67425594900004],[77.13498634400008,28.674603132000072],[77.13455904100005,28.674603132000072],[77.13450562900005,28.674496306000037],[77.12246104500008,28.67609869000006],[77.10854701300008,28.67791472500005],[77.10806629700005,28.678128376000075],[77.10243124800007,28.67879603600005],[77.10243124800007,28.679063100000064],[77.10189712100004,28.67919663200007],[77.10168346900008,28.678929568000058],[77.09692973100005,28.67941028300004],[77.09588818200007,28.679436989000067],[77.09573795100005,28.679779704000055],[77.09503357700004,28.681386557000053],[77.09535405400004,28.68328271100006],[77.09401873400003,28.683309417000032],[77.09345462100003,28.68336098700007],[77.09343792600004,28.683362513000077],[77.09160659400004,28.683529930000077],[77.09056054700005,28.683625557000028],[77.07970410500008,28.684618030000024],[77.07663287000008,28.684804975000077],[77.07649933800008,28.685018626000044],[77.07625898100008,28.685018626000044],[77.07615215500005,28.68483168100005],[77.06474852400004,28.685899937000045],[77.06358047000003,28.685999871000035],[77.06013255000005,28.686294859000043],[77.04401073300005,28.687674171000026],[77.04396764200004,28.68767785700004],[77.04071276900004,28.687956330000077],[77.00944575600005,28.690544427000077],[77.00937669500007,28.69054029700004],[77.00428250700008,28.690959881000026],[77.00094734600003,28.691244984000036],[76.99688598100005,28.69156236200007],[76.98937649100003,28.692180981000035],[76.98569167700003,28.692492980000054],[76.98565350700005,28.69250124000007],[76.98254476600005,28.69275286100003],[76.98253403300004,28.692756565000025],[76.97768191200004,28.693165391000036],[76.97737617000007,28.69317509700005],[76.97734301600008,28.693176150000056],[76.97675667400006,28.69375711300006],[76.97650384700006,28.69402069800003],[76.97599510800006,28.694140557000026],[76.97432760400005,28.69453342500003],[76.97342151400005,28.694746902000077],[76.97339213400005,28.694767527000067],[76.97260924100004,28.69531710700005],[76.97140965900007,28.696183173000065],[76.97117297000005,28.69631765500003],[76.97101697000005,28.696430621000047],[76.97021007700005,28.69699006700006],[76.97019228500005,28.696993812000073],[76.97012498300006,28.69700798100007],[76.96750201000003,28.69727950400005],[76.96718766300006,28.697319398000047],[76.96691890100004,28.69735350800005],[76.96688295800004,28.69734386600004],[76.96636860900009,28.696559767000053],[76.96625,28.69638],[76.96583,28.69586],[76.96544,28.69536],[76.96508,28.69461],[76.96488,28.69433],[76.96481,28.69423],[76.96479104800005,28.694204226000068],[76.96456,28.69389],[76.96421,28.6933],[76.96424,28.69286],[76.96427581900008,28.692544788000077],[76.96428679900004,28.692413033000037],[76.96396847800008,28.691720217000068],[76.96395,28.69168],[76.9639,28.69159],[76.96378961600004,28.691430557000047],[76.96354,28.69107],[76.9635,28.69102],[76.96343,28.6909],[76.96323,28.69061],[76.96309,28.69044],[76.96301,28.69031],[76.96285,28.69008],[76.96273,28.68991],[76.96255,28.68966],[76.96249,28.68957],[76.96241,28.68948],[76.96202,28.68903],[76.96184,28.68883],[76.96158,28.68854],[76.9615,28.68845],[76.9614,28.68834],[76.96136,28.68827],[76.96132,28.68823],[76.96119,28.68816],[76.96111,28.68789],[76.96097,28.68772],[76.96082,28.68758],[76.96058,28.68741],[76.96039,28.6872],[76.96011880000003,28.68687631100005],[76.96008,28.68683],[76.95951,28.68613],[76.95939342900004,28.685986528000058],[76.95938,28.68597],[76.95936142800008,28.685928213000068],[76.9593,28.68579],[76.95903,28.68519],[76.95863031400006,28.684290705000024],[76.95847,28.68393],[76.95846,28.68391],[76.95834,28.68339],[76.95813967900006,28.682515869000042],[76.95812,28.68243],[76.9581,28.68236],[76.95803,28.68212],[76.95787,28.68157],[76.95777,28.68124],[76.95765,28.68029],[76.95760027100005,28.67994189700005],[76.95755,28.67959],[76.95748,28.67903],[76.95747,28.67892],[76.95741,28.67853],[76.95737,28.67826],[76.95734322700008,28.678059203000032],[76.95731,28.67781],[76.95727,28.6775],[76.95726,28.67746],[76.95675,28.67532],[76.95671647300003,28.675191987000062],[76.95664,28.6749],[76.95658,28.67456],[76.95661982300004,28.67422548600007],[76.95663,28.67414],[76.95692,28.67378],[76.95719,28.67345],[76.95726423900004,28.673255123000047],[76.95735,28.67303],[76.95748,28.67233],[76.95750757100006,28.672150784000053],[76.95754,28.67194],[76.95740391300006,28.671563757000058],[76.95737,28.67147],[76.95734298200006,28.671397950000028],[76.95729201000006,28.67126202600008],[76.95728,28.67123],[76.95724173200006,28.671188629000028],[76.95654,28.67043],[76.9555,28.66929],[76.95485,28.66832],[76.95476074900006,28.668145296000034],[76.95438,28.6674],[76.95430168000007,28.667333730000053],[76.95425,28.66729],[76.95415192700005,28.667385942000067],[76.95383748300003,28.667693549000035],[76.95379,28.66774],[76.95364,28.66794],[76.95339147400006,28.66828577600006],[76.95295,28.6689],[76.95279164700008,28.66904438200004],[76.95263242700008,28.669189552000034],[76.95261,28.66921],[76.95252,28.66929],[76.95224559400003,28.669349331000035],[76.95215,28.66937],[76.95186884900005,28.66931644700003],[76.95173,28.66929],[76.95170067500004,28.669282002000045],[76.95151,28.66923],[76.95126,28.66916],[76.95108,28.66924],[76.95102975100008,28.66926153600008],[76.95094,28.6693],[76.95082096800007,28.669342203000042],[76.94984,28.66969],[76.9497,28.66975],[76.94941,28.66976],[76.94927633600008,28.669781105000027],[76.94922,28.66979],[76.94912862200005,28.66978590800005],[76.94855,28.66976],[76.94837,28.66974],[76.94841897400005,28.669681231000027],[76.94852,28.66956],[76.94881,28.66922],[76.94882189400005,28.66920385900005],[76.94895,28.66903],[76.95045841600006,28.667267039000023],[76.95055,28.66716],[76.95114,28.66634],[76.95134,28.66606],[76.95157,28.66573],[76.95179,28.66541],[76.95182,28.66537],[76.95203,28.66508],[76.95265,28.6642],[76.95373,28.66267],[76.95395,28.66236],[76.95398907400005,28.66230138900005],[76.95423,28.66193],[76.95431,28.66185],[76.95435749100005,28.661781403000077],[76.95438309100007,28.66174442500005],[76.95439984800004,28.661720220000063]]]}},{"type":"Feature","properties":{"canonical_city_id":"delhi_ncr","component_id":"delhi_nct","district_name":"South","source_shape_id":"76128533B97089774514948","source":"geoBoundaries gbOpen IND ADM2","boundary_year":"2021"},"geometry":{"type":"Polygon","coordinates":[[[77.17523,28.40447],[77.17548,28.40461],[77.17557,28.40467],[77.177,28.40583],[77.17755,28.40625],[77.17979,28.40728],[77.18453,28.40898],[77.18515,28.40939],[77.18532,28.40945],[77.18548,28.40944],[77.18569,28.40937],[77.18894,28.40794],[77.18997,28.40745],[77.19006,28.40741],[77.1909,28.40688],[77.19125,28.40688],[77.19147,28.407],[77.19213,28.40761],[77.19229,28.40772],[77.19329,28.40781],[77.19378,28.40807],[77.19442,28.4082],[77.19473,28.40819],[77.19599,28.40812],[77.19687,28.40803],[77.19761,28.40813],[77.19801,28.408],[77.20389,28.40827],[77.20432,28.40833],[77.20469,28.40838],[77.20624,28.40877],[77.20778,28.40912],[77.2081,28.40917],[77.20841,28.40921],[77.21134,28.4097],[77.21266,28.40991],[77.21367,28.41017],[77.21546,28.41087],[77.21636,28.41109],[77.21661,28.41107],[77.21671,28.41098],[77.21681,28.41032],[77.21694,28.40972],[77.21718,28.40943],[77.21905,28.41053],[77.22033,28.41117],[77.22146,28.41164],[77.22219,28.41183],[77.22283,28.41191],[77.22331,28.4119],[77.22434,28.41173],[77.22467,28.41175],[77.22498,28.41193],[77.22537,28.4125],[77.22549,28.4126],[77.22564,28.41269],[77.22587,28.41277],[77.22669,28.41291],[77.22754,28.41315],[77.2293,28.41391],[77.23024,28.41449],[77.23201,28.41577],[77.23382,28.4173],[77.23418,28.41755],[77.23446,28.41767],[77.2355,28.4179],[77.23599,28.41808],[77.23608,28.41812],[77.2363,28.41824],[77.2376,28.41921],[77.23882,28.42038],[77.23918,28.42057],[77.24011,28.42075],[77.24277,28.42177],[77.24551,28.42243],[77.24585,28.42252],[77.24693,28.42278],[77.24743,28.42296],[77.24854,28.42345],[77.25022,28.42419],[77.25058,28.42514],[77.25139,28.42668],[77.25289,28.43041],[77.25269,28.4312],[77.25329,28.43293],[77.25284,28.43298],[77.25067,28.43288],[77.24966,28.43326],[77.25002,28.43459],[77.25009,28.4354],[77.25048,28.43923],[77.25052,28.43963],[77.2503,28.44126],[77.25027,28.44158],[77.25021,28.44186],[77.24995,28.44333],[77.25005,28.4435],[77.24959,28.44568],[77.24939,28.44664],[77.24912,28.44737],[77.24802,28.45028],[77.24705,28.45268],[77.24683,28.45255],[77.24671,28.45242],[77.24664,28.45235],[77.24655,28.45229],[77.24639,28.45221],[77.24629,28.45219],[77.24615,28.45216],[77.24608,28.45213],[77.24602,28.4521],[77.24598,28.45203],[77.24592,28.45198],[77.24593,28.45226],[77.24585,28.45238],[77.24578,28.4525],[77.24572,28.45257],[77.24555,28.45263],[77.24541,28.4527],[77.24526,28.45279],[77.2451,28.45293],[77.24496,28.45311],[77.24488,28.45324],[77.24486,28.45333],[77.24481,28.45359],[77.2448,28.45367],[77.24477,28.45376],[77.24456,28.45411],[77.24453,28.45421],[77.24452,28.45436],[77.24456,28.45451],[77.24461,28.45458],[77.2447,28.45466],[77.24483,28.45476],[77.24521,28.45495],[77.24528,28.45504],[77.24525,28.45518],[77.24491,28.45577],[77.24489,28.45594],[77.2449,28.45602],[77.24493,28.45607],[77.2451,28.45616],[77.2453,28.45627],[77.24536,28.45634],[77.24539,28.45639],[77.24548,28.45717],[77.24549,28.45722],[77.24559,28.45739],[77.24563,28.45746],[77.24579,28.45816],[77.24576,28.45824],[77.24572,28.45831],[77.24537,28.45862],[77.24525,28.45872],[77.24509,28.4588],[77.2449,28.45886],[77.2448,28.45903],[77.24478,28.45908],[77.24433,28.45971],[77.24426,28.45979],[77.24417,28.45985],[77.24403,28.45992],[77.2439,28.45997],[77.24371,28.46],[77.24355,28.46006],[77.24346,28.46012],[77.24332,28.46022],[77.24319,28.46035],[77.24297,28.46061],[77.24258,28.46096],[77.24246,28.46107],[77.24206,28.46148],[77.24191,28.46161],[77.24141,28.46194],[77.24124,28.46208],[77.24111,28.46219],[77.24102,28.46238],[77.24098,28.46253],[77.24102,28.46262],[77.24106,28.46268],[77.24186,28.46313],[77.24194,28.46319],[77.24199,28.46327],[77.24198,28.46339],[77.2416,28.46402],[77.24153,28.46416],[77.24153,28.4643],[77.24166,28.46504],[77.24167,28.46514],[77.24166,28.4652],[77.24159,28.4653],[77.24143,28.46543],[77.24118,28.46555],[77.24106,28.46565],[77.24091,28.46583],[77.24086,28.46591],[77.24076,28.46611],[77.24072,28.46619],[77.2407,28.46627],[77.24014,28.46666],[77.24004,28.46676],[77.23986,28.46696],[77.2397,28.46717],[77.23951,28.46734],[77.23945,28.46745],[77.23943,28.46755],[77.23943,28.46767],[77.23953,28.46778],[77.23973,28.46791],[77.24003,28.46812],[77.24023,28.46827],[77.24038,28.46851],[77.24053,28.46884],[77.24055,28.46895],[77.24057,28.46903],[77.24117,28.46956],[77.24121,28.46966],[77.24128,28.4699],[77.24131,28.47],[77.24148,28.47024],[77.24158,28.47036],[77.24172,28.47049],[77.24209,28.47068],[77.24256,28.4709],[77.24279,28.47106],[77.24284,28.47112],[77.24289,28.47119],[77.24297,28.47137],[77.24304,28.4717],[77.24309,28.47176],[77.24338,28.47184],[77.24347,28.47193],[77.24353,28.47224],[77.24355,28.47235],[77.24375,28.47251],[77.24397,28.47264],[77.24409,28.47274],[77.24416,28.47292],[77.24433,28.47334],[77.24434,28.47348],[77.24422,28.47373],[77.24419,28.47395],[77.24419,28.47423],[77.24423,28.47436],[77.2444,28.4745],[77.24495,28.47486],[77.24507,28.47496],[77.24511,28.47505],[77.24514,28.47548],[77.24518,28.47557],[77.24529,28.47582],[77.24556,28.47611],[77.24576,28.47627],[77.246,28.47654],[77.24629,28.47708],[77.24637,28.47727],[77.24641,28.47755],[77.24649,28.47819],[77.24652,28.47833],[77.24655,28.47841],[77.24661,28.47855],[77.24662,28.47864],[77.2466,28.47872],[77.2464,28.479],[77.24638,28.4791],[77.24639,28.47919],[77.24643,28.47927],[77.24666,28.47954],[77.247,28.47971],[77.2474,28.47986],[77.24764,28.47991],[77.24774,28.47992],[77.24782,28.47989],[77.24791,28.47982],[77.24794,28.47974],[77.2481,28.47954],[77.24816,28.47951],[77.24826,28.47951],[77.24835,28.47955],[77.24849,28.47956],[77.2486,28.4795],[77.2487,28.47943],[77.24878,28.47928],[77.24882,28.47919],[77.2489,28.47907],[77.24896,28.47903],[77.24905,28.47902],[77.24959,28.47904],[77.25008,28.47908],[77.25087,28.47913],[77.25098,28.47915],[77.2511,28.47919],[77.25132,28.47928],[77.25143,28.47931],[77.25166,28.47938],[77.25175,28.47944],[77.25196,28.47961],[77.25202,28.47965],[77.25214,28.47968],[77.25226,28.47968],[77.25245,28.47973],[77.25255,28.47975],[77.25267,28.4798],[77.25293,28.47993],[77.25304,28.47997],[77.25318,28.47998],[77.25366,28.48005],[77.25378,28.4801],[77.25398,28.48014],[77.25402,28.48025],[77.25413,28.48041],[77.25436,28.48063],[77.25447,28.4807],[77.2546,28.48077],[77.25471,28.4808],[77.25485,28.48081],[77.25501,28.48079],[77.25514,28.48076],[77.25532,28.48071],[77.25543,28.48069],[77.25529,28.48234],[77.2571,28.48297],[77.25826,28.48338],[77.25887,28.4836],[77.25915,28.48366],[77.25962,28.48378],[77.26112,28.48418],[77.26347,28.48481],[77.26374,28.48485],[77.26415,28.48489],[77.26494,28.48497],[77.26501947100007,28.484970994000037],[77.26496427000006,28.48522627400007],[77.26493966300006,28.485539275000065],[77.26467885800008,28.48658249400006],[77.26422245000003,28.487821316000066],[77.26220121400007,28.49505864500003],[77.25828914400006,28.50503442300004],[77.25391152200007,28.511600857000076],[77.25084827400008,28.513643022000053],[77.24159764800004,28.513901780000026],[77.23997710400005,28.515522324000074],[77.23859839500005,28.516901034000057],[77.23533833600004,28.51853106300007],[77.23514273300003,28.519509080000034],[77.23585994500007,28.523421150000047],[77.23638155500004,28.52733321900007],[77.23748997500007,28.531114887000058],[77.23827238900003,28.535744169000054],[77.23579474500008,28.540308250000066],[77.23142626600008,28.55791256300006],[77.23051345100004,28.557325753000043],[77.22927462800004,28.55432650000006],[77.22803580600004,28.553804890000038],[77.22516695500008,28.55347888500006],[77.22151569000005,28.554065695000077],[77.21421316000004,28.55367448800007],[77.21232232700004,28.553544086000045],[77.21222347400004,28.553558207000037],[77.20958387800005,28.553935293000052],[77.20854066000004,28.554196097000045],[77.20678022800007,28.554978512000048],[77.20202054300006,28.559803397000053],[77.19960810000003,28.559086184000023],[77.19237077200006,28.55791256300006],[77.18898031200007,28.555565322000064],[77.18858910500006,28.55276167200003],[77.18490960600008,28.552279115000033],[77.18476706400008,28.55204748400007],[77.18476706400008,28.55170030100004],[77.18399257900006,28.55071216500005],[77.18239019600003,28.55175371400003],[77.18028039000006,28.54932343200005],[77.17913201500005,28.546011839000073],[77.17285601200007,28.536370831000056],[77.17085303200008,28.53038859800006],[77.16960995300008,28.526819361000037],[77.16815568700008,28.52264374400005],[77.16794203600006,28.52213632200005],[77.16946430000007,28.52224314700004],[77.16941088800007,28.522777275000067],[77.16959783200008,28.522857395000074],[77.17010525300003,28.523044339000023],[77.17087973900004,28.52307104600004],[77.17120021600005,28.522884101000045],[77.17106668300005,28.52259033000007],[77.17152069300005,28.52128171700008],[77.17197470100007,28.52120159800006],[77.17165422500005,28.520640764000063],[77.17197470100007,28.520614057000046],[77.17234859100006,28.520614057000046],[77.17304295700006,28.520614057000046],[77.17347025900006,28.52042711300004],[77.17331002100008,28.519812865000063],[77.17282930600004,28.51898496700005],[77.17272248000006,28.518824728000027],[77.17224176500008,28.51805024300006],[77.17301625100004,28.517355877000057],[77.17339014000004,28.51732917000004],[77.17395097500008,28.517462703000035],[77.17419133200008,28.51722234500005],[77.17411121300006,28.516981987000065],[77.17453851500005,28.516848456000048],[77.17488569900007,28.517435996000074],[77.17499252400006,28.517542821000063],[77.17525958800007,28.517382584000075],[77.17499252400006,28.51679504200007],[77.17501923000003,28.516421153000067],[77.17480557900006,28.51594043800003],[77.17517946800007,28.515726787000062],[77.17507264300008,28.515192659000036],[77.17509935000004,28.514391467000053],[77.17539311900003,28.514338054000063],[77.17574030300005,28.51412440300004],[77.17576700900008,28.513910752000072],[77.17504593700005,28.51091963600004],[77.17619431200006,28.510625866000055],[77.17606078000006,28.51009173800003],[77.17582042200007,28.508863243000064],[77.17584712900003,28.508516060000034],[77.17566018400004,28.508035345000053],[77.17549994500007,28.507955225000046],[77.17512605600007,28.507955225000046],[77.17488569900007,28.508088758000042],[77.17461863400007,28.508195584000077],[77.17424474400008,28.508355822000055],[77.17403109300005,28.50864959200004],[77.17344355300008,28.50899677500007],[77.17066608800008,28.510251976000063],[77.17042573000003,28.50950419700007],[77.17007854700006,28.50955761000006],[77.16991830800004,28.508329115000038],[77.16941088800007,28.50728756600006],[77.16714084400007,28.50782169400003],[77.16700731200007,28.50418962400005],[77.16658001000008,28.504403276000062],[77.16625953300007,28.504429982000033],[77.16609929400005,28.504750458000046],[77.16596576200004,28.504857284000025],[77.16553846000005,28.504830578000053],[77.16497762600005,28.505124348000038],[77.16508445200003,28.505364706000023],[77.16492421300006,28.50552494300007],[77.16358889300005,28.50549823700004],[77.16329512300007,28.50589883300006],[77.16310817800007,28.505872127000032],[77.16278770100007,28.50544482500004],[77.16149147000004,28.505468286000053],[77.15688558800008,28.505551651000076],[77.15563038700003,28.503895854000064],[77.15362740800003,28.50181275500006],[77.15263927100006,28.50095815000003],[77.15231879500004,28.50093144400006],[77.15159772200008,28.50087803100007],[77.14892708200006,28.49999672000007],[77.14866001800004,28.50002342600004],[77.14825942200008,28.499943307000024],[77.14788553300008,28.500183665000066],[77.14647009400005,28.500771205000035],[77.14526830600005,28.500824618000024],[77.14577901300004,28.498611554000036],[77.14582914000005,28.498394337000036],[77.14580243400007,28.493507066000063],[77.14665703900005,28.492705874000023],[77.14274475900004,28.49128549200003],[77.14246413400008,28.491183609000075],[77.14136506200003,28.49069513300003],[77.14130940300004,28.490753212000072],[77.14072069300005,28.490460578000068],[77.14035699200008,28.490247101000023],[77.14024559400008,28.490181716000052],[77.14010099800004,28.490112861000057],[77.13994951800004,28.490054334000035],[77.13747074000008,28.488842488000046],[77.13492310800007,28.48757555700007],[77.13463736100005,28.48744128900006],[77.13387307100004,28.487083244000075],[77.13354034500003,28.486888538000073],[77.13340830000004,28.486811268000054],[77.13304681100004,28.486556504000077],[77.13306994600003,28.48652565900005],[77.13308812500003,28.48650142100007],[77.13269909400003,28.48622944300007],[77.13200710300003,28.485651062000045],[77.13023408800007,28.48416035300005],[77.12956275200008,28.48361295600006],[77.12938373000003,28.48379886400005],[77.12901363200007,28.48408171400007],[77.12847828700006,28.484490857000026],[77.12841682900006,28.48448862500004],[77.12713459900004,28.48444208400008],[77.12658133400004,28.48442200200003],[77.12533161800008,28.48437380300004],[77.12545307800008,28.484513897000056],[77.12593754000005,28.48507268000003],[77.12596508300004,28.485089894000055],[77.12599330100005,28.485449043000074],[77.12600295200008,28.485571879000076],[77.12646772300008,28.48558220700005],[77.12665363200006,28.485861069000066],[77.12665312500008,28.48589456800005],[77.12665251100003,28.48593527500003],[77.12663641800003,28.487000618000025],[77.12661360800007,28.487005107000073],[77.12536547400003,28.487250751000033],[77.12534194500006,28.487255382000058],[77.12504931200004,28.48731390900008],[77.12501144200007,28.487320794000027],[77.12475851200008,28.487401470000066],[77.12461208300005,28.487448175000054],[77.12391320600005,28.48766506900006],[77.12344843500006,28.487813106000033],[77.12333738400008,28.487873259000025],[77.12328318300007,28.487902618000078],[77.12131737500005,28.488398373000052],[77.12016749800006,28.488677236000058],[77.11945829200005,28.488962984000068],[77.11945677600005,28.488950577000026],[77.11907,28.48782],[77.11889,28.48744],[77.11827,28.48632],[77.11706116000005,28.484150804000024],[77.11647,28.48309],[77.11644161100008,28.48302162600004],[77.11576,28.48138],[77.11569528200005,28.481251350000036],[77.11564,28.48115],[77.11562,28.48109],[77.11558,28.48097],[77.11536410400004,28.479978840000058],[77.11536,28.47996],[77.11533754500005,28.47984210900006],[77.11532,28.47975],[77.11493,28.47726],[77.11488,28.47699],[77.11446814300007,28.47501161400004],[77.11433195200004,28.474357412000074],[77.11420694500003,28.473524034000036],[77.11402996300006,28.47230929600005],[77.11394723300003,28.471741466000026],[77.11388,28.47128],[77.11383600600004,28.471199343000023],[77.11382,28.47117],[77.11373425000005,28.471146614000077],[77.11349323100006,28.471133950000024],[77.11156,28.47108],[77.11158655600008,28.471033773000045],[77.11206040300004,28.470212811000067],[77.11497705600004,28.46628528000008],[77.11532943800006,28.465839112000026],[77.11646884300006,28.464410634000046],[77.11733044400006,28.463330460000066],[77.11731876000005,28.463320328000066],[77.11730466300008,28.463308105000067],[77.11693720600005,28.462989470000025],[77.11692714100008,28.46298074200007],[77.11711751100006,28.462614104000068],[77.11716507100004,28.462521082000023],[77.11729634300008,28.46229022400007],[77.11745,28.46202],[77.11763091000006,28.461768300000074],[77.11768,28.4617],[77.11929,28.45955],[77.11945897900006,28.45931052000003],[77.11953289000007,28.459207045000028],[77.11954052300007,28.459194258000025],[77.11972,28.45894],[77.11998,28.45855],[77.12019,28.45821],[77.12045411700007,28.457728375000045],[77.12053,28.45759],[77.12076,28.45724],[77.12132201400004,28.456438192000064],[77.12151,28.45617],[77.12171,28.45585],[77.12175336900003,28.455737240000076],[77.12179819000005,28.45562070400007],[77.12181,28.45559],[77.12185369900004,28.455407923000053],[77.12187,28.45534],[77.12189214600005,28.455162831000052],[77.12191,28.45502],[77.12194,28.45453],[77.12196,28.45411],[77.12218,28.44995],[77.12218,28.44905],[77.12218,28.44897061100005],[77.12229,28.44897],[77.12425,28.44826],[77.12425463800008,28.44814920700003],[77.12430932000007,28.446842917000026],[77.12434,28.44611],[77.12441906200007,28.445811322000054],[77.12443,28.44577],[77.12456127400003,28.44560292400007],[77.12487,28.44521],[77.12493,28.44511],[77.12541,28.44436],[77.12542599900007,28.44434095400004],[77.12562,28.44411],[77.12845,28.44168],[77.12902955500005,28.441236278000076],[77.12909,28.44119],[77.12956764700004,28.440941226000064],[77.12979,28.44086],[77.13028910200006,28.44082435000007],[77.13063,28.4408],[77.13111026700005,28.440808894000043],[77.13117,28.44081],[77.13130379000006,28.440765403000057],[77.1315,28.4407],[77.13172,28.44059],[77.13186992400006,28.440454070000044],[77.13222767700006,28.44012970600005],[77.13247,28.43991],[77.13272306600004,28.439736469000024],[77.13282,28.43967],[77.13358,28.43929],[77.13399229900006,28.43917755500007],[77.13424,28.43911],[77.13433259700008,28.43905949300006],[77.13435,28.43905],[77.13436640700007,28.439047763000076],[77.13457,28.43902],[77.13583936000003,28.438536741000064],[77.13654,28.43827],[77.13665820100005,28.438240244000042],[77.13719007200007,28.43810634600004],[77.13797,28.43791],[77.14087,28.43725],[77.14122260500005,28.437129964000064],[77.14134,28.43709],[77.14178,28.43681],[77.14185,28.43672],[77.14197,28.43657],[77.14200710500006,28.43652361900007],[77.14209,28.43642],[77.14210472200006,28.43642481300003],[77.14230274800008,28.43648955200007],[77.14261,28.43659],[77.14284,28.43672],[77.14325,28.43695],[77.14384,28.43731],[77.14413,28.43726],[77.14415561100003,28.437264415000072],[77.14434626100007,28.437297286000046],[77.14442,28.43731],[77.14452278800007,28.43739565800007],[77.14454,28.43741],[77.14623,28.43727],[77.14689,28.43735],[77.14842,28.43727],[77.14878,28.43722],[77.14901,28.43716],[77.14928,28.43708],[77.14944216800006,28.437001919000068],[77.14955,28.43695],[77.14966726700004,28.436881595000045],[77.15051,28.43639],[77.15186003400004,28.435357621000037],[77.15204,28.43522],[77.15208627900006,28.43517603500004],[77.15224,28.43503],[77.15336,28.43367],[77.15389263200007,28.433254068000053],[77.15460047600004,28.43270131400004],[77.15514,28.43228],[77.15525395600008,28.43222404000005],[77.15530873000006,28.432197142000064],[77.15626,28.43173],[77.15655067500006,28.43163793100007],[77.15847,28.43103],[77.15914,28.43082],[77.16091,28.43006],[77.16099293300005,28.430012775000023],[77.16162575200008,28.429652420000025],[77.1627,28.42905],[77.16303619300004,28.42883192900007],[77.16307,28.42881],[77.16356994300008,28.42847871300006],[77.1639,28.42826],[77.16415914900006,28.428041343000075],[77.16454,28.42772],[77.16503,28.427],[77.16512034600004,28.42688880600008],[77.16549852300005,28.426423357000033],[77.16568,28.4262],[77.16571033800005,28.42618286800007],[77.16653,28.42572],[77.16655568700008,28.425687554000035],[77.16669620400006,28.425510058000043],[77.16672,28.42548],[77.16673336300005,28.425441248000027],[77.16680579800004,28.425231186000076],[77.16682,28.42519],[77.1668,28.42456],[77.16679461000007,28.424473756000054],[77.16679,28.4244],[77.16656466600006,28.421478998000055],[77.16652,28.4209],[77.16646,28.42014],[77.16634,28.41858],[77.16607,28.41634],[77.16597,28.41535],[77.166,28.415],[77.16609,28.41471],[77.16612094500005,28.414659363000055],[77.16631,28.41435],[77.16688,28.41384],[77.16693535600007,28.413802771000064],[77.16859,28.41269],[77.16918,28.41229],[77.16952534400008,28.41202512500007],[77.17021,28.4115],[77.1703,28.41141],[77.17043,28.41128],[77.17048312700007,28.411191458000076],[77.17055,28.41108],[77.17108,28.40989],[77.172,28.40877],[77.17201615700003,28.408736280000028],[77.17215974700008,28.40843661300005],[77.17223,28.40829],[77.17231,28.40789],[77.17237,28.40764],[77.17232368600008,28.40703277700004],[77.17228,28.40646],[77.17228,28.4064],[77.17228929000004,28.40637832300007],[77.17239572700004,28.40612997200003],[77.1724,28.40612],[77.17263,28.40595],[77.17273780900007,28.405842191000033],[77.17283,28.40575],[77.17291618200005,28.40571552700004],[77.17298,28.40569],[77.17330549900004,28.405474180000056],[77.1739,28.40508],[77.17404061200006,28.405027923000034],[77.17417,28.40498],[77.17501,28.40449],[77.17521768800003,28.40447112000004],[77.17523,28.40447]]]}},{"type":"Feature","properties":{"canonical_city_id":"delhi_ncr","component_id":"delhi_nct","district_name":"North","source_shape_id":"76128533B45574198291616","source":"geoBoundaries gbOpen IND ADM2","boundary_year":"2021"},"geometry":{"type":"Polygon","coordinates":[[[76.96238312300005,28.815936971000042],[76.96300068200003,28.81549095500003],[76.96308881900006,28.815499485000032],[76.9631419779508,28.815504629898527],[76.96349738600003,28.81544755400006],[76.96587661500007,28.815043752000065],[76.96587845700003,28.815032381000037],[76.96588539400005,28.81498954500006],[76.96643798900004,28.813219944000025],[76.96755058200006,28.810893614000065],[76.96876432000005,28.808364995000034],[76.96927004300005,28.806746677000035],[76.96997805700005,28.80543179500006],[76.96977576800003,28.803914623000026],[76.97109065000006,28.801992872000028],[76.97260782200004,28.800677989000064],[76.97412499400008,28.799767686000052],[76.97503529800008,28.798149370000033],[76.97614789000005,28.797137921000058],[76.97918223400006,28.79521617100005],[76.98130627500007,28.79390128800003],[76.98332917100004,28.79268755000004],[76.98656580400007,28.791372668000065],[76.98960014800008,28.78985549600003],[76.99263449200004,28.78864175900003],[76.99536540100007,28.78752916600007],[76.99759058800004,28.786416572000064],[77.00062493200005,28.78550627000004],[77.00376042000005,28.784393677000025],[77.00669361900003,28.78338222900004],[77.00891880500006,28.783078794000062],[77.01134628000005,28.782775360000073],[77.01276230700006,28.782067347000066],[77.01427948000008,28.781561623000073],[77.01569550600004,28.78095475400005],[77.01610008600005,28.78055017400004],[77.01690924400003,28.779235293000056],[77.01893214000006,28.777414686000043],[77.02176419400007,28.775796369000034],[77.02520311700005,28.771851722000065],[77.02904662000003,28.76628875800003],[77.03339584600008,28.761636097000064],[77.03369036300006,28.76116276600004],[77.04643,28.75483095800007],[77.04798913500008,28.754486548000045],[77.05823792500007,28.755692288000034],[77.07029532400009,28.756295157000068],[77.08295559300007,28.749060718000067],[77.08898429300007,28.749663588000033],[77.08536707300004,28.735797578000074],[77.08611575600008,28.735106487000053],[77.09320438300006,28.728563138000027],[77.10285030300008,28.72193156900005],[77.11008474300007,28.71771147900006],[77.11551057300005,28.714094259000035],[77.12817084200003,28.707462690000057],[77.13721389200003,28.700831120000032],[77.14505120100006,28.695405289000064],[77.15785974500005,28.693652405000023],[77.16133876200007,28.692144832000054],[77.16346471100007,28.688908620000063],[77.16574551600007,28.688549848000036],[77.16794889300007,28.689709520000065],[77.17247161500006,28.69052129100004],[77.17651604600007,28.687945401000036],[77.17866159300007,28.689109689000077],[77.18144827100008,28.689026193000075],[77.18248153300004,28.688546091000035],[77.18279464300008,28.68835822500006],[77.18323162000007,28.68798259600004],[77.18336208200003,28.687870451000038],[77.18369222500007,28.687398022000025],[77.18391140200004,28.687074474000042],[77.18406795600004,28.686886609000055],[77.18436019200004,28.686448255000073],[77.18437870200006,28.68641718500004],[77.18465242900004,28.685957716000075],[77.18504903400003,28.685404556000037],[77.18523738100004,28.68525623200003],[77.18571360300007,28.684881207000046],[77.18648084200004,28.68427700600006],[77.18755391300004,28.683431963000032],[77.18919252200004,28.684266923000052],[77.18947310300007,28.684435780000058],[77.18994721000007,28.68464581300003],[77.19008083800003,28.68470501200005],[77.19041970900008,28.68492307500003],[77.19072242700008,28.68511787500006],[77.19111416000004,28.685423384000046],[77.19149909800007,28.685655044000043],[77.19227143500007,28.68626038900004],[77.19268891500008,28.686604810000063],[77.19324207600005,28.686886609000055],[77.19375348900007,28.687199718000045],[77.19411187700007,28.687443728000062],[77.19409995500007,28.687459385000068],[77.19408759700008,28.68747561400005],[77.19371370700003,28.68790291600004],[77.19331288100005,28.688564279000047],[77.19315318600007,28.68877129200007],[77.19530482400006,28.68987971200005],[77.19531609000006,28.689879190000056],[77.19550303500006,28.689959309000074],[77.19613940900007,28.68951249400004],[77.19647432600004,28.689277339000057],[77.19675823600005,28.689077998000073],[77.19687088300003,28.689190646000043],[77.19702529900007,28.68934506200003],[77.19753272100007,28.689558713000054],[77.19755503900006,28.689534610000067],[77.19820038200004,28.68883764000003],[77.19884133500005,28.689211530000023],[77.19879675200008,28.689337848000037],[77.19868109600003,28.689665539000032],[77.19871689100006,28.689684489000058],[77.19869528400005,28.689749309000035],[77.20104252600004,28.69124893600008],[77.20100713200003,28.691992209000034],[77.20097732400006,28.69261816100004],[77.20133522900005,28.69297606500004],[77.20172562500005,28.693190783000034],[77.20220634100008,28.69420562600004],[77.20234185800007,28.69447020900003],[77.20276717500008,28.695300588000066],[77.20282770800003,28.695288482000024],[77.20396896200003,28.69506023100007],[77.20400576100008,28.694765847000042],[77.20402237600007,28.694632928000033],[77.20433454300007,28.694157244000053],[77.20458321000007,28.69377832400005],[77.20475906900003,28.69342660500007],[77.20479686100003,28.69335102100007],[77.20573158500008,28.692710068000054],[77.20577075600005,28.692769008000027],[77.20858916900005,28.697009798000067],[77.21063701000008,28.69963103500004],[77.21125980800008,28.700428216000034],[77.21219805500004,28.70121008800004],[77.21254171600003,28.70149647200003],[77.21411739300004,28.702618141000073],[77.21505351900004,28.704303168000024],[77.21612037200003,28.706223504000036],[77.21628061100006,28.706330329000025],[77.21611575400004,28.70681843500006],[77.21643373300003,28.70700587600004],[77.21764051100007,28.70826157600004],[77.21826857500008,28.708938837000062],[77.21825563200008,28.70904885300007],[77.21828517000006,28.709275309000077],[77.21823017700007,28.70964192200006],[77.21844382900008,28.71057664600005],[77.21846779700007,28.710582638000062],[77.21949445400008,28.712700117000054],[77.21961546700004,28.712866510000026],[77.21972573600004,28.713087047000045],[77.21998689700007,28.713377227000024],[77.22020645100008,28.71362117500007],[77.22057237500007,28.71418226000003],[77.22100764300006,28.714849670000035],[77.22105928200006,28.71528343800003],[77.22114117500007,28.71597133800003],[77.22114117500007,28.716505466000058],[77.22020645100008,28.71698618100004],[77.22015303800003,28.717493603000037],[77.22028557400006,28.71777160700003],[77.221248,28.719790353000064],[77.22148668600005,28.72012084000005],[77.22159518300003,28.720271068000045],[77.22059644800004,28.720621599000026],[77.21200758700007,28.723636073000023],[77.20473892700005,28.72637579900004],[77.20091212300008,28.727761585000053],[77.19165355900003,28.730043627000043],[77.18304700600004,28.732130064000046],[77.18314734400008,28.73261503300006],[77.18319138700008,28.73314355000008],[77.18328900900008,28.733299744000078],[77.18345845100004,28.73357085200007],[77.18341641600006,28.73391554500006],[77.18334503500006,28.73450086500003],[77.18332492000008,28.734665815000028],[77.18308456100004,28.734719227000028],[77.17945249200005,28.737122803000034],[77.17902705400007,28.737470100000053],[77.17880893100005,28.73760696100004],[77.17705730900008,28.739139630000068],[77.17704891600005,28.739179195000077],[77.17666387000008,28.73954397600005],[77.17563569500004,28.741497510000045],[77.17560677100005,28.741502652000065],[77.17558915200004,28.741585943000075],[77.17531943700004,28.74286095800005],[77.17531300100006,28.742891385000064],[77.17504593700005,28.744306823000045],[77.17507264300008,28.745134722000046],[77.17540109500004,28.745367041000065],[77.17616760600004,28.745909207000068],[77.17619431200006,28.746202978000042],[77.17763645700006,28.747378059000027],[77.17825070400005,28.748312783000074],[77.17838952600005,28.748474741000052],[77.17841094200008,28.74849972800007],[77.17940832600004,28.748001036000062],[77.17942578600008,28.74799230600007],[77.17944890100006,28.74829858100003],[77.17953261100007,28.749407745000042],[77.17982638100005,28.75002199200003],[77.18022697700007,28.75026235000007],[77.18036050900008,28.750636239000073],[77.18228337000005,28.75084989000004],[77.18256760300005,28.75187750200007],[77.18263055300008,28.752105091000033],[77.18268396500008,28.752746044000048],[77.18258204700004,28.753210340000066],[77.18244360800009,28.753841006000073],[77.18180265400008,28.754668905000074],[77.18118840700004,28.75496267500006],[77.18017356500008,28.755016088000048],[77.17999073800007,28.755035677000023],[77.17874699500004,28.75516893500003],[77.17867800600004,28.755176326000026],[77.17867800600004,28.755710454000052],[77.17942761200004,28.757623241000033],[77.17489686100004,28.757558516000074],[77.17462087300004,28.75747572000006],[77.17460081100006,28.757469702000037],[77.17426618000007,28.757369312000037],[77.17163338300008,28.756823250000025],[77.17154739900008,28.756805417000066],[77.17159612100005,28.75946889000005],[77.17162751800004,28.76118526500005],[77.17207071200005,28.76119817400007],[77.17437827700007,28.76126538500006],[77.17464534000004,28.762039870000024],[77.17512727800005,28.762648633000026],[77.17515276200004,28.76268082300004],[77.17515206700006,28.762698211000043],[77.17514392400005,28.762901790000058],[77.17512605600007,28.763348484000062],[77.17510397200004,28.763461111000026],[77.17485899200005,28.764710509000054],[77.17453055800007,28.765483295000024],[77.17440498300004,28.76577876600004],[77.17436431800007,28.76580066100007],[77.17405780000007,28.765965710000046],[77.17274918600003,28.76615265500004],[77.17233281800003,28.766582035000056],[77.17189458200005,28.767033966000042],[77.17165422500005,28.767033966000042],[77.17143001900007,28.76743433200005],[77.17128033500006,28.767701626000076],[77.17132233800004,28.767936844000076],[77.17134992000007,28.768091304000052],[77.17141386700007,28.76844940500007],[77.17153710900004,28.768572647000042],[77.17162751800004,28.768663056000037],[77.17162751800004,28.768805127000064],[77.17162751800004,28.768956827000068],[77.17176105000004,28.769277303000024],[77.17301625100004,28.769223890000035],[77.17306966300004,28.770479091000027],[77.17630113700005,28.770025082000075],[77.17648377900008,28.769950967000057],[77.17952614300003,28.77053354700007],[77.18024970600004,28.76980998500005],[77.18345845100004,28.76983813700008],[77.18353857100004,28.771467228000063],[77.18525988800008,28.77138116200007],[77.18620921000007,28.771333695000067],[77.18621034000006,28.77138116200007],[77.18623441000005,28.772392099000058],[77.18626262200007,28.773577033000038],[77.18629207200007,28.773969691000048],[77.18634274200008,28.774645289000034],[77.18606380400007,28.77509856200004],[77.18284776500008,28.77516162300003],[77.18288153700007,28.776259190000076],[77.18289761700004,28.776781800000037],[77.18295341300006,28.77680969900007],[77.18316468100005,28.776915332000044],[77.18311126800006,28.777315928000064],[77.18575520200005,28.777289222000036],[77.18570984800004,28.777379928000073],[77.18572025300006,28.777379668000037],[77.18572025300006,28.780248520000043],[77.18448143100005,28.77998771500006],[77.18441623000007,28.780313721000027],[77.18439208800004,28.78253474400003],[77.18450000100006,28.78295097700004],[77.18442055900005,28.784407404000035],[77.18437546400008,28.785340550000058],[77.18435784800005,28.785684941000056],[77.18432943700003,28.786240338000027],[77.18435178000004,28.786243127000034],[77.18487919300003,28.786308947000066],[77.18489349600003,28.78631073200006],[77.18538806400005,28.786331489000077],[77.18596205100005,28.786315245000026],[77.18674074600005,28.78629738400008],[77.18762264200006,28.78627373000006],[77.18849986800006,28.786251167000046],[77.18900255700004,28.786256582000078],[77.18950488800004,28.78625811200004],[77.18959549600004,28.78625838800008],[77.19079671800006,28.786252070000046],[77.19098624200006,28.786248460000024],[77.19158369400003,28.78621867800007],[77.19266127400005,28.786160016000053],[77.19380293000006,28.786154601000078],[77.19480289500007,28.786150991000056],[77.19485975200007,28.78614106300006],[77.19490487600007,28.786118501000033],[77.19495722100004,28.786085108000066],[77.19591296400006,28.78535499000003],[77.19716472500005,28.784398345000056],[77.19765026700003,28.784009370000035],[77.19783798600008,28.784778295000024],[77.19941103500008,28.786540869000078],[77.19960055900003,28.78665999800006],[77.20039024200008,28.787150955000072],[77.20151023900007,28.787846780000052],[77.20225389600006,28.788311565000072],[77.20295784200005,28.788749274000054],[77.20310404700007,28.788765520000027],[77.20339854800005,28.78879852400007],[77.20341811400004,28.788800717000072],[77.20352328700005,28.78879062900006],[77.20436844200003,28.788709565000033],[77.20469965800004,28.78869332000005],[77.20602813100004,28.788622023000073],[77.20682503400008,28.788580508000052],[77.20689994100007,28.78857960600004],[77.20714288200008,28.788580170000046],[77.20728801500007,28.788580508000052],[77.20714632300007,28.788688808000074],[77.20664092500004,28.78907868500005],[77.20589907400006,28.789650867000034],[77.20527725500006,28.790130093000073],[77.20526013200003,28.790145557000073],[77.20388,28.79121],[77.20295,28.79205],[77.20278,28.7922],[77.20196,28.79324],[77.20083,28.79474],[77.20009,28.79562],[77.19995,28.79583],[77.19976,28.79642],[77.19939,28.79724],[77.19905,28.79806],[77.19903,28.79925],[77.199,28.79989],[77.19911,28.80054],[77.19914,28.80075],[77.19927,28.80081],[77.19941,28.80124],[77.1996,28.80179],[77.19976,28.80221],[77.19999,28.80273],[77.20016,28.80524],[77.20019,28.80577],[77.20032,28.80634],[77.20047,28.80693],[77.20065,28.80771],[77.20072,28.80848],[77.20092,28.8096],[77.20103,28.81091],[77.20126,28.81125],[77.20157,28.81221],[77.20184,28.81253],[77.20379,28.81201],[77.20646,28.81135],[77.20794,28.81096],[77.2088,28.8104],[77.20936,28.81021],[77.21265,28.80973],[77.21488,28.80917],[77.21497,28.80914],[77.21623,28.80865],[77.21675,28.8085],[77.21682,28.80851],[77.217,28.80857],[77.21793,28.80847],[77.21821,28.80856],[77.21822,28.80859],[77.21832,28.80886],[77.21862,28.8106],[77.21865,28.81088],[77.21871,28.81156],[77.21872,28.81174],[77.21954,28.81569],[77.22002,28.81818],[77.22016,28.81891],[77.2202,28.81912],[77.22086,28.81972],[77.22232,28.82045],[77.22327,28.8208],[77.2235,28.8211],[77.22368,28.82143],[77.2236,28.82168],[77.22363,28.82198],[77.2236,28.82211],[77.22354,28.82229],[77.22344,28.8226],[77.22311,28.82283],[77.22279,28.82293],[77.22247,28.8228],[77.22191,28.8226],[77.22197,28.82293],[77.2221,28.82381],[77.22211,28.82474],[77.22241,28.82524],[77.22023,28.82978],[77.22029,28.83006],[77.21997,28.83151],[77.21981,28.83195],[77.21874,28.83463],[77.21879,28.83486],[77.21917,28.83588],[77.2194,28.83655],[77.21935,28.83856],[77.21942,28.8407],[77.21969,28.84504],[77.21809,28.8459],[77.2168,28.84724],[77.21431,28.84979],[77.21177,28.85359],[77.20825,28.8562],[77.20775,28.85657],[77.20755,28.85688],[77.20678,28.85766],[77.20633,28.85846],[77.20613,28.85914],[77.20609,28.8592],[77.20557,28.85913],[77.20497,28.85912],[77.20425,28.8591],[77.20383,28.85911],[77.20339,28.85909],[77.20216,28.85915],[77.20188,28.85914],[77.20157,28.85914],[77.201,28.85921],[77.20033,28.85919],[77.19963,28.85922],[77.19932,28.85923],[77.19906,28.85925],[77.19859,28.8593],[77.19833,28.8593],[77.19809,28.85932],[77.19757,28.85938],[77.19717,28.85937],[77.19663,28.85938],[77.19607,28.85935],[77.19585,28.85938],[77.19537,28.85937],[77.19508,28.85938],[77.19483,28.85934],[77.19441,28.85824],[77.19357,28.85851],[77.19306,28.85844],[77.19262,28.85841],[77.19202,28.85835],[77.19174,28.8583],[77.19089,28.85835],[77.19017,28.85837],[77.18933,28.85831],[77.18867,28.85824],[77.18834,28.85825],[77.1877,28.85823],[77.18722,28.85817],[77.18692,28.85813],[77.1865,28.85807],[77.18623,28.85805],[77.18565,28.85797],[77.18463,28.85793],[77.18432,28.8579],[77.18314,28.85788],[77.18248,28.85778],[77.18169,28.85774],[77.18092,28.85779],[77.17979,28.85802],[77.17925,28.85819],[77.1785,28.85845],[77.17808,28.85865],[77.17801,28.85863],[77.17792,28.85849],[77.17751,28.85823],[77.17703,28.85807],[77.17695,28.85815],[77.17691,28.85846],[77.17688,28.85862],[77.17638,28.85863],[77.17561,28.85861],[77.17548,28.85864],[77.17525,28.85866],[77.17455,28.85833],[77.17444,28.85827],[77.17371,28.85782],[77.17337,28.85764],[77.17301,28.85739],[77.1732,28.85696],[77.17321,28.85642],[77.17322,28.85591],[77.17291,28.8553],[77.17265,28.85388],[77.17258,28.85348],[77.17224,28.85158],[77.17206,28.85047],[77.17207,28.85022],[77.17188,28.85026],[77.1715,28.85034],[77.1703,28.85054],[77.16973,28.8506],[77.16963,28.85054],[77.1694,28.8506],[77.16909,28.85061],[77.16871,28.85056],[77.16852,28.85039],[77.16747,28.84941],[77.16686,28.84896],[77.16634,28.84932],[77.16609,28.84936],[77.16471,28.84771],[77.16418,28.84698],[77.16271,28.8451],[77.16118,28.84334],[77.1603,28.84226],[77.1594,28.8411],[77.15883,28.84062],[77.1582,28.84023],[77.15697,28.8394],[77.15683,28.83902],[77.15674,28.83821],[77.15684,28.83794],[77.15693,28.83778],[77.157,28.83771],[77.15707,28.83761],[77.15715,28.83751],[77.15727,28.83736],[77.15748,28.83715],[77.15759,28.83704],[77.15763,28.837],[77.1577,28.83696],[77.1576,28.83695],[77.15736,28.83695],[77.15672,28.83701],[77.15646,28.83706],[77.15551,28.83719],[77.15502,28.83725],[77.15461,28.83735],[77.15418,28.83746],[77.15318,28.83763],[77.15224,28.83769],[77.15169,28.83775],[77.15143,28.83778],[77.15108,28.83783],[77.15036,28.83789],[77.14927,28.83795],[77.14874,28.83803],[77.14852,28.83798],[77.14807,28.83793],[77.14697,28.83794],[77.14647,28.83795],[77.14612,28.83801],[77.14555,28.83815],[77.14503,28.83824],[77.1447,28.83831],[77.1445,28.8384],[77.14404,28.83862],[77.14368,28.83879],[77.14349,28.83888],[77.14326,28.83885],[77.14314,28.83898],[77.14295,28.83897],[77.14223,28.83937],[77.14225,28.83952],[77.14227,28.83982],[77.14228,28.84005],[77.1423,28.84023],[77.14231,28.84061],[77.14234,28.8411],[77.14226,28.84154],[77.1422,28.84177],[77.14208,28.8419],[77.14179,28.8422],[77.14149,28.84251],[77.14153,28.84294],[77.14161,28.84336],[77.14165,28.84369],[77.14163,28.84379],[77.14165,28.84387],[77.14165,28.84586],[77.14183,28.84646],[77.14197,28.84705],[77.14274,28.8483],[77.14407,28.8505],[77.14475,28.85156],[77.14517,28.85268],[77.14525,28.85284],[77.14547,28.85322],[77.14547,28.85347],[77.14546,28.85361],[77.14546,28.85376],[77.14543,28.85389],[77.14508,28.85423],[77.14457,28.85452],[77.14415,28.85458],[77.14367,28.85475],[77.14288,28.85536],[77.14226,28.85599],[77.14214,28.85651],[77.14208,28.85717],[77.14232,28.85814],[77.14117,28.85828],[77.14109,28.85884],[77.14089,28.85962],[77.14066,28.85999],[77.14036,28.86052],[77.1401,28.86117],[77.14016,28.86169],[77.1398,28.86182],[77.1396,28.86186],[77.13941,28.86188],[77.13792,28.86213],[77.13746,28.86221],[77.13598,28.86244],[77.1357,28.86247],[77.13534,28.86252],[77.13312,28.8628],[77.13234,28.86287],[77.13212,28.8629],[77.13203,28.86293],[77.13182,28.86297],[77.1308,28.86223],[77.13062,28.86216],[77.13056,28.86211],[77.13018,28.86191],[77.12989,28.86181],[77.1296,28.86172],[77.12941,28.86163],[77.12919,28.86151],[77.12879,28.86133],[77.12796,28.86106],[77.12709,28.86067],[77.12674,28.86045],[77.12658,28.85994],[77.12643,28.85994],[77.12577,28.85994],[77.12511,28.85995],[77.12514,28.85982],[77.12513,28.859],[77.12499,28.85901],[77.12463,28.85893],[77.12447,28.85889],[77.1243,28.85887],[77.12436,28.85844],[77.12445,28.8579],[77.12431,28.85788],[77.12337,28.8578],[77.12326,28.8578],[77.12309,28.85779],[77.12236,28.85793],[77.12217,28.85795],[77.12194,28.85798],[77.12158,28.85803],[77.12119,28.85812],[77.12098,28.85823],[77.12089,28.85828],[77.12088,28.85848],[77.12077,28.8591],[77.1208,28.85943],[77.12085,28.85976],[77.12057,28.8598],[77.12053,28.85994],[77.11992,28.85996],[77.1199,28.86033],[77.11979,28.86037],[77.11963,28.8605],[77.11941,28.86074],[77.11916,28.86097],[77.11887,28.86121],[77.11854,28.86144],[77.11813,28.86183],[77.1178,28.86208],[77.11764,28.86218],[77.11725,28.86236],[77.11689,28.86256],[77.11678,28.86266],[77.11666,28.86268],[77.11666,28.8631],[77.11658,28.8631],[77.11645,28.86317],[77.11629,28.86332],[77.11612,28.86353],[77.11592,28.86374],[77.11552,28.86398],[77.11549,28.86433],[77.11561,28.86469],[77.11518,28.86485],[77.11501,28.86495],[77.11486,28.8652],[77.11437,28.86527],[77.11415,28.8655],[77.11391,28.86596],[77.11372,28.86607],[77.11343,28.86614],[77.11295,28.86642],[77.11229,28.8666],[77.11223,28.86713],[77.11217,28.86722],[77.1118,28.86736],[77.11145,28.86761],[77.11109,28.86791],[77.11098,28.86812],[77.11092,28.8684],[77.11091,28.8685],[77.11088,28.86863],[77.11086,28.86882],[77.11033,28.86902],[77.11014,28.86971],[77.11003,28.86971],[77.10977,28.86999],[77.10938,28.86994],[77.10902,28.86979],[77.10813,28.86969],[77.10735,28.86967],[77.10707,28.86974],[77.10681,28.86976],[77.10635,28.86978],[77.1058,28.86988],[77.10531,28.87002],[77.105,28.87011],[77.10475,28.87008],[77.10457,28.87006],[77.1045,28.87017],[77.10442,28.87029],[77.10302,28.87055],[77.10275,28.87048],[77.1022,28.87039],[77.10217,28.87022],[77.10145,28.87023],[77.10096,28.87033],[77.1004,28.87044],[77.09936,28.87059],[77.09847,28.87062],[77.09803,28.87066],[77.09743,28.87074],[77.09685,28.87087],[77.09676,28.87078],[77.09662,28.87084],[77.09584,28.87104],[77.09544,28.87113],[77.09514,28.87118],[77.09474,28.87134],[77.09407,28.8716],[77.09308,28.87202],[77.09241,28.87247],[77.09224,28.87247],[77.0916,28.87285],[77.09136,28.87305],[77.08788,28.87535],[77.08784,28.87554],[77.08777,28.87563],[77.08783,28.8761],[77.08798,28.87613],[77.08824,28.8765],[77.08827,28.87662],[77.08824,28.8767],[77.08824,28.8772],[77.08818,28.87722],[77.08815,28.87773],[77.08809,28.87774],[77.08805,28.87806],[77.08789,28.87847],[77.08785,28.87887],[77.08778,28.87936],[77.08774,28.87976],[77.08774,28.87991],[77.08762,28.87998],[77.0876,28.88062],[77.08753,28.88089],[77.08747,28.88094],[77.08739,28.88118],[77.08707,28.88148],[77.0866,28.88178],[77.08609,28.88197],[77.08571,28.88209],[77.08547,28.88213],[77.085,28.88219],[77.08458,28.88221],[77.08452,28.88241],[77.08414,28.8826],[77.0841,28.88269],[77.08386,28.88274],[77.08353,28.88288],[77.08346,28.88294],[77.08318,28.88313],[77.08306,28.88327],[77.08283,28.88348],[77.08262,28.88355],[77.08243,28.88333],[77.08228,28.88282],[77.08226,28.88237],[77.08223,28.88188],[77.08207,28.88145],[77.08185,28.88116],[77.08182,28.881],[77.08163,28.88079],[77.08154,28.88069],[77.08141,28.88059],[77.08127,28.88041],[77.08113,28.88021],[77.08099,28.88006],[77.08084,28.87986],[77.08066,28.87966],[77.08039,28.87934],[77.07991,28.87896],[77.07861,28.87789],[77.07856,28.87784],[77.0785,28.8778],[77.07799,28.87737],[77.07808,28.87713],[77.07815,28.87697],[77.0783,28.87663],[77.07849,28.87627],[77.07865,28.87599],[77.07898,28.87528],[77.07965,28.87397],[77.07978,28.87372],[77.0801,28.87321],[77.08043,28.87261],[77.08015,28.87261],[77.07951,28.8726],[77.07935,28.8726],[77.07926,28.8726],[77.07925,28.87241],[77.07919,28.87174],[77.07874,28.87155],[77.07848,28.87144],[77.07797,28.87094],[77.07771,28.87062],[77.07762,28.8704],[77.07744,28.87013],[77.07726,28.86999],[77.07716,28.86999],[77.07707,28.87002],[77.07699,28.87],[77.07689,28.86982],[77.07678,28.86966],[77.07661,28.86955],[77.07632,28.86944],[77.07607,28.86913],[77.07584,28.86903],[77.07553,28.86891],[77.07549,28.86876],[77.07542,28.86858],[77.07511,28.86826],[77.07507,28.86809],[77.07481,28.86766],[77.07467,28.86738],[77.07453,28.86722],[77.07397,28.86742],[77.07338,28.86773],[77.07304,28.86805],[77.07268,28.86827],[77.07231,28.86845],[77.07211,28.86854],[77.07159,28.86873],[77.07125,28.8687],[77.07046,28.86782],[77.07029,28.8677],[77.06987,28.86739],[77.0695,28.8675],[77.06929,28.86719],[77.06922,28.86708],[77.06866,28.86731],[77.06784,28.86766],[77.06653,28.8681],[77.06586,28.86842],[77.06559,28.86852],[77.06431,28.86903],[77.06371,28.86928],[77.06238,28.87014],[77.06173,28.87048],[77.06112,28.87085],[77.06026,28.86995],[77.06021,28.86984],[77.05999,28.86985],[77.05975,28.86941],[77.05945,28.86911],[77.05872,28.86846],[77.05838,28.86801],[77.05796,28.86746],[77.05786,28.86726],[77.05751,28.86688],[77.05716,28.86652],[77.05692,28.86612],[77.05643,28.86521],[77.05564,28.86411],[77.05481,28.86297],[77.05452,28.86267],[77.05435,28.86237],[77.05364,28.86185],[77.05357,28.86179],[77.05331,28.86128],[77.05321,28.86112],[77.05305,28.8611],[77.05284,28.8607],[77.05279,28.86048],[77.05249,28.85978],[77.05205,28.85914],[77.05184,28.85808],[77.05198,28.85811],[77.05194,28.85765],[77.05182,28.85734],[77.05175,28.85718],[77.05155,28.85715],[77.05146,28.85695],[77.05137,28.85644],[77.05152,28.85616],[77.0515,28.85597],[77.05145,28.8558],[77.05101,28.855],[77.05107,28.85486],[77.05104,28.85476],[77.05114,28.85468],[77.05117,28.85453],[77.05096,28.85427],[77.0508,28.85399],[77.05059,28.85377],[77.05048,28.85356],[77.05023,28.85326],[77.04992,28.85292],[77.0495,28.8525],[77.04937,28.85218],[77.04921,28.85194],[77.0489,28.8515],[77.04878,28.85123],[77.04853,28.8508],[77.04802,28.85021],[77.04772,28.84994],[77.04751,28.84978],[77.04729,28.84953],[77.04713,28.84924],[77.04699,28.84914],[77.04687,28.84892],[77.04669,28.84854],[77.04661,28.84832],[77.04652,28.84818],[77.04634,28.84804],[77.04609,28.84785],[77.04572,28.84739],[77.04555,28.84685],[77.04554,28.84653],[77.04547,28.84627],[77.0454,28.84615],[77.04524,28.84586],[77.04512,28.84548],[77.04508,28.84528],[77.04523,28.84509],[77.04512,28.84475],[77.04549,28.84456],[77.0455,28.84396],[77.04553,28.84368],[77.04549,28.84308],[77.04545,28.84243],[77.04541,28.84208],[77.04538,28.84186],[77.04532,28.84171],[77.04523,28.84136],[77.04517,28.84101],[77.04508,28.8406],[77.04502,28.84037],[77.04498,28.84023],[77.04461,28.84019],[77.04415,28.83973],[77.04395,28.83958],[77.04349,28.83921],[77.04312,28.83893],[77.04273,28.83858],[77.0424,28.83831],[77.04194,28.8376],[77.0419,28.83731],[77.04192,28.83703],[77.04217,28.83641],[77.04235,28.83601],[77.04259,28.83554],[77.04271,28.83531],[77.04275,28.83505],[77.04269,28.83473],[77.0425,28.83418],[77.04238,28.83388],[77.04216,28.83362],[77.04182,28.8334],[77.0415,28.83322],[77.04108,28.83288],[77.04053,28.83229],[77.04028,28.83194],[77.04013,28.83184],[77.03843,28.8328],[77.03763,28.83309],[77.0371,28.83319],[77.03635,28.83347],[77.03593,28.83375],[77.03551,28.83399],[77.03523,28.83417],[77.035,28.83423],[77.03478,28.83432],[77.03376,28.83448],[77.03342,28.83467],[77.03299,28.8349],[77.03276,28.83507],[77.03264,28.83519],[77.03242,28.83527],[77.03173,28.83543],[77.03121,28.83556],[77.03114,28.83561],[77.03102,28.83573],[77.03091,28.83578],[77.03076,28.83578],[77.03013,28.83599],[77.0289,28.8365],[77.0282,28.8367],[77.02811,28.83662],[77.02799,28.8366],[77.02781,28.83664],[77.02768,28.83667],[77.02753,28.8367],[77.02741,28.83675],[77.02733,28.83677],[77.02715,28.83684],[77.02706,28.8369],[77.02704,28.837],[77.02699,28.83706],[77.02687,28.83715],[77.02639,28.83749],[77.02628,28.83757],[77.02547,28.838],[77.02509,28.83819],[77.02437,28.83857],[77.02397,28.8388],[77.02377,28.8389],[77.0236,28.83901],[77.02337,28.83915],[77.02317,28.83913],[77.02296,28.83911],[77.02275,28.8391],[77.02237,28.83906],[77.02211,28.83904],[77.02175,28.83902],[77.02163,28.839],[77.02137,28.83897],[77.02108,28.83908],[77.02075,28.83915],[77.02066,28.83916],[77.02044,28.8392],[77.02038,28.83922],[77.01991,28.83931],[77.01759,28.83985],[77.01753,28.83993],[77.01645,28.84001],[77.01509,28.84006],[77.01439,28.84025],[77.01311,28.84024],[77.01173,28.84034],[77.01153,28.84076],[77.01033,28.84084],[77.00917,28.84076],[77.00875,28.84068],[77.00801,28.84063],[77.00727,28.84045],[77.00688,28.84044],[77.00657,28.84045],[77.00644,28.84044],[77.006,28.84029],[77.00539,28.84015],[77.0047,28.84002],[77.00417,28.83994],[77.00357,28.83975],[77.0031,28.83961],[77.00215,28.83925],[77.00151,28.83899],[77.00113,28.83871],[77.00088,28.83878],[77.00046,28.83872],[76.99973,28.83842],[76.9992,28.83827],[76.99865,28.83841],[76.9977,28.83851],[76.997,28.83874],[76.99589,28.8392],[76.99494,28.83961],[76.99466,28.83971],[76.99441,28.83977],[76.99428,28.83961],[76.99346,28.83901],[76.99228,28.83837],[76.99101,28.83813],[76.99057,28.83782],[76.99037,28.83756],[76.99016,28.83708],[76.98968,28.83653],[76.98924,28.83582],[76.989,28.83553],[76.98876,28.83552],[76.98862,28.83528],[76.98819,28.83489],[76.98734,28.83423],[76.98705,28.83389],[76.98677,28.83193],[76.98665,28.83084],[76.98661,28.83032],[76.98634,28.82944],[76.98568,28.82755],[76.98513,28.82678],[76.98462,28.82652],[76.98408,28.82623],[76.98349,28.82533],[76.98339,28.82514],[76.98331,28.82499],[76.9826,28.82432],[76.9822,28.82366],[76.98192,28.82312],[76.98155,28.82288],[76.98103,28.82252],[76.98067,28.82182],[76.98077,28.82168],[76.98067,28.82159],[76.98052,28.82148],[76.98041,28.82128],[76.97908,28.82187],[76.97831,28.82204],[76.97792,28.82223],[76.97731,28.82246],[76.97718,28.8225],[76.97693,28.82255],[76.97638,28.82257],[76.97586,28.82257],[76.97571,28.82258],[76.97563,28.82321],[76.97537,28.82352],[76.97516,28.82413],[76.97515,28.82473],[76.97509,28.82558],[76.97446,28.82562],[76.97425,28.82609],[76.974,28.8262],[76.97332,28.82669],[76.97269,28.82692],[76.9719,28.8272],[76.97164,28.82743],[76.9704,28.82755],[76.9699,28.82764],[76.96952,28.82772],[76.96851,28.82792],[76.96808,28.82787],[76.96795,28.82758],[76.96767,28.82761],[76.96678,28.82753],[76.96663,28.82751],[76.96591,28.82775],[76.9657,28.82717],[76.96572,28.8267],[76.9657,28.8264],[76.96571,28.82611],[76.96568,28.8258],[76.96565,28.82565],[76.96543,28.82559],[76.96487,28.82539],[76.96453,28.8249],[76.96452,28.8246],[76.965,28.82454],[76.96487,28.82432],[76.96485,28.82426],[76.96475,28.82408],[76.96442,28.82356],[76.96378,28.8228],[76.96397,28.8226],[76.96399,28.82227],[76.96399,28.82204],[76.96414,28.82179],[76.96435,28.82146],[76.96473,28.82123],[76.96481,28.82101],[76.9647,28.82082],[76.96481,28.82038],[76.96491,28.82008],[76.96475,28.81985],[76.9645,28.81961],[76.96431,28.81938],[76.96396,28.81885],[76.96372,28.81825],[76.96342,28.81778],[76.96314,28.81722],[76.96258,28.81614],[76.96238312300005,28.815936971000042]]]}},{"type":"Feature","properties":{"canonical_city_id":"delhi_ncr","component_id":"delhi_nct","district_name":"North East","source_shape_id":"76128533B9976625304286","source":"geoBoundaries gbOpen IND ADM2","boundary_year":"2021"},"geometry":{"type":"Polygon","coordinates":[[[77.20756,28.78845],[77.20757855800008,28.788429214000075],[77.20863915000007,28.78703734100003],[77.20915596900005,28.786359582000046],[77.20921073000005,28.78628776900007],[77.21077004100005,28.78487887400007],[77.21079131400006,28.784854473000053],[77.21226918700006,28.78315911800007],[77.21457556300004,28.782875835000027],[77.21460000300004,28.782874415000038],[77.21672655900005,28.78258623800008],[77.21680384300004,28.782096773000035],[77.21708721700008,28.779997222000077],[77.21752516000004,28.77909557600003],[77.21957318700004,28.77452293600004],[77.22068092500007,28.773247749000063],[77.22088701600006,28.773183346000053],[77.22164697500006,28.772977256000047],[77.22245845800006,28.772912852000047],[77.22279335600007,28.770632973000033],[77.21958606800007,28.767928031000054],[77.21957318700004,28.76662708300006],[77.22083549400008,28.763716051000074],[77.22334722500005,28.757919748000063],[77.22379804800005,28.754519250000044],[77.22412245600003,28.75208211200004],[77.22413014900008,28.75189171900007],[77.22429252900008,28.75130389900005],[77.22421241000006,28.750502707000066],[77.22437264900003,28.74954127700005],[77.22469312600003,28.74898044200006],[77.22469202900004,28.748965095000074],[77.22470671400004,28.748957752000024],[77.22472783000006,28.748883845000023],[77.22470124400007,28.74862685000005],[77.22483566800008,28.748425214000065],[77.22485438900003,28.748397132000036],[77.22505709600006,28.74813041300007],[77.22525775000008,28.747732617000054],[77.22528100800008,28.747686101000056],[77.22544509200003,28.747686101000056],[77.22563648800008,28.747712501000024],[77.22578808700007,28.74764512300004],[77.22560364100008,28.74757134400005],[77.22552102400005,28.747538298000052],[77.22546761100006,28.747244527000078],[77.22557691300005,28.747069644000078],[77.22576232200004,28.746898497000075],[77.22588584800008,28.74686761600003],[77.22601391700005,28.746898497000075],[77.22639801500003,28.746916225000064],[77.22672494800008,28.74693131500004],[77.22809705300006,28.746910041000035],[77.22813607100005,28.746909437000056],[77.23095831700005,28.74933788100003],[77.23101154600005,28.749373367000032],[77.23321742300004,28.74935367100005],[77.23473818600007,28.749150903000043],[77.23517879300005,28.748794222000072],[77.23598464700007,28.74769825800007],[77.23778976400007,28.74515175500005],[77.23844151400004,28.743945136000036],[77.24026188600004,28.740764487000035],[77.24043280700005,28.738884357000074],[77.24032753600005,28.738388084000064],[77.24033626700003,28.738253633000056],[77.23978828500003,28.73722213800005],[77.23614581800007,28.73106540300006],[77.23598464700007,28.73025954800005],[77.23701614300006,28.728067621000037],[77.23651079100006,28.726330475000054],[77.23651871700008,28.726321669000072],[77.23605723100007,28.72454409100004],[77.23521971800005,28.72201446100007],[77.23518682000008,28.722000722000075],[77.23473158400003,28.721810593000043],[77.23231406300005,28.72080092300007],[77.23229702700007,28.720784154000057],[77.23123042700007,28.71973421900003],[77.23122016900004,28.71972412100007],[77.23144236600007,28.71958738400008],[77.23209186500003,28.719296818000032],[77.23233115400006,28.719125898000073],[77.23251916700008,28.71907462100006],[77.23318575900004,28.718715687000042],[77.23330540300003,28.718254201000036],[77.23296356200007,28.71712612300007],[77.23296356200007,28.71692101800005],[77.23231406300005,28.715331453000033],[77.23156201000006,28.71275054700004],[77.23122016900004,28.712135232000037],[77.23098068500008,28.712223462000054],[77.23089541900003,28.712254877000078],[77.23066843700008,28.71183687100006],[77.22916911700008,28.709075747000043],[77.22903014800005,28.708863636000046],[77.22882865200006,28.70846921800006],[77.22790268700004,28.707125077000057],[77.22787011800006,28.707127248000063],[77.22786275400006,28.707067109000036],[77.22783614600007,28.706849807000026],[77.22776756500008,28.70628973500004],[77.22776756500008,28.706108312000026],[77.22776756500008,28.705982078000034],[77.22877599900005,28.705520591000038],[77.22952805100005,28.704665987000055],[77.22952805100005,28.704221592000067],[77.22956223500006,28.704101948000073],[77.22928876200007,28.70362337000006],[77.22910074900005,28.702820041000052],[77.22891273600004,28.701521042000024],[77.22846834100005,28.700204950000057],[77.22850252500007,28.699281978000045],[77.22860507800004,28.698393189000058],[77.22881018300006,28.698393189000058],[77.22896401200006,28.69803425500004],[77.22889564400003,28.695316612000056],[77.22805939100004,28.693849224000076],[77.22798976200005,28.69372704700004],[77.22855186700008,28.69230699600007],[77.22924769600007,28.690127950000033],[77.22927993100006,28.687484743000027],[77.22934020500009,28.68341627600006],[77.22935713000004,28.683386331000065],[77.22990407700007,28.680207202000076],[77.23067322200006,28.67702807200004],[77.23092960300005,28.675934178000034],[77.23106634000004,28.67566070500004],[77.23112577800003,28.674697793000064],[77.23115180000008,28.674276246000034],[77.23120307600004,28.674139509000042],[77.23133211900006,28.674046759000078],[77.23229697000005,28.673353272000043],[77.23230286800003,28.67330609000004],[77.23932661900005,28.67564949000007],[77.25063317900003,28.676762230000065],[77.25072076600003,28.682258095000066],[77.25413901000007,28.686815754000065],[77.25935230500005,28.686515620000023],[77.26169085300006,28.688606707000076],[77.26530527400007,28.69228494500004],[77.26758410400004,28.697298369000066],[77.26818400800005,28.699999756000068],[77.26940716700005,28.702083911000045],[77.27158454200008,28.701911104000033],[77.27381682600003,28.701733938000075],[77.27605570500003,28.701556249000078],[77.27725515700007,28.700121876000026],[77.27816172200005,28.701389105000032],[77.28376379200006,28.700944496000034],[77.29512033600008,28.69786035800007],[77.29591692400004,28.704573722000077],[77.29565,28.70474],[77.29533,28.70493],[77.29459,28.7054],[77.29456607400004,28.705415552000034],[77.29419,28.70566],[77.29381603400003,28.70557689700007],[77.29365,28.70554],[77.29281,28.7054],[77.29261,28.70536],[77.29236,28.70532],[77.29218,28.70543],[77.29192,28.70558],[77.29155,28.7058],[77.29142,28.70583],[77.29089,28.70623],[77.29087723400005,28.706243906000054],[77.29082856700006,28.706296919000067],[77.29033,28.70684],[77.29,28.7072],[77.28987146000003,28.707342562000065],[77.28945,28.70781],[77.28934,28.70793],[77.28926,28.70802],[77.28892,28.7084],[77.28877,28.70856],[77.28862,28.70872],[77.28847,28.70888],[77.28819,28.70919],[77.28816615400007,28.70921384500008],[77.28815,28.70923],[77.28812123600005,28.709255278000057],[77.28749,28.70981],[77.28749728500003,28.709882852000078],[77.28751,28.71001],[77.28767,28.71065],[77.28773408800004,28.710882317000028],[77.28775,28.71094],[77.28778,28.71102],[77.28781930100007,28.711241975000064],[77.28759,28.71189],[77.28764,28.71214],[77.2877,28.71241],[77.28775090000005,28.712630568000066],[77.28776,28.71267],[77.28782,28.71294],[77.28783,28.71301],[77.287509,28.713313166000034],[77.28747,28.71335],[77.28719,28.7136],[77.28692,28.71387],[77.28681573900008,28.71402639300004],[77.2868,28.71405],[77.28678313500006,28.714071082000032],[77.28676,28.7141],[77.28672214700003,28.714154677000067],[77.28667,28.71423],[77.28677,28.71432],[77.28684252500005,28.71438799200007],[77.28693,28.71447],[77.28703,28.71456],[77.28705,28.71458],[77.28714607300003,28.714653467000062],[77.28722,28.71471],[77.28742,28.71486],[77.28768,28.71506],[77.28771358900008,28.715085686000066],[77.28785,28.71519],[77.28822000100007,28.71547],[77.28862,28.71577],[77.2888,28.71591],[77.28882657100007,28.71593031900005],[77.28897,28.71604],[77.28903170600006,28.716101706000075],[77.28904,28.71611],[77.28933,28.71642],[77.28935107700005,28.71644950700005],[77.28938,28.71649],[77.28943745100008,28.716658762000066],[77.28954,28.71696],[77.28957,28.71706],[77.28956,28.7172],[77.28955661000003,28.717278668000063],[77.28951,28.71836],[77.2895,28.71863],[77.28948,28.71895],[77.28956,28.71899],[77.28962,28.71901],[77.28964232900006,28.719015582000054],[77.2897,28.71903],[77.28984396100003,28.719416894000062],[77.28986,28.71946],[77.29003,28.71973],[77.29018,28.71996],[77.2903,28.72014],[77.29030540100007,28.720161827000027],[77.29079,28.72212],[77.29081,28.72221],[77.29064,28.72231],[77.28947,28.72296],[77.28938,28.72301],[77.28931,28.72305],[77.28857128200008,28.723458934000064],[77.28819,28.72367],[77.28784,28.72387],[77.28773,28.72393],[77.28713,28.72426],[77.28674,28.72448],[77.28657,28.72457],[77.28642,28.72476],[77.28621,28.72504],[77.28566,28.72576],[77.28536,28.72616],[77.28506,28.72655],[77.28485393700004,28.726813763000052],[77.28481,28.72687],[77.28434,28.72749],[77.28432021000003,28.727516988000048],[77.28423,28.72764],[77.28408,28.72779],[77.28328,28.72861],[77.28313,28.72876],[77.28296,28.72893],[77.2828,28.72909],[77.28259,28.7293],[77.28241,28.72948],[77.28223,28.72966],[77.28193,28.72997],[77.28184,28.73006],[77.28133548600005,28.730596546000072],[77.28121,28.73073],[77.28114151600005,28.730807046000052],[77.28105,28.73091],[77.28092,28.73105],[77.28079,28.73119],[77.28053,28.7315],[77.28049920800004,28.731530792000058],[77.28033,28.7317],[77.28023406500006,28.731804277000037],[77.2801,28.73195],[77.27998,28.73208],[77.27993543700006,28.732121437000046],[77.27941,28.73261],[77.27922611100007,28.732855184000073],[77.2792,28.73289],[77.27894,28.7332],[77.2787,28.73346],[77.27847683600004,28.733703164000076],[77.27842,28.73376],[77.27819,28.73392],[77.27799,28.73407],[77.27766,28.7343],[77.27749508200003,28.73441930200005],[77.27719,28.73464],[77.27705,28.73474],[77.27675,28.73494],[77.27639907100007,28.73517805700004],[77.27504,28.7361],[77.2739,28.73626],[77.2732,28.73635],[77.27239,28.73583],[77.27224,28.73573],[77.2721,28.73564],[77.27189,28.7356],[77.27157716400006,28.73553983900007],[77.27137,28.7355],[77.27067,28.73537],[77.27054370500008,28.735338426000055],[77.27019,28.73525],[77.26963952100004,28.73513033100005],[77.2695,28.7351],[77.26932511800004,28.73505477200007],[77.26892,28.73495],[77.26832,28.7348],[77.26796985800007,28.73466178600006],[77.26794,28.73465],[77.26665,28.7346],[77.2666,28.73443],[77.26654670000005,28.734230119000074],[77.26587480400008,28.73425440500006],[77.26572,28.73426],[77.26469,28.7343],[77.26441124700006,28.734318380000047],[77.26378,28.73436],[77.26352572800005,28.734366520000037],[77.26344566500006,28.73436857300004],[77.26339,28.73437],[77.26329,28.73441],[77.26161,28.73455],[77.2609,28.73453],[77.2604,28.7347],[77.26029,28.7348],[77.26023,28.73485],[77.26015844500006,28.734938068000076],[77.2601,28.73501],[77.26,28.7351],[77.25992,28.73517],[77.25987210100004,28.73521373400007],[77.25969,28.73538],[77.25961,28.73545],[77.25949,28.73555],[77.25931,28.73571],[77.25924038400007,28.73576511300007],[77.25907,28.7359],[77.25897,28.73599],[77.25881,28.73613],[77.25875407700005,28.736177935000057],[77.2586,28.73631],[77.25843,28.73645],[77.25821,28.73664],[77.25802501900006,28.73683302300003],[77.25798,28.73688],[77.25712,28.73759],[77.257,28.73768],[77.25677,28.73788],[77.25665,28.73797],[77.25653644600004,28.738068743000042],[77.25642,28.73817],[77.25588,28.73863],[77.25585634100008,28.73864992400007],[77.25569,28.73879],[77.25565,28.73892],[77.2556,28.73912],[77.255,28.7413],[77.25499,28.74156],[77.25495318400004,28.742385744000046],[77.25492,28.74313],[77.2549,28.74367],[77.2563,28.74408],[77.2563,28.74417],[77.25668422900003,28.74473895400007],[77.25682,28.74494],[77.25685893600007,28.745009220000043],[77.25709,28.74542],[77.25727670200007,28.74573739300007],[77.25729,28.74576],[77.25744,28.74602],[77.25746724400005,28.746121192000032],[77.25751,28.74628],[77.25752987400006,28.74630649900007],[77.25754,28.74632],[77.25761,28.74638],[77.25762769500005,28.74640211800005],[77.25769,28.74648],[77.25782,28.74669],[77.25783748100008,28.746722048000038],[77.258,28.74702],[77.25818,28.74734],[77.25839,28.74773],[77.25861,28.74812],[77.25896,28.74875],[77.25901,28.74884],[77.25913,28.74924],[77.25934,28.74999],[77.25939688800008,28.750168789000043],[77.25948179800008,28.750435650000043],[77.25955,28.75065],[77.25948,28.75194],[77.25946,28.75239],[77.25925,28.75294],[77.25889,28.75307],[77.25872,28.75318],[77.25837110000003,28.753401697000072],[77.25776,28.75379],[77.25681175900007,28.754378261000056],[77.25668,28.75446],[77.25682,28.75623],[77.25687,28.75674],[77.25497,28.75633],[77.25357399200004,28.75602318500006],[77.25315,28.75593],[77.25114,28.75572],[77.25024,28.75562],[77.24961502700006,28.755560881000065],[77.2495,28.75555],[77.24934,28.75546],[77.24894043500007,28.75546726500005],[77.24879,28.75547],[77.24873777500005,28.755485668000063],[77.24869,28.7555],[77.24863069600008,28.755503954000062],[77.24854,28.75551],[77.24833239300006,28.755582943000036],[77.24817,28.75564],[77.24792,28.75574],[77.24787504100004,28.755751239000062],[77.24764386300006,28.755809034000038],[77.2474,28.75587],[77.24731080900006,28.75590629900006],[77.24654,28.75622],[77.24615,28.75639],[77.24592749200008,28.756489745000067],[77.24586,28.75652],[77.24583963100008,28.756570148000037],[77.24574,28.75661],[77.24545,28.75672],[77.24527,28.75678],[77.2451,28.75685],[77.24497443000007,28.756896263000044],[77.24491,28.75692],[77.24486492300008,28.756937639000057],[77.24468,28.75701],[77.24445557500007,28.757113581000056],[77.24416,28.75725],[77.24403,28.75729],[77.24383,28.75737],[77.24335788100007,28.757550472000048],[77.24309,28.75761],[77.24286718400003,28.757692761000044],[77.24274,28.75774],[77.24262,28.75778],[77.24252,28.75781],[77.24245,28.75785],[77.24221,28.75801],[77.24184706100004,28.75816567100003],[77.23889657700005,28.759431180000036],[77.23805213000009,28.759793823000052],[77.23771,28.75996],[77.23738903300006,28.76011104400004],[77.2355,28.761],[77.23533288500005,28.761108625000077],[77.2351,28.76126],[77.23648424600003,28.762813883000035],[77.23714,28.76355],[77.23653898700007,28.764824876000034],[77.23648,28.76495],[77.23643877400008,28.765125211000054],[77.23628,28.7658],[77.23724724400006,28.765755668000054],[77.23868,28.76569],[77.23856727100008,28.76575133800003],[77.23664,28.7668],[77.23499,28.77099],[77.23407716800006,28.770961174000035],[77.23404,28.77096],[77.23279771800003,28.772702320000064],[77.23250693000006,28.77311015400005],[77.23245,28.77319],[77.23216869300006,28.77325491700003],[77.23206,28.77328],[77.23204100100008,28.77354598000005],[77.23199,28.77426],[77.23132007600003,28.774795940000047],[77.23117432500004,28.77491254000006],[77.23114,28.77494],[77.22988,28.77548],[77.2284,28.77588],[77.22809452400008,28.775966552000057],[77.2278,28.77605],[77.22743,28.77621],[77.22693340300003,28.77642055800004],[77.22618,28.77674],[77.22593,28.77682],[77.22333422300005,28.777643752000074],[77.22322,28.77768],[77.22740486800006,28.77990014100004],[77.23164301900005,28.782148550000045],[77.23174,28.7822],[77.23271860100004,28.78271439400004],[77.2333,28.78302],[77.23425,28.7837],[77.23247,28.78464],[77.23151,28.78514],[77.23096,28.78543],[77.22941399400008,28.78617528600006],[77.22847630700005,28.786627318000058],[77.22845,28.78664],[77.22776926300008,28.78654361200006],[77.22732,28.78648],[77.22721839100006,28.786481638000055],[77.2267,28.78649],[77.22519,28.78638],[77.22206352200004,28.786139931000037],[77.21959,28.78595],[77.21781,28.78578],[77.21433,28.78559],[77.21402640900004,28.785734011000045],[77.21355,28.78596],[77.21335951300006,28.78604684000004],[77.21287,28.78627],[77.21282268800007,28.786282381000035],[77.2118,28.78655],[77.21083,28.78682],[77.2107,28.78688],[77.20756,28.78845]]]}},{"type":"Feature","properties":{"canonical_city_id":"delhi_ncr","component_id":"delhi_nct","district_name":"South East","source_shape_id":"76128533B1420136949169","source":"geoBoundaries gbOpen IND ADM2","boundary_year":"2021"},"geometry":{"type":"Polygon","coordinates":[[[77.34349,28.51467],[77.3437,28.51508],[77.34182,28.51722],[77.34149,28.51758],[77.34125,28.51784],[77.34097,28.51818],[77.34082,28.51836],[77.3403,28.51912],[77.33979,28.5197],[77.33886,28.52133],[77.33851,28.52193],[77.33818,28.52246],[77.33802,28.52271],[77.33673,28.52431],[77.33571,28.52555],[77.33483,28.52664],[77.33438,28.52721],[77.33346,28.52791],[77.33279,28.52841],[77.33254,28.52855],[77.33222,28.52876],[77.33188,28.52908],[77.33143,28.52956],[77.33105,28.53004],[77.33012,28.53119],[77.32975,28.53155],[77.32896,28.53216],[77.32837,28.53246],[77.32645,28.53444],[77.32513,28.53524],[77.32458,28.5356],[77.32382,28.5361],[77.32359,28.53631],[77.32323,28.53664],[77.32244,28.53714],[77.32206,28.53755],[77.32147,28.53817],[77.32062,28.53913],[77.31953,28.54027],[77.31913,28.54093],[77.31875,28.54135],[77.31801,28.54198],[77.31628,28.54333],[77.31534,28.54342],[77.3152,28.54344],[77.31448,28.54353],[77.31359,28.54365],[77.3135,28.54375],[77.31329,28.54396],[77.31265,28.54464],[77.31181,28.54545],[77.31172,28.54553],[77.3115,28.54574],[77.31055,28.54673],[77.30984,28.54766],[77.30866,28.54825],[77.30767,28.54884],[77.30707,28.5492],[77.30606,28.55022],[77.30485,28.55142],[77.304,28.55225],[77.30319,28.55301],[77.3023,28.55412],[77.30202,28.55547],[77.30189,28.55599],[77.30123,28.55681],[77.30118,28.55689],[77.30044,28.55795],[77.29955,28.55932],[77.29896,28.56027],[77.29914,28.56077],[77.29968,28.5614],[77.30009,28.56172],[77.29991,28.56249],[77.29997,28.56268],[77.30003,28.5629],[77.3002,28.56324],[77.30007,28.56364],[77.29955,28.56432],[77.29882,28.56491],[77.29833,28.56503],[77.29823,28.56507],[77.29704,28.56559],[77.29686,28.56656],[77.29767,28.56972],[77.29802,28.57033],[77.29845,28.5719],[77.29846,28.57193],[77.2986,28.57239],[77.29931,28.57321],[77.29932,28.57337],[77.29946,28.57399],[77.29936,28.57459],[77.29924041800007,28.575317804000065],[77.29922903500005,28.575348158000054],[77.29707731900004,28.57546650200004],[77.29649775600006,28.575305281000055],[77.29483415400006,28.57484250500005],[77.29472151600004,28.574812689000055],[77.29465125800004,28.574794091000058],[77.29403264000007,28.57453050600003],[77.29324287800006,28.57466213200007],[77.29274161000006,28.574745678000056],[77.29266483700007,28.574799117000055],[77.29239155800008,28.574989342000038],[77.29219292300007,28.57512760700007],[77.29203553200006,28.575362359000053],[77.29161781500005,28.575985394000043],[77.29155816600007,28.576074362000043],[77.29049844500008,28.579188972000054],[77.290108,28.580016217000036],[77.28932038100004,28.581684963000043],[77.28817840200009,28.583661052000025],[77.28760438700004,28.58465433200007],[77.28709873400004,28.585525776000054],[77.28549618000005,28.587426038000046],[77.28437681200006,28.588753351000037],[77.28381736600005,28.589366590000054],[77.28182164900005,28.591534445000036],[77.28176973800004,28.591566228000033],[77.28131163700004,28.59184671400004],[77.27849186800006,28.59357319600008],[77.27740669600007,28.59420304300005],[77.27404319500005,28.59615525600003],[77.27319864600008,28.596634013000028],[77.27241381000005,28.597021546000065],[77.27190223600007,28.597274148000054],[77.26954610700005,28.59817787000003],[77.26804129000004,28.59864259300008],[77.26552239700004,28.599420485000053],[77.26460253900007,28.599694829000043],[77.26319279200004,28.60025018400006],[77.26211730600005,28.600673861000075],[77.26106691100006,28.601035472000035],[77.25924182200004,28.60325163400006],[77.25796620300008,28.605480855000053],[77.25632312300007,28.608149929000035],[77.25484033100008,28.610809381000024],[77.25480244800008,28.610807376000025],[77.25481369200008,28.610848541000053],[77.25466247200006,28.610963248000076],[77.25458322900005,28.611066548000053],[77.25453477900004,28.611129707000032],[77.25400849500005,28.61302524000007],[77.25390011400003,28.61340232400005],[77.25104699700006,28.613069461000066],[77.24893983800007,28.612283458000036],[77.24889339300006,28.61226613300005],[77.24976508900005,28.610796212000025],[77.24959416800004,28.61038600200004],[77.24958652600003,28.60979377900003],[77.24955998400003,28.607736728000077],[77.24725255200008,28.606540281000036],[77.24663723700007,28.606386452000038],[77.24569717100007,28.605907874000025],[77.24511604000008,28.605754046000072],[77.24434689500004,28.605771137000033],[77.24407342200004,28.605839505000063],[77.24301371200005,28.607138505000023],[77.24275720600008,28.607277018000048],[77.24215910700008,28.60759999100003],[77.24144124000003,28.60823239900003],[77.24075755600006,28.607770912000035],[77.24012514800006,28.607377794000058],[77.24019351700008,28.607241057000067],[77.24003968900007,28.607172689000038],[77.24027897700006,28.604386678000026],[77.24030154100006,28.604054908000023],[77.24074046400005,28.597601116000078],[77.24060372700006,28.597276367000063],[77.23870650500004,28.60031876000005],[77.23564702000004,28.604848164000032],[77.23034847200006,28.601617759000078],[77.23005790600007,28.601925417000075],[77.22951095900004,28.602250166000033],[77.22927167000006,28.60226725800004],[77.22843415700004,28.602660376000074],[77.22811539500003,28.602821508000034],[77.22532339700007,28.604232849000027],[77.22503283100008,28.604523414000028],[77.22392184500006,28.603224415000057],[77.22363127900007,28.602745837000043],[77.22395602900008,28.602386903000024],[77.22482772500007,28.601720311000065],[77.22337506700006,28.600185285000066],[77.22151185900003,28.598216432000072],[77.22111564800008,28.597834628000044],[77.22057179400008,28.597310551000078],[77.22058888600003,28.597105446000057],[77.22057179400008,28.59701998500003],[77.22038378100007,28.59693452600004],[77.22026413600008,28.596968710000056],[77.21838400700005,28.594917658000043],[77.21474339100007,28.59119158200008],[77.21472629800007,28.591106122000042],[77.21484594300006,28.58961910900007],[77.21619621900004,28.589790031000064],[77.21694673700006,28.589874235000025],[77.21970009800003,28.59018314900004],[77.21988811100005,28.588354294000055],[77.21997357100008,28.587926992000064],[77.21785415200003,28.58773897900005],[77.21809344100006,28.58623487500006],[77.21814471800008,28.58572211200004],[77.21626458700007,28.585824665000075],[77.21614494200008,28.585773389000053],[77.21626458700007,28.585602468000047],[77.21631586300003,28.584337652000045],[77.21551253500007,28.58430346800003],[77.21540764500008,28.583979987000077],[77.21519900200008,28.583813072000055],[77.21515927600007,28.582763845000045],[77.21505672400008,28.581754343000057],[77.21478171500007,28.581058975000076],[77.21461479900006,28.580349586000068],[77.21469825700007,28.579890570000032],[77.21444788400004,28.579348097000036],[77.21273700600005,28.579556740000044],[77.21152687300008,28.579556740000044],[77.21165205800008,28.580057486000044],[77.20923179100004,28.580182672000035],[77.20334803900005,28.58059995900004],[77.20325620100004,28.580607282000074],[77.20317138300004,28.58061404500006],[77.19078768700007,28.58160144900006],[77.19058905800006,28.581344400000035],[77.18968104100003,28.579421539000066],[77.18992139900007,28.575842882000074],[77.18952080300005,28.568712275000053],[77.18909350000007,28.565934810000044],[77.18845254700005,28.562195915000075],[77.18743057400008,28.559310804000063],[77.18560325000004,28.554152130000034],[77.18498071500005,28.552394668000034],[77.18490960600008,28.552279115000033],[77.18858910500006,28.55276167200003],[77.18898031200007,28.555565322000064],[77.19237077200006,28.55791256300006],[77.19960810000003,28.559086184000023],[77.20202054300006,28.559803397000053],[77.20678022800007,28.554978512000048],[77.20854066000004,28.554196097000045],[77.20958387800005,28.553935293000052],[77.21222347400004,28.553558207000037],[77.21232232700004,28.553544086000045],[77.21421316000004,28.55367448800007],[77.22151569000005,28.554065695000077],[77.22516695500008,28.55347888500006],[77.22803580600004,28.553804890000038],[77.22927462800004,28.55432650000006],[77.23051345100004,28.557325753000043],[77.23142626600008,28.55791256300006],[77.23579474500008,28.540308250000066],[77.23827238900003,28.535744169000054],[77.23748997500007,28.531114887000058],[77.23638155500004,28.52733321900007],[77.23585994500007,28.523421150000047],[77.23514273300003,28.519509080000034],[77.23533833600004,28.51853106300007],[77.23859839500005,28.516901034000057],[77.23997710400005,28.515522324000074],[77.24159764800004,28.513901780000026],[77.25084827400008,28.513643022000053],[77.25391152200007,28.511600857000076],[77.25828914400006,28.50503442300004],[77.26220121400007,28.49505864500003],[77.26422245000003,28.487821316000066],[77.26467885800008,28.48658249400006],[77.26493966300006,28.485539275000065],[77.26496427000006,28.48522627400007],[77.26501947100007,28.484970994000037],[77.26574,28.48498],[77.26625,28.48501],[77.26679531128916,28.48509019283664],[77.26693,28.48511],[77.26775,28.48527],[77.26847,28.48542],[77.26933,28.4856],[77.27,28.48574],[77.2717,28.48607],[77.2718,28.48613],[77.27193,28.48622],[77.27202,28.4863],[77.27207,28.48637],[77.27215,28.48682],[77.27235,28.48793],[77.2724,28.48826],[77.2725,28.48821],[77.27276,28.48808],[77.27401,28.48728],[77.27413,28.4872],[77.27456,28.48686],[77.27508,28.48646],[77.27535,28.48624],[77.27551,28.48614],[77.27567,28.48609],[77.27585,28.48607],[77.27607,28.4861],[77.2762,28.48614],[77.27651,28.48623],[77.27665,28.48627],[77.27685,28.48634],[77.27702,28.48642],[77.27717,28.48654],[77.27737,28.48674],[77.27756,28.4869],[77.27778,28.48706],[77.27796,28.48721],[77.27815,28.4874],[77.27831,28.48756],[77.27849,28.4877],[77.2787,28.48782],[77.27901,28.48797],[77.27933,28.48816],[77.27955,28.48825],[77.27977,28.48831],[77.28003,28.48835],[77.28022,28.4884],[77.28039,28.4885],[77.28054,28.48864],[77.28073,28.48884],[77.28087,28.48895],[77.281,28.48901],[77.28142,28.4891],[77.28161,28.48915],[77.28184,28.48922],[77.28208,28.4893],[77.28233,28.48936],[77.28259,28.48933],[77.28277,28.48929],[77.28298,28.48922],[77.28345,28.48907],[77.28358,28.48904],[77.28365,28.48903],[77.28392,28.48901],[77.28409,28.48901],[77.28426,28.48902],[77.28626,28.48939],[77.28647,28.48941],[77.28653,28.48943],[77.28658,28.48942],[77.28665,28.48942],[77.2867,28.48943],[77.28673,28.48946],[77.28676,28.48951],[77.28677,28.48956],[77.28675,28.48962],[77.28673,28.48965],[77.2867,28.48967],[77.28668,28.48979],[77.28666,28.48995],[77.28677,28.4903],[77.28686,28.4906],[77.28688,28.49074],[77.28687,28.49095],[77.28683,28.49131],[77.28666,28.49257],[77.28664,28.49285],[77.28665,28.49306],[77.2867,28.49325],[77.28674,28.49339],[77.28681,28.49357],[77.28683,28.49363],[77.28706,28.49412],[77.28741,28.49495],[77.28743,28.49501],[77.28775,28.49576],[77.28782,28.49592],[77.28856,28.49617],[77.28907,28.49621],[77.28976,28.49608],[77.29058,28.49649],[77.29075,28.4966],[77.29091,28.49671],[77.29147,28.49669],[77.29194,28.49655],[77.29265,28.49634],[77.29284,28.49631],[77.29318,28.49625],[77.29358,28.49617],[77.29382,28.49613],[77.29383,28.4962],[77.29455,28.49618],[77.29471,28.49617],[77.29471,28.49602],[77.29472,28.49599],[77.29477,28.49598],[77.29496,28.49604],[77.29505,28.49603],[77.29519,28.49595],[77.29525,28.49593],[77.29565,28.496],[77.29583,28.49595],[77.29634,28.49597],[77.29668,28.49587],[77.29775,28.49591],[77.298,28.49591],[77.29843,28.4959],[77.29914,28.49589],[77.29913,28.49586],[77.29913,28.49569],[77.29913,28.49561],[77.29914,28.49537],[77.2992,28.4951],[77.29925,28.49483],[77.2993,28.49459],[77.29942,28.49418],[77.29951,28.49416],[77.29969,28.49414],[77.29978,28.49342],[77.29978,28.49323],[77.29985,28.49277],[77.29988,28.4925],[77.29996,28.49168],[77.30011,28.49032],[77.30018,28.48966],[77.30023,28.48915],[77.30037,28.48785],[77.30049,28.48784],[77.30071,28.48784],[77.30124,28.48773],[77.30195,28.48757],[77.30304,28.48736],[77.30378,28.48722],[77.304,28.48721],[77.30422,28.48719],[77.30428,28.4872],[77.30438,28.48723],[77.30458,28.48727],[77.30472,28.48735],[77.30493,28.48742],[77.30511,28.48746],[77.30523,28.48746],[77.30582,28.48744],[77.30615,28.48743],[77.30624,28.48743],[77.30671,28.48744],[77.30713,28.48746],[77.3074,28.48749],[77.30763,28.48751],[77.30794,28.48751],[77.3082,28.4875],[77.30839,28.48747],[77.30863,28.48741],[77.3089,28.48734],[77.30921,28.48723],[77.30934,28.48718],[77.30946,28.48712],[77.30955,28.48708],[77.30974,28.48696],[77.31006,28.4867],[77.31093,28.48591],[77.31101,28.48584],[77.31146,28.48543],[77.3121,28.48484],[77.31271,28.4843],[77.31297,28.48406],[77.31363,28.48344],[77.31373,28.4835],[77.31381,28.4836],[77.31385,28.48367],[77.31405,28.48377],[77.31414,28.48383],[77.31436,28.48393],[77.31466,28.48405],[77.3147,28.48407],[77.31478,28.48411],[77.31509,28.48426],[77.31538,28.48442],[77.31548,28.48445],[77.31553,28.48446],[77.31597,28.48453],[77.31597,28.48463],[77.31596,28.48471],[77.31596,28.48474],[77.31603,28.48479],[77.31607,28.48481],[77.31628,28.48483],[77.31655,28.48485],[77.31667,28.48486],[77.31699,28.48489],[77.31698,28.48502],[77.31686,28.4863],[77.31684,28.48646],[77.31699,28.4865],[77.31763,28.48663],[77.31835,28.48681],[77.31871,28.48718],[77.31879,28.48722],[77.31969,28.48774],[77.32059,28.48801],[77.32091,28.48802],[77.32154,28.48819],[77.32176,28.48826],[77.32248,28.48845],[77.3229,28.4886],[77.32383,28.48886],[77.32542,28.48937],[77.32651,28.48972],[77.3268,28.49024],[77.3269,28.49042],[77.327,28.49061],[77.32712,28.49084],[77.32722,28.49104],[77.32726,28.49112],[77.32737,28.49134],[77.32773,28.49193],[77.32789,28.49219],[77.32803,28.49241],[77.32821,28.49271],[77.32832,28.49289],[77.32848,28.49316],[77.32864,28.49338],[77.32935,28.49435],[77.32948,28.49459],[77.32967,28.49487],[77.32986,28.49514],[77.33012,28.49549],[77.3306,28.49615],[77.3311,28.49684],[77.33195,28.49803],[77.3328,28.4992],[77.33318,28.49969],[77.33334,28.49989],[77.33344,28.50004],[77.33348,28.50008],[77.33375,28.50032],[77.33379,28.50044],[77.33385,28.50062],[77.33457,28.50136],[77.33478,28.50157],[77.33499,28.50179],[77.33578,28.50258],[77.33598,28.50285],[77.33637,28.50303],[77.33648,28.50319],[77.33627,28.50332],[77.33606,28.50344],[77.33575,28.50362],[77.33605,28.50402],[77.33606,28.5041],[77.33609,28.50418],[77.33654,28.50472],[77.33676,28.50498],[77.33733,28.50558],[77.33749,28.50574],[77.33768,28.50593],[77.33792,28.50614],[77.33811,28.50636],[77.33824,28.5065],[77.3384,28.50667],[77.33855,28.50682],[77.33873,28.50701],[77.3389,28.50719],[77.33909,28.50745],[77.33984,28.50816],[77.34039,28.50871],[77.34215,28.51039],[77.34286,28.51107],[77.34303,28.51189],[77.34318,28.51262],[77.34332,28.51333],[77.34341,28.51437],[77.34349,28.51467]]]}},{"type":"Feature","properties":{"canonical_city_id":"delhi_ncr","component_id":"delhi_nct","district_name":"Central","source_shape_id":"76128533B19832024635761","source":"geoBoundaries gbOpen IND ADM2","boundary_year":"2021"},"geometry":{"type":"Polygon","coordinates":[[[77.20728801500007,28.788580508000052],[77.20714288200008,28.788580170000046],[77.20689994100007,28.78857960600004],[77.20682503400008,28.788580508000052],[77.20602813100004,28.788622023000073],[77.20469965800004,28.78869332000005],[77.20436844200003,28.788709565000033],[77.20352328700005,28.78879062900006],[77.20341811400004,28.788800717000072],[77.20339854800005,28.78879852400007],[77.20310404700007,28.788765520000027],[77.20295784200005,28.788749274000054],[77.20225389600006,28.788311565000072],[77.20151023900007,28.787846780000052],[77.20039024200008,28.787150955000072],[77.19960055900003,28.78665999800006],[77.19941103500008,28.786540869000078],[77.19783798600008,28.784778295000024],[77.19765026700003,28.784009370000035],[77.19716472500005,28.784398345000056],[77.19591296400006,28.78535499000003],[77.19495722100004,28.786085108000066],[77.19490487600007,28.786118501000033],[77.19485975200007,28.78614106300006],[77.19480289500007,28.786150991000056],[77.19380293000006,28.786154601000078],[77.19266127400005,28.786160016000053],[77.19158369400003,28.78621867800007],[77.19098624200006,28.786248460000024],[77.19079671800006,28.786252070000046],[77.18959549600004,28.78625838800008],[77.18950488800004,28.78625811200004],[77.18900255700004,28.786256582000078],[77.18849986800006,28.786251167000046],[77.18762264200006,28.78627373000006],[77.18674074600005,28.78629738400008],[77.18596205100005,28.786315245000026],[77.18538806400005,28.786331489000077],[77.18489349600003,28.78631073200006],[77.18487919300003,28.786308947000066],[77.18435178000004,28.786243127000034],[77.18432943700003,28.786240338000027],[77.18435784800005,28.785684941000056],[77.18437546400008,28.785340550000058],[77.18442055900005,28.784407404000035],[77.18450000100006,28.78295097700004],[77.18439208800004,28.78253474400003],[77.18441623000007,28.780313721000027],[77.18448143100005,28.77998771500006],[77.18572025300006,28.780248520000043],[77.18572025300006,28.777379668000037],[77.18570984800004,28.777379928000073],[77.18575520200005,28.777289222000036],[77.18311126800006,28.777315928000064],[77.18316468100005,28.776915332000044],[77.18295341300006,28.77680969900007],[77.18289761700004,28.776781800000037],[77.18288153700007,28.776259190000076],[77.18284776500008,28.77516162300003],[77.18606380400007,28.77509856200004],[77.18634274200008,28.774645289000034],[77.18629207200007,28.773969691000048],[77.18626262200007,28.773577033000038],[77.18623441000005,28.772392099000058],[77.18621034000006,28.77138116200007],[77.18620921000007,28.771333695000067],[77.18525988800008,28.77138116200007],[77.18353857100004,28.771467228000063],[77.18345845100004,28.76983813700008],[77.18024970600004,28.76980998500005],[77.17952614300003,28.77053354700007],[77.17648377900008,28.769950967000057],[77.17630113700005,28.770025082000075],[77.17306966300004,28.770479091000027],[77.17301625100004,28.769223890000035],[77.17176105000004,28.769277303000024],[77.17162751800004,28.768956827000068],[77.17162751800004,28.768805127000064],[77.17162751800004,28.768663056000037],[77.17153710900004,28.768572647000042],[77.17141386700007,28.76844940500007],[77.17134992000007,28.768091304000052],[77.17132233800004,28.767936844000076],[77.17128033500006,28.767701626000076],[77.17143001900007,28.76743433200005],[77.17165422500005,28.767033966000042],[77.17189458200005,28.767033966000042],[77.17233281800003,28.766582035000056],[77.17274918600003,28.76615265500004],[77.17405780000007,28.765965710000046],[77.17436431800007,28.76580066100007],[77.17440498300004,28.76577876600004],[77.17453055800007,28.765483295000024],[77.17485899200005,28.764710509000054],[77.17510397200004,28.763461111000026],[77.17512605600007,28.763348484000062],[77.17514392400005,28.762901790000058],[77.17515206700006,28.762698211000043],[77.17515276200004,28.76268082300004],[77.17512727800005,28.762648633000026],[77.17464534000004,28.762039870000024],[77.17437827700007,28.76126538500006],[77.17207071200005,28.76119817400007],[77.17162751800004,28.76118526500005],[77.17159612100005,28.75946889000005],[77.17154739900008,28.756805417000066],[77.17163338300008,28.756823250000025],[77.17426618000007,28.757369312000037],[77.17460081100006,28.757469702000037],[77.17462087300004,28.75747572000006],[77.17489686100004,28.757558516000074],[77.17942761200004,28.757623241000033],[77.17867800600004,28.755710454000052],[77.17867800600004,28.755176326000026],[77.17874699500004,28.75516893500003],[77.17999073800007,28.755035677000023],[77.18017356500008,28.755016088000048],[77.18118840700004,28.75496267500006],[77.18180265400008,28.754668905000074],[77.18244360800009,28.753841006000073],[77.18258204700004,28.753210340000066],[77.18268396500008,28.752746044000048],[77.18263055300008,28.752105091000033],[77.18256760300005,28.75187750200007],[77.18228337000005,28.75084989000004],[77.18036050900008,28.750636239000073],[77.18022697700007,28.75026235000007],[77.17982638100005,28.75002199200003],[77.17953261100007,28.749407745000042],[77.17944890100006,28.74829858100003],[77.17942578600008,28.74799230600007],[77.17940832600004,28.748001036000062],[77.17841094200008,28.74849972800007],[77.17838952600005,28.748474741000052],[77.17825070400005,28.748312783000074],[77.17763645700006,28.747378059000027],[77.17619431200006,28.746202978000042],[77.17616760600004,28.745909207000068],[77.17540109500004,28.745367041000065],[77.17507264300008,28.745134722000046],[77.17504593700005,28.744306823000045],[77.17531300100006,28.742891385000064],[77.17531943700004,28.74286095800005],[77.17558915200004,28.741585943000075],[77.17560677100005,28.741502652000065],[77.17563569500004,28.741497510000045],[77.17666387000008,28.73954397600005],[77.17704891600005,28.739179195000077],[77.17705730900008,28.739139630000068],[77.17880893100005,28.73760696100004],[77.17902705400007,28.737470100000053],[77.17945249200005,28.737122803000034],[77.18308456100004,28.734719227000028],[77.18332492000008,28.734665815000028],[77.18334503500006,28.73450086500003],[77.18341641600006,28.73391554500006],[77.18345845100004,28.73357085200007],[77.18328900900008,28.733299744000078],[77.18319138700008,28.73314355000008],[77.18314734400008,28.73261503300006],[77.18304700600004,28.732130064000046],[77.19165355900003,28.730043627000043],[77.20091212300008,28.727761585000053],[77.20473892700005,28.72637579900004],[77.21200758700007,28.723636073000023],[77.22059644800004,28.720621599000026],[77.22159518300003,28.720271068000045],[77.22148668600005,28.72012084000005],[77.221248,28.719790353000064],[77.22028557400006,28.71777160700003],[77.22015303800003,28.717493603000037],[77.22020645100008,28.71698618100004],[77.22114117500007,28.716505466000058],[77.22114117500007,28.71597133800003],[77.22105928200006,28.71528343800003],[77.22100764300006,28.714849670000035],[77.22057237500007,28.71418226000003],[77.22020645100008,28.71362117500007],[77.21998689700007,28.713377227000024],[77.21972573600004,28.713087047000045],[77.21961546700004,28.712866510000026],[77.21949445400008,28.712700117000054],[77.21846779700007,28.710582638000062],[77.21844382900008,28.71057664600005],[77.21823017700007,28.70964192200006],[77.21828517000006,28.709275309000077],[77.21825563200008,28.70904885300007],[77.21826857500008,28.708938837000062],[77.21764051100007,28.70826157600004],[77.21643373300003,28.70700587600004],[77.21611575400004,28.70681843500006],[77.21628061100006,28.706330329000025],[77.21612037200003,28.706223504000036],[77.21505351900004,28.704303168000024],[77.21411739300004,28.702618141000073],[77.21254171600003,28.70149647200003],[77.21219805500004,28.70121008800004],[77.21125980800008,28.700428216000034],[77.21063701000008,28.69963103500004],[77.20858916900005,28.697009798000067],[77.20577075600005,28.692769008000027],[77.20573158500008,28.692710068000054],[77.20479686100003,28.69335102100007],[77.20475906900003,28.69342660500007],[77.20458321000007,28.69377832400005],[77.20433454300007,28.694157244000053],[77.20402237600007,28.694632928000033],[77.20400576100008,28.694765847000042],[77.20396896200003,28.69506023100007],[77.20282770800003,28.695288482000024],[77.20276717500008,28.695300588000066],[77.20234185800007,28.69447020900003],[77.20220634100008,28.69420562600004],[77.20172562500005,28.693190783000034],[77.20133522900005,28.69297606500004],[77.20097732400006,28.69261816100004],[77.20100713200003,28.691992209000034],[77.20104252600004,28.69124893600008],[77.19869528400005,28.689749309000035],[77.19871689100006,28.689684489000058],[77.19868109600003,28.689665539000032],[77.19879675200008,28.689337848000037],[77.19884133500005,28.689211530000023],[77.19820038200004,28.68883764000003],[77.19755503900006,28.689534610000067],[77.19753272100007,28.689558713000054],[77.19702529900007,28.68934506200003],[77.19687088300003,28.689190646000043],[77.19675823600005,28.689077998000073],[77.19647432600004,28.689277339000057],[77.19613940900007,28.68951249400004],[77.19550303500006,28.689959309000074],[77.19531609000006,28.689879190000056],[77.19530482400006,28.68987971200005],[77.19315318600007,28.68877129200007],[77.19331288100005,28.688564279000047],[77.19371370700003,28.68790291600004],[77.19408759700008,28.68747561400005],[77.19409995500007,28.687459385000068],[77.19411187700007,28.687443728000062],[77.19630422800003,28.684564618000024],[77.19643775900005,28.684083902000054],[77.19585021800003,28.683923664000076],[77.19219144300007,28.682748582000045],[77.19112318600008,28.682241161000036],[77.18994810500004,28.68200080300005],[77.18532789900007,28.680505245000063],[77.18474035800006,28.68023818200004],[77.18455341300006,28.679971117000036],[77.18433976200004,28.680158062000032],[77.17891836400008,28.67842214600006],[77.17886495100004,28.67879603600005],[77.17870471300006,28.679116513000054],[77.17627443100008,28.678315320000024],[77.17413791900003,28.677888018000033],[77.17405780000007,28.67743401000007],[77.17403109300005,28.67714023900004],[77.17357708500003,28.67708682700004],[77.17293613100003,28.677060121000068],[77.17133374800005,28.676712937000048],[77.17042573000003,28.676365754000074],[77.17038873500007,28.676351391000026],[77.16868109900008,28.67568842600008],[77.16825155400005,28.67552166200005],[77.16815568700008,28.675484443000073],[77.16867031400005,28.674413178000066],[77.16946430000007,28.672760391000054],[77.16955275700008,28.672610012000064],[77.16988665300005,28.672624530000064],[77.17085438900006,28.672666605000074],[77.17084834800005,28.672647273000052],[77.17101327100005,28.67260015200003],[77.17075196400003,28.67233884500007],[77.17069279400005,28.672279675000027],[77.17069893400003,28.67216915100005],[77.17052838300003,28.671623387000068],[77.17059358400007,28.669732553000074],[77.17111519400004,28.669667352000033],[77.17131079700005,28.66914574300006],[77.17141068000006,28.669136663000074],[77.17141386700007,28.669101614000056],[77.17201960400007,28.669034311000075],[77.17213493900005,28.669021495000038],[77.17192128800008,28.66838054200008],[77.17189073900005,28.668325553000045],[77.17138716000005,28.66741911200006],[77.17176720500004,28.667279095000026],[77.17189458200005,28.667232167000066],[77.17447071700008,28.666657869000062],[77.17600442800006,28.66631595900003],[77.17605794000008,28.66630403000005],[77.17626527500005,28.666161487000068],[77.17632797600004,28.666118380000057],[77.17633944600004,28.666083970000045],[77.17638420300005,28.666070542000057],[77.17682693500007,28.66593772300007],[77.17721238300004,28.665826022000033],[77.17746453100006,28.66575295000007],[77.17752949100003,28.66573412400004],[77.17858475900005,28.66546170500004],[77.17877115200008,28.66542442700006],[77.17976620100006,28.665200755000058],[77.18020207300003,28.665169212000023],[77.18070103100007,28.66514913900005],[77.18103653800006,28.665108993000047],[77.18101515500007,28.665071927000042],[77.18095051100005,28.664959879000037],[77.18069529600007,28.66437489300006],[77.18056912300005,28.664025048000042],[77.18038273100007,28.663571972000057],[77.18037490400008,28.663564145000066],[77.18089463700005,28.66349327200004],[77.18105487600008,28.66338644600006],[77.18057416000005,28.663146089000065],[77.18053573900005,28.66308725500005],[77.18057416000005,28.663092676000076],[77.18121511400005,28.660822632000077],[77.18110828900006,28.660422036000057],[77.18070769300004,28.66023509100006],[77.17985308800007,28.660128266000072],[77.17980354400004,28.65938510700005],[77.17979967500008,28.659327073000043],[77.17961273000003,28.658819653000023],[77.17931896000005,28.658739533000073],[77.17926554700006,28.658606002000056],[77.18190362200005,28.658584896000036],[77.18260384700005,28.65857929400005],[77.18247537500008,28.658367037000062],[77.18198959900008,28.65756445200003],[77.18094805000004,28.656789966000076],[77.18036050900008,28.656362664000028],[77.18004003200008,28.655641591000062],[77.17971955500008,28.65542794000004],[77.17913201500005,28.655054051000036],[77.17942578600008,28.654519923000066],[77.17931896000005,28.653558493000048],[77.17910530900008,28.653344842000024],[77.17859788700008,28.651982815000054],[77.17793022700005,28.651502100000073],[77.17950590400005,28.650914560000047],[77.18044062800004,28.650433844000077],[77.17867800600004,28.64813709400005],[77.17838423600006,28.648110388000077],[77.17688867800007,28.646160821000024],[77.17718244800005,28.645973876000028],[77.17712903600005,28.645039152000038],[77.17691538400004,28.644718676000025],[77.17678185300008,28.644772088000025],[77.17598066100004,28.64370383200003],[77.17562577200005,28.64320863900008],[77.17507264300008,28.642570413000044],[77.17503558500005,28.642385123000054],[77.17502136700006,28.64231403200006],[77.17493017400005,28.642238037000027],[77.17481816400004,28.64214469600006],[77.17471370900006,28.642057650000027],[77.17488463000007,28.641903821000028],[77.17488463000007,28.64171580900006],[77.17486753800006,28.641630348000035],[77.17473080100007,28.641544887000066],[77.17466243300004,28.641322690000038],[77.17437186700005,28.640519362000077],[77.17430349900008,28.640023691000067],[77.17435477500004,28.63964766500004],[77.17467952400006,28.63886142900003],[77.17467952400006,28.638399943000024],[77.17466243300004,28.63735732500004],[77.17440605100006,28.63534045800003],[77.17413257700008,28.634075643000074],[77.17385910400003,28.63359706400007],[77.17389288400005,28.633461946000068],[77.17423991600003,28.633275733000062],[77.17413052700005,28.632149023000068],[77.17418522200006,28.63195212100004],[77.17441493900003,28.631853671000044],[77.17483061900003,28.631864610000036],[77.17511503100008,28.63164583100007],[77.17542132200003,28.631109824000077],[77.17562916200006,28.63000499000003],[77.17574949000004,28.62999405100004],[77.17669023900004,28.63033315800004],[77.17778413300005,28.630825410000057],[77.17807948400008,28.631066067000063],[77.17896553800006,28.631186395000043],[77.17902023300007,28.631273908000026],[77.17898741600004,28.631536442000026],[77.17908586600004,28.63168958700004],[77.17917337800003,28.63168958700004],[77.18047511200007,28.631011373000035],[77.18089079100008,28.630748838000045],[77.18097830300007,28.63072696100005],[77.18110957000005,28.630814472000054],[77.18151431100006,28.63143799200003],[77.18231285400003,28.632499068000072],[77.18281604400005,28.633231977000037],[77.18263008300005,28.63346169600004],[77.18265196000004,28.633592962000023],[77.18349425900004,28.633757046000028],[77.18503665000003,28.63410709200008],[77.18506946700006,28.634150849000036],[77.18481787100006,28.63431493300004],[77.18561641400004,28.635386949000065],[77.18668843000006,28.634905635000052],[77.18924814100006,28.634085214000038],[77.18936847000003,28.63422742100005],[77.18955443200008,28.634260238000024],[77.18978414900005,28.634336810000036],[77.19039672900004,28.63502596400008],[77.19275954100004,28.637684126000067],[77.19385343500005,28.639018677000024],[77.19430193100004,28.640014120000046],[77.19535206900008,28.641370549000044],[77.19653347500008,28.642923877000044],[77.19697103300007,28.644061528000066],[77.19717887200005,28.644805375000033],[77.19721168900008,28.64500227600007],[77.19732107800007,28.64498039800003],[77.19753985700004,28.64500227600007],[77.19773527400008,28.64505655800008],[77.19789165300006,28.645046470000068],[77.19803167200007,28.645004464000067],[77.19848673200005,28.64483644200004],[77.19929183700003,28.64451439900006],[77.20040498400004,28.644003333000057],[77.20177016400004,28.643422256000065],[77.20281330100005,28.642988199000058],[77.20337337500007,28.642715163000048],[77.20405246400003,28.64200106900006],[77.20437450700007,28.641637021000065],[77.20480856400007,28.64131497900007],[77.20537563900007,28.64099993700006],[77.20555066100007,28.64094393000005],[77.20594271300007,28.64071289900005],[77.20653779100007,28.640376855000056],[77.20724488400003,28.63998480400005],[77.20764393700006,28.639746772000024],[77.20796597900005,28.639564749000044],[77.20837903300009,28.639312715000074],[77.21150844600004,28.637485475000062],[77.21164146300003,28.637590488000058],[77.21377674400003,28.63635832600005],[77.21709518100005,28.634398069000042],[77.21771126100003,28.634965143000045],[77.21799830000003,28.635210175000054],[77.21859337800004,28.635525217000065],[77.21840435300004,28.63565823400006],[77.21833434400008,28.635756247000074],[77.21844635800005,28.636022282000056],[77.21862138200004,28.636078289000068],[77.21868439000008,28.636029283000028],[77.21911844700008,28.636008281000045],[77.21916745400006,28.63634432500004],[77.21995855800003,28.636323322000067],[77.21997255900004,28.636442337000062],[77.22137974400005,28.63605728600004],[77.22140774800005,28.636008281000045],[77.22154076500004,28.63586126100006],[77.22221985500005,28.636694371000033],[77.22242288200005,28.63642833600005],[77.22432713200004,28.639004674000034],[77.22439714200004,28.639109688000076],[77.22534226600004,28.638633626000058],[77.22597370000005,28.638222877000032],[77.22831765700005,28.63689039600007],[77.22843667300003,28.636953404000053],[77.22864670100006,28.636953404000053],[77.22985786000004,28.638479606000033],[77.22987186200004,28.638542614000073],[77.22999787800006,28.63859862100003],[77.23029891800007,28.63889966000005],[77.23047394100007,28.63917969700003],[77.23129304900004,28.639872789000037],[77.23134905700005,28.640418861000057],[77.23151707900007,28.64043986400003],[77.23139806300003,28.639886790000048],[77.23125104300004,28.63822757300005],[77.23103401500003,28.636526349000064],[77.23470249700006,28.63633032200005],[77.23624270100004,28.636211307000053],[77.23612368400006,28.634440074000054],[77.23595566200004,28.634244048000028],[77.23594866200006,28.633957011000064],[77.23597666500007,28.633781987000077],[77.23740485300004,28.633725980000065],[77.23844799000005,28.633676973000036],[77.23852500100008,28.63207376300005],[77.24041524900008,28.632339798000032],[77.24090531400003,28.632381803000044],[77.24093331800003,28.63205276000008],[77.24111534200006,28.630190515000038],[77.24126236100005,28.628083237000055],[77.24129736500004,28.627880211000047],[77.24130436700005,28.627040100000045],[77.24124835900005,28.62669705500008],[77.24101032800007,28.626284],[77.24064628000008,28.625807938000037],[77.24056226800008,28.62563991600007],[77.24125536000008,28.62540188400004],[77.24236150500008,28.624799805000066],[77.24332063200006,28.623987698000064],[77.24422375000006,28.62308457900008],[77.24446878300006,28.62284654900003],[77.24460880100008,28.622447496000063],[77.24510586600007,28.62179641000006],[77.24547691600003,28.621453365000036],[77.24565894000006,28.62107531500004],[77.24616300600007,28.620473236000066],[77.24677908700005,28.618681],[77.24760519600005,28.616125664000037],[77.24843130400006,28.613507319000064],[77.24866233400007,28.612772223000036],[77.24890380800008,28.612351191000073],[77.24891582500004,28.61229711200008],[77.24893983800007,28.612283458000036],[77.25104699700006,28.613069461000066],[77.25390011400003,28.61340232400005],[77.25412357300007,28.613428395000028],[77.25465342800004,28.61354804000007],[77.25395265200007,28.614163355000073],[77.25393556000006,28.61441973600006],[77.25378173100006,28.61549653800006],[77.25381591600006,28.615889656000036],[77.25424321800006,28.616248591000044],[77.25420903400004,28.619684101000075],[77.25402102000004,28.619786653000062],[77.25374754600006,28.619786653000062],[77.25347407300006,28.619974666000076],[77.25217910500004,28.62009239100007],[77.25215798200009,28.62009431100006],[77.25239727200005,28.622794862000035],[77.25304677100007,28.624965557000053],[77.25327348000008,28.626038648000076],[77.25330315300005,28.626179096000044],[77.25326598900006,28.626901710000027],[77.25314932400005,28.629170213000066],[77.25347407300006,28.63252026300006],[77.25354244200008,28.63354578800005],[77.25343988900005,28.635101169000052],[77.25347330500006,28.635091515000056],[77.25420903400004,28.634878971000035],[77.25467052000005,28.634742235000033],[77.25521746700008,28.634776419000048],[77.25552512500008,28.634776419000048],[77.25619171600005,28.635237905000054],[77.25791801800005,28.64009206000003],[77.25796929400008,28.640690283000026],[77.25825986000007,28.64115177000008],[77.25825986000007,28.641408151000064],[77.25692667600003,28.64381813600005],[77.25607207200005,28.64504876700005],[77.25537129600008,28.645715359000064],[77.25407229700005,28.64754421300006],[77.25342279700004,28.64949271100005],[77.25410648100006,28.65092844700007],[77.25479016500003,28.65130447200005],[77.25460215100003,28.651389933000075],[77.25434577000004,28.651338657000053],[77.25395265200007,28.651492486000052],[77.25289294200007,28.65243255100006],[77.25255110000006,28.652637656000024],[77.25241436400006,28.652894038000056],[77.25177139200008,28.65310300300007],[77.25173068000004,28.653116235000027],[77.25080770700004,28.65344098500003],[77.25024366800005,28.653868287000023],[77.24988473300004,28.654363957000044],[77.24926941800004,28.655440759000044],[77.24885920900005,28.656363733000035],[77.24879083900004,28.656859403000055],[77.24880793200003,28.65776528400005],[77.24877359900006,28.65805620200007],[77.24863701100008,28.658380599000054],[77.24843593000008,28.658581680000054],[77.24832935300003,28.65868825700005],[77.24709872300008,28.65957704500005],[77.24556043400008,28.660517111000047],[77.24487675100005,28.661115334000044],[77.24452569600004,28.66192914100003],[77.24450072400003,28.661987031000024],[77.24415888300007,28.66231178000004],[77.24364612000005,28.662482702000034],[77.24313335700003,28.662619438000036],[77.24246676500007,28.662841636000053],[77.24188563400008,28.66285872700007],[77.24147542400004,28.662773267000034],[77.24121904200007,28.662670714000058],[77.24092847700007,28.662533978000056],[77.24060372700006,28.662875820000068],[77.23754424300006,28.66480722600005],[77.23778353200004,28.66504651500003],[77.23790317600003,28.665337081000075],[77.23764679500005,28.665559278000046],[77.23662126900007,28.666157502000033],[77.23646878300008,28.66614853200008],[77.23615978300006,28.666482251000048],[77.23591289700005,28.666646843000024],[77.23576666500009,28.66682409300006],[77.23492915300005,28.667764159000058],[77.23448475800006,28.66848202600005],[77.23359597000007,28.670208328000058],[77.23357443800006,28.670232319000036],[77.23356178500006,28.670259604000023],[77.23349341600004,28.670738182000036],[77.23318575900004,28.671045840000033],[77.23310029800007,28.67121676100004],[77.23257044400003,28.672310655000047],[77.23231406300005,28.67321653600004],[77.23230286800003,28.67330609000004],[77.23229697000005,28.673353272000043],[77.23133211900006,28.674046759000078],[77.23120307600004,28.674139509000042],[77.23115180000008,28.674276246000034],[77.23112577800003,28.674697793000064],[77.23106634000004,28.67566070500004],[77.23092960300005,28.675934178000034],[77.23067322200006,28.67702807200004],[77.22990407700007,28.680207202000076],[77.22935713000004,28.683386331000065],[77.22934020500009,28.68341627600006],[77.22927993100006,28.687484743000027],[77.22924769600007,28.690127950000033],[77.22855186700008,28.69230699600007],[77.22798976200005,28.69372704700004],[77.22805939100004,28.693849224000076],[77.22889564400003,28.695316612000056],[77.22896401200006,28.69803425500004],[77.22881018300006,28.698393189000058],[77.22860507800004,28.698393189000058],[77.22850252500007,28.699281978000045],[77.22846834100005,28.700204950000057],[77.22891273600004,28.701521042000024],[77.22910074900005,28.702820041000052],[77.22928876200007,28.70362337000006],[77.22956223500006,28.704101948000073],[77.22952805100005,28.704221592000067],[77.22952805100005,28.704665987000055],[77.22877599900005,28.705520591000038],[77.22776756500008,28.705982078000034],[77.22776756500008,28.706108312000026],[77.22776756500008,28.70628973500004],[77.22783614600007,28.706849807000026],[77.22786275400006,28.707067109000036],[77.22787011800006,28.707127248000063],[77.22790268700004,28.707125077000057],[77.22882865200006,28.70846921800006],[77.22903014800005,28.708863636000046],[77.22916911700008,28.709075747000043],[77.23066843700008,28.71183687100006],[77.23089541900003,28.712254877000078],[77.23098068500008,28.712223462000054],[77.23122016900004,28.712135232000037],[77.23156201000006,28.71275054700004],[77.23231406300005,28.715331453000033],[77.23296356200007,28.71692101800005],[77.23296356200007,28.71712612300007],[77.23330540300003,28.718254201000036],[77.23318575900004,28.718715687000042],[77.23251916700008,28.71907462100006],[77.23233115400006,28.719125898000073],[77.23209186500003,28.719296818000032],[77.23144236600007,28.71958738400008],[77.23122016900004,28.71972412100007],[77.23123042700007,28.71973421900003],[77.23229702700007,28.720784154000057],[77.23231406300005,28.72080092300007],[77.23473158400003,28.721810593000043],[77.23518682000008,28.722000722000075],[77.23521971800005,28.72201446100007],[77.23605723100007,28.72454409100004],[77.23651871700008,28.726321669000072],[77.23651079100006,28.726330475000054],[77.23701614300006,28.728067621000037],[77.23598464700007,28.73025954800005],[77.23614581800007,28.73106540300006],[77.23978828500003,28.73722213800005],[77.24033626700003,28.738253633000056],[77.24032753600005,28.738388084000064],[77.24043280700005,28.738884357000074],[77.24026188600004,28.740764487000035],[77.23844151400004,28.743945136000036],[77.23778976400007,28.74515175500005],[77.23598464700007,28.74769825800007],[77.23517879300005,28.748794222000072],[77.23473818600007,28.749150903000043],[77.23321742300004,28.74935367100005],[77.23101154600005,28.749373367000032],[77.23095831700005,28.74933788100003],[77.22813607100005,28.746909437000056],[77.22809705300006,28.746910041000035],[77.22672494800008,28.74693131500004],[77.22639801500003,28.746916225000064],[77.22601391700005,28.746898497000075],[77.22588584800008,28.74686761600003],[77.22576232200004,28.746898497000075],[77.22557691300005,28.747069644000078],[77.22546761100006,28.747244527000078],[77.22552102400005,28.747538298000052],[77.22560364100008,28.74757134400005],[77.22578808700007,28.74764512300004],[77.22563648800008,28.747712501000024],[77.22544509200003,28.747686101000056],[77.22528100800008,28.747686101000056],[77.22525775000008,28.747732617000054],[77.22505709600006,28.74813041300007],[77.22485438900003,28.748397132000036],[77.22483566800008,28.748425214000065],[77.22470124400007,28.74862685000005],[77.22472783000006,28.748883845000023],[77.22470671400004,28.748957752000024],[77.22469202900004,28.748965095000074],[77.22469312600003,28.74898044200006],[77.22437264900003,28.74954127700005],[77.22421241000006,28.750502707000066],[77.22429252900008,28.75130389900005],[77.22413014900008,28.75189171900007],[77.22412245600003,28.75208211200004],[77.22379804800005,28.754519250000044],[77.22334722500005,28.757919748000063],[77.22083549400008,28.763716051000074],[77.21957318700004,28.76662708300006],[77.21958606800007,28.767928031000054],[77.22279335600007,28.770632973000033],[77.22245845800006,28.772912852000047],[77.22164697500006,28.772977256000047],[77.22088701600006,28.773183346000053],[77.22068092500007,28.773247749000063],[77.21957318700004,28.77452293600004],[77.21752516000004,28.77909557600003],[77.21708721700008,28.779997222000077],[77.21680384300004,28.782096773000035],[77.21672655900005,28.78258623800008],[77.21460000300004,28.782874415000038],[77.21457556300004,28.782875835000027],[77.21226918700006,28.78315911800007],[77.21079131400006,28.784854473000053],[77.21077004100005,28.78487887400007],[77.20921073000005,28.78628776900007],[77.20915596900005,28.786359582000046],[77.20863915000007,28.78703734100003],[77.20757855800008,28.788429214000075],[77.20756,28.78845],[77.20728801500007,28.788580508000052]]]}},{"type":"Feature","properties":{"canonical_city_id":"delhi_ncr","component_id":"delhi_nct","district_name":"Shahdara","source_shape_id":"76128533B81419063387740","source":"geoBoundaries gbOpen IND ADM2","boundary_year":"2021"},"geometry":{"type":"Polygon","coordinates":[[[77.29591692400004,28.704573722000077],[77.29512033600008,28.69786035800007],[77.28376379200006,28.700944496000034],[77.27816172200005,28.701389105000032],[77.27725515700007,28.700121876000026],[77.27605570500003,28.701556249000078],[77.27381682600003,28.701733938000075],[77.27158454200008,28.701911104000033],[77.26940716700005,28.702083911000045],[77.26818400800005,28.699999756000068],[77.26758410400004,28.697298369000066],[77.26530527400007,28.69228494500004],[77.26169085300006,28.688606707000076],[77.25935230500005,28.686515620000023],[77.25413901000007,28.686815754000065],[77.25072076600003,28.682258095000066],[77.25063317900003,28.676762230000065],[77.23932661900005,28.67564949000007],[77.23230286800003,28.67330609000004],[77.23231406300005,28.67321653600004],[77.23257044400003,28.672310655000047],[77.23310029800007,28.67121676100004],[77.23318575900004,28.671045840000033],[77.23349341600004,28.670738182000036],[77.23356178500006,28.670259604000023],[77.23357443800006,28.670232319000036],[77.23359597000007,28.670208328000058],[77.23448475800006,28.66848202600005],[77.23492915300005,28.667764159000058],[77.23576666500009,28.66682409300006],[77.23591289700005,28.666646843000024],[77.23615978300006,28.666482251000048],[77.23646878300008,28.66614853200008],[77.23662126900007,28.666157502000033],[77.23764679500005,28.665559278000046],[77.23790317600003,28.665337081000075],[77.23778353200004,28.66504651500003],[77.23754424300006,28.66480722600005],[77.24060372700006,28.662875820000068],[77.24092847700007,28.662533978000056],[77.24121904200007,28.662670714000058],[77.24147542400004,28.662773267000034],[77.24188563400008,28.66285872700007],[77.24246676500007,28.662841636000053],[77.24313335700003,28.662619438000036],[77.24364612000005,28.662482702000034],[77.24415888300007,28.66231178000004],[77.24450072400003,28.661987031000024],[77.24452569600004,28.66192914100003],[77.24584459000005,28.66245172200007],[77.24672590200004,28.66245172200007],[77.24774074400005,28.662852318000034],[77.24856864300006,28.663519978000068],[77.25082867600008,28.664493048000054],[77.25084189100005,28.664482477000035],[77.25241436400006,28.665114884000047],[77.25242610200007,28.665169311000056],[77.25260237700007,28.665986580000038],[77.25265365200005,28.666448067000033],[77.25280748100005,28.66667026500005],[77.25323478400009,28.666841185000067],[77.25420903400004,28.66718302700008],[77.25436286300004,28.667080474000045],[77.25699504400006,28.66774706600006],[77.25911446400005,28.668208552000067],[77.25909737200004,28.668362381000065],[77.26213976400004,28.66911443400005],[77.26241323800008,28.669165710000073],[77.26272089500003,28.66931953900007],[77.26297727700006,28.66976393300007],[77.26302855400007,28.670208328000058],[77.26338748700005,28.67019123500006],[77.26378060500008,28.670174144000043],[77.26453265700007,28.670327972000052],[77.26545563000008,28.670755275000033],[77.26581456400004,28.670823643000062],[77.26713065500007,28.671080025000037],[77.26883986500007,28.671302222000065],[77.26979702200003,28.671456050000074],[77.26996794300004,28.671438958000067],[77.27776193700004,28.672755050000035],[77.27986426500007,28.673028523000028],[77.28012064700005,28.673045615000035],[77.28013773800006,28.67285760200008],[77.28059922400007,28.672908878000044],[77.28075305300007,28.67307979900005],[77.28283828900004,28.67321653600004],[77.28288956600005,28.673199443000044],[77.28403473500003,28.67350710100004],[77.28711131200004,28.674276246000034],[77.29001051700004,28.675071708000075],[77.29300808400006,28.675780350000025],[77.29358921500005,28.675831626000047],[77.29524714800004,28.67572907400006],[77.29596501700007,28.675694889000056],[77.29603338500004,28.675626521000027],[77.29967400100008,28.67552396900004],[77.29987910500006,28.675421416000063],[77.29998165900008,28.675558153000054],[77.30093644000004,28.675558153000054],[77.30193073100008,28.675532290000035],[77.30332160000006,28.675546061000034],[77.30427524100008,28.675580488000037],[77.30526019800004,28.675640739000073],[77.30533148400008,28.675643613000034],[77.30560441700004,28.675653538000063],[77.30561791100007,28.675659671000062],[77.30653712500003,28.675707870000053],[77.30699501000004,28.675714755000058],[77.30724377700005,28.675723333000064],[77.30729452900005,28.67572508300003],[77.30746666700009,28.675790495000058],[77.30865785600008,28.675835251000024],[77.30930425600008,28.675871046000054],[77.30971477900005,28.675893778000045],[77.31165993100007,28.67596263300004],[77.31365455200006,28.676060729000028],[77.31376000600005,28.676065916000027],[77.31577401300007,28.676117556000065],[77.31616304300007,28.676134770000033],[77.31859017900007,28.676227724000057],[77.31872444600003,28.676179526000055],[77.31874980500004,28.67617709900003],[77.31894330000006,28.676158572000077],[77.31904806500006,28.676148542000078],[77.32010498800008,28.676158869000062],[77.32084862100004,28.676158869000062],[77.32255278000008,28.676151984000057],[77.32295343100003,28.676002547000053],[77.32319304000004,28.676111461000062],[77.32321034500006,28.676148542000078],[77.32329079600004,28.676155894000033],[77.32383,28.676205176000053],[77.32383,28.67627],[77.32383,28.67637],[77.32386,28.67648],[77.32377,28.67716],[77.32423,28.67723],[77.32454599700003,28.67727716400003],[77.3249,28.67733],[77.32505290300008,28.67735206800006],[77.32554142700008,28.677426292000064],[77.32757356300004,28.677713742000037],[77.32901,28.67792],[77.32981,28.67804],[77.33003,28.67822],[77.33062,28.67869],[77.33074,28.67883],[77.33085,28.67895],[77.33097,28.67909],[77.3311,28.67923],[77.33121,28.67935],[77.33131,28.67947],[77.33172,28.67985],[77.33191,28.68011],[77.33205,28.68025],[77.33219,28.68038],[77.33257,28.68076],[77.33265336900007,28.68084336900006],[77.33267,28.68086],[77.33299,28.6813],[77.33317,28.68156],[77.33307,28.68169],[77.33277906700005,28.682075058000066],[77.33272807200007,28.68214622200003],[77.33251,28.68285],[77.33248594800006,28.68292263400008],[77.33229,28.68305],[77.33227371900006,28.68306424600007],[77.33221,28.68312],[77.33220522900007,28.683129542000074],[77.33212,28.6833],[77.33199800600005,28.68411513800004],[77.3319,28.68477],[77.33178738600003,28.685147587000074],[77.33173,28.68534],[77.33171879300005,28.68536218500003],[77.33124,28.68631],[77.33122451300005,28.68635646200005],[77.33118,28.68649],[77.3311,28.68654],[77.33108787200007,28.686556171000063],[77.33107,28.68658],[77.33099,28.68679],[77.33079741500006,28.687376511000025],[77.33077,28.68746],[77.33075944400008,28.68748375100006],[77.33069,28.68764],[77.33063,28.68783],[77.33059833300007,28.68807541900003],[77.33059,28.68814],[77.33057972100005,28.688166554000077],[77.33035,28.68876],[77.33025927200003,28.68901822400005],[77.33022,28.68913],[77.33020858800006,28.689151785000035],[77.33011,28.68934],[77.3299,28.68975],[77.32984021800007,28.68986956400005],[77.32975,28.69005],[77.32973054600006,28.690078534000065],[77.32876616100003,28.691492964000076],[77.32869814600008,28.69159222500008],[77.32845,28.69189],[77.32737,28.69319],[77.32729,28.69327],[77.32671167400008,28.694084632000056],[77.32636,28.69458],[77.32628299600003,28.694772508000028],[77.32622,28.69493],[77.32620937700005,28.694941508000056],[77.3261,28.69506],[77.32600518100008,28.69507185200007],[77.32586,28.69509],[77.32555,28.69549],[77.32532,28.69579],[77.32505,28.69614],[77.32482931000004,28.69646522800008],[77.32467,28.6967],[77.32421,28.69739],[77.32348,28.69848],[77.32346710000007,28.698494333000042],[77.32339,28.69858],[77.32337232400005,28.698595150000074],[77.32332,28.69864],[77.32332,28.69875],[77.32342669100007,28.69879849600005],[77.32353826500008,28.698849212000027],[77.32367452700004,28.69907421100004],[77.32432,28.70015],[77.32432722400006,28.70017167000003],[77.32444,28.70025],[77.32475,28.70046],[77.3251,28.7007],[77.32511,28.70074],[77.32516804600004,28.700985082000045],[77.3252,28.70112],[77.32521849100004,28.701191651000045],[77.32528,28.70143],[77.32545659600004,28.701778777000072],[77.32568,28.70222],[77.32573,28.70269],[77.32574946300008,28.702826239000046],[77.32576,28.7029],[77.32583,28.70299],[77.32584,28.70313],[77.32581722200007,28.704192939000052],[77.32581,28.70453],[77.32556,28.70478],[77.32554429000004,28.704799639000043],[77.3254,28.70498],[77.32538659000005,28.704993108000053],[77.32523935800003,28.70513703100005],[77.32492262500006,28.70544664700003],[77.32451,28.70585],[77.32439378100008,28.70598074700007],[77.32435,28.70603],[77.32440100100007,28.706445298000062],[77.32449,28.70717],[77.32451248900009,28.707327425000074],[77.32453241100006,28.707466878000048],[77.32454,28.70752],[77.32464,28.70764],[77.32484481900008,28.707898250000028],[77.32487,28.70793],[77.32493835900004,28.708015449000072],[77.32539,28.70858],[77.32603,28.70938],[77.32659008000007,28.709767389000035],[77.32715952400008,28.71016125400007],[77.32723,28.71021],[77.32778751100005,28.710597833000065],[77.32871730100004,28.711244644000033],[77.32884,28.71133],[77.32907,28.71146],[77.32992500700004,28.711962022000023],[77.33086678200004,28.712514991000035],[77.33124961900006,28.712742379000076],[77.33120355000005,28.713030315000026],[77.33117,28.71324],[77.33115793300004,28.713300334000053],[77.33115,28.71334],[77.32917219300003,28.713257015000067],[77.32686,28.71316],[77.32625764200003,28.713104738000027],[77.32581940300008,28.71306453300008],[77.32577,28.71306],[77.32532,28.71305],[77.32480617300007,28.713106310000057],[77.32459,28.71313],[77.32415,28.71318],[77.32394,28.71321],[77.32384,28.71303],[77.32367377600008,28.71300831900004],[77.32342082500008,28.71297532500006],[77.32315,28.71294],[77.32245192400006,28.71292210100006],[77.32237,28.71292],[77.32222,28.71291],[77.32218,28.71289],[77.32203206600008,28.712718531000064],[77.32174,28.71238],[77.32158,28.71219],[77.32144017800005,28.71219717100007],[77.32119,28.71221],[77.31905719500008,28.71342379200007],[77.31873,28.71361],[77.31802976900008,28.71400430500006],[77.3177,28.71419],[77.31754,28.71403],[77.31738,28.71388],[77.31707,28.71358],[77.31669,28.71322],[77.31618,28.71273],[77.31616,28.71271],[77.31604743500003,28.712724682000044],[77.31593,28.71274],[77.31583754100006,28.712737849000064],[77.3155,28.71273],[77.31514,28.71274],[77.31451,28.71276],[77.3136,28.71279],[77.31251255700005,28.712827825000033],[77.31245,28.71283],[77.31243215700005,28.71283],[77.31229,28.71283],[77.3118,28.7129],[77.31171272700004,28.71291246800007],[77.31103,28.71301],[77.31026,28.71312],[77.31015,28.71314],[77.30957490400004,28.713054512000042],[77.30941,28.71303],[77.30935414700008,28.713023794000037],[77.30932,28.71302],[77.30920579400004,28.713003150000077],[77.30871,28.71293],[77.30835,28.71288],[77.3079,28.71302],[77.30753,28.71313],[77.30748,28.71315],[77.30729,28.71321],[77.30687,28.71334],[77.30625631800007,28.713534820000064],[77.30624,28.71354],[77.30577,28.71335],[77.30566,28.71331],[77.30486,28.71299],[77.30459,28.71259],[77.30452,28.71253],[77.30426817300008,28.712321970000062],[77.30406,28.71215],[77.30374298800007,28.711715326000046],[77.30369,28.71168],[77.3035,28.71156],[77.30315,28.71134],[77.30312231400006,28.711321861000044],[77.30286,28.71115],[77.30282150500005,28.71113075200003],[77.30256,28.711],[77.3025,28.71097],[77.30245888400003,28.71093802200005],[77.30223,28.71076],[77.30209705700008,28.71068023400005],[77.30173,28.71046],[77.30163734900003,28.710426308000024],[77.30161593900004,28.71041875000003],[77.30097,28.71022],[77.30064,28.71014],[77.30062906100005,28.710137514000053],[77.30035444200007,28.71007510100003],[77.3002,28.71004],[77.29999,28.71],[77.29975090200008,28.709946867000042],[77.29972,28.70994],[77.2995,28.70989],[77.299,28.70979],[77.29902138700004,28.70970445300003],[77.29904,28.70963],[77.29914,28.70917],[77.29916015400005,28.70906251200006],[77.29917,28.70901],[77.29917428300007,28.708997151000062],[77.29920928600006,28.708880718000046],[77.29920104600006,28.708773601000075],[77.29919986200008,28.708758984000042],[77.29917,28.70854],[77.29911080600004,28.70846714700008],[77.29904,28.70838],[77.2989,28.7082],[77.29888,28.70818],[77.29873,28.70802],[77.29859,28.70788],[77.29825,28.70753],[77.29799,28.70726],[77.29796,28.70719],[77.29784721100003,28.70699262000005],[77.2978,28.70691],[77.29777375500004,28.706836035000038],[77.29769,28.7066],[77.29759,28.70639],[77.29729,28.7058],[77.29717107800008,28.70555134600005],[77.29696,28.70511],[77.29683,28.7048],[77.29669,28.70461],[77.29646,28.7043],[77.29601,28.70452],[77.29596218500006,28.704545517000042],[77.29591692400004,28.704573722000077]]]}}]}
